Date,Open,High,Low,Close
2000-01-04,375.2998,395.9746,374.9494,394.9233
2000-01-05,393.5217,409.9914,388.9662,409.9914
2000-01-06,409.9914,411.7435,388.9662,411.7435
2000-01-07,411.7435,411.7435,394.2225,406.4872
2000-01-10,406.4872,406.4872,406.4872,406.4872
2000-01-11,406.4871,408.2392,391.0687,393.1712
2000-01-12,395.9746,434.1703,393.8720,415.2477
2000-01-13,429.2644,447.4862,429.2644,441.5291
2000-01-14,469.5629,473.0671,460.8024,472.7167
2000-01-17,469.5629,470.6142,459.4007,466.4091
2000-01-18,454.8450,457.2980,447.8366,451.3408
2000-01-19,455.5459,457.9989,448.5375,449.5888
2000-01-20,460.8023,466.0586,456.5972,462.5544
2000-01-21,462.5544,465.7082,449.9393,462.5544
2000-01-24,466.0587,476.2209,463.2553,469.9133
2000-01-25,468.5115,471.3149,462.2040,462.5544
2000-01-26,462.5544,466.0586,449.5889,455.5460
2000-01-27,448.5375,452.0417,438.0249,449.9392
2000-01-28,455.5458,455.5458,438.0248,439.7769
2000-01-31,439.7771,457.2981,439.7771,455.5460
2000-02-01,459.0501,459.0501,442.2300,449.5888
2000-02-02,452.0418,453.4435,440.1275,440.1275
2000-02-03,440.1275,442.9308,434.8712,437.3241
2000-02-04,434.8712,436.9737,413.4956,413.4956
2000-02-07,448.5375,453.0929,436.2728,441.5291
2000-02-08,448.5377,458.6998,445.3839,446.7856
2000-02-09,460.8022,460.8022,446.4350,455.1955
2000-02-10,448.1872,458.3494,443.9821,443.9821
2000-02-11,443.9821,443.9821,443.9821,443.9821
2000-02-14,447.1359,449.9393,438.7258,448.5376
2000-02-15,438.0249,444.6829,431.3669,434.5207
2000-02-16,441.5291,443.6316,428.2132,433.4695
2000-02-17,438.0250,455.5460,428.2132,455.5460
2000-02-18,452.7426,455.1956,446.4351,448.5376
2000-02-21,434.5208,441.5292,429.2645,431.3670
2000-02-22,433.8199,438.0249,431.0165,434.5207
2000-02-23,434.5207,436.9737,421.5552,427.1619
2000-02-24,424.7090,426.8115,421.9057,425.4099
2000-02-25,430.3157,436.2728,425.7602,434.1703
2000-02-28,434.1703,434.1703,424.0081,432.7686
2000-02-29,439.7771,439.7771,420.5040,424.0082
2000-03-01,425.7602,427.1619,422.6064,427.1619
2000-03-02,420.8544,427.1620,419.8031,424.0082
2000-03-03,438.0250,445.0334,426.4611,426.4611
2000-03-06,432.7688,436.2730,427.5125,435.2217
2000-03-07,449.2383,451.3408,442.5803,446.4349
2000-03-08,439.4267,440.8284,432.0679,434.8712
2000-03-09,431.0165,434.1703,416.9997,420.5039
2000-03-10,420.5039,433.4695,418.4014,433.4695
2000-03-13,424.7090,429.2645,406.4872,409.9914
2000-03-14,416.9998,422.2561,412.7947,414.8972
2000-03-15,409.9913,411.3930,386.5132,399.1283
2000-03-16,402.2821,413.1451,399.1283,411.3930
2000-03-17,421.2048,423.6577,404.7351,411.7435
2000-03-20,411.7435,411.7435,411.7435,411.7435
2000-03-21,410.6923,411.7436,395.9747,401.9318
2000-03-22,401.9318,407.8889,397.0259,401.9318
2000-03-23,397.7268,404.0344,396.6756,404.0344
2000-03-24,425.0594,432.7687,422.2561,430.6662
2000-03-27,439.0762,441.1787,433.4695,438.0250
2000-03-28,436.2658,445.0614,430.9884,443.3023
2000-03-29,446.4688,456.3200,444.0061,453.1536
2000-03-30,452.8018,455.2646,443.3024,452.0981
2000-03-31,423.9518,439.7841,423.2482,439.7841
2000-04-03,440.1360,451.0427,436.6178,450.3390
2000-04-04,453.8571,470.7448,450.3388,468.2820
2000-04-05,468.6340,474.9669,453.8573,456.3201
2000-04-06,470.3929,474.9667,460.1899,474.9667
2000-04-07,467.9303,473.2077,460.8938,469.6895
2000-04-10,473.5596,473.5596,457.3755,467.5785
2000-04-11,453.5054,457.0237,451.0426,451.7462
2000-04-12,453.5054,469.3376,452.0981,469.3376
2000-04-13,462.3010,472.8559,460.8937,472.8559
2000-04-14,472.8558,474.9668,468.6339,474.2632
2000-04-17,446.1169,471.0967,446.1169,464.7638
2000-04-18,462.6529,464.7639,444.0061,458.4310
2000-04-19,451.3945,466.8749,451.3945,466.1712
2000-04-20,465.8194,466.1713,440.8397,440.8397
2000-04-21,442.9506,449.6353,405.6569,405.6569
2000-04-24,426.7666,457.3756,426.0629,450.3390
2000-04-25,443.3023,448.5797,440.1359,443.3023
2000-04-26,443.3024,443.3024,433.4512,437.6731
2000-04-27,432.7475,437.6731,429.2292,432.7475
2000-04-28,439.7841,448.5798,431.3402,434.5067
2000-05-01,425.3591,436.2658,424.6555,432.7475
2000-05-02,442.9505,448.5797,436.2658,446.8206
2000-05-03,446.8206,446.8206,446.8206,446.8206
2000-05-04,446.8206,446.8206,446.8206,446.8206
2000-05-05,446.8206,446.8206,446.8206,446.8206
2000-05-08,445.7651,452.8016,437.6731,442.9505
2000-05-09,442.9505,442.9505,442.9505,442.9505
2000-05-10,452.0981,457.7274,451.7463,456.3201
2000-05-11,470.3931,471.4486,460.5419,467.5785
2000-05-12,471.4486,484.4663,465.4676,481.6516
2000-05-15,483.4106,483.4106,474.6149,482.7069
2000-05-16,481.6515,483.7625,474.9668,482.0034
2000-05-17,481.2997,481.6515,472.8559,472.8559
2000-05-18,471.4486,472.8560,463.3566,466.1712
2000-05-19,459.4863,482.7069,459.4863,482.7069
2000-05-22,478.4851,492.5582,477.0778,492.5582
2000-05-23,489.3918,495.3728,489.0399,492.5582
2000-05-24,492.2064,492.5582,487.6326,492.5582
2000-05-25,492.5581,492.5581,477.0777,480.9478
2000-05-26,490.7991,492.9101,471.4486,473.2078
2000-05-29,476.7260,484.8180,474.9668,484.8180
2000-05-30,484.8180,484.8180,484.8180,484.8180
2000-05-31,467.2267,471.0968,458.4310,458.4310
2000-06-01,458.7827,468.9857,458.4309,468.6339
2000-06-02,467.5785,467.9303,448.5798,448.9317
2000-06-05,449.2834,453.5053,437.6731,439.7841
2000-06-06,446.8206,462.3010,446.8206,458.7827
2000-06-07,459.1346,459.1346,448.5797,457.0236
2000-06-08,456.6718,456.6718,449.2834,452.4499
2000-06-09,445.4134,457.3756,445.4134,455.6164
2000-06-12,457.3755,463.7084,452.8017,462.6529
2000-06-13,463.7084,467.9303,462.3011,467.5785
2000-06-14,474.6151,474.6151,462.6529,473.2078
2000-06-15,477.7814,479.8924,471.4486,476.0223
2000-06-16,480.2442,480.2442,476.3741,479.5406
2000-06-19,478.4851,478.4851,471.4486,476.7260
2000-06-20,483.7625,483.7625,466.1711,477.0778
2000-06-21,476.7258,476.7258,462.6527,466.8746
2000-06-22,467.2267,469.3377,452.0981,452.0981
2000-06-23,457.0236,471.4485,456.6718,467.9303
2000-06-26,471.4485,472.5039,457.3754,457.3754
2000-06-27,477.7813,477.7813,470.7447,474.9667
2000-06-28,474.6148,474.9667,464.4119,474.9667
2000-06-29,475.6704,485.5215,474.9667,481.2996
2000-06-30,488.3362,490.0954,478.4851,478.4851
2000-07-03,485.5218,487.2809,481.2998,487.2809
2000-07-04,485.5216,486.5771,476.0223,476.0223
2000-07-05,470.0411,471.0966,464.4119,468.2820
2000-07-06,461.9492,465.4674,461.9492,465.1156
2000-07-07,466.5230,473.2077,466.1712,470.0413
2000-07-10,466.1710,468.9856,464.7637,466.5229
2000-07-11,466.1711,467.2266,457.3754,460.1901
2000-07-12,467.2266,467.9302,461.5973,465.8193
2000-07-13,465.8193,465.8193,449.6352,457.0236
2000-07-14,454.5609,464.0603,454.5609,464.0603
2000-07-17,461.9492,469.6894,454.9127,454.9127
2000-07-18,464.4119,466.5229,453.5053,457.3754
2000-07-19,464.4119,466.5229,453.5053,457.3754
2000-07-20,457.3754,457.3754,457.3754,457.3754
2000-07-21,462.6529,467.9303,461.2456,461.5974
2000-07-24,461.5975,463.7084,455.2646,458.0792
2000-07-25,457.3754,461.2455,455.6162,460.8936
2000-07-26,454.9126,454.9126,447.1724,448.5797
2000-07-27,448.5797,450.6907,445.0614,448.5797
2000-07-28,441.8950,446.8206,429.2292,446.8206
2000-07-31,445.7652,449.9871,438.0250,438.0250
2000-08-01,441.5434,445.7654,435.5624,441.5434
2000-08-02,436.6176,438.0250,430.9884,437.6731
2000-08-03,430.6364,431.3401,413.3969,421.1371
2000-08-04,414.8043,421.1372,408.4714,411.9897
2000-08-07,418.6744,443.3023,415.1561,442.9505
2000-08-08,435.9139,436.2658,419.0262,429.9329
2000-08-09,422.8963,424.3036,417.6189,424.3036
2000-08-10,419.7299,423.9518,417.9708,421.8409
2000-08-11,415.1562,421.8410,409.8788,420.4337
2000-08-14,422.1929,422.1929,409.8790,414.4527
2000-08-15,414.4525,415.1562,404.2495,415.1562
2000-08-16,408.4715,413.3971,404.9532,413.3971
2000-08-17,407.0641,408.1196,406.0086,407.7677
2000-08-18,407.0642,417.6190,406.3605,417.6190
2000-08-21,415.8598,421.8409,408.8232,421.8409
2000-08-22,420.4335,427.1182,411.9896,427.1182
2000-08-23,422.1927,422.1927,413.3970,419.3781
2000-08-24,414.4525,428.8774,410.2306,428.8774
2000-08-25,427.1182,428.1737,414.4524,418.3225
2000-08-28,415.1562,415.1562,408.4715,412.6935
2000-08-29,409.1750,409.8787,407.0640,409.5268
2000-08-30,409.5268,411.2860,407.7677,409.5268
2000-08-31,408.1195,410.5823,406.3604,406.7122
2000-09-01,407.0641,412.3415,401.7867,412.3415
2000-09-04,415.1561,418.6744,406.0086,411.2860
2000-09-05,408.8233,414.8044,408.1197,414.1007
2000-09-06,413.7488,422.1927,411.6379,422.1927
2000-09-07,415.1561,416.9153,409.8787,412.3415
2000-09-08,419.3780,422.1926,413.3970,416.2116
2000-09-11,420.4335,420.4335,407.7677,407.7677
2000-09-12,408.4714,412.3415,407.0641,407.0641
2000-09-13,404.6014,410.9342,401.0831,409.1751
2000-09-14,408.8232,408.8232,400.3794,404.2495
2000-09-15,404.2495,404.2495,404.2495,404.2495
2000-09-18,403.8976,405.3049,401.0830,404.2495
2000-09-19,407.7677,411.6378,402.1385,411.6378
2000-09-20,404.6013,412.3415,402.1385,412.3415
2000-09-21,404.6013,406.0086,395.8056,396.1575
2000-09-22,394.0466,395.8057,389.1210,389.1210
2000-09-25,403.1941,414.8044,403.1941,412.6935
2000-09-26,405.6267,408.1001,403.5067,404.5667
2000-09-27,403.5066,411.9866,401.0333,408.1000
2000-09-28,405.9800,422.5867,404.9200,417.9933
2000-09-29,429.3000,429.3000,419.0534,427.5334
2000-10-02,420.4668,426.8268,415.1668,426.8268
2000-10-03,424.3535,425.7668,420.4668,425.4135
2000-10-04,420.4667,430.7134,420.4667,424.7067
2000-10-05,417.6401,424.7068,416.5801,419.7601
2000-10-06,419.4067,431.7734,415.1667,428.9467
2000-10-09,428.9467,428.9467,428.9467,428.9467
2000-10-10,431.0665,434.5999,430.3599,431.0665
2000-10-11,433.1868,436.0134,428.2401,434.6001
2000-10-12,430.3602,438.1335,429.6535,430.7135
2000-10-13,429.2999,431.0665,429.2999,431.0665
2000-10-16,431.0665,431.0665,431.0665,431.0665
2000-10-17,428.9469,430.3603,422.2336,422.5869
2000-10-18,420.4667,424.0000,414.1067,417.9933
2000-10-19,416.9334,420.1134,409.1601,415.1667
2000-10-20,422.2334,422.2334,409.1600,413.0467
2000-10-23,406.3332,409.1599,401.7399,403.8599
2000-10-24,409.1599,410.9265,403.8599,403.8599
2000-10-25,409.1601,419.7601,404.5668,409.8668
2000-10-26,404.2134,418.7000,403.8600,418.7000
2000-10-27,418.7000,418.7000,418.7000,418.7000
2000-10-30,416.9333,425.7666,415.1666,425.0599
2000-10-31,425.7665,431.0665,420.4665,431.0665
2000-11-01,435.3068,438.8401,431.0668,436.7201
2000-11-02,431.0667,441.3133,425.7667,438.1333
2000-11-03,438.1333,438.1333,438.1333,438.1333
2000-11-06,427.8867,438.1333,424.0000,438.1333
2000-11-07,436.0135,436.0135,427.1802,432.4802
2000-11-08,425.4132,438.1332,425.4132,431.0665
2000-11-09,427.8869,431.0669,424.0002,430.7135
2000-11-10,423.6467,426.8267,421.5267,423.2933
2000-11-13,420.4668,425.4135,417.9935,424.0001
2000-11-14,423.9999,428.9466,421.5266,425.0599
2000-11-15,429.3002,439.9002,429.3002,435.3068
2000-11-16,434.6001,435.3068,424.7068,432.1268
2000-11-17,430.0068,432.8334,428.5934,429.3001
2000-11-20,433.8934,438.8401,433.5401,434.9534
2000-11-21,439.1933,452.2667,439.1933,452.2667
2000-11-22,450.1467,455.8000,447.6733,452.2667
2000-11-23,452.2667,452.2667,452.2667,452.2667
2000-11-24,459.3333,462.1600,454.0333,459.3333
2000-11-27,445.2001,456.8601,443.4334,453.3268
2000-11-28,452.2668,458.9801,448.0268,457.5668
2000-11-29,457.9201,470.2868,457.9201,464.6334
2000-11-30,464.6334,473.4668,462.1601,473.4668
2000-12-01,477.0000,494.6667,473.4667,491.1334
2000-12-04,490.4266,490.7800,481.9466,486.8933
2000-12-05,491.1335,494.6668,487.9535,487.9535
2000-12-06,486.8934,487.2467,474.1734,475.9401
2000-12-07,475.9402,479.4735,471.7002,472.4068
2000-12-08,479.4734,483.3601,475.9401,476.2934
2000-12-11,469.2269,482.3002,469.2269,477.3536
2000-12-12,472.4067,472.7601,465.6934,466.4001
2000-12-13,464.6334,474.8800,464.6334,470.6400
2000-12-14,466.4001,467.8134,464.6334,464.6334
2000-12-15,464.9867,465.3400,458.2733,459.6867
2000-12-18,473.8201,490.7801,469.9334,480.8867
2000-12-19,492.5466,492.9000,486.1866,486.1866
2000-12-20,476.6468,480.5335,472.7601,474.5268
2000-12-21,477.0001,483.3601,476.2934,480.5334
2000-12-22,487.6001,492.9001,484.7735,487.9535
2000-12-25,491.1333,496.0800,487.6000,489.7200
2000-12-26,488.3065,499.9665,488.3065,492.8999
2000-12-27,498.2001,503.5001,497.4934,503.5001
2000-12-28,508.8003,525.7603,505.2670,525.0536
2000-12-29,526.4668,527.8801,516.2201,524.7001
2001-01-01,524.7001,524.7001,524.7001,524.7001
2001-01-02,524.7001,524.7001,524.7001,524.7001
2001-01-03,524.7001,524.7001,524.7001,524.7001
2001-01-04,517.6335,517.6335,500.6734,506.3268
2001-01-05,505.2667,507.7400,489.3667,492.5467
2001-01-08,492.5467,492.5467,492.5467,492.5467
2001-01-09,457.2135,457.2135,457.2135,457.2135
2001-01-10,443.0802,459.3335,439.9002,448.7335
2001-01-11,469.9334,470.9934,456.1534,460.3934
2001-01-12,464.6334,466.4001,457.5668,462.8668
2001-01-15,464.6334,464.6334,454.7400,461.1000
2001-01-16,464.6333,464.6333,450.8533,456.5066
2001-01-17,452.6201,454.7401,450.5001,454.7401
2001-01-18,450.5002,452.2669,442.7269,443.4335
2001-01-19,431.4201,436.3668,425.7668,426.8268
2001-01-22,433.1868,445.5534,429.3001,434.2468
2001-01-23,429.3000,445.9067,428.2400,444.1400
2001-01-24,443.0801,443.0801,438.8401,440.2534
2001-01-25,442.7267,442.7267,431.0667,435.6600
2001-01-26,429.6534,433.5401,426.1201,429.3001
2001-01-29,436.3667,436.3667,428.5934,436.0134
2001-01-30,439.9001,439.9001,427.8868,433.5401
2001-01-31,427.8867,432.8334,424.3534,432.8334
2001-02-01,436.3668,454.0335,436.3668,447.6735
2001-02-02,454.7400,458.6266,448.3800,456.5066
2001-02-05,457.5668,457.5668,443.7868,444.4934
2001-02-06,455.8002,457.2135,448.3802,448.7335
2001-02-07,457.9201,458.2734,452.9734,457.5668
2001-02-08,450.5001,453.6801,440.6067,452.9734
2001-02-09,452.2668,462.8668,451.5601,462.8668
2001-02-12,462.8668,462.8668,462.8668,462.8668
2001-02-13,448.7332,452.2665,443.7865,448.0265
2001-02-14,451.9134,458.9801,441.6667,448.3801
2001-02-15,448.7333,452.2667,445.2000,452.2667
2001-02-16,450.4999,452.6199,445.5533,445.9066
2001-02-19,446.2601,455.8001,446.2601,449.7935
2001-02-20,455.4467,464.6334,454.0334,464.2801
2001-02-21,471.3468,474.1735,466.4002,470.2868
2001-02-22,470.6401,484.0668,461.1001,480.5334
2001-02-23,476.2934,477.0001,462.8668,468.5201
2001-02-26,461.4535,472.4069,461.4535,472.0535
2001-02-27,473.1134,480.5334,469.9334,480.5334
2001-02-28,479.8267,487.6000,477.0000,481.2400
2001-03-01,467.8135,477.7068,462.8668,470.2868
2001-03-02,464.9869,468.1669,449.0869,450.5002
2001-03-05,464.6334,480.5334,464.6334,477.0000
2001-03-06,477.0000,477.0000,466.7534,477.0000
2001-03-07,491.1334,491.1334,473.8201,480.5334
2001-03-08,473.4669,478.7669,473.4669,475.5869
2001-03-09,481.9468,487.6001,468.5201,481.5935
2001-03-12,473.1134,481.5934,462.8668,462.8668
2001-03-13,466.4000,468.1667,455.8000,459.6867
2001-03-14,459.6867,459.6867,459.6867,459.6867
2001-03-15,435.3068,480.1801,434.9534,480.1801
2001-03-16,466.0468,469.9335,446.6135,449.0868
2001-03-19,445.9068,456.5068,425.7668,434.6001
2001-03-20,434.6001,434.6001,434.6001,434.6001
2001-03-21,441.6669,478.4136,434.6002,478.4136
2001-03-22,489.0134,491.1334,481.2400,489.0134
2001-03-23,460.7467,467.8134,455.4467,463.2201
2001-03-26,466.4000,485.8334,459.3334,485.8334
2001-03-27,483.3511,492.5713,466.6838,467.7477
2001-03-28,487.9609,487.9609,475.1945,486.5424
2001-03-29,479.4502,486.5427,473.0670,473.0670
2001-03-30,479.4503,485.8335,463.4922,463.4922
2001-04-02,463.8467,471.2937,451.7895,452.1441
2001-04-03,454.9812,476.9678,454.9812,471.6484
2001-04-04,471.6483,472.3576,459.2365,466.6836
2001-04-05,466.6838,467.3931,461.3645,461.3645
2001-04-06,455.6904,459.2367,447.1795,447.8887
2001-04-09,447.8887,448.2433,441.8601,442.2147
2001-04-10,443.2787,443.2787,436.1863,436.5409
2001-04-11,435.4770,438.6686,422.7106,429.0938
2001-04-12,439.3778,439.7324,430.8668,435.4769
2001-04-13,441.5057,443.9880,435.4771,438.6687
2001-04-16,436.5409,441.5056,434.4131,436.8955
2001-04-17,436.1861,436.8953,427.6752,430.8668
2001-04-18,429.4483,431.2214,427.6752,430.1576
2001-04-19,435.4770,435.8317,426.2568,427.3207
2001-04-20,426.2567,430.5122,424.8382,430.1576
2001-04-23,435.1223,444.6972,431.5761,442.9240
2001-04-24,442.5697,450.3714,436.5411,445.7613
2001-04-25,448.5981,449.3073,445.0519,446.1157
2001-04-26,448.5981,449.3073,445.0519,446.1157
2001-04-27,446.4702,446.8248,439.7323,446.8248
2001-04-30,446.8248,446.8248,446.8248,446.8248
2001-05-01,452.1442,453.2080,447.5341,453.2080
2001-05-02,451.0805,451.0805,439.7326,449.3074
2001-05-03,449.3074,449.3074,449.3074,449.3074
2001-05-04,449.3074,449.3074,449.3074,449.3074
2001-05-07,448.5980,452.4988,443.2786,450.0164
2001-05-08,450.0164,452.4987,446.4701,447.5340
2001-05-09,451.7898,451.7898,441.5057,449.3074
2001-05-10,443.9878,449.3072,443.6332,445.0517
2001-05-11,447.8887,448.2433,440.4416,443.2786
2001-05-14,443.6333,443.6333,436.1862,439.0232
2001-05-15,438.6686,441.5055,434.4131,440.7963
2001-05-16,436.5409,437.9594,430.8669,431.2215
2001-05-17,432.9945,433.7037,427.6752,430.8668
2001-05-18,431.2215,436.8955,429.8030,429.8030
2001-05-21,440.4419,444.3427,436.8956,439.3780
2001-05-22,445.0517,446.4702,440.7963,443.2786
2001-05-23,443.2786,450.3711,443.2786,450.0164
2001-05-24,449.6620,452.1444,447.8889,448.2435
2001-05-25,446.8248,447.8887,443.2786,443.6332
2001-05-28,445.7609,449.6617,443.6331,447.5340
2001-05-29,446.8251,448.5982,443.9881,445.7613
2001-05-30,447.5342,452.1443,445.7611,448.5981
2001-05-31,461.0096,466.3289,453.9171,461.0096
2001-06-01,464.2014,469.8754,461.3644,463.8468
2001-06-04,467.3930,473.4216,463.1376,473.0670
2001-06-05,471.6486,472.7125,463.1376,469.5208
2001-06-06,462.7827,464.9104,459.9457,461.0096
2001-06-07,461.0097,465.9744,460.3005,465.6198
2001-06-08,472.7124,472.7124,463.8468,464.9107
2001-06-11,470.5846,473.7762,466.6837,468.1022
2001-06-12,467.7475,468.1022,453.9172,454.6265
2001-06-13,454.6266,460.6552,443.2786,456.3997
2001-06-14,456.3996,458.5274,451.0803,457.4635
2001-06-15,455.6906,464.2016,452.8536,464.2016
2001-06-18,463.8467,464.2013,459.2366,461.7189
2001-06-19,463.1377,466.3293,453.5629,457.8183
2001-06-20,457.4635,464.2014,450.3711,460.6552
2001-06-21,464.2013,469.8753,458.1728,469.8753
2001-06-22,471.2940,475.9041,468.1024,474.4856
2001-06-25,473.4216,474.1308,466.3291,468.1022
2001-06-26,464.5562,474.1311,464.5562,474.1311
2001-06-27,467.0385,478.3864,467.0385,473.7763
2001-06-28,477.3223,477.3223,461.7189,465.9743
2001-06-29,472.3579,474.4856,461.3645,474.4856
2001-07-02,474.4855,478.7410,472.3578,478.0318
2001-07-03,478.7408,487.9609,478.3861,486.1878
2001-07-04,486.1881,486.1881,473.4217,475.5494
2001-07-05,477.6771,482.2872,473.4216,480.5140
2001-07-06,471.6483,478.3862,468.1021,475.1945
2001-07-09,461.3645,476.9679,461.3645,475.5494
2001-07-10,476.9678,484.7695,476.9678,478.7409
2001-07-11,471.6486,471.6486,463.1376,469.5208
2001-07-12,474.1308,474.1308,468.8115,472.0031
2001-07-13,469.5207,476.2585,464.5559,475.9039
2001-07-16,479.0954,482.9963,474.8399,477.3223
2001-07-17,475.1947,484.7696,473.4216,484.7696
2001-07-18,483.7057,483.7057,475.5493,478.7409
2001-07-19,478.7409,487.6065,478.7409,485.8334
2001-07-20,485.8334,485.8334,485.8334,485.8334
2001-07-23,485.8335,497.1814,481.9326,495.0537
2001-07-24,492.9259,496.1175,489.7343,494.6990
2001-07-25,490.0887,496.4719,489.7341,493.2803
2001-07-26,495.4082,509.9478,490.4435,507.1108
2001-07-27,505.6923,518.4587,504.9830,515.6217
2001-07-30,508.5293,512.4301,496.8267,500.3729
2001-07-31,500.3729,512.4301,500.0183,510.6570
2001-08-01,510.3024,512.0755,506.7562,511.0117
2001-08-02,510.3023,511.3662,498.2452,500.0183
2001-08-03,482.2873,484.0604,468.1024,477.6772
2001-08-06,477.6773,484.4151,475.5495,482.2874
2001-08-07,485.8334,497.8906,483.7057,497.8906
2001-08-08,497.5361,498.2453,491.5075,496.8268
2001-08-09,489.7341,491.8618,484.0601,486.1878
2001-08-10,472.0031,476.9678,472.0031,474.8401
2001-08-13,481.9325,485.8334,475.9040,478.7409
2001-08-14,479.4502,488.6704,479.4502,483.3511
2001-08-15,478.3863,484.0602,473.0669,481.2233
2001-08-16,481.2231,481.2231,473.4214,477.3223
2001-08-17,478.7410,487.2519,478.3864,482.9965
2001-08-20,479.8048,482.2872,474.8401,478.7409
2001-08-21,485.8334,488.3158,479.8048,483.3511
2001-08-22,482.2873,496.1176,482.2873,491.5075
2001-08-23,496.4721,496.4721,487.9612,489.0250
2001-08-24,491.1528,493.6352,486.5427,487.2520
2001-08-27,491.1527,492.9258,468.1022,472.3577
2001-08-28,468.1024,476.2587,468.1024,474.4856
2001-08-29,467.3930,474.4854,462.7829,467.0384
2001-08-30,452.8534,460.6552,448.9526,460.6552
2001-08-31,446.8249,460.3006,445.0518,456.0451
2001-09-03,453.9173,461.0097,451.7895,453.2080
2001-09-04,453.9174,458.8821,448.5981,458.8821
2001-09-05,448.5982,455.3360,445.4066,455.3360
2001-09-06,455.3357,463.8466,451.0802,456.7542
2001-09-07,460.3004,460.3004,444.3423,444.3423
2001-09-10,446.8249,452.8535,441.8601,446.4702
2001-09-11,464.5560,471.6484,458.1728,458.1728
2001-09-12,426.2567,440.7963,425.5475,435.4769
2001-09-13,444.3424,450.3710,433.3491,442.2147
2001-09-14,437.9593,450.3711,434.4131,450.3711
2001-09-17,432.6400,450.7258,432.2854,448.5981
2001-09-18,446.8250,462.7831,446.8250,457.8183
2001-09-19,455.6905,479.4502,454.9812,478.3863
2001-09-20,453.5627,464.2014,448.2434,459.5913
2001-09-21,445.4063,477.6770,445.4063,461.7189
2001-09-24,461.7189,461.7189,461.7189,461.7189
2001-09-25,459.5832,461.0071,442.4956,451.7514
2001-09-26,458.8710,473.4666,455.6671,461.0070
2001-09-27,461.0070,480.2304,455.6671,480.2304
2001-09-28,480.2304,480.2304,480.2304,480.2304
2001-10-01,494.8262,498.3861,488.4184,497.3181
2001-10-02,483.0785,488.7744,472.7548,482.3665
2001-10-03,480.9425,488.7743,477.0266,484.1464
2001-10-04,484.1464,488.4183,468.8388,478.4505
2001-10-05,476.6707,477.0267,459.2272,462.4311
2001-10-08,462.4311,462.4311,462.4311,462.4311
2001-10-09,455.3113,477.7387,452.4634,462.4311
2001-10-10,469.5507,473.4666,463.1429,469.1947
2001-10-11,476.3146,476.3146,464.5669,471.6867
2001-10-12,478.8065,478.8065,459.2271,468.4828
2001-10-15,461.3631,473.4667,461.3631,465.6349
2001-10-16,462.7870,474.1787,462.7870,472.3987
2001-10-17,479.5184,479.5184,464.9229,469.1947
2001-10-18,462.0751,462.0751,451.0394,462.0751
2001-10-19,469.1950,475.6028,468.1270,470.9749
2001-10-22,475.6028,475.6028,468.1270,470.9749
2001-10-23,477.0266,478.8065,467.7708,478.4505
2001-10-24,478.0947,486.2825,476.3148,476.3148
2001-10-25,473.8229,484.1466,470.6189,476.3148
2001-10-26,472.7546,476.3145,464.2109,469.1947
2001-10-29,471.6868,474.5347,457.4472,457.4472
2001-10-30,457.4471,472.7547,457.4471,472.3987
2001-10-31,470.2627,477.3825,470.2627,471.6867
2001-11-01,476.3147,476.3147,466.3469,469.9068
2001-11-02,470.2628,473.4667,461.3631,465.6349
2001-11-05,462.0752,463.1431,456.3793,461.3632
2001-11-06,459.5830,462.0749,457.8030,461.0070
2001-11-07,457.8032,459.2271,449.9714,452.4633
2001-11-08,453.8873,460.2951,453.1753,459.9391
2001-11-09,459.9391,459.9391,459.9391,459.9391
2001-11-12,450.3276,455.6675,449.2596,451.0396
2001-11-13,451.0395,452.1074,444.2756,452.1074
2001-11-14,452.1075,454.5994,441.4278,442.4957
2001-11-15,447.8355,454.9553,446.7675,451.7514
2001-11-16,446.0555,453.8873,444.2755,446.7675
2001-11-19,444.9875,444.9875,438.9357,440.7156
2001-11-20,447.1234,449.6154,441.4276,447.1234
2001-11-21,448.1915,457.4472,445.3435,445.6995
2001-11-22,445.6996,451.3954,442.4957,450.6834
2001-11-23,450.6834,450.6834,450.6834,450.6834
2001-11-26,451.0394,457.0913,450.3275,457.0913
2001-11-27,452.4635,456.7354,448.9036,451.0396
2001-11-28,447.4793,451.0392,437.1556,442.1394
2001-11-29,439.6475,443.9194,436.0876,443.9194
2001-11-30,446.4114,446.4114,439.6476,446.4114
2001-12-03,450.6834,450.6834,432.1719,432.5279
2001-12-04,432.5280,437.1558,431.8160,435.0199
2001-12-05,441.0717,443.2076,436.4438,440.0037
2001-12-06,447.1235,447.1235,431.8160,433.2399
2001-12-07,431.4598,432.8838,430.0359,432.1718
2001-12-10,431.1039,431.8159,419.0002,420.4242
2001-12-11,425.7640,428.6119,421.8481,426.1200
2001-12-12,426.4760,435.7317,423.2721,434.3077
2001-12-13,427.1880,430.7479,421.4922,424.6961
2001-12-14,431.8158,441.4275,426.4760,434.3077
2001-12-17,432.5278,436.0877,423.2721,436.0877
2001-12-18,437.8679,444.2757,437.1559,442.4957
2001-12-19,440.7157,448.5474,439.2917,445.6995
2001-12-20,445.6994,446.0554,436.4437,444.9874
2001-12-21,445.6996,448.5475,442.4957,447.8355
2001-12-24,447.8355,447.8355,447.8355,447.8355
2001-12-25,445.3436,446.0556,438.5798,442.4957
2001-12-26,442.4956,447.4795,438.2237,440.0037
2001-12-27,441.0715,451.3952,440.3595,451.3952
2001-12-28,454.2432,456.0232,446.7675,455.6672
2001-12-31,455.6672,455.6672,455.6672,455.6672
2002-01-01,455.6672,455.6672,455.6672,455.6672
2002-01-02,455.6672,455.6672,455.6672,455.6672
2002-01-03,455.6672,455.6672,455.6672,455.6672
2002-01-04,455.6674,455.6674,447.4796,448.1916
2002-01-07,454.5993,454.5993,447.8355,449.9715
2002-01-08,448.5474,450.3273,440.3596,446.4114
2002-01-09,435.0199,436.0878,422.9162,425.4081
2002-01-10,423.6282,423.6282,412.9485,417.5763
2002-01-11,422.2042,425.4081,418.2883,422.9162
2002-01-14,422.9162,422.9162,422.9162,422.9162
2002-01-15,420.0683,430.7480,418.6443,425.4081
2002-01-16,429.6799,431.4598,425.0520,427.1879
2002-01-17,428.2560,428.6120,422.2042,424.3401
2002-01-18,423.6280,429.3239,421.8481,427.1879
2002-01-21,427.1880,435.0197,425.4080,431.8158
2002-01-22,431.8159,433.5959,425.7641,425.7641
2002-01-23,425.7640,430.7479,420.0682,420.0682
2002-01-24,423.6281,424.3401,416.5083,416.5083
2002-01-25,416.8643,420.0682,412.9484,420.0682
2002-01-28,423.6282,423.6282,417.5764,421.1363
2002-01-29,418.2882,421.8481,418.2882,418.6442
2002-01-30,418.2883,421.8482,416.5083,420.0682
2002-01-31,420.0682,420.0682,420.0682,420.0682
2002-02-01,421.4921,421.8481,414.7283,414.7283
2002-02-04,415.7963,419.3562,402.9806,407.2525
2002-02-05,403.3366,410.1005,395.1489,398.3528
2002-02-06,399.0649,402.6248,395.5050,397.2849
2002-02-07,397.9968,402.9807,397.2849,400.4888
2002-02-08,400.8447,410.1004,399.4207,407.2525
2002-02-11,407.2525,407.2525,407.2525,407.2525
2002-02-12,417.9323,417.9323,406.1847,406.5406
2002-02-13,407.6086,413.3044,406.5406,411.8805
2002-02-14,411.8805,421.1363,404.0488,404.0488
2002-02-15,402.2687,407.9645,398.7088,404.7606
2002-02-18,405.4726,407.9645,403.3366,404.4046
2002-02-19,407.2525,407.2525,398.7088,398.7088
2002-02-20,401.9127,403.6927,395.1489,400.8448
2002-02-21,400.1328,404.0487,398.7088,402.2687
2002-02-22,405.1165,407.6085,399.0647,401.5566
2002-02-25,402.9808,406.5407,395.8610,396.2170
2002-02-26,397.6408,398.7087,388.3850,391.5889
2002-02-27,394.4369,402.6247,394.0809,399.0648
2002-02-28,406.8965,409.0325,398.7088,398.7088
2002-03-01,405.8286,419.7122,405.8286,417.9323
2002-03-04,424.3402,430.7480,421.4922,427.5441
2002-03-05,436.0878,436.0878,418.2883,421.4922
2002-03-06,423.6282,441.0717,423.6282,431.1040
2002-03-07,432.1719,437.1558,430.3919,433.5959
2002-03-08,427.5441,434.3079,427.1881,431.1040
2002-03-11,438.2236,439.2916,431.4598,436.7996
2002-03-12,434.3077,440.7155,432.8838,435.7317
2002-03-13,434.3079,437.1558,427.5441,427.5441
2002-03-14,423.6282,427.1881,421.4923,425.4081
2002-03-15,427.1880,432.1719,414.7284,423.2721
2002-03-18,423.6281,426.1201,420.0682,424.6961
2002-03-19,426.4760,432.1719,425.0521,430.7479
2002-03-20,430.7480,430.7480,418.6443,421.1363
2002-03-21,421.1363,421.1363,421.1363,421.1363
2002-03-22,425.7640,430.3918,421.8481,426.4760
2002-03-25,427.1880,434.3078,426.1200,432.5279
2002-03-26,437.5324,442.5369,427.5235,432.1705
2002-03-27,437.5323,439.6771,431.0980,434.6726
2002-03-28,432.8853,433.2428,427.1660,428.9533
2002-03-29,433.2429,435.3876,420.3743,422.5190
2002-04-01,428.9533,431.0980,422.5190,428.9533
2002-04-02,429.6681,435.0300,426.4510,431.4554
2002-04-03,431.4555,436.1024,428.2383,436.1024
2002-04-04,436.1025,437.8899,430.3832,433.2429
2002-04-05,435.3876,440.0346,431.8130,438.9622
2002-04-08,439.6770,439.6770,436.4598,437.5322
2002-04-09,446.1113,447.1836,436.4598,437.5322
2002-04-10,430.3831,434.6727,427.1660,434.3152
2002-04-11,441.4644,442.1793,432.5279,432.8853
2002-04-12,429.6682,437.1749,429.6682,433.2429
2002-04-15,439.6771,441.4644,436.1025,441.4644
2002-04-16,438.9622,453.9756,438.9622,451.4733
2002-04-17,451.4734,454.6905,443.9667,451.8308
2002-04-18,457.1926,462.1970,454.6904,461.1247
2002-04-19,453.9754,457.1926,451.1158,456.1202
2002-04-22,455.7627,459.6948,450.7583,458.9799
2002-04-23,459.3375,463.6271,454.3331,456.8353
2002-04-24,458.9799,461.1247,453.6180,455.7628
2002-04-25,462.9121,463.2696,458.2651,461.8397
2002-04-26,460.7673,461.1248,446.8263,453.2606
2002-04-29,453.2606,453.2606,453.2606,453.2606
2002-04-30,453.2605,461.1246,448.9709,457.1925
2002-05-01,461.1249,466.4868,458.2652,463.2696
2002-05-02,467.2017,469.7039,461.4823,467.5591
2002-05-03,467.5591,467.5591,467.5591,467.5591
2002-05-06,467.5591,467.5591,467.5591,467.5591
2002-05-07,466.4865,466.4865,461.4821,463.9843
2002-05-08,464.6992,474.3507,464.3418,472.2059
2002-05-09,476.4956,479.7127,471.8486,471.8486
2002-05-10,471.8486,478.9978,468.6314,476.4956
2002-05-13,472.2059,475.4231,468.6313,472.2059
2002-05-14,473.6359,475.0657,468.6314,473.9933
2002-05-15,478.6403,478.6403,472.9209,475.0656
2002-05-16,473.6359,473.9934,467.9165,473.6359
2002-05-17,468.6314,472.9210,462.9121,467.2016
2002-05-20,474.3508,477.2105,470.0613,473.6359
2002-05-21,472.9210,475.4232,467.2016,470.0613
2002-05-22,470.7762,476.4956,470.4188,476.1382
2002-05-23,476.4956,479.7127,473.9934,478.2829
2002-05-24,482.2149,487.2194,478.2829,482.9299
2002-05-27,482.9299,490.4366,482.5725,488.6493
2002-05-28,485.7894,493.2961,480.7850,493.2961
2002-05-29,492.9387,493.2961,489.7215,489.7215
2002-05-30,482.5722,485.0744,474.7080,483.2871
2002-05-31,490.4366,498.6582,488.2918,498.6582
2002-06-03,496.8708,496.8708,484.3596,488.2917
2002-06-04,481.1427,495.4412,481.1427,489.3643
2002-06-05,488.2917,493.2961,481.8574,493.2961
2002-06-06,487.2194,488.6493,482.9299,484.3597
2002-06-07,470.0612,476.4955,466.4866,475.0656
2002-06-10,469.7038,470.7762,466.1292,466.1292
2002-06-11,467.2017,479.7128,466.8442,475.7808
2002-06-12,478.6404,480.0702,472.5635,472.9210
2002-06-13,470.0613,471.8486,464.6993,464.6993
2002-06-14,465.0570,465.0570,453.9757,453.9757
2002-06-17,453.9755,457.5501,447.8987,450.4009
2002-06-18,457.5503,457.5503,448.2563,453.9757
2002-06-19,456.8352,466.1292,445.0390,445.0390
2002-06-20,452.1882,457.1927,445.3965,453.2606
2002-06-21,451.1158,461.4822,447.5412,454.3330
2002-06-24,454.6905,462.9121,454.6905,462.1972
2002-06-25,458.2651,462.5547,456.8353,456.8353
2002-06-26,450.4010,452.1883,436.4600,443.6092
2002-06-27,436.4599,438.6047,430.3831,436.1024
2002-06-28,439.6772,459.6950,438.2473,459.6950
2002-07-01,457.5501,461.8396,451.1158,454.6904
2002-07-02,446.8263,454.6904,440.7494,454.6904
2002-07-03,457.5502,472.5635,455.0479,467.2016
2002-07-04,466.4867,467.2017,457.5502,457.5502
2002-07-05,461.1248,468.2740,457.5502,462.1972
2002-07-08,462.9120,463.9844,449.3285,454.3330
2002-07-09,454.3330,466.4866,449.3285,464.6993
2002-07-10,464.6994,470.0613,462.9121,467.2016
2002-07-11,467.2014,469.3462,452.1881,456.4776
2002-07-12,470.7761,471.1336,459.6948,461.1247
2002-07-15,468.2740,475.0658,466.4867,470.0613
2002-07-16,464.6994,471.1337,458.2651,459.3375
2002-07-17,459.3373,470.7761,457.9075,468.2739
2002-07-18,469.3463,470.7762,461.4822,465.7717
2002-07-19,458.6224,463.6268,450.4008,457.1925
2002-07-22,446.8264,453.2607,444.3242,449.6861
2002-07-23,444.3240,451.4733,444.3240,446.4688
2002-07-24,439.6770,446.4688,430.0256,431.4554
2002-07-25,443.9666,445.7539,436.1024,436.1024
2002-07-26,432.8854,442.5368,432.5279,441.4644
2002-07-29,448.6137,449.6861,441.4645,446.1115
2002-07-30,447.5412,450.0435,438.9622,442.1793
2002-07-31,438.2472,443.2517,431.4555,436.1024
2002-08-01,437.8897,442.1792,431.8128,441.8217
2002-08-02,444.6815,458.2650,443.2517,458.2650
2002-08-05,450.0436,457.5503,450.0436,453.9757
2002-08-06,449.6861,452.9033,444.3242,450.0436
2002-08-07,464.3419,464.6993,456.1203,464.6993
2002-08-08,463.9846,465.7719,455.4055,462.5547
2002-08-09,464.3418,465.7717,456.1202,460.7672
2002-08-12,460.0524,460.7673,450.0435,453.2606
2002-08-13,446.1114,456.4777,444.3241,450.4009
2002-08-14,447.8987,454.6905,445.0390,451.1159
2002-08-15,458.2652,463.2696,455.7629,460.4099
2002-08-16,460.0523,462.1971,453.6180,458.6225
2002-08-19,451.4734,453.6181,441.8219,446.1115
2002-08-20,450.4009,450.4009,441.8218,442.8942
2002-08-21,438.9620,441.4642,436.1023,437.8896
2002-08-22,436.1025,444.6816,433.2428,440.7495
2002-08-23,440.7495,440.7495,440.7495,440.7495
2002-08-26,432.1703,443.2516,430.0256,441.1069
2002-08-27,438.2472,441.1069,433.9577,436.1024
2002-08-28,437.8897,440.3919,435.3874,437.5322
2002-08-29,437.5324,441.4645,435.7451,437.1749
2002-08-30,436.8175,441.4645,431.4555,437.1749
2002-09-02,436.8174,446.1113,432.1704,445.3964
2002-09-03,446.4688,448.9710,438.9621,441.1069
2002-09-04,433.9577,439.6771,433.9577,436.1024
2002-09-05,447.5413,448.6137,441.4644,443.2517
2002-09-06,440.0345,445.3964,436.8174,440.0345
2002-09-09,443.2517,447.1838,439.6771,442.1793
2002-09-10,442.1793,443.9666,431.8129,436.1024
2002-09-11,433.9578,436.4600,430.7407,432.1705
2002-09-12,430.3830,434.6726,427.8808,433.6002
2002-09-13,426.4510,432.8853,426.4510,432.5278
2002-09-16,432.5278,432.5278,432.5278,432.5278
2002-09-17,432.5278,437.8897,428.9532,433.6002
2002-09-18,429.3107,443.2516,427.1659,441.1069
2002-09-19,448.2562,456.4778,434.6726,434.6726
2002-09-20,434.6727,445.0390,431.8130,434.3152
2002-09-23,434.3152,434.3152,434.3152,434.3152
2002-09-24,441.4644,441.4644,431.8130,439.6771
2002-09-25,437.8824,446.1375,437.8824,443.6251
2002-09-26,447.9322,453.6749,447.9322,450.4446
2002-09-27,460.8535,462.6481,457.2643,462.2892
2002-09-30,464.0837,467.6729,457.6231,462.6480
2002-10-01,457.6232,461.9302,451.1626,452.9572
2002-10-02,455.8284,461.5711,449.7268,454.3927
2002-10-03,454.3929,455.4696,443.2663,444.7020
2002-10-04,456.9052,463.0068,454.3927,463.0068
2002-10-07,460.1355,462.6479,451.5214,451.5214
2002-10-08,451.8803,455.8285,448.2911,451.5214
2002-10-09,445.4197,454.0338,445.0608,454.0338
2002-10-10,454.0338,459.7765,447.5732,454.0338
2002-10-11,454.0340,458.3410,446.4967,449.7270
2002-10-14,449.7270,449.7270,449.7270,449.7270
2002-10-15,454.7517,455.1106,447.5733,455.1106
2002-10-16,452.9572,454.0340,447.5734,449.7270
2002-10-17,451.8802,458.6997,450.0856,456.9051
2002-10-18,457.2641,461.9301,456.9052,459.7766
2002-10-21,460.1356,462.6480,453.6750,453.6750
2002-10-22,455.8284,457.2641,449.0089,454.3927
2002-10-23,454.7519,457.6233,449.3681,451.8806
2002-10-24,452.9572,452.9572,447.2145,449.0091
2002-10-25,449.3680,455.4696,449.3680,453.3161
2002-10-28,449.3679,454.0339,443.9841,452.5982
2002-10-29,449.7269,463.0070,447.9323,454.7518
2002-10-30,451.5214,460.4944,449.7268,458.3409
2002-10-31,455.8286,457.6232,442.5485,451.1626
2002-11-01,451.5215,451.5215,443.2663,447.9323
2002-11-04,447.9323,447.9323,447.9323,447.9323
2002-11-05,441.4717,441.4717,433.5754,437.8825
2002-11-06,436.4466,444.7018,436.0877,444.3428
2002-11-07,437.1646,438.9592,432.8576,435.0111
2002-11-08,432.8576,437.1646,432.4987,435.0111
2002-11-11,435.0111,436.8057,429.9862,434.2932
2002-11-12,434.2932,443.2662,430.7040,434.2932
2002-11-13,437.8824,437.8824,431.4218,433.2164
2002-11-14,436.0880,442.9075,433.5755,440.7539
2002-11-15,447.9323,451.8804,445.7788,450.0858
2002-11-18,454.3929,454.3929,450.4448,452.9572
2002-11-19,448.6500,455.4695,446.4965,454.3927
2002-11-20,454.7518,457.6232,450.4448,454.7518
2002-11-21,457.6231,457.6231,453.3160,455.1106
2002-11-22,454.7518,456.1875,453.3161,455.8286
2002-11-25,453.3160,459.4177,453.3160,455.1106
2002-11-26,455.8285,455.8285,437.5236,441.1128
2002-11-27,441.4716,450.0857,440.3948,443.6251
2002-11-28,446.1376,449.7268,443.6252,446.1376
2002-11-29,443.2663,447.5733,440.0360,440.0360
2002-12-02,440.0360,440.0360,440.0360,440.0360
2002-12-03,440.7538,446.8554,438.9592,446.8554
2002-12-04,446.8554,446.8554,440.3949,441.8306
2002-12-05,440.3948,442.1894,435.3699,435.3699
2002-12-06,435.7290,437.1647,432.8577,436.0880
2002-12-09,436.8056,438.2413,434.2932,435.3699
2002-12-10,436.4468,445.7787,436.4468,445.0609
2002-12-11,448.2911,449.3679,445.0609,445.0609
2002-12-12,448.6502,454.0340,446.1378,449.7270
2002-12-13,442.5484,447.5733,442.1895,446.4965
2002-12-16,452.2394,453.3161,450.4448,451.1626
2002-12-17,452.5982,453.3160,449.7268,450.8036
2002-12-18,450.4446,450.8036,445.7787,446.8554
2002-12-19,446.8555,448.6501,445.0609,445.0609
2002-12-20,452.2394,454.0340,447.2145,452.9572
2002-12-23,452.9572,452.9572,452.9572,452.9572
2002-12-24,451.8803,452.2392,445.4197,445.7787
2002-12-25,445.0608,445.7787,443.9841,445.7787
2002-12-26,445.4199,446.8556,442.9075,445.4199
2002-12-27,443.2663,445.0609,441.1128,444.7020
2002-12-30,439.6771,444.7020,438.2415,444.7020
2002-12-31,444.7020,444.7020,444.7020,444.7020
2003-01-01,444.7020,444.7020,444.7020,444.7020
2003-01-02,444.7020,444.7020,444.7020,444.7020
2003-01-03,444.7020,444.7020,444.7020,444.7020
2003-01-06,446.8556,449.3680,446.4967,449.0091
2003-01-07,454.0339,454.0339,446.8555,447.2144
2003-01-08,447.2145,450.4448,444.3431,450.0858
2003-01-09,449.3680,453.3161,446.1377,453.3161
2003-01-10,455.8285,455.8285,450.4447,453.3161
2003-01-13,453.3161,453.3161,453.3161,453.3161
2003-01-14,455.8287,457.6233,451.8806,451.8806
2003-01-15,452.5983,455.8286,452.2394,455.8286
2003-01-16,458.3408,465.5192,455.8284,463.0068
2003-01-17,461.2123,465.1604,461.2123,461.2123
2003-01-20,458.3408,458.6997,450.0857,455.4695
2003-01-21,457.6232,464.4426,457.6232,461.9302
2003-01-22,462.2889,463.7246,455.8283,459.0586
2003-01-23,456.1874,461.2123,452.2393,458.3409
2003-01-24,455.1105,456.1873,447.2143,449.3678
2003-01-27,448.2910,452.2392,445.0608,449.3678
2003-01-28,449.3679,449.7268,445.0608,446.4965
2003-01-29,446.8555,447.9323,442.9074,442.9074
2003-01-30,443.2661,444.7018,437.5234,439.6769
2003-01-31,439.3181,446.8554,438.2414,441.8306
2003-02-03,438.2415,446.1377,433.9345,440.7539
2003-02-04,442.5486,444.3432,438.6004,441.4718
2003-02-05,443.2662,452.2392,440.3949,446.1376
2003-02-06,443.9841,448.6500,442.9073,447.5733
2003-02-07,449.7267,455.4695,446.4965,455.4695
2003-02-10,451.5215,455.1107,446.4967,449.0091
2003-02-11,449.0091,449.0091,449.0091,449.0091
2003-02-12,450.0859,452.9572,445.4199,449.7270
2003-02-13,445.4199,447.5734,440.0360,442.9074
2003-02-14,444.7018,450.8034,442.1893,444.3428
2003-02-17,444.7020,446.8556,440.7539,442.5485
2003-02-18,444.7021,444.7021,439.6772,440.3951
2003-02-19,443.2664,445.0610,441.8307,442.5485
2003-02-20,442.5484,448.2911,440.7538,448.2911
2003-02-21,445.0609,448.2912,442.9074,442.9074
2003-02-24,446.1376,447.5733,445.0609,447.2144
2003-02-25,446.8554,448.6500,443.2662,446.8554
2003-02-26,450.4448,452.2394,449.0091,449.0091
2003-02-27,449.3680,451.5215,447.5734,449.0091
2003-02-28,451.1626,451.5216,447.5734,449.7270
2003-03-03,449.0089,454.0338,449.0089,454.0338
2003-03-04,453.3162,455.1108,449.7270,451.8806
2003-03-05,448.6501,454.0339,446.8555,452.5982
2003-03-06,453.3162,457.9821,449.0091,449.7270
2003-03-07,446.8553,451.5212,444.3428,444.3428
2003-03-10,444.7020,448.6501,442.1895,447.9323
2003-03-11,445.0610,447.9323,439.6772,440.7539
2003-03-12,442.5486,444.3432,437.8826,443.2664
2003-03-13,443.2663,443.2663,437.1646,437.8825
2003-03-14,436.4468,440.3949,432.4986,434.2932
2003-03-17,432.4987,437.5236,431.4219,433.9344
2003-03-18,441.1127,446.1375,440.0359,443.6251
2003-03-19,443.9841,446.8554,437.5235,446.8554
2003-03-20,446.8555,448.2911,443.6252,445.0609
2003-03-21,445.0609,445.0609,445.0609,445.0609
2003-03-24,449.3680,456.9053,447.5734,455.8286
2003-03-25,448.6502,455.1108,446.8556,449.7270
2003-03-26,452.2514,455.4972,449.3662,450.8088
2003-03-27,450.8087,451.8906,449.3661,451.1693
2003-03-28,451.1694,451.1694,443.9565,449.0056
2003-03-31,449.3662,449.3662,439.6287,439.6287
2003-04-01,439.9895,453.3334,438.5469,452.9728
2003-04-02,453.3334,453.3334,444.6778,452.2514
2003-04-03,450.4480,452.6119,443.2350,448.2841
2003-04-04,446.1204,450.8088,439.9894,444.6778
2003-04-07,445.0385,446.4811,441.7927,441.7927
2003-04-08,441.7926,444.6778,439.9894,442.5139
2003-04-09,442.5141,448.2844,441.0715,447.2025
2003-04-10,443.5959,447.9237,441.0714,443.5959
2003-04-11,444.3172,447.2024,442.1534,443.5959
2003-04-14,443.9567,448.6451,443.9567,447.2025
2003-04-15,448.6449,454.4152,448.2842,451.8907
2003-04-16,452.2515,452.2515,442.8747,443.5959
2003-04-17,441.0713,441.0713,437.1041,437.4648
2003-04-18,440.7106,442.8745,437.4648,437.4648
2003-04-21,438.5468,443.5959,438.1862,442.8746
2003-04-22,440.3501,441.4321,436.3830,440.3501
2003-04-23,439.6286,440.7106,433.8583,433.8583
2003-04-24,439.2681,439.2681,433.4977,434.9403
2003-04-25,434.2191,434.9404,425.9242,432.7765
2003-04-28,432.7765,434.2191,427.0062,427.3668
2003-04-29,427.3668,427.3668,427.3668,427.3668
2003-04-30,429.5306,436.3828,424.8421,436.3828
2003-05-01,436.0222,436.0222,431.3338,434.5796
2003-05-02,436.3828,439.9893,434.5796,437.4648
2003-05-05,437.4648,437.4648,437.4648,437.4648
2003-05-06,443.2352,448.2843,442.5139,446.8417
2003-05-07,447.2021,448.6447,441.0712,448.2841
2003-05-08,446.8417,447.5630,443.9565,444.6778
2003-05-09,449.3661,451.5300,445.3990,451.1693
2003-05-12,451.8907,453.6940,449.3662,451.8907
2003-05-13,446.8419,449.3664,443.5960,445.3993
2003-05-14,446.1204,447.2023,440.3500,441.0713
2003-05-15,440.7106,441.4319,437.1042,438.5468
2003-05-16,438.1861,442.5139,437.8255,439.6287
2003-05-19,436.7435,436.7435,430.9732,434.9403
2003-05-20,435.3009,445.7596,434.5796,443.9564
2003-05-21,444.3171,445.7597,437.4648,438.5468
2003-05-22,441.4319,443.5958,437.8255,438.5468
2003-05-23,439.9894,441.0713,435.6616,436.0222
2003-05-26,434.9403,437.4648,433.4977,436.0222
2003-05-27,436.7435,440.3500,432.4158,433.4977
2003-05-28,437.8255,438.1862,434.2191,434.2191
2003-05-29,429.5306,432.4158,428.8093,431.3338
2003-05-30,431.3340,435.3011,428.4488,428.4488
2003-06-02,430.6125,431.3338,424.8422,425.2028
2003-06-03,422.6783,426.6454,421.5963,423.7602
2003-06-04,426.6455,432.7765,425.5636,430.9733
2003-06-05,433.4978,434.9404,427.7274,429.1700
2003-06-06,428.4487,430.6126,424.8422,426.6454
2003-06-09,421.9571,422.3177,416.5474,416.9080
2003-06-10,420.1537,422.3176,418.3505,419.4324
2003-06-11,417.9899,420.1537,413.6621,416.5473
2003-06-12,419.4325,424.1209,416.9080,423.3996
2003-06-13,422.3177,428.8093,422.3177,423.3996
2003-06-16,424.1209,425.5635,421.5963,423.7602
2003-06-17,427.0061,427.0061,424.4816,426.6454
2003-06-18,425.5637,426.6456,420.1539,420.8752
2003-06-19,423.7602,432.0551,421.9570,431.3338
2003-06-20,427.7273,430.2518,426.6454,427.0060
2003-06-23,428.8094,430.2520,427.0062,428.4488
2003-06-24,427.0062,428.8095,425.5636,425.9243
2003-06-25,423.7603,424.8422,418.3506,418.7112
2003-06-26,419.7931,421.9570,416.9079,420.1537
2003-06-27,419.4325,421.5964,416.5473,417.6293
2003-06-30,420.8750,420.8750,414.7440,414.7440
2003-07-01,416.1866,417.6292,414.7440,416.5473
2003-07-02,412.2195,417.2686,407.8917,416.1866
2003-07-03,419.4324,421.2357,412.2195,416.5473
2003-07-04,414.7441,419.0719,414.3834,418.7112
2003-07-07,420.1538,422.3177,416.9080,416.9080
2003-07-08,418.3506,419.0719,409.3344,411.1376
2003-07-09,411.1377,416.5474,410.7770,415.8261
2003-07-10,418.3507,429.1701,417.6294,424.1210
2003-07-11,425.5634,427.3666,421.2356,423.0389
2003-07-14,425.5636,426.2849,424.1210,424.1210
2003-07-15,427.0061,427.0061,421.9570,422.6783
2003-07-16,420.5144,425.2028,420.1537,421.2357
2003-07-17,421.2357,423.3996,419.7931,421.2357
2003-07-18,422.3177,424.4816,420.5144,421.9570
2003-07-21,421.9570,421.9570,421.9570,421.9570
2003-07-22,421.9570,424.1209,420.8750,421.5963
2003-07-23,421.2357,422.6783,418.3505,419.0718
2003-07-24,418.3505,419.0718,414.0228,414.0228
2003-07-25,413.6622,416.5473,411.8589,412.5802
2003-07-28,416.1867,416.1867,413.6621,415.1047
2003-07-29,415.8260,418.3505,413.6621,414.0228
2003-07-30,416.9080,419.4326,415.8261,415.8261
2003-07-31,417.2686,418.3505,415.1047,416.1866
2003-08-01,416.1867,416.9080,412.2195,412.2195
2003-08-04,413.6622,414.0228,411.1376,411.1376
2003-08-05,410.7769,410.7769,406.0884,408.6130
2003-08-06,405.7279,409.3344,405.3672,407.1705
2003-08-07,406.4491,407.5311,401.7607,402.1214
2003-08-08,400.3182,400.6788,395.2691,398.1543
2003-08-11,401.0395,405.7279,396.7117,400.3182
2003-08-12,398.5151,401.4003,397.7938,399.5970
2003-08-13,401.4003,403.9248,398.1544,399.5970
2003-08-14,398.5149,402.1214,397.7936,402.1214
2003-08-15,403.5640,403.5640,400.6789,400.6789
2003-08-18,402.1215,403.5641,397.4331,398.5150
2003-08-19,398.5150,398.8756,390.5807,392.3840
2003-08-20,399.5969,406.4492,397.0724,406.4492
2003-08-21,410.4163,412.2195,407.5311,408.2524
2003-08-22,414.0228,414.0228,410.0557,411.8589
2003-08-25,416.9080,417.6293,414.7441,416.9080
2003-08-26,416.1867,417.2687,413.3015,416.9080
2003-08-27,419.0718,421.5963,415.1047,416.5473
2003-08-28,418.7112,419.4325,412.9408,414.3834
2003-08-29,417.6292,417.6292,414.0228,414.3834
2003-09-01,414.7440,420.1537,414.3834,420.1537
2003-09-02,420.5144,422.3177,416.5473,417.6293
2003-09-03,420.8750,423.3995,416.5472,423.0389
2003-09-04,424.1209,428.4486,423.7602,427.7274
2003-09-05,430.2519,433.1371,428.0880,433.1371
2003-09-08,430.6125,430.9731,427.0060,427.0060
2003-09-09,428.0880,431.6945,420.5144,424.8422
2003-09-10,424.8422,428.8093,422.6783,424.8422
2003-09-11,417.6293,423.3996,417.6293,419.0718
2003-09-12,425.5635,425.5635,420.1538,423.3996
2003-09-15,423.3996,423.3996,423.3996,423.3996
2003-09-16,427.7274,430.9733,426.6455,430.9733
2003-09-17,433.1371,434.5797,426.6455,430.9733
2003-09-18,430.9731,432.4157,426.6453,429.8911
2003-09-19,432.7764,433.1371,428.8093,428.8093
2003-09-22,432.4158,432.4158,423.3996,428.8093
2003-09-23,428.8093,428.8093,428.8093,428.8093
2003-09-24,430.6126,430.6126,424.4816,429.1700
2003-09-25,429.5324,429.8949,423.3703,426.9951
2003-09-26,425.9077,427.3576,419.7457,420.4706
2003-09-29,422.2830,424.0953,418.6582,419.7456
2003-09-30,419.3832,421.5580,416.4834,416.4834
2003-10-01,417.5709,424.0954,415.3960,421.1956
2003-10-02,427.7202,427.7202,418.2958,421.1956
2003-10-03,421.1955,423.3703,415.7584,417.9332
2003-10-06,419.0206,419.0206,411.7711,411.7711
2003-10-07,411.4087,412.1336,408.1464,410.6837
2003-10-08,412.1337,414.3086,408.5090,408.5090
2003-10-09,411.4089,413.2212,408.5091,412.4963
2003-10-10,411.0462,413.9460,410.6837,410.6837
2003-10-13,410.6837,410.6837,410.6837,410.6837
2003-10-14,409.2339,411.0463,402.3469,408.8715
2003-10-15,411.4087,413.5835,409.5963,409.5963
2003-10-16,411.4088,411.4088,408.5090,411.4088
2003-10-17,411.4087,412.8586,405.9716,406.3340
2003-10-20,408.8714,413.5836,406.6966,413.2211
2003-10-21,416.1210,416.1210,407.7840,408.8715
2003-10-22,408.5090,411.0463,405.9717,408.8715
2003-10-23,407.4215,408.8714,405.6091,406.3340
2003-10-24,405.6091,405.6091,399.8095,400.8970
2003-10-27,401.2594,404.5217,400.5345,403.4343
2003-10-28,405.2467,409.2339,405.2467,408.5090
2003-10-29,409.2338,411.4087,407.7839,409.5963
2003-10-30,404.1591,407.4214,403.0717,405.6090
2003-10-31,405.9716,407.7840,402.3468,402.3468
2003-11-03,402.3468,402.3468,402.3468,402.3468
2003-11-04,405.6090,405.6090,402.3468,405.6090
2003-11-05,404.1591,405.6090,403.0717,405.6090
2003-11-06,405.6092,405.6092,401.6219,401.6219
2003-11-07,402.7093,405.2466,401.9843,405.2466
2003-11-10,404.1594,407.4217,402.3470,406.6967
2003-11-11,411.4087,415.7584,410.6838,414.3085
2003-11-12,416.4834,419.7457,413.9461,416.4834
2003-11-13,419.7457,422.2831,418.6583,421.9206
2003-11-14,425.9076,436.7818,425.1826,429.8948
2003-11-17,426.2701,430.2574,417.2083,426.9951
2003-11-18,427.7202,428.0826,420.4707,421.1956
2003-11-19,420.4706,428.8075,416.8458,425.5452
2003-11-20,429.5324,429.5324,422.2830,425.5452
2003-11-21,426.9952,427.7202,421.9206,425.1828
2003-11-24,425.1828,425.1828,425.1828,425.1828
2003-11-25,425.9078,426.6327,418.2958,419.0208
2003-11-26,421.1955,425.9077,420.4705,420.8330
2003-11-27,421.1955,424.8203,420.4706,421.5580
2003-11-28,423.7329,425.9077,421.9205,425.5452
2003-12-01,423.3705,432.7948,422.6455,432.4323
2003-12-02,428.8075,430.9823,425.5452,430.6198
2003-12-03,428.8075,430.2574,426.2702,427.3576
2003-12-04,427.3577,429.5326,425.1829,426.2703
2003-12-05,423.0080,425.9078,419.0208,419.0208
2003-12-08,420.8331,425.9077,419.7456,420.1081
2003-12-09,424.4578,427.7200,421.5580,424.8203
2003-12-10,420.4707,424.8204,419.0208,424.0955
2003-12-11,429.1701,434.2448,428.4452,434.2448
2003-12-12,426.9951,430.6198,425.9076,428.8074
2003-12-15,432.4321,432.7946,428.8074,432.7946
2003-12-16,425.5453,433.5197,425.1828,433.5197
2003-12-17,433.1571,435.6944,428.8074,429.8948
2003-12-18,431.3449,433.1573,428.8076,431.3449
2003-12-19,432.7948,439.6818,432.7948,435.6946
2003-12-22,438.5944,441.1317,437.1445,439.6818
2003-12-23,439.6818,439.6818,439.6818,439.6818
2003-12-24,440.0441,440.0441,431.3447,432.0697
2003-12-25,433.1571,433.8820,431.7072,432.0697
2003-12-26,434.2446,439.3193,432.7947,439.3193
2003-12-29,440.4067,443.3065,440.4067,442.5816
2003-12-30,444.3940,447.2937,442.5816,446.9313
2003-12-31,446.9313,446.9313,446.9313,446.9313
2004-01-01,446.9313,446.9313,446.9313,446.9313
2004-01-02,446.9313,446.9313,446.9313,446.9313
2004-01-05,448.0186,449.4685,444.7563,445.8437
2004-01-06,446.9314,449.1062,444.0316,445.1190
2004-01-07,447.2939,448.0188,441.4943,446.5689
2004-01-08,443.6690,447.2937,438.9568,440.4067
2004-01-09,437.1445,438.2319,433.1573,433.5197
2004-01-12,433.5197,433.5197,433.5197,433.5197
2004-01-13,434.9695,437.1444,434.6070,434.9695
2004-01-14,437.1445,437.8695,431.3449,431.3449
2004-01-15,435.6945,435.6945,428.0825,428.8074
2004-01-16,428.0824,432.7946,428.0824,432.7946
2004-01-19,429.8949,433.1572,428.4450,430.9823
2004-01-20,428.4450,430.9823,426.2702,428.4450
2004-01-21,427.3576,429.5324,427.3576,428.4450
2004-01-22,431.3448,433.1572,428.4450,430.6198
2004-01-23,428.0824,435.6944,428.0824,432.7946
2004-01-26,433.5196,438.2318,433.1572,437.1444
2004-01-27,434.9695,437.5068,432.7946,432.7946
2004-01-28,431.3449,432.0699,428.4451,430.2575
2004-01-29,428.0827,435.6946,428.0827,434.2448
2004-01-30,430.6199,434.6071,428.8076,429.5325
2004-02-02,433.1572,436.4194,431.3448,433.8821
2004-02-03,433.8821,437.5069,430.6199,436.7819
2004-02-04,436.7820,436.7820,431.3449,433.5197
2004-02-05,430.9822,433.5196,429.5323,432.7946
2004-02-06,433.8822,433.8822,429.1700,431.7073
2004-02-09,430.9824,433.5197,426.6327,427.7201
2004-02-10,427.3576,436.4194,427.3576,433.8821
2004-02-11,433.8821,433.8821,433.8821,433.8821
2004-02-12,436.7819,439.3192,434.9695,434.9695
2004-02-13,431.3448,439.3192,431.3448,437.1444
2004-02-16,434.9697,436.7821,433.1573,434.2448
2004-02-17,434.9697,439.3194,433.1573,434.2448
2004-02-18,433.5196,435.3319,431.3447,432.0697
2004-02-19,430.9824,432.4323,427.3576,431.7073
2004-02-20,429.5324,430.6198,425.9077,426.9951
2004-02-23,427.3576,429.8949,427.3576,427.3576
2004-02-24,429.5324,430.9823,427.3576,428.4450
2004-02-25,428.4449,433.8820,428.4449,429.8948
2004-02-26,433.5198,433.5198,431.3449,431.3449
2004-02-27,432.7948,434.9696,431.3449,431.7073
2004-03-01,432.7947,434.9695,430.6198,433.8821
2004-03-02,436.7820,441.1317,435.6945,440.4067
2004-03-03,440.4067,441.1316,436.0570,436.4194
2004-03-04,436.0570,439.3192,435.6945,436.4194
2004-03-05,437.1445,438.5944,433.5197,438.5944
2004-03-08,440.4068,444.0316,439.3194,442.2192
2004-03-09,441.4942,445.8439,440.7692,443.3065
2004-03-10,445.8438,451.2809,441.4941,449.4686
2004-03-11,449.1062,449.8311,443.3066,447.2938
2004-03-12,447.2937,449.1061,438.5944,442.5816
2004-03-15,444.0313,445.4812,439.3192,440.0441
2004-03-16,437.1444,440.0442,433.8821,434.9695
2004-03-17,435.3320,441.4940,435.3320,440.0441
2004-03-18,441.8566,443.3065,435.6945,436.4194
2004-03-19,440.0442,445.8438,437.8694,441.1316
2004-03-22,441.1316,444.0314,435.6945,438.2318
2004-03-23,435.3321,440.7692,434.9696,440.4067
2004-03-24,439.6818,440.0443,436.0570,437.8694
2004-03-25,439.6818,446.9313,438.5944,446.9313
2004-03-26,450.5736,459.6798,449.8451,453.1233
2004-03-29,453.1234,454.9447,448.7525,450.2094
2004-03-30,451.6664,453.1234,446.9312,450.9379
2004-03-31,453.1235,453.1235,449.4811,451.6665
2004-04-01,451.6664,452.7592,443.6530,444.0172
2004-04-02,445.8385,449.1167,444.7457,446.5670
2004-04-05,452.3949,453.1234,448.3882,450.9379
2004-04-06,453.1234,453.1234,450.2094,452.0306
2004-04-07,452.3949,458.5871,452.0307,454.2162
2004-04-08,457.4944,462.5939,454.2162,460.4084
2004-04-09,462.5939,465.1436,459.6799,464.0508
2004-04-12,463.6867,464.4152,460.4085,461.1370
2004-04-13,462.5938,465.1436,461.8653,462.9581
2004-04-14,470.2430,485.5413,469.8787,480.8061
2004-04-15,486.2698,488.4553,471.6999,478.2563
2004-04-16,479.7133,489.1838,475.3424,487.7268
2004-04-19,495.0118,499.0185,487.7269,490.2766
2004-04-20,485.1774,486.2701,478.6209,480.4421
2004-04-21,476.4352,480.0777,469.8788,473.1570
2004-04-22,477.1636,481.1703,474.9781,477.1636
2004-04-23,477.1637,479.7134,476.4352,478.9850
2004-04-26,479.7136,489.1840,479.7136,482.9918
2004-04-27,482.9916,484.0844,474.2497,474.9782
2004-04-28,475.7068,478.2566,474.6141,474.6141
2004-04-29,474.6141,474.6141,474.6141,474.6141
2004-04-30,474.6139,474.6139,455.6731,470.2430
2004-05-03,470.2430,470.2430,470.2430,470.2430
2004-05-04,470.2430,470.2430,470.2430,470.2430
2004-05-05,470.2430,470.2430,470.2430,470.2430
2004-05-06,476.4354,476.4354,470.9717,471.3359
2004-05-07,466.9648,468.4218,454.2162,454.2162
2004-05-10,454.2163,461.8655,451.6665,451.6665
2004-05-11,440.7390,450.2094,438.9177,449.4809
2004-05-12,445.8385,448.7525,441.4676,448.3883
2004-05-13,452.7592,457.4944,445.4742,445.4742
2004-05-14,460.0442,461.8654,455.3090,459.6800
2004-05-17,465.8722,466.2364,453.8520,455.3090
2004-05-18,456.0374,462.5939,456.0374,459.3156
2004-05-19,459.6797,462.5937,457.1300,462.2294
2004-05-20,457.1302,458.2230,451.6665,454.9447
2004-05-21,455.3088,459.3155,455.3088,457.4942
2004-05-24,461.8653,465.1435,456.7659,460.7726
2004-05-25,461.1369,461.1369,455.6732,457.1302
2004-05-26,462.2296,468.0575,461.8653,464.7793
2004-05-27,465.8721,467.3291,463.3224,466.2364
2004-05-28,466.6008,466.9650,461.5013,462.5941
2004-05-31,461.5011,464.0508,453.4876,456.0374
2004-06-01,454.5803,458.2228,452.3948,453.1233
2004-06-02,454.9446,456.0373,449.4809,453.1233
2004-06-03,451.3022,454.9446,446.2027,446.5670
2004-06-04,450.9381,452.3951,448.0241,449.8453
2004-06-07,453.4878,457.4945,452.3950,455.3090
2004-06-08,457.1302,457.8587,451.3023,454.5805
2004-06-09,453.1236,454.9448,449.4811,449.8453
2004-06-10,448.3883,453.4877,448.0240,452.3950
2004-06-11,451.6666,452.3951,449.4811,449.8453
2004-06-14,450.9380,451.3023,448.0240,448.3883
2004-06-15,448.7524,448.7524,442.1960,443.2887
2004-06-16,443.2886,453.4875,442.1959,453.4875
2004-06-17,453.8520,455.3090,450.2095,453.8520
2004-06-18,452.3951,453.1235,446.2029,446.2029
2004-06-21,452.7593,458.2230,450.5738,456.4017
2004-06-22,455.6733,460.4085,452.7593,460.0443
2004-06-23,470.6072,475.7067,465.5078,467.3290
2004-06-24,478.9848,478.9848,472.4284,477.1636
2004-06-25,480.8062,481.8989,467.6933,469.8788
2004-06-28,477.1638,478.9851,473.5214,474.6141
2004-06-29,478.9848,478.9848,476.0709,478.2563
2004-06-30,480.8063,480.8063,476.0711,478.6208
2004-07-01,480.8061,484.4486,480.8061,480.8061
2004-07-02,478.2564,478.9849,473.5212,475.7066
2004-07-05,476.4351,478.2564,472.4284,475.7066
2004-07-06,478.2565,483.3559,477.8922,479.7135
2004-07-07,480.0776,486.9983,477.5279,485.5413
2004-07-08,481.8988,484.4485,475.7066,478.2563
2004-07-09,470.9716,476.7996,470.9716,474.6141
2004-07-12,477.1637,481.8989,474.6140,481.5347
2004-07-13,480.4419,485.5413,478.6206,485.5413
2004-07-14,487.3627,489.9125,482.6275,482.6275
2004-07-15,486.2700,486.2700,477.8923,482.9918
2004-07-16,479.7136,482.9919,479.7136,480.4421
2004-07-19,480.4421,480.4421,480.4421,480.4421
2004-07-20,480.8061,485.5413,477.5279,485.5413
2004-07-21,485.9057,488.8197,484.8129,486.2699
2004-07-22,479.7134,486.2698,479.7134,484.4486
2004-07-23,484.0846,487.7270,482.6276,486.6343
2004-07-26,481.5349,484.4489,480.0779,480.4421
2004-07-27,465.8722,473.8856,465.5079,472.0644
2004-07-28,480.8061,480.8061,474.9781,477.1636
2004-07-29,473.5214,473.8856,468.7862,470.6074
2004-07-30,466.6006,476.0710,466.6006,471.7000
2004-08-02,476.0710,476.0710,468.7860,473.8855
2004-08-03,472.0643,472.0643,465.5079,468.0576
2004-08-04,468.0576,471.7001,465.8721,468.0576
2004-08-05,466.6005,470.6072,465.8720,467.6933
2004-08-06,462.5938,464.4151,457.4944,460.7726
2004-08-09,458.9513,463.6866,457.8586,461.5011
2004-08-10,461.8654,461.8654,457.1302,458.9514
2004-08-11,458.2229,458.5871,453.8519,457.1302
2004-08-12,457.4945,460.0442,456.0375,456.4017
2004-08-13,449.8453,453.8520,445.8385,446.9313
2004-08-16,444.7458,448.3883,442.1961,445.8385
2004-08-17,446.9313,448.3883,443.2889,446.2029
2004-08-18,446.2028,449.8453,444.0173,446.9313
2004-08-19,447.6599,449.8453,446.2029,449.1169
2004-08-20,445.4742,446.9312,442.1960,444.0172
2004-08-23,446.2029,448.0241,445.4744,446.2029
2004-08-24,446.2028,447.2955,444.0173,447.2955
2004-08-25,448.0241,454.9448,446.9313,454.5805
2004-08-26,456.0372,456.0372,452.0305,453.4875
2004-08-27,455.3089,455.6732,454.2162,455.6732
2004-08-30,456.4017,456.7660,453.1235,454.5805
2004-08-31,454.2161,454.5804,449.4809,449.4809
2004-09-01,450.9380,453.1235,450.9380,451.6665
2004-09-02,449.8452,451.3022,448.3882,450.2094
2004-09-03,450.2096,450.9381,445.8386,446.2029
2004-09-06,448.3883,453.4878,448.0241,451.6665
2004-09-07,454.2162,454.5804,446.9312,450.2094
2004-09-08,449.8452,450.5737,445.8385,446.5670
2004-09-09,446.5670,449.4810,446.2028,446.9313
2004-09-10,442.5602,446.5669,439.6462,443.2887
2004-09-13,445.4744,447.2956,444.3816,446.2029
2004-09-14,445.1100,446.5670,443.6530,444.3815
2004-09-15,444.3815,444.7457,441.1032,441.1032
2004-09-16,442.9246,449.4810,442.5603,448.3883
2004-09-17,451.3022,452.3950,448.7525,451.3022
2004-09-20,451.3022,451.3022,451.3022,451.3022
2004-09-21,451.6664,455.3089,451.3022,454.2162
2004-09-22,454.2160,454.2160,448.0238,453.4875
2004-09-23,453.4875,453.4875,453.4875,453.4875
2004-09-24,452.3950,452.3950,444.0173,447.2955
2004-09-27,448.3937,455.3483,447.6616,453.8842
2004-09-28,454.2501,459.0086,453.1520,459.0086
2004-09-29,459.0086,464.1331,457.5444,458.2765
2004-09-30,462.3030,464.8652,460.1068,461.2049
2004-10-01,458.2766,462.6691,458.2766,461.9370
2004-10-04,459.7407,460.4727,455.3482,459.3746
2004-10-05,456.4464,457.9106,452.4200,457.5445
2004-10-06,457.9105,457.9105,453.8841,456.4464
2004-10-07,454.9821,456.0803,451.3218,454.9821
2004-10-08,447.6615,450.2238,445.8313,449.4917
2004-10-11,449.4917,449.4917,449.4917,449.4917
2004-10-12,450.2237,450.9558,446.1974,447.6615
2004-10-13,447.2955,449.4917,447.2955,449.1257
2004-10-14,448.7597,448.7597,444.7333,445.0994
2004-10-15,443.6351,445.8313,442.5370,445.4652
2004-10-18,446.1974,446.5634,442.9030,444.3672
2004-10-19,445.8313,448.0275,445.0993,447.6615
2004-10-20,447.2955,448.0275,443.2691,447.2955
2004-10-21,448.0275,448.0275,442.5370,445.4652
2004-10-22,443.2692,444.7334,439.9749,439.9749
2004-10-25,432.6540,436.3143,428.9936,433.3860
2004-10-26,430.8239,432.6541,427.5296,429.3597
2004-10-27,429.7258,430.4579,425.3334,427.5296
2004-10-28,433.3861,434.1182,429.3597,432.2880
2004-10-29,431.9220,431.9220,429.3598,429.7258
2004-11-01,431.9219,433.7520,430.8238,433.7520
2004-11-02,435.9485,439.9749,433.7523,439.9749
2004-11-03,439.9749,439.9749,439.9749,439.9749
2004-11-04,442.1710,442.5371,439.6088,439.6088
2004-11-05,444.3672,444.3672,438.8767,440.7069
2004-11-08,441.0728,441.0728,436.6804,437.0464
2004-11-09,437.7785,439.2427,435.9483,437.4125
2004-11-10,435.9484,438.8767,435.9484,437.7786
2004-11-11,434.1181,437.7785,422.4050,423.8691
2004-11-12,421.3070,428.9938,421.3070,428.6277
2004-11-15,431.9219,433.7520,429.3596,433.7520
2004-11-16,435.5824,435.9485,428.9938,428.9938
2004-11-17,430.0919,430.8240,428.2617,428.2617
2004-11-18,428.6276,430.0918,423.5031,424.9673
2004-11-19,430.8239,431.1899,428.9937,429.7258
2004-11-22,431.1900,431.1900,426.4315,427.8956
2004-11-23,427.8956,427.8956,427.8956,427.8956
2004-11-24,430.0918,430.4579,428.2616,430.4579
2004-11-25,431.5559,432.2880,429.3597,430.8238
2004-11-26,430.0918,431.5560,427.1636,427.8956
2004-11-29,428.2617,429.3599,426.4316,428.2617
2004-11-30,427.5296,427.5296,426.4315,426.4315
2004-12-01,426.4314,426.7975,424.2352,424.9673
2004-12-02,426.0654,430.0918,425.6994,429.3597
2004-12-03,430.0918,431.1899,429.3597,430.8238
2004-12-06,430.4579,430.4579,427.1636,428.6277
2004-12-07,429.7259,430.4579,428.2617,428.6277
2004-12-08,428.6276,432.2880,427.1635,431.1898
2004-12-09,432.6541,433.0201,425.6994,426.7975
2004-12-10,426.0653,427.8955,425.3333,425.3333
2004-12-13,428.2617,432.6541,427.1636,431.9221
2004-12-14,430.4578,431.9219,428.2616,430.8238
2004-12-15,430.0918,432.6540,430.0918,430.8238
2004-12-16,429.7258,430.0919,426.7976,428.9938
2004-12-17,429.3597,435.2163,428.9937,434.1182
2004-12-20,434.8502,439.9747,434.1181,439.2426
2004-12-21,441.8049,444.7332,441.4389,443.2690
2004-12-22,445.0993,448.3936,444.7332,446.1974
2004-12-23,446.1974,446.1974,446.1974,446.1974
2004-12-24,448.0277,452.4201,446.9295,452.0540
2004-12-27,448.3936,450.9559,446.9295,449.8578
2004-12-28,450.2239,451.3220,447.2956,448.3937
2004-12-29,448.7597,450.9559,444.0012,444.0012
2004-12-30,443.2691,446.9295,443.2691,446.5634
2004-12-31,446.5634,446.5634,446.5634,446.5634
2005-01-03,446.5634,446.5634,446.5634,446.5634
2005-01-04,447.6615,447.6615,445.4653,446.1974
2005-01-05,447.6615,447.6615,445.4653,446.1974
2005-01-06,444.7332,446.9295,443.6351,446.5634
2005-01-07,446.9294,447.2955,443.6351,444.3672
2005-01-10,444.3672,444.3672,444.3672,444.3672
2005-01-11,442.9031,446.1974,442.9031,444.0012
2005-01-12,444.7332,446.5634,443.6351,444.7332
2005-01-13,445.4652,448.3935,445.0992,445.4652
2005-01-14,443.6352,450.2238,442.9031,449.1257
2005-01-17,451.6880,452.0540,450.2238,450.5898
2005-01-18,452.0540,452.7861,446.5634,448.0276
2005-01-19,447.6615,452.4200,447.2955,449.4917
2005-01-20,448.3936,449.1257,446.9295,448.0276
2005-01-21,445.8313,451.6879,445.8313,450.2238
2005-01-24,453.5180,458.6425,452.0539,458.2765
2005-01-25,457.5445,458.6426,453.8842,457.5445
2005-01-26,456.0801,459.0084,454.9820,455.7141
2005-01-27,457.5445,459.7407,455.3483,457.5445
2005-01-28,459.3747,463.0350,457.9105,462.6690
2005-01-31,460.4727,464.4991,459.0086,459.0086
2005-02-01,463.0350,464.4992,455.7143,461.2049
2005-02-02,459.3747,461.9370,456.0804,456.0804
2005-02-03,456.0803,456.4463,450.9558,451.6878
2005-02-04,452.0539,455.7142,450.5897,454.9821
2005-02-07,457.5443,461.9367,455.7141,459.7405
2005-02-08,461.2049,461.2049,456.0804,456.0804
2005-02-09,457.5445,458.2766,453.8842,453.8842
2005-02-10,453.8842,456.8125,453.1521,456.8125
2005-02-11,456.8125,456.8125,456.8125,456.8125
2005-02-14,457.1783,461.9367,457.1783,459.7405
2005-02-15,460.4728,461.2049,458.6426,458.6426
2005-02-16,455.3483,459.0087,455.3483,457.1785
2005-02-17,459.0085,469.2575,459.0085,467.7934
2005-02-18,466.6954,467.0614,461.5709,466.3293
2005-02-21,464.8651,465.5972,463.7670,463.7670
2005-02-22,466.6954,466.6954,461.5709,461.5709
2005-02-23,458.6426,467.4274,457.9105,466.3293
2005-02-24,466.3294,467.7935,464.1332,466.6954
2005-02-25,464.8651,471.8198,464.8651,470.7216
2005-02-28,472.1857,473.6499,468.8914,471.8197
2005-03-01,472.1859,475.8463,471.8199,475.8463
2005-03-02,475.4801,477.6764,473.2839,476.2122
2005-03-03,468.8915,472.5518,468.8915,469.6236
2005-03-04,468.5256,470.3558,465.5973,468.5256
2005-03-07,475.8462,476.5782,471.8198,472.5518
2005-03-08,472.1860,475.8463,469.6237,474.3822
2005-03-09,473.2840,478.4085,473.2840,475.8463
2005-03-10,475.1142,478.0425,473.2840,475.8463
2005-03-11,479.1406,483.1670,476.9444,476.9444
2005-03-14,481.3367,482.0688,477.6764,477.6764
2005-03-15,474.3822,477.3104,471.8199,473.2841
2005-03-16,472.1860,473.6501,470.3558,472.9181
2005-03-17,471.4539,472.5520,468.8916,468.8916
2005-03-18,471.4537,480.9706,470.7216,480.6046
2005-03-21,480.6046,480.6046,480.6046,480.6046
2005-03-22,480.6047,486.4612,479.1405,483.8990
2005-03-23,484.2649,490.1215,480.9706,487.5593
2005-03-24,487.9255,487.9255,482.8010,486.0953
2005-03-25,486.4614,489.0236,480.9708,484.9972
2005-03-28,481.6853,485.7331,481.3173,482.7892
2005-03-29,484.9971,485.3650,474.6936,476.5335
2005-03-30,474.6938,478.7415,474.3258,478.0056
2005-03-31,481.6853,481.6853,476.9015,481.3173
2005-04-01,479.4773,485.3650,476.5335,484.9970
2005-04-04,485.3650,488.6768,483.5251,486.1010
2005-04-05,488.3090,491.2528,488.3090,489.7809
2005-04-06,489.7808,493.0926,487.5729,490.5167
2005-04-07,492.7246,492.7246,483.8931,490.5167
2005-04-08,488.3091,490.1490,484.6293,487.9412
2005-04-11,480.5813,485.7331,480.2134,483.5252
2005-04-12,482.4213,482.7893,478.7415,479.4775
2005-04-13,480.2133,483.1572,479.4774,482.0532
2005-04-14,477.6376,480.5814,476.9016,480.2134
2005-04-15,476.9016,476.9016,466.5982,469.9100
2005-04-18,455.1909,464.7583,455.1909,457.0308
2005-04-19,458.8706,463.6543,457.7666,461.0784
2005-04-20,461.8145,462.5505,457.7667,459.6066
2005-04-21,452.9830,458.5027,448.9352,458.5027
2005-04-22,465.4942,465.4942,459.2386,460.3425
2005-04-25,456.6627,463.2863,456.6627,460.7104
2005-04-26,465.4941,465.4941,459.6064,461.4463
2005-04-27,460.7106,465.4943,460.7106,463.6544
2005-04-28,462.9185,464.0224,457.3988,464.0224
2005-04-29,464.0224,464.0224,464.0224,464.0224
2005-05-02,459.9745,469.5419,458.1346,466.2301
2005-05-03,466.2301,466.2301,466.2301,466.2301
2005-05-04,466.2301,466.2301,466.2301,466.2301
2005-05-05,466.2301,466.2301,466.2301,466.2301
2005-05-06,473.5898,474.6937,469.9100,473.2218
2005-05-09,475.7977,475.7977,467.7021,472.8538
2005-05-10,476.5334,476.5334,471.0137,474.3256
2005-05-11,468.8062,471.0140,468.0702,470.6461
2005-05-12,472.4855,473.2215,470.2776,471.7495
2005-05-13,467.7019,471.7497,461.8143,466.9660
2005-05-16,452.2470,452.9829,441.2076,441.5756
2005-05-17,443.7833,444.5193,436.4237,437.5277
2005-05-18,438.2636,441.2074,436.7917,438.6316
2005-05-19,441.5757,443.0476,436.4239,440.8397
2005-05-20,441.5756,441.5756,436.0559,436.7919
2005-05-23,437.1598,437.5278,432.7440,434.5839
2005-05-24,437.8958,438.9998,434.9520,435.3200
2005-05-25,438.2639,438.9998,436.7919,438.2639
2005-05-26,441.2075,444.8873,438.6316,443.7833
2005-05-27,447.4633,448.9352,445.6234,446.7273
2005-05-30,449.6711,450.0391,445.2553,445.2553
2005-05-31,445.2551,446.7271,442.6793,442.6793
2005-06-01,443.0474,447.0952,443.0474,447.0952
2005-06-02,444.1514,445.2553,438.9997,438.9997
2005-06-03,439.7355,439.7355,436.0557,439.3676
2005-06-06,439.7355,439.7355,436.4237,439.3676
2005-06-07,439.7355,440.8395,437.1597,438.6316
2005-06-08,438.9997,440.4716,437.1598,437.8957
2005-06-09,438.2637,438.6317,433.8480,434.5839
2005-06-10,434.5839,438.6317,434.5839,437.8957
2005-06-13,436.4239,438.9997,436.4239,436.7919
2005-06-14,437.1598,437.5277,436.0558,436.4238
2005-06-15,436.7918,438.2638,436.4239,437.1598
2005-06-16,438.6317,441.9435,437.8957,440.1036
2005-06-17,437.8957,441.9435,437.8957,441.2075
2005-06-20,440.4717,440.8397,437.8959,438.2639
2005-06-21,439.3678,441.5757,438.9998,440.8397
2005-06-22,441.5756,444.1515,440.8396,443.4155
2005-06-23,445.2554,451.5110,444.5194,450.7751
2005-06-24,448.9351,451.8790,447.4632,451.1430
2005-06-27,449.3032,451.8791,447.8313,451.5111
2005-06-28,454.0869,456.2948,452.6150,453.3510
2005-06-29,453.7190,454.8229,451.5111,453.3510
2005-06-30,454.8229,455.1909,452.9830,454.4550
2005-07-01,454.8228,458.8706,454.0869,455.9268
2005-07-04,457.3986,458.1345,455.5587,456.6626
2005-07-05,455.5588,455.5588,449.6711,450.7751
2005-07-06,451.8790,453.7189,447.8312,450.4071
2005-07-07,448.9350,448.9350,443.4153,445.6232
2005-07-08,441.5755,444.1514,438.6317,440.4716
2005-07-11,441.5757,444.5195,441.2077,442.3116
2005-07-12,443.0474,444.1514,439.7356,440.1036
2005-07-13,441.2077,441.2077,437.8959,438.2639
2005-07-14,436.7919,439.7358,436.4240,438.2639
2005-07-15,440.4715,440.8395,437.5277,437.5277
2005-07-18,437.5277,437.5277,437.5277,437.5277
2005-07-19,438.6317,439.3677,437.1598,437.1598
2005-07-20,438.2636,440.1035,437.5277,437.5277
2005-07-21,438.2637,438.6317,434.2160,434.2160
2005-07-22,434.9518,435.3198,431.6400,433.1119
2005-07-25,433.8480,434.5840,432.3761,432.3761
2005-07-26,432.7439,434.5838,431.6400,433.1119
2005-07-27,434.2159,436.7918,433.8480,434.5839
2005-07-28,436.0558,437.1598,435.3199,435.6878
2005-07-29,437.1597,439.7355,436.4237,438.6316
2005-08-01,401.8338,419.8648,397.4180,416.9209
2005-08-02,416.5529,416.5529,404.7775,405.8815
2005-08-03,411.4012,413.2411,407.3534,411.7691
2005-08-04,412.1372,413.2411,408.4574,408.8254
2005-08-05,409.5613,411.7692,408.8254,410.2973
2005-08-08,411.0332,416.5529,409.5613,416.1849
2005-08-09,417.6567,419.8646,415.8168,415.8168
2005-08-10,422.8086,422.8086,416.9209,416.9209
2005-08-11,417.6568,418.3928,413.2411,413.9771
2005-08-12,415.8169,416.5528,414.7129,415.4489
2005-08-15,415.4491,416.1850,412.1373,412.8732
2005-08-16,413.9770,414.7130,413.2411,413.2411
2005-08-17,412.8731,414.3450,411.4012,411.4012
2005-08-18,411.0333,412.1372,408.4574,408.8254
2005-08-19,409.5613,412.8731,409.1933,409.9293
2005-08-22,412.1372,412.8731,410.6653,410.6653
2005-08-23,411.4012,417.2889,411.4012,416.1849
2005-08-24,415.4490,420.9687,415.0810,420.6007
2005-08-25,417.2887,419.1286,415.4488,415.8168
2005-08-26,418.0249,420.2328,416.5530,418.7608
2005-08-29,422.0725,422.0725,419.4967,420.2326
2005-08-30,422.4406,424.2805,421.3366,423.9125
2005-08-31,423.9123,427.9601,422.8084,427.5921
2005-09-01,427.9603,429.0643,425.0165,426.1204
2005-09-02,425.7523,426.8563,422.8085,423.1765
2005-09-05,424.2805,425.3844,423.1765,423.9125
2005-09-06,426.1203,429.4322,424.6484,429.4322
2005-09-07,430.5362,433.4800,430.1682,431.6401
2005-09-08,431.6402,431.6402,426.1205,428.3283
2005-09-09,430.5361,437.8957,429.8002,434.5839
2005-09-12,441.2077,444.1515,438.9998,440.8397
2005-09-13,440.8396,441.2076,436.0559,437.1598
2005-09-14,434.2160,434.2160,430.5362,432.3761
2005-09-15,432.3760,436.4238,431.2721,435.6878
2005-09-16,436.0558,436.0558,432.3760,433.4800
2005-09-19,433.4800,433.4800,433.4800,433.4800
2005-09-20,433.4800,436.0558,433.4800,434.9519
2005-09-21,438.2636,440.1035,436.0557,438.6316
2005-09-22,438.6316,439.3676,436.0557,438.6316
2005-09-23,438.6316,438.6316,438.6316,438.6316
2005-09-26,441.5756,443.4155,439.7357,443.4155
2005-09-27,444.5259,444.5259,439.3440,439.7142
2005-09-28,440.4543,440.8244,435.2725,438.6037
2005-09-29,437.1231,437.4932,432.6815,436.0127
2005-09-30,439.7141,444.1557,436.0128,441.9349
2005-10-03,444.1556,444.1556,437.8634,438.6037
2005-10-04,438.9738,443.0453,438.9738,443.0453
2005-10-05,443.0454,443.0454,439.7143,440.4545
2005-10-06,440.4544,442.3050,433.7920,435.2726
2005-10-07,433.7921,437.4934,430.4609,437.4934
2005-10-10,437.4934,437.4934,437.4934,437.4934
2005-10-11,433.0517,433.4219,428.6102,430.4608
2005-10-12,433.7921,437.4933,431.5713,435.6427
2005-10-13,437.4934,437.8635,431.9414,434.1622
2005-10-14,439.3440,439.3440,430.8310,431.9414
2005-10-17,434.1623,434.1623,432.3117,433.4221
2005-10-18,433.0518,433.4219,429.3505,429.7206
2005-10-19,428.6102,429.3505,425.6492,425.6492
2005-10-20,426.7597,427.1298,421.9480,423.0584
2005-10-21,419.3570,422.3180,416.0258,420.8375
2005-10-24,423.7984,424.5387,418.9867,420.4673
2005-10-25,423.4284,424.1686,421.5777,421.9478
2005-10-26,424.1687,424.9089,422.6882,424.1687
2005-10-27,425.6492,426.3895,421.9479,424.9090
2005-10-28,423.4285,423.7986,418.9869,420.0973
2005-10-31,421.2076,421.9479,417.1362,418.2466
2005-11-01,419.7271,421.5777,419.7271,421.2076
2005-11-02,421.9480,423.0584,420.4675,423.0584
2005-11-03,421.5778,421.5778,421.5778,421.5778
2005-11-04,423.4284,423.7986,421.2077,422.6882
2005-11-07,421.9479,422.6882,417.5064,418.6168
2005-11-08,418.9868,420.0972,416.7661,417.1362
2005-11-09,418.9868,418.9868,417.5063,417.8764
2005-11-10,418.2466,418.6167,417.1362,417.8764
2005-11-11,418.6168,421.2077,417.1363,419.7272
2005-11-14,420.0973,431.5713,420.0973,430.8311
2005-11-15,431.5714,434.9026,430.8312,433.0519
2005-11-16,433.0518,437.4933,431.9414,435.2726
2005-11-17,435.2725,435.6426,433.4219,434.5323
2005-11-18,434.5324,436.3830,434.1622,436.3830
2005-11-21,436.7532,440.4545,436.7532,440.4545
2005-11-22,440.8246,445.6363,440.4544,445.6363
2005-11-23,445.6363,445.6363,445.6363,445.6363
2005-11-24,446.0063,449.3375,445.2660,446.0063
2005-11-25,446.0064,449.3375,444.8960,447.1168
2005-11-28,447.4868,447.4868,441.1946,444.1556
2005-11-29,444.1556,446.0063,443.4154,444.1556
2005-11-30,444.1558,444.8961,440.4545,440.4545
2005-12-01,440.4543,445.6361,440.0841,445.2660
2005-12-02,444.1556,445.2660,443.0453,444.1556
2005-12-05,445.2661,445.6363,442.6752,445.6363
2005-12-06,445.2661,447.8570,444.1557,447.8570
2005-12-07,447.8569,450.0776,446.0062,448.9673
2005-12-08,448.5971,449.3374,444.1556,445.2660
2005-12-09,443.7855,446.7465,440.4543,442.3050
2005-12-12,440.8245,444.8960,438.2336,441.5648
2005-12-13,438.2336,439.7141,434.5323,435.2726
2005-12-14,437.1232,447.1167,436.7530,444.1556
2005-12-15,447.4868,448.5972,442.6751,443.0453
2005-12-16,443.0453,446.0063,439.3440,444.1556
2005-12-19,444.1558,444.8961,441.9350,444.5259
2005-12-20,444.1558,444.8960,442.3051,443.4155
2005-12-21,443.4154,445.6361,442.6751,444.8959
2005-12-22,444.8960,444.8960,441.1947,442.6752
2005-12-23,442.6752,442.6752,442.6752,442.6752
2005-12-26,443.0453,443.0453,440.4544,440.8245
2005-12-27,440.4545,442.6753,438.9740,440.4545
2005-12-28,443.0451,446.7464,441.1945,446.7464
2005-12-29,447.4867,450.0776,446.7465,448.9673
2005-12-30,451.5581,451.5581,446.7464,446.7464
2006-01-02,446.7464,446.7464,446.7464,446.7464
2006-01-03,446.7464,446.7464,446.7464,446.7464
2006-01-04,452.6687,454.8895,448.5973,454.8895
2006-01-05,456.7400,462.2919,454.1491,460.4413
2006-01-06,461.5518,468.2141,461.1817,466.3635
2006-01-09,466.3635,466.3635,466.3635,466.3635
2006-01-10,469.6946,469.6946,463.7725,464.5128
2006-01-11,466.3635,468.2141,462.6622,462.6622
2006-01-12,465.9934,483.7596,464.5128,481.1687
2006-01-13,481.5387,482.2789,476.3569,480.0582
2006-01-16,473.7660,475.2465,465.2530,470.4348
2006-01-17,462.6623,465.6233,457.1103,457.4805
2006-01-18,456.0000,456.7402,444.8961,447.4870
2006-01-19,462.2919,462.2919,452.2984,460.4413
2006-01-20,462.6622,467.4739,457.8505,466.3635
2006-01-23,451.5584,464.5129,450.4480,458.5908
2006-01-24,459.3309,463.0322,455.9998,461.5517
2006-01-25,466.3634,466.3634,457.1101,457.1101
2006-01-26,458.2206,461.9219,452.6687,453.7791
2006-01-27,451.1882,453.4089,448.5972,453.4089
2006-01-30,455.9998,457.4803,451.1881,453.0388
2006-01-31,453.0388,453.7791,450.0778,450.8180
2006-02-01,449.7077,453.7791,448.9674,451.5583
2006-02-02,450.0778,457.1103,449.7077,456.3700
2006-02-03,451.9284,452.6686,442.3050,444.1556
2006-02-06,445.6363,447.4870,440.4545,440.4545
2006-02-07,440.4543,446.3764,440.0842,444.1556
2006-02-08,444.1557,444.5258,441.1947,441.5648
2006-02-09,448.9673,463.0322,446.3764,461.5517
2006-02-10,459.7010,460.0712,455.2595,458.2205
2006-02-13,455.6297,458.2206,453.7790,454.5193
2006-02-14,454.8894,460.4413,453.0387,458.2205
2006-02-15,455.6296,459.7011,453.4089,455.6296
2006-02-16,455.2595,457.1101,450.4478,457.1101
2006-02-17,458.5906,458.5906,449.3374,452.2984
2006-02-20,451.9284,454.5193,443.7855,448.2271
2006-02-21,446.3765,447.8570,444.1557,447.8570
2006-02-22,450.0777,450.4479,444.8959,446.3764
2006-02-23,453.0388,454.5193,449.3375,454.5193
2006-02-24,454.1490,454.1490,448.9672,450.4477
2006-02-27,453.7792,456.3701,451.1882,455.2597
2006-02-28,456.7401,461.1816,454.8894,458.9608
2006-03-01,458.5907,458.5907,452.2985,454.5193
2006-03-02,458.5908,462.6622,455.2596,461.1817
2006-03-03,461.9221,468.9545,460.8117,467.4740
2006-03-06,469.3247,472.6558,466.3636,472.6558
2006-03-07,470.0647,472.2855,464.5128,470.0647
2006-03-08,467.1037,471.9153,465.6231,468.2141
2006-03-09,469.3247,473.3961,466.7337,472.6558
2006-03-10,473.0258,473.7661,465.2531,466.3635
2006-03-13,466.3634,470.8050,464.8829,468.9543
2006-03-14,466.3634,471.5452,465.6232,471.1751
2006-03-15,471.1752,473.0258,466.3635,472.2856
2006-03-16,471.1752,471.5454,454.1493,458.5908
2006-03-17,462.2920,470.8050,460.0712,470.0647
2006-03-20,464.5127,471.5452,464.5127,470.4348
2006-03-21,470.4348,470.4348,470.4348,470.4348
2006-03-22,470.0649,470.0649,464.1428,466.7337
2006-03-23,466.3635,467.8440,463.4025,466.3635
2006-03-24,458.9609,463.4024,458.9609,463.0323
2006-03-27,463.4023,468.2140,460.0712,467.1036
2006-03-28,465.6151,471.1980,462.2654,470.0815
2006-03-29,468.5925,470.8257,465.6149,469.3369
2006-03-30,468.9648,470.4536,467.1038,468.5926
2006-03-31,468.9647,470.0812,467.1037,467.8481
2006-04-03,465.6149,471.1979,463.0096,469.3369
2006-04-04,501.7178,511.7671,493.5296,511.0227
2006-04-05,503.5788,509.9061,502.4622,507.3007
2006-04-06,513.6280,535.9596,513.2558,530.3767
2006-04-07,527.3992,538.1929,518.4666,524.0495
2006-04-10,516.6056,522.1885,513.2558,519.5831
2006-04-11,528.5157,550.4752,527.0270,543.4035
2006-04-12,541.5426,541.9148,534.8431,535.9597
2006-04-13,534.0986,535.2152,527.7713,530.0045
2006-04-14,537.4484,540.7982,531.8655,535.2153
2006-04-17,535.2152,536.7040,528.8879,530.0045
2006-04-18,528.5157,536.7040,527.7713,534.8430
2006-04-19,536.3318,547.8698,533.7265,541.9147
2006-04-20,537.0763,546.3812,534.8431,545.2646
2006-04-21,544.8923,545.6367,539.6816,543.4035
2006-04-24,538.5651,539.6816,524.7939,528.5158
2006-04-25,539.3094,547.1255,529.6324,544.8923
2006-04-26,545.6368,553.8251,540.0539,544.1480
2006-04-27,546.7535,546.7535,537.4486,538.5652
2006-04-28,538.9373,538.9373,527.0270,527.7714
2006-05-01,531.4937,535.9600,529.2605,533.3547
2006-05-02,532.2377,544.1479,531.1211,541.9147
2006-05-03,541.9147,541.9147,541.9147,541.9147
2006-05-04,541.9147,541.9147,541.9147,541.9147
2006-05-05,541.9147,541.9147,541.9147,541.9147
2006-05-08,541.9148,544.1479,534.0987,535.2153
2006-05-09,535.2156,537.4488,531.1215,533.3547
2006-05-10,528.8880,533.3544,520.3276,522.1885
2006-05-11,520.6997,531.4934,520.6997,527.3992
2006-05-12,522.1885,529.2602,520.3275,526.2827
2006-05-15,524.4218,541.5427,511.3950,537.8208
2006-05-16,535.9597,536.7041,519.2110,521.0720
2006-05-17,532.2379,540.7984,524.0496,535.5876
2006-05-18,520.6995,524.0492,512.5112,513.6278
2006-05-19,509.9062,512.8837,504.6955,512.1393
2006-05-22,512.1393,518.4666,506.1842,506.9286
2006-05-23,499.4847,508.4173,498.3681,498.3681
2006-05-24,495.3905,500.9734,488.6910,499.4846
2006-05-25,499.4846,513.2557,496.5070,510.6504
2006-05-26,512.5115,516.2334,502.4622,508.7896
2006-05-29,515.1167,515.4889,501.7177,502.4621
2006-05-30,502.0900,504.3232,497.9959,499.8569
2006-05-31,494.2740,501.3456,491.2964,494.2740
2006-06-01,492.7851,497.9958,483.8525,486.4578
2006-06-02,479.0141,481.9917,465.2429,479.0141
2006-06-05,486.4578,497.9958,483.8524,495.0182
2006-06-06,490.9242,495.7627,483.1081,488.6910
2006-06-07,488.6909,497.6236,484.9690,490.5519
2006-06-08,490.5519,492.7851,460.7764,467.1037
2006-06-09,459.6599,481.6193,459.6599,477.5252
2006-06-12,479.3862,479.3862,469.3370,476.4087
2006-06-13,470.4534,477.1529,467.4759,467.8481
2006-06-14,465.2426,470.0812,460.0319,462.6373
2006-06-15,462.6374,465.2427,450.3550,461.1486
2006-06-16,465.9872,467.1037,458.1711,463.7540
2006-06-19,466.7315,473.0588,463.7539,471.5700
2006-06-20,472.6864,479.7581,471.9421,476.0362
2006-06-21,479.7583,480.1305,468.9647,477.5252
2006-06-22,483.8525,487.5744,478.2696,486.4578
2006-06-23,486.4580,486.4580,473.4312,479.0141
2006-06-26,479.3862,485.7135,476.4086,482.3637
2006-06-27,482.3637,483.8525,478.6418,481.2471
2006-06-28,480.8750,480.8750,466.7316,474.5477
2006-06-29,474.9197,479.3861,470.8256,479.3861
2006-06-30,476.4085,478.2695,470.0812,471.5700
2006-07-03,470.0813,476.4086,470.0813,474.1754
2006-07-04,479.7583,483.1080,475.2920,480.5027
2006-07-05,483.1081,488.3188,481.6193,483.8525
2006-07-06,480.8749,481.2471,475.2920,477.8973
2006-07-07,482.7358,484.9690,478.2695,479.3861
2006-07-10,471.9421,485.7133,471.1978,484.9689
2006-07-11,487.2022,492.7851,485.7134,491.2964
2006-07-12,494.2739,496.5071,485.7134,487.5744
2006-07-13,487.5746,492.7853,482.7361,485.3414
2006-07-14,478.2695,480.5027,472.6866,476.7808
2006-07-17,467.4758,467.4758,467.4758,467.4758
2006-07-18,477.1529,477.1529,465.2427,467.8481
2006-07-19,467.4760,472.6867,465.9872,465.9872
2006-07-20,477.5252,478.2695,468.9647,469.3369
2006-07-21,470.0813,473.0588,463.3818,465.6149
2006-07-24,465.9871,466.7315,460.4042,464.1261
2006-07-25,468.5925,469.7091,465.6150,466.3593
2006-07-26,468.5924,469.3368,462.2651,463.3817
2006-07-27,463.7539,474.1754,463.7539,470.8256
2006-07-28,475.6641,478.2695,471.5700,473.4310
2006-07-31,481.2471,483.4802,477.1529,480.1305
2006-08-01,474.5477,476.7809,458.1712,460.4043
2006-08-02,452.9601,454.0767,448.1216,452.2158
2006-08-03,453.7047,456.3100,449.2383,455.5656
2006-08-04,456.3101,458.9154,450.7272,458.5432
2006-08-07,458.9155,458.9155,449.2384,449.9828
2006-08-08,450.3549,455.5656,449.6105,455.5656
2006-08-09,448.4939,452.2159,444.7720,451.4715
2006-08-10,451.4716,455.5657,448.8662,454.0770
2006-08-11,455.9377,458.9153,452.2158,452.2158
2006-08-14,457.0546,466.3594,455.9380,465.9872
2006-08-15,463.0095,463.0095,457.4266,458.1710
2006-08-16,460.0320,464.4983,459.6598,463.3817
2006-08-17,467.1037,467.1037,460.7764,461.5208
2006-08-18,465.9872,472.3145,465.9872,471.1979
2006-08-21,468.2204,470.8258,465.6150,468.5926
2006-08-22,471.1978,472.3144,467.8481,470.4535
2006-08-23,470.4534,471.9422,466.3593,467.1037
2006-08-24,466.3593,467.1037,460.7764,461.8929
2006-08-25,462.6373,468.5924,462.6373,464.1261
2006-08-28,467.4760,468.2204,462.6374,464.4984
2006-08-29,466.3593,466.3593,461.5207,464.1261
2006-08-30,464.8705,465.9871,462.2652,465.6149
2006-08-31,465.9871,475.2920,465.2428,473.8032
2006-09-01,473.8032,478.6417,470.4535,476.7808
2006-09-04,479.7583,486.8300,477.1530,484.5969
2006-09-05,484.2247,484.2247,478.6418,478.6418
2006-09-06,473.0588,475.2919,467.8480,469.7090
2006-09-07,469.7090,471.1978,461.1485,463.3817
2006-09-08,457.7988,467.8480,457.7988,464.1261
2006-09-11,463.3819,464.4985,460.0321,460.4043
2006-09-12,465.2426,465.2426,461.1484,463.0094
2006-09-13,468.2202,468.2202,461.1485,462.6373
2006-09-14,463.7539,469.3369,461.8930,467.8481
2006-09-15,467.8480,467.8480,461.1485,463.3817
2006-09-18,463.3817,463.3817,463.3817,463.3817
2006-09-19,466.3594,473.4311,465.2428,465.9872
2006-09-20,465.9872,467.1037,462.2652,466.3593
2006-09-21,470.8256,471.1978,465.9871,469.7090
2006-09-22,467.1038,468.5926,464.4984,465.9872
2006-09-25,470.4533,472.3143,468.9645,472.3143
2006-09-26,470.4433,474.1859,468.5720,472.6889
2006-09-27,474.5600,483.1679,473.0629,483.1679
2006-09-28,482.7937,482.7937,474.1858,476.4313
2006-09-29,479.4253,479.4253,473.0629,476.0570
2006-10-02,478.6768,484.6650,478.3026,482.7937
2006-10-03,483.5424,486.9107,481.2968,483.5424
2006-10-04,480.9222,487.2846,477.5539,479.7995
2006-10-05,482.7938,487.6592,480.9225,486.1622
2006-10-06,486.5362,491.7758,485.0392,488.7817
2006-10-09,488.7817,488.7817,488.7817,488.7817
2006-10-10,494.0214,497.3898,490.6531,493.6472
2006-10-11,497.7641,511.2374,496.6413,502.6295
2006-10-12,502.2552,502.2552,492.5244,492.5244
2006-10-13,495.5184,497.7640,487.2848,488.4075
2006-10-16,490.2787,491.0273,487.6589,487.6589
2006-10-17,485.7879,491.7761,485.7879,490.6533
2006-10-18,492.5247,497.0158,487.6594,495.8931
2006-10-19,497.0154,497.0154,491.0273,495.5184
2006-10-20,496.6413,501.5067,495.1443,501.5067
2006-10-23,501.8807,503.3778,492.8985,496.6411
2006-10-24,495.5185,501.8809,495.1442,500.7581
2006-10-25,501.1323,509.3660,500.7580,507.4947
2006-10-26,508.9917,511.2373,506.7462,508.2432
2006-10-27,507.8689,507.8689,502.6293,503.0035
2006-10-30,504.8751,508.2434,503.0038,507.1207
2006-10-31,507.1206,507.1206,498.5127,506.3721
2006-11-01,508.6177,511.2375,501.1325,507.1207
2006-11-02,512.3602,525.4593,508.6176,525.0850
2006-11-03,525.0850,525.0850,525.0850,525.0850
2006-11-06,519.0969,523.9622,516.8513,521.3424
2006-11-07,523.9621,531.4473,523.5878,525.8334
2006-11-08,522.0910,525.4593,514.2315,515.7286
2006-11-09,519.0968,529.9503,517.9740,527.7048
2006-11-10,523.9621,523.9621,511.2373,513.4828
2006-11-13,508.9919,526.2078,508.9919,523.9622
2006-11-14,523.5879,525.8334,519.8453,523.5879
2006-11-15,516.1027,522.4651,514.2315,519.8453
2006-11-16,520.9680,525.0849,519.4710,519.4710
2006-11-17,523.5880,532.1959,520.9682,526.5820
2006-11-20,522.8395,525.4594,517.9742,517.9742
2006-11-21,522.0909,523.5880,518.7226,522.0909
2006-11-22,517.9742,520.2197,511.9860,517.2256
2006-11-23,517.2256,517.2256,517.2256,517.2256
2006-11-24,510.8633,519.4713,507.4950,514.6059
2006-11-27,511.6117,523.9622,511.2374,522.0909
2006-11-28,514.6058,523.5880,514.6058,522.0909
2006-11-29,522.0910,525.8335,518.7226,525.0850
2006-11-30,520.2196,523.9621,518.3483,523.5879
2006-12-01,523.9622,531.4474,522.8395,525.0850
2006-12-04,529.5760,535.9384,524.7107,531.0731
2006-12-05,536.3129,542.6753,532.5703,538.5584
2006-12-06,535.5642,535.9384,529.2018,531.8216
2006-12-07,534.8156,537.8097,531.0731,533.3186
2006-12-08,530.3247,539.6811,530.3247,536.6871
2006-12-11,537.4354,553.5286,537.4354,551.2830
2006-12-12,548.6632,550.1602,542.6750,544.9206
2006-12-13,543.0494,556.5227,541.5523,556.1484
2006-12-14,553.9030,569.9961,553.1545,568.4991
2006-12-15,568.8731,574.4870,564.7563,569.6216
2006-12-18,566.2535,568.4991,560.6396,565.1307
2006-12-19,564.7564,570.3702,561.7623,562.5108
2006-12-20,562.8850,574.4870,562.1365,572.9900
2006-12-21,576.3585,591.7031,575.6100,589.0833
2006-12-22,590.9544,596.9425,583.4692,588.3346
2006-12-25,587.5860,590.5801,584.9662,586.8375
2006-12-26,584.2179,586.4635,579.7268,586.0892
2006-12-27,583.0950,595.4456,583.0950,593.9485
2006-12-28,595.8199,598.0654,590.5802,592.4515
2006-12-29,592.4514,595.0713,587.2118,588.7089
2007-01-04,589.4576,599.5626,589.4576,599.5626
2007-01-05,602.5564,613.7842,599.9366,608.1703
2007-01-09,608.5445,613.4099,604.4277,611.1643
2007-01-10,604.0536,604.4279,579.3525,583.8436
2007-01-11,583.4694,589.4576,576.3585,578.2298
2007-01-12,578.6040,591.7030,571.4930,584.2178
2007-01-15,583.8436,592.4516,579.3525,590.5803
2007-01-16,585.7150,589.0834,584.9665,585.7150
2007-01-17,583.8433,588.3344,577.8552,584.5919
2007-01-18,584.5919,585.7146,580.4750,584.5919
2007-01-19,582.7208,585.7149,568.4990,569.9960
2007-01-22,572.6157,575.6098,571.4929,572.6157
2007-01-23,568.8734,568.8734,562.1367,567.3763
2007-01-24,570.3701,574.1127,566.6276,566.6276
2007-01-25,567.0018,568.4989,562.1365,564.3820
2007-01-26,564.7565,578.9783,564.3822,578.2298
2007-01-29,578.2296,580.1009,569.9959,576.7325
2007-01-30,576.3584,578.9782,572.6158,577.1069
2007-01-31,573.7385,575.9840,555.0255,569.2474
2007-02-01,571.8670,583.8433,565.8789,581.2234
2007-02-02,584.5920,584.9663,565.8791,566.2534
2007-02-05,571.1188,571.1188,560.2653,563.2594
2007-02-06,561.3879,564.7562,555.7740,559.1423
2007-02-07,554.6515,555.7742,547.9148,553.1544
2007-02-08,553.1543,555.3999,547.1662,551.6573
2007-02-09,551.6572,555.0255,544.1720,552.7800
2007-02-13,545.2949,555.3999,544.5464,550.9088
2007-02-14,551.2831,556.1484,550.5346,553.9029
2007-02-15,554.2773,560.2654,553.1545,559.5169
2007-02-16,562.5108,572.9901,562.1366,571.1188
2007-02-19,566.2533,570.3702,563.6335,567.0018
2007-02-20,568.4989,568.4989,562.1365,567.0018
2007-02-21,567.0020,569.9961,562.8852,568.4991
2007-02-22,570.7446,571.1188,563.6336,569.9960
2007-02-23,566.6276,566.6276,560.2653,562.5108
2007-02-26,561.0138,561.3881,556.5227,557.2712
2007-02-27,556.8968,556.8968,552.0314,554.6512
2007-02-28,527.3303,547.5403,527.3303,547.5403
2007-03-01,541.5523,546.4177,534.8157,544.5464
2007-03-02,549.4117,549.4117,539.3067,544.9206
2007-03-05,537.4355,539.3068,524.3364,534.4414
2007-03-06,541.5524,541.9267,528.0791,534.8157
2007-03-07,535.5643,536.6870,528.0791,529.5761
2007-03-08,530.3246,530.6989,523.9622,529.2018
2007-03-09,525.0850,525.4592,513.8572,517.5998
2007-03-12,525.0849,528.8275,522.8393,524.7106
2007-03-13,529.2018,529.2018,520.9681,523.9622
2007-03-14,516.4770,519.8454,510.8632,516.1028
2007-03-15,516.4770,523.5879,514.2314,523.5879
2007-03-16,516.1029,522.8395,513.4831,517.2256
2007-03-19,516.8513,528.0791,516.1028,526.9563
2007-03-20,529.9502,531.4472,526.9561,528.0789
2007-03-22,532.5702,534.0672,527.3305,529.2018
2007-03-23,532.9443,533.3185,530.6987,532.9443
2007-03-26,535.1900,535.9385,530.6989,535.1900
2007-03-27,534.4371,536.6953,518.6298,522.0171
2007-03-28,520.8882,526.1573,515.2427,519.7591
2007-03-29,519.3828,519.3828,508.4682,512.2319
2007-03-30,512.6081,512.9845,506.2099,510.3499
2007-04-02,547.9862,569.4389,545.7280,566.0516
2007-04-03,559.6537,562.2883,553.6319,557.0192
2007-04-04,549.4918,553.2554,543.8463,547.6100
2007-04-05,552.1263,561.1590,549.8681,559.6536
2007-04-06,559.2771,560.0298,554.0080,558.9007
2007-04-09,557.0190,564.9227,556.6427,563.4172
2007-04-10,560.7827,565.2990,557.7717,561.9117
2007-04-11,557.0191,561.1591,554.3845,556.2664
2007-04-12,554.7611,559.2774,549.4920,552.1265
2007-04-13,555.8899,557.3953,550.2444,553.2553
2007-04-16,557.3953,578.8481,556.6426,567.9335
2007-04-17,569.8154,569.8154,554.7608,558.5245
2007-04-18,558.1481,567.1808,553.6317,564.1699
2007-04-19,560.7827,561.1590,546.1045,550.9972
2007-04-20,555.8900,562.6645,553.6318,561.1591
2007-04-23,558.9007,563.4171,554.7607,555.8898
2007-04-24,553.2555,555.5137,545.7282,551.3737
2007-04-25,549.1153,555.1372,546.4808,552.8790
2007-04-26,557.0189,566.0516,554.0080,563.7935
2007-04-27,566.4280,567.1808,555.5135,555.8898
2007-05-01,555.1370,555.1370,545.7279,546.4807
2007-05-02,547.9863,552.1263,546.4808,549.4918
2007-05-07,552.8790,553.2554,550.9972,550.9972
2007-05-08,551.7499,553.2553,550.2444,553.2553
2007-05-09,550.6210,563.4173,550.6210,560.4064
2007-05-10,553.2553,555.5135,552.8789,553.2553
2007-05-11,552.8792,554.3847,541.9646,544.5992
2007-05-14,558.5246,572.8264,558.5246,568.3101
2007-05-15,555.5135,557.3953,551.3735,555.1371
2007-05-16,554.3844,555.5135,551.7498,555.5135
2007-05-17,552.1263,554.7609,548.3627,549.1154
2007-05-18,555.8899,555.8899,551.7499,554.3845
2007-05-21,554.7608,556.6426,550.2444,555.5135
2007-05-22,557.0190,563.7935,550.2444,562.2881
2007-05-23,562.2883,563.7937,555.5137,557.0192
2007-05-24,546.8575,547.6102,544.9756,547.2338
2007-05-25,541.2119,541.5882,537.4482,537.8246
2007-05-28,531.0500,534.0609,530.6736,532.9318
2007-05-29,529.5445,538.5772,529.5445,536.3190
2007-05-30,528.0391,529.1682,524.6518,526.9100
2007-05-31,530.6735,532.1789,528.0389,529.1680
2007-06-01,530.2972,530.6735,527.2863,527.2863
2007-06-04,531.4262,534.0608,528.4153,528.7917
2007-06-05,541.5882,541.9646,536.3191,537.8246
2007-06-06,536.6953,538.2008,532.9317,534.0608
2007-06-07,530.6734,532.9316,529.1679,530.6734
2007-06-08,538.5771,541.2116,537.8243,538.9534
2007-06-11,547.9862,555.5135,547.2335,553.2553
2007-06-12,544.2227,545.7282,543.0936,544.2227
2007-06-13,536.3190,537.0718,533.6845,536.3190
2007-06-14,538.9538,540.4593,538.2011,539.3302
2007-06-15,534.4371,536.3189,534.0607,534.8134
2007-06-18,535.9429,536.6956,535.1901,535.1901
2007-06-19,532.5554,533.3081,530.6736,533.3081
2007-06-20,532.1791,535.1900,531.4263,532.1791
2007-06-21,529.9209,530.2972,528.0391,528.0391
2007-06-22,524.6518,525.0281,522.7699,524.2754
2007-06-25,523.1464,523.1464,515.6191,515.6191
2007-06-26,519.7590,522.0172,515.6190,521.2645
2007-06-27,517.8773,518.2537,512.9846,513.3610
2007-06-28,517.8772,530.2973,515.9954,529.9209
2007-06-29,534.4371,534.8134,529.1680,534.8134
2007-07-02,534.8136,534.8136,528.0391,529.9209
2007-07-03,534.0607,534.0607,528.0389,528.4153
2007-07-04,528.4153,530.2971,526.9099,528.7917
2007-07-05,528.7917,531.0499,527.2863,531.0499
2007-07-06,529.1681,529.9209,522.3936,524.2754
2007-07-09,529.9209,534.0609,528.4155,532.5555
2007-07-10,532.9318,534.4373,531.4264,532.5555
2007-07-11,528.4155,530.6737,523.8991,523.8991
2007-07-12,526.9098,527.6626,520.8880,522.0171
2007-07-13,526.1572,527.2863,520.8881,522.7700
2007-07-17,520.1356,521.2647,519.3828,520.1356
2007-07-18,522.7699,524.2754,520.5118,520.8881
2007-07-19,531.4264,532.9318,528.7918,531.8027
2007-07-20,549.4917,550.2445,547.6099,549.8681
2007-07-23,548.7389,549.4916,545.3516,545.3516
2007-07-24,547.6100,551.3737,546.8573,551.3737
2007-07-25,558.1481,558.1481,552.1262,552.8790
2007-07-26,552.1263,553.6318,549.4918,549.4918
2007-07-27,538.9536,543.0937,538.9536,541.5882
2007-07-30,545.7281,547.2335,536.3190,542.7172
2007-07-31,535.1901,545.3520,532.5556,543.4702
2007-08-01,535.9427,538.2009,531.0500,532.1791
2007-08-02,539.7064,541.2119,530.2973,535.5664
2007-08-03,523.8989,528.4153,523.8989,528.4153
2007-08-06,525.0282,528.0391,522.3936,527.6627
2007-08-07,527.6626,528.0390,522.7699,523.1462
2007-08-08,525.7808,531.0499,525.7808,528.7917
2007-08-09,537.4480,541.9643,531.8025,534.8134
2007-08-10,533.3081,546.1045,532.5554,541.2117
2007-08-13,545.7282,545.7282,541.9645,544.2227
2007-08-14,531.8027,532.9317,527.2863,531.0499
2007-08-15,522.0171,523.5226,518.6299,522.3935
2007-08-16,512.6080,529.1680,509.5971,525.4044
2007-08-17,517.8773,523.8991,488.8972,488.8972
2007-08-20,504.7045,505.8336,501.6936,502.0699
2007-08-21,502.8227,507.3391,499.4354,500.1882
2007-08-22,500.5645,501.3173,497.9300,500.1882
2007-08-23,519.0064,522.0173,516.7482,519.7591
2007-08-24,521.2645,531.0500,519.3827,529.9209
2007-08-27,542.3410,542.3410,538.5773,540.8355
2007-08-28,545.7281,551.3736,541.9645,550.9972
2007-08-29,547.9861,557.3952,546.4807,556.6425
2007-08-30,552.5027,553.6318,545.3518,550.2445
2007-08-31,547.2337,551.7500,546.1046,551.3737
2007-09-03,542.7173,549.1155,540.8355,548.7391
2007-09-04,549.4918,554.7609,545.7281,552.5027
2007-09-05,544.9753,547.2334,538.5771,538.9534
2007-09-06,539.3298,549.8680,535.9426,547.9862
2007-09-07,540.4590,543.8463,537.0717,541.2117
2007-09-10,528.0391,533.6845,526.9100,531.4263
2007-09-11,538.9535,539.3299,529.5444,537.0717
2007-09-12,539.7066,544.5993,537.8247,540.4593
2007-09-13,535.5663,540.4590,535.5663,536.3190
2007-09-14,536.3191,548.7391,531.0500,545.7282
2007-09-18,533.6846,535.9428,529.9209,532.5555
2007-09-19,540.0827,543.4700,533.6845,538.5773
2007-09-20,519.7589,525.7808,519.0062,525.7808
2007-09-21,525.4044,526.1572,517.8772,526.1572
2007-09-25,537.1346,537.1346,531.0782,534.8635
2007-09-26,534.8634,537.1346,529.5640,532.2137
2007-09-27,526.9143,536.7561,526.9143,535.6205
2007-09-28,541.2984,546.5978,537.1345,545.0837
2007-10-01,545.4620,550.3829,545.0835,549.6259
2007-10-02,542.0554,542.4339,528.8068,529.5639
2007-10-03,507.2307,519.3437,504.9595,506.4736
2007-10-04,508.3663,513.6657,507.6092,512.9086
2007-10-05,509.1233,510.2589,507.6092,507.6092
2007-10-09,510.6375,511.0161,499.6602,500.7957
2007-10-10,503.0671,503.0671,499.2818,500.4174
2007-10-11,500.7956,503.0668,495.8747,501.9312
2007-10-12,502.6883,504.5809,502.6883,504.5809
2007-10-15,509.8805,509.8805,504.9596,507.2307
2007-10-16,508.4227,508.4227,505.7166,505.7166
2007-10-17,506.9556,506.9556,505.7166,505.7166
2007-10-18,506.0950,507.9876,503.0667,507.9876
2007-10-19,495.1176,497.3888,495.1176,497.3888
2007-10-22,492.0895,495.1177,487.1686,493.9821
2007-10-23,494.3605,502.3097,494.3605,502.3097
2007-10-24,499.2815,499.2815,496.6318,496.6318
2007-10-25,496.6318,496.6318,492.0894,492.0894
2007-10-26,485.2759,486.7901,485.2759,486.7901
2007-10-29,487.5470,489.0611,485.2758,485.2758
2007-10-30,479.5979,479.5979,479.2194,479.2194
2007-10-31,481.4906,492.8465,479.9765,489.8183
2007-11-01,489.8184,492.8467,489.8184,492.8467
2007-11-02,494.3608,494.3608,486.0331,486.0331
2007-11-05,484.8975,487.5472,481.8693,482.2478
2007-11-06,482.2477,484.5189,482.2477,484.5189
2007-11-07,487.9255,487.9255,473.9199,473.9199
2007-11-08,473.9201,473.9201,462.1857,462.1857
2007-11-09,461.8070,477.7053,461.8070,477.7053
2007-11-12,477.7052,477.7052,467.1063,467.1063
2007-11-13,465.2138,469.3776,462.5641,466.7279
2007-11-14,466.7280,472.4060,466.7280,472.4060
2007-11-15,472.4058,472.4058,464.8352,464.8352
2007-11-16,464.8353,467.4850,464.8353,467.4850
2007-11-19,467.4850,467.4850,465.5924,465.5924
2007-11-20,465.5924,465.9709,465.5924,465.9709
2007-11-21,467.4850,467.4850,458.4003,458.4003
2007-11-22,458.4002,463.3211,458.4002,463.3211
2007-11-26,459.9143,467.4849,457.2646,457.2646
2007-11-27,457.2646,458.0217,457.2646,458.0217
2007-11-28,458.0218,458.0218,456.1292,456.1292
2007-11-29,456.1290,459.9143,456.1290,459.9143
2007-11-30,459.9143,460.2929,459.9143,460.2929
2007-12-03,460.2930,460.2930,455.7506,455.7506
2007-12-04,458.0218,458.4003,456.8862,458.4003
2007-12-05,459.9144,466.7279,459.9144,466.7279
2007-12-06,467.4850,483.0047,467.4850,483.0047
2007-12-07,483.0047,483.0047,480.7335,480.7335
2007-12-10,478.0839,496.2534,478.0839,496.2534
2007-12-11,503.0668,503.0668,498.9030,498.9030
2007-12-12,496.6318,504.9595,496.6318,504.9595
2007-12-13,504.9595,504.9595,504.2025,504.2025
2007-12-14,502.3097,510.2588,502.3097,510.2588
2007-12-17,508.3665,508.3665,501.5529,501.5529
2007-12-18,495.4961,503.0667,492.4678,503.0667
2007-12-19,501.1744,501.1744,492.8467,492.8467
2007-12-20,492.8464,492.8464,488.3040,488.3040
2007-12-21,488.3041,494.3606,488.3041,494.3606
2007-12-25,493.2250,494.3606,493.2250,494.3606
2007-12-26,492.4681,494.3608,492.0896,492.8467
2007-12-27,493.6036,493.6036,488.6827,488.6827
2007-12-28,489.0612,489.0612,479.5980,481.1121
2008-01-04,454.2362,469.3775,454.2362,468.6204
2008-01-07,463.3211,464.8352,463.3211,464.8352
2008-01-08,464.8353,473.1630,464.8353,473.1630
2008-01-09,473.1630,481.1121,473.1630,481.1121
2008-01-10,481.1122,481.1122,478.0839,478.0839
2008-01-11,478.0839,478.0839,471.6489,471.6489
2008-01-15,471.6488,471.6488,468.9991,468.9991
2008-01-16,458.0217,471.6488,456.8861,459.9143
2008-01-17,461.8069,461.8069,452.7222,452.7222
2008-01-18,452.7223,452.7223,441.3664,441.3664
2008-01-21,441.3664,441.3664,421.3043,421.3043
2008-01-22,421.3044,421.3044,409.5699,409.5699
2008-01-23,409.9958,409.9958,409.9484,409.9484
2008-01-24,409.9484,409.9484,408.8128,408.8128
2008-01-25,408.8128,424.7111,408.8128,424.7111
2008-01-28,420.1686,420.1686,410.7053,410.7053
2008-01-29,410.7054,410.7054,408.8128,408.8128
2008-01-30,411.1635,411.1635,398.2140,398.2140
2008-01-31,400.1851,428.1179,400.1851,428.1179
2008-02-01,428.1180,428.1180,418.2762,418.2762
2008-02-04,418.2762,432.6603,418.2762,432.6603
2008-02-05,431.1461,434.1743,431.1461,434.1743
2008-02-06,434.1744,434.1744,424.7111,424.7111
2008-02-07,424.7111,424.7111,424.3326,424.3326
2008-02-08,424.6030,424.6030,423.1971,423.1971
2008-02-12,423.1969,423.1969,421.6828,421.6828
2008-02-13,422.8183,422.8183,417.1404,417.1404
2008-02-14,416.3834,431.1461,416.3834,431.1461
2008-02-15,429.6320,434.5529,426.2252,434.5529
2008-02-18,447.0444,447.0444,446.2873,446.2873
2008-02-19,444.3014,455.7506,444.3014,455.7506
2008-02-20,457.2646,457.2646,447.4228,447.4228
2008-02-21,447.4230,454.9936,447.4230,454.9936
2008-02-22,454.9936,456.1292,454.9936,456.1292
2008-02-25,454.3274,476.5697,454.3274,476.5697
2008-02-26,474.6771,474.6771,467.4850,467.4850
2008-02-27,467.4850,481.8692,467.4850,481.8692
2008-02-28,481.8690,481.8690,473.5413,473.5413
2008-02-29,470.8918,478.4624,470.8918,478.4624
2008-03-03,478.4624,478.4624,465.5924,465.5924
2008-03-04,465.5924,465.5924,461.8071,461.8071
2008-03-05,471.2702,477.7053,471.2702,477.7053
2008-03-06,475.8184,475.8184,466.7279,466.7279
2008-03-07,466.7279,466.7279,460.6714,460.6714
2008-03-10,460.6714,460.6714,459.9143,459.9143
2008-03-11,461.8072,461.8072,438.7168,438.7168
2008-03-12,440.8444,440.8444,428.8749,428.8749
2008-03-13,428.8749,428.8749,409.9484,409.9484
2008-03-14,411.5676,414.4907,411.5676,414.4907
2008-03-17,414.4907,414.4907,400.4851,400.4851
2008-03-18,398.9710,412.9766,398.9710,412.9766
2008-03-19,412.9766,416.0048,412.9766,416.0048
2008-03-21,417.8975,421.6828,417.8975,421.6828
2008-03-24,415.4640,415.4640,405.4059,405.4059
2008-03-25,409.9483,414.1122,409.9483,414.1122
2008-03-26,415.8308,415.8308,409.5363,409.5363
2008-03-27,411.0617,411.0617,389.7078,389.7078
2008-03-28,389.7078,393.1396,389.7078,393.1396
2008-03-31,394.8497,394.8497,385.1319,385.1319
2008-04-01,385.1320,398.8595,385.1320,398.8595
2008-04-02,398.8594,401.9099,398.8594,401.9099
2008-04-03,403.0539,403.0539,400.7660,400.7660
2008-04-04,410.2991,413.3497,410.2991,413.3497
2008-04-07,417.5441,420.9760,417.5441,420.9760
2008-04-08,420.9759,420.9759,416.0188,416.0188
2008-04-09,416.0189,416.0189,404.5793,404.5793
2008-04-10,397.7155,397.7155,396.9529,396.9529
2008-04-11,397.3342,402.2913,397.3342,402.2913
2008-04-14,401.1474,401.1474,397.7155,397.7155
2008-04-15,398.9430,399.6220,398.9430,399.6220
2008-04-16,403.4352,403.4352,400.7660,400.7660
2008-04-17,398.1732,398.1732,394.6650,394.6650
2008-04-18,393.5210,396.9529,393.5210,396.9529
2008-04-21,398.8595,400.3848,398.8595,400.3848
2008-04-22,396.9528,403.0539,396.9528,403.0539
2008-04-23,403.4352,403.4352,401.5287,401.5287
2008-04-24,401.9099,401.9099,393.9022,393.9022
2008-04-25,396.5716,396.9529,396.5716,396.9529
2008-04-28,396.9529,396.9529,395.8089,395.8089
2008-04-30,395.8089,398.8595,395.8089,398.8595
2008-05-01,396.9528,396.9528,395.0462,395.0462
2008-05-02,395.0462,409.9177,395.0462,409.9177
2008-05-07,412.0634,412.0634,410.6804,410.6804
2008-05-08,411.4430,417.1628,411.4430,417.1628
2008-05-09,416.4001,416.4001,393.1396,393.1396
2008-05-12,393.1396,393.1396,387.4199,387.4199
2008-05-13,390.8518,390.8518,390.0891,390.0891
2008-05-14,392.3770,392.3770,391.9957,391.9957
2008-05-15,389.7078,389.7078,389.3265,389.3265
2008-05-16,389.3265,389.3265,388.1825,388.1825
2008-05-19,387.4198,387.4198,386.6572,386.6572
2008-05-20,386.6572,387.0385,386.6572,387.0385
2008-05-21,389.7078,391.2331,389.7078,391.2331
2008-05-22,391.2331,391.2331,388.9452,388.9452
2008-05-23,388.1825,388.1825,386.6572,386.6572
2008-05-26,383.2253,383.2253,379.0308,379.0308
2008-05-27,379.0308,379.0308,377.1242,377.1242
2008-05-28,376.7429,376.7429,374.4550,374.4550
2008-05-29,374.4551,379.4122,374.4551,379.4122
2008-05-30,379.4123,390.8519,379.4123,390.8519
2008-06-02,390.8518,390.8518,387.8012,387.8012
2008-06-03,387.8012,387.8012,387.0385,387.0385
2008-06-04,387.0386,394.6650,387.0386,394.6650
2008-06-05,394.6649,402.2913,394.6649,402.2913
2008-06-06,402.2913,406.4858,402.2913,406.4858
2008-06-09,399.6221,399.6221,398.4782,398.4782
2008-06-10,398.4782,398.4782,398.4782,398.4782
2008-06-11,398.4781,405.3419,398.4781,405.3419
2008-06-12,409.1551,409.1551,399.2408,399.2408
2008-06-13,397.7154,397.7154,395.4275,395.4275
2008-06-16,395.4277,404.5793,395.4277,404.5793
2008-06-17,404.1979,407.2484,404.1979,407.2484
2008-06-18,407.2486,409.1552,407.2486,409.1552
2008-06-19,409.5139,409.5139,407.2484,407.2484
2008-06-20,397.3342,397.3342,397.3342,397.3342
2008-06-23,395.8089,395.8089,394.2837,394.2837
2008-06-24,394.2836,394.2836,393.1396,393.1396
2008-06-25,393.1397,393.1397,391.6144,391.6144
2008-06-26,391.6143,391.6143,387.0385,387.0385
2008-06-27,387.0386,387.0386,381.3188,381.3188
2008-06-30,381.7002,382.8441,381.7002,382.8441
2008-07-01,382.8440,384.3693,382.8440,384.3693
2008-07-02,384.3693,384.3693,377.1242,377.1242
2008-07-03,377.1243,377.1243,371.0232,371.0232
2008-07-04,371.0231,374.4550,371.0231,374.4550
2008-07-07,374.4550,377.5056,374.4550,377.5056
2008-07-08,375.5990,375.5990,372.5484,372.5484
2008-07-09,372.5484,372.5484,372.5484,372.5484
2008-07-10,372.5485,372.5485,365.6847,365.6847
2008-07-11,365.6847,370.6418,365.6847,370.6418
2008-07-14,370.6418,371.7858,370.6418,371.7858
2008-07-15,373.6925,373.6925,371.0232,371.0232
2008-07-16,371.0232,375.5990,371.0232,375.5990
2008-07-17,375.5990,375.5990,374.8364,374.8364
2008-07-18,374.8364,375.9803,374.8364,375.9803
2008-07-22,379.7935,380.1748,375.5990,379.0308
2008-07-23,382.0814,382.0814,379.4122,379.4122
2008-07-24,386.6574,390.8519,386.6574,390.8519
2008-07-25,392.7583,392.7583,388.9452,388.9452
2008-07-28,388.5640,390.8519,388.5640,390.8519
2008-07-29,393.1396,395.0462,393.1396,395.0462
2008-07-30,395.0463,411.8243,395.0463,411.8243
2008-07-31,411.8243,423.2638,411.8243,423.2638
2008-08-01,423.6451,423.6451,422.8824,422.8824
2008-08-04,422.8825,422.8825,415.2561,415.2561
2008-08-05,415.2562,415.2562,410.2990,410.2990
2008-08-06,410.2991,419.4507,410.2991,419.4507
2008-08-07,418.3066,418.3066,414.1121,414.1121
2008-08-08,402.2914,404.9606,402.2914,404.9606
2008-08-11,414.8749,414.8749,410.2990,410.2990
2008-08-12,410.2990,410.2990,392.3770,392.3770
2008-08-13,392.3769,393.9022,392.3769,393.9022
2008-08-14,393.1398,393.1398,390.8519,390.8519
2008-08-15,390.8518,390.8518,389.7078,389.7078
2008-08-18,395.0463,395.0463,392.7584,392.7584
2008-08-19,392.7583,392.7583,386.6572,386.6572
2008-08-20,386.6572,387.4199,386.6572,387.4199
2008-08-21,387.4198,387.4198,387.0385,387.0385
2008-08-22,387.4200,387.4200,380.9375,380.9375
2008-08-25,380.9375,381.7001,380.9375,381.7001
2008-08-26,381.7000,381.7000,377.1242,377.1242
2008-08-27,375.5990,376.7430,375.5990,376.7430
2008-08-28,376.7430,381.3188,376.7430,381.3188
2008-08-29,381.7001,381.7001,380.1749,380.1749
2008-09-01,380.1749,380.9375,380.1749,380.9375
2008-09-02,400.3846,400.3846,377.1242,377.1242
2008-09-03,377.1243,388.9452,377.1243,388.9452
2008-09-04,388.9451,401.5287,388.9451,401.5287
2008-09-05,401.1474,401.1474,398.4782,398.4782
2008-09-08,398.4782,401.1474,398.4782,401.1474
2008-09-09,401.1474,404.9606,401.1474,404.9606
2008-09-10,400.0034,400.3847,393.5210,393.5210
2008-09-11,393.5209,395.0462,393.5209,395.0462
2008-09-12,395.0462,395.0462,387.4199,387.4199
2008-09-16,387.4198,387.4198,377.1242,377.1242
2008-09-17,391.2331,400.3848,391.2331,400.3848
2008-09-18,400.3847,400.3847,398.8595,398.8595
2008-09-19,398.8594,398.8594,382.0814,382.0814
2008-09-22,382.0814,382.0814,379.7935,379.7935
2008-09-24,377.8869,384.7506,377.8869,384.7506
2008-09-25,384.7506,392.0536,384.7506,392.0536
2008-09-26,387.0569,387.0569,385.5194,385.5194
2008-09-29,385.9038,396.6660,385.9038,396.6660
2008-09-30,397.0504,397.0504,383.9819,383.9819
2008-10-01,383.9820,388.5944,383.9820,388.5944
2008-10-02,388.5943,388.5943,383.5976,383.5976
2008-10-03,379.3695,379.7539,379.3695,379.7539
2008-10-06,379.7539,379.7539,371.6822,371.6822
2008-10-07,365.1480,365.1480,362.4575,362.4575
2008-10-08,362.4574,362.4574,337.8580,337.8580
2008-10-09,334.0144,334.0144,326.7114,326.7114
2008-10-10,326.7113,326.7113,295.9620,295.9620
2008-10-14,295.9621,334.3987,295.9621,334.3987
2008-10-15,335.5518,354.7701,335.5518,354.7701
2008-10-16,354.7702,354.7702,316.3335,316.3335
2008-10-17,316.3335,338.6267,316.3335,338.6267
2008-10-20,338.6267,350.1577,338.6267,350.1577
2008-10-21,345.1610,345.1610,345.1610,345.1610
2008-10-22,345.1609,345.1609,329.7863,329.7863
2008-10-23,329.7862,329.7862,322.8676,322.8676
2008-10-24,322.8677,322.8677,305.5712,305.5712
2008-10-27,305.5712,305.5712,295.9620,295.9620
2008-10-28,295.9620,301.3431,295.9620,301.3431
2008-10-29,301.3431,317.8709,301.3431,317.8709
2008-10-30,317.8709,319.4084,317.8709,319.4084
2008-10-31,320.5615,321.7146,320.5615,321.7146
2008-11-04,321.7147,321.7147,316.3335,316.3335
2008-11-05,316.3334,339.3954,316.3334,339.3954
2008-11-06,339.7797,346.6983,339.7797,346.6983
2008-11-07,346.6984,359.7669,346.6984,359.7669
2008-11-10,359.7669,378.6008,359.7669,378.6008
2008-11-11,378.9852,378.9852,370.9135,370.9135
2008-11-12,370.9135,370.9135,358.9982,358.9982
2008-11-13,358.9981,358.9981,351.3108,351.3108
2008-11-14,351.3108,359.7669,351.3108,359.7669
2008-11-17,359.7668,375.9102,359.7668,375.9102
2008-11-18,375.9103,375.9103,365.9168,365.9168
2008-11-19,365.9167,375.9102,365.9167,375.9102
2008-11-20,375.9103,375.9103,357.4607,357.4607
2008-11-21,357.4606,357.4606,357.0762,357.0762
2008-11-25,357.0762,375.5258,357.0762,375.5258
2008-11-26,375.5259,375.5259,361.3044,361.3044
2008-11-27,361.3043,374.3728,361.3043,374.3728
2008-11-28,374.3727,388.2099,374.3727,388.2099
2008-12-01,388.2100,388.2100,371.6822,371.6822
2008-12-02,371.6822,371.6822,370.9135,370.9135
2008-12-03,370.9135,379.7539,370.9135,379.7539
2008-12-04,379.7539,379.7539,373.6041,373.6041
2008-12-05,373.6040,373.6040,369.3760,369.3760
2008-12-08,369.3760,395.8973,369.3760,395.8973
2008-12-09,395.8973,395.8973,380.5226,380.5226
2008-12-10,380.5226,385.9038,380.5226,385.9038
2008-12-11,387.4411,387.4411,387.4411,387.4411
2008-12-12,387.8256,387.8256,362.0731,362.0731
2008-12-15,380.9070,380.9070,378.6008,378.6008
2008-12-16,378.6008,378.6008,357.8450,357.8450
2008-12-17,357.8451,361.3044,357.8451,361.3044
2008-12-18,361.3043,368.9916,361.3043,368.9916
2008-12-19,373.4235,373.4235,369.7604,369.7604
2008-12-22,369.7603,369.7603,363.9948,363.9948
2008-12-24,364.3793,364.3793,361.3044,361.3044
2008-12-25,366.5209,366.5209,366.3011,366.3011
2008-12-26,367.8385,367.8385,364.3792,366.6854
2008-12-29,370.0236,371.2978,370.0236,371.2978
2008-12-30,367.4541,375.5258,367.0697,373.2196
2009-01-05,378.9852,380.5226,369.3760,370.1447
2009-01-06,371.6822,371.6822,366.3011,366.3011
2009-01-07,345.9297,345.9297,343.2391,343.2391
2009-01-08,343.2392,343.2392,337.0893,337.0893
2009-01-09,337.4736,337.4736,337.4736,337.4736
2009-01-13,338.6268,338.6268,330.5551,330.5551
2009-01-14,330.5551,330.5551,324.0208,324.0208
2009-01-15,324.0208,324.0208,315.1803,315.1803
2009-01-16,315.1804,320.9459,315.1804,320.9459
2009-01-19,320.9459,320.9459,311.7211,311.7211
2009-01-20,311.7211,311.7211,305.9556,305.9556
2009-01-21,305.9555,305.9555,303.2650,303.2650
2009-01-22,303.2650,303.2650,302.8807,302.8807
2009-01-23,302.8807,302.8807,302.8807,302.8807
2009-01-26,302.8806,302.8806,301.7275,301.7275
2009-01-27,301.7275,307.4930,301.7275,307.4930
2009-01-28,307.4931,308.6462,307.4931,308.6462
2009-01-29,308.6461,311.7211,308.6461,311.7211
2009-01-30,311.7210,311.7210,301.3431,301.3431
2009-02-02,301.3432,301.3432,300.1901,300.1901
2009-02-03,300.1900,300.1900,283.6623,283.6623
2009-02-04,283.6623,283.6623,276.3594,276.3594
2009-02-05,276.3594,276.3594,270.9782,270.9782
2009-02-06,270.9782,270.9782,270.2095,270.2095
2009-02-09,270.2096,270.2096,262.1379,262.1379
2009-02-10,259.8316,262.5222,255.6036,258.6785
2009-02-12,261.3692,261.3692,249.4538,249.4538
2009-02-13,249.4537,252.5286,249.4537,252.5286
2009-02-16,252.5286,254.4504,252.5286,254.4504
2009-02-17,254.4505,254.4505,247.9163,247.9163
2009-02-18,247.9162,247.9162,246.3788,246.3788
2009-02-19,255.6035,255.6035,255.6035,255.6035
2009-02-20,255.6037,255.6037,249.4538,249.4538
2009-02-23,249.8381,252.1443,249.8381,252.1443
2009-02-24,252.1443,256.3724,252.1443,256.3724
2009-02-25,256.3723,258.2941,256.3723,258.2941
2009-02-26,258.2941,258.2941,255.9879,255.9879
2009-02-27,255.9880,260.2160,255.9880,260.2160
2009-03-02,260.2160,260.2160,256.3724,256.3724
2009-03-03,256.3723,256.3723,249.8381,249.8381
2009-03-04,249.8380,249.8380,247.1475,247.1475
2009-03-05,247.1475,251.7599,247.1475,251.7599
2009-03-06,251.7599,251.7599,248.6850,248.6850
2009-03-09,248.6850,248.6850,247.9163,247.9163
2009-03-10,248.3006,248.3006,241.3820,241.3820
2009-03-11,241.3820,248.6850,241.3820,248.6850
2009-03-12,248.6850,248.6850,241.7664,241.7664
2009-03-13,241.7664,246.7632,241.7664,246.7632
2009-03-16,247.5319,250.9912,247.5319,250.9912
2009-03-17,252.5286,255.2192,252.5286,255.2192
2009-03-18,255.2192,255.2192,255.2192,255.2192
2009-03-19,255.2192,258.6785,255.2192,258.6785
2009-03-23,258.6785,266.3658,258.6785,266.3658
2009-03-24,266.3659,275.9750,266.3659,275.9750
2009-03-25,276.7437,281.3561,276.7437,281.3561
2009-03-26,281.3561,281.3561,281.3561,281.3561
2009-03-27,282.5219,282.5219,276.6927,276.6927
2009-03-30,276.6928,276.6928,270.0863,270.0863
2009-03-31,270.0863,270.0863,270.0863,270.0863
2009-04-01,270.0863,270.0863,269.3091,269.3091
2009-04-02,269.3091,269.3091,268.1432,268.1432
2009-04-03,267.7546,270.8636,267.7546,270.8636
2009-04-06,273.1953,275.5270,273.1953,275.5270
2009-04-07,275.9155,285.2422,275.9155,285.2422
2009-04-08,282.1334,282.1334,281.7448,281.7448
2009-04-09,282.5220,286.4081,282.5220,286.4081
2009-04-10,286.0196,287.5740,286.0196,287.5740
2009-04-13,281.7448,281.7448,280.5790,280.5790
2009-04-14,282.1333,282.1333,281.3561,281.3561
2009-04-15,281.3562,281.3562,279.4131,279.4131
2009-04-16,279.4130,280.1902,279.4130,280.1902
2009-04-17,280.1903,280.1903,275.1383,275.1383
2009-04-20,274.3611,274.3611,272.0294,272.0294
2009-04-21,272.8066,272.8066,272.8066,272.8066
2009-04-22,274.4435,274.4435,268.5319,268.5319
2009-04-23,268.1433,270.8636,268.1433,270.8636
2009-04-24,276.6928,279.0245,276.6928,279.0245
2009-04-27,278.2711,278.2711,273.5839,273.5839
2009-04-28,273.5838,273.9724,273.5838,273.9724
2009-04-30,273.9724,280.9674,273.9724,280.9674
2009-05-01,280.1903,280.1903,278.6358,278.6358
2009-05-07,277.0815,277.0815,276.3043,276.3043
2009-05-08,276.3041,282.5219,276.3041,282.5219
2009-05-11,282.9106,286.7967,282.9106,286.7967
2009-05-12,287.7001,289.9056,287.7001,289.9056
2009-05-13,296.1235,296.9007,296.1235,296.9007
2009-05-14,296.9006,299.2323,296.9006,299.2323
2009-05-15,299.2323,299.2323,282.5219,282.5219
2009-05-18,282.5220,282.5220,275.9156,275.9156
2009-05-19,275.9156,275.9156,275.9156,275.9156
2009-05-20,275.9155,277.0814,275.9155,277.0814
2009-05-21,277.0814,277.0814,275.5270,275.5270
2009-05-22,275.9155,278.6358,275.9155,278.6358
2009-05-25,279.4131,279.4131,278.6358,278.6358
2009-05-26,278.6358,278.6358,272.8066,272.8066
2009-05-27,272.8066,280.9674,272.8066,280.9674
2009-05-28,280.9675,280.9675,279.0245,279.0245
2009-05-29,279.4131,279.4131,275.5270,275.5270
2009-06-01,277.8586,278.6358,277.8586,278.6358
2009-06-02,278.6359,279.0245,278.6359,279.0245
2009-06-03,280.1903,280.1903,278.2473,278.2473
2009-06-04,279.4131,279.4131,275.1383,275.1383
2009-06-05,275.9803,276.3043,275.9803,276.3043
2009-06-08,278.2472,280.1902,278.2472,280.1902
2009-06-09,278.2472,280.1902,278.2472,280.1902
2009-06-10,281.3562,287.9626,281.3562,287.9626
2009-06-11,289.5170,291.8487,289.1284,291.4601
2009-06-12,291.8487,294.9577,290.6829,293.4032
2009-06-15,293.4032,293.7918,293.0146,293.4032
2009-06-16,287.5740,288.3512,285.2423,286.4081
2009-06-17,289.1283,290.6828,286.7967,287.1853
2009-06-18,290.6828,292.2373,288.7398,291.8487
2009-06-19,289.1284,291.4601,287.9626,291.4601
2009-06-22,295.3462,299.2324,294.5690,295.7349
2009-06-23,289.9057,289.9057,286.0196,287.5740
2009-06-24,292.6258,292.6258,289.5169,289.5169
2009-06-25,289.5169,291.4600,287.5739,289.5169
2009-06-26,291.0715,293.7918,287.9626,293.0145
2009-06-29,295.3463,295.7349,293.0146,293.7918
2009-06-30,295.3462,297.2893,293.7918,296.9007
2009-07-01,299.2324,306.6160,298.0665,303.8958
2009-07-02,307.0047,307.0047,300.3982,301.1755
2009-07-03,296.1234,299.6210,293.7918,297.6779
2009-07-06,296.5120,303.1185,294.1803,300.3982
2009-07-07,303.1184,312.8338,303.1184,312.4452
2009-07-08,308.1705,309.3364,304.2844,305.8388
2009-07-09,303.1184,305.0615,297.6778,299.2323
2009-07-10,303.1185,303.5071,297.2893,300.0096
2009-07-13,302.3412,312.4451,301.1754,301.5640
2009-07-14,304.6729,305.8387,297.2892,302.3412
2009-07-15,304.6729,307.7818,302.7298,305.0615
2009-07-16,308.9477,310.1135,307.0046,308.1704
2009-07-17,309.3363,310.8907,305.4501,306.6160
2009-07-21,303.8957,309.7249,303.8957,308.5590
2009-07-22,312.4451,322.1605,308.5590,320.2174
2009-07-23,322.1605,326.4353,319.8288,321.3833
2009-07-24,321.3832,322.1605,317.1085,320.2174
2009-07-27,320.2176,325.2696,317.8859,317.8859
2009-07-28,321.7719,322.1605,317.8858,319.4402
2009-07-29,321.7719,322.9378,320.6061,320.9947
2009-07-30,322.1605,323.7150,319.0516,322.9378
2009-07-31,324.4923,357.1358,323.7151,352.8611
2009-08-03,356.3585,363.3536,346.2546,349.3635
2009-08-04,347.8090,348.5863,343.9229,344.3115
2009-08-05,342.3685,355.1927,342.3685,351.3066
2009-08-06,351.3066,354.0269,347.8090,349.3635
2009-08-07,347.4204,347.8090,341.5912,347.8090
2009-08-10,350.5293,356.3585,348.9748,350.5293
2009-08-11,350.5293,354.0268,350.5293,352.0838
2009-08-12,348.1977,352.0838,347.8090,348.5863
2009-08-13,352.4724,358.6902,350.1407,350.1407
2009-08-14,354.0268,357.9130,351.3065,357.9130
2009-08-17,357.9131,357.9131,352.0839,352.8611
2009-08-18,354.4155,363.7422,352.4724,362.9650
2009-08-19,362.5763,363.7422,358.6902,361.7991
2009-08-20,362.9650,372.2917,361.7991,370.7372
2009-08-21,366.8511,369.5714,360.2447,364.9080
2009-08-24,367.2397,371.1258,366.8511,369.5714
2009-08-25,365.6853,371.1259,365.6853,367.2398
2009-08-26,366.4625,368.7942,361.7992,367.2398
2009-08-27,366.0739,367.2397,360.2447,364.5194
2009-08-28,368.0169,368.0169,362.9649,366.8511
2009-08-31,368.0169,376.5664,366.0738,368.7941
2009-09-02,355.9699,355.9699,352.0837,354.4154
2009-09-03,351.3066,354.8041,350.5293,353.6382
2009-09-04,355.1927,356.7471,346.2546,347.8090
2009-09-07,347.8091,349.3635,344.3115,345.8660
2009-09-08,343.1457,346.6433,340.4254,340.8141
2009-09-09,341.2026,343.5343,336.9279,339.6482
2009-09-10,344.7002,348.9749,343.9229,348.9749
2009-09-11,350.5293,350.5293,344.3114,346.2545
2009-09-14,345.4774,346.2546,336.9279,339.6482
2009-09-15,338.0937,341.9799,337.3165,339.6482
2009-09-16,345.0887,351.6952,343.1457,345.0887
2009-09-17,352.8610,358.3016,351.6951,357.9130
2009-09-18,361.0219,362.1877,352.8610,357.1358
2009-09-21,357.1358,357.1358,357.1358,357.1358
2009-09-24,364.9080,366.8511,359.0788,361.7991
2009-09-25,363.7590,363.7590,355.5274,359.0552
2009-09-28,352.7836,355.5275,350.0398,353.5676
2009-09-29,357.0953,357.0953,346.1198,346.9038
2009-09-30,345.7279,352.3915,345.7279,352.3915
2009-10-01,354.7434,357.0953,350.0397,351.2156
2009-10-02,345.7280,348.4718,342.5921,344.1600
2009-10-05,344.1600,347.2959,342.2001,344.1600
2009-10-06,344.1600,344.1600,335.1444,336.7123
2009-10-07,337.1042,338.6722,333.1844,335.5363
2009-10-08,333.9684,334.7524,329.2646,330.8326
2009-10-09,333.1845,333.5765,329.2647,331.2246
2009-10-13,330.8325,332.4005,329.2646,330.0486
2009-10-14,332.4004,337.4962,330.4405,335.9283
2009-10-15,339.8482,343.7680,337.8883,339.8482
2009-10-16,336.7123,342.2001,336.7123,341.8081
2009-10-19,341.8080,343.7680,337.8882,341.0241
2009-10-20,342.2001,344.9440,340.2402,344.1600
2009-10-21,342.2000,346.1198,339.0641,344.5519
2009-10-22,342.2001,342.2001,336.7123,340.2402
2009-10-23,341.0241,347.6878,339.8482,342.9840
2009-10-26,340.2401,343.3759,340.2401,342.5920
2009-10-27,340.6320,342.2000,336.7122,337.8882
2009-10-28,341.0241,342.9840,337.1042,339.0641
2009-10-29,336.3203,338.2802,332.7925,333.5764
2009-10-30,337.4962,337.4962,333.1844,335.5363
2009-11-02,329.6566,331.6165,325.7368,330.8326
2009-11-04,332.7925,335.1444,328.4807,334.3604
2009-11-05,332.0085,333.9685,329.6567,332.7925
2009-11-06,337.8882,346.9038,334.3603,342.2000
2009-11-09,336.7124,336.7124,328.0888,328.8727
2009-11-10,331.2246,334.7524,327.6967,333.5764
2009-11-11,335.5364,335.5364,331.2246,332.7925
2009-11-12,333.5765,333.5765,329.2647,330.4406
2009-11-13,326.9128,330.0486,321.4250,322.2090
2009-11-16,322.6010,324.5609,315.9373,318.2892
2009-11-17,317.5052,318.6811,312.0174,312.4094
2009-11-18,310.8416,317.1133,308.4897,316.3293
2009-11-19,315.5452,315.5452,309.6655,313.5853
2009-11-20,309.6655,311.2335,307.7056,310.4495
2009-11-24,310.8415,312.4095,306.5297,311.6255
2009-11-25,313.1934,318.2892,310.4495,313.1934
2009-11-26,306.9217,310.8415,305.7457,306.9217
2009-11-27,305.3537,313.1933,304.1778,309.2735
2009-11-30,312.8014,317.8972,312.4094,317.8972
2009-12-01,321.4250,323.3849,316.3292,319.8570
2009-12-02,317.5052,322.2090,314.3693,321.0330
2009-12-03,323.3849,331.6165,322.6009,331.6165
2009-12-04,329.2646,329.6565,323.7768,325.7367
2009-12-07,326.9127,328.4806,323.7768,325.7367
2009-12-08,323.3850,326.1288,323.3850,325.3449
2009-12-09,322.9930,324.5609,321.8170,323.3849
2009-12-10,321.4250,323.3849,318.2891,320.2491
2009-12-11,322.2089,327.3047,319.4650,327.3047
2009-12-14,325.7368,326.5207,321.8170,324.1689
2009-12-15,326.1288,326.1288,322.2090,323.3849
2009-12-16,327.3048,330.4406,325.7368,327.6967
2009-12-17,328.0887,330.0486,323.7769,326.5208
2009-12-18,322.6009,327.6966,322.6009,327.3047
2009-12-21,327.3047,333.9684,327.3047,333.5764
2009-12-22,335.5363,337.1042,331.6165,335.9283
2009-12-24,339.0643,345.3360,338.6723,344.1600
2009-12-25,344.5519,346.9038,341.0241,343.3760
2009-12-28,347.6877,351.9995,347.2958,349.6476
2009-12-29,349.2558,352.3916,349.2558,351.6077
2009-12-30,347.6878,348.4718,342.9840,342.9840
2010-01-04,346.5119,349.6478,344.1600,346.5119
2010-01-05,350.8237,350.8237,347.2958,348.0798
2010-01-06,354.3515,354.3515,354.3515,354.3515
2010-01-07,352.7835,353.5675,348.8637,350.4316
2010-01-08,359.0553,362.9751,352.3916,354.3515
2010-01-12,362.5831,363.3670,357.4873,361.4071
2010-01-13,362.1911,364.5430,361.4071,362.1911
2010-01-14,366.5029,366.5029,362.9751,363.7590
2010-01-15,368.4627,374.3424,364.5429,371.2065
2010-01-18,369.6387,370.4227,362.9750,364.5430
2010-01-19,361.0152,366.5029,360.2312,363.3671
2010-01-20,366.8948,367.6788,355.9194,359.0552
2010-01-21,361.0152,364.5430,361.0152,363.3671
2010-01-22,361.4072,361.4072,352.7836,353.9595
2010-01-25,347.6877,347.6877,341.0240,342.2000
2010-01-26,340.6321,342.9840,335.9283,336.7123
2010-01-27,337.4963,339.8482,332.4005,332.7925
2010-01-28,336.7123,337.1043,326.9127,330.0486
2010-01-29,335.1443,338.6722,331.6165,335.9283
2010-02-01,341.8080,354.7434,338.2802,352.3915
2010-02-02,352.7835,355.1354,345.7278,349.6476
2010-02-03,358.6633,361.0151,354.7434,359.8392
2010-02-04,360.2312,363.3671,359.0553,363.3671
2010-02-05,351.6076,354.7435,348.4718,350.0397
2010-02-08,352.7835,352.7835,348.8637,349.2557
2010-02-09,348.0798,354.7435,348.0798,350.8237
2010-02-10,355.9193,356.3113,352.3915,352.7835
2010-02-12,356.7034,356.7034,351.2156,354.3515
2010-02-15,354.3515,355.5275,350.4317,350.8237
2010-02-16,350.8236,352.7835,347.2958,348.8637
2010-02-17,350.0396,356.3113,348.8636,356.3113
2010-02-18,356.3113,359.4472,354.3514,359.0552
2010-02-19,360.6232,360.6232,352.7836,353.1756
2010-02-22,360.2312,362.9751,359.0553,361.0152
2010-02-23,361.7991,365.7189,360.2312,364.9350
2010-02-24,357.0954,358.6633,353.5675,356.7034
2010-02-25,362.5830,363.3670,357.8793,359.0552
2010-02-26,354.7435,356.3114,353.5675,354.7435
2010-03-01,360.6231,360.6231,355.1354,355.5274
2010-03-02,358.2713,360.2312,355.9194,359.8392
2010-03-03,358.6632,360.6231,357.4873,359.0552
2010-03-04,357.4873,358.2712,352.3915,352.7835
2010-03-05,357.8793,362.5830,356.7033,359.0552
2010-03-08,362.5830,362.9750,357.8793,360.2311
2010-03-09,361.0151,361.7991,359.4472,360.2311
2010-03-10,360.2312,361.0151,359.4472,359.8392
2010-03-11,361.0152,362.1911,359.0553,360.6232
2010-03-12,361.0152,361.4072,356.7034,358.2713
2010-03-15,358.2713,359.0552,355.5274,357.0953
2010-03-16,357.4873,359.8392,357.0954,358.2713
2010-03-17,359.8392,361.4072,359.0553,360.6232
2010-03-18,361.0152,363.7590,356.7034,357.0953
2010-03-19,358.6633,361.7991,358.2713,361.4071
2010-03-23,361.0151,362.1910,360.2311,360.2311
2010-03-24,364.1510,366.1109,362.9751,362.9751
2010-03-25,365.3270,366.1109,363.3671,363.7590
2010-03-26,366.8949,368.4628,364.9350,368.4628
2010-03-29,364.5094,366.0908,358.9746,361.3466
2010-03-30,362.5326,366.0907,362.1372,365.3000
2010-03-31,365.6954,366.4861,364.5094,366.0908
2010-04-01,366.0908,370.0442,364.9047,368.4628
2010-04-02,369.6488,369.6488,359.3698,359.7651
2010-04-05,361.7419,361.7419,358.9744,360.5558
2010-04-06,354.6257,355.8118,348.6955,351.0676
2010-04-07,353.0443,355.8117,351.0676,354.6257
2010-04-08,355.0211,356.2071,353.0443,354.2304
2010-04-09,351.8583,354.6257,350.6723,351.0676
2010-04-12,353.8350,357.3931,352.2536,354.6257
2010-04-13,353.8350,355.0210,349.0908,350.6722
2010-04-14,353.0444,353.4397,350.6723,351.8583
2010-04-15,352.2536,353.0443,351.0676,352.6490
2010-04-16,351.8582,352.6489,348.3001,350.2769
2010-04-19,348.3001,349.8815,343.1606,344.3467
2010-04-20,344.3467,345.5327,343.5560,345.1374
2010-04-21,347.1142,347.1142,345.5328,345.9281
2010-04-22,347.5095,347.5095,343.1607,345.1374
2010-04-23,344.3467,345.5328,343.1607,344.7421
2010-04-26,344.7421,347.5095,344.7421,346.3235
2010-04-27,346.3233,349.4861,345.9280,348.3001
2010-04-28,346.3234,347.5095,342.3700,345.1374
2010-04-30,346.7188,349.8815,346.3234,349.8815
2010-05-06,343.9512,345.9280,336.8350,339.2071
2010-05-07,329.3235,332.4863,326.5561,332.4863
2010-05-10,327.7422,338.8119,327.7422,335.6491
2010-05-11,335.2537,335.6490,322.2072,323.3933
2010-05-12,321.0212,322.2072,313.9050,321.0212
2010-05-13,323.3933,327.7421,321.4166,326.9514
2010-05-14,322.9979,330.1142,321.0212,327.3467
2010-05-17,324.5793,325.3700,321.4165,322.6026
2010-05-18,324.5793,325.3700,322.2073,322.9980
2010-05-19,319.4399,320.2306,316.6725,319.4399
2010-05-20,318.6492,320.2306,317.0678,318.6492
2010-05-21,312.7189,313.5096,309.9515,310.7422
2010-05-24,308.7655,309.5562,304.8120,305.6027
2010-05-25,302.8352,303.2305,299.6724,300.8585
2010-05-26,300.8585,304.8120,300.4632,300.4632
2010-05-27,299.6726,304.8121,298.4865,304.0214
2010-05-28,309.9516,310.3470,304.4168,304.8121
2010-05-31,303.2306,307.9748,301.2539,305.6027
2010-06-01,306.7888,311.9283,305.2074,311.9283
2010-06-02,309.5561,311.5329,307.5794,308.7654
2010-06-03,312.3237,313.5097,310.7423,313.5097
2010-06-04,319.4399,320.2306,313.1144,314.6958
2010-06-07,308.7655,309.1608,306.3934,307.1841
2010-06-08,304.4167,307.1841,303.2307,305.9981
2010-06-09,303.6260,307.5794,302.8353,306.3934
2010-06-10,308.3703,313.9051,306.7889,313.1144
2010-06-11,316.6725,316.6725,312.3237,314.3004
2010-06-14,314.6957,315.4864,314.3004,315.4864
2010-06-15,315.8817,317.0678,314.6957,317.0678
2010-06-16,321.8120,322.6026,317.8585,321.8120
2010-06-17,319.0445,321.8119,316.6724,321.4166
2010-06-18,321.0213,325.3701,319.8352,324.1840
2010-06-21,325.3701,329.7189,324.5794,328.9282
2010-06-22,325.3701,328.5328,324.1840,328.1375
2010-06-23,324.5795,325.3701,319.8353,319.8353
2010-06-24,318.6492,323.3933,318.6492,321.4166
2010-06-25,316.2771,321.8119,316.2771,321.0212
2010-06-28,324.1841,325.7655,323.3934,324.5794
2010-06-29,326.1607,328.1375,322.2073,323.7887
2010-06-30,319.4399,321.0213,317.4631,319.0445
2010-07-01,315.0910,315.4863,313.1142,313.9049
2010-07-02,314.3004,314.3004,310.7423,313.1144
2010-07-05,316.2771,320.6259,314.6957,319.0445
2010-07-06,315.8818,321.0213,314.3004,319.8353
2010-07-07,320.2306,322.2073,319.4399,321.4166
2010-07-08,325.3700,327.7421,324.1840,326.9514
2010-07-09,329.7188,329.7188,324.1840,326.5560
2010-07-12,323.7887,324.5794,318.6492,318.6492
2010-07-13,319.4400,319.8353,315.4865,318.2539
2010-07-14,322.6026,325.7653,321.4165,325.3700
2010-07-15,322.9981,325.3701,321.4167,324.5794
2010-07-16,322.6026,326.5561,319.4398,320.2305
2010-07-21,323.7886,323.7886,319.8352,320.2305
2010-07-22,319.4398,323.7886,319.0445,322.6026
2010-07-23,326.5560,330.1141,325.7653,329.3235
2010-07-26,330.1142,330.5095,325.7654,326.9514
2010-07-27,326.1607,328.5328,325.3701,328.1375
2010-07-28,331.3003,331.6956,328.9282,330.9049
2010-07-29,328.5328,330.5096,328.1375,329.7189
2010-07-30,329.7189,329.7189,323.3933,323.7887
2010-08-02,323.3933,326.1607,321.8119,322.9980
2010-08-03,327.7421,330.1142,326.5561,328.1375
2010-08-04,326.5560,326.9514,322.9979,325.3700
2010-08-05,329.7190,332.4864,328.1376,330.5096
2010-08-06,328.5327,339.6024,328.5327,339.2071
2010-08-09,336.8351,343.1606,336.4398,341.5793
2010-08-10,342.3700,344.3467,338.0212,339.6025
2010-08-11,339.9980,341.1840,332.4864,333.2771
2010-08-12,327.3468,330.5096,326.5561,328.9282
2010-08-13,328.5329,334.4631,326.5562,330.5096
2010-08-16,326.5560,332.0909,326.5560,332.0909
2010-08-17,329.3235,333.6723,328.9282,332.8816
2010-08-18,333.6723,334.8583,328.1374,331.3002
2010-08-19,333.2770,334.4630,332.4863,334.4630
2010-08-20,332.4863,332.8816,328.9282,330.9049
2010-08-23,330.9049,332.0909,326.9514,328.1375
2010-08-24,326.5561,328.1375,324.5793,326.9514
2010-08-25,324.9748,326.5562,322.9981,324.9748
2010-08-26,327.3467,328.1374,324.1840,327.3467
2010-08-27,323.7887,332.4863,323.7887,331.6956
2010-08-30,334.4630,338.8119,333.6724,336.0444
2010-08-31,330.9050,331.3003,321.0213,325.7655
2010-09-01,326.5561,328.1375,322.6026,328.1375
2010-09-02,330.1142,332.8816,326.5561,332.8816
2010-09-03,332.0909,334.0677,328.9282,330.9049
2010-09-06,330.9049,334.0677,328.1375,333.6723
2010-09-07,330.1142,330.9049,324.9747,326.9514
2010-09-08,322.6026,324.5794,321.4166,323.7887
2010-09-09,324.5793,327.7421,324.1840,327.3467
2010-09-10,326.9514,330.1142,325.3700,326.9514
2010-09-13,328.5328,330.1142,325.7654,326.1608
2010-09-14,325.3701,326.1608,323.7887,326.1608
2010-09-16,332.0910,332.8817,323.7887,324.5794
2010-09-17,325.7654,328.1374,324.9747,327.3467
2010-09-21,328.1374,328.9281,324.5793,325.3700
2010-09-22,323.7887,323.7887,321.4166,321.8120
2010-09-24,320.6259,325.7654,319.4398,323.3933
2010-09-27,326.5560,326.9514,324.1840,326.5560
2010-09-28,327.7538,329.7499,325.3585,328.1530
2010-09-29,327.3546,330.1491,327.3546,328.9514
2010-09-30,328.9514,330.1490,324.9593,326.1569
2010-10-01,328.1530,330.1491,326.5562,328.1530
2010-10-04,329.3506,329.7498,325.3585,326.1569
2010-10-05,323.3623,325.3584,320.5679,324.1608
2010-10-06,323.3624,326.9553,322.9632,325.7577
2010-10-07,322.9632,330.1490,322.9632,329.7498
2010-10-08,328.5522,329.7498,324.9593,324.9593
2010-10-12,326.1569,326.1569,318.5718,318.5718
2010-10-13,319.3702,324.9592,317.7734,324.1608
2010-10-14,324.5600,327.3545,322.5639,324.5600
2010-10-15,324.1608,324.1608,320.1687,322.5640
2010-10-18,321.7656,326.1569,321.7656,323.7616
2010-10-19,322.5640,326.1569,322.5640,326.1569
2010-10-20,322.9631,322.9631,318.9710,321.3662
2010-10-21,321.3663,325.3585,319.7695,322.5640
2010-10-22,324.9592,326.1568,322.9631,324.1608
2010-10-25,321.7655,323.7615,320.9670,321.3662
2010-10-26,320.9671,321.7655,317.3742,317.3742
2010-10-27,317.7734,318.5718,312.1844,315.3781
2010-10-28,318.1726,318.5719,310.9868,312.1844
2010-10-29,318.1727,318.5719,304.5994,306.5955
2010-11-01,304.9986,306.9947,300.6073,305.3978
2010-11-02,304.9986,309.3900,304.2002,308.1924
2010-11-04,313.3821,314.5797,308.9908,311.7852
2010-11-05,312.5836,314.1804,310.5875,310.9867
2010-11-08,312.9828,313.7812,311.7852,312.9828
2010-11-09,312.9828,312.9828,310.1883,310.9867
2010-11-10,311.7852,313.3820,311.3860,313.3820
2010-11-11,313.3821,316.5758,312.5836,315.7773
2010-11-12,314.5797,317.3742,313.7812,313.7812
2010-11-15,314.5797,315.3782,312.5837,314.1805
2010-11-16,315.3781,316.5757,311.3859,312.5836
2010-11-17,312.1845,318.1727,312.1845,316.5758
2010-11-18,318.5719,336.5364,318.1726,334.5404
2010-11-19,330.9474,335.3388,328.9514,333.7419
2010-11-22,334.9395,338.5324,332.9435,337.3348
2010-11-24,331.3467,332.1451,328.9514,328.9514
2010-11-25,333.3427,334.1412,330.5482,330.5482
2010-11-26,330.5482,332.5443,328.1530,328.5522
2010-11-29,332.1451,337.7340,332.1451,336.5364
2010-11-30,335.7380,336.5364,329.7498,329.7498
2010-12-01,331.7458,331.7458,327.7537,330.1490
2010-12-02,336.1373,336.5365,332.1451,332.5443
2010-12-03,334.9395,336.5364,330.5482,330.9474
2010-12-06,332.9435,334.1412,329.7498,330.5482
2010-12-07,330.9475,330.9475,328.1530,328.9514
2010-12-08,330.5482,332.1450,329.3505,330.9474
2010-12-09,329.3505,332.5442,329.3505,331.3465
2010-12-10,336.9356,338.5324,331.7458,337.3348
2010-12-13,336.5364,338.1332,334.1411,336.1371
2010-12-14,334.9396,339.3309,334.5404,339.3309
2010-12-15,339.7302,340.5286,336.5364,338.1333
2010-12-16,337.7341,340.1294,337.7341,339.3309
2010-12-17,336.9356,338.5324,336.1372,337.3348
2010-12-20,338.1332,338.1332,335.7379,336.1371
2010-12-21,336.5364,340.9277,336.5364,339.7301
2010-12-22,338.9317,338.9317,336.9356,338.5325
2010-12-24,338.5325,338.9317,334.1412,334.5404
2010-12-27,331.3467,336.5365,331.3467,335.7381
2010-12-28,334.9396,335.3388,333.7419,333.7419
2010-12-29,332.9435,340.5285,332.9435,340.1293
2010-12-30,338.9316,340.9277,337.3348,337.7340
2011-01-04,340.1294,341.7262,339.7302,340.5286
2011-01-05,340.5286,340.9278,337.3349,338.1333
2011-01-06,341.7262,344.1215,340.5286,342.5247
2011-01-07,342.5246,350.1097,342.5246,349.7105
2011-01-11,347.7143,349.7104,346.5167,347.3151
2011-01-12,350.1096,354.9001,349.3111,352.9041
2011-01-13,356.8962,360.4891,356.0978,358.4931
2011-01-14,354.9002,358.4931,354.9002,355.6986
2011-01-17,358.8923,360.8884,354.5010,356.8963
2011-01-18,355.2993,357.6946,354.9001,355.2993
2011-01-19,357.2955,359.6908,355.6986,359.2916
2011-01-20,357.6946,358.8923,356.0978,358.4931
2011-01-21,358.8923,361.2876,356.8963,357.6947
2011-01-24,358.0939,360.0900,357.6947,360.0900
2011-01-25,361.6868,362.4852,357.6947,361.2876
2011-01-26,364.8805,368.0742,363.2837,366.4774
2011-01-27,368.8726,373.6632,368.4734,372.0663
2011-01-28,371.2678,372.0663,364.0820,366.0781
2011-01-31,362.8844,366.8766,361.2876,362.8844
2011-02-01,362.8845,363.2837,356.8963,362.4853
2011-02-02,365.2797,366.4774,362.8845,363.6829
2011-02-03,361.2876,364.0821,360.0899,362.8844
2011-02-04,363.2837,365.6790,363.2837,364.4814
2011-02-07,363.2837,364.8805,360.0900,363.2837
2011-02-08,362.8845,365.2797,362.8845,363.6829
2011-02-09,366.0781,368.8726,366.0781,368.8726
2011-02-10,365.2797,367.6750,364.4813,366.4774
2011-02-14,368.8726,370.4695,366.0781,369.2719
2011-02-15,370.8687,375.2600,369.6711,374.4616
2011-02-16,372.4656,372.4656,368.0743,369.6711
2011-02-17,372.4656,372.4656,367.6750,371.2679
2011-02-18,372.0663,372.8648,369.6711,371.2679
2011-02-21,368.0742,369.6711,365.6789,369.2719
2011-02-22,365.6790,368.4735,365.2798,367.2759
2011-02-23,364.4813,367.6750,364.4813,364.8806
2011-02-24,363.6829,366.4774,361.2876,362.0860
2011-02-25,362.0860,374.8608,362.0860,374.0624
2011-02-28,374.8608,376.0585,369.6711,374.8608
2011-03-01,375.2601,380.4499,373.2640,378.8530
2011-03-02,373.2640,376.0585,371.6671,371.6671
2011-03-03,371.2679,373.2640,369.2719,372.0663
2011-03-04,372.4655,375.2600,372.0663,373.6632
2011-03-07,370.4695,371.2679,368.0742,368.8726
2011-03-08,369.2718,370.4694,366.0781,366.0781
2011-03-09,369.2719,376.8569,368.4734,374.8608
2011-03-10,372.0663,376.4577,371.2679,374.0624
2011-03-11,369.2718,371.2679,366.4774,366.4774
2011-03-14,354.5011,365.6790,348.5129,350.9081
2011-03-15,324.5602,326.5562,291.0263,301.8050
2011-03-16,339.3309,339.3309,323.7616,332.9435
2011-03-17,326.9552,339.3308,319.7694,335.3387
2011-03-18,335.7380,341.7262,331.3466,333.7419
2011-03-22,339.7301,342.5246,334.1411,341.7261
2011-03-23,340.1292,343.3229,337.7340,342.1253
2011-03-24,341.7262,342.5246,337.7341,339.3309
2011-03-25,339.3309,346.9159,339.3309,345.7183
2011-03-28,349.3112,351.3073,346.1175,348.9120
2011-03-29,348.5091,350.1207,344.0772,347.7033
2011-03-30,347.7032,351.7323,344.8829,350.9265
2011-03-31,350.9265,351.3294,346.4945,349.3148
2011-04-01,352.9410,354.1497,347.3004,348.9120
2011-04-04,350.5237,350.5237,344.8831,348.1063
2011-04-05,348.5091,348.9120,345.2859,347.7033
2011-04-06,349.7178,352.5381,346.8975,349.7178
2011-04-07,351.7323,352.9410,346.4946,349.7178
2011-04-08,350.1207,357.3730,346.0917,354.1497
2011-04-11,352.9410,357.7758,350.5236,355.7613
2011-04-12,349.7179,349.7179,344.4801,347.3004
2011-04-13,346.0917,353.3439,345.2859,351.7323
2011-04-14,346.4947,346.4947,342.8686,346.4947
2011-04-15,344.0773,347.3005,343.6744,346.0918
2011-04-18,347.3004,351.3294,347.3004,348.5091
2011-04-19,343.6743,346.4946,343.2714,344.8830
2011-04-20,349.3149,352.1352,347.3004,347.7033
2011-04-21,348.9120,350.1208,346.0917,347.3004
2011-04-22,345.6889,350.5237,344.8831,348.1063
2011-04-25,352.5381,353.3439,348.9120,349.7178
2011-04-26,350.9265,356.1642,348.5091,354.5526
2011-04-27,354.5526,356.9700,352.1352,355.7613
2011-04-28,358.1787,360.5961,353.3439,359.7903
2011-05-02,365.4309,367.0425,361.8048,366.6396
2011-05-06,365.0280,369.4599,363.4164,368.2512
2011-05-09,368.2512,382.3528,358.5816,376.7122
2011-05-10,371.4744,374.6976,365.4309,372.6831
2011-05-11,375.1006,380.7412,375.1006,378.7267
2011-05-12,375.1005,375.9063,370.6686,370.6686
2011-05-13,371.0716,371.8774,367.0425,371.4745
2011-05-16,369.8628,369.8628,365.4309,367.0425
2011-05-17,367.0425,368.6541,365.0280,367.4454
2011-05-18,369.0570,375.5034,368.6541,374.2947
2011-05-19,374.6977,375.5035,367.0426,370.2658
2011-05-20,370.2658,371.4745,367.4455,367.8484
2011-05-23,367.0425,367.8483,363.0135,365.0280
2011-05-24,365.0280,366.2367,363.4164,365.0280
2011-05-25,365.8338,370.6686,365.8338,369.8628
2011-05-26,372.6831,375.1005,369.8628,370.6686
2011-05-27,370.6686,373.8918,369.8628,372.6831
2011-05-30,373.0861,373.4890,366.6397,367.8484
2011-05-31,368.6542,377.5180,367.8484,377.5180
2011-06-01,377.5180,381.5470,375.1006,381.5470
2011-06-02,375.9064,379.5325,373.8919,379.5325
2011-06-03,378.7267,380.3383,377.1151,377.9209
2011-06-06,377.9208,379.5324,377.5179,378.3237
2011-06-07,377.1151,377.9209,373.8919,376.7122
2011-06-08,376.7122,379.5325,376.3093,378.7267
2011-06-09,378.7267,381.5470,377.9209,380.3383
2011-06-10,380.7412,385.5760,379.9354,383.9644
2011-06-13,383.1585,385.9788,381.9498,385.5759
2011-06-14,384.3673,388.3963,382.3528,387.5905
2011-06-15,388.3962,390.4107,387.5904,390.0078
2011-06-16,385.9789,387.1876,379.5325,380.3383
2011-06-17,380.7412,383.1586,379.1296,380.3383
2011-06-20,380.3382,381.5469,376.7121,377.1150
2011-06-21,380.7412,388.3963,380.7412,387.5905
2011-06-22,387.9933,396.8572,387.5904,394.8427
2011-06-23,391.2166,392.8282,389.2021,389.6050
2011-06-24,387.9933,392.0224,385.9788,387.9933
2011-06-27,385.1731,387.1876,383.5615,384.3673
2011-06-28,387.1876,387.5905,382.7557,383.9644
2011-06-29,387.1876,387.1876,383.9644,386.7847
2011-06-30,386.7847,387.9934,381.5470,383.9644
2011-07-01,384.7702,388.3963,384.3673,388.3963
2011-07-04,392.8282,398.4688,392.0224,396.0514
2011-07-05,395.6485,397.6630,393.6340,396.8572
2011-07-06,396.8572,401.6920,396.4543,401.6920
2011-07-07,400.0803,406.9296,398.8716,405.7209
2011-07-08,408.5414,408.5414,398.8717,398.8717
2011-07-11,398.0658,403.7064,396.8571,402.9006
2011-07-12,402.0948,404.9151,400.0803,402.9006
2011-07-13,402.9007,405.7210,402.4977,403.7065
2011-07-14,402.9008,403.3037,398.4689,399.2747
2011-07-15,399.2746,400.4833,397.2601,400.0804
2011-07-19,397.6629,399.6774,394.8426,395.6484
2011-07-20,395.6485,395.6485,389.2021,392.0224
2011-07-21,390.8137,394.8427,390.4108,393.6340
2011-07-22,395.6484,396.8571,392.8281,395.2455
2011-07-25,392.4254,394.0370,390.4109,392.4254
2011-07-26,392.0223,397.6630,392.0223,396.4543
2011-07-27,393.6340,399.2746,392.4253,398.8717
2011-07-28,399.2747,399.2747,390.0080,393.2312
2011-07-29,391.6195,399.6775,384.3673,384.3673
2011-08-01,381.1441,387.1876,376.7122,384.3673
2011-08-02,382.3528,385.1731,379.1296,384.7702
2011-08-03,379.9354,384.3673,379.1296,381.5470
2011-08-04,379.5324,381.1440,375.5034,377.1150
2011-08-05,361.8049,373.4890,360.5962,370.2658
2011-08-08,367.0425,369.0570,362.2077,363.4164
2011-08-09,356.5671,359.3874,350.9265,358.5816
2011-08-10,365.0280,365.0280,365.0280,365.0280
2011-08-11,362.2078,372.2803,359.3875,372.2803
2011-08-12,365.4309,365.4309,365.4309,365.4309
2011-08-15,373.4889,377.5179,368.2512,369.8628
2011-08-16,367.0425,369.0570,365.0280,369.0570
2011-08-17,369.4599,372.2802,366.6396,369.0570
2011-08-18,369.0570,369.0570,369.0570,369.0570
2011-08-19,358.5816,366.2367,358.1787,363.4164
2011-08-22,367.0425,367.0425,363.0135,364.6251
2011-08-23,367.4455,371.8774,367.0426,368.6542
2011-08-24,372.2803,372.2803,366.6397,368.6542
2011-08-25,373.8918,374.2947,366.2367,367.0425
2011-08-26,363.8193,367.0425,359.3874,360.9990
2011-08-29,361.8049,362.6107,356.1643,362.2078
2011-08-30,363.4165,365.4310,359.3875,363.3513
2011-08-31,360.9990,365.0280,358.9845,363.4164
2011-09-01,368.6542,375.5035,368.2513,373.8919
2011-09-02,367.8484,370.6687,365.0281,368.5228
2011-09-05,363.8193,367.4454,363.0135,367.0425
2011-09-06,362.6106,369.4599,362.2076,365.0280
2011-09-07,365.0280,365.4309,359.7903,360.5961
2011-09-08,362.6106,367.0425,362.6106,364.6251
2011-09-09,362.6106,369.0570,362.6106,366.6396
2011-09-12,363.4164,369.4599,363.4164,367.0425
2011-09-13,369.4599,370.6686,365.4309,369.8628
2011-09-14,366.6397,367.0426,361.8049,363.0136
2011-09-15,362.2078,362.2078,346.4946,354.1497
2011-09-16,358.1787,360.1932,354.5526,355.7613
2011-09-20,357.3729,360.1933,354.9555,357.7758
2011-09-21,360.1933,364.2223,358.1788,363.0136
2011-09-22,357.7758,361.8049,355.3584,357.7758
2011-09-26,363.4165,366.2368,355.7613,357.7758
2011-09-27,361.4020,365.8339,357.7758,365.8339
2011-09-28,369.8987,375.1829,369.0857,369.8987
2011-09-29,363.8014,370.7116,359.7366,370.7116
2011-09-30,371.5246,375.1829,369.4922,373.9635
2011-10-03,367.8663,374.7764,365.0209,374.3700
2011-10-04,369.0857,372.7440,369.0857,372.3375
2011-10-05,375.5894,384.9385,375.5894,383.3125
2011-10-06,384.1255,385.3450,379.6542,382.0931
2011-10-07,378.4348,380.0607,371.9311,372.7440
2011-10-11,373.1506,377.2154,371.1182,373.5571
2011-10-12,369.4922,372.3375,363.8014,364.6144
2011-10-13,365.0208,367.0532,360.9560,362.5819
2011-10-14,359.7366,360.1431,356.0783,358.1107
2011-10-17,362.5820,364.2079,360.5496,361.3625
2011-10-18,359.3302,364.2079,357.7042,358.1107
2011-10-19,359.7366,362.1755,357.7042,360.9561
2011-10-20,360.9560,365.0208,359.3301,362.1754
2011-10-21,364.6143,365.8338,361.7689,362.5819
2011-10-24,365.0209,368.2728,358.5172,360.9561
2011-10-25,362.9885,364.2079,356.0783,356.4848
2011-10-26,355.6717,355.6717,349.9810,352.4199
2011-10-27,354.8588,356.0782,350.7940,354.0458
2011-10-28,360.1431,363.8014,358.5172,360.5496
2011-10-31,358.1107,365.4274,357.2977,358.9236
2011-11-01,356.4849,362.5821,356.0784,357.2978
2011-11-02,355.2654,355.6718,345.9163,347.1357
2011-11-04,352.0134,352.0134,344.2903,347.5421
2011-11-07,348.3551,351.6070,347.1357,348.7616
2011-11-08,349.1680,364.6143,348.7615,362.1754
2011-11-09,364.6143,376.8088,363.3949,376.8088
2011-11-10,375.5894,381.2801,374.3699,381.2801
2011-11-11,381.2802,385.3450,366.6469,369.0858
2011-11-14,371.9310,377.2153,370.3051,375.9958
2011-11-15,373.5571,377.6219,371.1182,373.5571
2011-11-16,374.7765,375.9960,371.9311,373.5571
2011-11-17,369.4921,371.5245,367.0532,370.7116
2011-11-18,368.2726,371.9310,367.4597,368.2726
2011-11-21,367.0533,375.9959,366.2403,371.9311
2011-11-22,369.8986,372.7440,367.8662,369.4922
2011-11-24,367.4598,373.9635,366.6468,368.6792
2011-11-25,363.8014,366.6468,362.1755,363.8014
2011-11-28,369.0858,371.1182,361.7691,369.0858
2011-11-29,370.7116,370.7116,366.6468,369.8987
2011-11-30,368.2727,372.7440,368.2727,372.7440
2011-12-01,376.8089,377.6219,365.4274,366.2404
2011-12-02,367.0533,369.4922,365.4273,369.4922
2011-12-05,370.7116,373.5570,369.0857,372.7440
2011-12-06,373.1504,375.5893,368.2726,368.2726
2011-12-07,371.9310,378.0283,369.8986,376.8088
2011-12-08,375.9959,379.6542,374.7764,378.4348
2011-12-09,378.4348,382.4997,375.9959,377.2154
2011-12-12,380.8737,382.0931,377.6218,380.8737
2011-12-13,375.5894,378.0283,373.1505,376.8088
2011-12-14,376.8088,379.2477,370.3051,373.1505
2011-12-15,371.9310,371.9310,368.2727,369.4922
2011-12-16,373.1505,376.8088,371.5246,371.5246
2011-12-19,369.4922,373.9635,369.4922,371.9311
2011-12-20,374.3700,374.7764,371.9311,373.9635
2011-12-21,377.2153,379.6542,375.9959,378.4348
2011-12-22,376.8089,380.0608,375.9960,378.8413
2011-12-26,381.6866,382.9060,378.8412,381.2801
2011-12-27,379.6542,380.8737,377.6218,380.0607
2011-12-28,380.0608,380.0608,375.1830,377.2154
2011-12-29,373.1505,375.5894,371.1181,375.1829
2011-12-30,373.9635,375.5894,371.9311,375.5894
2012-01-04,381.2802,382.0931,377.2153,380.8737
2012-01-05,378.4348,382.0932,377.6219,379.2478
2012-01-06,378.0284,379.2478,369.4922,373.5571
2012-01-10,375.5894,378.8413,374.3700,375.5894
2012-01-11,378.0283,379.2477,374.7764,378.0283
2012-01-12,376.8088,379.6542,375.1829,378.4348
2012-01-13,382.9061,382.9061,377.6218,380.4672
2012-01-16,380.8736,382.0931,377.6218,380.4672
2012-01-17,382.4996,382.9061,380.4672,382.4996
2012-01-18,382.4996,382.4996,375.9958,375.9958
2012-01-19,374.7764,375.9959,371.9310,375.1829
2012-01-20,373.9635,377.2153,371.9311,372.7440
2012-01-23,371.5247,374.3700,371.1182,373.5571
2012-01-24,373.5570,374.7764,371.9310,373.1505
2012-01-25,374.7764,376.4024,373.1505,374.3700
2012-01-26,372.3375,373.1505,370.3051,371.1181
2012-01-27,372.3375,374.7764,370.7116,373.9635
2012-01-30,375.1830,376.8089,372.7441,376.4024
2012-01-31,378.0283,379.2477,372.7440,373.9635
2012-02-01,374.3700,376.4024,371.5246,373.9635
2012-02-02,376.4024,378.8413,373.9635,375.5894
2012-02-03,374.7764,376.8088,371.9310,372.3375
2012-02-06,373.5570,374.7764,370.3051,371.5246
2012-02-07,371.5246,373.1506,368.6793,369.0858
2012-02-08,371.1181,373.1505,369.0857,370.7116
2012-02-09,371.1180,373.1504,367.4597,368.2726
2012-02-10,367.0533,370.7116,366.6468,370.3051
2012-02-13,370.7116,372.7440,369.0857,371.5246
2012-02-14,370.7116,373.9635,369.4922,372.7440
2012-02-15,373.9635,378.8413,373.9635,377.2154
2012-02-16,375.1829,376.4024,371.1181,372.7440
2012-02-17,375.5894,378.0283,374.3699,375.1829
2012-02-20,378.4347,378.4347,375.1829,376.8088
2012-02-21,375.5894,381.6866,375.5894,378.4348
2012-02-22,380.0607,387.3774,379.6542,386.1580
2012-02-23,386.5645,387.7839,381.2802,383.7191
2012-02-24,384.1255,385.3450,378.8413,380.8737
2012-02-27,382.0932,383.3126,380.4672,382.4996
2012-02-28,382.9061,388.5969,382.9061,388.1904
2012-02-29,388.5969,394.2876,388.1904,389.4098
2012-03-01,392.6617,395.5070,387.7839,388.5968
2012-03-02,392.6617,393.4746,391.0357,391.8487
2012-03-05,390.6292,395.1005,389.0033,390.6292
2012-03-06,389.4097,393.4746,388.5968,389.0033
2012-03-07,388.1904,392.2552,386.9709,389.8163
2012-03-08,392.6617,394.6941,391.0357,394.6941
2012-03-09,400.3848,404.0431,395.5070,399.5718
2012-03-12,400.3848,400.7913,395.5070,395.5070
2012-03-13,396.7265,397.1330,392.6617,393.0681
2012-03-14,397.1329,401.6042,396.3199,398.7588
2012-03-15,400.7913,404.4496,399.5719,402.4172
2012-03-16,400.3848,402.0107,398.7589,399.5718
2012-03-19,399.1653,401.6042,399.1653,399.9783
2012-03-21,399.5719,405.2627,399.5719,402.8238
2012-03-22,401.1978,405.2626,398.3524,400.7913
2012-03-23,398.7589,403.2302,398.7589,400.7913
2012-03-26,404.0431,406.4820,401.6042,403.2301
2012-03-27,405.2626,418.2700,404.0431,416.2376
2012-03-28,410.0923,415.0085,408.8633,413.7795
2012-03-29,417.0570,426.8893,417.0570,426.8893
2012-03-30,428.5281,428.9378,421.9732,425.2506
2012-04-02,427.2989,427.2989,422.7924,423.2021
2012-04-03,422.3829,425.2506,419.9248,423.6119
2012-04-04,428.9378,430.9862,421.5635,421.9732
2012-04-05,422.7926,426.4797,421.5635,422.7926
2012-04-06,420.7442,426.8894,419.9248,424.4313
2012-04-09,420.3344,423.2022,418.6957,420.7441
2012-04-10,424.8411,428.9379,421.5636,426.4798
2012-04-11,422.7926,428.5281,422.3829,425.6603
2012-04-12,422.7925,424.4312,417.8763,418.6956
2012-04-13,418.6957,424.0216,417.8763,421.5635
2012-04-16,419.1054,425.2506,419.1054,423.6119
2012-04-17,422.7925,426.8893,420.7441,426.8893
2012-04-18,425.2506,427.7087,421.5635,426.8893
2012-04-19,423.2022,427.7087,418.6957,426.0700
2012-04-20,426.0700,427.7087,422.3828,424.0216
2012-04-23,421.5636,426.8894,421.5636,424.4313
2012-04-24,421.9732,422.7925,417.0570,421.1538
2012-04-25,425.6602,425.6602,421.9731,423.2021
2012-04-26,425.6603,430.1668,424.8409,426.8893
2012-04-27,425.2505,428.1183,421.1537,423.2021
2012-05-01,424.8411,431.3960,422.7927,426.4798
2012-05-02,428.9377,429.3474,425.6602,427.7086
2012-05-07,419.9247,424.0216,418.6957,421.5635
2012-05-08,421.9733,427.2991,419.5152,427.2991
2012-05-09,455.5671,462.9414,453.5187,458.8445
2012-05-10,458.8446,458.8446,446.9638,451.0606
2012-05-11,448.6026,449.8316,442.4573,444.9154
2012-05-14,444.9153,446.1444,440.4088,441.6378
2012-05-15,440.8185,450.2412,439.9992,445.3250
2012-05-16,444.5056,445.3250,440.4088,444.5056
2012-05-17,446.5542,446.9638,438.3605,439.9992
2012-05-18,436.3121,439.1799,434.6734,435.4927
2012-05-21,435.4927,438.7702,432.6249,434.2637
2012-05-22,437.1315,437.5412,433.8540,435.4927
2012-05-23,435.9024,439.1798,431.8055,433.4443
2012-05-24,434.2637,438.3605,432.2153,432.6249
2012-05-25,433.0346,442.4573,431.3959,440.8186
2012-05-28,446.1444,447.3734,441.6379,442.4572
2012-05-29,442.4573,443.6863,436.3121,437.5411
2012-05-30,436.7218,439.5896,434.6734,436.3122
2012-05-31,433.8540,435.9024,429.3474,433.4443
2012-06-01,433.8540,435.9024,430.5766,435.0831
2012-06-04,434.6733,449.8316,434.2637,449.0122
2012-06-05,449.0123,450.6511,444.0961,446.5542
2012-06-06,448.6025,449.0122,440.4089,443.6863
2012-06-07,443.6863,443.6863,443.6863,443.6863
2012-06-08,450.2413,453.1091,446.5542,448.6026
2012-06-11,452.6994,453.9284,448.6026,449.0122
2012-06-12,444.9154,446.9638,442.4573,445.7348
2012-06-13,445.7348,449.4219,443.2767,449.0122
2012-06-14,449.0123,453.1091,448.1929,452.2897
2012-06-15,451.4703,453.9284,449.8316,451.0606
2012-06-18,454.7478,455.5672,448.6026,451.4704
2012-06-19,451.4702,454.3380,451.0606,453.1090
2012-06-20,454.7477,461.7123,453.5186,460.4832
2012-06-21,460.4833,462.5317,458.4349,462.1220
2012-06-22,457.6156,460.0737,455.9769,456.7962
2012-06-25,454.7478,455.1575,451.8800,454.3381
2012-06-26,451.8801,452.2898,443.6865,446.9639
2012-06-27,447.3735,447.7832,442.0476,445.7348
2012-06-28,447.7832,451.8800,446.5541,447.7832
2012-06-29,443.2767,455.1575,440.8186,453.5188
2012-07-02,455.1575,456.3865,448.6026,448.6026
2012-07-03,450.2412,451.8800,448.6025,450.6509
2012-07-04,450.6509,450.6509,437.9508,442.8670
2012-07-05,442.0476,442.4573,434.2637,435.9024
2012-07-06,437.9509,441.2283,435.9025,437.9509
2012-07-09,437.1314,443.2767,435.4927,442.0476
2012-07-10,442.4573,448.1928,442.4573,444.8178
2012-07-11,448.1930,450.6511,445.3252,449.9095
2012-07-12,450.2413,452.2898,447.3736,449.2505
2012-07-13,448.6025,450.2413,447.3735,447.7832
2012-07-17,450.2413,455.1575,448.1929,452.2897
2012-07-18,454.7478,458.4350,454.3382,457.2059
2012-07-19,457.6156,457.6156,451.0607,453.0252
2012-07-20,453.5188,459.2544,452.6994,458.4350
2012-07-23,456.3866,457.2060,453.5188,453.9285
2012-07-24,453.5188,454.7478,451.0607,453.5188
2012-07-25,450.6509,458.0252,450.6509,456.3865
2012-07-26,456.7964,456.7964,449.8318,451.6980
2012-07-27,453.1091,454.7478,450.6510,453.5188
2012-07-30,456.7962,457.2059,453.9285,455.5672
2012-07-31,456.3866,457.6156,453.5188,455.5672
2012-08-01,453.9284,457.6156,453.5187,456.3865
2012-08-02,456.3866,456.7962,452.2897,452.2897
2012-08-03,450.6509,454.7478,449.0122,451.8800
2012-08-06,455.9768,459.6639,455.5671,457.7195
2012-08-07,458.0252,460.8930,457.2059,459.4155
2012-08-08,461.3028,469.0867,460.4834,468.2674
2012-08-09,468.2672,468.6769,460.8929,464.1457
2012-08-10,464.1705,465.3996,461.3028,461.3028
2012-08-13,461.7124,464.1705,460.8931,463.7608
2012-08-14,465.8092,467.4480,465.3996,467.4480
2012-08-15,467.4479,473.1835,466.6286,471.9544
2012-08-16,472.3641,476.4609,471.1350,475.2319
2012-08-17,475.2319,475.2319,469.9060,471.9544
2012-08-20,471.5449,474.4127,470.7255,472.7740
2012-08-21,474.0030,474.0030,472.3643,472.3643
2012-08-22,472.3643,475.6417,471.9546,474.0030
2012-08-23,475.2319,477.2803,472.7738,476.0513
2012-08-24,475.2318,480.1480,475.2318,478.5093
2012-08-27,475.6415,480.1480,474.4125,478.5093
2012-08-28,480.1480,487.5223,479.7383,485.8835
2012-08-29,485.4740,491.2096,485.0643,490.7999
2012-08-30,489.9804,490.3900,487.5223,487.9319
2012-08-31,489.5708,492.8483,488.3418,488.7515
2012-09-03,488.7514,490.3902,485.8837,488.3418
2012-09-04,488.7514,489.1611,484.2449,485.0643
2012-09-05,485.0642,487.9320,478.5093,484.2449
2012-09-06,485.8837,486.7031,482.1966,482.6063
2012-09-07,487.1128,487.9321,485.0644,487.5225
2012-09-10,487.1127,489.5708,477.6900,479.3287
2012-09-11,479.3287,482.6062,478.5094,480.5578
2012-09-12,481.3773,495.3065,480.9676,494.8968
2012-09-13,494.4869,494.8966,489.5707,491.6191
2012-09-14,493.6677,494.8968,483.0160,483.8353
2012-09-18,484.2449,487.1127,483.4255,484.2449
2012-09-19,487.5225,488.7516,483.0160,483.4257
2012-09-20,482.6062,484.6546,480.5578,480.5578
2012-09-21,484.2450,495.3065,483.4257,490.3903
2012-09-24,487.9319,497.3546,485.4738,495.7158
2012-09-25,497.7644,503.0902,496.9450,503.0902
2012-09-26,501.4408,508.0387,498.9666,506.3892
2012-09-27,503.5028,507.2141,501.0285,505.5646
2012-09-28,502.2655,506.8016,500.6160,504.7397
2012-10-01,500.6160,502.2655,497.7294,501.4407
2012-10-02,503.0904,503.0904,497.7296,499.3790
2012-10-03,498.9667,501.4409,496.0801,497.3172
2012-10-04,498.9667,503.0904,496.4925,500.6162
2012-10-05,503.0902,505.1521,501.0284,503.0902
2012-10-09,503.0903,508.0387,502.6779,503.5027
2012-10-10,501.0284,502.6779,496.9048,497.7295
2012-10-11,496.9049,497.3172,481.6472,485.3585
2012-10-12,489.0699,503.9152,488.6575,496.0802
2012-10-15,496.0801,501.8533,495.6678,497.3172
2012-10-16,497.3173,501.0286,495.6678,498.5544
2012-10-17,497.7294,502.6778,495.6676,501.4407
2012-10-18,503.0904,506.3893,500.2038,505.5646
2012-10-19,504.3274,505.1521,501.0284,501.8531
2012-10-22,498.1419,502.2656,496.4924,498.9666
2012-10-23,496.9047,505.9769,496.4924,503.5027
2012-10-24,502.6778,510.5128,501.4407,505.9767
2012-10-25,505.9769,510.5130,505.1522,510.1006
2012-10-26,509.6882,511.3377,508.0387,508.4511
2012-10-29,508.8635,511.7501,508.4511,509.2759
2012-10-30,511.3375,512.1623,505.9767,505.9767
2012-10-31,506.3893,507.6264,501.4409,502.6780
2012-11-01,503.0903,505.9769,501.8532,503.5027
2012-11-02,504.7397,504.7397,495.2552,495.2552
2012-11-05,493.6059,500.2038,480.4101,489.4822
2012-11-06,492.3688,498.1420,491.5441,494.8430
2012-11-07,497.7296,498.1419,486.5956,489.4822
2012-11-08,485.3585,485.7709,471.7504,476.6988
2012-11-09,475.8741,477.9359,470.1009,475.4617
2012-11-12,475.0493,475.0493,470.1009,470.1009
2012-11-13,470.5132,470.5132,468.0390,469.2761
2012-11-14,469.2761,471.3380,467.6266,470.9256
2012-11-15,470.5132,470.9256,454.0184,459.3792
2012-11-16,456.9051,457.3174,444.1216,447.4206
2012-11-19,453.6060,461.0287,451.5442,452.7813
2012-11-20,452.7813,454.8432,449.8948,453.6061
2012-11-21,454.0184,461.0287,454.0184,459.3792
2012-11-22,461.4410,462.6781,453.1936,454.8431
2012-11-26,459.7915,463.9152,455.6678,459.7915
2012-11-27,465.5647,469.6884,462.2657,468.8636
2012-11-28,472.5750,483.7090,471.3379,477.5235
2012-11-29,479.9978,483.2967,479.1730,482.0596
2012-11-30,485.3585,488.2451,479.9977,486.1832
2012-12-03,489.8946,489.8946,482.4719,484.1214
2012-12-04,486.5956,491.1317,484.5337,489.4822
2012-12-05,485.3585,489.0698,480.8224,482.4719
2012-12-06,485.3585,487.0080,482.8843,485.3585
2012-12-07,485.3585,486.1832,483.7090,484.5337
2012-12-10,485.3585,486.5956,483.2966,486.1832
2012-12-11,486.1832,488.2451,485.3585,486.1832
2012-12-12,488.2450,488.2450,482.4719,484.5337
2012-12-13,486.1831,486.1831,472.9873,475.8739
2012-12-14,474.6369,480.4101,470.9256,472.1627
2012-12-17,477.1112,477.9359,470.1009,473.8123
2012-12-18,474.6370,479.5854,473.8123,478.7607
2012-12-19,479.5852,484.9460,478.7605,484.9460
2012-12-20,484.5338,484.9461,477.9359,478.3482
2012-12-21,482.0596,482.4720,474.6370,475.4617
2012-12-25,479.1729,482.4719,474.2245,479.1729
2012-12-26,477.5234,477.5234,465.1524,469.2761
2012-12-27,470.9256,474.6369,468.8637,473.3998
2012-12-28,474.6370,475.4617,468.8638,471.3380
2013-01-04,474.6369,480.8224,474.2245,480.8224
2013-01-07,479.5853,482.0595,479.1729,479.1729
2013-01-08,482.4719,491.1317,480.8224,489.4822
2013-01-09,490.3069,493.6059,483.2967,484.1214
2013-01-10,484.1214,489.8945,482.8843,489.4822
2013-01-11,493.6059,498.5543,485.3585,487.4203
2013-01-15,495.2552,503.5026,494.4305,501.4407
2013-01-16,498.1420,501.8533,494.8431,496.0802
2013-01-17,498.5543,501.0285,494.0183,500.6162
2013-01-18,503.0903,508.4511,499.3790,508.4511
2013-01-21,508.4511,510.9253,503.5027,503.5027
2013-01-22,506.3891,510.1004,498.5541,502.2654
2013-01-23,497.7296,500.2038,494.8430,494.8430
2013-01-24,491.9563,503.5026,491.5439,503.0902
2013-01-25,503.9151,515.0491,503.0904,515.0491
2013-01-28,514.2243,514.6367,510.1006,510.1006
2013-01-29,506.3894,514.2244,505.9770,513.3997
2013-01-30,515.4614,521.6470,515.0491,520.4099
2013-01-31,520.8223,521.6471,503.9152,511.7502
2013-02-01,503.5028,508.8636,492.7812,494.8430
2013-02-04,496.0801,499.3790,490.7193,491.9564
2013-02-05,491.9563,495.6676,485.7708,493.6058
2013-02-06,497.3170,505.9767,491.5438,505.9767
2013-02-07,500.2038,505.5645,495.6677,499.7914
2013-02-08,494.8429,502.2655,494.4305,495.6676
2013-02-12,496.9048,497.7295,487.8327,489.0698
2013-02-13,485.3585,490.7193,484.5337,487.4203
2013-02-14,483.7090,487.4204,479.5853,484.1214
2013-02-15,483.7089,485.7708,479.9976,480.4100
2013-02-18,485.7707,488.6573,483.2965,488.6573
2013-02-19,485.7709,490.3070,485.3585,485.3585
2013-02-20,490.7194,496.0802,485.7709,496.0802
2013-02-21,496.4924,496.4924,487.0079,489.0698
2013-02-22,486.5956,501.0285,485.7709,500.2038
2013-02-25,507.2141,508.4512,498.5543,500.6162
2013-02-26,493.1935,505.5646,492.7812,500.2038
2013-02-27,499.7914,501.8532,495.2553,499.3790
2013-02-28,507.6263,511.3377,500.2037,506.8016
2013-03-01,507.2142,519.1729,506.8019,516.6987
2013-03-04,517.1109,529.8943,517.1109,527.8325
2013-03-05,529.4820,534.4304,524.9460,525.7707
2013-03-06,529.0696,536.4922,527.0078,536.4922
2013-03-07,552.5746,564.1209,536.0798,537.3170
2013-03-08,538.1418,542.6779,536.0800,541.0284
2013-03-11,542.2654,546.3890,537.7293,541.4406
2013-03-12,544.3273,544.3273,538.5541,538.9665
2013-03-13,536.0798,536.9045,525.3582,526.5953
2013-03-14,521.2346,531.1314,521.2346,528.6572
2013-03-15,529.0696,540.2036,526.5954,540.2036
2013-03-18,527.8325,533.1933,526.1830,528.6572
2013-03-19,539.3789,545.5644,536.0799,541.8531
2013-03-21,543.0902,557.1107,543.0902,557.1107
2013-03-22,557.5230,557.5230,550.1004,550.1004
2013-03-25,558.3479,568.6572,557.5232,565.3582
2013-03-26,565.7705,573.1932,565.3582,568.2448
2013-03-27,566.5831,574.8907,566.1677,573.2292
2013-03-28,573.2293,578.2139,569.9063,573.6447
2013-03-29,581.5370,588.1831,579.8755,587.7678
2013-04-01,582.7830,583.1984,556.6139,557.4446
2013-04-02,555.3677,555.3677,532.1062,549.5523
2013-04-03,548.3064,561.5986,542.0756,561.5986
2013-04-04,553.7063,568.6601,546.6448,567.4139
2013-04-05,579.0447,585.2754,566.1678,566.9985
2013-04-08,576.5524,580.2908,556.6140,564.9216
2013-04-09,564.5062,570.3216,559.9370,567.8293
2013-04-10,564.9215,572.3984,564.9215,571.5676
2013-04-11,573.2292,580.2907,568.6600,571.9830
2013-04-12,568.6602,570.7371,557.0294,561.5986
2013-04-15,549.1371,558.2755,547.0602,554.1217
2013-04-16,543.7371,557.8601,541.6602,556.1986
2013-04-17,560.7676,563.6753,555.3677,563.2599
2013-04-18,550.7986,556.6140,549.1371,554.1217
2013-04-19,557.0292,557.0292,546.6447,549.1370
2013-04-22,557.0293,558.2755,551.2140,552.8755
2013-04-23,549.5524,552.0447,547.4755,551.2139
2013-04-24,552.8755,559.5216,552.4601,558.6909
2013-04-25,559.9370,565.3370,554.5370,559.1063
2013-04-26,561.5985,561.5985,548.7216,551.6293
2013-04-30,552.0448,560.7678,550.3833,555.3679
2013-05-01,557.4447,570.7369,552.8755,566.1677
2013-05-02,567.8293,574.0600,566.1677,572.3985
2013-05-07,579.0447,583.6139,576.9677,581.1216
2013-05-08,583.1986,627.2293,574.8909,612.6909
2013-05-09,612.6907,614.7676,598.1523,611.0292
2013-05-10,622.2446,627.2292,616.0139,618.9216
2013-05-13,620.9984,623.9061,610.6138,611.4446
2013-05-14,613.9366,616.4289,606.4597,613.1058
2013-05-15,615.5984,623.0753,614.3523,623.0753
2013-05-16,625.1521,629.3060,621.8291,625.9829
2013-05-17,625.1522,625.1522,617.6753,620.5830
2013-05-20,624.7368,630.5521,623.9060,627.2291
2013-05-21,621.4138,623.0753,616.8446,619.3369
2013-05-22,620.9983,631.7983,619.3368,628.8906
2013-05-23,628.8906,628.8906,591.5060,591.5060
2013-05-24,595.2445,607.7060,580.2907,596.9060
2013-05-27,595.2446,600.6446,582.7831,593.1677
2013-05-28,592.3369,600.2292,584.0292,591.9215
2013-05-29,598.5675,603.5521,590.2599,596.9060
2013-05-30,591.5060,591.5060,567.8292,571.5676
2013-05-31,578.6293,589.4293,566.9985,581.1216
2013-06-03,574.4755,586.9370,571.1524,575.7216
2013-06-04,574.0600,589.4292,571.5677,586.9369
2013-06-05,581.5369,601.8907,577.7985,577.7985
2013-06-06,575.7216,582.7831,571.5677,572.3985
2013-06-07,567.4140,574.8909,558.6909,563.6755
2013-06-10,587.3523,595.6600,580.7062,595.6600
2013-06-11,597.7367,607.7059,593.5829,593.5829
2013-06-12,589.4292,591.9215,579.4600,590.2600
2013-06-13,584.0293,584.4446,552.8755,552.8755
2013-06-14,559.5216,575.7216,559.5216,564.9216
2013-06-17,564.9215,598.9829,564.9215,596.4906
2013-06-18,596.0753,596.0753,584.8599,591.5060
2013-06-19,594.8292,601.0599,594.8292,598.1522
2013-06-20,597.3216,609.7831,584.4447,593.9985
2013-06-21,581.1216,595.6601,567.4140,593.9985
2013-06-24,596.9061,603.5522,579.4600,585.2753
2013-06-25,585.2753,589.8445,570.3215,576.9676
2013-06-26,587.7677,588.5985,569.9062,572.3985
2013-06-27,572.3985,590.6753,571.9831,589.0138
2013-06-28,598.5675,608.5367,591.9214,604.7983
2013-07-01,607.2905,616.4290,604.7982,616.4290
2013-07-02,615.1829,615.1829,593.9984,599.3984
2013-07-03,596.0752,596.9060,579.4599,582.7830
2013-07-04,584.8599,588.1830,582.7830,585.2753
2013-07-05,587.7678,589.4293,583.6139,587.7678
2013-07-08,591.5062,593.5831,579.8754,581.1216
2013-07-09,584.8600,585.6908,574.4754,577.3831
2013-07-10,578.2138,578.2138,555.7831,560.3524
2013-07-11,558.6908,561.1831,550.7985,557.0293
2013-07-12,565.3369,573.6446,562.8446,571.1523
2013-07-16,576.5524,578.6293,567.8293,572.8139
2013-07-17,574.8908,576.5523,570.7369,576.5523
2013-07-18,578.2138,587.3523,577.7985,586.9369
2013-07-19,590.6752,591.0906,574.0599,576.9676
2013-07-22,585.6908,586.9370,571.5678,573.6447
2013-07-23,574.8907,582.3676,571.5677,581.5369
2013-07-24,582.3678,588.5986,581.5371,588.5986
2013-07-25,589.8446,595.2446,588.1830,592.7523
2013-07-26,587.7677,589.4292,581.9523,585.6907
2013-07-29,583.6138,583.6138,570.7369,571.1523
2013-07-30,572.8139,579.0446,569.4908,577.7985
2013-07-31,571.1524,578.2139,545.3986,568.2447
2013-08-01,555.7832,564.5063,550.3833,563.6755
2013-08-02,571.1522,582.7830,567.4138,582.7830
2013-08-05,578.6292,578.6292,571.9830,575.3061
2013-08-06,576.9679,579.8756,562.8448,579.0448
2013-08-07,575.7217,575.7217,563.6755,563.6755
2013-08-08,568.2445,576.1368,561.1830,562.0138
2013-08-09,562.0139,564.5062,552.4601,558.2755
2013-08-12,548.3063,549.5525,536.2602,545.8140
2013-08-13,551.6293,560.7678,551.6293,558.2755
2013-08-14,558.2753,558.6907,549.5523,552.0446
2013-08-15,546.6446,552.4600,542.0754,544.1523
2013-08-16,540.8294,550.3832,540.4140,545.8140
2013-08-19,542.4909,548.3063,542.4909,547.8909
2013-08-20,544.1524,548.3062,534.1832,534.1832
2013-08-21,537.0909,539.9985,529.6139,534.1832
2013-08-22,534.1832,539.5832,530.4448,530.8602
2013-08-23,539.9986,544.5678,536.6755,538.3370
2013-08-26,538.3371,539.9987,534.1833,536.6756
2013-08-27,542.0755,549.9678,539.1678,543.3217
2013-08-28,540.4138,542.4908,531.2754,537.5062
2013-08-29,537.5061,537.9215,525.8753,526.7061
2013-08-30,532.9370,534.5986,522.1371,523.7986
2013-09-02,529.6141,535.4294,526.2910,530.4448
2013-09-03,530.8601,535.4293,527.5371,534.5986
2013-09-04,529.1986,531.2756,525.4602,530.8602
2013-09-05,530.8602,530.8602,519.2295,519.6448
2013-09-06,521.7217,524.6294,513.4140,515.9063
2013-09-09,525.0449,529.1987,517.5680,522.9680
2013-09-10,527.5372,528.7833,521.7218,522.9680
2013-09-11,525.8754,531.2754,523.3831,524.6293
2013-09-12,525.4600,527.5369,522.5523,526.7061
2013-09-13,527.5371,532.1063,522.5525,531.2755
2013-09-17,532.5217,536.6756,528.7833,529.1987
2013-09-18,535.4294,539.5833,530.8602,539.5833
2013-09-19,541.2446,542.0754,537.5061,541.6600
2013-09-20,544.1525,549.9679,540.8294,544.5679
2013-09-24,544.1524,549.1370,542.9062,544.9832
2013-09-25,545.8139,545.8139,540.4139,542.4908
2013-09-26,539.9793,548.3511,535.7934,548.3511
2013-09-27,548.3511,548.3511,537.4678,538.7236
2013-09-30,535.7935,541.6538,532.4448,539.9794
2013-10-01,537.4678,539.1422,533.2819,535.3749
2013-10-02,539.9794,545.8396,539.9794,544.1653
2013-10-03,544.1653,547.0954,537.0493,539.9794
2013-10-04,535.3750,542.9096,532.8635,540.8167
2013-10-07,540.3981,546.2583,535.7936,546.2583
2013-10-08,541.6537,541.6537,534.5377,537.0493
2013-10-09,535.3747,539.5606,530.3517,539.5606
2013-10-10,542.0723,563.8389,540.8166,563.8389
2013-10-11,572.2107,572.2107,557.1415,560.0716
2013-10-15,560.4902,562.5832,555.0486,560.4902
2013-10-16,560.9088,568.0248,560.4902,567.1876
2013-10-17,570.1178,577.6524,567.1877,573.0479
2013-10-18,573.4663,577.2336,572.2106,575.5593
2013-10-21,578.4895,583.9312,573.8850,575.9780
2013-10-22,579.3266,583.0939,575.9779,577.6523
2013-10-23,577.6524,581.4197,571.7921,571.7921
2013-10-24,568.4434,575.1408,560.0716,574.7222
2013-10-25,566.7690,571.3735,562.5832,566.7690
2013-10-28,570.5363,576.8151,568.0248,575.9780
2013-10-29,569.6993,580.5826,569.6993,578.0710
2013-10-30,580.5824,581.4196,569.6991,579.7452
2013-10-31,578.9081,581.4196,573.8851,574.7222
2013-11-01,579.7453,579.7453,565.0947,567.1876
2013-11-05,564.2576,564.2576,550.8628,557.1416
2013-11-06,550.4441,572.6293,545.8397,569.2806
2013-11-07,563.0018,578.9082,563.0018,575.1409
2013-11-08,573.4665,585.6056,570.5364,584.3498
2013-11-11,586.0241,592.3030,582.6754,592.3030
2013-11-12,592.3030,593.5587,588.9543,592.3030
2013-11-13,587.6984,591.8843,584.7683,589.3727
2013-11-14,591.0472,604.0234,590.2100,602.7676
2013-11-15,607.3721,613.2324,601.9305,610.7208
2013-11-18,610.3023,610.7209,600.6748,604.4421
2013-11-19,603.1863,612.3952,603.1863,609.0465
2013-11-20,608.6279,612.8138,606.9535,610.7208
2013-11-21,610.7208,619.0926,609.0465,615.3253
2013-11-22,616.9996,617.4182,610.3022,612.3951
2013-11-25,615.3253,617.4182,612.8137,614.9067
2013-11-26,612.3952,614.9067,606.1163,606.1163
2013-11-27,606.1163,613.6509,601.9304,603.1862
2013-11-28,604.4420,609.0465,600.6747,602.7676
2013-11-29,602.7677,611.1395,602.7677,611.1395
2013-12-02,611.1394,614.4881,604.8606,606.1163
2013-12-03,611.5580,614.4882,605.2792,606.5350
2013-12-04,603.1862,606.9535,594.8145,594.8145
2013-12-05,590.6285,597.7445,589.7913,591.0471
2013-12-06,590.6285,593.1400,586.8612,589.7913
2013-12-09,598.5817,610.3021,598.5817,609.4650
2013-12-10,610.3023,613.6510,606.5350,611.1395
2013-12-11,606.9536,618.2555,606.1164,616.5811
2013-12-12,611.1394,611.9765,606.9535,609.8836
2013-12-13,609.8839,617.8371,609.4653,614.0698
2013-12-16,611.9766,613.2324,606.9535,607.3721
2013-12-17,609.0464,613.2323,606.1163,609.8836
2013-12-18,612.8138,621.6041,611.9766,621.6041
2013-12-19,626.2086,632.0688,624.5342,630.3945
2013-12-20,624.5344,633.7433,623.2786,631.6504
2013-12-24,627.4645,627.4645,612.8139,623.6972
2013-12-25,619.5112,627.0458,619.5112,625.7900
2013-12-26,624.9529,637.0919,622.8599,636.6733
2013-12-27,637.5105,637.9291,629.9759,633.7432
2013-12-30,637.9290,637.9290,632.4874,637.0919
2014-01-06,630.3946,635.8363,625.7901,629.1389
2014-01-07,623.6970,624.1156,611.5579,612.8137
2014-01-08,618.6739,619.9297,612.3951,619.9297
2014-01-09,638.3479,639.1850,618.2556,619.0928
2014-01-10,612.8138,616.9997,610.3023,615.3253
2014-01-14,614.9068,614.9068,595.6517,597.7446
2014-01-15,604.8604,622.8597,602.7674,621.1853
2014-01-16,625.3715,628.7202,622.0228,627.8831
2014-01-17,622.0229,625.3716,616.9998,619.0928
2014-01-20,633.3246,654.2541,631.6503,650.0682
2014-01-21,653.4168,659.2771,646.3008,655.5098
2014-01-22,655.5098,661.3701,644.2079,650.0682
2014-01-23,644.6266,650.9054,638.7663,640.0221
2014-01-24,627.8829,632.9060,624.1156,628.7201
2014-01-27,619.5112,619.9298,611.5580,615.3253
2014-01-28,627.4644,635.4176,623.2785,625.3715
2014-01-29,635.4176,638.7663,631.6503,638.7663
2014-01-30,626.2086,628.7201,618.6740,624.1157
2014-01-31,624.9530,627.8831,604.0235,608.6280
2014-02-03,619.5113,619.5113,606.9536,608.6280
2014-02-04,606.5349,606.5349,588.5356,591.8843
2014-02-05,586.0241,588.1170,567.1876,585.6055
2014-02-06,575.1408,578.4895,563.4203,563.8389
2014-02-07,569.2805,587.2798,568.0247,585.6055
2014-02-10,589.7915,591.0472,576.8152,583.9312
2014-02-12,596.4889,600.2562,592.3030,595.2331
2014-02-13,588.9543,611.9766,587.2799,597.7446
2014-02-14,602.7677,638.3477,582.2568,619.5112
2014-02-17,611.1396,624.5344,604.4422,619.0928
2014-02-18,619.9298,632.4874,619.9298,630.3945
2014-02-19,629.1388,637.9292,625.7901,634.5804
2014-02-20,634.5803,635.4175,629.5572,630.8130
2014-02-21,634.1619,656.7657,634.1619,653.8356
2014-02-24,647.1380,655.0912,642.1150,651.7425
2014-02-25,652.9983,660.1143,652.9983,656.7656
2014-02-26,655.9285,665.1374,652.5798,662.6259
2014-02-27,661.3700,663.4629,655.9283,656.3469
2014-02-28,658.4398,662.6257,656.3469,660.1142
2014-03-03,657.1841,659.2771,653.4168,655.5098
2014-03-04,649.6495,660.9514,644.6264,657.1841
2014-03-05,659.6958,667.2304,650.9054,652.5798
2014-03-06,656.7657,665.1375,651.3240,653.8356
2014-03-07,655.5099,659.6958,647.1381,653.4169
2014-03-10,650.9052,652.5796,648.3937,650.4866
2014-03-11,651.3240,652.9983,647.5567,649.2310
2014-03-12,645.4637,646.7194,637.5105,637.9291
2014-03-13,637.9291,646.7194,635.4175,641.2778
2014-03-14,627.4645,630.3946,616.5812,617.4184
2014-03-17,615.3253,616.9997,604.4420,607.3721
2014-03-18,612.8137,616.1624,609.8836,609.8836
2014-03-19,614.0698,621.1858,611.9769,614.0698
2014-03-20,617.4183,619.0927,605.2792,605.2792
2014-03-24,604.8605,609.8836,602.7676,603.1862
2014-03-25,596.9074,597.3260,588.9542,593.5587
2014-03-26,601.0933,614.9067,598.1631,614.9067
2014-03-27,595.9410,610.2705,590.0406,607.3203
2014-03-28,610.6921,628.3933,608.1634,627.1290
2014-03-31,627.1290,627.5504,618.2784,621.6500
2014-04-01,639.3511,645.6730,632.6078,635.1365
2014-04-02,636.8226,639.3513,629.6578,629.6578
2014-04-03,629.6577,638.9298,626.2861,628.8148
2014-04-04,627.9720,633.0295,625.4432,627.9720
2014-04-07,625.8646,630.0792,619.5427,625.0217
2014-04-08,617.0139,625.8645,612.7993,621.2285
2014-04-09,619.5426,625.0216,613.6422,619.1212
2014-04-10,622.4930,630.9222,617.8570,618.6999
2014-04-11,611.1136,619.5428,609.0063,610.2707
2014-04-14,610.2708,640.1943,608.1635,634.7153
2014-04-15,633.4509,636.4011,625.4432,628.8148
2014-04-16,626.7074,638.0867,624.6001,635.1365
2014-04-17,634.7153,644.4089,632.6080,634.7153
2014-04-18,636.8225,643.5658,635.1367,643.1443
2014-04-21,640.1943,643.9875,637.2441,640.1943
2014-04-22,642.7230,648.2020,639.7728,641.0372
2014-04-23,639.7728,640.6157,635.1367,639.7728
2014-04-24,634.7152,638.0869,625.8646,626.7075
2014-04-25,625.8646,636.4011,622.4930,630.5007
2014-04-28,626.2859,632.1863,625.0215,630.0790
2014-04-30,629.2364,636.4011,627.9720,633.0295
2014-05-01,630.9220,633.8722,621.2285,632.1864
2014-05-02,632.1865,632.1865,621.2286,625.4432
2014-05-07,623.3359,627.1290,615.3282,621.6500
2014-05-08,621.6499,654.5236,621.6499,642.3013
2014-05-09,627.5505,640.6157,626.2862,633.0295
2014-05-12,630.0791,634.7151,628.3933,630.9220
2014-05-13,640.6157,644.8303,634.2938,636.8226
2014-05-14,636.8224,641.0370,633.0293,635.9795
2014-05-15,632.1864,636.4009,625.8645,636.4009
2014-05-16,626.7074,632.1864,620.3855,623.7572
2014-05-19,628.3934,630.5007,622.9145,624.1788
2014-05-20,625.0217,641.4585,625.0217,637.2440
2014-05-21,630.5008,646.9376,630.5008,644.4089
2014-05-22,646.5161,654.9453,644.4088,653.2595
2014-05-23,654.1023,657.4740,650.3092,650.7307
2014-05-26,656.2096,656.6311,648.2019,654.5238
2014-05-27,656.2095,659.1597,647.7804,649.4662
2014-05-28,658.3169,664.2173,652.4165,661.6885
2014-05-29,672.2251,684.0259,671.3821,678.9684
2014-05-30,678.9683,678.9683,668.8533,670.1177
2014-06-02,676.4395,682.3399,673.0678,677.7039
2014-06-03,685.7116,687.8189,681.4971,682.3400
2014-06-04,684.0258,690.7691,682.3400,690.7691
2014-06-05,693.2979,698.7768,684.8687,686.5546
2014-06-06,690.7690,693.2977,685.7115,692.4548
2014-06-09,697.5124,701.7270,688.6618,691.6120
2014-06-10,689.9263,694.1409,682.7616,684.0259
2014-06-11,684.4473,692.0335,684.4473,687.3975
2014-06-12,682.7615,683.1829,674.7538,676.8611
2014-06-13,676.8610,681.4970,671.3820,679.8112
2014-06-16,677.7039,677.7039,670.1177,674.7537
2014-06-17,677.7039,684.8687,674.7537,680.2327
2014-06-18,678.1253,681.0755,675.5966,677.7039
2014-06-19,675.5966,689.5047,675.5966,686.1331
2014-06-20,684.4472,690.3476,680.6541,688.2403
2014-06-23,688.2404,689.0833,673.4894,674.7537
2014-06-24,673.4892,681.4969,666.7459,677.2823
2014-06-25,676.4395,678.5468,673.9108,675.1752
2014-06-26,679.3898,679.3898,665.4817,669.2748
2014-06-27,664.2171,666.3244,652.4163,658.7382
2014-06-30,669.6962,669.6962,662.1100,669.2748
2014-07-01,668.0103,671.3820,665.0601,669.6962
2014-07-02,671.3820,682.3399,670.1176,677.7039
2014-07-03,683.1828,686.1330,679.8111,683.6042
2014-07-04,687.8188,691.1905,686.1330,688.2403
2014-07-07,686.5545,686.5545,673.9108,674.7537
2014-07-08,671.3819,678.5467,664.2172,677.2823
2014-07-09,672.2250,678.5469,665.4817,668.8533
2014-07-10,667.5889,675.5966,665.4816,666.3245
2014-07-11,660.4241,670.1176,659.5812,663.7958
2014-07-14,665.0602,667.1675,654.9452,659.1598
2014-07-15,662.9530,672.2251,662.1101,667.1676
2014-07-16,674.3324,674.3324,660.8458,662.5316
2014-07-17,660.0027,663.3744,653.6808,656.2096
2014-07-18,651.1521,654.5238,647.7804,653.6808
2014-07-22,658.1063,663.3745,654.7346,661.0565
2014-07-23,663.3741,670.1175,663.3741,669.9067
2014-07-24,672.6464,673.0679,663.3744,666.1138
2014-07-25,667.1676,673.7002,665.9032,673.0680
2014-07-28,675.5966,682.9721,675.5966,678.7576
2014-07-29,680.4435,680.6542,674.3323,679.3898
2014-07-30,682.3399,685.0794,677.7039,684.2365
2014-07-31,686.7651,687.8188,671.5926,672.0141
2014-08-01,670.7499,684.6580,668.4319,682.3400
2014-08-04,676.2288,685.5009,671.5928,682.3400
2014-08-05,682.1289,683.3933,673.0676,673.9105
2014-08-06,670.9607,682.7615,670.9607,679.3898
2014-08-07,682.5506,690.5583,682.5506,690.3476
2014-08-08,684.2365,688.6618,671.8035,671.8035
2014-08-11,684.8687,696.2481,681.0756,694.5623
2014-08-12,698.1447,699.1983,692.6657,698.1447
2014-08-13,695.4053,706.1524,694.5623,704.8881
2014-08-14,703.8342,704.4664,698.7767,702.9913
2014-08-15,699.8302,703.6234,694.9835,699.1981
2014-08-18,703.2020,704.6771,698.5660,703.6235
2014-08-19,708.0489,713.9493,706.7845,710.5776
2014-08-20,714.3707,715.2136,708.0488,708.8917
2014-08-21,713.9493,725.9608,712.6849,724.0643
2014-08-22,728.0681,728.0681,721.9570,724.4857
2014-08-25,727.8573,728.0680,718.1638,719.4282
2014-08-26,719.4282,720.9033,715.8458,717.5316
2014-08-27,721.1140,722.5891,711.8420,715.8458
2014-08-28,712.2635,715.4244,709.7347,712.2635
2014-08-29,710.9989,715.2135,709.5238,712.8955
2014-09-01,712.6848,718.3745,709.5238,716.8994
2014-09-02,716.4780,722.3784,712.6849,717.7424
2014-09-03,718.7959,722.1676,716.4779,720.0603
2014-09-04,717.7424,722.7999,716.6888,720.9034
2014-09-05,727.6466,734.6007,725.5393,725.7501
2014-09-08,732.9149,737.9724,727.6467,737.9724
2014-09-09,737.9724,737.9724,722.1677,722.3784
2014-09-10,718.1638,735.6542,717.7423,732.7040
2014-09-11,745.9801,745.9801,724.0643,729.1218
2014-09-12,716.4780,737.7616,716.4780,733.5471
2014-09-16,734.6007,741.1333,730.8075,739.2367
2014-09-17,736.4973,740.9227,733.5471,733.7579
2014-09-18,742.8191,764.5242,736.4973,760.3096
2014-09-19,764.9456,775.0606,761.9954,772.7426
2014-09-22,770.4245,774.6391,766.8422,771.2675
2014-09-24,755.8843,767.2637,755.6736,759.6774
2014-09-25,767.4744,783.9113,766.4208,783.9113
2014-09-26,775.4366,776.0722,769.2924,773.3179
2014-09-29,771.8348,780.5214,769.0805,778.6146
2014-09-30,780.9451,786.0299,770.3517,773.3179
2014-10-01,779.4621,792.3860,776.7078,784.1232
2014-10-02,777.9790,783.9113,771.6229,773.1060
2014-10-03,770.7755,783.9113,770.3517,783.6994
2014-10-06,792.3859,795.3521,780.9451,788.5723
2014-10-07,789.4197,808.9116,788.5723,803.1912
2014-10-08,808.9116,827.1323,806.5811,811.4540
2014-10-09,811.2420,816.5387,799.5893,803.6147
2014-10-10,786.6655,804.6742,786.4536,795.3521
2014-10-14,784.9706,801.4963,782.6400,792.1741
2014-10-15,802.1317,830.0983,796.1994,827.3440
2014-10-16,815.4796,828.1917,813.9965,822.8950
2014-10-17,819.2933,820.1407,784.7588,784.7588
2014-10-20,800.8606,813.1490,792.5978,812.7252
2014-10-21,809.3354,812.3015,798.1064,801.7081
2014-10-22,813.3608,826.2847,808.6997,825.2254
2014-10-23,828.1916,843.0223,827.1322,835.3951
2014-10-24,838.9968,838.9968,826.2847,833.9120
2014-10-27,834.7595,836.0307,829.4628,835.8188
2014-10-28,840.2680,849.8021,838.9968,847.6834
2014-10-29,849.1666,863.1499,843.6580,860.1837
2014-10-30,860.1836,867.3871,855.0988,861.8785
2014-10-31,868.2347,897.2606,868.0228,891.1164
2014-11-04,974.5925,974.5925,909.3372,910.1846
2014-11-05,889.8452,927.9814,889.4215,924.5916
2014-11-06,930.1001,930.3120,897.8962,912.3032
2014-11-07,915.0575,931.7950,909.1252,916.9643
2014-11-10,913.1506,915.2693,902.7691,906.5827
2014-11-11,912.7268,940.4815,912.3031,936.8798
2014-11-12,945.3546,948.7445,927.1340,929.4645
2014-11-13,919.5067,939.6342,915.4812,938.7867
2014-11-14,946.4140,953.1938,932.2189,953.1938
2014-11-17,939.6342,942.8122,922.2611,929.8883
2014-11-18,942.8121,966.1176,942.1765,966.1176
2014-11-19,972.0499,986.2450,962.0921,970.3549
2014-11-20,962.9395,986.0331,962.9395,981.5839
2014-11-21,981.5840,985.8214,963.3634,975.6517
2014-11-25,979.4652,979.4652,956.1597,957.6428
2014-11-26,942.8122,960.1853,935.3968,950.8632
2014-11-27,938.5749,949.1683,932.4307,938.5749
2014-11-28,933.4900,941.3291,929.6764,938.7867
2014-12-01,938.1511,957.6430,938.1511,945.9902
2014-12-02,953.8293,955.5242,945.5664,949.3801
2014-12-03,952.5581,965.2702,941.9647,961.8803
2014-12-04,974.5924,983.0672,964.6346,968.0245
2014-12-05,962.5158,982.6433,959.9734,977.7703
2014-12-08,987.3040,996.8380,986.0328,996.4143
2014-12-09,991.5418,1005.9489,988.5757,998.1097
2014-12-10,978.1941,978.1941,949.1682,955.7361
2014-12-11,951.2868,964.8464,940.9053,961.6683
2014-12-12,958.7023,980.3129,954.0413,968.0245
2014-12-15,947.0495,980.1009,944.5071,969.2956
2014-12-16,959.1260,963.7871,942.8122,945.9902
2014-12-17,942.8123,948.3208,927.3459,927.9815
2014-12-18,935.3967,941.9646,911.8793,919.0828
2014-12-19,931.3714,944.7191,911.0321,942.8123
2014-12-22,938.7866,942.1765,932.0068,940.0578
2014-12-24,945.9902,969.9312,945.1427,966.1176
2014-12-25,957.6429,974.5923,957.6429,972.8974
2014-12-26,967.6007,971.8380,962.0921,969.2956
2014-12-29,974.5923,978.1940,958.4903,966.7532
2014-12-30,968.6600,970.3550,950.0157,950.4394
2015-01-05,943.0240,955.5242,936.2442,949.1682
2015-01-06,930.1001,938.5748,922.4728,928.6170
2015-01-07,921.4135,945.9902,921.4135,928.8289
2015-01-08,936.2440,951.0747,934.1253,937.5152
2015-01-09,935.1850,941.3292,924.5916,929.8883
2015-01-13,925.8628,940.2698,916.5406,940.2698
2015-01-14,940.0579,963.7871,939.8460,954.6768
2015-01-15,952.7699,968.6599,946.6257,962.9395
2015-01-16,949.1680,959.9733,927.5575,945.3544
2015-01-19,959.3381,976.0756,955.9482,973.5332
2015-01-20,978.4060,992.6011,975.6517,992.6011
2015-01-21,986.8808,995.7792,976.4993,984.5502
2015-01-22,991.5415,1004.2536,984.3380,1004.2536
2015-01-23,1016.5422,1021.8389,994.5080,1001.0759
2015-01-26,992.6010,1016.7539,990.6942,1013.5759
2015-01-27,1023.1099,1048.7459,1022.8981,1047.4747
2015-01-28,1040.0595,1059.1276,1036.8815,1057.2208
2015-01-29,1055.1020,1066.1192,1045.7798,1055.5258
2015-01-30,1072.0515,1080.5262,1026.0762,1033.2797
2015-02-02,974.5924,986.8807,959.9735,983.0671
2015-02-03,993.6603,997.0502,945.5663,951.4986
2015-02-04,968.6603,971.8383,948.9566,960.8212
2015-02-05,969.7193,974.1685,943.4477,945.5663
2015-02-06,951.2867,951.7105,924.3795,927.1338
2015-02-09,944.0834,944.5071,927.9814,940.6935
2015-02-10,943.0241,944.7190,928.1933,935.6087
2015-02-12,956.7952,971.8378,952.1341,957.2189
2015-02-13,955.3125,959.5499,949.1683,950.0158
2015-02-16,948.5328,949.1684,924.5917,926.7104
2015-02-17,917.3880,938.9985,913.3625,937.0917
2015-02-18,949.1682,958.7022,945.3546,957.4310
2015-02-19,957.4310,970.3550,955.1005,966.1176
2015-02-20,970.3549,971.4142,947.4731,952.1342
2015-02-23,964.8463,965.0582,948.5325,951.9224
2015-02-24,951.9226,952.1345,943.2360,947.0496
2015-02-25,942.6004,945.3547,929.8883,932.8545
2015-02-26,934.5492,964.6345,933.2780,963.5751
2015-02-27,969.2955,982.4313,963.9988,973.3210
2015-03-02,973.5329,981.5839,962.5158,963.3633
2015-03-03,970.3551,985.1858,967.3889,984.1265
2015-03-04,988.5755,993.6603,977.9821,982.4313
2015-03-05,986.4570,1007.8556,984.7620,1006.1607
2015-03-06,1014.8473,1091.7553,1007.4319,1079.6788
2015-03-09,1074.1702,1096.2045,1067.6023,1070.5685
2015-03-10,1070.7805,1084.5519,1059.9752,1060.6108
2015-03-11,1059.3394,1101.2892,1055.7376,1089.2128
2015-03-12,1089.8484,1123.7473,1086.0348,1119.0862
2015-03-13,1136.6712,1140.6967,1114.6370,1114.6370
2015-03-16,1092.3909,1133.2814,1089.2129,1119.9337
2015-03-17,1131.1626,1135.1881,1123.3235,1131.3745
2015-03-18,1110.1879,1137.7307,1109.5523,1133.9171
2015-03-19,1126.2899,1132.2222,1109.1286,1114.4253
2015-03-20,1118.4505,1134.9762,1107.2215,1132.8575
2015-03-23,1139.6373,1142.8153,1132.0101,1138.3661
2015-03-24,1138.3664,1139.4257,1123.1119,1136.4596
2015-03-25,1136.4594,1157.2224,1131.3745,1157.2224
2015-03-26,1154.8920,1154.8920,1132.0102,1145.3579
2015-03-27,1135.5611,1165.8030,1135.1352,1149.1913
2015-03-30,1160.0529,1179.6462,1157.9232,1175.1738
2015-03-31,1184.1186,1185.1835,1122.1440,1122.1440
2015-04-01,1105.5322,1113.1991,1085.3000,1098.5042
2015-04-02,1111.7083,1138.5427,1104.4673,1127.6812
2015-04-03,1141.9502,1183.9055,1137.4778,1164.3121
2015-04-06,1167.0808,1183.4795,1154.7284,1172.4050
2015-04-07,1183.4797,1183.4797,1158.7751,1168.9977
2015-04-08,1179.6461,1186.2481,1154.0895,1182.4147
2015-04-09,1182.4150,1199.0267,1175.5999,1197.1100
2015-04-10,1192.2115,1192.6374,1179.2202,1184.9705
2015-04-13,1187.5262,1192.8505,1154.7287,1158.5621
2015-04-14,1150.4692,1171.1274,1150.4692,1169.2107
2015-04-15,1154.3027,1169.8495,1143.0152,1146.4227
2015-04-16,1147.9133,1165.8029,1111.7082,1119.1622
2015-04-17,1115.9681,1115.9681,1080.6149,1082.7446
2015-04-20,1069.1141,1131.0886,1069.1141,1119.8011
2015-04-21,1133.6442,1158.3488,1124.6994,1158.1359
2015-04-22,1160.6918,1169.8496,1146.2098,1158.5621
2015-04-23,1154.5159,1158.5624,1142.8025,1153.4510
2015-04-24,1141.5244,1164.5252,1135.9871,1154.9415
2015-04-27,1160.6918,1177.7294,1154.9416,1160.6918
2015-04-28,1162.8215,1177.3035,1160.9047,1171.1273
2015-04-30,1153.0247,1162.6084,1130.0239,1133.4314
2015-05-01,1133.4310,1144.0795,1121.0787,1128.3197
2015-05-07,1115.9679,1131.9407,1112.5604,1122.3571
2015-05-08,1107.4489,1136.8389,1090.4112,1120.2272
2015-05-11,1122.3571,1127.8944,1100.6341,1110.8567
2015-05-12,1111.7084,1125.5515,1108.5139,1121.9310
2015-05-13,1109.5786,1123.2088,1099.5690,1120.2272
2015-05-14,1103.1895,1108.9398,1080.1887,1080.6146
2015-05-15,1084.6611,1099.7821,1082.9574,1098.9302
2015-05-18,1107.4488,1114.9028,1098.0781,1105.5321
2015-05-19,1114.6899,1117.6715,1106.1710,1109.3656
2015-05-20,1110.8564,1115.1159,1101.0598,1103.4025
2015-05-21,1097.6524,1105.7453,1094.0319,1097.2264
2015-05-22,1091.2632,1091.2632,1071.4569,1073.7996
2015-05-25,1075.9295,1084.4484,1066.1329,1084.4484
2015-05-26,1084.4480,1099.5689,1081.8923,1096.1614
2015-05-27,1087.2168,1094.6708,1077.8461,1092.1151
2015-05-28,1092.1149,1097.6522,1078.9107,1096.1614
2015-05-29,1096.8006,1112.3475,1094.0320,1094.0320
2015-06-01,1090.1986,1102.1250,1086.5781,1093.1802
2015-06-02,1098.0781,1104.6802,1086.7906,1102.9764
2015-06-03,1093.8186,1097.8650,1081.4662,1083.5959
2015-06-04,1091.4762,1091.4762,1067.8364,1072.3088
2015-06-05,1066.9846,1080.6147,1065.0678,1077.4202
2015-06-08,1072.0958,1075.0774,1065.7067,1073.3737
2015-06-09,1065.2808,1072.7348,1058.0398,1060.3824
2015-06-10,1064.8547,1074.2254,1051.6505,1062.7250
2015-06-11,1069.1143,1097.6524,1064.4289,1096.5875
2015-06-12,1107.6618,1107.6618,1073.7995,1085.0869
2015-06-15,1066.5586,1082.9574,1065.7067,1080.4017
2015-06-16,1084.0221,1121.2920,1084.0221,1112.7732
2015-06-17,1119.8014,1122.9959,1109.5788,1117.8846
2015-06-18,1115.9682,1120.0146,1105.7456,1106.8104
2015-06-19,1111.7084,1138.9686,1110.4305,1131.5146
2015-06-22,1130.8758,1135.7741,1119.3753,1126.6163
2015-06-23,1137.2649,1144.2929,1127.8942,1137.2649
2015-06-24,1154.3029,1169.2108,1145.9970,1158.7753
2015-06-25,1158.5620,1164.9512,1138.5428,1147.4875
2015-06-26,1154.3026,1162.1826,1146.6357,1156.8583
2015-06-29,1128.7460,1147.2745,1123.2088,1126.4033
2015-06-30,1114.9031,1138.9688,1112.1345,1129.3851
2015-07-01,1145.3579,1160.2659,1124.0608,1132.7926
2015-07-02,1133.0053,1133.8572,1113.1990,1115.9677
2015-07-03,1123.8477,1132.3665,1114.4769,1117.0326
2015-07-06,1103.1896,1108.0879,1088.2816,1093.8188
2015-07-07,1120.4402,1133.8574,1110.2176,1128.1072
2015-07-08,1119.5882,1131.5146,1108.3008,1108.3008
2015-07-09,1097.6523,1113.1992,1079.5498,1105.7452
2015-07-10,1112.3470,1149.8299,1111.2821,1130.0236
2015-07-13,1143.6538,1180.7107,1137.6906,1179.0070
2015-07-14,1191.9984,1192.4244,1173.4700,1180.2850
2015-07-15,1184.1186,1188.1650,1179.8592,1186.8872
2015-07-16,1192.6373,1212.2307,1192.4244,1201.3691
2015-07-17,1212.0177,1241.4077,1211.8047,1238.0001
2015-07-21,1239.0652,1243.9635,1224.7961,1242.0468
2015-07-22,1242.4723,1242.4723,1221.8142,1222.2401
2015-07-23,1222.8794,1247.7970,1216.2773,1245.4543
2015-07-24,1239.4908,1245.0280,1226.9255,1234.8054
2015-07-27,1239.4911,1252.0564,1199.0266,1209.6752
2015-07-28,1205.6288,1237.3615,1205.4159,1233.3151
2015-07-29,1243.7504,1247.5839,1230.9722,1245.8801
2015-07-30,1256.1025,1260.7879,1224.5828,1230.9719
2015-07-31,1236.7224,1242.8985,1199.8784,1214.7864
2015-08-03,1193.4891,1210.3138,1185.6092,1206.9062
2015-08-04,1216.9163,1232.2502,1201.5824,1213.5088
2015-08-05,1204.7766,1230.9721,1198.3875,1224.1570
2015-08-06,1230.9723,1230.9723,1205.2028,1206.4806
2015-08-07,1206.6931,1206.6931,1176.8772,1186.6738
2015-08-10,1186.2482,1209.0361,1177.5164,1208.3972
2015-08-11,1203.7118,1204.7767,1180.4980,1186.4612
2015-08-12,1173.0441,1182.4149,1146.2098,1152.8119
2015-08-13,1151.3210,1172.6181,1148.5524,1169.8495
2015-08-14,1169.8494,1181.5628,1161.9695,1171.9791
2015-08-17,1174.9605,1185.6091,1168.9973,1179.6459
2015-08-18,1167.0808,1181.5629,1160.2658,1174.7478
2015-08-19,1189.2299,1193.4893,1155.3675,1156.4324
2015-08-20,1164.7381,1193.4891,1144.0799,1144.9318
2015-08-21,1124.4867,1133.0056,1114.2641,1116.6068
2015-08-24,1100.6337,1125.7643,1073.1605,1074.8643
2015-08-25,1054.2064,1094.6709,1041.2152,1041.6411
2015-08-26,1041.2150,1065.4937,1035.0389,1051.4376
2015-08-27,1076.5682,1106.5971,1074.4385,1095.0967
2015-08-28,1130.0240,1133.4315,1106.3842,1125.3386
2015-08-31,1127.6814,1146.4229,1117.2459,1137.9041
2015-09-01,1131.3017,1148.1264,1086.3649,1086.3649
2015-09-02,1075.5033,1116.3938,1073.3736,1091.2632
2015-09-03,1111.7086,1140.0338,1104.0417,1106.1714
2015-09-04,1121.9306,1129.1716,1072.5214,1083.1699
2015-09-07,1074.4387,1085.7262,1061.4475,1079.3370
2015-09-08,1085.2999,1089.1334,1023.9643,1023.9643
2015-09-09,1058.6786,1086.3649,1031.6313,1086.3649
2015-09-10,1055.4842,1056.5491,1027.3721,1045.4746
2015-09-11,1038.2332,1059.7433,1035.2516,1046.1132
2015-09-14,1053.7804,1062.9381,1035.4648,1036.1038
2015-09-15,1053.9933,1065.7067,1039.0854,1048.6691
2015-09-16,1054.2062,1057.1878,1028.6497,1039.2982
2015-09-17,1053.3543,1064.2158,1040.7890,1061.2343
2015-09-18,1052.5025,1058.4657,1032.6962,1032.6962
2015-09-24,1028.6499,1055.4842,1028.2239,1032.9093
2015-09-25,1038.2335,1093.3930,1038.2335,1091.0503
2015-09-28,1085.0567,1097.0439,1070.2867,1075.4241
2015-09-29,1058.2993,1069.8584,1032.8264,1035.8232
2015-09-30,1062.1524,1080.5613,1048.4527,1076.7083
2015-10-01,1086.5552,1095.1175,1061.7245,1085.6990
2015-10-02,1065.3633,1101.5390,1065.3633,1089.5518
2015-10-05,1095.1171,1111.5995,1094.2609,1111.1714
2015-10-06,1126.1555,1135.1459,1113.3120,1124.4430
2015-10-07,1111.3857,1116.9512,1083.3442,1102.1813
2015-10-08,1095.9735,1105.3920,1067.0757,1071.1428
2015-10-09,1084.8427,1092.9769,1064.2932,1092.7628
2015-10-13,1075.4241,1087.4113,1073.2835,1079.9193
2015-10-14,1078.8491,1080.3475,1060.0120,1068.5743
2015-10-15,1073.7115,1091.2642,1057.4432,1081.8457
2015-10-16,1108.8170,1118.8777,1091.4784,1095.7595
2015-10-19,1093.6190,1116.5232,1091.6925,1100.4689
2015-10-20,1119.9478,1121.6603,1088.6955,1093.1907
2015-10-21,1089.9802,1105.1782,1081.2038,1102.8236
2015-10-22,1099.3984,1123.5869,1094.2611,1116.3090
2015-10-23,1136.6445,1151.2004,1134.5039,1149.4879
2015-10-26,1164.4716,1167.4684,1152.6984,1156.3374
2015-10-27,1155.9094,1170.2512,1152.9126,1158.6921
2015-10-28,1152.2706,1165.7562,1139.6412,1153.1268
2015-10-29,1158.2641,1158.9062,1137.2865,1151.6283
2015-10-30,1158.4785,1170.0376,1142.6383,1158.9066
2015-11-02,1141.9958,1141.9958,1113.5262,1115.6667
2015-11-04,1137.0725,1143.4942,1121.0182,1137.5006
2015-11-05,1137.5004,1205.9987,1137.0723,1200.4332
2015-11-06,1203.2163,1211.7786,1177.7435,1180.0981
2015-11-09,1189.3025,1193.5836,1178.1715,1187.8041
2015-11-10,1187.3759,1197.6506,1180.7401,1196.1522
2015-11-11,1194.4400,1218.2004,1189.7307,1216.9160
2015-11-12,1213.4909,1219.2705,1207.9254,1213.2769
2015-11-13,1207.0693,1226.3344,1199.5773,1223.3376
2015-11-16,1202.5740,1214.9893,1199.1491,1208.3535
2015-11-17,1212.6348,1217.5581,1205.5709,1205.9990
2015-11-18,1215.8460,1219.4850,1208.9961,1214.9897
2015-11-19,1222.2675,1225.2643,1212.8490,1222.0535
2015-11-20,1215.8459,1221.8395,1208.1398,1220.9833
2015-11-24,1220.5552,1220.9833,1204.5009,1210.4945
2015-11-25,1210.4945,1218.8428,1205.3572,1214.9897
2015-11-26,1217.7722,1222.9096,1214.5614,1219.2706
2015-11-27,1219.0566,1225.6924,1216.2738,1220.7690
2015-11-30,1220.7688,1221.6251,1208.3535,1208.3535
2015-12-01,1208.5678,1215.4176,1192.9416,1215.4176
2015-12-02,1205.1429,1215.2036,1203.4305,1209.8522
2015-12-03,1202.5744,1207.7118,1199.3635,1201.2900
2015-12-04,1180.3123,1180.3123,1156.3379,1161.0471
2015-12-07,1175.3889,1182.8809,1167.4688,1170.0375
2015-12-08,1170.0374,1205.1428,1164.4719,1180.3121
2015-12-09,1180.3119,1186.9477,1158.4781,1162.1171
2015-12-10,1159.1204,1173.2482,1157.4080,1162.3313
2015-12-11,1155.0530,1173.8901,1153.3406,1156.7655
2015-12-14,1138.9993,1165.3284,1137.7150,1163.4019
2015-12-15,1162.9735,1170.0374,1133.4336,1135.7882
2015-12-16,1151.6283,1166.8264,1138.7849,1166.8264
2015-12-17,1188.2322,1198.0788,1178.8136,1194.4398
2015-12-18,1193.3699,1220.1271,1171.1080,1171.3220
2015-12-21,1171.3217,1201.0756,1164.6859,1193.1555
2015-12-22,1190.5872,1193.5840,1175.1750,1188.2325
2015-12-24,1211.5648,1211.7789,1193.3700,1194.6543
2015-12-25,1194.6543,1194.6543,1194.6543,1194.6543
2015-12-28,1220.3408,1225.2641,1200.4335,1211.1364
2015-12-29,1210.7084,1225.6925,1203.2164,1225.0503
2015-12-30,1226.9763,1239.3916,1221.6249,1232.7559
2016-01-04,1211.9925,1222.4814,1186.0916,1191.6571
2016-01-05,1196.7947,1205.1430,1162.9737,1165.5424
2016-01-06,1165.5420,1177.1011,1150.7721,1156.9797
2016-01-07,1159.9768,1164.9001,1136.8586,1143.0663
2016-01-08,1134.5037,1165.5420,1133.0053,1145.8488
2016-01-12,1134.5034,1148.6312,1132.7909,1133.0050
2016-01-13,1140.7115,1159.7626,1134.7179,1153.7690
2016-01-14,1132.3636,1135.7885,1104.5361,1116.5233
2016-01-15,1134.5037,1149.0596,1117.1651,1125.9414
2016-01-18,1106.6767,1119.9482,1102.8236,1116.5233
2016-01-19,1113.5263,1119.7340,1092.7628,1102.1813
2016-01-20,1097.0437,1113.0980,1069.4303,1073.9255
2016-01-21,1080.1334,1084.8427,1039.0344,1039.4625
2016-01-22,1070.0726,1082.7020,1050.3794,1080.7755
2016-01-25,1089.1240,1107.3189,1082.0601,1106.0345
2016-01-26,1084.8428,1113.0983,1084.6287,1092.5488
2016-01-27,1117.3791,1131.0787,1107.5324,1127.6538
2016-01-28,1129.1524,1162.3313,1120.3761,1147.7754
2016-01-29,1169.1811,1225.0500,1150.9862,1214.3472
2016-02-01,1327.1557,1353.2707,1295.4752,1351.9863
2016-02-02,1318.5932,1341.7114,1311.3153,1338.7146
2016-02-03,1316.4528,1341.2834,1301.0406,1327.1556
2016-02-04,1310.0310,1323.3026,1300.1844,1302.3250
2016-02-05,1262.9381,1278.9924,1240.6761,1256.9445
2016-02-08,1232.9702,1278.9925,1229.3312,1273.8551
2016-02-09,1231.2579,1256.7307,1231.2579,1246.4559
2016-02-10,1244.7433,1253.5197,1188.2322,1212.4207
2016-02-12,1173.2482,1201.5037,1156.9798,1173.2482
2016-02-15,1210.4941,1246.6698,1204.7146,1238.1075
2016-02-16,1215.8458,1218.4145,1184.5935,1189.7308
2016-02-17,1182.0247,1191.2292,1158.0503,1179.2419
2016-02-18,1200.6474,1217.1298,1190.3726,1199.3630
2016-02-19,1193.3698,1210.0662,1179.0279,1200.6477
2016-02-22,1195.2962,1240.4623,1191.4431,1233.1843
2016-02-23,1236.3952,1240.2482,1197.4368,1208.9958
2016-02-24,1204.2868,1218.4146,1188.8747,1202.5743
2016-02-25,1205.7849,1219.2705,1199.1491,1211.1364
2016-02-26,1211.1366,1231.0439,1200.2197,1219.9130
2016-02-29,1234.4686,1243.8871,1184.3792,1184.3792
2016-03-01,1172.8203,1185.0215,1149.4880,1179.4561
2016-03-02,1200.8617,1216.2738,1185.8777,1212.8489
2016-03-03,1204.5008,1213.9193,1193.3698,1213.9193
2016-03-04,1207.2833,1234.0405,1199.1492,1223.3376
2016-03-07,1199.7911,1206.8550,1173.4621,1178.3854
2016-03-08,1176.0308,1185.0212,1141.5676,1163.1874
2016-03-09,1163.1877,1176.0311,1157.1940,1169.6094
2016-03-10,1169.6094,1194.4400,1169.6094,1189.9448
2016-03-11,1169.6091,1203.8583,1169.6091,1197.0084
2016-03-14,1200.8615,1207.0691,1188.0180,1197.0084
2016-03-15,1193.3696,1202.1459,1184.5932,1190.8009
2016-03-16,1183.7372,1204.0726,1178.1717,1195.7244
2016-03-17,1198.7210,1209.2098,1175.1747,1184.3792
2016-03-18,1177.3152,1182.2385,1156.3376,1163.8296
2016-03-22,1156.3377,1182.8808,1150.7722,1160.4048
2016-03-23,1160.1911,1176.8876,1160.1911,1165.7566
2016-03-24,1165.9701,1192.7273,1164.8998,1182.0244
2016-03-25,1167.4690,1180.9546,1166.6128,1171.3220
2016-03-28,1180.5263,1181.5966,1167.0407,1175.6030
2016-03-29,1183.7819,1185.7190,1170.8679,1180.3381
2016-03-30,1137.2912,1149.3443,1105.6520,1108.0195
2016-03-31,1109.7415,1112.1091,1080.9003,1093.1686
2016-04-01,1073.5824,1078.3175,1050.3373,1053.9962
2016-04-04,1066.6950,1099.6257,1064.5427,1088.8640
2016-04-05,1075.5195,1082.8374,1051.8438,1055.7180
2016-04-06,1082.4069,1096.8276,1060.4532,1072.5062
2016-04-07,1065.4038,1079.6091,1052.4898,1076.1654
2016-04-08,1055.0726,1083.4833,1053.5659,1069.2780
2016-04-11,1072.7213,1083.6982,1067.9862,1078.5326
2016-04-12,1070.3539,1079.3937,1060.0227,1062.1750
2016-04-13,1070.9994,1087.1419,1067.7709,1077.4564
2016-04-14,1094.2450,1109.7418,1080.6853,1109.0961
2016-04-15,1097.9037,1113.6157,1095.9666,1113.6157
2016-04-18,1076.5957,1097.6885,1076.5957,1084.5593
2016-04-19,1106.0824,1114.2612,1090.5856,1095.9664
2016-04-20,1101.9934,1114.2617,1097.9040,1106.7285
2016-04-21,1132.1260,1142.2420,1128.0366,1141.8115
2016-04-22,1138.5829,1143.1028,1127.6060,1140.9504
2016-04-25,1140.9504,1140.9504,1108.8807,1110.6025
2016-04-26,1110.6027,1131.2651,1107.5895,1130.4042
2016-04-27,1137.0763,1147.1923,1129.5432,1136.8611
2016-04-28,1139.6591,1147.8379,1097.6886,1099.8409
2016-05-02,1050.3373,1081.7613,1048.8307,1076.3805
2016-05-06,1081.1157,1089.2946,1063.2514,1068.8474
2016-05-09,1078.1023,1095.3210,1064.9731,1089.0792
2016-05-10,1107.5892,1150.2053,1104.5759,1121.7946
2016-05-11,1145.0397,1145.0397,1089.2944,1093.1686
2016-05-12,1078.1025,1078.1025,1057.6554,1069.2780
2016-05-13,1073.5825,1078.5329,1061.0990,1068.8474
2016-05-16,1060.6683,1079.8241,1055.5027,1059.5922
2016-05-17,1067.7711,1074.6585,1055.7180,1072.7214
2016-05-18,1072.2910,1085.2050,1061.7446,1067.9863
2016-05-19,1071.4301,1075.3043,1058.3009,1059.8075
2016-05-20,1059.8075,1077.8871,1055.7181,1076.3805
2016-05-23,1072.5061,1072.5061,1055.2875,1063.2511
2016-05-24,1062.6053,1071.6450,1054.6416,1056.5787
2016-05-25,1072.5063,1083.4832,1069.2778,1076.3805
2016-05-26,1092.0926,1103.4999,1086.0661,1092.7383
2016-05-27,1093.5990,1108.2349,1090.5858,1102.4236
2016-05-30,1123.3013,1157.3081,1115.1224,1156.4471
2016-05-31,1147.1921,1157.7386,1142.8875,1151.7120
2016-06-01,1146.3313,1149.1293,1135.7849,1139.4438
2016-06-02,1128.4669,1131.4801,1095.9667,1099.4104
2016-06-03,1077.8868,1109.0956,1073.5822,1098.3340
2016-06-06,1095.1056,1101.9931,1087.1420,1097.2579
2016-06-07,1096.3972,1098.7648,1079.1786,1084.7747
2016-06-08,1084.9898,1090.3707,1074.0130,1080.6852
2016-06-09,1080.4698,1087.7877,1067.7711,1072.7214
2016-06-10,1078.7480,1080.4699,1063.8969,1073.5824
2016-06-13,1059.3770,1061.9598,1040.6517,1046.6782
2016-06-14,1046.2478,1058.9465,1031.1815,1039.7908
2016-06-15,1044.9563,1053.9961,1036.5623,1047.9696
2016-06-16,1047.9698,1060.2381,1030.9664,1032.2578
2016-06-17,1071.2150,1071.2150,1050.5527,1051.1984
2016-06-20,1072.2911,1089.7250,1065.8341,1080.6852
2016-06-21,1080.4700,1102.8542,1071.6454,1099.8409
2016-06-22,1094.6751,1107.5890,1090.5856,1099.1949
2016-06-23,1098.3340,1098.9797,1079.8240,1083.0525
2016-06-24,1076.5954,1084.7742,990.0717,995.6678
2016-06-27,1024.5092,1066.4796,1021.2807,1059.5922
2016-06-28,1038.2842,1077.4566,1024.7245,1066.9102
2016-06-29,1072.7212,1076.1650,1048.8304,1058.5159
2016-06-30,1068.4170,1070.3541,1035.2711,1035.7015
2016-07-01,1057.2247,1082.4069,1050.7677,1069.0625
2016-07-04,1063.2510,1094.6751,1060.8835,1091.2313
2016-07-05,1091.2313,1101.9930,1091.0161,1099.1949
2016-07-06,1077.4566,1094.0296,1068.8473,1081.3308
2016-07-07,1081.3311,1087.3576,1073.3675,1076.5959
2016-07-08,1083.2678,1096.3970,1066.2644,1067.3406
2016-07-11,1067.3406,1067.3406,1067.3406,1067.3406
2016-07-12,1103.2845,1106.2977,1083.9135,1090.3705
2016-07-13,1116.4135,1122.6553,1094.0293,1097.6882
2016-07-14,1096.6120,1108.8803,1088.2180,1101.3472
2016-07-15,1101.5628,1101.5628,1079.1786,1081.7614
2016-07-19,1094.6752,1114.9071,1089.7248,1114.9071
2016-07-20,1111.8938,1118.5660,1103.4997,1118.5660
2016-07-21,1123.7317,1128.6821,1104.3608,1109.5264
2016-07-22,1099.4101,1113.6154,1096.3968,1102.6385
2016-07-25,1097.9035,1109.0957,1089.5094,1093.5989
2016-07-26,1090.5858,1108.2349,1089.9401,1100.2712
2016-07-27,1110.6025,1123.9470,1094.2448,1095.7515
2016-07-28,1102.8541,1118.5662,1077.8871,1109.5264
2016-07-29,1126.7448,1163.3344,1115.1222,1135.7845
2016-08-01,1108.4501,1119.6422,1097.6884,1111.6786
2016-08-02,1100.0561,1112.7549,1088.2183,1089.0792
2016-08-03,1070.1388,1070.9998,1039.1453,1040.2214
2016-08-04,1037.4232,1046.6782,1002.7706,1008.3667
2016-08-05,1002.9858,1020.2044,998.6811,1007.5057
2016-08-08,1021.9265,1026.2312,998.0357,1009.2278
2016-08-09,1014.3934,1029.4597,1009.4430,1027.5226
2016-08-10,1033.5489,1043.4497,1014.1780,1035.9165
2016-08-12,1066.6949,1066.6949,1047.3239,1054.6418
2016-08-15,1057.6553,1066.6951,1053.3506,1055.2877
2016-08-16,1058.3008,1058.3008,1033.9795,1038.4994
2016-08-17,1040.2212,1044.7410,1030.5357,1038.2841
2016-08-18,1042.1584,1046.0326,1011.1648,1011.3801
2016-08-19,1015.4694,1016.5456,980.3864,990.0719
2016-08-22,991.1479,991.1479,981.6776,988.5651
2016-08-23,984.6911,1004.7078,984.0454,992.0090
2016-08-24,990.2873,998.2509,987.2741,997.3900
2016-08-25,992.6548,997.3899,985.7673,988.1349
2016-08-26,988.9958,989.4262,977.1579,978.4493
2016-08-29,993.7310,995.2376,972.8534,975.0057
2016-08-30,975.2208,976.9427,954.9889,956.2803
2016-08-31,948.5321,948.5321,932.1744,944.0122
2016-09-01,944.0120,964.2439,942.9358,963.5982
2016-09-02,961.8764,982.7540,961.8764,968.9791
2016-09-05,969.1944,970.7010,957.3566,958.8632
2016-09-06,960.3700,975.4363,954.3434,974.3601
2016-09-07,972.8533,981.0322,970.7010,979.3103
2016-09-08,979.0949,979.0949,964.4591,973.7141
2016-09-09,978.0189,978.6646,962.3069,964.2440
2016-09-12,954.1280,958.2175,947.4558,954.3433
2016-09-13,950.2539,961.4461,945.3036,957.3566
2016-09-14,958.6480,976.7276,958.2175,969.4097
2016-09-15,959.9391,967.2571,956.9259,963.3829
2016-09-16,968.3334,968.3334,951.1147,956.2803
2016-09-20,948.5321,967.6878,947.4559,957.3566
2016-09-21,954.7739,977.8038,951.9759,976.7277
2016-09-23,977.1579,978.0189,968.3334,975.6513
2016-09-26,971.5619,976.9428,961.0155,964.2440
2016-09-27,956.9260,990.2871,956.2803,989.4262
2016-09-28,996.5755,1000.0419,984.6599,995.2756
2016-09-29,1005.2414,1005.8914,988.1263,989.4262
2016-09-30,976.2108,982.2769,970.5780,971.6612
2016-10-03,976.2109,985.0934,972.0946,980.5438
2016-10-04,981.1936,981.6269,974.0442,979.2438
2016-10-05,977.5107,981.1937,971.4445,976.8607
2016-10-06,978.8107,991.8095,973.1778,989.2097
2016-10-07,989.6430,996.1424,983.1436,995.0591
2016-10-11,996.1425,996.5758,983.5769,990.0764
2016-10-12,996.3591,1008.9246,990.0763,991.1595
2016-10-13,996.5757,1000.9086,987.0432,989.2097
2016-10-14,988.3430,990.9427,971.2279,974.6942
2016-10-17,974.4775,982.0601,969.0613,977.5106
2016-10-18,974.9110,982.4936,970.5781,978.1607
2016-10-19,978.5940,992.2428,975.5610,989.6430
2016-10-20,987.0433,1000.0421,985.3101,995.4926
2016-10-21,999.1755,999.1755,984.2269,987.4766
2016-10-24,989.6430,995.4924,988.9930,994.6259
2016-10-25,999.6087,1004.8083,995.2758,1002.2085
2016-10-26,1002.8583,1009.1411,997.8754,1006.3246
2016-10-27,1011.3075,1022.1398,1007.4079,1015.6404
2016-10-28,1022.5732,1024.0898,1011.7409,1015.4239
2016-10-31,1014.1240,1020.4068,1008.9245,1012.3909
2016-11-01,1007.1915,1013.9075,1000.2588,1010.8745
2016-11-02,1006.7580,1020.1902,1004.3749,1017.5904
2016-11-04,1013.6908,1017.5904,1005.4582,1014.3407
2016-11-07,1017.1571,1021.0567,1003.0750,1017.3737
2016-11-08,1006.5413,1014.9906,968.4115,976.8607
2016-11-09,958.4457,966.8949,875.2533,895.8348
2016-11-10,942.6306,948.4800,916.4163,917.0662
2016-11-11,920.7492,924.6489,888.2522,889.5521
2016-11-14,909.9169,910.1336,883.2693,886.5190
2016-11-15,888.2523,892.1519,876.1201,881.3196
2016-11-16,891.7185,895.4015,878.7197,879.5863
2016-11-17,888.0355,906.4504,886.9522,906.0172
2016-11-18,912.0834,921.6158,901.9010,918.7994
2016-11-21,930.0650,948.6967,923.3490,947.3968
2016-11-22,942.4138,954.1127,936.1310,945.4468
2016-11-24,950.4299,950.6465,933.0981,936.7811
2016-11-25,936.7810,959.0957,936.1311,958.8790
2016-11-28,964.5120,964.9452,947.6135,950.2133
2016-11-29,954.1129,958.6625,949.3467,953.8962
2016-11-30,949.5631,961.4786,948.0465,958.6622
2016-12-01,958.8791,991.1594,958.8791,979.8938
2016-12-02,971.6610,985.7431,970.5778,975.9940
2016-12-05,979.2438,987.6930,964.7285,968.1948
2016-12-06,964.5120,966.4618,944.7971,945.6637
2016-12-07,936.5643,949.9964,934.1812,948.9132
2016-12-08,957.5792,967.3283,943.4972,964.0786
2016-12-09,964.0785,972.9611,958.6624,966.8950
2016-12-12,981.8438,1019.3237,976.8609,1011.7411
2016-12-13,1011.7409,1030.8058,1011.7409,1024.5231
2016-12-14,1034.9221,1045.9711,1023.2231,1026.0396
2016-12-15,1030.1557,1037.0884,1024.9562,1028.6392
2016-12-16,1037.9552,1044.0214,1033.1890,1039.2551
2016-12-19,1044.0210,1054.8534,1040.1214,1052.9036
2016-12-20,1046.4041,1056.8031,1041.2045,1042.7211
2016-12-21,1050.9540,1052.4705,1030.8058,1033.8389
2016-12-22,1037.7385,1039.4717,1016.2905,1023.0065
2016-12-26,1025.8229,1037.5218,1023.8731,1033.6222
2016-12-27,1029.7226,1036.8720,1026.0396,1027.5562
2016-12-28,1027.3396,1027.3396,1018.4571,1019.9736
2016-12-29,1014.3406,1020.8400,1011.3075,1015.6404
2016-12-30,1015.4240,1023.6566,1008.7080,1019.9736
2017-01-04,1029.7226,1045.7545,1027.7728,1045.3212
2017-01-05,1039.9046,1042.7210,1028.8556,1029.9388
2017-01-06,1031.2390,1037.7384,1026.0395,1029.5059
2017-01-10,1027.3396,1034.7056,1017.5905,1017.8071
2017-01-11,1017.3735,1017.3735,1006.3245,1008.2744
2017-01-12,1011.0910,1012.1742,990.9428,992.8926
2017-01-13,993.7594,1008.9247,990.9430,1003.5085
2017-01-16,999.1755,1003.5085,994.4093,998.7422
2017-01-17,1000.2586,1000.2586,974.9109,974.9109
2017-01-18,981.4104,981.4104,966.4618,975.7776
2017-01-19,972.7444,985.0932,970.7945,979.6771
2017-01-20,976.6442,985.3100,974.0444,980.9771
2017-01-23,975.5608,976.2108,955.4127,955.8459
2017-01-24,953.2463,963.2120,953.2463,956.4960
2017-01-25,964.9452,972.5278,956.2793,958.4458
2017-01-26,958.2292,969.2781,954.1129,963.6453
2017-01-27,966.8949,981.6269,962.9953,979.2438
2017-01-30,974.6942,978.1606,967.9782,977.2940
2017-01-31,967.1116,974.9109,964.0786,965.5951
2017-02-01,987.9099,1002.8585,987.0433,998.7422
2017-02-02,1009.5746,1025.6065,1001.3421,1004.3751
2017-02-03,1003.7250,1012.1742,995.0591,996.3590
2017-02-06,1007.8411,1007.8411,989.2095,991.3760
2017-02-07,985.7434,995.4925,980.7605,991.5928
2017-02-08,998.5255,1000.6920,985.5267,991.5928
2017-02-09,989.8596,992.0261,980.3272,983.3602
2017-02-10,1005.0247,1006.1080,993.9757,997.4421
2017-02-13,1006.7580,1009.5744,998.7420,1000.0419
2017-02-14,998.5254,1002.4250,982.2769,982.7101
2017-02-15,993.1092,995.2757,979.8938,980.7604
2017-02-16,985.5268,1006.9748,983.5770,1004.8083
2017-02-17,997.2255,1013.0407,979.8937,1012.8240
2017-02-20,1011.7408,1013.0407,1000.2585,1005.0248
2017-02-21,1007.1913,1010.6577,995.4924,997.0089
2017-02-22,993.1092,993.3258,967.1115,970.1446
2017-02-23,971.2279,972.7445,966.0284,967.7616
2017-02-24,966.0284,979.2438,965.5951,976.8607
2017-02-27,974.9108,984.0100,972.9610,977.5106
2017-02-28,980.5437,995.4923,976.6441,985.3099
2017-03-01,990.0762,990.5095,978.1606,984.0101
2017-03-02,995.0591,995.0591,977.7273,980.7604
2017-03-03,984.4432,985.3098,977.5105,980.3269
2017-03-06,979.2439,982.0603,972.7445,979.8938
2017-03-07,976.2107,984.6600,976.2107,982.7101
2017-03-08,983.3601,983.3601,969.7114,971.6612
2017-03-09,975.3445,975.3445,967.3286,969.9283
2017-03-10,977.2940,988.3430,973.8277,988.3430
2017-03-13,988.7763,992.0260,980.5438,982.9269
2017-03-14,983.5771,991.3763,982.9271,988.9932
2017-03-15,990.2928,998.3087,986.8264,997.6588
2017-03-16,987.6931,1003.2916,986.3932,998.0921
2017-03-17,993.7592,995.9257,986.3932,988.7763
2017-03-21,987.2598,989.2096,981.4103,984.0101
2017-03-22,978.3774,981.1938,971.2280,971.2280
2017-03-23,972.3111,978.1606,968.8448,976.6440
2017-03-24,974.9107,993.7590,969.7112,990.9426
2017-03-27,983.7934,990.0761,974.9109,976.6440
2017-03-28,984.8767,987.6931,977.9440,983.5768
2017-03-29,985.9758,998.4068,982.2683,994.9174
2017-03-30,990.5558,992.3005,963.7309,965.4756
2017-03-31,968.3109,977.9068,958.0608,958.0608
2017-04-03,967.0021,978.5607,963.7308,971.1458
2017-04-04,974.8534,984.0131,968.5289,975.9438
2017-04-05,974.1992,982.0503,964.1671,967.0023
2017-04-06,959.5871,962.2042,935.5975,937.3422
2017-04-07,940.3954,944.3210,929.7091,938.8688
2017-04-10,942.3581,947.1561,925.7834,934.2889
2017-04-11,938.6507,942.5763,932.7623,936.9060
2017-04-12,929.4911,941.9221,927.5283,938.6508
2017-04-13,938.2144,941.4858,934.5069,937.5602
2017-04-14,943.6667,945.4114,923.1664,928.8367
2017-04-17,927.3102,941.4859,926.8740,940.3954
2017-04-18,943.4485,949.7731,934.5069,939.5229
2017-04-19,935.5976,945.4116,935.1614,936.4700
2017-04-20,933.4166,934.0708,914.6610,917.4962
2017-04-21,924.0386,936.0335,922.9482,932.7621
2017-04-24,941.0498,951.5180,937.5604,947.5924
2017-04-25,944.5391,951.9541,941.7040,950.4275
2017-04-26,950.2093,960.8956,944.1029,959.3690
2017-04-27,957.1881,963.0765,953.0444,954.3530
2017-04-28,956.0980,956.0980,943.2308,946.0659
2017-05-01,945.4117,949.9916,942.3585,944.5394
2017-05-02,939.9594,956.3160,927.0922,950.6457
2017-05-08,959.5872,970.2735,959.1510,967.4384
2017-05-09,970.0554,975.9438,964.8213,965.6937
2017-05-10,965.6936,968.0926,959.3691,963.7308
2017-05-11,967.8747,982.2685,964.3853,981.3962
2017-05-12,980.5236,985.5397,973.1086,984.4492
2017-05-15,980.5236,994.0450,975.2895,977.2523
2017-05-16,982.7045,1017.5986,982.7045,1014.9816
2017-05-17,1016.9443,1037.8808,1012.5825,1037.4446
2017-05-18,1023.9230,1034.8274,1013.4548,1034.3912
2017-05-19,1026.9764,1035.0456,1018.9071,1025.2317
2017-05-22,1023.7050,1028.7210,1012.5825,1028.0668
2017-05-23,1018.6889,1034.3913,1016.7262,1031.9923
2017-05-24,1035.9181,1041.5884,1024.5775,1033.7372
2017-05-25,1037.4445,1046.1680,1035.0455,1040.7158
2017-05-26,1038.0990,1043.5512,1033.5191,1040.4979
2017-05-29,1044.6416,1046.8225,1040.9341,1043.7693
2017-05-30,1046.6041,1046.8222,1032.4284,1039.4072
2017-05-31,1031.9922,1038.0987,1028.0666,1034.1731
2017-06-01,1032.8647,1045.5138,1026.7582,1043.9872
2017-06-02,1045.5136,1045.9498,1037.2263,1041.5880
2017-06-05,1036.1359,1053.8010,1031.5560,1052.0563
2017-06-06,1052.7106,1054.6734,1043.1148,1049.8755
2017-06-07,1049.4392,1066.8863,1047.6945,1065.5778
2017-06-08,1070.8120,1077.7908,1066.6683,1068.6311
2017-06-09,1070.3757,1071.9023,1059.2532,1065.5778
2017-06-12,1068.6312,1082.8069,1068.4131,1082.3707
2017-06-13,1083.4613,1084.7698,1073.6473,1079.7538
2017-06-14,1077.3549,1080.4081,1067.3229,1071.9027
2017-06-15,1082.1525,1086.0780,1069.5034,1076.4822
2017-06-16,1080.8442,1084.3336,1074.3015,1082.1527
2017-06-19,1080.4078,1093.7111,1076.7003,1092.4026
2017-06-20,1096.3287,1099.6000,1093.4935,1095.0201
2017-06-21,1105.7058,1109.4133,1094.1471,1096.3280
2017-06-22,1098.9452,1100.6899,1091.7483,1096.7643
2017-06-23,1095.6741,1095.6741,1087.1686,1090.0038
2017-06-26,1086.0783,1090.8762,1079.5356,1079.5356
2017-06-27,1081.7165,1089.3496,1076.0462,1078.4452
2017-06-28,1072.3386,1080.1898,1067.5407,1069.7216
2017-06-29,1073.2109,1082.3706,1069.9395,1076.4822
2017-06-30,1059.9077,1063.8333,1054.4555,1058.3811
2017-07-03,1061.4343,1064.0514,1049.8757,1051.6204
2017-07-04,1059.9076,1060.1257,1041.1520,1045.5138
2017-07-05,1043.9870,1043.9870,1026.1038,1036.1359
2017-07-06,1037.0084,1049.8756,1033.3009,1036.7903
2017-07-07,1029.3752,1037.2264,1025.8858,1031.7742
2017-07-10,1031.9926,1035.7001,1026.7585,1033.0830
2017-07-11,1038.0988,1048.3490,1031.5562,1046.1681
2017-07-12,1051.4024,1056.4184,1048.3492,1053.8014
2017-07-13,1060.7798,1066.6682,1054.6733,1066.4501
2017-07-14,1071.9026,1074.3015,1062.0886,1063.6152
2017-07-17,1063.6152,1063.6152,1063.6152,1063.6152
2017-07-18,1067.3225,1071.6843,1058.5990,1071.0300
2017-07-19,1068.6310,1076.4821,1062.7426,1063.3969
2017-07-20,1061.6523,1067.1045,1058.8172,1062.5247
2017-07-21,1059.9077,1063.6152,1055.7640,1058.3811
2017-07-24,1054.2374,1055.5459,1044.6415,1050.9661
2017-07-25,1046.1680,1050.7479,1040.4977,1040.7158
2017-07-26,1045.9501,1046.1682,1033.5191,1034.6095
2017-07-27,1029.3753,1043.7691,1027.4125,1037.4446
2017-07-28,1037.4446,1043.9873,1032.4286,1043.3330
2017-07-31,1040.0616,1043.3330,962.8585,967.8745
2017-08-01,981.8323,1001.4603,979.8695,987.5026
2017-08-02,990.7736,993.3907,969.8372,975.5074
2017-08-03,975.0714,981.6140,974.8533,977.2523
2017-08-04,977.0343,982.0503,968.7470,972.8906
2017-08-07,972.6725,974.6353,966.1299,970.7097
2017-08-08,968.3106,977.6884,967.0021,976.5980
2017-08-09,981.3959,983.3587,971.5820,974.1990
2017-08-10,979.6514,979.6514,966.3480,970.0555
2017-08-11,970.0555,970.0555,970.0555,970.0555
2017-08-14,969.1830,972.0182,961.3318,961.5499
2017-08-15,965.0393,979.2150,961.3318,975.0714
2017-08-16,975.7256,984.0130,975.7256,977.2523
2017-08-17,977.4706,979.8695,969.6194,969.6194
2017-08-18,964.8213,968.0926,959.8053,966.7841
2017-08-21,966.1300,967.4385,955.8799,956.5341
2017-08-22,953.9170,955.0074,942.1402,943.0126
2017-08-23,953.9168,953.9168,940.3954,942.3582
2017-08-24,941.2677,944.5390,935.3793,937.5602
2017-08-25,937.3421,943.6666,934.0708,940.6134
2017-08-28,944.5390,945.1933,937.3421,941.2677
2017-08-29,941.2676,954.3529,940.6134,947.3741
2017-08-30,954.5710,954.7891,945.4113,948.9007
2017-08-31,950.8636,952.8264,946.0656,947.1561
2017-09-01,952.6085,952.6085,938.6509,939.0870
2017-09-04,938.2145,938.2145,928.6186,934.2889
2017-09-05,939.0868,939.5229,927.7462,928.6185
2017-09-06,929.0547,932.1080,922.7302,927.9643
2017-09-07,931.2356,935.1612,925.7834,927.3101
2017-09-08,917.9324,926.0016,914.2249,916.4058
2017-09-11,922.2941,923.6026,917.2780,919.4589
2017-09-12,924.0389,933.8528,918.8048,931.4539
2017-09-13,933.8528,934.9432,927.0920,928.4006
2017-09-14,933.8527,940.8315,932.1080,935.3793
2017-09-15,934.5071,942.5764,931.0177,941.0497
2017-09-18,941.0497,941.0497,941.0497,941.0497
2017-09-19,950.4276,951.0819,943.0126,946.2839
2017-09-20,948.4649,952.3905,943.4489,946.0659
2017-09-21,948.2466,958.0606,945.8477,950.2094
2017-09-22,951.0817,955.6616,944.9753,949.1190
2017-09-25,954.7894,956.9703,948.4649,955.0075
2017-09-26,958.0605,959.1509,952.1721,953.4807
2017-09-27,954.5787,956.1158,945.7949,947.7712
2017-09-28,947.7712,950.6259,942.7205,948.8691
2017-09-29,948.6494,965.7778,944.2575,964.4603
2017-10-02,973.0246,973.4638,962.7037,965.5584
2017-10-03,965.3389,969.0720,958.0923,966.2173
2017-10-04,972.8051,980.2713,967.3152,979.8322
2017-10-05,981.5889,990.3727,975.8794,980.9301
2017-10-06,981.5889,982.9064,972.5855,974.3422
2017-10-09,974.3422,974.3422,974.3422,974.3422
2017-10-10,979.1734,988.8356,977.4167,987.9572
2017-10-11,992.5687,993.2275,984.2241,987.9572
2017-10-12,994.9840,1006.1834,991.6901,995.8624
2017-10-13,994.1058,997.3997,987.0788,994.7646
2017-10-16,1000.2542,1008.5988,997.1799,1005.7441
2017-10-17,1008.3792,1009.0380,995.6427,1002.0110
2017-10-18,996.5213,1012.9910,996.0822,1011.4538
2017-10-19,1011.8929,1014.5281,1002.6700,1003.3287
2017-10-20,983.3454,996.7407,981.8082,992.5684
2017-10-23,996.9606,1004.8660,992.5687,1002.2308
2017-10-24,1003.1095,1019.7987,1002.2311,1019.3595
2017-10-25,1014.5279,1017.8218,1006.4029,1009.2576
2017-10-26,1010.1363,1013.8694,1002.6701,1007.9404
2017-10-27,1012.9908,1013.6496,1005.5246,1007.2814
2017-10-30,1007.9402,1008.8186,1002.4504,1005.9639
2017-10-31,1001.3523,1002.4503,994.1057,999.8152
2017-11-01,1008.8187,1016.0653,1002.0113,1009.9167
2017-11-02,1016.2851,1016.7243,1005.9641,1012.3324
2017-11-03,1012.3324,1012.3324,1012.3324,1012.3324
2017-11-06,1011.0145,1017.8220,1007.9402,1015.4064
2017-11-07,1010.7951,1051.4201,988.1768,1013.8694
2017-11-08,964.2410,977.8559,961.8255,963.1431
2017-11-09,964.8997,973.6835,948.8693,955.8963
2017-11-10,949.7477,955.2375,943.3794,949.5281
2017-11-13,948.6496,949.3084,943.5990,944.2578
2017-11-14,923.3963,928.2274,888.9199,917.2477
2017-11-15,913.5145,914.8321,894.1902,899.6801
2017-11-16,900.5584,921.8591,899.2408,920.1023
2017-11-17,933.7173,936.1329,920.3220,926.2511
2017-11-20,923.3963,929.5449,914.6125,927.1294
2017-11-21,928.6664,928.8860,921.2002,923.8353
2017-11-22,918.5652,919.6631,899.2408,899.8996
2017-11-23,899.8996,899.8996,899.8996,899.8996
2017-11-24,900.7780,909.7814,896.6057,907.1462
2017-11-27,911.5381,911.5381,902.5347,903.6327
2017-11-28,899.4604,902.0955,894.4097,900.7780
2017-11-29,901.4366,903.1934,896.6055,899.4603
2017-11-30,900.3388,908.6834,897.4840,906.4874
2017-12-01,916.1496,918.1259,905.1698,907.5854
2017-12-04,912.6361,926.2509,910.4401,922.7374
2017-12-05,924.0550,933.0584,921.6394,931.9604
2017-12-06,939.6461,939.8657,928.8860,934.3759
2017-12-07,943.3794,952.8220,940.9638,947.3321
2017-12-08,952.6024,955.2375,940.5246,945.5753
2017-12-11,945.3558,958.7511,944.0383,958.0923
2017-12-12,944.2576,945.3555,931.0819,934.5954
2017-12-13,931.0819,936.3522,926.4704,934.5954
2017-12-14,936.7914,938.5481,931.0819,935.0346
2017-12-15,932.6192,933.7172,925.8118,928.0078
2017-12-18,931.5211,932.1799,924.0549,929.3252
2017-12-19,926.6902,930.4233,924.4943,927.1294
2017-12-20,924.4941,929.9840,918.7847,926.0313
2017-12-21,924.7137,933.7170,923.1765,933.7170
2017-12-22,931.5212,935.2543,926.9097,935.2543
2017-12-25,934.5954,937.2306,931.3015,933.7170
2017-12-26,933.7170,941.1832,933.0582,938.1089
2017-12-27,938.5481,947.3319,937.2305,944.4772
2017-12-28,944.9166,946.2341,931.9605,932.6193
2017-12-29,930.6429,935.2544,928.2274,931.5213
2018-01-01,931.5213,931.5213,931.5213,931.5213
2018-01-02,931.5213,931.5213,931.5213,931.5213
2018-01-03,931.5213,931.5213,931.5213,931.5213
2018-01-04,937.4504,939.4267,932.3997,938.3287
2018-01-05,942.9403,943.1599,938.9876,942.0620
2018-01-08,942.0620,942.0620,942.0620,942.0620
2018-01-09,944.4772,948.2103,942.7205,947.1124
2018-01-10,950.8457,952.8221,944.6971,944.6971
2018-01-11,939.4267,939.8659,929.9841,932.6193
2018-01-12,928.4469,930.6429,916.1496,916.8084
2018-01-15,917.6866,921.4197,911.7576,912.8555
2018-01-16,913.0754,922.7375,913.0754,918.1260
2018-01-17,919.8827,926.4705,918.5651,922.5178
2018-01-18,928.2273,929.5448,921.6394,923.1766
2018-01-19,923.3962,925.3725,911.7576,911.9772
2018-01-22,913.5144,924.0550,913.5144,921.4199
2018-01-23,924.7138,935.0347,924.4942,933.4976
2018-01-24,937.6700,942.7207,934.8153,937.4504
2018-01-25,930.4234,931.9605,913.9537,915.4909
2018-01-26,915.2713,922.9571,913.9538,917.2477
2018-01-29,922.2983,934.8152,922.2983,925.1530
2018-01-30,925.8118,926.6902,912.1969,915.9301
2018-01-31,913.5146,925.3727,909.1227,909.1227
2018-02-01,918.1260,919.4435,903.4131,906.9266
2018-02-02,903.6326,909.3420,896.3860,902.5346
2018-02-05,893.9706,898.8017,883.8692,890.2375
2018-02-06,870.0347,876.6225,851.5887,864.1056
2018-02-07,877.5009,890.0178,863.6664,863.6664
2018-02-08,863.0076,866.0820,848.9536,849.3928
2018-02-09,834.6800,847.1969,830.9469,846.5381
2018-02-12,846.5381,846.5381,846.5381,846.5381
2018-02-13,856.2002,862.5684,850.9299,851.8083
2018-02-14,850.9299,855.1022,831.3860,843.9029
2018-02-15,848.0752,852.9063,842.1461,843.9029
2018-02-16,847.8557,862.7882,847.6361,860.3726
2018-02-19,867.6191,876.8421,864.1056,874.2070
2018-02-20,874.8657,875.5245,866.9603,868.4975
2018-02-21,867.1799,872.8894,861.9097,864.3252
2018-02-22,856.4198,857.7374,846.9772,852.0279
2018-02-23,852.2474,857.5177,848.5143,853.3454
2018-02-26,856.8592,865.4234,851.5889,861.6902
2018-02-27,867.1799,868.4975,862.1292,864.1056
2018-02-28,862.5683,870.6934,858.3960,859.4940
2018-03-01,861.9097,863.6665,845.8793,847.6360
2018-03-02,837.5346,838.1934,822.6022,826.3353
2018-03-05,823.4806,837.9738,822.8218,837.0955
2018-03-06,843.9029,846.7577,836.2171,839.2914
2018-03-07,834.0212,842.5854,832.0448,837.9739
2018-03-08,844.1225,846.9772,840.3893,841.9265
2018-03-09,853.1259,865.6428,846.0989,851.5887
2018-03-12,862.5685,864.1057,855.1023,862.7881
2018-03-13,861.9097,874.4266,861.0314,874.4266
2018-03-14,869.5955,872.2306,864.1056,868.4975
2018-03-15,861.2509,865.8624,855.1022,865.8624
2018-03-16,860.5920,862.3488,856.8589,859.4940
2018-03-19,857.0786,858.3962,847.1968,851.5887
2018-03-20,852.0278,853.3454,844.3420,853.3454
2018-03-21,853.3454,853.3454,853.3454,853.3454
2018-03-22,848.0752,849.8320,826.9941,829.4097
2018-03-23,819.3082,831.1663,813.8183,824.5785
2018-03-26,821.0651,834.6799,817.7711,834.6799
2018-03-27,840.6090,864.7645,833.1428,863.4469
2018-03-28,850.8208,852.8143,828.8912,835.7581
2018-03-29,842.6249,855.0294,841.5173,849.9347
2018-03-30,853.2574,856.8016,848.1627,852.8144
2018-04-02,849.7133,855.9156,845.2831,845.5046
2018-04-03,837.3087,845.5046,832.4354,841.9604
2018-04-04,834.6505,845.7260,828.2267,842.8464
2018-04-05,853.0359,870.5352,851.7068,865.8835
2018-04-06,862.1179,862.3394,850.5993,851.2639
2018-04-09,853.9220,866.9911,853.9220,866.1051
2018-04-10,862.1179,874.0795,854.5866,861.4534
2018-04-11,856.1371,856.1371,847.0552,852.1499
2018-04-12,850.5992,853.0359,847.9411,850.5992
2018-04-13,851.2637,851.4852,846.6120,849.2701
2018-04-16,842.1818,856.3585,840.6312,855.4724
2018-04-17,853.7004,864.7759,851.4853,863.0038
2018-04-18,866.1050,876.5160,866.1050,874.7439
2018-04-19,874.7438,878.2880,869.6491,872.9717
2018-04-20,871.8643,875.1869,868.3201,874.3009
2018-04-23,875.4083,875.8514,859.4596,865.2189
2018-04-24,874.9653,875.6299,863.6683,872.0857
2018-04-25,868.5416,880.0601,867.8770,879.6171
2018-04-26,881.6107,889.5851,875.1869,888.2560
2018-04-27,890.4711,892.6862,881.8322,888.6990
2018-04-30,888.6990,888.6990,888.6990,888.6990
2018-05-01,882.9398,888.0346,875.4085,887.8130
2018-05-02,889.5850,892.6862,884.7118,891.8001
2018-05-03,891.8001,891.8001,891.8001,891.8001
2018-05-04,891.8001,891.8001,891.8001,891.8001
2018-05-07,892.6861,896.8948,888.4774,896.2302
2018-05-08,897.1163,902.4326,892.6861,899.3314
2018-05-09,894.9013,899.9961,890.4711,893.5723
2018-05-10,892.2432,937.2098,884.2688,932.1151
2018-05-11,916.8307,917.0522,887.3698,890.9140
2018-05-14,894.9013,917.2738,894.6798,916.1663
2018-05-15,916.1665,930.3432,915.5020,929.0141
2018-05-16,922.1471,924.5837,911.0716,911.9576
2018-05-17,913.7297,923.4762,911.5146,917.2739
2018-05-18,914.8372,922.3686,914.3942,914.6157
2018-05-21,914.6157,918.1599,909.5210,909.7425
2018-05-22,909.9640,911.0715,905.3122,909.5209
2018-05-23,909.0779,913.2866,902.4326,904.8692
2018-05-24,904.8693,906.6414,898.4455,901.9897
2018-05-25,902.8756,912.1791,896.4518,908.4134
2018-05-28,910.6285,913.5082,901.3251,907.9704
2018-05-29,909.7425,919.7105,909.0780,918.1599
2018-05-30,906.8629,910.8501,899.5531,903.3187
2018-05-31,912.1791,923.0331,911.9576,921.2610
2018-06-01,914.6158,923.6977,907.0844,908.1920
2018-06-04,915.5017,933.2226,908.4134,930.7859
2018-06-05,934.5516,945.4056,933.6656,942.7475
2018-06-06,935.6592,944.2981,927.9063,936.1022
2018-06-07,931.4505,931.4505,924.8052,928.7924
2018-06-08,923.4762,935.8808,921.7041,929.6785
2018-06-11,940.0894,952.4940,936.1022,949.8359
2018-06-12,952.4941,963.1266,951.6081,961.1330
2018-06-13,960.9113,969.3287,958.9177,960.6898
2018-06-14,960.4683,962.0189,953.8230,953.8230
2018-06-15,961.5760,962.6836,951.8296,955.8168
2018-06-18,956.0380,956.4811,945.4055,946.9561
2018-06-19,946.2917,946.2917,924.1407,924.1407
2018-06-20,940.3109,944.7411,928.5709,936.9883
2018-06-21,924.3623,929.6785,915.2804,917.9385
2018-06-22,912.1792,921.2611,907.7490,917.9385
2018-06-25,917.0523,920.1534,911.7360,913.7296
2018-06-26,915.2802,928.3493,913.0651,926.5772
2018-06-27,926.3557,933.6655,921.9255,930.3429
2018-06-28,935.4378,936.3238,918.1600,922.1472
2018-06-29,921.4825,929.2354,914.6157,928.5709
2018-07-02,924.5835,926.3556,900.4389,900.8820
2018-07-03,900.8820,905.3122,891.3571,899.5530
2018-07-04,898.0024,911.5145,894.0152,908.8564
2018-07-05,908.8565,913.7297,902.2111,907.7489
2018-07-06,916.6092,927.9063,915.2802,917.7168
2018-07-09,917.7168,931.0074,917.2738,927.0203
2018-07-10,927.0204,929.9000,909.2996,909.2996
2018-07-11,905.9768,915.2803,897.3379,904.6478
2018-07-12,913.7296,927.0202,913.0651,916.3878
2018-07-13,919.0460,933.8872,917.9385,931.0076
2018-07-16,931.0076,931.0076,931.0076,931.0076
2018-07-17,932.7796,952.9370,932.1151,948.9498
2018-07-18,951.1648,951.8293,939.4247,941.8613
2018-07-19,940.3109,940.9755,931.8936,931.8936
2018-07-20,930.3429,934.9946,923.2546,930.7859
2018-07-23,932.7794,938.7602,929.4567,934.1085
2018-07-24,938.5388,943.1905,921.9255,922.3685
2018-07-25,933.0010,941.8614,925.2482,925.4697
2018-07-26,935.8806,944.0765,931.4504,936.3236
2018-07-27,938.7603,939.2033,931.0075,938.5388
2018-07-30,936.9883,936.9883,927.4634,930.5645
2018-07-31,922.8116,925.4697,869.2061,875.1869
2018-08-01,875.1869,875.8515,848.3842,850.8208
2018-08-02,848.3840,848.6056,837.7516,839.3021
2018-08-03,837.3086,838.4162,828.8912,833.0999
2018-08-06,836.2010,836.8655,830.6633,830.8848
2018-08-07,828.6697,837.3086,824.6825,836.4225
2018-08-08,833.9860,837.5302,831.5494,834.6506
2018-08-09,831.5495,841.2960,827.5623,839.9669
2018-08-10,839.9669,842.6250,833.3216,837.7518
2018-08-13,837.3087,837.9732,830.8849,834.6506
2018-08-14,841.9604,851.9284,840.8528,851.7068
2018-08-15,854.3650,856.5801,850.5993,853.2574
2018-08-16,854.5865,862.3394,853.0360,859.6813
2018-08-17,859.2382,861.8963,853.7005,855.2510
2018-08-20,859.4597,861.6748,852.1499,855.2510
2018-08-21,851.0424,857.9092,844.3970,852.1499
2018-08-22,840.8528,855.9155,838.6377,854.3649
2018-08-23,851.2639,858.3522,850.8208,855.2510
2018-08-24,849.2702,849.7132,842.6249,846.6121
2018-08-27,848.6057,852.8144,844.6186,848.1627
2018-08-28,845.5045,846.8336,837.9732,839.5237
2018-08-29,835.0935,842.4033,831.7708,835.5365
2018-08-30,832.6570,836.8657,830.2204,832.8785
2018-08-31,830.6633,835.9795,829.1127,835.5365
2018-09-03,835.3150,839.7452,830.2203,836.4225
2018-09-04,835.3151,835.9796,830.2204,834.6506
2018-09-05,831.3279,832.6569,827.1192,828.6697
2018-09-06,825.3472,827.7838,812.2781,812.9426
2018-09-07,812.0565,821.5815,808.0693,818.9233
2018-09-10,817.3727,822.4675,813.8286,821.5814
2018-09-11,817.3727,830.8848,812.9425,828.2267
2018-09-12,824.4611,828.8913,819.3664,827.5623
2018-09-13,832.2139,842.4034,831.9924,833.7645
2018-09-14,836.2011,841.9604,831.7709,832.8785
2018-09-17,832.8785,832.8785,832.8785,832.8785
2018-09-18,835.3151,850.8208,834.6506,848.1627
2018-09-19,849.0486,852.5928,844.3969,847.2766
2018-09-20,847.4981,847.4981,840.4098,842.8464
2018-09-21,850.1561,852.5928,847.0550,848.8271
2018-09-24,848.8271,848.8271,848.8271,848.8271
2018-09-25,850.5992,858.3521,848.3841,857.2445
2018-09-26,858.8080,870.1992,853.6708,869.0825
2018-09-27,869.3058,878.6868,867.9657,870.8693
2018-09-28,875.1132,879.3570,867.0723,871.3161
2018-10-01,871.0927,876.4533,866.1789,867.7424
2018-10-02,871.5394,883.3773,871.0927,877.3467
2018-10-03,879.5803,881.8139,870.4227,872.2095
2018-10-04,873.5496,876.2299,861.0416,863.2752
2018-10-05,848.9803,854.7876,845.4066,849.8737
2018-10-08,849.8737,849.8737,849.8737,849.8737
2018-10-09,842.9497,846.5234,838.4825,843.6198
2018-10-10,846.0767,853.6708,842.5030,842.9497
2018-10-11,829.9950,835.1323,826.8680,833.7921
2018-10-12,825.9745,830.2182,814.1365,819.7205
2018-10-15,815.2534,815.4767,804.0855,804.0855
2018-10-16,804.5322,807.4359,798.9483,807.4359
2018-10-17,813.0198,824.1877,813.0198,824.1877
2018-10-18,830.8884,842.9497,830.4417,835.3556
2018-10-19,825.0811,831.3351,822.1775,827.5380
2018-10-22,832.6753,839.3760,829.5483,836.0256
2018-10-23,825.0811,825.9745,811.9030,813.4665
2018-10-24,820.8374,828.2082,814.8068,825.5279
2018-10-25,815.0300,817.4869,807.4359,809.6694
2018-10-26,809.4462,813.9134,803.1922,807.2126
2018-10-29,812.3497,817.0402,804.5322,807.4359
2018-10-30,802.7455,804.0856,793.5878,797.8316
2018-10-31,804.0855,817.2636,797.6082,815.9235
2018-11-01,811.0095,827.3146,808.1059,816.8168
2018-11-02,818.6038,821.2841,804.7556,811.9031
2018-11-05,801.4053,809.8929,799.8418,805.8724
2018-11-06,812.1265,827.7615,811.9031,825.5279
2018-11-07,843.3964,864.8387,808.9994,843.8431
2018-11-08,861.2650,861.7118,834.2388,842.5031
2018-11-09,847.1935,863.4986,846.3001,848.5337
2018-11-12,846.0767,860.3716,842.0563,859.4781
2018-11-13,851.2139,852.7774,841.1628,849.6504
2018-11-14,849.6503,858.8080,849.2036,852.3306
2018-11-15,843.8431,856.5745,838.9293,856.1277
2018-11-16,862.6051,863.9453,854.7876,860.5949
2018-11-19,861.9351,864.6154,855.0111,859.9249
2018-11-20,853.4474,856.1277,841.3861,842.7263
2018-11-21,839.8227,845.8533,834.2388,843.6198
2018-11-22,840.7161,857.0211,838.7059,855.9044
2018-11-23,855.9044,855.9044,855.9044,855.9044
2018-11-26,853.2240,864.3919,848.7569,852.7773
2018-11-27,853.2241,860.1481,849.6504,857.2445
2018-11-28,863.0518,866.1788,857.9146,859.0314
2018-11-29,860.5949,864.1687,855.6811,861.2650
2018-11-30,867.5190,878.0168,865.9555,876.6766
2018-12-03,883.8241,885.6109,864.8387,868.6358
2018-12-04,868.4124,872.2095,857.6913,858.5847
2018-12-05,853.4475,871.9862,849.4271,868.1891
2018-12-06,855.2343,859.4781,842.5029,846.7467
2018-12-07,845.1832,861.2649,844.2898,861.0416
2018-12-10,845.1832,848.7569,837.8124,840.2693
2018-12-11,843.8432,859.9249,841.6096,857.4680
2018-12-12,886.7277,901.0225,883.3773,892.5350
2018-12-13,895.4386,895.6619,886.7277,892.3116
2018-12-14,892.0881,906.3830,889.6312,890.9713
2018-12-17,891.6415,897.0021,888.0678,892.5350
2018-12-18,886.7277,891.1948,879.1335,881.1437
2018-12-19,882.7073,888.0679,877.3468,886.5044
2018-12-20,893.4283,901.2458,878.2400,884.2707
2018-12-21,893.2050,895.6620,869.7525,877.7934
2018-12-24,877.7934,877.7934,877.7934,877.7934
2018-12-25,842.0564,850.0973,811.9032,820.6141
2018-12-26,821.9541,844.0664,818.8271,831.3351
2018-12-27,848.5336,879.3569,844.5132,873.9963
2018-12-28,873.3262,878.2401,868.8591,874.2197
2018-12-31,874.2197,874.2197,874.2197,874.2197
2019-01-04,852.3307,870.6460,851.6606,864.1686
2019-01-07,882.0372,891.1948,873.9963,876.2299
2019-01-08,871.0927,879.8036,865.2854,865.2854
2019-01-09,854.5643,877.7934,852.5541,870.1993
2019-01-10,862.1583,864.1685,856.3510,861.9349
2019-01-11,863.7219,865.7321,855.0109,855.9044
2019-01-15,835.3555,843.8430,826.6445,828.8781
2019-01-16,833.1221,851.2140,827.3148,851.2140
2019-01-17,849.8737,850.0971,836.0256,837.1424
2019-01-18,846.5234,858.3614,844.7366,852.5541
2019-01-21,849.2038,859.2548,848.3103,853.6709
2019-01-22,858.8080,861.2649,852.1073,854.5642
2019-01-23,848.7571,853.4476,846.0768,847.4169
2019-01-24,844.2898,846.3000,834.0154,841.8329
2019-01-25,838.4825,842.0563,834.0154,837.1424
2019-01-28,841.3862,841.3862,827.7614,829.1016
2019-01-29,839.3760,847.6402,834.9089,846.9702
2019-01-30,843.6199,845.6301,834.4623,834.6856
2019-01-31,845.4066,847.4168,835.1321,840.2693
2019-02-01,794.9280,798.9484,752.2668,755.3938
2019-02-04,755.6171,758.0740,746.0127,747.5762
2019-02-05,747.1295,756.7338,745.5660,749.3630
2019-02-06,753.1602,753.1602,746.2361,748.2463
2019-02-07,745.1192,745.1192,735.7382,738.1951
2019-02-08,735.7384,741.7690,733.0581,733.7281
2019-02-12,734.6216,745.5661,733.7281,743.5558
2019-02-13,734.1748,738.8653,729.4843,734.1748
2019-02-14,735.2916,737.3018,731.2712,735.0682
2019-02-15,732.1646,733.7281,725.6873,733.7281
2019-02-18,735.2916,745.3426,734.6215,742.6624
2019-02-19,742.4390,745.5660,738.1952,745.3427
2019-02-20,745.3427,748.9164,741.5456,746.9062
2019-02-21,749.1397,757.1805,746.4594,754.5002
2019-02-22,752.9368,756.9573,750.4799,754.2770
2019-02-25,752.9367,753.8302,747.7995,748.9163
2019-02-26,746.4595,751.8201,746.0128,747.7997
2019-02-27,750.2565,752.4901,748.2463,749.1397
2019-02-28,754.9470,756.0638,750.0332,752.2667
2019-03-01,754.9471,758.9676,753.1603,758.2975
2019-03-04,761.4244,762.9879,753.6069,756.5105
2019-03-05,752.7134,762.7644,751.8199,761.2009
2019-03-06,763.2112,763.2112,757.1806,759.1908
2019-03-07,765.6681,768.3484,758.9674,761.6477
2019-03-08,759.8608,762.0944,750.9265,751.5966
2019-03-11,754.9469,758.5206,752.2666,753.3834
2019-03-12,754.9469,762.5410,753.1600,761.8710
2019-03-13,760.0841,762.9878,755.8403,759.4141
2019-03-14,761.6477,766.3382,760.7543,764.5514
2019-03-15,769.9120,781.0799,769.4653,779.7397
2019-03-18,784.4302,786.8871,781.5265,784.8769
2019-03-19,786.2171,791.3543,785.1003,786.2171
2019-03-20,782.1967,786.8872,779.7397,786.2171
2019-03-22,798.2784,802.5221,788.0039,793.8112
2019-03-25,782.8667,785.5470,778.6229,784.8769
2019-03-26,797.8315,813.9133,793.1410,811.6797
2019-03-27,815.5104,818.8906,809.4262,813.7077
2019-03-28,804.6941,808.2996,798.1592,799.0606
2019-03-29,803.3421,810.1023,796.3565,797.2579
2019-04-01,807.3982,808.9756,797.2579,797.9339
2019-04-02,793.2017,795.2298,784.8641,792.7510
2019-04-03,784.1882,785.7656,776.7519,784.8642
2019-04-04,772.9211,781.2587,767.0622,780.1320
2019-04-05,778.1039,782.1601,776.5266,777.6533
2019-04-08,778.7799,781.0333,774.4984,777.2025
2019-04-09,776.7518,776.7518,771.5690,773.5970
2019-04-10,767.9636,777.8786,766.6115,771.3437
2019-04-11,771.5689,775.1744,768.8648,773.8223
2019-04-12,772.0196,774.9490,765.0340,769.7662
2019-04-15,779.6812,785.0894,774.4984,774.9490
2019-04-16,770.6677,777.2026,768.4143,773.3718
2019-04-17,775.1744,777.6531,772.0196,774.0477
2019-04-18,772.0197,776.3011,771.1183,773.5970
2019-04-19,774.9492,778.5546,772.2451,772.9211
2019-04-22,776.7517,788.0187,776.7517,788.0187
2019-04-23,788.6949,798.8353,788.6949,798.3846
2019-04-24,803.5675,805.1449,795.0045,800.8634
2019-04-25,802.2154,809.4263,801.0887,808.9756
2019-04-26,807.6235,816.4118,807.3982,807.8489
2019-05-07,811.0037,812.1304,802.8914,807.8489
2019-05-08,805.1449,808.0743,794.7792,798.1593
2019-05-09,792.9765,794.7792,774.2731,777.6533
2019-05-10,785.9908,843.0021,775.3997,840.7487
2019-05-13,840.9740,877.7046,833.5377,866.6629
2019-05-14,848.6356,848.6356,833.5377,845.0302
2019-05-15,844.3543,857.1987,841.1995,856.0720
2019-05-16,870.0432,876.8034,859.6775,876.5781
2019-05-17,876.5780,880.8595,869.5924,872.5219
2019-05-20,878.3809,884.6904,875.0007,878.3809
2019-05-21,870.4938,884.2396,868.9164,880.1835
2019-05-22,875.0006,881.0848,870.7191,871.6205
2019-05-23,870.2684,878.6061,870.0431,872.2965
2019-05-24,877.9301,884.6904,872.9726,879.0568
2019-05-27,872.2966,874.0993,864.4097,865.0857
2019-05-28,866.6631,872.0713,863.5083,868.9165
2019-05-29,862.6068,867.7896,852.9171,862.8321
2019-05-30,849.9877,850.6637,840.5234,845.4809
2019-05-31,843.4529,849.3118,829.4818,832.4112
2019-06-03,821.3695,832.4112,818.4400,832.4112
2019-06-04,827.9044,829.0311,806.4970,817.3134
2019-06-05,829.2564,832.4112,821.5948,832.4112
2019-06-06,835.5659,841.1995,830.8338,838.0447
2019-06-07,843.9034,846.3822,838.7206,842.7767
2019-06-10,847.7343,854.0438,847.5089,852.4664
2019-06-11,855.6214,859.9029,849.0865,859.9029
2019-06-12,865.3110,867.7898,858.5508,858.5508
2019-06-13,865.5364,869.5925,858.7761,863.0576
2019-06-14,865.7616,865.7616,851.5651,857.1987
2019-06-17,854.0438,857.4239,849.0863,852.9171
2019-06-18,852.4666,860.8042,851.1145,855.1707
2019-06-19,852.9172,863.9589,852.2412,861.4802
2019-06-20,861.7056,867.5644,856.7480,857.6494
2019-06-21,849.5370,852.0158,835.1152,836.0165
2019-06-24,834.4391,836.0165,825.6508,833.0871
2019-06-25,838.0447,854.0439,837.5940,845.2556
2019-06-26,845.0302,846.6076,839.8474,840.9741
2019-06-27,840.7488,840.9742,827.6790,837.8194
2019-06-28,837.8193,843.0021,836.9179,841.8754
2019-07-01,846.6077,851.5652,835.7913,841.4248
2019-07-02,847.9596,858.3253,847.5089,855.8466
2019-07-03,851.1143,855.3957,846.1567,850.4382
2019-07-04,853.5932,859.9028,848.6357,852.6918
2019-07-05,849.9878,851.3398,843.4529,849.0864
2019-07-08,849.7626,852.6920,841.1996,841.6503
2019-07-09,846.3823,853.1425,839.1713,840.7487
2019-07-10,837.3687,845.7064,835.7913,843.6783
2019-07-11,847.5090,850.6638,844.8049,848.1850
2019-07-12,852.2411,853.1425,842.3261,843.9035
2019-07-16,843.4528,844.5795,832.6364,836.0165
2019-07-17,836.0166,838.0447,818.8907,823.3975
2019-07-18,822.9468,824.9749,809.6517,812.5811
2019-07-19,814.1585,831.0591,814.1585,831.0591
2019-07-22,824.7495,826.7776,814.8345,816.8625
2019-07-23,809.8770,816.1865,805.5955,810.7783
2019-07-24,811.6798,815.7360,808.7504,815.7360
2019-07-25,811.2292,815.7360,807.3984,809.2011
2019-07-26,810.7784,814.1585,801.9901,804.2435
2019-07-29,806.2716,810.3277,800.4127,804.9196
2019-07-30,808.7504,860.8043,798.6100,859.9029
2019-07-31,861.0295,894.6053,857.8747,881.9862
2019-08-01,873.4232,882.4369,865.7616,880.8595
2019-08-02,874.7753,878.8314,866.2123,874.0992
2019-08-05,863.9589,873.8739,853.8186,860.1281
2019-08-06,842.1009,855.8467,835.5659,854.0439
2019-08-07,848.6356,859.9027,846.1569,849.5370
2019-08-08,845.4810,857.4241,841.6502,846.3824
2019-08-09,855.8466,869.3670,849.5370,860.8041
2019-08-13,860.8042,871.8459,856.2974,862.1562
2019-08-14,864.4096,867.7897,857.8747,863.9589
2019-08-15,856.2974,862.1562,854.0440,858.5508
2019-08-16,858.5507,861.4802,851.5651,857.4240
2019-08-19,863.0576,863.0576,852.0159,856.0720
2019-08-20,858.3253,866.8882,854.2691,859.6773
2019-08-21,855.8466,862.1562,854.9453,857.1987
2019-08-22,858.3254,859.4521,854.2693,856.9734
2019-08-23,856.9733,861.0295,852.9172,857.4240
2019-08-26,841.8755,856.7480,836.9179,856.2973
2019-08-27,865.3110,865.7617,859.2268,864.1843
2019-08-28,865.0856,871.6205,861.9308,871.3951
2019-08-29,871.3951,872.2965,863.5082,871.3951
2019-08-30,871.6205,873.4233,866.4377,872.9726
2019-09-02,873.4233,883.7890,871.3952,874.3246
2019-09-03,874.3247,879.2822,869.1418,878.1555
2019-09-04,877.9301,879.9581,870.0431,876.8033
2019-09-05,873.1980,873.4234,862.1563,865.5364
2019-09-06,863.7337,863.7337,849.9879,852.2413
2019-09-09,855.6213,869.3671,850.6638,869.3671
2019-09-10,863.0573,863.7334,848.4102,850.4382
2019-09-11,852.0157,867.7896,849.3116,867.3389
2019-09-12,868.2402,875.0005,866.2122,869.8176
2019-09-13,877.7047,894.1546,873.8739,893.0279
2019-09-17,895.9573,905.1963,891.4505,898.4361
2019-09-18,901.3656,932.4627,900.4643,913.9847
2019-09-19,913.9848,924.3505,910.3793,919.3929
2019-09-20,923.6744,928.8572,919.6182,924.8011
2019-09-24,922.5477,930.4347,919.3930,927.9559
2019-09-25,930.6600,934.2655,925.4772,932.9135
2019-09-26,937.4202,937.4202,925.4771,929.3079
2019-09-27,932.4874,939.3005,925.4472,933.6229
2019-09-30,925.2200,930.8976,919.9966,926.5826
2019-10-01,926.5826,937.4836,924.0845,934.7584
2019-10-02,934.3042,943.8426,926.8098,934.3042
2019-10-03,916.8173,916.8173,900.4659,902.0556
2019-10-04,900.4658,913.1836,899.5574,912.7294
2019-10-07,915.2275,920.6780,912.7294,913.6378
2019-10-08,914.7733,916.1360,906.8247,910.2313
2019-10-09,906.5974,916.3629,905.0077,910.6853
2019-10-10,907.9602,912.2752,888.8835,904.7808
2019-10-11,911.1396,912.7293,905.0078,908.4144
2019-10-15,922.0406,939.5276,921.8135,930.6705
2019-10-16,934.9856,939.7548,923.8576,931.3520
2019-10-17,933.3958,938.8463,923.4032,925.4471
2019-10-18,929.3080,931.5790,911.8210,914.0920
2019-10-21,918.8612,923.1762,915.4547,919.3154
2019-10-23,922.9489,927.4910,917.0442,921.1321
2019-10-24,926.5825,930.6704,924.5386,928.6265
2019-10-25,927.9453,930.6705,920.2238,927.4911
2019-10-28,922.9490,923.8574,915.9088,917.2714
2019-10-29,918.1800,930.8978,917.7258,925.9015
2019-10-30,925.9013,942.7070,925.4471,942.0257
2019-10-31,943.1613,945.8865,933.3958,935.4398
2019-11-01,937.0295,942.0258,933.6230,941.5716
2019-11-05,946.3407,947.4763,927.0369,944.0697
2019-11-06,945.6595,948.3847,866.1732,890.7004
2019-11-07,865.7188,868.6712,837.7851,852.0926
2019-11-08,858.2245,858.9058,837.5581,839.8291
2019-11-11,850.5030,867.0816,846.1880,859.3600
2019-11-12,851.1843,851.6385,831.1992,831.1992
2019-11-13,831.1991,833.0159,819.8439,820.5252
2019-11-14,817.8000,820.5253,809.3972,810.0785
2019-11-15,815.5291,829.3824,811.2141,826.4301
2019-11-18,823.4776,833.0159,817.5729,830.7449
2019-11-19,829.3825,832.7890,826.6572,830.2909
2019-11-20,831.1992,835.0600,827.1113,832.5618
2019-11-21,832.5617,836.6495,829.8364,835.0598
2019-11-22,831.6534,834.3787,823.4777,823.9319
2019-11-25,832.3347,834.6058,827.5656,834.6058
2019-11-26,836.6496,837.5581,830.2907,836.4225
2019-11-27,834.8327,838.0122,827.5654,830.9720
2019-11-28,825.2944,830.9720,823.7047,827.3384
2019-11-29,832.5617,834.3786,826.2028,828.4739
2019-12-02,832.5618,835.7413,830.7450,833.9244
2019-12-03,829.3823,830.0637,824.6132,824.8403
2019-12-04,827.5655,830.9720,824.8402,829.8365
2019-12-05,826.6571,828.0197,818.9356,825.2945
2019-12-06,828.9281,829.1552,822.3421,827.1113
2019-12-09,828.0197,829.6094,825.2944,827.3384
2019-12-10,828.9281,829.6094,819.3897,819.3897
2019-12-11,819.3899,822.3422,814.3936,821.2067
2019-12-12,820.0710,823.2505,817.8000,819.6168
2019-12-13,829.6094,830.5178,824.6131,829.8365
2019-12-16,827.5654,830.0636,822.5692,822.5692
2019-12-17,828.9281,830.9721,824.1590,826.6571
2019-12-18,829.3823,830.7450,825.9758,826.6571
2019-12-19,826.6572,829.1553,825.2946,825.7488
2019-12-20,830.7450,832.7889,826.4300,829.1553
2019-12-23,832.1075,832.1075,826.8841,830.0635
2019-12-24,831.1992,836.4226,828.9281,833.2431
2019-12-25,828.0198,830.7450,818.2543,818.9356
2019-12-26,824.8403,836.8768,824.3861,836.4225
2019-12-27,836.4225,841.4188,832.7888,832.7888
2019-12-30,833.2431,835.0599,824.3860,824.3860
2020-01-06,815.3019,817.1188,802.8112,803.0383
2020-01-07,802.5841,818.7085,800.0860,816.6646
2020-01-08,801.9027,808.0345,794.8625,804.6280
2020-01-09,808.7159,824.3861,807.5804,823.0234
2020-01-10,823.0235,827.5656,820.5254,826.4301
2020-01-14,828.0197,828.7010,822.3421,826.8842
2020-01-15,817.8001,830.9721,814.8477,829.1553
2020-01-16,833.2431,839.8291,827.3384,831.1992
2020-01-17,829.3823,831.1992,821.2066,823.0234
2020-01-20,826.6571,830.0637,825.0674,825.2945
2020-01-21,827.3385,828.2469,816.4375,816.8917
2020-01-22,818.9356,828.7010,818.4814,826.6571
2020-01-23,818.9356,823.2506,817.1188,821.8879
2020-01-24,821.6608,823.7048,817.8001,819.8440
2020-01-27,809.3973,816.2104,805.3095,815.7562
2020-01-28,814.3935,815.3019,808.2617,811.6682
2020-01-29,810.0785,815.7561,809.1701,814.8477
2020-01-30,810.3058,813.7123,803.0385,805.3095
2020-01-31,817.1188,820.2982,812.5767,819.8440
2020-02-03,856.1807,881.8434,847.7779,869.8069
2020-02-04,863.9021,882.9788,861.8581,881.6161
2020-02-05,882.0705,887.0667,879.1181,884.3415
2020-02-06,897.9676,917.4985,896.6050,900.2386
2020-02-07,900.2387,906.5976,885.7041,888.6564
2020-02-10,888.8836,890.4733,880.9349,886.1583
2020-02-12,891.1544,901.6011,886.8394,901.6011
2020-02-13,887.2939,896.3780,883.6602,895.2425
2020-02-14,888.4292,907.9601,885.7039,905.9161
2020-02-17,897.0592,899.1031,890.4732,892.0629
2020-02-18,890.4732,900.0115,886.8395,889.7919
2020-02-19,897.2863,905.0078,890.0190,899.5573
2020-02-20,899.3302,905.6891,896.3778,902.5096
2020-02-21,899.3303,902.9639,892.5172,894.3340
2020-02-25,865.9460,872.9862,860.4955,865.0376
2020-02-26,862.5394,869.1254,854.8179,862.0852
2020-02-27,862.9937,868.4442,854.5908,856.8619
2020-02-28,838.6936,842.3272,820.0711,823.0234
2020-03-02,816.6645,862.7665,814.1663,854.3636
2020-03-03,862.9937,870.4881,849.1404,851.8656
2020-03-04,845.7337,849.5945,834.8328,836.1954
2020-03-05,855.0450,862.0852,845.9609,857.3160
2020-03-06,843.2356,848.4590,831.4263,835.9683
2020-03-09,817.1188,819.6169,799.8589,808.4888
2020-03-10,796.6794,803.4925,768.5185,793.4999
2020-03-11,795.7710,809.6243,788.9579,791.0018
2020-03-12,781.0093,803.2654,770.3354,790.5476
2020-03-13,743.9913,797.1336,738.5408,767.1559
2020-03-16,767.8373,791.2290,758.9803,759.8887
2020-03-17,758.2990,801.9029,741.7204,792.8187
2020-03-18,805.7636,826.4300,787.3682,788.7308
2020-03-19,818.9356,827.5655,791.2289,791.2289
2020-03-23,783.9616,807.5803,760.1157,783.0532
2020-03-24,807.1262,820.0711,776.6943,788.9579
2020-03-25,807.1262,850.2758,799.6317,849.1403
2020-03-26,834.8329,855.7264,811.6683,842.3273
2020-03-27,854.8179,891.1545,851.4114,891.1545
2020-03-30,888.6358,928.7057,882.9115,928.0188
2020-03-31,918.6310,932.5983,909.2432,920.6918
2020-04-01,883.8275,902.1451,855.4351,862.3042
2020-04-02,860.0146,869.4024,848.5660,849.7109
2020-04-03,883.8275,902.1451,829.5614,833.2249
2020-04-06,847.8789,869.6312,838.9491,856.1219
2020-04-07,856.3509,872.6078,846.0472,872.6078
2020-04-08,879.2480,882.6826,860.9304,873.9817
2020-04-09,870.0892,870.0892,820.6315,833.6828
2020-04-10,839.6360,856.1219,832.0800,856.1219
2020-04-13,842.8417,851.7716,840.7810,842.6127
2020-04-14,853.3743,866.4257,850.3977,866.4257
2020-04-15,853.8323,873.5238,848.1080,873.5238
2020-04-16,878.5612,895.2760,876.0425,884.0565
2020-04-17,892.9862,892.9862,875.1265,888.1778
2020-04-20,868.7154,879.2480,863.4491,876.2714
2020-04-21,872.8369,890.6966,871.4631,885.4303
2020-04-22,873.5237,885.2012,870.5471,882.9115
2020-04-23,884.7433,888.8647,878.7900,885.8881
2020-04-24,886.1172,887.0331,874.6686,884.2854
2020-04-27,886.5751,888.6359,873.5238,876.5004
2020-04-28,879.2479,879.4769,869.1732,876.0424
2020-04-30,892.9862,898.7105,877.1872,877.4162
2020-05-01,876.0426,881.0799,864.3650,865.9678
2020-05-07,860.2434,873.9817,857.7248,865.0518
2020-05-08,878.7900,884.9722,872.1499,879.9349
2020-05-11,876.0424,880.3929,869.8602,869.8602
2020-05-12,876.5004,883.1406,872.3790,872.3790
2020-05-13,875.8135,892.7574,872.8369,891.3835
2020-05-14,889.3228,892.5284,878.1032,879.0191
2020-05-15,885.2012,887.4909,872.3788,882.9115
2020-05-18,884.2854,899.6264,884.0564,897.5657
2020-05-19,906.7246,909.9302,890.2387,891.6125
2020-05-20,892.9863,899.3974,891.3835,892.5283
2020-05-21,892.0704,892.0704,880.3929,880.8508
2020-05-22,880.8508,883.5984,866.4256,869.1733
2020-05-25,876.7294,884.5145,828.8745,844.6735
2020-05-26,836.4305,846.7341,811.4726,823.1501
2020-05-27,828.8744,829.1034,815.5941,823.1501
2020-05-28,829.3324,835.2856,824.7530,832.3090
2020-05-29,838.0333,850.6267,833.4539,841.2389
2020-06-01,848.5659,848.5659,838.0332,839.8650
2020-06-02,829.5613,837.8043,826.5847,837.8043
2020-06-03,842.6127,844.2155,824.9819,827.0427
2020-06-04,828.8745,838.9492,828.4166,835.9726
2020-06-05,838.0333,841.9258,824.9820,833.2249
2020-06-08,841.4678,841.6968,830.9352,833.4539
2020-06-09,842.6128,852.6875,838.7203,851.7716
2020-06-10,849.4817,856.1219,838.4911,839.6360
2020-06-11,838.2622,852.6874,836.2015,839.8650
2020-06-12,829.7904,832.7670,820.6315,830.0193
2020-06-15,823.1503,839.6362,822.4634,822.4634
2020-06-16,835.0567,850.3977,829.3324,847.6501
2020-06-17,849.9399,852.9165,845.1315,845.1315
2020-06-18,846.0472,848.5659,834.8276,837.8043
2020-06-19,840.5519,854.5191,838.2622,853.1453
2020-06-22,849.9397,851.3135,839.6360,842.8416
2020-06-23,844.4444,845.5893,829.3323,838.7202
2020-06-24,838.4913,844.6735,834.3698,837.3464
2020-06-25,831.1641,838.7201,828.8744,829.1033
2020-06-26,831.3931,833.4538,827.9585,831.1641
2020-06-29,827.2718,832.3092,822.0055,827.9587
2020-06-30,828.8745,830.9352,820.6315,820.6315
2020-07-01,827.5007,827.5007,811.2437,811.4727
2020-07-02,814.4492,820.8604,808.2670,818.3417
2020-07-03,823.3792,824.7530,816.2811,821.3184
2020-07-06,823.6081,827.9585,820.1735,825.8978
2020-07-07,813.3044,816.5100,801.1690,802.7718
2020-07-08,805.5194,811.4727,800.0241,800.2531
2020-07-09,793.1550,796.1317,783.9962,785.1411
2020-07-10,789.2626,795.4448,787.2018,788.3467
2020-07-13,800.0241,810.5568,794.2999,809.1830
2020-07-14,807.3512,809.1829,796.8185,801.1689
2020-07-15,808.7251,811.2437,803.2298,808.9540
2020-07-16,809.4119,809.6409,797.5054,798.1923
2020-07-17,800.2530,801.3979,792.6970,794.0708
2020-07-20,797.7344,797.9634,789.4915,792.6971
2020-07-21,796.1316,798.4213,789.7205,791.7812
2020-07-22,788.1177,792.0102,783.3093,788.1177
2020-07-27,783.0803,794.2999,775.7533,792.9261
2020-07-28,794.7579,803.2298,789.7205,794.9869
2020-07-29,790.1784,794.2999,786.9728,788.5756
2020-07-30,781.0194,787.4306,781.0194,783.0801
2020-07-31,874.6686,877.4163,853.3743,871.9210
2020-08-03,877.8742,887.4910,872.3789,881.5377
2020-08-04,874.4395,895.7338,871.0050,891.8413
2020-08-05,888.4069,896.6498,884.5143,887.4910
2020-08-06,878.5612,882.2248,867.7996,870.3183
2020-08-07,859.5566,862.7622,846.2763,851.7716
2020-08-11,850.6267,853.6033,843.5286,850.1688
2020-08-12,853.8323,866.4257,847.6501,859.3276
2020-08-13,868.2575,884.0565,861.1594,882.4537
2020-08-14,881.7666,881.7666,873.9816,877.1872
2020-08-17,873.0657,876.5003,867.7994,868.4863
2020-08-18,879.2480,892.9863,877.4162,889.0938
2020-08-19,893.6733,909.0143,891.6125,905.3508
2020-08-20,901.4584,910.6172,900.3135,909.4724
2020-08-21,905.3508,913.1358,904.4349,905.1218
2020-08-24,904.8926,914.9673,902.1450,913.5935
2020-08-25,916.3412,926.4159,916.3412,917.0281
2020-08-26,916.7992,922.9814,915.4254,922.0656
2020-08-27,915.1964,919.7759,908.7853,915.4254
2020-08-28,922.7525,924.5843,894.1312,906.7245
2020-08-31,910.8459,914.5094,903.9768,904.8926
2020-09-01,914.7385,915.1964,903.7479,910.6170
2020-09-02,901.9161,923.4394,898.4816,923.4394
2020-09-03,936.2619,936.9488,926.4161,931.4535
2020-09-04,920.2339,922.5236,913.1358,917.4862
2020-09-07,915.6544,915.8834,905.3507,906.0377
2020-09-08,911.3039,918.4020,905.3507,918.4020
2020-09-09,905.5797,914.2806,903.9769,911.3040
2020-09-10,907.4115,920.4628,904.6638,918.6310
2020-09-11,925.7291,925.9581,906.7246,921.6077
2020-09-14,913.1357,919.0889,907.8694,916.5703
2020-09-15,916.3415,916.3415,907.6406,908.0985
2020-09-16,929.6217,955.9533,925.0422,955.9533
2020-09-17,971.0652,1001.9763,969.0045,985.4904
2020-09-18,990.2988,998.9997,982.0558,991.2147
2020-09-23,993.5046,1002.8924,986.1775,995.5653
2020-09-24,999.2287,1013.8828,997.8549,1002.6633
2020-09-25,990.2990,1000.6027,975.4159,985.0327
2020-09-28,1001.5183,1011.8220,989.8408,1009.7613
2020-09-29,991.7711,1012.0678,983.0066,1007.2242
2020-09-30,1004.9179,1005.6099,995.0002,995.9228
2020-10-02,998.6904,998.6904,973.7808,981.1614
2020-10-05,990.3872,1004.6871,987.6194,995.0001
2020-10-06,989.9260,995.0001,986.9276,993.6163
2020-10-07,984.6211,996.3840,982.7760,988.0808
2020-10-08,983.6985,990.6178,978.3937,987.6194
2020-10-09,983.2372,984.1598,973.7808,976.5485
2020-10-12,980.7001,980.7001,971.4743,974.9340
2020-10-13,984.6211,985.5436,973.3195,976.3179
2020-10-14,978.6243,986.4662,976.5485,983.9291
2020-10-15,984.8519,990.1567,975.1649,977.0100
2020-10-16,984.3905,986.9276,974.0115,978.1631
2020-10-19,975.8567,986.0050,973.7809,980.7002
2020-10-20,983.9291,985.3130,973.5501,974.0114
2020-10-21,973.0889,978.8550,968.4760,977.2405
2020-10-22,975.3955,975.3955,964.5552,968.4761
2020-10-23,971.4745,974.9341,958.3277,963.1713
2020-10-26,958.0971,961.5567,955.0987,960.6342
2020-10-27,968.7067,973.0889,960.6341,968.9373
2020-10-28,978.8549,979.3162,971.0130,977.7017
2020-10-29,973.3196,981.6228,971.0132,976.0873
2020-10-30,976.5486,979.0857,965.9390,967.5535
2020-11-02,974.7036,1003.9954,973.7810,993.8470
2020-11-04,1003.7648,1015.5276,991.0793,995.6922
2020-11-05,1030.9809,1068.5759,1030.7502,1063.9630
2020-11-06,1055.4289,1067.6531,1051.5080,1058.1967
2020-11-09,1060.9644,1076.6482,1052.4305,1053.5837
2020-11-10,1043.8968,1045.7419,1005.8405,1005.8405
2020-11-11,1014.8357,1039.9760,1010.6841,1038.8228
2020-11-12,1042.0517,1045.2807,1031.4421,1042.2823
2020-11-13,1042.2823,1045.2807,1027.7517,1033.5178
2020-11-16,1033.2871,1050.3548,1032.3645,1044.3580
2020-11-17,1043.8967,1044.3580,1018.7565,1023.3694
2020-11-18,1023.8308,1027.7517,1017.6034,1026.1372
2020-11-19,1024.0612,1041.5902,1018.7564,1041.5902
2020-11-20,1041.5903,1056.3516,1040.4371,1054.2758
2020-11-24,1061.4257,1067.8837,1050.5854,1051.2773
2020-11-25,1055.1984,1055.4290,1031.4420,1033.5178
2020-11-26,1043.6663,1045.2808,1036.0550,1041.3599
2020-11-27,1041.8209,1051.9693,1037.9000,1043.4354
2020-11-30,1043.6661,1044.3581,1001.6889,1005.8405
2020-12-01,1020.1406,1048.5099,1016.9116,1043.6664
2020-12-02,1051.5080,1052.1999,1028.2129,1032.3645
2020-12-03,1044.3581,1053.1226,1020.1404,1026.3678
2020-12-04,1034.4403,1034.6709,1025.2145,1032.3645
2020-12-07,1037.6692,1042.2821,1030.9805,1035.3628
2020-12-08,1036.2854,1037.8999,1020.8322,1028.4435
2020-12-09,1031.2112,1039.0531,1025.2144,1035.3628
2020-12-10,1025.6759,1047.8177,1023.8307,1041.1290
2020-12-11,1045.9728,1083.7985,1045.9728,1081.9534
2020-12-14,1087.7190,1107.0932,1086.1045,1088.6416
2020-12-15,1090.2565,1101.0968,1081.9533,1087.0275
2020-12-16,1093.9465,1101.0965,1088.6417,1090.9481
2020-12-17,1088.1806,1099.4822,1084.0290,1093.2548
2020-12-18,1096.7145,1097.4064,1069.7291,1071.5742
2020-12-21,1068.8065,1072.0355,1055.8904,1059.5807
2020-12-22,1051.5080,1054.9676,1039.7451,1043.4354
2020-12-23,1023.6000,1030.9807,1014.8355,1023.3694
2020-12-24,1026.3677,1039.5145,1021.9855,1037.6693
2020-12-25,1040.2066,1047.1260,1034.4405,1041.3599
2020-12-28,1046.6646,1063.2710,1046.2033,1054.5065
2020-12-29,1053.8144,1073.1886,1050.1241,1070.1902
2020-12-30,1072.9579,1086.3353,1066.2692,1078.2627
2021-01-04,1078.2627,1082.8756,1063.2708,1076.1869
2021-01-05,1084.9513,1100.6351,1077.5707,1089.1029
2021-01-06,1085.4126,1087.7191,1065.5772,1066.9611
2021-01-07,1073.8807,1083.1065,1066.7307,1069.9597
2021-01-08,1070.8822,1107.0934,1063.5016,1107.0934
2021-01-12,1109.6305,1126.9288,1105.7095,1116.0885
2021-01-13,1100.1741,1114.7047,1098.3289,1112.6289
2021-01-14,1124.1609,1144.9189,1118.6255,1136.6157
2021-01-15,1138.4609,1149.9931,1131.0802,1134.0786
2021-01-18,1135.9239,1156.6819,1135.9239,1154.8368
2021-01-19,1150.6850,1165.9076,1147.9173,1155.9899
2021-01-20,1159.2188,1163.6011,1138.6915,1140.5366
2021-01-21,1141.4593,1150.9158,1133.6174,1139.3835
2021-01-22,1130.1578,1145.3804,1123.4691,1133.3868
2021-01-25,1133.3869,1137.3078,1123.9304,1128.0820
2021-01-26,1128.0819,1138.4609,1114.4739,1134.3093
2021-01-27,1146.9948,1155.2980,1132.6949,1143.5352
2021-01-28,1132.2335,1142.3818,1120.4706,1130.8496
2021-01-29,1130.1577,1149.5318,1127.8512,1140.7673
2021-02-01,1071.5740,1092.3320,1056.3514,1080.5691
2021-02-02,1094.8694,1100.6355,1054.0453,1062.3485
2021-02-03,1065.5775,1072.7275,1061.1952,1069.9597
2021-02-04,1062.8098,1065.5775,1047.5872,1049.4324
2021-02-05,1049.4322,1050.5854,1026.8290,1035.5935
2021-02-08,1030.0581,1063.2709,1027.5210,1059.3500
2021-02-09,1058.8888,1058.8888,1044.5888,1055.8904
2021-02-10,1057.2742,1074.8032,1050.5855,1073.8806
2021-02-12,1073.8808,1073.8808,1047.8180,1048.5099
2021-02-15,1052.8920,1053.3533,1040.8985,1044.8195
2021-02-16,1046.2033,1063.2710,1045.7420,1054.7372
2021-02-17,1054.0450,1067.4224,1053.1225,1063.5015
2021-02-18,1077.8014,1078.0321,1053.8144,1055.6595
2021-02-19,1054.7372,1058.6581,1045.7420,1048.9711
2021-02-22,1046.8954,1052.4308,1036.9776,1045.9728
2021-02-24,1048.0485,1050.8163,1036.9776,1038.8228
2021-02-25,1042.2823,1047.1259,1016.2195,1020.6017
2021-02-26,1016.6807,1018.0646,974.7035,977.4712
2021-03-01,992.0019,1007.6857,980.0084,987.8503
2021-03-02,999.3825,1010.6841,994.3083,1005.3793
2021-03-03,1012.5290,1017.8339,1002.3807,1010.4532
2021-03-04,1001.2275,1009.0694,994.3082,1009.0694
2021-03-05,1019.4486,1032.8260,1012.9905,1031.6727
2021-03-08,1047.3564,1061.8870,1040.8984,1053.8145
2021-03-09,1053.8145,1055.4290,1031.9033,1039.2839
2021-03-10,1040.8983,1050.3547,1037.8999,1049.8934
2021-03-11,1056.1211,1056.3517,1043.2050,1049.4324
2021-03-12,1054.7371,1056.1210,1039.2839,1056.1210
2021-03-15,1060.0421,1067.8840,1056.1211,1063.2711
2021-03-16,1067.8837,1076.4175,1060.0418,1068.8063
2021-03-17,1070.1901,1072.4966,1051.7386,1055.6595
2021-03-18,1054.0451,1078.9547,1053.1225,1069.0370
2021-03-19,1069.9595,1075.9563,1059.8112,1070.1902
2021-03-22,1068.3450,1081.4917,1066.9611,1079.8772
2021-03-23,1080.3386,1081.2612,1063.5015,1064.1935
2021-03-24,1076.1871,1078.7242,1058.6581,1064.8855
2021-03-25,1070.1900,1081.0303,1062.1175,1077.1094
2021-03-26,1079.6466,1090.2562,1077.1095,1084.9514
2021-03-29,1097.4061,1097.4061,1069.2675,1076.4175
2021-03-30,1081.2947,1086.1716,1073.8631,1079.9012
2021-03-31,1062.9479,1073.6308,1052.2650,1052.2650
2021-04-01,1056.4451,1058.7674,1034.3826,1034.3826
2021-04-02,1023.2357,1034.8475,1017.6620,1032.0607
2021-04-05,1040.4210,1056.4454,1037.6342,1055.7487
2021-04-06,1057.6066,1061.3224,1031.8283,1035.0796
2021-04-07,1038.0987,1047.1559,1032.2927,1035.0796
2021-04-08,1030.8994,1032.9896,1018.5909,1026.9514
2021-04-09,1030.2025,1045.0657,1027.1834,1031.1315
2021-04-12,1036.0085,1038.7953,1030.2025,1033.4539
2021-04-13,1038.0986,1047.8526,1029.2736,1031.3638
2021-04-14,1034.6149,1035.0794,1022.7709,1027.1833
2021-04-15,1019.5196,1028.5768,1016.0360,1016.9650
2021-04-16,1020.9132,1027.8803,1017.1974,1025.7902
2021-04-19,1026.7191,1030.2026,1020.2164,1021.1454
2021-04-20,1014.4103,1015.5715,1002.5663,1008.1400
2021-04-21,998.6183,1013.9460,991.6512,1011.6236
2021-04-22,1013.9459,1030.2025,1013.0170,1028.8091
2021-04-23,1021.6098,1044.3690,1019.5197,1041.5822
2021-04-26,1047.8526,1051.1039,1028.8091,1029.5059
2021-04-27,1030.4349,1037.4020,1010.2303,1021.1454
2021-04-28,1019.7518,1026.4867,1010.4623,1017.8939
2021-04-30,1021.6098,1028.3446,1014.4104,1015.5716
2021-05-06,1045.0656,1061.7866,1042.7432,1049.7103
2021-05-07,1050.6393,1062.4833,1043.9044,1061.7866
2021-05-10,1061.3222,1085.2426,1053.1939,1078.7400
2021-05-11,1125.1875,1146.3211,1113.3434,1119.3816
2021-05-12,1098.9445,1130.0642,1098.4800,1122.8649
2021-05-13,1114.7367,1121.4716,1100.1058,1106.6084
2021-05-14,1104.5183,1125.6518,1098.7124,1124.2584
2021-05-17,1120.3105,1126.3487,1104.7506,1108.9309
2021-05-18,1137.4960,1170.7059,1137.0315,1157.0039
2021-05-19,1146.3210,1147.2499,1133.5479,1144.6953
2021-05-20,1143.5341,1144.2308,1127.0453,1129.3677
2021-05-21,1128.4386,1134.7090,1121.9360,1127.2775
2021-05-24,1127.2775,1162.3453,1127.2775,1157.7006
2021-05-25,1154.6815,1156.3071,1146.7854,1148.1788
2021-05-26,1143.5342,1153.9849,1141.2119,1142.8375
2021-05-27,1136.7993,1149.5723,1134.0124,1139.8184
2021-05-28,1166.2933,1190.9104,1166.0610,1188.1235
2021-05-31,1183.2468,1187.8915,1168.1514,1168.6158
2021-06-01,1171.8669,1173.2603,1154.2169,1160.4873
2021-06-02,1159.7906,1167.9189,1150.0366,1164.4353
2021-06-03,1161.8807,1215.0630,1160.7196,1205.5413
2021-06-04,1210.1861,1228.5329,1203.6835,1208.7927
2021-06-07,1208.5605,1215.9921,1202.2901,1207.1671
2021-06-08,1209.2570,1235.2676,1202.9866,1225.2814
2021-06-09,1242.0026,1247.8086,1225.7461,1229.2296
2021-06-10,1226.2106,1235.2679,1222.7271,1226.9073
2021-06-11,1232.0164,1234.1066,1214.5987,1232.7131
2021-06-14,1235.0355,1237.3579,1220.6368,1230.8552
2021-06-15,1245.7184,1258.7236,1239.4480,1250.5953
2021-06-16,1243.1637,1264.9940,1242.4670,1258.9558
2021-06-17,1265.6907,1287.2888,1264.2973,1274.5157
2021-06-18,1287.5209,1293.7913,1264.7617,1279.8571
2021-06-21,1279.6249,1280.3216,1246.4150,1252.2209
2021-06-22,1282.6441,1303.3131,1280.5539,1298.4362
2021-06-23,1307.4934,1322.3566,1294.0237,1298.9006
2021-06-24,1294.4882,1322.3566,1291.4691,1312.6027
2021-06-25,1312.6026,1325.6079,1307.0289,1322.8210
2021-06-28,1320.9633,1337.6843,1310.7448,1335.3619
2021-06-29,1334.8974,1361.3724,1324.9112,1357.1921
2021-06-30,1354.4049,1357.1917,1336.0582,1339.5417
2021-07-01,1340.0066,1340.4711,1315.8540,1325.1434
2021-07-02,1330.0202,1336.9873,1322.5886,1336.0583
2021-07-05,1329.7880,1339.0775,1316.7828,1331.8782
2021-07-06,1336.0585,1337.4519,1322.1243,1334.8973
2021-07-07,1317.9439,1323.0531,1302.8485,1309.1189
2021-07-08,1308.8866,1323.0530,1303.7773,1303.7773
2021-07-09,1285.8951,1306.0997,1276.1411,1300.5260
2021-07-12,1313.5315,1339.5420,1311.6736,1337.4519
2021-07-13,1346.9736,1368.1072,1343.4901,1366.7137
2021-07-14,1346.9735,1353.2438,1340.0064,1340.4708
2021-07-15,1346.9737,1353.2440,1332.5750,1334.8973
2021-07-16,1328.6269,1336.2907,1326.3046,1332.1105
2021-07-19,1314.9250,1323.9823,1310.7448,1314.4606
2021-07-20,1306.5642,1321.8918,1298.9004,1318.6405
2021-07-21,1325.1432,1334.8971,1320.0340,1324.2142
2021-07-26,1337.6840,1345.3478,1334.4326,1338.1484
2021-07-27,1346.9738,1352.5475,1334.8975,1335.3619
2021-07-28,1330.7168,1346.2767,1330.2523,1340.7030
2021-07-29,1326.7689,1334.4327,1307.7255,1315.8538
2021-07-30,1315.8538,1320.9630,1284.2696,1294.0236
2021-08-02,1333.0394,1408.7486,1332.5749,1382.9703
2021-08-03,1365.7846,1369.2682,1344.1866,1350.6892
2021-08-04,1356.0308,1376.2354,1355.7986,1364.8558
2021-08-05,1358.5855,1377.3967,1356.0309,1376.2355
2021-08-06,1372.5198,1399.4592,1372.5198,1386.4540
2021-08-10,1385.9892,1401.7813,1384.3636,1396.2076
2021-08-11,1402.7104,1420.8249,1391.5630,1396.6722
2021-08-12,1405.9615,1418.5023,1398.5299,1401.3168
2021-08-13,1401.3170,1415.2512,1399.9236,1400.3881
2021-08-16,1400.3882,1405.4974,1382.0414,1389.9375
2021-08-17,1393.8853,1419.4313,1393.8853,1407.8195
2021-08-18,1408.7486,1415.2512,1390.6341,1397.6012
2021-08-19,1388.3118,1411.9999,1387.6151,1403.6394
2021-08-20,1417.1088,1445.9062,1416.6444,1440.7970
2021-08-23,1446.3710,1452.4092,1432.4368,1438.0105
2021-08-24,1451.0158,1472.8460,1445.4421,1469.1302
2021-08-25,1458.9117,1470.0590,1449.6222,1451.4801
2021-08-26,1441.2616,1468.2010,1432.4366,1467.2721
2021-08-27,1459.8408,1472.8460,1449.6223,1467.7368
2021-08-30,1486.3158,1499.3211,1469.5948,1487.2448
2021-08-31,1488.6381,1512.7907,1474.7039,1506.7526
2021-09-01,1501.1789,1521.1512,1499.3210,1506.7526
2021-09-02,1503.9656,1535.5498,1502.1077,1531.3695
2021-09-03,1541.5880,1563.4183,1535.5499,1557.8446
2021-09-06,1571.7786,1596.3957,1571.3141,1590.8220
2021-09-07,1602.4340,1614.0458,1588.0353,1593.1445
2021-09-08,1579.6747,1597.7891,1572.2431,1592.6799
2021-09-09,1599.6471,1616.3681,1598.7181,1610.3300
2021-09-10,1616.3682,1639.1274,1614.5103,1638.6630
2021-09-13,1639.5920,1647.9525,1629.3735,1644.7012
2021-09-14,1635.4116,1648.8814,1631.6958,1636.3406
2021-09-15,1635.8763,1655.8487,1631.6960,1645.1658
2021-09-16,1647.9526,1675.3566,1607.0790,1647.9526
2021-09-17,1658.1709,1662.8156,1630.3025,1644.7012
2021-09-21,1604.2920,1620.0841,1556.4512,1608.9368
2021-09-22,1608.9368,1609.8657,1559.7026,1565.2762
2021-09-24,1589.4286,1595.0023,1552.7352,1575.4944
2021-09-27,1574.5656,1575.4946,1533.2275,1539.7301
2021-09-28,1516.0418,1523.9378,1493.2826,1520.6865
2021-09-29,1506.1816,1519.7508,1493.5482,1510.8606
2021-09-30,1515.5399,1560.4586,1510.8608,1546.8894
2021-10-01,1537.9989,1565.1373,1528.6409,1536.5952
2021-10-04,1543.6140,1556.7153,1497.2915,1503.3743
2021-10-05,1488.4014,1506.1818,1447.6938,1477.6396
2021-10-06,1476.7038,1506.1817,1469.2173,1496.8236
2021-10-07,1509.9248,1528.1731,1502.9063,1507.5853
2021-10-08,1499.6312,1524.8980,1489.8052,1515.0720
2021-10-11,1516.4756,1564.6697,1516.4756,1564.6697
2021-10-12,1557.6511,1562.3301,1524.4299,1545.4856
2021-10-13,1552.5041,1570.7524,1549.6967,1560.4585
2021-10-14,1563.7338,1584.7895,1560.4585,1568.8807
2021-10-15,1571.6879,1596.4868,1566.0731,1596.4868
2021-10-18,1577.3031,1584.3216,1550.1647,1564.6697
2021-10-19,1570.2844,1601.6339,1569.8165,1593.6796
2021-10-20,1596.0192,1624.5613,1589.9364,1596.0192
2021-10-21,1581.0462,1588.0648,1561.3943,1561.8622
2021-10-22,1542.2100,1567.9447,1542.2100,1567.0089
2021-10-25,1544.0818,1552.5041,1531.4484,1542.6781
2021-10-26,1554.8434,1556.7150,1538.4668,1539.4026
2021-10-27,1550.1649,1601.1664,1548.2933,1598.3590
2021-10-28,1586.1934,1590.8724,1564.2019,1579.1748
2021-10-29,1566.5412,1599.2944,1554.8436,1593.6796
2021-11-01,1614.2673,1641.8737,1614.2673,1634.8551
2021-11-02,1622.2219,1627.8368,1596.4872,1600.2305
2021-11-04,1618.4787,1629.7084,1601.1663,1628.7726
2021-11-05,1658.7183,1684.4530,1634.8552,1645.1490
2021-11-08,1650.2959,1654.0391,1593.6796,1593.6796
2021-11-09,1612.8637,1622.6896,1596.4870,1604.4414
2021-11-10,1613.7995,1652.1676,1613.3316,1637.6626
2021-11-11,1642.3416,1669.4800,1628.7724,1662.4614
2021-11-12,1671.3515,1677.4342,1652.6354,1668.0762
2021-11-15,1661.0578,1677.9023,1657.3145,1666.6726
2021-11-16,1676.0307,1703.6370,1670.8838,1694.2789
2021-11-17,1702.2333,1710.6556,1659.6541,1677.9023
2021-11-18,1681.6457,1684.4532,1635.3233,1654.0394
2021-11-19,1651.6997,1651.6997,1623.1576,1637.6626
2021-11-22,1623.6254,1637.1946,1613.3316,1633.9193
2021-11-24,1635.7911,1655.4430,1633.4515,1647.4886
2021-11-25,1642.8094,1648.8922,1603.5055,1607.7167
2021-11-26,1605.3772,1632.9836,1598.3587,1631.1119
2021-11-29,1618.9465,1640.0022,1609.5884,1627.8367
2021-11-30,1632.5157,1637.1947,1592.2760,1594.1476
2021-12-01,1585.2574,1589.9364,1551.1004,1569.3486
2021-12-02,1565.1375,1588.0648,1556.7152,1570.2844
2021-12-03,1581.0463,1609.1205,1561.3943,1602.5698
2021-12-06,1603.0377,1627.8366,1597.8908,1610.5242
2021-12-07,1610.5242,1630.1761,1588.0648,1624.5613
2021-12-08,1623.6253,1624.5611,1598.8264,1613.3314
2021-12-09,1612.8636,1625.4970,1602.5697,1609.1204
2021-12-10,1607.2487,1618.0105,1588.0646,1591.3400
2021-12-13,1593.6795,1597.8906,1587.5968,1589.9363
2021-12-14,1595.0834,1621.2860,1594.6155,1615.6711
2021-12-15,1614.7352,1647.9564,1611.9278,1644.6810
2021-12-16,1660.1219,1666.2047,1642.3416,1662.4614
2021-12-17,1648.8920,1653.1031,1622.2215,1632.5154
2021-12-20,1619.4143,1628.7724,1604.4414,1617.5427
2021-12-21,1644.2131,1650.7637,1627.3686,1647.0205
2021-12-22,1647.4885,1648.8922,1604.9093,1611.9279
2021-12-23,1621.7539,1627.8367,1610.0563,1627.8367
2021-12-24,1625.0293,1625.0293,1607.7169,1616.1392
2021-12-27,1616.6068,1621.2858,1602.1018,1617.0747
2021-12-28,1636.2588,1660.1219,1633.9193,1651.2317
2021-12-29,1654.0392,1664.8010,1635.7910,1644.2133
2021-12-30,1643.2776,1659.6542,1631.5800,1636.2590
2022-01-04,1641.8735,1672.2873,1639.5340,1669.4799
2022-01-05,1669.9478,1678.8379,1651.6995,1675.5626
2022-01-06,1678.3702,1690.5357,1649.8281,1650.7639
2022-01-07,1650.7641,1678.3704,1650.7641,1663.3975
2022-01-11,1676.9666,1676.9666,1632.0479,1645.6171
2022-01-12,1637.6626,1642.3416,1606.7810,1630.1761
2022-01-13,1630.1762,1630.1762,1610.9921,1615.6711
2022-01-14,1598.3586,1601.6339,1571.6881,1572.6239
2022-01-17,1577.3030,1596.9550,1561.3943,1568.8807
2022-01-18,1577.3029,1592.2758,1544.5496,1549.2286
2022-01-19,1535.1917,1544.5498,1481.3828,1490.2729
2022-01-20,1478.1076,1523.0264,1478.1076,1515.0720
2022-01-21,1501.0346,1524.4298,1490.2728,1519.7507
2022-01-24,1513.2004,1516.9437,1489.3374,1512.7325
2022-01-25,1503.3742,1509.9248,1474.3641,1487.9333
2022-01-26,1487.4656,1501.5027,1478.5754,1487.4656
2022-01-27,1487.9334,1501.0347,1449.0974,1455.6481
2022-01-28,1488.4013,1501.0347,1476.2358,1492.6124
2022-01-31,1497.2914,1508.0532,1479.9790,1494.0161
2022-02-01,1546.4213,1548.7609,1433.6566,1492.1445
2022-02-02,1506.1817,1539.4028,1493.0804,1526.3015
2022-02-03,1526.7693,1551.1002,1508.9889,1535.1915
2022-02-04,1530.0448,1544.0820,1507.5855,1534.2560
2022-02-07,1509.9250,1530.0448,1508.5212,1515.5398
2022-02-08,1516.0077,1520.2188,1505.2459,1509.9249
2022-02-09,1514.1362,1515.5399,1480.9150,1483.2545
2022-02-10,1482.3185,1526.3014,1479.9790,1523.4940
2022-02-14,1505.2458,1517.4113,1492.6124,1505.7137
2022-02-15,1509.9248,1531.4483,1507.1173,1526.7693
2022-02-16,1553.4398,1565.1374,1536.1274,1547.8250
2022-02-17,1539.4028,1550.1646,1525.3657,1545.4856
2022-02-18,1530.0449,1556.7154,1530.0449,1553.4401
2022-02-21,1539.8707,1557.1831,1521.1546,1555.3115
2022-02-22,1536.1275,1538.4670,1488.4013,1499.6310
2022-02-24,1476.2358,1498.6951,1469.6851,1494.4840
2022-02-25,1494.4841,1528.6411,1493.0804,1524.4299
2022-02-28,1531.9166,1564.2019,1518.3474,1562.3303
2022-03-01,1567.4771,1574.9635,1552.9721,1558.5869
2022-03-02,1548.7609,1574.0277,1545.9535,1568.8807
2022-03-03,1575.8993,1593.2118,1567.4771,1586.6611
2022-03-04,1602.5698,1602.5698,1575.4314,1596.0192
2022-03-07,1604.9095,1623.1577,1581.5143,1621.2861
2022-03-08,1610.9919,1620.8179,1530.0446,1536.5952
2022-03-09,1531.9165,1555.3116,1511.7966,1534.2560
2022-03-10,1564.2017,1610.5242,1557.1832,1610.5242
2022-03-11,1607.2490,1609.1206,1542.6783,1566.5414
2022-03-14,1570.7524,1597.4229,1561.8622,1565.6055
2022-03-15,1570.2844,1616.6069,1570.2844,1611.9279
2022-03-16,1614.2674,1632.5156,1604.4414,1610.0563
2022-03-17,1614.7353,1616.1390,1569.3486,1604.4414
2022-03-18,1618.4787,1647.0208,1614.7355,1628.7726
2022-03-22,1656.3789,1682.1136,1632.9838,1632.9838
2022-03-23,1642.3415,1669.4799,1638.1304,1665.7367
2022-03-24,1657.7826,1669.0123,1638.1307,1663.3975
2022-03-25,1671.3515,1683.0491,1663.3972,1674.1589
2022-03-28,1673.6912,1681.6456,1654.9750,1657.7825
2022-03-29,1668.0762,1674.6268,1640.4699,1674.1589
2022-03-30,1682.1761,1682.1761,1656.7100,1676.5170
2022-03-31,1672.7443,1683.1194,1638.7896,1638.7896
2022-04-01,1630.3008,1670.8579,1630.3008,1651.5226
2022-04-04,1658.5963,1668.4998,1639.7326,1655.2952
2022-04-05,1646.3351,1650.5795,1602.9485,1626.9998
2022-04-06,1612.8519,1630.3009,1603.8916,1618.0394
2022-04-07,1604.3632,1663.7840,1596.8177,1659.5397
2022-04-08,1668.0283,1668.0283,1623.6984,1660.9543
2022-04-11,1660.4829,1661.8977,1635.0168,1660.4829
2022-04-12,1649.6363,1666.1420,1626.9997,1633.6021
2022-04-13,1628.4144,1646.3349,1617.5677,1640.2042
2022-04-14,1652.9374,1677.4603,1643.9772,1660.0114
2022-04-15,1645.3918,1651.9941,1625.1133,1645.8634
2022-04-18,1629.3575,1629.3575,1573.2378,1594.9312
2022-04-19,1610.4940,1618.9827,1585.9711,1597.7610
2022-04-20,1604.8349,1620.3975,1598.7041,1615.6815
2022-04-21,1600.5903,1610.9654,1596.8176,1603.8915
2022-04-22,1588.8005,1608.1359,1579.3686,1600.1188
2022-04-25,1584.0846,1611.4370,1583.1414,1604.8347
2022-04-26,1610.9656,1618.0395,1591.6302,1592.1018
2022-04-27,1575.1242,1591.6299,1558.6184,1567.1071
2022-04-28,1568.0504,1601.0620,1563.3345,1596.3461
2022-05-02,1577.9538,1592.1016,1539.2831,1545.8854
2022-05-06,1571.8233,1591.6303,1559.5619,1570.8801
2022-05-09,1546.8287,1549.6582,1457.2258,1460.9985
2022-05-10,1447.7941,1454.8680,1413.3677,1420.9132
2022-05-11,1423.7426,1446.3791,1422.3278,1434.5892
2022-05-12,1387.6655,1436.0039,1357.7193,1421.3845
2022-05-13,1454.3964,1505.8002,1429.4019,1505.8002
2022-05-16,1503.4419,1505.7999,1467.1292,1485.5214
2022-05-17,1493.0671,1498.7262,1469.9590,1476.5613
2022-05-18,1485.5216,1491.1807,1462.4135,1480.8057
2022-05-19,1452.9814,1480.8055,1451.0950,1470.9020
2022-05-20,1480.8057,1495.4251,1475.6182,1483.1637
2022-05-23,1500.6125,1512.4023,1493.5386,1502.9705
2022-05-24,1505.3283,1509.1011,1494.9533,1497.7828
2022-05-25,1512.8741,1525.6071,1503.9138,1515.2321
2022-05-26,1511.9307,1524.6637,1495.8965,1495.8965
2022-05-27,1500.1409,1501.0841,1467.6009,1469.9589
2022-05-30,1474.2032,1488.3510,1465.2429,1486.4646
2022-05-31,1485.0499,1496.8397,1467.1293,1477.9760
2022-06-01,1461.9418,1464.7713,1441.6632,1444.4928
2022-06-02,1441.6633,1443.5497,1411.0097,1418.0836
2022-06-03,1423.2710,1428.4585,1408.6516,1424.6858
2022-06-06,1419.4984,1433.6462,1418.5552,1427.5155
2022-06-07,1424.2142,1425.6290,1408.6516,1413.8391
2022-06-08,1429.8734,1443.5497,1425.1575,1437.4189
2022-06-09,1438.3620,1442.6064,1430.8165,1436.9473
2022-06-10,1429.8733,1436.9472,1411.0095,1411.7169
2022-06-13,1393.0892,1417.6120,1392.1460,1416.1973
2022-06-14,1411.0097,1447.3224,1409.8307,1437.4189
2022-06-15,1437.8906,1445.4361,1419.9700,1435.5326
2022-06-16,1447.3224,1463.3566,1436.9474,1442.1349
2022-06-17,1415.2540,1426.5722,1394.9754,1412.1886
2022-06-20,1426.5723,1429.8735,1398.2767,1410.0665
2022-06-21,1414.7823,1423.7426,1403.2283,1411.9528
2022-06-22,1411.9529,1436.0042,1411.9529,1429.4019
2022-06-23,1438.3622,1456.2827,1437.8906,1449.6804
2022-06-24,1485.9931,1550.6015,1483.6351,1543.5276
2022-06-27,1533.6241,1550.1299,1524.6638,1542.1128
2022-06-28,1551.5446,1571.8232,1538.8116,1563.3345
2022-06-29,1569.4651,1588.3289,1553.9025,1569.4651
2022-06-30,1565.2208,1584.0845,1549.6582,1556.2605
2022-07-01,1560.9765,1583.6130,1558.1469,1565.2208
2022-07-04,1577.9537,1590.6867,1563.3342,1574.1809
2022-07-05,1575.1242,1583.1413,1552.0161,1561.9196
2022-07-06,1559.0901,1611.4370,1552.9594,1604.8347
2022-07-07,1626.0564,1668.4999,1617.5677,1653.8805
2022-07-08,1641.6191,1648.2215,1604.8348,1618.0394
2022-07-11,1644.9202,1659.0680,1633.1304,1645.8634
2022-07-12,1644.9203,1647.2783,1618.5111,1626.9998
2022-07-13,1630.3008,1636.4315,1611.4371,1617.0962
2022-07-14,1607.6643,1615.6814,1593.5165,1611.9087
2022-07-15,1617.0960,1625.1131,1596.3459,1614.2665
2022-07-19,1622.2838,1622.2838,1599.1757,1606.7212
2022-07-20,1617.5678,1632.1872,1609.5507,1629.3577
2022-07-21,1629.3576,1652.4657,1610.9654,1649.6361
2022-07-22,1657.6532,1666.6135,1640.6758,1644.9202
2022-07-25,1642.5623,1651.9942,1635.0168,1646.8066
2022-07-26,1658.1247,1658.1247,1634.5450,1647.2781
2022-07-27,1658.1248,1673.2158,1653.8805,1661.8976
2022-07-28,1661.8977,1661.8977,1644.9203,1660.0114
2022-07-29,1660.0112,1660.0112,1636.4315,1649.6361
2022-08-01,1682.6478,1757.1597,1678.8750,1755.7449
2022-08-02,1797.2450,1806.6769,1732.1651,1766.5914
2022-08-03,1747.7278,1758.1029,1726.5061,1739.2391
2022-08-04,1743.4833,1750.5572,1708.5854,1725.5627
2022-08-05,1737.8244,1760.9325,1730.7505,1751.5006
2022-08-08,1741.1255,1756.2165,1736.4095,1745.8414
2022-08-09,1749.6142,1762.8188,1738.2959,1742.5403
2022-08-10,1734.5231,1752.9153,1728.3924,1743.4834
2022-08-12,1751.5006,1765.1768,1742.5403,1751.5006
2022-08-15,1755.7449,1772.7223,1745.3698,1768.4779
2022-08-16,1784.5122,1793.4725,1766.1200,1780.2678
2022-08-17,1791.5861,1801.4896,1786.8702,1800.0748
2022-08-18,1804.7905,1819.8815,1799.6029,1810.4496
2022-08-19,1811.8644,1837.8020,1805.2620,1809.0348
2022-08-22,1795.3586,1795.8302,1743.9549,1779.7960
2022-08-23,1782.1540,1795.3587,1762.3471,1766.5914
2022-08-24,1757.1596,1768.0063,1745.8413,1754.8016
2022-08-25,1765.6484,1770.8360,1756.2165,1764.2336
2022-08-26,1797.2450,1814.6940,1787.8131,1787.8131
2022-08-29,1772.7222,1779.7961,1753.3868,1774.1370
2022-08-30,1796.7734,1827.4270,1782.1540,1823.6543
2022-08-31,1793.9440,1820.8248,1791.1144,1820.8248
2022-09-01,1801.0182,1825.5411,1793.4727,1816.1093
2022-09-02,1820.3532,1824.5976,1796.7735,1801.9611
2022-09-05,1792.0575,1806.2054,1784.9836,1797.7167
2022-09-06,1796.7735,1811.8645,1789.2280,1791.5859
2022-09-07,1794.4157,1808.0919,1777.9099,1792.0577
2022-09-08,1804.7906,1848.1773,1804.7906,1842.9897
2022-09-09,1891.0925,1896.2800,1859.9673,1875.5299
2022-09-12,1866.5695,1879.7742,1859.0240,1879.7742
2022-09-13,1867.0411,1900.5242,1863.7399,1894.8651
2022-09-14,1861.8537,1880.7174,1861.8537,1877.4163
2022-09-15,1873.1719,1894.8652,1873.1719,1888.7345
2022-09-16,1872.2286,1887.3196,1859.9671,1876.0013
2022-09-20,1889.2061,1897.6948,1871.2856,1875.5299
2022-09-21,1865.6263,1871.7570,1853.3648,1855.7228
2022-09-22,1834.9729,1868.9276,1827.8990,1854.3082
2022-09-26,1832.1432,1846.7626,1820.3533,1834.0295
2022-09-27,1833.0863,1865.1547,1826.9556,1859.4956
2022-09-28,1836.3875,1852.8933,1833.5580,1846.2910
2022-09-29,1860.5514,1898.1047,1859.1254,1884.3193
2022-09-30,1886.2209,1900.0063,1878.1398,1883.3688
2022-10-03,1879.5658,1882.4179,1835.3575,1866.2557
2022-10-04,1884.3195,1912.8410,1874.8123,1911.8903
2022-10-05,1925.2003,1929.4785,1896.6788,1915.2178
2022-10-06,1912.8410,1929.0032,1908.5628,1920.4468
2022-10-07,1897.1542,1913.3164,1894.7774,1913.3164
2022-10-11,1900.0064,1912.8410,1875.7631,1899.0557
2022-10-12,1891.9252,1912.3656,1888.1224,1904.7599
2022-10-13,1913.3164,1923.2990,1883.8442,1883.8442
2022-10-14,1905.2355,1933.7570,1901.4327,1925.2006
2022-10-17,1918.0700,1929.4786,1899.5310,1909.9889
2022-10-18,1927.1016,1952.2956,1925.2002,1946.1160
2022-10-19,1950.3942,1962.2781,1944.6899,1949.4435
2022-10-20,1939.4610,1963.2289,1935.1828,1944.6899
2022-10-21,1934.7074,1950.8695,1909.5134,1917.5945
2022-10-24,1929.4785,1932.8061,1904.2846,1914.2671
2022-10-25,1908.5627,1924.2495,1905.2352,1917.1191
2022-10-26,1932.3309,1950.3945,1928.5280,1934.2323
2022-10-27,1920.9222,1943.2640,1919.0208,1933.2815
2022-10-28,1904.2845,1925.2002,1890.0237,1917.5945
2022-10-31,1934.7075,1951.3450,1930.4292,1947.0668
2022-11-01,1951.3450,1959.4261,1943.2639,1957.0493
2022-11-02,1980.3417,2004.1096,1969.4084,1983.6692
2022-11-04,1963.7045,1982.7189,1955.6235,1961.3278
2022-11-07,1967.5071,1972.2607,1949.4435,1958.4753
2022-11-08,1957.5246,1977.9650,1944.2146,1967.0317
2022-11-09,1961.8028,1977.0143,1954.1971,1959.4260
2022-11-10,1939.4610,1951.3449,1918.5452,1948.9681
2022-11-11,1968.9332,1975.1129,1955.1479,1965.1304
2022-11-14,1944.2147,1969.8840,1941.8379,1963.7043
2022-11-15,1966.0814,1978.4407,1924.7252,1925.2006
2022-11-16,1921.3975,1943.2640,1911.4150,1938.0350
2022-11-17,1946.5913,1958.4752,1937.0841,1954.1970
2022-11-18,1963.7042,2000.7822,1961.8028,1995.0779
2022-11-21,1979.3910,2007.9125,1978.9157,2006.4865
2022-11-22,2011.7154,2040.7122,2011.7154,2027.4022
2022-11-24,2032.1559,2040.2370,2017.8952,2026.9270
2022-11-25,2032.1559,2055.9238,2027.4023,2048.7935
2022-11-28,2041.1876,2059.2512,2039.2862,2052.1208
2022-11-29,2064.9557,2071.1353,2050.6949,2054.9731
2022-11-30,2044.0397,2064.0048,2044.0397,2060.6772
2022-12-01,2083.9700,2143.3898,2071.6107,2139.5869
2022-12-02,2115.3439,2146.7176,2111.5411,2145.2915
2022-12-05,2139.1117,2156.2246,2135.3089,2156.2246
2022-12-06,2160.5029,2173.8129,2127.7031,2148.6189
2022-12-07,2136.2596,2147.1928,2094.9034,2099.1816
2022-12-08,2107.7379,2109.6393,2087.2975,2090.1497
2022-12-09,2080.1667,2128.6533,2078.7407,2123.4243
2022-12-12,2112.4913,2141.0127,2110.5898,2132.4563
2022-12-13,2150.5202,2153.3723,2130.0798,2139.1116
2022-12-14,2147.1924,2169.0589,2142.4388,2168.5835
2022-12-15,2164.7808,2164.7808,2131.9811,2136.2593
2022-12-16,2118.6713,2134.3582,2107.2627,2134.3582
2022-12-19,2127.2275,2131.9811,2103.9350,2112.9668
2022-12-20,2112.9668,2118.6711,2047.3674,2075.8889
2022-12-21,2056.3990,2062.5787,2022.1733,2024.5500
2022-12-22,2022.1734,2023.1242,1990.3244,2019.3213
2022-12-23,2002.2083,2014.5676,1994.6026,1997.4547
2022-12-26,1994.6027,1997.9302,1963.2291,1975.1130
2022-12-27,1992.2258,1997.4547,1970.3593,1971.7854
2022-12-28,1971.3102,1997.4549,1962.7538,1987.4724
2022-12-29,1973.6867,1980.8171,1950.3942,1950.3942
2022-12-30,1948.9684,1958.0002,1916.1687,1916.1687
2023-01-04,1885.2701,1899.5308,1854.3718,1876.7136
2023-01-05,1876.7137,1883.3687,1845.3401,1863.4037
2023-01-06,1857.6993,1863.4036,1827.2764,1847.2415
2023-01-10,1834.4069,1857.6994,1819.6708,1837.7344
2023-01-11,1837.7343,1865.7804,1828.2271,1861.9775
2023-01-12,1861.9776,1874.8123,1846.7661,1874.8123
2023-01-13,1871.9602,1900.9570,1861.9777,1900.9570
2023-01-16,1893.3513,1940.4117,1892.4006,1940.4117
2023-01-17,1956.0988,1982.7188,1948.0177,1970.3595
2023-01-18,1981.7678,2015.5182,1966.0810,2000.7821
2023-01-19,1992.2257,1998.8807,1945.1653,1948.9681
2023-01-20,1934.2320,1959.9014,1925.6756,1946.1160
2023-01-23,1963.2291,1975.5884,1957.0495,1970.3595
2023-01-24,1991.2752,2029.7792,1976.5391,2028.3531
2023-01-25,2020.2720,2032.1560,2007.4374,2025.9763
2023-01-26,2043.5645,2047.3674,2019.3212,2031.6805
2023-01-27,2025.9764,2030.7299,2015.5185,2021.2228
2023-01-30,2009.8143,2019.7968,1992.2260,2007.9128
2023-01-31,2007.4371,2033.1064,2006.4863,2031.2050
2023-02-01,2031.2052,2038.8109,1954.6725,1957.0493
2023-02-02,1941.3626,1943.2640,1869.5835,1869.5835
2023-02-03,1853.4213,1907.6121,1853.4213,1900.0063
2023-02-06,1911.8903,1919.0207,1896.2035,1910.9396
2023-02-07,1944.2145,1974.1621,1931.3799,1949.4435
2023-02-08,1937.0842,1953.7217,1929.0031,1948.9681
2023-02-09,1935.1828,1941.8378,1923.2989,1936.6089
2023-02-10,1950.8696,1960.8521,1924.2495,1931.3799
2023-02-13,1919.0208,1925.6759,1896.6790,1919.9716
2023-02-14,1935.1828,1943.7393,1928.5278,1936.1335
2023-02-15,1943.2639,1943.2639,1902.8585,1904.2845
2023-02-16,1899.0557,1908.5628,1895.2528,1906.1860
2023-02-17,1903.3339,1929.0033,1895.2528,1919.4961
2023-02-20,1926.1512,1961.8030,1926.1512,1959.9016
2023-02-21,1961.3274,1993.6518,1951.3449,1956.0985
2023-02-22,1943.2639,1944.2146,1923.7742,1936.6089
2023-02-24,1950.3944,1966.0812,1943.2640,1966.0812
2023-02-27,1929.9539,1931.3800,1899.0556,1910.9396
2023-02-28,1906.1860,1922.3482,1900.0064,1909.9889
2023-03-01,2076.3644,2132.9320,2042.6139,2087.7729
2023-03-02,2087.7727,2096.8045,2072.5613,2072.5613
2023-03-03,2085.8715,2126.7523,2075.8890,2117.2451
2023-03-06,2115.3433,2148.6183,2112.9665,2115.3433
2023-03-07,2115.3433,2127.7026,2092.0508,2092.0508
2023-03-08,2085.8715,2093.4772,2064.9557,2066.8572
2023-03-09,2084.4454,2139.1116,2083.0193,2139.1116
2023-03-10,2172.3870,2172.3870,2127.2280,2149.0945
2023-03-13,2131.0304,2139.1115,2099.6568,2126.2769
2023-03-14,2115.8185,2143.3893,2098.2302,2140.5371
2023-03-15,2159.0765,2167.6330,2128.6536,2141.4883
2023-03-16,2093.0017,2110.5900,2089.6742,2107.2625
2023-03-17,2121.5235,2148.1435,2107.7381,2134.3582
2023-03-20,2141.9633,2149.5690,2112.4911,2115.3433
2023-03-22,2134.3580,2135.3088,2093.4772,2109.1641
2023-03-23,2106.3119,2124.8509,2095.8540,2116.2944
2023-03-24,2126.2771,2140.0625,2116.7699,2140.0625
2023-03-27,2139.1115,2141.4883,2108.6886,2112.9668
2023-03-28,2159.0766,2181.4184,2150.9955,2168.1084
2023-03-29,2159.0764,2188.5486,2145.7664,2188.5486
2023-03-30,2204.8418,2216.3428,2184.7150,2208.1963
2023-03-31,2214.4262,2220.6559,2193.8202,2207.2380
2023-04-03,2207.2381,2254.6798,2201.0083,2243.6580
2023-04-04,2276.2441,2281.9947,2233.1153,2246.0540
2023-04-05,2239.8238,2239.8238,2189.0276,2198.6118
2023-04-06,2204.3625,2243.6577,2202.4457,2234.0735
2023-04-07,2242.2203,2247.4916,2220.6559,2225.4480
2023-04-10,2225.4481,2266.1808,2221.1352,2262.3472
2023-04-11,2273.8480,2288.2243,2260.9094,2266.1807
2023-04-12,2282.4739,2296.3710,2266.6600,2270.9729
2023-04-13,2270.4934,2270.9726,2250.3666,2261.3884
2023-04-14,2287.7450,2316.9768,2276.7232,2310.2678
2023-04-17,2300.6840,2321.7692,2295.4127,2302.1216
2023-04-18,2306.4345,2338.0623,2305.9553,2332.3118
2023-04-19,2348.1254,2349.0839,2320.8105,2341.4165
2023-04-20,2333.7488,2347.6459,2322.2478,2328.4775
2023-04-21,2331.8323,2344.2917,2324.6442,2338.0620
2023-04-24,2348.1255,2348.1255,2329.4363,2342.3750
2023-04-25,2346.6878,2355.3136,2317.4561,2320.8105
2023-04-26,2319.8520,2326.0818,2297.8084,2310.7471
2023-04-27,2301.1630,2314.5809,2283.9115,2312.1848
2023-04-28,2336.1452,2348.1254,2301.6421,2340.9373
2023-05-01,2362.5015,2385.5036,2356.2718,2372.5649
2023-05-02,2395.0881,2395.0881,2340.9374,2351.9592
2023-05-08,2359.1473,2359.6265,2317.4560,2329.4363
2023-05-09,2317.9352,2356.2720,2309.7887,2356.2720
2023-05-10,2358.1887,2364.8976,2302.6004,2306.9133
2023-05-11,2309.7886,2334.2282,2305.9549,2315.5391
2023-05-12,2320.3314,2335.6661,2272.4105,2324.6443
2023-05-15,2348.1254,2443.9673,2343.8126,2441.0920
2023-05-16,2443.4882,2452.1140,2416.6525,2430.5496
2023-05-17,2436.3002,2443.0092,2408.5061,2438.6963
2023-05-18,2440.6129,2484.2210,2437.7377,2472.7200
2023-05-19,2476.0743,2481.3456,2456.4268,2468.4070
2023-05-22,2481.8250,2534.5380,2481.3458,2533.5796
2023-05-23,2546.5181,2573.8330,2536.4547,2546.9973
2023-05-24,2534.0583,2539.3296,2503.8681,2524.4741
2023-05-25,2503.3888,2590.6049,2496.2007,2577.1870
2023-05-26,2577.6669,2625.1086,2569.0411,2612.6492
2023-05-29,2633.7341,2652.4232,2599.7102,2608.8152
2023-05-30,2602.1059,2616.9614,2571.9157,2598.2722
2023-05-31,2587.7301,2616.0034,2561.8528,2597.7935
2023-06-01,2616.0038,2625.1088,2591.0849,2624.1504
2023-06-02,2624.6292,2659.1323,2624.1500,2655.7778
2023-06-05,2692.6768,2723.3461,2683.0926,2713.7620
2023-06-06,2731.0135,2826.8554,2726.7007,2816.7920
2023-06-07,2816.7919,2827.3345,2728.1382,2740.5977
2023-06-08,2731.4927,2757.3700,2667.7579,2698.4272
2023-06-09,2669.1954,2708.4905,2657.2151,2706.0945
2023-06-12,2719.0332,2724.3045,2667.2786,2688.8430
2023-06-13,2700.8232,2740.1184,2678.7796,2721.9084
2023-06-14,2755.4529,2787.0807,2723.3459,2746.8271
2023-06-15,2752.5782,2783.2476,2735.3267,2747.7861
2023-06-16,2754.0163,2788.5193,2745.8697,2774.1431
2023-06-19,2799.5408,2799.5408,2704.1781,2724.3049
2023-06-20,2719.5122,2723.3459,2684.5299,2713.2825
2023-06-21,2689.3224,2742.9939,2688.8432,2721.4294
2023-06-22,2704.1779,2744.9107,2701.3027,2709.4492
2023-06-23,2731.4929,2736.7642,2687.8848,2712.8037
2023-06-26,2721.9084,2784.6848,2694.1143,2766.9541
2023-06-27,2723.8253,2736.7639,2696.5104,2721.9084
2023-06-28,2743.9522,2761.6830,2716.1581,2754.0156
2023-06-29,2750.6611,2778.9345,2737.7225,2753.5364
2023-06-30,2774.1423,2783.7264,2719.9916,2742.9937
2023-07-03,2743.4731,2764.5583,2742.5147,2764.5583
2023-07-04,2726.7011,2738.6814,2694.5941,2698.9070
2023-07-05,2680.2176,2697.4692,2667.7582,2696.5107
2023-07-06,2684.0510,2737.2432,2668.2371,2728.6174
2023-07-07,2709.4492,2714.7205,2671.5917,2691.2393
2023-07-10,2693.6353,2715.6789,2671.5916,2690.7600
2023-07-11,2691.7183,2691.7183,2603.0646,2616.4824
2023-07-12,2620.3163,2642.8391,2578.1459,2579.5835
2023-07-13,2587.7301,2624.6292,2564.2488,2610.2529
2023-07-14,2606.8981,2639.9635,2588.2089,2617.4407
2023-07-18,2648.1102,2680.6964,2635.6508,2661.5281
2023-07-19,2683.5721,2699.3860,2662.0077,2687.8850
2023-07-20,2687.4053,2707.0529,2639.9636,2657.6943
2023-07-21,2639.4849,2671.1127,2632.2968,2664.4038
2023-07-24,2683.5719,2685.4887,2663.4451,2675.4253
2023-07-25,2662.0075,2681.1759,2650.5065,2679.2590
2023-07-26,2694.1145,2710.4076,2668.2372,2669.6748
2023-07-27,2650.0272,2679.7382,2629.9005,2675.9045
2023-07-28,2650.0273,2659.6115,2545.0804,2597.7935
2023-07-31,2645.7142,2685.0094,2619.3577,2653.3816
2023-08-01,2659.6115,2683.0928,2651.4650,2683.0928
2023-08-02,2682.6134,2701.7818,2658.1738,2675.4253
2023-08-03,2651.4646,2654.3399,2624.1497,2636.6091
2023-08-04,2621.2746,2662.9658,2613.6072,2644.2766
2023-08-07,2662.9659,2705.1363,2575.2706,2581.9795
2023-08-08,2623.1914,2699.8649,2621.7538,2686.4470
2023-08-09,2707.5325,2745.8692,2668.2373,2737.7227
2023-08-10,2752.0992,2804.3330,2739.6397,2795.2280
2023-08-14,2807.2081,2829.2518,2755.9327,2763.6001
2023-08-15,2791.3938,2809.6037,2766.4749,2800.0195
2023-08-16,2785.1644,2823.5012,2776.0595,2795.7070
2023-08-17,2823.5010,2825.8971,2757.8494,2776.0593
2023-08-18,2744.9105,2756.8907,2715.1995,2746.3481
2023-08-21,2732.9308,2767.4338,2724.7842,2737.2437
2023-08-22,2759.2867,2774.6214,2735.8055,2769.3501
2023-08-23,2763.5999,2812.0000,2751.6197,2800.4990
2023-08-24,2841.7109,2893.4655,2833.5643,2889.1526
2023-08-25,2841.2316,2864.7129,2822.0632,2822.0632
2023-08-28,2897.2994,2904.9667,2860.4003,2901.1331
2023-08-29,2903.0498,2916.4677,2891.5488,2900.1746
2023-08-30,2923.1766,2938.0321,2915.5093,2921.2598
2023-08-31,2921.7388,2960.5547,2921.2596,2958.1587
2023-09-01,2930.8441,2956.2422,2920.3015,2938.5115
2023-09-04,2923.6555,2924.6139,2885.7979,2914.0713
2023-09-05,2923.1766,2949.0539,2894.9032,2929.8855
2023-09-06,2931.8025,2947.1372,2918.3847,2923.1768
2023-09-07,2920.7809,2946.1789,2909.2798,2927.9690
2023-09-08,2902.5705,2922.6972,2867.1090,2907.3625
2023-09-11,2944.2616,2946.1784,2901.6120,2921.7388
2023-09-12,2906.8837,2939.4699,2887.2361,2938.5115
2023-09-13,2915.5091,2921.2597,2875.7348,2877.6516
2023-09-14,2901.1330,2919.3429,2877.1725,2906.4043
2023-09-15,2914.0715,2920.7805,2885.7982,2902.0913
2023-09-19,2873.3386,2887.7148,2786.6017,2803.3740
2023-09-20,2757.8494,2771.7465,2696.0314,2722.3879
2023-09-21,2714.2414,2759.2871,2712.8038,2747.3069
2023-09-22,2728.6174,2807.2077,2700.3441,2788.5186
2023-09-25,2788.9981,2838.8358,2784.6852,2825.4180
2023-09-26,2841.2317,2843.1486,2788.5187,2790.4355
2023-09-27,2767.4339,2795.2280,2746.8279,2795.2280
2023-09-28,2792.3340,2820.7879,2746.0363,2781.7241
2023-09-29,2776.4193,2799.5682,2754.2349,2779.7952
2023-10-02,2787.5116,2825.1286,2755.1997,2758.0933
2023-10-03,2758.5751,2763.8800,2731.0858,2738.3198
2023-10-04,2705.5258,2708.4194,2660.1926,2682.3770
2023-10-05,2705.5258,2772.5612,2687.1996,2770.6321
2023-10-06,2800.5326,2862.7452,2798.6035,2845.3835
2023-10-10,2887.3411,2907.1141,2842.0079,2858.4050
2023-10-11,2860.8164,2861.7809,2824.1640,2829.9512
2023-10-12,2845.3837,2863.2277,2799.0860,2855.9937
2023-10-13,2820.3059,2832.3626,2748.9301,2827.0576
2023-10-16,2796.1922,2803.4262,2742.6604,2754.2349
2023-10-17,2765.8095,2795.7101,2750.8592,2762.4336
2023-10-18,2753.7526,2766.7738,2706.4903,2754.2349
2023-10-19,2712.7600,2731.5684,2682.8593,2689.6111
2023-10-20,2661.1574,2704.0792,2634.6326,2683.8240
2023-10-23,2677.0722,2706.9728,2675.1431,2681.4126
2023-10-24,2689.1290,2716.1360,2610.5192,2705.5261
2023-10-25,2709.3841,2733.4975,2699.2565,2705.0437
2023-10-26,2700.2208,2705.0435,2660.6748,2668.3911
2023-10-27,2666.4621,2686.2351,2643.3132,2657.7812
2023-10-30,2628.3627,2635.5967,2587.8521,2604.2493
2023-10-31,2617.2706,2660.6747,2594.6040,2642.8308
2023-11-01,2675.6249,2710.8305,2643.3130,2695.3979
2023-11-02,2725.2990,2739.2848,2694.4338,2720.4763
2023-11-06,2758.5756,2888.7881,2749.4125,2884.9299
2023-11-07,2652.4763,2680.9301,2589.7814,2590.2637
2023-11-08,2611.0012,2624.0224,2544.9304,2589.2991
2023-11-09,2596.0509,2656.3345,2592.6750,2652.4763
2023-11-10,2637.5260,2700.7031,2637.0437,2700.7031
2023-11-13,2724.8167,2767.7386,2713.2422,2766.2917
2023-11-14,2679.0010,2787.0292,2666.9443,2726.7456
2023-11-15,2736.3910,2794.7454,2721.4406,2748.9299
2023-11-16,2724.3345,2753.7529,2719.9941,2735.9089
2023-11-17,2722.4050,2743.1426,2693.4689,2743.1426
2023-11-20,2728.6746,2753.7526,2699.7385,2716.6179
2023-11-21,2681.4124,2697.8095,2648.6181,2668.3911
2023-11-22,2660.1926,2706.9726,2654.4054,2687.6819
2023-11-24,2707.9374,2709.3842,2661.1573,2681.4126
2023-11-27,2690.0929,2707.4546,2680.9298,2688.1638
2023-11-28,2700.7030,2725.7809,2677.0718,2720.9583
2023-11-29,2706.4905,2711.3132,2650.5474,2654.4055
2023-11-30,2628.3627,2666.4619,2602.8025,2665.0151
2023-12-01,2664.5330,2686.2350,2658.7457,2668.3911
2023-12-04,2659.2279,2660.1925,2637.0436,2642.8308
2023-12-05,2638.0082,2659.7103,2614.3770,2652.9585
2023-12-06,2635.5969,2680.4478,2633.1855,2679.9656
2023-12-07,2669.3557,2676.1074,2650.0649,2670.8025
2023-12-08,2638.4906,2645.2424,2533.8384,2543.0015
2023-12-11,2542.5189,2565.6677,2537.2139,2560.3628
2023-12-12,2594.6042,2603.2850,2559.3986,2561.3276
2023-12-13,2561.3272,2578.2065,2543.9655,2548.3059
2023-12-14,2524.6751,2529.9801,2450.8880,2475.0015
2023-12-15,2467.7672,2471.6254,2437.3843,2451.3701
2023-12-18,2413.2711,2444.1363,2409.4130,2441.2427
2023-12-19,2470.6609,2537.6963,2456.6752,2535.2849
2023-12-20,2549.7531,2637.0436,2548.3063,2636.0791
2023-12-21,2587.8525,2621.6113,2581.1008,2613.8950
2023-12-22,2599.9092,2630.2921,2588.3347,2603.7673
2023-12-25,2612.9301,2634.1499,2588.8167,2588.8167
2023-12-26,2571.4549,2598.4619,2559.3982,2598.4619
2023-12-27,2604.2497,2621.6113,2583.5121,2621.6113
2023-12-28,2619.6820,2629.3274,2599.9090,2629.3274
2023-12-29,2624.5046,2640.4194,2605.6961,2623.5400
2024-01-04,2633.6677,2660.1925,2593.1572,2650.5471
2024-01-05,2662.6042,2676.1077,2649.5830,2660.1929
2024-01-09,2676.1074,2699.7385,2667.4265,2686.7173
2024-01-10,2700.2210,2750.8592,2692.5047,2744.1074
2024-01-11,2773.0436,2832.3626,2765.8096,2808.7314
2024-01-12,2869.4970,2900.3622,2793.7809,2801.0149
2024-01-15,2794.7454,2808.7312,2780.7596,2797.1567
2024-01-16,2794.7454,2850.2063,2780.7596,2817.8943
2024-01-17,2797.6392,2797.6392,2797.6392,2797.6392
2024-01-18,2797.1569,2839.5965,2794.7455,2828.9866
2024-01-19,2869.4970,2887.3409,2840.5609,2849.2417
2024-01-22,2869.4970,2963.5393,2866.6034,2963.5393
2024-01-23,2962.5745,3028.1630,2957.7519,2975.1135
2024-01-24,2974.6316,2989.0997,2904.2205,2904.2205
2024-01-25,2899.3980,2942.8022,2889.2704,2922.5469
2024-01-26,2901.8089,2908.5606,2833.3268,2857.4402
2024-01-29,2884.9297,2903.2559,2881.5538,2899.3977
2024-01-30,2903.2557,2921.0996,2888.3054,2893.6104
2024-01-31,2860.8163,2937.0147,2860.3340,2935.5679
2024-02-01,2918.2062,2926.4047,2872.8729,2899.3977
2024-02-02,2895.5394,2907.5961,2876.7310,2893.6104
2024-02-05,2896.0218,2934.1210,2874.8020,2919.1707
2024-02-06,2920.1350,2929.7804,2878.1777,2890.2344
2024-02-07,2710.3484,2774.4901,2694.9158,2728.6746
2024-02-08,2727.2281,2786.5471,2705.5260,2782.6890
2024-02-09,2772.5612,2791.8520,2756.1641,2766.2917
2024-02-13,2789.9227,2842.4899,2770.6319,2832.3623
2024-02-14,2784.1357,2800.5328,2740.7315,2757.1287
2024-02-15,2772.5611,2779.7952,2733.0151,2733.0151
2024-02-16,2759.0577,2789.9229,2711.7954,2745.5542
2024-02-19,2734.4617,2747.4829,2714.2064,2734.4617
2024-02-20,2751.3413,2812.5894,2749.8945,2791.3696
2024-02-21,2797.1571,2868.0506,2785.5827,2795.2280
2024-02-22,2795.2274,2839.1139,2792.3338,2825.6104
2024-02-26,2825.6107,2844.9014,2803.4263,2826.5752
2024-02-27,2808.7311,2833.8090,2743.1426,2752.3057
2024-02-28,2749.8947,2768.2209,2732.0508,2732.0508
2024-02-29,2710.8308,2719.0293,2648.6181,2653.9231
2024-03-01,2657.2989,2697.8094,2639.4550,2679.0010
2024-03-04,2657.7813,2674.6607,2629.3275,2636.5615
2024-03-05,2628.3626,2679.9654,2612.9300,2674.6604
2024-03-06,2691.0576,2702.6321,2669.8378,2678.0364
2024-03-07,2698.7742,2734.9444,2687.6821,2690.5757
2024-03-08,2694.9160,2724.3343,2665.0153,2693.9514
2024-03-11,2657.2988,2658.7456,2587.3699,2641.8662
2024-03-12,2604.2497,2637.5262,2569.5264,2633.1858
2024-03-13,2642.8310,2646.2068,2590.7460,2592.6750
2024-03-14,2586.8876,2628.3626,2569.5259,2624.0222
2024-03-15,2601.8378,2604.7314,2546.3770,2563.2563
2024-03-18,2591.7107,2650.0652,2590.2639,2637.0439
2024-03-19,2628.3628,2694.9159,2625.4692,2692.9868
2024-03-21,2698.7739,2718.0647,2663.0861,2665.0151
2024-03-22,2651.0297,2665.9801,2640.4198,2644.7603
2024-03-25,2657.2992,2673.2141,2643.7957,2644.7603
2024-03-26,2627.3983,2675.1429,2611.9657,2670.8025
2024-03-27,2704.0788,2754.2347,2696.3625,2734.4617
2024-03-28,2737.3749,2770.8700,2716.5011,2733.9768
2024-03-29,2761.1609,2771.3550,2735.4328,2762.6172
2024-04-01,2768.9282,2776.6952,2719.8992,2733.9768
2024-04-02,2742.7145,2769.4135,2689.3165,2697.0835
2024-04-03,2679.6077,2682.0349,2639.8019,2664.0737
2024-04-04,2681.5493,2730.5783,2674.2677,2690.2871
2024-04-05,2669.8989,2695.6270,2654.8503,2692.7144
2024-04-08,2716.0153,2732.5202,2701.4522,2723.2969
2024-04-09,2733.0058,2759.7048,2722.3262,2759.7048
2024-04-10,2744.6560,2755.3356,2728.1511,2737.8599
2024-04-11,2718.9280,2732.0348,2705.3358,2708.7339
2024-04-12,2745.6269,2747.0832,2710.6755,2723.7822
2024-04-15,2711.1610,2716.5008,2668.9280,2695.1416
2024-04-16,2665.0448,2677.6661,2638.8312,2661.6467
2024-04-17,2669.8990,2700.9670,2663.1029,2676.2097
2024-04-18,2671.3553,2683.9766,2644.1708,2676.6951
2024-04-19,2649.5107,2650.4816,2563.5885,2607.7632
2024-04-22,2650.4817,2700.9670,2634.9477,2700.9670
2024-04-23,2749.5104,2755.8210,2722.8114,2732.0347
2024-04-24,2736.8893,2766.0155,2713.5884,2759.7048
2024-04-25,2758.7336,2769.4132,2740.7725,2760.1899
2024-04-26,2740.7725,2812.1316,2731.5492,2803.3938
2024-04-30,2834.9467,2861.6457,2813.5876,2851.9370
2024-05-01,2846.5975,2873.2965,2831.0636,2866.9858
2024-05-02,2840.7725,2871.3550,2828.6366,2847.5686
2024-05-07,2884.9471,2885.9180,2831.0637,2854.8501
2024-05-08,2830.0925,2843.6847,2788.8305,2792.2285
2024-05-09,2803.3937,2822.8111,2783.0054,2795.6267
2024-05-10,2747.0833,2956.7917,2745.1415,2955.8208
2024-05-13,2928.1508,2946.5974,2826.6947,2922.8110
2024-05-14,2941.7431,2949.0246,2854.8500,2888.8306
2024-05-15,2912.6172,2937.8598,2893.1997,2929.6074
2024-05-16,2949.0246,2980.5779,2909.7042,2974.7527
2024-05-17,2936.8889,2961.6462,2900.4812,2910.1899
2024-05-20,2910.1898,2980.0926,2910.1898,2965.5295
2024-05-21,2955.3352,2967.9566,2919.4129,2953.8789
2024-05-22,2964.5584,2964.5584,2899.5100,2903.8789
2024-05-23,2907.7627,2916.5006,2864.5589,2913.1025
2024-05-24,2839.3164,2898.0542,2834.9475,2878.6367
2024-05-27,2897.0831,2906.7918,2879.1219,2899.5103
2024-05-28,2911.1607,2914.0733,2870.8695,2899.5103
2024-05-29,2890.7725,2890.7725,2810.6755,2810.6755
2024-05-30,2762.1316,2768.9277,2698.0541,2718.4424
2024-05-31,2701.4524,2742.7145,2691.2583,2720.8699
2024-06-03,2747.5686,2761.1609,2732.5201,2754.3647
2024-06-04,2760.1902,2798.5397,2756.3067,2757.2776
2024-06-05,2753.8795,2775.7241,2707.2776,2772.8115
2024-06-06,2802.9082,2813.1023,2774.2674,2810.1897
2024-06-07,2781.5494,2823.7823,2779.6076,2823.2969
2024-06-10,2828.1511,2868.9278,2824.2676,2863.1025
2024-06-11,2876.2092,2902.9082,2807.2773,2816.0151
2024-06-12,2805.8212,2818.4425,2780.0931,2806.3066
2024-06-13,2821.3546,2834.9468,2772.3256,2777.1799
2024-06-14,2776.6949,2802.9085,2748.5396,2776.2095
2024-06-17,2759.7045,2805.3355,2740.7725,2788.3452
2024-06-18,2786.4035,2786.4035,2732.5201,2750.4812
2024-06-19,2733.0058,2749.0251,2709.2194,2749.0251
2024-06-20,2734.4618,2747.5686,2683.0056,2698.5396
2024-06-21,2727.6656,2734.9471,2688.3453,2704.8501
2024-06-24,2715.5297,2743.6850,2691.2579,2721.3550
2024-06-25,2743.6850,2841.2577,2728.1511,2837.8596
2024-06-26,2816.0155,2864.0737,2805.8214,2864.0737
2024-06-27,2847.5686,2851.9375,2799.0250,2808.2483
2024-06-28,2791.7437,2808.2485,2738.3457,2738.3457
2024-07-01,2773.7824,2799.9959,2771.8406,2785.4329
2024-07-02,2793.1996,2814.0734,2772.3259,2803.3938
2024-07-03,2819.8987,2831.0637,2781.5492,2818.4424
2024-07-04,2837.8597,2846.5975,2816.5005,2838.8306
2024-07-05,2837.3744,2848.0540,2784.9473,2815.5298
2024-07-08,2822.3258,2878.6364,2822.3258,2859.2190
2024-07-09,2849.0250,2912.6171,2835.4328,2897.5686
2024-07-10,2912.6168,2933.4906,2898.5392,2927.1799
2024-07-11,2961.1607,3004.8500,2960.1898,2998.5393
2024-07-12,2949.9957,3021.8403,2936.8889,3017.9568
2024-07-16,3016.9855,3016.9855,2941.7429,2941.7429
2024-07-17,2951.4516,2967.4710,2924.2672,2941.7429
2024-07-18,2907.7627,3049.0246,2906.3064,3028.1509
2024-07-19,3035.4321,3042.2282,2987.8594,3021.3545
2024-07-22,3021.3547,3041.2576,2998.0537,3041.2576
2024-07-23,3043.6848,3072.8109,2996.1120,3025.7236
2024-07-24,3009.2186,3033.9758,2959.7041,2982.0342
2024-07-25,2942.7141,3018.9276,2934.9471,3007.2771
2024-07-26,2995.1411,3007.2770,2966.9858,2979.6072
2024-07-29,2999.9954,3025.7235,2974.7527,3008.2478
2024-07-30,3004.8497,3021.8399,2980.5779,3021.3545
2024-07-31,3004.8498,3029.6070,2970.8693,3024.7527
2024-08-01,3087.3738,3101.9368,2995.6263,3028.6360
2024-08-02,2992.7138,3005.3352,2889.3159,2889.3159
2024-08-05,2762.1320,2828.6368,2599.5109,2742.7146
2024-08-06,2743.1998,2743.1998,2481.5497,2535.4331
2024-08-07,2438.3460,2532.0352,2371.8413,2483.9771
2024-08-08,2437.3749,2512.1320,2380.5788,2484.4622
2024-08-09,2472.8115,2496.5979,2418.9281,2485.4329
2024-08-13,2524.2681,2562.1321,2516.9866,2551.9380
2024-08-14,2599.9961,2599.9961,2549.9962,2595.6272
2024-08-15,2595.6274,2632.5205,2577.6662,2619.8992
2024-08-16,2668.4426,2691.2581,2655.3358,2675.7241
2024-08-19,2669.8988,2691.2580,2653.8794,2674.7532
2024-08-20,2669.8990,2671.3553,2624.2680,2626.2097
2024-08-21,2620.8700,2661.1613,2612.1322,2631.0642
2024-08-22,2627.6658,2673.7822,2627.1803,2665.5298
2024-08-23,2651.4523,2691.7435,2649.5106,2689.8018
2024-08-26,2677.1803,2691.2580,2646.5979,2666.5007
2024-08-27,2669.8992,2704.3651,2649.0254,2693.6855
2024-08-28,2687.8602,2725.2388,2684.4621,2725.2388
2024-08-29,2731.0639,2747.5688,2680.5786,2713.1028
2024-08-30,2690.7728,2723.2970,2674.7534,2716.9863
2024-09-02,2725.7241,2728.6367,2658.7339,2676.6951
2024-09-03,2661.6464,2716.9861,2661.1610,2695.6270
2024-09-04,2638.3456,2656.3068,2588.8311,2602.4233
2024-09-05,2585.9185,2639.8019,2585.4330,2633.4912
2024-09-06,2623.7825,2659.2194,2617.4718,2641.7437
2024-09-09,2597.0836,2658.7340,2588.8312,2656.7922
2024-09-10,2657.2776,2676.2097,2635.4330,2648.5398
2024-09-11,2621.8409,2641.2584,2604.8506,2619.8992
2024-09-12,2635.4332,2707.2777,2618.9283,2661.6467
2024-09-13,2630.5787,2634.9476,2544.1711,2565.5303
2024-09-17,2553.8800,2607.2780,2553.3946,2595.1421
2024-09-18,2589.3164,2604.8503,2558.2485,2582.5203
2024-09-19,2600.9670,2632.0350,2594.6564,2600.9670
2024-09-20,2630.5785,2653.8795,2616.9863,2643.6853
2024-09-24,2662.1323,2664.0741,2611.6469,2627.1809
2024-09-25,2618.9282,2695.6271,2611.1612,2691.7437
2024-09-26,2708.7337,2747.5686,2696.1124,2747.5686
2024-09-27,2767.1243,2797.4355,2743.6575,2797.4355
2024-09-30,2713.3467,2757.8358,2691.3466,2711.3911
2024-10-01,2700.6350,2735.3463,2690.3683,2704.5461
2024-10-02,2679.6132,2703.5688,2665.9242,2679.1243
2024-10-03,2720.6799,2837.0360,2720.6799,2828.7249
2024-10-04,2847.3027,2875.6584,2828.2360,2860.9917
2024-10-07,2896.1918,2932.8586,2869.7916,2875.1694
2024-10-08,2823.3469,2863.9249,2818.4580,2823.3469
2024-10-09,2853.1694,2862.9473,2829.7026,2848.2805
2024-10-10,2864.9028,2876.1473,2843.3916,2848.2805
2024-10-11,2871.2584,2871.2584,2834.5916,2843.3916
2024-10-15,2855.1249,2890.3250,2854.6360,2856.5916
2024-10-16,2825.3025,2850.7248,2800.8579,2814.5469
2024-10-17,2800.3690,2806.2357,2757.8355,2775.4355
2024-10-18,2767.1244,2794.9912,2765.1688,2793.0356
2024-10-21,2770.0577,2774.4577,2748.0576,2751.9688
2024-10-22,2774.9467,2802.3246,2733.3909,2795.9690
2024-10-23,2805.2579,2823.8358,2750.9910,2768.5911
2024-10-24,2757.3467,2792.0580,2757.3467,2776.9023
2024-10-25,2785.7021,2786.1910,2745.6131,2770.0576
2024-10-28,2779.3466,2845.8358,2773.4799,2830.6802
2024-10-29,2844.3693,2887.3917,2831.6581,2869.3027
2024-10-30,2879.5690,2918.6803,2866.3689,2890.8135
2024-10-31,2867.8360,2893.2583,2860.0137,2886.4138
2024-11-01,2840.4581,2870.7694,2812.5913,2823.3469
2024-11-05,2823.3467,2850.2357,2794.5021,2822.3689
2024-11-06,2840.4581,2899.1251,2835.5692,2854.6360
2024-11-07,2891.7917,2912.8141,2868.8139,2880.0583
2024-11-08,3124.5038,3196.8597,3081.9702,3087.8369
2024-11-11,3031.1256,3040.9034,2977.3476,3016.9478
2024-11-12,3055.0813,3080.9925,3013.5255,3048.2368
2024-11-13,3055.5703,3060.4592,2977.8366,2985.1699
2024-11-14,3004.7255,3020.8589,2977.8365,3013.0366
2024-11-15,3021.3478,3077.5703,3014.9922,3057.0369
2024-11-18,3036.9923,3037.4812,2971.9697,3000.3254
2024-11-19,3026.2365,3041.8810,3001.7919,3041.3921
2024-11-20,3063.3927,3079.0372,3043.3482,3058.0149
2024-11-21,3055.5699,3058.0144,3019.8809,3026.7253
2024-11-22,3034.5480,3098.1039,3031.1258,3085.8816
2024-11-25,3119.1259,3128.4149,3075.6146,3083.9258
2024-11-26,3036.0144,3054.1034,3011.0810,3034.0588
2024-11-27,3050.6815,3077.5705,3026.7258,3043.3481
2024-11-28,3039.4367,3074.1479,3015.9699,3072.1924
2024-11-29,3075.1260,3084.4149,3037.9702,3071.2148
2024-12-02,3079.0371,3109.3484,3058.5037,3109.3484
2024-12-03,3158.2376,3177.3043,3130.3708,3167.0376
2024-12-04,3171.9262,3184.6374,3111.7926,3126.9482
2024-12-05,3141.6152,3153.3486,3121.5707,3143.5708
2024-12-06,3177.7929,3187.5708,3139.1705,3149.4373
2024-12-09,3137.7040,3213.9711,3129.3929,3193.9265
2024-12-10,3203.2153,3221.3043,3168.5040,3187.5708
2024-12-11,3195.3931,3199.3042,3163.6151,3181.7041
2024-12-12,3183.1708,3221.7932,3181.7041,3191.4819
2024-12-13,3151.8816,3181.2151,3145.0371,3172.4150
2024-12-16,3182.1929,3195.8818,3169.9706,3187.0818
2024-12-17,3168.0151,3205.6597,3153.3484,3153.3484
2024-12-18,3165.0819,3194.4154,3146.0151,3146.0151
2024-12-19,3119.1260,3180.2374,3104.9482,3177.7930
2024-12-20,3175.8374,3177.7929,3125.4816,3137.7039
2024-12-23,3165.0819,3165.0819,3139.1707,3146.0151
2024-12-24,3160.6817,3163.1262,3131.8372,3131.8372
2024-12-25,3124.9927,3132.3260,3062.9035,3099.5703
2024-12-26,3104.4594,3131.3484,3090.7704,3129.3928
2024-12-27,3137.7040,3165.0819,3123.5261,3151.8818
2024-12-30,3168.0151,3170.9485,3144.0595,3154.3262
2025-01-06,3150.9038,3173.3928,3102.0147,3111.7925
2025-01-07,3110.3262,3126.4596,3085.8816,3106.4150
2025-01-08,3102.0149,3116.1927,3066.3258,3103.9705
2025-01-09,3113.7483,3159.2152,3105.4372,3129.3928
2025-01-10,3129.3929,3147.9708,3109.8373,3128.9041
2025-01-14,3128.9040,3135.7485,3088.8150,3106.4150
2025-01-15,3123.0372,3141.1262,3072.1925,3091.2593
2025-01-16,3088.3260,3096.6372,3034.0591,3038.9480
2025-01-17,3032.1035,3039.9257,2978.8143,2991.0366
2025-01-20,2992.0145,3020.8591,2977.8367,3010.1035
2025-01-21,3028.1924,3051.1703,3010.1034,3041.8813
2025-01-22,3054.5925,3059.4814,3029.1702,3050.6814
2025-01-23,3030.1477,3059.9701,3008.1476,3036.0144
2025-01-24,3074.6369,3103.4815,3054.1035,3054.1035
2025-01-27,3102.9928,3130.8596,3081.4816,3086.8594
2025-01-28,3080.0148,3081.9704,2999.8367,3006.6812
2025-01-29,3029.6587,3047.2588,3014.0142,3045.3032
2025-01-30,3057.5259,3088.3260,3054.1036,3065.3481
2025-01-31,3055.0813,3081.9703,3043.3479,3053.1257
2025-02-03,3007.1698,3060.4590,2988.1031,3043.8367
2025-02-04,3031.1257,3197.3487,3018.9034,3178.2820
2025-02-05,3150.9043,3170.4599,3076.5928,3090.2817
2025-02-06,3080.5038,3133.3041,3080.0149,3118.1484
2025-02-07,3115.7038,3133.7928,3087.3482,3100.0593
2025-02-10,3130.3706,3138.1928,3074.1481,3076.5925
2025-02-12,3055.5703,3079.0371,2973.4365,3005.7034
2025-02-13,3046.2815,3102.9929,3033.0815,3090.2817
2025-02-14,3055.0815,3086.8595,3021.8369,3043.3481
2025-02-17,2994.4587,3072.1924,2977.8364,3000.3254
2025-02-18,3031.1255,3085.3924,3014.5032,3060.4590
2025-02-19,3055.5701,3065.3480,2976.3698,2976.8586
2025-02-20,2976.3697,2981.7475,2898.1471,2917.2139
2025-02-21,2899.1246,2917.7025,2875.6579,2890.8135
2025-02-25,2877.6138,2915.2584,2861.4804,2904.9917
2025-02-26,2907.4363,2959.7477,2899.1252,2944.5920
2025-02-27,2951.9253,2964.6364,2900.1028,2905.9695
2025-02-28,2905.4807,2943.1254,2876.6362,2935.7920
2025-03-03,2982.2366,3034.5480,2979.3033,3032.1035
2025-03-04,3047.7480,3079.5260,3016.4590,3017.4368
2025-03-05,3036.0146,3048.2369,2985.1699,3021.3479
2025-03-06,2992.0147,3010.5925,2983.2146,3002.7703
2025-03-07,2964.1477,2971.4811,2928.9475,2944.5920
2025-03-10,2936.2809,2954.3699,2928.9475,2945.5698
2025-03-11,2928.4586,2957.3032,2897.6585,2953.3921
2025-03-12,2944.1031,2996.9033,2930.4141,2984.1921
2025-03-13,2995.4366,3015.9701,2962.6809,2963.6587
2025-03-14,2937.7473,3003.7477,2909.8805,2973.9253
2025-03-17,2982.2364,2991.5254,2962.6808,2972.9475
2025-03-18,2987.1254,3011.5699,2984.1920,2985.6587
2025-03-19,2992.0142,3011.0809,2980.7697,2990.0586
2025-03-21,2996.4143,2996.4143,2964.1475,2964.1475
2025-03-24,2982.2363,2987.1252,2967.5696,2980.2808
2025-03-25,2993.4808,2996.9031,2972.4585,2972.4585
2025-03-26,2970.9921,2986.6366,2958.2809,2961.7031
2025-03-27,3001.7919,3003.2585,2958.2806,3003.2585
2025-03-28,2981.1143,3020.4819,2950.6044,3020.4819
2025-03-31,2954.5413,2972.2567,2904.3476,2911.7290
2025-04-01,2959.4624,2967.3359,2909.2686,2916.1580
2025-04-02,2965.3674,2965.3674,2905.8238,2910.2527
2025-04-03,2824.1363,2875.3142,2814.7864,2855.6304
2025-04-04,2847.2645,2889.0926,2810.3573,2858.0906
2025-04-07,2667.6497,2737.5273,2594.8196,2594.8196
2025-04-08,2693.2385,2767.0528,2693.2385,2750.3215
2025-04-09,2661.7445,2695.2069,2627.7899,2672.5706
2025-04-10,2755.7345,2828.5647,2703.0803,2827.0884
2025-04-11,2706.5251,2778.3710,2704.0646,2767.5449
2025-04-14,2841.8514,2863.5036,2832.9937,2852.6775
2025-04-15,2901.8871,2918.6183,2862.5194,2876.2981
2025-04-16,2885.6477,2907.2999,2860.5508,2888.1082
2025-04-17,2893.0291,2922.5548,2863.9955,2914.1892
2025-04-18,2914.1893,2942.2387,2897.4580,2936.8257
2025-04-21,2913.2051,2913.2051,2859.0746,2882.2031
2025-04-22,2854.1540,2873.3457,2811.8338,2866.9485
2025-04-23,2916.1576,2925.5074,2898.4422,2914.1892
2025-04-24,2925.0156,2929.9366,2819.7072,2837.4226
2025-04-25,2858.0907,2863.0116,2800.5155,2808.8811
2025-04-28,2824.6280,2859.5668,2818.2308,2847.2644
2025-04-30,2860.0590,2903.3634,2848.2487,2869.9009
2025-05-01,2873.8378,2927.9683,2861.0433,2927.9683
2025-05-02,2952.5728,2964.3831,2917.1419,2955.5254
2025-05-07,2999.8141,3001.7825,2939.2864,2957.4939
2025-05-08,2952.5731,2972.2569,2919.6027,2967.3359
2025-05-09,3234.0517,3237.9885,3100.2017,3186.8105
2025-05-12,3175.9842,3208.4625,3124.8063,3198.6206
2025-05-13,3198.6208,3265.5458,3175.9844,3259.6406
2025-05-14,3247.8304,3275.3877,3188.7789,3250.7830
2025-05-15,3190.7473,3255.7039,3190.7473,3255.7039
2025-05-16,3278.3400,3299.0080,3237.0040,3263.5771
2025-05-19,3262.5932,3296.0557,3243.8936,3267.5142
2025-05-20,3297.0396,3297.0396,3238.9723,3260.6245
2025-05-21,3269.4825,3301.9608,3251.7671,3251.7671
2025-05-22,3251.7669,3340.3441,3242.9092,3295.0713
2025-05-23,3295.0713,3387.5852,3287.1978,3359.0437
2025-05-26,3366.9172,3443.6841,3366.9172,3431.8738
2025-05-27,3431.8738,3471.2414,3404.3164,3447.6208
2025-05-28,3493.8779,3518.4827,3474.1941,3505.6882
2025-05-29,3543.0875,3602.1390,3538.1665,3581.4709
2025-05-30,3575.5657,3580.4867,3526.3562,3554.8977
2025-06-02,3503.7198,3569.6606,3496.8305,3569.6606
2025-06-03,3572.6132,3591.3128,3531.2772,3561.7871
2025-06-04,3559.8189,3609.0285,3553.9138,3570.6450
2025-06-05,3541.1190,3571.6289,3521.4352,3547.0242
2025-06-06,3546.0402,3582.4552,3538.1666,3555.8821
2025-06-09,3599.1865,3639.5384,3585.4079,3603.1233
2025-06-10,3589.3445,3613.9492,3574.5816,3577.5342
2025-06-11,3597.2179,3606.0757,3555.8819,3586.3918
2025-06-12,3586.3918,3617.8860,3558.8345,3586.3918
2025-06-13,3586.3918,3586.3918,3520.4510,3547.0242
2025-06-16,3573.5975,3664.1431,3571.6292,3639.5383
2025-06-17,3639.5383,3655.2853,3615.9177,3644.4592
2025-06-18,3617.8860,3662.1746,3616.9018,3662.1746
2025-06-19,3666.1113,3670.0481,3619.8543,3662.1746
2025-06-20,3664.1427,3703.5104,3617.8857,3617.8857
2025-06-23,3617.8861,3655.2854,3586.3920,3655.2854
2025-06-24,3665.1271,3689.7319,3642.4907,3662.1746
2025-06-25,3663.1588,3701.5423,3661.1905,3696.6213
2025-06-26,3688.7479,3766.4990,3686.7795,3754.6887
2025-06-27,3758.6253,3810.7874,3755.6727,3805.8665
2025-06-30,3827.5186,3867.8704,3811.7715,3847.2024
2025-07-01,3882.6334,3905.2698,3824.5662,3844.2500
2025-07-02,3816.6925,3873.7756,3813.7400,3854.0918
2025-07-03,3848.1869,3883.6178,3804.8825,3842.2817
2025-07-04,3854.0919,3902.3173,3841.2974,3892.4753
2025-07-07,3892.4754,3915.1118,3868.8548,3915.1118
2025-07-08,3934.7955,3946.6058,3815.7084,3897.3962
2025-07-09,3903.3014,3936.7639,3845.2342,3892.4753
2025-07-10,3873.7755,3906.2538,3846.2182,3887.5542
2025-07-11,3929.8745,3932.8270,3811.7716,3826.5344
2025-07-14,3816.6925,3853.1076,3793.0719,3830.4712
2025-07-15,3830.4713,3855.0760,3794.0562,3841.2974
2025-07-16,3838.3447,3882.6333,3829.4870,3850.1550
2025-07-17,3859.0126,3873.7755,3844.2498,3863.9336
2025-07-18,3883.6176,3928.8904,3870.8231,3928.8904
2025-07-22,3893.4593,3965.3053,3893.4593,3935.7795
2025-07-23,3923.9694,3934.7955,3797.0088,3845.2341
2025-07-24,3877.7123,3941.6847,3859.0127,3926.9219
2025-07-25,3934.7955,3957.4318,3906.2539,3914.1274
2025-07-28,3914.1275,3921.0169,3859.0128,3868.8547
2025-07-29,3832.4397,3853.1077,3790.1194,3853.1077
2025-07-30,3902.3173,3906.2540,3859.9970,3900.3489
2025-07-31,3917.0800,3955.4635,3908.2223,3941.6848
2025-08-01,3956.4477,4042.0723,3943.6532,3993.8469
2025-08-04,3967.2738,4005.6573,3917.0801,3948.5742
2025-08-05,3810.7875,3906.2540,3779.2934,3848.1868
2025-08-06,3837.3609,3864.9182,3824.5664,3857.0447
2025-08-07,3872.7914,3922.9851,3864.9178,3919.0483
2025-08-08,3938.7320,3975.1471,3923.9692,3932.8269
2025-08-12,3971.2105,3976.1315,3867.8705,3869.8389
2025-08-13,3907.2382,3983.0209,3891.4912,3980.0684
2025-08-14,3946.6058,3963.3370,3867.8705,3881.6492
2025-08-15,3888.5384,3943.6531,3867.8704,3935.7795
2025-08-18,3943.6534,4106.0449,3942.6692,4026.3254
2025-08-19,4030.2619,4033.2144,3965.3053,3999.7520
2025-08-20,4002.7047,4063.7246,3961.3687,3976.1316
2025-08-21,3976.1316,3989.9103,3923.9695,3943.6533
2025-08-22,3969.2423,3999.7522,3943.6533,3980.0684
2025-08-25,3964.3212,3970.2264,3914.1275,3965.3054
2025-08-26,3979.0842,3989.9103,3940.7007,3976.1316
2025-08-27,4007.6254,4021.4041,3936.7637,3984.9890
2025-08-28,3984.9892,4018.4517,3983.0208,3997.7837
2025-08-29,3965.3054,3966.2896,3900.3488,3945.6216
2025-09-01,3908.2225,3983.0210,3898.3805,3955.4636
2025-09-02,3978.1002,4013.5310,3960.3847,3992.8630
2025-09-03,4035.1830,4060.7720,3992.8628,4060.7720
2025-09-04,4069.6295,4111.9497,4046.0089,4111.9497
2025-09-05,4134.5862,4159.1910,4115.8866,4133.6021
2025-09-08,4183.7958,4239.8947,4161.1594,4225.1318
2025-09-09,4219.2267,4236.9422,4127.6970,4128.6812
2025-09-10,4142.4595,4213.3213,4098.1709,4189.7007
2025-09-11,4190.6851,4219.2267,4160.1752,4217.2583
2025-09-12,4254.6577,4254.6577,4186.7485,4194.6221
2025-09-16,4227.1001,4232.0210,4164.1119,4219.2266
2025-09-17,4236.9421,4274.3414,4196.5903,4217.2583
2025-09-18,4182.8118,4216.2743,4138.5232,4173.9541
2025-09-19,4146.3967,4230.0529,4114.9025,4131.6338
2025-09-22,4169.0331,4232.0213,4159.1912,4210.3691
2025-09-24,4252.6890,4256.6258,4130.6494,4143.4438
2025-09-25,4165.0962,4176.9065,4129.6653,4133.6021
2025-09-26,4271.3888,4288.1201,4201.5112,4217.2583
2025-09-29,4219.2380,4232.1046,4127.1927,4155.8950
2025-09-30,4130.1620,4208.3510,4121.2544,4202.4126
2025-10-01,4198.4532,4206.3710,4138.0794,4201.4224
2025-10-02,4165.7921,4207.3610,4114.3259,4135.1104
2025-10-03,4117.2950,4180.6380,4117.2950,4127.1924
2025-10-06,4270.7044,4279.6120,4219.2382,4255.8584
2025-10-07,4265.7549,4303.3648,4226.1655,4226.1655
2025-10-08,4249.9197,4288.5194,4149.9565,4149.9565
2025-10-09,4142.0383,4178.6584,4114.3257,4157.8740
2025-10-10,4176.6792,4178.6586,4110.3670,4133.1309
2025-10-14,4067.8086,4153.9155,4055.9318,4153.9155
2025-10-15,4153.9155,4193.5049,4144.0182,4153.9155
2025-10-16,4132.1410,4165.7920,4103.4387,4123.2334
2025-10-17,4109.3771,4145.9973,4099.4798,4123.2334
2025-10-20,4242.0017,4257.8374,4177.6689,4257.8374
2025-10-21,4260.8065,4277.6320,4230.1248,4252.8887
2025-10-22,4247.9397,4272.6831,4224.1861,4230.1245
2025-10-23,4261.7966,4273.6734,4194.4947,4199.4434
2025-10-24,4190.5351,4217.2579,4164.8020,4187.5659
2025-10-27,4231.1143,4248.9295,4184.5968,4236.0630
2025-10-28,4207.3606,4225.1758,4167.7712,4187.5659
2025-10-29,4187.5665,4216.2688,4128.1824,4154.9053
2025-10-30,4154.9050,4197.4636,4130.1616,4173.7100
2025-10-31,4202.4121,4332.0673,4191.5251,4328.1084
2025-11-04,4325.1395,4420.1540,4273.6733,4392.4414
2025-11-05,4434.0097,4497.3527,4298.4161,4386.5024
2025-11-06,4372.6463,4465.6814,4278.6216,4278.6216
2025-11-07,3724.3704,3724.3704,3585.8076,3585.8076
2025-11-10,3586.7974,3639.2534,3476.9369,3490.7932
2025-11-11,3522.4646,3612.5304,3518.5057,3583.8281
2025-11-12,3660.0379,3856.9951,3654.0995,3810.4775
2025-11-13,3804.5391,3820.3748,3731.2987,3744.1653
2025-11-14,3744.1650,3789.6928,3700.6167,3785.7339
2025-11-17,3785.7341,3813.4467,3708.5348,3762.9702
2025-11-18,3720.4116,3725.3602,3612.5305,3612.5305
2025-11-19,3629.3560,3637.2739,3528.4031,3528.4031
2025-11-20,3567.9925,3605.6024,3539.2902,3552.1567
2025-11-21,3553.1466,3632.3253,3536.3211,3600.6538
2025-11-25,3610.5513,3627.3768,3500.6908,3509.5984
2025-11-26,3509.5982,3556.1157,3488.8138,3556.1157
2025-11-27,3551.1671,3578.8796,3546.2184,3576.9001
2025-11-28,3610.5510,3620.4483,3564.0335,3585.8076
2025-12-01,3566.0131,3575.9105,3496.7317,3520.4854
2025-12-02,3528.4032,3528.4032,3480.8960,3480.8960
2025-12-03,3490.7933,3512.5675,3462.0910,3476.9370
2025-12-04,3487.8240,3522.4647,3477.9267,3513.5571
2025-12-05,3508.6083,3567.9923,3491.7828,3538.3003
2025-12-08,3523.4543,3544.2387,3490.7931,3518.5056
2025-12-09,3531.3724,3535.3313,3490.7932,3493.7625
2025-12-10,3461.1012,3477.9267,3353.2202,3371.0354
2025-12-11,3323.5282,3343.3229,3269.0928,3269.0928
2025-12-12,3333.4255,3351.2407,3300.7643,3331.4460
2025-12-15,3355.1994,3358.1686,3308.6819,3329.4663
2025-12-16,3320.5589,3340.3536,3295.8155,3303.7334
2025-12-17,3345.3024,3357.1792,3291.8567,3296.8054
2025-12-18,3296.8052,3381.9223,3295.8155,3318.5793
2025-12-19,3327.4870,3355.1996,3301.7539,3301.7539
2025-12-22,3312.6411,3315.6103,3253.2570,3286.9080
2025-12-23,3262.1646,3311.6514,3258.2057,3311.6514
2025-12-24,3300.7642,3332.4357,3290.8669,3303.7334
2025-12-25,3317.5898,3384.8917,3306.7027,3374.9944
2025-12-26,3346.2922,3367.0766,3323.5283,3339.3640
2025-12-29,3339.3637,3345.3021,3312.6408,3329.4663
2025-12-30,3324.5178,3331.4460,3282.9490,3282.9490
2026-01-05,3315.6103,3327.4871,3278.9901,3289.8772
2026-01-06,3306.7026,3359.1585,3303.7334,3326.4973
2026-01-07,3291.8566,3321.5486,3278.9900,3303.7334
2026-01-08,3271.0723,3290.8670,3236.4316,3274.0415
2026-01-09,3271.0722,3284.9285,3238.4110,3266.1235
2026-01-13,3307.6924,3321.5487,3289.8772,3308.6821
2026-01-14,3326.4974,3402.7070,3313.6309,3375.9841
2026-01-15,3376.9739,3427.4503,3375.9841,3397.7583
2026-01-16,3394.7890,3432.3989,3363.1175,3408.6453
2026-01-19,3413.5939,3619.4587,3411.6145,3615.4998
2026-01-20,3647.1711,3707.5449,3590.7562,3683.7913
2026-01-21,3577.8900,3624.4075,3548.1979,3624.4075
2026-01-22,3632.3253,3635.2945,3567.9926,3622.4280
2026-01-23,3621.4382,3640.2432,3516.5264,3516.5264
2026-01-26,3469.0192,3481.8858,3441.3067,3464.0706
2026-01-27,3464.0704,3464.0704,3407.6556,3431.4092
2026-01-28,3404.6863,3408.6453,3339.3639,3347.2817
2026-01-29,3352.2304,3432.3989,3348.2715,3432.3989
2026-01-30,3465.0600,3506.6289,3448.2346,3483.8650
2026-02-02,3511.5775,3530.3825,3456.1524,3462.0908
2026-02-03,3476.9370,3520.4853,3466.0499,3516.5264
2026-02-04,3516.5263,3533.3517,3460.1114,3528.4031
2026-02-05,3568.9823,3585.8078,3549.1876,3577.8899
2026-02-06,3835.2209,4056.9214,3815.4262,4056.9214
2026-02-09,4154.9052,4355.8213,4075.7264,4355.8213
2026-02-10,4286.5397,4443.9075,4260.8066,4260.8066
2026-02-12,4250.9094,4311.2832,4201.4227,4311.2832
2026-02-13,4380.5646,4456.7741,4306.3345,4390.4619
2026-02-16,4433.0203,4536.9424,4410.2564,4501.3120
2026-02-17,4454.7946,4589.3984,4414.2154,4589.3984
2026-02-18,4605.2342,4724.9921,4574.5525,4592.3677
2026-02-19,4603.2549,4616.1215,4509.2302,4566.6348
2026-02-20,4566.6346,4593.3575,4510.2198,4554.7578
2026-02-24,4558.7164,4684.4127,4546.8396,4648.7822
2026-02-25,4718.0640,4908.0930,4696.2898,4887.3086
2026-02-26,4861.5757,4973.4157,4802.1916,4820.0068
2026-02-27,4794.2734,4953.6207,4771.5095,4917.0005
2026-03-02,4776.4583,4932.8363,4771.5096,4884.3394
2026-03-03,4770.5198,4803.1810,4636.9056,4665.6079
2026-03-04,4470.6301,4564.6548,4455.7841,4486.4658
2026-03-05,4602.2648,4624.0389,4414.2152,4447.8662
2026-03-06,4466.6714,4531.9939,4435.9897,4471.6201
2026-03-09,4231.1146,4336.0264,4227.1557,4300.3960
2026-03-10,4369.6772,4414.2153,4289.5088,4328.1084
2026-03-11,4395.4105,4448.8561,4360.7698,4422.1333
2026-03-12,4325.1395,4383.5338,4302.3756,4352.8521
2026-03-13,4265.7555,4378.5852,4265.7555,4359.7803
2026-03-16,4369.6775,4432.0308,4347.9033,4432.0308
2026-03-17,4473.5993,4507.2502,4430.0509,4443.9072
2026-03-18,4434.0099,4530.0142,4394.4206,4530.0142
2026-03-19,4391.4518,4399.3697,4330.0882,4359.7803
2026-03-23,4151.9358,4199.4431,4104.4286,4133.1309
2026-03-24,4254.8681,4272.6833,4182.6175,4248.9297
2026-03-25,4384.5231,4434.9995,4355.8208,4434.9995
2026-03-26,4464.6919,4470.6303,4396.4003,4467.6611
2026-03-27,4466.6711,4502.3015,4387.4924,4483.4966
2026-03-30,4274.5456,4424.7915,4273.5506,4424.7915
2026-03-31,4326.2857,4539.2170,4274.5454,4375.0410
2026-04-01,4567.0773,4598.9175,4470.5617,4598.9175
2026-04-02,4638.7179,4659.6131,4572.0525,4635.7329
2026-04-03,4676.5278,4690.4579,4584.9873,4588.9673
2026-04-06,4591.9524,4673.5429,4573.0473,4633.7427
2026-04-07,4622.7979,4650.6581,4550.1624,4575.0376
2026-04-08,4776.0286,4789.9587,4711.3532,4752.1484
2026-04-09,4746.1782,4786.9735,4666.5778,4689.4629
2026-04-10,4698.4180,4700.4080,4628.7676,4628.7676
2026-04-13,4578.0226,4631.7530,4542.2024,4583.9927
2026-04-14,4577.0273,4668.5678,4573.0473,4593.9424
2026-04-15,4627.7728,4659.6130,4612.8477,4643.6929
2026-04-16,4613.8428,4688.4683,4599.9127,4666.5781
2026-04-17,4627.7727,4658.6179,4551.1572,4551.1572
2026-04-20,4576.0326,4616.8279,4559.1175,4583.9927
2026-04-21,4583.9927,4706.3784,4577.0276,4697.4233
2026-04-22,4628.7678,4691.4531,4597.9226,4634.7378
2026-04-23,4583.9922,4648.6676,4542.2020,4567.0771
2026-04-24,4703.3931,4852.6440,4675.5329,4734.2383
2026-04-27,4731.2534,4798.9139,4702.3983,4762.0986
2026-04-28,4770.0585,4788.9636,4726.2783,4743.1934
2026-04-30,4888.4645,5064.5806,4881.4995,5064.5806
2026-05-01,4879.5093,4911.3495,4768.0686,4857.6191
2026-05-07,4927.2697,5044.6804,4715.3334,4933.2397
2026-05-08,4793.9386,5004.8799,4688.4680,5004.8799
2026-05-11,5153.1357,5623.7735,5062.5902,5471.5376
2026-05-12,5474.5228,5710.3392,5397.9073,5411.8374
2026-05-13,5344.1770,5562.0833,5311.3418,5455.6177
2026-05-14,5559.0985,5687.4543,5493.4281,5514.3232
2026-05-15,5514.3232,5552.1334,5225.7714,5242.6865
2026-05-18,5253.6314,5284.4766,5077.5154,5167.0659
2026-05-19,5174.0312,5303.3820,5139.2060,5152.1411
2026-05-20,5251.6417,5268.5568,4981.0001,5042.6904
2026-05-21,5073.5354,5301.3918,4995.9250,5150.1509
2026-05-22,5216.8164,5305.3719,5157.1160,5273.5317
2026-05-25,5243.6815,5477.5079,5169.0560,5447.6577
2026-05-26,5646.6590,5646.6590,5308.3570,5317.3120
2026-05-27,5318.3068,5397.9072,5234.7263,5262.5864
2026-05-28,5163.0861,5248.6566,5084.4806,5116.3208
2026-05-29,5114.3304,5178.0108,5075.5252,5126.2705
2026-06-01,5139.2060,5407.8577,5130.2510,5353.1323
2026-06-02,5275.5214,5324.2767,5118.3105,5235.7212
2026-06-03,5242.6862,5271.5414,5121.2955,5200.8960
2026-06-04,5104.3805,5168.0609,5069.5553,5092.4404
2026-06-05,5024.7800,5044.6801,4911.3493,4917.3193
2026-06-08,4778.0185,4882.4941,4650.6578,4781.9985
2026-06-09,4815.8287,4830.7537,4665.5828,4733.2432
2026-06-10,4748.1686,4840.7041,4650.6580,4705.3833
2026-06-11,4823.7889,5177.0161,4820.8039,5058.6104
2026-06-12,5174.0310,5230.7463,5069.5553,5132.2407
2026-06-15,5472.5326,5473.5276,5026.7699,5034.7300
2026-06-16,4971.0499,5149.1560,4954.1348,5120.3008
2026-06-17,5161.0961,5323.2821,5058.6105,5313.3320
2026-06-18,5358.1072,5813.8199,5352.1372,5758.0996
2026-06-19,5810.8348,5903.3703,5697.4041,5761.0845
2026-06-22,5718.2993,6135.2069,5690.4392,6129.2368
2026-06-23,5970.0360,6004.8612,5623.7739,5623.7739
2026-06-24,5501.3881,5588.9486,5373.0323,5452.6328
2026-06-25,5643.6738,5829.7399,5592.9285,5713.3242
2026-06-26,5742.1795,5860.5852,5628.7488,5692.4292
2026-06-29,5677.5039,5809.8397,5638.6987,5786.9546
2026-06-30,5830.7348,5912.3253,5749.1444,5843.6699
2026-07-01,6017.7959,6279.4824,5973.0206,6144.1616
2026-07-02,6044.6614,6177.9922,5984.9610,6011.8262
2026-07-03,6079.4863,6158.0918,5917.3004,6136.2017
2026-07-06,6169.0372,6308.3380,6015.8063,6060.5815
2026-07-07,6017.7962,6114.3118,5780.9848,5801.8799
2026-07-08,5712.3292,5889.4402,5654.6188,5673.5239
2026-07-09,5748.1495,5875.5103,5686.4592,5692.4292
2026-07-10,5744.1696,5754.1197,5604.8688,5702.3794
2026-07-13,5706.3592,5734.2194,5547.1583,5586.9585
2026-07-14,5569.0486,5643.6740,5487.4581,5627.7539
2026-07-15,5669.5440,5671.5340,5508.3530,5578.0034
2026-07-16,5527.2582,5556.1134,5321.2920,5334.2271
2026-07-17,5188.9562,5262.5866,5088.4606,5168.0610
2026-07-21,5235.7215,5268.5567,5188.9563,5225.7715
2026-07-22,5402.8822,5402.8822,5221.7911,5226.7661
2026-07-23,5231.7414,5292.4368,5059.6054,5076.5205
2026-07-24,5025.7750,5070.5503,4953.1396,5070.5503
2026-07-27,5113.3355,5145.1757,4999.9048,5043.6851
2026-07-28,4944.1848,4987.9651,4815.8291,4863.5894
2026-07-29,4849.6591,4959.1098,4736.2284,4822.7939
2026-07-30,4723.2934,4875.5293,4697.4233,4814.8340
2026-07-31,4999.9049,5079.5054,4902.3944,4940.2046
2026-08-03,4895.4295,4905.3795,4767.0737,4871.5493
2026-08-04,4868.5643,4940.2047,4811.8489,4928.2646
2026-08-05,5172.0409,5323.2818,5101.3955,5306.3667
2026-08-06,5323.2817,5341.1918,5128.2605,5170.0508
2026-08-07,5070.5502,5246.6662,4973.0396,5170.0508
2026-08-10,5080.5004,5291.4417,5059.6053,5245.6714
2026-08-12,5429.7474,5503.3779,5364.0771,5428.7524
2026-08-13,5502.3829,5675.5139,5488.4528,5607.8535
2026-08-14,5674.5189,5704.3691,5501.3879,5538.2031
2026-08-17,5502.3831,5725.2644,5496.4130,5692.4292
2026-08-18,5592.9284,5634.7187,5415.8174,5507.3579
2026-08-19,5232.7362,5361.0920,5228.7562,5253.6313
2026-08-20,5325.2721,5346.1673,5259.6017,5322.2871
2026-08-21,5240.6965,5413.8275,5233.7314,5369.0522
2026-08-24,5341.1921,5425.7676,5318.3070,5343.1821
2026-08-25,5353.1322,5469.5479,5286.4668,5469.5479
2026-08-26,5468.5526,5549.1481,5379.0021,5388.9521
2026-08-27,5524.2733,5580.9886,5398.9025,5413.8276
2026-08-28,5383.9773,5481.4879,5374.0273,5403.8774
2026-08-31,5304.3770,5430.7428,5277.5119,5375.0225
2026-09-01,5341.1922,5397.9076,5286.4669,5309.3521
2026-09-02,5209.8513,5263.5816,5117.3158,5198.9062
2026-09-03,5195.9211,5205.8712,5117.3156,5154.1309
2026-09-04,5167.0658,5206.8660,5095.4253,5148.1606
2026-09-07,5180.0010,5254.6264,5129.2557,5192.9360
2026-09-08,5174.0312,5205.8714,5042.6904,5042.6904
2026-09-09,5022.7901,5132.2408,5013.8351,5058.6104
2026-09-10,5029.7551,5041.6952,4962.0947,5009.8550
2026-09-11,4893.4393,4949.1597,4885.4793,4949.1597
2026-09-14,4867.5690,4897.4192,4776.0285,4895.4292
2026-09-15,4873.5394,4921.2997,4823.7891,4845.6792
2026-09-16,4852.6443,4863.5894,4798.9140,4863.5894
2026-09-17,4921.2996,4999.9051,4882.4944,4928.2646
2026-09-18,4956.1247,4969.0598,4865.5792,4879.5093
2026-09-24,4959.1100,5055.6255,4949.1599,4973.0400
2026-09-25,4957.1195,5055.6251,4925.2793,5025.7749
2026-09-28,5025.7753,5076.5206,4981.0000,4981.0000
2026-09-29,4960.0000,5005.0000,4931.0000,4978.0000
2026-09-30,5027.0000,5138.0000,5011.0000,5111.0000
2026-10-01,5076.0000,5287.0000,5050.0000,5260.0000
2026-10-02,5200.0000,5297.0000,5157.0000,5212.0000
2026-10-05,5280.0000,5337.0000,5201.0000,5321.0000
2026-10-06,5351.0000,5372.0000,5260.0000,5372.0000
2026-10-07,5380.0000,5408.0000,5340.0000,5346.0000
2026-10-08,5346.0000,5351.0000,5256.0000,5293.0000
2026-10-09,5300.0000,5386.0000,5257.0000,5356.0000
