Date,Open,High,Low,Close
2001-01-01,1456.8232,1456.8232,1456.8232,1456.8232
2001-01-02,1456.8232,1456.8232,1456.8232,1456.8232
2001-01-03,1456.8232,1456.8232,1456.8232,1456.8232
2001-01-04,1527.3144,1548.4618,1480.3200,1517.9154
2001-01-05,1524.9644,1607.2044,1515.5656,1586.0570
2001-01-08,1586.0570,1586.0570,1586.0570,1586.0570
2001-01-09,1468.5718,1527.3148,1358.1352,1412.1787
2001-01-10,1433.3257,1438.0251,1367.5337,1381.6320
2001-01-11,1449.7740,1449.7740,1383.9820,1426.2769
2001-01-12,1520.2652,1661.2480,1496.7679,1661.2480
2001-01-15,1694.1443,1832.7775,1691.7946,1830.4279
2001-01-16,1806.9299,1828.0774,1691.7940,1797.5311
2001-01-17,1774.0348,1809.2805,1703.5433,1809.2805
2001-01-18,1926.7661,1969.0610,1896.2199,1938.5148
2001-01-19,1985.5092,1997.2577,1903.2691,1940.8645
2001-01-22,1893.8704,1903.2692,1832.7777,1903.2692
2001-01-23,1832.7777,1872.7229,1832.7777,1853.9252
2001-01-24,1853.9248,1903.2688,1844.5260,1856.2744
2001-01-25,1858.6245,1889.1707,1856.2747,1872.7228
2001-01-26,1868.0235,1868.0235,1809.2806,1853.9252
2001-01-29,1741.1387,1785.7833,1741.1387,1778.7341
2001-01-30,1790.4820,1835.1265,1788.1323,1832.7769
2001-01-31,1879.7714,1903.2685,1856.2742,1891.5199
2001-02-01,1915.0170,1919.7163,1872.7221,1915.0170
2001-02-02,1938.5148,1945.5640,1924.4166,1940.8645
2001-02-05,1823.3788,1846.8758,1759.9365,1785.7832
2001-02-06,1785.7829,1832.7773,1691.7944,1750.5372
2001-02-07,1715.2920,1759.9367,1715.2920,1738.7893
2001-02-08,1715.2916,1727.0403,1691.7945,1696.4940
2001-02-09,1715.2915,1839.8264,1691.7944,1835.1270
2001-02-12,1835.1270,1835.1270,1835.1270,1835.1270
2001-02-13,1882.1216,1882.1216,1806.9307,1806.9307
2001-02-14,1762.2861,1835.1272,1738.7890,1785.7832
2001-02-15,1844.5260,1879.7717,1832.7774,1879.7717
2001-02-16,1917.3674,1950.2634,1872.7228,1950.2634
2001-02-19,1832.7781,1896.2205,1818.6798,1896.2205
2001-02-20,1919.7167,1938.5144,1900.9191,1933.8149
2001-02-21,1903.2689,1922.0667,1856.2745,1922.0667
2001-02-22,1903.2685,1915.0172,1856.2742,1907.9680
2001-02-23,1905.6180,1962.0111,1903.2683,1947.9128
2001-02-26,1987.8580,1992.5575,1912.6671,1915.0170
2001-02-27,1929.1160,1950.2634,1882.1217,1884.4713
2001-02-28,1903.2679,1959.6611,1825.7274,1926.7650
2001-03-01,1903.2690,1917.3673,1837.4771,1872.7228
2001-03-02,1825.7285,1853.9250,1809.2805,1809.2805
2001-03-05,1762.2860,1844.5261,1762.2860,1818.6792
2001-03-06,1856.2748,1903.2692,1856.2748,1903.2692
2001-03-07,1973.7604,1980.8095,1947.9135,1973.7604
2001-03-08,1964.3615,1964.3615,1922.0667,1952.6129
2001-03-09,1969.0613,1971.4111,1947.9138,1959.6625
2001-03-12,1947.9136,1947.9136,1879.7720,1884.4713
2001-03-13,1783.4335,1830.4279,1764.6358,1785.7832
2001-03-14,1785.7832,1785.7832,1785.7832,1785.7832
2001-03-15,1785.7822,1938.5136,1769.3343,1926.7650
2001-03-16,1903.2686,1926.7657,1851.5750,1851.5750
2001-03-19,1809.2800,1879.7715,1809.2800,1844.5258
2001-03-20,1844.5258,1844.5258,1844.5258,1844.5258
2001-03-21,1821.0287,1959.6620,1821.0287,1929.1157
2001-03-22,1926.7660,1985.5090,1907.9684,1973.7604
2001-03-23,2067.7485,2095.9450,2037.2022,2056.0000
2001-03-26,2175.8357,2293.3213,2133.5408,2293.3213
2001-03-27,2282.7207,2285.0764,2122.5297,2155.5103
2001-03-28,2296.8551,2299.2108,2226.1826,2292.1436
2001-03-29,2237.9605,2237.9605,2186.1339,2190.8455
2001-03-30,2285.0764,2285.0764,2143.7314,2143.7314
2001-04-02,2141.3757,2200.2694,2044.7899,2051.8572
2001-04-03,2075.4146,2120.1738,2009.4535,2103.6836
2001-04-04,2033.0111,2202.6250,2025.9438,2179.0674
2001-04-05,2179.0677,2179.0677,2096.6166,2120.1741
2001-04-06,2235.6052,2237.9611,2143.7310,2172.0000
2001-04-09,2101.3278,2143.7313,2096.6165,2096.6165
2001-04-10,2049.5012,2087.1931,2011.8092,2025.9437
2001-04-11,2056.5689,2139.0201,2049.5016,2120.1741
2001-04-12,2186.1345,2235.6052,2167.2886,2172.0000
2001-04-13,2219.1153,2261.5188,2214.4037,2247.3843
2001-04-16,2261.5183,2261.5183,2171.9998,2174.3557
2001-04-17,2150.7981,2190.8459,2150.7981,2174.3557
2001-04-18,2245.0284,2289.7876,2221.4708,2289.7876
2001-04-19,2407.5754,2478.2478,2358.1046,2468.8247
2001-04-20,2490.0260,2490.0260,2332.1909,2367.5271
2001-04-23,2320.4111,2426.4198,2320.4111,2379.3049
2001-04-24,2320.4127,2424.0657,2285.0764,2424.0657
2001-04-25,2376.9503,2433.4883,2376.9503,2433.4883
2001-04-26,2376.9503,2433.4883,2376.9503,2433.4883
2001-04-27,2449.9790,2457.0463,2374.5950,2454.6904
2001-04-30,2454.6904,2454.6904,2454.6904,2454.6904
2001-05-01,2494.7376,2508.8721,2461.7570,2508.8721
2001-05-02,2520.6511,2537.1413,2492.3821,2520.6511
2001-05-03,2520.6511,2520.6511,2520.6511,2520.6511
2001-05-04,2520.6511,2520.6511,2520.6511,2520.6511
2001-05-07,2473.5365,2570.1223,2473.5365,2570.1223
2001-05-08,2518.2954,2553.6316,2513.5840,2527.7185
2001-05-09,2544.2095,2551.2767,2353.3938,2414.6433
2001-05-10,2273.2973,2296.8547,2150.7983,2235.6052
2001-05-11,2212.0480,2303.9222,2202.6251,2285.0762
2001-05-14,2285.0762,2301.5665,2273.2975,2285.0762
2001-05-15,2278.0090,2285.0762,2228.5383,2261.5188
2001-05-16,2214.4034,2214.4034,2155.5098,2169.6443
2001-05-17,2216.7600,2249.7404,2153.1548,2207.3369
2001-05-18,2216.7595,2233.2497,2153.1543,2167.2888
2001-05-21,2190.8467,2263.8748,2190.8467,2240.3174
2001-05-22,2285.0764,2285.0764,2181.4236,2181.4236
2001-05-23,2167.2893,2228.5387,2167.2893,2207.3369
2001-05-24,2160.2212,2179.0671,2155.5097,2162.5769
2001-05-25,2162.5774,2186.1348,2162.5774,2164.9331
2001-05-28,2176.7108,2176.7108,2120.1729,2131.9517
2001-05-29,2084.8377,2113.1066,2073.0589,2096.6165
2001-05-30,2028.2993,2044.7895,1978.8286,1983.5402
2001-05-31,1818.6383,1955.2719,1790.3693,1955.2719
2001-06-01,1978.8290,1983.5406,1924.6467,1981.1847
2001-06-04,2025.9442,2025.9442,1891.6665,1898.7338
2001-06-05,1901.0886,1908.1558,1839.8391,1849.2622
2001-06-06,1886.9543,1896.3773,1813.9262,1830.4164
2001-06-07,1806.8591,1825.7050,1795.0803,1802.1476
2001-06-08,1861.0413,1917.5792,1861.0413,1884.5989
2001-06-11,1884.5987,1908.1562,1861.0411,1861.0411
2001-06-12,1839.8402,1853.9747,1790.3695,1795.0811
2001-06-13,1825.7050,1832.7722,1783.3015,1783.3015
2001-06-14,1773.8791,1813.9269,1743.2544,1743.2544
2001-06-15,1719.6965,1719.6965,1644.3126,1698.4948
2001-06-18,1674.9371,1684.3600,1630.1779,1660.8026
2001-06-19,1637.2453,1672.5816,1601.9091,1630.1781
2001-06-20,1618.3991,1630.1779,1578.3514,1604.2646
2001-06-21,1625.4665,1637.2453,1531.2366,1571.2842
2001-06-22,1594.8419,1601.9092,1566.5729,1585.4188
2001-06-25,1613.6873,1644.3121,1590.1299,1590.1299
2001-06-26,1587.7748,1587.7748,1547.7270,1557.1499
2001-06-27,1580.7074,1592.4860,1561.8614,1580.7074
2001-06-28,1571.2843,1625.4666,1568.9286,1580.7074
2001-06-29,1651.3797,1719.6963,1649.0239,1684.3601
2001-07-02,1613.6873,1639.6006,1613.6873,1634.8890
2001-07-03,1637.2449,1641.9563,1585.4183,1590.1299
2001-07-04,1613.6881,1613.6881,1533.5927,1535.9484
2001-07-05,1552.4386,1566.5731,1531.2369,1566.5731
2001-07-06,1524.1696,1524.1696,1448.7856,1477.0546
2001-07-09,1382.8242,1406.3817,1307.4403,1356.9110
2001-07-10,1411.0932,1469.9869,1373.4013,1458.2081
2001-07-11,1368.6898,1432.2950,1366.3341,1408.7375
2001-07-12,1455.8526,1484.1216,1437.0067,1448.7854
2001-07-13,1519.4583,1540.6601,1484.1221,1505.3239
2001-07-16,1507.6790,1528.8807,1460.5641,1469.9871
2001-07-17,1415.8048,1460.5641,1415.8048,1453.4968
2001-07-18,1455.8526,1455.8526,1425.2278,1437.0066
2001-07-19,1432.2951,1479.4100,1432.2951,1446.4296
2001-07-20,1446.4296,1446.4296,1446.4296,1446.4296
2001-07-23,1446.4296,1460.5642,1437.0067,1448.7854
2001-07-24,1437.0069,1472.3430,1437.0069,1472.3430
2001-07-25,1479.4101,1608.9764,1477.0544,1533.5924
2001-07-26,1557.1498,1566.5729,1484.1216,1500.6118
2001-07-27,1500.6114,1500.6114,1418.1603,1425.2275
2001-07-30,1378.1129,1389.8916,1354.5554,1378.1129
2001-07-31,1401.6704,1448.7854,1394.6032,1441.7181
2001-08-01,1484.1216,1484.1216,1437.0067,1448.7854
2001-08-02,1531.2362,1578.3510,1488.8327,1568.9281
2001-08-03,1585.4188,1616.0437,1559.5057,1594.8419
2001-08-06,1559.5057,1590.1304,1526.5251,1526.5251
2001-08-07,1484.1221,1512.3911,1469.9876,1505.3239
2001-08-08,1528.8810,1528.8810,1465.2758,1472.3430
2001-08-09,1425.2283,1446.4300,1408.7381,1413.4496
2001-08-10,1460.5640,1472.3426,1415.8047,1418.1604
2001-08-13,1389.8919,1389.8919,1222.6338,1241.4797
2001-08-14,1217.9220,1290.9501,1173.1628,1269.7484
2001-08-15,1248.5468,1269.7485,1201.4318,1267.3928
2001-08-16,1227.3453,1241.4798,1189.6534,1220.2781
2001-08-17,1201.4318,1220.2778,1163.7398,1199.0760
2001-08-20,1140.1821,1154.3166,1095.4228,1118.9803
2001-08-21,1107.2018,1142.5381,1062.4427,1102.4904
2001-08-22,1071.8657,1104.8463,1062.4428,1078.9330
2001-08-23,1095.4230,1095.4230,1031.8178,1038.8850
2001-08-24,1027.1067,1045.9527,1022.3952,1029.4624
2001-08-27,1088.3559,1126.0479,1088.3559,1109.5576
2001-08-28,1109.5572,1111.9130,1081.2882,1107.2014
2001-08-29,1093.0671,1095.4229,1067.1539,1067.1539
2001-08-30,1060.0869,1083.6444,1045.9524,1083.6444
2001-08-31,1095.4235,1107.2022,1060.0872,1069.5103
2001-09-03,1062.4429,1062.4429,1010.6164,1015.3278
2001-09-04,989.4145,1130.7594,944.6553,1121.3364
2001-09-05,1053.0197,1053.0197,1003.5490,1041.2410
2001-09-06,1029.4622,1083.6445,1029.4622,1036.5294
2001-09-07,1036.5294,1050.6639,1020.0392,1048.3082
2001-09-10,989.4145,1048.3082,989.4145,1041.2410
2001-09-11,1076.5772,1076.5772,1048.3082,1048.3082
2001-09-12,989.4147,1005.9050,989.4147,989.4147
2001-09-13,954.0781,956.4339,930.5206,930.5206
2001-09-14,930.5205,987.0584,918.7418,984.7028
2001-09-17,914.0305,937.5880,897.5403,918.7420
2001-09-18,906.9633,965.8570,897.5403,918.7420
2001-09-19,918.7420,965.8569,918.7420,965.8569
2001-09-20,932.8766,937.5881,862.2042,871.6272
2001-09-21,777.3972,819.8007,753.8397,808.0220
2001-09-24,808.0220,808.0220,808.0220,808.0220
2001-09-25,878.9008,878.9008,751.3185,779.6701
2001-09-26,779.6703,791.4835,767.8571,782.0330
2001-09-27,782.0327,815.1096,777.3074,815.1096
2001-09-28,815.1096,815.1096,815.1096,815.1096
2001-10-01,822.1976,822.1976,767.8570,791.4833
2001-10-02,803.2966,812.7471,782.0328,812.7471
2001-10-03,826.9229,838.7362,812.7471,824.5604
2001-10-04,859.9997,871.8128,841.0985,864.7249
2001-10-05,876.5381,909.6151,864.7249,897.8018
2001-10-08,897.8018,897.8018,897.8018,897.8018
2001-10-09,890.7139,916.7030,883.6260,897.8018
2001-10-10,909.6151,923.7909,890.7140,900.1646
2001-10-11,945.0549,985.2197,923.7912,923.7912
2001-10-12,1030.1097,1041.9229,1020.6591,1041.9229
2001-10-15,1006.4833,1039.5602,971.0438,992.3075
2001-10-16,982.8567,1039.5600,980.4942,1013.5710
2001-10-17,1053.7360,1131.7030,1030.1097,1131.7030
2001-10-18,1096.2634,1110.4393,1060.8239,1089.1755
2001-10-19,1086.8129,1131.7029,1086.8129,1122.2524
2001-10-22,1134.0656,1235.6590,1131.7029,1214.3953
2001-10-23,1252.1978,1299.4506,1228.5715,1287.6373
2001-10-24,1278.1866,1294.7250,1242.7470,1256.9229
2001-10-25,1216.7579,1223.8458,1193.1316,1207.3074
2001-10-26,1254.5604,1254.5604,1197.8571,1200.2197
2001-10-29,1247.4724,1252.1977,1197.8571,1197.8571
2001-10-30,1145.8787,1152.9667,1115.1645,1119.8898
2001-10-31,1084.4504,1086.8130,1063.1866,1067.9119
2001-11-01,1086.8129,1136.4283,1086.8129,1103.3513
2001-11-02,1162.4170,1181.3181,1138.7906,1150.6039
2001-11-05,1181.3187,1202.5824,1176.5934,1202.5824
2001-11-06,1207.3074,1259.2853,1207.3074,1240.3843
2001-11-07,1216.7578,1223.8457,1176.5930,1186.0436
2001-11-08,1103.3515,1219.1207,1103.3515,1219.1207
2001-11-09,1219.1207,1219.1207,1219.1207,1219.1207
2001-11-12,1228.5716,1240.3848,1200.2199,1204.9452
2001-11-13,1223.8459,1223.8459,1181.3185,1223.8459
2001-11-14,1247.4721,1273.4611,1242.7469,1264.0106
2001-11-15,1240.3841,1306.5380,1233.2962,1297.0874
2001-11-16,1320.7140,1358.5161,1311.2634,1351.4282
2001-11-19,1346.7031,1370.3295,1323.0767,1344.3405
2001-11-20,1370.3295,1377.4174,1323.0767,1344.3405
2001-11-21,1273.4611,1280.5490,1245.1095,1271.0985
2001-11-22,1240.3844,1299.4503,1228.5712,1292.3624
2001-11-23,1292.3624,1292.3624,1292.3624,1292.3624
2001-11-26,1339.6150,1346.7029,1240.3843,1240.3843
2001-11-27,1256.9225,1311.2631,1256.9225,1289.9994
2001-11-28,1282.9116,1282.9116,1228.5710,1230.9336
2001-11-29,1176.5931,1202.5821,1155.3294,1181.3184
2001-11-30,1193.1316,1214.3953,1181.3183,1195.4941
2001-12-03,1219.1205,1219.1205,1176.5930,1186.0436
2001-12-04,1216.7574,1233.2959,1186.0432,1233.2959
2001-12-05,1256.9227,1294.7249,1256.9227,1294.7249
2001-12-06,1389.2302,1445.9334,1370.3291,1408.1312
2001-12-07,1445.9336,1490.8236,1417.5819,1490.8236
2001-12-10,1512.0879,1528.6264,1467.1978,1500.2748
2001-12-11,1453.0217,1462.4722,1429.3953,1434.1206
2001-12-12,1460.1092,1530.9883,1457.7466,1512.0872
2001-12-13,1504.9997,1516.8130,1476.6481,1486.0988
2001-12-14,1438.8458,1445.9337,1405.7689,1417.5820
2001-12-17,1417.5821,1417.5821,1377.4173,1382.1426
2001-12-18,1453.0216,1469.5600,1422.3073,1438.8458
2001-12-19,1436.4830,1453.0214,1382.1423,1427.0325
2001-12-20,1424.6703,1424.6703,1386.8681,1422.3076
2001-12-21,1351.4284,1365.6042,1325.4394,1337.2526
2001-12-24,1337.2526,1337.2526,1337.2526,1337.2526
2001-12-25,1337.2525,1337.2525,1299.4503,1334.8899
2001-12-26,1323.0765,1367.9666,1318.3512,1363.2413
2001-12-27,1356.1533,1412.8566,1353.7906,1408.1312
2001-12-28,1417.5820,1464.8348,1412.8568,1464.8348
2001-12-31,1464.8348,1464.8348,1464.8348,1464.8348
2002-01-01,1464.8348,1464.8348,1464.8348,1464.8348
2002-01-02,1464.8348,1464.8348,1464.8348,1464.8348
2002-01-03,1464.8348,1464.8348,1464.8348,1464.8348
2002-01-04,1512.0879,1556.9781,1500.2748,1519.1758
2002-01-07,1512.0872,1533.3509,1479.0104,1512.0872
2002-01-08,1464.8350,1500.2746,1441.2086,1469.5602
2002-01-09,1464.8345,1512.0872,1457.7466,1512.0872
2002-01-10,1535.7139,1535.7139,1441.2084,1462.4720
2002-01-11,1509.7248,1521.5380,1464.8347,1502.6368
2002-01-14,1502.6368,1502.6368,1502.6368,1502.6368
2002-01-15,1455.3840,1464.8347,1427.0325,1427.0325
2002-01-16,1363.2415,1393.9557,1363.2415,1384.5052
2002-01-17,1360.8788,1389.2304,1341.9777,1351.4282
2002-01-18,1417.5824,1441.2088,1398.6813,1431.7582
2002-01-21,1412.8567,1457.7468,1384.5051,1453.0215
2002-01-22,1424.6700,1443.5711,1391.5931,1391.5931
2002-01-23,1360.8787,1434.1205,1360.8787,1424.6699
2002-01-24,1431.7580,1500.2746,1427.0328,1486.0988
2002-01-25,1483.7358,1486.0986,1445.9337,1464.8348
2002-01-28,1460.1098,1486.0989,1434.1208,1481.3735
2002-01-29,1495.5487,1495.5487,1464.8345,1476.6476
2002-01-30,1429.3949,1436.4828,1401.0432,1436.4828
2002-01-31,1436.4828,1436.4828,1436.4828,1436.4828
2002-02-01,1389.2308,1412.8572,1330.1649,1356.1539
2002-02-04,1308.9007,1313.6260,1271.0985,1294.7249
2002-02-05,1275.8237,1339.6149,1273.4610,1297.0874
2002-02-06,1320.7140,1356.1536,1320.7140,1346.7030
2002-02-07,1351.4284,1403.4064,1337.2525,1389.2306
2002-02-08,1410.4943,1424.6701,1396.3185,1403.4064
2002-02-11,1403.4064,1403.4064,1403.4064,1403.4064
2002-02-12,1464.8351,1512.0877,1450.6592,1507.3625
2002-02-13,1462.4723,1495.5492,1450.6591,1486.0988
2002-02-14,1552.2523,1587.6919,1535.7139,1582.9666
2002-02-15,1559.3409,1618.4067,1545.1650,1587.6925
2002-02-18,1564.0656,1594.7798,1564.0656,1592.4172
2002-02-19,1601.8680,1618.4064,1547.5273,1578.2417
2002-02-20,1559.3399,1606.5927,1535.7136,1594.7794
2002-02-21,1618.4063,1696.3733,1611.3184,1696.3733
2002-02-22,1675.1091,1729.4498,1625.4938,1729.4498
2002-02-25,1753.0756,1783.7900,1731.8119,1741.2626
2002-02-26,1809.7794,1814.5048,1753.0762,1802.6915
2002-02-27,1755.4387,1779.0650,1741.2628,1771.9771
2002-02-28,1800.3295,1800.3295,1701.0987,1712.9120
2002-03-01,1764.8896,1781.4280,1727.0875,1779.0654
2002-03-04,1819.2305,1909.0106,1807.4173,1885.3843
2002-03-05,1984.6157,1996.4290,1913.7366,1972.8025
2002-03-06,1968.0766,2124.0107,1939.7250,2055.4941
2002-03-07,2031.8676,2074.3950,1986.9773,2074.3950
2002-03-08,2072.0327,2161.8130,2036.5932,2149.9998
2002-03-11,2171.2635,2171.2635,2055.4943,2081.4834
2002-03-12,2034.2306,2055.4944,2012.9669,2031.8680
2002-03-13,1963.3515,2017.6922,1861.7582,1861.7582
2002-03-14,1838.1317,1890.1098,1802.6921,1857.0328
2002-03-15,1864.1204,1913.7357,1864.1204,1906.6478
2002-03-18,1977.5271,1984.6151,1920.8239,1920.8239
2002-03-19,1937.3623,1984.6151,1937.3623,1960.9888
2002-03-20,1982.2523,1982.2523,1887.7467,1906.6478
2002-03-21,1906.6478,1906.6478,1906.6478,1906.6478
2002-03-22,1906.6474,1906.6474,1845.2188,1849.9441
2002-03-25,1871.2081,1875.9334,1831.0432,1866.4828
2002-03-26,1842.8270,1892.5053,1842.8270,1864.1177
2002-03-27,1864.1175,1911.4301,1845.1924,1911.4301
2002-03-28,1913.7959,1913.7959,1857.0208,1864.1177
2002-03-29,1911.4301,1944.5490,1871.2144,1916.1614
2002-04-01,1916.1617,1920.8930,1880.6772,1899.6023
2002-04-02,1923.2581,1942.1832,1880.6768,1942.1832
2002-04-03,1916.1614,1970.5709,1899.6020,1968.2052
2002-04-04,1963.4742,2081.7557,1944.5491,2041.5400
2002-04-05,2034.4422,2039.1734,1987.1296,1996.5920
2002-04-08,2020.2494,2020.2494,1968.2054,1987.1305
2002-04-09,1987.1303,1987.1303,1842.8268,1868.8486
2002-04-10,1868.8493,1875.9462,1802.6116,1845.1930
2002-04-11,1883.0424,1883.0424,1847.5579,1866.4830
2002-04-12,1819.1700,1842.8264,1812.0731,1840.4607
2002-04-15,1821.5367,1892.5056,1821.5367,1890.1399
2002-04-16,1894.8713,1982.3996,1880.6775,1972.9371
2002-04-17,1996.5923,2017.8830,1963.4736,2008.4205
2002-04-18,1998.9590,2022.6152,1963.4745,1982.3994
2002-04-19,1958.7436,1975.3030,1930.3560,1975.3030
2002-04-22,1975.3016,2022.6142,1975.3016,2010.7860
2002-04-23,1987.1306,2010.7868,1977.6681,1980.0337
2002-04-24,1980.0333,2001.3239,1980.0333,1989.4957
2002-04-25,1989.4957,1991.8615,1977.6677,1989.4957
2002-04-26,1998.9585,2003.6897,1963.4741,1968.2052
2002-04-29,1968.2052,1968.2052,1968.2052,1968.2052
2002-04-30,1944.5492,1944.5492,1899.6023,1899.6023
2002-05-01,1904.3334,1916.1616,1880.6772,1887.7740
2002-05-02,1878.3112,1890.1393,1866.4830,1866.4830
2002-05-03,1866.4830,1866.4830,1866.4830,1866.4830
2002-05-06,1866.4830,1866.4830,1866.4830,1866.4830
2002-05-07,1890.1391,1890.1391,1800.2452,1821.5359
2002-05-08,1821.5361,1861.7517,1804.9765,1807.3423
2002-05-09,1854.6546,1878.3110,1816.8046,1821.5359
2002-05-10,1821.5368,1845.1930,1819.1710,1828.6337
2002-05-13,1807.3424,1807.3424,1767.1266,1781.3204
2002-05-14,1781.3204,1809.7080,1767.1266,1786.0518
2002-05-15,1826.2679,1866.4837,1816.8054,1845.1930
2002-05-16,1892.5047,1982.3985,1868.8483,1956.3767
2002-05-17,1932.7214,1975.3028,1932.7214,1965.8403
2002-05-20,1942.1841,2003.6904,1942.1841,1965.8403
2002-05-21,1918.5270,1932.7207,1899.6020,1916.1614
2002-05-22,1887.7737,1904.3331,1868.8486,1868.8486
2002-05-23,1892.5051,1901.9676,1859.3862,1880.6769
2002-05-24,1845.1922,1857.0204,1797.8795,1847.5577
2002-05-27,1842.8268,1857.0206,1804.9766,1804.9766
2002-05-28,1807.3419,1807.3419,1781.3199,1797.8793
2002-05-29,1781.3209,1795.5147,1769.4927,1771.8584
2002-05-30,1767.1263,1767.1263,1738.7388,1738.7388
2002-05-31,1774.2238,1804.9770,1762.3956,1767.1270
2002-06-03,1762.3951,1819.1703,1762.3951,1783.6858
2002-06-04,1764.7608,1764.7608,1738.7388,1738.7388
2002-06-05,1722.1799,1738.7392,1691.4265,1698.5234
2002-06-06,1703.2543,1724.5450,1693.7918,1703.2543
2002-06-07,1644.1140,1655.9421,1629.9202,1644.1140
2002-06-10,1620.4575,1670.1358,1620.4575,1651.2108
2002-06-11,1646.4788,1665.4039,1620.4568,1632.2850
2002-06-12,1603.8980,1618.0918,1587.3386,1618.0918
2002-06-13,1622.8228,1632.2852,1596.8008,1596.8008
2002-06-14,1573.1449,1603.8981,1561.3167,1570.7792
2002-06-17,1523.4666,1537.6604,1506.9070,1530.5635
2002-06-18,1573.1449,1625.1888,1573.1449,1606.2637
2002-06-19,1603.8981,1629.9202,1497.4447,1504.5416
2002-06-20,1504.5414,1547.1227,1495.0789,1525.8320
2002-06-21,1525.8323,1525.8323,1471.4228,1483.2510
2002-06-24,1452.4973,1532.9288,1433.5723,1518.7350
2002-06-25,1542.3915,1573.1448,1528.1977,1544.7572
2002-06-26,1514.0038,1514.0038,1466.6913,1466.6913
2002-06-27,1469.0572,1514.0041,1469.0572,1471.4227
2002-06-28,1495.0786,1540.0255,1495.0786,1516.3693
2002-07-01,1542.3910,1582.6067,1542.3910,1568.4130
2002-07-02,1521.1011,1532.9293,1506.9073,1528.1980
2002-07-03,1499.8102,1573.1449,1490.3478,1542.3916
2002-07-04,1547.1232,1561.3170,1502.1763,1502.1763
2002-07-05,1549.4885,1561.3167,1502.1760,1535.2947
2002-07-08,1606.2640,1620.4578,1563.6826,1566.0483
2002-07-09,1573.1446,1608.6290,1549.4881,1608.6290
2002-07-10,1584.9723,1596.8005,1563.6816,1568.4130
2002-07-11,1521.1011,1542.3918,1514.0042,1528.1980
2002-07-12,1549.4878,1575.5098,1547.1222,1547.1222
2002-07-15,1547.1227,1575.5103,1532.9290,1532.9290
2002-07-16,1537.6602,1556.5851,1530.5633,1537.6602
2002-07-17,1537.6601,1540.0257,1490.3474,1518.7350
2002-07-18,1544.7575,1566.0482,1523.4668,1549.4886
2002-07-19,1516.3693,1537.6599,1506.9066,1506.9066
2002-07-22,1445.4005,1511.6382,1443.0350,1469.0569
2002-07-23,1447.7662,1487.9820,1447.7662,1469.0569
2002-07-24,1445.4007,1447.7664,1402.8193,1402.8193
2002-07-25,1473.7886,1478.5197,1395.7227,1395.7227
2002-07-26,1301.0969,1324.7532,1232.4936,1234.8593
2002-07-29,1258.5160,1291.6349,1244.3223,1272.7098
2002-07-30,1327.1190,1329.4847,1301.0971,1317.6565
2002-07-31,1312.9256,1312.9256,1253.7848,1294.0006
2002-08-01,1272.7097,1272.7097,1187.5469,1201.7407
2002-08-02,1182.8153,1204.1060,1133.1371,1178.0841
2002-08-05,1130.7723,1142.6004,1095.2878,1118.9441
2002-08-06,1083.4592,1088.1905,1024.3185,1076.3623
2002-08-07,1135.5027,1178.0841,1128.4058,1170.9872
2002-08-08,1170.9874,1175.7186,1064.5340,1088.1903
2002-08-09,1123.6746,1130.7715,1088.1902,1111.8464
2002-08-12,1111.8464,1140.2340,1088.1902,1111.8464
2002-08-13,1076.3621,1107.1153,1076.3621,1104.7496
2002-08-14,1078.7280,1088.1906,1064.5342,1078.7280
2002-08-15,1092.9214,1109.4809,1092.9214,1100.0183
2002-08-16,1109.4808,1154.4277,1109.4808,1152.0621
2002-08-19,1147.3311,1152.0624,1126.0404,1137.8687
2002-08-20,1168.6217,1199.3750,1161.5248,1192.2781
2002-08-21,1170.9875,1206.4720,1159.1594,1199.3751
2002-08-22,1218.3002,1272.7098,1194.6440,1260.8816
2002-08-23,1260.8816,1260.8816,1260.8816,1260.8816
2002-08-26,1301.0975,1388.6258,1301.0975,1357.8727
2002-08-27,1346.0439,1353.1408,1291.6344,1298.7313
2002-08-28,1279.8067,1291.6348,1265.6129,1265.6129
2002-08-29,1260.8813,1263.2470,1220.6656,1220.6656
2002-08-30,1227.7625,1237.2251,1199.3750,1220.6656
2002-09-02,1206.4718,1223.0312,1206.4718,1215.9343
2002-09-03,1206.4717,1213.5686,1170.9872,1178.0841
2002-09-04,1156.7936,1168.6217,1140.2342,1163.8905
2002-09-05,1180.4500,1206.4720,1163.8906,1168.6218
2002-09-06,1156.7936,1161.5249,1133.1373,1154.4280
2002-09-09,1189.9125,1206.4720,1180.4500,1185.1813
2002-09-10,1187.5471,1220.6659,1185.1815,1187.5471
2002-09-11,1230.1281,1234.8593,1211.2029,1230.1281
2002-09-12,1230.1282,1239.5907,1208.8376,1239.5907
2002-09-13,1185.1812,1213.5688,1178.0843,1206.4719
2002-09-16,1206.4719,1206.4719,1206.4719,1206.4719
2002-09-17,1246.6878,1301.0974,1223.0315,1260.8816
2002-09-18,1213.5688,1239.5907,1189.9124,1239.5907
2002-09-19,1270.3438,1301.0970,1213.5687,1215.9343
2002-09-20,1182.8156,1239.5907,1182.8156,1206.4719
2002-09-23,1206.4719,1206.4719,1206.4719,1206.4719
2002-09-24,1159.1591,1178.0841,1144.9653,1170.9872
2002-09-25,1137.8017,1154.3947,1133.0609,1135.4313
2002-09-26,1152.0239,1175.7281,1118.8380,1123.5789
2002-09-27,1144.9129,1159.1354,1130.6903,1159.1354
2002-09-30,1111.7270,1125.9495,1092.7636,1104.6157
2002-10-01,1090.3933,1090.3933,1033.5032,1050.0961
2002-10-02,1078.5408,1085.6521,1014.5395,1014.5395
2002-10-03,993.2062,1002.6879,960.0203,983.7245
2002-10-04,948.1682,964.7611,905.5007,912.6119
2002-10-07,888.9076,888.9076,794.0907,803.5724
2002-10-08,801.2019,862.8328,794.0906,827.2766
2002-10-09,829.6469,846.2399,815.4244,815.4244
2002-10-10,805.9426,834.3876,770.3863,834.3876
2002-10-11,881.7961,912.6116,872.3144,907.8707
2002-10-14,907.8707,907.8707,907.8707,907.8707
2002-10-15,943.4274,981.3542,943.4274,981.3542
2002-10-16,983.7243,983.7243,917.3525,929.2046
2002-10-17,917.3523,960.0198,914.9818,922.0931
2002-10-18,933.9457,964.7611,914.9823,924.4640
2002-10-21,926.8344,936.3161,900.7598,900.7598
2002-10-22,914.9822,924.4639,869.9443,869.9443
2002-10-23,834.3881,881.7965,829.6472,874.6852
2002-10-24,886.5371,888.9076,860.4625,884.1667
2002-10-25,862.8330,884.1668,862.8330,877.0555
2002-10-28,888.9074,888.9074,860.4624,886.5370
2002-10-29,888.9077,912.6120,884.1669,903.1302
2002-10-30,898.3893,900.7597,884.1668,888.9076
2002-10-31,900.7598,914.9823,881.7964,900.7598
2002-11-01,879.4261,903.1304,865.2036,881.7966
2002-11-04,881.7966,881.7966,881.7966,881.7966
2002-11-05,988.4651,1000.3171,976.6130,1000.3171
2002-11-06,1012.1697,1118.8386,1000.3175,1064.3188
2002-11-07,1059.5780,1142.5427,1042.9850,1133.0610
2002-11-08,1097.5041,1104.6154,1045.3549,1047.7253
2002-11-11,1014.5399,1019.2808,950.5385,950.5385
2002-11-12,919.7228,962.3904,917.3524,957.6495
2002-11-13,983.7242,1000.3171,948.1679,952.9088
2002-11-14,941.0569,978.9835,926.8344,926.8344
2002-11-15,948.1679,983.7242,943.4270,976.6129
2002-11-18,967.1315,971.8723,943.4273,950.5385
2002-11-19,938.6863,960.0201,922.0933,936.3159
2002-11-20,924.4638,986.0947,922.0934,971.8722
2002-11-21,1007.4285,1054.8370,993.2060,1035.8735
2002-11-22,1059.5778,1144.9129,1026.3920,1116.4679
2002-11-25,1090.3933,1185.2101,1088.0229,1106.9862
2002-11-26,1114.0975,1137.8017,1092.7637,1095.1342
2002-11-27,1076.1707,1118.8382,1061.9482,1104.6157
2002-11-28,1163.8761,1208.9142,1154.3945,1206.5437
2002-11-29,1206.5437,1275.2860,1185.2100,1246.8409
2002-12-02,1246.8409,1246.8409,1246.8409,1246.8409
2002-12-03,1289.5084,1327.4350,1275.2859,1287.1379
2002-12-04,1216.0256,1242.1002,1192.3214,1197.0623
2002-12-05,1161.5054,1211.2842,1140.1716,1187.5800
2002-12-06,1197.0621,1225.5072,1180.4691,1208.9142
2002-12-09,1187.5802,1204.1731,1173.3577,1173.3577
2002-12-10,1161.5054,1180.4688,1144.9125,1170.9871
2002-12-11,1182.8395,1192.3211,1161.5057,1163.8761
2002-12-12,1152.0239,1159.1352,1128.3197,1140.1719
2002-12-13,1104.6157,1118.8382,1080.9115,1102.2452
2002-12-16,1078.5409,1090.3931,1042.9846,1054.8368
2002-12-17,1102.2456,1121.2089,1092.7639,1097.5048
2002-12-18,1078.5411,1078.5411,1021.6510,1035.8735
2002-12-19,1016.9103,1066.6891,1014.5398,1066.6891
2002-12-20,1066.6891,1080.9116,1038.2440,1066.6891
2002-12-23,1066.6891,1066.6891,1066.6891,1066.6891
2002-12-24,1088.0228,1114.0973,1078.5410,1104.6157
2002-12-25,1104.6155,1118.8381,1088.0226,1111.7268
2002-12-26,1135.4308,1173.3575,1123.5787,1170.9871
2002-12-27,1168.6169,1182.8394,1159.1351,1173.3577
2002-12-30,1149.6537,1163.8762,1128.3199,1128.3199
2002-12-31,1128.3199,1128.3199,1128.3199,1128.3199
2003-01-01,1128.3199,1128.3199,1128.3199,1128.3199
2003-01-02,1128.3199,1128.3199,1128.3199,1128.3199
2003-01-03,1128.3199,1128.3199,1128.3199,1128.3199
2003-01-06,1154.3946,1168.6171,1152.0242,1152.0242
2003-01-07,1175.7284,1175.7284,1152.0242,1152.0242
2003-01-08,1152.0243,1152.0243,1125.9497,1125.9497
2003-01-09,1090.3933,1121.2087,1085.6524,1106.9862
2003-01-10,1130.6900,1133.0604,1095.1337,1121.2083
2003-01-13,1121.2083,1121.2083,1121.2083,1121.2083
2003-01-14,1133.0610,1189.9511,1130.6905,1180.4694
2003-01-15,1168.6169,1175.7281,1149.6534,1173.3577
2003-01-16,1147.2834,1161.5060,1121.2088,1135.4313
2003-01-17,1123.5787,1156.7646,1118.8379,1149.6533
2003-01-20,1149.6533,1166.2463,1135.4308,1149.6533
2003-01-21,1140.1721,1178.0988,1137.8017,1166.2467
2003-01-22,1175.7283,1175.7283,1161.5058,1168.6171
2003-01-23,1170.9874,1211.2845,1137.8015,1211.2845
2003-01-24,1201.8024,1223.1362,1173.3574,1204.1729
2003-01-27,1156.7652,1168.6173,1144.9131,1144.9131
2003-01-28,1121.2087,1137.8016,1111.7270,1137.8016
2003-01-29,1137.8016,1137.8016,1106.9861,1130.6903
2003-01-30,1130.6903,1135.4312,1109.3566,1109.3566
2003-01-31,1097.5044,1099.8747,1080.9114,1083.2819
2003-02-03,1066.6890,1125.9495,1057.2073,1109.3566
2003-02-04,1130.6901,1137.8014,1102.2451,1111.7268
2003-02-05,1104.6159,1161.5060,1102.2454,1147.2834
2003-02-06,1135.4309,1144.9127,1114.0972,1114.0972
2003-02-07,1109.3565,1118.8382,1095.1339,1099.8748
2003-02-10,1088.0225,1102.2450,1076.1704,1080.9113
2003-02-11,1080.9113,1080.9113,1080.9113,1080.9113
2003-02-12,1071.4296,1095.1338,1071.4296,1085.6521
2003-02-13,1085.6521,1095.1338,1073.8000,1085.6521
2003-02-14,1090.3930,1104.6155,1083.2817,1085.6521
2003-02-17,1121.2089,1121.2089,1095.1343,1097.5048
2003-02-18,1109.3566,1121.2086,1099.8749,1109.3566
2003-02-19,1121.2088,1121.2088,1071.4299,1071.4299
2003-02-20,1071.4296,1083.2818,1071.4296,1078.5409
2003-02-21,1080.9114,1095.1339,1069.0593,1069.0593
2003-02-24,1071.4297,1099.8747,1066.6889,1083.2819
2003-02-25,1076.1706,1078.5410,1059.5776,1059.5776
2003-02-26,1057.2073,1059.5778,1035.8735,1035.8735
2003-02-27,1035.8732,1054.8366,1024.0212,1028.7620
2003-02-28,1024.0214,1042.9848,1000.3172,1005.0581
2003-03-03,993.2057,1042.9845,993.2057,1040.6141
2003-03-04,1019.2805,1028.7621,1007.4283,1026.3917
2003-03-05,1014.5399,1024.0216,1014.5399,1021.6511
2003-03-06,1033.5031,1035.8734,1019.2805,1033.5031
2003-03-07,1014.5398,1014.5398,969.5018,969.5018
2003-03-10,933.9455,943.4271,919.7230,943.4271
2003-03-11,919.7230,948.1681,910.2413,910.2413
2003-03-12,903.1302,919.7231,900.7597,914.9822
2003-03-13,922.0932,924.4636,900.7594,907.8707
2003-03-14,919.7230,943.4271,910.2413,917.3525
2003-03-17,926.8340,926.8340,888.9073,891.2777
2003-03-18,914.9819,945.7974,914.9819,919.7228
2003-03-19,919.7232,924.4640,891.2781,924.4640
2003-03-20,933.9455,967.1313,933.9455,967.1313
2003-03-21,967.1313,967.1313,967.1313,967.1313
2003-03-24,978.9835,1000.3172,967.1314,971.8722
2003-03-25,943.4271,960.0201,936.3158,945.7975
2003-03-26,969.5613,993.3251,964.8086,993.3251
2003-03-27,995.7015,995.7015,979.0669,988.5724
2003-03-28,988.5723,988.5723,967.1849,971.9377
2003-03-31,960.0559,962.4323,903.0229,903.0229
2003-04-01,891.1410,924.4103,874.5064,903.0229
2003-04-02,903.0227,914.9046,838.8605,860.2479
2003-04-03,872.1299,903.0227,860.2479,860.2479
2003-04-04,855.4955,862.6246,843.6137,862.6246
2003-04-07,876.8829,876.8829,848.3663,867.3773
2003-04-08,874.5064,931.5394,869.7537,912.5284
2003-04-09,912.5281,929.1628,900.6463,910.1517
2003-04-10,900.6467,905.3994,855.4955,884.0120
2003-04-11,872.1298,903.0226,860.2479,895.8935
2003-04-14,872.1298,879.2590,834.1078,853.1188
2003-04-15,867.3772,914.9048,867.3772,903.0229
2003-04-16,936.2923,969.5615,922.0340,964.8088
2003-04-17,957.6792,974.3138,938.6681,967.1846
2003-04-18,979.0667,990.9486,967.1848,979.0667
2003-04-21,990.9487,1019.4652,983.8196,1019.4652
2003-04-22,1019.4652,1019.4652,981.4431,993.3251
2003-04-23,1000.4543,1017.0889,986.1961,1002.8306
2003-04-24,1014.7124,1019.4651,990.9486,995.7013
2003-04-25,983.8198,983.8198,952.9268,964.8088
2003-04-28,950.5506,950.5506,914.9049,914.9049
2003-04-29,914.9049,914.9049,914.9049,914.9049
2003-04-30,962.4322,964.8086,943.4212,943.4212
2003-05-01,919.6576,964.8088,917.2812,952.9268
2003-05-02,948.1739,955.3031,938.6684,943.4212
2003-05-05,943.4212,943.4212,943.4212,943.4212
2003-05-06,955.3034,1017.0891,955.3034,1005.2073
2003-05-07,1017.0887,1017.0887,979.0667,979.0667
2003-05-08,955.3032,998.0779,955.3032,988.5724
2003-05-09,976.6904,986.1959,950.5503,971.9377
2003-05-12,960.0558,988.5723,931.5393,957.6794
2003-05-13,967.1850,981.4432,948.1740,948.1740
2003-05-14,945.7974,971.9376,945.7974,960.0557
2003-05-15,952.9267,960.0559,919.6575,929.1630
2003-05-16,922.0339,948.1740,922.0339,929.1630
2003-05-19,917.2811,917.2811,900.6466,903.0229
2003-05-20,903.0230,905.3994,884.0120,884.0120
2003-05-21,881.6354,884.0118,838.8606,879.2591
2003-05-22,891.1412,898.2703,869.7538,884.0120
2003-05-23,891.1407,900.6462,879.2588,893.5171
2003-05-26,900.6466,907.7757,895.8938,903.0229
2003-05-27,905.3994,905.3994,884.0120,884.0120
2003-05-28,895.8936,895.8936,886.3881,888.7645
2003-05-29,895.8938,905.3993,888.7646,903.0229
2003-05-30,905.3993,917.2812,895.8938,912.5284
2003-06-02,924.4101,950.5503,917.2810,943.4212
2003-06-03,955.3031,976.6905,936.2921,962.4323
2003-06-04,967.1846,990.9484,964.8083,967.1846
2003-06-05,990.9488,1007.5834,988.5724,1002.8306
2003-06-06,1007.5835,1014.7126,995.7015,1014.7126
2003-06-09,1009.9595,1026.5942,993.3249,1017.0886
2003-06-10,993.3254,1017.0891,993.3254,1005.2073
2003-06-11,1017.0884,1043.2286,1002.8302,1031.3467
2003-06-12,1055.1109,1055.1109,1009.9598,1014.7126
2003-06-13,1038.4763,1043.2291,1026.5945,1038.4763
2003-06-16,1031.3471,1062.2400,1026.5944,1040.8527
2003-06-17,1066.9930,1076.4986,1064.6167,1066.9930
2003-06-18,1076.4980,1128.7783,1074.1216,1112.1437
2003-06-19,1112.1437,1121.6492,1081.2508,1088.3799
2003-06-20,1064.6162,1081.2508,1055.1107,1071.7454
2003-06-23,1071.7456,1078.8747,1045.6054,1047.9818
2003-06-24,1026.5942,1038.4761,1024.2178,1026.5942
2003-06-25,1024.2179,1028.9707,1012.3361,1019.4652
2003-06-26,1019.4649,1019.4649,990.9484,1012.3358
2003-06-27,1047.9817,1069.3691,1043.2290,1064.6163
2003-06-30,1066.9930,1100.2623,1066.9930,1095.5095
2003-07-01,1093.1327,1128.7783,1090.7563,1124.0255
2003-07-02,1145.4132,1169.1770,1145.4132,1145.4132
2003-07-03,1211.9518,1211.9518,1100.2621,1109.7676
2003-07-04,1105.0147,1135.9077,1105.0147,1133.5312
2003-07-07,1140.6605,1197.6936,1140.6605,1183.4353
2003-07-08,1235.7152,1302.2536,1235.7152,1299.8773
2003-07-09,1297.5011,1299.8775,1238.0916,1271.3610
2003-07-10,1252.3499,1254.7263,1228.5862,1230.9625
2003-07-11,1183.4347,1204.8220,1159.6709,1176.3055
2003-07-14,1178.6821,1211.9513,1169.1766,1207.1986
2003-07-15,1238.0917,1285.6193,1238.0917,1264.2319
2003-07-16,1307.0068,1316.5122,1247.5974,1268.9847
2003-07-17,1252.3500,1252.3500,1190.5643,1219.0808
2003-07-18,1178.6821,1211.9513,1178.6821,1207.1986
2003-07-21,1207.1986,1207.1986,1207.1986,1207.1986
2003-07-22,1204.8221,1221.4568,1197.6930,1204.8221
2003-07-23,1235.7156,1283.2431,1235.7156,1278.4904
2003-07-24,1278.4899,1307.0064,1278.4899,1299.8773
2003-07-25,1207.1986,1233.3387,1195.3167,1214.3278
2003-07-28,1221.4573,1226.2100,1162.0479,1169.1770
2003-07-29,1181.0588,1195.3171,1138.2841,1150.1660
2003-07-30,1140.6604,1157.2950,1128.7785,1133.5312
2003-07-31,1128.7785,1131.1549,1093.1329,1097.8856
2003-08-01,1128.7786,1135.9077,1114.5203,1131.1549
2003-08-04,1128.7785,1128.7785,1105.0148,1116.8966
2003-08-05,1105.0143,1116.8962,1076.4978,1083.6270
2003-08-06,1071.7455,1083.6273,1057.4872,1064.6163
2003-08-07,1076.4982,1076.4982,1047.9817,1057.4872
2003-08-08,1069.3691,1086.0037,1057.4872,1064.6163
2003-08-11,1078.8742,1090.7561,1074.1214,1083.6270
2003-08-12,1105.0145,1135.9074,1093.1327,1124.0255
2003-08-13,1133.5312,1138.2840,1126.4021,1133.5312
2003-08-14,1121.6492,1152.5421,1114.5201,1143.0366
2003-08-15,1147.7898,1147.7898,1147.7898,1147.7898
2003-08-18,1154.9188,1169.1771,1152.5424,1154.9188
2003-08-19,1185.8112,1211.9513,1176.3057,1207.1986
2003-08-20,1223.8334,1223.8334,1190.5642,1202.4460
2003-08-21,1190.5642,1211.9515,1188.1878,1211.9515
2003-08-22,1214.3284,1219.0812,1183.4355,1188.1882
2003-08-25,1235.7154,1259.4791,1226.2099,1252.3500
2003-08-26,1254.7263,1254.7263,1211.9515,1228.5862
2003-08-27,1235.7157,1235.7157,1200.0701,1200.0701
2003-08-28,1235.7154,1278.4902,1228.5863,1264.2319
2003-08-29,1307.0066,1404.4379,1264.2318,1390.1797
2003-09-01,1454.3420,1497.1168,1449.5893,1482.8585
2003-09-02,1492.3641,1520.8806,1473.3532,1497.1169
2003-09-03,1499.4928,1516.1276,1428.2016,1451.9653
2003-09-04,1473.3532,1482.8587,1437.7075,1466.2241
2003-09-05,1466.2236,1466.2236,1404.4378,1425.8252
2003-09-08,1354.5339,1416.3197,1354.5339,1409.1906
2003-09-09,1413.9435,1466.2238,1413.9435,1444.8363
2003-09-10,1421.0725,1459.0944,1416.3197,1425.8252
2003-09-11,1378.2980,1402.0617,1371.1689,1385.4271
2003-09-12,1385.4273,1385.4273,1361.6635,1371.1691
2003-09-15,1371.1691,1371.1691,1371.1691,1371.1691
2003-09-16,1359.2869,1368.7924,1349.7814,1366.4160
2003-09-17,1383.0507,1402.0617,1354.5342,1366.4160
2003-09-18,1354.5342,1392.5563,1349.7815,1385.4271
2003-09-19,1409.1909,1409.1909,1354.5343,1399.6854
2003-09-22,1352.1580,1359.2872,1302.2541,1307.0070
2003-09-23,1307.0070,1307.0070,1307.0070,1307.0070
2003-09-24,1276.1137,1295.1247,1176.3059,1202.4460
2003-09-25,1177.4197,1241.7727,1167.8860,1225.0886
2003-09-26,1225.0890,1275.1413,1215.5552,1263.2240
2003-09-29,1244.1566,1265.6076,1244.1566,1248.9235
2003-09-30,1272.7574,1287.0580,1265.6071,1265.6071
2003-10-01,1251.3064,1275.1408,1251.3064,1265.6071
2003-10-02,1291.8254,1298.9757,1275.1414,1294.2089
2003-10-03,1287.0585,1291.8253,1279.9081,1287.0585
2003-10-06,1287.0583,1322.8099,1287.0583,1318.0431
2003-10-07,1294.2089,1313.2764,1291.8255,1296.5924
2003-10-08,1265.6072,1284.6747,1227.4721,1234.6224
2003-10-09,1246.5395,1251.3063,1234.6222,1239.3892
2003-10-10,1275.1411,1318.0431,1246.5398,1298.9755
2003-10-13,1298.9755,1298.9755,1298.9755,1298.9755
2003-10-14,1322.8098,1370.4786,1322.8098,1363.3282
2003-10-15,1380.0121,1401.4631,1353.7943,1380.0121
2003-10-16,1401.4639,1413.3810,1382.3964,1406.2307
2003-10-17,1403.8470,1420.5311,1399.0801,1408.6139
2003-10-20,1394.3129,1425.2976,1370.4784,1413.3804
2003-10-21,1430.0646,1463.4328,1418.1475,1441.9818
2003-10-22,1441.9817,1441.9817,1420.5307,1422.9142
2003-10-23,1384.7800,1389.5469,1315.6602,1315.6602
2003-10-24,1315.6594,1346.6442,1289.4416,1310.8926
2003-10-27,1310.8927,1344.2608,1310.8927,1332.3436
2003-10-28,1356.1776,1358.5611,1329.9598,1351.4108
2003-10-29,1394.3131,1444.3654,1394.3131,1427.6813
2003-10-30,1410.9968,1453.8988,1410.9968,1434.8312
2003-10-31,1430.0652,1432.4486,1389.5467,1406.2307
2003-11-03,1406.2307,1406.2307,1406.2307,1406.2307
2003-11-04,1434.8317,1482.5005,1434.8317,1477.7338
2003-11-05,1451.5154,1489.6504,1444.3651,1489.6504
2003-11-06,1573.0707,1592.1383,1527.7854,1539.7025
2003-11-07,1573.0713,1580.2217,1549.2370,1551.6204
2003-11-10,1575.4543,1601.6722,1556.3869,1596.9053
2003-11-11,1530.1692,1556.3871,1482.5003,1503.9513
2003-11-12,1499.1848,1542.0867,1482.5006,1494.4178
2003-11-13,1551.6200,1558.7704,1453.8990,1506.3347
2003-11-14,1515.8694,1518.2528,1463.4336,1492.0350
2003-11-17,1430.0647,1446.7488,1384.7793,1399.0800
2003-11-18,1396.6969,1418.1479,1365.7121,1396.6969
2003-11-19,1372.8622,1380.0125,1337.1106,1337.1106
2003-11-20,1382.3962,1382.3962,1322.8101,1346.6445
2003-11-21,1334.7272,1377.6292,1318.0432,1368.0955
2003-11-24,1368.0955,1368.0955,1368.0955,1368.0955
2003-11-25,1406.2300,1425.2976,1406.2300,1413.3804
2003-11-26,1430.0646,1465.8163,1406.2302,1441.9818
2003-11-27,1418.1473,1430.0645,1368.0951,1422.9142
2003-11-28,1394.3130,1399.0799,1358.5614,1363.3282
2003-12-01,1363.3283,1437.2150,1337.1105,1425.2979
2003-12-02,1453.8992,1465.8164,1437.2151,1456.2826
2003-12-03,1453.8989,1475.3498,1427.6810,1463.4326
2003-12-04,1465.8165,1480.1171,1456.2827,1477.7338
2003-12-05,1453.8991,1468.1997,1422.9144,1430.0647
2003-12-08,1406.2304,1406.2304,1346.6444,1365.7119
2003-12-09,1389.5463,1389.5463,1322.8099,1349.0277
2003-12-10,1332.3436,1334.7270,1301.3588,1322.8098
2003-12-11,1334.7268,1356.1778,1313.2758,1329.9600
2003-12-12,1375.2458,1377.6292,1353.7948,1368.0955
2003-12-15,1406.2306,1418.1479,1384.7796,1396.6969
2003-12-16,1368.0956,1387.1631,1368.0956,1377.6293
2003-12-17,1380.0121,1394.3127,1356.1777,1380.0121
2003-12-18,1356.1778,1372.8620,1334.7269,1341.8772
2003-12-19,1380.0125,1380.0125,1349.0277,1349.0277
2003-12-22,1372.8623,1396.6967,1358.5616,1394.3132
2003-12-23,1394.3132,1394.3132,1394.3132,1394.3132
2003-12-24,1399.0801,1437.2152,1399.0801,1408.6139
2003-12-25,1399.0799,1427.6812,1399.0799,1425.2979
2003-12-26,1413.3806,1430.0647,1413.3806,1425.2979
2003-12-29,1441.9822,1451.5160,1420.5313,1449.1326
2003-12-30,1458.6658,1465.8162,1441.9817,1446.7487
2003-12-31,1446.7487,1446.7487,1446.7487,1446.7487
2004-01-01,1446.7487,1446.7487,1446.7487,1446.7487
2004-01-02,1446.7487,1446.7487,1446.7487,1446.7487
2004-01-05,1472.9668,1472.9668,1437.2152,1439.5986
2004-01-06,1470.5829,1470.5829,1427.6809,1434.8312
2004-01-07,1434.8309,1465.8156,1434.8309,1453.8984
2004-01-08,1444.3653,1513.4851,1444.3653,1496.8009
2004-01-09,1520.6354,1542.0864,1513.4851,1537.3195
2004-01-12,1537.3195,1537.3195,1537.3195,1537.3195
2004-01-13,1554.0036,1556.3872,1518.2520,1525.4023
2004-01-14,1480.1171,1570.6879,1480.1171,1544.4700
2004-01-15,1549.2367,1556.3870,1525.4022,1537.3195
2004-01-16,1554.0037,1561.1541,1539.7031,1551.6204
2004-01-19,1554.0040,1577.8385,1554.0040,1565.9213
2004-01-20,1589.7554,1592.1390,1556.3874,1573.0714
2004-01-21,1556.3877,1570.6883,1534.9367,1542.0870
2004-01-22,1542.0864,1542.0864,1480.1169,1499.1844
2004-01-23,1499.1845,1518.2519,1487.2673,1503.9513
2004-01-26,1487.2676,1503.9516,1475.3503,1501.5682
2004-01-27,1511.1019,1530.1695,1468.1999,1470.5835
2004-01-28,1446.7490,1449.1324,1377.6291,1394.3132
2004-01-29,1370.4787,1396.6966,1363.3284,1382.3960
2004-01-30,1382.3962,1396.6969,1360.9452,1377.6293
2004-02-02,1360.9452,1377.6292,1353.7948,1356.1782
2004-02-03,1356.1778,1363.3281,1322.8096,1329.9600
2004-02-04,1320.4262,1325.1931,1265.6071,1265.6071
2004-02-05,1260.8405,1313.2761,1258.4570,1298.9755
2004-02-06,1298.9756,1313.2762,1279.9081,1284.6749
2004-02-09,1318.0432,1346.6445,1284.6750,1287.0585
2004-02-10,1291.8253,1306.1259,1253.6903,1263.2240
2004-02-11,1263.2240,1263.2240,1263.2240,1263.2240
2004-02-12,1270.3741,1275.1410,1215.5549,1234.6224
2004-02-13,1234.6223,1234.6223,1215.5548,1225.0886
2004-02-16,1234.6227,1256.0737,1217.9387,1253.6903
2004-02-17,1251.3068,1327.5769,1246.5400,1327.5769
2004-02-18,1325.1936,1325.1936,1270.3744,1279.9082
2004-02-19,1303.7422,1315.6594,1287.0581,1301.3588
2004-02-20,1298.9759,1298.9759,1270.3746,1272.7581
2004-02-23,1237.0058,1265.6071,1232.2390,1258.4568
2004-02-24,1244.1563,1248.9232,1215.5551,1215.5551
2004-02-25,1215.5550,1232.2391,1206.0212,1208.4047
2004-02-26,1227.4723,1232.2392,1210.7883,1217.9386
2004-02-27,1241.7729,1275.1411,1227.4722,1260.8405
2004-03-01,1284.6751,1296.5923,1270.3744,1279.9082
2004-03-02,1306.1261,1308.5096,1284.6751,1296.5924
2004-03-03,1296.5920,1298.9754,1279.9079,1291.8251
2004-03-04,1291.8257,1318.0436,1289.4423,1315.6602
2004-03-05,1332.3438,1332.3438,1270.3743,1284.6749
2004-03-08,1298.9755,1306.1259,1282.2915,1282.2915
2004-03-09,1258.4569,1272.7576,1246.5398,1267.9907
2004-03-10,1248.9233,1260.8406,1222.7055,1229.8558
2004-03-11,1215.5550,1251.3066,1215.5550,1246.5398
2004-03-12,1222.7051,1272.7574,1222.7051,1265.6071
2004-03-15,1275.1411,1275.1411,1256.0735,1260.8405
2004-03-16,1237.0060,1246.5398,1222.7053,1227.4722
2004-03-17,1229.8560,1251.3069,1229.8560,1248.9235
2004-03-18,1260.8404,1263.2238,1217.9385,1227.4722
2004-03-19,1232.2393,1239.3896,1220.3220,1229.8558
2004-03-22,1237.0057,1246.5395,1229.8554,1237.0057
2004-03-23,1229.8557,1234.6225,1215.5550,1232.2391
2004-03-24,1234.6225,1237.0060,1217.9385,1222.7053
2004-03-25,1225.0891,1253.6904,1225.0891,1248.9235
2004-03-26,1285.9728,1326.6076,1274.0213,1319.4368
2004-03-29,1324.2173,1326.6076,1305.0951,1314.6562
2004-03-30,1331.3882,1333.7785,1309.8756,1319.4368
2004-03-31,1326.6073,1333.7782,1285.9725,1326.6073
2004-04-01,1314.6559,1321.8267,1278.8016,1295.5336
2004-04-02,1295.5339,1326.6076,1290.7534,1319.4368
2004-04-05,1360.0713,1367.2422,1340.9491,1364.8519
2004-04-06,1379.1936,1388.7546,1340.9490,1372.0227
2004-04-07,1350.5104,1362.4617,1343.3395,1355.2909
2004-04-08,1338.5586,1348.1198,1326.6072,1343.3392
2004-04-09,1314.6561,1321.8270,1285.9727,1293.1436
2004-04-12,1295.5341,1319.4370,1295.5341,1312.2661
2004-04-13,1321.8271,1345.7299,1319.4368,1319.4368
2004-04-14,1297.9244,1302.7050,1276.4119,1288.3633
2004-04-15,1300.3145,1314.6562,1274.0213,1276.4116
2004-04-16,1278.8019,1288.3630,1266.8505,1276.4116
2004-04-19,1266.8503,1276.4114,1242.9475,1257.2892
2004-04-20,1266.8502,1305.0947,1259.6793,1305.0947
2004-04-21,1290.7532,1328.9977,1276.4115,1317.0463
2004-04-22,1328.9976,1331.3878,1302.7044,1305.0947
2004-04-23,1314.6562,1350.5105,1309.8756,1350.5105
2004-04-26,1362.4618,1367.2423,1338.5589,1345.7297
2004-04-27,1328.9979,1340.9493,1300.3145,1321.8270
2004-04-28,1309.8755,1319.4366,1285.9727,1293.1436
2004-04-29,1293.1436,1293.1436,1293.1436,1293.1436
2004-04-30,1259.6793,1278.8017,1257.2891,1264.4600
2004-05-03,1264.4600,1264.4600,1264.4600,1264.4600
2004-05-04,1264.4600,1264.4600,1264.4600,1264.4600
2004-05-05,1264.4600,1264.4600,1264.4600,1264.4600
2004-05-06,1271.6309,1278.8017,1238.1669,1238.1669
2004-05-07,1230.9962,1245.3379,1226.2157,1226.2157
2004-05-10,1230.9956,1254.8984,1171.2386,1183.1899
2004-05-11,1171.2394,1195.1421,1159.2879,1176.0199
2004-05-12,1192.7518,1204.7032,1166.4586,1187.9712
2004-05-13,1185.5804,1185.5804,1147.3359,1149.7262
2004-05-14,1137.7750,1159.2875,1113.8722,1140.1653
2004-05-17,1121.0432,1125.8237,1078.0181,1078.0181
2004-05-18,1066.0665,1116.2624,1066.0665,1104.3110
2004-05-19,1125.8236,1166.4584,1111.4819,1161.6779
2004-05-20,1144.9459,1159.2876,1123.4333,1123.4333
2004-05-21,1135.3849,1156.8974,1135.3849,1152.1168
2004-05-24,1154.5070,1164.0682,1152.1167,1156.8973
2004-05-25,1152.1168,1156.8975,1123.4334,1125.8237
2004-05-26,1149.7265,1154.5071,1137.7751,1154.5071
2004-05-27,1159.2875,1166.4583,1135.3847,1137.7749
2004-05-28,1159.2878,1187.9712,1156.8976,1187.9712
2004-05-31,1183.1901,1183.1901,1159.2873,1166.4581
2004-06-01,1176.0196,1187.9709,1166.4584,1171.2390
2004-06-02,1166.4584,1171.2391,1154.5071,1159.2876
2004-06-03,1159.2874,1164.0680,1113.8721,1113.8721
2004-06-04,1113.8721,1118.6527,1101.9207,1106.7013
2004-06-07,1113.8726,1130.6046,1111.4823,1128.2144
2004-06-08,1152.1168,1152.1168,1123.4333,1123.4333
2004-06-09,1121.0435,1135.3852,1118.6532,1128.2144
2004-06-10,1121.0431,1123.4333,1111.4819,1121.0431
2004-06-11,1109.0916,1125.8236,1099.5305,1104.3110
2004-06-14,1109.0918,1109.0918,1075.6278,1075.6278
2004-06-15,1063.6762,1075.6276,1051.7247,1051.7247
2004-06-16,1075.6277,1085.1889,1066.0666,1073.2374
2004-06-17,1063.6764,1068.4569,1046.9444,1054.1152
2004-06-18,1051.7250,1051.7250,1027.8222,1030.2124
2004-06-21,1030.2122,1051.7248,1027.8220,1032.6025
2004-06-22,1023.0412,1027.8219,996.7481,1001.5287
2004-06-23,1025.4317,1039.7734,1011.0900,1032.6025
2004-06-24,1056.5056,1066.0667,1044.5541,1061.2861
2004-06-25,1066.0667,1075.6278,1051.7250,1061.2861
2004-06-28,1080.4078,1104.3107,1073.2370,1099.5302
2004-06-29,1101.9207,1106.7013,1087.5790,1104.3110
2004-06-30,1099.5307,1116.2626,1092.3598,1101.9209
2004-07-01,1113.8722,1116.2625,1082.7985,1089.9694
2004-07-02,1066.0666,1073.2374,1049.3346,1056.5055
2004-07-05,1056.5053,1058.8955,1037.3830,1049.3345
2004-07-06,1039.7733,1061.2859,1037.3830,1039.7733
2004-07-07,1020.6509,1032.6023,1020.6509,1027.8218
2004-07-08,1032.6025,1039.7733,1015.8705,1015.8705
2004-07-09,1015.8703,1023.0411,1015.8703,1023.0411
2004-07-12,1030.2120,1039.7731,1020.6509,1023.0411
2004-07-13,1023.0413,1025.4316,1006.3094,1015.8705
2004-07-14,1018.2607,1018.2607,1006.3093,1006.3093
2004-07-15,1011.0900,1011.0900,968.0649,975.2358
2004-07-16,980.0162,1015.8704,958.5036,1008.6996
2004-07-19,1008.6996,1008.6996,1008.6996,1008.6996
2004-07-20,989.5775,996.7483,972.8455,975.2358
2004-07-21,994.3579,1008.6996,989.5773,1008.6996
2004-07-22,977.6259,989.5773,975.2356,977.6259
2004-07-23,980.0163,982.4067,963.2844,970.4553
2004-07-26,958.5035,989.5772,956.1133,984.7967
2004-07-27,984.7972,987.1874,956.1137,958.5040
2004-07-28,991.9676,1018.2606,989.5772,1003.9189
2004-07-29,1015.8704,1025.4315,989.5773,1018.2607
2004-07-30,1025.4317,1044.5539,1025.4317,1042.1637
2004-08-02,1044.5541,1044.5541,1025.4319,1030.2124
2004-08-03,1039.7732,1042.1635,1018.2606,1027.8218
2004-08-04,1013.4804,1015.8706,984.7970,1013.4804
2004-08-05,1025.4317,1044.5540,1013.4803,1044.5540
2004-08-06,1020.6512,1046.9443,1011.0901,1046.9443
2004-08-09,1020.6512,1044.5540,1018.2609,1044.5540
2004-08-10,1039.7735,1058.8957,1037.3832,1056.5055
2004-08-11,1066.0666,1068.4569,1049.3347,1054.1152
2004-08-12,1049.3345,1049.3345,1030.2122,1034.9928
2004-08-13,1015.8705,1027.8220,1013.4803,1015.8705
2004-08-16,1008.6996,1015.8704,999.1385,1006.3093
2004-08-17,1025.4316,1025.4316,1003.9190,1006.3093
2004-08-18,999.1387,1020.6513,999.1387,1020.6513
2004-08-19,1032.6025,1058.8956,1023.0413,1051.7247
2004-08-20,1051.7250,1063.6764,1044.5541,1061.2861
2004-08-23,1063.6762,1066.0664,1051.7247,1051.7247
2004-08-24,1058.8952,1070.8467,1049.3341,1070.8467
2004-08-25,1068.4570,1080.4083,1056.5056,1075.6278
2004-08-26,1075.6278,1078.0181,1056.5056,1066.0667
2004-08-27,1068.4570,1068.4570,1056.5056,1066.0667
2004-08-30,1061.2861,1063.6764,1056.5056,1061.2861
2004-08-31,1056.5053,1061.2859,1049.3345,1049.3345
2004-09-01,1051.7247,1058.8956,1049.3345,1051.7247
2004-09-02,1051.7249,1066.0667,1051.7249,1066.0667
2004-09-03,1061.2859,1063.6762,1042.1637,1042.1637
2004-09-06,1030.2122,1034.9929,1013.4803,1032.6025
2004-09-07,1044.5539,1044.5539,1025.4316,1034.9928
2004-09-08,1037.3828,1037.3828,1023.0411,1023.0411
2004-09-09,1018.2607,1032.6024,1008.6996,1008.6996
2004-09-10,1008.6996,1023.0413,1003.9191,1015.8705
2004-09-13,1030.2121,1058.8955,1018.2607,1058.8955
2004-09-14,1073.2375,1082.7987,1063.6764,1075.6278
2004-09-15,1075.6277,1075.6277,1051.7249,1056.5055
2004-09-16,1039.7734,1049.3346,1032.6026,1044.5540
2004-09-17,1032.6024,1037.3829,1020.6510,1025.4315
2004-09-20,1025.4315,1025.4315,1025.4315,1025.4315
2004-09-21,1025.4316,1030.2122,1013.4803,1015.8705
2004-09-22,1027.8222,1034.9930,1018.2610,1020.6513
2004-09-23,1020.6513,1020.6513,1020.6513,1020.6513
2004-09-24,1011.0899,1013.4802,999.1385,1006.3093
2004-09-27,1019.5031,1019.5031,995.5148,1019.5031
2004-09-28,1021.9014,1055.4850,1017.1038,1041.0920
2004-09-29,1050.6878,1053.0867,1036.2948,1048.2889
2004-09-30,1048.2888,1079.4737,1048.2888,1074.6760
2004-10-01,1065.0805,1069.8781,1055.4852,1062.6816
2004-10-04,1086.6704,1110.6587,1077.0751,1108.2599
2004-10-05,1105.8611,1105.8611,1093.8670,1105.8611
2004-10-06,1089.0693,1110.6587,1089.0693,1108.2599
2004-10-07,1101.0634,1101.0634,1074.6762,1079.4739
2004-10-08,1060.2832,1077.0750,1060.2832,1072.2773
2004-10-11,1072.2773,1072.2773,1072.2773,1072.2773
2004-10-12,1077.0746,1079.4735,1062.6816,1062.6816
2004-10-13,1062.6816,1072.2769,1048.2886,1055.4851
2004-10-14,1050.6876,1055.4853,1038.6935,1045.8900
2004-10-15,1043.4913,1057.8843,1043.4913,1048.2889
2004-10-18,1060.2834,1067.4799,1055.4857,1065.0811
2004-10-19,1077.0749,1101.0632,1074.6761,1093.8667
2004-10-20,1089.0690,1089.0690,1062.6818,1074.6760
2004-10-21,1069.8785,1084.2715,1065.0809,1069.8785
2004-10-22,1084.2715,1110.6587,1077.0750,1110.6587
2004-10-25,1091.4680,1134.6469,1079.4739,1127.4504
2004-10-26,1127.4502,1146.6409,1125.0514,1146.6409
2004-10-27,1139.4446,1139.4446,1125.0516,1129.8492
2004-10-28,1146.6410,1146.6410,1125.0515,1137.0457
2004-10-29,1134.6469,1134.6469,1115.4562,1134.6469
2004-11-01,1127.4500,1127.4500,1110.6582,1122.6523
2004-11-02,1127.4502,1129.8490,1110.6584,1125.0514
2004-11-03,1125.0514,1125.0514,1125.0514,1125.0514
2004-11-04,1137.0457,1137.0457,1127.4504,1129.8492
2004-11-05,1134.6468,1144.2421,1132.2480,1137.0457
2004-11-08,1139.4445,1149.0398,1134.6468,1137.0457
2004-11-09,1089.0691,1103.4621,1074.6761,1084.2714
2004-11-10,1069.8781,1072.2769,1053.0863,1055.4851
2004-11-11,1050.6879,1053.0867,1019.5031,1019.5031
2004-11-12,1017.1045,1036.2951,1012.3068,1033.8962
2004-11-15,1038.6940,1043.4916,1026.6997,1033.8962
2004-11-16,1045.8902,1048.2889,1026.6995,1031.4972
2004-11-17,1033.8955,1036.2944,1024.3003,1029.0979
2004-11-18,1036.2946,1036.2946,1019.5027,1026.6992
2004-11-19,1024.3008,1029.0984,1017.1043,1017.1043
2004-11-22,1007.5089,1009.9077,988.3183,1002.7112
2004-11-23,1002.7112,1002.7112,1002.7112,1002.7112
2004-11-24,995.5148,1009.9077,995.5148,1002.7112
2004-11-25,1002.7112,1009.9077,1000.3124,1005.1100
2004-11-26,1007.5088,1007.5088,1000.3123,1000.3123
2004-11-29,1002.7111,1019.5028,997.9134,1012.3063
2004-11-30,1009.9077,1014.7053,1005.1100,1007.5089
2004-12-01,1007.5087,1014.7052,1000.3122,1012.3063
2004-12-02,1019.5033,1033.8962,1019.5033,1033.8962
2004-12-03,1045.8902,1060.2831,1038.6937,1057.8843
2004-12-06,1062.6820,1072.2773,1060.2832,1072.2773
2004-12-07,1069.8787,1069.8787,1062.6822,1065.0811
2004-12-08,1060.2834,1074.6764,1055.4856,1067.4799
2004-12-09,1067.4795,1067.4795,1043.4912,1045.8900
2004-12-10,1045.8898,1048.2885,1033.8956,1041.0920
2004-12-13,1043.4912,1048.2888,1036.2947,1045.8900
2004-12-14,1043.4912,1053.0865,1033.8958,1053.0865
2004-12-15,1050.6879,1055.4855,1043.4914,1050.6879
2004-12-16,1038.6934,1043.4910,1033.8956,1038.6934
2004-12-17,1033.8962,1065.0811,1033.8962,1065.0811
2004-12-20,1067.4795,1098.6642,1062.6818,1089.0690
2004-12-21,1089.0687,1115.4558,1089.0687,1115.4558
2004-12-22,1120.2540,1122.6528,1101.0634,1113.0575
2004-12-23,1113.0575,1113.0575,1113.0575,1113.0575
2004-12-24,1115.4562,1125.0515,1115.4562,1120.2538
2004-12-27,1113.0570,1117.8547,1103.4617,1115.4558
2004-12-28,1105.8606,1122.6525,1105.8606,1117.8549
2004-12-29,1122.6523,1122.6523,1103.4617,1115.4558
2004-12-30,1115.4560,1125.0514,1115.4560,1125.0514
2004-12-31,1125.0514,1125.0514,1125.0514,1125.0514
2005-01-03,1125.0514,1125.0514,1125.0514,1125.0514
2005-01-04,1113.0573,1127.4503,1110.6585,1120.2538
2005-01-05,1105.8609,1113.0574,1096.2657,1103.4622
2005-01-06,1091.4678,1101.0632,1091.4678,1093.8667
2005-01-07,1081.8729,1091.4682,1069.8787,1077.0752
2005-01-10,1077.0752,1077.0752,1077.0752,1077.0752
2005-01-11,1072.2772,1089.0691,1065.0807,1084.2714
2005-01-12,1089.0692,1091.4680,1072.2774,1079.4739
2005-01-13,1079.4739,1096.2657,1074.6763,1091.4680
2005-01-14,1103.4619,1117.8549,1091.4677,1117.8549
2005-01-17,1125.0517,1139.4447,1115.4564,1139.4447
2005-01-18,1139.4447,1151.4388,1134.6470,1144.2423
2005-01-19,1149.0398,1149.0398,1137.0457,1137.0457
2005-01-20,1122.6529,1125.0517,1105.8610,1108.2599
2005-01-21,1098.6642,1105.8607,1098.6642,1098.6642
2005-01-24,1096.2657,1110.6587,1086.6703,1103.4622
2005-01-25,1110.6584,1110.6584,1079.4736,1089.0690
2005-01-26,1098.6642,1103.4619,1093.8666,1098.6642
2005-01-27,1110.6585,1110.6585,1091.4678,1093.8667
2005-01-28,1105.8610,1168.2307,1105.8610,1163.4330
2005-01-31,1151.4388,1170.6294,1139.4447,1156.2365
2005-02-01,1153.8374,1156.2362,1141.8432,1149.0397
2005-02-02,1151.4387,1180.2247,1151.4387,1177.8258
2005-02-03,1165.8317,1173.0282,1161.0340,1165.8317
2005-02-04,1161.0340,1163.4327,1139.4445,1141.8433
2005-02-07,1139.4444,1175.4268,1139.4444,1168.2303
2005-02-08,1168.2303,1187.4210,1161.0339,1185.0221
2005-02-09,1189.8198,1228.2010,1189.8198,1225.8022
2005-02-10,1211.4092,1216.2068,1189.8197,1213.8080
2005-02-11,1213.8080,1213.8080,1213.8080,1213.8080
2005-02-14,1232.9990,1256.9872,1225.8025,1237.7966
2005-02-15,1247.3918,1249.7905,1228.2011,1232.9988
2005-02-16,1235.3975,1240.1953,1225.8023,1228.2010
2005-02-17,1228.2014,1230.6002,1218.6061,1230.6002
2005-02-18,1221.0045,1225.8022,1211.4093,1221.0045
2005-02-21,1211.4094,1218.6059,1192.2187,1194.6176
2005-02-22,1192.2188,1206.6117,1185.0223,1197.0165
2005-02-23,1197.0170,1211.4100,1189.8205,1199.4158
2005-02-24,1209.0105,1211.4093,1199.4151,1201.8140
2005-02-25,1218.6059,1221.0047,1206.6117,1211.4094
2005-02-28,1218.6058,1230.5999,1216.2069,1228.2010
2005-03-01,1223.4032,1230.5997,1204.2126,1218.6056
2005-03-02,1230.6002,1237.7967,1223.4037,1230.6002
2005-03-03,1223.4034,1235.3975,1223.4034,1225.8022
2005-03-04,1201.8141,1221.0047,1192.2188,1192.2188
2005-03-07,1197.0165,1204.2130,1175.4270,1177.8258
2005-03-08,1180.2245,1187.4210,1165.8315,1168.2303
2005-03-09,1168.2303,1177.8255,1165.8314,1170.6290
2005-03-10,1173.0281,1175.4269,1151.4386,1151.4386
2005-03-11,1163.4328,1185.0223,1161.0340,1165.8317
2005-03-14,1153.8374,1153.8374,1122.6525,1125.0514
2005-03-15,1127.4501,1144.2420,1103.4619,1117.8549
2005-03-16,1117.8552,1127.4504,1108.2598,1110.6587
2005-03-17,1122.6528,1122.6528,1110.6587,1110.6587
2005-03-18,1122.6526,1141.8433,1120.2538,1141.8433
2005-03-21,1141.8433,1141.8433,1141.8433,1141.8433
2005-03-22,1139.4443,1139.4443,1115.4560,1117.8549
2005-03-23,1115.4563,1120.2540,1096.2657,1101.0634
2005-03-24,1110.6587,1113.0575,1089.0692,1091.4680
2005-03-25,1098.6645,1113.0575,1091.4680,1113.0575
2005-03-28,1120.2698,1134.6938,1120.2698,1129.8857
2005-03-29,1132.2893,1132.2893,1089.0171,1096.2291
2005-03-30,1086.6133,1093.8253,1079.4013,1089.0173
2005-03-31,1101.0374,1105.8455,1091.4214,1105.8455
2005-04-01,1096.2290,1110.6531,1089.0170,1103.4410
2005-04-04,1101.0376,1120.2698,1093.8256,1115.4617
2005-04-05,1117.8656,1122.6736,1105.8456,1120.2697
2005-04-06,1122.6735,1127.4816,1108.2494,1110.6534
2005-04-07,1117.8655,1117.8655,1093.8253,1105.8455
2005-04-08,1101.0375,1115.4616,1101.0375,1113.0576
2005-04-11,1105.8454,1105.8454,1089.0173,1089.0173
2005-04-12,1091.4211,1096.2291,1084.2091,1084.2091
2005-04-13,1084.2093,1093.8253,1062.5732,1072.1892
2005-04-14,1067.3813,1067.3813,1040.9372,1052.9573
2005-04-15,1040.9372,1040.9372,1028.9171,1028.9171
2005-04-18,1024.1091,1024.1091,988.0489,988.0489
2005-04-19,1009.6849,1019.3010,1000.0689,1016.8970
2005-04-20,1028.9170,1036.1290,997.6649,1004.8770
2005-04-21,985.6448,992.8569,964.0087,988.0489
2005-04-22,1024.1090,1024.1090,1002.4729,1004.8770
2005-04-25,1007.2808,1019.3009,995.2608,997.6648
2005-04-26,1002.4731,1002.4731,985.6450,992.8571
2005-04-27,992.8574,992.8574,968.8173,978.4333
2005-04-28,973.6248,983.2409,951.9887,954.3928
2005-04-29,954.3928,954.3928,954.3928,954.3928
2005-05-02,966.4133,978.4333,956.7972,978.4333
2005-05-03,978.4333,978.4333,978.4333,978.4333
2005-05-04,978.4333,978.4333,978.4333,978.4333
2005-05-05,978.4333,978.4333,978.4333,978.4333
2005-05-06,990.4531,997.6651,985.6450,992.8571
2005-05-09,1004.8769,1007.2808,992.8568,1000.0688
2005-05-10,1000.0688,1004.8769,997.6648,1000.0688
2005-05-11,995.2610,997.6651,980.8370,995.2610
2005-05-12,992.8574,995.2614,978.4333,978.4333
2005-05-13,973.6248,992.8569,973.6248,988.0489
2005-05-16,1000.0688,1026.5130,990.4528,1012.0889
2005-05-17,1048.1492,1069.7853,1040.9371,1069.7853
2005-05-18,1055.3612,1079.4013,1050.5531,1062.5732
2005-05-19,1076.9973,1091.4214,1069.7853,1086.6133
2005-05-20,1093.8256,1093.8256,1069.7855,1076.9976
2005-05-23,1084.2094,1108.2494,1076.9973,1105.8455
2005-05-24,1108.2495,1108.2495,1084.2095,1093.8254
2005-05-25,1086.6133,1093.8253,1064.9772,1069.7853
2005-05-26,1062.5734,1074.5934,1060.1693,1067.3813
2005-05-27,1079.4010,1098.6332,1072.1890,1096.2291
2005-05-30,1103.4412,1125.0773,1093.8251,1108.2491
2005-05-31,1113.0576,1125.0776,1096.2295,1120.2697
2005-06-01,1105.8457,1129.8857,1103.4416,1129.8857
2005-06-02,1129.8854,1132.2894,1120.2694,1127.4814
2005-06-03,1120.2697,1127.4817,1115.4616,1120.2697
2005-06-06,1110.6531,1113.0571,1098.6330,1103.4410
2005-06-07,1098.6332,1101.0371,1081.8051,1084.2091
2005-06-08,1079.4010,1096.2291,1074.5930,1084.2091
2005-06-09,1108.2494,1127.4816,1079.4013,1089.0173
2005-06-10,1098.6334,1117.8655,1098.6334,1110.6534
2005-06-13,1105.8456,1115.4615,1089.0174,1093.8254
2005-06-14,1089.0168,1093.8248,1076.9968,1079.4008
2005-06-15,1074.5933,1091.4214,1074.5933,1086.6133
2005-06-16,1096.2294,1103.4414,1091.4214,1098.6334
2005-06-17,1110.6537,1120.2698,1105.8457,1115.4617
2005-06-20,1122.6734,1127.4814,1120.2694,1125.0774
2005-06-21,1108.2495,1122.6736,1101.0375,1120.2697
2005-06-22,1108.2489,1122.6730,1108.2489,1122.6730
2005-06-23,1117.8657,1125.0777,1110.6537,1115.4617
2005-06-24,1110.6533,1125.0774,1108.2493,1125.0774
2005-06-27,1117.8652,1117.8652,1091.4211,1096.2291
2005-06-28,1110.6535,1110.6535,1093.8253,1098.6334
2005-06-29,1110.6536,1122.6736,1108.2495,1120.2697
2005-06-30,1113.0575,1115.4614,1108.2494,1110.6534
2005-07-01,1113.0572,1113.0572,1093.8251,1096.2291
2005-07-04,1098.6334,1105.8454,1086.6133,1086.6133
2005-07-05,1086.6133,1091.4214,1069.7853,1072.1892
2005-07-06,1079.4014,1091.4215,1079.4014,1091.4215
2005-07-07,1079.4012,1089.0173,1076.9973,1086.6133
2005-07-08,1084.2096,1089.0176,1074.5935,1076.9976
2005-07-11,1081.8054,1093.8255,1079.4014,1091.4215
2005-07-12,1093.8251,1093.8251,1079.4010,1084.2091
2005-07-13,1081.8053,1086.6133,1072.1892,1074.5933
2005-07-14,1084.2095,1101.0375,1084.2095,1101.0375
2005-07-15,1101.0376,1120.2698,1091.4216,1115.4617
2005-07-18,1115.4617,1115.4617,1115.4617,1115.4617
2005-07-19,1115.4614,1115.4614,1086.6133,1089.0173
2005-07-20,1089.0173,1103.4414,1089.0173,1098.6334
2005-07-21,1105.8455,1139.5016,1103.4414,1139.5016
2005-07-22,1134.6935,1134.6935,1115.4613,1125.0774
2005-07-25,1129.8857,1137.0978,1127.4818,1129.8857
2005-07-26,1132.2900,1153.9261,1132.2900,1151.5221
2005-07-27,1156.3296,1173.1576,1153.9255,1173.1576
2005-07-28,1177.9657,1194.7937,1177.9657,1189.9857
2005-07-29,1177.9661,1185.1781,1163.5420,1170.7540
2005-08-01,1170.7537,1185.1777,1170.7537,1177.9657
2005-08-02,1177.9659,1189.9860,1153.9258,1158.7338
2005-08-03,1165.9454,1170.7535,1153.9254,1153.9254
2005-08-04,1144.3097,1149.1178,1098.6335,1120.2697
2005-08-05,1132.2890,1137.0970,1115.4609,1122.6730
2005-08-08,1098.6334,1122.6735,1098.6334,1117.8655
2005-08-09,1122.6730,1141.9051,1110.6529,1122.6730
2005-08-10,1125.0774,1137.0974,1120.2694,1125.0774
2005-08-11,1125.0771,1125.0771,1098.6330,1103.4410
2005-08-12,1115.4615,1122.6736,1096.2295,1101.0375
2005-08-15,1103.4415,1113.0576,1096.2295,1101.0375
2005-08-16,1103.4414,1113.0575,1101.0374,1105.8455
2005-08-17,1103.4415,1113.0576,1098.6335,1101.0375
2005-08-18,1105.8454,1144.3096,1105.8454,1110.6534
2005-08-19,1105.8452,1110.6532,1091.4211,1096.2291
2005-08-22,1117.8650,1122.6730,1108.2489,1122.6730
2005-08-23,1125.0772,1146.7133,1125.0772,1141.9053
2005-08-24,1141.9056,1144.3096,1132.2896,1139.5016
2005-08-25,1151.5216,1161.1377,1141.9056,1161.1377
2005-08-26,1163.5417,1163.5417,1146.7136,1163.5417
2005-08-29,1161.1374,1161.1374,1137.0973,1144.3093
2005-08-30,1153.9259,1153.9259,1122.6737,1129.8857
2005-08-31,1122.6735,1132.2895,1117.8655,1117.8655
2005-09-01,1122.6736,1141.9057,1122.6736,1137.0977
2005-09-02,1137.0977,1139.5017,1125.0776,1137.0977
2005-09-05,1139.5017,1177.9659,1137.0977,1165.9458
2005-09-06,1165.9454,1165.9454,1144.3093,1153.9254
2005-09-07,1151.5216,1151.5216,1127.4816,1139.5016
2005-09-08,1149.1175,1156.3296,1137.0974,1146.7135
2005-09-09,1158.7334,1173.1575,1151.5214,1168.3495
2005-09-12,1170.7543,1177.9663,1144.3101,1151.5221
2005-09-13,1163.5416,1182.7737,1151.5215,1173.1576
2005-09-14,1158.7341,1170.7543,1146.7141,1151.5221
2005-09-15,1139.5015,1163.5416,1139.5015,1156.3296
2005-09-16,1168.3496,1185.1777,1161.1376,1177.9657
2005-09-19,1177.9657,1177.9657,1177.9657,1177.9657
2005-09-20,1177.9657,1194.7937,1175.5616,1189.9857
2005-09-21,1194.7936,1214.0257,1187.5815,1209.2177
2005-09-22,1214.0261,1238.0662,1202.0060,1238.0662
2005-09-23,1238.0662,1238.0662,1238.0662,1238.0662
2005-09-26,1240.4700,1240.4700,1211.6218,1233.2579
2005-09-27,1236.8747,1236.8747,1198.2977,1198.2977
2005-09-28,1186.2422,1188.6533,1150.0763,1157.3094
2005-09-29,1162.1314,1169.3646,1128.3766,1138.0209
2005-09-30,1140.4319,1159.7204,1125.9655,1138.0209
2005-10-03,1166.9536,1183.8310,1152.4873,1179.0089
2005-10-04,1191.0643,1265.8072,1181.4201,1251.3408
2005-10-05,1280.2737,1318.8507,1265.8073,1292.3290
2005-10-06,1253.7521,1253.7521,1205.5308,1215.1750
2005-10-07,1210.3526,1217.5858,1188.6531,1188.6531
2005-10-10,1188.6531,1188.6531,1188.6531,1188.6531
2005-10-11,1181.4203,1205.5309,1181.4203,1203.1199
2005-10-12,1212.7640,1224.8194,1191.0644,1207.9419
2005-10-13,1191.0643,1191.0643,1166.9537,1176.5979
2005-10-14,1181.4200,1195.8864,1176.5978,1179.0089
2005-10-17,1203.1196,1205.5306,1181.4200,1181.4200
2005-10-18,1183.8311,1188.6533,1145.2542,1157.3094
2005-10-19,1157.3095,1157.3095,1133.1989,1142.8431
2005-10-20,1154.8985,1176.5981,1152.4875,1159.7207
2005-10-21,1145.2542,1157.3094,1133.1988,1157.3094
2005-10-24,1147.6651,1157.3093,1135.6098,1138.0209
2005-10-25,1157.3094,1169.3647,1154.8984,1157.3094
2005-10-26,1169.3651,1174.1873,1162.1319,1166.9541
2005-10-27,1174.1870,1203.1197,1166.9538,1200.7086
2005-10-28,1193.4757,1193.4757,1169.3651,1174.1873
2005-10-31,1198.2974,1200.7085,1181.4200,1181.4200
2005-11-01,1195.8861,1229.6409,1188.6529,1227.2299
2005-11-02,1222.4084,1227.2305,1205.5309,1219.9973
2005-11-03,1219.9973,1219.9973,1219.9973,1219.9973
2005-11-04,1234.4637,1244.1080,1229.6416,1229.6416
2005-11-07,1246.5184,1248.9294,1217.5857,1227.2299
2005-11-08,1229.6412,1248.9297,1224.8191,1246.5187
2005-11-09,1248.9299,1275.4517,1239.2857,1248.9299
2005-11-10,1248.9302,1275.4520,1248.9302,1273.0409
2005-11-11,1275.4513,1275.4513,1260.9849,1265.8070
2005-11-14,1265.8075,1277.8628,1260.9854,1277.8628
2005-11-15,1263.3963,1287.5069,1256.1631,1285.0958
2005-11-16,1285.0959,1285.0959,1265.8074,1270.6295
2005-11-17,1265.8077,1282.6852,1265.8077,1273.0409
2005-11-18,1287.5072,1318.8510,1285.0961,1316.4399
2005-11-21,1318.8510,1335.7284,1306.7957,1316.4399
2005-11-22,1304.3844,1323.6729,1292.3290,1304.3844
2005-11-23,1304.3844,1304.3844,1304.3844,1304.3844
2005-11-24,1342.9610,1432.1703,1328.4946,1412.8818
2005-11-25,1357.4277,1367.0720,1333.3172,1355.0167
2005-11-28,1403.2381,1453.8704,1388.7717,1446.6372
2005-11-29,1434.5817,1441.8148,1415.2931,1434.5817
2005-11-30,1434.5813,1434.5813,1400.8264,1400.8264
2005-12-01,1408.0605,1432.1712,1400.8273,1424.9380
2005-12-02,1470.7475,1511.7355,1463.5143,1475.5696
2005-12-05,1502.0911,1506.9131,1485.2136,1497.2689
2005-12-06,1458.6926,1475.5700,1441.8152,1441.8152
2005-12-07,1458.6922,1458.6922,1405.6489,1420.1152
2005-12-08,1410.4711,1429.7595,1379.1272,1398.4158
2005-12-09,1376.7164,1396.0049,1362.2501,1388.7717
2005-12-12,1424.9373,1434.5815,1400.8266,1405.6488
2005-12-13,1405.6489,1408.0599,1386.3604,1386.3604
2005-12-14,1386.3604,1405.6489,1347.7834,1357.4276
2005-12-15,1350.1943,1350.1943,1326.0837,1326.0837
2005-12-16,1326.0838,1345.3722,1314.0284,1321.2616
2005-12-19,1328.4952,1355.0169,1323.6731,1335.7284
2005-12-20,1347.7836,1386.3605,1335.7282,1379.1273
2005-12-21,1396.0049,1408.0602,1381.5385,1388.7717
2005-12-22,1398.4158,1398.4158,1381.5383,1398.4158
2005-12-23,1398.4158,1398.4158,1398.4158,1398.4158
2005-12-26,1412.8820,1436.9926,1410.4709,1427.3484
2005-12-27,1441.8152,1458.6926,1432.1709,1441.8152
2005-12-28,1446.6370,1475.5698,1439.4038,1470.7477
2005-12-29,1482.8028,1506.9134,1482.8028,1499.6802
2005-12-30,1523.7912,1523.7912,1494.8585,1511.7358
2006-01-02,1511.7358,1511.7358,1511.7358,1511.7358
2006-01-03,1511.7358,1511.7358,1511.7358,1511.7358
2006-01-04,1531.0237,1535.8457,1518.9683,1523.7905
2006-01-05,1523.7908,1538.2572,1511.7354,1528.6128
2006-01-06,1531.0242,1591.3007,1526.2021,1576.8344
2006-01-09,1576.8344,1576.8344,1576.8344,1576.8344
2006-01-10,1608.1782,1625.0557,1576.8344,1613.0004
2006-01-11,1605.7671,1605.7671,1509.3247,1576.8344
2006-01-12,1600.9449,1615.4113,1591.3007,1596.1229
2006-01-13,1596.1227,1620.2332,1576.8341,1608.1779
2006-01-16,1574.4234,1632.2889,1572.0123,1613.0004
2006-01-17,1579.2448,1632.2882,1579.2448,1598.5333
2006-01-18,1543.0794,1545.4906,1427.3486,1470.7477
2006-01-19,1470.7475,1511.7355,1470.7475,1499.6802
2006-01-20,1518.9687,1545.4904,1511.7355,1540.6682
2006-01-23,1497.2693,1516.5579,1473.1587,1492.4471
2006-01-24,1497.2689,1535.8458,1487.6247,1497.2689
2006-01-25,1506.9137,1552.7240,1506.9137,1545.4908
2006-01-26,1547.9014,1564.7787,1499.6801,1518.9686
2006-01-27,1543.0796,1581.6567,1521.3800,1538.2576
2006-01-30,1567.1900,1603.3560,1559.9569,1579.2452
2006-01-31,1613.0000,1699.7982,1591.3005,1692.5651
2006-02-01,1673.2764,1690.1540,1649.1659,1685.3318
2006-02-02,1687.7431,1687.7431,1625.0556,1651.5771
2006-02-03,1769.7193,1870.9838,1757.6639,1861.3395
2006-02-06,1854.1056,1940.9038,1820.3509,1907.1490
2006-02-07,1904.7379,1969.8365,1895.0937,1943.3149
2006-02-08,1907.1496,1928.8491,1892.6832,1899.9164
2006-02-09,1924.0271,1972.2484,1875.8058,1890.2722
2006-02-10,1890.2720,1945.7264,1820.3513,1820.3513
2006-02-13,1822.7621,1858.9280,1764.8966,1793.8293
2006-02-14,1760.0748,1815.5293,1733.5532,1791.4187
2006-02-15,1762.4860,1774.5412,1704.6205,1719.0869
2006-02-16,1694.9767,1745.6090,1692.5657,1707.0321
2006-02-17,1714.2646,1745.6083,1682.9208,1699.7982
2006-02-20,1694.9761,1694.9761,1627.4665,1639.5219
2006-02-21,1639.5220,1670.8658,1600.9449,1634.6998
2006-02-22,1653.9879,1663.6321,1600.9445,1627.4662
2006-02-23,1699.7987,1748.0200,1694.9765,1726.3204
2006-02-24,1702.2092,1723.9087,1666.0432,1687.7428
2006-02-27,1735.9644,1764.8972,1711.8539,1740.7866
2006-02-28,1776.9526,1776.9526,1685.3322,1716.6759
2006-03-01,1719.0875,1740.7870,1697.3879,1707.0321
2006-03-02,1755.2532,1760.0752,1721.4983,1726.3204
2006-03-03,1707.0314,1743.1973,1668.4544,1675.6876
2006-03-06,1651.5773,1685.3322,1639.5221,1670.8658
2006-03-07,1675.6878,1675.6878,1627.4665,1639.5219
2006-03-08,1615.4115,1668.4550,1605.7673,1610.5895
2006-03-09,1610.5890,1663.6323,1610.5890,1661.2213
2006-03-10,1666.0433,1694.9761,1646.7549,1661.2213
2006-03-13,1733.5531,1755.2526,1711.8535,1750.4304
2006-03-14,1748.0200,1748.0200,1711.8541,1726.3204
2006-03-15,1740.7863,1752.8415,1728.7309,1738.3751
2006-03-16,1748.0195,1750.4305,1661.2213,1678.0986
2006-03-17,1653.9881,1702.2092,1653.9881,1690.1541
2006-03-20,1666.0433,1687.7429,1661.2213,1673.2765
2006-03-21,1673.2765,1673.2765,1673.2765,1673.2765
2006-03-22,1682.9213,1728.7314,1678.0991,1726.3204
2006-03-23,1735.9641,1740.7863,1704.6204,1709.4424
2006-03-24,1709.4428,1726.3203,1697.3876,1702.2096
2006-03-27,1726.3202,1733.5534,1707.0317,1731.1422
2006-03-28,1771.1202,1829.2692,1751.7372,1814.7319
2006-03-29,1800.1936,1906.7998,1795.3478,1887.4170
2006-03-30,1889.8404,1916.4921,1863.1887,1868.0345
2006-03-31,1868.0344,1889.8402,1855.9199,1875.3030
2006-04-03,1875.3029,1938.2976,1872.8801,1923.7604
2006-04-04,1909.2231,1921.3373,1877.7256,1899.5315
2006-04-05,1914.0692,1928.6065,1855.9203,1870.4575
2006-04-06,1882.5712,1926.1829,1880.1484,1926.1829
2006-04-07,1926.1833,1952.8349,1906.8003,1933.4519
2006-04-10,1923.7606,1933.4521,1899.5318,1909.2234
2006-04-11,1889.8403,1899.5318,1805.0398,1831.6914
2006-04-12,1795.3487,1812.3087,1768.6970,1771.1200
2006-04-13,1795.3485,1831.6916,1783.2341,1809.8857
2006-04-14,1809.8858,1834.1144,1805.0400,1829.2688
2006-04-17,1831.6918,1838.9604,1766.2742,1771.1200
2006-04-18,1771.1193,1802.6166,1749.3135,1790.5022
2006-04-19,1831.6909,1858.3425,1819.5764,1838.9595
2006-04-20,1829.2685,1836.5371,1790.5024,1812.3082
2006-04-21,1817.1542,1855.9201,1805.0398,1836.5372
2006-04-24,1792.9250,1812.3079,1754.1590,1759.0048
2006-04-25,1771.1195,1771.1195,1727.5079,1744.4679
2006-04-26,1754.1595,1780.8112,1746.8909,1756.5825
2006-04-27,1778.3878,1792.9250,1751.7361,1783.2334
2006-04-28,1785.6560,1792.9246,1744.4671,1766.2729
2006-05-01,1744.4675,1773.5420,1744.4675,1759.0048
2006-05-02,1759.0053,1788.0798,1751.7367,1775.9653
2006-05-03,1775.9653,1775.9653,1775.9653,1775.9653
2006-05-04,1775.9653,1775.9653,1775.9653,1775.9653
2006-05-05,1775.9653,1775.9653,1775.9653,1775.9653
2006-05-08,1814.7310,1817.1538,1775.9649,1797.7708
2006-05-09,1805.0400,1848.6517,1800.1944,1819.5773
2006-05-10,1836.5374,1836.5374,1785.6570,1792.9257
2006-05-11,1780.8112,1795.3484,1727.5081,1739.6223
2006-05-12,1739.6230,1746.8916,1698.4342,1729.9315
2006-05-15,1708.1252,1742.0455,1703.2794,1737.1997
2006-05-16,1756.5823,1766.2738,1649.9759,1662.0903
2006-05-17,1637.8619,1674.2050,1599.0960,1654.8221
2006-05-18,1601.5187,1645.1304,1601.5187,1625.7476
2006-05-19,1635.4388,1652.3989,1618.4788,1649.9761
2006-05-22,1696.0102,1715.3932,1625.7470,1633.0156
2006-05-23,1584.5585,1603.9416,1577.2899,1577.2899
2006-05-24,1606.3639,1611.2097,1565.1750,1596.6725
2006-05-25,1601.5182,1611.2098,1582.1353,1601.5182
2006-05-26,1606.3641,1630.5927,1601.5182,1623.3241
2006-05-29,1642.7071,1642.7071,1599.0954,1606.3640
2006-05-30,1618.4789,1618.4789,1601.5186,1613.6331
2006-05-31,1586.9810,1589.4040,1543.3693,1550.6379
2006-06-01,1574.8670,1579.7126,1531.2553,1533.6781
2006-06-02,1536.1011,1562.7528,1485.2209,1560.3300
2006-06-05,1545.7927,1550.6383,1514.2952,1521.5638
2006-06-06,1497.3351,1514.2951,1477.9521,1487.6436
2006-06-07,1465.8378,1502.1810,1422.2261,1427.0719
2006-06-08,1419.8030,1427.0716,1376.1913,1395.5742
2006-06-09,1427.0716,1448.8774,1376.1913,1419.8030
2006-06-12,1400.4202,1441.6091,1397.9974,1434.3405
2006-06-13,1410.1117,1427.0719,1393.1516,1393.1516
2006-06-14,1381.0367,1429.4941,1371.3452,1410.1112
2006-06-15,1453.7231,1465.8375,1419.8030,1429.4944
2006-06-16,1550.6381,1562.7526,1509.4494,1548.2153
2006-06-19,1545.7925,1545.7925,1511.8722,1514.2950
2006-06-20,1502.1804,1507.0260,1465.8372,1473.1058
2006-06-21,1475.5292,1482.7978,1419.8032,1441.6090
2006-06-22,1490.0666,1557.9070,1482.7980,1557.9070
2006-06-23,1514.2952,1536.1010,1490.0665,1528.8324
2006-06-26,1516.7184,1545.7929,1514.2954,1538.5243
2006-06-27,1543.3694,1545.7924,1521.5635,1531.2551
2006-06-28,1490.0658,1523.9861,1485.2201,1504.6030
2006-06-29,1507.0265,1526.4095,1487.6435,1492.4893
2006-06-30,1538.5240,1560.3298,1528.8324,1555.4840
2006-07-03,1562.7527,1584.5585,1562.7527,1577.2899
2006-07-04,1616.0557,1633.0159,1603.9414,1616.0557
2006-07-05,1594.2496,1637.8613,1594.2496,1623.3241
2006-07-06,1620.9011,1620.9011,1586.9809,1596.6725
2006-07-07,1620.9011,1620.9011,1594.2495,1596.6725
2006-07-10,1567.5985,1601.5186,1555.4841,1594.2500
2006-07-11,1570.0210,1584.5582,1536.1007,1550.6379
2006-07-12,1562.7519,1570.0205,1465.8370,1480.3743
2006-07-13,1473.1062,1497.3350,1436.7631,1444.0317
2006-07-14,1424.6490,1441.6092,1405.2661,1414.9575
2006-07-17,1414.9575,1414.9575,1414.9575,1414.9575
2006-07-18,1402.8429,1402.8429,1354.3855,1356.8083
2006-07-19,1364.0771,1390.7288,1359.2314,1366.5000
2006-07-20,1439.1860,1448.8775,1407.6887,1444.0317
2006-07-21,1427.0716,1446.4546,1410.1115,1422.2258
2006-07-24,1407.6886,1410.1115,1361.6541,1373.7684
2006-07-25,1414.9572,1424.6487,1388.3056,1390.7285
2006-07-26,1414.9574,1414.9574,1376.1915,1383.4601
2006-07-27,1397.9969,1410.1112,1383.4596,1410.1112
2006-07-28,1434.3398,1482.7972,1429.4940,1480.3743
2006-07-31,1528.8324,1531.2554,1509.4496,1519.1410
2006-08-01,1521.5636,1543.3694,1507.0263,1523.9866
2006-08-02,1519.1408,1567.5983,1516.7180,1567.5983
2006-08-03,1584.5582,1586.9810,1557.9065,1562.7523
2006-08-04,1572.4445,1582.1361,1533.6785,1545.7930
2006-08-07,1548.2154,1562.7526,1485.2207,1487.6436
2006-08-08,1487.6436,1509.4495,1468.2606,1487.6436
2006-08-09,1473.1057,1509.4488,1446.4541,1504.6030
2006-08-10,1497.3349,1514.2950,1475.5291,1509.4493
2006-08-11,1485.2206,1533.6780,1485.2206,1523.9866
2006-08-14,1499.7580,1557.9070,1497.3352,1557.9070
2006-08-15,1570.0211,1577.2897,1555.4839,1565.1753
2006-08-16,1591.8267,1645.1298,1589.4039,1640.2842
2006-08-17,1662.0902,1700.8561,1628.1699,1642.7072
2006-08-18,1637.8618,1683.8965,1635.4390,1676.6279
2006-08-21,1676.6273,1683.8959,1630.5926,1633.0156
2006-08-22,1628.1699,1652.3986,1623.3241,1642.7072
2006-08-23,1625.7475,1640.2848,1608.7873,1620.9017
2006-08-24,1630.5932,1630.5932,1596.6731,1608.7874
2006-08-25,1596.6731,1630.5932,1586.9815,1608.7874
2006-08-28,1630.5929,1640.2845,1570.0211,1570.0211
2006-08-29,1606.3642,1618.4786,1586.9812,1603.9414
2006-08-30,1620.9015,1623.3243,1594.2498,1603.9414
2006-08-31,1603.9413,1649.9758,1603.9413,1647.5530
2006-09-01,1649.9759,1686.3189,1635.4386,1681.4731
2006-09-04,1696.0101,1720.2390,1683.8959,1710.5474
2006-09-05,1710.5475,1710.5475,1688.7416,1696.0103
2006-09-06,1705.7016,1710.5472,1686.3185,1693.5872
2006-09-07,1657.2443,1669.3587,1620.9012,1633.0156
2006-09-08,1613.6325,1657.2442,1613.6325,1640.2842
2006-09-11,1645.1304,1654.8221,1603.9417,1608.7874
2006-09-12,1613.6328,1623.3242,1591.8270,1599.0956
2006-09-13,1652.3989,1679.0506,1647.5533,1669.3591
2006-09-14,1674.2047,1693.5877,1662.0905,1688.7419
2006-09-15,1683.8957,1700.8557,1659.6668,1700.8557
2006-09-18,1700.8557,1700.8557,1700.8557,1700.8557
2006-09-19,1712.9706,1759.0051,1708.1248,1744.4679
2006-09-20,1737.1987,1766.2732,1712.9701,1761.4274
2006-09-21,1768.6969,1778.3885,1739.6224,1754.1597
2006-09-22,1744.4679,1761.4279,1734.7765,1744.4679
2006-09-25,1742.0457,1746.8913,1700.8568,1734.7771
2006-09-26,1739.6425,1744.5087,1715.3119,1717.7449
2006-09-27,1727.4771,1746.9416,1715.3118,1729.9102
2006-09-28,1746.9419,1751.8081,1708.0129,1725.0443
2006-09-29,1744.5084,1766.4060,1732.3430,1763.9730
2006-10-02,1768.8394,1781.0048,1742.0758,1771.2726
2006-10-03,1751.8080,1766.4064,1742.0758,1756.6742
2006-10-04,1763.9734,1776.1386,1708.0128,1710.4458
2006-10-05,1756.6742,1795.6032,1744.5088,1771.2726
2006-10-06,1795.6032,1805.3354,1776.1386,1785.8710
2006-10-09,1785.8710,1785.8710,1785.8710,1785.8710
2006-10-10,1761.5408,1795.6038,1756.6747,1776.1392
2006-10-11,1763.9729,1776.1381,1712.8785,1751.8075
2006-10-12,1737.2098,1773.7058,1727.4776,1737.2098
2006-10-13,1763.9731,1815.0675,1763.9731,1805.3351
2006-10-16,1815.0680,1822.3672,1798.0364,1815.0680
2006-10-17,1817.5010,1832.0994,1802.9026,1815.0680
2006-10-18,1798.0357,1812.6341,1781.0043,1807.7681
2006-10-19,1807.7690,1807.7690,1778.5722,1788.3044
2006-10-20,1778.5720,1805.3356,1768.8396,1781.0050
2006-10-23,1756.6739,1776.1384,1725.0440,1729.9102
2006-10-24,1754.2408,1790.7368,1749.3748,1783.4376
2006-10-25,1773.7051,1783.4373,1754.2405,1773.7051
2006-10-26,1788.3040,1788.3040,1756.6742,1766.4064
2006-10-27,1785.8713,1785.8713,1737.2099,1746.9421
2006-10-30,1705.5797,1712.8789,1686.1151,1698.2805
2006-10-31,1703.1464,1715.3118,1673.9496,1690.9812
2006-11-01,1676.3833,1686.1155,1656.9187,1671.5171
2006-11-02,1654.4851,1676.3827,1642.3197,1676.3827
2006-11-03,1676.3827,1676.3827,1676.3827,1676.3827
2006-11-06,1669.0833,1683.6817,1647.1857,1673.9493
2006-11-07,1717.7449,1720.1781,1693.4143,1700.7135
2006-11-08,1683.6820,1703.1464,1642.3198,1647.1860
2006-11-09,1639.8867,1652.0519,1605.8237,1613.1229
2006-11-10,1620.4222,1659.3512,1608.2568,1635.0206
2006-11-13,1644.7529,1666.6505,1627.7214,1639.8868
2006-11-14,1737.2094,1802.9022,1717.7448,1802.9022
2006-11-15,1824.8003,1873.4617,1815.0681,1853.9971
2006-11-16,1861.2960,1897.7920,1856.4298,1873.4614
2006-11-17,1853.9971,1868.5955,1827.2333,1853.9971
2006-11-20,1822.3667,1829.6659,1773.7053,1778.5715
2006-11-21,1800.4692,1853.9966,1800.4692,1839.3982
2006-11-22,1853.9968,1878.3274,1839.3984,1866.1622
2006-11-23,1866.1622,1866.1622,1866.1622,1866.1622
2006-11-24,1875.8943,1888.0597,1851.5637,1878.3273
2006-11-27,1868.5949,1936.7207,1856.4295,1919.6893
2006-11-28,1895.3592,1917.2568,1883.1938,1905.0914
2006-11-29,1919.6897,1919.6897,1885.6267,1897.7921
2006-11-30,1902.6582,1919.6896,1878.3274,1917.2566
2006-12-01,1907.5240,1961.0516,1900.2248,1936.7208
2006-12-04,1924.5552,1970.7834,1914.8228,1961.0511
2006-12-05,1961.0523,1968.3515,1939.1547,1944.0208
2006-12-06,1934.2881,1951.3195,1914.8235,1951.3195
2006-12-07,1941.5866,1980.5156,1939.1536,1961.0511
2006-12-08,1985.3829,1995.1152,1970.7845,1978.0837
2006-12-11,1985.3818,1990.2480,1963.4842,1973.2164
2006-12-12,1973.2168,1980.5160,1936.7208,1948.8862
2006-12-13,1948.8863,1982.9493,1948.8863,1982.9493
2006-12-14,1990.2487,2048.6423,1982.9495,2036.4769
2006-12-15,2053.5086,2053.5086,2012.1466,2026.7450
2006-12-18,2034.0439,2060.8075,2029.1777,2036.4769
2006-12-19,2034.0436,2068.1064,2031.6104,2043.7758
2006-12-20,2034.0438,2038.9098,2014.5792,2024.3114
2006-12-21,2029.1775,2038.9097,1999.9807,2007.2799
2006-12-22,1990.2492,2053.5088,1985.3830,2048.6428
2006-12-25,2043.7759,2048.6421,2019.4453,2034.0437
2006-12-26,2036.4770,2046.2092,2019.4456,2046.2092
2006-12-27,2046.2089,2068.1065,2038.9097,2058.3743
2006-12-28,2068.1072,2080.2726,2007.2806,2029.1782
2006-12-29,2021.8785,2048.6423,2019.4455,2036.4769
2007-01-04,2038.9093,2038.9093,1982.9489,2002.4133
2007-01-05,1978.0830,1987.8152,1890.4926,1902.6580
2007-01-09,1909.9578,1929.4222,1873.4618,1895.3594
2007-01-10,1919.6898,1924.5560,1885.6268,1905.0914
2007-01-11,1929.4212,1948.8858,1917.2560,1924.5552
2007-01-12,1948.8862,1982.9492,1941.5870,1975.6500
2007-01-15,1992.6814,1995.1144,1978.0830,1987.8152
2007-01-16,1990.2485,2043.7759,1975.6501,2021.8783
2007-01-17,2002.4137,2026.7445,1982.9493,2007.2799
2007-01-18,2031.6101,2036.4763,2004.8465,2014.5787
2007-01-19,2007.2799,2021.8783,1975.6501,1982.9493
2007-01-22,2014.5794,2026.7448,2007.2802,2012.1464
2007-01-23,1992.6818,2004.8472,1982.9496,1985.3826
2007-01-24,1946.4534,1958.6186,1914.8234,1917.2566
2007-01-25,1941.5875,1941.5875,1888.0601,1888.0601
2007-01-26,1909.9577,1909.9577,1878.3277,1892.9261
2007-01-29,1892.9255,1897.7917,1878.3271,1880.7603
2007-01-30,1880.7609,1890.4931,1851.5641,1853.9971
2007-01-31,1853.9966,1878.3272,1834.5320,1846.6974
2007-02-01,1851.5637,1871.0281,1844.2645,1871.0281
2007-02-02,1873.4613,1880.7605,1810.2015,1819.9337
2007-02-05,1827.2332,1832.0994,1800.4696,1810.2018
2007-02-06,1802.9027,1824.8003,1800.4697,1812.6349
2007-02-07,1800.4700,1812.6352,1766.4069,1776.1392
2007-02-08,1781.0045,1812.6343,1766.4061,1778.5715
2007-02-09,1781.0050,1815.0680,1756.6744,1815.0680
2007-02-13,1812.6345,1815.0677,1783.4377,1790.7369
2007-02-14,1819.9336,1861.2958,1819.9336,1839.3982
2007-02-15,1863.7286,1863.7286,1829.6658,1836.9650
2007-02-16,1836.9652,1851.5636,1824.7998,1846.6974
2007-02-19,1858.8633,1858.8633,1846.6979,1853.9971
2007-02-20,1849.1307,1853.9968,1822.3670,1832.0992
2007-02-21,1819.9341,1822.3673,1785.8713,1800.4697
2007-02-22,1822.3668,1822.3668,1790.7368,1802.9022
2007-02-23,1827.2328,1856.4296,1812.6344,1856.4296
2007-02-26,1861.2960,1863.7291,1815.0678,1832.0992
2007-02-27,1819.9340,1827.2332,1802.9026,1810.2018
2007-02-28,1664.2180,1756.6746,1664.2180,1734.7770
2007-03-01,1746.9413,1771.2721,1734.7761,1751.8075
2007-03-02,1749.3750,1763.9734,1717.7450,1756.6742
2007-03-05,1734.7764,1749.3748,1705.5796,1712.8788
2007-03-06,1688.5489,1703.1473,1659.3521,1683.6829
2007-03-07,1700.7135,1712.8789,1610.6901,1615.5562
2007-03-08,1639.8871,1681.2491,1635.0209,1681.2491
2007-03-09,1690.9812,1720.1780,1688.5480,1715.3118
2007-03-12,1751.8080,1781.0048,1742.0758,1756.6742
2007-03-13,1776.1383,1781.0045,1742.0755,1744.5085
2007-03-14,1690.9812,1698.2804,1666.6504,1669.0836
2007-03-15,1693.4143,1712.8789,1681.2489,1698.2805
2007-03-16,1681.2488,1703.1464,1642.3198,1669.0836
2007-03-19,1654.4855,1693.4145,1654.4855,1688.5483
2007-03-20,1688.5482,1710.4458,1678.8160,1710.4458
2007-03-22,1739.6428,1739.6428,1720.1783,1727.4775
2007-03-23,1715.3119,1725.0441,1693.4143,1717.7449
2007-03-26,1715.3118,1725.0440,1698.2804,1712.8788
2007-03-27,1723.8983,1723.8983,1684.7187,1692.0648
2007-03-28,1689.6158,1711.6543,1679.8210,1701.8595
2007-03-29,1694.5132,1728.7951,1677.3720,1716.5516
2007-03-30,1753.2825,1785.1157,1750.8336,1763.0773
2007-04-02,1763.0778,1763.0778,1706.7572,1714.1034
2007-04-03,1741.0394,1797.3600,1736.1419,1792.4625
2007-04-04,1836.5390,1848.7827,1809.6031,1841.4365
2007-04-05,1841.4364,1873.2697,1838.9876,1868.3722
2007-04-06,1865.9238,1885.5136,1858.5777,1878.1675
2007-04-09,1868.3721,1890.4105,1863.4748,1880.6157
2007-04-10,1878.1672,1880.6158,1865.9235,1868.3722
2007-04-11,1880.6161,1885.5136,1851.2315,1878.1675
2007-04-12,1873.2702,1873.2702,1843.8856,1848.7831
2007-04-13,1861.0264,1861.0264,1802.2572,1807.1547
2007-04-16,1821.8472,1856.1293,1816.9497,1851.2318
2007-04-17,1883.0648,1890.4110,1868.3725,1878.1675
2007-04-18,1885.5133,1895.3081,1858.5773,1883.0645
2007-04-19,1887.9624,1887.9624,1826.7445,1846.3341
2007-04-20,1846.3338,1858.5774,1819.3980,1843.8851
2007-04-23,1870.8219,1880.6168,1848.7835,1853.6808
2007-04-24,1861.0264,1861.0264,1831.6418,1846.3341
2007-04-25,1831.6419,1856.1292,1821.8471,1829.1932
2007-04-26,1851.2314,1856.1289,1819.3981,1821.8468
2007-04-27,1846.3340,1856.1290,1814.5007,1836.5392
2007-05-01,1838.9882,1846.3343,1802.2574,1812.0524
2007-05-02,1812.0521,1816.9495,1782.6675,1790.0137
2007-05-07,1812.0525,1814.5012,1792.4627,1799.8088
2007-05-08,1799.8083,1807.1545,1799.8083,1802.2570
2007-05-09,1804.7062,1814.5010,1804.7062,1812.0524
2007-05-10,1824.2954,1829.1929,1816.9492,1816.9492
2007-05-11,1657.7830,1699.4111,1647.9880,1699.4111
2007-05-14,1670.0263,1684.7186,1665.1290,1679.8213
2007-05-15,1645.5388,1657.7824,1643.0901,1650.4363
2007-05-16,1643.0909,1645.5396,1601.4626,1611.2574
2007-05-17,1611.2574,1628.3985,1586.7702,1591.6677
2007-05-18,1591.6673,1591.6673,1545.1415,1576.9750
2007-05-21,1601.4620,1640.6414,1601.4620,1638.1927
2007-05-22,1660.2318,1677.3728,1643.0908,1672.4755
2007-05-23,1684.7189,1696.9626,1665.1293,1694.5139
2007-05-24,1699.4107,1711.6543,1692.0645,1709.2057
2007-05-25,1687.1676,1692.0649,1670.0264,1689.6162
2007-05-28,1758.1806,1758.1806,1738.5909,1738.5909
2007-05-29,1723.8987,1733.6935,1714.1037,1721.4498
2007-05-30,1682.2701,1696.9624,1670.0264,1689.6162
2007-05-31,1665.1293,1687.1678,1662.6805,1672.4755
2007-06-01,1689.6162,1694.5137,1687.1675,1692.0648
2007-06-04,1701.8598,1704.3085,1694.5137,1704.3085
2007-06-05,1677.3726,1694.5137,1667.5777,1689.6162
2007-06-06,1687.1672,1687.1672,1657.7826,1662.6799
2007-06-07,1633.2958,1674.9241,1628.3985,1672.4755
2007-06-08,1630.8471,1635.7446,1596.5649,1608.8086
2007-06-11,1625.9491,1628.3980,1589.2183,1594.1158
2007-06-12,1579.4235,1584.3210,1574.5260,1579.4235
2007-06-13,1618.6030,1621.0519,1616.1544,1618.6030
2007-06-14,1657.7828,1672.4751,1655.3339,1670.0262
2007-06-15,1674.9241,1679.8216,1667.5780,1677.3728
2007-06-18,1687.1674,1694.5136,1672.4751,1679.8213
2007-06-19,1665.1290,1670.0264,1640.6417,1643.0906
2007-06-20,1660.2314,1677.3724,1660.2314,1670.0262
2007-06-21,1723.8979,1723.8979,1714.1029,1719.0004
2007-06-22,1758.1807,1770.4244,1741.0397,1767.9757
2007-06-25,1767.9750,1802.2569,1753.2827,1785.1160
2007-06-26,1733.6931,1745.9368,1728.7956,1743.4879
2007-06-27,1731.2444,1733.6931,1694.5137,1704.3085
2007-06-28,1719.0008,1736.1417,1711.6546,1726.3469
2007-06-29,1726.3474,1750.8345,1721.4499,1748.3859
2007-07-02,1748.3858,1750.8344,1733.6934,1738.5909
2007-07-03,1723.8984,1728.7957,1696.9624,1714.1034
2007-07-04,1704.3079,1714.1027,1699.4104,1711.6541
2007-07-05,1706.7571,1750.8341,1706.7571,1733.6931
2007-07-06,1736.1416,1743.4878,1716.5520,1736.1416
2007-07-09,1760.6288,1782.6672,1758.1799,1782.6672
2007-07-10,1780.2184,1792.4621,1770.4236,1782.6672
2007-07-11,1748.3856,1782.6677,1748.3856,1775.3215
2007-07-12,1765.5267,1767.9756,1719.0011,1738.5909
2007-07-13,1758.1807,1770.4243,1741.0397,1760.6295
2007-07-17,1755.7316,1758.1803,1748.3855,1753.2830
2007-07-18,1750.8339,1765.5262,1738.5904,1741.0391
2007-07-19,1726.3472,1731.2447,1679.8216,1694.5139
2007-07-20,1699.4110,1704.3085,1692.0648,1692.0648
2007-07-23,1670.0261,1677.3722,1647.9876,1657.7826
2007-07-24,1665.1287,1667.5774,1621.0518,1638.1927
2007-07-25,1616.1543,1665.1288,1616.1543,1662.6799
2007-07-26,1672.4750,1687.1674,1672.4750,1687.1674
2007-07-27,1621.0525,1640.6421,1608.8088,1621.0525
2007-07-30,1596.5646,1618.6030,1584.3211,1618.6030
2007-07-31,1618.6034,1618.6034,1599.0138,1603.9111
2007-08-01,1594.1162,1608.8086,1550.0393,1562.2830
2007-08-02,1650.4362,1699.4105,1599.0131,1640.6412
2007-08-03,1704.3085,1748.3854,1704.3085,1733.6931
2007-08-06,1692.0648,1716.5521,1682.2700,1704.3085
2007-08-07,1726.3467,1726.3467,1704.3082,1709.2057
2007-08-08,1674.9237,1699.4108,1674.9237,1684.7185
2007-08-09,1738.5904,1770.4237,1726.3467,1741.0391
2007-08-10,1719.0004,1738.5902,1716.5517,1719.0004
2007-08-13,1704.3085,1704.3085,1682.2700,1682.2700
2007-08-14,1670.0262,1674.9237,1665.1289,1670.0262
2007-08-15,1638.1927,1640.6413,1616.1542,1623.5004
2007-08-16,1613.7056,1633.2952,1594.1157,1623.5004
2007-08-17,1613.7059,1618.6033,1496.1673,1510.8597
2007-08-20,1584.3214,1594.1162,1559.8341,1572.0778
2007-08-21,1608.8088,1628.3986,1606.3602,1621.0525
2007-08-22,1613.7059,1616.1546,1594.1161,1601.4623
2007-08-23,1625.9495,1630.8470,1616.1547,1630.8470
2007-08-24,1645.5394,1645.5394,1623.5009,1630.8470
2007-08-27,1640.6413,1643.0902,1623.5004,1623.5004
2007-08-28,1616.1543,1616.1543,1584.3210,1594.1158
2007-08-29,1552.4881,1557.3855,1542.6932,1554.9369
2007-08-30,1594.1162,1596.5649,1562.2829,1584.3214
2007-08-31,1638.1928,1662.6799,1633.2953,1662.6799
2007-09-03,1662.6799,1674.9235,1645.5389,1660.2312
2007-09-04,1665.1289,1672.4751,1650.4366,1665.1289
2007-09-05,1657.7826,1674.9236,1655.3338,1657.7826
2007-09-06,1621.0521,1657.7829,1621.0521,1643.0906
2007-09-07,1621.0523,1635.7446,1601.4624,1608.8086
2007-09-10,1557.3853,1603.9109,1554.9366,1586.7699
2007-09-11,1601.4621,1606.3596,1559.8338,1564.7313
2007-09-12,1569.6291,1581.8725,1510.8598,1523.1033
2007-09-13,1501.0647,1501.0647,1466.7826,1471.6801
2007-09-14,1471.6801,1508.4108,1469.2313,1498.6160
2007-09-18,1498.6162,1501.0650,1476.5777,1479.0265
2007-09-19,1508.4110,1520.6547,1505.9624,1515.7572
2007-09-20,1442.2956,1452.0904,1437.3981,1444.7443
2007-09-21,1415.3594,1432.5005,1390.8723,1412.9108
2007-09-25,1421.5336,1441.2428,1389.5059,1436.3156
2007-09-26,1500.3709,1522.5439,1473.2706,1480.6616
2007-09-27,1539.7896,1552.1079,1522.5440,1547.1805
2007-09-28,1554.5709,1586.5986,1554.5709,1579.2076
2007-10-01,1554.5714,1591.5263,1554.5714,1589.0627
2007-10-02,1613.6996,1633.4090,1606.3086,1628.4816
2007-10-03,1685.1458,1704.8551,1680.2184,1695.0004
2007-10-04,1687.6092,1739.3462,1677.7546,1714.7096
2007-10-05,1719.6369,1724.5641,1692.5365,1699.9275
2007-10-09,1697.4644,1702.3916,1662.9730,1682.6824
2007-10-10,1707.3184,1749.2007,1707.3184,1741.8097
2007-10-11,1727.0281,1766.4466,1727.0281,1763.9830
2007-10-12,1760.7799,1760.7799,1717.1731,1717.1731
2007-10-15,1727.0280,1754.1282,1719.6370,1746.7372
2007-10-16,1742.6323,1766.4464,1742.6323,1766.4464
2007-10-17,1762.1192,1762.1192,1749.2012,1749.2012
2007-10-18,1763.9825,1773.8371,1739.3458,1771.3735
2007-10-19,1757.8239,1759.0558,1757.8239,1759.0558
2007-10-22,1660.5090,1714.7096,1655.5817,1697.4640
2007-10-23,1760.5335,1761.5189,1760.5335,1761.5189
2007-10-24,1758.3162,1778.7646,1758.3162,1778.7646
2007-10-25,1783.6919,1783.6919,1776.3009,1776.3009
2007-10-26,1770.8835,1770.8835,1714.7096,1714.7096
2007-10-29,1712.2460,1727.0280,1695.0002,1714.7096
2007-10-30,1684.6528,1684.6528,1677.7546,1677.7546
2007-10-31,1658.0453,1690.0730,1655.5817,1677.7546
2007-11-01,1675.2914,1724.5646,1675.2914,1724.5646
2007-11-02,1729.7373,1729.7373,1653.1176,1653.1176
2007-11-05,1655.5817,1672.8273,1653.1181,1665.4363
2007-11-06,1663.9582,1663.9582,1648.1908,1648.1908
2007-11-07,1641.2923,1641.2923,1586.5990,1586.5990
2007-11-08,1590.7871,1590.7871,1549.6440,1549.6440
2007-11-09,1549.6440,1549.6440,1539.7892,1539.7892
2007-11-12,1491.7481,1491.7481,1490.5162,1490.5162
2007-11-13,1494.4580,1596.4536,1494.4580,1596.4536
2007-11-14,1627.0032,1633.4088,1627.0032,1633.4088
2007-11-15,1627.9887,1627.9887,1593.9901,1593.9901
2007-11-16,1599.9034,1599.9034,1598.9178,1598.9178
2007-11-19,1630.9450,1630.9450,1626.0176,1626.0176
2007-11-20,1619.9196,1623.5536,1619.9196,1623.5536
2007-11-21,1624.7857,1624.7857,1537.3257,1537.3257
2007-11-22,1542.2529,1564.4259,1542.2529,1564.4259
2007-11-26,1549.6441,1613.6992,1537.3257,1603.8446
2007-11-27,1511.2107,1557.0349,1511.2107,1557.0349
2007-11-28,1552.1079,1552.1079,1532.3986,1547.1805
2007-11-29,1579.2087,1598.9178,1579.2087,1598.9178
2007-11-30,1598.1176,1608.7717,1598.1176,1608.7717
2007-12-03,1615.9309,1615.9309,1611.2356,1611.2356
2007-12-04,1615.4239,1615.4239,1596.4536,1596.4536
2007-12-05,1596.4535,1596.4535,1584.1351,1584.1351
2007-12-06,1584.1355,1685.1458,1584.1355,1685.1458
2007-12-07,1679.8761,1679.8761,1665.4363,1665.4363
2007-12-10,1660.0161,1670.3635,1660.0161,1670.3635
2007-12-11,1709.7819,1709.7819,1709.7819,1709.7819
2007-12-12,1675.2914,1692.5370,1675.2914,1692.5370
2007-12-13,1695.5834,1695.5834,1643.2634,1643.2634
2007-12-14,1663.9578,1663.9578,1662.9724,1662.9724
2007-12-17,1658.5377,1658.5377,1621.0900,1621.0900
2007-12-18,1598.9175,1603.8448,1564.4263,1566.8899
2007-12-19,1553.5862,1553.5862,1529.9351,1529.9351
2007-12-20,1532.3986,1532.3986,1532.3986,1532.3986
2007-12-21,1532.6450,1554.5715,1532.6450,1554.5715
2007-12-25,1555.5567,1564.4259,1555.5567,1564.4259
2007-12-26,1574.2803,1581.6712,1571.8167,1579.2076
2007-12-27,1581.6717,1581.6717,1559.4988,1559.4988
2007-12-28,1549.6442,1552.1078,1529.9348,1544.7168
2008-01-04,1527.4711,1527.4711,1453.5611,1465.8795
2008-01-07,1461.9376,1461.9376,1436.3156,1436.3156
2008-01-08,1439.7628,1439.7628,1357.4783,1357.4783
2008-01-09,1357.4787,1357.4787,1330.3784,1330.3784
2008-01-10,1335.1007,1335.1007,1318.0596,1318.0596
2008-01-11,1279.8730,1279.8730,1266.3229,1266.3229
2008-01-15,1267.0622,1267.0622,1204.7314,1204.7314
2008-01-16,1143.1396,1170.2400,1108.6484,1120.9667
2008-01-17,1169.5010,1202.2677,1169.5010,1202.2677
2008-01-18,1204.2385,1273.7137,1204.2385,1273.7137
2008-01-21,1273.4674,1273.4674,1182.5582,1182.5582
2008-01-22,1129.5894,1129.5894,1113.5756,1113.5756
2008-01-23,1192.4133,1192.4133,1152.9946,1152.9946
2008-01-24,1152.9944,1175.1674,1152.9944,1175.1674
2008-01-25,1175.9064,1207.1949,1175.9064,1207.1949
2008-01-28,1213.8470,1213.8470,1145.6035,1145.6035
2008-01-29,1167.2837,1167.2837,1138.2124,1138.2124
2008-01-30,1144.7575,1148.0675,1144.7575,1148.0675
2008-01-31,1132.5463,1135.7490,1132.5463,1135.7490
2008-02-01,1135.7488,1160.3855,1135.7488,1160.3855
2008-02-04,1164.5738,1189.9496,1164.5738,1189.9496
2008-02-05,1189.9498,1189.9498,1148.0675,1148.0675
2008-02-06,1102.7360,1102.7360,1091.4031,1091.4031
2008-02-07,1086.9681,1086.9681,1061.8387,1061.8387
2008-02-08,1061.0999,1061.0999,1034.7388,1034.7388
2008-02-12,1035.2313,1035.2313,1019.9566,1019.9566
2008-02-13,1019.9564,1039.6656,1019.9564,1039.6656
2008-02-14,1082.7800,1096.3302,1082.7800,1096.3302
2008-02-15,1093.8661,1111.1118,1076.6204,1108.6481
2008-02-18,1103.9673,1155.4579,1103.9673,1155.4579
2008-02-19,1150.3161,1172.7035,1150.3161,1172.7035
2008-02-20,1168.5158,1168.5158,1135.7490,1135.7490
2008-02-21,1175.9067,1194.8768,1175.9067,1194.8768
2008-02-22,1218.2811,1241.6859,1218.2811,1241.6859
2008-02-25,1236.7814,1281.1047,1236.7814,1281.1047
2008-02-26,1276.9168,1288.4961,1276.9168,1288.4961
2008-02-27,1283.5682,1283.5682,1283.5682,1283.5682
2008-02-28,1281.0728,1281.0728,1266.3229,1266.3229
2008-02-29,1267.3084,1267.3084,1229.3680,1229.3680
2008-03-03,1230.1074,1230.1074,1135.7490,1135.7490
2008-03-04,1140.2352,1140.2352,1135.7490,1135.7490
2008-03-05,1111.1123,1111.1123,1111.1123,1111.1123
2008-03-06,1143.1399,1157.9219,1143.1399,1157.9219
2008-03-07,1158.1682,1158.1682,1081.5483,1081.5483
2008-03-10,1085.9827,1085.9827,1059.3751,1059.3751
2008-03-11,1059.3753,1076.6208,1059.3753,1076.6208
2008-03-12,1098.7941,1098.7941,1069.2301,1069.2301
2008-03-13,1086.4754,1086.4754,1061.8387,1061.8387
2008-03-14,1032.2748,1032.2748,1005.1746,1005.1746
2008-03-17,965.7559,970.6833,965.7559,970.6833
2008-03-18,967.7269,978.0743,967.7269,978.0743
2008-03-19,1023.4057,1023.4057,1019.9566,1019.9566
2008-03-21,1019.9570,1027.3480,1019.9570,1027.3480
2008-03-24,1045.0859,1056.9115,1045.0859,1056.9115
2008-03-25,1085.7364,1086.4755,1085.7364,1086.4755
2008-03-26,1086.4757,1112.3560,1086.4757,1112.3560
2008-03-27,1060.5953,1062.5862,1060.5953,1062.5862
2008-03-28,1064.8255,1082.4938,1064.8255,1082.4938
2008-03-31,1067.5629,1067.5629,1067.5629,1067.5629
2008-04-01,1084.9825,1084.9825,1084.9825,1084.9825
2008-04-02,1084.9823,1129.7751,1084.9823,1129.7751
2008-04-03,1132.2633,1132.2633,1119.8209,1119.8209
2008-04-04,1129.0289,1129.0289,1112.3560,1112.3560
2008-04-07,1140.2269,1147.1946,1140.2269,1147.1946
2008-04-08,1087.7199,1087.7199,1084.9825,1084.9825
2008-04-09,1085.2310,1085.2310,1052.6318,1052.6318
2008-04-10,1027.0005,1027.0005,1015.3046,1015.3046
2008-04-11,1015.8023,1092.4479,1015.8023,1092.4479
2008-04-14,1091.4524,1091.4524,1065.0743,1065.0743
2008-04-15,1072.3483,1075.0282,1072.3483,1075.0282
2008-04-16,1075.5263,1107.3790,1075.5263,1107.3790
2008-04-17,1127.2864,1127.2864,1119.8209,1119.8209
2008-04-18,1112.3557,1129.7751,1112.3557,1129.7751
2008-04-21,1129.7752,1147.1946,1129.7752,1147.1946
2008-04-22,1132.2636,1132.2636,1124.7981,1124.7981
2008-04-23,1129.7751,1129.7751,1129.7751,1129.7751
2008-04-24,1131.0193,1182.0334,1131.0193,1182.0334
2008-04-25,1209.4073,1209.4073,1206.9188,1206.9188
2008-04-28,1236.2828,1236.2828,1214.3840,1214.3840
2008-04-30,1210.1536,1271.6194,1210.1536,1271.6194
2008-05-01,1214.3837,1214.3837,1204.4298,1204.4298
2008-05-02,1241.0109,1269.1309,1241.0109,1269.1309
2008-05-07,1280.5828,1280.5828,1259.1770,1259.1770
2008-05-08,1259.1768,1294.0157,1259.1768,1294.0157
2008-05-09,1291.2785,1291.2785,1211.8956,1211.8956
2008-05-12,1194.4758,1204.4298,1194.4758,1204.4298
2008-05-13,1255.1953,1255.1953,1241.7574,1241.7574
2008-05-14,1254.1997,1261.6652,1254.1997,1261.6652
2008-05-15,1301.2322,1308.9465,1301.2322,1308.9465
2008-05-16,1297.3946,1301.4813,1297.3946,1301.4813
2008-05-19,1304.2186,1316.4122,1304.2186,1316.4122
2008-05-20,1309.1953,1309.1953,1308.9465,1308.9465
2008-05-21,1256.6881,1264.1536,1256.6881,1264.1536
2008-05-22,1251.7114,1269.1309,1251.7114,1269.1309
2008-05-23,1270.1259,1270.1259,1264.1536,1264.1536
2008-05-26,1265.3978,1265.3978,1239.2687,1239.2687
2008-05-27,1236.0339,1256.6885,1236.0339,1256.6885
2008-05-28,1254.6976,1254.6976,1244.2460,1244.2460
2008-05-29,1306.9561,1318.9009,1306.9561,1318.9009
2008-05-30,1318.4029,1351.2510,1318.4029,1351.2510
2008-06-02,1361.2049,1383.6013,1361.2049,1383.6013
2008-06-03,1341.5458,1341.5458,1338.8085,1338.8085
2008-06-04,1353.3501,1353.7394,1353.3501,1353.7394
2008-06-05,1341.2968,1361.2048,1341.2968,1361.2048
2008-06-06,1357.9700,1357.9700,1341.2971,1341.2971
2008-06-09,1308.9464,1308.9464,1303.9694,1303.9694
2008-06-10,1303.9697,1303.9697,1236.7804,1236.7804
2008-06-11,1236.7802,1251.7112,1236.7802,1251.7112
2008-06-12,1196.9643,1219.3607,1196.9643,1219.3607
2008-06-13,1239.2690,1244.2460,1239.2690,1244.2460
2008-06-16,1240.0155,1274.1078,1240.0155,1274.1078
2008-06-17,1273.6099,1273.6099,1261.6652,1261.6652
2008-06-18,1239.3802,1244.2460,1239.3802,1244.2460
2008-06-19,1211.8956,1214.3840,1211.8956,1214.3840
2008-06-20,1172.5770,1184.5217,1172.5770,1184.5217
2008-06-23,1156.4022,1169.5912,1156.4022,1169.5912
2008-06-24,1179.2962,1179.2962,1172.0796,1172.0796
2008-06-25,1167.8494,1167.8494,1159.6373,1159.6373
2008-06-26,1158.3927,1158.3927,1137.2406,1137.2406
2008-06-27,1133.5079,1147.1946,1133.5079,1147.1946
2008-06-30,1147.9412,1147.9412,1117.3328,1117.3328
2008-07-01,1117.5815,1129.7751,1117.5815,1129.7751
2008-07-02,1129.5263,1129.5263,1072.5398,1072.5398
2008-07-03,1072.7890,1072.7890,1062.5862,1062.5862
2008-07-04,1063.5812,1072.5398,1063.5812,1072.5398
2008-07-07,1030.2357,1104.8905,1030.2357,1104.8905
2008-07-08,1065.5723,1065.5723,1045.1666,1045.1666
2008-07-09,1062.5860,1062.5860,1055.1205,1055.1205
2008-07-10,1030.2359,1037.7014,1030.2359,1037.7014
2008-07-11,1038.4474,1052.6318,1038.4474,1052.6318
2008-07-14,1089.4616,1089.4616,1077.5168,1077.5168
2008-07-15,1041.6828,1045.1666,1041.6828,1045.1666
2008-07-16,1075.0284,1092.4479,1075.0284,1092.4479
2008-07-17,1114.8442,1114.8442,1109.8672,1109.8672
2008-07-18,1109.8669,1109.8669,1094.9359,1094.9359
2008-07-22,1119.8214,1129.7754,1087.4710,1127.2869
2008-07-23,1129.7751,1137.2406,1129.7751,1137.2406
2008-07-24,1174.5685,1206.9188,1174.5685,1206.9188
2008-07-25,1145.7018,1145.7018,1142.2179,1142.2179
2008-07-28,1129.7751,1129.7751,1124.7981,1124.7981
2008-07-29,1117.5812,1117.5812,1094.9359,1094.9359
2008-07-30,1088.2170,1094.9359,1088.2170,1094.9359
2008-07-31,1052.1341,1075.0282,1052.1341,1075.0282
2008-08-01,1076.0235,1076.0235,1005.3503,1005.3503
2008-08-04,1002.8621,1002.8621,982.9541,982.9541
2008-08-05,977.1634,987.9314,977.1634,987.9314
2008-08-06,987.4335,1055.1205,987.4335,1055.1205
2008-08-07,1090.7060,1090.7060,1084.9825,1084.9825
2008-08-08,1035.7105,1047.6553,1035.7105,1047.6553
2008-08-11,1042.9270,1045.1666,1042.9270,1045.1666
2008-08-12,1035.2127,1035.2127,1017.7933,1017.7933
2008-08-13,998.8802,1007.8388,998.8802,1007.8388
2008-08-14,1005.8481,1005.8481,1005.3503,1005.3503
2008-08-15,1005.3505,1050.1433,1005.3505,1050.1433
2008-08-18,1084.7334,1084.7334,1077.5168,1077.5168
2008-08-19,1051.1387,1052.6318,1051.1387,1052.6318
2008-08-20,1052.1342,1065.0743,1052.1342,1065.0743
2008-08-21,1050.3925,1050.3925,1045.1666,1045.1666
2008-08-22,1045.6643,1045.6643,1017.7933,1017.7933
2008-08-25,1018.5394,1018.5394,1005.3503,1005.3503
2008-08-26,998.8802,1007.8388,998.8802,1007.8388
2008-08-27,1000.8710,1007.8388,1000.8710,1007.8388
2008-08-28,1000.3737,1000.3737,1000.3737,1000.3737
2008-08-29,1019.7840,1019.7840,1017.7933,1017.7933
2008-09-01,1017.7930,1017.7930,1012.8159,1012.8159
2008-09-02,1012.0695,1012.0695,975.4886,975.4886
2008-09-03,962.7974,962.7974,950.6039,950.6039
2008-09-04,951.1016,951.1016,918.2535,918.2535
2008-09-05,885.9030,890.8801,885.9030,890.8801
2008-09-08,930.6959,930.6959,923.2304,923.2304
2008-09-09,883.4146,883.4146,883.4146,883.4146
2008-09-10,858.5300,898.3459,858.5300,880.9264
2008-09-11,883.4145,883.4145,863.5065,863.5065
2008-09-12,866.2439,866.2439,863.5065,863.5065
2008-09-16,863.7554,863.7554,856.0411,856.0411
2008-09-17,823.6906,823.6906,813.7366,813.7366
2008-09-18,813.7368,821.2023,813.7368,821.2023
2008-09-19,888.6405,933.1844,888.6405,933.1844
2008-09-22,913.2766,913.2766,910.7881,910.7881
2008-09-24,910.7878,910.7878,898.3454,898.3454
2008-09-25,870.3971,870.3971,865.9053,865.9053
2008-09-26,831.4688,831.4688,828.4743,828.4743
2008-09-29,828.9733,828.9733,796.0339,796.0339
2008-09-30,761.0983,761.0983,758.6028,758.6028
2008-10-01,758.6028,758.6028,737.3919,737.3919
2008-10-02,738.1405,738.1405,679.9976,679.9976
2008-10-03,695.2196,695.2196,671.2637,671.2637
2008-10-06,667.7702,667.7702,636.3281,636.3281
2008-10-07,638.0291,693.7225,638.0291,693.7225
2008-10-08,693.9719,693.9719,593.9062,593.9062
2008-10-09,593.6567,593.6567,580.1815,580.1815
2008-10-10,540.5046,613.8694,540.5046,613.8694
2008-10-14,665.7738,679.9976,665.7738,679.9976
2008-10-15,640.3208,645.0621,640.3208,645.0621
2008-10-16,577.6862,577.6862,570.2000,570.2000
2008-10-17,579.6822,581.4290,579.6822,581.4290
2008-10-20,581.6787,608.8785,581.6787,608.8785
2008-10-21,635.0804,645.0621,635.0804,645.0621
2008-10-22,635.3301,635.3301,621.3558,621.3558
2008-10-23,567.9111,606.3832,567.9111,606.3832
2008-10-24,526.7798,526.7798,522.7871,522.7871
2008-10-27,523.0366,523.0366,520.2917,520.2917
2008-10-28,480.1158,542.7504,480.1158,542.7504
2008-10-29,543.2495,550.2366,543.2495,550.2366
2008-10-30,573.4439,632.5850,573.4439,632.5850
2008-10-31,633.8327,633.8327,575.1907,575.1907
2008-11-04,575.6899,621.3558,575.6899,621.3558
2008-11-05,621.1061,684.9884,621.1061,684.9884
2008-11-06,686.2361,686.2361,635.0803,635.0803
2008-11-07,635.0804,635.0804,605.1356,605.1356
2008-11-10,632.5849,635.0803,632.5849,635.0803
2008-11-11,635.8290,635.8290,607.6309,607.6309
2008-11-12,611.3741,611.3741,571.4476,571.4476
2008-11-13,571.4477,571.4477,509.0626,509.0626
2008-11-14,509.0624,509.0624,501.5762,501.5762
2008-11-17,493.5909,493.5909,471.8809,471.8809
2008-11-18,472.3799,472.3799,455.6607,455.6607
2008-11-19,428.2114,434.9490,428.2114,434.9490
2008-11-20,434.9489,434.9489,417.2315,417.2315
2008-11-21,417.4811,440.9379,417.4811,440.9379
2008-11-25,441.6867,451.1692,441.6867,451.1692
2008-11-26,454.6624,454.6624,431.9543,431.9543
2008-11-27,449.4222,449.4222,447.6754,447.6754
2008-11-28,447.9250,454.9122,447.9250,454.9122
2008-12-01,455.1616,455.1616,435.4479,435.4479
2008-12-02,435.6975,435.6975,401.5104,401.5104
2008-12-03,405.0041,405.0041,396.2701,396.2701
2008-12-04,375.0592,375.0592,369.3198,369.3198
2008-12-05,369.5694,384.7914,369.5694,384.7914
2008-12-08,393.5252,406.7508,393.5252,406.7508
2008-12-09,408.9967,408.9967,399.2646,399.2646
2008-12-10,399.5142,408.9967,399.5142,408.9967
2008-12-11,408.9966,426.7140,408.9966,426.7140
2008-12-12,427.2133,427.2133,409.7454,409.7454
2008-12-15,409.7454,451.9177,409.7454,451.9177
2008-12-16,432.7031,432.7031,429.7086,429.7086
2008-12-17,430.2076,430.2076,414.4866,414.4866
2008-12-18,433.4517,433.4517,431.2059,431.2059
2008-12-19,431.7051,431.7051,423.4702,423.4702
2008-12-22,423.4700,447.6754,423.4700,447.6754
2008-12-24,448.1746,448.1746,428.2114,428.2114
2008-12-25,448.6931,448.6931,448.4241,448.4241
2008-12-26,456.9284,457.9068,456.9284,457.9068
2008-12-29,456.2260,461.4003,456.2260,461.4003
2008-12-30,446.4279,461.4003,444.4316,457.1582
2009-01-05,479.6167,501.5763,474.1268,498.3323
2009-01-06,529.0257,571.4476,529.0257,571.4476
2009-01-07,571.4473,626.3462,571.4473,626.3462
2009-01-08,626.3462,626.3462,552.7318,552.7318
2009-01-09,552.7321,552.7321,512.8056,512.8056
2009-01-13,512.8055,512.8055,496.5854,496.5854
2009-01-14,496.5854,496.5854,495.0882,495.0882
2009-01-15,472.6296,486.1048,472.6296,486.1048
2009-01-16,484.8571,512.8056,484.8571,512.8056
2009-01-19,540.2551,540.2551,537.7597,537.7597
2009-01-20,514.0533,521.5396,514.0533,521.5396
2009-01-21,521.5395,521.5395,512.8056,512.8056
2009-01-22,513.0550,522.7871,513.0550,522.7871
2009-01-23,490.3469,490.3469,490.3469,490.3469
2009-01-26,490.3470,498.0827,490.3470,498.0827
2009-01-27,493.0919,529.0257,493.0919,529.0257
2009-01-28,572.6953,572.6953,572.6953,572.6953
2009-01-29,572.9448,572.9448,572.6953,572.6953
2009-01-30,572.9449,572.9449,555.2275,555.2275
2009-02-02,555.2275,570.2000,555.2275,570.2000
2009-02-03,570.1999,570.1999,540.2550,540.2550
2009-02-04,540.2549,598.8969,540.2549,598.8969
2009-02-05,591.4107,591.4107,586.4199,586.4199
2009-02-06,584.4238,611.3741,584.4238,611.3741
2009-02-09,633.5833,633.5833,616.3651,616.3651
2009-02-10,592.6585,607.6309,592.6585,593.9062
2009-02-12,611.3740,611.3740,606.3832,606.3832
2009-02-13,606.3832,606.3832,592.6585,592.6585
2009-02-16,612.1227,613.8694,612.1227,613.8694
2009-02-17,602.6402,602.6402,582.6769,582.6769
2009-02-18,576.1888,576.1888,568.9521,568.9521
2009-02-19,589.4143,596.4015,589.4143,596.4015
2009-02-20,573.9428,573.9428,562.7135,562.7135
2009-02-23,565.9577,570.2000,565.9577,570.2000
2009-02-24,582.1778,613.8694,582.1778,613.8694
2009-02-25,627.5942,637.5758,627.5942,637.5758
2009-02-26,638.0749,638.0749,605.1356,605.1356
2009-02-27,599.1465,620.1079,599.1465,620.1079
2009-03-02,620.1080,620.1080,582.6769,582.6769
2009-03-03,567.7045,570.2000,567.7045,570.2000
2009-03-04,585.1723,600.1448,585.1723,600.1448
2009-03-05,624.1008,624.1008,616.3651,616.3651
2009-03-06,616.3647,616.3647,596.4015,596.4015
2009-03-09,596.9006,608.8785,596.9006,608.8785
2009-03-10,627.8437,633.8326,627.8437,633.8326
2009-03-11,665.0252,665.0252,658.7867,658.7867
2009-03-12,658.7867,665.0251,658.7867,665.0251
2009-03-13,672.5115,672.5115,663.7776,663.7776
2009-03-16,686.2361,686.2361,682.4930,682.4930
2009-03-17,673.2601,673.2601,661.2822,661.2822
2009-03-18,675.0069,677.5023,675.0069,677.5023
2009-03-19,677.5023,677.5023,676.2546,676.2546
2009-03-23,682.2435,692.4747,682.2435,692.4747
2009-03-24,697.4655,701.2086,697.4655,701.2086
2009-03-25,675.0069,675.0069,668.7684,668.7684
2009-03-26,682.0436,682.0436,668.7684,668.7684
2009-03-27,670.0208,696.3207,670.0208,696.3207
2009-03-30,696.5710,696.5710,637.4589,637.4589
2009-03-31,638.2104,638.2104,609.9067,609.9067
2009-04-01,611.1592,623.6830,611.1592,623.6830
2009-04-02,624.1839,681.2922,624.1839,681.2922
2009-04-03,696.3205,696.3205,692.5634,692.5634
2009-04-06,735.8956,761.4441,735.8956,761.4441
2009-04-07,760.9431,768.9583,760.9431,768.9583
2009-04-08,773.9680,773.9680,746.4157,746.4157
2009-04-09,766.4535,788.9963,766.4535,788.9963
2009-04-10,846.6053,846.6053,834.0816,834.0816
2009-04-13,837.0877,837.0877,831.5772,831.5772
2009-04-14,798.7649,806.5297,798.7649,806.5297
2009-04-15,774.7192,774.7192,766.4536,766.4536
2009-04-16,766.7039,766.7039,758.9391,758.9391
2009-04-17,759.6908,778.9774,759.6908,778.9774
2009-04-20,779.7287,783.9868,779.7287,783.9868
2009-04-21,747.6678,758.9391,747.6678,758.9391
2009-04-22,754.4307,773.9678,754.4307,773.9678
2009-04-23,739.4023,751.4251,739.4023,751.4251
2009-04-24,753.5291,753.5291,745.1633,745.1633
2009-04-27,747.1751,747.1751,726.3775,726.3775
2009-04-28,723.3720,723.3720,696.3207,696.3207
2009-04-30,738.9012,738.9012,738.9012,738.9012
2009-05-01,741.6565,781.4820,741.6565,781.4820
2009-05-07,779.0205,794.0059,779.0205,794.0059
2009-05-08,789.9981,796.5104,789.9981,796.5104
2009-05-11,796.7611,796.7611,771.4631,771.4631
2009-05-12,773.8931,781.4820,773.8931,781.4820
2009-05-13,780.7307,780.7307,761.4441,761.4441
2009-05-14,723.8729,723.8729,723.8729,723.8729
2009-05-15,756.6849,763.9487,756.6849,763.9487
2009-05-18,784.7382,784.7382,783.9868,783.9868
2009-05-19,794.0059,819.0534,794.0059,819.0534
2009-05-20,816.7992,831.5772,816.7992,831.5772
2009-05-21,829.3231,829.3231,814.0442,814.0442
2009-05-22,816.0480,816.0480,814.0442,814.0442
2009-05-25,812.0399,829.0723,812.0399,829.0723
2009-05-26,822.8104,846.6055,822.8104,846.6055
2009-05-27,829.3226,829.3226,816.5484,816.5484
2009-05-28,817.0493,834.0816,817.0493,834.0816
2009-05-29,834.5829,841.5963,834.5829,841.5963
2009-06-01,829.0723,829.0723,829.0723,829.0723
2009-06-02,831.3109,859.1295,831.3109,859.1295
2009-06-03,854.1199,859.1295,854.1199,859.1295
2009-06-04,869.1482,869.1482,866.6435,866.6435
2009-06-05,916.7384,924.2527,916.7384,924.2527
2009-06-08,916.7387,916.7387,911.7292,911.7292
2009-06-09,992.3817,992.3817,974.3475,974.3475
2009-06-10,978.6056,991.8807,978.6056,991.8807
2009-06-11,1006.9096,1006.9096,991.8811,996.8906
2009-06-12,986.8715,989.3761,969.3382,971.8430
2009-06-15,954.3098,954.3098,941.7861,946.7955
2009-06-16,896.7006,901.7101,881.6721,896.7006
2009-06-17,884.1768,899.2053,884.1768,896.7006
2009-06-18,881.6723,894.1960,881.6723,894.1960
2009-06-19,901.7103,909.2246,896.7008,904.2151
2009-06-22,946.7952,1001.8998,941.7858,991.8807
2009-06-23,919.2433,944.2907,919.2433,936.7765
2009-06-24,961.8243,989.3765,956.8148,979.3575
2009-06-25,981.8620,986.8716,959.3193,964.3289
2009-06-26,966.8332,996.8902,956.8143,991.8807
2009-06-29,1014.4237,1049.4902,1006.9095,1034.4617
2009-06-30,1031.9572,1034.4619,1004.4049,1026.9476
2009-07-01,1036.9667,1046.9857,1019.4334,1026.9476
2009-07-02,1036.9666,1094.5759,1026.9476,1062.0142
2009-07-03,1024.4428,1064.5187,1024.4428,1049.4902
2009-07-06,1062.0140,1064.5187,1039.4713,1049.4902
2009-07-07,1062.0141,1072.0330,1014.4238,1059.5093
2009-07-08,1034.4618,1041.9761,986.8716,996.8906
2009-07-09,974.3479,991.8812,951.8052,969.3384
2009-07-10,994.3858,1031.9570,984.3668,999.3953
2009-07-13,984.3670,986.8718,924.2530,931.7672
2009-07-14,969.3384,994.3859,956.8146,986.8716
2009-07-15,1019.4328,1021.9376,991.8806,1001.8996
2009-07-16,1054.5001,1072.0333,1041.9763,1046.9858
2009-07-17,1059.5095,1064.5190,1026.9477,1031.9573
2009-07-21,1051.9950,1062.0141,1036.9665,1059.5093
2009-07-22,1034.4620,1051.9953,1029.4526,1046.9858
2009-07-23,1059.5094,1107.0997,1051.9952,1099.5854
2009-07-24,1122.1284,1144.6711,1117.1188,1144.6711
2009-07-27,1179.7371,1212.2989,1172.2229,1197.2704
2009-07-28,1197.2707,1197.2707,1144.6709,1172.2231
2009-07-29,1169.7183,1247.3656,1154.6898,1244.8608
2009-07-30,1244.8608,1247.3656,1184.7468,1194.7659
2009-07-31,1217.3085,1242.3561,1212.2991,1242.3561
2009-08-03,1224.8230,1224.8230,1202.2802,1214.8040
2009-08-04,1227.3278,1232.3373,1189.7565,1204.7850
2009-08-05,1207.2896,1209.7944,1134.6519,1142.1661
2009-08-06,1139.6615,1187.2518,1127.1378,1169.7185
2009-08-07,1179.7374,1194.7659,1162.2041,1179.7374
2009-08-10,1229.8323,1289.9463,1217.3085,1282.4320
2009-08-11,1279.9273,1282.4320,1254.8798,1272.4131
2009-08-12,1287.4416,1345.0508,1284.9368,1312.4890
2009-08-13,1317.4989,1350.0606,1317.4989,1337.5369
2009-08-14,1355.0700,1402.6602,1350.0604,1390.1365
2009-08-17,1390.1363,1390.1363,1365.0887,1365.0887
2009-08-18,1357.5745,1430.2123,1350.0602,1420.1932
2009-08-19,1447.7457,1457.7648,1412.6793,1417.6887
2009-08-20,1420.1938,1435.2223,1337.5370,1372.6035
2009-08-21,1355.0699,1355.0699,1302.4701,1330.0223
2009-08-24,1365.0887,1420.1932,1350.0602,1415.1837
2009-08-25,1395.1456,1417.6883,1390.1361,1410.1741
2009-08-26,1405.1651,1405.1651,1360.0796,1392.6414
2009-08-27,1387.6319,1392.6415,1345.0512,1355.0702
2009-08-28,1370.0985,1415.1840,1365.0889,1402.6602
2009-08-31,1402.6602,1432.7172,1375.1080,1390.1365
2009-09-02,1402.6599,1427.7074,1390.1362,1415.1837
2009-09-03,1415.1841,1467.7838,1407.6698,1455.2600
2009-09-04,1465.2789,1477.8026,1425.2029,1437.7267
2009-09-07,1462.7741,1475.2979,1447.7456,1467.7837
2009-09-08,1442.7362,1475.2980,1432.7172,1470.2885
2009-09-09,1442.7365,1462.7744,1432.7174,1440.2317
2009-09-10,1440.2316,1460.2697,1440.2316,1457.7649
2009-09-11,1457.7647,1462.7741,1427.7077,1437.7267
2009-09-14,1435.2220,1435.2220,1380.1174,1390.1365
2009-09-15,1385.1268,1407.6696,1370.0983,1385.1268
2009-09-16,1400.1557,1465.2792,1395.1462,1440.2317
2009-09-17,1450.2507,1457.7650,1395.1462,1422.6985
2009-09-18,1417.6886,1440.2313,1402.6601,1430.2124
2009-09-21,1430.2124,1430.2124,1430.2124,1430.2124
2009-09-24,1465.2787,1527.8975,1452.7550,1525.3927
2009-09-25,1505.3218,1552.9903,1500.3041,1530.4105
2009-09-28,1482.7427,1500.3048,1432.5653,1457.6539
2009-09-29,1485.2511,1517.8663,1472.7067,1495.2865
2009-09-30,1490.2686,1510.3395,1485.2509,1500.3041
2009-10-01,1475.2156,1485.2511,1407.4761,1412.4938
2009-10-02,1382.3872,1382.3872,1312.1389,1329.7009
2009-10-05,1347.2630,1359.8074,1287.0502,1292.0679
2009-10-06,1317.1569,1362.3165,1317.1569,1357.2988
2009-10-07,1407.4761,1420.0204,1382.3873,1415.0027
2009-10-08,1420.0199,1435.0731,1387.4047,1417.5111
2009-10-09,1460.1625,1482.7423,1445.1093,1460.1625
2009-10-13,1510.3397,1530.4108,1495.2865,1512.8486
2009-10-14,1505.3218,1505.3218,1435.0734,1492.7775
2009-10-15,1517.8661,1520.3750,1485.2509,1492.7775
2009-10-16,1507.8311,1507.8311,1455.1448,1470.1980
2009-10-19,1445.1092,1460.1625,1415.0028,1427.5471
2009-10-20,1452.6355,1457.6532,1415.0024,1422.5291
2009-10-21,1404.9673,1442.6003,1404.9673,1427.5471
2009-10-22,1422.5294,1442.6003,1415.0028,1442.6003
2009-10-23,1422.5293,1432.5648,1384.8962,1404.9672
2009-10-26,1415.0028,1430.0560,1377.3697,1397.4407
2009-10-27,1374.8609,1389.9141,1364.8254,1372.3521
2009-10-28,1382.3876,1382.3876,1271.9973,1282.0328
2009-10-29,1231.8551,1269.4882,1219.3108,1259.4528
2009-10-30,1274.5062,1292.0683,1266.9796,1282.0328
2009-11-02,1219.3107,1241.8905,1216.8018,1229.3462
2009-11-04,1216.8021,1216.8021,1146.5538,1149.0626
2009-11-05,1159.0978,1201.7486,1156.5889,1191.7131
2009-11-06,1226.8372,1229.3461,1191.7130,1199.2396
2009-11-09,1166.6243,1209.2750,1154.0800,1199.2396
2009-11-10,1229.3463,1249.4172,1211.7842,1214.2931
2009-11-11,1229.3462,1254.4348,1224.3284,1246.9082
2009-11-12,1282.0325,1337.2275,1264.4703,1292.0679
2009-11-13,1314.6480,1324.6835,1274.5061,1294.5770
2009-11-16,1294.5770,1299.5947,1214.2932,1231.8552
2009-11-17,1234.3639,1261.9614,1206.7663,1211.7841
2009-11-18,1224.3286,1241.8907,1199.2400,1231.8552
2009-11-19,1219.3109,1241.8908,1211.7843,1221.8198
2009-11-20,1196.7308,1219.3107,1191.7131,1211.7841
2009-11-24,1226.8371,1231.8549,1184.1864,1189.2041
2009-11-25,1184.1865,1191.7131,1151.5712,1181.6776
2009-11-26,1171.6421,1221.8196,1161.6067,1216.8018
2009-11-27,1166.6245,1249.4172,1149.0624,1219.3108
2009-11-30,1254.4348,1259.4526,1234.3639,1249.4171
2009-12-01,1274.5060,1297.0858,1251.9261,1287.0503
2009-12-02,1302.1033,1339.7363,1297.0856,1339.7363
2009-12-03,1364.8252,1377.3695,1349.7720,1377.3695
2009-12-04,1379.8788,1379.8788,1334.7191,1362.3167
2009-12-07,1397.4404,1427.5469,1384.8961,1420.0203
2009-12-08,1394.9315,1450.1266,1392.4226,1435.0734
2009-12-09,1409.9851,1420.0205,1379.8786,1397.4407
2009-12-10,1379.8786,1402.4585,1337.2278,1347.2633
2009-12-11,1372.3522,1387.4054,1357.2989,1387.4054
2009-12-14,1387.4051,1404.9672,1377.3696,1404.9672
2009-12-15,1392.4229,1407.4761,1374.8607,1407.4761
2009-12-16,1420.0207,1425.0385,1382.3876,1387.4054
2009-12-17,1394.9316,1409.9848,1379.8784,1384.8961
2009-12-18,1369.8429,1382.3872,1352.2808,1374.8606
2009-12-21,1399.9494,1435.0735,1399.9494,1432.5647
2009-12-22,1477.7244,1487.7598,1462.6711,1482.7421
2009-12-24,1482.7424,1497.7956,1467.6892,1472.7069
2009-12-25,1472.7068,1472.7068,1445.1093,1460.1625
2009-12-28,1457.6539,1480.2338,1447.6185,1457.6539
2009-12-29,1452.6359,1457.6536,1435.0738,1447.6182
2009-12-30,1435.0738,1447.6182,1430.0560,1447.6182
2010-01-04,1445.1094,1457.6537,1420.0206,1455.1449
2010-01-05,1465.1800,1472.7067,1412.4938,1412.4938
2010-01-06,1422.5292,1440.0913,1402.4582,1420.0203
2010-01-07,1404.9670,1407.4759,1374.8606,1377.3695
2010-01-08,1359.8074,1379.8784,1344.7542,1374.8606
2010-01-12,1367.3344,1369.8433,1344.7545,1367.3344
2010-01-13,1354.7898,1357.2987,1324.6834,1327.1923
2010-01-14,1327.1923,1407.4761,1327.1923,1404.9672
2010-01-15,1455.1446,1457.6534,1412.4938,1430.0559
2010-01-18,1415.0028,1447.6182,1407.4762,1447.6182
2010-01-19,1452.6357,1452.6357,1379.8785,1394.9318
2010-01-20,1415.0026,1415.0026,1372.3518,1377.3695
2010-01-21,1352.2807,1404.9669,1347.2630,1402.4581
2010-01-22,1377.3699,1382.3876,1347.2634,1367.3344
2010-01-25,1342.2457,1362.3167,1324.6836,1362.3167
2010-01-26,1349.7718,1352.2806,1297.0856,1302.1033
2010-01-27,1294.5769,1297.0858,1259.4527,1264.4705
2010-01-28,1271.9972,1307.1213,1264.4706,1294.5770
2010-01-29,1269.4882,1292.0680,1256.9438,1261.9615
2010-02-01,1259.4525,1266.9791,1220.5650,1240.6360
2010-02-02,1259.4528,1299.5946,1243.1450,1259.4528
2010-02-03,1274.5060,1279.5237,1225.5830,1230.6007
2010-02-04,1230.6005,1234.3638,1189.2041,1204.2573
2010-02-05,1155.3348,1195.4768,1154.0804,1192.9679
2010-02-08,1194.2223,1208.0211,1181.6780,1192.9679
2010-02-09,1201.7487,1245.6539,1194.2221,1245.6539
2010-02-10,1264.4702,1297.0856,1261.9613,1297.0856
2010-02-12,1304.6123,1314.6477,1261.9614,1284.5413
2010-02-15,1294.5769,1312.1390,1282.0326,1287.0503
2010-02-16,1287.0503,1292.0680,1246.9083,1254.4349
2010-02-17,1282.0323,1304.6122,1274.5057,1302.1033
2010-02-18,1309.6299,1309.6299,1279.5235,1297.0856
2010-02-19,1292.0680,1314.6478,1261.9616,1264.4705
2010-02-22,1284.5415,1307.1213,1269.4883,1277.0149
2010-02-23,1269.4884,1284.5416,1261.9618,1282.0328
2010-02-24,1256.9439,1266.9794,1249.4172,1259.4528
2010-02-25,1269.4882,1269.4882,1221.8197,1230.6007
2010-02-26,1233.1099,1239.3820,1211.7844,1226.8376
2010-03-01,1234.3641,1254.4351,1215.5476,1239.3818
2010-03-02,1250.6715,1271.9969,1248.1627,1269.4880
2010-03-03,1259.4527,1269.4882,1245.6539,1264.4705
2010-03-04,1274.5058,1277.0146,1236.8728,1241.8905
2010-03-05,1248.1628,1274.5060,1241.8906,1274.5060
2010-03-08,1297.0858,1299.5946,1279.5237,1287.0503
2010-03-09,1299.5947,1354.7899,1294.5770,1347.2633
2010-03-10,1347.2633,1359.8076,1337.2278,1347.2633
2010-03-11,1357.2986,1377.3695,1347.2631,1359.8074
2010-03-12,1379.8788,1379.8788,1344.7545,1362.3167
2010-03-15,1367.3345,1372.3523,1349.7725,1364.8257
2010-03-16,1354.7898,1362.3164,1344.7543,1344.7543
2010-03-17,1402.4584,1407.4761,1382.3873,1392.4229
2010-03-18,1397.4408,1427.5473,1379.8788,1379.8788
2010-03-19,1394.9316,1402.4582,1382.3872,1384.8961
2010-03-23,1387.4054,1387.4054,1369.8433,1379.8788
2010-03-24,1387.4050,1392.4227,1359.8074,1377.3695
2010-03-25,1397.4406,1409.9850,1382.3873,1404.9672
2010-03-26,1417.5113,1472.7064,1412.4935,1465.1798
2010-03-29,1482.7724,1495.3384,1470.2066,1475.2329
2010-03-30,1480.2586,1482.7717,1470.2059,1482.7717
2010-03-31,1472.7199,1472.7199,1442.5618,1445.0750
2010-04-01,1447.5880,1477.7461,1445.0748,1475.2329
2010-04-02,1485.2854,1487.7986,1467.6932,1485.2854
2010-04-05,1487.7986,1507.9039,1482.7722,1507.9039
2010-04-06,1533.0358,1578.2729,1492.8250,1515.4436
2010-04-07,1558.1675,1573.2466,1540.5753,1573.2466
2010-04-08,1550.6281,1568.2202,1548.1148,1555.6543
2010-04-09,1568.2200,1618.4836,1565.7069,1613.4572
2010-04-12,1613.4568,1631.0490,1593.3514,1610.9437
2010-04-13,1595.8652,1600.8915,1543.0885,1565.7072
2010-04-14,1575.7595,1593.3517,1558.1674,1575.7595
2010-04-15,1598.3780,1605.9175,1573.2464,1578.2726
2010-04-16,1563.1940,1568.2204,1530.5228,1545.6018
2010-04-19,1520.4699,1525.4963,1507.9041,1512.9304
2010-04-20,1588.3253,1615.9700,1578.2724,1600.8910
2010-04-21,1633.5630,1678.8001,1631.0497,1671.2606
2010-04-22,1701.4190,1708.9585,1638.5895,1641.1028
2010-04-23,1648.6420,1668.7473,1618.4839,1626.0234
2010-04-26,1651.1551,1656.1815,1628.5366,1643.6156
2010-04-27,1643.6150,1691.3652,1631.0491,1683.8257
2010-04-28,1656.1812,1673.7734,1646.1284,1658.6943
2010-04-30,1683.8257,1698.9047,1668.7466,1683.8257
2010-05-06,1633.5628,1648.6418,1615.9705,1618.4838
2010-05-07,1553.1409,1593.3516,1535.5487,1578.2726
2010-05-10,1553.1412,1598.3783,1543.0885,1565.7072
2010-05-11,1605.9175,1615.9702,1550.6278,1560.6804
2010-05-12,1535.5490,1573.2467,1528.0095,1540.5754
2010-05-13,1565.7072,1610.9443,1565.7072,1603.4048
2010-05-14,1578.2728,1610.9442,1553.1411,1583.2992
2010-05-17,1570.7331,1575.7595,1497.8511,1510.4170
2010-05-18,1525.4962,1543.0884,1455.1274,1472.7196
2010-05-19,1445.0744,1515.4433,1414.9164,1497.8511
2010-05-20,1482.7722,1505.3908,1460.1537,1472.7196
2010-05-21,1424.9692,1462.6668,1409.8902,1424.9692
2010-05-24,1437.5351,1467.6932,1407.3770,1462.6669
2010-05-25,1452.6140,1462.6667,1387.2715,1402.3506
2010-05-26,1427.4825,1442.5615,1362.1399,1392.2980
2010-05-27,1372.1926,1462.6668,1367.1663,1455.1273
2010-05-28,1497.8515,1545.6018,1497.8515,1545.6018
2010-05-31,1535.5491,1553.1413,1528.0095,1538.0623
2010-06-01,1545.6015,1545.6015,1515.4434,1530.5225
2010-06-02,1502.8779,1550.6283,1487.7989,1502.8779
2010-06-03,1528.0095,1568.2203,1517.9568,1565.7072
2010-06-04,1565.7067,1628.5360,1565.7067,1600.8910
2010-06-07,1560.6807,1578.2729,1555.6543,1555.6543
2010-06-08,1543.0882,1588.3254,1540.5751,1575.7595
2010-06-09,1575.7596,1613.4572,1560.6806,1585.8123
2010-06-10,1563.1934,1598.3779,1550.6277,1590.8384
2010-06-11,1623.5098,1631.0493,1608.4307,1613.4572
2010-06-14,1631.0497,1656.1816,1623.5102,1651.1552
2010-06-15,1638.5891,1673.7736,1633.5629,1661.2076
2010-06-16,1686.3394,1691.3656,1646.1285,1656.1813
2010-06-17,1641.1020,1651.1546,1618.4835,1633.5625
2010-06-18,1648.6423,1663.7214,1628.5369,1641.1028
2010-06-21,1653.6683,1663.7211,1638.5892,1651.1552
2010-06-22,1631.0495,1641.1023,1593.3519,1598.3783
2010-06-23,1570.7334,1573.2467,1548.1148,1565.7072
2010-06-24,1545.6016,1578.2727,1538.0620,1558.1675
2010-06-25,1507.9043,1517.9570,1482.7725,1487.7990
2010-06-28,1482.7722,1492.8249,1455.1274,1462.6669
2010-06-29,1467.6932,1500.3644,1447.5878,1455.1273
2010-06-30,1407.3770,1437.5351,1402.3507,1427.4824
2010-07-01,1429.9955,1440.0483,1377.2189,1384.7584
2010-07-02,1417.4299,1422.4563,1379.7323,1387.2719
2010-07-05,1394.8111,1407.3769,1389.7848,1402.3506
2010-07-06,1389.7852,1452.6145,1362.1402,1452.6145
2010-07-07,1447.5880,1450.1012,1399.8377,1409.8904
2010-07-08,1460.1535,1475.2325,1452.6140,1467.6930
2010-07-09,1480.2591,1492.8249,1457.6406,1462.6669
2010-07-12,1467.6932,1487.7987,1447.5879,1450.1011
2010-07-13,1470.2064,1472.7196,1445.0747,1450.1011
2010-07-14,1487.7986,1502.8776,1475.2327,1485.2854
2010-07-15,1472.7198,1475.2329,1442.5617,1447.5880
2010-07-16,1429.9955,1445.0745,1392.2979,1412.4033
2010-07-21,1407.3771,1407.3771,1339.5214,1357.1136
2010-07-22,1334.4950,1334.4950,1266.6393,1304.3369
2010-07-23,1347.0613,1377.2194,1342.0350,1367.1667
2010-07-26,1377.2189,1392.2980,1354.6004,1362.1399
2010-07-27,1367.1664,1384.7585,1354.6004,1357.1136
2010-07-28,1369.6795,1399.8376,1364.6532,1394.8113
2010-07-29,1384.7589,1404.8644,1359.6272,1367.1667
2010-07-30,1347.0610,1352.0874,1306.8503,1314.3898
2010-08-02,1309.3634,1349.5742,1306.8503,1309.3634
2010-08-03,1344.5478,1354.6005,1321.9293,1334.4951
2010-08-04,1321.9289,1329.4684,1296.7971,1299.3103
2010-08-05,1319.4160,1324.4424,1254.0736,1266.6394
2010-08-06,1251.5605,1251.5605,1203.8102,1233.9683
2010-08-09,1216.3756,1221.4019,1202.5531,1206.3229
2010-08-10,1284.2318,1309.3635,1264.1264,1274.1791
2010-08-11,1249.0471,1251.5603,1218.8890,1221.4022
2010-08-12,1192.5009,1261.6132,1183.7048,1256.5868
2010-08-13,1259.0995,1271.6654,1231.4547,1264.1259
2010-08-16,1236.4811,1237.7377,1216.3758,1227.6851
2010-08-17,1212.6060,1242.7641,1212.6060,1227.6851
2010-08-18,1217.6324,1228.9417,1168.6255,1173.6519
2010-08-19,1156.0599,1195.0140,1138.4676,1195.0140
2010-08-20,1173.6520,1181.1915,1163.5994,1171.1389
2010-08-23,1172.3955,1176.1653,1146.0072,1156.0599
2010-08-24,1133.4413,1134.6979,1109.5661,1114.5925
2010-08-25,1083.1778,1113.3359,1081.9213,1085.6910
2010-08-26,1093.2306,1109.5662,1093.2306,1103.2833
2010-08-27,1100.7700,1163.5993,1094.4870,1152.2900
2010-08-30,1168.6251,1174.9081,1104.5392,1109.5656
2010-08-31,1091.9740,1095.7437,1054.2764,1054.2764
2010-09-01,1061.8159,1074.3817,1044.2236,1064.3290
2010-09-02,1089.4607,1098.2568,1046.7368,1065.5856
2010-09-03,1068.0986,1081.9211,1054.2762,1074.3816
2010-09-06,1083.1777,1146.0071,1080.6646,1143.4939
2010-09-07,1132.1843,1146.0068,1119.6185,1138.4673
2010-09-08,1115.8489,1129.6714,1105.7962,1123.3884
2010-09-09,1134.6980,1137.2112,1118.3624,1122.1322
2010-09-10,1134.6978,1144.7505,1124.6450,1128.4148
2010-09-13,1146.0072,1168.6257,1135.9545,1162.3428
2010-09-14,1172.3956,1192.5010,1153.5468,1158.5731
2010-09-16,1208.8365,1215.1194,1184.9613,1195.0140
2010-09-17,1205.0667,1216.3760,1193.7574,1216.3760
2010-09-21,1236.4815,1246.5343,1217.6327,1228.9420
2010-09-22,1217.6324,1240.2510,1215.1192,1237.7378
2010-09-24,1212.6062,1231.4550,1200.0402,1201.2969
2010-09-27,1213.8631,1226.4289,1203.8104,1222.6592
2010-09-28,1226.4480,1234.0264,1206.2387,1218.8695
2010-09-29,1215.0806,1232.7637,1213.8175,1231.5006
2010-09-30,1226.4478,1228.9739,1212.5540,1212.5540
2010-10-01,1223.9219,1232.7634,1213.8172,1217.6064
2010-10-04,1227.7110,1231.5002,1208.7648,1216.3433
2010-10-05,1199.9236,1232.7635,1193.6082,1230.2374
2010-10-06,1242.8679,1268.1295,1232.7632,1265.6033
2010-10-07,1263.0773,1308.5481,1260.5512,1295.9174
2010-10-08,1283.2864,1295.9171,1265.6033,1283.2864
2010-10-12,1283.2865,1283.2865,1230.2373,1234.0265
2010-10-13,1210.0283,1210.0283,1156.9790,1162.0314
2010-10-14,1179.7143,1187.2928,1164.5574,1182.2405
2010-10-15,1183.5033,1222.6588,1179.7141,1196.1342
2010-10-18,1196.1342,1216.3434,1192.3450,1204.9757
2010-10-19,1206.2385,1216.3432,1202.4493,1212.5540
2010-10-20,1182.2406,1226.4483,1179.7144,1223.9221
2010-10-21,1217.6066,1218.8698,1191.0820,1213.8174
2010-10-22,1212.5543,1232.7635,1204.9758,1227.7112
2010-10-25,1227.7112,1235.2897,1208.7651,1211.2913
2010-10-26,1216.3435,1228.9743,1210.0281,1211.2913
2010-10-27,1223.9222,1241.6053,1216.3438,1222.6592
2010-10-28,1222.6588,1222.6588,1192.3450,1204.9757
2010-10-29,1222.6589,1222.6589,1170.8727,1178.4512
2010-11-01,1177.1881,1183.5034,1158.2419,1163.2942
2010-11-02,1169.6096,1175.9249,1149.4003,1164.5573
2010-11-04,1174.6617,1192.3448,1169.6094,1179.7140
2010-11-05,1191.0819,1237.8159,1191.0819,1236.5527
2010-11-08,1246.6572,1300.9695,1245.3941,1293.3910
2010-11-09,1275.7079,1293.3909,1265.6033,1283.2864
2010-11-10,1280.7604,1293.3912,1275.7082,1278.2343
2010-11-11,1293.3911,1328.7574,1293.3911,1318.6527
2010-11-12,1116.5607,1153.1899,1105.1930,1139.2961
2010-11-15,1135.5066,1159.5050,1121.6127,1136.7697
2010-11-16,1148.1372,1151.9264,1135.5065,1141.8218
2010-11-17,1131.7169,1135.5062,1126.6646,1132.9800
2010-11-18,1135.5067,1162.0314,1135.5067,1162.0314
2010-11-19,1175.9249,1188.5558,1168.3465,1169.6096
2010-11-22,1184.7665,1211.2911,1179.7141,1204.9757
2010-11-24,1172.1356,1222.6587,1169.6095,1218.8695
2010-11-25,1232.7632,1254.2355,1223.9217,1237.8156
2010-11-26,1246.6574,1255.4989,1210.0281,1225.1851
2010-11-29,1242.8682,1261.8143,1241.6051,1260.5513
2010-11-30,1251.7098,1256.7622,1230.2376,1231.5006
2010-12-01,1227.7114,1235.2898,1215.0806,1231.5006
2010-12-02,1254.2355,1270.6555,1249.1833,1270.6555
2010-12-03,1278.2340,1293.3909,1268.1295,1283.2864
2010-12-06,1270.6557,1311.0743,1270.6557,1306.0220
2010-12-07,1298.4434,1300.9695,1275.7080,1288.3387
2010-12-08,1285.8127,1311.0743,1285.8127,1303.4958
2010-12-09,1303.4956,1311.0741,1283.2864,1293.3910
2010-12-10,1288.3386,1290.8648,1268.1294,1270.6555
2010-12-13,1280.7606,1336.3361,1270.6560,1336.3361
2010-12-14,1336.3358,1369.1758,1333.8096,1348.9666
2010-12-15,1359.0714,1359.0714,1341.3883,1359.0714
2010-12-16,1351.4929,1364.1237,1346.4405,1351.4929
2010-12-17,1374.2282,1374.2282,1328.7574,1333.8097
2010-12-20,1331.2835,1333.8097,1283.2866,1308.5481
2010-12-21,1293.3909,1303.4956,1273.1817,1283.2864
2010-12-22,1275.7079,1288.3387,1254.2356,1265.6033
2010-12-24,1250.4465,1270.6557,1245.3942,1263.0773
2010-12-27,1270.6559,1288.3390,1263.0774,1275.7083
2010-12-28,1273.1819,1273.1819,1259.2880,1263.0773
2010-12-29,1265.6034,1273.1819,1260.5512,1261.8142
2010-12-30,1261.8144,1263.0774,1242.8682,1245.3944
2011-01-04,1263.0770,1293.3908,1255.4985,1285.8124
2011-01-05,1268.1297,1285.8127,1254.2358,1259.2881
2011-01-06,1261.8140,1273.1817,1254.2356,1265.6033
2011-01-07,1270.6558,1298.4435,1268.1297,1295.9174
2011-01-11,1293.3915,1295.9177,1275.7085,1280.7607
2011-01-12,1293.3909,1298.4433,1263.0771,1265.6033
2011-01-13,1273.1817,1280.7602,1261.8140,1270.6555
2011-01-14,1278.2342,1326.2312,1273.1820,1308.5481
2011-01-17,1318.6530,1346.4407,1316.1268,1341.3884
2011-01-18,1341.3879,1361.5971,1328.7572,1346.4402
2011-01-19,1356.5452,1417.1729,1356.5452,1394.4375
2011-01-20,1369.1757,1381.8065,1354.0188,1364.1234
2011-01-21,1351.4931,1361.5976,1290.8654,1341.3884
2011-01-24,1354.0188,1379.2803,1351.4927,1364.1234
2011-01-25,1389.3849,1412.1203,1381.8065,1404.5419
2011-01-26,1417.1728,1424.7513,1396.9636,1402.0159
2011-01-27,1409.5943,1414.6466,1384.3327,1399.4896
2011-01-28,1394.4373,1404.5419,1369.1757,1384.3326
2011-01-31,1359.0713,1396.9637,1338.8620,1386.8590
2011-02-01,1407.0681,1417.1728,1394.4374,1402.0159
2011-02-02,1417.1723,1439.9077,1412.1200,1432.3292
2011-02-03,1439.9081,1452.5389,1427.2774,1434.8558
2011-02-04,1439.9081,1447.4866,1417.1727,1434.8558
2011-02-07,1460.1177,1462.6439,1437.3823,1455.0654
2011-02-08,1480.3267,1498.0097,1467.6959,1495.4836
2011-02-09,1503.0623,1513.1668,1462.6438,1467.6960
2011-02-10,1450.0127,1477.8004,1450.0127,1457.5912
2011-02-14,1482.8526,1487.9050,1465.1696,1475.2742
2011-02-15,1485.3788,1505.5880,1480.3265,1498.0095
2011-02-16,1508.1143,1515.6928,1498.0096,1503.0620
2011-02-17,1500.5357,1515.6927,1500.5357,1505.5880
2011-02-18,1498.0095,1515.6926,1485.3787,1508.1141
2011-02-21,1515.6928,1515.6928,1465.1697,1472.7482
2011-02-22,1452.5387,1460.1172,1447.4865,1447.4865
2011-02-23,1422.2247,1462.6432,1414.6463,1427.2771
2011-02-24,1414.6466,1424.7513,1384.3328,1391.9113
2011-02-25,1404.5417,1427.2771,1402.0155,1427.2771
2011-02-28,1439.9083,1457.5914,1417.1729,1452.5391
2011-03-01,1462.6437,1485.3791,1457.5914,1480.3268
2011-03-02,1452.5389,1467.6958,1432.3296,1434.8558
2011-03-03,1444.9603,1447.4865,1429.8034,1442.4342
2011-03-04,1465.1696,1467.6957,1439.9080,1447.4865
2011-03-07,1439.9077,1444.9600,1419.6985,1432.3292
2011-03-08,1439.9077,1439.9077,1417.1723,1419.6985
2011-03-09,1424.7514,1442.4345,1409.5945,1422.2252
2011-03-10,1407.0681,1419.6989,1384.3327,1399.4896
2011-03-11,1374.2283,1384.3329,1346.4405,1376.7544
2011-03-14,1250.4465,1333.8096,1230.2373,1263.0773
2011-03-15,1192.3450,1237.8157,1124.1388,1204.9757
2011-03-16,1326.2311,1331.2834,1263.0773,1311.0742
2011-03-17,1246.6572,1321.1788,1227.7110,1300.9695
2011-03-18,1308.5483,1338.8622,1308.5483,1326.2314
2011-03-22,1356.5452,1379.2806,1346.4405,1356.5452
2011-03-23,1341.3881,1371.7019,1328.7573,1348.9666
2011-03-24,1354.0192,1361.5976,1331.2838,1341.3884
2011-03-25,1364.1235,1371.7019,1338.8619,1348.9666
2011-03-28,1354.0193,1361.5978,1338.8624,1354.0193
2011-03-29,1348.9284,1402.3765,1348.9284,1394.7411
2011-03-30,1404.9218,1450.7344,1404.9218,1445.6442
2011-03-31,1471.0956,1473.6408,1438.0087,1445.6442
2011-04-01,1450.7345,1473.6408,1445.6442,1450.7345
2011-04-04,1476.1862,1524.5440,1473.6410,1494.0022
2011-04-05,1494.0019,1494.0019,1427.8281,1448.1892
2011-04-06,1443.0990,1455.8247,1430.3733,1445.6442
2011-04-07,1471.0954,1483.8212,1435.4634,1438.0085
2011-04-08,1422.7379,1473.6408,1412.5572,1468.5505
2011-04-11,1483.8213,1483.8213,1455.8246,1458.3698
2011-04-12,1432.9183,1443.0989,1412.5571,1425.2828
2011-04-13,1407.4672,1438.0089,1407.4672,1432.9186
2011-04-14,1420.1928,1427.8283,1402.3767,1412.5574
2011-04-15,1387.1060,1392.1963,1341.2933,1346.3837
2011-04-18,1348.9289,1364.1998,1341.2935,1364.1998
2011-04-19,1346.3835,1354.0190,1320.9320,1323.4772
2011-04-20,1348.9283,1379.4700,1343.8380,1371.8346
2011-04-21,1387.1060,1387.1060,1356.5642,1369.2900
2011-04-22,1382.0156,1389.6510,1371.8349,1376.9253
2011-04-25,1397.2867,1410.0125,1379.4707,1384.5610
2011-04-26,1382.0154,1384.5605,1351.4736,1356.5638
2011-04-27,1382.0158,1382.0158,1364.1997,1379.4706
2011-04-28,1392.1963,1410.0123,1384.5609,1399.8318
2011-05-02,1420.1929,1425.2831,1402.3768,1422.7380
2011-05-06,1397.2864,1404.9219,1384.5607,1402.3767
2011-05-09,1402.3770,1402.3770,1371.8352,1384.5610
2011-05-10,1371.8351,1410.0124,1371.8351,1407.4673
2011-05-11,1425.2833,1425.2833,1402.3769,1407.4673
2011-05-12,1402.3768,1402.3768,1382.0156,1397.2865
2011-05-13,1402.3770,1407.4674,1369.2901,1384.5610
2011-05-16,1364.1996,1369.2900,1348.9287,1348.9287
2011-05-17,1356.5644,1364.1998,1343.8387,1364.1998
2011-05-18,1356.5642,1382.0158,1336.2031,1379.4706
2011-05-19,1387.1057,1387.1057,1351.4737,1359.1091
2011-05-20,1361.6546,1361.6546,1336.2030,1346.3837
2011-05-23,1326.0221,1338.7480,1305.6610,1320.9319
2011-05-24,1305.6610,1326.0221,1305.6610,1320.9319
2011-05-25,1318.3866,1331.1124,1300.5706,1303.1157
2011-05-26,1313.2965,1328.5674,1310.7513,1328.5674
2011-05-27,1328.5675,1336.2030,1310.7514,1326.0223
2011-05-30,1315.8416,1326.0221,1305.6610,1320.9319
2011-05-31,1318.3869,1346.3836,1313.2966,1343.8384
2011-06-01,1356.5642,1379.4706,1351.4740,1369.2900
2011-06-02,1326.0225,1346.3838,1323.4774,1336.2031
2011-06-03,1320.9323,1333.6580,1300.5711,1308.2065
2011-06-06,1298.0253,1315.8413,1290.3898,1295.4801
2011-06-07,1292.9352,1315.8416,1287.8449,1310.7512
2011-06-08,1300.5708,1315.8417,1298.0256,1313.2965
2011-06-09,1310.7514,1310.7514,1292.9354,1305.6611
2011-06-10,1303.1158,1313.2964,1292.9352,1298.0255
2011-06-13,1277.6648,1292.9357,1277.6648,1290.3905
2011-06-14,1285.2997,1300.5706,1280.2093,1300.5706
2011-06-15,1303.1158,1303.1158,1290.3901,1298.0255
2011-06-16,1295.4802,1305.6609,1280.2094,1280.2094
2011-06-17,1287.8447,1298.0253,1271.3013,1275.1190
2011-06-20,1282.7544,1300.5705,1272.5738,1277.6642
2011-06-21,1298.0254,1308.2060,1287.8448,1300.5706
2011-06-22,1310.7512,1313.2964,1300.5707,1310.7512
2011-06-23,1292.9351,1300.5705,1277.6642,1277.6642
2011-06-24,1252.2129,1275.1192,1249.6677,1271.3015
2011-06-27,1275.1192,1280.2094,1263.6660,1266.2112
2011-06-28,1272.5742,1277.6646,1266.2114,1268.7565
2011-06-29,1282.7551,1290.3905,1275.1196,1290.3905
2011-06-30,1303.1157,1303.1157,1282.7546,1292.9352
2011-07-01,1303.1156,1305.6608,1292.9351,1300.5706
2011-07-04,1303.1156,1308.2060,1264.9384,1277.6642
2011-07-05,1268.7561,1277.6642,1264.9384,1275.1190
2011-07-06,1282.7551,1295.4808,1271.3019,1290.3905
2011-07-07,1290.3900,1310.7512,1287.8448,1303.1157
2011-07-08,1287.8449,1298.0255,1280.2095,1282.7546
2011-07-11,1272.5741,1275.1193,1268.7564,1272.5741
2011-07-12,1261.1211,1266.2115,1252.2131,1254.7583
2011-07-13,1245.8498,1248.3950,1221.6709,1225.4886
2011-07-14,1225.4889,1225.4889,1187.3117,1203.8551
2011-07-15,1201.3100,1201.3100,1187.3117,1193.6746
2011-07-19,1177.1308,1179.6760,1152.9519,1156.7697
2011-07-20,1170.7680,1184.7662,1164.4051,1174.5857
2011-07-21,1175.8586,1180.9488,1145.3168,1151.6797
2011-07-22,1160.5874,1166.9503,1146.5891,1166.9503
2011-07-25,1160.5875,1165.6777,1147.8618,1150.4069
2011-07-26,1144.0443,1144.0443,1117.3202,1137.6814
2011-07-27,1138.9538,1178.4037,1133.8636,1178.4037
2011-07-28,1163.1329,1179.6764,1156.7700,1163.1329
2011-07-29,1161.8602,1165.6779,1137.6813,1144.0442
2011-08-01,1156.7699,1179.6762,1156.7699,1172.0408
2011-08-02,1165.6778,1165.6778,1133.8635,1146.5892
2011-08-03,1128.7734,1128.7734,1107.1396,1109.6848
2011-08-04,1107.1397,1126.2283,1089.3236,1091.8688
2011-08-05,1021.8771,1061.3269,1019.3319,1054.9640
2011-08-08,1030.7850,1037.1479,1007.8786,1025.6947
2011-08-09,979.8821,987.5176,950.6129,983.6998
2011-08-10,1023.1497,1030.7851,984.9724,988.7902
2011-08-11,962.0659,979.8820,959.5207,964.6111
2011-08-12,970.9736,978.6091,949.3399,953.1577
2011-08-15,970.9740,977.3369,954.4306,959.5209
2011-08-16,973.5193,990.0628,969.7016,981.1548
2011-08-17,983.6996,988.7899,958.2481,962.0659
2011-08-18,951.8855,951.8855,918.7986,922.6163
2011-08-19,898.4373,902.2550,884.4390,890.8018
2011-08-22,879.3485,912.4355,876.8034,879.3485
2011-08-23,884.4392,907.3455,876.8037,889.5294
2011-08-24,907.3453,913.7081,869.1681,871.7132
2011-08-25,878.0761,908.6178,875.5309,902.2549
2011-08-26,893.3472,931.5244,890.8020,928.9792
2011-08-29,940.4319,950.6125,918.7982,938.1413
2011-08-30,958.2483,960.7935,940.4322,945.5226
2011-08-31,945.5224,949.3401,921.3434,933.7309
2011-09-01,941.7049,956.9758,927.7066,951.1219
2011-09-02,937.8872,946.7952,921.3437,924.1434
2011-09-05,906.0728,909.8905,883.1664,896.9102
2011-09-06,876.8035,878.0761,833.5360,844.9891
2011-09-07,850.0796,885.7116,850.0796,859.4966
2011-09-08,897.1648,912.4357,889.5293,899.9644
2011-09-09,908.6178,909.8904,881.8938,902.2549
2011-09-12,867.8955,894.6196,864.0778,882.1484
2011-09-13,885.7119,926.4343,885.7119,926.4343
2011-09-14,931.5242,960.7934,902.2550,905.0547
2011-09-15,930.2516,950.6127,928.9790,935.3419
2011-09-16,941.7047,979.8819,939.1595,962.0659
2011-09-20,948.0678,962.0661,926.4341,960.7936
2011-09-21,962.0659,970.9739,944.2498,964.6111
2011-09-22,941.7052,942.9777,906.0730,911.1634
2011-09-26,897.1646,903.5275,867.8954,888.2567
2011-09-27,914.9808,949.3403,913.7082,940.4323
2011-09-28,949.1542,960.6979,922.2187,929.9146
2011-09-29,919.6535,954.2848,904.2618,954.2848
2011-09-30,954.2848,967.1112,926.0667,954.2848
2011-10-03,928.6319,938.8931,896.5660,900.4139
2011-10-04,864.5000,901.6965,859.3694,896.5660
2011-10-05,906.8272,913.2404,881.1744,892.7181
2011-10-06,910.6753,945.3066,910.6753,933.7629
2011-10-07,961.9806,991.4814,961.9806,982.5028
2011-10-11,1006.8730,1038.9390,1006.8730,1031.2432
2011-10-12,1018.4170,1072.2880,1010.7212,1069.7227
2011-10-13,1082.5487,1114.6148,1079.9835,1106.9189
2011-10-14,1090.2448,1106.9192,1049.2004,1059.4614
2011-10-17,1092.8100,1095.3753,1069.7225,1079.9836
2011-10-18,1056.8960,1077.4183,1050.4828,1067.1571
2011-10-19,1087.6794,1088.9620,1044.0695,1054.3307
2011-10-20,1037.6564,1038.9390,994.0465,1012.0035
2011-10-21,1005.5904,1029.9606,985.0681,1026.1127
2011-10-24,1046.6350,1069.7226,1040.2218,1059.4614
2011-10-25,1072.2879,1078.7010,1051.7656,1062.0267
2011-10-26,1041.5044,1088.9621,1038.9391,1079.9836
2011-10-27,1096.6579,1110.7670,1077.4183,1109.4843
2011-10-28,1115.8976,1124.8761,1074.8531,1085.1143
2011-10-31,1119.7455,1122.3108,1078.7009,1079.9836
2011-11-01,1077.4184,1077.4184,1035.0912,1047.9176
2011-11-02,1026.1126,1068.4398,1018.4168,1051.7654
2011-11-04,1065.8745,1083.8315,1054.3307,1076.1356
2011-11-07,1069.7228,1117.1804,1060.7443,1095.3756
2011-11-08,1096.6581,1097.9407,1046.6351,1058.1788
2011-11-09,1026.1128,1051.7656,1015.8517,1036.3739
2011-11-10,1000.4601,1001.7427,986.3510,999.1775
2011-11-11,986.3508,1004.3078,967.1112,986.3508
2011-11-14,999.1773,1005.5904,961.9807,986.3508
2011-11-15,964.5460,978.6550,951.7196,953.0023
2011-11-16,951.7195,968.3938,945.3063,949.1542
2011-11-17,949.1542,1001.7424,947.8715,994.0466
2011-11-18,982.5031,1004.3080,970.9593,999.1775
2011-11-21,990.1986,990.1986,951.7194,967.1111
2011-11-22,949.1541,967.1110,946.5888,960.6979
2011-11-24,936.3277,946.5888,919.6534,929.9146
2011-11-25,928.6317,964.5457,928.6317,958.1324
2011-11-28,988.9160,1020.9820,987.6334,1012.0035
2011-11-29,1023.5475,1062.0267,1023.5475,1059.4614
2011-11-30,1046.6346,1047.9172,1019.6992,1028.6776
2011-12-01,1064.5920,1074.8531,1045.3524,1063.3093
2011-12-02,1054.3309,1087.6796,1047.9176,1086.3969
2011-12-05,1086.3968,1101.7885,1079.9836,1097.9406
2011-12-06,1082.5490,1094.0928,1068.4400,1074.8531
2011-12-07,1074.8531,1100.5060,1073.5705,1099.2234
2011-12-08,1101.7883,1124.8759,1094.0925,1106.9189
2011-12-09,1094.0927,1100.5060,1081.2664,1083.8317
2011-12-12,1100.5060,1100.5060,1090.2449,1094.0928
2011-12-13,1062.0269,1087.6797,1062.0269,1081.2665
2011-12-14,1073.5707,1082.5491,1071.0054,1073.5707
2011-12-15,1054.3308,1058.1787,1028.6780,1033.8086
2011-12-16,1036.3737,1045.3522,1024.8299,1031.2432
2011-12-19,1015.8515,1033.8085,1010.7210,1019.6995
2011-12-20,1020.9818,1042.7867,1020.9818,1040.2214
2011-12-21,1058.1786,1064.5919,1046.6349,1050.4828
2011-12-22,1050.4830,1050.4830,1035.0913,1042.7871
2011-12-26,1051.7654,1058.1786,1041.5044,1049.2002
2011-12-27,1051.7656,1051.7656,1038.9392,1042.7871
2011-12-28,1038.9387,1038.9387,1018.4165,1020.9818
2011-12-29,1008.1554,1026.1124,1004.3075,1020.9818
2011-12-30,1029.9603,1032.5255,1015.8513,1029.9603
2012-01-04,1047.9175,1056.8960,1045.3523,1053.0481
2012-01-05,1045.3520,1045.3520,1027.3950,1029.9603
2012-01-06,1015.8518,1028.6782,1006.8734,1023.5477
2012-01-10,1018.4170,1038.9392,1017.1343,1036.3739
2012-01-11,1044.0697,1074.8531,1042.7871,1065.8746
2012-01-12,1068.4400,1077.4185,1064.5921,1069.7227
2012-01-13,1056.8962,1074.8531,1054.3309,1068.4399
2012-01-16,1056.8958,1058.1784,1033.8083,1040.2214
2012-01-17,1049.2006,1079.9840,1049.2006,1077.4187
2012-01-18,1094.0924,1115.8973,1085.1140,1113.3320
2012-01-19,1141.5505,1150.5289,1130.0067,1147.9636
2012-01-20,1151.8115,1159.5073,1114.6150,1141.5504
2012-01-23,1113.3323,1114.6150,1064.5920,1090.2448
2012-01-24,1077.4185,1081.2664,1042.7872,1069.7227
2012-01-25,1069.7228,1096.6582,1067.1574,1095.3756
2012-01-26,1094.0923,1096.6577,1060.7438,1064.5917
2012-01-27,1049.2000,1053.0479,1032.5256,1040.2214
2012-01-30,1031.2429,1049.1999,1027.3950,1028.6776
2012-01-31,1028.6779,1056.8961,1020.9821,1055.6134
2012-02-01,1045.3524,1065.8747,1038.9392,1059.4614
2012-02-02,1060.7441,1073.5705,1059.4614,1065.8746
2012-02-03,1064.5920,1091.5275,1059.4614,1086.3969
2012-02-06,1095.3753,1101.7884,1051.7654,1067.1571
2012-02-07,1067.1573,1074.8531,1050.4830,1062.0267
2012-02-08,1056.8962,1059.4614,1040.2218,1047.9176
2012-02-09,1026.1128,1037.6566,1005.5905,1036.3739
2012-02-10,1038.9393,1042.7872,1017.1344,1024.8302
2012-02-13,1028.6780,1033.8086,1023.5475,1027.3954
2012-02-14,1029.9606,1035.0911,1014.5689,1031.2432
2012-02-15,1036.3739,1062.0267,1028.6780,1059.4614
2012-02-16,1056.8962,1088.9622,1051.7655,1086.3969
2012-02-17,1094.0927,1100.5059,1082.5489,1090.2448
2012-02-20,1103.0710,1114.6148,1099.2231,1106.9189
2012-02-21,1103.0710,1117.1800,1099.2231,1105.6362
2012-02-22,1105.6363,1112.0496,1086.3967,1109.4843
2012-02-23,1118.4630,1135.1374,1108.2019,1131.2894
2012-02-24,1141.5505,1160.7901,1135.1372,1147.9636
2012-02-27,1165.9203,1185.1599,1156.9419,1159.5071
2012-02-28,1131.2889,1160.7897,1121.0278,1158.2244
2012-02-29,1168.4855,1177.4640,1151.8111,1158.2244
2012-03-01,1160.7901,1168.4859,1128.7240,1133.8546
2012-03-02,1141.5502,1146.6807,1106.9189,1113.3320
2012-03-05,1112.0498,1121.0282,1094.0928,1099.2234
2012-03-06,1088.9621,1099.2233,1063.3093,1071.0051
2012-03-07,1064.5923,1091.5277,1064.5923,1082.5492
2012-03-08,1100.5061,1105.6366,1095.3755,1104.3540
2012-03-09,1133.8544,1138.9849,1122.3106,1128.7238
2012-03-12,1146.6809,1151.8114,1118.4628,1127.4413
2012-03-13,1131.2892,1131.2892,1110.7669,1114.6149
2012-03-14,1144.1159,1159.5076,1136.4200,1142.8333
2012-03-15,1153.0943,1183.8777,1144.1158,1181.3124
2012-03-16,1183.8773,1239.0308,1181.3120,1233.9003
2012-03-19,1233.9004,1237.7483,1215.9434,1215.9434
2012-03-21,1219.7911,1241.5960,1210.8126,1212.0952
2012-03-22,1210.8132,1226.2048,1201.8346,1203.1173
2012-03-23,1191.5735,1203.1173,1186.4429,1186.4429
2012-03-26,1186.4425,1191.5732,1169.7682,1183.8773
2012-03-27,1219.7915,1223.6394,1190.2907,1199.2693
2012-03-28,1205.4515,1235.0726,1200.3000,1235.0726
2012-03-29,1224.7692,1226.0570,1195.1480,1200.2996
2012-03-30,1218.3297,1219.6177,1177.1178,1178.4056
2012-04-02,1189.9968,1201.5877,1177.1181,1183.5574
2012-04-03,1210.6025,1256.9660,1209.3146,1237.6478
2012-04-04,1229.9206,1244.0872,1228.6327,1236.3600
2012-04-05,1224.7693,1240.2238,1204.1633,1238.9359
2012-04-06,1236.3599,1242.7993,1208.0267,1219.6176
2012-04-09,1195.1478,1226.0568,1193.8600,1210.6023
2012-04-10,1214.4660,1241.5113,1213.1781,1217.0417
2012-04-11,1199.0115,1219.6175,1197.7236,1215.7539
2012-04-12,1220.9053,1238.9356,1211.8902,1232.4962
2012-04-13,1236.3599,1254.3902,1218.3296,1219.6176
2012-04-16,1206.7386,1213.1780,1193.8599,1199.0114
2012-04-17,1199.0113,1205.4507,1160.3751,1169.3903
2012-04-18,1196.4356,1215.7538,1191.2841,1213.1780
2012-04-19,1206.7389,1233.7843,1205.4510,1224.7692
2012-04-20,1241.5119,1250.5271,1228.6332,1235.0726
2012-04-23,1236.3598,1246.6629,1209.3145,1210.6023
2012-04-24,1202.8750,1223.4811,1201.5872,1208.0266
2012-04-25,1227.3448,1233.7841,1220.9054,1226.0569
2012-04-26,1246.6626,1253.1019,1236.3595,1242.7990
2012-04-27,1246.6635,1253.1028,1226.0574,1235.0726
2012-05-01,1233.7839,1238.9355,1191.2841,1192.5720
2012-05-02,1213.1781,1226.0568,1209.3145,1218.3296
2012-05-07,1188.7086,1193.8600,1177.1177,1182.2692
2012-05-08,1182.2690,1196.4356,1166.8145,1171.9659
2012-05-09,1153.9358,1162.9509,1146.2085,1155.2236
2012-05-10,1148.7842,1173.2539,1147.4964,1155.2236
2012-05-11,1227.3448,1265.9811,1224.7691,1247.9508
2012-05-14,1258.2540,1274.9963,1247.9510,1274.9963
2012-05-15,1249.2386,1269.8447,1231.2084,1262.1174
2012-05-16,1259.5418,1274.9963,1238.9359,1250.5267
2012-05-17,1249.2388,1259.5418,1226.0570,1250.5267
2012-05-18,1232.4963,1235.0721,1204.1631,1209.3146
2012-05-21,1197.7235,1206.7386,1184.8447,1188.7084
2012-05-22,1197.7238,1214.4661,1191.2844,1200.2996
2012-05-23,1200.2993,1200.2993,1156.5115,1161.6631
2012-05-24,1161.6631,1162.9509,1111.4360,1138.4813
2012-05-25,1124.3147,1130.7541,1076.6634,1084.3906
2012-05-28,1090.8301,1092.1180,1052.1938,1067.6483
2012-05-29,1067.6486,1090.8303,1056.0577,1090.8303
2012-05-30,1072.8001,1084.3910,1057.3456,1080.5273
2012-05-31,1067.6480,1079.2389,1053.4815,1077.9510
2012-06-01,1066.3603,1066.3603,1017.4210,1032.8755
2012-06-04,991.6638,1018.7091,991.6638,1005.8303
2012-06-05,1047.0423,1071.5119,1041.8909,1067.6483
2012-06-06,1083.1029,1106.2846,1059.9211,1099.8453
2012-06-07,1135.9056,1139.7693,1112.7239,1116.5875
2012-06-08,1124.3151,1128.1787,1103.7091,1110.1484
2012-06-11,1130.7542,1139.7693,1117.8754,1135.9056
2012-06-12,1107.5725,1139.7694,1106.2846,1134.6179
2012-06-13,1147.4964,1156.5115,1134.6177,1155.2236
2012-06-14,1148.7846,1178.4057,1139.7695,1170.6785
2012-06-15,1170.6781,1180.9811,1153.9358,1169.3903
2012-06-18,1193.8600,1218.3296,1191.2842,1217.0417
2012-06-19,1205.4514,1219.6180,1195.1483,1197.7241
2012-06-20,1208.0271,1210.6028,1189.9968,1195.1483
2012-06-21,1199.0115,1208.0267,1188.7085,1196.4358
2012-06-22,1179.6935,1182.2693,1165.5269,1179.6935
2012-06-25,1180.9813,1187.4206,1134.6178,1141.0571
2012-06-26,1115.2998,1121.7391,1098.5573,1111.4362
2012-06-27,1117.8753,1137.1934,1095.9815,1123.0269
2012-06-28,1139.7694,1148.7845,1121.7391,1134.6179
2012-06-29,1130.7543,1156.5117,1112.7240,1152.6481
2012-07-02,1178.4056,1178.4056,1147.4966,1148.7844
2012-07-03,1161.6633,1166.8148,1148.7845,1153.9360
2012-07-04,1166.8149,1166.8149,1139.7696,1144.9210
2012-07-05,1139.7695,1151.3603,1137.1937,1147.4967
2012-07-06,1148.7845,1148.7845,1119.1635,1125.6028
2012-07-09,1110.1482,1112.7240,1089.5423,1093.4059
2012-07-10,1102.4207,1107.5723,1071.5117,1088.7693
2012-07-11,1084.3910,1095.9819,1058.6335,1074.0880
2012-07-12,1056.0572,1059.9209,1035.4513,1052.1936
2012-07-13,1044.4666,1084.3908,1044.4666,1081.2999
2012-07-17,1094.6938,1094.6938,1056.0575,1061.2091
2012-07-18,1057.3456,1058.6335,1018.7094,1023.0881
2012-07-19,1041.8907,1074.0876,1036.7392,1061.7595
2012-07-20,1068.9364,1072.8000,1045.7546,1047.0425
2012-07-23,1032.8759,1044.4667,1026.4366,1032.1927
2012-07-24,1026.4365,1039.3152,1014.8456,1027.6737
2012-07-25,1010.9820,1016.1334,981.3608,992.1790
2012-07-26,994.2393,1021.2847,986.5121,1008.9211
2012-07-27,1050.9063,1050.9063,1010.9822,1018.1247
2012-07-30,1040.6028,1057.3452,1030.2999,1038.5422
2012-07-31,1038.0272,1074.0876,1034.1635,1070.2240
2012-08-01,1053.4819,1059.9212,1043.1789,1053.4819
2012-08-02,1053.4816,1063.7845,1050.9058,1056.0573
2012-08-03,1044.4665,1048.3301,1032.8756,1035.4514
2012-08-06,1054.7695,1068.9362,1054.7695,1060.6937
2012-08-07,1067.6481,1068.9361,1053.4816,1058.6331
2012-08-08,1080.5271,1088.2544,1032.8757,1043.2671
2012-08-09,1018.7093,1074.0879,1007.1184,1036.3600
2012-08-10,1017.4213,1031.5880,1014.8456,1020.3732
2012-08-13,1026.4363,1038.0271,1025.1483,1028.2607
2012-08-14,1025.1482,1026.4362,978.7848,1006.3453
2012-08-15,987.8000,998.1029,963.3303,995.5272
2012-08-16,995.5275,1012.2699,994.2396,1008.1486
2012-08-17,1025.1485,1036.7394,1018.7092,1034.6788
2012-08-20,1052.1940,1061.2092,1032.8758,1040.3456
2012-08-21,1039.3150,1040.6028,1026.4362,1032.6180
2012-08-22,1019.9970,1027.7242,1009.6940,1014.8455
2012-08-23,1004.5424,1022.5727,999.3909,1015.4925
2012-08-24,1004.5424,1007.1182,996.8152,1002.7394
2012-08-27,1004.5425,1012.2697,995.5274,996.8152
2012-08-28,1007.1181,1012.2696,985.2242,990.3757
2012-08-29,995.5275,1016.1335,991.6639,1012.2698
2012-08-30,1023.8606,1026.4364,1000.6789,1004.5425
2012-08-31,995.5271,1008.4058,994.2392,999.3907
2012-09-03,999.3911,1003.2547,974.9214,991.6638
2012-09-04,989.0878,1005.8302,987.8000,1001.9666
2012-09-05,999.3911,999.3911,974.9214,978.7850
2012-09-06,978.7848,985.2242,949.1637,981.3605
2012-09-07,1009.6943,1018.7095,998.1034,1018.7095
2012-09-10,1019.9969,1019.9969,992.9515,1000.6788
2012-09-11,978.7848,980.0728,960.7547,967.1940
2012-09-12,967.1942,985.2245,964.6185,971.0579
2012-09-13,972.3454,981.3605,965.9060,968.4818
2012-09-14,986.5122,1003.2547,982.6486,996.8152
2012-09-18,1014.8454,1034.1635,1004.5424,1019.9969
2012-09-19,1019.9969,1029.0120,1005.8302,1019.9969
2012-09-20,1010.9817,1014.8453,981.3605,981.3605
2012-09-21,982.6484,996.8150,978.7848,981.3605
2012-09-24,981.3605,987.7999,978.7847,985.2241
2012-09-25,989.0879,1004.5424,980.0728,1003.2546
2012-09-26,999.3510,1007.1585,992.8448,996.7485
2012-09-27,991.5436,1011.0622,975.9287,979.8325
2012-09-28,979.8321,991.5432,974.6272,978.5309
2012-10-01,969.4225,970.7238,951.2052,962.9164
2012-10-02,968.1211,982.4348,960.3137,965.5186
2012-10-03,951.2050,952.5062,917.3728,917.3728
2012-10-04,919.9754,932.9878,900.4569,931.6866
2012-10-05,931.6864,931.6864,905.6616,913.4691
2012-10-09,913.4690,913.4690,904.3604,912.1678
2012-10-10,897.8542,916.0716,890.0468,891.3480
2012-10-11,882.2393,929.0838,879.6367,909.5652
2012-10-12,916.0716,934.2888,910.8666,919.9753
2012-10-15,919.9754,942.0964,916.0717,940.7952
2012-10-16,946.0003,953.8077,934.2891,939.4941
2012-10-17,947.3016,953.8077,932.9880,952.5065
2012-10-18,960.3141,991.5438,959.0129,990.2426
2012-10-19,983.7362,1005.8573,979.8325,1003.2548
2012-10-22,999.3511,1005.8573,978.5313,1003.2548
2012-10-23,1012.3633,1013.6646,992.8448,1001.9535
2012-10-24,983.7360,988.9409,966.8199,982.4348
2012-10-25,973.3262,979.8325,955.1090,979.8325
2012-10-26,1000.6520,1004.5557,979.8322,987.6396
2012-10-29,995.4473,1003.2547,987.6399,999.3510
2012-10-30,1000.6523,1013.6647,994.1461,996.7485
2012-10-31,1004.5559,1029.2795,1004.5559,1024.0745
2012-11-01,1033.1831,1044.8943,1016.2670,1042.2917
2012-11-02,1054.0028,1072.2202,1054.0028,1056.6053
2012-11-05,1052.7015,1068.3163,1052.7015,1063.1113
2012-11-06,1048.7978,1052.7015,1009.7607,1009.7607
2012-11-07,1034.4843,1040.9905,1017.5682,1021.4719
2012-11-08,1013.6645,1013.6645,979.8322,982.4348
2012-11-09,1021.4719,1044.8942,1016.2669,1040.9905
2012-11-12,1026.6768,1027.9780,1009.7607,1013.6644
2012-11-13,1007.1586,1029.2797,1007.1586,1029.2797
2012-11-14,1027.9781,1033.1832,1018.8695,1025.3757
2012-11-15,1024.0744,1052.7017,1016.2669,1052.7017
2012-11-16,1064.4128,1086.5338,1057.9066,1081.3289
2012-11-19,1095.6423,1102.1484,1081.3287,1093.0398
2012-11-20,1102.1489,1102.1489,1082.6303,1087.8353
2012-11-21,1096.9439,1106.0526,1083.9316,1091.7390
2012-11-22,1106.0523,1128.1734,1100.8474,1126.8722
2012-11-26,1145.0895,1158.1019,1112.5585,1113.8597
2012-11-27,1102.1487,1121.6673,1089.1364,1120.3661
2012-11-28,1107.3536,1109.9560,1095.6424,1099.5461
2012-11-29,1112.5586,1117.7635,1102.1486,1107.3536
2012-11-30,1116.4624,1143.7884,1108.6550,1141.1859
2012-12-03,1146.3909,1146.3909,1125.5710,1130.7760
2012-12-04,1132.0773,1148.9933,1129.4748,1141.1859
2012-12-05,1137.2822,1150.2946,1129.4748,1141.1859
2012-12-06,1146.3909,1156.8007,1139.8847,1151.5958
2012-12-07,1146.3910,1151.5959,1142.4873,1145.0897
2012-12-10,1145.0897,1158.1022,1139.8848,1145.0897
2012-12-11,1154.1983,1154.1983,1130.7760,1139.8846
2012-12-12,1145.0897,1146.3910,1135.9811,1145.0897
2012-12-13,1145.0897,1168.5120,1143.7885,1165.9095
2012-12-14,1158.1020,1160.7045,1130.7760,1151.5958
2012-12-17,1167.2107,1169.8132,1147.6921,1154.1984
2012-12-18,1135.9813,1137.2825,1090.4379,1121.6676
2012-12-19,1134.6795,1135.9807,1115.1610,1132.0770
2012-12-20,1120.3662,1130.7761,1106.0526,1111.2576
2012-12-21,1111.2573,1132.0771,1102.1486,1113.8597
2012-12-25,1120.3659,1141.1857,1120.3659,1125.5708
2012-12-26,1138.5834,1141.1858,1128.1735,1139.8846
2012-12-27,1147.6923,1164.6083,1145.0898,1156.8009
2012-12-28,1159.4032,1169.8132,1158.1020,1164.6082
2013-01-04,1207.5493,1227.0679,1198.4407,1224.4655
2013-01-07,1246.5862,1246.5862,1216.6577,1221.8627
2013-01-08,1210.1512,1210.1512,1175.0178,1201.0426
2013-01-09,1180.2233,1203.6456,1167.2109,1195.8381
2013-01-10,1193.2353,1221.8625,1193.2353,1215.3563
2013-01-11,1227.0678,1236.1765,1203.6455,1207.5492
2013-01-15,1217.9588,1220.5613,1188.0303,1194.5365
2013-01-16,1202.3440,1228.3688,1194.5365,1199.7415
2013-01-17,1217.9589,1232.2725,1202.3440,1220.5614
2013-01-18,1250.4895,1309.0452,1246.5857,1306.4427
2013-01-21,1303.8409,1303.8409,1279.1174,1298.6360
2013-01-22,1297.3345,1309.0456,1280.4184,1299.9370
2013-01-23,1290.8282,1297.3343,1262.2009,1266.1046
2013-01-24,1251.7909,1275.2131,1243.9834,1255.6946
2013-01-25,1301.2380,1342.8777,1297.3343,1340.2751
2013-01-28,1368.9025,1371.5049,1329.8654,1332.4678
2013-01-29,1316.8531,1342.8779,1311.6482,1322.0581
2013-01-30,1311.6477,1332.4674,1303.8402,1306.4427
2013-01-31,1306.4430,1311.6479,1294.7319,1309.0454
2013-02-01,1309.0452,1316.8526,1292.1291,1306.4427
2013-02-04,1322.0580,1335.0704,1314.2506,1327.2629
2013-02-05,1311.6479,1322.0579,1301.2380,1311.6479
2013-02-06,1329.8652,1345.4801,1324.6602,1329.8652
2013-02-07,1316.8530,1340.2753,1314.2506,1327.2629
2013-02-08,1335.0702,1335.0702,1309.0454,1311.6479
2013-02-12,1358.4927,1410.5421,1353.2877,1368.9026
2013-02-13,1368.9024,1376.7098,1337.6727,1361.0950
2013-02-14,1368.9023,1413.1444,1366.2998,1392.3246
2013-02-15,1374.1075,1387.1199,1358.4927,1387.1199
2013-02-18,1402.7344,1405.3369,1387.1196,1392.3246
2013-02-19,1379.3123,1387.1197,1358.4925,1384.5173
2013-02-20,1387.1196,1397.5295,1374.1072,1392.3246
2013-02-21,1392.3246,1397.5295,1381.9146,1392.3246
2013-02-22,1384.5174,1387.1198,1363.6975,1376.7100
2013-02-25,1397.5297,1402.7347,1368.9025,1376.7100
2013-02-26,1348.0827,1387.1199,1342.8778,1368.9026
2013-02-27,1368.9022,1371.5046,1348.0823,1350.6848
2013-02-28,1355.8904,1384.5177,1355.8904,1381.9152
2013-03-01,1379.3127,1387.1201,1363.6978,1381.9152
2013-03-04,1381.9147,1387.1196,1366.2999,1374.1073
2013-03-05,1374.1075,1389.7223,1371.5049,1376.7100
2013-03-06,1405.3374,1436.5671,1405.3374,1418.3497
2013-03-07,1418.3493,1441.7716,1418.3493,1428.7593
2013-03-08,1459.9892,1496.4238,1459.9892,1483.4115
2013-03-11,1499.0262,1501.6287,1454.7841,1462.5916
2013-03-12,1462.5915,1465.1939,1441.7716,1444.3741
2013-03-13,1431.3621,1444.3744,1415.7472,1415.7472
2013-03-14,1420.9519,1444.3742,1418.3494,1433.9642
2013-03-15,1441.7720,1478.2067,1441.7720,1470.3993
2013-03-18,1462.5915,1462.5915,1436.5667,1444.3741
2013-03-19,1457.3866,1467.7965,1449.5792,1457.3866
2013-03-21,1459.9891,1462.5916,1441.7717,1454.7842
2013-03-22,1431.3622,1436.5671,1418.3497,1418.3497
2013-03-25,1428.7595,1433.9644,1413.1446,1423.5546
2013-03-26,1423.5544,1431.3618,1413.1444,1428.7593
2013-03-27,1432.9354,1432.9354,1404.2245,1419.8850
2013-03-28,1406.8348,1412.0550,1378.1239,1393.7844
2013-03-29,1385.9541,1401.6146,1378.1238,1388.5642
2013-04-01,1375.5136,1396.3943,1365.0733,1367.6833
2013-04-02,1393.7843,1440.7658,1380.7339,1417.2750
2013-04-03,1427.7153,1432.9354,1391.1740,1419.8850
2013-04-04,1393.7845,1422.4954,1380.7341,1422.4954
2013-04-05,1479.9171,1495.5776,1459.0365,1466.8667
2013-04-08,1500.7979,1506.0181,1461.6466,1477.3071
2013-04-09,1479.9171,1500.7977,1451.2062,1464.2566
2013-04-10,1469.4769,1503.4080,1469.4769,1495.5778
2013-04-11,1511.2382,1539.9491,1503.4080,1539.9491
2013-04-12,1542.5588,1542.5588,1513.8480,1542.5588
2013-04-15,1532.1188,1532.1188,1490.3575,1508.6281
2013-04-16,1482.5272,1524.2885,1469.4767,1482.5272
2013-04-17,1545.1693,1566.0500,1524.2886,1539.9491
2013-04-18,1529.5089,1532.1189,1506.0181,1511.2383
2013-04-19,1511.2382,1526.8987,1495.5777,1508.6281
2013-04-22,1534.7288,1547.7791,1526.8985,1532.1187
2013-04-23,1558.2196,1579.1003,1547.7793,1576.4902
2013-04-24,1605.2012,1652.1827,1602.5910,1649.5726
2013-04-25,1644.3524,1652.1827,1623.4717,1626.0819
2013-04-26,1641.7421,1644.3521,1602.5908,1618.2513
2013-04-30,1641.7424,1641.7424,1623.4717,1641.7424
2013-05-01,1631.3017,1633.9119,1605.2009,1607.8109
2013-05-02,1605.2014,1631.3022,1597.3712,1602.5913
2013-05-07,1636.5221,1652.1826,1631.3019,1646.9624
2013-05-08,1654.7927,1688.7239,1641.7424,1641.7424
2013-05-09,1652.1826,1670.4531,1618.2516,1620.8616
2013-05-10,1722.6551,1761.8063,1709.6046,1720.0450
2013-05-13,1746.1454,1748.7554,1712.2144,1725.2646
2013-05-14,1738.3157,1767.0267,1730.4855,1751.3662
2013-05-15,1777.4663,1795.7368,1772.2461,1795.7368
2013-05-16,1819.2275,1824.4477,1759.1957,1787.9065
2013-05-17,1769.6365,1785.2970,1753.9760,1774.8567
2013-05-20,1777.4667,1814.0080,1777.4667,1808.7877
2013-05-21,1800.9567,1837.4980,1790.5165,1827.0575
2013-05-22,1840.1090,1858.3795,1811.3980,1845.3292
2013-05-23,1845.3286,1853.1588,1709.6041,1709.6041
2013-05-24,1738.3154,1774.8566,1680.8936,1722.6549
2013-05-27,1722.6546,1722.6546,1652.1824,1667.8429
2013-05-28,1652.1821,1738.3148,1646.9618,1727.8745
2013-05-29,1761.8065,1816.6183,1735.7057,1800.9578
2013-05-30,1790.5169,1790.5169,1725.2647,1738.3152
2013-05-31,1764.4164,1798.3476,1751.3661,1764.4164
2013-06-03,1746.1456,1748.7556,1696.5540,1699.1641
2013-06-04,1673.0631,1704.3841,1646.9622,1701.7739
2013-06-05,1691.3337,1722.6547,1675.6732,1675.6732
2013-06-06,1631.3019,1688.7239,1613.0314,1626.0819
2013-06-07,1605.2009,1615.6412,1555.6093,1589.5404
2013-06-10,1644.3524,1691.3339,1639.1321,1691.3339
2013-06-11,1646.9624,1675.6734,1636.5221,1652.1826
2013-06-12,1626.0817,1688.7237,1610.4212,1675.6732
2013-06-13,1649.5725,1662.6228,1605.2011,1620.8616
2013-06-14,1657.4029,1670.4532,1626.0819,1626.0819
2013-06-17,1605.2011,1691.3339,1605.2011,1691.3339
2013-06-18,1680.8934,1712.2144,1675.6732,1693.9437
2013-06-19,1727.8753,1743.5358,1704.3845,1717.4348
2013-06-20,1720.0446,1720.0446,1691.3336,1709.6041
2013-06-21,1673.0634,1730.4852,1654.7927,1722.6549
2013-06-24,1761.8055,1764.4155,1696.5535,1727.8745
2013-06-25,1714.8244,1730.4849,1673.0631,1701.7739
2013-06-26,1714.8247,1725.2650,1670.4533,1673.0635
2013-06-27,1693.9441,1722.6551,1660.0131,1720.0450
2013-06-28,1738.3150,1806.1772,1733.0948,1787.9065
2013-07-01,1790.5168,1795.7369,1761.8059,1790.5168
2013-07-02,1800.9571,1803.5671,1764.4159,1790.5168
2013-07-03,1787.9072,1787.9072,1746.1460,1748.7560
2013-07-04,1722.6550,1756.5860,1706.9945,1712.2147
2013-07-05,1746.1460,1756.5863,1727.8755,1751.3662
2013-07-08,1756.5853,1769.6358,1727.8745,1727.8745
2013-07-09,1733.0952,1740.9254,1691.3339,1722.6549
2013-07-10,1717.4341,1756.5853,1712.2140,1727.8745
2013-07-11,1722.6550,1738.3155,1693.9441,1704.3845
2013-07-12,1709.6044,1740.9254,1699.1641,1706.9944
2013-07-16,1706.9944,1733.0952,1706.9944,1722.6549
2013-07-17,1725.2651,1725.2651,1704.3845,1717.4348
2013-07-18,1733.0945,1733.0945,1714.8240,1727.8745
2013-07-19,1722.6546,1727.8748,1610.4211,1618.2513
2013-07-22,1631.3017,1633.9119,1539.9488,1566.0497
2013-07-23,1547.7794,1550.3896,1490.3577,1526.8988
2013-07-24,1534.7288,1550.3893,1503.4078,1547.7792
2013-07-25,1547.7795,1599.9812,1547.7795,1560.8300
2013-07-26,1521.6786,1547.7794,1506.0181,1537.3391
2013-07-29,1513.8481,1529.5086,1495.5775,1498.1876
2013-07-30,1477.3069,1506.0178,1477.3069,1500.7976
2013-07-31,1500.7979,1534.7290,1492.9677,1513.8484
2013-08-01,1500.7978,1511.2382,1472.0869,1508.6281
2013-08-02,1534.7291,1537.3392,1511.2383,1526.8988
2013-08-05,1526.8985,1573.8800,1519.0683,1532.1187
2013-08-06,1558.2196,1558.2196,1516.4582,1545.1692
2013-08-07,1513.8484,1521.6786,1490.3576,1495.5778
2013-08-08,1487.7473,1506.0180,1461.6465,1464.2566
2013-08-09,1487.7471,1492.9672,1354.6329,1440.7656
2013-08-12,1425.1051,1438.1555,1406.8345,1438.1555
2013-08-13,1451.2062,1466.8667,1432.9356,1466.8667
2013-08-14,1485.1373,1490.3575,1435.5458,1453.8163
2013-08-15,1432.9355,1445.9859,1388.5641,1399.0044
2013-08-16,1372.9036,1427.7154,1372.9036,1404.2246
2013-08-19,1417.2751,1466.8667,1412.0550,1464.2566
2013-08-20,1456.4264,1461.6465,1438.1558,1453.8163
2013-08-21,1498.1876,1519.0682,1472.0867,1500.7976
2013-08-22,1485.1374,1487.7475,1453.8164,1477.3071
2013-08-23,1506.0182,1537.3392,1506.0182,1526.8988
2013-08-26,1547.7792,1563.4397,1539.9489,1547.7792
2013-08-27,1537.3389,1547.7791,1524.2884,1532.1187
2013-08-28,1506.0181,1524.2887,1495.5778,1513.8484
2013-08-29,1516.4579,1524.2881,1503.4075,1516.4579
2013-08-30,1519.0685,1532.1189,1503.4080,1511.2383
2013-09-02,1521.6783,1521.6783,1490.3573,1500.7976
2013-09-03,1526.8985,1550.3893,1526.8985,1547.7792
2013-09-04,1545.1692,1545.1692,1513.8482,1529.5087
2013-09-05,1529.5089,1547.7794,1513.8484,1524.2887
2013-09-06,1521.6781,1529.5084,1506.0176,1516.4579
2013-09-09,1537.3391,1545.1694,1477.3072,1513.8484
2013-09-10,1539.9489,1539.9489,1519.0683,1529.5087
2013-09-11,1532.1185,1532.1185,1451.2060,1459.0363
2013-09-12,1435.5455,1443.3757,1406.8345,1438.1555
2013-09-13,1422.4952,1432.9356,1406.8347,1427.7155
2013-09-17,1453.8161,1485.1371,1443.3758,1469.4766
2013-09-18,1485.1371,1498.1875,1464.2564,1469.4766
2013-09-19,1487.7476,1490.3577,1453.8165,1479.9174
2013-09-20,1487.7472,1492.9673,1461.6463,1472.0867
2013-09-24,1461.6464,1487.7473,1453.8162,1474.6969
2013-09-25,1511.2382,1534.7290,1495.5777,1506.0181
2013-09-26,1484.9549,1516.5497,1479.6891,1516.5497
2013-09-27,1532.3472,1537.6130,1500.7524,1503.3854
2013-09-30,1484.9545,1498.1189,1477.0558,1479.6887
2013-10-01,1490.2207,1540.2458,1490.2207,1513.9167
2013-10-02,1487.5876,1506.0179,1479.6889,1482.3218
2013-10-03,1474.4230,1498.1191,1461.2585,1474.4230
2013-10-04,1471.7904,1500.7522,1466.5245,1487.5878
2013-10-07,1482.3220,1487.5878,1448.0943,1450.7272
2013-10-08,1448.0946,1461.2590,1448.0946,1458.6261
2013-10-09,1461.2585,1487.5875,1442.8282,1484.9546
2013-10-10,1487.5875,1487.5875,1474.4230,1484.9546
2013-10-11,1503.3851,1511.2838,1487.5877,1511.2838
2013-10-15,1519.1824,1524.4482,1482.3218,1490.2205
2013-10-16,1500.7522,1521.8153,1492.8535,1508.6509
2013-10-17,1513.9165,1540.2455,1503.3849,1540.2455
2013-10-18,1548.1444,1585.0049,1537.6127,1571.8405
2013-10-21,1571.8405,1574.4734,1558.6760,1571.8405
2013-10-22,1574.4732,1606.0680,1566.5745,1603.4351
2013-10-23,1608.7007,1640.2956,1592.9033,1624.4982
2013-10-24,1611.3336,1635.0297,1600.8020,1632.3969
2013-10-25,1640.2956,1661.3587,1619.2323,1653.4600
2013-10-28,1653.4600,1653.4600,1600.8021,1640.2957
2013-10-29,1627.1310,1627.1310,1579.7388,1613.9666
2013-10-30,1661.3586,1666.6244,1637.6625,1648.1942
2013-10-31,1653.4602,1656.0933,1627.1313,1629.7642
2013-11-01,1629.7638,1629.7638,1598.1692,1613.9666
2013-11-05,1611.3338,1613.9667,1561.3087,1569.2074
2013-11-06,1590.2707,1606.0681,1577.1062,1600.8022
2013-11-07,1574.4734,1590.2708,1534.9800,1550.7773
2013-11-08,1656.0930,1700.8522,1632.3970,1692.9535
2013-11-11,1695.5867,1716.6497,1685.0549,1695.5867
2013-11-12,1706.1183,1721.9157,1700.8524,1714.0170
2013-11-13,1716.6494,1727.1812,1695.5864,1700.8521
2013-11-14,1714.0170,1724.5485,1703.4854,1714.0170
2013-11-15,1719.2828,1721.9157,1698.2196,1708.7511
2013-11-18,1706.1180,1706.1180,1671.8904,1692.9535
2013-11-19,1674.5234,1682.4221,1656.0932,1661.3589
2013-11-20,1658.7258,1669.2574,1629.7639,1663.9917
2013-11-21,1682.4222,1724.5485,1682.4222,1714.0170
2013-11-22,1729.8141,1745.6115,1711.3839,1742.9786
2013-11-25,1761.4093,1790.3712,1758.7764,1785.1053
2013-11-26,1782.4721,1806.1682,1758.7761,1798.2695
2013-11-27,1777.2064,1829.8644,1769.3077,1821.9657
2013-11-28,1840.3962,1864.0923,1829.8647,1861.4595
2013-11-29,1840.3958,1856.1932,1829.8643,1850.9274
2013-12-02,1850.9271,1864.0917,1835.1298,1848.2943
2013-12-03,1866.7252,1877.2569,1816.7002,1829.8647
2013-12-04,1816.7002,1835.1304,1795.6369,1816.7002
2013-12-05,1798.2701,1803.5357,1758.7766,1769.3081
2013-12-06,1756.1431,1814.0670,1756.1431,1808.8011
2013-12-09,1824.5990,1840.3964,1806.1688,1837.7635
2013-12-10,1837.7634,1837.7634,1793.0040,1800.9027
2013-12-11,1779.8393,1798.2697,1756.1432,1758.7762
2013-12-12,1785.1049,1827.2312,1764.0417,1824.5984
2013-12-13,1856.1937,1861.4595,1824.5989,1829.8647
2013-12-16,1811.4341,1837.7632,1795.6367,1806.1685
2013-12-17,1819.3327,1832.4972,1795.6366,1803.5353
2013-12-18,1793.0036,1814.0669,1785.1049,1795.6365
2013-12-19,1814.0669,1829.8643,1790.3708,1798.2695
2013-12-20,1787.7379,1811.4340,1779.8392,1811.4340
2013-12-24,1811.4341,1821.9659,1787.7380,1793.0039
2013-12-25,1782.4725,1808.8014,1782.4725,1800.9027
2013-12-26,1800.9026,1811.4341,1793.0039,1806.1685
2013-12-27,1814.0673,1845.6621,1798.2699,1840.3962
2013-12-30,1848.2951,1853.5609,1832.4977,1837.7635
2014-01-06,1837.7631,1843.0288,1814.0670,1821.9657
2014-01-07,1785.1050,1811.4339,1764.0417,1790.3708
2014-01-08,1803.5352,1803.5352,1785.1050,1790.3708
2014-01-09,1790.3713,1821.9661,1787.7382,1816.7002
2014-01-10,1816.6999,1837.7632,1803.5354,1832.4973
2014-01-14,1793.0037,1795.6365,1774.5735,1782.4722
2014-01-15,1798.2698,1829.8646,1793.0039,1827.2316
2014-01-16,1843.0288,1932.5475,1843.0288,1903.5856
2014-01-17,1882.5224,1943.0791,1879.8896,1932.5476
2014-01-20,1945.7124,1956.2442,1929.9150,1935.1809
2014-01-21,1922.0163,1943.0795,1911.4847,1924.6493
2014-01-22,1914.1164,1950.9771,1879.8888,1943.0784
2014-01-23,1974.6745,2045.7628,1961.5100,2003.6365
2014-01-24,1943.0789,1953.6104,1911.4841,1940.4460
2014-01-27,1874.6239,1903.5859,1866.7252,1885.1556
2014-01-28,1887.7878,1935.1800,1887.7878,1906.2180
2014-01-29,1914.1171,1945.7119,1898.3198,1937.8132
2014-01-30,1898.3198,1929.9146,1879.8896,1914.1172
2014-01-31,1919.3828,1924.6487,1882.5222,1898.3196
2014-02-03,1890.4210,1911.4842,1864.0920,1869.3579
2014-02-04,1816.6998,1853.5604,1793.0037,1798.2695
2014-02-05,1811.4338,1814.0668,1732.4469,1748.2443
2014-02-06,1764.0421,1764.0421,1724.5486,1724.5486
2014-02-07,1777.2064,1808.8011,1761.4090,1803.5353
2014-02-10,1845.6617,1845.6617,1779.8391,1798.2695
2014-02-12,1824.5989,1832.4976,1808.8015,1829.8647
2014-02-13,1829.8644,1840.3959,1795.6366,1808.8011
2014-02-14,1819.3326,1858.8261,1782.4721,1798.2695
2014-02-17,1840.3959,1840.3959,1790.3709,1803.5353
2014-02-18,1821.9654,1850.9271,1785.1048,1843.0284
2014-02-19,1819.3327,1832.4972,1798.2696,1808.8011
2014-02-20,1793.0043,1793.0043,1732.4475,1735.0806
2014-02-21,1740.3456,1753.5102,1724.5482,1737.7128
2014-02-24,1740.3461,1748.2448,1700.8526,1729.8146
2014-02-25,1737.7128,1758.7760,1737.7128,1742.9786
2014-02-26,1737.7131,1790.3711,1735.0803,1766.6750
2014-02-27,1769.3079,1811.4342,1764.0421,1800.9027
2014-02-28,1787.7379,1814.0670,1785.1051,1803.5353
2014-03-03,1777.2064,1779.8392,1735.0800,1745.6116
2014-03-04,1714.0172,1735.0804,1700.8526,1729.8146
2014-03-05,1748.2440,1764.0414,1732.4467,1750.8771
2014-03-06,1761.4093,1827.2317,1758.7765,1814.0674
2014-03-07,1827.2312,1848.2945,1811.4338,1824.5984
2014-03-10,1816.7000,1819.3328,1785.1052,1806.1685
2014-03-11,1795.6371,1811.4345,1771.9410,1787.7384
2014-03-12,1761.4089,1764.0417,1737.7128,1742.9786
2014-03-13,1740.3460,1756.1434,1721.9157,1724.5486
2014-03-14,1690.3207,1692.9536,1648.1944,1658.7260
2014-03-17,1640.2959,1650.8274,1608.7010,1621.8655
2014-03-18,1656.0931,1669.2575,1640.2958,1642.9286
2014-03-19,1632.3970,1682.4220,1606.0680,1666.6246
2014-03-20,1711.3842,1737.7131,1682.4222,1687.6881
2014-03-24,1740.3458,1761.4091,1692.9536,1695.5867
2014-03-25,1685.0547,1711.3838,1661.3586,1679.7891
2014-03-26,1706.1182,1724.5484,1690.3208,1711.3840
2014-03-27,1668.9966,1687.5410,1661.0490,1684.8918
2014-03-28,1682.2427,1714.0331,1671.6458,1711.3838
2014-03-31,1719.3311,1721.9804,1687.5407,1700.7867
2014-04-01,1700.7870,1719.3314,1692.8394,1708.7346
2014-04-02,1767.0166,1825.2991,1767.0166,1809.4039
2014-04-03,1833.2469,1859.7389,1817.3517,1833.2469
2014-04-04,1820.0014,1827.9490,1782.9125,1790.8601
2014-04-07,1769.6665,1769.6665,1743.1743,1756.4204
2014-04-08,1748.4729,1782.9125,1740.5253,1743.1744
2014-04-09,1719.3313,1745.8234,1716.6822,1729.9282
2014-04-10,1767.0169,1769.6662,1708.7346,1719.3313
2014-04-11,1690.1902,1698.1378,1655.7504,1690.1902
2014-04-14,1687.5409,1698.1379,1679.5933,1682.2427
2014-04-15,1698.1379,1706.0855,1684.8918,1684.8918
2014-04-16,1690.1903,1703.4362,1682.2427,1698.1379
2014-04-17,1695.4890,1706.0860,1650.4527,1668.9971
2014-04-18,1676.9443,1682.2428,1655.7506,1674.2952
2014-04-21,1674.2948,1698.1376,1661.0488,1676.9440
2014-04-22,1676.9442,1682.2427,1661.0490,1663.6981
2014-04-23,1682.2428,1706.0856,1679.5935,1703.4363
2014-04-24,1716.6822,1719.3314,1663.6981,1671.6458
2014-04-25,1674.2955,1703.4366,1668.9970,1687.5414
2014-04-28,1671.6458,1682.2428,1645.1539,1655.7506
2014-04-30,1671.6459,1679.5935,1642.5048,1645.1539
2014-05-01,1668.9969,1682.2430,1653.1017,1679.5936
2014-05-02,1687.5409,1687.5409,1647.8029,1663.6981
2014-05-07,1639.8554,1642.5047,1616.0127,1634.5571
2014-05-08,1634.5573,1647.8031,1618.6620,1629.2588
2014-05-09,1623.9603,1645.1539,1623.9603,1642.5048
2014-05-12,1647.8033,1647.8033,1605.4161,1610.7145
2014-05-13,1647.8030,1647.8030,1608.0651,1621.3110
2014-05-14,1616.0129,1618.6621,1602.7669,1610.7145
2014-05-15,1594.8191,1608.0652,1586.8715,1608.0652
2014-05-16,1594.8189,1642.5046,1592.1698,1637.2062
2014-05-19,1653.1015,1653.1015,1629.2587,1634.5571
2014-05-20,1645.1538,1653.1014,1621.3110,1621.3110
2014-05-21,1608.0654,1616.0130,1600.1178,1600.1178
2014-05-22,1621.3111,1645.1539,1616.0127,1642.5048
2014-05-23,1653.1013,1658.3998,1645.1537,1647.8029
2014-05-26,1650.4523,1658.3999,1634.5571,1655.7506
2014-05-27,1658.4001,1687.5412,1655.7508,1679.5936
2014-05-28,1679.5934,1695.4886,1676.9442,1684.8918
2014-05-29,1674.2953,1700.7872,1674.2953,1692.8396
2014-05-30,1703.4364,1743.1744,1703.4364,1727.2792
2014-06-02,1743.1741,1785.5614,1735.2265,1782.9121
2014-06-03,1798.8077,1806.7553,1777.6142,1796.1586
2014-06-04,1796.1581,1796.1581,1774.9645,1785.5614
2014-06-05,1785.5613,1820.0009,1777.6137,1801.4565
2014-06-06,1801.4563,1820.0007,1798.8070,1809.4039
2014-06-09,1812.0536,1833.2473,1812.0536,1817.3521
2014-06-10,1817.3520,1822.6503,1793.5092,1798.8075
2014-06-11,1806.7552,1814.7028,1796.1584,1814.7028
2014-06-12,1796.1585,1820.0013,1790.8600,1806.7552
2014-06-13,1812.0537,1822.6505,1798.8076,1812.0537
2014-06-16,1796.1581,1843.8437,1785.5613,1833.2469
2014-06-17,1851.7919,1875.6347,1849.1428,1872.9856
2014-06-18,1878.2836,1904.7757,1862.3884,1896.8281
2014-06-19,1907.4250,1910.0742,1888.8807,1899.4774
2014-06-20,1910.0737,1910.0737,1872.9850,1883.5818
2014-06-23,1875.6342,1896.8279,1875.6342,1883.5818
2014-06-24,1870.3360,1912.7234,1865.0378,1907.4249
2014-06-25,1888.8801,1899.4768,1859.7388,1867.6864
2014-06-26,1849.1425,1851.7917,1820.0012,1827.9489
2014-06-27,1820.0017,1820.0017,1761.7193,1804.1064
2014-06-30,1798.8072,1827.9485,1782.9120,1801.4565
2014-07-01,1798.8071,1851.7912,1796.1580,1835.8960
2014-07-02,1859.7392,1859.7392,1798.8075,1817.3521
2014-07-03,1827.9485,1833.2470,1814.7025,1830.5977
2014-07-04,1827.9488,1833.2472,1790.8599,1798.8075
2014-07-07,1788.2105,1814.7024,1759.0692,1801.4565
2014-07-08,1798.8078,1801.4571,1772.3158,1780.2634
2014-07-09,1753.7713,1790.8600,1753.7713,1788.2108
2014-07-10,1814.7025,1814.7025,1782.9121,1782.9121
2014-07-11,1767.0167,1772.3152,1737.8757,1753.7709
2014-07-14,1761.7187,1774.9645,1753.7711,1769.6663
2014-07-15,1788.2110,1790.8602,1769.6667,1780.2634
2014-07-16,1772.3156,1830.5980,1769.6665,1814.7028
2014-07-17,1894.1787,1896.8280,1849.1424,1857.0900
2014-07-18,1846.4934,1862.3886,1835.8967,1854.4410
2014-07-22,1875.6344,1878.2835,1857.0901,1870.3359
2014-07-23,1880.9327,1896.8279,1875.6342,1878.2833
2014-07-24,1812.0536,1822.6504,1793.5093,1814.7028
2014-07-25,1830.5980,1846.4932,1820.0012,1827.9489
2014-07-28,1841.1949,1841.1949,1817.3521,1825.2997
2014-07-29,1827.9483,1830.5974,1804.1055,1809.4039
2014-07-30,1820.0013,1825.2998,1804.1061,1806.7552
2014-07-31,1817.3518,1820.0010,1772.3153,1774.9645
2014-08-01,1769.6664,1790.8599,1767.0171,1777.6140
2014-08-04,1780.2630,1796.1582,1772.3154,1782.9121
2014-08-05,1798.8076,1798.8076,1753.7713,1756.4204
2014-08-06,1740.5252,1761.7189,1740.5252,1756.4204
2014-08-07,1756.4206,1793.5094,1753.7714,1790.8601
2014-08-08,1721.9811,1735.2270,1655.7510,1687.5414
2014-08-11,1703.4363,1727.2791,1692.8396,1724.6300
2014-08-12,1735.2269,1745.8238,1724.6302,1732.5778
2014-08-13,1721.9809,1727.2791,1711.3839,1724.6300
2014-08-14,1740.5253,1759.0696,1732.5777,1740.5253
2014-08-15,1740.5252,1740.5252,1724.6299,1735.2267
2014-08-18,1737.8762,1767.0173,1737.8762,1743.1744
2014-08-19,1748.4729,1753.7713,1735.2268,1740.5253
2014-08-20,1743.1744,1745.8237,1735.2268,1737.8761
2014-08-21,1740.5249,1756.4201,1740.5249,1748.4725
2014-08-22,1751.1217,1759.0693,1740.5249,1748.4725
2014-08-25,1737.8762,1756.4205,1735.2268,1743.1744
2014-08-26,1743.1739,1756.4200,1735.2263,1753.7709
2014-08-27,1764.3678,1777.6139,1761.7187,1769.6663
2014-08-28,1764.3681,1772.3157,1756.4205,1761.7190
2014-08-29,1764.3681,1769.6666,1753.7714,1761.7190
2014-09-01,1764.3682,1769.6666,1753.7714,1764.3682
2014-09-02,1761.7186,1774.9645,1756.4201,1774.9645
2014-09-03,1793.5089,1812.0533,1788.2105,1801.4565
2014-09-04,1801.4571,1806.7554,1788.2111,1793.5095
2014-09-05,1798.8070,1814.7022,1798.8070,1809.4039
2014-09-08,1812.0536,1822.6504,1801.4569,1814.7028
2014-09-09,1820.0009,1833.2469,1812.0533,1833.2469
2014-09-10,1827.9489,1851.7917,1822.6504,1849.1426
2014-09-11,1867.6867,1883.5819,1867.6867,1875.6343
2014-09-12,1886.2315,1891.5299,1865.0380,1872.9856
2014-09-16,1872.9853,1886.2311,1849.1425,1870.3359
2014-09-17,1862.3880,1886.2308,1859.7388,1880.9325
2014-09-18,1886.2316,1899.4776,1875.6348,1891.5300
2014-09-19,1888.8810,1933.9173,1883.5825,1923.3206
2014-09-22,1931.2675,1952.4612,1912.7232,1952.4612
2014-09-24,1933.9169,1973.6550,1920.6711,1963.0582
2014-09-25,1973.6547,1986.9008,1963.0579,1986.9008
2014-09-26,1990.1108,1995.4607,1971.3867,1990.1108
2014-09-29,1990.1110,2011.5101,1982.0863,2000.8104
2014-09-30,1998.1355,2006.1601,1976.7364,1992.7856
2014-10-01,2000.8107,2006.1605,1974.0619,1979.4117
2014-10-02,1960.6867,1982.0858,1941.9626,1958.0118
2014-10-03,1920.5638,1966.0369,1920.5638,1963.3621
2014-10-06,1971.3864,1974.0612,1955.3371,1960.6868
2014-10-07,1952.6620,1971.3863,1947.3124,1958.0118
2014-10-08,1920.5635,1939.2878,1904.5142,1925.9133
2014-10-09,1925.9132,1925.9132,1877.7654,1880.4402
2014-10-10,1851.0165,1885.7899,1851.0165,1877.7653
2014-10-14,1848.3422,1867.0664,1826.9432,1837.6427
2014-10-15,1837.6427,1851.0172,1818.9186,1848.3422
2014-10-16,1810.8939,1829.6180,1808.2189,1821.5934
2014-10-17,1832.2924,1853.6915,1805.5437,1805.5437
2014-10-20,1859.0419,1877.7660,1851.0172,1869.7413
2014-10-21,1877.7656,1883.1155,1832.2926,1840.3173
2014-10-22,1867.0664,1883.1157,1845.6673,1875.0911
2014-10-23,1896.4899,1931.2634,1888.4652,1893.8151
2014-10-24,1915.2143,1925.9138,1893.8152,1920.5640
2014-10-27,1936.6132,1966.0370,1920.5640,1966.0370
2014-10-28,1947.3131,1952.6628,1899.1653,1909.8647
2014-10-29,1925.9135,1939.2879,1915.2140,1923.2386
2014-10-30,1925.9136,1947.3127,1920.5638,1941.9629
2014-10-31,1966.0367,1998.1353,1949.9874,1998.1353
2014-11-04,2022.2094,2091.7563,2016.8595,2078.3818
2014-11-05,2067.6824,2075.7071,2024.8842,2038.2587
2014-11-06,2054.3078,2062.3325,2014.1846,2027.5591
2014-11-07,2139.9041,2268.2983,2129.2044,2260.2737
2014-11-10,2270.9727,2308.4211,2262.9481,2297.7214
2014-11-11,2292.3726,2335.1706,2281.6729,2321.7961
2014-11-12,2345.8696,2377.9682,2335.1702,2343.1948
2014-11-13,2324.4715,2359.2448,2313.7718,2353.8950
2014-11-14,2375.2934,2380.6433,2332.4954,2367.2688
2014-11-17,2356.5695,2359.2443,2300.3970,2324.4709
2014-11-18,2335.1698,2415.4162,2324.4704,2410.0664
2014-11-19,2428.7913,2458.2148,2410.0670,2439.4907
2014-11-20,2450.1899,2458.2146,2439.4905,2450.1899
2014-11-21,2447.5153,2447.5153,2383.3181,2402.0422
2014-11-25,2439.4901,2468.9138,2428.7906,2460.8892
2014-11-26,2474.2636,2495.6627,2412.7415,2423.4409
2014-11-27,2418.0914,2487.6384,2396.6925,2471.5891
2014-11-28,2468.9139,2530.4360,2460.8893,2522.4114
2014-12-01,2522.4114,2533.1110,2492.9878,2519.7366
2014-12-02,2514.3874,2578.5845,2509.0377,2575.9097
2014-12-03,2575.9096,2581.2594,2501.0130,2535.7864
2014-12-04,2562.5351,2573.2348,2535.7864,2554.5105
2014-12-05,2527.7611,2573.2341,2514.3866,2565.2095
2014-12-08,2583.9346,2597.3090,2559.8606,2586.6094
2014-12-09,2589.2845,2629.4077,2578.5848,2613.3584
2014-12-10,2613.3576,2616.0324,2474.2637,2490.3130
2014-12-11,2415.4167,2517.0622,2412.7419,2506.3625
2014-12-12,2503.6878,2559.8603,2487.6385,2535.7864
2014-12-15,2543.8104,2608.0075,2519.7365,2565.2095
2014-12-16,2525.0866,2533.1113,2482.2884,2514.3870
2014-12-17,2503.6871,2570.5590,2503.6871,2530.4358
2014-12-18,2575.9099,2578.5847,2535.7866,2541.1365
2014-12-19,2605.3330,2624.0571,2586.6087,2608.0078
2014-12-22,2621.3823,2624.0571,2589.2837,2608.0078
2014-12-24,2608.0081,2624.0573,2599.9834,2605.3333
2014-12-25,2605.3330,2650.8058,2599.9832,2616.0325
2014-12-26,2642.7814,2725.7028,2616.0327,2709.6536
2014-12-29,2725.7025,2744.4266,2642.7811,2669.5300
2014-12-30,2669.5306,2669.5306,2589.2842,2597.3088
2015-01-05,2597.3085,2693.6042,2594.6335,2672.2051
2015-01-06,2605.3333,2674.8801,2581.2594,2640.1067
2015-01-07,2608.0081,2634.7568,2570.5597,2618.7075
2015-01-08,2736.4021,2848.7470,2715.0030,2835.3726
2015-01-09,2920.9689,2928.9935,2843.3973,2867.4712
2015-01-13,2827.3481,2835.3728,2773.8507,2816.6487
2015-01-14,2755.1264,2797.9246,2653.4811,2709.6536
2015-01-15,2728.3780,2797.9250,2688.2548,2787.2253
2015-01-16,2709.6541,2867.4719,2704.3043,2864.7971
2015-01-19,2875.4959,2923.6438,2819.3235,2904.9197
2015-01-20,2875.4958,2891.5451,2848.7471,2875.4958
2015-01-21,2875.4959,2926.3187,2870.1463,2888.8704
2015-01-22,2888.8705,2918.2943,2843.3975,2859.4468
2015-01-23,2896.8949,2904.9195,2824.6731,2843.3972
2015-01-26,2832.6979,2904.9197,2819.3235,2902.2449
2015-01-27,2910.2697,2918.2944,2878.1712,2894.2205
2015-01-28,2883.5206,2937.0183,2864.7965,2923.6438
2015-01-29,2910.2696,2963.7670,2910.2696,2928.9937
2015-01-30,2953.0678,2987.8411,2904.9199,2907.5947
2015-02-02,2854.0971,2883.5207,2827.3482,2859.4468
2015-02-03,2859.4465,2867.4711,2701.6287,2739.0769
2015-02-04,2776.5254,2805.9492,2725.7028,2789.8999
2015-02-05,2712.3288,2755.1268,2690.9297,2690.9297
2015-02-06,2731.0527,2741.7523,2658.8309,2696.2793
2015-02-09,2848.7474,2848.7474,2701.6290,2760.4763
2015-02-10,2763.1505,2763.1505,2672.2046,2688.2539
2015-02-12,2715.0033,2776.5256,2704.3038,2771.1758
2015-02-13,2803.2740,2827.3479,2771.1754,2808.6238
2015-02-16,2811.2989,2832.6980,2688.2544,2712.3284
2015-02-17,2712.3282,2768.5007,2688.2543,2763.1509
2015-02-18,2765.8260,2803.2742,2765.8260,2800.5994
2015-02-19,2800.5991,2838.0475,2773.8504,2784.5498
2015-02-20,2747.1016,2781.8752,2728.3775,2755.1262
2015-02-23,2755.1266,2813.9741,2747.1020,2813.9741
2015-02-24,2808.6237,2832.6976,2747.1014,2781.8750
2015-02-25,2840.7226,2955.7424,2830.0232,2928.9937
2015-02-26,2931.6683,2963.7668,2888.8703,2955.7422
2015-02-27,2963.7673,2969.1171,2920.9693,2942.3684
2015-03-02,2937.0181,2985.1660,2899.5697,2963.7668
2015-03-03,2982.4914,3108.2106,2955.7425,3084.1367
2015-03-04,3041.3387,3041.3387,2977.1416,2987.8411
2015-03-05,2961.0927,3041.3391,2958.4179,3033.3145
2015-03-06,3052.0373,3132.2837,3052.0373,3129.6089
2015-03-09,3100.1862,3102.8612,3062.7380,3065.4128
2015-03-10,3076.1119,3094.8362,2995.8655,2998.5405
2015-03-11,2990.5159,3041.3386,2974.4667,3022.6145
2015-03-12,3102.8610,3177.7576,3073.4372,3169.7329
2015-03-13,3303.4772,3343.6004,3204.5067,3324.8765
2015-03-16,3319.5256,3466.6441,3303.4763,3373.0234
2015-03-17,3370.3486,3453.2700,3338.2501,3375.6982
2015-03-18,3378.3738,3386.3984,3319.5263,3356.9749
2015-03-19,3324.8757,3340.9249,3266.0282,3292.7771
2015-03-20,3290.1023,3295.4519,3244.6293,3290.1023
2015-03-23,3348.9499,3450.5952,3319.5259,3429.1963
2015-03-24,3437.2210,3439.8956,3335.5753,3348.9500
2015-03-25,3348.9499,3429.1963,3348.9499,3421.1716
2015-03-26,3410.4722,3445.2457,3348.9501,3410.4722
2015-03-27,3337.2089,3366.8370,3213.3094,3272.5657
2015-03-30,3277.9537,3318.3556,3237.5517,3307.5818
2015-03-31,3350.6773,3356.0645,3272.5667,3307.5818
2015-04-01,3302.1943,3302.1943,3194.4553,3197.1489
2015-04-02,3253.7126,3296.8080,3218.6973,3280.6472
2015-04-03,3291.4200,3304.8875,3221.3900,3304.8875
2015-04-06,3299.5013,3358.7576,3291.4209,3312.9688
2015-04-07,3364.1445,3380.3053,3299.5010,3321.0488
2015-04-08,3312.9685,3345.2901,3283.3402,3294.1143
2015-04-09,3302.1946,3380.3053,3296.8076,3345.2900
2015-04-10,3353.3704,3353.3704,3291.4205,3331.8228
2015-04-13,3393.7733,3469.1906,3385.6929,3423.4014
2015-04-14,3393.7725,3407.2397,3264.4860,3277.9534
2015-04-15,3237.5508,3237.5508,3178.2943,3213.3096
2015-04-16,3178.2944,3191.7618,3070.5557,3092.1035
2015-04-17,3070.5564,3070.5564,2997.8327,3005.9131
2015-04-20,2976.2846,3067.8627,2919.7217,3024.7671
2015-04-21,3019.3802,3119.0386,3019.3802,3119.0386
2015-04-22,3140.5866,3202.5363,3140.5866,3162.1343
2015-04-23,3151.3606,3154.0540,3057.0891,3062.4761
2015-04-24,3032.8474,3038.2344,2995.1390,3032.8474
2015-04-27,3030.1538,3030.1538,2954.7367,2965.5105
2015-04-28,2965.5109,2992.4456,2938.5763,2992.4456
2015-04-30,2962.8175,2984.3651,2941.2696,2952.0435
2015-05-01,2914.3350,2938.5762,2830.8373,2863.1589
2015-05-07,2863.1586,2900.8673,2844.3044,2868.5457
2015-05-08,2895.4804,2949.3498,2895.4804,2930.4956
2015-05-11,2976.2842,3005.9124,2927.8017,2978.9778
2015-05-12,2962.8173,3049.0082,2938.5760,3038.2344
2015-05-13,3199.8423,3229.4706,3135.1991,3197.1489
2015-05-14,3194.4556,3194.4556,3108.2647,3145.9731
2015-05-15,3178.2942,3256.4049,3172.9074,3199.8420
2015-05-18,3199.8426,3207.9230,3140.5863,3151.3601
2015-05-19,3186.3750,3197.1490,3156.7470,3186.3750
2015-05-20,3202.5358,3210.6163,3143.2796,3164.8274
2015-05-21,3148.6666,3164.8274,3110.9580,3116.3450
2015-05-22,3100.1847,3162.1344,3073.2498,3154.0540
2015-05-25,3156.7468,3172.9077,3119.0382,3129.8120
2015-05-26,3119.0382,3145.9728,3110.9577,3135.1990
2015-05-27,3143.2799,3180.9885,3124.4256,3159.4407
2015-05-28,3180.9879,3267.1788,3175.6009,3213.3096
2015-05-29,3162.1342,3172.9082,3110.9584,3124.4258
2015-06-01,3084.0233,3094.7972,3040.9277,3089.4102
2015-06-02,3073.2497,3121.7322,3057.0889,3102.8779
2015-06-03,3065.1693,3129.8125,3065.1693,3081.3301
2015-06-04,3116.3451,3116.3451,3024.7670,3038.2344
2015-06-05,3038.2344,3067.8626,3030.1540,3057.0886
2015-06-08,3065.1692,3081.3300,3032.8475,3046.3149
2015-06-09,3030.1536,3032.8470,2914.3344,2917.0278
2015-06-10,2919.7213,2954.7366,2750.0327,2838.9172
2015-06-11,2758.1137,2801.2094,2733.8725,2782.3550
2015-06-12,2752.7266,2787.7416,2715.0179,2728.4854
2015-06-15,2693.4700,2725.7916,2682.6962,2696.1636
2015-06-16,2712.3245,2790.4350,2704.2441,2712.3245
2015-06-17,2720.4053,2795.8224,2720.4053,2739.2595
2015-06-18,2696.1640,2723.0986,2658.4553,2704.2444
2015-06-19,2752.7265,2776.9677,2709.6308,2715.0178
2015-06-22,2723.0985,2750.0332,2701.5507,2731.1790
2015-06-23,2771.5807,2809.2893,2755.4199,2803.9023
2015-06-24,2828.1438,2844.3046,2790.4351,2806.5959
2015-06-25,2801.2089,2868.5456,2801.2089,2852.3848
2015-06-26,2836.2239,2855.0781,2803.9022,2817.3696
2015-06-29,2720.4051,2763.5006,2706.9377,2731.1790
2015-06-30,2706.9375,2728.4854,2698.8571,2728.4854
2015-07-01,2728.4856,2790.4353,2717.7116,2771.5811
2015-07-02,2763.5000,2787.7412,2693.4697,2698.8567
2015-07-03,2712.3248,2733.8724,2680.0031,2725.7920
2015-07-06,2688.0836,2717.7117,2653.0684,2674.6162
2015-07-07,2698.8567,2717.7109,2663.8416,2698.8567
2015-07-08,2674.6159,2688.0833,2612.6660,2612.6660
2015-07-09,2534.5558,2642.2946,2486.0733,2631.5208
2015-07-10,2653.0678,2653.0678,2521.0878,2529.1682
2015-07-13,2526.4757,2599.1994,2521.0887,2561.4907
2015-07-14,2642.2945,2725.7920,2620.7466,2682.6965
2015-07-15,2733.8717,2776.9674,2677.3089,2698.8567
2015-07-16,2706.9372,2733.8718,2666.5351,2671.9221
2015-07-17,2674.6155,2690.7764,2628.8265,2690.7764
2015-07-21,2696.1641,2793.1290,2696.1641,2782.3550
2015-07-22,2733.8721,2744.6461,2680.0028,2685.3896
2015-07-23,2717.7118,2720.4054,2677.3097,2688.0837
2015-07-24,2693.4704,2698.8574,2644.9879,2658.4553
2015-07-27,2620.7460,2631.5200,2574.9571,2591.1179
2015-07-28,2564.1839,2636.9076,2561.4905,2631.5208
2015-07-29,2650.3744,2655.7614,2523.7813,2526.4749
2015-07-30,2504.9272,2534.5554,2486.0730,2507.6206
2015-07-31,2566.8773,2588.4249,2550.7164,2583.0381
2015-08-03,2583.0380,2604.5856,2531.8619,2545.3293
2015-08-04,2569.5705,2574.9575,2491.4598,2507.6206
2015-08-05,2507.6203,2577.6506,2502.2335,2556.1028
2015-08-06,2585.7316,2669.2291,2577.6512,2658.4553
2015-08-07,2526.4755,2574.9580,2453.7518,2486.0735
2015-08-10,2451.0577,2502.2337,2440.2839,2494.1533
2015-08-11,2526.4751,2580.3444,2507.6207,2545.3293
2015-08-12,2518.3948,2531.8621,2440.2841,2445.6711
2015-08-13,2464.5256,2561.4906,2456.4452,2553.4102
2015-08-14,2531.8616,2604.5853,2526.4748,2593.8115
2015-08-17,2572.2640,2585.7314,2521.0881,2569.5706
2015-08-18,2529.1691,2569.5711,2502.2344,2561.4907
2015-08-19,2569.5711,2583.0385,2469.9127,2480.6865
2015-08-20,2456.4453,2526.4756,2445.6714,2504.9277
2015-08-21,2426.8171,2467.2191,2416.0433,2456.4453
2015-08-24,2386.4145,2456.4448,2340.6257,2343.3191
2015-08-25,2281.3695,2459.1386,2246.3545,2316.3848
2015-08-26,2337.9320,2429.5101,2310.9974,2416.0427
2015-08-27,2467.2182,2486.0726,2378.3337,2383.7207
2015-08-28,2440.2840,2564.1836,2424.1232,2545.3293
2015-08-31,2504.9269,2531.8615,2437.5902,2467.2183
2015-09-01,2440.2836,2491.4594,2375.6403,2383.7207
2015-09-02,2310.9977,2405.2692,2308.3043,2386.4148
2015-09-03,2426.8167,2437.5907,2359.4800,2381.0278
2015-09-04,2375.6405,2375.6405,2275.9822,2319.0776
2015-09-07,2286.7560,2335.2385,2259.8214,2319.0776
2015-09-08,2329.8518,2397.1887,2327.1584,2354.0930
2015-09-09,2413.3493,2486.0730,2394.4949,2459.1382
2015-09-10,2383.7215,2432.2040,2367.5607,2394.4954
2015-09-11,2329.8514,2354.0926,2254.4343,2324.4646
2015-09-14,2313.6912,2418.7366,2300.2240,2329.8521
2015-09-15,2337.9324,2370.2540,2300.2239,2316.3848
2015-09-16,2367.5602,2453.7513,2359.4798,2397.1885
2015-09-17,2426.8166,2577.6510,2367.5603,2564.1836
2015-09-18,2523.7818,2534.5558,2451.0581,2518.3950
2015-09-24,2413.3492,2437.5904,2386.4144,2405.2688
2015-09-25,2402.5754,2402.5754,2308.3041,2402.5754
2015-09-28,2401.2158,2447.4454,2376.7413,2403.9353
2015-09-29,2333.2311,2333.2311,2257.0884,2265.2466
2015-09-30,2311.4760,2341.3893,2262.5271,2273.4048
2015-10-01,2289.7213,2376.7414,2289.7213,2335.9507
2015-10-02,2338.6699,2496.3941,2311.4759,2444.7258
2015-10-05,2474.6390,2509.9912,2471.9197,2501.8330
2015-10-06,2542.6238,2577.9757,2512.7105,2520.8687
2015-10-07,2520.8684,2569.8173,2512.7103,2561.6592
2015-10-08,2575.2569,2629.6444,2558.9406,2572.5374
2015-10-09,2594.2923,2635.0830,2577.9760,2624.2056
2015-10-13,2597.0114,2656.8380,2594.2921,2651.3992
2015-10-14,2637.8024,2686.7513,2602.4505,2632.3638
2015-10-15,2613.3275,2711.2253,2613.3275,2692.1897
2015-10-16,2673.1541,2705.7867,2632.3634,2681.3123
2015-10-19,2700.3478,2724.8222,2664.9959,2705.7866
2015-10-20,2877.1084,2882.5470,2743.8585,2792.8074
2015-10-21,2931.4952,2931.4952,2852.6332,2907.0208
2015-10-22,2855.3524,2904.3013,2836.3168,2882.5461
2015-10-23,2882.5467,2975.0058,2863.5110,2964.1282
2015-10-26,2977.7253,3018.5161,2928.7764,2988.6028
2015-10-27,2972.2862,2988.6025,2912.4598,2939.6536
2015-10-28,2950.5312,2977.7250,2917.8986,2939.6536
2015-10-29,2977.7253,3029.3935,2969.5672,3010.3579
2015-10-30,3010.3579,3034.8323,2977.7253,3021.2354
2015-11-02,2991.3219,3032.1127,2969.5668,2994.0413
2015-11-04,3018.5165,3059.3072,3010.3583,3013.0776
2015-11-05,2983.1634,3048.4286,2983.1634,3042.9897
2015-11-06,2879.8269,2958.6890,2752.0158,2934.2146
2015-11-09,2934.2146,2977.7247,2931.4951,2953.2502
2015-11-10,2915.1788,3083.7807,2912.4595,3056.5869
2015-11-11,3032.1128,3078.3422,3032.1128,3062.0259
2015-11-12,3045.7103,3108.2562,3037.5521,3064.7461
2015-11-13,3029.3937,3102.8171,3013.0774,3094.6589
2015-11-16,3040.2712,3075.6231,3026.6742,3051.1487
2015-11-17,3086.5011,3113.6950,3078.3429,3083.7817
2015-11-18,3097.3787,3105.5368,2999.4808,3013.0776
2015-11-19,3062.0261,3067.4649,3034.8323,3053.8679
2015-11-20,3037.5513,3067.4646,3015.7964,3067.4646
2015-11-24,3067.4646,3105.5361,3067.4646,3097.3779
2015-11-25,3072.9032,3075.6225,3048.4288,3056.5869
2015-11-26,3051.1485,3078.3423,3032.1129,3037.5515
2015-11-27,3070.1847,3260.5417,3056.5879,3211.5928
2015-11-30,3211.5919,3238.7857,3206.1531,3225.1887
2015-12-01,3236.0664,3260.5409,3227.9083,3255.1021
2015-12-02,3236.0668,3236.0668,3170.8016,3197.9954
2015-12-03,3211.5929,3244.2255,3208.8734,3236.0674
2015-12-04,3208.8724,3249.6631,3192.5561,3227.9082
2015-12-07,3238.7861,3323.0870,3236.0668,3301.3320
2015-12-08,3323.0868,3333.9644,3211.5922,3268.6992
2015-12-09,3314.9291,3314.9291,3233.3475,3260.5415
2015-12-10,3290.4545,3309.4903,3206.1536,3233.3474
2015-12-11,3159.9234,3255.1019,3143.6071,3241.5049
2015-12-14,3149.0465,3157.2047,3100.0976,3132.7302
2015-12-15,3121.8529,3197.9955,3110.9752,3149.0466
2015-12-16,3214.3113,3225.1888,3149.0461,3200.7144
2015-12-17,3263.2606,3295.8932,3187.1179,3197.9954
2015-12-18,3195.2761,3255.1025,3119.1332,3132.7302
2015-12-21,3100.0974,3146.3269,3053.8678,3113.6943
2015-12-22,3121.8524,3149.0462,3086.5003,3097.3779
2015-12-24,3130.0109,3154.4854,3034.8324,3040.2712
2015-12-25,3040.2712,3040.2712,3040.2712,3040.2712
2015-12-28,3072.9035,3119.1329,3062.0258,3097.3779
2015-12-29,3086.5006,3138.1691,3062.0262,3132.7302
2015-12-30,3154.4852,3159.9239,3113.6945,3127.2913
2016-01-04,3110.9755,3138.1695,3048.4298,3064.7461
2016-01-05,3067.4647,3086.5004,3013.0770,3029.3933
2016-01-06,3062.0260,3102.8167,3007.6384,3037.5515
2016-01-07,3002.1996,3026.6741,2868.9499,2890.7048
2016-01-08,2863.5111,2953.2508,2860.7918,2909.7407
2016-01-12,2852.6334,2879.8272,2828.1590,2836.3171
2016-01-13,2858.0722,2898.8630,2844.4754,2871.6692
2016-01-14,2800.9654,2814.5624,2752.0165,2798.2461
2016-01-15,2858.0717,2898.8625,2806.4035,2820.0005
2016-01-18,2730.2616,2795.5268,2703.0676,2776.4910
2016-01-19,2779.2103,2893.4245,2768.3327,2877.1082
2016-01-20,2877.1080,2877.1080,2743.8580,2749.2969
2016-01-21,2730.2610,2849.9137,2719.3833,2719.3833
2016-01-22,2855.3532,2904.3021,2800.9655,2898.8633
2016-01-25,2939.6537,2977.7251,2909.7406,2926.0569
2016-01-26,2879.8273,2901.5824,2817.2814,2822.7202
2016-01-27,2923.3381,3004.9196,2912.4606,2977.7258
2016-01-28,2972.2861,3042.9901,2966.8475,3004.9187
2016-01-29,3007.6386,3086.5006,2955.9702,3072.9038
2016-02-01,3102.8174,3252.3837,3102.8174,3236.0674
2016-02-02,3195.2755,3238.7856,3119.1326,3138.1685
2016-02-03,3072.9036,3097.3781,2985.8833,3037.5515
2016-02-04,3018.5160,3056.5874,2996.7609,3023.9548
2016-02-05,2955.9702,2999.4805,2917.8989,2958.6897
2016-02-08,2926.0572,3059.3069,2866.2306,3048.4294
2016-02-09,2966.8474,2999.4800,2790.0874,2830.8782
2016-02-10,2833.5982,2863.5115,2703.0677,2760.1748
2016-02-12,2607.8891,2654.1184,2553.5013,2591.5728
2016-02-15,2719.3839,2784.6491,2656.8382,2765.6135
2016-02-16,2741.1392,2828.1595,2722.1036,2760.1748
2016-02-17,2811.8427,2896.1435,2773.7713,2814.5620
2016-02-18,2896.1433,2926.0566,2868.9495,2907.0208
2016-02-19,2887.9857,2893.4245,2798.2460,2811.8430
2016-02-22,2798.2456,2942.3730,2787.3682,2931.4954
2016-02-23,2975.0062,2996.7611,2863.5114,2898.8633
2016-02-24,2830.8784,2830.8784,2752.0162,2771.0520
2016-02-25,2784.6488,2836.3172,2784.6488,2822.7202
2016-02-26,2849.9140,2871.6691,2825.4395,2833.5977
2016-02-29,2887.9856,2912.4600,2828.1592,2828.1592
2016-03-01,2803.6850,2828.1594,2722.1034,2765.6135
2016-03-02,2855.3535,2912.4605,2844.4760,2887.9861
2016-03-03,2920.6187,2920.6187,2852.6342,2887.9861
2016-03-04,2841.7558,2868.9497,2771.0519,2836.3171
2016-03-07,2836.3172,2874.3885,2830.8784,2852.6335
2016-03-08,2849.9141,2866.2304,2779.2103,2817.2815
2016-03-09,2754.7363,2776.4912,2700.3485,2746.5781
2016-03-10,2765.6133,2858.0722,2754.7358,2839.0366
2016-03-11,2798.2457,2830.8783,2757.4549,2806.4038
2016-03-14,2860.7918,2871.6692,2811.8429,2839.0366
2016-03-15,2825.4396,2833.5978,2779.2103,2787.3684
2016-03-16,2757.4553,2798.2461,2741.1390,2776.4910
2016-03-17,2743.8582,2790.0878,2667.7156,2689.4707
2016-03-18,2673.1539,2673.1539,2558.9398,2597.0110
2016-03-22,2637.8021,2705.7868,2613.3277,2654.1184
2016-03-23,2632.3637,2654.1187,2607.8893,2624.2056
2016-03-24,2594.2918,2629.6437,2550.7817,2550.7817
2016-03-25,2556.2205,2583.4145,2542.6237,2564.3787
2016-03-28,2567.0984,2594.2922,2553.5015,2575.2566
2016-03-29,2619.8492,2664.4425,2611.4880,2633.7847
2016-03-30,2658.8685,2689.5264,2625.4236,2625.4236
2016-03-31,2656.0816,2722.9714,2647.7204,2658.8687
2016-04-01,2664.4424,2700.6742,2583.6172,2600.3396
2016-04-04,2583.6175,2667.2297,2564.1081,2608.7012
2016-04-05,2594.7660,2605.9144,2525.0892,2533.4504
2016-04-06,2511.1536,2541.8114,2491.6441,2516.7278
2016-04-07,2497.2185,2586.4047,2494.4313,2561.3210
2016-04-08,2497.2183,2647.7203,2477.7086,2614.2754
2016-04-11,2608.7011,2611.4881,2541.8113,2583.6174
2016-04-12,2561.3206,2664.4425,2561.3206,2661.6553
2016-04-13,2731.3325,2801.0093,2711.8229,2789.8611
2016-04-14,2834.4541,2867.8990,2795.4350,2817.7317
2016-04-15,2767.5644,2814.9447,2767.5644,2778.7126
2016-04-18,2653.2947,2697.8880,2650.5077,2664.4431
2016-04-19,2736.9065,2770.3514,2692.3134,2720.1841
2016-04-20,2748.0550,2764.7775,2720.1842,2745.2678
2016-04-21,2806.5837,2806.5837,2773.1388,2795.4353
2016-04-22,2753.6282,2820.5180,2734.1188,2812.1567
2016-04-25,2806.5834,2823.3058,2781.4997,2792.6479
2016-04-26,2748.0548,2784.2867,2734.1194,2739.6936
2016-04-27,2720.1844,2725.7586,2661.6559,2670.0171
2016-04-28,2653.2945,2734.1197,2633.7850,2636.5720
2016-05-02,2550.1725,2564.1079,2527.8758,2552.9595
2016-05-06,2578.0432,2614.2753,2566.8950,2589.1917
2016-05-09,2630.9977,2653.2941,2614.2752,2633.7847
2016-05-10,2633.7853,2695.1009,2614.2759,2672.8044
2016-05-11,2689.5266,2801.0095,2689.5266,2748.0552
2016-05-12,2552.9603,2642.1467,2552.9603,2642.1467
2016-05-13,2625.4239,2636.5721,2552.9599,2555.7471
2016-05-16,2558.5344,2625.4241,2555.7473,2586.4050
2016-05-17,2611.4878,2614.2750,2561.3205,2600.3396
2016-05-18,2608.7013,2661.6557,2600.3401,2636.5720
2016-05-19,2720.1840,2739.6936,2689.5263,2711.8228
2016-05-20,2639.3589,2709.0356,2633.7847,2703.4614
2016-05-23,2703.4620,2739.6941,2686.7395,2734.1199
2016-05-24,2725.7583,2745.2677,2714.6101,2720.1841
2016-05-25,2750.8423,2814.9450,2739.6940,2773.1389
2016-05-26,2798.2226,2812.1578,2767.5647,2773.1389
2016-05-27,2803.7963,2823.3059,2787.0738,2817.7317
2016-05-30,2851.1768,2870.6863,2828.8802,2870.6863
2016-05-31,2873.4735,2948.7245,2856.7511,2940.3633
2016-06-01,2934.7890,2982.1693,2918.0665,2932.0020
2016-06-02,2909.7055,2923.6409,2870.6864,2884.6218
2016-06-03,2884.6215,2895.7697,2826.0930,2853.9636
2016-06-06,2853.9636,2901.3439,2803.7962,2892.9827
2016-06-07,2929.2150,2957.0858,2909.7055,2948.7246
2016-06-08,2979.3818,3023.9751,2968.2335,3012.8267
2016-06-09,2976.5950,3015.6141,2951.5113,2971.0208
2016-06-10,2959.8730,2987.7437,2923.6411,2965.4473
2016-06-13,2798.2222,2820.5186,2734.1194,2739.6936
2016-06-14,2714.6100,2750.8419,2695.1003,2711.8228
2016-06-15,2711.8230,2753.6291,2692.3135,2728.5454
2016-06-16,2709.0359,2728.5454,2614.2755,2628.2107
2016-06-17,2614.2752,2664.4425,2614.2752,2661.6553
2016-06-20,2695.0999,2787.0733,2695.0999,2764.7769
2016-06-21,2722.9716,2770.3517,2706.2491,2761.9905
2016-06-22,2753.6294,2770.3518,2728.5457,2770.3518
2016-06-23,2784.2861,2817.7310,2748.0542,2812.1567
2016-06-24,2828.8805,2851.1772,2561.3214,2586.4050
2016-06-27,2586.4050,2603.1274,2522.3024,2572.4697
2016-06-28,2544.5983,2605.9141,2533.4501,2583.6174
2016-06-29,2541.8112,2578.0431,2483.2827,2569.6819
2016-06-30,2578.0435,2608.7014,2558.5340,2561.3210
2016-07-01,2564.1077,2583.6171,2522.3016,2536.2368
2016-07-04,2519.5149,2555.7470,2455.4123,2530.6633
2016-07-05,2527.8763,2544.5987,2494.4314,2500.0056
2016-07-06,2463.7731,2474.9213,2430.3282,2466.5601
2016-07-07,2477.7086,2491.6440,2441.4767,2455.4121
2016-07-08,2472.1346,2494.4310,2438.6897,2438.6897
2016-07-11,2438.6897,2438.6897,2438.6897,2438.6897
2016-07-12,2605.9143,2686.7393,2600.3401,2653.2944
2016-07-13,2792.6484,2848.3899,2773.1389,2820.5190
2016-07-14,2773.1387,2809.3706,2756.4163,2803.7964
2016-07-15,2814.9445,2823.3058,2750.8418,2767.5642
2016-07-19,2795.4350,2884.6215,2792.6480,2881.8345
2016-07-20,2798.2228,2870.6866,2798.2228,2859.5383
2016-07-21,2884.6214,2895.7696,2842.8153,2856.7507
2016-07-22,2823.3059,2859.5378,2809.3704,2840.0283
2016-07-25,2859.5383,2881.8350,2845.6029,2859.5383
2016-07-26,2837.2412,2837.2412,2753.6290,2778.7126
2016-07-27,2845.6028,2954.2987,2828.8803,2920.8538
2016-07-28,2848.3898,2959.8727,2848.3898,2934.7891
2016-07-29,2954.2988,2968.2343,2890.1963,2959.8730
2016-08-01,2901.3439,2932.0017,2879.0472,2915.2793
2016-08-02,2932.0017,2996.1043,2912.4921,2979.3818
2016-08-03,2909.7049,2959.8723,2904.1307,2923.6404
2016-08-04,2948.7238,2971.0203,2904.1305,2954.2979
2016-08-05,3037.9107,3224.6448,3032.3366,3102.0134
2016-08-08,3163.3286,3177.2640,3110.3742,3132.6709
2016-08-09,3093.6525,3171.6905,3071.3558,3160.5422
2016-08-10,3115.9484,3160.5415,3115.9484,3143.8191
2016-08-12,3177.2648,3191.2003,3143.8199,3152.1812
2016-08-15,3129.8840,3168.9031,3129.8840,3157.7549
2016-08-16,3154.9677,3174.4774,3129.8840,3129.8840
2016-08-17,3096.4396,3096.4396,3043.4852,3088.0784
2016-08-18,3099.2265,3146.6066,3088.0780,3090.8652
2016-08-19,3193.9869,3193.9869,3129.8841,3154.9678
2016-08-22,3199.5612,3230.2189,3171.6904,3205.1353
2016-08-23,3163.3288,3163.3288,3049.0589,3062.9941
2016-08-24,3090.8647,3127.0966,3062.9939,3079.7163
2016-08-25,3115.9487,3160.5418,3104.8003,3127.0969
2016-08-26,3129.8845,3160.5424,3102.0138,3135.4587
2016-08-29,3202.3485,3230.2192,3182.8390,3210.7097
2016-08-30,3168.9030,3202.3479,3149.3936,3180.0513
2016-08-31,3221.8574,3280.3859,3210.7091,3255.3022
2016-09-01,3258.0897,3288.7474,3244.1543,3266.4509
2016-09-02,3233.0065,3246.9417,3199.5616,3213.4968
2016-09-05,3274.8125,3302.6831,3227.4321,3233.0063
2016-09-06,3288.7475,3344.4890,3277.5993,3327.7666
2016-09-07,3305.4699,3316.6183,3241.3673,3302.6829
2016-09-08,3316.6191,3330.5543,3266.4517,3291.5354
2016-09-09,3274.8118,3327.7661,3274.8118,3305.4695
2016-09-12,3260.8765,3311.0438,3241.3670,3255.3022
2016-09-13,3277.5989,3277.5989,3233.0058,3238.5798
2016-09-14,3202.3479,3272.0247,3191.1996,3224.6445
2016-09-15,3221.8577,3266.4510,3210.7094,3227.4319
2016-09-16,3272.0248,3283.1732,3221.8575,3269.2378
2016-09-20,3246.9417,3316.6187,3238.5804,3316.6187
2016-09-21,3255.3024,3266.4508,3174.4774,3246.9412
2016-09-23,3255.3022,3285.9601,3221.8574,3260.8765
2016-09-26,3263.6638,3263.6638,3241.3673,3249.7285
2016-09-27,3202.3481,3235.7930,3141.0325,3235.7930
2016-09-28,3253.4773,3304.0059,3231.0203,3295.5845
2016-09-29,3329.2704,3376.9919,3320.8490,3365.7634
2016-09-30,3334.8848,3362.9562,3326.4634,3337.6919
2016-10-03,3365.7636,3371.3778,3334.8850,3354.5349
2016-10-04,3379.7989,3483.6631,3368.5704,3483.6631
2016-10-05,3508.9275,3548.2278,3494.8920,3500.5061
2016-10-06,3478.0494,3548.2281,3469.6280,3480.8567
2016-10-07,3461.2067,3511.7353,3424.7139,3508.9280
2016-10-11,3517.3487,3517.3487,3475.2415,3478.0488
2016-10-12,3416.2921,3455.5922,3407.8707,3421.9062
2016-10-13,3421.9062,3427.5205,3379.7990,3407.8706
2016-10-14,3385.4137,3396.6422,3337.6922,3379.7993
2016-10-17,3365.7634,3447.1703,3340.4991,3433.1348
2016-10-18,3402.2563,3435.9420,3388.2205,3407.8706
2016-10-19,3407.8709,3413.4850,3362.9565,3379.7993
2016-10-20,3351.7275,3385.4132,3337.6917,3368.5703
2016-10-21,3405.0637,3407.8710,3357.3424,3362.9565
2016-10-24,3351.7271,3371.3771,3295.5842,3334.8843
2016-10-25,3374.1852,3435.9422,3351.7280,3430.3279
2016-10-26,3413.4846,3472.4348,3413.4846,3441.5562
2016-10-27,3416.2917,3444.3631,3374.1846,3385.4131
2016-10-28,3444.3634,3542.6133,3438.7491,3520.1562
2016-10-31,3551.0343,3607.1774,3551.0343,3565.0703
2016-11-01,3536.9988,3579.1059,3522.9632,3565.0703
2016-11-02,3534.1921,3539.8067,3503.3137,3511.7351
2016-11-04,3427.5207,3494.8921,3427.5207,3475.2419
2016-11-07,3536.9994,3565.0710,3494.8923,3531.3853
2016-11-08,3447.1706,3609.9848,3438.7492,3573.4922
2016-11-09,3607.1778,3635.2490,3368.5706,3410.6777
2016-11-10,3576.2983,3697.0055,3539.8057,3632.4414
2016-11-11,3649.2854,3660.5137,3545.4210,3559.4565
2016-11-14,3604.3701,3604.3701,3556.6488,3581.9131
2016-11-15,3595.9491,3612.7920,3520.1563,3542.6133
2016-11-16,3593.1420,3624.0208,3573.4923,3587.5278
2016-11-17,3565.0702,3587.5272,3539.8060,3581.9131
2016-11-18,3649.2853,3758.7639,3635.2494,3739.1138
2016-11-21,3775.6067,3784.0282,3711.0422,3719.4636
2016-11-22,3719.4631,3730.6918,3685.7774,3705.4275
2016-11-24,3769.9917,3786.8346,3725.0777,3761.5703
2016-11-25,3736.3063,3775.6065,3691.3923,3711.0420
2016-11-28,3758.7636,3758.7636,3711.0419,3747.5349
2016-11-29,3727.8845,3786.8345,3713.8489,3784.0276
2016-11-30,3789.6418,3848.5917,3789.6418,3806.4846
2016-12-01,3851.3995,3873.8565,3826.1352,3842.9780
2016-12-02,3727.8842,3758.7631,3621.2130,3654.8987
2016-12-05,3643.6702,3671.7417,3598.7562,3663.3203
2016-12-06,3747.5341,3764.3770,3671.7413,3685.7769
2016-12-07,3722.2707,3725.0779,3618.4063,3638.0564
2016-12-08,3682.9703,3694.1986,3587.5273,3646.4773
2016-12-09,3609.9845,3688.5846,3604.3703,3682.9705
2016-12-12,3677.3559,3697.0060,3640.8633,3682.9705
2016-12-13,3621.2129,3711.0413,3621.2129,3699.8130
2016-12-14,3618.4059,3739.1132,3618.4059,3705.4275
2016-12-15,3680.1635,3758.7636,3680.1635,3747.5349
2016-12-16,3789.6421,3817.7137,3761.5706,3800.8708
2016-12-19,3772.7995,3786.8350,3750.3424,3767.1853
2016-12-20,3775.6066,3834.5565,3739.1136,3831.7493
2016-12-21,3837.3640,3873.8570,3826.1357,3837.3640
2016-12-22,3865.4348,3966.4919,3831.7491,3946.8418
2016-12-26,3941.2285,4008.5999,3918.7715,3921.5784
2016-12-27,3924.3856,3963.6855,3885.0858,3921.5784
2016-12-28,3929.9982,4039.4767,3929.9982,4014.2124
2016-12-29,3974.9140,3988.9496,3907.5426,3932.8069
2016-12-30,3893.5059,3986.1415,3873.8557,3974.9128
2017-01-04,4033.8642,4084.3928,4011.4072,4061.9358
2017-01-05,4061.9350,4061.9350,3960.8778,4008.5991
2017-01-06,3924.3845,3977.7203,3921.5772,3955.2629
2017-01-10,4008.5992,4053.5137,3988.9491,4033.8635
2017-01-11,4042.2845,4061.9346,4017.0202,4025.4417
2017-01-12,4078.7767,4115.2692,4056.3193,4073.1621
2017-01-13,4050.7064,4109.6564,4039.4777,4053.5137
2017-01-16,4070.3559,4084.3915,3974.9130,4000.1772
2017-01-17,3983.3359,4008.6001,3946.8429,3949.6501
2017-01-18,3915.9632,3991.7560,3915.9632,3977.7205
2017-01-19,4042.2850,4059.1279,4002.9852,4047.8992
2017-01-20,4002.9848,4059.1275,3994.5634,4022.6345
2017-01-23,4011.4065,4104.0422,4000.1778,4070.3564
2017-01-24,4045.0906,4101.2333,4028.2478,4039.4761
2017-01-25,4112.4636,4120.8850,4061.9350,4092.8135
2017-01-26,4042.2843,4098.4270,4042.2843,4087.1987
2017-01-27,4109.6563,4146.1493,4081.5848,4092.8135
2017-01-30,4081.5848,4134.9206,4081.5848,4123.6919
2017-01-31,4073.1634,4087.1994,4042.2850,4053.5137
2017-02-01,3988.9490,4019.8278,3966.4920,4008.5991
2017-02-02,4047.8994,4073.1637,3980.5280,4005.7922
2017-02-03,4022.6353,4053.5142,3972.1068,4002.9856
2017-02-06,4053.5127,4053.5127,3977.7198,4014.2124
2017-02-07,4614.9408,4701.9624,4477.3908,4553.1836
2017-02-08,4553.1837,4673.8910,4516.6912,4628.9766
2017-02-09,4643.0146,4746.8786,4598.1002,4673.8931
2017-02-10,4704.7695,4786.1769,4687.9267,4752.4912
2017-02-13,4780.5628,4794.5988,4746.8771,4769.3345
2017-02-14,4873.1977,4881.6191,4738.4549,4749.6836
2017-02-15,4797.4052,4817.0553,4707.5768,4752.4912
2017-02-16,4738.4559,4788.9844,4699.1560,4780.5630
2017-02-17,4730.0345,4777.7562,4718.8062,4741.2632
2017-02-20,4758.1071,4814.2498,4749.6857,4794.6001
2017-02-21,4777.7562,4853.5490,4772.1416,4842.3203
2017-02-22,4825.4777,4847.9347,4786.1778,4822.6704
2017-02-23,4845.1274,4853.5488,4803.0203,4853.5488
2017-02-24,4803.0205,4861.9705,4786.1777,4803.0205
2017-02-27,4766.5286,4786.1787,4716.0000,4738.4570
2017-02-28,4808.6346,4819.8633,4741.2632,4741.2632
2017-03-01,4755.2988,4859.1632,4738.4560,4825.4775
2017-03-02,4884.4263,4957.4119,4853.5479,4946.1836
2017-03-03,4926.5355,4932.1497,4892.8498,4920.9214
2017-03-06,4892.8478,4954.6050,4892.8478,4946.1836
2017-03-07,4948.9913,4948.9913,4876.0058,4892.8486
2017-03-08,4892.8488,4912.4989,4859.1631,4890.0415
2017-03-09,4940.5697,4988.2914,4912.4985,4974.2554
2017-03-10,5030.3983,5050.0480,4963.0269,5007.9409
2017-03-13,4963.0275,4968.6416,4833.8988,4937.7632
2017-03-14,4895.6563,4926.5347,4890.0417,4918.1133
2017-03-15,4892.8487,4918.1130,4797.4057,4805.8271
2017-03-16,4772.1422,4867.5852,4721.6136,4856.3564
2017-03-17,4805.8277,4811.4423,4732.8422,4758.1064
2017-03-21,4746.8772,4752.4917,4682.3130,4744.0703
2017-03-22,4614.9408,4682.3122,4578.4478,4648.6265
2017-03-23,4645.8202,4715.9988,4640.2060,4679.5059
2017-03-24,4687.9263,4783.3693,4687.9263,4749.6836
2017-03-27,4673.8918,4763.7202,4673.8918,4701.9634
2017-03-28,4744.0706,4788.9846,4701.9635,4786.1777
2017-03-29,4840.7252,4874.9958,4780.7516,4837.8691
2017-03-30,4837.8685,4946.3924,4832.1569,4889.2744
2017-03-31,4954.9598,4960.6715,4835.0127,4835.0127
2017-04-03,4860.7169,4892.1315,4829.3018,4843.5815
2017-04-04,4874.9957,4954.9606,4795.0308,4855.0044
2017-04-05,4894.9872,4923.5458,4795.0309,4852.1489
2017-04-06,4835.0127,4872.1389,4769.3271,4786.4624
2017-04-07,4855.0042,4855.0042,4755.0483,4817.8779
2017-04-10,4835.0132,4872.1394,4777.8952,4863.5718
2017-04-11,4826.4462,4835.0139,4740.7696,4797.8872
2017-04-12,4740.7686,4743.6242,4589.4064,4600.8301
2017-04-13,4458.0354,4580.8382,4420.9088,4572.2705
2017-04-14,4572.2712,4677.9391,4552.2803,4643.6685
2017-04-17,4615.1094,4669.3714,4577.9832,4597.9741
2017-04-18,4643.6683,4703.6419,4589.4063,4603.6860
2017-04-19,4583.6947,4669.3713,4569.4154,4632.2446
2017-04-20,4669.3720,4726.4895,4615.1100,4703.6426
2017-04-21,4817.8784,4883.5636,4729.3458,4849.2930
2017-04-24,4883.5630,4932.1129,4857.8600,4869.2837
2017-04-25,4857.8602,4977.8074,4855.0042,4954.9604
2017-04-26,5069.1947,5069.1947,4974.9505,4997.7979
2017-04-27,4949.2492,5046.3495,4886.4200,5034.9258
2017-04-28,5052.0598,5054.9158,4946.3923,5032.0688
2017-05-01,5069.1959,5194.8552,5066.3403,5143.4492
2017-05-02,5166.2963,5200.5670,5097.7551,5197.7109
2017-05-08,5254.8285,5334.7930,5226.2695,5317.6577
2017-05-09,5280.5318,5311.9464,5243.4051,5263.3965
2017-05-10,5226.2684,5291.9536,5174.8625,5246.2598
2017-05-11,5340.5050,5551.8403,5337.6490,5397.6226
2017-05-12,5397.6219,5469.0192,5357.6397,5371.9189
2017-05-15,5309.0886,5346.2153,5266.2504,5271.9624
2017-05-16,5346.2163,5397.6222,5303.3780,5377.6309
2017-05-17,5394.7668,5434.7495,5346.2169,5403.3345
2017-05-18,5303.3777,5383.3426,5271.9631,5371.9189
2017-05-19,5426.1821,5440.4614,5343.3611,5366.2085
2017-05-22,5369.0640,5380.4877,5329.0818,5337.6494
2017-05-23,5337.6487,5380.4870,5309.0897,5329.0811
2017-05-24,5406.1898,5417.6135,5340.5046,5377.6309
2017-05-25,5377.6314,5397.6228,5306.2346,5314.8022
2017-05-26,5249.1168,5337.6494,5206.2786,5337.6494
2017-05-29,5337.6498,5391.9118,5300.5232,5354.7852
2017-05-30,5357.6408,5386.1993,5300.5228,5351.9287
2017-05-31,5360.4951,5454.7393,5289.0982,5454.7393
2017-06-01,5568.9751,5631.8047,5489.0102,5537.5605
2017-06-02,5526.1372,5554.6962,5457.5960,5511.8579
2017-06-05,5591.8221,5654.6517,5566.1191,5643.2280
2017-06-06,5666.0761,5700.3468,5606.1026,5634.6611
2017-06-07,5694.6341,5780.3106,5671.7871,5717.4814
2017-06-08,5740.3290,5780.3112,5711.7700,5728.9053
2017-06-09,5728.9044,5777.4547,5700.3458,5743.1841
2017-06-12,5483.2983,5531.8482,5406.1894,5423.3247
2017-06-13,5340.5048,5426.1813,5331.9371,5389.0547
2017-06-14,5523.2814,5537.5611,5289.0991,5303.3784
2017-06-15,5266.2520,5266.2520,5180.5754,5189.1431
2017-06-16,5169.1526,5203.4232,5134.8819,5177.7202
2017-06-19,5197.7100,5257.6836,5160.5838,5257.6836
2017-06-20,5360.4965,5380.4879,5303.3789,5363.3525
2017-06-21,5363.3510,5380.4863,5266.2508,5289.0981
2017-06-22,5311.9463,5331.9377,5277.6757,5280.5317
2017-06-23,5280.5313,5286.2430,5206.2780,5214.8457
2017-06-26,5206.2772,5297.6658,5206.2772,5289.0981
2017-06-27,5297.6668,5343.3607,5234.8372,5317.6577
2017-06-28,5240.5489,5251.9726,5140.5931,5146.3047
2017-06-29,5260.5400,5260.5400,5154.8721,5186.2871
2017-06-30,5072.0518,5117.7461,5032.0695,5117.7461
2017-07-03,5117.7471,5146.3057,5049.2059,5069.1968
2017-07-04,5069.1962,5069.1962,4894.9875,4903.5552
2017-07-05,4917.8338,5154.8721,4914.9777,5154.8721
2017-07-06,5172.0066,5194.8539,5077.7624,5134.8804
2017-07-07,5086.3313,5214.8462,5086.3313,5200.5669
2017-07-10,5309.0894,5349.0720,5240.5482,5340.5044
2017-07-11,5380.4882,5414.7588,5349.0736,5414.7588
2017-07-12,5397.6222,5423.3252,5374.7753,5377.6309
2017-07-13,5411.9018,5489.0107,5406.1902,5489.0107
2017-07-14,5440.4609,5471.8755,5429.0373,5440.4609
2017-07-17,5440.4609,5440.4609,5440.4609,5440.4609
2017-07-18,5440.4605,5486.1548,5403.3338,5486.1548
2017-07-19,5514.7134,5528.9931,5466.1635,5514.7134
2017-07-20,5566.1193,5651.7958,5566.1193,5640.3726
2017-07-21,5634.6605,5748.8960,5634.6605,5717.4814
2017-07-24,5697.4900,5731.7606,5654.6517,5706.0576
2017-07-25,5726.0491,5754.6077,5700.3461,5717.4814
2017-07-26,5826.0052,5843.1405,5671.7874,5723.1934
2017-07-27,5751.7532,5851.7090,5720.3382,5834.5737
2017-07-28,5780.3121,5806.0150,5606.1033,5626.0942
2017-07-31,5551.8387,5657.5066,5551.8387,5588.9653
2017-08-01,5548.9843,5574.6872,5497.5783,5568.9756
2017-08-02,5640.3746,5683.2129,5594.6803,5683.2129
2017-08-03,5608.9574,5614.6694,5477.5870,5551.8398
2017-08-04,5323.3701,5426.1820,5254.8289,5351.9287
2017-08-07,5394.7660,5480.4426,5394.7660,5474.7310
2017-08-08,5526.1366,5560.4072,5471.8747,5483.2983
2017-08-09,5463.3083,5474.7320,5389.0554,5411.9023
2017-08-10,5440.4609,5471.8755,5391.9110,5440.4609
2017-08-11,5440.4609,5440.4609,5440.4609,5440.4609
2017-08-14,5394.7666,5477.5875,5351.9283,5443.3169
2017-08-15,5497.5789,5543.2732,5483.2996,5520.4263
2017-08-16,5531.8485,5574.6868,5514.7132,5537.5605
2017-08-17,5548.9837,5586.1103,5526.1367,5540.4160
2017-08-18,5466.1640,5620.3817,5463.3079,5591.8228
2017-08-21,5608.9579,5646.0845,5566.1196,5566.1196
2017-08-22,5600.3910,5706.0589,5594.6794,5694.6353
2017-08-23,5766.0315,5788.8784,5691.7786,5711.7695
2017-08-24,5714.6256,5748.8962,5708.9139,5711.7695
2017-08-25,5697.4910,5723.1940,5668.9320,5674.6440
2017-08-28,5706.0589,5708.9150,5651.7970,5694.6353
2017-08-29,5663.2193,5726.0489,5648.9400,5708.9136
2017-08-30,5706.0571,5706.0571,5643.2275,5660.3628
2017-08-31,5677.4991,5694.6344,5608.9579,5628.9492
2017-09-01,5646.0844,5674.6433,5577.5431,5666.0757
2017-09-04,5617.5257,5663.2200,5597.5348,5654.6523
2017-09-05,5611.8134,5634.6604,5511.8576,5551.8398
2017-09-06,5469.0197,5651.7961,5457.5961,5646.0845
2017-09-07,5646.0845,5777.4553,5646.0845,5723.1934
2017-09-08,5740.3274,5786.0217,5734.6158,5763.1743
2017-09-11,5806.0137,6000.2141,5797.4460,5991.6465
2017-09-12,6105.8804,6182.9893,6068.7542,6165.8540
2017-09-13,6194.4138,6257.2434,6148.7195,6217.2607
2017-09-14,6222.9725,6280.0900,6194.4135,6228.6841
2017-09-15,6234.3964,6331.4966,6234.3964,6331.4966
2017-09-18,6331.4966,6331.4966,6331.4966,6331.4966
2017-09-19,6531.4082,6628.5079,6397.1813,6625.6523
2017-09-20,6688.4830,6734.1773,6639.9331,6717.0420
2017-09-21,6619.9406,6654.2112,6428.5966,6462.8672
2017-09-22,6511.4175,6519.9851,6422.8849,6497.1382
2017-09-25,6539.9765,6579.9588,6505.7059,6508.5615
2017-09-26,6420.0297,6460.0120,6388.6147,6405.7500
2017-09-27,6426.1541,6483.6330,6400.2886,6414.6582
2017-09-28,6607.2138,6624.4575,6532.4908,6592.8438
2017-09-29,6584.2219,6595.7178,6538.2389,6578.4741
2017-10-02,6610.0877,6615.8359,6541.1129,6584.2222
2017-10-03,6627.3306,6635.9525,6558.3558,6595.7173
2017-10-04,6610.0878,6661.8189,6587.0963,6630.2056
2017-10-05,6796.8937,6891.7341,6635.9522,6667.5659
2017-10-06,6670.4404,6719.2979,6541.1126,6578.4741
2017-10-09,6578.4741,6578.4741,6578.4741,6578.4741
2017-10-10,6684.8099,6690.5577,6604.3391,6658.9443
2017-10-11,6681.9369,6707.8024,6627.3317,6702.0547
2017-10-12,6788.2724,6854.3731,6776.7765,6805.5161
2017-10-13,6788.2723,6888.8604,6771.0286,6871.6167
2017-10-16,6897.4824,6931.9698,6842.8772,6851.4990
2017-10-17,6854.3741,6931.9708,6825.6344,6914.7271
2017-10-18,6857.2468,6877.3642,6765.2801,6802.6416
2017-10-19,6750.9111,6914.7263,6750.9111,6891.7349
2017-10-20,6834.2553,7006.6924,6834.2553,7006.6924
2017-10-23,7069.9199,7138.8947,7023.9365,7115.9028
2017-10-24,7038.3061,7147.5161,7021.0624,7147.5161
2017-10-25,7187.7528,7331.4498,7187.7528,7239.4839
2017-10-26,7239.4826,7345.8185,7213.6170,7311.3311
2017-10-27,7357.3145,7371.6845,7262.4741,7357.3145
2017-10-30,7386.0543,7426.2891,7345.8187,7426.2891
2017-10-31,7446.4062,7515.3810,7420.5406,7509.6328
2017-11-01,7653.3313,7831.5157,7515.3817,7797.0283
2017-11-02,7748.1717,7762.5408,7624.5912,7739.5498
2017-11-03,7739.5498,7739.5498,7739.5498,7739.5498
2017-11-06,7840.1379,7880.3734,7751.0457,7788.4067
2017-11-07,7273.9706,7687.8196,7227.9868,7615.9702
2017-11-08,7615.9709,7909.1140,7544.1224,7888.9966
2017-11-09,7929.2307,7932.1044,7555.6165,7733.8018
2017-11-10,7532.6270,7656.2066,7489.5177,7638.9629
2017-11-13,7759.6685,7788.4077,7590.1051,7604.4751
2017-11-14,7613.0958,7782.6592,7595.8521,7705.0625
2017-11-15,7673.4504,7794.1563,7526.8788,7621.7192
2017-11-16,7524.0040,7771.1632,7509.6340,7768.2896
2017-11-17,7960.8441,8015.4498,7851.6345,7920.6094
2017-11-20,7840.1371,7909.1119,7779.7841,7874.6245
2017-11-21,7960.8449,8144.7784,7940.7276,7972.3413
2017-11-22,8098.7954,8113.1654,8041.3169,8101.6699
2017-11-23,8101.6699,8101.6699,8101.6699,8101.6699
2017-11-24,7989.5847,8147.6517,7949.3491,8121.7861
2017-11-27,8156.2731,8159.1468,7886.1220,7920.6094
2017-11-28,7857.3819,7888.9957,7736.6760,7745.2979
2017-11-29,7745.2979,7745.2979,7236.6086,7294.0879
2017-11-30,6931.9699,7161.8863,6897.4825,7144.6426
2017-12-01,7184.8778,7248.1053,6954.9618,7021.0630
2017-12-04,7058.4240,7124.5247,6977.9536,6992.3232
2017-12-05,6750.9117,6791.1469,6667.5673,6702.0547
2017-12-06,6940.5918,7021.0626,6776.7766,6799.7681
2017-12-07,7087.1632,7225.1128,6799.7680,7207.8691
2017-12-08,7351.5673,7466.5250,7262.4742,7383.1802
2017-12-11,7325.7016,7325.7016,7182.0038,7294.0879
2017-12-12,7354.4411,7411.9204,7227.9870,7256.7271
2017-12-13,7127.3995,7141.7687,6960.7102,6998.0713
2017-12-14,6946.3383,7072.7920,6940.5905,6980.8257
2017-12-15,6977.9531,7176.2553,6946.3393,7087.1631
2017-12-18,7230.8598,7388.9268,7190.6242,7388.9268
2017-12-19,7443.5334,7607.3486,7429.1642,7469.3989
2017-12-20,7420.5422,7478.0206,7348.6928,7475.1470
2017-12-21,7515.3810,7526.8765,7423.4143,7509.6328
2017-12-22,7308.4573,7342.9447,7147.5158,7219.3643
2017-12-25,7219.3660,7377.4339,7204.9968,7365.9375
2017-12-26,7322.8268,7354.4405,7222.2391,7242.3564
2017-12-27,7184.8773,7296.9614,7161.8863,7268.2222
2017-12-28,7262.4749,7311.3324,7216.4920,7239.4839
2017-12-29,7245.2309,7314.2057,7184.8779,7204.9961
2018-01-01,7204.9961,7204.9961,7204.9961,7204.9961
2018-01-02,7204.9961,7204.9961,7204.9961,7204.9961
2018-01-03,7204.9961,7204.9961,7204.9961,7204.9961
2018-01-04,7492.3924,7526.8798,7466.5268,7512.5098
2018-01-05,7578.6092,7607.3484,7495.2643,7569.9873
2018-01-08,7569.9873,7569.9873,7569.9873,7569.9873
2018-01-09,7679.1993,7693.5685,7598.7281,7661.9556
2018-01-10,7759.6669,7759.6669,7478.0195,7544.1206
2018-01-11,7342.9450,7449.2809,7340.0705,7446.4072
2018-01-12,7457.9016,7486.6408,7400.4223,7437.7842
2018-01-15,7521.1291,7546.9946,7423.4150,7423.4150
2018-01-16,7452.1561,7567.1147,7386.0558,7564.2402
2018-01-17,7702.1885,7843.0127,7621.7182,7762.5415
2018-01-18,7906.2405,7960.8453,7808.5264,7820.0220
2018-01-19,7900.4920,7995.3324,7854.5090,7972.3413
2018-01-22,7911.9863,7914.8600,7799.9022,7880.3726
2018-01-23,7932.1040,7932.1040,7828.6418,7883.2466
2018-01-24,7825.7675,7854.5067,7719.4308,7765.4146
2018-01-25,7615.9689,7699.3138,7546.9941,7567.1123
2018-01-26,7538.3729,7621.7178,7420.5415,7466.5244
2018-01-29,7529.7501,7659.0779,7524.0028,7575.7339
2018-01-30,7569.9875,7607.3486,7440.6597,7469.3989
2018-01-31,7325.7021,7452.1554,7285.4665,7340.0713
2018-02-01,7432.0394,7569.9890,7394.6783,7561.3672
2018-02-02,7524.0032,7535.4988,7388.9273,7417.6665
2018-02-05,7204.9948,7268.2215,7101.5326,7133.1455
2018-02-06,6535.3653,6851.4998,6526.7434,6814.1387
2018-02-07,7245.2299,7259.5999,6656.0702,6658.9443
2018-02-08,6624.4579,6900.3572,6624.4579,6860.1216
2018-02-09,6584.2223,6670.4408,6500.8778,6627.3315
2018-02-12,6627.3315,6627.3315,6627.3315,6627.3315
2018-02-13,6782.5248,6794.0207,6584.2222,6584.2222
2018-02-14,6520.9956,6681.9367,6443.3989,6520.9956
2018-02-15,6621.5828,6926.2217,6621.5828,6908.9780
2018-02-16,6903.2302,6923.3480,6799.7680,6817.0117
2018-02-19,6874.4917,6998.0713,6837.1302,6998.0713
2018-02-20,6940.5926,6943.4666,6822.7607,6840.0044
2018-02-21,6926.2217,7069.9191,6880.2383,6972.2046
2018-02-22,6929.0967,7023.9371,6885.9875,6989.4497
2018-02-23,6920.4742,7029.6846,6917.6005,7012.4409
2018-02-26,7104.4074,7138.8948,6975.0796,7084.2900
2018-02-27,7184.8763,7308.4567,7173.3808,7285.4648
2018-02-28,7268.2224,7360.1891,7245.2305,7245.2305
2018-03-01,7113.0287,7259.6002,7113.0287,7196.3735
2018-03-02,6998.0711,7130.2730,6986.5756,7084.2900
2018-03-05,7055.5494,7124.5238,6888.8601,6894.6079
2018-03-06,7000.9447,7271.0958,6980.8269,7190.6255
2018-03-07,7133.1455,7325.7008,7124.5236,7259.5996
2018-03-08,7328.5741,7535.4985,7288.3385,7506.7593
2018-03-09,7613.0960,7641.8353,7365.9360,7463.6509
2018-03-12,7607.3497,7627.4679,7480.8964,7572.8623
2018-03-13,7429.1636,7455.0291,7337.1969,7426.2891
2018-03-14,7299.8355,7342.9447,7101.5329,7173.3813
2018-03-15,7184.8773,7196.3737,7072.7932,7113.0288
2018-03-16,7202.1215,7250.9790,7003.8193,7049.8022
2018-03-19,7006.6925,7038.3063,6888.8607,6940.5918
2018-03-20,6848.6257,6908.9786,6773.9026,6874.4912
2018-03-21,6874.4912,6874.4912,6874.4912,6874.4912
2018-03-22,6940.5918,6986.5752,6891.7348,6986.5752
2018-03-23,6647.4484,6690.5577,6526.7425,6532.4902
2018-03-26,6331.3140,6506.6247,6268.0869,6500.8770
2018-03-27,6667.5667,6704.9278,6543.9867,6578.4741
2018-03-28,6537.2163,6595.3248,6473.2967,6545.9326
2018-03-29,6598.2317,6598.2317,6389.0407,6484.9199
2018-03-30,6577.8920,6699.9200,6554.6487,6667.9604
2018-04-02,6670.8660,6740.5963,6665.0549,6667.9604
2018-04-03,6522.6894,6612.7575,6476.2024,6589.5142
2018-04-04,6679.5823,6697.0148,6389.0392,6441.3369
2018-04-05,6508.1632,6519.7851,6380.3244,6484.9199
2018-04-06,6447.1486,6516.8789,6420.9998,6450.0542
2018-04-09,6450.0546,6528.5012,6397.7569,6499.4468
2018-04-10,6482.0140,6644.7183,6409.3785,6621.4746
2018-04-11,6766.7458,6784.1784,6702.8262,6720.2588
2018-04-12,6720.2588,6752.2184,6647.6229,6720.2588
2018-04-13,6775.4625,6894.5850,6760.9351,6819.0439
2018-04-16,6839.3821,6880.0584,6760.9355,6784.1792
2018-04-17,6784.1783,6856.8137,6749.3131,6760.9346
2018-04-18,6760.9340,6970.1249,6726.0689,6935.2598
2018-04-19,6842.2868,6859.7194,6601.1363,6627.2852
2018-04-20,6296.0656,6380.3229,6133.3613,6365.7959
2018-04-23,6330.9305,6333.8357,6156.6048,6269.9165
2018-04-24,6307.6874,6374.5126,6278.6334,6313.4985
2018-04-25,6235.0513,6319.3086,6197.2806,6261.2002
2018-04-26,6420.9986,6537.2159,6420.9986,6455.8638
2018-04-27,5613.2893,5665.5871,5549.3698,5601.6675
2018-04-30,5601.6675,5601.6675,5601.6675,5601.6675
2018-05-01,5717.8860,5729.5079,5610.3850,5622.0068
2018-05-02,5723.6965,5895.1172,5717.8858,5837.0083
2018-05-03,5837.0083,5837.0083,5837.0083,5837.0083
2018-05-04,5837.0083,5837.0083,5837.0083,5837.0083
2018-05-07,5953.2252,5967.7522,5816.6702,5929.9819
2018-05-08,5912.5491,6054.9149,5903.8328,6043.2935
2018-05-09,6037.4825,6203.0920,6017.1448,6081.0640
2018-05-10,5732.4126,6054.9152,5723.6963,5982.2798
2018-05-11,5956.1301,6287.3491,5956.1301,6269.9165
2018-05-14,6159.5110,6258.2957,6144.9839,6255.3901
2018-05-15,6284.4442,6351.2689,6197.2813,6214.7139
2018-05-16,6130.4564,6197.2811,6083.9694,6136.2671
2018-05-17,6217.6195,6246.6735,6127.5510,6147.8892
2018-05-18,6130.4573,6130.4573,5979.3748,6008.4292
2018-05-21,5863.1580,5929.9832,5784.7114,5918.3613
2018-05-22,5953.2262,6025.8621,5839.9145,5889.3066
2018-05-23,5837.0085,5932.8877,5822.4815,5857.3467
2018-05-24,5813.7644,5857.3458,5799.2374,5825.3862
2018-05-25,5767.2781,5924.1713,5761.4673,5871.8735
2018-05-28,5854.4405,5956.1308,5848.6298,5938.6982
2018-05-29,5956.1315,6072.3484,5921.2663,6008.4292
2018-05-30,5985.1847,6040.3880,5863.1566,5944.5088
2018-05-31,6022.9564,6101.4030,5944.5098,5970.6587
2018-06-01,5970.6578,6237.9572,5967.7522,6147.8892
2018-06-04,6188.5655,6237.9577,6078.1593,6098.4971
2018-06-05,6188.5662,6246.6746,6171.1336,6226.3369
2018-06-06,6174.0386,6205.9982,5961.9420,6031.6724
2018-06-07,6115.9287,6124.6450,6020.0495,6115.9287
2018-06-08,6075.2544,6110.1196,5976.4697,5999.7134
2018-06-11,5950.3209,6040.3894,5912.5506,5918.3613
2018-06-12,5834.1036,5868.9687,5758.5621,5810.8599
2018-06-13,5837.0087,5880.5902,5799.2384,5810.8599
2018-06-14,5787.6151,6101.4015,5784.7095,6011.3330
2018-06-15,5935.7925,5961.9413,5755.6560,5802.1426
2018-06-18,5758.5617,5781.8054,5520.3167,5534.8438
2018-06-19,5375.0461,5546.4668,5360.5191,5488.3579
2018-06-20,5430.2489,5610.3854,5348.8967,5587.1421
2018-06-21,5778.9000,5834.1033,5592.9523,5671.3989
2018-06-22,5587.1410,5674.3039,5566.8029,5627.8169
2018-06-25,5674.3032,5697.5465,5453.4904,5456.3960
2018-06-26,5366.3285,5465.1132,5319.8419,5447.6807
2018-06-27,5473.8297,5555.1819,5447.6809,5459.3027
2018-06-28,5415.7213,5552.2763,5366.3287,5543.5601
2018-06-29,5543.5591,5560.9917,5401.1930,5494.1670
2018-07-02,5482.5454,5703.3581,5482.5454,5540.6538
2018-07-03,5424.4370,5508.6943,5348.8956,5499.9780
2018-07-04,5398.2884,5444.7750,5177.4757,5287.8818
2018-07-05,5235.5842,5366.3285,5203.6246,5229.7734
2018-07-06,5322.7468,5441.8697,5290.7872,5418.6260
2018-07-09,5470.9244,5572.6147,5436.0593,5572.6147
2018-07-10,5665.5878,5729.5074,5590.0468,5697.5474
2018-07-11,5656.8710,5683.0198,5526.1266,5604.5732
2018-07-12,5619.1009,5685.9261,5502.8840,5674.3042
2018-07-13,5781.8060,5927.0774,5770.1842,5898.0229
2018-07-16,5898.0229,5898.0229,5898.0229,5898.0229
2018-07-17,5877.6846,5877.6846,5712.0751,5735.3184
2018-07-18,5822.4811,5851.5356,5651.0609,5674.3042
2018-07-19,5627.8169,5781.8050,5624.9118,5703.3584
2018-07-20,5624.9123,5648.1556,5523.2220,5569.7090
2018-07-23,5529.0331,5587.1416,5497.0731,5569.7090
2018-07-24,5598.7642,5653.9671,5552.2772,5616.1968
2018-07-25,5607.4795,5630.7227,5558.0869,5590.0469
2018-07-26,5677.2104,5755.6571,5642.3453,5677.2104
2018-07-27,5770.1835,5854.4408,5560.9926,5642.3447
2018-07-30,5563.8975,5595.8571,5514.5049,5531.9375
2018-07-31,5520.3159,5555.1810,5494.1670,5511.5996
2018-08-01,5514.5060,5569.7093,5505.7897,5508.6953
2018-08-02,5531.9384,5592.9524,5494.1681,5555.1821
2018-08-03,5587.1406,5744.0337,5581.3298,5636.5327
2018-08-06,5587.1400,5619.0996,5462.2064,5468.0176
2018-08-07,5470.9239,5540.6542,5444.7750,5537.7490
2018-08-08,5523.2216,5587.1412,5476.7350,5537.7490
2018-08-09,5566.8028,5578.4247,5505.7888,5526.1270
2018-08-10,5502.8841,5529.0330,5404.0993,5415.7212
2018-08-13,5334.3686,5343.0849,5223.9624,5241.3950
2018-08-14,5299.5034,5395.3826,5293.6927,5383.7607
2018-08-15,5377.9504,5383.7611,5279.1656,5314.0308
2018-08-16,5186.1924,5284.9772,5069.9751,5194.9087
2018-08-17,5235.5822,5270.4473,5122.2705,5221.0552
2018-08-20,5183.2860,5218.1512,5119.3669,5139.7046
2018-08-21,5026.3930,5099.0289,5003.1497,5058.3530
2018-08-22,5128.0839,5253.0171,5122.2727,5235.5845
2018-08-23,5235.5842,5279.1656,5203.6246,5238.4897
2018-08-24,5290.7877,5302.4096,5192.0029,5250.1118
2018-08-27,5302.4102,5433.1546,5255.9232,5430.2490
2018-08-28,5529.0327,5598.7630,5514.5053,5520.3164
2018-08-29,5546.4658,5636.5338,5543.5602,5622.0068
2018-08-30,5714.9791,5767.2768,5645.2488,5741.1279
2018-08-31,5636.5321,5796.3308,5613.2888,5775.9927
2018-09-03,5714.9790,5749.8441,5624.9110,5630.7217
2018-09-04,5578.4252,5668.4936,5575.5196,5610.3848
2018-09-05,5572.6141,5622.0063,5485.4513,5520.3164
2018-09-06,5404.0993,5436.0588,5311.1256,5380.8560
2018-09-07,5110.6507,5241.3950,5058.3530,5241.3950
2018-09-10,5255.9219,5293.6926,5218.1512,5264.6382
2018-09-11,5258.8276,5436.0586,5203.6243,5418.6260
2018-09-12,5334.3692,5357.6125,5139.7052,5209.4355
2018-09-13,5055.4482,5247.2066,5032.2049,5122.2729
2018-09-14,5238.4889,5441.8691,5232.6782,5433.1528
2018-09-17,5433.1528,5433.1528,5433.1528,5433.1528
2018-09-18,5383.7610,5622.0063,5299.5036,5613.2900
2018-09-19,5659.7770,5746.9399,5610.3844,5653.9658
2018-09-20,5662.6819,5665.5875,5468.0184,5499.9780
2018-09-21,5584.2360,5610.3849,5505.7894,5569.7090
2018-09-24,5569.7090,5569.7090,5569.7090,5569.7090
2018-09-25,5520.3158,5685.9253,5499.9777,5636.5327
2018-09-26,5626.0124,5810.1364,5611.3995,5783.8330
2018-09-27,5716.6124,5728.3030,5532.4884,5535.4111
2018-09-28,5596.7860,5631.8572,5535.4113,5558.7920
2018-10-01,5564.6374,5775.0649,5552.9473,5672.7739
2018-10-02,5734.1482,5780.9100,5675.6963,5675.6963
2018-10-03,5681.5423,5713.6908,5514.9539,5541.2573
2018-10-04,5658.1609,5684.4643,5506.1854,5550.0244
2018-10-05,5433.1210,5441.8888,5284.0682,5327.9072
2018-10-08,5327.9072,5327.9072,5327.9072,5327.9072
2018-10-09,5246.0742,5284.0678,5085.3309,5129.1699
2018-10-10,5234.3827,5292.8346,5146.7046,5228.5376
2018-10-11,4892.4386,5012.2652,4851.5223,4912.8970
2018-10-12,4851.5214,5120.4007,4825.2180,5114.5557
2018-10-15,5114.5568,5219.7705,5035.6465,5137.9375
2018-10-16,5155.4736,5257.7646,5088.2539,5254.8423
2018-10-17,5427.2753,5637.7027,5427.2753,5523.7212
2018-10-18,5509.1082,5509.1082,5339.5970,5351.2876
2018-10-19,5234.3834,5500.3405,5208.0799,5488.6499
2018-10-22,5371.7458,5576.3282,5354.2102,5547.1021
2018-10-23,5441.8889,5485.7280,5243.1520,5246.0747
2018-10-24,5260.6869,5313.2938,5117.4792,5155.4731
2018-10-25,4804.7609,4953.8137,4746.3090,4760.9219
2018-10-26,4866.1349,4898.2834,4699.5465,4836.9087
2018-10-29,4947.9681,5035.6462,4857.3672,4874.9028
2018-10-30,4819.3736,5284.0677,4813.5286,5225.6157
2018-10-31,5342.5198,5345.4421,4766.7666,5251.9189
2018-11-01,5173.0089,5231.4608,5035.6466,5158.3960
2018-11-02,5208.0796,5623.0895,5208.0796,5593.8633
2018-11-05,5395.1262,5441.8876,5295.7576,5304.5254
2018-11-06,5286.9908,5327.9071,5199.3127,5254.8423
2018-11-07,5246.0738,5438.9656,5202.2347,5263.6094
2018-11-08,5436.0421,5532.4880,5319.1378,5322.0605
2018-11-09,5289.9130,5313.2937,5076.5628,5102.8662
2018-11-12,5015.1874,5161.3174,4991.8067,5111.6333
2018-11-13,4901.2065,5053.1821,4813.5284,5018.1108
2018-11-14,5053.1822,5149.6281,5050.2594,5070.7178
2018-11-15,5003.4975,5135.0147,5003.4975,5085.3306
2018-11-16,4985.9613,5053.1815,4828.1407,4831.0635
2018-11-19,4842.7540,4985.9613,4784.3017,4915.8188
2018-11-20,4763.8449,4860.2908,4728.7736,4769.6899
2018-11-21,4720.0041,4994.7285,4720.0041,4945.0444
2018-11-22,4915.8195,4936.2779,4798.9156,4869.0581
2018-11-23,4869.0581,4869.0581,4869.0581,4869.0581
2018-11-26,4813.5281,4833.9865,4728.7728,4740.4629
2018-11-27,4801.8371,4819.3727,4728.7723,4790.1470
2018-11-28,4807.6832,4860.2901,4769.6892,4845.6768
2018-11-29,4962.5808,4968.4258,4848.5992,4851.5220
2018-11-30,4854.4443,4895.3610,4807.6829,4836.9087
2018-12-03,4968.4262,5143.7824,4965.5039,5082.4077
2018-12-04,5029.8009,5135.0146,4848.5996,4848.5996
2018-12-05,4749.2305,4848.5991,4670.3202,4682.0107
2018-12-06,4600.1782,4600.1782,4275.7692,4395.5962
2018-12-07,4483.2742,4500.8098,4258.2334,4290.3823
2018-12-10,4176.4014,4205.6271,4123.7945,4161.7881
2018-12-11,4214.3951,4220.2406,4056.5745,4082.8779
2018-12-12,4100.4133,4120.8717,3989.3545,4065.3420
2018-12-13,4106.2582,4176.4007,4071.1870,4103.3354
2018-12-14,4068.2643,4103.3356,3901.6759,3930.9021
2018-12-17,3989.3548,4044.8844,3875.3732,3907.5217
2018-12-18,3881.2179,3960.1282,3808.1531,3927.9797
2018-12-19,3875.3728,3968.8960,3799.3853,3910.4441
2018-12-20,3822.7655,3860.7595,3682.4805,3717.5518
2018-12-21,3694.1715,3761.3912,3626.9513,3723.3972
2018-12-24,3723.3972,3723.3972,3723.3972,3723.3972
2018-12-25,3501.2799,3583.1129,3460.3635,3469.1313
2018-12-26,3556.8094,3612.3389,3515.8929,3603.5710
2018-12-27,3799.3851,3805.2301,3676.6357,3726.3198
2018-12-28,3670.7903,3781.8496,3662.0225,3755.5461
2018-12-31,3755.5461,3755.5461,3755.5461,3755.5461
2019-01-04,3545.1188,3574.3450,3422.3694,3574.3450
2019-01-07,3749.7003,3776.0038,3691.2484,3694.1711
2019-01-08,3705.8611,3904.5984,3705.8611,3764.3135
2019-01-09,3851.9925,3887.0637,3776.0045,3854.9148
2019-01-10,3822.7656,3957.2055,3755.5458,3887.0630
2019-01-11,3910.4435,3948.4375,3837.3783,3898.7529
2019-01-15,3843.2240,4033.1931,3811.0751,4015.6575
2019-01-16,3942.5925,3983.5092,3846.1466,3948.4380
2019-01-17,3948.4380,3971.8187,3843.2243,3866.6050
2019-01-18,3875.3722,4229.0074,3851.9916,4182.2456
2019-01-21,4304.9956,4345.9119,4199.7818,4287.4600
2019-01-22,4272.8465,4287.4594,4144.2517,4167.6328
2019-01-23,4117.9490,4217.3177,4065.3421,4158.8657
2019-01-24,4176.4004,4366.3695,4173.4777,4345.9111
2019-01-25,4418.9771,4661.5531,4418.9771,4655.7080
2019-01-28,4655.7083,4717.0830,4603.1015,4632.3276
2019-01-29,4530.0348,4559.2610,4416.0533,4486.1958
2019-01-30,4603.1015,4679.0891,4509.5783,4550.4946
2019-01-31,4521.2688,4743.3869,4509.5787,4699.5479
2019-02-01,4617.7130,4766.7658,4597.2551,4620.6357
2019-02-04,4565.1075,4687.8569,4562.1852,4667.3989
2019-02-05,4682.0120,4731.6961,4664.4763,4673.2441
2019-02-06,4743.3851,4760.9207,4667.3976,4737.5400
2019-02-07,4813.5287,4939.2008,4781.3802,4842.7549
2019-02-08,4696.6244,4734.6184,4547.5716,4608.9463
2019-02-12,4682.0118,4907.0522,4641.0955,4886.5942
2019-02-13,4889.5153,4945.0449,4851.5217,4909.9736
2019-02-14,4909.9741,4930.4324,4845.6767,4874.9028
2019-02-15,4822.2963,4845.6770,4743.3860,4752.1538
2019-02-18,4880.7480,4895.3613,4798.9154,4863.2124
2019-02-19,4863.2115,4871.9793,4781.3789,4781.3789
2019-02-20,4848.5994,4866.1350,4743.3856,4772.6118
2019-02-21,4772.6132,4863.2136,4720.0063,4787.2261
2019-02-22,4693.7007,4743.3848,4661.5518,4696.6230
2019-02-25,4781.3804,4869.0585,4760.9220,4766.7671
2019-02-26,4766.7670,4816.4516,4708.3151,4731.6958
2019-02-27,4720.0046,4737.5402,4655.7072,4693.7012
2019-02-28,4646.9396,4649.8623,4468.6606,4483.2739
2019-03-01,4530.0355,4635.2492,4521.2676,4573.8745
2019-03-04,4623.5592,4918.7420,4623.5592,4863.2124
2019-03-05,4790.1487,4845.6779,4670.3217,4699.5479
2019-03-06,4652.7865,4661.5544,4573.8762,4614.7930
2019-03-07,4506.6551,4512.5001,4342.9894,4348.8345
2019-03-08,4269.9239,4302.0724,4164.7102,4223.1621
2019-03-11,4246.5430,4290.3821,4144.2516,4249.4653
2019-03-12,4383.9060,4421.9000,4348.8347,4357.6025
2019-03-13,4258.2336,4316.6859,4205.6267,4229.0078
2019-03-14,4199.7810,4237.7750,4112.1029,4173.4775
2019-03-15,4161.7879,4243.6209,4158.8656,4188.0913
2019-03-18,4275.7692,4322.5310,4223.1624,4231.9302
2019-03-19,4199.7814,4264.0789,4167.6329,4240.6978
2019-03-20,4278.6927,4354.6803,4269.9249,4340.0674
2019-03-22,4611.8684,4658.6302,4456.9705,4500.8096
2019-03-25,4363.4473,4416.0541,4345.9116,4395.5962
2019-03-26,4454.0482,4562.1847,4398.5186,4532.9585
2019-03-27,4650.8596,4710.1061,4576.8012,4641.9727
2019-03-28,4576.8005,4668.6329,4487.9306,4633.0850
2019-03-29,4698.2567,4733.8047,4612.3492,4671.5957
2019-04-01,4790.0887,4899.6951,4772.3147,4858.2222
2019-04-02,5065.5855,5338.1198,5065.5855,5222.5889
2019-04-03,5255.1735,5515.8583,5255.1735,5471.4233
2019-04-04,5441.8007,5521.7836,5293.6839,5379.5918
2019-04-05,5367.7432,5515.8596,5355.8938,5477.3496
2019-04-08,5524.7461,5554.3695,5317.3833,5349.9688
2019-04-09,5385.5180,5506.9734,5361.8195,5483.2749
2019-04-10,5347.0058,5406.2527,5305.5333,5397.3657
2019-04-11,5314.4209,5379.5923,5275.9104,5347.0063
2019-04-12,5311.4584,5344.0443,5219.6264,5332.1948
2019-04-15,5421.0649,5432.9144,5290.7225,5373.6675
2019-04-16,5335.1579,5388.4798,5311.4589,5361.8188
2019-04-17,5424.0266,5726.1843,5394.4031,5687.6738
2019-04-18,5773.5830,5815.0559,5604.7301,5616.5796
2019-04-19,5678.7877,5886.1510,5678.7877,5850.6030
2019-04-22,5865.4149,5898.0004,5794.3189,5838.7539
2019-04-23,5809.1308,5820.9803,5672.8639,5717.2988
2019-04-24,5735.0716,5800.2426,5693.5987,5723.2222
2019-04-25,5672.8635,5776.5449,5643.2400,5729.1475
2019-04-26,5563.2575,5666.9390,5506.9731,5652.1274
2019-05-07,5480.3119,5492.1614,5347.0071,5355.8940
2019-05-08,5184.0788,5299.6097,5139.6439,5192.9658
2019-05-09,5332.1952,5465.5000,5098.1709,5098.1709
2019-05-10,5115.9443,5287.7596,5098.1703,5181.1157
2019-05-13,5110.0202,5124.8317,4961.9038,4976.7153
2019-05-14,4766.3903,5053.7361,4718.9929,4997.4521
2019-05-15,5047.8113,5163.3421,5047.8113,5151.4927
2019-05-16,5228.5133,5240.3624,4988.5646,5032.9995
2019-05-17,5021.1512,5139.6446,5012.2642,5027.0757
2019-05-20,4967.8285,5035.9619,4822.6741,4861.1846
2019-05-21,4742.6922,4807.8636,4600.5003,4733.8052
2019-05-22,4846.3729,4899.6948,4689.3691,4692.3315
2019-05-23,4633.0840,4633.0840,4493.8542,4502.7412
2019-05-24,4434.6092,4582.7256,4393.1367,4582.7256
2019-05-27,4529.4034,4609.3863,4479.0439,4496.8179
2019-05-28,4517.5544,4585.6879,4473.1195,4526.4414
2019-05-29,4470.1564,4535.3278,4449.4199,4529.4028
2019-05-30,4559.0276,4609.3871,4502.7432,4597.5381
2019-05-31,4576.8009,4588.6503,4482.0064,4493.8555
2019-06-03,4428.6849,4508.6679,4396.0990,4431.6470
2019-06-04,4431.6462,4538.2901,4404.9852,4520.5161
2019-06-05,4680.4814,4721.9543,4650.8583,4668.6323
2019-06-06,4606.4238,4636.0468,4547.1769,4559.0264
2019-06-07,4630.1227,4718.9927,4630.1227,4704.1812
2019-06-10,4849.3351,4881.9210,4742.6912,4781.2017
2019-06-11,4899.6954,4979.6784,4852.2980,4973.7534
2019-06-12,4941.1675,4988.5650,4896.7326,4908.5820
2019-06-13,4804.8995,4813.7865,4692.3311,4739.7285
2019-06-14,4730.8425,4730.8425,4636.0476,4644.9346
2019-06-17,4464.2322,4526.4412,4410.9103,4484.9683
2019-06-18,4487.9297,4535.3271,4473.1182,4502.7412
2019-06-19,4739.7292,4828.5991,4680.4823,4781.2017
2019-06-20,4855.2600,4953.0169,4721.9552,4941.1675
2019-06-21,4941.1672,4976.7152,4825.6363,4855.2598
2019-06-24,4787.1255,4807.8619,4742.6905,4757.5024
2019-06-25,4751.5774,4775.2763,4692.3309,4713.0674
2019-06-26,4733.8036,4923.3929,4733.8036,4896.7319
2019-06-27,5009.3018,5192.9666,5009.3018,5166.3057
2019-06-28,5198.8900,5264.0614,5136.6810,5237.4004
2019-07-01,5495.1232,5572.1436,5421.0648,5554.3696
2019-07-02,5530.6717,5625.4662,5483.2743,5613.6167
2019-07-03,5450.6893,5489.1993,5269.9869,5329.2334
2019-07-04,5344.0448,5352.9317,5219.6269,5284.7979
2019-07-05,5361.8184,5471.4243,5317.3834,5456.6128
2019-07-08,5394.4038,5471.4243,5370.7053,5441.8013
2019-07-09,5409.2155,5444.7634,5358.8560,5421.0649
2019-07-10,5409.2161,5504.0109,5397.3670,5465.5005
2019-07-11,5495.1227,5634.3520,5495.1227,5619.5405
2019-07-12,5586.9562,5589.9187,5483.2748,5504.0112
2019-07-16,5581.0300,5652.1259,5509.9341,5509.9341
2019-07-17,5429.9517,5575.1061,5341.0818,5554.3696
2019-07-18,5515.8600,5581.0314,5498.0860,5527.7095
2019-07-19,5640.2776,5847.6409,5637.3156,5758.7710
2019-07-22,5746.9212,5886.1510,5740.9967,5865.4146
2019-07-23,5983.9089,6022.4189,5927.6245,5960.2100
2019-07-24,6043.1546,6129.0620,6016.4936,6114.2505
2019-07-25,6206.0827,6463.8054,6152.7607,6407.5210
2019-07-26,6057.9662,6111.2881,5895.0383,5936.5107
2019-07-29,5847.6403,5936.5103,5812.0924,5841.7158
2019-07-30,5874.3025,6040.1929,5874.3025,6025.3813
2019-07-31,5895.0385,6010.5694,5883.1890,5992.7954
2019-08-01,5859.4910,6007.6074,5847.6415,5960.2100
2019-08-02,5735.0721,5850.6030,5669.9007,5850.6030
2019-08-05,5616.5784,5681.7499,5509.9345,5575.1060
2019-08-06,5409.2148,5696.5610,5347.0059,5649.1636
2019-08-07,5554.3700,5604.7295,5498.0856,5557.3325
2019-08-08,5551.4072,5604.7291,5498.0852,5554.3696
2019-08-09,5575.1070,5663.9769,5575.1070,5604.7300
2019-08-13,5518.8219,5601.7673,5421.0650,5578.0684
2019-08-14,5740.9972,5877.2645,5740.9972,5770.6206
2019-08-15,5619.5417,5767.6581,5595.8427,5755.8086
2019-08-16,5708.4120,5856.5284,5678.7886,5820.9805
2019-08-19,5960.2092,5977.9832,5699.5244,5699.5244
2019-08-20,5705.4483,5779.5067,5649.1639,5767.6572
2019-08-21,5687.6744,5797.2807,5687.6744,5764.6948
2019-08-22,5782.4691,5874.3015,5779.5070,5835.7910
2019-08-23,5829.8668,5853.5654,5681.7505,5729.1475
2019-08-26,5539.5588,5628.4287,5533.6339,5563.2573
2019-08-27,5646.2020,5723.2225,5625.4655,5634.3525
2019-08-28,5658.0515,5684.7124,5554.3700,5557.3325
2019-08-29,5583.9931,5631.3901,5554.3696,5569.1812
2019-08-30,5696.5624,5806.1688,5693.5999,5717.2988
2019-09-02,5782.4701,5983.9089,5758.7716,5960.2100
2019-09-03,5960.2093,5998.7197,5898.0004,5918.7368
2019-09-04,5936.5100,5960.2085,5818.0166,5945.3970
2019-09-05,6052.0422,6235.7066,6052.0422,6203.1211
2019-09-06,6220.8945,6265.3295,6140.9116,6173.4971
2019-09-09,6126.1005,6179.4225,5983.9086,6016.4941
2019-09-10,5975.0210,6019.4559,5838.7536,5847.6406
2019-09-11,5812.0927,5912.8121,5794.3187,5909.8496
2019-09-12,6072.7782,6315.6891,5948.3604,6280.1411
2019-09-13,6398.6347,6407.5217,6212.0079,6336.4258
2019-09-17,6280.1413,6419.3712,6259.4053,6416.4087
2019-09-18,6457.8813,6496.3918,6410.4843,6428.2583
2019-09-19,6502.3163,6528.9773,6371.9739,6428.2583
2019-09-20,6398.6342,6422.3327,6247.5553,6306.8018
2019-09-24,6363.0859,6484.5413,6253.4796,6268.2915
2019-09-25,6137.9493,6200.1583,6093.5144,6102.4014
2019-09-26,6206.0831,6217.9322,6069.8158,6090.5522
2019-09-27,6099.7757,6257.4770,5879.5883,6239.6240
2019-09-30,6090.8487,6165.2359,6028.3632,6087.8730
2019-10-01,6194.9918,6248.5508,6150.3593,6248.5508
2019-10-02,6171.1872,6215.8197,6138.4564,6144.4077
2019-10-03,6093.8250,6209.8695,6084.8985,6159.2861
2019-10-04,6200.9426,6340.7914,6189.0409,6212.8447
2019-10-07,6308.0616,6328.8903,6162.2623,6174.1641
2019-10-08,6209.8693,6388.3993,6203.9184,6373.5220
2019-10-09,6248.5506,6269.3792,6141.4326,6236.6484
2019-10-10,6251.5260,6254.5012,6052.1673,6245.5747
2019-10-11,6334.8396,6403.2764,6281.2806,6343.7661
2019-10-15,6456.8366,6519.3221,6400.3019,6486.5913
2019-10-16,6578.8320,6635.3666,6430.0571,6486.5913
2019-10-17,6400.3004,6492.5411,6376.4966,6433.0308
2019-10-18,6406.2523,6456.8361,6308.0608,6430.0566
2019-10-21,6409.2274,6555.0271,6409.2274,6450.8843
2019-10-23,6495.5162,6498.4919,6212.8439,6302.1089
2019-10-24,6343.7673,6397.3263,6266.4044,6337.8164
2019-10-25,6843.6499,7248.3181,6819.8461,7069.7881
2019-10-28,7111.4460,7501.2364,7099.5443,7480.4082
2019-10-29,7519.0893,7572.6483,7316.7558,7468.5063
2019-10-30,7459.5794,7459.5794,7191.7840,7257.2451
2019-10-31,7248.3186,7295.9268,6971.5971,7105.4946
2019-11-01,6956.7201,7123.3480,6918.0384,7037.0586
2019-11-05,7135.2494,7156.0776,6962.6703,7025.1558
2019-11-06,7013.2536,7037.0578,6915.0621,7028.1313
2019-11-07,7028.1314,7066.8126,6861.5031,6912.0869
2019-11-08,7048.9604,7069.7890,6852.5774,6882.3325
2019-11-11,6921.0148,7037.0593,6891.2596,6932.9165
2019-11-12,6891.2584,6986.4743,6876.3811,6962.6704
2019-11-13,6909.1117,7019.2053,6885.3078,7010.2788
2019-11-14,6980.5242,7093.5930,6968.6220,6971.5977
2019-11-15,6912.0876,7084.6663,6894.2346,7019.2056
2019-11-18,7051.9360,7236.4169,7051.9360,7221.5396
2019-11-19,7200.7121,7212.6143,7045.9863,7063.8394
2019-11-20,6935.8926,6962.6721,6754.3869,6784.1421
2019-11-21,6671.0716,6718.6793,6537.1741,6638.3408
2019-11-22,6555.0272,6724.6307,6510.3947,6599.6597
2019-11-25,6718.6793,6852.5768,6665.1203,6846.6260
2019-11-26,6974.5731,7043.0094,6921.0140,6923.9893
2019-11-27,7028.1318,7147.1515,6992.4258,7102.5190
2019-11-28,7034.0830,7129.2989,6983.4997,6995.4014
2019-11-29,7019.2048,7114.4207,6968.6211,7028.1313
2019-12-02,7081.6919,7099.5449,6995.4021,7007.3042
2019-12-03,6876.3829,7043.0108,6876.3829,7040.0352
2019-12-04,6932.9167,7010.2800,6909.1128,6965.6475
2019-12-05,7060.8633,7075.7407,6888.2841,6947.7944
2019-12-06,6992.4261,7037.0586,6950.7688,7037.0586
2019-12-09,7114.4211,7132.2741,7007.3031,7031.1069
2019-12-10,6968.6215,7007.3031,6867.4547,6974.5728
2019-12-11,7108.4706,7185.8334,6971.5974,7019.2056
2019-12-12,7108.4707,7432.8004,7084.6664,7349.4858
2019-12-13,7447.6785,7560.7479,7403.0460,7510.1641
2019-12-16,7554.7966,7691.6702,7519.0906,7641.0864
2019-12-17,7772.0081,7926.7338,7742.2525,7780.9346
2019-12-18,7819.6155,7896.9788,7664.8898,7733.3257
2019-12-19,7870.1994,7917.8072,7751.1788,7840.4438
2019-12-20,7748.2036,7825.5669,7715.4728,7807.7139
2019-12-23,7861.2722,7870.1987,7733.3251,7739.2764
2019-12-24,7721.4225,7780.9327,7682.7412,7697.6182
2019-12-25,7736.3030,7792.8372,7673.8175,7763.0825
2019-12-26,7766.0568,7816.6406,7730.3508,7780.9346
2019-12-27,7852.3476,7852.3476,7748.2047,7763.0825
2019-12-30,7766.0562,7766.0562,7623.2322,7706.5459
2020-01-06,7587.5261,7673.8159,7569.6731,7670.8398
2020-01-07,7721.4234,7745.2277,7652.9866,7739.2764
2020-01-08,7614.3056,7697.6193,7498.2611,7670.8398
2020-01-09,7745.2275,7959.4635,7745.2275,7953.5122
2020-01-10,8093.3617,8209.4062,7935.6599,8004.0967
2020-01-14,8004.0950,8102.2865,7980.2907,8030.8745
2020-01-15,8030.8755,8030.8755,7876.1489,7896.9780
2020-01-16,7855.3217,7855.3217,7688.6934,7745.2285
2020-01-17,7843.4174,7867.2208,7593.4754,7638.1079
2020-01-20,7718.4481,7855.3208,7703.5703,7855.3208
2020-01-21,7947.5622,7953.5135,7754.1553,7754.1553
2020-01-22,7736.2993,7944.5840,7736.2993,7944.5840
2020-01-23,7905.9042,8013.0222,7846.3939,7983.2666
2020-01-24,8242.1360,8328.4258,8039.8025,8236.1855
2020-01-27,7938.6350,8096.3368,7870.1991,7950.5376
2020-01-28,7807.7137,7950.5377,7697.6196,7926.7334
2020-01-29,7974.3411,8072.5326,7917.8068,8060.6309
2020-01-30,8045.7533,8120.1414,7769.0318,7807.7139
2020-01-31,7905.9045,7923.7575,7670.8394,7688.6924
2020-02-03,7337.5836,7557.7709,7295.9268,7522.0649
2020-02-04,7522.0657,7658.9384,7480.4084,7605.3794
2020-02-05,7798.7867,7822.5901,7703.5704,7739.2764
2020-02-06,7843.4206,7953.5139,7766.0573,7908.8813
2020-02-07,7914.8300,7953.5112,7819.6137,7876.1479
2020-02-10,7727.3749,7870.1989,7694.6441,7804.7373
2020-02-12,7852.3436,8048.7266,7837.4658,8048.7266
2020-02-13,8060.6306,8203.4546,8030.8759,8051.7041
2020-02-14,8120.1419,8203.4557,7974.3418,7992.1948
2020-02-17,7885.0753,7920.7813,7769.0308,7769.0308
2020-02-18,7557.7721,7596.4533,7206.6629,7215.5894
2020-02-19,7319.7304,7498.2605,7275.0979,7471.4810
2020-02-20,7620.2567,7685.7174,7319.7309,7361.3882
2020-02-21,7364.3636,7504.2124,7343.5354,7352.4619
2020-02-25,6873.4072,7170.9575,6831.7504,7040.0352
2020-02-26,6938.8681,7087.6430,6891.2599,7054.9126
2020-02-27,7051.9372,7060.8637,6813.8972,6840.6768
2020-02-28,6644.2915,6671.0710,6441.9573,6510.3940
2020-03-02,6456.8371,6882.3336,6430.0576,6840.6768
2020-03-03,6989.4505,7054.9117,6691.9003,6694.8760
2020-03-04,6546.1008,6888.2831,6525.2722,6799.0181
2020-03-05,6929.9406,6977.5483,6623.4639,6715.7046
2020-03-06,6635.3666,6727.6068,6489.5669,6546.1016
2020-03-09,6248.5504,6325.9132,6052.1674,6093.8242
2020-03-10,5995.6329,6450.8844,5814.1276,6409.2275
2020-03-11,6400.3011,6471.7131,6117.6287,6123.5796
2020-03-12,6034.3147,6269.3794,5894.4663,6025.3882
2020-03-13,5439.2148,5933.1475,5367.8028,5686.1812
2020-03-16,5745.6911,5867.6869,5421.3618,5439.2148
2020-03-17,5266.6355,5829.0051,5227.9539,5784.3726
2020-03-18,5876.6135,6013.4863,5727.8382,5846.8584
2020-03-19,6043.2418,6078.9478,5254.7340,5343.9990
2020-03-23,5293.4151,5608.8183,5260.6848,5516.5776
2020-03-24,5921.2462,6328.8896,5873.6381,6328.8896
2020-03-25,6626.4389,6712.7282,6269.3788,6629.4141
2020-03-26,6480.6401,6641.3171,6215.8207,6314.0122
2020-03-27,6629.4153,6691.9008,6376.4980,6546.1016
2020-03-30,6318.4555,6524.0323,6267.0615,6511.9395
2020-03-31,6651.0049,6669.1440,6409.1499,6457.5210
2020-04-01,6391.0113,6394.0347,6049.3917,6100.7856
2020-04-02,6016.1362,6227.7588,6001.0200,6179.3882
2020-04-03,6394.0340,6394.0340,6019.1591,6064.5068
2020-04-06,5967.7658,6324.5017,5931.4876,6315.4321
2020-04-07,6771.9327,6929.1384,6675.1909,6920.0688
2020-04-08,6914.0224,7059.1352,6826.3497,6992.6250
2020-04-09,7040.9959,7053.0884,6892.8598,7053.0884
2020-04-10,7092.3899,7098.4361,6901.9293,7053.0884
2020-04-13,7022.8570,7044.0190,6847.5122,6862.6279
2020-04-14,7013.7874,7216.3405,6983.5555,7189.1318
2020-04-15,7198.2012,7273.7810,7137.7377,7183.0854
2020-04-16,7092.3901,7285.8741,7013.7875,7255.6421
2020-04-17,7467.2650,7527.7289,7388.6623,7427.9639
2020-04-20,7343.3136,7491.4498,7319.1283,7446.1021
2020-04-21,7397.7314,7434.0101,7313.0826,7331.2217
2020-04-22,7255.6426,7452.1499,7231.4573,7452.1499
2020-04-23,7551.9133,7551.9133,7382.6147,7461.2178
2020-04-24,7158.8998,7370.5224,7040.9957,7092.3896
2020-04-27,7243.5495,7291.9206,7201.2251,7282.8511
2020-04-28,7255.6425,7331.2222,7225.4105,7300.9902
2020-04-30,7470.2887,7488.4278,7325.1754,7361.4536
2020-05-01,7128.6694,7222.3883,7101.4607,7110.5303
2020-05-07,7134.7146,7403.7783,7110.5293,7388.6621
2020-05-08,7536.7981,7579.1230,7437.0331,7530.7515
2020-05-11,7579.1234,7639.5865,7527.7290,7576.0996
2020-05-12,7576.0991,7712.1424,7573.0762,7687.9575
2020-05-13,7603.3081,7684.9341,7536.7983,7633.5405
2020-05-14,7636.5635,7636.5635,7473.3116,7476.3345
2020-05-15,7639.5852,7706.0958,7452.1484,7579.1221
2020-05-18,7379.5923,7443.0796,7249.5957,7331.2217
2020-05-19,7467.2642,7494.4729,7240.5258,7337.2676
2020-05-20,7424.9399,7576.0989,7397.7312,7536.7979
2020-05-21,7573.0762,7648.6555,7515.6360,7557.9600
2020-05-22,7591.2147,7666.7940,7500.5192,7603.3071
2020-05-25,7709.1194,7709.1194,7551.9141,7636.5630
2020-05-26,7636.5629,7642.6096,7548.8903,7618.4238
2020-05-27,7512.6121,7666.7945,7476.3339,7636.5630
2020-05-28,7618.4240,7618.4240,7470.2883,7594.2383
2020-05-29,7527.7287,7609.3547,7273.7812,7273.7812
2020-06-01,7370.5228,7633.5403,7313.0826,7624.4707
2020-06-02,7600.2847,7733.3051,7567.0294,7697.0269
2020-06-03,7866.3255,7881.4417,7576.0998,7648.6562
2020-06-04,7681.9105,7748.4203,7630.5161,7742.3745
2020-06-05,7700.0494,7805.8611,7663.7712,7799.8145
2020-06-08,7890.5100,7963.0664,7863.3013,7963.0664
2020-06-09,7817.9542,7932.8355,7775.6293,7920.7422
2020-06-10,7996.3218,8159.5738,7960.0436,8080.9707
2020-06-11,8056.7854,8077.9482,7944.9279,7966.0898
2020-06-12,7663.7713,7787.7222,7603.3074,7757.4897
2020-06-15,7497.4965,7542.8443,7107.5054,7107.5054
2020-06-16,7300.9896,7527.7285,7273.7810,7524.7056
2020-06-17,7491.4500,7600.2847,7421.9169,7518.6587
2020-06-18,7494.4733,7548.8906,7421.9173,7530.7515
2020-06-19,7600.2855,7687.9582,7518.6596,7630.5171
2020-06-22,7609.3551,7700.0507,7527.7292,7648.6562
2020-06-23,7754.4662,7854.2312,7654.7011,7781.6748
2020-06-24,7709.1205,7851.2105,7694.0043,7836.0942
2020-06-25,7787.7220,7817.9536,7684.9332,7799.8145
2020-06-26,7908.6496,8023.5309,7872.3714,7966.0898
2020-06-29,7833.0713,8005.3929,7817.9551,7836.0942
2020-06-30,7953.9975,7972.1367,7842.1400,7887.4878
2020-07-01,7972.1366,8065.8550,7830.0466,7869.3486
2020-07-02,7869.3482,7884.4636,7630.5161,7742.3745
2020-07-03,7778.6529,8008.4146,7703.0727,8008.4146
2020-07-06,7990.2744,8077.9471,7981.2049,8071.9004
2020-07-07,8283.5243,8552.5880,8256.3156,8343.9883
2020-07-08,8395.3833,8495.1483,8292.5944,8347.0117
2020-07-09,8359.1024,8531.4239,8359.1024,8404.4502
2020-07-10,8510.2625,8510.2625,8356.0801,8356.0801
2020-07-13,8464.9153,8473.9849,8226.0841,8359.1045
2020-07-14,8229.1072,8340.9656,8162.5974,8319.8027
2020-07-15,8413.5210,8431.6601,8244.2225,8334.9180
2020-07-16,8162.5975,8183.7595,8014.4618,8126.3193
2020-07-17,8180.7364,8301.6635,8099.1104,8117.2495
2020-07-20,8262.3624,8277.4786,8111.2029,8201.8984
2020-07-21,8319.8005,8404.4502,8268.4069,8404.4502
2020-07-22,8241.1987,8356.0791,8102.1317,8289.5693
2020-07-27,8090.0400,8123.2954,7996.3216,8105.1562
2020-07-28,8177.7124,8247.2450,8093.0627,8177.7124
2020-07-29,8117.2503,8156.5514,7923.7668,7996.3232
2020-07-30,8038.6458,8074.9240,7944.9274,7984.2285
2020-07-31,7869.3481,7920.7417,7609.3540,7609.3540
2020-08-03,7518.6590,7742.3750,7515.6361,7694.0034
2020-08-04,7784.6989,7860.2791,7715.1662,7787.7227
2020-08-05,7781.6759,7781.6759,7615.4011,7657.7251
2020-08-06,7642.6099,7642.6099,7434.0102,7530.7515
2020-08-07,7494.4737,7494.4737,7285.8745,7382.6162
2020-08-11,7316.1058,7576.0995,7252.6190,7573.0767
2020-08-12,7542.8445,7618.4238,7488.4272,7618.4238
2020-08-13,7784.6998,7969.1147,7778.6540,7902.6040
2020-08-14,7929.8095,7953.9953,7848.1836,7911.6704
2020-08-17,7863.3025,7899.5807,7790.7461,7790.7461
2020-08-18,7920.7417,7984.2286,7839.1157,7935.8579
2020-08-19,7932.8371,7932.8371,7760.5156,7824.0024
2020-08-20,7672.8415,7769.5836,7497.4971,7497.4971
2020-08-21,7564.0062,7636.5626,7539.8204,7591.2148
2020-08-24,7503.5422,7718.1885,7473.3106,7669.8179
2020-08-25,7727.2587,7766.5598,7600.2850,7612.3774
2020-08-26,7560.9834,7645.6323,7518.6585,7642.6094
2020-08-27,7639.5855,7703.0724,7597.2616,7609.3540
2020-08-28,7500.5196,7585.1684,7358.4301,7437.0327
2020-08-31,7551.9147,7612.3778,7476.3345,7476.3345
2020-09-01,7500.5198,7633.5402,7446.1024,7557.9600
2020-09-02,7642.6094,7727.2582,7612.3770,7709.1191
2020-09-03,7860.2797,7899.5808,7718.1898,7730.2822
2020-09-04,7488.4278,7536.7985,7421.9176,7427.9639
2020-09-07,7349.3608,7373.5462,7125.6449,7137.7378
2020-09-08,7246.5723,7364.4765,7071.2274,7328.1982
2020-09-09,7044.0184,7243.5485,7044.0184,7216.3398
2020-09-10,7258.6661,7367.5008,7167.9706,7198.2021
2020-09-11,7291.9196,7313.0821,7149.8301,7201.2241
2020-09-14,7237.5022,7361.4526,7183.0849,7343.3135
2020-09-15,7331.2222,7461.2192,7325.1755,7397.7319
2020-09-16,7409.8243,7536.7980,7385.6389,7524.7056
2020-09-17,7539.8216,7706.0973,7500.5205,7648.6562
2020-09-18,7582.1451,7630.5158,7512.6116,7603.3071
2020-09-23,7754.4676,7787.7229,7609.3547,7763.5371
2020-09-24,7709.1191,7845.1624,7700.0495,7757.4897
2020-09-25,7769.5842,7851.2101,7697.0277,7712.1431
2020-09-28,7836.0930,7890.5103,7588.1922,7697.0269
2020-09-29,7586.4804,7744.4053,7562.1840,7686.7021
2020-09-30,7659.3682,7786.9231,7635.0717,7717.0713
2020-10-02,7799.0716,7868.9234,7707.9609,7747.4419
2020-10-05,7756.5525,7802.1078,7653.2941,7668.4795
2020-10-06,7729.2189,7805.1450,7707.9601,7802.1074
2020-10-07,7944.8481,8199.9579,7893.2185,8163.5137
2020-10-08,8212.1059,8473.2900,8212.1059,8473.2900
2020-10-09,8549.2149,8561.3636,8394.3268,8427.7344
2020-10-12,8485.4375,8564.4004,8376.1048,8406.4756
2020-10-13,8485.4382,8619.0674,8461.1426,8597.8086
2020-10-14,8622.1025,8649.4357,8549.2140,8564.3994
2020-10-15,8555.2892,8567.4370,8470.2529,8470.2529
2020-10-16,8436.8458,8515.8086,8385.2161,8415.5869
2020-10-19,8445.9556,8546.1773,8445.9556,8521.8809
2020-10-20,8567.4375,8804.3252,8564.4008,8804.3252
2020-10-21,8886.3232,8925.8051,8786.1015,8828.6201
2020-10-22,8792.1775,8895.4359,8764.8443,8862.0293
2020-10-23,8716.2498,8728.3976,8433.8069,8442.9180
2020-10-26,8427.7343,8640.3255,8421.6600,8527.9561
2020-10-27,8473.2892,8573.5109,8345.7343,8546.1777
2020-10-28,8527.9554,8658.5471,8512.7700,8631.2139
2020-10-29,8558.3251,8694.9910,8527.9551,8664.6211
2020-10-30,8655.5108,8789.1400,8512.7705,8512.7705
2020-11-02,8588.6975,8625.1418,8470.2537,8518.8457
2020-11-04,8585.6598,8661.5860,8506.6979,8561.3643
2020-11-05,8631.2154,8764.8447,8567.4379,8728.4004
2020-11-06,8728.4003,8752.6968,8606.9198,8749.6592
2020-11-09,8786.1024,9029.0644,8758.7692,8971.3613
2020-11-10,8898.4730,8947.0651,8688.9186,8722.3252
2020-11-11,8688.9189,8855.9547,8673.7334,8810.3994
2020-11-12,8871.1408,8977.4360,8858.9921,8959.2139
2020-11-13,8862.0284,9010.8421,8828.6208,8977.4346
2020-11-16,9050.3219,9278.0984,9007.8042,9247.7285
2020-11-17,9171.8045,9262.9152,9068.5452,9156.6191
2020-11-18,9059.4359,9171.8063,9044.2514,9104.9912
2020-11-19,9071.5828,9156.6191,8983.5089,9156.6191
2020-11-20,9089.8049,9293.2850,9077.6562,9278.0996
2020-11-24,9566.6187,9809.5807,9566.6187,9764.0254
2020-11-25,9824.7640,9870.3193,9688.0980,9733.6533
2020-11-26,9839.9488,9976.6147,9809.5789,9915.8740
2020-11-27,9900.6881,10052.5385,9839.9473,9976.6133
2020-11-30,10143.6510,10234.7617,10022.1705,10098.0957
2020-12-01,10158.8362,10204.3915,10037.3557,10067.7256
2020-12-02,10052.5407,10052.5407,9870.3194,10006.9854
2020-12-03,9900.6897,10082.9110,9900.6897,10067.7256
2020-12-04,10113.2792,10113.2792,9824.7619,9976.6133
2020-12-07,9976.6147,10022.1700,9764.0235,9779.2080
2020-12-08,9657.7277,9976.6149,9596.9869,9931.0596
2020-12-09,9915.8742,10098.0955,9915.8742,10067.7256
2020-12-10,9991.8004,9991.8004,9809.5792,9946.2451
2020-12-11,9991.8002,10082.9108,9961.4294,10052.5400
2020-12-14,10401.7983,10432.1682,10204.3916,10204.3916
2020-12-15,10386.6128,10508.0933,10219.5769,10447.3535
2020-12-16,10568.8342,10568.8342,10189.2062,10204.3916
2020-12-17,10249.9473,10401.7987,10219.5774,10386.6133
2020-12-18,10249.9471,10371.4276,10022.1705,10098.0957
2020-12-21,10098.0957,10143.6510,10037.3559,10098.0957
2020-12-22,10006.9854,10128.4668,9946.2455,10006.9854
2020-12-23,9931.0613,10158.8379,9900.6913,10158.8379
2020-12-24,10098.0960,10143.6514,10052.5407,10143.6514
2020-12-25,10204.3915,10204.3915,10052.5402,10067.7256
2020-12-28,10052.5407,10280.3173,9991.8009,10265.1328
2020-12-29,10234.7609,10508.0928,10219.5764,10508.0928
2020-12-30,10568.8338,10599.2038,10416.9825,10553.6484
2021-01-04,10599.2040,10629.5748,10401.7982,10447.3535
2021-01-05,10508.0925,10796.6098,10462.5372,10720.6846
2021-01-06,10751.0555,10811.7962,10553.6488,10599.2041
2021-01-07,10675.1317,10857.3530,10659.9463,10796.6123
2021-01-08,10948.4620,11115.4978,10887.7212,10963.6465
2021-01-12,11085.1282,11282.5340,11039.5729,11252.1641
2021-01-13,11586.2365,11616.6064,11373.6444,11616.6064
2021-01-14,11525.4945,11738.0857,11115.4967,11312.9033
2021-01-15,11631.7921,11829.1979,11358.4602,11525.4961
2021-01-18,11373.6447,11479.9407,11267.3495,11388.8301
2021-01-19,11525.4962,11571.0516,11358.4604,11419.2002
2021-01-20,11586.2371,11586.2371,11388.8304,11434.3857
2021-01-21,11419.1994,11419.1994,11054.7569,11191.4229
2021-01-22,11252.1637,11312.9044,11145.8677,11206.6084
2021-01-25,11373.6459,11388.8314,11206.6101,11297.7207
2021-01-26,11221.7945,11495.1265,11206.6091,11434.3857
2021-01-27,11145.8678,11191.4231,10720.6854,10963.6465
2021-01-28,10629.5753,10902.9072,10599.2044,10644.7598
2021-01-29,10781.4264,10842.1672,10341.0586,10341.0586
2021-02-01,10295.5023,10644.7594,10234.7615,10599.2041
2021-02-02,10781.4269,10811.7977,10568.8357,10796.6123
2021-02-03,10933.2782,10933.2782,10508.0949,10659.9463
2021-02-04,10553.6488,10553.6488,10158.8363,10204.3916
2021-02-05,10356.2441,10356.2441,10067.7267,10219.5781
2021-02-08,10082.9099,10341.0564,9915.8732,10310.6865
2021-02-09,10523.2786,10690.3145,10401.7980,10690.3145
2021-02-10,10659.9454,10690.3153,10401.7989,10416.9834
2021-02-12,10659.9443,10690.3142,10462.5376,10523.2783
2021-02-15,10720.6871,10811.7977,10659.9463,10796.6123
2021-02-16,10857.3516,10963.6467,10659.9449,10735.8701
2021-02-17,10675.1323,10675.1323,10265.1344,10614.3916
2021-02-18,10477.7236,10584.0197,10416.9829,10477.7236
2021-02-19,10280.3189,10614.3916,10249.9490,10614.3916
2021-02-22,10614.3880,10781.4238,10492.9074,10781.4238
2021-02-24,10568.8344,10614.3897,10356.2432,10492.9092
2021-02-25,10584.0195,10735.8700,10538.4642,10584.0195
2021-02-26,10295.5027,10341.0581,10067.7261,10143.6514
2021-03-01,10356.2427,10720.6852,10280.3165,10553.6484
2021-03-02,10599.2047,10690.3153,10310.6882,10416.9834
2021-03-03,10416.9830,10462.5383,10128.4666,10234.7617
2021-03-04,10022.1708,10189.2066,9915.8747,10006.9854
2021-03-05,9718.4668,9991.7987,9642.5407,9976.6133
2021-03-08,10143.6493,10158.8347,9733.6515,9748.8369
2021-03-09,9596.9873,9809.5794,9399.5815,9718.4688
2021-03-10,10143.6506,10249.9467,9855.1342,9915.8740
2021-03-11,9809.5774,10022.1686,9733.6513,9976.6133
2021-03-12,10158.8368,10432.1687,10098.0961,10401.7988
2021-03-15,10295.5008,10386.6115,10158.8349,10280.3154
2021-03-16,10371.4274,10644.7594,10371.4274,10584.0195
2021-03-17,10614.3905,10675.1313,10219.5780,10341.0586
2021-03-18,10553.6509,10735.8722,10477.7256,10614.3916
2021-03-19,10325.8728,10447.3542,10280.3174,10416.9834
2021-03-22,10371.4280,10386.6134,10234.7620,10265.1328
2021-03-23,10538.4642,10629.5748,10310.6876,10325.8721
2021-03-24,10265.1322,10629.5748,10249.9468,10325.8721
2021-03-25,10371.4284,10477.7245,10189.2071,10462.5391
2021-03-26,10447.3533,10568.8338,10386.6126,10553.6484
2021-03-29,10766.2407,10842.1660,10629.5748,10705.5000
2021-03-30,10816.9098,10909.4939,10678.0336,10878.6328
2021-03-31,10878.6323,10878.6323,10724.3252,10724.3252
2021-04-01,10971.2173,11295.2617,10955.7863,11295.2617
2021-04-02,11464.9971,11526.7202,11310.6909,11418.7051
2021-04-05,11573.0133,11727.3204,11495.8602,11634.7363
2021-04-06,11665.5967,11665.5967,11356.9833,11403.2754
2021-04-07,11264.3991,11573.0124,11233.5371,11542.1514
2021-04-08,11588.4451,11727.3213,11495.8610,11727.3213
2021-04-09,11665.5973,11819.9045,11619.3053,11681.0283
2021-04-12,11773.6131,11773.6131,11542.1528,11650.1670
2021-04-13,11603.8744,11696.4585,11480.4292,11634.7363
2021-04-14,11681.0284,11696.4585,11573.0133,11634.7363
2021-04-15,11511.2908,11696.4590,11418.7067,11650.1670
2021-04-16,11819.9043,11819.9043,11511.2900,11511.2900
2021-04-19,11511.2908,11665.5980,11495.8607,11650.1670
2021-04-20,11480.4283,11650.1655,11464.9973,11542.1514
2021-04-21,11341.5536,11418.7067,11187.2464,11218.1084
2021-04-22,11542.1522,11650.1664,11434.1371,11634.7363
2021-04-23,11326.1211,11619.3044,11171.8149,11588.4434
2021-04-26,11634.7374,11835.3357,11542.1533,11758.1826
2021-04-27,11773.6123,11789.0424,11480.4290,11511.2900
2021-04-28,11480.4298,11526.7219,11326.1227,11387.8457
2021-04-30,11310.6932,11356.9853,10847.7727,10924.9258
2021-05-06,10971.2176,10986.6486,10647.1732,10847.7725
2021-05-07,10863.2015,11079.2317,10708.8953,10894.0635
2021-05-10,10832.3418,10894.0648,10786.0497,10832.3418
2021-05-11,10616.3115,10662.6036,10307.6972,10353.9893
2021-05-12,10446.5736,10492.8656,9891.0689,9999.0840
2021-05-13,9705.9005,9752.1926,9567.0244,9613.3164
2021-05-14,9752.1922,9952.7914,9721.3311,9891.0684
2021-05-17,10107.0989,10122.5289,9597.8863,9659.6084
2021-05-18,9736.7627,9798.4848,9644.1786,9736.7627
2021-05-19,9613.3169,9644.1788,9474.4407,9551.5947
2021-05-20,9567.0249,9829.3471,9567.0249,9721.3320
2021-05-21,9999.0838,9999.0838,9597.8863,9613.3164
2021-05-24,9705.9010,9844.7772,9659.6089,9767.6240
2021-05-25,9952.7909,10045.3750,9829.3457,10045.3750
2021-05-26,10168.8214,10184.2524,10029.9452,10076.2373
2021-05-27,10168.8221,10353.9903,10107.0999,10307.6982
2021-05-28,10508.2971,10523.7281,10307.6979,10369.4209
2021-05-31,10369.4209,10477.4360,10307.6979,10369.4209
2021-06-01,10400.2813,10431.1433,10261.4051,10353.9893
2021-06-02,10353.9898,10369.4208,10199.6835,10245.9756
2021-06-03,10338.5598,10647.1732,10292.2677,10631.7422
2021-06-04,10508.2962,10585.4493,10415.7121,10492.8652
2021-06-07,10708.8951,10770.6172,10462.0038,10508.2959
2021-06-08,10508.2969,10554.5890,10245.9756,10245.9756
2021-06-09,10215.1139,10276.8370,10029.9457,10230.5449
2021-06-10,10261.4048,10431.1429,10230.5437,10415.7119
2021-06-11,10431.1422,10508.2953,10353.9882,10446.5723
2021-06-14,10492.8653,10770.6176,10415.7121,10755.1875
2021-06-15,10801.4807,10863.2029,10708.8966,10832.3418
2021-06-16,10616.3107,10755.1868,10600.8797,10739.7559
2021-06-17,10631.7425,10724.3266,10554.5893,10708.8965
2021-06-18,10801.4801,10894.0643,10739.7571,10770.6182
2021-06-21,10554.5889,10755.1881,10523.7278,10554.5889
2021-06-22,10631.7411,10770.6172,10570.0190,10724.3252
2021-06-23,10724.3249,10770.6169,10600.8797,10739.7559
2021-06-24,10847.7709,10847.7709,10662.6027,10739.7559
2021-06-25,10770.6172,10847.7713,10662.6031,10724.3252
2021-06-28,10631.7427,10678.0348,10462.0055,10523.7285
2021-06-29,10647.1715,10647.1715,10384.8502,10400.2803
2021-06-30,10462.0055,10600.8817,10369.4214,10477.4365
2021-07-01,10446.5727,10647.1719,10415.7117,10600.8799
2021-07-02,10508.2954,10508.2954,10230.5431,10400.2803
2021-07-05,10462.0048,10554.5889,10400.2817,10554.5889
2021-07-06,10554.5889,10600.8809,10492.8658,10554.5889
2021-07-07,10446.5730,10508.2960,10384.8508,10415.7119
2021-07-08,10369.4199,10415.7120,10137.9596,10153.3906
2021-07-09,9968.2231,10091.6683,9844.7770,10076.2373
2021-07-12,10292.2672,10292.2672,10168.8212,10261.4053
2021-07-13,10199.6821,10215.1122,10029.9440,10045.3750
2021-07-14,10060.8077,10215.1140,9999.0847,10184.2529
2021-07-15,10029.9452,10168.8214,10029.9452,10076.2373
2021-07-16,9783.0555,9968.2237,9721.3324,9921.9316
2021-07-19,9721.3299,9813.9140,9567.0228,9597.8848
2021-07-20,9443.5797,9675.0400,9443.5797,9505.3027
2021-07-21,9798.4842,9813.9152,9397.2867,9459.0098
2021-07-26,9675.0392,9721.3312,9520.7320,9582.4551
2021-07-27,9567.0254,9628.7484,9489.8723,9567.0254
2021-07-28,9520.7319,9551.5939,9397.2867,9459.0098
2021-07-29,9551.5936,9690.4697,9489.8705,9690.4697
2021-07-30,9690.4704,9767.6236,9597.8863,9613.3164
2021-08-02,9767.6241,9783.0551,9659.6090,9721.3320
2021-08-03,9798.4853,9891.0694,9736.7631,9844.7773
2021-08-04,9952.7913,9999.0833,9875.6382,9983.6523
2021-08-05,10060.8061,10215.1123,10045.3751,10215.1123
2021-08-06,10184.2510,10184.2510,10045.3749,10137.9590
2021-08-10,10184.2509,10307.6960,10107.0977,10276.8350
2021-08-11,10230.5445,10261.4055,9999.0842,10076.2373
2021-08-12,10014.5138,10014.5138,9844.7757,9875.6377
2021-08-13,9829.3465,9875.6386,9628.7473,9659.6084
2021-08-16,9582.4570,9644.1800,9536.1649,9628.7490
2021-08-17,9875.6391,9906.5002,9551.5947,9551.5947
2021-08-18,9551.5953,9891.0698,9551.5953,9829.3477
2021-08-19,9721.3320,9798.4851,9551.5947,9551.5947
2021-08-20,9721.3304,9767.6224,9459.0091,9489.8701
2021-08-23,9597.8874,9659.6095,9505.3032,9567.0254
2021-08-24,9690.4713,9752.1934,9644.1792,9705.9014
2021-08-25,9690.4689,9767.6220,9551.5927,9597.8848
2021-08-26,9644.1790,9783.0551,9613.3170,9675.0400
2021-08-27,9736.7624,9783.0545,9613.3163,9659.6084
2021-08-30,9813.9167,9875.6397,9736.7635,9829.3477
2021-08-31,9721.3311,9891.0684,9721.3311,9891.0684
2021-09-01,9798.4849,9952.7921,9798.4849,9906.5000
2021-09-02,10029.9457,10060.8077,9937.3616,10014.5156
2021-09-03,10060.8057,10353.9881,10045.3747,10276.8350
2021-09-06,10431.1446,10462.0057,10353.9906,10384.8525
2021-09-07,10462.0044,10508.2964,10292.2671,10353.9893
2021-09-08,10431.1435,10693.4648,10384.8514,10693.4648
2021-09-09,10570.0207,10786.0500,10554.5897,10647.1738
2021-09-10,10739.7571,11048.3705,10693.4650,11032.9404
2021-09-13,11079.2311,11187.2453,10940.3550,11048.3691
2021-09-14,11140.9544,11295.2615,11125.5243,11218.1084
2021-09-15,11140.9544,11279.8306,11110.0934,11171.8164
2021-09-16,10739.7580,10832.3422,10307.6985,10384.8525
2021-09-17,10554.5885,10693.4647,10477.4354,10570.0195
2021-09-21,10137.9590,10477.4343,10137.9590,10400.2803
2021-09-22,10353.9901,10415.7132,10215.1139,10230.5449
2021-09-24,10554.5895,10554.5895,10307.6982,10307.6982
2021-09-27,10261.4057,10353.9898,10184.2525,10245.9756
2021-09-28,10215.1136,10307.6977,10153.3915,10245.9756
2021-09-29,9873.0935,9919.6647,9779.9511,9904.1406
2021-09-30,9888.6195,9888.6195,9609.1923,9733.3818
2021-10-01,9531.5724,9779.9525,9531.5724,9624.7148
2021-10-04,9562.6208,9640.2392,9171.4227,9208.6797
2021-10-05,9053.4408,9068.9648,8711.9184,8941.6699
2021-10-06,9236.6213,9407.3821,8913.7274,8947.8799
2021-10-07,9103.1170,9230.4119,9013.0799,9093.8027
2021-10-08,9360.8117,9391.8589,9199.3652,9242.8311
2021-10-11,9159.0034,9214.8889,8963.4044,9137.2705
2021-10-12,9112.4306,9233.5157,8947.8796,8982.0312
2021-10-13,8848.5285,8972.7181,8823.6903,8857.8428
2021-10-14,9006.8706,9093.8032,8944.7754,9028.6035
2021-10-15,9190.0507,9376.3355,9177.6311,9314.2402
2021-10-18,9485.0000,9562.6193,9360.8104,9485.0000
2021-10-19,9655.7624,9795.4760,9578.1431,9686.8096
2021-10-20,9764.4287,9795.4767,9516.0495,9547.0967
2021-10-21,9547.0959,9578.1431,9314.2399,9345.2871
2021-10-22,9655.7629,9779.9525,9422.9069,9624.7148
2021-10-25,9438.4283,9717.8555,9422.9052,9717.8555
2021-10-26,9795.4765,9842.0477,9593.6677,9624.7148
2021-10-27,9531.5711,9547.0951,9329.7632,9438.4287
2021-10-28,9469.4785,9640.2393,9453.9544,9640.2393
2021-10-29,9547.0946,9609.1899,9453.9522,9500.5234
2021-11-01,9717.8575,9764.4287,9547.0967,9764.4287
2021-11-02,9686.8100,9779.9524,9686.8100,9748.9053
2021-11-04,9966.2359,9966.2359,9810.9982,9904.1406
2021-11-05,9981.7607,10059.3791,9919.6655,9981.7607
2021-11-08,10059.3781,10168.0445,9950.7117,10152.5205
2021-11-09,10230.1397,10369.8533,10183.5685,10276.7109
2021-11-10,10245.6634,10338.8058,10183.5681,10214.6162
2021-11-11,10012.8078,10292.2350,9966.2366,10276.7109
2021-11-12,10369.8537,10540.6154,10354.3306,10462.9961
2021-11-15,10556.1388,10711.3765,10556.1388,10649.2812
2021-11-16,10602.7095,10726.8999,10525.0911,10664.8047
2021-11-17,10618.2339,10695.8523,10525.0915,10556.1387
2021-11-18,10509.5683,10509.5683,10245.6651,10292.2363
2021-11-19,10369.8537,10494.0442,10338.8065,10462.9961
2021-11-22,10369.8533,10400.9014,10245.6638,10276.7109
2021-11-24,10059.3798,10136.9982,9919.6662,10012.8086
2021-11-25,10074.9025,10121.4737,9966.2360,9997.2832
2021-11-26,9950.7123,9981.7604,9686.8092,9795.4756
2021-11-29,9717.8562,10012.8074,9671.2850,9919.6650
2021-11-30,10214.6180,10478.5212,10121.4756,10121.4756
2021-12-01,10105.9517,10152.5229,9873.0957,10043.8564
2021-12-02,9997.2853,10183.5701,9966.2382,10090.4277
2021-12-03,10090.4275,10136.9987,9888.6196,10121.4756
2021-12-06,10121.4757,10230.1412,10074.9045,10168.0469
2021-12-07,10074.9052,10261.1901,9950.7147,10245.6660
2021-12-08,10447.4741,10462.9972,10105.9516,10168.0469
2021-12-09,10183.5685,10354.3302,10090.4261,10276.7109
2021-12-10,10183.5692,10338.8068,10168.0461,10261.1885
2021-12-13,10307.7590,10338.8062,10230.1397,10276.7109
2021-12-14,10323.2835,10323.2835,10090.4275,10121.4756
2021-12-15,10090.4253,10261.1869,10090.4253,10152.5205
2021-12-16,10307.7601,10354.3313,10183.5696,10323.2832
2021-12-17,10230.1404,10307.7597,10183.5692,10261.1885
2021-12-20,10323.2817,10369.8529,10199.0922,10214.6162
2021-12-21,10385.3786,10587.1875,10323.2834,10587.1875
2021-12-22,10618.2330,10664.8042,10416.4242,10602.7090
2021-12-23,10680.3287,10695.8519,10602.7095,10664.8047
2021-12-24,10711.3764,10788.9948,10695.8524,10773.4717
2021-12-27,10866.6148,10897.6619,10804.5195,10804.5195
2021-12-28,10866.6124,10913.1836,10820.0412,10913.1836
2021-12-29,10928.7067,10975.2779,10835.5643,10913.1836
2021-12-30,10866.6124,10990.8019,10835.5643,10913.1836
2022-01-04,11021.8512,11192.6129,10975.2800,11177.0889
2022-01-05,11083.9451,11083.9451,10975.2787,10990.8027
2022-01-06,10695.8513,10835.5649,10633.7570,10726.8994
2022-01-07,11099.4688,11192.6112,10866.6128,10975.2783
2022-01-11,10913.1853,10928.7084,10664.8052,10773.4717
2022-01-12,10928.7071,11161.5631,10866.6128,11099.4688
2022-01-13,10897.6607,11006.3271,10835.5654,10835.5654
2022-01-14,10804.5172,10913.1836,10726.8988,10913.1836
2022-01-17,11052.8995,11052.8995,10866.6147,10928.7090
2022-01-18,10928.7088,11099.4704,10866.6144,10959.7568
2022-01-19,10757.9482,10820.0434,10525.0922,10540.6162
2022-01-20,10400.9025,10447.4737,10245.6648,10323.2832
2022-01-21,10105.9502,10121.4742,9873.0942,9935.1895
2022-01-24,9764.4292,10043.8564,9671.2868,10043.8564
2022-01-25,10121.4758,10183.5702,9593.6685,9702.3350
2022-01-26,9888.6184,10105.9504,9609.1912,10028.3320
2022-01-27,10323.2847,10431.9511,9826.5254,9826.5254
2022-01-28,9966.2371,9981.7612,9531.5723,9531.5723
2022-01-31,9469.4750,9671.2829,9469.4750,9655.7598
2022-02-01,9981.7619,10136.9987,9904.1427,9950.7139
2022-02-02,9997.2851,10307.7604,9997.2851,10292.2363
2022-02-03,10230.1392,10276.7104,9935.1889,9997.2832
2022-02-04,9888.6181,10074.9029,9873.0941,10059.3789
2022-02-07,10028.3326,10121.4750,9935.1902,10012.8086
2022-02-08,9997.2832,10074.9025,9981.7601,9997.2832
2022-02-09,10152.5216,10369.8535,10152.5216,10369.8535
2022-02-10,10556.1383,10664.8047,10494.0439,10664.8047
2022-02-14,10245.6640,10447.4729,10245.6640,10416.4248
2022-02-15,10494.0450,10540.6162,10183.5697,10199.0938
2022-02-16,10431.9482,10447.4723,10292.2346,10431.9482
2022-02-17,10556.1384,10928.7080,10540.6153,10757.9473
2022-02-18,10540.6155,10587.1867,10400.9019,10509.5674
2022-02-21,10292.2362,10556.1393,10230.1409,10540.6162
2022-02-22,10323.2816,10400.9008,9966.2360,9997.2832
2022-02-24,9826.5220,9826.5220,9314.2389,9422.9053
2022-02-25,9702.3349,10074.9045,9655.7637,10043.8564
2022-02-28,9686.8095,10059.3791,9686.8095,9981.7607
2022-03-01,10121.4744,10136.9976,9997.2840,10028.3320
2022-03-02,9810.9996,9888.6189,9671.2860,9748.9053
2022-03-03,9873.0935,10012.8071,9857.5694,9904.1406
2022-03-04,9686.8100,9702.3341,9376.3356,9407.3828
2022-03-07,9127.9560,9242.8313,8820.5860,8954.0898
2022-03-08,8733.6541,9205.5750,8733.6541,9025.5000
2022-03-09,9140.3750,9345.2883,9006.8712,9183.8418
2022-03-10,9500.5251,9593.6675,9407.3827,9531.5723
2022-03-11,9258.3541,9376.3347,8919.9370,9112.4307
2022-03-14,9090.6976,9255.2494,9009.9738,9059.6504
2022-03-15,8904.4142,9177.6316,8873.3670,9081.3848
2022-03-16,9174.5266,9360.8114,9100.0127,9314.2402
2022-03-17,9733.3800,9842.0464,9593.6664,9779.9512
2022-03-18,9873.0935,9904.1406,9795.4751,9904.1406
2022-03-22,9950.7126,9997.2838,9810.9990,9935.1895
2022-03-23,10152.5214,10447.4727,10136.9974,10447.4727
2022-03-24,10168.0458,10509.5674,10136.9978,10509.5674
2022-03-25,10711.3765,10788.9949,10571.6629,10649.2812
2022-03-28,10587.1866,10649.2809,10431.9489,10462.9961
2022-03-29,10618.2335,10788.9942,10618.2335,10664.8047
2022-03-30,10904.7094,10936.3170,10746.6698,10778.2783
2022-03-31,10809.8865,11062.7497,10746.6705,10873.1025
2022-04-01,10620.2371,10699.2564,10478.0018,10541.2178
2022-04-04,10430.5921,10509.6115,10304.1610,10478.0039
2022-04-05,10651.8446,10730.8649,10493.8060,10541.2178
2022-04-06,10240.9431,10272.5507,10130.3154,10161.9238
2022-04-07,9798.4328,9909.0606,9561.3740,9592.9824
2022-04-08,9782.6292,9798.4325,9513.9618,9545.5703
2022-04-11,9498.1602,9608.7870,9403.3366,9498.1602
2022-04-12,9403.3366,9545.5719,9349.6029,9498.1602
2022-04-13,9469.7127,9672.0026,9469.7127,9624.5908
2022-04-14,9735.2188,9735.2188,9608.7867,9735.2188
2022-04-15,9476.0330,9608.7860,9422.3003,9447.5859
2022-04-18,9513.9635,9545.5719,9406.4971,9498.1602
2022-04-19,9640.3953,9766.8264,9608.7868,9703.6104
2022-04-20,9830.0426,9861.6502,9457.0693,9498.1602
2022-04-21,9592.9819,9924.8643,9577.1777,9893.2559
2022-04-22,9988.0807,10398.9834,9909.0614,10256.7480
2022-04-25,9924.8651,10177.7273,9877.4533,9956.4727
2022-04-26,10240.9447,10304.1607,10098.7093,10146.1211
2022-04-27,9940.6699,10146.1212,9814.2387,10114.5137
2022-04-28,10082.9051,10146.1211,9956.4740,10146.1211
2022-05-02,10146.1207,10146.1207,9719.4147,9814.2383
2022-05-06,9798.4339,9988.0811,9656.1986,9988.0811
2022-05-09,9814.2378,9924.8656,9798.4336,9798.4336
2022-05-10,9782.6301,9909.0612,9592.9830,9861.6494
2022-05-11,9766.8273,10067.1022,9766.8273,10019.6904
2022-05-12,9814.2380,10035.4926,9766.8262,9909.0615
2022-05-13,10051.2955,10225.1383,10003.8837,10177.7266
2022-05-16,10288.3566,10367.3760,10114.5138,10225.1406
2022-05-17,10288.3557,10367.3750,10177.7279,10367.3750
2022-05-18,10588.6306,10778.2777,10557.0221,10651.8457
2022-05-19,10225.1402,10509.6109,10225.1402,10493.8076
2022-05-20,10541.2178,10541.2178,10383.1782,10541.2178
2022-05-23,10730.8663,10730.8663,10509.6107,10557.0225
2022-05-24,10493.8078,10557.0229,10398.9843,10430.5918
2022-05-25,10525.4147,10699.2576,10398.9836,10620.2383
2022-05-26,10525.4157,10683.4553,10462.1997,10478.0039
2022-05-27,10762.4725,10888.9036,10730.8650,10794.0801
2022-05-30,11015.3380,11141.7691,10936.3177,11125.9648
2022-05-31,11110.1607,11220.7875,11015.3371,11094.3564
2022-06-01,10999.5332,11062.7492,10967.9257,10999.5332
2022-06-02,11046.9443,11078.5519,10952.1208,11046.9443
2022-06-03,11204.9825,11315.6093,11141.7665,11173.3740
2022-06-06,10999.5322,11157.5718,10999.5322,11141.7676
2022-06-07,11046.9432,11189.1785,10999.5314,11110.1592
2022-06-08,11189.1792,11220.7868,11015.3363,11031.1396
2022-06-09,10778.2790,10967.9261,10730.8672,10873.1025
2022-06-10,10715.0602,10746.6677,10509.6089,10525.4131
2022-06-13,10209.3368,10272.5519,10035.4930,10098.7090
2022-06-14,9924.8661,10177.7283,9877.4543,10098.7090
2022-06-15,10035.4931,10146.1209,9988.0813,10067.1016
2022-06-16,10335.7667,10430.5902,10146.1196,10161.9238
2022-06-17,9735.2198,9924.8669,9640.3962,9845.8467
2022-06-20,9877.4538,9877.4538,9349.6023,9412.8184
2022-06-21,9434.9429,9672.0017,9327.4765,9592.9824
2022-06-22,9814.2367,9814.2367,9441.2644,9453.9072
2022-06-23,9419.1401,9719.4150,9412.8192,9577.1797
2022-06-24,10019.6892,10256.7480,9845.8454,10256.7480
2022-06-27,10335.7668,10478.0021,10161.9240,10414.7861
2022-06-28,10304.1600,10651.8457,10288.3557,10651.8457
2022-06-29,10509.6110,10588.6313,10335.7681,10462.1992
2022-06-30,10557.0207,10572.8250,10114.5115,10177.7266
2022-07-01,10272.5497,10430.5893,9624.5892,9672.0010
2022-07-04,9450.7473,9640.3944,9355.9237,9529.7666
2022-07-05,9577.1802,9687.8080,9457.0700,9460.2314
2022-07-06,9460.2287,9735.2170,9457.0673,9672.0010
2022-07-07,9450.7479,9656.1984,9422.3009,9624.5908
2022-07-08,9845.8457,9909.0617,9703.6104,9703.6104
2022-07-11,9830.0420,9845.8453,9592.9831,9687.8066
2022-07-12,9687.8060,9703.6093,9482.3546,9592.9824
2022-07-13,9672.0021,9751.0215,9545.5710,9608.7861
2022-07-14,9592.9830,9893.2570,9561.3745,9861.6494
2022-07-15,9861.6504,9924.8664,9577.1797,9577.1797
2022-07-19,9719.4146,9845.8457,9624.5910,9703.6104
2022-07-20,9956.4744,10082.9055,9909.0626,10019.6904
2022-07-21,9940.6676,10003.8836,9845.8441,9893.2559
2022-07-22,10019.6882,10130.3151,9940.6680,10082.9033
2022-07-25,10019.6890,10051.2965,9861.6494,9861.6494
2022-07-26,9861.6492,9924.8652,9814.2375,9924.8652
2022-07-27,9861.6490,10177.7271,9861.6490,10161.9238
2022-07-28,10319.9643,10351.5728,10130.3172,10193.5332
2022-07-29,10146.1209,10351.5723,10130.3167,10209.3369
2022-08-01,10272.5504,10398.9824,10193.5311,10398.9824
2022-08-02,10383.1797,10383.1797,10193.5326,10240.9443
2022-08-03,9956.4737,10240.9443,9956.4737,10240.9443
2022-08-04,10367.3752,10651.8458,10367.3752,10620.2383
2022-08-05,10636.0423,10888.9045,10636.0423,10825.6895
2022-08-08,10794.0818,10936.3172,10683.4550,10715.0625
2022-08-09,10557.0218,10699.2571,10509.6100,10604.4336
2022-08-10,10398.9840,10462.1991,10288.3563,10351.5723
2022-08-12,10557.0230,10762.4744,10493.8080,10683.4551
2022-08-15,10825.6893,10888.9044,10794.0809,10857.2969
2022-08-16,10888.9051,11015.3371,10794.0815,10809.8857
2022-08-17,10857.2973,11046.9445,10809.8856,11015.3369
2022-08-18,10841.4928,10999.5323,10778.2777,10967.9248
2022-08-19,11141.7671,11347.2184,11094.3553,11299.8066
2022-08-22,11189.1800,11410.4347,11173.3758,11378.8271
2022-08-23,11268.1982,11363.0217,11236.5906,11299.8066
2022-08-24,11173.3761,11268.1997,10952.1214,10999.5332
2022-08-25,10999.5327,11062.7487,10904.7091,11015.3369
2022-08-26,11110.1602,11236.5913,11046.9442,11078.5518
2022-08-29,10651.8460,10762.4738,10636.0427,10699.2578
2022-08-30,10778.2777,10857.2970,10715.0617,10825.6895
2022-08-31,10683.4546,10809.8857,10651.8462,10809.8857
2022-09-01,10667.6510,10746.6704,10414.7879,10478.0039
2022-09-02,10541.2177,10572.8253,10319.9622,10398.9824
2022-09-05,10304.1607,10462.1993,10240.9447,10430.5918
2022-09-06,10525.4139,10715.0610,10478.0021,10588.6299
2022-09-07,10667.6496,10667.6496,10478.0025,10604.4336
2022-09-08,10794.0806,10952.1201,10699.2570,10952.1201
2022-09-09,10936.3161,11046.9439,10841.4925,11031.1396
2022-09-12,11125.9632,11173.3750,10999.5321,11031.1396
2022-09-13,11062.7472,11173.3740,11046.9429,11173.3740
2022-09-14,10715.0609,10983.7273,10715.0609,10904.7080
2022-09-15,10904.7108,10967.9268,10857.2990,10936.3184
2022-09-16,10794.0813,10936.3166,10667.6502,10730.8662
2022-09-20,10841.4933,10936.3168,10746.6697,10809.8857
2022-09-21,10778.2795,10841.4946,10541.2206,10572.8281
2022-09-22,10446.3944,10809.8843,10367.3741,10794.0801
2022-09-26,10572.8281,10683.4559,10462.2003,10572.8281
2022-09-27,10620.2391,10746.6702,10588.6315,10683.4551
2022-09-28,10683.4545,10888.9049,10509.6107,10699.2578
2022-09-29,10836.9517,10852.8887,10597.9013,10821.0156
2022-09-30,10661.6482,10661.6482,10087.9272,10199.4844
2022-10-03,10263.2299,10645.7105,10215.4198,10566.0273
2022-10-04,10948.5079,10948.5079,10741.3305,10789.1406
2022-10-05,10868.8252,10932.5713,10773.2050,10868.8252
2022-10-06,10868.8250,11235.3687,10868.8250,11187.5586
2022-10-07,10741.3302,10836.9504,10390.7236,10390.7236
2022-10-11,9944.4966,10040.1167,9848.8764,9928.5596
2022-10-12,9769.1919,9880.7481,9641.6977,9753.2549
2022-10-13,9785.1298,9976.3702,9721.3837,9880.7500
2022-10-14,10135.7369,10167.6100,9848.8764,9992.3066
2022-10-17,9769.1918,10056.0522,9753.2548,9976.3682
2022-10-18,10135.7363,10167.6094,9880.7489,10071.9893
2022-10-19,10040.1162,10119.7994,9992.3061,10103.8633
2022-10-20,10024.1802,10087.9273,9848.8769,9880.7500
2022-10-21,10103.8654,10693.5225,10008.2452,10661.6494
2022-10-24,10709.4594,11028.1930,10709.4594,10916.6367
2022-10-25,10821.0136,11076.0000,10789.1396,11012.2539
2022-10-26,10964.4443,10996.3174,10805.0771,10932.5703
2022-10-27,10932.5707,11171.6211,10884.7606,11171.6211
2022-10-28,11044.1279,11139.7481,10932.5707,11076.0010
2022-10-31,11330.9897,11410.6729,11187.5595,11378.7998
2022-11-01,11299.1152,11458.4815,11267.2412,11426.6084
2022-11-02,11426.6090,11506.2921,11235.3687,11251.3057
2022-11-04,11107.8749,11315.0513,11091.9379,11267.2412
2022-11-07,11362.8604,11410.6704,11219.4302,11394.7344
2022-11-08,11490.3558,11697.5322,11442.5458,11697.5322
2022-11-09,11920.6463,12526.2403,11777.2161,12271.2529
2022-11-10,12064.0762,12239.3795,11952.5191,11968.4561
2022-11-11,12589.9872,12924.6578,12542.1771,12749.3535
2022-11-14,12908.7216,13163.7090,12860.9115,13068.0889
2022-11-15,13036.2147,13418.6954,12876.8484,13323.0752
2022-11-16,13099.9619,13370.8854,12972.4687,13068.0889
2022-11-17,12621.8603,12860.9107,12462.4930,12813.1006
2022-11-18,13036.2160,13068.0900,12669.6723,12781.2295
2022-11-21,12844.9736,12956.5308,12781.2275,12908.7207
2022-11-22,12860.9107,12908.7207,12733.4174,12876.8477
2022-11-24,13163.7089,13386.8223,13131.8349,13323.0752
2022-11-25,13259.3296,13291.2027,13131.8354,13179.6455
2022-11-28,13195.5821,13211.5191,13004.3418,13099.9619
2022-11-29,12988.4058,12988.4058,12860.9125,12940.5957
2022-11-30,12749.3554,12956.5327,12526.2420,12940.5957
2022-12-01,13179.6451,13307.1393,12972.4687,13036.2148
2022-12-02,12876.8485,13211.5190,12844.9745,13131.8350
2022-12-05,13084.0261,13147.7732,12765.2925,12781.2295
2022-12-06,12685.6093,12924.6597,12653.7352,12844.9756
2022-12-07,12876.8472,12940.5933,12701.5430,12701.5430
2022-12-08,12829.0381,12860.9112,12637.7978,12733.4180
2022-12-09,13004.3417,13131.8350,12876.8485,13131.8350
2022-12-12,12972.4663,12988.4024,12908.7192,12956.5293
2022-12-13,13068.0874,13099.9605,12940.5933,13020.2773
2022-12-14,13131.8350,13179.6450,13020.2787,13131.8350
2022-12-15,13052.1504,13099.9605,12956.5303,13020.2773
2022-12-16,12685.6074,12765.2906,12589.9873,12685.6074
2022-12-19,12558.1137,12844.9742,12542.1777,12733.4180
2022-12-20,12765.2921,12860.9123,12430.6216,12478.4316
2022-12-21,12382.8102,12414.6832,12000.3295,12080.0127
2022-12-22,12191.5689,12319.0621,12143.7588,12143.7588
2022-12-23,11952.5195,12064.0767,11665.6591,11888.7725
2022-12-26,11856.8983,12207.5059,11856.8983,12143.7588
2022-12-27,12335.0001,12335.0001,11952.5195,12080.0127
2022-12-28,12016.2656,12223.4419,11952.5185,12207.5059
2022-12-29,12095.9511,12255.3184,12048.1410,12191.5713
2022-12-30,12175.6334,12287.1905,12032.2031,12032.2031
2023-01-04,11697.5337,11936.5841,11697.5337,11777.2178
2023-01-05,11888.7725,12032.2027,11840.9624,11888.7725
2023-01-06,11904.7099,12159.6973,11809.0897,12159.6973
2023-01-10,12478.4307,12478.4307,12223.4433,12319.0635
2023-01-11,12542.1772,12621.8604,12446.5571,12558.1133
2023-01-12,12765.2897,12829.0368,12223.4419,12303.1260
2023-01-13,12207.5072,12542.1777,12207.5072,12510.3037
2023-01-16,12446.5572,12605.9235,12271.2529,12271.2529
2023-01-17,12382.8095,12621.8599,12334.9995,12414.6826
2023-01-18,12462.4926,12749.3531,12382.8095,12605.9229
2023-01-19,12430.6216,12605.9249,12430.6216,12478.4316
2023-01-20,12414.6831,12494.3672,12350.9369,12462.4932
2023-01-23,12717.4805,12717.4805,12589.9872,12717.4805
2023-01-24,12876.8477,13099.9610,12829.0376,12876.8477
2023-01-25,12430.6201,12653.7335,12382.8100,12430.6201
2023-01-26,12542.1768,12781.2272,12319.0625,12446.5566
2023-01-27,12382.8101,12446.5571,12191.5697,12366.8730
2023-01-30,12398.7475,12558.1138,12303.1273,12510.3037
2023-01-31,12462.4922,12558.1124,12334.9990,12334.9990
2023-02-01,12462.4932,12589.9873,12446.5571,12526.2402
2023-02-02,12749.3554,12940.5957,12669.6722,12940.5957
2023-02-03,12940.5943,12972.4683,12781.2280,12860.9111
2023-02-06,12924.6558,12924.6558,12605.9214,12653.7314
2023-02-07,12701.5434,12876.8477,12621.8603,12876.8477
2023-02-08,13020.2763,13259.3267,13020.2763,13211.5166
2023-02-09,13004.3418,13068.0889,12924.6587,12972.4688
2023-02-10,12797.1640,13147.7716,12765.2910,12924.6582
2023-02-13,12844.9737,12956.5308,12733.4174,12749.3535
2023-02-14,12956.5307,13052.1509,12892.7837,13004.3408
2023-02-15,13099.9615,13147.7716,12844.9741,12892.7842
2023-02-16,13052.1513,13243.3916,13036.2143,13243.3916
2023-02-17,13020.2798,13099.9630,12844.9756,12844.9756
2023-02-20,12813.1006,12813.1006,12669.6704,12749.3535
2023-02-21,12813.1006,12829.0377,12589.9873,12685.6074
2023-02-22,12526.2397,12829.0371,12510.3027,12829.0371
2023-02-24,13227.4544,13896.7955,13195.5813,13785.2393
2023-02-27,13562.1266,13594.0006,13291.2031,13450.5703
2023-02-28,13482.4413,13705.5547,13450.5683,13609.9346
2023-03-01,13705.5546,13944.6050,13562.1244,13896.7949
2023-03-02,13928.6701,13928.6701,13386.8223,13386.8223
2023-03-03,13466.5049,13609.9352,13323.0747,13339.0117
2023-03-06,13609.9346,13817.1119,13593.9985,13737.4287
2023-03-07,13705.5562,13769.3032,13641.8100,13721.4932
2023-03-08,13657.7466,13833.0508,13625.8735,13705.5566
2023-03-09,13992.4150,14088.0352,13928.6689,14056.1621
2023-03-10,13833.0497,14119.9102,13801.1757,13992.4160
2023-03-13,13833.0492,13944.6055,13753.3652,13944.6055
2023-03-14,13801.1759,13801.1759,13450.5693,13514.3154
2023-03-15,13737.4282,13785.2383,13657.7442,13689.6182
2023-03-16,13466.5057,13880.8604,13466.5057,13753.3662
2023-03-17,14040.2251,14056.1621,13880.8588,14024.2891
2023-03-20,14056.1618,14056.1618,13689.6182,13689.6182
2023-03-22,13817.1118,13944.6050,13785.2387,13864.9219
2023-03-23,13721.4930,14103.9736,13689.6199,14103.9736
2023-03-24,14183.6563,14422.7067,14119.9102,14119.9102
2023-03-27,14088.0361,14231.4664,13992.4160,14151.7832
2023-03-28,14024.2900,14151.7832,13912.7328,14151.7832
2023-03-29,14008.3534,14231.4668,13912.7332,14231.4668
2023-03-30,14617.5151,14821.2097,14210.1258,14375.0215
2023-03-31,14627.2150,14889.1081,14462.3193,14840.6094
2023-04-03,14646.6162,14685.4152,14171.3286,14287.7256
2023-04-04,14268.3262,14384.7232,13928.8351,14016.1328
2023-04-05,13822.1372,13987.0328,13725.1397,13831.8369
2023-04-06,13676.6418,13676.6418,13385.6494,13511.7461
2023-04-07,13531.1452,13899.7355,13531.1452,13734.8398
2023-04-10,13802.7366,13928.8332,13589.3422,13744.5381
2023-04-11,13948.2342,14045.2317,13851.2368,13987.0332
2023-04-12,13812.4373,14103.4297,13773.6383,14103.4297
2023-04-13,13880.3339,14025.8301,13802.7360,14025.8301
2023-04-14,14161.6282,14171.3280,13977.3331,14084.0303
2023-04-17,14171.3275,14219.8262,14016.1316,14200.4268
2023-04-18,14161.6278,14171.3275,13851.2359,13948.2334
2023-04-19,14219.8271,14491.4200,14006.4327,14113.1299
2023-04-20,14025.8320,14200.4274,13928.8346,14151.9287
2023-04-21,14733.9129,16179.1750,14724.2132,16140.3760
2023-04-24,16130.6766,16169.4756,15587.4908,15684.4883
2023-04-25,15665.0890,15936.6819,15577.7913,15626.2900
2023-04-26,15471.0952,15606.8917,15005.5074,15102.5049
2023-04-27,14811.5116,14850.3106,14510.8195,14830.9111
2023-04-28,14947.3076,14957.0074,14569.0175,14947.3076
2023-05-01,15092.8039,15160.7022,14830.9108,15034.6055
2023-05-02,14986.1066,15471.0939,14937.6079,15432.2949
2023-05-08,15344.9979,15674.7892,15248.0004,15635.9902
2023-05-09,15839.6845,15888.1832,15606.8906,15859.0840
2023-05-10,16130.6771,16460.4684,15975.4811,16179.1758
2023-05-11,16479.8674,16576.8649,16247.0735,16295.5723
2023-05-12,16305.2682,16654.4590,16188.8713,16654.4590
2023-05-15,16926.0564,17090.9520,16741.7612,16751.4609
2023-05-16,17100.6513,17508.0406,17071.5521,17478.9414
2023-05-17,17527.4421,17605.0401,17207.3505,17226.7500
2023-05-18,17847.5335,18322.8210,17779.6352,18022.1289
2023-05-19,18196.7217,18303.4189,17750.5334,18070.6250
2023-05-22,18070.6259,18497.4147,18070.6259,18448.9160
2023-05-23,18468.3131,18575.0103,18167.6210,18313.1172
2023-05-24,18051.2242,18866.0028,18051.2242,18526.5117
2023-05-25,19273.3956,19515.8893,18846.6068,19001.8027
2023-05-26,19370.3916,19874.7784,19186.0964,19496.4883
2023-05-29,20466.4625,20602.2589,19574.0859,19826.2793
2023-05-30,19729.2831,20049.3747,19583.7869,19874.7793
2023-05-31,19874.7789,20117.2725,19612.8857,19738.9824
2023-06-01,19302.4935,19962.0762,19234.5953,19962.0762
2023-06-02,19962.0755,20185.1696,19797.1798,20010.5742
2023-06-05,20010.5759,20393.7159,19540.1383,20374.3164
2023-06-06,20209.4184,20975.6982,20190.0189,20922.3496
2023-06-07,20815.6506,20932.0476,19632.2819,19729.2793
2023-06-08,19593.4864,20190.0207,19477.0894,19952.3770
2023-06-09,20194.8692,20568.3094,20034.8234,20553.7598
2023-06-12,20214.2669,20675.0048,20146.3687,20514.9590
2023-06-13,20956.2980,21669.2293,20912.6492,21475.2344
2023-06-14,21693.4783,21863.2239,21029.0458,21552.8320
2023-06-15,21906.8750,22537.3584,21780.7783,21979.6230
2023-06-16,21674.0818,22469.4609,21514.0360,22469.4609
2023-06-19,22173.6180,22236.6663,21741.9793,21906.8750
2023-06-20,21940.8259,22561.6097,21872.9277,22484.0117
2023-06-21,22668.3035,22901.0974,22508.2577,22653.7539
2023-06-22,22207.5658,22260.9144,21630.4310,21678.9297
2023-06-23,21872.9268,22484.0107,21174.5451,21567.3848
2023-06-26,21087.2453,21514.0340,21029.0468,21174.5430
2023-06-27,20689.5573,20898.1019,20422.8143,20820.5039
2023-06-28,21164.8417,21562.5312,20936.8978,21562.5312
2023-06-29,21722.5821,22110.5719,21572.2360,21829.2793
2023-06-30,21441.2859,21994.1714,21392.7872,21931.1230
2023-07-03,22556.7569,23002.9451,22537.3574,22862.2988
2023-07-04,22634.3558,23473.3837,22571.3074,23240.5898
2023-07-05,23415.1853,23686.7782,23192.0911,23420.0352
2023-07-06,22508.2588,23085.3936,22479.1596,22813.8008
2023-07-07,22687.7045,22949.5976,22290.0149,22411.2617
2023-07-10,22115.4207,22328.8152,21712.8813,21848.6777
2023-07-11,22280.3148,22668.3046,22125.1189,22561.6074
2023-07-12,22328.8126,22387.0110,21674.0798,21751.6777
2023-07-13,22129.9682,22265.7646,21528.5840,22212.4160
2023-07-14,22290.0150,23065.9947,22251.2161,22624.6562
2023-07-18,22915.6470,23327.8861,22784.7004,22978.6953
2023-07-19,23075.6946,23196.9414,22668.3053,23196.9414
2023-07-20,22711.9538,23138.7426,22367.6129,22411.2617
2023-07-21,21926.2731,23352.1356,21698.3291,22508.2578
2023-07-24,22828.3516,23439.4355,22299.7154,23439.4355
2023-07-25,23754.6766,23977.7707,23298.7886,23919.5723
2023-07-26,24283.3133,24613.1046,23943.8222,24089.3184
2023-07-27,24118.4167,25631.5769,24074.7678,25437.5820
2023-07-28,25088.3912,25728.5744,24855.5973,25437.5820
2023-07-31,25995.3170,26213.5613,25694.6249,25840.1211
2023-08-01,26242.6603,26984.6908,26097.1641,26887.6934
2023-08-02,26994.3948,27101.0921,25908.0232,26199.0156
2023-08-03,25539.4291,26616.1009,25301.7854,26485.1543
2023-08-04,26490.0067,27023.4928,26208.7141,26329.9609
2023-08-07,26145.6634,26179.6125,25248.4370,25941.9688
2023-08-08,26140.8128,26194.1614,25025.3421,25127.1895
2023-08-09,25073.8434,25757.6754,24870.1487,25476.3828
2023-08-10,24991.3932,25267.8360,24666.4518,25195.0879
2023-08-14,24540.3568,24821.6494,24060.2194,24336.6621
2023-08-15,25306.6349,25495.7799,24981.6934,25088.3906
2023-08-16,25093.2436,25791.6253,24865.2995,25355.1367
2023-08-17,25141.7410,25626.7283,24797.4000,25199.9395
2023-08-18,24894.3956,25500.6296,24511.2556,25127.1895
2023-08-21,25132.0402,25374.5338,24836.1979,25219.3379
2023-08-22,26189.3101,26296.0073,25583.0761,26053.5137
2023-08-23,25966.2213,26237.8142,25777.0763,25990.4707
2023-08-24,27159.2869,27605.4752,26970.1419,27091.3887
2023-08-25,26388.1577,26431.8066,25398.7837,25461.8320
2023-08-28,25849.8185,26693.6962,25699.4725,26640.3477
2023-08-29,26722.7993,26863.4456,26329.9596,26606.4023
2023-08-30,27498.7800,28008.0167,27222.3373,27736.4238
2023-08-31,27809.1679,28003.1628,27459.9771,27881.9160
2023-09-01,27877.0682,27964.3659,27052.5899,27232.0352
2023-09-04,27188.3862,27285.3837,26814.9460,27125.3379
2023-09-05,26771.2974,27265.9844,26693.6994,27265.9844
2023-09-06,27673.3749,27828.5708,27295.0848,27818.8711
2023-09-07,27692.7740,27784.9216,27261.1353,27430.8809
2023-09-08,27139.8863,27459.9778,26955.5911,27256.2832
2023-09-11,26916.7938,26960.4427,26242.6615,26397.8574
2023-09-12,26431.8060,26543.3531,25136.8900,25544.2793
2023-09-13,25132.0379,25587.9259,24952.5927,25044.7402
2023-09-14,25602.4796,26494.8563,25330.8867,26480.3066
2023-09-15,26572.4521,27018.6404,26388.1569,26771.2969
2023-09-19,25985.6194,25990.4693,25248.4387,25549.1309
2023-09-20,25704.3248,26068.0652,25335.7344,25442.4316
2023-09-21,25005.9423,25335.7336,24879.8456,25098.0898
2023-09-22,24685.8499,25549.1271,24443.3563,25185.3867
2023-09-25,25326.0348,26232.9609,25253.2867,26232.9609
2023-09-26,26019.5665,26334.8082,25568.5284,25621.8770
2023-09-27,24797.3985,25520.0296,24744.0499,25515.1797
2023-09-28,25798.2600,26133.8708,25545.3359,25958.7695
2023-09-29,26440.2981,26892.6431,26270.0607,26829.4121
2023-10-02,26848.8660,27748.6921,26727.2679,27374.1699
2023-10-03,27252.5741,27685.4634,26975.3303,27150.4316
2023-10-04,26702.9509,26897.5080,26167.9191,26542.4414
2023-10-05,27179.6113,27203.9310,26664.0353,27179.6113
2023-10-06,27393.6274,27768.1496,26197.1017,26771.0449
2023-10-10,27126.1123,27880.0208,26989.9224,27841.1094
2023-10-11,27957.8440,28522.0594,27661.1446,27675.7363
2023-10-12,28551.2419,29835.3182,28551.2419,29689.4004
2023-10-13,29290.5577,29339.1969,28560.9689,28648.5195
2023-10-16,27675.7376,28269.1366,27184.4811,28152.4023
2023-10-17,28828.4856,29168.9604,28458.8273,28789.5742
2023-10-18,28400.4577,29018.1762,27909.2013,28852.8027
2023-10-19,28385.8694,28410.1890,27432.5400,27631.9609
2023-10-20,26381.9334,27286.6236,25525.8825,27237.9844
2023-10-23,27417.9459,28517.1929,27393.6262,27797.3320
2023-10-24,28283.7260,28332.3652,26853.7319,27403.3555
2023-10-25,27627.0952,28327.5004,27335.2597,27734.1016
2023-10-26,26372.2029,26751.5891,25997.6807,26226.2852
2023-10-27,26518.1211,26800.2287,25997.6810,26488.9375
2023-10-30,26508.3928,27014.2410,26420.8421,26639.7188
2023-10-31,25666.9339,25691.2536,24791.4274,25443.1934
2023-11-01,25715.5751,25924.7239,24961.6666,25428.6035
2023-11-02,26654.3107,27237.9817,26343.0195,27199.0703
2023-11-06,28439.3715,28463.6911,27811.9251,28273.9980
2023-11-07,28225.3576,29008.4495,28128.0790,28312.9082
2023-11-08,28502.6036,28745.7998,27831.3818,28059.9863
2023-11-09,28410.1874,28478.2824,27466.5859,27466.5859
2023-11-10,27700.0555,28269.1348,27559.0016,28269.1348
2023-11-13,29378.1099,29397.5656,28609.6096,28799.3027
2023-11-14,28648.5180,29553.2081,28453.9610,29368.3789
2023-11-15,30156.3365,31031.8431,30020.1466,31022.1152
2023-11-16,31080.4802,31420.9549,30603.8156,31333.4043
2023-11-17,31294.4933,31479.3225,30720.5502,31197.2148
2023-11-20,31284.7663,31790.6145,30778.9181,30866.4688
2023-11-21,31547.4227,31664.1569,30730.2831,31158.3086
2023-11-22,30866.4702,31226.4006,30409.2612,30944.2930
2023-11-24,31129.1254,31216.6761,30448.1758,30448.1758
2023-11-27,30623.2733,30740.0075,29990.9630,30049.3301
2023-11-28,30059.0562,30409.2588,29776.9485,30195.2461
2023-11-29,29990.9644,30642.7304,29922.8694,30584.3633
2023-11-30,30983.2054,31333.4080,30769.1927,31216.6738
2023-12-01,30934.5668,31002.6618,30613.5477,30769.1934
2023-12-04,30720.5498,30749.7333,30243.8851,30477.3535
2023-12-05,30331.4385,30331.4385,28653.3843,28760.3906
2023-12-06,29387.8357,29913.1397,29280.8294,29699.1270
2023-12-07,29134.9119,29475.3867,28750.6618,28988.9941
2023-12-08,29271.1010,29582.3922,28784.7085,28906.3066
2023-12-11,29504.5709,29718.5836,29193.2796,29426.7480
2023-12-12,30633.0025,30817.8317,29835.3187,30097.9707
2023-12-13,30740.0073,33454.0776,30613.5453,33074.6914
2023-12-14,33395.7128,34028.0231,32695.3075,32850.9531
2023-12-15,33269.2475,33298.4311,31771.1586,32033.8105
2023-12-18,32150.5455,32286.7354,31508.5074,31673.8809
2023-12-19,32140.8146,32773.1248,31508.5044,32656.3906
2023-12-20,33259.5207,33259.5207,32413.1977,32705.0332
2023-12-21,31965.7172,32354.8312,31858.7109,32257.5527
2023-12-22,32559.1112,32977.4087,32228.3643,32471.5605
2023-12-25,32695.3052,33045.5078,32432.6532,33045.5078
2023-12-26,32899.5894,33502.7161,32773.1273,33463.8047
2023-12-27,33823.7409,34173.9436,33522.1775,33862.6523
2023-12-28,34144.7548,34310.1282,33531.9002,33843.1914
2023-12-29,33551.3510,34086.3827,33220.6042,34028.0156
2024-01-04,31936.5356,32860.6814,31634.9722,32714.7637
2024-01-05,32578.5715,32646.6664,31761.4320,32024.0840
2024-01-09,33298.4302,33833.4620,33142.7846,33648.6328
2024-01-10,34086.3880,34339.3122,33716.7297,34105.8438
2024-01-11,34504.6875,35506.6561,34349.0419,35419.1055
2024-01-12,35506.6534,36031.9573,35088.3559,35351.0078
2024-01-15,35876.3145,36576.7198,35730.3968,36391.8906
2024-01-16,35876.3108,37432.7668,35730.3931,37364.6719
2024-01-17,38045.6266,38356.9179,37247.9428,37325.7656
2024-01-18,37199.2985,38502.8304,37102.0200,38279.0898
2024-01-19,38911.3997,40020.3746,38891.9440,39728.5391
2024-01-22,40370.5828,40915.3424,39533.9876,39952.2852
2024-01-23,39845.2755,41781.1178,39504.8008,39504.8008
2024-01-24,39281.0565,39796.6325,38862.7590,39621.5312
2024-01-25,40759.6987,40905.6165,38308.2800,40351.1289
2024-01-26,39251.8779,39913.3717,38395.8270,38522.2891
2024-01-29,38512.5625,39456.1641,38269.3662,39456.1641
2024-01-30,39884.1851,40652.6853,39524.2547,40049.5586
2024-01-31,38814.1218,39514.5270,38677.9319,39281.0586
2024-02-01,39076.7758,39465.8898,38726.5732,38911.4023
2024-02-02,39670.1690,40341.3906,39436.7006,40341.3906
2024-02-05,40467.8557,40993.1596,39670.1720,40613.7734
2024-02-06,40818.0581,42306.4191,40584.5897,42209.1406
2024-02-07,41674.1081,41946.4879,41236.3549,41683.8359
2024-02-08,42705.2674,43269.4828,42131.3242,43045.7422
2024-02-09,43045.7349,43580.7666,42325.8740,42539.8867
2024-02-13,43668.3211,43697.5046,42063.2257,42393.9727
2024-02-14,41995.1338,42714.9948,41927.0388,42695.5391
2024-02-15,43444.5832,44757.8431,43094.3806,44290.9062
2024-02-16,44417.3693,45215.0531,42569.0775,43074.9258
2024-02-19,42821.9993,43133.2906,41713.0243,42355.0625
2024-02-20,42812.2697,43726.6876,42559.3455,42899.8203
2024-02-21,41732.4798,42150.7773,41362.8214,42150.7773
2024-02-22,44728.6557,46168.3775,43785.0542,46119.7383
2024-02-26,46499.1251,46538.0365,45039.9475,45672.2578
2024-02-27,46100.2810,46294.8380,45302.5973,45954.3633
2024-02-28,45526.3377,46294.8379,45117.7680,45837.6289
2024-02-29,45283.1431,46946.6055,45088.5861,46946.6055
2024-03-01,47452.4524,48726.8008,47277.3511,48726.8008
2024-03-04,50341.6312,50555.6439,49339.6625,50117.8906
2024-03-05,50108.1640,52715.2282,49787.1449,51995.3672
2024-03-06,51022.5754,51615.9743,50497.2715,50925.2969
2024-03-07,51207.4054,51226.8611,48911.6327,49709.3164
2024-03-08,50390.2658,51810.5320,50273.5316,50507.0000
2024-03-11,47355.1797,48298.7812,46742.3251,48298.7812
2024-03-12,47968.0283,49086.7310,47598.3700,48580.8828
2024-03-13,49903.8745,49991.4252,47919.3929,48639.2539
2024-03-14,48104.2239,48999.1862,47218.9894,48979.7305
2024-03-15,48016.6727,48143.1348,46557.4951,46771.5078
2024-03-18,46693.6788,49612.0337,46654.7674,49505.0273
2024-03-19,48814.3534,50341.6259,48648.9800,50098.4297
2024-03-21,50682.1002,51518.6953,49962.2393,51518.6953
2024-03-22,51752.1587,54057.6590,51635.4245,53298.8867
2024-03-25,53853.3815,54135.4892,52900.0521,52919.5078
2024-03-26,53600.4504,54777.5202,52938.9566,53503.1719
2024-03-27,53931.2029,54174.3992,53143.2470,53785.2852
2024-03-28,53561.5820,54460.2991,53258.7535,53913.2539
2024-03-29,53854.6452,55984.2140,53454.1300,55798.6094
2024-04-01,55993.9792,56257.7331,54089.0898,54528.6797
2024-04-02,55290.6410,55876.7609,54929.2004,55691.1562
2024-04-03,54919.4288,55730.2279,53991.4057,54909.6602
2024-04-04,55857.2205,55876.7578,54890.1228,55437.1680
2024-04-05,54997.5796,55681.3861,52633.5629,53297.8320
2024-04-08,54313.7665,56130.7378,54147.6992,54763.1250
2024-04-09,54499.3788,55583.7006,54343.0802,55290.6406
2024-04-10,54782.6685,55222.2583,54069.5560,54216.0859
2024-04-11,53727.6570,54704.5235,53678.8137,54264.9336
2024-04-12,55144.1063,55271.0990,53708.1128,54978.0391
2024-04-15,54362.6172,54567.7592,53092.6909,53923.0273
2024-04-16,52565.1771,52594.4831,51246.4076,51480.8555
2024-04-17,52320.9684,52965.7002,51617.6245,52008.3711
2024-04-18,50162.0888,53327.1359,49722.4989,52877.7773
2024-04-19,50924.0440,51119.4172,48130.2061,48647.9453
2024-04-22,47104.4988,48384.1938,45570.8185,46518.3789
2024-04-23,47856.6856,47876.2229,45180.0716,45326.6016
2024-04-24,46694.2148,48110.6711,46508.6102,47309.6406
2024-04-25,46059.2517,46918.8942,45648.9678,45990.8711
2024-04-26,47378.0224,47661.3137,44310.6618,44945.6250
2024-04-30,45570.8169,45795.4962,44300.8906,44740.4805
2024-05-01,44838.1636,46098.3212,44232.5065,45053.0742
2024-05-02,44369.2687,45414.5156,43685.4622,45414.5156
2024-05-07,46889.5858,49439.2070,46743.0558,49439.2070
2024-05-08,48647.9505,49429.4437,48120.4426,48706.5625
2024-05-09,48403.7316,50386.7705,48237.6643,49781.1133
2024-05-10,49732.2708,50787.2866,48726.0984,49702.9648
2024-05-13,50308.6167,51490.6250,49849.4895,51490.6250
2024-05-14,51754.3851,52281.8930,50015.5628,50767.7500
2024-05-15,51353.8688,52828.9371,51256.1821,52604.2578
2024-05-16,54020.7096,54841.2773,53708.1124,54841.2773
2024-05-17,54362.6098,55280.8641,54177.0052,54763.1250
2024-05-20,54225.8563,54958.5061,53962.1024,54411.4609
2024-05-21,54938.9678,56716.8647,54870.5871,55808.3789
2024-05-22,55915.8342,56726.6333,55505.5503,56335.8867
2024-05-23,58611.9850,61220.2184,58455.6864,60819.7031
2024-05-24,59715.8446,61034.6143,59452.0906,60077.2852
2024-05-27,60565.7162,61102.9927,59891.6784,60360.5742
2024-05-28,60595.0221,61171.3733,59383.7078,60800.1641
2024-05-29,61777.0300,63486.5461,60995.5369,61278.8281
2024-05-30,60145.6680,60682.9446,59344.6375,59881.9141
2024-05-31,58514.2980,60272.6576,58387.3054,60067.5156
2024-06-03,59588.8499,59686.5365,57859.7964,58602.2148
2024-06-04,58494.7543,58729.2022,57556.9627,57664.4180
2024-06-05,56990.3842,57947.7132,55866.9878,55906.0625
2024-06-06,58221.2383,58680.3655,57420.2078,58484.9922
2024-06-07,57967.2508,58592.4453,57234.6011,58416.6094
2024-06-10,58328.6919,58680.3638,57283.4448,58025.8633
2024-06-11,58572.9045,59159.0243,58338.4566,58992.9570
2024-06-12,58660.8343,60555.9553,58582.6849,60536.4180
2024-06-13,61835.6444,62812.5109,61308.1366,62626.9062
2024-06-14,62929.7313,64570.8668,62597.5967,64082.4336
2024-06-17,63701.4589,63994.5188,62275.2339,62402.2266
2024-06-18,63203.2557,63496.3156,61884.4861,62079.8594
2024-06-19,62499.9130,63369.3241,59393.4778,59715.8438
2024-06-20,59491.1635,60741.5525,59393.4769,60673.1719
2024-06-21,59110.1864,62275.2335,58856.2011,62089.6289
2024-06-24,60888.0833,62148.2409,60341.0381,61737.9570
2024-06-25,60565.7145,60692.7071,58006.3246,58318.9219
2024-06-26,59891.6813,61054.1523,59403.2481,61054.1523
2024-06-27,60370.3456,60956.4655,59168.7999,59422.7852
2024-06-28,59569.3138,60497.3369,59442.3212,59627.9258
2024-07-01,60057.7444,60370.3416,58953.8854,59334.8633
2024-07-02,59540.0039,60614.5569,58944.1154,60419.1836
2024-07-03,61396.0545,63007.8841,61151.8379,62802.7422
2024-07-04,63496.3112,63750.2964,62167.7730,63086.0273
2024-07-05,63496.3201,63838.2234,61542.5872,61777.0352
2024-07-08,61532.8121,61913.7899,60907.6176,61659.8047
2024-07-09,62177.5464,63281.4054,61786.7998,63183.7188
2024-07-10,63379.0894,64824.8516,62890.6562,64736.9336
2024-07-11,66104.5558,67257.2583,65508.6673,66954.4297
2024-07-12,64277.8061,64512.2540,60712.2439,61083.4531
2024-07-16,61786.7995,62587.8299,60868.5451,61991.9414
2024-07-17,61151.8392,61532.8171,59061.3450,59207.8750
2024-07-18,54323.5400,55632.5409,53239.2183,53981.6367
2024-07-19,53014.5356,53239.2149,50894.7357,51480.8555
2024-07-22,50503.9932,51158.4937,48384.1931,48755.4023
2024-07-23,50797.0486,51011.9592,48159.5095,48530.7188
2024-07-24,48022.7539,48726.0978,47094.7308,47671.0820
2024-07-25,44574.4182,46088.5613,44203.2089,45766.1953
2024-07-26,45326.5990,46196.0100,44134.8220,45033.5391
2024-07-29,45912.7183,46762.5920,44955.3893,46479.3008
2024-07-30,45795.4926,46186.2391,44330.1932,45668.5000
2024-07-31,44300.8880,48843.3164,44164.1267,48315.8086
2024-08-01,48999.6196,49038.6943,45707.5798,46606.2969
2024-08-02,42982.1185,45092.1498,42200.6254,43568.2383
2024-08-05,38097.7847,40217.5845,36730.1719,36730.1719
2024-08-06,38713.2158,40637.6426,36652.0276,38195.4766
2024-08-07,37511.6689,44486.4949,37247.9150,42933.2773
2024-08-08,41565.6645,42142.0157,39328.6405,41174.9180
2024-08-09,42337.3922,43460.7886,39074.6582,40373.8906
2024-08-13,41741.5034,42542.5339,41135.8462,41956.4141
2024-08-14,42982.1237,43695.2362,42151.7872,42835.5938
2024-08-15,42689.0619,44916.3173,42532.7633,44134.8242
2024-08-16,45912.7212,47172.8789,44838.1682,47172.8789
2024-08-19,46772.3661,47485.4787,44955.3945,44955.3945
2024-08-20,45639.1962,45981.0994,44769.7852,44769.7852
2024-08-21,43402.1762,44466.9606,43206.8029,43538.9375
2024-08-22,43538.9359,43910.1451,42327.6215,42552.3008
2024-08-23,42005.2552,42767.2110,41839.1879,42239.7031
2024-08-26,41819.6493,41917.3360,40979.5442,41565.6641
2024-08-27,40881.8616,40989.3169,39963.6071,40686.4883
2024-08-28,40266.4293,41272.6016,39865.9141,41272.6016
2024-08-29,39221.1857,40735.3286,39074.6557,40256.6641
2024-08-30,40461.8067,41673.1211,40022.2169,41673.1211
2024-09-02,41907.5728,42151.7894,40295.7430,40393.4297
2024-09-03,40569.2600,40647.4094,38722.9826,39230.9531
2024-09-04,36730.1804,37042.7777,35313.7239,35372.3359
2024-09-05,35655.6202,35890.0681,34102.4028,34327.0820
2024-09-06,34639.6837,34756.9077,33232.9960,33848.4219
2024-09-09,31113.1923,32949.7010,30995.9683,32793.4023
2024-09-10,32598.0304,33291.6055,31591.8580,32852.0156
2024-09-11,33037.6240,33496.7513,31718.8543,32256.1309
2024-09-12,34268.4775,34893.6721,33164.6184,33838.6562
2024-09-13,34024.2518,35294.1779,33877.7218,34483.3789
2024-09-17,33799.5751,34170.7843,32490.5742,32930.1641
2024-09-18,33623.7387,34131.7092,33047.3876,34024.2539
2024-09-19,34678.7574,35186.7279,34161.0182,34629.9141
2024-09-20,35440.7118,36485.9588,35274.6445,35450.4805
2024-09-24,35968.2156,36231.9695,34659.2149,34835.0508
2024-09-25,34610.3784,35616.5509,34590.8411,35089.0430
2024-09-26,36339.4279,38342.0039,36007.2933,38342.0039
2024-09-27,39727.6709,40266.6501,38581.1150,39884.4648
2024-09-30,37924.5435,38757.5115,36709.3902,36738.7891
2024-10-01,37150.3748,38777.1124,37032.7793,38571.3203
2024-10-02,37179.7707,37669.7518,36621.1921,36660.3906
2024-10-03,38032.3403,39815.8718,37855.9470,39590.4805
2024-10-04,39041.6959,39482.6789,38757.5068,38914.3008
2024-10-07,37444.3620,38247.9311,35739.2274,36474.1992
2024-10-08,36141.0094,36973.9774,35866.6200,36121.4102
2024-10-09,36856.3833,37277.7671,36601.5931,37091.5742
2024-10-10,37777.5469,37993.1386,36552.5940,36621.1914
2024-10-11,36689.7873,37091.5719,36474.1956,36807.3828
2024-10-15,37473.7577,38218.5290,36983.7765,37571.7539
2024-10-16,35376.6379,35631.4281,34328.0783,35386.4375
2024-10-17,35063.0511,35249.2439,34328.0793,34867.0586
2024-10-18,35631.4290,38051.9359,34612.2682,37542.3555
2024-10-21,37738.3497,39610.0778,37601.1550,38747.7109
2024-10-22,38728.1057,39374.8808,37062.1700,38532.1133
2024-10-23,38924.1036,38924.1036,36846.5835,36924.9805
2024-10-24,36572.1926,37610.9526,36474.1964,36846.5820
2024-10-25,36483.9997,37414.9640,36405.6027,36944.5820
2024-10-28,36944.5797,39120.0961,36728.9880,38875.1055
2024-10-29,38365.5251,40227.4535,38169.5327,39933.4648
2024-10-30,40982.0262,45205.6640,40854.6311,44411.8945
2024-10-31,43951.3115,44735.2814,43422.1318,43578.9258
2024-11-01,41765.9947,42736.1574,41570.0022,41952.1875
2024-11-05,43961.1114,44549.0888,42981.1490,43647.5234
2024-11-06,44333.4914,45813.2344,43804.3118,45813.2344
2024-11-07,46744.2054,46871.6005,43382.9345,43853.3164
2024-11-08,44480.4910,44490.2906,42932.1505,43412.3320
2024-11-11,43294.7360,43804.3164,42638.1612,43804.3164
2024-11-12,43441.7297,43559.3252,42197.1776,42873.3516
2024-11-13,43559.3219,43627.9192,41227.0117,41227.0117
2024-11-14,41227.0097,41305.4066,39492.4766,39492.4766
2024-11-15,40178.4564,41942.3886,40080.4601,41726.7969
2024-11-18,41040.8204,42324.5710,40590.0377,41570.0000
2024-11-19,41413.2094,41814.9939,41178.0184,41697.3984
2024-11-20,42383.3716,42402.9709,40795.8326,41462.2070
2024-11-21,41393.6100,42128.5817,40060.8612,41530.8047
2024-11-22,41746.3934,42500.9643,41354.4085,41736.5938
2024-11-25,42099.1804,42451.9668,41432.8060,41873.7891
2024-11-26,41530.8033,41579.8014,39894.2662,40560.6406
2024-11-27,40217.6520,41883.5879,39943.2626,41040.8203
2024-11-28,40354.8496,42500.9671,39619.8778,40933.0273
2024-11-29,40501.8412,40795.8299,39502.2797,39786.4688
2024-12-02,40472.4449,41599.4016,39943.2652,40501.8438
2024-12-03,42030.5827,43578.9231,41991.3842,42961.5469
2024-12-04,43608.3242,43872.9140,42451.9686,42549.9648
2024-12-05,43314.3350,43588.7245,42255.9757,42579.3633
2024-12-06,41893.3952,42236.3821,40599.8448,40707.6406
2024-12-09,41187.8195,41256.4168,39659.0781,39659.0781
2024-12-10,40345.0501,41197.6173,39786.4715,41099.6211
2024-12-11,40354.8483,40550.8408,39561.0789,39600.2773
2024-12-12,40972.2209,41148.6141,39757.0678,40198.0508
2024-12-13,40198.0503,40256.8480,39316.0843,39698.2695
2024-12-16,39982.4593,41031.0189,39894.2627,40364.6445
2024-12-17,41031.0215,41530.8023,40178.4543,40452.8438
2024-12-18,40717.4361,42775.3571,40492.0448,42491.1680
2024-12-19,41158.4196,42608.7639,40805.6331,41668.0000
2024-12-20,41305.4177,41550.4083,40315.6556,40707.6406
2024-12-23,41315.2113,41785.5932,40874.2282,41648.3984
2024-12-24,42128.5825,42422.5712,41285.8148,41305.4141
2024-12-25,41521.0077,41775.7979,40560.6445,41354.4141
2024-12-26,40893.8313,42187.3817,40825.2339,41912.9922
2024-12-27,42148.1806,42971.3490,41971.7874,42883.1523
2024-12-30,42500.9649,42628.3600,41716.9951,41873.7891
2025-01-06,42559.7640,42873.3520,41805.1930,42314.7734
2025-01-07,44372.6945,46009.2316,43970.9099,45489.8516
2025-01-08,44843.0750,47626.1680,44784.2773,47626.1680
2025-01-09,47567.3717,48713.9276,47214.5852,47704.5664
2025-01-10,47214.5885,48537.5378,46754.0062,47038.1953
2025-01-14,46097.4267,46293.4192,43412.3300,43461.3281
2025-01-15,43706.3215,43745.5200,42500.9678,43186.9414
2025-01-16,43667.1254,44196.3052,42706.7623,43373.1367
2025-01-17,43030.1428,44108.1013,42530.3621,43147.7383
2025-01-20,43431.9301,44137.5030,42843.9527,43137.9414
2025-01-21,43823.9169,45666.2461,43686.7221,45666.2461
2025-01-22,46548.2129,51154.0360,45960.2354,51095.2383
2025-01-23,51938.0021,52604.3765,49703.6881,49840.8828
2025-01-24,46205.2277,47508.5777,45499.6548,46479.6172
2025-01-27,45176.2626,45862.2362,44059.1056,45646.6445
2025-01-28,43118.3455,44686.2853,41334.8139,44323.6992
2025-01-29,45009.6704,45009.6704,43030.1465,44402.0938
2025-01-30,44382.4941,44990.0707,43980.7095,44960.6719
2025-01-31,44647.0848,44852.8768,43843.5156,43843.5156
2025-02-03,42334.3722,43000.7466,41844.3911,42079.5820
2025-02-04,42716.5557,44029.7052,42461.7655,43088.9414
2025-02-05,42990.9466,43216.3379,42304.9730,42638.1602
2025-02-06,42922.3495,43912.1114,42843.9525,43863.1133
2025-02-07,43422.1293,45705.4415,43304.5339,45078.2656
2025-02-10,45029.2720,46205.2269,44921.4761,45480.0547
2025-02-12,44980.2680,45176.2605,43529.9239,44372.6914
2025-02-13,44117.9031,45107.6650,44117.9031,44686.2812
2025-02-14,44911.6745,45391.8560,44451.0922,44470.6914
2025-02-17,44470.6906,46273.8213,44353.0951,46117.0273
2025-02-18,46215.0217,47038.1900,46058.2277,46068.0273
2025-02-19,45568.2474,46156.2248,44402.0923,46009.2305
2025-02-20,45568.2464,46362.0158,44911.6716,45372.2539
2025-02-21,44686.2817,44960.6711,43941.5103,44921.4727
2025-02-25,42177.5793,44127.7043,41628.8004,41922.7891
2025-02-26,40452.8424,40697.8330,39864.8651,40276.4492
2025-02-27,40668.4369,41442.6072,40423.4464,41060.4219
2025-02-28,37728.5445,37728.5445,36317.3990,36817.1797
2025-03-03,37552.1538,37865.7417,37013.1746,37630.5508
2025-03-04,36199.8077,36640.7907,35141.4484,35994.0156
2025-03-05,36239.0079,36650.5921,33495.1133,33495.1133
2025-03-06,33926.2955,33985.0932,32289.7584,32426.9531
2025-03-07,31358.7937,33514.7108,31358.7937,31927.1719
2025-03-10,32240.7619,33759.7036,32132.9661,32358.3574
2025-03-11,30986.4062,32456.3496,30565.0225,32456.3496
2025-03-12,32769.9412,33005.1322,31976.1717,32074.1680
2025-03-13,33318.7178,34249.6820,33279.5193,33740.1016
2025-03-14,33749.8999,35121.8471,33612.7052,34984.6523
2025-03-17,35474.6356,35572.6319,34445.6752,34573.0703
2025-03-18,35180.6461,35435.4363,34622.0676,34896.4570
2025-03-19,34210.4828,34377.0764,32985.5300,33073.7266
2025-03-21,33289.3188,33534.3094,32936.5324,32946.3320
2025-03-24,33191.3262,33191.3262,32260.3619,32397.5566
2025-03-25,33250.1237,33700.9064,32799.3410,33602.9102
2025-03-26,34288.8825,34749.4648,33936.0961,34484.8750
2025-03-27,33387.3152,33534.3095,32593.5457,32848.3359
2025-03-28,31908.2862,32807.8073,31760.0135,32254.2559
2025-03-31,30791.2983,30860.4922,29516.1530,29550.7500
2025-04-01,29323.3996,29941.2026,29091.1057,29773.1602
2025-04-02,29773.1612,30138.9006,29407.4218,29881.8945
2025-04-03,27707.2256,29293.7435,27697.3407,28661.1133
2025-04-04,28552.3813,28942.8328,26600.1240,27316.7754
2025-04-07,22735.1475,24390.8593,22379.2930,23328.2383
2025-04-08,25236.0167,26590.2408,25206.3621,26283.8105
2025-04-09,24514.4211,24722.0029,23525.9363,24138.7969
2025-04-10,28586.9807,28863.7565,27015.2899,27267.3535
2025-04-11,25413.9426,27242.6394,25379.3457,27153.6758
2025-04-14,27647.9176,28666.0569,27410.6813,28161.9297
2025-04-15,27959.2914,28364.5702,27702.2854,27909.8672
2025-04-16,27054.8289,27242.6410,25473.2532,25675.8926
2025-04-17,25695.6607,26417.2545,25409.0001,26224.5000
2025-04-18,26288.7496,27549.0676,25270.6104,26451.8496
2025-04-21,25952.6658,27054.8263,25952.6658,26333.2324
2025-04-22,26397.4847,27385.9694,26338.1756,26718.7422
2025-04-23,27430.4507,27702.2840,26145.4206,26654.4902
2025-04-24,27148.7337,27227.8125,26713.8004,27227.8125
2025-04-25,27529.3014,28399.1680,27361.2589,28399.1680
2025-04-28,28893.4083,29007.0840,27084.4812,27109.1934
2025-04-30,26689.0887,27410.6825,26659.4341,27301.9492
2025-05-01,27692.4007,28839.0430,27153.6765,28715.4824
2025-05-02,28389.2818,28507.8999,27756.6515,28092.7363
2025-05-07,28369.5122,28616.6333,27909.8668,28433.7637
2025-05-08,29288.8023,30267.4022,29204.7811,30049.9355
2025-05-09,30297.0556,30662.7949,29901.6617,30662.7949
2025-05-12,30900.0315,32748.4979,30830.8376,32531.0312
2025-05-13,33905.0236,34300.4174,32936.3086,32936.3086
2025-05-14,34468.4628,36722.2080,34468.4628,36603.5898
2025-05-15,36030.2707,36475.0889,35358.1011,35417.4102
2025-05-16,34923.1695,35279.0240,34330.0786,34745.2422
2025-05-19,34389.3804,34972.5863,33806.1744,34211.4531
2025-05-20,34666.1599,35328.4447,34310.3054,34458.5781
2025-05-21,33895.1400,34250.9945,33242.7402,33252.6250
2025-05-22,32718.8452,33470.0936,32313.5665,33015.3906
2025-05-23,32965.9642,33381.1278,32778.1521,33045.0430
2025-05-26,32946.1993,34112.6114,32916.5447,33875.3750
2025-05-27,33657.9040,33855.6009,33134.0071,33460.2070
2025-05-28,34399.2681,34626.6196,33153.7773,33153.7773
2025-05-29,34488.2310,34804.5461,33608.4796,34428.9219
2025-05-30,33470.0941,33509.6334,32491.4941,32491.4941
2025-06-02,31908.2880,32165.2941,31562.3184,31562.3184
2025-06-03,31848.9777,32501.3776,31809.4383,31947.8262
2025-06-04,32619.9946,32758.3825,32155.4068,32323.4492
2025-06-05,32214.7184,32659.5365,31750.1305,31789.6699
2025-06-06,31928.0563,31987.3654,31522.7776,31730.3594
2025-06-09,32076.3303,32965.9666,31908.2879,32758.3848
2025-06-10,32965.9630,33746.8658,32580.4539,32718.8418
2025-06-11,33311.9355,34498.1172,33183.4325,34498.1172
2025-06-12,34122.4925,34794.6621,34073.0683,34082.9531
2025-06-13,34033.5282,34152.1463,32531.0314,32748.4980
2025-06-16,33311.9364,34250.9969,33193.3182,34152.1484
2025-06-17,35091.2048,36722.2045,34933.0473,36316.9258
2025-06-18,36218.0796,36633.2432,35911.6493,36514.6250
2025-06-19,36959.4434,37038.5222,35298.7891,35298.7891
2025-06-20,35338.3245,36514.6212,35239.4760,36267.5000
2025-06-23,35595.3351,35872.1108,34863.8564,35694.1836
2025-06-24,36573.9326,37512.9930,36316.9266,37414.1445
2025-06-25,38452.0577,38452.0577,37078.0639,38323.5547
2025-06-26,38056.6612,39025.3762,37789.7703,38639.8672
2025-06-27,39084.6831,41951.2886,38975.9498,41536.1250
2025-06-30,42850.8145,43127.5902,41644.8631,42139.1055
2025-07-01,41447.1634,42445.5330,41219.8119,42000.7148
2025-07-02,40616.8372,41091.3099,40102.8252,40458.6797
2025-07-03,40626.7218,41259.3520,40409.2551,40972.6914
2025-07-04,41061.6545,41190.1576,40083.0547,40083.0547
2025-07-07,41002.3434,41971.0584,40537.7557,41516.3555
2025-07-08,41318.6592,41961.1742,40824.4168,41437.2773
2025-07-09,41882.0987,41911.7532,40695.9170,40814.5352
2025-07-10,41891.9812,43167.1265,41506.4722,42514.7266
2025-07-11,42692.6601,43167.1328,42564.1571,43167.1328
2025-07-14,43196.7825,43938.1460,42860.6977,43760.2188
2025-07-15,43799.7539,45747.0686,43147.3540,45717.4141
2025-07-16,46073.2719,46824.5203,45163.8660,45549.3750
2025-07-17,45134.2139,46656.4804,44214.9231,46429.1289
2025-07-18,43661.3722,44185.2692,41387.8573,42346.6875
2025-07-22,42010.5987,42890.3500,41427.3927,42840.9258
2025-07-23,43177.0146,43315.4025,41862.3299,42119.3359
2025-07-24,42702.5378,42880.4650,41723.9379,42386.2227
2025-07-25,42564.1522,43918.3763,42386.2250,43760.2188
2025-07-28,43819.5284,43839.2981,42317.0316,42751.9648
2025-07-29,41763.4797,42435.6494,41368.0858,41615.2070
2025-07-30,42208.2983,42277.4923,41852.4438,42030.3711
2025-07-31,42524.6140,45173.7532,42405.9959,45025.4805
2025-08-01,43295.6300,44165.4965,42840.9270,43404.3633
2025-08-04,42020.4872,42702.5417,41674.5176,41911.7539
2025-08-05,41941.4033,42069.9063,40656.3733,41348.3125
2025-08-06,40537.7593,40814.5350,39727.2018,40359.8320
2025-08-07,39667.8889,40221.4403,39173.6466,39638.2344
2025-08-08,39737.0869,40666.2626,39321.9233,40092.9414
2025-08-12,40784.8811,41990.8325,40241.2144,41704.1719
2025-08-13,42208.2937,42455.4149,41575.6635,42356.5664
2025-08-14,42010.6027,42228.0693,41041.8876,41170.3906
2025-08-15,41318.6615,41990.8311,41229.6979,41862.3281
2025-08-18,41565.7802,41714.0529,40656.3744,40735.4531
2025-08-19,41120.9671,41595.4398,40844.1914,40844.1914
2025-08-20,40033.6309,40280.7521,38768.3704,38847.4492
2025-08-21,38560.7845,38995.7177,38115.9664,38165.3906
2025-08-22,38303.7802,38629.9801,37967.6954,38195.0469
2025-08-25,39134.1086,39717.3145,38926.5268,39707.4297
2025-08-26,39440.5391,39816.1632,39153.8785,39440.5391
2025-08-27,39776.6231,40804.6471,39470.1928,40488.3320
2025-08-28,39806.2840,40943.0416,39519.6234,40873.8477
2025-08-29,41111.0840,41120.9689,40053.4052,40873.8477
2025-09-01,39242.8446,39430.6567,37137.3721,37720.5781
2025-09-02,37858.9637,38076.4303,37176.9093,37522.8789
2025-09-03,36830.9387,37582.1870,36830.9387,37167.0234
2025-09-04,37127.4873,37819.4266,37038.5236,37720.5781
2025-09-05,38017.1248,38402.6338,37424.0339,37809.5430
2025-09-08,38056.6645,38125.8585,37186.7979,37295.5312
2025-09-09,37671.1491,38234.5854,37087.9432,37344.9492
2025-09-10,37582.1912,38847.4517,37532.7669,38550.9062
2025-09-11,39163.7657,41111.0807,38946.2991,41041.8867
2025-09-12,41427.3955,41980.9469,40191.7895,40606.9531
2025-09-16,42030.3709,43977.6858,42030.3709,43948.0312
2025-09-17,43938.1472,45420.8743,43888.7229,44798.1289
2025-09-18,44926.6308,47783.3517,44343.4248,47061.7578
2025-09-19,49018.9576,49028.8424,45687.7640,47061.7578
2025-09-22,47496.6906,47862.4299,46429.1271,47121.0664
2025-09-24,47447.2649,48297.3617,47051.8710,48247.9375
2025-09-25,48089.7800,50234.7917,47813.0043,49671.3555
2025-09-26,48603.7915,48613.6764,45964.5374,46162.2344
2025-09-29,46518.0874,46934.4010,45982.8270,46399.1406
2025-09-30,46964.1333,47122.7290,46042.2962,46101.7695
2025-10-01,46399.1393,46488.3494,45526.8633,45526.8633
2025-10-02,47370.5401,50859.6445,47281.3300,50859.6445
2025-10-03,51047.9747,51315.6048,49372.8081,50552.3633
2025-10-06,52534.8084,53892.7837,52247.3538,53526.0312
2025-10-07,55012.8672,56559.1748,52514.9857,52733.0547
2025-10-08,51741.8327,52633.9333,51256.1335,51682.3594
2025-10-09,52673.5770,53555.7653,51910.3355,53258.3984
2025-10-10,52812.3525,53942.3466,52287.0044,53218.7539
2025-10-14,52941.2122,53516.1214,50800.1709,51047.9766
2025-10-15,50938.9410,52118.4962,50294.6462,51949.9883
2025-10-16,52534.8076,53535.9427,52088.7574,53268.3125
2025-10-17,51900.4269,52624.0196,51047.9753,51315.6055
2025-10-20,52247.3540,53189.0156,51632.7958,53189.0156
2025-10-21,53684.6286,53843.2243,51870.6909,52078.8477
2025-10-22,51642.7054,52544.7181,51246.2163,52435.6836
2025-10-23,50433.4159,50760.5194,49590.8765,50443.3281
2025-10-24,51840.9531,53208.8406,51741.8309,52980.8594
2025-10-27,53644.9770,53773.8359,53198.9267,53773.8359
2025-10-28,53595.4183,54398.3088,53288.1392,53407.0859
2025-10-29,54864.1830,56549.2617,54507.3427,55895.0547
2025-10-30,53377.3511,53813.4892,50354.1214,51305.6953
2025-10-31,50552.3619,51751.7415,50007.1894,51157.0078
2025-11-04,51573.3222,52624.0184,51226.3942,51414.7266
2025-11-05,48431.1445,48569.9157,45635.8963,47122.7305
2025-11-06,48560.0034,50364.0288,48322.1099,50076.5742
2025-11-07,48371.6752,48728.5154,47350.7157,48094.1328
2025-11-10,49055.6168,50007.1907,48153.6040,49580.9648
2025-11-11,50106.3104,50145.9594,46884.8365,47330.8867
2025-11-12,47162.3795,47578.6931,45903.5266,47439.9219
2025-11-13,47033.5197,48004.9180,46448.6982,48004.9180
2025-11-14,45516.9544,47162.3843,45477.3054,46874.9297
2025-11-17,46597.3827,47856.2356,46577.5582,47588.6055
2025-11-18,46835.2770,46964.1359,45398.0039,45398.0039
2025-11-19,45100.6381,45427.7417,43365.9982,43841.7852
2025-11-20,47311.0640,48104.0423,45903.5277,46855.1016
2025-11-21,44040.0294,44238.2739,42890.2109,43544.4180
2025-11-25,44238.2742,44287.8353,42384.6875,42384.6875
2025-11-26,42959.5958,44030.1164,42781.1757,43603.8906
2025-11-27,44020.2050,44099.5028,43128.1045,43375.9102
2025-11-28,43514.6797,43663.3632,42890.2094,43346.1719
2025-12-01,43831.8705,44020.2029,41998.1084,42077.4062
2025-12-02,42731.6165,43435.3847,42136.8828,42136.8828
2025-12-03,43108.2797,44377.0449,42820.8251,44049.9414
2025-12-04,44733.8848,46062.1233,44535.6402,45060.9883
2025-12-05,45199.7597,45834.1423,44842.9195,45695.3711
2025-12-08,45645.8095,47469.6594,45546.6872,47043.4336
2025-12-09,47737.2888,49729.6465,47608.4298,49234.0352
2025-12-10,49303.4242,50800.1707,47727.3799,48133.7812
2025-12-11,48599.6527,49462.0165,48282.4614,48897.0195
2025-12-12,49462.0148,49462.0148,47132.6414,48381.5820
2025-12-15,46993.8735,47836.4129,46716.3311,47281.3281
2025-12-16,47400.2756,47965.2727,45635.8990,45913.4414
2025-12-17,45219.5815,45913.4374,44803.2680,45427.7383
2025-12-18,44040.0284,44486.0786,43663.3637,43792.2227
2025-12-19,44347.3088,44783.4469,44030.1175,44327.4844
2025-12-22,45982.8260,46934.3999,45645.8102,46815.4531
2025-12-23,46914.5760,46934.4005,46081.9488,46438.7891
2025-12-24,46874.9297,47053.3498,46458.6161,46874.9297
2025-12-25,46983.9610,47995.0083,46884.8388,47301.1523
2025-12-26,47578.6948,48540.1809,47311.0646,48441.0586
2025-12-29,48738.4230,48738.4230,47102.9055,47330.8867
2025-12-30,47281.3245,47905.7949,47172.2900,47747.1992
2026-01-05,49531.4064,50770.4350,48897.0238,50651.4883
2026-01-06,51087.6246,53724.2773,50938.9412,53724.2773
2026-01-07,54011.7282,55795.9292,53981.9916,55181.3711
2026-01-08,54190.1531,56588.9124,53922.5229,55102.0781
2026-01-09,55052.5142,55746.3702,53198.9276,54517.2539
2026-01-13,56747.5057,57431.4494,55746.3706,56925.9258
2026-01-14,57718.9029,59631.9628,57619.7806,59473.3672
2026-01-15,58779.5102,59027.3159,56727.6790,58581.2656
2026-01-16,59572.4902,60068.1016,58184.7782,60068.1016
2026-01-19,60097.8363,62100.1062,59463.4537,61872.1250
2026-01-20,61614.4084,61822.5652,59394.0694,59473.3672
2026-01-21,57619.7838,60068.1042,57619.7838,58055.9219
2026-01-22,63438.2602,67968.1484,63289.5767,67968.1484
2026-01-23,69088.2258,70148.8341,66927.3602,67353.5859
2026-01-26,66580.4396,68790.8666,65688.3391,65916.3203
2026-01-27,66907.5435,68394.3778,66074.9163,68324.9922
2026-01-28,69008.9312,70674.1855,68196.1285,69861.3828
2026-01-29,70773.3100,71437.4293,66421.8418,66748.9453
2026-01-30,65817.1880,66848.0596,64766.4919,65609.0312
2026-02-02,64617.8135,65490.0896,61475.6373,61753.1797
2026-02-03,64726.8518,66580.4385,64330.3627,66332.6328
2026-02-04,65341.4072,67541.9219,64796.2347,67541.9219
2026-02-05,64825.9734,66699.3846,63507.6471,64597.9922
2026-02-06,63309.3971,66501.1344,62952.5569,65222.4570
2026-02-09,69851.4713,72012.3370,68681.8284,71596.0234
2026-02-10,72270.0529,76215.1196,72151.1062,74708.4609
2026-02-12,74708.4638,75273.4608,71883.4787,72190.7578
2026-02-13,71675.3173,73449.6060,71576.1950,72418.7344
2026-02-16,72726.0151,72944.0841,71417.6010,71625.7578
2026-02-17,71566.2869,72289.8796,69791.9981,71090.5000
2026-02-18,70674.1832,71913.2116,70317.3430,71199.5312
2026-02-19,73350.4894,75134.6905,72874.7024,73419.8750
2026-02-20,72379.0892,74411.0960,71873.5656,73409.9609
2026-02-24,74341.7075,75808.7172,73053.1179,74956.2656
2026-02-25,77117.1379,79575.3705,76720.6487,79297.8281
2026-02-26,80229.5710,80289.0443,76165.5576,78375.9844
2026-02-27,75531.1763,75888.0165,73459.5206,74837.3203
2026-03-02,73350.4873,75184.2494,72726.0169,74252.5000
2026-03-03,74569.6901,75134.6871,72012.3353,72389.0000
2026-03-04,71021.1160,73271.1918,67284.2059,68354.7266
2026-03-05,71100.4169,72755.7591,69504.5480,71031.0312
2026-03-06,69791.9983,73142.3315,69682.9638,72864.7891
2026-03-09,66947.1921,67502.2769,63557.2099,65916.3203
2026-03-10,69385.5943,71169.7953,68305.1615,69177.4375
2026-03-11,70941.8186,73132.4211,70059.6303,71734.7969
2026-03-12,70743.5699,71407.6892,69623.4882,70614.7109
2026-03-13,68136.6518,69137.7868,67948.3195,68999.0156
2026-03-16,69306.3047,69772.1794,67928.5049,69306.3047
2026-03-17,70297.5250,70545.3307,66758.8594,66758.8594
2026-03-18,68097.0115,70059.6328,68057.3626,70059.6328
2026-03-19,68840.4223,69752.3472,68047.4441,68969.2812
2026-03-23,65529.7381,65658.5971,63299.4869,64726.8477
2026-03-24,67403.1501,67750.0781,63864.4847,64816.0586
2026-03-25,67393.2404,68324.9898,66421.8420,67383.3281
2026-03-26,67581.5687,67670.7788,66520.9603,66897.6250
2026-03-27,65420.7066,66312.8071,64251.0637,65946.0547
2026-03-30,64287.2847,64446.7817,62094.2000,64048.0391
2026-03-31,60808.2544,63729.0443,60250.0147,61047.5000
2026-04-01,63041.2151,63479.8320,61396.4016,63479.8320
2026-04-02,65224.3291,66460.4313,62303.5392,63370.1758
2026-04-03,64945.2084,65892.2222,64267.3459,65443.6367
2026-04-06,66290.9697,67606.8206,65852.3528,66769.4609
2026-04-07,65792.5360,65912.1588,62662.4062,62662.4062
2026-04-08,65792.5345,68055.3990,65792.5345,67237.9766
2026-04-09,65294.1085,65662.9454,64127.7862,64396.9375
2026-04-10,65553.2942,66879.1135,65324.0171,66679.7422
2026-04-13,65991.9121,67178.1715,65991.9121,67158.2344
2026-04-14,70318.2700,72222.2662,69750.0617,71404.8438
2026-04-15,72720.6908,72720.6908,69949.4294,70358.1406
2026-04-16,71524.4611,72820.3746,70417.9502,72800.4375
2026-04-17,72321.9517,73298.8713,71793.6177,72670.8516
2026-04-20,73169.2730,75083.2376,71574.3024,72720.6875
2026-04-21,71773.6741,74116.2870,71773.6741,74006.6328
2026-04-22,74265.8186,75262.6752,73946.8244,74594.7812
2026-04-23,76090.0690,76110.0062,71006.1001,71773.6797
2026-04-24,72800.4364,74076.4129,70866.5347,71474.6172
2026-04-27,72770.5323,76010.3163,72571.1610,75791.0078
2026-04-28,74863.9309,77904.3435,73368.6460,76199.7188
2026-04-30,74305.6934,75820.9155,72680.8171,73777.3594
2026-05-01,73627.8298,74225.9437,71973.0478,72022.8906
2026-05-07,75820.9160,77555.4465,75561.7333,76349.2500
2026-05-08,75601.6096,76100.0379,74594.7844,74764.2500
2026-05-11,74534.9666,75771.0687,72870.2161,73149.3359
2026-05-12,73418.4922,73498.2407,71145.6591,72571.1641
2026-05-13,71145.6598,72780.5047,70108.9288,72611.0391
2026-05-14,73268.9590,73757.4187,69779.9609,69779.9609
2026-05-15,71275.2499,71295.1871,64097.8821,64695.9961
2026-05-18,65194.4221,65244.2649,62084.2295,63300.3945
2026-05-19,63300.3947,63489.7975,60459.3534,61406.3672
2026-05-20,61007.6276,61954.6414,59462.4997,61147.1875
2026-05-21,63400.0807,66450.4619,63021.2751,65443.6367
2026-05-22,66490.3361,66749.5188,64885.3970,65652.9766
2026-05-25,67028.6404,70039.1474,66968.8290,69560.6562
2026-05-26,70447.8608,70447.8608,66131.4714,66699.6797
2026-05-27,68523.9249,70328.2354,67128.3256,67417.4141
2026-05-28,66420.5574,67417.4140,64596.3097,66141.4375
2026-05-29,65483.5124,66310.9034,63380.1449,64885.3984
2026-06-01,63888.5408,64885.3974,63061.1498,63559.5781
2026-06-02,62871.7473,63998.1953,61336.5881,63998.1953
2026-06-03,65702.8172,69750.0549,64925.2691,68494.0156
2026-06-04,67945.7464,72401.6954,67865.9978,71983.0156
2026-06-05,72930.0284,74206.0048,70218.5785,72351.8516
2026-06-08,66370.7119,68484.0479,66231.1520,67267.8828
2026-06-09,69211.7571,71863.3958,67537.0379,71295.1875
2026-06-10,69799.8992,73358.6772,69102.0996,69839.7734
2026-06-11,68344.4880,70537.5725,66231.1520,69809.8672
2026-06-12,73518.1756,79848.2151,73079.5586,79648.8438
2026-06-15,82390.2039,85869.2337,80197.1192,84982.0312
2026-06-16,84344.0375,84932.1829,80954.7250,81293.6562
2026-06-17,79798.3718,85121.5861,79748.5290,83436.8984
2026-06-18,83237.5274,85281.0835,82180.8594,84722.8438
2026-06-19,87264.8264,88819.9227,84533.4393,84633.1250
2026-06-22,85759.5762,88969.4546,85360.8336,88201.8750
2026-06-23,90684.0464,91391.8146,82609.5078,82609.5078
2026-06-24,81861.8705,83137.8470,77585.3553,79489.3516
2026-06-25,83676.1466,86606.9052,83387.0582,85699.7656
2026-06-26,82709.1913,83955.2621,77934.2483,78263.2109
2026-06-29,79339.8196,79339.8196,75093.2103,79299.9453
2026-06-30,81562.8100,83606.3661,79559.1282,81004.5703
2026-07-01,85071.7427,88301.5581,83456.8350,84254.3203
2026-07-02,78552.3002,80137.3022,76528.6813,76618.3984
2026-07-03,73767.3913,76668.2441,72521.3205,76349.2500
2026-07-06,77754.8203,78582.2113,74993.5273,77754.8203
2026-07-07,75362.3617,76658.2754,71374.9352,71673.9922
2026-07-08,68683.4252,71484.5925,67816.1599,68015.5312
2026-07-09,69919.5251,72112.6098,69012.3856,71285.2188
2026-07-10,72660.8767,73538.1105,71394.8689,72331.9141
2026-07-13,71484.5861,74694.4643,70108.9240,70647.2266
2026-07-14,69809.8734,71484.5927,68513.9597,71424.7812
2026-07-15,71923.2054,74006.6358,71255.3115,73318.8047
2026-07-16,70836.6320,71055.9404,68065.3706,70368.1094
2026-07-17,65473.5420,66380.6816,62064.2924,64576.3711
2026-07-21,64586.3423,66918.9869,62801.9689,66629.8984
2026-07-22,68623.6126,71823.5225,67307.7618,68374.3984
2026-07-23,70029.1799,71853.4276,69042.2918,69191.8203
2026-07-24,62602.5978,62821.9062,59233.2223,60698.6016
2026-07-27,61446.2412,62901.6519,59921.0506,62453.0664
2026-07-28,56820.8286,57119.8856,54697.5240,54727.4297
2026-07-29,53860.1651,55833.9413,50042.2041,51158.6836
2026-07-30,50430.9766,53421.5465,49244.7173,51706.9531
2026-07-31,59681.8065,60798.2859,57249.4763,58296.1758
2026-08-03,57817.6831,61406.3669,57658.1860,60329.7617
2026-08-04,60389.5760,61366.4955,58585.2655,60698.6016
2026-08-05,63689.1691,64277.3145,62243.7270,63539.6406
2026-08-06,61605.7383,62801.9663,60509.1961,61396.3984
2026-08-07,61296.7135,61506.0534,57339.1927,58256.3008
2026-08-10,59831.3356,63031.2454,59831.3356,62782.0312
2026-08-12,62004.4827,63031.2450,61047.5003,62762.0938
2026-08-13,65194.4220,67018.6696,64755.8051,65623.0703
2026-08-14,67905.8732,67905.8732,64526.5292,65264.2031
2026-08-17,65104.7063,65802.5060,64127.7868,65702.8203
2026-08-18,65613.1043,65613.1043,61575.8349,62154.0117
2026-08-19,59163.4411,61386.4314,58435.7358,59572.1523
2026-08-20,58984.0055,60170.2649,58714.8542,60130.3906
2026-08-21,59133.5336,61167.1211,58954.0994,61167.1211
2026-08-24,62163.9788,62782.0299,60090.5170,61226.9336
2026-08-25,59931.0224,60808.2562,58565.3287,60509.1992
2026-08-26,59592.0895,60728.5060,57967.2132,60419.4805
2026-08-27,61306.6833,61685.4888,58694.9189,59592.0898
2026-08-28,59881.1782,61077.4061,59043.8186,59163.4414
2026-08-31,56172.8723,58246.3342,55724.2868,57937.3086
2026-09-01,56382.2115,56980.3255,55724.2861,56412.1172
2026-09-02,54418.4052,55744.2245,54139.2853,54996.5820
2026-09-03,54448.3097,54866.9895,53491.3273,53870.1328
2026-09-04,53830.2584,54926.8007,53571.0757,54288.8125
2026-09-07,56352.3044,57528.5952,56132.9959,56970.3555
2026-09-08,56541.7098,57089.9810,53720.6055,53720.6055
2026-09-09,54478.2149,55833.9399,52992.8985,53421.5469
2026-09-10,53252.0811,54418.4033,52763.6213,53411.5781
2026-09-11,51417.8667,51986.0750,50490.7900,51816.6094
2026-09-14,50042.2023,51746.8271,49464.0255,51268.3359
2026-09-15,50002.3275,51716.9209,49992.3589,51238.4297
2026-09-16,50590.4733,51138.7445,49623.5224,50839.6875
2026-09-17,51597.2988,51637.1731,49643.4598,50430.9766
2026-09-18,51936.2285,52394.7826,51168.6490,52255.2227
2026-09-24,53830.2570,53830.2570,52285.1293,53152.3945
2026-09-25,53262.0497,54687.5546,53262.0497,54049.5664
2026-09-28,56212.7447,56521.7702,54209.0629,54229.0000
2026-09-29,56000.0000,56750.0000,55310.0000,56680.0000
