Date,Open,High,Low,Close
2000-01-04,1108.6087,1141.3327,1099.2590,1128.6438
2000-01-05,1028.4685,1068.5387,1009.7691,1051.8428
2000-01-06,1055.1822,1061.8605,991.7377,999.0839
2000-01-07,975.0417,991.0698,951.6674,977.7131
2000-01-10,977.7131,977.7131,977.7131,977.7131
2000-01-11,1104.6021,1104.6021,1065.1998,1085.2349
2000-01-12,1045.1644,1067.2030,1037.8182,1051.8428
2000-01-13,1035.1472,1048.5039,1027.1331,1048.5039
2000-01-14,1068.5387,1071.8779,1032.4755,1051.8428
2000-01-17,1064.5319,1065.1997,1041.8254,1049.8395
2000-01-18,1068.5384,1071.2097,1042.4928,1056.5173
2000-01-19,1056.5174,1063.1957,1021.7899,1034.4788
2000-01-20,1048.5037,1080.5599,1048.5037,1058.5212
2000-01-21,1068.5391,1077.8888,1061.8607,1068.5391
2000-01-24,1068.5388,1078.5564,1058.5213,1069.2067
2000-01-25,1055.1815,1075.8845,1049.8388,1055.8494
2000-01-26,1061.1927,1065.8676,1040.4898,1043.8290
2000-01-27,1048.5034,1053.8461,1042.4929,1047.1677
2000-01-28,1061.8606,1061.8606,1033.1436,1035.1471
2000-01-31,1031.8080,1047.8361,1015.7799,1015.7799
2000-02-01,1021.7907,1039.1545,1015.1124,1035.8153
2000-02-02,1048.5037,1063.8639,1035.8148,1059.1891
2000-02-03,1061.1929,1075.2174,1059.1893,1068.5391
2000-02-04,1068.5384,1074.5489,1054.5138,1061.8600
2000-02-07,1068.5388,1097.9236,1068.5388,1097.2557
2000-02-08,1108.6088,1112.6158,1082.5631,1091.9128
2000-02-09,1095.2524,1101.9308,1072.5460,1085.2349
2000-02-10,1068.5388,1076.5529,1060.5248,1069.2067
2000-02-11,1069.2067,1069.2067,1069.2067,1069.2067
2000-02-14,1064.5314,1091.9126,1056.5173,1079.2238
2000-02-15,1078.5561,1091.2450,1045.1643,1050.5070
2000-02-16,1050.5073,1052.5108,1030.4722,1033.8114
2000-02-17,1033.8112,1068.5387,1021.1223,1054.5142
2000-02-18,1074.5490,1074.5490,1029.8040,1030.4718
2000-02-21,1025.7971,1030.4720,1009.7691,1015.1118
2000-02-22,1015.1115,1017.1150,993.7407,1001.7548
2000-02-23,989.7336,993.7407,972.3699,985.7266
2000-02-24,999.0833,999.0833,989.0657,995.7441
2000-02-25,998.4159,1001.7551,983.0557,997.7481
2000-02-28,1001.0870,1020.4542,991.0694,1008.4332
2000-02-29,1008.4331,1008.4331,981.0518,1001.0869
2000-03-01,1007.7655,1015.1117,999.0837,1006.4299
2000-03-02,932.9679,956.3422,932.9679,947.6603
2000-03-03,934.3035,944.9889,911.5971,924.9538
2000-03-06,948.3282,959.6814,934.9714,935.6393
2000-03-07,938.3107,949.6639,936.9750,948.3282
2000-03-08,934.9712,959.6812,932.2999,955.0063
2000-03-09,958.3457,965.0241,942.3176,943.6533
2000-03-10,934.9712,938.3104,904.9185,910.9291
2000-03-13,870.8592,884.2159,788.7153,801.4042
2000-03-14,794.7257,830.1210,785.3759,808.0824
2000-03-15,794.7257,801.4041,781.3690,788.0474
2000-03-16,801.4040,847.4847,800.0683,847.4847
2000-03-17,861.5092,861.5092,842.1419,858.1700
2000-03-20,858.1700,858.1700,858.1700,858.1700
2000-03-21,831.4567,832.7924,813.4252,832.7924
2000-03-22,832.7922,838.1349,810.0858,826.7817
2000-03-23,832.7924,841.4743,821.4392,837.4673
2000-03-24,824.1103,834.7957,800.0682,834.7957
2000-03-27,848.1527,848.1527,818.7679,841.4743
2000-03-28,843.4826,844.8215,816.7054,843.4826
2000-03-29,836.7881,880.3010,835.4492,868.2513
2000-03-30,870.9292,882.3095,846.8297,853.5240
2000-03-31,836.7884,840.1356,815.3666,816.0361
2000-04-03,848.1686,868.9210,835.4494,859.5490
2000-04-04,866.9128,866.9128,847.4993,850.1770
2000-04-05,856.2017,856.2017,843.4825,854.8628
2000-04-06,883.6484,896.3676,870.9292,876.9541
2000-04-07,890.3427,909.0868,886.9955,887.6650
2000-04-10,909.7563,943.2278,908.4174,937.8724
2000-04-11,930.5082,940.5497,920.4668,940.5497
2000-04-12,930.5086,939.2112,926.4920,933.8557
2000-04-13,893.6899,910.4256,850.1769,876.9541
2000-04-14,843.4826,858.8795,836.7883,836.7883
2000-04-17,783.2338,801.9778,775.2006,799.9695
2000-04-18,826.7467,831.4327,810.0109,826.7467
2000-04-19,853.5241,865.5738,846.8298,856.2018
2000-04-20,854.8628,881.6400,847.4991,854.8628
2000-04-21,860.2184,868.9210,833.4412,833.4412
2000-04-24,850.1770,870.2599,850.1770,868.9211
2000-04-25,855.5324,872.9376,850.8464,866.9127
2000-04-26,880.3012,893.0204,864.2349,864.2349
2000-04-27,853.5237,860.2180,846.1600,846.8294
2000-04-28,861.5570,873.6068,851.5156,863.5653
2000-05-01,903.7313,939.8805,897.0370,929.8391
2000-05-02,943.8974,958.6249,931.8476,955.2777
2000-05-03,955.2777,955.2777,955.2777,955.2777
2000-05-04,955.2777,955.2777,955.2777,955.2777
2000-05-05,955.2777,955.2777,955.2777,955.2777
2000-05-08,968.6662,972.6828,953.9387,959.2942
2000-05-09,959.2942,959.2942,959.2942,959.2942
2000-05-10,898.3756,926.4917,895.0284,917.7891
2000-05-11,891.0123,899.0455,883.6486,892.3512
2000-05-12,900.3838,906.4087,885.6564,895.0284
2000-05-15,913.7729,925.8227,909.7563,917.1201
2000-05-16,930.5086,941.8889,924.4837,937.2029
2000-05-17,963.9801,963.9801,917.1200,928.5003
2000-05-18,915.1118,918.4590,897.0372,907.7481
2000-05-19,903.7313,907.0785,872.9375,876.9541
2000-05-22,850.1770,858.2102,831.4329,850.1770
2000-05-23,836.7882,842.1436,816.7052,826.7467
2000-05-24,827.4159,841.4739,812.0190,834.1102
2000-05-25,860.8879,860.8879,838.7967,846.1604
2000-05-26,846.1602,866.9125,840.1353,860.2182
2000-05-29,872.9374,884.9872,864.9043,881.6400
2000-05-30,881.6400,881.6400,881.6400,881.6400
2000-05-31,903.7313,903.7313,874.9458,893.0204
2000-06-01,877.6234,890.3425,872.9373,890.3425
2000-06-02,903.7314,917.1201,897.0371,917.1201
2000-06-05,937.2029,940.5500,927.1614,937.2029
2000-06-06,910.4257,923.8144,900.3843,917.1201
2000-06-07,904.4009,904.4009,887.6652,903.7315
2000-06-08,890.3424,901.0533,887.6646,895.0284
2000-06-09,881.6400,904.4007,881.6400,899.0452
2000-06-12,904.4008,912.4340,893.6899,907.0786
2000-06-13,895.0288,917.1201,895.0288,917.1201
2000-06-14,923.8144,923.8144,902.3926,903.7315
2000-06-15,895.6981,917.1198,878.9623,881.6400
2000-06-16,890.3429,917.7896,888.3346,903.7315
2000-06-19,903.7314,917.1201,903.7314,917.1201
2000-06-20,930.5084,933.1861,923.8141,930.5084
2000-06-21,943.8970,974.0214,943.8970,972.0131
2000-06-22,985.4015,1000.7984,977.3684,990.7570
2000-06-23,977.3686,990.0878,976.0298,983.3935
2000-06-26,970.0049,986.7407,969.3355,986.0712
2000-06-27,984.0629,1000.7987,972.6826,1000.7987
2000-06-28,997.4517,1000.7989,986.7408,999.4600
2000-06-29,997.4515,1014.1872,997.4515,1010.1707
2000-06-30,1007.4930,1030.9231,1004.8153,1024.2288
2000-07-03,1024.2285,1030.9228,1019.5425,1027.5757
2000-07-04,1033.6004,1036.9476,1021.5507,1024.8978
2000-07-05,1010.8400,1023.5592,994.7737,1023.5592
2000-07-06,976.6993,980.0464,943.8972,943.8972
2000-07-07,957.2858,963.3107,937.2029,937.2029
2000-07-10,949.9221,956.6164,923.8143,923.8143
2000-07-11,923.8143,937.2029,916.4505,923.8143
2000-07-12,937.2025,950.5911,936.5331,940.5497
2000-07-13,949.2526,957.2858,937.8723,943.8972
2000-07-14,930.5083,936.5331,919.1280,925.1528
2000-07-17,918.4588,928.5003,918.4588,923.8143
2000-07-18,925.8227,925.8227,901.7232,910.4258
2000-07-19,925.8227,925.8227,901.7232,910.4258
2000-07-20,910.4258,910.4258,910.4258,910.4258
2000-07-21,909.0868,909.0868,880.3013,882.9790
2000-07-24,876.2844,876.2844,855.5321,868.2513
2000-07-25,843.4827,855.5325,843.4827,852.8547
2000-07-26,866.2431,875.6151,856.8710,870.2596
2000-07-27,856.8710,859.5487,846.1601,850.8461
2000-07-28,838.7966,860.2183,831.4328,848.1686
2000-07-31,830.7634,876.9541,830.7634,876.9541
2000-08-01,870.2595,875.6150,852.8543,872.2678
2000-08-02,856.8710,860.8876,853.5239,856.8710
2000-08-03,840.8049,844.8214,835.4494,836.7883
2000-08-04,828.7551,830.7634,823.3996,828.7551
2000-08-07,826.7469,838.1272,817.3749,825.4080
2000-08-08,838.7964,840.8047,827.4161,836.1187
2000-08-09,831.4329,842.1438,827.4163,833.4412
2000-08-10,846.8297,848.1686,833.4411,838.7966
2000-08-11,836.7880,838.7963,818.7134,828.0854
2000-08-14,816.7053,819.3830,806.6638,812.0193
2000-08-15,825.4079,827.4162,811.3499,816.7053
2000-08-16,830.0942,839.4662,823.3999,832.7719
2000-08-17,835.4495,836.1189,828.7551,833.4412
2000-08-18,832.7718,832.7718,821.3914,825.4080
2000-08-21,838.7967,844.1522,830.0941,842.8133
2000-08-22,838.7967,842.8133,828.7552,842.8133
2000-08-23,845.4908,867.5820,842.1437,864.2349
2000-08-24,862.2268,880.9709,860.2185,876.2849
2000-08-25,876.2847,877.6235,866.9126,876.9541
2000-08-28,890.3429,901.0538,880.9708,897.7066
2000-08-29,897.7064,900.3841,892.3509,899.0452
2000-08-30,886.9955,886.9955,867.5821,873.6069
2000-08-31,870.2596,871.5984,842.1435,845.4907
2000-09-01,856.8714,856.8714,823.3999,830.0942
2000-09-04,843.4827,859.5490,837.4578,846.1604
2000-09-05,833.4411,836.7882,812.6887,816.7053
2000-09-06,803.3167,814.0276,801.9779,803.9861
2000-09-07,803.3167,808.6721,797.9612,806.6638
2000-09-08,810.0112,823.3998,808.6723,820.0526
2000-09-11,806.6640,820.0526,803.9863,810.6806
2000-09-12,807.3332,812.0192,799.9694,804.6555
2000-09-13,808.6723,843.4827,808.6723,842.8133
2000-09-14,866.9127,885.6567,866.2432,880.3013
2000-09-15,880.3013,880.3013,880.3013,880.3013
2000-09-18,870.2598,886.9956,866.9126,877.6235
2000-09-19,847.4991,854.8628,841.4742,853.5240
2000-09-20,856.8713,876.2848,854.8630,868.9211
2000-09-21,868.9207,886.3259,855.5321,868.2513
2000-09-22,845.4909,853.5241,838.1272,843.4826
2000-09-25,856.8714,862.8963,827.4165,830.0942
2000-09-26,837.1541,850.6024,821.6886,823.0334
2000-09-27,809.5851,816.3092,808.9126,811.6023
2000-09-28,819.6716,833.7923,805.5509,810.9302
2000-09-29,837.8266,847.2403,827.0680,843.2059
2000-10-02,820.3440,826.3957,808.9130,826.3957
2000-10-03,816.9816,832.4471,812.9471,827.0678
2000-10-04,835.8091,855.9815,831.1022,850.6022
2000-10-05,857.3263,861.3608,850.6022,850.6022
2000-10-06,849.9301,862.0336,847.2405,857.3267
2000-10-09,857.3267,857.3267,857.3267,857.3267
2000-10-10,850.6024,872.1196,849.9300,864.0507
2000-10-11,864.0510,864.0510,845.8958,856.6544
2000-10-12,840.5165,863.3785,839.8440,853.9647
2000-10-13,840.5164,847.2406,834.4647,845.8958
2000-10-16,845.8958,845.8958,845.8958,845.8958
2000-10-17,857.3265,860.6886,847.2403,860.6886
2000-10-18,833.7920,833.7920,823.0334,829.7575
2000-10-19,830.4300,837.1541,813.6197,823.0334
2000-10-20,841.8610,843.8783,830.4300,839.8438
2000-10-23,830.4303,839.8441,827.7406,829.0854
2000-10-24,827.0681,831.1026,823.7060,825.7233
2000-10-25,823.7059,823.7059,815.6370,815.6370
2000-10-26,807.5681,830.4302,804.2061,826.3957
2000-10-27,826.3957,826.3957,826.3957,826.3957
2000-10-30,806.8955,810.2576,792.1024,795.4645
2000-10-31,803.5336,812.2750,781.3440,786.7233
2000-11-01,796.8095,809.5853,794.1198,803.5336
2000-11-02,798.1540,815.6368,796.1368,811.6023
2000-11-03,811.6023,811.6023,811.6023,811.6023
2000-11-06,826.3955,835.1369,821.6886,834.4645
2000-11-07,836.4820,836.4820,817.6545,823.7062
2000-11-08,820.3438,827.0679,811.6024,823.0334
2000-11-09,806.8957,810.2578,797.4819,803.5336
2000-11-10,801.5165,804.8786,788.7407,796.8096
2000-11-13,783.3612,783.3612,773.9475,781.3440
2000-11-14,786.7234,786.7234,763.8614,770.5855
2000-11-15,805.5507,805.5507,784.7059,788.0680
2000-11-16,801.5162,801.5162,769.2404,775.2921
2000-11-17,761.8439,769.9128,742.3439,748.3956
2000-11-20,748.3957,750.4129,736.9647,745.0336
2000-11-21,731.5852,731.5852,716.1197,725.5334
2000-11-22,738.9821,738.9821,712.0856,719.4821
2000-11-23,719.4821,719.4821,719.4821,719.4821
2000-11-24,732.9303,741.6716,726.2061,731.5854
2000-11-27,745.7062,759.1545,741.6717,746.3786
2000-11-28,739.6544,750.4130,734.2750,735.6199
2000-11-29,719.4818,729.5680,717.4646,720.8267
2000-11-30,707.3787,716.1201,706.7063,710.7408
2000-12-01,714.7751,739.6544,714.7751,730.9130
2000-12-04,744.3612,752.4302,743.6888,745.0336
2000-12-05,753.1026,753.1026,734.9475,736.2923
2000-12-06,759.8266,761.1714,749.7404,752.4301
2000-12-07,739.6542,746.3783,736.2921,740.9990
2000-12-08,727.5508,738.3094,727.5508,737.6370
2000-12-11,743.6889,759.8268,741.6717,755.1199
2000-12-12,763.1889,764.5337,752.4303,753.7751
2000-12-13,763.1887,766.5508,759.8267,763.1887
2000-12-14,753.7751,767.2234,753.7751,759.8268
2000-12-15,751.7578,762.5164,748.3957,753.1026
2000-12-18,739.6542,749.7404,738.3094,740.9990
2000-12-19,737.6370,737.6370,720.1542,726.2059
2000-12-20,722.8439,722.8439,701.3267,701.9991
2000-12-21,677.1199,704.6888,676.4475,704.6888
2000-12-22,698.6374,699.3098,679.8099,685.8616
2000-12-25,704.6890,704.6890,692.5855,700.6545
2000-12-26,698.6373,712.7579,693.9304,705.3614
2000-12-27,704.0164,704.6888,689.2233,704.6888
2000-12-28,694.6028,697.2925,689.2235,692.5856
2000-12-29,679.1372,687.2062,679.1372,684.5165
2001-01-01,684.5165,684.5165,684.5165,684.5165
2001-01-02,684.5165,684.5165,684.5165,684.5165
2001-01-03,684.5165,684.5165,684.5165,684.5165
2001-01-04,695.9476,699.3096,679.8096,684.5165
2001-01-05,697.9647,714.1026,692.5854,714.1026
2001-01-08,714.1026,714.1026,714.1026,714.1026
2001-01-09,704.6888,706.0336,683.1716,690.5681
2001-01-10,691.2406,691.2406,677.1200,682.4993
2001-01-11,685.8613,692.5854,663.6716,668.3785
2001-01-12,671.0681,671.0681,654.2578,661.6543
2001-01-15,672.4131,685.8613,669.7234,674.4303
2001-01-16,679.1372,681.8269,662.9993,679.1372
2001-01-17,685.8613,685.8613,676.4475,683.1716
2001-01-18,701.9993,714.1027,698.6372,708.7234
2001-01-19,729.5681,729.5681,708.7233,710.0681
2001-01-22,710.0682,712.7578,693.9303,709.3958
2001-01-23,699.9819,724.1888,698.6371,722.8439
2001-01-24,722.8441,722.8441,709.3959,720.1545
2001-01-25,721.4994,723.5166,711.4132,715.4476
2001-01-26,701.9993,703.3441,692.5855,702.6717
2001-01-29,712.7577,726.2060,712.0853,722.8439
2001-01-30,731.5852,743.0163,731.5852,737.6370
2001-01-31,728.2233,738.3095,722.8440,736.2923
2001-02-01,720.1545,732.2579,714.1028,732.2579
2001-02-02,726.2059,736.2921,723.5162,725.5334
2001-02-05,706.7060,712.7578,702.6716,712.7578
2001-02-06,685.8614,697.2924,685.8614,694.6027
2001-02-07,667.7061,685.8613,667.7061,681.8268
2001-02-08,681.8269,692.5855,672.4131,687.2062
2001-02-09,687.2061,706.0337,685.8613,696.6199
2001-02-12,696.6199,696.6199,696.6199,696.6199
2001-02-13,706.0336,706.0336,694.6025,698.6370
2001-02-14,686.5337,691.9131,677.7924,682.4993
2001-02-15,691.2404,703.3438,689.2232,697.2921
2001-02-16,694.6026,701.3267,689.2233,691.2405
2001-02-19,682.4992,685.1888,671.7406,677.7923
2001-02-20,674.4305,685.8616,673.7581,685.8616
2001-02-21,677.1199,680.4819,671.7406,673.7578
2001-02-22,665.6890,687.8786,662.9993,684.5165
2001-02-23,672.4131,689.2234,672.4131,686.5338
2001-02-26,680.4820,700.6544,680.4820,693.2579
2001-02-27,693.9304,699.3097,687.8787,695.2752
2001-02-28,681.8269,692.5855,679.1373,689.2234
2001-03-01,676.4476,680.4821,660.3097,660.9821
2001-03-02,658.9647,669.0509,653.5854,654.9302
2001-03-05,656.9475,664.3440,648.2061,654.9302
2001-03-06,675.1027,677.1200,669.0510,674.4303
2001-03-07,685.1889,689.2234,673.7579,680.4820
2001-03-08,677.1201,680.4821,669.0511,675.1028
2001-03-09,663.6717,673.0855,662.3268,669.7234
2001-03-12,665.0167,665.0167,654.2581,656.9478
2001-03-13,643.4994,644.8442,630.7235,632.0684
2001-03-14,632.0684,632.0684,632.0684,632.0684
2001-03-15,605.8444,653.5857,604.4995,653.5857
2001-03-16,646.8614,655.6028,638.7925,638.7925
2001-03-19,638.7923,655.6027,623.9993,630.7234
2001-03-20,630.7234,630.7234,630.7234,630.7234
2001-03-21,642.1545,684.5165,638.7924,684.5165
2001-03-22,664.3440,702.6716,660.3095,691.2405
2001-03-23,704.6888,728.2232,699.3095,722.8439
2001-03-26,738.9819,763.1887,726.8784,763.1887
2001-03-27,726.3639,743.2561,726.3639,743.2561
2001-03-28,743.2562,755.4186,737.8507,750.6888
2001-03-29,737.1747,740.5531,713.5256,724.3366
2001-03-30,727.0395,744.6074,716.9042,725.0125
2001-04-02,729.7422,729.7422,693.2551,706.0931
2001-04-03,719.6071,736.4993,716.2287,719.6071
2001-04-04,693.9309,702.7149,683.7956,693.2552
2001-04-05,720.2828,725.6883,712.1746,712.1746
2001-04-06,739.2018,740.5532,726.3638,735.1477
2001-04-09,726.3640,726.3640,708.1204,711.4988
2001-04-10,709.4716,710.8230,695.9578,702.7147
2001-04-11,709.4718,717.5801,697.3094,712.1746
2001-04-12,739.2018,739.8775,724.3367,729.7422
2001-04-13,731.0936,739.8775,720.9583,727.0395
2001-04-16,722.9855,728.3910,716.2286,722.9855
2001-04-17,716.9043,719.6070,712.1745,716.9043
2001-04-18,729.7424,739.2020,726.3640,735.8236
2001-04-19,750.0129,757.4454,742.5803,751.3643
2001-04-20,758.7970,785.1488,754.0672,770.2837
2001-04-23,766.9051,780.4189,758.7969,763.5267
2001-04-24,759.4726,776.3647,747.3102,776.3647
2001-04-25,762.8510,773.6620,760.8240,764.2024
2001-04-26,762.8510,773.6620,760.8240,764.2024
2001-04-27,791.9053,809.4731,789.2025,809.4731
2001-04-30,809.4731,809.4731,809.4731,809.4731
2001-05-01,863.5287,915.5566,852.7177,904.0699
2001-05-02,917.5833,928.3943,907.4480,918.2590
2001-05-03,918.2590,918.2590,918.2590,918.2590
2001-05-04,918.2590,918.2590,918.2590,918.2590
2001-05-07,879.7450,918.9349,879.7450,912.1780
2001-05-08,908.7993,915.5562,902.0424,908.7993
2001-05-09,881.7719,884.4747,864.2041,875.6907
2001-05-10,857.4473,873.6638,850.0148,850.0148
2001-05-11,847.9878,874.3396,847.9878,856.7717
2001-05-14,861.5014,863.5284,841.9065,847.3120
2001-05-15,851.3660,866.9068,847.3119,862.1770
2001-05-16,873.6637,887.1774,868.9339,870.9609
2001-05-17,897.9886,906.7726,883.7992,896.6373
2001-05-18,896.6370,904.0696,889.8801,898.6641
2001-05-21,906.7725,917.5834,905.4211,912.8536
2001-05-22,926.3674,932.4486,918.9349,918.9349
2001-05-23,915.5562,926.3672,902.7182,908.1237
2001-05-24,901.3668,927.0429,895.2856,908.7993
2001-05-25,904.0695,914.8805,891.9071,894.6099
2001-05-28,888.5290,904.0698,888.5290,893.2588
2001-05-29,888.5286,894.6098,882.4474,890.5557
2001-05-30,850.0146,857.4472,839.2036,855.4201
2001-05-31,828.3926,835.8252,814.2032,827.0413
2001-06-01,840.5551,841.2308,828.3927,837.1766
2001-06-04,837.1764,837.8521,825.0140,835.8250
2001-06-05,822.3113,822.3113,810.8247,820.9600
2001-06-06,837.8524,848.6634,829.0685,832.4469
2001-06-07,841.9064,857.4472,838.5280,851.3660
2001-06-08,875.6907,879.7448,868.2582,871.6366
2001-06-11,864.8799,874.3395,855.4203,859.4744
2001-06-12,854.0687,854.7444,841.2306,849.3389
2001-06-13,836.5008,866.9067,834.4737,849.3389
2001-06-14,850.0146,854.7444,831.7711,831.7711
2001-06-15,811.5002,813.5273,792.5810,806.7704
2001-06-18,800.0138,808.1221,791.9056,793.9326
2001-06-19,807.4466,824.3387,802.0411,805.4195
2001-06-20,808.7977,827.0412,805.4192,818.9330
2001-06-21,825.6897,836.5007,821.6356,835.8250
2001-06-22,844.6092,856.0958,843.9335,851.3660
2001-06-25,837.8524,847.3120,836.5010,841.2308
2001-06-26,840.5550,847.3119,834.4738,838.5280
2001-06-27,828.3927,831.7711,812.8519,817.5817
2001-06-28,819.6086,822.3113,792.5811,796.6352
2001-06-29,823.6629,832.4469,817.5817,827.7170
2001-07-02,810.8248,812.1761,791.2298,803.3922
2001-07-03,817.5814,820.2841,808.1218,809.4731
2001-07-04,802.7166,805.4194,790.5543,800.6896
2001-07-05,797.3111,797.9868,782.4460,797.9868
2001-07-06,777.0406,777.7163,752.7158,770.2837
2001-07-09,739.8776,741.2290,722.9854,738.5262
2001-07-10,741.9047,769.6079,735.8235,769.6079
2001-07-11,715.5529,724.3369,704.0662,716.9043
2001-07-12,739.2020,749.3373,731.0937,743.9318
2001-07-13,744.6073,747.9857,719.6069,729.7422
2001-07-16,729.7421,729.7421,718.2554,728.3907
2001-07-17,710.1473,714.8771,699.3363,702.7147
2001-07-18,708.1203,716.9043,700.6878,707.4446
2001-07-19,709.4715,713.5256,702.0389,709.4715
2001-07-20,709.4715,709.4715,709.4715,709.4715
2001-07-23,706.0933,706.0933,679.0658,688.5255
2001-07-24,685.8226,707.4446,683.1198,704.7418
2001-07-25,704.0661,733.7964,704.0661,717.5799
2001-07-26,712.8499,714.8770,704.7417,709.4715
2001-07-27,700.6876,705.4175,682.4441,689.8766
2001-07-30,695.2824,695.2824,673.6604,677.7145
2001-07-31,687.8497,710.1473,686.4983,710.1473
2001-08-01,723.6610,734.4720,711.4987,729.0665
2001-08-02,743.2562,779.0676,739.8778,770.2837
2001-08-03,750.6886,764.8780,747.9858,756.7698
2001-08-06,751.3642,751.3642,737.8505,746.6344
2001-08-07,739.8776,765.5537,737.1748,762.1752
2001-08-08,756.0943,759.4727,739.8778,747.3104
2001-08-09,733.7964,733.7964,717.5799,723.6611
2001-08-10,710.1472,720.2825,702.7146,709.4715
2001-08-13,704.7419,704.7419,689.2011,697.3093
2001-08-14,706.7689,735.1478,706.7689,733.1207
2001-08-15,733.1209,737.1750,721.6342,736.4993
2001-08-16,709.4718,713.5259,698.6608,700.0121
2001-08-17,695.9578,699.3362,685.8225,686.4982
2001-08-20,682.4440,682.4440,676.3629,676.3629
2001-08-21,677.7144,681.0928,662.1736,681.0928
2001-08-22,676.3630,695.2823,675.6873,681.0928
2001-08-23,682.4442,682.4442,668.9304,672.9846
2001-08-24,677.0386,679.7413,654.7409,667.5790
2001-08-27,689.2011,700.6878,685.1470,685.1470
2001-08-28,701.3634,702.7148,683.7956,697.9850
2001-08-29,695.9578,704.0660,687.1739,693.9307
2001-08-30,683.7955,693.9308,677.7143,687.8496
2001-08-31,677.0386,681.7684,650.0111,658.1193
2001-09-03,610.8213,618.2539,590.5507,590.5507
2001-09-04,583.7938,608.1185,573.6585,608.1185
2001-09-05,587.8480,594.6048,561.4962,590.5507
2001-09-06,577.0370,587.1723,570.9558,579.0640
2001-09-07,565.5503,571.6315,560.8205,567.5773
2001-09-10,560.8203,566.9015,552.7121,554.0635
2001-09-11,558.1177,572.9828,554.0636,562.8475
2001-09-12,535.8200,543.9283,529.0632,529.0632
2001-09-13,531.7658,546.6310,529.0631,542.5768
2001-09-14,546.6309,559.4690,546.6309,556.7662
2001-09-17,540.5500,540.5500,524.3335,532.4417
2001-09-18,545.9553,554.7392,541.2255,542.5768
2001-09-19,560.1449,579.7398,558.7935,560.8206
2001-09-20,540.5498,546.6309,533.1172,537.1713
2001-09-21,527.0361,533.7930,527.0361,527.7118
2001-09-24,527.7118,527.7118,527.7118,527.7118
2001-09-25,545.3472,566.3743,543.9906,557.5565
2001-09-26,542.6343,545.3474,531.1033,543.9908
2001-09-27,529.7465,535.1729,525.6768,530.4248
2001-09-28,530.4248,530.4248,530.4248,530.4248
2001-10-01,540.5994,546.7040,527.0335,540.5994
2001-10-02,542.6343,552.8087,532.4599,552.8087
2001-10-03,561.6265,567.0529,542.6343,542.6343
2001-10-04,569.7660,576.5489,563.6613,576.5489
2001-10-05,583.3316,597.5757,575.8704,593.5060
2001-10-08,593.5060,593.5060,593.5060,593.5060
2001-10-09,588.0800,619.9597,586.0451,613.1768
2001-10-10,609.1068,611.1417,594.1844,607.7502
2001-10-11,612.4981,617.2462,596.8974,615.8896
2001-10-12,623.3512,633.5256,615.2117,633.5256
2001-10-15,606.3937,609.1069,594.1845,600.9674
2001-10-16,600.9675,611.8202,599.6109,606.3939
2001-10-17,613.8549,622.6727,599.6107,617.9246
2001-10-18,604.3588,605.0371,581.9751,588.0798
2001-10-19,588.0800,603.0024,584.6885,592.8280
2001-10-22,594.8630,599.6110,585.3669,589.4366
2001-10-23,607.0721,621.9945,602.3240,616.5682
2001-10-24,614.5332,624.7076,612.4984,620.6379
2001-10-25,623.3511,630.8123,619.2814,624.0294
2001-10-26,629.4558,631.4906,607.7504,615.2116
2001-10-29,601.6456,602.3239,588.0798,588.0798
2001-10-30,582.6535,584.0101,558.2350,574.5140
2001-10-31,567.7310,576.5488,558.9132,566.3744
2001-11-01,584.0102,591.4714,573.1575,582.6536
2001-11-02,603.0022,609.1068,592.8278,600.2890
2001-11-05,600.9674,603.0023,596.2193,603.0023
2001-11-06,610.4633,621.3160,608.4285,613.8548
2001-11-07,607.0720,613.1767,603.0023,607.0720
2001-11-08,607.0719,612.4982,600.2890,611.8199
2001-11-09,611.8199,611.8199,611.8199,611.8199
2001-11-12,606.3937,607.7503,598.9325,603.6805
2001-11-13,596.8978,596.8978,575.8707,583.3319
2001-11-14,593.5059,601.6454,592.8276,598.2540
2001-11-15,591.4712,611.8199,591.4712,611.8199
2001-11-16,618.6029,640.9866,617.9246,630.8122
2001-11-19,637.5951,662.0136,634.2036,651.1609
2001-11-20,645.0563,647.7695,626.7424,630.8122
2001-11-21,617.2462,627.4206,615.8896,615.8896
2001-11-22,616.5681,636.9169,616.5681,635.5603
2001-11-23,635.5603,635.5603,635.5603,635.5603
2001-11-26,642.3434,659.3008,637.5954,651.8395
2001-11-27,655.2307,664.0485,641.6648,644.3780
2001-11-28,640.3084,641.6650,617.2464,620.6379
2001-11-29,613.8550,619.2813,603.0023,610.4635
2001-11-30,613.8551,621.3163,607.0721,617.2465
2001-12-03,624.0293,632.1688,610.4634,622.6727
2001-12-04,617.2463,619.2812,598.2541,608.4285
2001-12-05,618.6029,630.8122,615.2115,630.8122
2001-12-06,651.1610,652.5176,637.5951,647.0912
2001-12-07,648.4479,662.0138,644.3782,652.5177
2001-12-10,632.8471,633.5254,618.6030,620.6379
2001-12-11,610.4635,611.8201,605.0372,610.4635
2001-12-12,610.4636,632.1689,609.1070,627.4209
2001-12-13,620.6379,625.3859,603.0023,607.0720
2001-12-14,597.5758,614.5331,596.8975,609.7851
2001-12-17,612.4983,614.5332,600.2891,604.3588
2001-12-18,621.9945,632.8472,611.8201,624.0294
2001-12-19,617.2464,635.5603,614.5333,632.8472
2001-12-20,630.1340,636.2386,624.0293,636.2386
2001-12-21,630.8123,634.8821,617.9248,624.0294
2001-12-24,624.0294,624.0294,624.0294,624.0294
2001-12-25,630.8124,637.5953,621.3163,629.4558
2001-12-26,629.4560,634.2041,620.6382,624.7079
2001-12-27,630.8121,643.6996,626.0640,643.6996
2001-12-28,645.0563,651.8392,640.9866,651.1609
2001-12-31,651.1609,651.1609,651.1609,651.1609
2002-01-01,651.1609,651.1609,651.1609,651.1609
2002-01-02,651.1609,651.1609,651.1609,651.1609
2002-01-03,651.1609,651.1609,651.1609,651.1609
2002-01-04,663.3704,674.2231,657.2658,671.5099
2002-01-07,681.0060,683.7191,674.9013,677.6145
2002-01-08,674.9013,674.9013,655.9091,658.6223
2002-01-09,651.8394,657.2658,645.7348,655.2309
2002-01-10,653.8741,655.2307,641.6648,645.0563
2002-01-11,651.8394,653.1960,644.3782,652.5177
2002-01-14,652.5177,652.5177,652.5177,652.5177
2002-01-15,632.8472,636.9170,624.0294,624.0294
2002-01-16,611.8201,615.2116,605.0372,615.2116
2002-01-17,608.4285,611.1417,599.6107,602.3239
2002-01-18,609.1070,623.3512,602.3241,623.3512
2002-01-21,616.5683,618.6031,600.2892,606.3939
2002-01-22,610.4636,615.2117,592.8280,592.8280
2002-01-23,589.4362,590.1145,578.5836,578.5836
2002-01-24,581.2971,594.1846,580.6188,584.6885
2002-01-25,591.4714,596.2195,583.3319,595.5412
2002-01-28,600.2890,606.3936,592.8278,600.2890
2002-01-29,590.1148,591.4713,578.5838,579.9404
2002-01-30,573.1575,573.1575,552.1304,561.6265
2002-01-31,561.6265,561.6265,561.6265,561.6265
2002-02-01,569.0875,569.7658,543.9907,548.7387
2002-02-04,552.1304,552.1304,525.6770,532.4599
2002-02-05,518.8940,535.8513,514.1459,522.9637
2002-02-06,518.8939,531.7815,516.1808,518.8939
2002-02-07,512.1110,526.3552,505.3281,525.6769
2002-02-08,524.9984,539.2426,520.2504,533.8162
2002-02-11,533.8162,533.8162,533.8162,533.8162
2002-02-12,547.3823,557.5567,547.3823,552.8087
2002-02-13,549.4172,559.5916,546.0257,548.0606
2002-02-14,549.4172,574.5141,549.4172,562.3048
2002-02-15,565.6961,575.8705,562.3047,567.0527
2002-02-18,550.0953,558.2348,547.3821,556.8782
2002-02-19,552.1302,554.1651,544.6690,546.7039
2002-02-20,534.4947,541.9560,530.4250,535.8513
2002-02-21,538.5644,560.9481,536.5295,556.2000
2002-02-22,542.6342,551.4520,535.8513,545.3474
2002-02-25,549.4172,550.7738,546.0257,548.0606
2002-02-26,559.5916,560.2699,549.4172,552.8087
2002-02-27,552.8086,569.0877,552.8086,558.9133
2002-02-28,574.5140,589.4364,565.6962,577.9055
2002-03-01,571.1225,581.9752,561.6264,577.2272
2002-03-04,604.3589,611.8201,600.9674,610.4635
2002-03-05,623.3511,625.3859,609.1069,610.4635
2002-03-06,603.6805,622.6727,602.3239,609.1069
2002-03-07,624.0294,643.0216,620.6379,639.6301
2002-03-08,646.4131,661.3355,641.6650,652.5177
2002-03-11,659.9787,668.1183,653.1958,661.3353
2002-03-12,647.7695,649.1261,627.4207,630.8122
2002-03-13,611.1417,627.4207,609.7851,611.8199
2002-03-14,610.4634,621.9944,607.0719,617.9246
2002-03-15,624.7076,635.5602,619.9595,630.8122
2002-03-18,640.9866,640.9866,615.2115,617.9246
2002-03-19,646.4129,671.5098,646.4129,666.7617
2002-03-20,670.8316,674.9014,647.7697,652.5177
2002-03-21,652.5177,652.5177,652.5177,652.5177
2002-03-22,654.5525,670.1532,647.7695,657.2656
2002-03-25,650.4826,653.8740,629.4555,643.6996
2002-03-26,650.4827,664.7269,636.2386,646.4130
2002-03-27,651.1610,655.9090,640.9866,640.9866
2002-03-28,647.7695,667.4400,644.3781,657.2656
2002-03-29,655.9092,657.2658,629.4558,629.4558
2002-04-01,629.4556,630.8122,612.4983,617.9246
2002-04-02,624.7077,659.9789,624.0294,659.9789
2002-04-03,643.7000,663.3705,640.3086,663.3705
2002-04-04,657.2656,661.3353,644.3780,644.3780
2002-04-05,640.9866,645.7347,627.4208,637.5952
2002-04-08,638.2735,644.3781,632.8472,642.3433
2002-04-09,634.8821,638.2736,621.3162,624.0294
2002-04-10,620.6381,636.2388,619.2815,625.3861
2002-04-11,631.4906,638.9518,629.4557,630.1340
2002-04-12,623.3511,634.8821,621.3163,627.4209
2002-04-15,627.4208,637.5952,624.0293,637.5952
2002-04-16,634.8822,649.1263,634.2039,645.7349
2002-04-17,652.5176,659.9788,647.0912,649.8044
2002-04-18,646.4130,649.1261,628.7773,637.5952
2002-04-19,617.9246,630.8122,612.4983,630.8122
2002-04-22,637.5951,652.5175,636.2385,651.1609
2002-04-23,651.1610,665.4051,645.7346,664.7268
2002-04-24,664.7269,666.7618,653.1959,657.9440
2002-04-25,656.5876,669.4751,653.1961,662.0139
2002-04-26,670.8315,676.2578,657.9439,667.4400
2002-04-29,667.4400,667.4400,667.4400,667.4400
2002-04-30,671.5097,671.5097,643.6997,645.0563
2002-05-01,639.6301,644.3781,627.4208,632.8472
2002-05-02,628.0992,632.8472,626.7426,628.7775
2002-05-03,628.7775,628.7775,628.7775,628.7775
2002-05-06,628.7775,628.7775,628.7775,628.7775
2002-05-07,617.2463,618.6029,603.0022,608.4285
2002-05-08,605.7155,614.5333,604.3589,610.4635
2002-05-09,627.4206,629.4555,609.1067,613.8548
2002-05-10,610.4635,611.8201,603.0023,610.4635
2002-05-13,596.8978,597.5761,586.7234,588.7583
2002-05-14,602.3241,607.0722,590.1148,592.8280
2002-05-15,613.1765,620.6377,610.4633,613.8548
2002-05-16,627.4209,639.6301,623.3511,634.2038
2002-05-17,637.5954,646.4133,635.5606,638.2737
2002-05-20,651.8393,658.6223,647.7696,648.4479
2002-05-21,643.0214,646.4129,639.6299,644.3780
2002-05-22,634.2038,640.9867,634.2038,640.3084
2002-05-23,644.3781,647.7695,637.5952,637.5952
2002-05-24,638.2737,643.0218,634.8823,638.2737
2002-05-27,640.3084,651.1611,638.9518,638.9518
2002-05-28,637.5954,643.7001,634.2040,638.2737
2002-05-29,631.4907,632.1690,626.0643,626.7426
2002-05-30,625.3858,637.5951,618.6029,632.1688
2002-05-31,625.3859,638.9517,624.0293,637.5952
2002-06-03,632.1689,641.6650,630.8123,641.6650
2002-06-04,636.9170,637.5953,615.2116,616.5682
2002-06-05,620.6379,622.6728,600.9674,600.9674
2002-06-06,608.4284,609.7849,597.5757,598.2540
2002-06-07,584.6884,585.3667,576.5489,585.3667
2002-06-10,598.9326,599.6109,583.3319,583.3319
2002-06-11,586.7232,594.1844,585.3666,588.0798
2002-06-12,584.6884,585.3667,576.5489,576.5489
2002-06-13,569.7658,573.8356,560.2697,560.9480
2002-06-14,554.1651,556.2000,544.6690,544.6690
2002-06-17,543.3127,550.7739,539.2429,539.9212
2002-06-18,546.7041,556.8785,543.9909,550.0956
2002-06-19,539.9211,539.9211,514.1460,516.8591
2002-06-20,519.5722,530.4249,512.7893,527.0334
2002-06-21,515.5023,520.9287,508.7194,519.5721
2002-06-24,513.4677,542.6343,512.1111,531.7816
2002-06-25,524.9984,533.8162,518.8938,523.6418
2002-06-26,510.7545,513.4677,499.2235,499.2235
2002-06-27,510.0761,520.9288,506.6846,512.1110
2002-06-28,521.6071,525.6769,517.5374,525.6769
2002-07-01,518.8940,520.9289,507.3630,510.7545
2002-07-02,505.3280,506.6846,492.4404,506.6846
2002-07-03,503.2932,518.8939,500.5800,512.1110
2002-07-04,511.4326,514.8241,506.0063,510.0760
2002-07-05,516.8591,531.1032,515.5025,525.6769
2002-07-08,541.2776,542.6342,518.8939,518.8939
2002-07-09,522.9637,525.6769,513.4676,517.5374
2002-07-10,510.7542,514.1457,501.9364,501.9364
2002-07-11,495.8320,498.5452,493.7971,497.8669
2002-07-12,500.5802,504.6500,495.1539,498.5453
2002-07-15,488.3708,492.4405,481.5879,490.4057
2002-07-16,491.7623,504.6498,488.3708,490.4057
2002-07-17,497.1886,503.9715,494.4754,501.2583
2002-07-18,506.6846,528.3900,505.3281,528.3900
2002-07-19,521.6071,522.2854,504.6497,504.6497
2002-07-22,489.0491,503.9716,484.9794,495.8321
2002-07-23,489.0488,507.3627,485.6574,501.9364
2002-07-24,491.7622,495.1536,479.5529,481.5878
2002-07-25,491.7622,493.1187,478.1963,478.8746
2002-07-26,475.4830,478.1962,461.9172,463.2738
2002-07-29,467.3436,473.4483,454.4561,455.1344
2002-07-30,474.8050,478.8747,470.7352,475.4833
2002-07-31,478.8747,478.8747,460.5608,468.0221
2002-08-01,467.3436,467.3436,455.1344,455.1344
2002-08-02,453.0997,454.4563,442.2470,444.2819
2002-08-05,437.4989,437.4989,425.2896,428.6811
2002-08-06,420.5416,421.8982,411.7238,416.4718
2002-08-07,434.1075,445.6385,432.0726,440.2122
2002-08-08,443.6035,450.3864,440.8903,445.6384
2002-08-09,454.4561,456.4910,442.2468,451.0646
2002-08-12,451.7431,454.4563,445.6385,447.6734
2002-08-13,441.5686,452.4213,440.2121,450.3864
2002-08-14,442.2468,443.6034,432.0725,436.1422
2002-08-15,449.7080,455.8126,444.2816,449.7080
2002-08-16,456.4910,457.8476,451.7430,453.7779
2002-08-19,453.0996,453.0996,438.8555,442.9252
2002-08-20,449.7081,451.7430,437.4988,441.5686
2002-08-21,434.1075,448.3517,434.1075,447.6734
2002-08-22,449.7082,469.3787,443.6036,463.9524
2002-08-23,463.9524,463.9524,463.9524,463.9524
2002-08-26,455.1345,474.1267,455.1345,474.1267
2002-08-27,470.7352,471.4135,459.8825,461.9174
2002-08-28,459.8826,463.2741,443.6036,444.2819
2002-08-29,437.4989,439.5337,423.9330,431.3942
2002-08-30,431.3942,434.7856,425.9678,429.3593
2002-09-02,432.0726,432.0726,425.2896,425.9679
2002-09-03,421.2199,423.9330,412.4021,413.7586
2002-09-04,406.9755,410.3670,401.5492,407.6538
2002-09-05,414.4368,420.5414,411.0454,413.0802
2002-09-06,408.3322,417.1500,404.2624,409.0105
2002-09-09,420.5416,422.5764,413.7586,413.7586
2002-09-10,427.3245,440.2120,424.6113,430.0376
2002-09-11,436.8206,437.4988,427.3245,430.0376
2002-09-12,423.2547,436.1423,419.8633,435.4640
2002-09-13,432.7509,432.7509,420.5417,425.2897
2002-09-16,425.2897,425.2897,425.2897,425.2897
2002-09-17,430.7160,439.5338,426.6462,436.8206
2002-09-18,430.0376,434.1074,425.2896,434.1074
2002-09-19,434.1074,453.0996,430.0376,430.0376
2002-09-20,430.7159,434.1074,425.9678,427.3244
2002-09-23,427.3244,427.3244,427.3244,427.3244
2002-09-24,421.2198,423.2547,413.7586,417.8284
2002-09-25,417.8284,433.5055,414.4203,419.8732
2002-09-26,429.4158,432.1422,417.8284,417.8284
2002-09-27,431.4606,434.8687,424.6445,434.1870
2002-09-30,420.5547,424.6444,413.0570,415.7834
2002-10-01,409.6490,413.0570,408.9673,410.3306
2002-10-02,421.9180,421.9180,405.5593,406.2409
2002-10-03,396.6984,398.0616,388.5190,389.8823
2002-10-04,383.0661,384.4294,377.6132,383.0661
2002-10-07,376.2500,377.6132,360.5729,363.2994
2002-10-08,363.2995,372.1604,361.9362,364.6627
2002-10-09,361.2545,361.9362,349.6671,353.0752
2002-10-10,351.0304,355.8017,340.8062,355.1201
2002-10-11,361.2545,368.0706,354.4384,361.2545
2002-10-14,361.2545,361.2545,361.2545,361.2545
2002-10-15,374.8868,377.6133,367.3891,374.8868
2002-10-16,378.2948,383.0661,373.5235,376.9316
2002-10-17,373.5235,380.3397,368.7522,372.8419
2002-10-18,381.7028,389.8821,376.9315,385.7924
2002-10-21,378.9765,383.0662,370.7971,371.4788
2002-10-22,368.0705,371.4785,346.2589,346.2589
2002-10-23,341.4878,353.7569,331.2636,348.9856
2002-10-24,354.4383,355.8015,340.8061,345.5774
2002-10-25,338.7614,342.8511,338.0798,339.4430
2002-10-28,342.8510,344.2142,335.3532,342.1694
2002-10-29,340.8062,346.9407,338.0798,344.2143
2002-10-30,335.3532,338.7613,333.9900,334.6716
2002-10-31,338.0797,340.1245,325.1291,326.4923
2002-11-01,327.1739,327.8555,317.6313,326.4923
2002-11-04,326.4923,326.4923,326.4923,326.4923
2002-11-05,339.4430,349.6671,337.3981,342.8510
2002-11-06,346.2590,350.3487,340.8061,342.1694
2002-11-07,331.9451,338.0796,331.2635,335.3532
2002-11-08,327.1738,329.2187,323.7658,323.7658
2002-11-11,320.3578,320.3578,303.9991,305.3623
2002-11-12,295.1381,302.6358,294.4565,296.5013
2002-11-13,297.8646,297.8646,284.2324,284.9140
2002-11-14,284.2323,290.3668,274.6897,275.3713
2002-11-15,282.1875,283.5507,276.7346,282.8691
2002-11-18,282.8691,283.5508,271.2817,274.0082
2002-11-19,274.6897,297.1829,274.0081,293.7748
2002-11-20,290.3669,300.5911,289.6853,295.1382
2002-11-21,305.3623,309.4519,301.2726,308.7703
2002-11-22,315.5865,325.1291,314.2233,320.3578
2002-11-25,327.1739,327.8555,319.6762,326.4923
2002-11-26,326.4922,328.5371,318.3129,325.1290
2002-11-27,318.3129,320.3578,311.4968,316.9497
2002-11-28,330.5820,340.1246,328.5371,337.3981
2002-11-29,340.8062,358.5281,340.8062,355.1201
2002-12-02,355.1201,355.1201,355.1201,355.1201
2002-12-03,363.9810,372.8419,359.8913,361.2545
2002-12-04,342.8509,353.0751,342.1693,346.9406
2002-12-05,344.2142,345.5775,333.9900,336.7165
2002-12-06,333.3084,336.0349,328.5371,334.6716
2002-12-09,334.6716,347.6223,332.6268,341.4878
2002-12-10,331.2637,335.3533,328.5372,331.2637
2002-12-11,338.0797,339.4429,327.1739,327.8555
2002-12-12,329.9003,333.3084,327.8555,332.6268
2002-12-13,328.5372,329.2188,320.3578,320.3578
2002-12-16,316.9498,321.0394,315.5865,320.3578
2002-12-17,323.7658,329.2187,312.1784,313.5417
2002-12-18,314.2232,318.9945,309.4519,312.1784
2002-12-19,306.7255,312.1784,301.2726,312.1784
2002-12-20,308.7703,312.1783,302.6358,311.4967
2002-12-23,311.4967,311.4967,311.4967,311.4967
2002-12-24,315.5865,323.7659,312.1785,321.7210
2002-12-25,319.6762,324.4475,318.9946,320.3578
2002-12-26,321.0394,323.7659,318.3130,321.7210
2002-12-27,318.9946,322.4027,317.6314,318.9946
2002-12-30,315.5865,317.6314,308.7704,310.1336
2002-12-31,310.1336,310.1336,310.1336,310.1336
2003-01-01,310.1336,310.1336,310.1336,310.1336
2003-01-02,310.1336,310.1336,310.1336,310.1336
2003-01-03,310.1336,310.1336,310.1336,310.1336
2003-01-06,323.0842,326.4923,321.0394,324.4474
2003-01-07,334.6716,334.6716,323.0842,326.4923
2003-01-08,327.1739,327.1739,316.2681,316.2681
2003-01-09,306.7256,308.7704,302.6359,306.7256
2003-01-10,312.1785,312.8601,303.9991,310.1336
2003-01-13,310.1336,310.1336,310.1336,310.1336
2003-01-14,313.5417,319.6762,310.8152,313.5417
2003-01-15,316.9497,322.4026,312.8600,322.4026
2003-01-16,318.9946,322.4027,317.6314,321.7210
2003-01-17,316.9497,328.5371,316.9497,326.4923
2003-01-20,319.6762,325.1291,314.9049,314.9049
2003-01-21,313.5417,321.7210,312.8601,321.7210
2003-01-22,322.4026,338.7613,318.3129,334.6716
2003-01-23,340.8061,363.2994,340.1245,361.2545
2003-01-24,360.5729,364.6626,355.1200,359.8913
2003-01-27,353.0752,356.4833,350.3487,353.0752
2003-01-28,345.5775,349.6672,341.4878,344.2143
2003-01-29,346.2591,346.2591,329.9004,331.2637
2003-01-30,333.9900,341.4878,332.6268,341.4878
2003-01-31,334.6717,342.8511,330.5820,340.8062
2003-02-03,342.8510,355.1201,340.1246,355.1201
2003-02-04,357.8465,364.6626,355.1201,355.1201
2003-02-05,348.3038,354.4383,346.9406,347.6222
2003-02-06,348.9854,353.0751,345.5774,347.6222
2003-02-07,344.2142,347.6223,340.8062,342.8510
2003-02-10,340.8062,349.6672,340.8062,349.6672
2003-02-11,349.6672,349.6672,349.6672,349.6672
2003-02-12,351.0304,355.1201,349.6672,355.1201
2003-02-13,354.4383,358.5280,344.8957,345.5774
2003-02-14,348.3038,355.8016,347.6222,354.4384
2003-02-17,361.2545,369.4338,360.5729,369.4338
2003-02-18,374.8868,379.6580,359.2097,361.2545
2003-02-19,365.3443,368.7524,360.5730,360.5730
2003-02-20,357.8465,360.5730,355.1201,359.2097
2003-02-21,358.5281,361.9361,348.9855,350.3487
2003-02-24,353.0752,355.8016,351.0303,351.0303
2003-02-25,350.3488,351.7120,346.2591,349.6672
2003-02-26,344.8957,352.3934,344.8957,346.2589
2003-02-27,345.5775,346.9408,334.6717,339.4430
2003-02-28,344.8958,344.8958,333.3084,333.9900
2003-03-03,337.3981,344.2142,334.6716,342.1694
2003-03-04,338.7614,344.2143,337.3982,344.2143
2003-03-05,333.9900,337.3981,331.2636,333.9900
2003-03-06,331.9452,333.9900,329.2187,329.9004
2003-03-07,325.8107,325.8107,312.1785,314.2233
2003-03-10,313.5417,314.2233,301.9543,306.7256
2003-03-11,300.5910,306.7255,295.1381,296.5013
2003-03-12,302.6359,310.1336,300.5911,310.1336
2003-03-13,309.4519,312.8600,297.1829,299.2277
2003-03-14,307.4072,311.4969,301.9543,301.9543
2003-03-17,305.3623,306.7255,293.7749,294.4565
2003-03-18,308.0888,309.4520,302.6359,303.3175
2003-03-19,303.9991,308.7704,299.2278,307.4072
2003-03-20,308.7704,318.3130,304.6807,318.3130
2003-03-21,318.3130,318.3130,318.3130,318.3130
2003-03-24,325.1290,328.5371,323.0842,325.1290
2003-03-25,311.4969,314.9049,309.4520,310.8152
2003-03-26,312.8735,314.2458,306.6984,310.8151
2003-03-27,306.6984,312.8735,303.2678,307.3845
2003-03-28,305.3261,308.7568,297.7787,299.1510
2003-03-31,295.0344,295.0344,282.6841,283.3702
2003-04-01,281.9979,291.6037,279.2534,284.0563
2003-04-02,288.8592,291.6037,281.9980,289.5453
2003-04-03,295.0343,296.4065,284.0562,287.4869
2003-04-04,288.1730,290.2314,284.7424,287.4869
2003-04-07,290.2315,302.5818,288.8592,301.8956
2003-04-08,294.3482,294.3482,289.5453,291.6037
2003-04-09,288.8592,289.5453,281.3118,284.0563
2003-04-10,283.3702,283.3702,275.8228,276.5089
2003-04-11,277.1950,279.2534,273.0783,273.0783
2003-04-14,274.4505,276.5089,263.4725,264.8447
2003-04-15,273.7644,280.6257,272.3922,279.2534
2003-04-16,286.1147,286.8008,277.8812,279.9395
2003-04-17,275.8227,278.5672,273.0782,273.7643
2003-04-18,280.6257,281.9979,278.5673,279.9395
2003-04-21,279.2534,281.3118,275.8228,279.9395
2003-04-22,277.8811,278.5672,271.7060,274.4505
2003-04-23,277.1951,279.2534,272.3922,276.5089
2003-04-24,279.9395,282.6841,278.5673,279.9395
2003-04-25,273.7645,274.4506,266.2171,269.6477
2003-04-28,263.4725,267.5893,251.1222,259.3557
2003-04-29,259.3557,259.3557,259.3557,259.3557
2003-04-30,269.6476,273.0783,265.5309,273.0783
2003-05-01,279.2534,289.5453,275.8227,286.1146
2003-05-02,289.5453,297.7788,289.5453,296.4065
2003-05-05,296.4065,296.4065,296.4065,296.4065
2003-05-06,303.2679,315.6181,302.5817,306.0124
2003-05-07,306.0123,312.1874,298.4649,299.1510
2003-05-08,295.0343,299.8372,292.9759,297.7788
2003-05-09,297.0927,303.2679,296.4066,300.5233
2003-05-12,308.0707,314.2459,306.0124,310.1291
2003-05-13,313.5598,318.3626,310.1291,310.1291
2003-05-14,306.6984,321.1071,306.6984,320.4209
2003-05-15,318.3626,327.9684,313.5597,318.3626
2003-05-16,319.7349,320.4210,306.0123,309.4430
2003-05-19,306.0122,314.2458,306.0122,310.8151
2003-05-20,308.7568,314.2458,307.3846,311.5013
2003-05-21,313.5598,319.0488,310.8152,312.1875
2003-05-22,312.1875,316.9904,311.5013,314.9320
2003-05-23,320.4209,325.9099,320.4209,325.2238
2003-05-26,325.2238,327.2821,320.4209,325.9099
2003-05-27,321.1071,321.7933,311.5014,312.1875
2003-05-28,317.6765,321.1071,310.8152,312.1875
2003-05-29,315.6181,319.7349,313.5597,318.3626
2003-05-30,317.6764,325.2238,316.9903,319.7348
2003-06-02,330.0268,340.3187,327.2823,338.2603
2003-06-03,334.8296,335.5157,325.9099,328.6544
2003-06-04,335.5157,339.6325,327.9683,329.3406
2003-06-05,336.2019,342.3770,334.1435,342.3770
2003-06-06,339.6325,341.0048,333.4574,338.2603
2003-06-09,338.2602,348.5521,332.7712,343.7492
2003-06-10,336.8881,346.4939,336.2020,345.1216
2003-06-11,348.5522,356.7857,347.1799,347.1799
2003-06-12,351.9828,353.3550,333.4574,334.8296
2003-06-13,333.4574,335.5158,329.3406,331.3990
2003-06-16,327.9683,328.6545,319.0487,321.1071
2003-06-17,327.9683,332.0851,321.7932,325.2238
2003-06-18,330.0267,336.8879,328.6544,330.7128
2003-06-19,334.1435,335.5158,328.6545,331.3990
2003-06-20,324.5378,332.7713,324.5378,331.3990
2003-06-23,332.0852,335.5158,330.0268,335.5158
2003-06-24,332.0851,334.8296,324.5377,325.2238
2003-06-25,322.4793,325.2238,320.4210,323.1655
2003-06-26,325.9099,329.3406,320.4209,329.3406
2003-06-27,334.8296,343.7493,330.7129,341.0048
2003-06-30,343.7493,354.0412,341.6909,349.2383
2003-07-01,353.3551,372.5666,352.6690,371.1944
2003-07-02,384.9167,389.0335,378.7416,384.9167
2003-07-03,432.9458,432.9458,390.4060,409.6175
2003-07-04,391.0920,400.0116,390.4059,400.0116
2003-07-07,397.9533,426.7706,397.2672,421.2816
2003-07-08,439.1209,441.1793,428.8290,430.2012
2003-07-09,428.8289,432.9456,412.3619,430.8873
2003-07-10,411.6758,416.4787,404.8146,408.2452
2003-07-11,394.5226,397.2671,385.6030,387.6614
2003-07-14,397.2672,408.9314,389.0337,408.9314
2003-07-15,414.4202,416.4785,399.3254,405.5005
2003-07-16,407.5591,407.5591,392.4643,396.5811
2003-07-17,380.8001,383.5446,373.2527,373.9389
2003-07-18,362.9609,378.7418,362.2747,373.9389
2003-07-21,373.9389,373.9389,373.9389,373.9389
2003-07-22,373.9388,378.0555,365.0191,373.2527
2003-07-23,381.4863,384.9169,376.6834,381.4863
2003-07-24,380.8001,393.1504,379.4279,387.6614
2003-07-25,383.5446,387.6614,374.6250,381.4863
2003-07-28,393.1503,398.6393,391.0920,397.9532
2003-07-29,406.8728,408.2450,399.3254,399.3254
2003-07-30,399.3255,404.8145,380.1140,382.8585
2003-07-31,378.0556,386.9752,354.7273,366.3914
2003-08-01,366.3914,376.6833,359.5301,373.2527
2003-08-04,362.9608,369.1360,360.2163,361.5886
2003-08-05,356.7857,358.1579,347.8660,349.2383
2003-08-06,338.9464,345.1215,336.8880,342.3770
2003-08-07,343.0632,343.7493,332.7713,336.2019
2003-08-08,336.2019,339.6326,332.0852,336.8881
2003-08-11,343.7493,349.9245,340.3187,346.4938
2003-08-12,348.5522,349.9244,342.3770,347.1799
2003-08-13,350.6105,356.0995,349.2383,351.2967
2003-08-14,354.7272,364.3330,349.9243,363.6469
2003-08-15,365.7053,365.7053,359.5302,365.7053
2003-08-18,374.6249,378.0555,371.1943,378.0555
2003-08-19,398.6394,405.5007,393.1504,401.3839
2003-08-20,404.8146,410.3036,396.5811,408.2452
2003-08-21,408.9312,417.1648,403.4422,414.4203
2003-08-22,415.1065,415.7926,408.2452,409.6175
2003-08-25,409.6173,414.4202,406.1867,413.0480
2003-08-26,408.9312,415.1064,407.5590,412.3618
2003-08-27,417.8508,430.2011,417.1647,425.3982
2003-08-28,431.5734,435.6902,426.7705,426.7705
2003-08-29,434.3180,440.4931,432.2596,436.3763
2003-09-01,441.1792,450.0988,437.0624,449.4127
2003-09-02,449.4127,452.8433,443.9237,447.3543
2003-09-03,467.9380,469.3103,451.4710,458.3322
2003-09-04,459.7045,466.5658,456.9600,456.9600
2003-09-05,459.0185,459.0185,447.3544,451.4711
2003-09-08,441.1792,461.7630,440.4931,459.0185
2003-09-09,467.2521,476.1718,465.1937,474.1134
2003-09-10,464.5074,469.3103,461.0768,462.4491
2003-09-11,448.7266,452.1573,442.5515,442.5515
2003-09-12,456.2739,460.3906,450.7849,458.3322
2003-09-15,458.3322,458.3322,458.3322,458.3322
2003-09-16,459.7046,464.5075,455.5879,457.6462
2003-09-17,471.3686,472.0547,465.8796,465.8796
2003-09-18,467.9381,480.2883,463.1352,480.2883
2003-09-19,480.2884,484.4051,473.4271,473.4271
2003-09-22,462.4491,463.8213,446.6682,450.0988
2003-09-23,450.0988,450.0988,450.0988,450.0988
2003-09-24,443.2375,450.0988,432.2595,440.4930
2003-09-25,427.3955,430.8423,419.1234,424.6382
2003-09-26,424.6380,435.6675,424.6380,431.5315
2003-09-29,425.3274,429.4635,423.9487,423.9487
2003-09-30,430.1528,436.3569,427.3954,427.3954
2003-10-01,426.7061,430.8421,420.5019,429.4634
2003-10-02,443.2504,443.9398,433.5996,440.4930
2003-10-03,441.1826,448.7654,440.4932,443.9399
2003-10-06,457.7266,459.1053,446.0077,446.0077
2003-10-07,448.0760,451.5228,443.2506,450.1441
2003-10-08,436.3569,442.5611,432.2209,433.5995
2003-10-09,435.6677,435.6677,419.8127,424.6382
2003-10-10,426.0169,437.0464,426.0169,434.2890
2003-10-13,434.2890,434.2890,434.2890,434.2890
2003-10-14,452.9014,454.2801,448.0760,450.8333
2003-10-15,455.6589,460.4843,448.7654,450.1441
2003-10-16,456.3480,460.4841,449.4545,460.4841
2003-10-17,461.8628,464.6202,455.6587,456.3481
2003-10-20,448.7652,470.1350,448.7652,466.6883
2003-10-21,472.8924,475.6498,457.7268,464.6202
2003-10-22,470.8244,470.8244,449.4546,449.4546
2003-10-23,428.7742,437.0464,424.6382,424.6382
2003-10-24,428.7742,434.2890,421.1914,425.3275
2003-10-27,432.2209,434.2890,427.3955,428.7742
2003-10-28,441.1825,443.2505,436.3570,441.8718
2003-10-29,450.1439,481.1646,447.3865,475.6498
2003-10-30,454.9694,461.8628,450.1439,451.5226
2003-10-31,454.9694,459.7949,445.3186,445.3186
2003-11-03,445.3186,445.3186,445.3186,445.3186
2003-11-04,468.7564,470.8244,465.9990,469.4457
2003-11-05,469.4454,479.0963,466.6881,477.0283
2003-11-06,477.0285,479.7859,466.6883,466.6883
2003-11-07,472.8925,478.4073,467.3777,478.4073
2003-11-10,478.4072,478.4072,467.3777,470.1350
2003-11-11,461.1734,461.8628,439.1143,452.2119
2003-11-12,456.3480,457.0374,436.3569,441.1824
2003-11-13,448.0758,450.8332,437.7356,441.1824
2003-11-14,448.0758,451.5226,434.2889,435.6676
2003-11-17,432.2208,432.2208,417.0552,421.1913
2003-11-18,427.3955,428.0848,415.6766,426.0168
2003-11-19,415.6765,423.2593,414.2978,419.1233
2003-11-20,432.9103,433.5997,423.9488,428.0849
2003-11-21,421.1914,437.0464,417.7447,428.0849
2003-11-24,428.0849,428.0849,428.0849,428.0849
2003-11-25,448.7652,454.2800,446.6972,451.5226
2003-11-26,450.8332,460.4841,448.7652,459.1054
2003-11-27,459.7948,459.7948,452.2120,459.7948
2003-11-28,452.9013,454.2800,442.5611,444.6291
2003-12-01,434.2889,460.4841,433.5996,454.9694
2003-12-02,455.6587,465.9990,453.5907,459.7948
2003-12-03,457.0374,463.2415,451.5226,459.1054
2003-12-04,459.1053,468.7561,458.4159,468.0668
2003-12-05,468.0670,470.8243,463.9309,466.6883
2003-12-08,451.5225,452.2119,431.5315,437.7356
2003-12-09,437.7356,437.7356,427.3954,435.6676
2003-12-10,422.5700,423.2594,417.0552,420.5020
2003-12-11,421.1914,424.6382,413.6086,422.5701
2003-12-12,429.4634,431.5315,424.6380,427.3954
2003-12-15,441.1824,442.5611,437.0463,442.5611
2003-12-16,424.6381,438.4251,422.5701,437.0464
2003-12-17,438.4250,440.4930,429.4635,433.5995
2003-12-18,428.0849,432.9103,419.8127,428.0849
2003-12-19,433.5996,437.7357,430.8422,437.0464
2003-12-22,435.6676,439.8036,434.2889,437.7356
2003-12-23,437.7356,437.7356,437.7356,437.7356
2003-12-24,440.4931,441.1824,432.9103,437.0464
2003-12-25,434.9784,436.3571,433.5997,434.9784
2003-12-26,435.6677,437.7358,428.0849,434.2890
2003-12-29,439.1143,441.1824,432.2209,439.8037
2003-12-30,444.6292,446.0079,440.4931,445.3186
2003-12-31,445.3186,445.3186,445.3186,445.3186
2004-01-01,445.3186,445.3186,445.3186,445.3186
2004-01-02,445.3186,445.3186,445.3186,445.3186
2004-01-05,452.9012,459.1053,452.2118,455.6586
2004-01-06,465.3096,465.3096,450.8333,451.5226
2004-01-07,458.4161,465.9989,457.0374,465.3096
2004-01-08,463.9309,468.7564,459.1055,468.7564
2004-01-09,475.6498,489.4367,472.2030,489.4367
2004-01-12,489.4367,489.4367,489.4367,489.4367
2004-01-13,484.6112,484.6112,473.5816,482.5432
2004-01-14,475.6498,494.9515,473.5817,494.2621
2004-01-15,490.1260,491.5047,476.3390,480.4751
2004-01-16,483.2326,488.0581,479.0966,485.3007
2004-01-19,488.0580,496.3302,486.6793,492.8834
2004-01-20,496.3303,505.9812,493.5729,498.3984
2004-01-21,496.3301,503.2236,491.5047,497.7088
2004-01-22,501.8449,505.2917,491.5047,492.8834
2004-01-23,488.7474,499.0876,487.3687,493.5728
2004-01-26,489.4367,492.1941,481.1646,484.6113
2004-01-27,489.4367,492.1941,479.7859,479.7859
2004-01-28,477.7178,483.2326,475.6498,479.0965
2004-01-29,472.8924,478.4072,470.1350,474.9604
2004-01-30,468.7563,471.5137,463.9309,463.9309
2004-02-02,469.4457,474.9604,465.3096,466.6883
2004-02-03,466.6882,470.8243,455.6587,465.9989
2004-02-04,459.1054,460.4841,448.7652,456.3481
2004-02-05,449.4544,457.0373,449.4544,455.6586
2004-02-06,462.5522,463.9308,455.6587,462.5522
2004-02-09,469.4456,472.2030,459.7947,463.2415
2004-02-10,464.6202,468.7563,461.1735,464.6202
2004-02-11,464.6202,464.6202,464.6202,464.6202
2004-02-12,472.2031,472.2031,461.8629,461.8629
2004-02-13,455.6587,467.3776,455.6587,464.6202
2004-02-16,464.6203,472.2031,464.6203,469.4457
2004-02-17,472.2031,487.3687,470.8244,485.9901
2004-02-18,489.4367,492.8834,483.9219,483.9219
2004-02-19,492.8838,495.6412,490.1264,491.5051
2004-02-20,490.1261,490.8155,481.1646,485.9901
2004-02-23,492.8834,496.3302,490.1260,492.8834
2004-02-24,490.8156,491.5050,471.5139,474.2713
2004-02-25,472.8925,487.3688,470.8244,477.7179
2004-02-26,481.1647,482.5434,475.6499,478.4073
2004-02-27,479.7862,496.3305,479.7862,491.5051
2004-03-01,501.8450,510.1172,500.4663,510.1172
2004-03-02,514.9427,528.0403,512.8747,525.9723
2004-03-03,531.4869,537.6910,522.5254,523.9041
2004-03-04,521.1468,523.9042,519.0787,521.1468
2004-03-05,525.2827,527.3507,518.3892,527.3507
2004-03-08,537.0017,543.2059,535.6230,543.2059
2004-03-09,532.1762,534.9336,527.3508,534.2443
2004-03-10,529.4187,530.7974,516.3211,517.0104
2004-03-11,511.4957,525.2826,505.9809,517.0104
2004-03-12,503.2238,521.8362,503.2238,519.0788
2004-03-15,525.9722,530.7976,519.7681,522.5255
2004-03-16,514.2531,515.6318,510.8064,512.1851
2004-03-17,514.9427,529.4190,513.5640,529.4190
2004-03-18,535.6230,544.5845,523.9041,528.7295
2004-03-19,521.8361,531.4869,520.4574,521.8361
2004-03-22,517.6999,528.7295,517.6999,528.7295
2004-03-23,514.9427,531.4871,514.9427,530.1084
2004-03-24,523.9042,533.5551,519.7681,529.4190
2004-03-25,532.8657,548.0314,532.1764,548.0314
2004-03-26,561.9056,575.7798,561.9056,575.0861
2004-03-29,569.5364,578.5546,566.0678,571.6175
2004-03-30,578.5546,579.2483,559.1307,564.6804
2004-03-31,561.2118,563.9867,549.4187,559.8244
2004-04-01,560.5180,565.3739,552.1935,556.3557
2004-04-02,559.8244,563.9866,554.9684,559.1307
2004-04-05,575.0860,579.9420,573.6986,579.9420
2004-04-06,587.5728,589.6539,573.6986,582.7168
2004-04-07,575.7798,579.2484,572.3112,573.6987
2004-04-08,573.6985,575.7796,566.7614,575.7796
2004-04-09,568.1489,569.5363,557.7433,559.1307
2004-04-12,565.3741,574.3924,562.5993,568.1490
2004-04-13,574.3921,575.0858,565.3739,565.3739
2004-04-14,559.8244,568.8427,559.8244,561.2119
2004-04-15,561.2117,565.3740,548.0312,553.5809
2004-04-16,553.5809,557.7432,544.5627,545.9501
2004-04-19,554.9683,559.1306,534.1570,545.2563
2004-04-20,550.8060,564.6803,540.4004,562.5991
2004-04-21,557.0496,560.5182,551.5000,557.7433
2004-04-22,561.9055,561.9055,546.6438,548.7250
2004-04-23,554.2747,564.6804,550.8062,561.2119
2004-04-26,567.4552,569.5364,561.9056,563.9867
2004-04-27,561.9055,561.9055,547.3375,553.5809
2004-04-28,553.5808,559.8242,536.2380,550.1122
2004-04-29,550.1122,550.1122,550.1122,550.1122
2004-04-30,534.1570,543.1752,530.6884,537.6255
2004-05-03,537.6255,537.6255,537.6255,537.6255
2004-05-04,537.6255,537.6255,537.6255,537.6255
2004-05-05,537.6255,537.6255,537.6255,537.6255
2004-05-06,544.5626,544.5626,525.8325,528.6073
2004-05-07,528.6074,540.4005,525.1389,529.3011
2004-05-10,523.7515,525.8327,489.0660,489.0660
2004-05-11,502.9401,511.2647,498.0842,502.9401
2004-05-12,509.1835,511.9583,493.9218,499.4715
2004-05-13,500.1652,501.5526,490.4533,491.1470
2004-05-14,498.0842,500.8591,489.0660,493.9220
2004-05-17,489.0660,491.8409,473.1107,475.8855
2004-05-18,475.1916,478.6602,473.1105,478.6602
2004-05-19,482.1289,498.0843,475.8855,498.0843
2004-05-20,496.0030,496.6967,480.0476,484.2099
2004-05-21,492.5344,508.4898,491.1470,508.4898
2004-05-24,507.7961,509.8772,502.9401,506.4087
2004-05-25,505.7150,511.9584,500.1653,507.7961
2004-05-26,514.7331,518.8954,512.6520,518.8954
2004-05-27,516.1205,517.5080,513.3457,515.4268
2004-05-28,526.5263,527.9137,521.6703,527.2200
2004-05-31,526.5261,526.5261,514.7330,525.8324
2004-06-01,520.9765,529.9947,520.9765,525.1387
2004-06-02,520.2828,522.3639,514.7331,520.2828
2004-06-03,527.2199,529.3010,509.1834,515.4268
2004-06-04,516.1205,516.8142,509.1834,515.4268
2004-06-07,518.8955,527.2200,516.8144,523.7515
2004-06-08,530.6885,532.0759,525.8325,531.3822
2004-06-09,530.6886,530.6886,525.1389,527.2200
2004-06-10,525.8325,531.3821,515.4268,517.5079
2004-06-11,515.4270,519.5892,504.3276,507.1024
2004-06-14,507.7960,511.2645,500.1651,503.6337
2004-06-15,504.3276,508.4899,499.4716,507.7961
2004-06-16,514.7331,516.1205,510.5708,515.4268
2004-06-17,509.1837,511.9585,501.5528,505.0214
2004-06-18,505.0214,505.0214,488.3723,494.6157
2004-06-21,507.1024,509.1835,496.6967,497.3904
2004-06-22,497.3904,503.6338,493.9219,502.9401
2004-06-23,509.8773,514.0395,506.4087,510.5710
2004-06-24,520.2831,524.4453,518.8956,522.3642
2004-06-25,515.4270,527.2200,514.7332,527.2200
2004-06-28,524.4452,528.6075,524.4452,527.9138
2004-06-29,522.3643,525.8328,516.8146,519.5894
2004-06-30,520.2827,520.9764,515.4268,520.9764
2004-07-01,521.6704,525.1389,519.5892,523.0578
2004-07-02,510.5708,517.5080,509.1834,515.4268
2004-07-05,511.2647,511.2647,502.2464,506.4087
2004-07-06,513.3457,518.2017,511.9583,514.7332
2004-07-07,500.8591,505.7151,495.3094,498.0843
2004-07-08,501.5528,501.5528,493.2283,494.6157
2004-07-09,496.6966,503.6337,496.0029,503.6337
2004-07-12,503.6339,509.8773,502.2464,504.3276
2004-07-13,500.1653,502.9401,493.2281,496.0030
2004-07-14,498.0842,502.9402,487.6785,487.6785
2004-07-15,488.3722,490.4533,478.6603,484.9037
2004-07-16,478.6601,487.6783,477.2726,485.5972
2004-07-19,485.5972,485.5972,485.5972,485.5972
2004-07-20,476.5792,479.3541,473.1107,475.8855
2004-07-21,482.8226,495.3094,482.1289,489.0660
2004-07-22,482.1288,483.5162,475.8854,480.7414
2004-07-23,481.4351,482.8225,473.8043,475.1917
2004-07-26,470.3357,475.1917,465.4797,466.8672
2004-07-27,464.7860,466.1734,457.1551,457.8488
2004-07-28,468.9484,472.4169,463.3987,470.3358
2004-07-29,466.1734,468.2545,458.5426,460.6237
2004-07-30,476.5792,476.5792,471.7232,471.7232
2004-08-02,472.4168,474.4980,468.9483,473.1105
2004-08-03,473.1106,473.1106,464.7860,469.6420
2004-08-04,462.7049,468.9483,457.8489,466.8672
2004-08-05,465.4797,479.3539,464.0923,474.4979
2004-08-06,465.4797,469.6420,462.0112,465.4797
2004-08-09,451.6055,455.0741,449.5244,454.3804
2004-08-10,450.2181,456.4615,450.2181,454.3804
2004-08-11,460.6237,462.0111,458.5425,461.3174
2004-08-12,454.3804,459.2363,452.2992,455.0741
2004-08-13,454.3803,455.0740,443.9747,443.9747
2004-08-16,444.6685,447.4434,434.9566,439.8126
2004-08-17,446.7496,446.7496,440.5062,441.1999
2004-08-18,446.7496,450.9118,443.2810,450.9118
2004-08-19,454.3803,464.0923,453.6866,463.3986
2004-08-20,456.4615,466.8672,455.7678,462.7049
2004-08-23,468.9482,469.6420,465.4797,466.1734
2004-08-24,473.1106,473.8043,467.5609,471.7232
2004-08-25,464.7858,477.2726,463.3984,473.8041
2004-08-26,477.9666,480.7414,473.1106,475.1917
2004-08-27,479.3537,480.0474,476.5788,480.0474
2004-08-30,481.4350,484.9036,479.3539,481.4350
2004-08-31,475.1918,480.0477,473.1106,477.2729
2004-09-01,474.4978,476.5789,471.0292,473.8041
2004-09-02,479.3540,479.3540,468.9484,470.3358
2004-09-03,472.4168,474.4980,466.8672,466.8672
2004-09-06,471.7231,475.8854,468.2546,473.1105
2004-09-07,472.4169,477.2729,470.3358,476.5792
2004-09-08,482.1288,482.1288,471.7231,472.4168
2004-09-09,472.4168,481.4351,471.0294,473.1105
2004-09-10,478.6603,478.6603,469.6421,476.5792
2004-09-13,480.7416,493.9221,479.3541,491.8409
2004-09-14,491.8409,494.6157,487.6786,489.0660
2004-09-15,483.5161,486.2909,475.8853,477.9664
2004-09-16,475.8855,482.8226,475.8855,476.5792
2004-09-17,475.8853,476.5790,471.0293,471.0293
2004-09-20,471.0293,471.0293,471.0293,471.0293
2004-09-21,475.1918,481.4352,474.4981,475.8855
2004-09-22,473.1106,473.8043,465.4797,469.6420
2004-09-23,469.6420,469.6420,469.6420,469.6420
2004-09-24,459.2365,464.0924,455.7679,456.4616
2004-09-27,463.8068,463.8068,456.1117,459.6095
2004-09-28,455.4124,457.5110,451.2150,452.6141
2004-09-29,454.7126,454.7126,449.1161,449.1161
2004-09-30,463.1073,465.9055,458.9099,465.9055
2004-10-01,463.1074,464.5065,459.6096,464.5065
2004-10-04,477.0985,481.2958,473.6007,481.2958
2004-10-05,481.9954,482.6950,478.4976,479.1972
2004-10-06,475.6993,481.2958,473.6007,480.5963
2004-10-07,482.6949,485.4931,481.2958,482.6949
2004-10-08,479.1971,481.2958,476.3989,481.2958
2004-10-11,481.2958,481.2958,481.2958,481.2958
2004-10-12,481.2958,481.9954,475.6994,477.0985
2004-10-13,477.0984,478.4976,468.7038,471.5020
2004-10-14,472.2015,472.2015,465.2059,465.9055
2004-10-15,462.4077,465.2060,461.0086,463.8069
2004-10-18,460.3089,461.0085,456.1116,457.5107
2004-10-19,464.5064,469.4033,462.4077,467.3046
2004-10-20,464.5064,464.5064,456.1117,460.3090
2004-10-21,454.7125,460.3089,454.7125,457.5107
2004-10-22,464.5064,468.7038,461.0086,463.8069
2004-10-25,460.3091,470.8025,458.9100,468.0042
2004-10-26,467.3047,468.0043,460.3092,463.1074
2004-10-27,463.8070,465.9056,461.0087,461.7083
2004-10-28,468.7038,471.5020,466.6051,468.0042
2004-10-29,468.0044,471.5022,461.0088,466.6053
2004-11-01,467.3048,468.0044,461.0088,466.6053
2004-11-02,467.3047,467.3047,459.6096,464.5065
2004-11-03,464.5065,464.5065,464.5065,464.5065
2004-11-04,471.5020,471.5020,466.6051,468.0042
2004-11-05,468.7037,471.5019,465.9054,468.7037
2004-11-08,471.5019,471.5019,464.5064,467.3046
2004-11-09,467.3046,467.3046,463.1072,465.2059
2004-11-10,460.3090,461.0085,453.3134,453.3134
2004-11-11,456.1117,456.8112,449.8156,449.8156
2004-11-12,455.4121,458.9099,451.9143,458.9099
2004-11-15,456.8112,460.3090,454.7126,459.6095
2004-11-16,460.3089,463.8067,456.8112,458.2103
2004-11-17,455.4121,457.5108,453.3135,456.1117
2004-11-18,458.9098,460.3090,453.3134,453.3134
2004-11-19,458.9098,459.6094,454.7125,457.5107
2004-11-22,447.7172,450.5154,445.6185,450.5154
2004-11-23,450.5154,450.5154,450.5154,450.5154
2004-11-24,444.2192,450.5152,444.2192,449.8156
2004-11-25,450.5155,452.6141,447.7172,452.6141
2004-11-26,454.7125,456.8112,452.6138,453.3134
2004-11-29,457.5110,464.5066,456.1119,462.4079
2004-11-30,461.0088,466.6053,458.2106,466.6053
2004-12-01,452.6140,461.7083,452.6140,461.0087
2004-12-02,465.2061,465.9056,461.7083,463.1074
2004-12-03,470.1028,474.9997,467.3046,468.7037
2004-12-06,469.4032,473.6006,466.6050,468.7037
2004-12-07,464.5065,468.0043,463.8069,464.5065
2004-12-08,463.1073,470.8024,462.4077,469.4033
2004-12-09,464.5064,468.7038,462.4077,463.8069
2004-12-10,461.0085,465.9054,458.2103,458.2103
2004-12-13,463.8069,467.3047,461.0087,464.5065
2004-12-14,468.7038,470.8024,465.2060,470.8024
2004-12-15,471.5018,478.4974,469.4032,475.6992
2004-12-16,472.2015,484.0940,472.2015,482.6949
2004-12-17,479.8968,487.5919,479.1972,487.5919
2004-12-20,482.6947,488.9908,482.6947,486.1925
2004-12-21,483.3945,489.6905,483.3945,484.7936
2004-12-22,488.9908,491.7890,482.6947,486.1925
2004-12-23,486.1925,486.1925,486.1925,486.1925
2004-12-24,489.6905,491.7892,487.5919,488.9910
2004-12-27,489.6905,490.3901,485.4932,486.8923
2004-12-28,485.4932,489.6905,484.7936,488.9910
2004-12-29,490.3899,492.4886,489.6904,489.6904
2004-12-30,493.1882,498.0851,492.4886,496.6860
2004-12-31,496.6860,496.6860,496.6860,496.6860
2005-01-03,496.6860,496.6860,496.6860,496.6860
2005-01-04,493.8879,501.5830,491.7892,500.8835
2005-01-05,496.6861,503.6817,494.5874,500.1839
2005-01-06,497.3855,501.5829,495.9864,496.6860
2005-01-07,498.7848,498.7848,487.5919,487.5919
2005-01-10,487.5919,487.5919,487.5919,487.5919
2005-01-11,496.6860,499.4842,493.1882,498.7847
2005-01-12,495.9865,499.4843,493.8878,495.2869
2005-01-13,492.4887,493.8878,489.6905,490.3900
2005-01-14,493.1883,498.0852,489.6905,491.7892
2005-01-17,492.4887,498.0852,492.4887,493.8878
2005-01-18,493.8879,494.5874,488.2914,488.9910
2005-01-19,491.7892,493.1883,487.5919,488.9910
2005-01-20,484.0941,486.1928,481.9954,484.0941
2005-01-21,477.0984,483.3944,477.0984,482.6949
2005-01-24,484.7937,485.4933,480.5964,483.3946
2005-01-25,476.3989,485.4932,474.3002,485.4932
2005-01-26,485.4932,486.8923,483.3945,484.7936
2005-01-27,481.2958,483.3945,477.7980,481.2958
2005-01-28,483.3945,490.3901,477.7980,480.5963
2005-01-31,481.9954,486.1927,478.4976,481.2958
2005-02-01,486.1928,486.1928,480.5964,483.3946
2005-02-02,486.1926,486.8921,468.7036,474.9996
2005-02-03,475.6993,476.3989,465.9055,469.4033
2005-02-04,468.0044,468.0044,458.2105,462.4079
2005-02-07,468.0041,471.5019,462.4077,465.2059
2005-02-08,471.5020,471.5020,466.6051,468.0042
2005-02-09,471.5019,471.5019,464.5063,465.2059
2005-02-10,465.9056,466.6052,459.6096,461.7083
2005-02-11,461.7083,461.7083,461.7083,461.7083
2005-02-14,468.7037,468.7037,464.5063,465.2059
2005-02-15,466.6050,468.7037,464.5064,467.3046
2005-02-16,468.0041,475.6993,467.3046,474.3001
2005-02-17,471.5019,473.6006,468.0041,468.7037
2005-02-18,467.3047,467.3047,463.1074,464.5065
2005-02-21,465.9056,466.6052,460.3091,461.0087
2005-02-22,463.1074,467.3047,461.7083,463.1074
2005-02-23,460.3090,465.2059,458.9099,465.2059
2005-02-24,458.9099,461.7081,457.5108,459.6095
2005-02-25,462.4078,465.9056,460.3092,461.7083
2005-02-28,468.7038,469.4033,463.8069,463.8069
2005-03-01,464.5064,468.7037,464.5064,467.3046
2005-03-02,469.4034,479.1972,468.7038,479.1972
2005-03-03,476.3987,477.0983,472.9010,475.6992
2005-03-04,474.3002,474.9998,469.4033,469.4033
2005-03-07,475.6993,475.6993,472.2015,473.6006
2005-03-08,477.0984,477.0984,472.9010,474.3001
2005-03-09,471.5019,477.7979,470.1028,477.7979
2005-03-10,470.8023,474.3001,469.4032,470.1028
2005-03-11,473.6007,474.9998,470.8024,470.8024
2005-03-14,470.8024,471.5019,467.3046,467.3046
2005-03-15,474.3002,476.3989,470.8024,472.9011
2005-03-16,472.9010,477.7979,472.2015,477.7979
2005-03-17,470.8024,473.6007,470.8024,471.5020
2005-03-18,471.5019,477.0984,471.5019,474.3001
2005-03-21,474.3001,474.3001,474.3001,474.3001
2005-03-22,470.8023,471.5019,468.0041,468.7037
2005-03-23,471.5019,472.2015,468.0041,470.1028
2005-03-24,468.0042,469.4033,464.5064,465.9055
2005-03-25,469.4033,470.1029,468.0042,469.4033
2005-03-28,470.4613,477.5147,470.4613,476.8094
2005-03-29,475.3987,476.1040,462.7026,465.5240
2005-03-30,461.9973,465.5240,461.9973,465.5240
2005-03-31,472.5772,472.5772,467.6398,469.7559
2005-04-01,463.4079,467.6399,460.5865,466.2292
2005-04-04,468.3454,471.8721,467.6401,470.4614
2005-04-05,469.7560,477.5147,469.0506,473.9880
2005-04-06,476.1040,479.6307,474.6933,479.6307
2005-04-07,480.3360,481.0414,476.8093,479.6307
2005-04-08,481.0414,481.0414,476.1040,480.3361
2005-04-11,478.9255,478.9255,473.9882,474.6935
2005-04-12,473.2827,473.9880,467.6400,467.6400
2005-04-13,467.6400,469.0506,464.1133,467.6400
2005-04-14,466.2292,466.2292,462.7026,466.2292
2005-04-15,462.7025,462.7025,459.1758,459.8811
2005-04-18,440.1318,450.7119,438.7211,445.7745
2005-04-19,447.8905,449.3012,442.9531,445.7745
2005-04-20,453.5332,453.5332,445.0692,448.5959
2005-04-21,437.3104,440.1317,432.3730,438.7211
2005-04-22,446.4797,446.4797,438.0157,438.0157
2005-04-25,440.8370,442.2477,438.7210,439.4263
2005-04-26,440.1317,440.1317,435.1944,436.6050
2005-04-27,435.8997,435.8997,430.2570,433.7837
2005-04-28,426.7302,437.3103,426.0249,437.3103
2005-04-29,437.3103,437.3103,437.3103,437.3103
2005-05-02,430.2569,436.6050,428.1409,435.1943
2005-05-03,435.1943,435.1943,435.1943,435.1943
2005-05-04,435.1943,435.1943,435.1943,435.1943
2005-05-05,435.1943,435.1943,435.1943,435.1943
2005-05-06,442.2477,443.6584,438.7210,441.5424
2005-05-09,445.0691,445.7744,441.5424,443.6584
2005-05-10,444.3638,447.8905,440.1317,443.6584
2005-05-11,441.5425,446.4798,440.1318,445.7745
2005-05-12,443.6584,445.0691,442.2477,443.6584
2005-05-13,444.3638,447.8905,442.9531,444.3638
2005-05-16,444.3638,445.0692,440.1318,440.1318
2005-05-17,442.2478,446.4798,438.0157,438.7211
2005-05-18,438.7210,440.1317,429.5516,432.3729
2005-05-19,439.4264,445.0691,436.6050,442.9531
2005-05-20,447.8904,449.3011,442.2477,442.2477
2005-05-23,444.3637,453.5331,444.3637,453.5331
2005-05-24,456.3546,457.0599,446.4798,448.5959
2005-05-25,450.7118,452.8278,441.5424,441.5424
2005-05-26,438.7211,447.8905,438.0157,444.3638
2005-05-27,452.1225,457.7652,450.7118,456.3545
2005-05-30,457.0597,461.2917,456.3544,457.0597
2005-05-31,459.1758,461.2918,456.3544,459.8811
2005-06-01,455.6493,459.8813,454.2386,458.4706
2005-06-02,461.9971,468.3452,459.8811,459.8811
2005-06-03,461.9972,463.4078,453.5331,455.6491
2005-06-06,455.6491,458.4705,454.2384,455.6491
2005-06-07,452.8278,454.9439,447.8905,450.7118
2005-06-08,454.9440,457.7654,452.8280,454.2387
2005-06-09,454.2385,456.3546,449.3012,451.4172
2005-06-10,452.8280,457.0600,452.8280,454.2387
2005-06-13,457.7653,461.9973,457.0599,457.7653
2005-06-14,459.1760,459.8813,456.3546,457.7653
2005-06-15,459.8814,464.8187,459.8814,463.4081
2005-06-16,464.1133,464.1133,459.8812,462.7026
2005-06-17,463.4079,468.3453,463.4079,467.6400
2005-06-20,469.7560,469.7560,465.5240,465.5240
2005-06-21,462.7026,464.8186,462.7026,464.8186
2005-06-22,466.2294,469.0507,464.1134,468.3454
2005-06-23,466.9347,468.3454,466.2294,468.3454
2005-06-24,466.2294,468.3454,464.8187,468.3454
2005-06-27,462.7027,465.5241,461.2920,463.4081
2005-06-28,462.7027,469.0507,462.7027,468.3454
2005-06-29,469.0506,473.9880,469.0506,473.2826
2005-06-30,475.3987,476.8094,473.2827,475.3987
2005-07-01,474.6932,478.2199,471.8719,477.5146
2005-07-04,479.6307,481.7467,477.5147,479.6307
2005-07-05,480.3362,481.7469,478.9255,481.0416
2005-07-06,480.3361,481.0415,476.8094,478.2201
2005-07-07,478.9255,478.9255,473.9882,474.6935
2005-07-08,473.9880,478.2200,471.8719,476.1040
2005-07-11,480.3359,481.0413,478.2199,478.9253
2005-07-12,481.7469,482.4522,480.3362,481.0416
2005-07-13,479.6308,480.3361,476.1041,478.2201
2005-07-14,481.0414,481.7467,478.9254,480.3361
2005-07-15,483.8630,485.9790,483.1576,484.5683
2005-07-18,484.5683,484.5683,484.5683,484.5683
2005-07-19,483.8627,483.8627,481.0413,482.4520
2005-07-20,485.2733,488.8000,485.2733,487.3893
2005-07-21,487.3894,488.0947,485.2734,485.9787
2005-07-22,483.1576,483.1576,479.6309,481.0416
2005-07-25,481.7465,483.8625,481.0412,481.7465
2005-07-26,481.7468,485.9788,481.7468,485.2735
2005-07-27,484.5682,489.5056,484.5682,488.8002
2005-07-28,488.8001,488.8001,480.3360,482.4520
2005-07-29,482.4520,483.8627,477.5147,482.4520
2005-08-01,483.8630,486.6843,482.4523,484.5683
2005-08-02,483.8628,485.2734,477.5147,480.3361
2005-08-03,483.8629,484.5682,481.7469,483.8629
2005-08-04,484.5680,484.5680,479.6307,482.4520
2005-08-05,476.8094,479.6307,475.3987,476.8094
2005-08-08,469.7560,479.6307,468.3453,479.6307
2005-08-09,480.3362,485.9789,477.5148,483.8629
2005-08-10,485.9787,493.7375,485.2734,489.5054
2005-08-11,493.0323,493.7376,489.5056,493.7376
2005-08-12,493.7374,495.8534,485.2733,487.3893
2005-08-15,488.0948,491.6214,487.3894,489.5054
2005-08-16,488.8001,489.5054,484.5680,485.9787
2005-08-17,486.6841,488.0948,479.6307,480.3361
2005-08-18,483.1574,484.5681,478.9254,479.6307
2005-08-19,479.6307,481.7467,477.5147,480.3361
2005-08-22,481.0414,484.5681,478.9254,479.6307
2005-08-23,484.5683,491.6217,483.1576,484.5683
2005-08-24,480.3361,481.7467,477.5147,480.3361
2005-08-25,478.9254,478.9254,476.1040,476.8094
2005-08-26,477.5147,481.0414,476.1040,480.3361
2005-08-29,476.1040,476.8094,473.2827,476.8094
2005-08-30,478.9254,479.6307,476.1040,476.8094
2005-08-31,478.2200,480.3360,476.1040,476.1040
2005-09-01,478.9254,481.0414,478.2200,479.6307
2005-09-02,481.7466,482.4520,475.3986,478.9253
2005-09-05,476.1042,477.5149,474.6935,474.6935
2005-09-06,474.6935,476.8095,473.2828,474.6935
2005-09-07,476.1039,477.5146,473.2826,477.5146
2005-09-08,478.9254,480.3360,476.1040,479.6307
2005-09-09,481.0416,496.5590,476.8095,492.3270
2005-09-12,498.6748,499.3802,490.9161,493.0321
2005-09-13,494.4427,497.9694,493.0321,497.2641
2005-09-14,493.7374,501.4961,493.7374,497.2641
2005-09-15,496.5590,502.2017,495.8536,501.4963
2005-09-16,496.5588,500.0855,494.4428,500.0855
2005-09-19,500.0855,500.0855,500.0855,500.0855
2005-09-20,497.2641,498.6748,493.7375,496.5588
2005-09-21,497.2642,502.2016,492.3268,497.9695
2005-09-22,491.6216,495.1483,490.2109,494.4430
2005-09-23,494.4430,494.4430,494.4430,494.4430
2005-09-26,491.6214,495.8535,489.5054,495.8535
2005-09-27,503.3180,503.3180,493.3654,493.3654
2005-09-28,496.2091,499.7636,495.4982,495.4982
2005-09-29,502.6071,502.6071,494.0763,499.0526
2005-09-30,501.8960,517.5358,499.0524,511.1377
2005-10-03,516.8249,523.2230,511.8486,515.4031
2005-10-04,522.5124,545.2612,521.0906,544.5503
2005-10-05,541.7067,552.3702,535.3086,538.1522
2005-10-06,516.8249,520.3794,508.2941,511.8486
2005-10-07,517.5361,517.5361,508.2944,510.4271
2005-10-10,510.4271,510.4271,510.4271,510.4271
2005-10-11,515.4033,518.9578,512.5597,518.9578
2005-10-12,519.6687,531.0431,518.9578,518.9578
2005-10-13,510.4270,516.8251,509.0052,513.2706
2005-10-14,516.1142,523.9341,511.8488,518.9578
2005-10-17,519.6685,520.3794,513.9813,515.4031
2005-10-18,518.9576,524.6448,514.6922,515.4031
2005-10-19,517.5360,519.6687,511.8487,513.9814
2005-10-20,514.6923,517.5359,513.9814,514.6923
2005-10-21,514.6923,519.6687,507.5833,513.9814
2005-10-24,510.4270,511.1379,501.8962,506.1616
2005-10-25,514.6922,516.8249,509.0050,511.1377
2005-10-26,511.8486,517.5358,510.4268,515.4031
2005-10-27,518.2469,522.5123,511.8488,518.2469
2005-10-28,511.1380,513.9816,506.1617,512.5598
2005-10-31,513.2707,516.1143,500.4745,505.4508
2005-11-01,500.4742,511.8486,499.0524,511.8486
2005-11-02,509.7160,514.6923,505.4506,509.7160
2005-11-03,516.8252,516.8252,516.8252,516.8252
2005-11-04,524.6450,528.9104,519.6687,526.7777
2005-11-07,523.9341,524.6450,515.4033,520.3796
2005-11-08,521.0905,531.0431,516.8251,522.5123
2005-11-09,528.9104,541.7067,526.0668,533.1758
2005-11-10,534.5976,536.0194,526.7777,533.1758
2005-11-11,533.1758,537.4412,530.3322,533.1758
2005-11-14,540.2847,540.9956,527.4885,528.1994
2005-11-15,531.0431,540.2849,529.6213,533.1758
2005-11-16,533.8865,539.5738,529.6211,535.3083
2005-11-17,539.5738,550.9482,538.1520,549.5264
2005-11-18,559.4791,576.5407,558.7682,572.2753
2005-11-21,575.8300,590.7589,573.6973,587.9153
2005-11-22,580.8062,583.6498,568.7209,579.3844
2005-11-23,579.3844,579.3844,579.3844,579.3844
2005-11-24,589.3370,595.0242,585.7825,587.2043
2005-11-25,576.5407,584.3607,575.1189,580.8062
2005-11-28,589.3370,602.8441,588.6261,598.5787
2005-11-29,591.4698,595.7352,587.2044,588.6262
2005-11-30,589.3369,590.7587,574.4080,574.4080
2005-12-01,584.3606,585.0715,578.6734,582.9388
2005-12-02,590.7588,592.1806,584.3607,587.2043
2005-12-05,587.9153,592.1807,587.2044,588.6262
2005-12-06,581.5171,582.9389,576.5408,577.9626
2005-12-07,581.5171,581.5171,573.6972,576.5408
2005-12-08,577.2518,577.2518,568.7210,571.5646
2005-12-09,575.8299,578.6735,570.1427,577.9626
2005-12-12,575.1190,579.3844,572.9863,575.1190
2005-12-13,572.9863,576.5408,571.5645,576.5408
2005-12-14,574.4081,582.9390,570.1427,570.8536
2005-12-15,571.5646,571.5646,555.2139,559.4793
2005-12-16,560.1900,562.3227,551.6592,560.9009
2005-12-19,556.6355,561.6118,550.9483,560.9009
2005-12-20,555.9248,561.6120,553.0812,559.4793
2005-12-21,558.0574,568.0100,557.3465,564.4555
2005-12-22,563.7444,575.8297,562.3226,572.9861
2005-12-23,572.9861,572.9861,572.9861,572.9861
2005-12-26,565.8773,568.0100,562.3228,567.2991
2005-12-27,564.4554,564.4554,560.1900,561.6118
2005-12-28,565.8772,570.1426,558.0573,563.0336
2005-12-29,564.4555,570.8536,563.7446,566.5882
2005-12-30,568.7208,569.4317,562.3227,565.1663
2006-01-02,565.1663,565.1663,565.1663,565.1663
2006-01-03,565.1663,565.1663,565.1663,565.1663
2006-01-04,570.8536,572.2754,565.1664,570.1427
2006-01-05,584.3607,604.2659,582.2280,601.4223
2006-01-06,600.0006,619.9059,597.1570,611.3751
2006-01-09,611.3751,611.3751,611.3751,611.3751
2006-01-10,614.2185,617.0622,599.2896,600.7114
2006-01-11,593.6024,600.0005,582.2280,597.1569
2006-01-12,618.4840,621.3276,602.1333,609.9532
2006-01-13,603.5551,618.4840,600.0006,602.8442
2006-01-16,599.2897,600.0006,590.0479,594.3134
2006-01-17,595.0244,599.2898,581.5173,583.6500
2006-01-18,582.9388,585.7824,557.3463,568.7208
2006-01-19,580.8062,583.6498,571.5645,578.6735
2006-01-20,582.9392,584.3610,574.4084,580.0956
2006-01-23,558.7682,578.6734,558.7682,568.7208
2006-01-24,577.2517,577.9626,565.1664,570.8536
2006-01-25,575.1190,575.1190,568.0100,569.4318
2006-01-26,582.9388,582.9388,571.5644,572.2753
2006-01-27,588.6260,589.3369,577.9625,586.4933
2006-01-30,600.7114,600.7114,587.9152,590.0479
2006-01-31,584.3608,592.8916,581.5172,587.9153
2006-02-01,579.3847,585.7828,579.3847,580.0956
2006-02-02,590.0481,592.1808,581.5173,583.6500
2006-02-03,577.2517,580.8062,569.4317,575.1190
2006-02-06,582.9389,588.6261,576.5408,576.5408
2006-02-07,582.2282,587.2045,580.8064,583.6500
2006-02-08,575.1191,580.0954,572.2755,575.8300
2006-02-09,583.6498,589.3370,577.9626,578.6735
2006-02-10,583.6497,588.6261,575.1189,582.9388
2006-02-13,575.8299,583.6498,570.8536,575.1190
2006-02-14,577.2517,581.5171,559.4791,576.5408
2006-02-15,578.6734,583.6497,570.1425,572.9861
2006-02-16,575.1190,579.3844,573.6972,577.9626
2006-02-17,575.1190,580.0954,564.4555,567.2991
2006-02-20,568.0100,574.4081,563.0337,565.8773
2006-02-21,572.9863,573.6972,561.6119,564.4555
2006-02-22,568.7210,570.1428,558.0575,559.4793
2006-02-23,568.7207,577.9624,567.2989,573.6970
2006-02-24,564.4555,569.4318,563.7446,567.2991
2006-02-27,570.8535,582.2279,566.5881,582.2279
2006-02-28,575.8300,586.4936,572.2755,583.6500
2006-03-01,573.6971,579.3843,569.4317,572.2753
2006-03-02,577.2516,581.5170,572.2753,572.2753
2006-03-03,575.8298,580.8061,574.4080,574.4080
2006-03-06,572.9864,575.8300,568.7210,575.8300
2006-03-07,577.2517,579.3845,568.0100,570.8536
2006-03-08,565.1665,568.0101,555.9248,559.4793
2006-03-09,561.6119,571.5645,560.1901,570.8536
2006-03-10,571.5644,579.3843,570.1426,574.4080
2006-03-13,581.5172,583.6499,575.1191,577.2518
2006-03-14,579.3843,581.5170,571.5644,572.2753
2006-03-15,576.5408,579.3844,574.4081,576.5408
2006-03-16,577.2517,578.6735,566.5882,570.1427
2006-03-17,571.5645,578.6735,570.8536,576.5408
2006-03-20,573.6972,580.8062,573.6972,577.9626
2006-03-21,577.9626,577.9626,577.9626,577.9626
2006-03-22,578.6738,580.8065,574.4084,580.0956
2006-03-23,582.9389,585.7825,577.2517,578.6735
2006-03-24,578.6734,584.3607,576.5407,580.8062
2006-03-27,579.3844,582.2280,577.2517,579.3844
2006-03-28,580.4578,581.1735,574.7319,576.1634
2006-03-29,575.4477,582.6050,575.4477,580.4578
2006-03-30,582.6051,594.7726,581.1737,588.3310
2006-03-31,597.6354,599.7826,589.7624,596.2040
2006-04-03,601.2142,607.6557,598.3512,605.5085
2006-04-04,605.5085,605.5085,595.4882,599.0669
2006-04-05,604.0771,624.1176,604.0771,616.2446
2006-04-06,620.5391,630.5593,616.9604,629.8436
2006-04-07,629.1275,635.5691,623.4017,634.1376
2006-04-10,629.1277,630.5591,621.9704,626.9805
2006-04-11,627.6960,629.1275,611.9499,622.6859
2006-04-12,610.5187,616.9603,603.3614,606.9401
2006-04-13,607.6558,614.8131,598.3513,608.3715
2006-04-14,613.3816,613.3816,599.0670,607.6558
2006-04-17,608.3715,613.3816,604.7928,605.5085
2006-04-18,601.9299,610.5186,599.0670,609.8029
2006-04-19,619.1074,629.1277,616.9602,617.6760
2006-04-20,619.8231,624.8332,617.6759,623.4017
2006-04-21,620.5388,631.2748,617.6759,628.4119
2006-04-24,615.5287,616.2444,601.9298,601.9298
2006-04-25,602.6456,607.6557,589.0467,605.5085
2006-04-26,607.6558,612.6659,604.7929,608.3715
2006-04-27,609.0873,624.1176,604.0771,616.2446
2006-04-28,609.8030,614.8131,594.0569,606.2244
2006-05-01,602.6456,606.9400,599.0670,605.5085
2006-05-02,601.2142,613.3816,599.0670,606.9401
2006-05-03,606.9401,606.9401,606.9401,606.9401
2006-05-04,606.9401,606.9401,606.9401,606.9401
2006-05-05,606.9401,606.9401,606.9401,606.9401
2006-05-08,617.6760,617.6760,609.8029,609.8029
2006-05-09,605.5085,613.3816,604.7928,605.5085
2006-05-10,606.2242,611.9501,594.7725,599.7827
2006-05-11,598.3513,601.2143,587.6154,591.1940
2006-05-12,580.4581,580.4581,571.1536,577.5952
2006-05-15,574.0165,584.0367,569.7221,578.3109
2006-05-16,578.3106,583.3208,564.7118,565.4275
2006-05-17,558.2703,563.9962,541.8085,561.8490
2006-05-18,547.5342,564.7118,543.2399,548.9657
2006-05-19,549.6815,557.5545,546.8186,555.4073
2006-05-22,561.1332,567.5748,551.8287,553.2602
2006-05-23,547.5344,553.2603,544.6715,544.6715
2006-05-24,548.9655,551.8285,536.7981,551.1127
2006-05-25,550.3972,552.5444,541.0927,543.2399
2006-05-26,553.9759,560.4175,548.9658,555.4073
2006-05-29,563.2804,566.1433,556.1231,558.2703
2006-05-30,557.5546,560.4175,550.3973,553.2602
2006-05-31,542.5244,544.6716,533.9357,541.8087
2006-06-01,548.9658,551.1130,541.0927,546.1028
2006-06-02,551.1130,553.2602,541.0928,553.2602
2006-06-05,556.8388,561.8490,552.5445,554.6917
2006-06-06,547.5343,549.6815,541.8085,546.1028
2006-06-07,538.9455,546.1028,537.5140,538.2297
2006-06-08,535.3667,535.3667,518.9049,522.4836
2006-06-09,516.7578,526.7781,508.8848,520.3365
2006-06-12,521.7678,533.2195,520.3363,530.3566
2006-06-13,518.9050,522.4837,512.4635,514.6107
2006-06-14,507.4532,526.0622,507.4532,518.9049
2006-06-15,523.9150,526.7780,518.9049,522.4836
2006-06-16,536.7983,541.8084,529.6410,537.5140
2006-06-19,531.7881,533.2196,526.0623,531.7881
2006-06-20,528.2096,532.5040,517.4736,524.6309
2006-06-21,531.0726,531.0726,516.0422,521.7681
2006-06-22,528.9252,534.6510,528.2095,532.5038
2006-06-23,532.5038,536.0825,522.4836,532.5038
2006-06-26,529.6411,531.7883,523.9152,528.2096
2006-06-27,530.3569,531.0726,525.3468,528.9254
2006-06-28,526.7781,528.2095,520.3365,526.7781
2006-06-29,530.3568,538.2298,528.2096,531.0725
2006-06-30,543.9557,544.6714,537.5141,541.0928
2006-07-03,538.9455,548.2500,536.0826,543.2399
2006-07-04,543.9557,548.2500,540.3770,546.1028
2006-07-05,541.8085,551.1130,541.0928,548.2501
2006-07-06,548.9658,553.2602,543.9557,545.3871
2006-07-07,549.6815,549.6815,542.5242,545.3871
2006-07-10,541.0925,551.1127,538.9453,551.1127
2006-07-11,544.6714,547.5343,541.0927,546.1028
2006-07-12,531.7881,537.5139,519.6207,522.4836
2006-07-13,516.0421,523.1994,513.1792,513.8949
2006-07-14,508.1691,508.8849,499.5803,501.7275
2006-07-17,501.7275,501.7275,501.7275,501.7275
2006-07-18,503.1590,506.7376,496.0017,497.4331
2006-07-19,493.8546,498.1489,490.9916,493.8546
2006-07-20,508.1690,509.6005,502.4432,505.3061
2006-07-21,507.4535,513.8951,506.7378,510.3164
2006-07-24,506.0220,511.0322,501.0119,510.3164
2006-07-25,516.0421,518.1893,509.6005,511.7477
2006-07-26,518.9050,519.6207,513.1791,513.1791
2006-07-27,513.8950,521.0524,512.4636,517.4737
2006-07-28,519.6208,519.6208,514.6107,518.1893
2006-07-31,524.6309,526.7781,522.4837,525.3466
2006-08-01,518.9050,518.9050,509.6005,513.8949
2006-08-02,485.2657,498.8646,478.8241,496.0016
2006-08-03,500.2960,501.7275,498.8646,501.0118
2006-08-04,502.4432,508.8848,498.8645,503.8746
2006-08-07,506.7375,508.1690,490.2757,494.5701
2006-08-08,495.2858,501.0117,493.1386,500.2960
2006-08-09,498.1489,502.4433,488.8444,501.7275
2006-08-10,501.0117,501.0117,495.2858,500.2960
2006-08-11,496.7174,500.2961,496.0017,497.4331
2006-08-14,499.5803,510.3163,497.4331,508.1691
2006-08-15,508.1691,513.1792,504.5905,507.4534
2006-08-16,513.8949,528.9253,513.8949,526.7781
2006-08-17,541.8084,544.6714,531.0725,534.6511
2006-08-18,533.2195,536.7982,528.9251,535.3667
2006-08-21,534.6511,534.6511,522.4837,526.7781
2006-08-22,527.4939,536.7984,526.0625,533.2198
2006-08-23,528.9252,531.7881,524.6308,527.4937
2006-08-24,527.4938,528.2095,522.4837,525.3466
2006-08-25,526.0623,535.3668,526.0623,526.7781
2006-08-28,528.9252,533.9353,527.4937,527.4937
2006-08-29,531.0725,531.0725,525.3466,526.7781
2006-08-30,527.4938,528.2095,523.1994,526.7781
2006-08-31,526.7782,536.7984,526.0625,533.2198
2006-09-01,528.2097,531.0726,526.0625,528.9254
2006-09-04,532.5038,536.0825,531.7881,532.5038
2006-09-05,535.3668,541.0927,532.5039,538.9455
2006-09-06,533.9355,535.3670,531.0726,533.2198
2006-09-07,526.7779,529.6409,516.7577,518.9049
2006-09-08,514.6108,525.3468,513.1793,519.6209
2006-09-11,517.4734,518.1892,511.0319,512.4633
2006-09-12,513.1792,514.6106,507.4533,508.8848
2006-09-13,515.3264,516.7579,504.5904,508.1691
2006-09-14,511.7476,516.0420,508.1689,512.4633
2006-09-15,513.1792,516.0421,494.5702,496.7174
2006-09-18,496.7174,496.7174,496.7174,496.7174
2006-09-19,475.2456,488.1288,474.5299,485.2659
2006-09-20,480.2555,481.6870,473.0982,474.5297
2006-09-21,473.0982,473.8140,463.0780,468.8038
2006-09-22,463.7939,470.9512,460.9309,470.2354
2006-09-25,470.2353,475.9612,465.2252,474.5297
2006-09-26,475.2487,482.4386,475.2487,481.7196
2006-09-27,484.5956,492.5044,483.1576,491.7855
2006-09-28,494.6613,496.8182,493.2233,495.3802
2006-09-29,496.0992,496.8182,491.0663,495.3802
2006-10-02,493.2234,501.1322,492.5044,498.9753
2006-10-03,494.6614,498.9753,494.6614,497.5373
2006-10-04,499.6943,501.1323,489.6285,493.9424
2006-10-05,501.1322,501.1322,495.3803,498.9753
2006-10-06,497.5372,498.2561,493.9422,496.8182
2006-10-09,496.8182,496.8182,496.8182,496.8182
2006-10-10,496.0993,502.5701,494.6613,501.1322
2006-10-11,503.2892,506.8841,500.4133,500.4133
2006-10-12,498.2563,500.4132,494.6614,496.0993
2006-10-13,503.2891,506.1651,500.4132,502.5702
2006-10-16,507.6031,508.3221,504.7272,505.4462
2006-10-17,503.2892,505.4462,498.9753,503.2892
2006-10-18,497.5372,504.7271,496.8182,504.0081
2006-10-19,502.5702,503.2892,494.6614,499.6943
2006-10-20,499.6941,500.4131,496.0992,496.8182
2006-10-23,497.5373,501.1322,494.6614,497.5373
2006-10-24,500.4133,506.8841,500.4133,505.4462
2006-10-25,507.6031,507.6031,501.8512,505.4462
2006-10-26,505.4462,506.8841,500.4133,504.7272
2006-10-27,505.4461,505.4461,498.9752,504.0081
2006-10-30,497.5372,500.4131,494.6613,495.3802
2006-10-31,493.9424,494.6614,483.8766,485.3146
2006-11-01,478.8437,486.7525,471.6539,485.3146
2006-11-02,478.1247,483.8766,476.6867,483.8766
2006-11-03,483.8766,483.8766,483.8766,483.8766
2006-11-06,476.6867,485.3145,474.5298,481.7196
2006-11-07,486.7526,493.2234,484.5956,490.3475
2006-11-08,486.7524,493.2232,486.7524,488.9093
2006-11-09,488.1904,495.3802,485.3144,488.1904
2006-11-10,491.0665,506.1651,489.6285,500.4133
2006-11-13,498.9752,506.1651,496.0993,502.5702
2006-11-14,508.3219,511.9168,505.4460,507.6029
2006-11-15,511.9169,514.0739,509.0410,509.0410
2006-11-16,510.4791,515.5120,503.2892,505.4462
2006-11-17,509.0409,511.9169,506.1650,508.3219
2006-11-20,504.0081,506.8841,493.2234,493.2234
2006-11-21,492.5044,495.3804,488.9095,491.7855
2006-11-22,485.3146,492.5044,484.5956,490.3475
2006-11-23,490.3475,490.3475,490.3475,490.3475
2006-11-24,485.3146,486.0336,479.5628,480.2817
2006-11-27,468.0589,483.1576,467.3399,481.7196
2006-11-28,473.8107,479.5626,471.6538,476.6867
2006-11-29,483.8764,491.0663,480.2815,488.9093
2006-11-30,491.0665,495.3804,487.4715,494.6614
2006-12-01,493.2232,493.9422,486.7524,492.5042
2006-12-04,490.3473,491.0663,483.8764,488.9093
2006-12-05,492.5044,492.5044,481.0006,483.8766
2006-12-06,483.8766,493.9424,481.7197,490.3475
2006-12-07,488.1905,498.2563,487.4715,494.6614
2006-12-08,496.0994,501.8512,495.3804,500.4133
2006-12-11,499.6942,505.4461,499.6942,501.8512
2006-12-12,501.8512,503.2892,497.5373,499.6943
2006-12-13,502.5701,509.0409,501.1321,508.3219
2006-12-14,509.7599,515.5118,509.0409,515.5118
2006-12-15,517.6688,519.8258,514.0739,518.3878
2006-12-18,521.2638,522.7018,514.7929,516.2309
2006-12-19,516.2310,518.3879,509.7601,511.9171
2006-12-20,510.4790,518.3879,510.4790,517.6689
2006-12-21,516.9499,519.8258,514.7929,517.6689
2006-12-22,517.6688,521.2638,516.2309,519.1068
2006-12-25,519.1067,524.8585,517.6687,521.2636
2006-12-26,519.8258,519.8258,511.9170,516.9499
2006-12-27,516.9500,524.1398,514.0740,521.9828
2006-12-28,520.5447,524.8586,519.8257,524.8586
2006-12-29,525.5777,537.0814,524.1397,533.4865
2007-01-04,542.1143,571.5926,541.3953,565.8408
2007-01-05,572.3118,585.9725,567.2789,571.5928
2007-01-09,572.3117,586.6914,569.4358,580.9395
2007-01-10,576.6256,580.9395,564.4028,568.7167
2007-01-11,571.5927,574.4686,555.7750,560.8079
2007-01-12,567.2787,575.9065,560.0889,567.9977
2007-01-15,573.0308,579.5017,569.4359,573.7498
2007-01-16,574.4687,577.3447,569.4358,571.5928
2007-01-17,571.5925,573.7495,562.9647,570.1545
2007-01-18,573.7495,580.2204,569.4356,572.3115
2007-01-19,574.4686,576.6255,566.5598,570.8737
2007-01-22,581.6583,595.3190,579.5014,591.0051
2007-01-23,586.6915,599.6332,585.2535,593.8813
2007-01-24,608.2607,609.6987,600.3519,603.9468
2007-01-25,603.9468,606.1038,593.8810,596.7570
2007-01-26,589.5674,591.0054,578.7826,585.9725
2007-01-29,582.3772,589.5671,579.5013,583.8152
2007-01-30,585.9723,588.1292,575.1875,576.6255
2007-01-31,580.9394,582.3774,573.7496,582.3774
2007-02-01,577.3447,588.8484,577.3447,588.1295
2007-02-02,591.7240,591.7240,581.6582,583.8152
2007-02-05,574.4686,575.1876,565.1218,565.8408
2007-02-06,560.8081,583.0966,559.3701,580.2206
2007-02-07,577.3444,579.5014,572.3116,578.7824
2007-02-08,579.5017,593.1624,578.7827,585.2535
2007-02-09,588.1294,593.8813,583.0965,592.4433
2007-02-13,585.9724,594.6002,585.9724,588.8483
2007-02-14,592.4431,598.1950,590.2862,596.0380
2007-02-15,599.6330,602.5089,594.6001,599.6330
2007-02-16,598.9141,602.5090,594.6002,598.9141
2007-02-19,593.8812,610.4178,591.7242,610.4178
2007-02-20,608.2607,608.2607,597.4759,603.2278
2007-02-21,600.3520,605.3849,597.4761,598.9141
2007-02-22,601.7899,605.3848,600.3519,603.9468
2007-02-23,604.6660,611.1369,600.3521,608.9799
2007-02-26,614.7320,617.6079,604.6662,606.1042
2007-02-27,606.1040,620.4837,600.3522,618.3268
2007-02-28,582.3775,599.6331,579.5015,597.4761
2007-03-01,596.7571,605.3849,594.6001,601.7900
2007-03-02,597.4762,598.1952,585.9725,589.5674
2007-03-05,579.5016,582.3775,570.1548,573.0307
2007-03-06,575.1875,584.5343,575.1875,581.6583
2007-03-07,588.1293,593.1622,569.4357,570.8737
2007-03-08,568.7169,588.8484,565.1219,588.1295
2007-03-09,590.2861,594.6000,585.2532,590.2861
2007-03-12,596.0383,598.1953,591.0054,593.8813
2007-03-13,593.8812,609.6988,593.8812,598.9141
2007-03-14,591.7241,593.8810,580.9393,584.5342
2007-03-15,589.5673,621.9216,588.8483,615.4507
2007-03-16,608.2610,635.5824,601.7901,620.4837
2007-03-19,598.9141,621.2026,598.1951,621.2026
2007-03-20,621.9215,621.9215,607.5418,613.2937
2007-03-22,620.4837,646.3672,619.0458,631.9875
2007-03-23,631.9873,633.4253,619.7646,626.2355
2007-03-26,632.7063,638.4582,624.7975,629.8304
2007-03-27,631.9948,658.6887,631.2734,651.4741
2007-03-28,652.1958,670.9536,651.4743,656.5245
2007-03-29,653.6383,675.2820,652.1954,673.1176
2007-03-30,671.6748,672.3962,654.3598,659.4100
2007-04-02,664.4603,673.1178,647.8669,648.5883
2007-04-03,658.6886,660.8529,645.7024,659.4100
2007-04-04,668.0676,672.3963,662.2960,664.4603
2007-04-05,666.6246,679.6108,664.4602,675.2820
2007-04-06,673.1176,676.0034,664.4602,670.9532
2007-04-09,669.5104,679.6108,657.2457,678.1679
2007-04-10,674.5606,681.0537,668.7889,676.0035
2007-04-11,675.2820,680.3322,666.6246,675.2820
2007-04-12,670.9534,670.9534,661.5745,664.4603
2007-04-13,669.5105,674.5607,655.0814,657.2457
2007-04-16,664.4604,671.6750,657.9673,665.1819
2007-04-17,670.9534,675.2822,658.6887,664.4603
2007-04-18,667.3461,673.1177,663.7388,667.3461
2007-04-19,662.2962,665.1820,650.7529,656.5245
2007-04-20,662.2958,672.3962,660.8529,670.9532
2007-04-23,678.1678,683.2180,667.3460,670.9532
2007-04-24,667.3463,670.2321,661.5746,665.1819
2007-04-25,663.7387,664.4602,655.0813,657.9671
2007-04-26,660.8529,663.7387,653.6384,657.9671
2007-04-27,655.0813,668.0675,653.6384,659.4100
2007-05-01,660.8529,663.0173,652.9169,655.8027
2007-05-02,653.6385,654.3600,641.3738,648.5883
2007-05-07,655.0814,656.5243,648.5883,651.4741
2007-05-08,650.0311,655.8027,648.5882,655.8027
2007-05-09,645.7023,650.0311,644.9809,645.7023
2007-05-10,640.6521,644.2594,639.2092,641.3736
2007-05-11,632.7165,636.3238,631.2736,634.8809
2007-05-14,640.6524,644.9811,637.0451,639.9309
2007-05-15,640.6523,641.3737,629.1090,634.1592
2007-05-16,625.5016,660.8529,624.0587,647.1453
2007-05-17,631.2733,631.9947,619.7300,623.3373
2007-05-18,613.2369,614.6798,603.8580,609.6296
2007-05-21,618.2871,622.6159,611.0726,617.5657
2007-05-22,619.0086,627.6661,616.1228,626.2231
2007-05-23,636.3236,640.6524,621.8945,624.7803
2007-05-24,637.7665,646.4240,634.8807,640.6523
2007-05-25,635.6021,638.4879,633.4377,635.6021
2007-05-28,649.3100,651.4743,634.1594,642.0954
2007-05-29,642.0951,644.9810,639.2093,642.8166
2007-05-30,638.4879,641.3737,628.3875,634.1592
2007-05-31,642.0951,644.9810,640.6522,644.9810
2007-06-01,649.3098,649.3098,640.6523,640.6523
2007-06-04,643.5380,644.9810,638.4879,638.4879
2007-06-05,646.4239,649.3097,643.5380,644.9810
2007-06-06,645.7023,647.1452,640.6521,643.5380
2007-06-07,636.3235,641.3737,636.3235,638.4879
2007-06-08,631.9948,638.4879,630.5518,636.3235
2007-06-11,643.5380,647.8668,640.6522,644.9810
2007-06-12,637.0449,640.6522,634.8805,637.7664
2007-06-13,635.6020,643.5380,634.8805,637.7664
2007-06-14,644.9810,647.1453,639.2093,642.8166
2007-06-15,650.7526,651.4740,649.3097,650.7526
2007-06-18,652.9170,654.3599,651.4741,651.4741
2007-06-19,651.4741,652.1956,649.3097,650.0312
2007-06-20,645.7024,650.0311,642.8166,642.8166
2007-06-21,652.9170,660.8530,652.1955,660.1315
2007-06-22,648.5883,650.7527,643.5381,649.3098
2007-06-25,647.1456,650.0314,641.3739,642.0954
2007-06-26,634.1590,641.3736,633.4376,641.3736
2007-06-27,634.8806,639.9308,631.2734,631.9948
2007-06-28,628.3875,631.2733,627.6660,629.1089
2007-06-29,629.8304,633.4377,622.6159,631.2733
2007-07-02,625.5017,630.5519,623.3373,629.8304
2007-07-03,631.2733,639.9308,630.5518,636.3235
2007-07-04,632.7162,633.4377,627.6660,629.1089
2007-07-05,633.4378,644.2596,632.7163,640.6523
2007-07-06,641.3737,641.3737,629.8304,631.2733
2007-07-09,635.6023,639.2095,631.9950,632.7164
2007-07-10,639.2095,639.2095,631.9950,632.7164
2007-07-11,627.6660,629.1089,621.8944,624.0587
2007-07-12,624.7803,627.6662,617.5658,620.4516
2007-07-13,624.7804,633.4379,623.3375,632.7164
2007-07-17,627.6661,629.8304,626.9446,629.8304
2007-07-18,624.0589,625.5018,613.2371,621.1731
2007-07-19,622.6158,624.0587,619.7300,623.3373
2007-07-20,620.4515,622.6159,619.7300,621.8944
2007-07-23,617.5657,619.0086,616.1228,617.5657
2007-07-24,650.0311,650.7526,637.0449,642.8166
2007-07-25,637.7662,661.5742,637.7662,660.8528
2007-07-26,640.6523,644.2596,631.9948,631.9948
2007-07-27,617.5657,623.3373,610.3511,614.6799
2007-07-30,607.4653,614.6798,600.9722,613.2369
2007-07-31,621.8943,625.5016,613.9583,615.4012
2007-08-01,615.4014,615.4014,598.8079,602.4152
2007-08-02,613.2369,619.7300,600.2507,609.6296
2007-08-03,606.0226,608.9084,603.8582,608.1870
2007-08-06,607.4653,618.2871,600.9722,613.9584
2007-08-07,608.9082,611.0725,606.7438,609.6296
2007-08-08,610.3510,621.1728,607.4652,615.4012
2007-08-09,619.7300,621.8944,607.4653,613.2369
2007-08-10,589.4289,593.0362,585.1002,587.9860
2007-08-13,580.7714,587.2645,580.7714,584.3787
2007-08-14,584.3788,590.1504,582.2144,589.4290
2007-08-15,580.0499,580.0499,574.2783,578.6070
2007-08-16,542.5343,558.4063,536.0412,554.7990
2007-08-17,544.6987,545.4201,515.1190,522.3336
2007-08-20,543.9772,545.4201,534.5983,536.0412
2007-08-21,535.3198,544.6987,532.4340,537.4842
2007-08-22,540.3699,542.5343,537.4841,538.9270
2007-08-23,554.0775,556.9634,550.4703,553.3561
2007-08-24,551.1918,551.9133,544.6987,547.5845
2007-08-27,550.4703,550.4703,542.5343,544.6987
2007-08-28,544.6988,544.6988,532.4340,543.2559
2007-08-29,523.0550,530.2696,521.6121,530.2696
2007-08-30,525.9408,527.3837,520.1692,522.3336
2007-08-31,533.8767,540.3698,533.8767,539.6483
2007-09-03,530.2694,541.8127,530.2694,539.6483
2007-09-04,538.2055,546.8629,533.8768,536.7626
2007-09-05,543.9773,547.5846,529.5482,533.1555
2007-09-06,524.4981,528.8268,513.6762,528.1053
2007-09-07,521.6121,528.8267,520.1692,525.2194
2007-09-10,519.4478,519.4478,511.5118,518.0049
2007-09-11,516.5621,518.0050,512.2334,514.3978
2007-09-12,521.6123,521.6123,508.6261,514.3978
2007-09-13,510.7903,510.7903,504.2972,507.1830
2007-09-14,507.1831,507.9045,501.4114,505.0187
2007-09-18,498.5256,502.8543,497.0827,499.9685
2007-09-19,515.1188,515.8402,512.9544,515.1188
2007-09-20,510.0689,514.3976,507.9045,512.2333
2007-09-21,505.7402,510.0689,502.1329,503.5758
2007-09-25,518.0671,518.0671,506.4740,509.3723
2007-09-26,503.5758,510.0969,503.5758,507.9232
2007-09-27,529.6602,550.6727,527.4865,543.4270
2007-09-28,539.8043,556.4694,538.3551,554.2957
2007-10-01,554.2956,561.5413,548.4990,557.1938
2007-10-02,562.9904,567.3378,555.7447,555.7447
2007-10-03,565.1642,568.0625,560.0922,562.2659
2007-10-04,555.0200,562.2657,554.2955,560.8166
2007-10-05,554.2955,554.2955,548.4990,552.1218
2007-10-09,559.3676,560.8167,552.1219,553.5710
2007-10-10,560.0922,568.7871,556.4694,562.2659
2007-10-11,565.1641,567.3378,561.5412,564.4395
2007-10-12,564.4396,568.0624,564.4396,568.0624
2007-10-15,575.3081,580.3801,573.8590,577.4818
2007-10-16,576.1246,576.1246,557.9183,557.9183
2007-10-17,556.4694,556.4694,551.3974,551.3974
2007-10-18,554.2958,555.7450,547.0501,548.4993
2007-10-19,540.5287,542.7025,540.5287,542.7025
2007-10-22,526.0374,532.5585,524.5882,531.8339
2007-10-23,531.8338,532.5583,531.8338,532.5583
2007-10-24,532.5585,532.5585,528.9357,528.9357
2007-10-25,528.9356,528.9356,523.1390,523.1390
2007-10-26,523.1390,539.0795,523.1390,539.0795
2007-10-29,546.3256,557.9187,541.2536,548.4993
2007-10-30,544.8762,547.0499,544.8762,547.0499
2007-10-31,557.9185,568.0625,554.2957,565.8888
2007-11-01,566.6133,572.4099,566.6133,572.4099
2007-11-02,570.9608,570.9608,565.8888,565.8888
2007-11-05,574.5834,578.9308,558.6429,562.9903
2007-11-06,562.9904,562.9904,556.4692,556.4692
2007-11-07,556.4691,556.4691,549.2234,549.2234
2007-11-08,549.2234,549.2234,549.2234,549.2234
2007-11-09,548.4990,548.4990,528.9357,528.9357
2007-11-12,528.9356,528.9356,519.5162,519.5162
2007-11-13,519.5162,521.6899,519.5162,521.6899
2007-11-14,521.6900,531.1094,521.6900,531.1094
2007-11-15,531.1093,536.9059,531.1093,536.9059
2007-11-16,536.9059,536.9059,531.1094,531.1094
2007-11-19,551.4294,551.4294,543.4270,543.4270
2007-11-20,543.4271,554.2957,543.4271,554.2957
2007-11-21,555.0200,555.0200,549.9481,549.9481
2007-11-22,549.9481,549.9481,544.1516,544.1516
2007-11-26,550.6727,553.5710,541.2533,543.4270
2007-11-27,543.4271,554.2957,543.4271,554.2957
2007-11-28,554.2956,554.2956,546.3253,546.3253
2007-11-29,546.3254,554.2957,546.3254,554.2957
2007-11-30,554.2956,563.7150,554.2956,563.7150
2007-12-03,563.7149,563.7149,560.8166,560.8166
2007-12-04,560.8167,566.6133,560.8167,566.6133
2007-12-05,565.1642,568.0624,565.1642,568.0624
2007-12-06,568.7871,599.2190,568.7871,599.2190
2007-12-07,597.0453,597.0453,591.2487,591.2487
2007-12-10,583.2784,586.1766,583.2784,586.1766
2007-12-11,594.8714,594.8714,590.5240,590.5240
2007-12-12,588.3503,588.3503,586.1766,586.1766
2007-12-13,586.1765,586.1765,574.5834,574.5834
2007-12-14,574.5835,574.5835,573.1344,573.1344
2007-12-17,575.3081,575.3081,568.0624,568.0624
2007-12-18,566.6133,575.3081,560.0922,568.0624
2007-12-19,568.0623,568.0623,561.5412,561.5412
2007-12-20,561.5412,562.9903,561.5412,562.9903
2007-12-21,582.5537,583.2783,582.5537,583.2783
2007-12-25,584.7275,605.7401,584.7275,605.7401
2007-12-26,612.2613,614.4350,610.8122,610.8122
2007-12-27,612.2610,612.2610,612.2610,612.2610
2007-12-28,605.0154,605.7400,598.4943,603.5663
2008-01-04,590.5241,591.2486,568.7870,575.3081
2008-01-07,568.7870,568.7870,563.7150,563.7150
2008-01-08,563.7149,574.5834,563.7149,574.5834
2008-01-09,574.5835,576.0327,574.5835,576.0327
2008-01-10,576.0327,576.0327,568.7870,568.7870
2008-01-11,568.7870,568.7870,560.0922,560.0922
2008-01-15,560.0922,560.0922,551.3974,551.3974
2008-01-16,543.4270,551.3973,537.6305,542.7025
2008-01-17,542.7025,542.7025,538.3550,538.3550
2008-01-18,538.3550,539.0795,538.3550,539.0795
2008-01-21,539.0797,539.0797,527.4866,527.4866
2008-01-22,507.9230,512.9949,506.4738,506.4738
2008-01-23,506.4740,515.8934,506.4740,515.8934
2008-01-24,515.8934,518.0671,515.8934,518.0671
2008-01-25,518.0672,547.7745,518.0672,547.7745
2008-01-28,541.9779,541.9779,535.4568,535.4568
2008-01-29,535.4567,564.4395,535.4567,564.4395
2008-01-30,564.4395,564.4395,559.3676,559.3676
2008-01-31,576.6087,576.6087,576.0327,576.0327
2008-02-01,576.0326,584.7275,576.0326,584.7275
2008-02-04,584.7274,588.3502,584.7274,588.3502
2008-02-05,586.1765,593.4222,586.1765,593.4222
2008-02-06,593.4223,593.4223,564.4395,564.4395
2008-02-07,559.8456,564.4395,559.8456,564.4395
2008-02-08,564.4394,570.9606,564.4394,570.9606
2008-02-12,570.9606,570.9606,560.8166,560.8166
2008-02-13,573.1346,573.1346,567.3380,567.3380
2008-02-14,565.1642,578.9310,565.1642,578.9310
2008-02-15,573.1344,582.5538,568.0624,577.4818
2008-02-18,584.7275,584.7275,581.1046,581.1046
2008-02-19,571.6853,572.4099,571.6853,572.4099
2008-02-20,581.8293,581.8293,568.7870,568.7870
2008-02-21,568.7869,574.5834,568.7869,574.5834
2008-02-22,574.5834,574.5834,561.5412,561.5412
2008-02-25,578.9309,581.8292,578.9309,581.8292
2008-02-26,579.6555,579.6555,573.8589,573.8589
2008-02-27,573.8590,577.4818,573.8590,577.4818
2008-02-28,577.4818,577.4818,564.4395,564.4395
2008-02-29,567.3379,567.3379,555.0202,555.0202
2008-03-03,534.0075,534.0075,532.5583,532.5583
2008-03-04,532.5585,532.5585,520.2408,520.2408
2008-03-05,520.2407,525.3127,520.2407,525.3127
2008-03-06,525.3127,544.1516,525.3127,544.1516
2008-03-07,544.1516,544.1516,521.6899,521.6899
2008-03-10,521.6900,521.6900,518.0671,518.0671
2008-03-11,518.0669,518.0669,517.3423,517.3423
2008-03-12,517.3426,527.4866,517.3426,527.4866
2008-03-13,508.6477,510.8214,508.6477,510.8214
2008-03-14,510.8213,510.8213,491.9825,491.9825
2008-03-17,494.3687,494.3687,449.9576,449.9576
2008-03-18,451.4067,451.4067,440.5381,440.5381
2008-03-19,443.1153,443.1153,440.5381,440.5381
2008-03-21,442.7119,447.7839,442.7119,447.7839
2008-03-24,447.7838,447.7838,440.5381,440.5381
2008-03-25,440.5381,449.2329,440.5381,449.2329
2008-03-26,452.8735,452.8735,452.8735,452.8735
2008-03-27,440.4959,445.5926,440.4959,445.5926
2008-03-28,445.5925,454.3296,445.5925,454.3296
2008-03-31,454.3296,454.3296,430.3026,430.3026
2008-04-01,430.3026,431.7588,430.3026,431.7588
2008-04-02,431.7588,455.0578,431.7588,455.0578
2008-04-03,456.5140,456.5140,446.3207,446.3207
2008-04-04,450.6892,452.1454,450.6892,452.1454
2008-04-07,452.1455,482.7253,452.1455,482.7253
2008-04-08,482.7252,482.7252,468.1634,468.1634
2008-04-09,468.1634,468.1634,459.4263,459.4263
2008-04-10,473.9881,473.9881,469.6196,469.6196
2008-04-11,469.6196,471.0758,469.6196,471.0758
2008-04-14,469.6196,469.6196,457.9701,457.9701
2008-04-15,459.8215,465.9791,459.8215,465.9791
2008-04-16,477.6287,477.6287,477.6287,477.6287
2008-04-17,480.5410,480.5410,474.7163,474.7163
2008-04-18,475.4445,485.6378,475.4445,485.6378
2008-04-21,498.7434,505.2962,498.7434,505.2962
2008-04-22,505.2961,505.2961,492.1904,492.1904
2008-04-23,499.4713,499.4713,492.1904,492.1904
2008-04-24,492.9185,498.7432,492.9185,498.7432
2008-04-25,499.4715,500.1996,499.4715,500.1996
2008-04-28,500.1996,505.2962,500.1996,505.2962
2008-04-30,505.2961,510.3928,505.2961,510.3928
2008-05-01,502.3838,502.3838,499.4714,499.4714
2008-05-02,514.0333,514.0333,514.0333,514.0333
2008-05-07,517.7311,517.7311,506.0242,506.0242
2008-05-08,506.0243,506.0243,504.5681,504.5681
2008-05-09,504.5679,504.5679,484.9094,484.9094
2008-05-12,484.9095,494.3747,484.9095,494.3747
2008-05-13,518.4018,523.4984,518.4018,523.4984
2008-05-14,523.4984,523.4984,522.0422,522.0422
2008-05-15,523.2929,523.2929,519.8577,519.8577
2008-05-16,518.4018,518.4018,516.9456,516.9456
2008-05-19,516.9456,516.9456,511.1209,511.1209
2008-05-20,526.4108,528.5951,526.4108,528.5951
2008-05-21,513.3052,519.1299,513.3052,519.1299
2008-05-22,519.1299,523.4984,519.1299,523.4984
2008-05-23,528.5951,531.5075,528.5951,531.5075
2008-05-26,532.2355,534.4198,532.2355,534.4198
2008-05-27,534.4197,547.5253,534.4197,547.5253
2008-05-28,543.1570,543.1570,532.9637,532.9637
2008-05-29,532.9637,548.2537,532.9637,548.2537
2008-05-30,548.2535,551.8939,548.2535,551.8939
2008-06-02,551.8941,562.8155,551.8941,562.8155
2008-06-03,562.8154,567.1840,562.8154,567.1840
2008-06-04,567.1840,575.1931,567.1840,575.1931
2008-06-05,575.1930,575.1930,562.0873,562.0873
2008-06-06,562.0872,562.0872,559.9030,559.9030
2008-06-09,556.2625,556.2625,555.5344,555.5344
2008-06-10,555.5344,555.5344,555.5344,555.5344
2008-06-11,555.5345,561.3593,555.5345,561.3593
2008-06-12,556.2625,558.4468,556.2625,558.4468
2008-06-13,556.2626,562.0873,556.2626,562.0873
2008-06-16,562.0874,568.6403,562.0874,568.6403
2008-06-17,568.6402,569.3683,568.6402,569.3683
2008-06-18,569.3681,579.5614,569.3681,579.5614
2008-06-19,579.5616,579.5616,578.1054,578.1054
2008-06-20,578.1055,578.1055,564.9998,564.9998
2008-06-23,559.1748,565.7277,559.1748,565.7277
2008-06-24,565.7279,565.7279,564.9998,564.9998
2008-06-25,564.9996,564.9996,564.2715,564.2715
2008-06-26,564.2715,564.2715,560.6310,560.6310
2008-06-27,558.3475,560.6310,558.3475,560.6310
2008-06-30,560.6312,560.6312,557.7189,557.7189
2008-07-01,557.7187,557.7187,554.8063,554.8063
2008-07-02,554.8065,556.9908,554.8065,556.9908
2008-07-03,548.6057,548.6057,545.3412,545.3412
2008-07-04,545.3411,558.4468,545.3411,558.4468
2008-07-07,558.4469,567.1840,558.4469,567.1840
2008-07-08,568.6403,568.6403,557.7189,557.7189
2008-07-09,557.7188,561.3593,557.7188,561.3593
2008-07-10,561.3593,561.3593,548.2537,548.2537
2008-07-11,548.2536,562.0873,548.2536,562.0873
2008-07-14,562.0874,572.2807,562.0874,572.2807
2008-07-15,553.3501,555.5344,553.3501,555.5344
2008-07-16,555.5346,556.9908,555.5346,556.9908
2008-07-17,556.9907,559.1750,556.9907,559.1750
2008-07-18,559.1752,559.1752,551.1661,551.1661
2008-07-22,561.3593,561.3593,552.6222,557.7189
2008-07-23,567.9121,567.9121,567.1840,567.1840
2008-07-24,570.0965,575.9212,570.0965,575.9212
2008-07-25,575.9211,575.9211,559.1750,559.1750
2008-07-28,564.2716,564.2716,559.1750,559.1750
2008-07-29,555.5346,555.5346,550.4379,550.4379
2008-07-30,550.4380,553.3503,550.4380,553.3503
2008-07-31,553.3502,567.9120,553.3502,567.9120
2008-08-01,567.9120,586.1143,567.9120,586.1143
2008-08-04,586.1144,586.1144,583.2020,583.2020
2008-08-05,583.2019,598.4918,583.2019,598.4918
2008-08-06,598.4919,612.3256,598.4919,612.3256
2008-08-07,596.9635,599.2200,596.9635,599.2200
2008-08-08,591.2111,592.6672,591.2111,592.6672
2008-08-11,596.3077,601.4043,596.3077,601.4043
2008-08-12,601.4044,601.4044,589.7549,589.7549
2008-08-13,589.0268,589.0268,575.1931,575.1931
2008-08-14,574.4650,581.0178,574.4650,581.0178
2008-08-15,581.0177,583.9301,581.0177,583.9301
2008-08-18,583.9300,591.2109,583.9300,591.2109
2008-08-19,591.2110,591.2110,583.2020,583.2020
2008-08-20,583.2021,583.2021,572.2807,572.2807
2008-08-21,572.2806,572.2806,571.5525,571.5525
2008-08-22,572.2807,578.1054,572.2807,578.1054
2008-08-25,578.1054,584.6582,578.1054,584.6582
2008-08-26,584.6580,584.6580,579.5614,579.5614
2008-08-27,588.2987,588.2987,584.6582,584.6582
2008-08-28,584.6582,584.6582,578.1054,578.1054
2008-08-29,589.7548,589.7548,589.0267,589.0267
2008-09-01,589.0268,589.0268,584.6582,584.6582
2008-09-02,584.6580,584.6580,579.5614,579.5614
2008-09-03,579.5615,591.2109,579.5615,591.2109
2008-09-04,591.2110,591.2110,589.0267,589.0267
2008-09-05,575.9211,578.8335,575.9211,578.8335
2008-09-08,578.8334,587.5706,578.8334,587.5706
2008-09-09,587.5705,587.5705,571.5525,571.5525
2008-09-10,563.5434,565.7277,559.9030,559.9030
2008-09-11,559.9031,559.9031,532.9637,532.9637
2008-09-12,532.9636,532.9636,528.5951,528.5951
2008-09-16,529.3230,529.3230,527.8668,527.8668
2008-09-17,535.1480,535.1480,530.0513,530.0513
2008-09-18,530.0513,531.5075,530.0513,531.5075
2008-09-19,531.5075,548.2537,531.5075,548.2537
2008-09-22,548.2534,548.2534,532.2354,532.2354
2008-09-24,524.9545,535.8759,524.9545,535.8759
2008-09-25,535.8759,538.0692,535.8759,538.0692
2008-09-26,538.0691,538.0691,534.4137,534.4137
2008-09-29,534.4139,534.4139,529.2964,529.2964
2008-09-30,530.0275,530.0275,524.9100,524.9100
2008-10-01,524.9099,528.5652,524.9099,528.5652
2008-10-02,528.5655,528.5655,519.0615,519.0615
2008-10-03,502.2467,503.7088,502.2467,503.7088
2008-10-06,503.7089,503.7089,479.5835,479.5835
2008-10-07,450.3405,471.5416,450.3405,471.5416
2008-10-08,452.5337,452.5337,435.7191,435.7191
2008-10-09,438.6434,438.6434,429.8706,429.8706
2008-10-10,429.8705,429.8705,412.3248,412.3248
2008-10-14,443.7609,443.7609,438.6434,438.6434
2008-10-15,440.1055,440.1055,432.0637,432.0637
2008-10-16,410.8627,410.8627,405.7451,405.7451
2008-10-17,405.7451,405.7451,392.5858,392.5858
2008-10-20,392.5859,392.5859,380.1576,380.1576
2008-10-21,380.1576,396.9723,380.1576,396.9723
2008-10-22,396.9723,396.9723,363.3430,363.3430
2008-10-23,363.3430,363.3430,339.9486,339.9486
2008-10-24,339.9486,339.9486,302.6639,302.6639
2008-10-27,302.6640,302.6640,295.3532,295.3532
2008-10-28,301.4437,315.8232,301.4437,315.8232
2008-10-29,315.8232,347.2593,315.8232,347.2593
2008-10-30,356.0322,361.1497,356.0322,361.1497
2008-10-31,362.6119,362.6119,331.1758,331.1758
2008-11-04,331.1758,355.3011,331.1758,355.3011
2008-11-05,356.0323,383.8130,356.0323,383.8130
2008-11-06,385.2751,385.2751,354.5701,354.5701
2008-11-07,354.5700,354.5700,341.4107,341.4107
2008-11-10,341.4108,356.0322,341.4108,356.0322
2008-11-11,356.0323,356.0323,344.3351,344.3351
2008-11-12,344.3350,344.3350,343.6040,343.6040
2008-11-13,343.6040,343.6040,324.5961,324.5961
2008-11-14,324.5962,332.6380,324.5962,332.6380
2008-11-17,332.6378,337.7553,332.6378,337.7553
2008-11-18,337.7555,337.7555,326.0583,326.0583
2008-11-19,326.0583,326.7893,326.0583,326.7893
2008-11-20,326.7893,326.7893,304.8571,304.8571
2008-11-21,304.8571,320.9407,304.8571,320.9407
2008-11-25,320.9408,326.7893,320.9408,326.7893
2008-11-26,326.7893,326.7893,313.6300,313.6300
2008-11-27,313.6301,313.6301,311.4369,311.4369
2008-11-28,311.4368,322.4029,311.4368,322.4029
2008-12-01,322.4029,322.4029,314.3611,314.3611
2008-12-02,306.3193,307.7815,298.2775,299.7397
2008-12-03,309.2436,309.2436,304.1261,308.5125
2008-12-04,308.5126,308.5126,301.9329,301.9329
2008-12-05,301.9328,303.3950,301.9328,303.3950
2008-12-08,303.3950,313.6300,303.3950,313.6300
2008-12-09,313.6301,313.6301,309.9747,309.9747
2008-12-10,309.9747,309.9747,309.9747,309.9747
2008-12-11,293.8910,302.6639,293.8910,302.6639
2008-12-12,302.6640,302.6640,287.3115,287.3115
2008-12-15,282.9250,298.2776,282.9250,298.2776
2008-12-16,285.8492,285.8492,285.8492,285.8492
2008-12-17,285.8493,290.2357,285.8493,290.2357
2008-12-18,290.2357,290.2357,280.7318,280.7318
2008-12-19,280.7318,280.7318,274.1521,274.1521
2008-12-22,274.1521,274.1521,263.9171,263.9171
2008-12-24,264.6482,264.6482,245.6403,245.6403
2008-12-25,249.1014,250.0267,249.1014,250.0267
2008-12-26,253.2242,253.2242,252.9511,252.9511
2008-12-29,254.1799,255.1443,254.1799,255.1443
2008-12-30,252.2199,253.6820,250.0267,252.2199
2009-01-05,266.8415,267.5725,260.2618,266.1104
2009-01-06,278.5386,279.2696,278.5386,279.2696
2009-01-07,279.2696,293.8911,279.2696,293.8911
2009-01-08,293.8911,293.8911,278.5385,278.5385
2009-01-09,279.2696,279.2696,271.2278,271.2278
2009-01-13,274.1521,274.1521,252.2199,252.2199
2009-01-14,252.2199,258.7996,252.2199,258.7996
2009-01-15,258.7996,258.7996,251.4889,251.4889
2009-01-16,251.4889,252.9511,251.4889,252.9511
2009-01-19,252.9511,252.9511,251.4889,251.4889
2009-01-20,251.4889,251.4889,251.4889,251.4889
2009-01-21,251.4888,251.4888,243.4471,243.4471
2009-01-22,243.4471,245.6403,243.4471,245.6403
2009-01-23,245.6403,245.6403,230.2878,230.2878
2009-01-26,230.2878,230.2878,222.9771,222.9771
2009-01-27,232.4810,232.4810,232.4810,232.4810
2009-01-28,232.4810,232.4810,227.3635,227.3635
2009-01-29,227.3635,230.2878,227.3635,230.2878
2009-01-30,214.9353,214.9353,214.9353,214.9353
2009-02-02,174.7263,188.6167,174.7263,178.3817
2009-02-03,178.3817,189.3478,178.3817,189.3478
2009-02-04,189.3477,199.5827,189.3477,199.5827
2009-02-05,199.5828,204.7003,199.5828,204.7003
2009-02-06,204.7003,204.7003,201.0449,201.0449
2009-02-09,201.0449,201.0449,193.0031,193.0031
2009-02-10,201.7760,203.9692,191.5410,191.5410
2009-02-12,195.9274,195.9274,190.0788,190.0788
2009-02-13,190.0788,194.4653,190.0788,194.4653
2009-02-16,194.4652,195.1963,194.4652,195.1963
2009-02-17,195.1963,195.1963,191.5410,191.5410
2009-02-18,191.5409,191.5409,188.6166,188.6166
2009-02-19,186.4235,187.1545,186.4235,187.1545
2009-02-20,187.1545,187.1545,176.1884,176.1884
2009-02-23,176.1884,179.1127,176.1884,179.1127
2009-02-24,179.1127,179.1127,171.0709,171.0709
2009-02-25,171.0709,182.0370,171.0709,182.0370
2009-02-26,182.0370,182.0370,179.8438,179.8438
2009-02-27,179.8438,181.3059,179.8438,181.3059
2009-03-02,181.3059,181.3059,175.4573,175.4573
2009-03-03,175.4573,176.9195,175.4573,176.9195
2009-03-04,176.9195,182.0370,176.9195,182.0370
2009-03-05,182.0370,188.6166,182.0370,188.6166
2009-03-06,188.6167,188.6167,179.1127,179.1127
2009-03-09,179.1127,179.1127,176.1884,176.1884
2009-03-10,176.1884,176.1884,176.1884,176.1884
2009-03-11,176.1884,181.3059,176.1884,181.3059
2009-03-12,181.3059,181.3059,181.3059,181.3059
2009-03-13,181.3059,184.9612,181.3059,184.9612
2009-03-16,185.0168,192.2720,185.0168,192.2720
2009-03-17,194.0180,197.3895,194.0180,197.3895
2009-03-18,197.3895,198.8517,197.3895,198.8517
2009-03-19,198.8517,198.8517,195.1963,195.1963
2009-03-23,195.1963,199.5827,195.1963,199.5827
2009-03-24,199.5827,202.5070,199.5827,202.5070
2009-03-25,203.9692,203.9692,202.5070,202.5070
2009-03-26,204.7242,214.3322,204.7242,214.3322
2009-03-27,220.2449,220.2449,216.5495,216.5495
2009-03-30,216.5495,216.5495,202.5070,202.5070
2009-03-31,202.5071,202.5071,196.5945,196.5945
2009-04-01,196.5944,201.7679,196.5944,201.7679
2009-04-02,201.7680,218.0277,201.7680,218.0277
2009-04-03,218.7667,223.2012,218.7667,223.2012
2009-04-06,226.8966,229.8529,226.8966,229.8529
2009-04-07,230.5919,230.5919,226.1575,226.1575
2009-04-08,219.5058,219.5058,218.7667,218.7667
2009-04-09,227.6356,233.5482,227.6356,233.5482
2009-04-10,246.8516,246.8516,246.1125,246.1125
2009-04-13,246.1125,246.1125,236.5045,236.5045
2009-04-14,236.5046,240.9391,236.5046,240.9391
2009-04-15,240.9390,240.9390,231.3310,231.3310
2009-04-16,231.3310,231.3310,224.6793,224.6793
2009-04-17,224.6793,244.6344,224.6793,244.6344
2009-04-20,243.8953,244.6344,243.8953,244.6344
2009-04-21,229.1138,235.7655,229.1138,235.7655
2009-04-22,234.3509,239.4609,234.3509,239.4609
2009-04-23,243.1563,247.5907,243.1563,247.5907
2009-04-24,246.8974,246.8974,246.1125,246.1125
2009-04-27,246.1126,250.5470,246.1126,250.5470
2009-04-28,250.5471,250.5471,242.4172,242.4172
2009-04-30,242.4173,252.0253,242.4173,252.0253
2009-05-01,250.5470,254.9815,250.5470,254.9815
2009-05-07,268.2848,273.4584,268.2848,273.4584
2009-05-08,273.4584,288.2399,273.4584,288.2399
2009-05-11,288.2400,297.1089,288.2400,297.1089
2009-05-12,296.1730,296.1730,281.5883,281.5883
2009-05-13,281.5881,281.5881,251.2860,251.2860
2009-05-14,251.2861,251.2861,233.5482,233.5482
2009-05-15,233.5483,240.2000,233.5483,240.2000
2009-05-18,240.2000,240.2000,234.2874,234.2874
2009-05-19,234.2874,237.9828,234.2874,237.9828
2009-05-20,237.9827,239.4609,237.9827,239.4609
2009-05-21,239.4608,239.4608,236.5045,236.5045
2009-05-22,237.2436,237.2436,230.5919,230.5919
2009-05-25,231.3310,232.0701,231.3310,232.0701
2009-05-26,232.0701,232.0701,228.3747,228.3747
2009-05-27,228.3747,228.3747,227.6357,227.6357
2009-05-28,227.6356,229.1138,227.6356,229.1138
2009-05-29,229.8529,232.8092,229.8529,232.8092
2009-06-01,236.5046,238.7218,236.5046,238.7218
2009-06-02,238.7218,240.9391,238.7218,240.9391
2009-06-03,241.6781,241.6781,239.4609,239.4609
2009-06-04,239.4608,239.4608,236.5045,236.5045
2009-06-05,237.2283,237.2283,234.2874,234.2874
2009-06-08,240.2000,240.2000,240.2000,240.2000
2009-06-09,240.1999,240.1999,238.7218,238.7218
2009-06-10,239.4610,239.4610,237.9828,237.9828
2009-06-11,240.1999,244.6344,239.4609,243.8953
2009-06-12,243.1562,245.3735,242.4172,243.8953
2009-06-15,240.2000,240.9391,237.9828,237.9828
2009-06-16,229.8529,230.5920,228.3747,228.3747
2009-06-17,227.6356,232.0701,226.8965,232.0701
2009-06-18,224.6793,224.6793,222.4621,222.4621
2009-06-19,226.8966,228.3747,226.1575,228.3747
2009-06-22,226.8966,229.1138,226.1575,227.6357
2009-06-23,221.7230,223.9403,221.7230,223.2012
2009-06-24,220.9840,222.4621,220.2449,220.9840
2009-06-25,223.2012,228.3748,219.5058,225.4185
2009-06-26,227.6356,228.3747,222.4620,224.6793
2009-06-29,223.2012,225.4184,220.9840,221.7230
2009-06-30,223.9403,226.1575,220.9839,222.4621
2009-07-01,221.7230,223.9402,220.2448,220.2448
2009-07-02,227.6357,231.3310,226.1575,226.8966
2009-07-03,223.9402,226.1575,222.4621,226.1575
2009-07-06,226.8966,226.8966,221.7230,223.2012
2009-07-07,224.6794,226.1575,222.4621,223.2012
2009-07-08,220.9840,221.7230,211.3760,212.8541
2009-07-09,209.8977,212.8540,206.9414,209.1587
2009-07-10,209.1587,209.8978,199.5507,201.0289
2009-07-13,198.8117,202.5071,193.6381,195.8554
2009-07-14,199.5507,203.9852,198.8117,200.2898
2009-07-15,207.6806,208.4197,203.9852,205.4634
2009-07-16,209.8978,215.0713,207.6806,207.6806
2009-07-17,209.1588,210.6369,201.0289,203.9852
2009-07-21,207.6805,210.6368,204.7242,209.1587
2009-07-22,210.6369,212.8541,207.6806,211.3760
2009-07-23,212.8541,218.0276,212.1150,215.0713
2009-07-24,218.7668,219.5059,215.0714,217.2886
2009-07-27,223.2011,232.0700,223.2011,224.6793
2009-07-28,227.6357,228.3747,215.0714,216.5495
2009-07-29,223.9403,228.3747,220.9840,227.6357
2009-07-30,229.8529,231.3310,226.8966,230.5919
2009-07-31,234.2873,238.7218,231.3310,235.0264
2009-08-03,236.5046,240.9390,235.0264,238.7218
2009-08-04,243.8954,246.1126,240.2000,240.9391
2009-08-05,241.6781,242.4172,235.7655,237.2436
2009-08-06,235.0264,240.2000,235.0264,239.4609
2009-08-07,239.4609,243.8953,238.7218,243.1562
2009-08-10,247.5907,249.0689,246.8517,247.5907
2009-08-11,247.5907,247.5907,245.3735,246.1125
2009-08-12,243.8954,244.6344,241.6781,241.6781
2009-08-13,244.6344,245.3735,240.2000,241.6781
2009-08-14,240.2000,243.8954,240.2000,242.4172
2009-08-17,240.9390,241.6781,235.7655,237.2436
2009-08-18,233.5482,237.2436,233.5482,237.2436
2009-08-19,238.7218,240.9390,232.8092,233.5482
2009-08-20,235.0264,240.9390,233.5483,239.4609
2009-08-21,240.9390,240.9390,234.2873,237.2436
2009-08-24,240.9390,246.1125,240.1999,245.3735
2009-08-25,242.4172,245.3735,241.6781,243.8953
2009-08-26,244.6344,246.1125,243.1562,244.6344
2009-08-27,243.8954,245.3736,237.2437,237.9828
2009-08-28,240.2000,243.1563,239.4609,241.6781
2009-08-31,243.1563,245.3735,239.4609,242.4172
2009-09-02,237.9827,241.6781,237.9827,239.4609
2009-09-03,237.9828,238.7219,234.2874,234.2874
2009-09-04,235.0264,235.7655,229.8529,231.3310
2009-09-07,234.2874,239.4609,233.5483,235.7655
2009-09-08,235.7655,237.2436,232.8092,235.0264
2009-09-09,235.0264,235.0264,228.3747,231.3310
2009-09-10,232.0701,239.4609,231.3310,237.2436
2009-09-11,238.7218,240.1999,234.2873,235.0264
2009-09-14,232.8091,233.5482,223.9402,224.6793
2009-09-15,227.6357,229.1138,223.9403,226.8966
2009-09-16,229.1138,231.3310,228.3747,228.3747
2009-09-17,229.1138,230.5919,224.6793,226.1575
2009-09-18,226.1575,227.6357,222.4621,226.8966
2009-09-21,226.8966,226.8966,226.8966,226.8966
2009-09-24,226.8966,230.5920,223.2012,225.4185
2009-09-25,223.2012,223.9403,219.5058,219.5058
2009-09-28,213.5931,214.3322,205.4633,209.1587
2009-09-29,211.3760,212.1150,206.2024,207.6806
2009-09-30,209.1588,211.3760,203.2462,203.9852
2009-10-01,206.9415,206.9415,203.2461,205.4634
2009-10-02,202.5070,203.2461,199.5507,201.7679
2009-10-05,201.0289,201.7680,196.5944,198.8117
2009-10-06,200.2897,203.9851,199.5507,201.7679
2009-10-07,211.3759,220.2448,210.6368,215.8104
2009-10-08,213.5932,222.4621,212.1150,220.2448
2009-10-09,218.7668,222.4621,215.8105,220.9840
2009-10-13,223.9402,226.8965,223.2011,224.6793
2009-10-14,225.4184,226.1575,218.0277,219.5058
2009-10-15,225.4184,226.1575,222.4621,223.2012
2009-10-16,223.2012,223.9403,215.8104,216.5495
2009-10-19,215.0714,221.7231,213.5932,220.9840
2009-10-20,220.9840,223.2012,218.0277,218.0277
2009-10-21,217.2886,219.5058,216.5495,218.7667
2009-10-22,218.0277,219.5058,215.0714,218.0277
2009-10-23,218.7667,219.5058,215.0714,216.5495
2009-10-26,217.2886,222.4621,215.8105,220.9840
2009-10-27,227.6356,232.0701,225.4184,226.1575
2009-10-28,224.6793,225.4184,218.0276,218.7667
2009-10-29,215.8104,217.2885,214.3322,215.8104
2009-10-30,218.7667,220.2448,216.5495,220.2448
2009-11-02,215.0713,216.5495,214.3322,215.8104
2009-11-04,215.8105,218.0277,214.3323,217.2886
2009-11-05,216.5495,217.2886,211.3760,212.8541
2009-11-06,215.0713,226.1574,214.3322,224.6793
2009-11-09,220.9840,221.7231,217.2886,219.5058
2009-11-10,220.9840,223.2012,217.2886,220.9840
2009-11-11,221.7231,223.2012,220.2449,220.9840
2009-11-12,221.7230,222.4621,218.0276,218.7667
2009-11-13,218.7668,220.9840,216.5495,217.2886
2009-11-16,208.4197,209.1588,196.5944,198.8117
2009-11-17,196.5944,197.3335,192.1600,193.6381
2009-11-18,192.8990,195.1163,186.2473,189.9427
2009-11-19,188.4646,190.6818,179.5957,185.5083
2009-11-20,181.8128,186.9864,181.8128,186.9864
2009-11-24,190.6818,190.6818,181.0738,183.2910
2009-11-25,181.0738,183.2911,172.9440,175.1612
2009-11-26,173.6831,178.8566,168.5095,175.9003
2009-11-27,171.4658,172.9440,169.2486,172.2049
2009-11-30,175.9003,177.3784,172.2049,172.9440
2009-12-01,172.9440,175.9003,167.7704,174.4221
2009-12-02,175.1612,179.5957,172.2049,172.9440
2009-12-03,173.6830,176.6393,171.4658,174.4221
2009-12-04,178.1175,185.5082,177.3784,181.8129
2009-12-07,184.7692,185.5083,175.1612,175.9003
2009-12-08,175.1612,175.1612,172.2049,174.4221
2009-12-09,172.9439,173.6830,170.7267,170.7267
2009-12-10,171.4658,174.4221,170.7267,172.2049
2009-12-11,175.1612,175.1612,172.2049,173.6830
2009-12-14,174.4221,176.6394,172.9440,175.1612
2009-12-15,176.6393,183.2910,175.9003,182.5519
2009-12-16,184.0301,186.2474,180.3348,181.0738
2009-12-17,183.2910,189.9427,182.5519,187.7255
2009-12-18,186.9864,192.1599,185.5083,192.1599
2009-12-21,194.3772,195.8553,192.8990,194.3772
2009-12-22,199.5508,201.0289,198.0726,198.8117
2009-12-24,201.0289,204.7243,200.2898,202.5070
2009-12-25,202.5070,202.5070,199.5507,201.7679
2009-12-28,201.7680,206.9415,201.0289,203.9852
2009-12-29,202.5070,204.7243,199.5507,202.5070
2009-12-30,206.9415,212.1150,206.9415,209.8978
2010-01-04,211.3760,214.3323,209.8978,211.3760
2010-01-05,214.3323,215.0713,206.2024,207.6806
2010-01-06,207.6806,207.6806,207.6806,207.6806
2010-01-07,210.6369,212.8541,209.8978,211.3760
2010-01-08,212.8541,214.3322,211.3759,214.3322
2010-01-12,214.3322,219.5058,213.5932,218.7667
2010-01-13,216.5495,218.0276,212.8541,214.3322
2010-01-14,216.5495,219.5058,215.8104,218.0277
2010-01-15,218.0276,220.9839,217.2885,220.2448
2010-01-18,217.2886,219.5058,216.5495,218.0277
2010-01-19,224.6794,228.3747,222.4621,223.9403
2010-01-20,228.3747,232.8092,225.4184,227.6357
2010-01-21,224.6793,229.8529,222.4621,228.3747
2010-01-22,226.8966,235.0264,225.4184,233.5482
2010-01-25,231.3311,238.7219,230.5920,237.9828
2010-01-26,239.4609,243.1563,222.4621,223.9403
2010-01-27,227.6357,229.1138,223.2012,223.9403
2010-01-28,227.6357,235.7656,226.8966,234.2874
2010-01-29,232.0701,235.0264,228.3747,229.8529
2010-02-01,232.0701,232.0701,223.9402,226.1575
2010-02-02,229.8529,231.3310,227.6356,229.8529
2010-02-03,231.3310,232.0701,229.1138,229.1138
2010-02-04,228.3748,229.8529,224.6794,225.4185
2010-02-05,215.8104,234.2873,215.0713,232.8092
2010-02-08,230.5920,235.0264,224.6793,226.8966
2010-02-09,226.1575,227.6357,223.2012,226.8966
2010-02-10,229.1138,230.5919,226.1575,226.1575
2010-02-12,229.1138,229.1138,223.9402,226.1575
2010-02-15,224.6793,226.8966,220.9839,222.4621
2010-02-16,220.2449,220.2449,215.8104,218.0277
2010-02-17,223.2012,224.6794,220.9840,223.9403
2010-02-18,224.6794,227.6357,223.9403,225.4185
2010-02-19,223.9403,226.1575,218.7668,219.5058
2010-02-22,223.2012,226.1575,223.2012,225.4185
2010-02-23,225.4184,225.4184,223.2011,224.6793
2010-02-24,221.7230,223.2012,220.2449,221.7230
2010-02-25,222.4621,223.2012,217.2886,218.7667
2010-02-26,218.0277,218.7667,215.8104,216.5495
2010-03-01,218.0277,223.2012,216.5495,220.9840
2010-03-02,223.2012,225.4184,220.9839,222.4621
2010-03-03,223.2012,223.2012,220.2449,221.7230
2010-03-04,221.7230,223.9403,220.9840,223.2012
2010-03-05,224.6794,226.1575,223.2012,225.4185
2010-03-08,229.8529,230.5920,228.3747,229.8529
2010-03-09,229.1138,230.5919,228.3747,229.1138
2010-03-10,229.8529,232.8092,227.6356,230.5919
2010-03-11,233.5482,236.5045,232.8091,236.5045
2010-03-12,239.4609,242.4172,237.9827,240.9391
2010-03-15,242.4172,243.8953,237.2436,238.7218
2010-03-16,238.7218,240.1999,236.5046,238.7218
2010-03-17,240.1999,244.6344,239.4608,244.6344
2010-03-18,245.3735,248.3298,240.9391,241.6781
2010-03-19,242.4172,243.8954,235.0264,240.9391
2010-03-23,243.1563,243.8954,238.7218,240.2000
2010-03-24,241.6782,242.4172,237.9828,240.2000
2010-03-25,240.9390,241.6781,237.9827,238.7218
2010-03-26,239.4608,245.3735,239.4608,245.3735
2010-03-29,248.3299,257.1988,247.5908,256.4597
2010-03-30,257.9378,260.1550,254.9815,259.4159
2010-03-31,260.1551,260.8942,256.4597,257.9379
2010-04-01,260.8941,272.7194,260.8941,271.9803
2010-04-02,274.9365,278.6319,273.4583,277.1537
2010-04-05,280.8491,281.5882,275.6756,277.8928
2010-04-06,278.6320,278.6320,269.7631,270.5022
2010-04-07,271.2411,276.4147,269.7630,274.9365
2010-04-08,269.7630,274.1974,269.7630,271.2411
2010-04-09,272.7194,273.4584,270.5021,271.9803
2010-04-12,274.9366,277.8929,273.4584,274.1975
2010-04-13,274.9365,275.6756,271.9802,273.4584
2010-04-14,274.9365,277.1538,272.7193,274.9365
2010-04-15,277.8928,277.8928,274.9365,275.6756
2010-04-16,277.1538,282.3273,277.1538,280.1101
2010-04-19,276.4148,283.8055,276.4148,280.8492
2010-04-20,285.2837,289.7181,285.2837,285.2837
2010-04-21,291.1962,293.4134,289.7180,291.1962
2010-04-22,289.7182,298.5871,287.5009,297.8480
2010-04-23,297.1088,298.5870,291.1962,292.6744
2010-04-26,296.3698,300.8043,296.3698,299.3261
2010-04-27,303.7606,306.7169,302.2824,305.9778
2010-04-28,302.2824,309.6731,300.0651,308.9341
2010-04-30,312.6294,313.3685,305.9777,308.9341
2010-05-06,302.2824,306.7168,297.8479,298.5870
2010-05-07,283.8055,298.5870,281.5883,294.8917
2010-05-10,294.8916,300.8043,288.2399,291.9353
2010-05-11,297.8480,298.5871,282.3274,282.3274
2010-05-12,294.1526,296.3698,288.9790,295.6307
2010-05-13,301.5433,305.2387,299.3261,303.0215
2010-05-14,298.5871,300.8043,294.1526,297.8480
2010-05-17,294.8917,294.8917,284.5446,286.7618
2010-05-18,288.2400,291.9354,277.8929,281.5883
2010-05-19,274.9366,283.8055,270.5021,283.0664
2010-05-20,277.8928,280.1101,271.9802,273.4584
2010-05-21,263.1114,271.2412,260.8942,270.5022
2010-05-24,268.2849,270.5021,262.3723,266.8067
2010-05-25,265.3286,267.5459,255.7206,257.1988
2010-05-26,261.6332,267.5458,254.9815,266.0676
2010-05-27,263.1114,272.7194,261.6332,271.9803
2010-05-28,278.6319,279.3710,270.5021,273.4584
2010-05-31,275.6756,277.8928,273.4584,274.9365
2010-06-01,271.2412,271.9803,263.1114,265.3286
2010-06-02,263.8503,270.5020,261.6331,263.8503
2010-06-03,269.7630,274.9366,268.2849,274.1975
2010-06-04,274.1975,276.4147,271.2412,274.1975
2010-06-07,262.3723,263.1113,254.9815,254.9815
2010-06-08,252.7643,260.1551,252.0253,257.9379
2010-06-09,256.4595,257.1986,246.8515,251.2860
2010-06-10,254.9816,255.7206,248.3299,252.0253
2010-06-11,257.9377,259.4159,253.5033,254.2423
2010-06-14,257.1988,259.4160,255.7206,257.9379
2010-06-15,257.1987,262.3723,256.4596,262.3723
2010-06-16,268.2849,269.7630,266.0677,266.8067
2010-06-17,266.0676,269.7630,261.6331,263.8503
2010-06-18,262.3723,262.3723,256.4597,257.9379
2010-06-21,260.8942,269.7631,260.1551,269.0240
2010-06-22,266.0676,271.9802,265.3286,266.0676
2010-06-23,262.3722,264.5895,258.6768,259.4159
2010-06-24,255.7206,259.4160,254.2425,256.4597
2010-06-25,252.7643,254.2425,250.5471,252.0253
2010-06-28,252.7643,253.5034,249.0689,249.0689
2010-06-29,248.3299,252.0252,240.2000,242.4172
2010-06-30,235.0264,239.4609,234.2873,239.4609
2010-07-01,236.5046,237.9827,232.8092,233.5482
2010-07-02,235.7655,237.9827,232.8092,237.2436
2010-07-05,239.4609,243.1563,237.9827,241.6781
2010-07-06,240.9391,249.8080,237.9828,249.0689
2010-07-07,248.3298,249.8079,241.6781,243.8953
2010-07-08,252.0252,252.7642,248.3298,249.8079
2010-07-09,252.7643,256.4596,250.5470,254.9815
2010-07-12,256.4597,260.8942,255.7206,257.9379
2010-07-13,257.1986,259.4159,251.2860,254.2423
2010-07-14,258.6768,263.8503,257.9377,263.8503
2010-07-15,259.4159,260.8941,257.1987,258.6768
2010-07-16,254.9815,257.1988,251.2862,253.5034
2010-07-21,250.5470,252.0251,243.8953,245.3735
2010-07-22,242.4172,243.8954,238.7218,241.6781
2010-07-23,242.4171,252.0251,238.7217,251.2860
2010-07-26,254.2423,256.4596,253.5033,254.2423
2010-07-27,253.5033,257.9378,252.0251,252.7642
2010-07-28,257.9378,262.3723,255.7206,262.3723
2010-07-29,260.1550,266.0677,259.4160,265.3286
2010-07-30,264.5895,265.3285,257.9378,260.1550
2010-08-02,269.7630,271.2411,266.8067,271.2411
2010-08-03,276.4147,276.4147,271.2412,274.1975
2010-08-04,272.7194,274.1976,268.2849,269.0240
2010-08-05,273.4584,277.1538,271.2412,274.1975
2010-08-06,271.9802,276.4146,271.2411,275.6756
2010-08-09,272.7194,273.4585,269.0240,270.5022
2010-08-10,271.9802,274.9365,269.0239,269.7629
2010-08-11,265.3286,267.5458,260.1551,260.8941
2010-08-12,252.7643,257.1988,252.0253,256.4597
2010-08-13,257.9378,260.8941,254.2424,260.8941
2010-08-16,257.9378,261.6332,257.1988,260.8941
2010-08-17,258.6769,261.6333,257.1988,257.1988
2010-08-18,260.8941,265.3286,259.4159,264.5895
2010-08-19,265.3286,269.0240,264.5895,268.2849
2010-08-20,265.3286,266.0676,262.3722,264.5895
2010-08-23,263.8504,263.8504,258.6768,259.4159
2010-08-24,255.7206,256.4597,252.0253,252.0253
2010-08-25,247.5908,253.5034,246.8517,249.0689
2010-08-26,252.0253,252.7643,249.0689,252.0253
2010-08-27,247.5907,254.9814,246.8516,254.2423
2010-08-30,258.6768,262.3722,257.9378,260.1550
2010-08-31,254.9814,257.1986,251.2860,251.2860
2010-09-01,252.0253,258.6769,251.2862,257.1988
2010-09-02,263.1114,263.1114,257.9378,260.8941
2010-09-03,260.8941,262.3722,257.1987,258.6768
2010-09-06,262.3723,267.5458,260.8941,266.8067
2010-09-07,264.5895,271.2412,263.8504,264.5895
2010-09-08,260.8941,263.8504,260.8941,263.1113
2010-09-09,266.8067,268.2849,264.5895,266.8067
2010-09-10,268.2849,270.5021,263.8504,265.3286
2010-09-13,268.2849,269.7630,264.5895,265.3286
2010-09-14,266.0676,266.8067,263.1113,264.5895
2010-09-16,274.1974,274.9365,269.7629,269.7629
2010-09-17,274.9366,280.1101,274.1975,279.3711
2010-09-21,283.8054,286.0226,277.8928,277.8928
2010-09-22,277.1538,280.1101,275.6756,276.4147
2010-09-24,273.4585,274.9366,269.0240,270.5022
2010-09-27,272.7193,277.1538,272.7193,276.4147
2010-09-28,277.1637,278.6619,274.1674,274.9165
2010-09-29,276.4147,280.9092,274.9165,280.1602
2010-09-30,279.4110,279.4110,271.9201,273.4183
2010-10-01,275.6656,275.6656,268.1746,269.6728
2010-10-04,269.6729,271.1710,266.6765,268.1747
2010-10-05,266.6765,271.1710,265.1783,269.6728
2010-10-06,271.9201,272.6692,266.6765,269.6728
2010-10-07,265.9275,268.1747,264.4293,266.6765
2010-10-08,265.1784,266.6765,262.9311,263.6802
2010-10-12,264.4293,267.4256,258.4365,259.1856
2010-10-13,259.9348,262.1820,257.6875,257.6875
2010-10-14,259.1857,265.9275,258.4366,262.9311
2010-10-15,266.6765,267.4256,261.4329,263.6802
2010-10-18,262.9310,265.1783,259.9347,262.1819
2010-10-19,259.1856,262.1820,259.1856,261.4329
2010-10-20,258.4366,264.4293,257.6875,262.9311
2010-10-21,262.1820,263.6801,259.1856,259.9347
2010-10-22,263.6801,268.9237,262.9310,267.4255
2010-10-25,266.6765,267.4256,262.9310,265.1783
2010-10-26,264.4293,266.6765,263.6802,264.4293
2010-10-27,265.9274,267.4256,263.6801,265.1783
2010-10-28,264.4292,265.9274,262.1819,262.1819
2010-10-29,277.1638,277.1638,271.9202,272.6693
2010-11-01,273.4184,277.1638,271.9202,272.6693
2010-11-02,271.9202,274.9166,271.9202,272.6693
2010-11-04,279.4111,280.9093,278.6620,279.4111
2010-11-05,283.1565,288.4002,282.4074,284.6547
2010-11-08,286.9019,289.1491,286.9019,288.4001
2010-11-09,287.6511,292.8948,286.9020,290.6475
2010-11-10,292.1456,297.3893,292.1456,295.1420
2010-11-11,298.1384,298.8875,294.3929,295.1420
2010-11-12,293.6439,294.3929,289.8984,290.6475
2010-11-15,292.1456,295.1420,291.3965,294.3929
2010-11-16,296.6401,298.1383,291.3965,292.8947
2010-11-17,289.8983,293.6438,288.4001,292.8947
2010-11-18,293.6438,297.3893,292.1456,297.3893
2010-11-19,299.6365,301.1347,295.8911,297.3893
2010-11-22,300.3856,302.6329,298.8874,302.6329
2010-11-24,297.3893,301.8838,295.8911,300.3857
2010-11-25,304.8802,304.8802,301.1347,301.1347
2010-11-26,300.3856,301.1347,296.6402,296.6402
2010-11-29,298.8875,302.6329,298.1384,300.3857
2010-11-30,301.1347,301.8838,296.6402,296.6402
2010-12-01,296.6402,298.8875,294.3929,298.8875
2010-12-02,304.1311,304.8802,302.6329,304.8802
2010-12-03,307.8766,308.6257,305.6293,307.1275
2010-12-06,307.8766,313.8693,307.1275,311.6220
2010-12-07,311.6220,312.3711,308.6256,309.3747
2010-12-08,311.6220,316.1165,310.8729,314.6183
2010-12-09,314.6183,314.6183,309.3747,310.1238
2010-12-10,310.1238,310.8729,306.3784,307.1275
2010-12-13,306.3784,309.3747,304.8802,309.3747
2010-12-14,310.1238,313.1201,308.6256,310.8729
2010-12-15,312.3712,313.1203,308.6257,308.6257
2010-12-16,308.6256,311.6220,307.8765,310.1238
2010-12-17,310.1238,310.8729,307.8765,307.8765
2010-12-20,308.6256,309.3747,304.1311,305.6293
2010-12-21,307.1275,310.1239,306.3785,308.6257
2010-12-22,308.6256,310.8729,307.1274,307.8765
2010-12-24,306.3784,307.1275,304.8802,305.6293
2010-12-27,307.1274,308.6256,306.3783,307.8765
2010-12-28,309.3747,313.1201,309.3747,310.8729
2010-12-29,312.3711,318.3638,312.3711,318.3638
2010-12-30,319.1129,325.1057,318.3638,324.3566
2011-01-04,329.6002,331.0984,326.6038,328.1020
2011-01-05,327.3528,332.5965,326.6037,331.8474
2011-01-06,337.8402,339.3384,335.5929,338.5893
2011-01-07,339.3385,343.0839,336.3421,341.5858
2011-01-11,340.8366,346.0802,338.5893,342.3348
2011-01-12,343.8330,346.0803,336.3421,337.0912
2011-01-13,340.8365,342.3347,336.3420,340.0874
2011-01-14,338.5893,339.3384,334.0948,334.8438
2011-01-17,336.3421,337.8403,332.5966,333.3457
2011-01-18,331.0984,337.8402,330.3493,335.5929
2011-01-19,340.8366,349.0766,338.5894,348.3275
2011-01-20,346.8293,350.5748,340.8366,342.3348
2011-01-21,343.8330,343.8330,331.8475,332.5966
2011-01-24,334.8438,337.8402,331.0984,334.8438
2011-01-25,337.8402,342.3348,336.3420,339.3384
2011-01-26,338.5893,339.3384,336.3421,337.0912
2011-01-27,343.0838,345.3310,338.5892,343.8329
2011-01-28,345.3312,346.8294,341.5857,345.3312
2011-01-31,338.5893,338.5893,332.5966,335.5929
2011-02-01,341.5857,348.3275,340.0875,346.8293
2011-02-02,350.5747,354.3202,349.0765,352.0729
2011-02-03,355.8185,360.3130,350.5748,354.3203
2011-02-04,365.5566,365.5566,360.3129,364.8075
2011-02-07,369.3021,374.5457,368.5530,373.0475
2011-02-08,376.0439,376.7930,367.8039,368.5530
2011-02-09,368.5529,370.0511,361.0620,362.5602
2011-02-10,361.8112,369.3021,361.0621,367.8039
2011-02-14,373.0475,373.7966,369.3021,373.0475
2011-02-15,372.2984,379.7893,370.0511,378.2911
2011-02-16,378.2911,384.2838,376.7929,382.0366
2011-02-17,385.0330,385.7821,377.5420,378.2911
2011-02-18,376.0439,378.2912,373.7966,376.7930
2011-02-21,376.7929,376.7929,370.0511,372.2984
2011-02-22,366.3057,368.5530,361.8112,361.8112
2011-02-23,358.0657,366.3057,357.3166,360.3130
2011-02-24,358.0656,360.3129,354.3202,355.0693
2011-02-25,355.0693,361.0620,353.5711,361.0620
2011-02-28,361.0620,370.8002,357.3166,370.8002
2011-03-01,373.0475,375.2948,370.0512,373.7966
2011-03-02,367.8039,373.0475,365.5566,368.5530
2011-03-03,372.2984,374.5456,370.0511,372.2984
2011-03-04,377.5420,378.2911,372.2984,374.5457
2011-03-07,376.7930,381.2875,373.7966,378.2911
2011-03-08,389.5274,391.7747,383.5347,385.0329
2011-03-09,386.5311,388.0293,379.0402,379.7893
2011-03-10,380.5383,380.5383,374.5456,379.0401
2011-03-11,373.0475,375.2948,369.3021,370.0511
2011-03-14,310.1238,323.6074,310.1238,310.1238
2011-03-15,333.3456,334.0947,295.1420,316.1165
2011-03-16,307.1275,322.8584,304.8802,316.1165
2011-03-17,299.6365,313.8692,298.1383,302.6329
2011-03-18,308.6256,312.3711,301.8838,307.8765
2011-03-22,322.1093,330.3493,318.3638,328.1020
2011-03-23,328.8511,332.5966,319.8620,329.6002
2011-03-24,325.8547,328.1020,312.3711,315.3674
2011-03-25,317.6148,319.1129,300.3856,307.1275
2011-03-28,308.6257,311.6220,300.3857,304.1311
2011-03-29,303.3765,306.3951,295.0751,303.3765
2011-03-30,312.4324,329.7898,311.6777,329.7898
2011-03-31,332.0538,335.0725,322.2431,326.7711
2011-04-01,326.7712,329.7898,321.4885,321.4885
2011-04-04,322.9978,326.7711,321.4884,322.2431
2011-04-05,321.4884,322.2431,311.6777,315.4510
2011-04-06,319.2244,322.2431,311.6777,314.6964
2011-04-07,316.2058,322.2432,314.6965,319.9792
2011-04-08,317.7151,320.7337,313.1871,319.2244
2011-04-11,314.6964,316.9604,309.4138,310.1684
2011-04-12,306.3951,308.6591,299.6031,301.8671
2011-04-13,299.6031,310.1685,298.0938,308.6591
2011-04-14,304.1311,308.6591,300.3578,305.6405
2011-04-15,304.1311,310.1685,304.1311,305.6405
2011-04-18,304.1311,305.6404,299.6031,299.6031
2011-04-19,296.5844,297.3391,292.0564,292.0564
2011-04-20,296.5845,305.6405,294.3205,305.6405
2011-04-21,309.4137,318.4697,306.3951,314.6964
2011-04-22,313.9417,320.7337,313.1871,319.2244
2011-04-25,319.2244,321.4884,314.6964,316.2057
2011-04-26,313.1871,315.4511,310.1685,313.9418
2011-04-27,318.4698,319.9791,314.6964,317.7151
2011-04-28,323.7525,331.2991,323.7525,330.5445
2011-05-02,336.5817,340.3551,334.3177,340.3551
2011-05-06,335.0725,338.0912,332.8085,336.5818
2011-05-09,339.6005,339.6005,329.7898,332.0538
2011-05-10,336.5818,341.8645,335.8271,341.1098
2011-05-11,344.1284,344.8831,338.0911,340.3551
2011-05-12,341.1098,354.6938,340.3551,348.6564
2011-05-13,351.6752,352.4299,342.6192,344.8832
2011-05-16,341.8645,347.1471,340.3551,341.1098
2011-05-17,339.6004,345.6378,338.0911,345.6378
2011-05-18,345.6378,353.1845,344.1285,353.1845
2011-05-19,353.1845,355.4485,346.3925,347.1471
2011-05-20,347.1471,355.4484,346.3924,348.6564
2011-05-23,348.6565,350.9205,340.3551,341.1098
2011-05-24,338.8458,344.1284,337.3364,342.6191
2011-05-25,341.1098,341.8645,332.8084,332.8084
2011-05-26,336.5817,341.1097,334.3177,340.3551
2011-05-27,338.0911,345.6378,338.0911,342.6191
2011-05-30,340.3552,344.1285,338.8459,343.3739
2011-05-31,342.6191,350.1657,342.6191,350.1657
2011-06-01,351.6752,356.9579,349.4112,356.9579
2011-06-02,350.9205,354.6938,347.9018,349.4112
2011-06-03,350.9205,353.1845,344.8831,345.6378
2011-06-06,344.8832,351.6752,343.3738,349.4112
2011-06-07,348.6564,350.1658,344.8831,348.6564
2011-06-08,347.9018,350.1658,344.8832,349.4112
2011-06-09,350.9204,353.9391,348.6564,353.9391
2011-06-10,356.2031,357.7124,348.6564,350.1657
2011-06-13,348.6564,354.6938,347.1471,353.9391
2011-06-14,353.1846,358.4673,352.4299,356.9579
2011-06-15,357.7125,359.9765,355.4485,357.7125
2011-06-16,354.6938,356.2031,345.6378,345.6378
2011-06-17,347.1472,348.6565,338.0912,341.8645
2011-06-20,340.3551,343.3738,336.5818,337.3365
2011-06-21,339.6004,341.1097,334.3177,340.3551
2011-06-22,343.3739,350.9206,341.8645,350.9206
2011-06-23,347.9018,350.1658,345.6378,345.6378
2011-06-24,347.1472,350.9206,343.3739,350.9206
2011-06-27,349.4112,350.1659,344.1285,344.8832
2011-06-28,348.6564,351.6751,347.1471,348.6564
2011-06-29,354.6938,356.9578,353.1845,356.2031
2011-06-30,356.9579,357.7126,353.9392,356.9579
2011-07-01,360.7312,362.9952,359.2218,361.4858
2011-07-04,366.0139,366.0139,362.2405,362.9952
2011-07-05,361.4859,364.5045,360.7312,362.9952
2011-07-06,363.7499,371.2965,362.9952,370.5419
2011-07-07,368.2778,369.0325,366.0138,366.7685
2011-07-08,369.7872,370.5419,363.7499,364.5045
2011-07-11,362.9952,365.2592,359.2218,360.7312
2011-07-12,356.2032,359.2219,356.2032,356.9579
2011-07-13,356.9578,364.5045,356.9578,362.2404
2011-07-14,359.9764,362.2404,357.7124,358.4671
2011-07-15,362.2404,366.7684,361.4858,365.2591
2011-07-19,367.5232,367.5232,362.9952,364.5045
2011-07-20,367.5232,368.2779,362.9952,364.5045
2011-07-21,365.2591,365.2591,361.4858,362.2404
2011-07-22,363.7498,364.5045,359.9765,360.7312
2011-07-25,359.9765,362.9952,358.4672,362.9952
2011-07-26,362.9952,364.5045,359.9765,362.9952
2011-07-27,359.9764,362.9951,358.4671,362.2404
2011-07-28,360.7312,369.0325,360.7312,366.0138
2011-07-29,365.2592,365.2592,357.7125,361.4858
2011-08-01,366.7685,366.7685,355.4485,355.4485
2011-08-02,353.9391,355.4484,349.4111,352.4297
2011-08-03,347.1472,351.6752,344.1285,349.4112
2011-08-04,358.4672,362.9952,353.9392,355.4485
2011-08-05,341.8644,346.3924,338.0911,340.3551
2011-08-08,332.8085,334.3178,323.7525,326.7711
2011-08-09,315.4512,324.5072,310.9231,323.7525
2011-08-10,326.7711,326.7711,326.7711,326.7711
2011-08-11,316.9604,321.4884,315.4511,319.2244
2011-08-12,319.2244,319.2244,319.2244,319.2244
2011-08-15,322.2432,323.7525,320.7338,323.7525
2011-08-16,324.5071,326.0164,322.9977,325.2617
2011-08-17,321.4884,322.2431,313.9417,316.2057
2011-08-18,307.1498,307.1498,307.1498,307.1498
2011-08-19,299.6031,303.3764,295.8297,296.5844
2011-08-22,295.0751,301.8671,290.5471,291.3018
2011-08-23,292.8111,298.8484,289.0377,298.0938
2011-08-24,301.8671,301.8671,291.3018,292.8111
2011-08-25,297.3392,304.8859,296.5845,304.1312
2011-08-26,304.1311,307.9045,301.1125,305.6405
2011-08-29,304.8858,310.9231,300.3578,307.9044
2011-08-30,310.9232,313.9419,309.4139,311.5445
2011-08-31,308.6591,311.6778,306.3951,309.6068
2011-09-01,312.4324,315.4510,311.6777,313.9248
2011-09-02,311.6778,313.1871,307.1498,309.0784
2011-09-05,304.1311,304.8857,297.3391,300.3577
2011-09-06,295.8297,297.3391,290.5471,295.0751
2011-09-07,295.8297,298.8484,293.5657,295.8297
2011-09-08,300.3577,301.1124,295.0750,295.8297
2011-09-09,294.3204,297.3391,289.7924,291.7599
2011-09-12,284.5097,286.7737,281.4911,286.0191
2011-09-13,286.0191,289.0378,282.2457,289.0378
2011-09-14,287.5285,290.5471,283.0005,285.2645
2011-09-15,289.7924,291.3017,285.2643,287.5284
2011-09-16,292.0564,301.1124,290.5471,298.8484
2011-09-20,293.5657,296.5844,292.0564,294.3204
2011-09-21,295.0751,301.1124,295.0751,299.6031
2011-09-22,295.8298,296.5844,288.2831,289.0378
2011-09-26,286.7738,287.5284,276.2084,279.9818
2011-09-27,286.0190,287.5284,283.7550,287.5284
2011-09-28,290.5711,296.6563,288.2891,295.8957
2011-09-29,289.8104,298.1776,289.8104,298.1776
2011-09-30,298.9383,299.6989,293.6137,295.8957
2011-10-03,288.2891,289.0498,282.9645,287.5284
2011-10-04,279.9219,282.9645,277.6399,282.2038
2011-10-05,285.2464,286.0071,273.8366,276.1186
2011-10-06,280.6824,281.4431,277.6398,279.1611
2011-10-07,283.7251,287.5284,282.2038,284.4858
2011-10-11,290.5710,292.8530,286.0070,290.5710
2011-10-12,289.0497,298.1776,286.7678,295.8957
2011-10-13,301.2202,303.5022,299.6989,301.2202
2011-10-14,298.1776,301.9808,295.1349,300.4595
2011-10-17,306.5448,311.8694,305.0235,311.1088
2011-10-18,303.5023,308.0662,302.7416,306.5449
2011-10-19,308.8268,310.3481,305.0235,307.3055
2011-10-20,307.3055,308.0661,301.2202,303.5022
2011-10-21,302.7416,306.5448,301.2202,305.7842
2011-10-24,308.0661,315.6727,308.0661,315.6727
2011-10-25,315.6727,317.1940,311.1088,311.1088
2011-10-26,317.1941,324.8006,317.1941,322.5187
2011-10-27,327.0826,332.4072,322.5187,330.8859
2011-10-28,334.6892,336.2105,327.8432,330.1252
2011-10-31,327.8433,334.6892,324.8006,324.8006
2011-11-01,322.5187,330.8859,322.5187,324.0400
2011-11-02,318.7154,322.5187,315.6728,316.4334
2011-11-04,321.7579,328.6039,318.7153,327.8432
2011-11-07,327.0825,329.3645,324.0399,327.8432
2011-11-08,325.5612,327.0825,319.4760,320.2366
2011-11-09,323.2793,325.5613,319.4760,324.8006
2011-11-10,317.1941,318.7154,312.6301,316.4334
2011-11-11,315.6727,317.9546,311.1087,315.6727
2011-11-14,320.2366,321.7579,316.4333,320.2366
2011-11-15,317.1941,320.2367,315.6728,316.4334
2011-11-16,316.4333,317.9546,312.6300,312.6300
2011-11-17,310.3482,317.9547,310.3482,316.4334
2011-11-18,311.8694,316.4334,310.3481,314.1514
2011-11-21,311.8695,313.3908,308.8269,310.3482
2011-11-22,307.3055,312.6301,306.5449,310.3482
2011-11-24,304.2628,305.7841,301.9809,302.7415
2011-11-25,301.9808,304.2628,298.1776,300.4595
2011-11-28,306.5449,308.8269,304.2629,306.5449
2011-11-29,314.1514,325.5613,313.3908,323.2793
2011-11-30,323.2792,325.5612,319.4760,321.7579
2011-12-01,331.6465,331.6465,327.8432,328.6039
2011-12-02,328.6039,331.6465,327.0826,331.6465
2011-12-05,332.4072,333.1678,327.8432,329.3646
2011-12-06,328.6039,329.3646,322.5186,323.2793
2011-12-07,324.0401,328.6040,323.2794,327.0827
2011-12-08,325.5613,327.0826,322.5187,326.3220
2011-12-09,320.9974,325.5613,320.9974,322.5187
2011-12-12,326.3219,329.3645,325.5612,325.5612
2011-12-13,321.7580,324.8006,320.2367,323.2793
2011-12-14,321.7579,324.0399,320.2366,321.7579
2011-12-15,319.4760,319.4760,311.1088,311.8695
2011-12-16,311.8695,312.6302,307.3056,309.5875
2011-12-19,307.3055,308.0662,304.2629,306.5449
2011-12-20,305.7841,310.3481,305.7841,307.3055
2011-12-21,310.3482,311.8695,308.0662,310.3482
2011-12-22,308.0662,308.0662,304.2629,306.5449
2011-12-26,309.5875,310.3482,307.3055,308.8268
2011-12-27,306.5449,308.8269,306.5449,306.5449
2011-12-28,307.3055,308.0662,305.7842,306.5449
2011-12-29,305.0235,306.5448,304.2629,305.7842
2011-12-30,305.7841,307.3055,305.0235,307.3055
2012-01-04,311.8694,317.9546,311.1087,317.9546
2012-01-05,317.9547,320.9973,315.6727,320.2366
2012-01-06,321.7580,321.7580,314.9121,317.1940
2012-01-10,317.9546,318.7153,314.9120,315.6727
2012-01-11,317.1940,318.7153,315.6727,317.1940
2012-01-12,316.4334,317.1940,311.8694,314.1514
2012-01-13,315.6726,319.4759,315.6726,317.9546
2012-01-16,315.6728,315.6728,310.3482,311.8695
2012-01-17,312.6301,314.1514,310.3482,311.8695
2012-01-18,310.3482,317.1941,308.8269,313.3908
2012-01-19,315.6727,316.4333,311.8694,315.6727
2012-01-20,318.7154,330.8859,317.9547,330.1252
2012-01-23,327.0827,330.1253,327.0827,327.0827
2012-01-24,328.6039,329.3645,325.5612,327.8432
2012-01-25,330.8859,335.4499,328.6040,333.9286
2012-01-26,333.1678,333.1678,327.8432,331.6465
2012-01-27,332.4073,332.4073,325.5614,327.0827
2012-01-30,325.5612,327.8432,324.8006,325.5612
2012-01-31,324.8006,327.0826,322.5187,324.0400
2012-02-01,314.9121,317.1941,308.8269,309.5875
2012-02-02,308.0661,308.8268,302.7415,303.5022
2012-02-03,319.4761,327.8433,317.9548,326.3220
2012-02-06,330.8858,331.6465,324.8006,325.5612
2012-02-07,324.8006,327.0826,323.2793,325.5612
2012-02-08,327.8432,328.6039,324.8006,328.6039
2012-02-09,326.3219,327.8433,323.2793,324.8006
2012-02-10,327.8433,328.6039,323.2793,324.8006
2012-02-13,322.5187,326.3219,321.7580,324.0400
2012-02-14,322.5187,327.0826,322.5187,324.0400
2012-02-15,326.3219,334.6891,325.5612,333.1678
2012-02-16,330.8859,341.5351,330.8859,338.4925
2012-02-17,344.5778,348.3811,343.0565,346.8597
2012-02-20,352.9449,353.7055,349.9022,351.4236
2012-02-21,350.6629,353.7055,349.1416,349.1416
2012-02-22,348.3809,349.1416,341.5350,349.1416
2012-02-23,347.6203,350.6629,345.3383,348.3810
2012-02-24,349.1416,352.1843,348.3810,349.9023
2012-02-27,355.9875,364.3548,355.2269,360.5515
2012-02-28,354.4662,362.8335,353.7056,362.0728
2012-02-29,363.5942,364.3548,357.5089,359.7909
2012-03-01,362.0728,364.3547,353.7055,356.7482
2012-03-02,359.0302,359.7909,351.4236,354.4663
2012-03-05,352.9449,360.5514,349.9022,357.5088
2012-03-06,355.9876,359.7909,350.6630,350.6630
2012-03-07,346.0990,356.7482,345.3384,354.4663
2012-03-08,358.2695,361.3121,357.5088,357.5088
2012-03-09,361.3121,363.5940,359.0301,361.3121
2012-03-12,364.3548,365.1154,359.7908,363.5941
2012-03-13,365.1155,371.9614,362.0728,371.2007
2012-03-14,375.0040,375.7646,371.2007,373.4827
2012-03-15,374.2434,375.0040,369.6794,371.9614
2012-03-16,374.2433,381.0892,374.2433,381.0892
2012-03-19,380.3285,386.4138,377.2859,384.8925
2012-03-21,381.0891,382.6105,378.0465,378.0465
2012-03-22,375.7646,383.3712,375.0040,383.3712
2012-03-23,378.0466,382.6105,378.0466,380.3286
2012-03-26,382.6106,393.2598,381.8499,393.2598
2012-03-27,394.7810,403.1482,394.0203,402.3876
2012-03-28,403.9235,416.2101,402.3876,415.4422
2012-03-29,414.6742,420.0496,405.4592,406.2271
2012-03-30,404.6914,413.1384,401.6197,407.7630
2012-04-02,413.1385,423.8893,411.6027,422.3535
2012-04-03,425.4251,426.9609,419.2817,423.1213
2012-04-04,423.8893,423.8893,410.8347,411.6026
2012-04-05,405.4592,415.4421,400.8518,412.3705
2012-04-06,409.2987,410.8346,403.9233,405.4592
2012-04-09,400.8518,403.9234,397.7801,398.5480
2012-04-10,403.1556,406.9952,396.2444,397.7802
2012-04-11,390.8689,397.7802,390.1010,395.4764
2012-04-12,399.3160,399.3160,388.5652,396.2443
2012-04-13,398.5481,404.6914,397.0122,400.8518
2012-04-16,393.9406,397.0122,386.2614,386.2614
2012-04-17,387.0294,388.5652,380.8860,383.1898
2012-04-18,393.9406,398.5481,392.4048,395.4764
2012-04-19,398.5479,409.2987,398.5479,405.4592
2012-04-20,404.6914,413.1385,402.3876,411.6026
2012-04-23,412.3705,414.6742,403.9234,403.9234
2012-04-24,398.5481,400.0840,391.6369,393.1727
2012-04-25,393.1727,394.7086,388.5652,393.1727
2012-04-26,391.6369,400.0839,390.1010,395.4764
2012-04-27,394.7086,401.6198,389.3332,393.1727
2012-05-01,383.9576,383.9576,383.9576,383.9576
2012-05-02,383.9577,383.9577,377.8143,377.8143
2012-05-07,366.2957,371.6711,357.0807,359.3844
2012-05-08,366.2955,371.6709,364.7597,368.5993
2012-05-09,366.2957,373.2069,361.6882,365.5277
2012-05-10,371.6710,372.4389,364.7597,371.6710
2012-05-11,375.5106,384.7256,374.7427,384.7256
2012-05-14,386.2615,388.5652,377.8144,379.3502
2012-05-15,374.7426,374.7426,365.5276,368.5993
2012-05-16,368.5993,368.5993,362.4560,364.7597
2012-05-17,365.5277,377.8144,363.2240,376.2786
2012-05-18,364.7597,368.5993,360.1523,360.1523
2012-05-21,360.1522,363.9918,354.7768,354.7768
2012-05-22,359.3844,363.9919,357.8486,363.2240
2012-05-23,359.3844,360.1523,350.9373,353.2410
2012-05-24,350.9373,354.7769,347.0977,352.4731
2012-05-25,351.7052,354.7769,348.6335,350.9373
2012-05-28,350.9374,353.2411,348.6336,349.4015
2012-05-29,347.8656,353.2410,342.4902,352.4731
2012-05-30,350.9373,351.7052,341.7223,347.0977
2012-05-31,340.9544,344.7940,337.8828,344.7940
2012-06-01,338.6506,340.9544,332.5073,335.5789
2012-06-04,325.5961,329.4357,324.0603,327.1320
2012-06-05,333.2752,340.9544,332.5073,340.1865
2012-06-06,342.4903,347.0978,337.1149,345.5620
2012-06-07,352.4731,352.4731,352.4731,352.4731
2012-06-08,350.9373,350.9373,342.4902,343.2581
2012-06-11,352.4731,357.8485,350.9372,356.3127
2012-06-12,348.6336,357.0807,347.8657,357.0807
2012-06-13,357.8486,365.5277,357.8486,365.5277
2012-06-14,362.4561,365.5278,358.6165,359.3844
2012-06-15,362.4561,363.9919,354.0090,357.8486
2012-06-18,367.0634,370.9030,367.0634,368.5993
2012-06-19,366.2956,367.0635,363.9919,363.9919
2012-06-20,370.1351,371.6710,367.8314,371.6710
2012-06-21,372.4390,373.9748,368.5994,370.9031
2012-06-22,367.8315,373.9748,367.8315,370.9031
2012-06-25,371.6711,372.4390,362.4561,363.2240
2012-06-26,357.8485,363.2239,357.0806,362.4560
2012-06-27,357.8486,363.2240,354.7769,363.2240
2012-06-28,363.9919,368.5994,363.9919,367.8315
2012-06-29,363.2239,376.2785,363.2239,373.9748
2012-07-02,378.5823,379.3502,371.6710,372.4389
2012-07-03,373.2069,377.8144,373.2069,376.2786
2012-07-04,379.3501,382.4218,378.5822,381.6539
2012-07-05,378.5822,381.6539,377.0464,380.8860
2012-07-06,381.6540,381.6540,377.0465,379.3502
2012-07-09,372.4390,374.7427,366.2956,369.5498
2012-07-10,368.5994,370.1352,363.2240,366.1004
2012-07-11,367.0635,367.0635,358.6164,362.4560
2012-07-12,360.9202,363.2240,354.7769,356.3075
2012-07-13,353.2410,356.3127,350.9373,353.2410
2012-07-17,354.7769,356.3127,348.6336,352.0227
2012-07-18,350.9373,353.2411,347.8657,351.1658
2012-07-19,354.0090,358.6165,354.0090,357.4480
2012-07-20,357.8485,359.3843,350.9372,354.7768
2012-07-23,347.8657,350.9374,347.0978,349.4015
2012-07-24,346.3298,347.8656,338.6506,340.1865
2012-07-25,333.2753,337.8828,330.9715,333.2753
2012-07-26,339.4186,342.4902,335.5790,338.6507
2012-07-27,345.5618,348.6335,340.9543,348.6335
2012-07-30,351.7053,353.2411,346.3299,350.1695
2012-07-31,353.2410,360.9201,350.9372,358.6164
2012-08-01,351.7052,354.0089,348.6335,351.7052
2012-08-02,350.1694,355.5448,346.3298,354.0090
2012-08-03,346.3299,347.0978,340.9545,345.5620
2012-08-06,353.2411,355.5448,349.4015,352.9513
2012-08-07,352.4732,354.7769,351.7052,353.2361
2012-08-08,358.6164,358.6164,348.6335,351.7052
2012-08-09,350.1695,353.2411,346.3299,350.1695
2012-08-10,347.0977,350.1694,345.5619,347.0977
2012-08-13,347.8657,350.1694,344.7940,349.6433
2012-08-14,350.1694,350.9373,341.7223,347.0977
2012-08-15,343.2582,344.7940,340.1866,340.9545
2012-08-16,342.4903,360.9203,342.4903,359.3844
2012-08-17,361.6881,368.5994,361.6881,367.0635
2012-08-20,368.5993,368.5993,360.1522,364.7597
2012-08-21,363.2241,368.5995,363.2241,365.4825
2012-08-22,365.5276,370.1351,363.2239,366.2956
2012-08-23,360.9203,368.5994,360.1523,366.6412
2012-08-24,364.7598,364.7598,360.9203,363.2240
2012-08-27,366.2956,369.3673,363.2240,363.9919
2012-08-28,362.4561,363.9919,354.7769,357.0807
2012-08-29,356.3127,361.6881,354.7769,360.9202
2012-08-30,360.1523,360.1523,352.4732,354.0090
2012-08-31,349.4015,353.2411,341.7223,344.7940
2012-09-03,341.7223,349.4015,338.6507,342.4902
2012-09-04,345.5618,349.4014,343.2581,346.3297
2012-09-05,342.4902,344.0260,340.1865,340.1865
2012-09-06,339.4186,340.9544,337.8827,338.6507
2012-09-07,348.6335,351.7052,344.0260,351.7052
2012-09-10,350.1694,351.7052,347.0977,351.7052
2012-09-11,347.0977,349.4015,346.3298,347.8657
2012-09-12,350.9373,351.7052,345.5619,351.7052
2012-09-13,350.1694,352.4731,347.8656,350.9373
2012-09-14,358.6165,368.5994,357.0806,367.0635
2012-09-18,367.0635,367.0635,363.2239,364.7597
2012-09-19,363.9918,371.6709,360.1522,368.5993
2012-09-20,363.9919,366.2956,357.8486,357.8486
2012-09-21,361.6882,361.6882,353.2411,354.0090
2012-09-24,354.7770,356.3128,350.1695,350.1695
2012-09-25,349.4015,351.7053,347.0978,350.1695
2012-09-26,344.7344,345.5108,341.6287,341.6287
2012-09-27,337.7465,341.6287,336.9701,337.7465
2012-09-28,345.5108,346.2873,336.9701,336.9701
2012-10-01,337.7466,340.8523,334.6408,336.9701
2012-10-02,339.2993,339.2993,335.4172,336.1936
2012-10-03,336.1937,338.5230,331.5352,332.3116
2012-10-04,336.1936,343.1815,332.3115,340.8522
2012-10-05,340.0758,344.7343,337.7465,340.8522
2012-10-09,338.5231,340.0759,327.6530,327.6530
2012-10-10,322.2179,323.7708,318.3358,318.3358
2012-10-11,314.4537,322.2180,314.4537,314.4537
2012-10-12,316.0065,319.8887,312.9008,313.6772
2012-10-15,314.4537,320.6651,311.3480,319.8887
2012-10-16,322.2179,322.9944,316.0065,321.4415
2012-10-17,326.1001,333.0880,324.5472,329.2058
2012-10-18,333.0879,339.2993,330.7586,339.2993
2012-10-19,338.5229,344.7344,336.1937,341.6287
2012-10-22,336.1937,340.0759,333.8644,338.5230
2012-10-23,336.9701,337.7466,326.1001,326.8766
2012-10-24,323.7708,328.4294,322.9944,326.8766
2012-10-25,324.5473,327.6530,323.7709,327.6530
2012-10-26,324.5472,326.1001,317.5594,318.3358
2012-10-29,319.8887,322.2180,318.3359,319.1123
2012-10-30,319.8886,322.9944,314.4536,318.3358
2012-10-31,322.2180,330.7587,322.2180,328.4294
2012-11-01,326.8766,327.6530,320.6651,326.1001
2012-11-02,330.7586,333.8643,329.2057,331.5350
2012-11-05,331.5352,331.5352,326.1002,327.6530
2012-11-06,325.3237,327.6530,323.7708,325.3237
2012-11-07,329.2058,329.2058,322.9944,326.1001
2012-11-08,321.4415,323.7708,320.6651,321.4415
2012-11-09,319.1122,325.3236,318.3358,322.9944
2012-11-12,319.1122,319.8887,315.2301,316.0065
2012-11-13,317.5594,321.4415,316.0065,317.5594
2012-11-14,317.5594,318.3358,312.9008,313.6772
2012-11-15,314.4537,324.5472,312.9008,324.5472
2012-11-16,329.2058,338.5230,326.8765,336.9701
2012-11-19,343.1816,347.8402,341.6287,346.2873
2012-11-20,347.0637,347.0637,341.6287,344.7344
2012-11-21,346.2872,351.7222,343.9579,347.0637
2012-11-22,353.2751,354.8280,350.1694,351.7223
2012-11-26,355.6044,357.1573,351.7223,352.4987
2012-11-27,349.3930,352.4987,347.8401,350.9459
2012-11-28,348.6165,349.3929,343.9579,344.7344
2012-11-29,350.9458,356.3808,350.1694,354.8280
2012-11-30,363.3687,371.1330,362.5922,369.5801
2012-12-03,371.1330,371.1330,366.4744,368.8037
2012-12-04,364.1451,364.9215,359.4865,361.8158
2012-12-05,359.4865,363.3686,356.3808,360.2629
2012-12-06,365.6980,366.4744,361.8158,363.3687
2012-12-07,364.1451,366.4744,363.3687,364.1451
2012-12-10,365.6979,365.6979,358.7101,360.2629
2012-12-11,358.7101,361.0394,357.9337,361.0394
2012-12-12,364.9216,371.1330,363.3687,368.8037
2012-12-13,372.6859,377.3445,370.3566,374.2388
2012-12-14,368.0273,369.5801,363.3687,366.4744
2012-12-17,371.9094,371.9094,367.2508,369.5801
2012-12-18,372.6858,380.4501,371.9094,378.1208
2012-12-19,384.3323,385.8852,382.7794,385.1087
2012-12-20,380.4500,385.1086,378.8972,379.6736
2012-12-21,383.5559,384.3323,371.1331,374.2388
2012-12-25,380.4501,383.5559,375.7916,375.7916
2012-12-26,380.4501,384.3322,379.6736,383.5558
2012-12-27,387.4379,392.8729,386.6615,388.9908
2012-12-28,393.6494,394.4258,388.9908,391.3201
2013-01-04,406.8487,411.5072,404.5194,411.5072
2013-01-07,419.2717,419.2717,406.0724,408.4017
2013-01-08,405.2958,407.6251,402.1901,404.5194
2013-01-09,402.1901,421.6008,401.4136,419.2715
2013-01-10,421.6008,422.3772,416.9422,417.7187
2013-01-11,421.6009,423.1538,416.9423,418.4952
2013-01-15,420.8245,423.1537,419.2716,422.3773
2013-01-16,416.9423,417.7188,409.1780,409.9545
2013-01-17,416.1659,417.7188,403.7430,409.9545
2013-01-18,420.8245,427.8123,420.0480,427.0359
2013-01-21,427.0359,427.8123,418.4951,420.0480
2013-01-22,420.8243,424.7065,414.6129,419.2715
2013-01-23,413.8366,415.3894,405.2958,406.8487
2013-01-24,402.1902,416.9423,400.6373,413.0602
2013-01-25,423.1537,435.5766,420.8244,435.5766
2013-01-28,437.1295,437.9059,428.5887,428.5887
2013-01-29,425.4830,431.6944,423.9301,424.7065
2013-01-30,425.4830,426.2594,419.2716,423.9301
2013-01-31,420.8244,424.7065,416.9423,420.8244
2013-02-01,425.4830,427.8123,422.3773,423.1537
2013-02-04,429.3651,441.0115,427.8122,440.2351
2013-02-05,411.5071,417.7186,409.9543,412.2836
2013-02-06,419.2715,423.9301,413.0601,417.7187
2013-02-07,416.1658,420.0479,412.2837,416.9422
2013-02-08,412.2837,414.6130,406.0722,407.6251
2013-02-12,410.7308,415.3894,407.6251,411.5072
2013-02-13,410.7308,411.5072,404.5194,407.6251
2013-02-14,405.2959,409.1781,396.7552,406.0724
2013-02-15,401.4138,404.5195,392.0966,401.4138
2013-02-18,407.6252,409.1780,401.4138,402.9666
2013-02-19,399.8608,402.1901,397.5315,399.0844
2013-02-20,399.8608,407.6251,399.8608,406.8487
2013-02-21,403.7430,406.0723,402.1902,405.2959
2013-02-22,399.8609,402.9666,394.4259,402.1902
2013-02-25,408.4015,413.8365,407.6251,411.5072
2013-02-26,401.4138,406.0723,400.6373,401.4138
2013-02-27,399.8609,401.4137,393.6494,395.2023
2013-02-28,399.8609,403.7430,399.0844,403.7430
2013-03-01,402.9666,407.6251,402.1901,404.5194
2013-03-04,406.0723,406.8487,397.5316,397.5316
2013-03-05,400.6373,404.5194,399.0844,400.6373
2013-03-06,406.8487,416.9423,406.0723,416.1658
2013-03-07,420.8244,424.7065,416.9422,417.7187
2013-03-08,423.1537,427.8123,420.0480,421.6008
2013-03-11,427.8124,436.3532,427.0360,431.6946
2013-03-12,434.0237,436.3530,427.0359,428.5887
2013-03-13,427.0358,430.1415,423.9301,426.2594
2013-03-14,424.7066,427.8123,420.0480,427.0359
2013-03-15,434.8001,436.3530,430.9180,435.5766
2013-03-18,429.3651,430.1415,420.0480,420.8244
2013-03-19,422.3773,430.9180,422.3773,430.1416
2013-03-21,434.8001,448.7759,434.0237,441.0116
2013-03-22,441.7880,441.7880,434.8001,435.5766
2013-03-25,439.4588,442.5645,437.9059,438.6824
2013-03-26,430.9182,435.5767,429.3653,431.6946
2013-03-27,433.2614,436.3953,430.9110,431.6945
2013-03-28,433.2614,435.6118,423.8597,427.7770
2013-03-29,427.7770,429.3440,423.0762,425.4266
2013-04-01,426.2101,426.9936,413.6745,414.4580
2013-04-02,410.5406,413.6745,408.1901,410.5406
2013-04-03,412.8910,416.0249,409.7571,415.2414
2013-04-04,405.0563,417.5919,398.0050,416.0249
2013-04-05,437.9622,442.6631,426.9936,428.5605
2013-04-08,441.0960,444.2299,434.8282,438.7456
2013-04-09,445.0135,448.1474,438.7457,445.7970
2013-04-10,446.5804,463.0334,444.2300,458.3326
2013-04-11,470.0846,492.8054,470.0846,492.0219
2013-04-12,492.8054,506.9079,490.4550,495.1558
2013-04-15,492.0220,492.8055,475.5690,479.4864
2013-04-16,463.8169,474.7855,459.8995,467.7343
2013-04-17,474.7856,477.9195,470.8682,476.3525
2013-04-18,471.6516,477.1359,466.1672,466.1672
2013-04-19,463.8168,473.2185,461.4664,471.6516
2013-04-22,485.7541,487.3210,478.7028,480.2698
2013-04-23,481.8368,492.0219,479.4864,485.7542
2013-04-24,489.6716,491.2385,483.4038,486.5377
2013-04-25,488.1046,492.8054,485.7542,490.4550
2013-04-26,495.1558,495.9393,485.7541,487.3211
2013-04-30,481.8368,488.8880,478.7029,487.3211
2013-05-01,488.8881,488.8881,476.3525,477.9195
2013-05-02,474.0021,486.5377,474.0021,477.9195
2013-05-07,492.8053,499.8566,488.8879,498.2896
2013-05-08,498.2897,512.3923,496.7228,501.4236
2013-05-09,506.9079,507.6914,492.0219,492.0219
2013-05-10,506.1245,511.6089,502.2072,505.3411
2013-05-13,524.9278,550.7824,524.1443,544.5146
2013-05-14,550.7826,570.3695,549.9991,564.1017
2013-05-15,583.6885,607.1928,575.0703,578.9877
2013-05-16,589.1728,593.8737,564.8851,581.3381
2013-05-17,581.3381,600.9250,575.8538,600.1415
2013-05-20,616.5944,627.5631,611.1101,615.8110
2013-05-21,610.3266,618.1613,599.3579,600.9249
2013-05-22,608.7597,609.5432,600.9250,601.7084
2013-05-23,605.6257,615.8108,556.2668,557.8337
2013-05-24,577.4208,585.2555,539.8140,564.1017
2013-05-27,541.3809,550.7826,530.4122,531.9792
2013-05-28,524.1444,549.9991,523.3610,546.0817
2013-05-29,567.2355,567.2355,549.2156,549.9991
2013-05-30,539.0304,544.5147,528.0617,535.8965
2013-05-31,542.9479,551.5661,531.9793,548.4323
2013-06-03,535.8965,539.0304,514.7427,518.6600
2013-06-04,510.0419,530.4122,494.3724,528.8453
2013-06-05,535.8965,546.0817,512.3923,513.1758
2013-06-06,500.6402,527.2783,499.8567,507.6914
2013-06-07,495.9393,508.4749,478.7029,495.1558
2013-06-10,518.6600,526.4947,511.6087,524.9278
2013-06-11,526.4949,528.0618,510.0419,515.5262
2013-06-12,508.4750,526.4949,503.7742,521.0106
2013-06-13,507.6914,511.6088,492.8054,494.3724
2013-06-14,509.2584,515.5262,497.5063,503.7741
2013-06-17,493.5889,506.1245,491.2385,505.3411
2013-06-18,510.8253,521.0105,509.2584,519.4435
2013-06-19,524.9279,527.2783,507.6914,513.9592
2013-06-20,507.6915,513.9593,501.4237,502.2072
2013-06-21,487.3211,506.1245,480.2698,506.1245
2013-06-24,509.2584,509.2584,487.3211,490.4550
2013-06-25,483.4037,497.5062,482.6202,489.6714
2013-06-26,494.3725,501.4238,482.6204,483.4038
2013-06-27,489.6716,491.2385,476.3525,486.5377
2013-06-28,495.9394,506.9081,493.5890,499.0733
2013-07-01,503.7741,504.5576,493.5890,499.8568
2013-07-02,512.3923,528.0618,508.4750,528.0618
2013-07-03,535.1131,535.8966,523.3610,528.0618
2013-07-04,524.9279,526.4949,515.5262,516.3097
2013-07-05,529.6287,539.8139,528.0618,539.0304
2013-07-08,546.8652,547.6487,526.4949,528.0618
2013-07-09,536.6800,536.6800,523.3610,528.8453
2013-07-10,526.4948,528.8453,515.5262,520.2271
2013-07-11,506.1245,512.3923,501.4237,509.2584
2013-07-12,509.2584,520.2271,509.2584,516.3097
2013-07-16,522.5774,523.3609,516.3096,521.7939
2013-07-17,521.7941,533.5463,519.4437,530.4124
2013-07-18,531.1957,535.1131,527.2783,533.5461
2013-07-19,542.1644,542.9478,524.9279,528.0618
2013-07-22,534.3296,534.3296,526.4949,531.9792
2013-07-23,528.0619,543.7313,527.2784,541.3809
2013-07-24,536.6799,539.0303,532.7625,535.1129
2013-07-25,537.4633,542.9477,531.1955,535.1129
2013-07-26,524.1444,524.9279,510.0419,513.9592
2013-07-29,498.2897,506.1244,495.1558,496.7227
2013-07-30,495.1558,503.7741,490.4550,501.4236
2013-07-31,527.2784,531.9792,515.5262,515.5262
2013-08-01,513.9592,527.2783,513.1758,522.5775
2013-08-02,530.4121,531.1956,517.8765,525.7112
2013-08-05,517.0930,520.2269,511.6086,517.0930
2013-08-06,513.1756,517.8764,506.9078,517.0930
2013-08-07,506.9080,510.8254,502.2072,502.2072
2013-08-08,495.1559,501.4237,491.2386,493.5890
2013-08-09,498.2897,499.8567,491.2385,494.3724
2013-08-12,493.5888,494.3723,487.3210,491.2384
2013-08-13,493.5889,498.2897,489.6715,495.1558
2013-08-14,502.2071,502.2071,492.8054,497.5062
2013-08-15,494.3724,499.8567,487.3211,488.8881
2013-08-16,483.4038,489.6716,482.6203,486.5377
2013-08-19,488.1045,491.2384,483.4037,491.2384
2013-08-20,485.7542,492.0219,484.9707,485.7542
2013-08-21,484.1873,486.5377,476.3525,478.7030
2013-08-22,475.5690,475.5690,465.3838,470.0847
2013-08-23,479.4864,489.6716,477.9195,484.1873
2013-08-26,482.6204,491.2386,481.0534,483.4038
2013-08-27,477.9194,484.9707,477.1360,479.4864
2013-08-28,463.8169,472.4351,461.4664,470.0847
2013-08-29,467.7341,471.6515,465.3837,469.3011
2013-08-30,473.2185,474.7855,463.8168,464.6003
2013-09-02,465.3838,466.9507,462.2499,464.6003
2013-09-03,471.6517,477.9195,470.0847,475.5691
2013-09-04,470.0847,474.0021,469.3013,472.4352
2013-09-05,476.3525,479.4864,470.8681,473.2186
2013-09-06,470.0847,471.6517,459.8996,462.2500
2013-09-09,476.3524,476.3524,471.6515,474.7854
2013-09-10,477.9194,489.6715,477.9194,488.1046
2013-09-11,495.1558,500.6402,492.8054,494.3724
2013-09-12,496.7228,497.5063,491.2385,494.3724
2013-09-13,495.1560,499.8569,491.2386,495.9395
2013-09-17,501.4236,508.4749,501.4236,501.4236
2013-09-18,504.5576,510.8254,503.7741,509.2584
2013-09-19,513.9592,519.4435,510.0418,518.6600
2013-09-20,521.0105,522.5774,515.5262,519.4435
2013-09-24,514.7426,518.6600,505.3409,514.7426
2013-09-25,511.6088,517.8766,508.4749,513.9592
2013-09-26,517.1173,532.9071,516.3278,532.9071
2013-09-27,528.9597,530.5387,521.8543,525.0123
2013-09-30,517.1171,518.6961,508.4327,510.8012
2013-10-01,512.3802,513.9592,506.8538,507.6432
2013-10-02,506.8537,514.7486,497.3798,498.1693
2013-10-03,502.1170,509.2224,500.5380,502.9065
2013-10-04,491.8535,501.3274,489.4850,495.8009
2013-10-07,495.0114,498.1694,491.8534,493.4324
2013-10-08,491.8534,496.5904,490.2744,493.4324
2013-10-09,489.4851,498.1695,483.1691,497.3800
2013-10-10,491.8535,493.4324,487.9060,491.0640
2013-10-11,495.0114,495.8009,487.9060,491.8534
2013-10-15,495.8009,498.1694,492.6429,493.4324
2013-10-16,490.2744,492.6429,487.9060,488.6955
2013-10-17,494.2220,495.8009,487.1165,490.2745
2013-10-18,490.2744,492.6429,486.3270,488.6955
2013-10-21,488.6955,492.6430,487.1165,489.4850
2013-10-22,488.6955,489.4850,485.5375,488.6955
2013-10-23,488.6956,490.2745,478.4322,480.0111
2013-10-24,503.6958,522.6436,502.9063,520.2751
2013-10-25,520.2752,526.5911,512.3802,513.1697
2013-10-28,528.9596,536.0651,523.4332,531.3281
2013-10-29,525.0122,535.2756,523.4332,528.1702
2013-10-30,521.8542,530.5386,521.0647,528.9596
2013-10-31,528.1700,549.4863,526.5910,540.8019
2013-11-01,547.9072,556.5917,534.4859,539.2228
2013-11-05,544.7495,545.5390,532.9072,536.8546
2013-11-06,532.1177,542.3811,531.3282,537.6441
2013-11-07,538.4334,541.5914,534.4860,538.4334
2013-11-08,531.3282,539.2231,530.5387,536.0651
2013-11-11,545.5389,546.3284,540.0124,543.1704
2013-11-12,543.9601,556.5919,542.3811,555.0129
2013-11-13,550.2758,551.8548,539.2230,543.1704
2013-11-14,549.4864,554.2234,545.5390,550.2759
2013-11-15,555.8024,558.9604,551.0655,553.4340
2013-11-18,558.1709,560.5394,550.2760,552.6445
2013-11-19,553.4337,555.0127,547.9073,548.6968
2013-11-20,552.6442,555.0127,547.1178,548.6968
2013-11-21,554.2235,555.8024,551.0655,553.4340
2013-11-22,560.5392,572.3816,558.9602,571.5921
2013-11-25,580.2766,587.3820,574.7502,577.1187
2013-11-26,573.9605,577.9080,570.0131,573.9605
2013-11-27,574.7501,581.0660,574.7501,574.7501
2013-11-28,583.4343,602.3821,582.6449,600.8032
2013-11-29,596.0664,615.8037,589.7505,596.0664
2013-12-02,603.9613,605.5403,592.9084,598.4349
2013-12-03,602.3823,603.9613,596.0663,597.6453
2013-12-04,588.9611,592.1190,582.6451,584.2241
2013-12-05,589.7505,595.2769,580.2765,581.0660
2013-12-06,581.0662,585.0136,576.3292,584.2241
2013-12-09,596.0663,602.3823,592.1189,601.5928
2013-12-10,601.5929,602.3824,596.0665,599.2244
2013-12-11,595.2769,596.0664,586.5925,591.3295
2013-12-12,588.9610,595.2769,587.3820,594.4874
2013-12-13,596.0664,601.5929,592.9084,594.4874
2013-12-16,592.1190,600.0139,590.5400,592.1190
2013-12-17,596.0663,597.6453,591.3293,593.6978
2013-12-18,592.1190,607.1193,592.1190,606.3298
2013-12-19,611.8563,611.8563,603.9614,607.1193
2013-12-20,603.9614,607.1193,600.8034,603.9614
2013-12-24,607.1193,612.6458,600.8034,603.9614
2013-12-25,600.0140,603.9615,598.4350,602.3825
2013-12-26,605.5403,625.2776,604.7508,622.1196
2013-12-27,622.1197,624.4882,615.0143,623.6987
2013-12-30,629.2250,630.0145,624.4880,628.4355
2014-01-06,630.8041,648.9624,629.2251,647.3834
2014-01-07,652.9098,658.4362,644.2254,651.3308
2014-01-08,655.2784,674.2262,652.1204,672.6472
2014-01-09,669.4890,669.4890,660.8046,665.5416
2014-01-10,667.1205,669.4890,662.3836,667.9100
2014-01-14,648.9623,660.0152,646.5938,657.6467
2014-01-15,669.4891,689.2264,666.3311,684.4894
2014-01-16,685.2790,689.2264,675.0156,675.8051
2014-01-17,672.6472,683.7001,671.8577,679.7526
2014-01-20,675.8050,679.7525,671.8576,677.3840
2014-01-21,678.1736,692.3844,676.5946,682.9105
2014-01-22,679.7526,686.8580,677.3841,678.1736
2014-01-23,673.4365,682.1209,667.9100,667.9100
2014-01-24,648.9625,651.3310,636.3306,645.0150
2014-01-27,616.5933,626.0672,613.4353,620.5407
2014-01-28,617.3827,622.9092,604.7509,606.3298
2014-01-29,627.6460,641.0674,626.0670,640.2779
2014-01-30,620.5408,628.4357,615.0143,626.8567
2014-01-31,644.2255,645.8044,623.6987,625.2776
2014-02-03,630.8040,636.3305,618.9617,621.3301
2014-02-04,596.0664,601.5929,588.9610,591.3295
2014-02-05,619.7512,623.6987,605.5403,607.9088
2014-02-06,614.2248,615.8038,597.6454,599.2244
2014-02-07,615.0142,616.5931,603.9613,615.8036
2014-02-10,627.6461,631.5936,619.7512,631.5936
2014-02-12,638.6988,643.4357,633.9618,641.0673
2014-02-13,636.3306,637.9096,621.3303,622.9092
2014-02-14,626.8565,629.2250,603.9613,611.8562
2014-02-17,611.0668,622.9092,604.7509,620.5407
2014-02-18,623.6984,644.2252,623.6984,641.0673
2014-02-19,638.6988,642.6462,633.9618,641.0673
2014-02-20,635.5410,638.6990,619.7512,621.3301
2014-02-21,637.9093,642.6462,634.7513,641.0673
2014-02-24,640.2779,651.3308,634.7515,644.2254
2014-02-25,646.5940,651.3310,641.8571,642.6465
2014-02-26,642.6463,643.4357,637.1198,637.9093
2014-02-27,636.3303,645.0147,632.3829,641.0673
2014-02-28,637.9093,644.2252,628.4354,633.9619
2014-03-03,622.9091,624.4881,615.8037,621.3301
2014-03-04,615.8037,629.2250,614.2247,627.6461
2014-03-05,641.8568,643.4357,633.9618,637.9093
2014-03-06,637.9092,652.1201,635.5407,649.7516
2014-03-07,655.2780,656.8570,648.9621,649.7516
2014-03-10,649.7519,653.6993,645.0149,650.5414
2014-03-11,647.3835,652.9100,641.8571,645.8046
2014-03-12,642.6464,643.4359,634.7515,635.5410
2014-03-13,634.7516,635.5410,626.0671,626.0671
2014-03-14,615.0141,619.7511,607.9087,609.4877
2014-03-17,602.3823,603.9613,590.5400,596.0664
2014-03-18,607.9088,609.4878,595.2770,595.2770
2014-03-19,589.7504,596.8559,567.6447,582.6450
2014-03-20,591.3294,591.3294,571.5921,574.7501
2014-03-24,576.3289,584.2239,566.8550,570.0130
2014-03-25,561.3286,581.0659,551.0652,578.6974
2014-03-26,587.3819,598.4348,585.0135,597.6453
2014-03-27,591.6806,595.6570,582.1374,594.8617
2014-03-28,593.2713,600.4288,587.7045,600.4288
2014-03-31,609.9720,609.9720,597.2477,605.9957
2014-04-01,609.1767,620.3104,605.2003,617.9246
2014-04-02,623.4917,627.4680,618.7200,618.7200
2014-04-03,619.5154,625.0823,612.3580,621.1060
2014-04-04,617.1296,625.0823,614.7438,622.6965
2014-04-07,613.1531,613.9484,600.4288,600.4288
2014-04-08,593.2714,600.4288,590.8856,590.8856
2014-04-09,583.7280,588.4996,576.5706,576.5706
2014-04-10,588.4998,590.0904,578.1613,581.3424
2014-04-11,557.4843,570.2087,555.8938,567.0276
2014-04-14,562.2558,576.5707,562.2558,569.4133
2014-04-15,593.2714,593.2714,576.5708,578.1613
2014-04-16,584.5234,600.4288,583.7281,600.4288
2014-04-17,600.4288,607.5862,596.4524,598.0430
2014-04-18,605.9957,605.9957,599.6335,603.6099
2014-04-21,604.4052,607.5863,599.6336,601.2241
2014-04-22,603.6099,606.7910,592.4762,593.2714
2014-04-23,598.0428,599.6333,590.8853,594.8617
2014-04-24,590.8858,593.2716,581.3425,582.1378
2014-04-25,582.9328,598.8382,582.9328,596.4524
2014-04-28,590.0905,590.8858,578.1615,582.1378
2014-04-30,581.3424,585.3187,577.3660,578.1613
2014-05-01,583.7281,594.8619,581.3423,594.0667
2014-05-02,593.2713,599.6335,589.2950,598.0430
2014-05-07,586.1139,587.7045,573.3896,574.1849
2014-05-08,576.5707,581.3424,570.2086,578.9565
2014-05-09,578.1612,588.4997,577.3660,585.3187
2014-05-12,588.4998,596.4525,580.5471,581.3424
2014-05-13,563.0510,572.5942,555.8936,564.6415
2014-05-14,565.4369,571.7991,560.6653,563.8464
2014-05-15,558.2795,562.2558,554.3031,559.0748
2014-05-16,552.7126,554.3031,543.1693,549.5315
2014-05-19,547.1457,550.3268,528.8545,530.4451
2014-05-20,528.8545,535.2167,524.8782,532.8309
2014-05-21,529.6497,536.8071,528.0591,533.6260
2014-05-22,540.7836,550.3268,537.6025,547.1458
2014-05-23,546.3506,551.1222,544.7600,545.5553
2014-05-26,555.0984,555.0984,546.3504,549.5315
2014-05-27,551.1220,555.8937,547.1457,549.5315
2014-05-28,551.9173,553.5078,545.5551,546.3504
2014-05-29,543.9647,543.9647,535.2167,540.7836
2014-05-30,541.5787,549.5314,541.5787,543.9645
2014-06-02,551.1220,563.8463,551.1220,563.0510
2014-06-03,572.5944,584.5235,568.6181,581.3424
2014-06-04,578.9567,582.9331,574.9804,582.1378
2014-06-05,582.9330,583.7283,577.3661,579.7520
2014-06-06,579.7519,581.3424,571.7992,572.5944
2014-06-09,571.7991,573.3896,563.8464,563.8464
2014-06-10,565.4370,567.8228,559.0748,560.6653
2014-06-11,564.6417,570.2086,563.0511,570.2086
2014-06-12,568.6179,568.6179,561.4605,564.6415
2014-06-13,557.4843,573.3897,557.4843,571.0039
2014-06-16,572.5944,575.7755,568.6181,571.0039
2014-06-17,571.0037,574.9801,565.4368,566.2321
2014-06-18,567.0275,568.6180,562.2558,563.8464
2014-06-19,566.2321,586.1139,565.4369,582.9328
2014-06-20,590.0903,590.8856,582.9329,585.3187
2014-06-23,584.5236,586.9094,581.3425,582.1378
2014-06-24,582.1375,586.1139,578.1612,582.9328
2014-06-25,579.7517,587.7044,578.9565,582.9328
2014-06-26,589.2950,598.0430,586.9092,589.2950
2014-06-27,590.0903,594.8619,582.9328,589.2950
2014-06-30,592.4763,592.4763,583.7284,590.0905
2014-07-01,592.4760,599.6335,589.2950,596.4524
2014-07-02,598.0430,598.8383,592.4761,594.0667
2014-07-03,597.2477,598.0430,592.4761,597.2477
2014-07-04,602.8145,617.1294,602.8145,616.3341
2014-07-07,615.5389,617.9247,612.3578,612.3578
2014-07-08,609.1767,616.3341,605.9956,609.9719
2014-07-09,605.9958,612.3580,605.2005,611.5627
2014-07-10,613.9484,614.7437,605.2004,607.5862
2014-07-11,602.8145,603.6098,598.0429,598.8382
2014-07-14,601.2241,604.4052,600.4288,602.0193
2014-07-15,607.5863,613.1531,607.5863,610.7673
2014-07-16,612.3579,614.7437,610.7673,610.7673
2014-07-17,612.3579,613.9484,607.5862,607.5862
2014-07-18,598.8383,603.6099,596.4525,601.2241
2014-07-22,609.9720,615.3003,608.3815,613.2326
2014-07-23,612.5168,620.3104,612.5168,615.1412
2014-07-24,615.1412,623.9686,615.1412,620.3104
2014-07-25,620.3106,629.8538,619.1972,627.9451
2014-07-28,629.9333,643.9301,629.5356,641.5443
2014-07-29,644.1687,653.2348,644.0096,651.6442
2014-07-30,655.2229,656.4953,641.4647,650.5308
2014-07-31,656.0978,656.8930,640.2719,643.1349
2014-08-01,624.3664,638.9994,621.5830,624.0483
2014-08-04,619.5947,628.7403,616.3341,626.1955
2014-08-05,630.6492,631.2059,612.3580,614.1871
2014-08-06,608.3815,616.4933,604.9619,606.9501
2014-08-07,605.4389,606.3138,595.4186,604.4051
2014-08-08,596.4524,598.0429,583.7281,589.0564
2014-08-11,603.4508,609.0177,596.5320,605.9162
2014-08-12,610.7674,611.4036,605.9163,610.0516
2014-08-13,606.3935,617.9249,605.8368,616.4934
2014-08-14,617.9248,624.9231,617.3681,619.2767
2014-08-15,619.1972,621.5035,614.6642,616.5728
2014-08-18,619.9130,619.9130,615.0618,616.8114
2014-08-19,621.6624,623.4915,619.1971,621.9010
2014-08-20,625.6390,625.6390,615.6981,617.5272
2014-08-21,621.5829,622.6963,617.3680,619.7538
2014-08-22,622.6964,623.9688,613.9484,616.8114
2014-08-25,622.6963,628.0247,620.3105,627.1498
2014-08-26,628.2632,632.0010,622.2987,623.0145
2014-08-27,628.2632,631.0467,622.7758,627.0703
2014-08-28,625.4798,626.3546,622.3782,625.1617
2014-08-29,620.3105,632.8758,620.2310,625.4798
2014-09-01,622.0601,625.3207,620.3105,624.6844
2014-09-02,627.4679,640.5104,626.8317,639.2379
2014-09-03,646.0774,648.5427,640.9876,644.0096
2014-09-04,641.1467,643.8506,636.2160,637.0113
2014-09-05,642.5782,643.2940,634.6255,639.0790
2014-09-08,643.1348,643.1348,639.4765,641.6238
2014-09-09,644.1686,648.5425,641.7032,641.7032
2014-09-10,638.6814,647.5884,638.2042,647.4293
2014-09-11,650.5309,652.1214,645.2026,647.4293
2014-09-12,652.1213,655.7000,648.9402,652.1213
2014-09-16,646.7135,653.1551,644.2481,652.1213
2014-09-17,652.1214,652.1214,642.8963,642.8963
2014-09-18,650.4512,660.0740,649.4969,658.6425
2014-09-19,658.6426,663.7323,656.6544,660.7898
2014-09-22,664.0504,664.0504,659.4378,663.4142
2014-09-24,656.2567,666.2771,656.2567,664.1299
2014-09-25,669.1401,680.3534,667.6291,680.3534
2014-09-26,676.8296,682.3557,672.9052,680.1132
2014-09-29,684.7583,686.9207,680.0330,683.5569
2014-09-30,683.5570,684.7583,666.3379,670.7428
2014-10-01,668.1799,679.1521,667.2189,674.1866
2014-10-02,662.7339,665.6972,648.9586,651.2011
2014-10-03,646.3158,652.4826,643.9131,651.2813
2014-10-06,664.7363,673.1457,661.0523,668.7408
2014-10-07,672.2644,673.4658,661.0520,663.2945
2014-10-08,640.7095,643.5927,631.8998,641.9909
2014-10-09,648.3981,651.0411,632.7008,633.8220
2014-10-10,622.2893,630.3782,620.7676,625.6530
2014-10-14,607.8733,614.2804,604.9901,608.0334
2014-10-15,607.3126,615.8821,605.3104,614.2003
2014-10-16,592.6563,605.4705,591.2948,599.3036
2014-10-17,601.4660,606.5116,591.4549,592.6562
2014-10-20,608.1936,620.5272,605.7108,616.9232
2014-10-21,620.6874,621.0078,602.7475,604.1891
2014-10-22,617.4837,623.0098,615.0810,622.4492
2014-10-23,616.6829,625.1723,613.4794,621.1678
2014-10-24,652.7228,656.5670,641.1099,643.1922
2014-10-27,650.3203,651.1211,642.5516,644.3937
2014-10-28,644.7140,654.2445,638.6272,638.9476
2014-10-29,644.7140,650.0799,642.3113,644.3135
2014-10-30,655.1256,664.6562,648.1579,657.2079
2014-10-31,665.3769,688.7628,664.7362,688.0420
2014-11-04,716.7937,719.1964,700.7760,703.9796
2014-11-05,702.4580,706.7828,697.4125,705.7417
2014-11-06,708.7850,713.5903,695.9708,699.0942
2014-11-07,706.1420,706.3822,697.7327,699.5747
2014-11-10,692.2066,698.2934,688.0420,696.7717
2014-11-11,700.6159,704.5402,697.6526,703.2588
2014-11-12,705.6613,711.9884,693.6480,695.5702
2014-11-13,693.0075,701.8172,692.2066,701.0164
2014-11-14,712.7093,712.7894,700.9363,710.8672
2014-11-17,705.6615,707.1832,687.2411,688.4424
2014-11-18,700.7760,711.9884,700.7760,708.7849
2014-11-19,712.7894,723.1208,710.8672,715.1920
2014-11-20,716.0730,720.7983,709.6659,715.7527
2014-11-21,715.1920,715.1920,701.8172,711.5079
2014-11-25,720.7983,732.8116,719.1966,732.8116
2014-11-26,729.7683,732.4912,726.7249,729.4479
2014-11-27,726.4043,732.6512,724.0016,725.6034
2014-11-28,725.6836,734.0929,725.6836,734.0128
2014-12-01,736.8160,743.2231,732.0908,736.8961
2014-12-02,732.8116,737.4567,726.7248,734.4934
2014-12-03,738.2576,739.7793,727.4457,729.8483
2014-12-04,740.7404,744.0240,734.0130,743.6236
2014-12-05,743.5433,746.4265,735.2141,746.0261
2014-12-08,751.2320,752.7537,742.1019,746.5869
2014-12-09,736.0150,740.6601,727.6057,730.3287
2014-12-10,718.7159,719.3566,703.5791,711.1875
2014-12-11,699.1744,723.2010,698.5337,719.6771
2014-12-12,713.6703,726.1642,713.5102,717.9150
2014-12-15,703.9795,712.7893,700.7760,704.7804
2014-12-16,700.7761,705.9018,691.1654,693.4079
2014-12-17,690.8450,699.8950,689.8839,691.1653
2014-12-18,707.1830,713.3499,697.8928,698.2932
2014-12-19,722.3200,725.5236,714.3912,724.8027
2014-12-22,726.7247,730.0884,722.6402,726.8048
2014-12-24,737.6168,740.5000,735.2942,737.6168
2014-12-25,734.4133,736.3354,732.0106,733.2920
2014-12-26,736.7359,742.1018,733.8527,740.8204
2014-12-29,743.2230,744.1040,730.1686,739.0584
2014-12-30,735.8549,736.1753,720.8783,721.3589
2015-01-05,721.2785,727.8458,709.0250,721.7591
2015-01-06,707.9840,708.3845,698.8539,699.0141
2015-01-07,691.9663,704.2199,690.6048,698.9340
2015-01-08,704.7805,706.3823,699.7349,700.2955
2015-01-09,703.9797,713.1899,703.6593,707.7438
2015-01-13,698.6135,708.7848,692.8471,708.5446
2015-01-14,707.9039,712.5490,699.3344,699.6547
2015-01-15,693.8884,707.1831,693.5680,704.7804
2015-01-16,692.7672,705.5814,691.2455,705.3411
2015-01-19,708.7848,711.1074,698.7738,704.1397
2015-01-20,706.5425,715.9930,703.0186,715.6726
2015-01-21,717.5145,717.9950,709.0251,712.6291
2015-01-22,708.8651,709.7461,699.5748,707.8240
2015-01-23,714.6313,726.0840,713.8305,725.2031
2015-01-26,717.9952,736.0952,716.5536,734.9740
2015-01-27,736.8160,739.1386,732.0107,736.8160
2015-01-28,726.4045,733.8528,725.6036,731.2098
2015-01-29,725.0428,730.0884,718.7158,720.1574
2015-01-30,723.3611,727.2053,718.4756,718.6358
2015-02-02,702.3779,708.3845,694.6093,702.3779
2015-02-03,706.4624,707.9040,690.6049,692.6872
2015-02-04,696.9319,704.7806,692.2867,694.0486
2015-02-05,621.9689,640.7097,615.2415,625.4928
2015-02-06,631.0188,633.9821,626.2936,630.5383
2015-02-09,637.7462,639.9086,634.0621,639.6683
2015-02-10,640.7095,640.8697,630.6984,634.3024
2015-02-12,640.7096,640.7096,630.7786,632.8609
2015-02-13,632.8609,635.0233,623.4105,626.3737
2015-02-16,623.4905,625.9732,618.6851,619.8064
2015-02-17,619.0855,627.8953,613.4793,624.8519
2015-02-18,631.8998,657.9286,631.1790,656.4069
2015-02-19,660.7317,663.9353,649.6795,651.8419
2015-02-20,660.8918,668.3401,654.4046,666.1777
2015-02-23,675.8684,677.4702,665.2166,668.5002
2015-02-24,665.5370,668.5003,662.4135,663.2945
2015-02-25,656.3269,663.5349,641.5906,657.7685
2015-02-26,649.5994,658.8897,648.7184,658.3290
2015-02-27,661.5325,662.5737,650.8807,655.1254
2015-03-02,654.3247,654.4848,647.1167,647.6773
2015-03-03,648.7182,650.2399,641.6704,643.9930
2015-03-04,640.7097,648.7186,629.3371,645.6752
2015-03-05,644.0734,651.6818,641.5906,651.0411
2015-03-06,650.3201,653.4436,647.5971,649.6794
2015-03-09,645.5147,647.8373,640.7895,644.1532
2015-03-10,647.1167,649.1990,639.1879,642.7119
2015-03-11,635.0232,642.5515,634.3024,640.3891
2015-03-12,638.3869,640.3891,634.3024,638.3869
2015-03-13,640.7096,652.3225,639.5083,649.5193
2015-03-16,649.5193,649.5193,641.1100,641.5104
2015-03-17,653.5237,674.5070,650.7206,669.3012
2015-03-18,666.3379,673.3056,660.2512,665.0565
2015-03-19,664.3358,670.9832,659.1301,662.2535
2015-03-20,662.5738,665.4570,657.5282,665.4570
2015-03-23,672.5048,675.1477,668.8207,669.2211
2015-03-24,669.7016,675.0676,667.2188,671.9441
2015-03-25,672.7450,676.7495,664.7361,672.5048
2015-03-26,668.8208,671.3036,663.4549,664.4159
2015-03-27,676.9199,680.7922,663.1250,670.1435
2015-03-30,672.5635,672.5635,659.1719,668.6106
2015-03-31,676.8392,677.9686,664.0930,664.0930
2015-04-01,661.2696,666.7553,655.5418,658.1234
2015-04-02,661.7536,676.8393,659.7368,670.3855
2015-04-03,666.0292,671.8376,664.8191,670.7083
2015-04-06,662.3990,668.3687,660.1402,666.0292
2015-04-07,667.1586,670.3855,665.3032,667.4006
2015-04-08,668.5302,670.1436,662.5604,664.6579
2015-04-09,663.1250,665.5452,654.3317,657.9620
2015-04-10,657.9619,658.4460,649.6527,651.5081
2015-04-13,649.4107,656.7519,646.3452,653.7670
2015-04-14,652.6377,658.1234,651.9116,657.6393
2015-04-15,650.1369,652.6377,647.0713,651.0242
2015-04-16,647.8780,652.4763,645.7805,652.4763
2015-04-17,648.2813,650.2174,639.7301,640.6174
2015-04-20,636.8259,645.6998,632.6309,644.0057
2015-04-21,646.5065,652.3956,641.8275,651.2662
2015-04-22,668.7720,675.8711,665.0611,675.2258
2015-04-23,678.4526,684.9064,675.9518,679.6627
2015-04-24,679.0981,679.7435,674.1772,674.9839
2015-04-27,674.4193,679.3403,670.7084,676.2747
2015-04-28,677.4846,678.9367,673.2090,675.2258
2015-04-30,670.3048,671.6762,660.7855,660.9468
2015-05-01,657.4780,661.5117,654.2512,660.5436
2015-05-07,661.9956,663.5284,655.2192,657.7200
2015-05-08,658.4460,666.8359,654.2511,663.8511
2015-05-11,670.9504,673.9352,660.1403,664.9806
2015-05-12,661.5923,665.3032,657.8007,665.3032
2015-05-13,665.3032,672.5637,661.1082,671.0309
2015-05-14,673.6125,677.9689,669.5789,676.2747
2015-05-15,685.6325,687.9720,673.9351,677.4846
2015-05-18,680.0663,688.9403,679.1790,687.8109
2015-05-19,690.3921,691.8442,684.7451,685.7131
2015-05-20,691.3604,692.1671,682.6478,683.5352
2015-05-21,682.9703,689.5048,682.5670,684.6645
2015-05-22,688.0526,688.0526,680.3081,685.7131
2015-05-25,685.7132,687.3266,680.9535,682.5670
2015-05-26,679.0174,682.4056,672.1603,673.8544
2015-05-27,674.4192,686.7620,671.4343,681.8410
2015-05-28,686.0361,687.5688,682.0831,684.3419
2015-05-29,684.8258,687.8106,682.4862,685.7131
2015-06-01,681.6797,682.2444,675.2259,681.1150
2015-06-02,683.7772,691.1990,679.5016,682.8091
2015-06-03,678.4528,681.1957,674.0158,678.8561
2015-06-04,679.6628,681.5182,677.3233,681.1956
2015-06-05,676.8395,677.5656,669.9824,673.6126
2015-06-08,677.6460,677.7266,669.6594,671.3536
2015-06-09,668.3687,676.5973,664.9805,665.6259
2015-06-10,668.0460,676.3553,664.9805,666.0292
2015-06-11,672.8057,686.5200,669.9822,676.4360
2015-06-12,684.9066,685.3099,679.5822,681.3570
2015-06-15,677.4041,683.9385,675.6293,679.4209
2015-06-16,678.9368,678.9368,669.8208,671.5150
2015-06-17,675.6292,676.0326,665.2225,668.3687
2015-06-18,667.2393,667.9653,658.8494,660.9468
2015-06-19,667.0781,670.9503,664.7385,666.8360
2015-06-22,665.2225,672.1603,663.2057,669.3368
2015-06-23,672.5636,677.7266,668.2073,677.4846
2015-06-24,679.2595,685.0680,678.4528,680.3890
2015-06-25,675.1451,677.0006,671.6762,674.9031
2015-06-26,670.4663,673.9352,662.4798,669.1755
2015-06-29,652.5570,656.3486,647.1520,651.5889
2015-06-30,651.5083,651.8310,647.5554,650.8629
2015-07-01,653.4442,653.6056,645.3770,645.8610
2015-07-02,650.7821,655.0577,646.9905,647.3132
2015-07-03,651.0243,651.2663,646.3454,648.9269
2015-07-06,643.8444,643.8444,636.6646,638.7621
2015-07-07,643.1989,650.6208,641.9888,645.3771
2015-07-08,642.1503,643.7637,625.2091,625.2091
2015-07-09,612.2210,617.9487,589.8748,616.7386
2015-07-10,617.9486,619.1587,606.7352,610.2848
2015-07-13,616.4966,622.7084,613.9958,618.9974
2015-07-14,630.2108,640.4562,627.0646,630.1301
2015-07-15,629.8075,636.9873,623.9185,624.8058
2015-07-16,629.2427,629.7267,622.5469,625.1284
2015-07-17,626.1773,628.5975,622.7891,625.3706
2015-07-21,633.2763,634.4058,626.2578,630.2914
2015-07-22,626.0159,626.8226,621.1756,621.1756
2015-07-23,622.4663,622.4663,611.4949,615.5285
2015-07-24,610.6881,613.0276,607.6226,608.9940
2015-07-27,605.0412,609.0748,601.8949,606.8966
2015-07-28,602.5403,607.8647,596.5706,602.0563
2015-07-29,598.3453,602.8629,593.6663,594.2310
2015-07-30,627.3066,644.5704,623.6763,632.9536
2015-07-31,639.7302,655.4613,639.7302,648.9269
2015-08-03,649.8142,651.4277,637.7134,640.7789
2015-08-04,636.8259,636.8259,624.8058,629.0007
2015-08-05,624.6444,634.8091,617.9486,628.4360
2015-08-06,633.2763,636.5838,628.4360,628.4360
2015-08-07,625.2091,636.4225,625.2091,634.3250
2015-08-10,634.3250,634.8898,625.5318,634.2444
2015-08-11,636.2612,639.4881,623.4343,626.8226
2015-08-12,620.1269,629.8882,616.4967,620.7723
2015-08-13,613.4310,615.7704,609.0747,614.3184
2015-08-14,613.9957,614.6411,609.3167,613.0276
2015-08-17,615.5285,616.0932,610.1234,611.4949
2015-08-18,610.7687,618.3519,610.7687,613.1082
2015-08-19,610.6882,616.1739,606.5739,606.5739
2015-08-20,603.4277,605.0412,592.9403,599.0714
2015-08-21,586.4864,589.1486,579.2260,581.4041
2015-08-24,560.3486,561.3974,545.6663,548.3285
2015-08-25,524.1269,555.4277,517.5118,527.3538
2015-08-26,527.5960,545.8279,515.5758,542.4397
2015-08-27,557.6866,559.4614,543.9723,545.3438
2015-08-28,559.7033,566.6412,556.6378,562.7689
2015-08-31,559.1387,559.1387,544.6984,550.0228
2015-09-01,543.0043,543.2464,534.4531,534.8564
2015-09-02,522.3522,531.3068,517.6732,521.7068
2015-09-03,529.2093,534.6950,523.7236,523.7236
2015-09-04,523.5623,525.5791,509.8480,514.8497
2015-09-07,509.0411,516.3016,500.9739,509.8478
2015-09-08,510.8967,523.4816,510.0900,510.8967
2015-09-09,525.1758,531.4682,523.6430,528.6447
2015-09-10,513.7203,517.5925,505.9758,512.0262
2015-09-11,501.7809,509.3641,501.2162,506.9439
2015-09-14,510.6547,511.4615,500.1674,500.6514
2015-09-15,505.5725,516.4632,503.6363,503.6363
2015-09-16,510.8966,525.6596,510.4126,520.2546
2015-09-17,524.3690,530.8228,523.1589,525.6597
2015-09-18,520.3355,520.4968,507.5893,517.6733
2015-09-24,507.5084,508.2345,501.3774,501.3774
2015-09-25,500.1673,502.4261,493.7135,501.7808
2015-09-28,505.0391,510.4153,498.8483,501.6993
2015-09-29,489.8065,490.8654,477.0991,482.2309
2015-09-30,488.3402,494.6124,486.3852,489.4806
2015-10-01,502.4325,518.7241,501.0477,511.9631
2015-10-02,502.6767,511.2298,497.3819,507.3198
2015-10-05,514.5697,514.8140,502.8397,506.3424
2015-10-06,514.4066,519.7014,510.9039,511.3112
2015-10-07,518.8868,541.0434,516.5245,537.6221
2015-10-08,537.0520,555.1357,536.5633,542.6726
2015-10-09,549.8410,561.0822,549.4337,560.4305
2015-10-13,560.4305,563.2001,554.6470,558.3126
2015-10-14,549.0264,549.1893,539.2515,542.7542
2015-10-15,534.6082,547.2341,529.8836,543.5685
2015-10-16,546.9083,551.7958,542.9169,550.4110
2015-10-19,549.2706,550.1667,538.5996,542.3467
2015-10-20,542.3467,544.3017,538.2738,542.8355
2015-10-21,541.6952,557.4980,540.6362,555.2172
2015-10-22,548.9449,561.7338,548.7820,551.8774
2015-10-23,567.5174,571.3460,559.1273,560.9193
2015-10-26,605.2323,606.2099,593.8282,595.0501
2015-10-27,593.8282,596.1090,581.7725,585.6824
2015-10-28,585.6825,589.6739,576.3148,582.2612
2015-10-29,571.0200,578.5142,563.7703,568.5763
2015-10-30,570.6127,578.1068,564.6663,572.5677
2015-11-02,563.3628,564.6662,552.7733,561.0005
2015-11-04,575.0928,584.3790,573.3822,576.3961
2015-11-05,579.4916,584.9492,575.9074,580.1432
2015-11-06,583.4831,586.4156,580.7135,584.1347
2015-11-09,589.8368,594.3170,585.4381,594.3170
2015-11-10,589.5108,592.1175,587.5558,591.7916
2015-11-11,587.2299,591.6286,583.9716,585.4379
2015-11-12,586.5784,594.6428,586.0083,593.3395
2015-11-13,582.5869,587.8817,579.5730,586.3340
2015-11-16,571.0201,581.2838,571.0201,579.8176
2015-11-17,590.4069,597.0865,589.4294,591.9547
2015-11-18,595.4574,597.0866,592.6064,593.9912
2015-11-19,599.2859,600.2634,594.8871,595.7832
2015-11-20,594.5613,596.1905,588.2891,594.0726
2015-11-24,592.4434,597.2494,587.3930,595.8646
2015-11-25,590.5699,593.3395,585.0308,590.0812
2015-11-26,590.6513,593.8282,587.6374,590.0812
2015-11-27,589.5109,590.5699,581.2836,582.8314
2015-11-30,585.4381,596.0276,585.1122,591.8732
2015-12-01,598.3898,609.5496,596.6793,607.7575
2015-12-02,609.8754,614.6814,603.5217,605.9655
2015-12-03,602.2185,604.4178,596.5164,602.8701
2015-12-04,592.0361,596.1904,590.7328,593.6652
2015-12-07,600.4262,601.9739,596.8421,599.2043
2015-12-08,600.7520,601.8110,591.9546,592.6877
2015-12-09,590.5699,593.8283,587.4745,589.0222
2015-12-10,578.6771,581.4467,572.1605,579.7361
2015-12-11,572.8120,587.6373,572.2417,584.5419
2015-12-14,566.5397,573.8710,558.8012,565.3179
2015-12-15,562.0596,565.8066,552.7734,552.7734
2015-12-16,564.0146,568.9021,559.7788,565.7252
2015-12-17,575.0928,582.2611,572.8120,572.8120
2015-12-18,572.6491,586.4155,562.9556,564.5848
2015-12-21,554.7282,561.4892,550.8997,558.4753
2015-12-22,558.8014,563.6074,555.7060,562.1411
2015-12-24,566.1324,569.2278,557.3350,557.4979
2015-12-25,557.4979,557.4979,557.4979,557.4979
2015-12-28,549.6780,564.2590,549.5966,558.3940
2015-12-29,553.4250,564.9920,549.8409,562.2225
2015-12-30,565.4810,576.2334,563.1187,563.2816
2016-01-04,559.2086,564.4220,548.2933,551.1443
2016-01-05,550.6555,554.7284,544.2203,548.4561
2016-01-06,548.4561,551.3071,526.2181,531.0241
2016-01-07,526.2997,533.4680,516.6062,517.0135
2016-01-08,509.1934,525.3221,509.1934,515.7100
2016-01-12,507.8900,510.2523,499.6628,499.6628
2016-01-13,509.1120,516.4432,506.0166,514.1624
2016-01-14,496.8934,502.5140,489.2363,500.9662
2016-01-15,507.5642,511.4742,490.6210,492.4945
2016-01-18,478.9725,492.8203,474.4109,489.0733
2016-01-19,485.7335,500.8032,485.4891,498.8482
2016-01-20,499.4184,500.1516,477.3434,477.9136
2016-01-21,477.3435,488.7476,466.1837,466.4281
2016-01-22,484.7560,491.5985,479.8686,490.4581
2016-01-25,504.9575,504.9575,485.1632,486.9553
2016-01-26,480.6018,480.6833,469.6050,471.8858
2016-01-27,479.7872,482.5568,472.4560,477.4249
2016-01-28,474.2480,475.2255,466.0207,466.9982
2016-01-29,464.3102,478.6468,445.6563,477.6693
2016-02-01,493.5535,500.9662,490.7839,491.8429
2016-02-02,488.7475,490.2138,480.6832,482.5568
2016-02-03,471.8856,472.0485,449.3217,452.9059
2016-02-04,407.6969,418.2050,397.6776,417.5533
2016-02-05,409.7333,419.4268,405.7419,416.1685
2016-02-08,407.2896,410.5479,394.4192,403.4610
2016-02-09,382.8522,394.6636,378.8607,379.5124
2016-02-10,379.7568,386.1920,370.7150,375.1137
2016-02-12,355.5638,367.2938,351.0836,351.0836
2016-02-15,373.9733,382.6893,369.0859,379.1866
2016-02-16,379.7568,398.8180,379.5939,390.9980
2016-02-17,388.5543,395.4782,377.4760,383.6668
2016-02-18,390.1834,407.2896,388.0655,399.1438
2016-02-19,395.8854,395.8854,383.1780,386.9251
2016-02-22,383.6668,390.4278,383.0151,388.2284
2016-02-23,391.4053,394.8266,382.6079,383.6668
2016-02-24,375.7654,379.3495,368.7600,374.7064
2016-02-25,374.7064,378.7793,371.6925,377.3945
2016-02-26,390.4278,391.2424,386.1105,387.8212
2016-02-29,405.8234,405.9863,389.2874,389.2874
2016-03-01,386.9251,387.1694,374.1362,378.2091
2016-03-02,390.9980,403.2167,388.1470,401.0988
2016-03-03,404.0313,417.7977,403.8683,413.1546
2016-03-04,416.6572,427.9799,416.3314,423.0109
2016-03-07,427.6541,427.7355,419.6712,421.7077
2016-03-08,420.3229,424.8031,410.7109,418.0421
2016-03-09,410.6293,413.5618,406.8823,411.0366
2016-03-10,417.8791,421.9520,413.9691,420.9745
2016-03-11,413.8062,424.6401,413.3989,423.1738
2016-03-14,430.2607,437.9992,428.1427,436.0442
2016-03-15,439.0581,440.5244,428.7130,431.8899
2016-03-16,430.0978,441.4205,429.9349,433.3561
2016-03-17,438.8138,441.3390,421.6261,427.8984
2016-03-18,423.6626,430.0978,419.6712,424.7216
2016-03-22,430.8309,442.3979,430.5865,435.6369
2016-03-23,436.7773,441.1760,425.0474,425.8620
2016-03-24,423.5812,425.6177,416.3315,418.6123
2016-03-25,419.5897,431.7269,418.1235,430.5051
2016-03-28,433.5190,438.4879,431.8898,438.4879
2016-03-29,440.0531,443.7600,435.3576,439.7236
2016-03-30,440.7121,440.8768,431.3212,432.2274
2016-03-31,436.4285,445.8194,433.2982,433.7924
2016-04-01,428.3556,429.4265,405.7846,407.5969
2016-04-04,404.3842,417.3997,403.7252,408.1736
2016-04-05,401.5835,402.6544,388.6504,390.6275
2016-04-06,388.6504,394.3343,383.5431,389.8036
2016-04-07,389.5565,393.0163,382.1427,385.9320
2016-04-08,378.9300,396.4761,376.0468,391.0393
2016-04-11,388.4033,389.6389,376.6235,384.6964
2016-04-12,387.3325,402.6544,384.2021,401.6659
2016-04-13,410.0682,417.3173,404.8785,415.0931
2016-04-14,424.2369,430.4975,422.5070,430.4975
2016-04-15,429.2618,433.1335,426.3787,428.6028
2016-04-18,406.6083,414.6811,405.2903,413.2808
2016-04-19,421.5185,431.9802,421.0242,431.4860
2016-04-20,436.5933,443.0186,432.1449,434.2867
2016-04-21,443.1834,443.5129,433.5454,438.8175
2016-04-22,433.3806,443.9248,432.5568,443.6776
2016-04-25,445.0780,450.6796,441.6182,449.9382
2016-04-26,443.6777,447.1375,440.3003,444.0895
2016-04-27,442.5243,443.9247,439.3940,442.1948
2016-04-28,447.5493,456.9402,423.6602,424.7311
2016-05-02,401.6658,407.0203,398.3708,401.5835
2016-05-06,401.9954,403.8900,392.1102,397.6295
2016-05-09,400.4303,403.4782,397.1353,398.4533
2016-05-10,380.5775,397.6294,378.9300,395.5700
2016-05-11,397.2175,405.7023,390.5451,391.6983
2016-05-12,389.1446,399.5240,385.1906,399.3593
2016-05-13,401.9953,403.0662,391.6983,392.1926
2016-05-16,382.3074,422.0951,382.3074,406.6084
2016-05-17,412.0452,417.2349,406.7731,410.9743
2016-05-18,411.9628,422.5894,407.0203,418.4706
2016-05-19,424.2368,426.8729,406.6907,408.5854
2016-05-20,406.6908,413.0338,402.4897,411.8805
2016-05-23,408.8325,410.3977,397.1351,407.5145
2016-05-24,405.7846,406.1965,396.1466,397.7117
2016-05-25,403.4781,405.1256,400.2654,402.4072
2016-05-26,406.1141,406.7731,393.5106,394.5815
2016-05-27,397.9589,400.6773,395.0757,398.3708
2016-05-30,402.2424,414.6812,397.3822,412.7042
2016-05-31,412.9514,424.2369,410.6449,421.7656
2016-06-01,421.7656,423.6603,416.4112,417.7292
2016-06-02,416.1640,416.7407,407.0203,408.0088
2016-06-03,407.7617,412.6219,402.0777,404.9609
2016-06-06,395.5701,405.3728,393.5930,405.3728
2016-06-07,407.7616,409.6563,400.9244,407.7616
2016-06-08,409.9035,410.7272,402.9839,410.7272
2016-06-09,407.1850,409.8211,402.4072,404.6314
2016-06-10,406.1965,407.6793,398.0413,399.9359
2016-06-13,387.1676,387.6618,375.8820,375.8820
2016-06-14,374.3170,379.5891,371.6810,374.9760
2016-06-15,372.9989,384.6140,369.9510,380.5775
2016-06-16,378.9300,379.4243,364.5142,366.7384
2016-06-17,370.5277,378.0239,370.5277,376.4587
2016-06-20,385.5202,393.0988,383.1313,387.8267
2016-06-21,383.7079,390.9570,380.5776,389.4742
2016-06-22,385.5201,387.7443,383.7078,384.6140
2016-06-23,387.1676,399.6064,385.5201,398.7003
2016-06-24,410.2330,410.2330,347.2976,357.6770
2016-06-27,355.7824,360.3954,338.4010,345.3206
2016-06-28,334.0350,340.7075,329.5043,338.1538
2016-06-29,344.7440,353.4759,341.8608,351.1693
2016-06-30,357.1003,358.2536,346.3914,349.1922
2016-07-01,351.0869,352.4049,342.1903,343.8378
2016-07-04,340.7075,347.1328,335.2707,346.8033
2016-07-05,345.9796,345.9796,337.3301,340.1309
2016-07-06,333.4584,336.4239,329.5043,336.4239
2016-07-07,335.2707,341.2018,331.1519,332.0580
2016-07-08,335.2707,339.9662,331.5638,332.2228
2016-07-11,332.2228,332.2228,332.2228,332.2228
2016-07-12,356.6885,368.2211,355.8647,360.7249
2016-07-13,378.7653,380.5776,370.1158,373.3285
2016-07-14,373.0813,373.9051,365.4203,370.1158
2016-07-15,374.0699,389.0623,373.3285,384.0374
2016-07-19,389.1446,390.6274,381.2365,387.0852
2016-07-20,387.0029,389.1447,381.7308,387.9914
2016-07-21,395.4052,402.0777,394.9109,398.1236
2016-07-22,393.7577,401.6658,391.6983,400.3478
2016-07-25,401.9953,406.4436,399.7711,400.2654
2016-07-26,391.5336,392.8516,380.4128,384.4492
2016-07-27,388.4856,395.4052,384.9434,392.4396
2016-07-28,389.5565,391.5336,384.0374,384.6140
2016-07-29,384.6140,396.7232,381.4837,392.5221
2016-08-01,374.3994,388.7328,373.7404,386.8382
2016-08-02,380.2480,386.0967,376.8706,377.8591
2016-08-03,369.0449,372.9990,363.9376,364.5966
2016-08-04,364.6790,378.2710,363.3609,376.4587
2016-08-05,385.5201,385.5201,377.2825,380.0833
2016-08-08,390.4627,398.2884,384.9435,397.7941
2016-08-09,400.8421,405.5375,396.4761,404.6314
2016-08-10,404.3842,404.4666,396.5585,399.3593
2016-08-12,400.9245,403.3134,397.7118,402.1601
2016-08-15,398.7003,399.5241,395.3229,396.9704
2016-08-16,398.7003,403.6429,394.3344,394.3344
2016-08-17,391.1217,405.5375,390.7098,403.7253
2016-08-18,399.5241,400.3478,394.3344,394.8286
2016-08-19,397.8765,405.7022,395.6523,403.0662
2016-08-22,409.3268,410.6448,405.7022,407.6793
2016-08-23,399.5240,400.8420,390.7098,393.0163
2016-08-24,392.9340,397.4646,390.5451,391.2864
2016-08-25,387.1676,392.4397,386.4263,391.6983
2016-08-26,392.5221,392.6045,382.7194,383.8726
2016-08-29,392.9340,399.9359,392.1926,396.9704
2016-08-30,396.8880,404.7137,396.3114,398.7003
2016-08-31,402.4072,409.9858,401.3363,408.5854
2016-09-01,409.4916,409.9034,405.3728,407.2674
2016-09-02,405.3728,409.4092,400.1830,408.7502
2016-09-05,415.9992,420.1181,412.7042,412.9513
2016-09-06,415.5874,416.5759,412.1276,415.0931
2016-09-07,407.8441,411.8805,405.2080,411.0567
2016-09-08,409.4093,410.0683,402.1602,405.2081
2016-09-09,398.6179,405.9494,397.8765,403.5605
2016-09-12,397.8765,397.8765,390.7921,393.5929
2016-09-13,395.4877,397.5471,390.2980,393.1812
2016-09-14,391.2040,393.1810,388.6504,389.6389
2016-09-15,387.1676,388.3209,383.7902,385.1082
2016-09-16,387.5795,392.8516,387.5795,391.9454
2016-09-20,387.2500,394.6639,387.1677,389.9684
2016-09-21,387.9914,403.8900,384.3669,403.7253
2016-09-23,397.4648,401.0069,395.5701,398.4533
2016-09-26,395.4053,395.4053,385.9320,387.7443
2016-09-27,383.4607,393.4282,380.0833,393.4282
2016-09-28,394.5961,396.0978,390.0078,393.1779
2016-09-29,398.7673,405.0242,397.0989,402.6883
2016-09-30,394.3459,394.7630,388.0891,390.9255
2016-10-03,388.8399,392.4272,385.0024,387.7554
2016-10-04,390.3416,395.9310,388.4228,394.0956
2016-10-05,403.7728,419.4565,402.2711,419.1228
2016-10-06,426.2973,432.9712,424.9625,428.5498
2016-10-07,427.6322,437.9768,427.6322,437.5597
2016-10-11,441.1468,446.7362,438.9778,438.9778
2016-10-12,430.6354,439.0612,429.8012,432.7210
2016-10-13,434.8899,440.7296,428.5497,430.2182
2016-10-14,429.7177,433.4718,427.7990,432.8044
2016-10-17,433.8055,439.8120,432.6375,436.3916
2016-10-18,435.8911,437.8098,432.4707,436.1414
2016-10-19,428.5498,429.8846,424.2118,427.8824
2016-10-20,426.7979,436.7254,425.7968,436.3083
2016-10-21,437.9767,440.3960,435.8911,437.0591
2016-10-24,437.1425,438.6441,434.3060,435.5574
2016-10-25,439.8954,443.3992,438.8109,440.2291
2016-10-26,439.6452,440.3960,434.9734,438.0601
2016-10-27,435.6408,437.1425,431.5530,433.3050
2016-10-28,435.8911,447.5704,435.7242,443.9832
2016-10-31,455.4958,469.5945,451.6583,466.5078
2016-11-01,466.4244,467.0084,460.5847,466.0907
2016-11-02,460.0841,461.1686,455.7461,456.9974
2016-11-04,448.6550,452.9930,443.3993,446.5694
2016-11-07,456.2466,459.4167,453.1598,457.4145
2016-11-08,460.5012,462.0863,456.1632,457.9985
2016-11-09,463.1709,466.5078,419.4566,424.3786
2016-11-10,466.3409,470.9293,453.9942,469.2608
2016-11-11,474.0161,480.0226,469.4277,470.8459
2016-11-14,475.6009,490.9510,474.6833,490.7841
2016-11-15,492.4527,495.9565,486.3627,489.1992
2016-11-16,500.5448,501.2957,491.2013,491.8687
2016-11-17,487.4472,490.7841,482.6086,490.7841
2016-11-18,499.7105,501.0453,494.6217,495.8730
2016-11-21,499.2934,514.4767,496.2067,511.8071
2016-11-22,512.2242,513.0584,505.5502,507.8861
2016-11-24,515.9783,517.2297,509.8884,513.2253
2016-11-25,513.7257,523.4030,513.2252,516.3953
2016-11-28,513.0585,515.2275,504.3824,515.2275
2016-11-29,508.3032,512.0573,505.8840,509.6381
2016-11-30,512.6413,513.8092,506.3844,508.3032
2016-12-01,518.8981,524.5709,514.3932,516.2285
2016-12-02,519.4821,521.0671,513.3087,518.4810
2016-12-05,516.8123,518.0637,510.0550,514.9770
2016-12-06,523.1527,524.2373,517.4799,520.3163
2016-12-07,524.7377,529.5763,522.5687,529.3260
2016-12-08,537.6686,539.6708,531.1615,539.5873
2016-12-09,539.8376,545.4270,537.5017,543.9254
2016-12-12,550.5994,552.2678,531.3284,536.9178
2016-12-13,525.6554,530.4105,521.2339,529.1592
2016-12-14,533.5809,534.9157,528.7423,530.3274
2016-12-15,538.0857,540.7553,531.7455,535.7499
2016-12-16,541.0889,548.4302,539.8375,547.0120
2016-12-19,540.2546,546.1777,538.9198,543.2579
2016-12-20,543.2580,544.7597,535.9167,539.3371
2016-12-21,542.5072,545.7607,535.0825,537.4183
2016-12-22,532.2460,534.8321,526.8234,534.5818
2016-12-26,537.8354,538.0857,532.0792,533.0803
2016-12-27,528.0749,535.2493,527.8246,531.0781
2016-12-28,535.1658,539.2536,534.9989,538.0022
2016-12-29,534.9990,535.3327,526.1561,527.0737
2016-12-30,525.5721,528.0748,520.7335,527.2405
2017-01-04,537.2513,547.2622,535.4995,547.1788
2017-01-05,558.9418,559.5258,546.5116,549.7651
2017-01-06,542.3404,551.1834,540.7554,547.5962
2017-01-10,546.0110,551.0164,544.0088,544.5093
2017-01-11,549.7651,555.7716,548.1800,554.8539
2017-01-12,551.0164,553.0186,545.2602,548.3469
2017-01-13,545.5104,549.5982,543.5082,548.8474
2017-01-16,545.7606,549.8484,542.3402,544.1755
2017-01-17,542.5905,544.5093,536.7508,537.5851
2017-01-18,529.2428,545.2602,528.4919,543.4249
2017-01-19,550.0153,551.4335,544.5093,548.6805
2017-01-20,548.3467,551.4334,545.8440,549.4312
2017-01-23,542.4238,545.0934,539.3371,541.4227
2017-01-24,540.5885,542.5907,536.7510,537.1681
2017-01-25,547.9298,550.4325,546.3447,548.0966
2017-01-26,554.0197,565.3654,552.6015,562.9461
2017-01-27,564.2808,564.6979,560.8604,561.9449
2017-01-30,556.6892,558.8583,553.6025,557.1898
2017-01-31,547.6793,548.4302,540.2546,540.2546
2017-02-01,530.5774,543.5082,529.8266,540.7552
2017-02-02,559.7759,566.8670,545.3435,547.0120
2017-02-03,550.6827,560.2765,547.6795,551.1833
2017-02-06,557.1898,559.6925,549.1810,554.5202
2017-02-07,549.7651,565.6157,549.5983,560.8605
2017-02-08,558.6079,565.0316,558.3577,564.5311
2017-02-09,533.9145,536.9177,516.7291,519.1484
2017-02-10,529.7433,530.3273,521.1506,523.4031
2017-02-13,525.5722,532.2461,524.2374,531.0781
2017-02-14,535.3327,536.2503,527.4074,527.8245
2017-02-15,536.1671,539.6709,534.4151,534.7488
2017-02-16,537.0846,541.4227,533.5808,536.3339
2017-02-17,529.7434,531.4119,524.4877,526.4899
2017-02-20,521.3175,523.5699,516.7291,522.8191
2017-02-21,522.8192,529.0760,521.1507,528.7422
2017-02-22,532.2460,535.1658,530.1604,531.4117
2017-02-23,532.7466,532.7466,526.5733,528.9091
2017-02-24,527.3239,532.6630,524.9880,528.0747
2017-02-27,517.9806,519.3154,511.3901,514.6437
2017-02-28,518.8147,523.5698,516.1451,516.2285
2017-03-01,522.0683,526.8235,519.0651,526.3230
2017-03-02,536.1669,536.1669,528.9089,529.0758
2017-03-03,526.3230,527.4909,519.3153,522.6523
2017-03-06,520.7335,522.7356,517.6468,518.3141
2017-03-07,519.7324,527.1572,519.3987,526.9904
2017-03-08,526.4063,527.7411,522.5689,524.9047
2017-03-09,527.4909,527.9914,524.2373,527.0737
2017-03-10,527.1572,529.3262,525.3219,525.5721
2017-03-13,524.9881,529.4931,524.2373,528.6588
2017-03-14,531.3283,533.9978,528.9090,531.1614
2017-03-15,529.9935,532.6631,526.5731,532.6631
2017-03-16,528.9090,533.5807,524.9880,529.5764
2017-03-17,523.2361,524.4040,518.4809,521.1505
2017-03-21,519.7324,525.2384,517.9805,523.8202
2017-03-22,517.6467,517.9804,510.0551,510.2220
2017-03-23,505.0497,513.8093,504.7160,512.2242
2017-03-24,509.8048,516.0616,508.4700,514.2263
2017-03-27,507.2187,509.4712,503.9652,506.1342
2017-03-28,509.9718,518.6479,509.9718,518.3976
2017-03-29,524.1350,525.9068,521.2662,523.3756
2017-03-30,523.5444,524.9788,515.9507,516.7944
2017-03-31,519.3257,521.0132,508.3570,508.3570
2017-04-03,508.4414,512.3226,507.0071,509.3695
2017-04-04,506.2477,506.5008,498.4852,503.7164
2017-04-05,507.7663,510.8038,500.8476,502.1976
2017-04-06,493.7602,500.1726,490.5540,494.0977
2017-04-07,495.8696,501.0165,492.0728,494.5196
2017-04-10,495.5321,501.3540,492.5790,499.7509
2017-04-11,496.2070,498.2320,492.1570,497.4726
2017-04-12,493.5915,494.1821,487.3477,489.0352
2017-04-13,482.6226,485.4914,479.6695,484.5632
2017-04-14,480.0914,485.5758,478.9102,483.2133
2017-04-17,482.0321,484.8165,477.8134,483.6353
2017-04-18,488.4446,493.0008,485.0696,488.6133
2017-04-19,487.6853,488.4447,483.7196,485.9978
2017-04-20,484.3946,492.4101,481.6102,488.6977
2017-04-21,494.0976,498.8226,492.4945,495.6164
2017-04-24,503.1257,504.3070,498.2320,498.2320
2017-04-25,495.2790,504.6446,491.1446,503.6321
2017-04-26,510.0444,521.8569,506.3319,521.8569
2017-04-27,517.7226,520.5914,512.4914,519.2414
2017-04-28,521.3506,523.0381,517.4694,518.9881
2017-05-01,520.7600,526.6663,520.0850,526.1600
2017-05-02,526.4976,530.0413,525.0632,526.0757
2017-05-08,536.5382,539.6600,534.0913,536.2007
2017-05-09,536.6225,538.3100,532.4038,534.4288
2017-05-10,537.1287,537.8881,534.5131,535.7787
2017-05-11,537.4663,539.4913,530.1257,532.9944
2017-05-12,532.9944,534.5131,524.5570,527.0038
2017-05-15,552.3161,565.9848,548.5193,558.4755
2017-05-16,562.3567,570.8785,560.8379,569.5285
2017-05-17,572.3129,575.3504,569.1066,570.5410
2017-05-18,558.1380,564.8880,555.6911,559.9943
2017-05-19,559.8255,563.8755,557.4630,561.5974
2017-05-22,566.2379,568.8535,563.0316,568.8535
2017-05-23,568.1785,571.2160,562.2723,563.5379
2017-05-24,565.5631,570.2881,564.0443,569.6130
2017-05-25,567.8411,570.8785,565.5629,568.6848
2017-05-26,567.5879,568.1786,562.8629,565.6473
2017-05-29,565.6473,567.5879,563.1160,563.5379
2017-05-30,563.1160,566.4066,558.8973,565.4785
2017-05-31,562.0192,565.4786,562.0192,564.2130
2017-06-01,566.1536,570.3723,563.9599,569.3598
2017-06-02,574.5910,585.9816,574.4223,583.9566
2017-06-05,588.5128,590.3691,579.4004,579.6535
2017-06-06,578.2192,582.8598,574.5911,575.1817
2017-06-07,574.0005,580.6661,572.5661,579.2318
2017-06-08,581.3410,583.8723,572.0598,573.1567
2017-06-09,571.2160,574.5066,565.8160,572.3129
2017-06-12,567.6724,572.3130,565.8161,567.2505
2017-06-13,565.5631,571.6381,564.4662,571.2162
2017-06-14,572.9879,575.4348,563.2005,564.0443
2017-06-15,561.7661,561.7661,552.8224,556.8724
2017-06-16,564.8036,569.7816,560.8380,562.5255
2017-06-19,559.1506,567.4193,559.0662,564.4662
2017-06-20,571.6379,574.8441,568.3472,568.8535
2017-06-21,568.6849,574.0005,568.0943,572.7349
2017-06-22,572.7349,573.5786,565.4787,565.5630
2017-06-23,569.5286,570.7942,564.8036,568.9379
2017-06-26,566.3223,569.8661,565.6473,566.3223
2017-06-27,577.4598,581.9317,575.1817,579.3160
2017-06-28,576.3628,579.4004,572.9879,574.5910
2017-06-29,580.9190,585.7284,577.7128,582.0159
2017-06-30,577.9660,581.6785,573.4098,581.6785
2017-07-03,581.6785,588.5128,580.9191,585.3066
2017-07-04,587.4161,590.1161,581.8473,584.0411
2017-07-05,584.6315,593.0690,584.3783,591.3815
2017-07-06,597.3722,598.9754,589.8629,590.5379
2017-07-07,586.5723,592.9004,585.8973,589.1879
2017-07-10,593.8285,595.6847,589.8629,591.4660
2017-07-11,594.7566,601.4221,592.6472,600.8315
2017-07-12,600.9160,606.9065,600.7472,602.4347
2017-07-13,607.4972,610.6191,603.9535,606.0629
2017-07-14,613.8253,614.6690,609.7753,610.9565
2017-07-17,610.9565,610.9565,610.9565,610.9565
2017-07-18,612.3064,615.9345,609.1845,615.8502
2017-07-19,615.8502,616.1877,606.7377,609.3533
2017-07-20,610.7879,622.0941,609.1847,621.6722
2017-07-21,620.1533,624.5408,619.6471,622.3470
2017-07-24,615.9346,620.4065,612.4753,618.7190
2017-07-25,619.3094,621.2500,614.2469,614.9219
2017-07-26,622.0938,622.0938,610.1970,612.3907
2017-07-27,609.7752,620.5751,609.2689,614.8376
2017-07-28,615.0908,616.4408,604.3752,608.4252
2017-07-31,632.8095,644.0313,626.0595,640.9094
2017-08-01,639.8127,640.4033,617.7909,622.0940
2017-08-02,623.6127,628.0002,617.8753,625.0471
2017-08-03,625.4690,631.7971,621.9253,627.4096
2017-08-04,625.7221,627.1565,621.3347,623.3596
2017-08-07,625.4690,626.0596,620.6596,622.0940
2017-08-08,619.4784,619.9846,613.9096,616.3565
2017-08-09,611.4629,613.9097,604.5442,611.6317
2017-08-10,608.6785,612.3066,604.6284,606.6534
2017-08-11,606.6534,606.6534,606.6534,606.6534
2017-08-14,606.9066,614.4159,602.0128,608.0878
2017-08-15,611.9689,617.8752,607.6659,611.8846
2017-08-16,615.9347,617.0315,612.6441,613.1503
2017-08-17,611.7158,614.5846,609.5221,612.8971
2017-08-18,605.8095,608.1720,601.0845,604.3751
2017-08-21,607.4972,608.0879,603.0254,604.9660
2017-08-22,605.3878,609.5222,603.0253,608.9315
2017-08-23,614.2472,617.3691,611.8003,612.8128
2017-08-24,609.1847,609.9441,605.1347,605.3878
2017-08-25,607.2441,609.4378,601.2534,606.6534
2017-08-28,609.1003,610.7878,605.9785,608.2566
2017-08-29,603.6159,612.9815,603.5315,610.8721
2017-08-30,619.5627,630.9533,617.2846,628.0846
2017-08-31,641.3312,645.4656,634.8344,638.7156
2017-09-01,641.2470,643.9470,633.3158,636.1846
2017-09-04,631.9659,632.4721,623.9503,626.0596
2017-09-05,627.4940,628.1690,619.7315,621.5034
2017-09-06,616.8628,627.2409,616.3565,625.0471
2017-09-07,625.1316,627.7472,619.8159,620.0691
2017-09-08,621.7564,626.2282,620.2376,622.5157
2017-09-11,628.0002,633.7377,627.7471,629.2658
2017-09-12,635.1719,637.7032,632.3876,637.2813
2017-09-13,649.6845,659.6407,648.5033,658.2064
2017-09-14,653.9875,657.6157,649.8532,651.6251
2017-09-15,648.8407,662.5937,648.0813,660.3156
2017-09-18,660.3156,660.3156,660.3156,660.3156
2017-09-19,666.5595,670.7782,665.0407,669.1750
2017-09-20,665.5468,670.1874,663.2687,669.9343
2017-09-21,673.3093,677.2749,668.4999,669.2593
2017-09-22,673.3093,674.3218,664.2812,667.7406
2017-09-25,671.1157,674.2375,665.8001,667.4032
2017-09-26,662.3406,663.1844,656.8563,661.5812
2017-09-27,663.7948,666.4339,660.4745,666.0082
2017-09-28,676.6502,678.0975,670.4354,674.7772
2017-09-29,671.3718,675.9691,669.9245,675.0326
2017-10-02,675.5433,684.6527,675.2028,683.8014
2017-10-03,686.1000,695.5499,686.1000,692.0594
2017-10-04,692.0595,695.7203,683.5460,693.8473
2017-10-05,693.8474,693.8474,687.4623,689.8461
2017-10-06,693.8473,695.7203,688.3135,691.3784
2017-10-09,691.3784,691.3784,691.3784,691.3784
2017-10-10,690.9526,697.4229,690.1013,697.4229
2017-10-11,696.5716,696.9972,691.4635,696.6567
2017-10-12,698.1040,703.2121,693.2513,696.7419
2017-10-13,701.5096,709.1717,700.0623,708.6609
2017-10-16,715.1309,725.6025,715.0458,721.1755
2017-10-17,727.9012,727.9863,716.3229,720.4944
2017-10-18,723.6444,728.0714,720.5796,727.1349
2017-10-19,730.4553,730.7959,725.3472,728.0715
2017-10-20,727.3053,730.4553,724.5810,730.1147
2017-10-23,732.2430,742.1186,732.1579,738.9686
2017-10-24,732.3281,736.6700,729.4335,735.9889
2017-10-25,738.1172,739.4794,731.2214,733.5200
2017-10-26,727.9011,735.5632,710.7039,734.5416
2017-10-27,744.9281,747.9079,735.7336,747.4822
2017-10-30,753.4415,764.8495,753.3564,764.8495
2017-10-31,757.6984,766.2118,757.1876,763.6578
2017-11-01,769.5321,773.6185,766.3821,773.1077
2017-11-02,771.9158,772.1712,761.6997,763.6578
2017-11-03,763.6578,763.6578,763.6578,763.6578
2017-11-06,766.1266,766.2117,751.3982,754.3779
2017-11-07,761.5292,767.2332,757.1022,766.0413
2017-11-08,761.1037,764.5942,755.3146,764.5091
2017-11-09,765.3605,768.6808,743.9065,757.1024
2017-11-10,747.5672,755.8253,745.9497,752.0794
2017-11-13,749.1848,751.5686,743.6511,743.9916
2017-11-14,743.6511,749.3552,741.9485,745.6944
2017-11-15,738.7985,739.1390,722.6229,725.9432
2017-11-16,723.6443,731.4767,721.7713,729.2631
2017-11-17,738.2024,741.3524,727.5605,729.5187
2017-11-20,723.6443,729.2632,716.8336,718.3660
2017-11-21,729.6038,730.6254,719.5579,720.2390
2017-11-22,730.4550,732.0726,725.3469,727.0496
2017-11-23,727.0496,727.0496,727.0496,727.0496
2017-11-24,718.1106,720.4944,714.4498,719.6430
2017-11-27,719.6430,723.5592,716.4930,716.5782
2017-11-28,715.8119,716.0673,705.0850,708.4904
2017-11-29,717.6000,718.0257,712.9176,717.0041
2017-11-30,712.5769,713.5985,702.5310,710.1931
2017-12-01,716.5782,718.1957,706.3620,711.6404
2017-12-04,715.1309,716.5782,705.6810,706.1918
2017-12-05,693.4216,711.9809,692.5702,710.4485
2017-12-06,706.1917,706.6174,695.8905,698.6999
2017-12-07,707.8945,719.0471,704.9148,718.2809
2017-12-08,721.0904,725.6877,719.7283,724.1552
2017-12-11,727.9011,729.9443,724.1551,729.3484
2017-12-12,729.9444,733.0092,724.3255,726.1133
2017-12-13,725.3470,725.8578,712.4917,714.6201
2017-12-14,710.9593,721.4309,710.9593,715.8972
2017-12-15,710.8743,712.4067,699.3811,700.9135
2017-12-18,710.4485,723.4741,708.4053,723.3038
2017-12-19,723.8998,745.3538,723.8998,743.9916
2017-12-20,743.6512,760.5930,743.4809,760.0822
2017-12-21,759.4010,761.6996,750.2064,756.0807
2017-12-22,751.8240,761.3591,751.0578,760.7631
2017-12-25,758.5496,759.5712,755.8253,757.5280
2017-12-26,756.0806,756.9320,753.4415,756.1658
2017-12-27,753.3564,757.2726,749.2699,751.1429
2017-12-28,749.2699,752.3348,744.6727,746.2902
2017-12-29,747.4821,752.4199,746.0348,747.3970
2018-01-01,747.3970,747.3970,747.3970,747.3970
2018-01-02,747.3970,747.3970,747.3970,747.3970
2018-01-03,747.3970,747.3970,747.3970,747.3970
2018-01-04,760.2523,760.8482,752.8455,758.1239
2018-01-05,760.1673,769.1915,759.5713,763.3172
2018-01-08,763.3172,763.3172,763.3172,763.3172
2018-01-09,774.7253,778.8970,772.2564,776.8537
2018-01-10,776.4278,781.3656,771.4900,781.1102
2018-01-11,775.6617,778.3860,770.1279,778.3860
2018-01-12,778.3859,779.2373,769.7873,771.5751
2018-01-15,778.9820,791.4116,778.9820,791.2414
2018-01-16,792.1777,793.7953,780.1738,787.8359
2018-01-17,781.7062,781.7913,773.3630,777.7900
2018-01-18,786.8144,794.0509,780.6847,781.3658
2018-01-19,791.7521,795.4980,789.0278,792.4332
2018-01-22,789.6237,794.2209,786.3886,794.2209
2018-01-23,797.0303,803.8411,792.8587,800.2654
2018-01-24,793.4548,795.8385,786.9845,789.2831
2018-01-25,778.9819,785.9630,777.7900,781.6211
2018-01-26,788.5171,792.5185,781.4510,783.2388
2018-01-29,778.9819,779.6630,767.3185,769.6171
2018-01-30,767.1482,767.6590,747.9929,751.0577
2018-01-31,740.7564,758.5495,734.7118,737.6064
2018-02-01,756.8469,763.6577,746.5456,762.8063
2018-02-02,763.4023,765.4455,747.9929,752.3348
2018-02-05,736.5850,744.2471,729.9445,730.1147
2018-02-06,688.4838,698.7851,681.6730,696.7419
2018-02-07,721.6011,721.9417,691.6338,691.7189
2018-02-08,696.4012,703.9782,691.1229,703.5526
2018-02-09,680.3961,686.9515,671.7124,684.9083
2018-02-12,684.9083,684.9083,684.9083,684.9083
2018-02-13,699.4662,704.8297,685.1636,687.7176
2018-02-14,692.9960,701.3392,677.5866,681.9285
2018-02-15,691.2933,696.7419,685.0785,689.1649
2018-02-16,694.6987,700.2324,691.7190,693.1663
2018-02-19,698.1040,710.7039,696.3162,710.6188
2018-02-20,710.8742,714.0242,703.0418,706.7878
2018-02-21,708.2350,708.2350,698.1891,700.4026
2018-02-22,702.3606,705.0850,695.1242,702.0201
2018-02-23,699.3811,710.0229,698.6148,707.8945
2018-02-26,711.9809,714.8755,703.9783,704.4891
2018-02-27,715.3864,725.1769,715.3864,721.8567
2018-02-28,719.3877,724.6660,688.7392,696.4013
2018-03-01,700.1471,706.7876,694.0174,698.3593
2018-03-02,681.5879,685.3339,678.6082,681.0771
2018-03-05,672.7339,673.9257,660.9853,663.6245
2018-03-06,679.3744,683.5461,669.9245,671.0312
2018-03-07,664.2204,674.1812,659.6231,659.7083
2018-03-08,667.1151,671.3718,661.6665,662.6881
2018-03-09,671.2015,680.2257,668.7326,673.2447
2018-03-12,687.9729,692.7405,685.7594,688.9094
2018-03-13,685.3337,698.5295,683.3756,698.3593
2018-03-14,687.0364,688.9093,681.2472,682.4391
2018-03-15,680.9919,684.0567,673.5851,679.5446
2018-03-16,675.8838,680.4810,672.0527,672.3932
2018-03-19,670.0095,673.0744,663.4542,668.3920
2018-03-20,664.0502,668.3070,659.9638,667.2853
2018-03-21,667.2853,667.2853,667.2853,667.2853
2018-03-22,671.7973,676.0541,666.6892,675.3730
2018-03-23,657.8353,660.3042,647.1083,648.7259
2018-03-26,633.4867,644.8948,627.1868,643.7029
2018-03-27,654.4300,667.3705,653.0678,667.1151
2018-03-28,657.3094,664.9645,648.3641,664.3625
2018-03-29,665.7388,667.8891,650.0845,656.3634
2018-03-30,666.5990,667.8892,660.1480,662.9865
2018-04-02,666.0829,669.6954,661.5242,661.5242
2018-04-03,652.8369,659.0298,646.9880,656.6215
2018-04-04,656.2775,657.5677,641.0532,643.3755
2018-04-05,653.6971,662.0404,651.2888,659.0299
2018-04-06,658.9436,663.9324,657.1374,658.0835
2018-04-09,657.9116,664.8787,653.9550,662.8143
2018-04-10,658.8578,668.9213,656.1914,665.9108
2018-04-11,678.0386,681.0490,672.3618,672.5338
2018-04-12,669.6094,672.7058,664.1906,667.3730
2018-04-13,670.8995,678.4686,670.5554,676.3183
2018-04-16,673.1359,675.6303,667.1150,672.6198
2018-04-17,674.9421,674.9421,662.9004,665.7388
2018-04-18,669.1794,673.6521,662.6425,672.2759
2018-04-19,678.7268,688.2743,675.2863,678.8989
2018-04-20,678.8127,680.3609,673.3079,679.5008
2018-04-23,685.5217,693.5209,685.4357,689.3923
2018-04-24,705.3046,713.9059,701.0040,713.1318
2018-04-25,705.3906,705.7347,690.6825,696.5313
2018-04-26,700.2300,701.8643,695.3273,695.7574
2018-04-27,688.1020,694.3809,684.3174,689.4781
2018-04-30,689.4781,689.4781,689.4781,689.4781
2018-05-01,720.7870,736.0973,708.1431,731.3666
2018-05-02,737.9897,747.4511,736.3554,743.4084
2018-05-03,743.4084,743.4084,743.4084,743.4084
2018-05-04,743.4084,743.4084,743.4084,743.4084
2018-05-07,743.4084,743.7525,728.5282,739.2798
2018-05-08,739.1077,747.9670,735.9252,737.9895
2018-05-09,740.5700,751.4936,740.3979,743.8384
2018-05-10,744.0105,749.0853,737.0435,743.4084
2018-05-11,745.8167,750.8914,744.5265,750.5474
2018-05-14,744.0105,748.8272,740.6559,747.8810
2018-05-15,749.6014,749.8594,740.8281,743.4084
2018-05-16,740.5700,741.5161,732.3128,732.9149
2018-05-17,737.9895,739.3657,731.6246,731.6246
2018-05-18,731.1085,731.3665,722.8512,728.4421
2018-05-21,726.8937,727.4958,721.6470,724.8295
2018-05-22,722.5072,723.0232,713.4758,715.7122
2018-05-23,714.3360,718.5506,705.4767,706.0788
2018-05-24,701.9501,703.2403,694.7251,698.5096
2018-05-25,696.4454,709.4333,694.8112,705.0467
2018-05-28,705.3046,712.0136,704.9605,710.2073
2018-05-29,707.3690,707.5410,694.5531,700.3159
2018-05-30,686.3819,689.1343,679.2429,683.2855
2018-05-31,688.1882,690.5105,681.2212,685.1777
2018-06-01,679.5009,685.0917,676.2324,680.5330
2018-06-04,686.4678,693.5208,686.0377,689.0482
2018-06-05,694.9832,695.2412,684.4896,686.2098
2018-06-06,693.8649,710.6374,693.3488,707.6270
2018-06-07,713.8199,721.8191,713.3038,717.9485
2018-06-08,713.9918,717.6044,708.3150,709.2611
2018-06-11,708.4012,712.9599,705.8208,709.4333
2018-06-12,719.0667,720.3568,704.7886,711.4115
2018-06-13,710.9815,719.8409,710.5515,717.6906
2018-06-14,713.0457,713.3038,702.8962,702.9822
2018-06-15,707.1108,707.7129,700.4019,703.4984
2018-06-18,696.7035,697.3916,680.1030,681.9953
2018-06-19,687.6722,687.8443,675.2864,675.7164
2018-06-20,676.3183,681.1350,666.6848,676.1462
2018-06-21,675.6302,682.2532,672.0177,677.0925
2018-06-22,664.1907,675.1144,663.1586,673.4801
2018-06-25,676.0605,681.3933,671.0717,672.2759
2018-06-26,669.0073,675.4583,665.7389,670.1255
2018-06-27,671.3296,673.3939,659.4598,660.8360
2018-06-28,658.7716,664.9645,657.1374,664.1904
2018-06-29,665.3089,673.0500,663.2445,672.2759
2018-07-02,671.3295,679.5008,660.3199,660.6639
2018-07-03,663.9326,665.2228,654.6432,661.7823
2018-07-04,658.5136,660.1479,649.7404,652.8368
2018-07-05,653.4390,656.1914,646.0418,647.2460
2018-07-06,651.1166,655.4172,649.6543,652.6648
2018-07-09,653.6969,664.7066,652.4927,663.8464
2018-07-10,676.9204,684.4895,675.0281,679.6729
2018-07-11,672.7060,673.3941,658.3419,670.8137
2018-07-12,671.5877,676.8345,668.7493,672.0178
2018-07-13,675.9743,679.8449,672.9639,677.5225
2018-07-16,677.5225,677.5225,677.5225,677.5225
2018-07-17,680.8772,686.8121,674.3402,681.7373
2018-07-18,688.7902,690.1664,680.7050,681.8232
2018-07-19,688.6181,692.2307,685.0916,686.8119
2018-07-20,686.8118,689.3922,679.9308,684.3174
2018-07-23,678.3826,683.9735,676.4903,680.4469
2018-07-24,681.2212,682.8554,674.2542,682.0813
2018-07-25,688.7902,693.0048,683.2854,684.5756
2018-07-26,690.1666,696.0154,686.8980,695.7574
2018-07-27,696.2734,697.5636,691.0266,696.8755
2018-07-30,705.3046,708.7451,690.5104,690.7684
2018-07-31,688.9623,689.2203,669.0073,669.6954
2018-08-01,681.2211,683.1994,667.8032,670.3835
2018-08-02,662.2981,669.0071,652.3207,655.4171
2018-08-03,655.4172,657.4815,650.5144,651.7186
2018-08-06,652.6648,657.7396,649.0522,650.4285
2018-08-07,651.5467,660.0620,650.5145,659.8039
2018-08-08,666.5989,674.3401,665.1367,668.9213
2018-08-09,663.1584,664.0185,653.4390,659.7179
2018-08-10,656.2774,656.6214,645.6978,646.6439
2018-08-13,641.1392,643.3755,628.4093,628.4093
2018-08-14,635.4622,639.5908,629.0112,638.8167
2018-08-15,651.1168,651.5468,632.1080,634.7744
2018-08-16,626.4309,634.7742,615.8514,629.7855
2018-08-17,635.2904,635.4624,621.0983,623.5067
2018-08-20,619.7220,627.4631,619.7220,626.1729
2018-08-21,622.3884,623.8507,616.1095,616.7116
2018-08-22,618.2598,625.9149,618.2598,624.4527
2018-08-23,624.0226,624.5386,615.4213,616.7975
2018-08-24,620.9261,621.0981,615.0772,617.6576
2018-08-27,619.7220,628.4953,619.3779,626.5170
2018-08-28,629.6134,635.9784,628.3233,628.9254
2018-08-29,631.5058,637.2686,631.5058,632.7099
2018-08-30,639.9350,640.8812,627.0331,628.4093
2018-08-31,623.7646,628.3233,617.9158,624.0226
2018-09-03,621.3562,623.5065,615.3353,615.8513
2018-09-04,614.8193,615.1633,608.1963,611.6368
2018-09-05,608.3683,613.6151,605.2718,610.7766
2018-09-06,606.3900,610.4326,605.4439,605.4439
2018-09-07,602.8635,603.3795,595.2943,602.6054
2018-09-10,600.6272,612.0669,598.8210,608.1964
2018-09-11,611.1206,621.6142,609.8305,619.7219
2018-09-12,627.4632,627.4632,608.8845,612.2390
2018-09-13,611.6368,621.7864,607.6802,618.0018
2018-09-14,614.2171,630.3875,613.9591,629.9575
2018-09-17,629.9575,629.9575,629.9575,629.9575
2018-09-18,629.0114,633.6561,620.2380,630.1295
2018-09-19,639.5048,647.6760,638.2146,642.6873
2018-09-20,650.3424,652.0627,643.2894,650.9445
2018-09-21,657.5675,665.0506,656.8794,663.8464
2018-09-24,663.8464,663.8464,663.8464,663.8464
2018-09-25,658.8578,669.0933,655.5893,669.0073
2018-09-26,664.8701,672.9720,662.1120,671.2482
2018-09-27,672.2825,676.5920,661.5949,664.8702
2018-09-28,671.0758,674.0063,660.9054,665.3873
2018-10-01,669.6967,669.6967,658.8368,660.2158
2018-10-02,670.5586,670.5586,657.6301,660.9053
2018-10-03,657.2853,662.9739,652.2863,652.2863
2018-10-04,664.3530,668.6625,654.0102,655.2169
2018-10-05,655.0444,657.4577,651.5968,654.5273
2018-10-08,654.5273,654.5273,654.5273,654.5273
2018-10-09,644.7016,646.4254,626.6016,629.3597
2018-10-10,629.5322,633.4969,622.2922,629.0150
2018-10-11,602.6410,608.5019,599.5381,604.1924
2018-10-12,599.0209,604.1924,595.0562,603.6752
2018-10-15,599.3655,601.2617,591.6084,592.8151
2018-10-16,597.6419,598.5038,591.6086,597.8143
2018-10-17,605.0543,606.6057,595.7457,605.0543
2018-10-18,605.0543,609.0190,599.8829,601.0895
2018-10-19,590.0572,593.3325,587.6439,590.0572
2018-10-22,580.5764,590.2297,578.3354,587.4716
2018-10-23,584.1963,585.2306,571.4402,572.9916
2018-10-24,575.9219,577.4733,566.6134,569.1991
2018-10-25,552.1335,557.4773,548.8583,549.5478
2018-10-26,561.6144,567.6477,553.6850,561.2697
2018-10-29,547.8239,568.6819,547.3068,557.8220
2018-10-30,553.8573,591.2638,553.3401,589.1952
2018-10-31,596.9523,599.0209,589.1952,596.7800
2018-11-01,602.2962,607.8123,594.7114,596.4352
2018-11-02,604.1924,613.1562,597.4696,609.0190
2018-11-05,604.8818,610.7427,601.9514,605.2266
2018-11-06,601.2618,606.4332,595.2285,601.2618
2018-11-07,602.4686,614.5352,600.0553,607.1229
2018-11-08,624.7055,626.6017,616.4313,617.1208
2018-11-09,614.0179,615.0522,596.9522,597.4694
2018-11-12,590.4020,599.8829,588.1611,597.6420
2018-11-13,579.5420,583.5067,569.7163,581.6105
2018-11-14,578.1628,585.5752,577.9904,580.7485
2018-11-15,577.4734,584.1963,576.6115,580.4039
2018-11-16,583.8515,586.7819,575.5772,580.2315
2018-11-19,578.5076,581.6105,569.8886,571.6124
2018-11-20,555.2364,556.6154,549.7202,555.0640
2018-11-21,547.3070,563.1660,545.7556,561.9593
2018-11-22,564.2001,564.5449,554.7192,562.6487
2018-11-23,562.6487,562.6487,562.6487,562.6487
2018-11-26,560.7524,561.4420,553.6849,557.4772
2018-11-27,561.0974,573.6811,559.5459,569.0269
2018-11-28,566.4411,566.6134,559.2011,564.8896
2018-11-29,574.8878,578.6802,568.5097,569.0269
2018-11-30,566.6135,570.4058,563.3382,566.7858
2018-12-03,578.1629,595.5733,577.3010,590.2296
2018-12-04,587.9885,589.5399,567.4753,567.6476
2018-12-05,558.6841,570.5783,557.9946,564.2002
2018-12-06,558.8565,559.3736,548.8584,553.1679
2018-12-07,560.4078,564.5449,552.8231,555.4088
2018-12-10,542.6525,571.4400,536.9640,560.9248
2018-12-11,571.2677,572.9915,546.6173,551.6163
2018-12-12,561.2696,577.6457,557.8220,568.8543
2018-12-13,574.3706,582.3000,560.7525,565.9239
2018-12-14,563.5106,569.3715,557.1325,560.5801
2018-12-17,559.5460,568.8545,550.4098,555.2365
2018-12-18,545.4107,550.4097,539.5498,540.9288
2018-12-19,534.0336,538.6878,523.1736,538.1707
2018-12-20,531.1032,540.0669,522.4842,525.4146
2018-12-21,525.4147,528.6899,515.2443,518.8643
2018-12-24,518.8643,518.8643,518.8643,518.8643
2018-12-25,489.5596,492.3177,481.0267,481.2853
2018-12-26,485.9396,495.0758,477.0621,486.4568
2018-12-27,510.7622,510.9346,499.3852,507.2285
2018-12-28,497.4028,511.6241,494.6447,506.0218
2018-12-31,506.0218,506.0218,506.0218,506.0218
2019-01-04,486.9739,493.4381,481.3715,492.8348
2019-01-07,511.6242,521.1051,511.1932,518.3470
2019-01-08,525.2423,528.3451,520.4156,524.0356
2019-01-09,530.5860,539.0326,528.5174,533.3441
2019-01-10,530.9307,535.7573,527.3107,530.9307
2019-01-11,541.2737,580.0593,534.5509,576.7841
2019-01-15,576.6116,617.6381,572.8192,617.6381
2019-01-16,618.4999,618.8447,591.0915,601.4343
2019-01-17,607.1227,617.4655,597.9866,600.2275
2019-01-18,588.1609,605.9160,587.6437,599.0208
2019-01-21,599.3656,604.7093,594.5389,599.0208
2019-01-22,600.3998,602.1236,590.9189,594.7113
2019-01-23,594.1945,594.1945,584.3688,584.3688
2019-01-24,583.5067,590.7466,581.2657,584.1962
2019-01-25,581.2659,586.7820,579.1973,582.8173
2019-01-28,584.0238,596.0904,581.9552,590.7466
2019-01-29,578.6801,586.6095,575.2325,581.0934
2019-01-30,577.4735,584.8858,577.4735,582.8173
2019-01-31,596.0904,598.3313,583.5066,588.3333
2019-02-01,589.1951,593.1599,580.4038,583.6790
2019-02-04,604.1924,617.9828,603.3305,607.6400
2019-02-05,607.6400,608.1571,588.3334,591.2639
2019-02-06,597.2972,612.4666,594.5391,610.0533
2019-02-07,611.4323,616.0865,599.1933,603.8475
2019-02-08,591.7810,594.5391,577.8182,580.0591
2019-02-12,587.4715,593.5048,580.5763,590.2296
2019-02-13,586.7820,596.2629,584.5410,594.5391
2019-02-14,594.5391,600.5724,590.7467,593.1600
2019-02-15,586.4373,590.0572,580.0592,583.5068
2019-02-18,592.1258,605.9162,592.1258,605.3990
2019-02-19,602.6409,604.5371,599.7104,602.9857
2019-02-20,603.3304,604.1923,595.5733,600.2275
2019-02-21,593.1600,603.6752,592.9876,599.7104
2019-02-22,590.4018,595.9180,586.4371,595.0561
2019-02-25,600.5724,604.5372,595.4010,603.3305
2019-02-26,604.8819,606.6057,595.9181,598.5038
2019-02-27,595.7457,597.8142,590.0571,591.7809
2019-02-28,585.5755,586.9545,573.5089,574.8879
2019-03-01,581.7831,582.8174,574.7155,576.4393
2019-03-04,586.0924,589.5400,581.2658,584.8857
2019-03-05,574.8877,579.5420,571.9572,572.3020
2019-03-06,574.7152,576.6114,571.6124,571.6124
2019-03-07,563.6831,566.4412,554.2022,557.3050
2019-03-08,542.8250,553.5126,541.1012,543.6869
2019-03-11,543.6871,576.0946,543.6871,574.5431
2019-03-12,580.4040,603.1581,580.4040,597.9867
2019-03-13,586.9542,588.6780,577.8181,581.7828
2019-03-14,580.2316,591.9534,580.2316,583.5068
2019-03-15,587.2991,589.0229,584.3687,585.0582
2019-03-18,586.9543,592.4705,585.5753,589.0229
2019-03-19,603.3304,620.7408,595.4009,615.9141
2019-03-20,605.0542,623.1541,603.8475,622.2922
2019-03-22,627.6361,647.1150,623.6713,626.2570
2019-03-25,603.3305,609.8810,598.6762,606.4333
2019-03-26,606.4332,618.6722,604.3647,616.2589
2019-03-27,607.5177,621.1541,606.9933,620.4548
2019-03-28,618.3569,620.2800,612.4128,616.7834
2019-03-29,626.0491,632.1680,623.7764,626.7484
2019-04-01,630.7694,647.2030,630.7694,640.2100
2019-04-02,652.7973,656.1190,648.4267,650.5246
2019-04-03,656.4688,661.7136,654.5457,658.3919
2019-04-04,663.4618,665.3849,649.1261,650.1750
2019-04-05,648.6015,660.8393,647.3777,659.9651
2019-04-08,664.1610,665.0352,649.1261,651.9233
2019-04-09,647.3777,652.9722,642.8323,651.3987
2019-04-10,641.9583,645.6296,636.8884,644.7555
2019-04-11,638.6365,640.7344,630.5946,638.6365
2019-04-12,636.1892,638.4619,631.8186,633.3920
2019-04-15,645.9792,649.6506,638.2869,638.9862
2019-04-16,638.1120,647.2029,635.6644,646.8532
2019-04-17,659.0911,661.3638,653.3219,657.5177
2019-04-18,663.9862,665.7345,641.4338,643.3569
2019-04-19,645.9792,647.3778,635.4897,637.2380
2019-04-22,633.0421,639.8603,629.5456,637.5876
2019-04-23,642.4827,643.5317,635.6645,638.2869
2019-04-24,643.0073,643.7066,625.8744,629.1961
2019-04-25,633.3916,644.2308,633.2169,641.0840
2019-04-26,632.8673,646.8533,631.4687,644.9302
2019-05-07,670.2799,673.9513,658.3918,668.5317
2019-05-08,656.8183,656.8183,643.1819,646.8532
2019-05-09,641.2589,649.6505,637.5876,644.0561
2019-05-10,643.5317,658.0421,638.6365,643.8813
2019-05-13,645.4548,652.9723,642.3079,647.9023
2019-05-14,623.4267,654.5456,622.3777,651.3987
2019-05-15,663.1121,668.7065,647.2030,668.5317
2019-05-16,664.3359,664.3359,649.6506,659.7904
2019-05-17,660.6645,663.8114,650.8742,652.9722
2019-05-20,647.7276,648.4269,638.2870,645.6296
2019-05-21,644.7554,650.0002,637.7624,649.3009
2019-05-22,654.3708,656.1190,639.5106,640.7344
2019-05-23,634.0912,637.5878,622.3779,629.1961
2019-05-24,620.8043,634.2658,614.6854,633.2169
2019-05-27,634.6156,647.3778,634.6156,646.1541
2019-05-28,651.3989,666.9583,650.8744,663.2870
2019-05-29,655.5947,660.8394,651.7485,658.7415
2019-05-30,648.9512,655.5946,646.1540,648.0771
2019-05-31,647.7274,648.7763,640.7344,644.4057
2019-06-03,633.5667,648.6017,633.3918,648.4268
2019-06-04,650.1751,659.0912,648.9513,659.0912
2019-06-05,668.7066,669.5807,660.3150,662.4129
2019-06-06,662.7625,665.7345,660.8394,664.3359
2019-06-07,662.9372,671.8532,662.7624,670.8043
2019-06-10,684.0910,699.8253,683.7414,698.6016
2019-06-11,704.7205,715.2101,703.3219,707.1681
2019-06-12,701.0492,712.2380,698.9512,699.3009
2019-06-13,699.3010,700.1751,687.7625,693.1821
2019-06-14,700.8744,702.4478,696.1542,700.1751
2019-06-17,692.6575,695.6295,688.9862,693.5316
2019-06-18,693.5318,693.7066,681.1192,683.7416
2019-06-19,692.3078,702.0980,689.3358,693.5316
2019-06-20,697.0281,698.2519,685.3148,694.0561
2019-06-21,690.5595,696.8532,682.6924,687.9371
2019-06-24,683.5667,692.6576,682.8674,690.3849
2019-06-25,689.1611,691.7835,682.1681,682.6926
2019-06-26,685.4897,685.4897,679.0211,680.5945
2019-06-27,687.7625,694.7555,683.7415,692.1331
2019-06-28,697.3779,698.9513,688.2870,690.3849
2019-07-01,704.1960,707.5178,696.6786,707.1681
2019-07-02,709.0911,730.2450,708.9163,730.0701
2019-07-03,727.2730,728.8464,721.1541,725.5248
2019-07-04,729.8953,733.9163,726.2240,729.0212
2019-07-05,730.7693,730.7693,723.2518,724.6504
2019-07-08,724.3008,724.3008,713.4617,718.1819
2019-07-09,718.1820,720.1051,713.9862,716.9583
2019-07-10,716.9584,717.1332,706.8185,709.2661
2019-07-11,709.7904,713.4618,705.4198,707.6925
2019-07-12,709.7906,710.6647,702.9724,705.4199
2019-07-16,701.0491,704.7205,696.3288,702.7974
2019-07-17,701.9232,702.7973,692.8323,693.5316
2019-07-18,681.2938,690.2099,674.4756,678.6714
2019-07-19,672.7273,694.7553,671.1539,692.8322
2019-07-22,690.5596,694.4058,685.8393,689.8603
2019-07-23,694.9303,699.8254,691.6086,697.2030
2019-07-24,712.7625,713.2870,701.9233,706.2939
2019-07-25,705.4198,710.4897,693.0072,695.2800
2019-07-26,692.3079,693.5317,679.3708,687.4128
2019-07-29,679.1960,679.8953,665.0352,669.5806
2019-07-30,680.0703,698.9514,677.2730,689.5108
2019-07-31,676.5737,686.0143,674.6507,680.4199
2019-08-01,682.1681,685.4898,675.1751,678.3220
2019-08-02,666.0841,676.3988,660.1401,668.5317
2019-08-05,662.0631,664.1610,644.4057,647.7274
2019-08-06,628.4967,642.4828,626.2240,639.6855
2019-08-07,641.2590,648.2520,635.3149,644.7555
2019-08-08,640.7345,644.4058,634.4408,639.6855
2019-08-09,646.5037,652.2730,644.0562,647.5527
2019-08-13,646.8534,648.2519,634.7904,642.8324
2019-08-14,650.3499,653.8464,645.6296,648.9514
2019-08-15,631.1191,637.2380,629.3709,636.5387
2019-08-16,636.3637,641.9581,634.2658,640.5595
2019-08-19,643.7066,646.5038,638.8115,641.6087
2019-08-20,643.3568,646.5036,640.7344,645.8043
2019-08-21,637.4128,644.2310,637.0631,637.9373
2019-08-22,639.5107,647.5527,636.7135,638.1121
2019-08-23,636.3638,641.7834,633.7415,636.3638
2019-08-26,618.3569,621.1541,612.5877,614.6856
2019-08-27,623.4268,625.5247,620.1051,622.9023
2019-08-28,621.6785,625.6995,619.4058,623.9512
2019-08-29,623.2518,624.8252,613.9861,615.5595
2019-08-30,636.3638,636.7135,627.7974,634.4407
2019-09-02,634.2660,640.0352,632.6926,639.5107
2019-09-03,639.5107,652.0981,638.6366,651.2240
2019-09-04,650.0002,652.4478,645.6295,649.1260
2019-09-05,659.7904,683.7415,658.0421,681.9932
2019-09-06,685.6645,687.2379,680.2449,685.8393
2019-09-09,685.1399,693.0071,684.4406,692.8322
2019-09-10,695.8044,700.3499,693.8813,697.3778
2019-09-11,700.5247,716.7834,697.2030,716.7834
2019-09-12,723.7765,729.3710,720.4549,727.4479
2019-09-13,728.1470,729.3708,712.2379,724.4756
2019-09-17,712.2379,724.1261,707.5177,721.3289
2019-09-18,717.6576,719.4058,709.6156,712.7625
2019-09-19,713.6367,723.7765,708.9164,710.6646
2019-09-20,710.1401,711.5387,687.0631,696.6785
2019-09-24,704.5458,718.1821,704.1961,715.0353
2019-09-25,710.8394,717.3079,706.9932,714.1611
2019-09-26,725.5247,726.9232,712.2379,715.3848
2019-09-27,722.9860,723.1628,714.1475,721.3951
2019-09-30,712.7332,715.7383,710.0817,711.1423
2019-10-01,718.2131,728.4657,717.1525,728.1122
2019-10-02,713.2636,719.9808,712.5565,719.9808
2019-10-03,702.8343,708.3142,701.5969,708.1374
2019-10-04,710.9656,711.6727,704.7787,709.3746
2019-10-07,711.8496,716.6223,706.0161,708.1374
2019-10-08,711.4959,713.2635,707.9605,709.1979
2019-10-09,699.8291,702.6574,696.2937,701.5968
2019-10-10,698.9452,699.4755,688.5158,694.8795
2019-10-11,701.4200,707.7837,698.5918,707.4302
2019-10-15,719.8041,732.1780,719.4506,726.3445
2019-10-16,734.4760,745.2589,730.4103,734.6528
2019-10-17,724.7535,740.3092,724.7535,739.6021
2019-10-18,742.2538,744.9053,729.3496,730.9406
2019-10-21,729.7030,735.7132,728.2889,729.8798
2019-10-23,732.7082,739.0719,727.2284,736.9507
2019-10-24,742.4305,744.0214,739.7789,742.4305
2019-10-25,744.1982,750.2084,737.3043,740.4861
2019-10-28,740.1325,746.8497,740.1325,741.3699
2019-10-29,744.9052,757.4558,742.9607,757.4558
2019-10-30,760.1074,760.1074,744.1981,757.2791
2019-10-31,707.0766,723.1626,705.3089,719.2737
2019-11-01,715.0313,735.3598,713.6172,725.4607
2019-11-05,728.2890,730.9405,716.0919,716.0919
2019-11-06,727.5819,731.8243,720.5111,731.1172
2019-11-07,733.5920,741.9002,730.9405,741.9002
2019-11-08,754.8043,758.1629,749.5012,753.9205
2019-11-11,756.5721,764.1732,754.4509,756.7489
2019-11-12,750.2082,750.5618,741.7233,747.7335
2019-11-13,743.1376,747.9104,733.7688,736.2436
2019-11-14,730.5869,737.8344,724.5767,726.8748
2019-11-15,725.9910,732.5314,723.8697,732.0011
2019-11-18,727.7588,729.1729,724.5769,727.4052
2019-11-19,724.7535,728.1121,722.8090,723.5161
2019-11-20,718.5667,723.6930,716.4455,722.9860
2019-11-21,724.4002,727.9356,713.0870,720.8648
2019-11-22,722.4556,727.0515,721.2182,723.3394
2019-11-25,728.6426,735.0062,728.1122,729.7031
2019-11-26,751.2690,756.2185,736.2436,736.2436
2019-11-27,744.0213,755.6881,740.6627,754.4507
2019-11-28,759.5771,771.9509,753.2134,768.2388
2019-11-29,767.1782,768.4156,759.2236,760.1074
2019-12-02,759.0467,765.4104,754.6275,761.6982
2019-12-03,744.9052,752.6831,743.4911,751.6225
2019-12-04,744.3749,749.8548,743.3143,748.7941
2019-12-05,749.1478,754.2741,746.3195,751.7993
2019-12-06,747.0265,751.0921,743.3143,745.7891
2019-12-09,751.2689,758.8700,744.1981,758.6932
2019-12-10,761.6984,766.2944,759.0468,761.1681
2019-12-11,756.5720,756.7488,741.1931,741.9002
2019-12-12,745.0821,747.7336,737.8345,740.6628
2019-12-13,753.9206,760.9914,749.3246,759.2237
2019-12-16,754.4507,766.8246,753.5669,763.2892
2019-12-17,768.0621,771.2440,762.4055,765.2338
2019-12-18,780.7894,794.4006,779.0217,789.2743
2019-12-19,795.6379,825.8655,794.5773,825.5119
2019-12-20,827.2797,829.5777,821.0928,826.5726
2019-12-23,821.2696,823.9211,813.4918,818.0877
2019-12-24,813.4917,819.8553,812.6078,815.6129
2019-12-25,813.3150,817.2039,809.6028,814.9059
2019-12-26,812.9614,816.8504,810.1331,812.4312
2019-12-27,817.2039,820.2090,814.1988,814.9059
2019-12-30,814.1989,819.5019,809.7796,817.7343
2020-01-06,819.8553,826.2190,811.7239,816.8502
2020-01-07,812.7845,829.5776,809.4259,824.9816
2020-01-08,808.0118,811.1936,796.5218,810.3098
2020-01-09,820.2089,821.7998,814.0220,819.8553
2020-01-10,818.0878,819.6787,804.4766,806.7745
2020-01-14,806.2442,810.8402,798.4664,810.8402
2020-01-15,811.9007,817.2038,798.6430,798.6430
2020-01-16,798.9966,805.5370,798.1127,803.2390
2020-01-17,804.8299,807.1280,798.1127,802.1784
2020-01-20,807.3048,812.7846,805.1836,811.7241
2020-01-21,809.9564,815.9665,807.8351,811.7241
2020-01-22,802.8855,805.0067,800.5875,801.6481
2020-01-23,800.9411,801.6482,792.2794,792.6329
2020-01-24,795.4614,802.5321,792.2795,800.5876
2020-01-27,786.6228,796.8754,785.3854,785.3854
2020-01-28,773.0115,779.1984,771.2438,773.8953
2020-01-29,773.7187,780.2591,769.6530,777.6076
2020-01-30,768.9458,769.8296,741.3698,747.7335
2020-01-31,754.6274,758.5164,746.3193,747.7335
2020-02-03,718.7435,726.3446,715.0314,724.7537
2020-02-04,719.0970,724.5768,718.0364,722.4556
2020-02-05,727.9353,730.7636,719.0968,725.6373
2020-02-06,735.3597,754.9811,732.0011,749.1476
2020-02-07,758.5164,759.9305,741.3698,754.6274
2020-02-10,750.0316,760.1075,746.6730,753.0367
2020-02-12,760.1074,760.9912,746.8497,753.9205
2020-02-13,751.2690,751.2690,741.9002,743.6679
2020-02-14,737.3041,738.1880,730.2334,736.0667
2020-02-17,727.5819,729.7031,720.5111,727.5819
2020-02-18,719.6272,727.4050,715.3847,720.1575
2020-02-19,727.4052,737.6578,722.8092,735.0062
2020-02-20,744.1982,750.7387,738.7184,740.4861
2020-02-21,736.9507,743.4911,733.4153,738.5416
2020-02-25,700.8897,714.3242,694.8796,710.6120
2020-02-26,704.0716,709.7282,698.9453,707.6069
2020-02-27,695.7635,699.4757,675.7886,682.6826
2020-02-28,668.5410,670.3086,638.1366,642.9094
2020-03-02,633.5407,656.1672,628.2376,645.7377
2020-03-03,662.3541,666.4198,636.5458,636.5458
2020-03-04,627.5307,631.4196,622.0508,626.4700
2020-03-05,651.2175,652.9852,641.8488,652.6317
2020-03-06,640.2579,644.1468,636.3690,640.0811
2020-03-09,610.2072,614.4497,580.6867,586.3434
2020-03-10,573.9695,599.6010,557.3531,592.5302
2020-03-11,598.3636,613.0354,573.6159,575.0300
2020-03-12,557.8836,563.8937,529.3354,535.0804
2020-03-13,486.1153,529.9540,478.5142,510.6862
2020-03-16,506.5320,538.4389,499.3729,513.2493
2020-03-17,495.0421,525.1813,486.2036,512.5423
2020-03-18,520.3201,525.0928,484.2592,485.5850
2020-03-19,486.9991,489.9158,453.6781,453.6781
2020-03-23,457.3902,467.2893,446.1654,465.6984
2020-03-24,466.9357,502.8199,461.9862,498.2239
2020-03-25,546.0399,566.8987,532.4287,566.8987
2020-03-26,557.3532,561.2422,546.0400,553.6411
2020-03-27,578.3887,580.1564,556.2925,575.0300
2020-03-30,550.7936,559.7700,533.4691,558.1543
2020-03-31,565.6946,583.8270,561.9245,564.2584
2020-04-01,556.7182,577.3640,543.2535,552.0504
2020-04-02,527.0961,538.9450,521.9795,530.9559
2020-04-03,556.8978,577.3641,520.6330,527.0063
2020-04-06,529.3401,552.4095,524.2235,550.0756
2020-04-07,568.3876,577.7230,548.8189,563.3607
2020-04-08,557.7954,572.3372,549.5371,565.5151
2020-04-09,576.4663,576.6458,561.9244,568.5670
2020-04-10,566.7717,566.7717,547.7416,561.5653
2020-04-13,547.5622,558.8725,546.4851,552.7686
2020-04-14,549.8961,569.8238,548.9985,567.4899
2020-04-15,568.0285,571.0805,559.0521,565.3356
2020-04-16,556.5387,556.5387,543.7921,550.2552
2020-04-17,557.0773,572.3372,553.8458,557.9749
2020-04-20,545.4079,555.1025,544.3308,550.6143
2020-04-21,543.4331,553.1276,542.7149,545.9465
2020-04-22,536.7906,537.0599,514.8881,518.8378
2020-04-23,520.6330,524.5826,512.5542,519.7354
2020-04-24,519.6455,523.0565,513.3620,522.3384
2020-04-27,522.4281,547.5621,522.0690,547.0236
2020-04-28,538.0473,549.7167,535.7134,547.9214
2020-04-30,574.8506,589.0334,571.0805,581.8522
2020-05-01,575.2097,575.9278,552.5890,555.6411
2020-05-07,551.8709,554.3843,547.5623,552.5891
2020-05-08,564.2584,577.9025,559.2316,575.3892
2020-05-11,580.5956,592.4445,580.0571,586.6996
2020-05-12,582.3907,590.8285,577.0048,588.1356
2020-05-13,579.3388,581.3136,570.0033,576.1072
2020-05-14,571.6191,574.1324,553.3072,554.5638
2020-05-15,562.8222,566.5923,549.7166,554.5638
2020-05-18,552.4094,560.8472,550.0755,558.1543
2020-05-19,579.8773,588.6742,576.1072,584.0065
2020-05-20,576.6458,587.7765,574.6710,585.4427
2020-05-21,592.0853,596.0350,580.2365,580.7750
2020-05-22,573.9530,581.4931,568.3876,574.4915
2020-05-25,584.7246,587.0585,580.2364,585.8018
2020-05-26,595.1373,622.0666,591.7263,612.0130
2020-05-27,610.2177,623.6824,608.2429,616.6808
2020-05-28,634.8132,649.8936,632.8384,642.7125
2020-05-29,627.8115,632.8383,612.1925,620.2713
2020-06-01,646.3029,646.3029,625.4776,642.5328
2020-06-02,646.3030,661.7425,644.8668,653.4841
2020-06-03,667.8464,674.1299,653.4841,657.2542
2020-06-04,668.5645,668.7440,648.2777,657.4337
2020-06-05,666.0511,682.5678,662.8196,675.2071
2020-06-08,686.3378,690.2874,671.6164,673.7708
2020-06-09,667.1283,676.1047,660.8448,675.2071
2020-06-10,665.1535,674.1299,664.2558,665.8716
2020-06-11,643.7896,652.0479,631.2226,633.3769
2020-06-12,613.4492,644.8667,610.9358,641.4556
2020-06-15,632.1203,635.1722,614.3469,614.8855
2020-06-16,637.3265,650.9707,632.1202,645.5848
2020-06-17,647.3801,650.4321,638.0446,640.1990
2020-06-18,628.3501,639.1218,626.0162,635.8903
2020-06-19,634.0949,634.4540,622.0665,626.3752
2020-06-22,620.0919,627.6321,617.9376,621.1691
2020-06-23,627.9910,638.0446,617.7579,633.3769
2020-06-24,628.3501,630.6839,623.6823,624.0414
2020-06-25,610.3973,616.5012,606.4476,610.3973
2020-06-26,612.9107,620.6304,610.9359,619.0146
2020-06-29,608.6019,611.2949,601.6003,609.4996
2020-06-30,621.1689,624.9390,610.2176,610.9357
2020-07-01,617.0398,617.3988,600.1640,601.7798
2020-07-02,593.5215,602.8569,589.5718,596.9325
2020-07-03,600.7027,610.7564,598.9075,607.7043
2020-07-06,615.7831,629.9659,610.5768,627.8116
2020-07-07,627.8116,627.9911,614.7060,620.0919
2020-07-08,613.8083,619.7328,608.7816,608.7816
2020-07-09,610.7563,614.8855,604.8319,607.5248
2020-07-10,608.6019,609.1405,599.9846,599.9846
2020-07-13,614.7059,615.9627,608.6020,612.0130
2020-07-14,607.1657,613.2696,605.7294,610.9357
2020-07-15,617.2194,624.5801,614.3470,619.9124
2020-07-16,611.2950,619.5533,608.4225,615.9627
2020-07-17,631.9407,645.4053,629.7863,632.4792
2020-07-20,640.3787,641.0968,625.6573,628.3502
2020-07-21,636.4290,636.7881,619.0147,624.5801
2020-07-22,617.3989,617.5784,610.2177,610.2177
2020-07-27,591.3672,602.1389,589.2129,599.6255
2020-07-28,594.9578,598.5484,587.9562,587.9562
2020-07-29,578.9797,582.2112,569.2851,570.0032
2020-07-30,562.8222,572.6962,562.8222,567.4899
2020-07-31,577.7229,578.8001,560.4882,561.5653
2020-08-03,567.1309,587.9563,562.4632,587.7767
2020-08-04,587.7766,593.3420,584.1861,588.8538
2020-08-05,589.5719,608.9611,589.3924,607.7043
2020-08-06,605.0114,620.0918,605.0114,608.7816
2020-08-07,603.2162,605.7296,591.1877,596.0350
2020-08-11,608.6020,630.6840,608.2430,629.9659
2020-08-12,635.1722,641.0967,628.8887,639.6605
2020-08-13,644.3281,644.5076,635.7108,639.3013
2020-08-14,638.4037,644.3281,636.6084,637.3265
2020-08-17,634.9928,646.6621,634.8132,644.6873
2020-08-18,635.1722,640.0195,627.8115,633.1974
2020-08-19,627.8115,639.8399,625.8367,632.2997
2020-08-20,624.5801,644.8668,624.5801,636.6085
2020-08-21,642.1738,650.0730,634.9926,636.0698
2020-08-24,632.8383,632.8383,623.5028,628.1705
2020-08-25,639.1219,648.9960,637.3266,642.7125
2020-08-26,633.1974,639.1218,632.4792,635.7108
2020-08-27,634.2745,641.2762,632.6588,635.3517
2020-08-28,636.0698,647.0210,627.0933,633.7359
2020-08-31,635.5312,642.3533,633.1973,633.7359
2020-09-01,628.7091,630.1453,611.6539,620.6303
2020-09-02,625.4778,625.4778,617.5785,625.4778
2020-09-03,632.2999,638.7628,632.2999,637.1471
2020-09-04,628.1705,639.1218,627.2729,638.0446
2020-09-07,637.6857,644.5077,636.4290,640.0195
2020-09-08,643.9691,647.9187,641.9942,646.6620
2020-09-09,641.2761,650.9707,639.8399,648.9958
2020-09-10,653.4842,666.5897,652.7661,666.5897
2020-09-11,668.5645,668.9236,658.3314,664.6149
2020-09-14,673.4118,678.2590,671.9755,675.5661
2020-09-15,668.0260,680.2339,666.4102,676.4638
2020-09-16,668.3850,670.3598,662.6401,665.1535
2020-09-17,664.0764,669.4623,660.4859,661.0245
2020-09-18,660.6652,665.1534,657.9722,658.5108
2020-09-23,648.0983,666.5897,648.0983,662.2811
2020-09-24,650.4321,652.5864,637.1470,640.5580
2020-09-25,644.1486,651.1503,640.9171,647.7392
2020-09-28,653.8432,668.7441,653.6637,668.7441
2020-09-29,673.4754,676.7509,665.6506,668.3802
2020-09-30,657.6437,662.5570,644.7238,644.7238
2020-10-02,644.7238,654.5503,634.7154,638.3548
2020-10-05,649.8191,664.1948,648.3632,664.1948
2020-10-06,664.5587,671.8376,664.0128,670.7457
2020-10-07,665.8325,669.4719,662.5570,668.9260
2020-10-08,666.9244,672.9294,664.3768,669.1081
2020-10-09,673.1113,673.1113,662.5570,664.1948
2020-10-12,660.9193,661.6472,653.4585,653.6404
2020-10-13,660.5554,663.8308,655.6421,659.2816
2020-10-14,655.6421,655.6421,646.1796,646.7255
2020-10-15,646.7255,650.3649,641.6303,646.5435
2020-10-16,656.3701,656.3701,645.9977,645.9977
2020-10-19,651.4568,657.2799,649.8191,653.4585
2020-10-20,650.0011,650.3650,640.9025,642.3583
2020-10-21,646.9075,658.9176,645.2698,656.3701
2020-10-22,647.9994,653.8225,644.1780,645.9977
2020-10-23,649.8191,665.2866,644.7238,664.1948
2020-10-26,665.4686,674.2032,663.4669,667.4703
2020-10-27,660.1914,662.7390,650.1830,662.7390
2020-10-28,652.5488,653.4586,645.4519,645.4519
2020-10-29,655.2782,675.8410,653.4585,673.1114
2020-10-30,669.1080,669.6538,633.4416,637.2630
2020-11-02,642.7222,653.4585,638.9008,640.1746
2020-11-04,656.7339,665.2866,649.4551,650.9109
2020-11-05,651.4569,652.1847,641.0845,648.1814
2020-11-06,644.5420,651.4568,642.7222,648.5453
2020-11-09,645.6337,656.1881,645.6337,653.4585
2020-11-10,678.9345,716.6025,676.9328,706.0482
2020-11-11,722.4256,743.3522,721.1517,742.4424
2020-11-12,731.7061,742.4424,725.3371,731.3422
2020-11-13,718.6041,721.6977,704.4104,708.2318
2020-11-16,703.1366,709.6876,695.1299,704.5924
2020-11-17,730.0684,730.0684,716.6025,722.4256
2020-11-18,718.7861,728.7946,715.5107,720.7878
2020-11-19,713.3271,722.0617,703.5006,721.1518
2020-11-20,720.6058,723.6994,711.6892,720.9698
2020-11-24,727.1568,732.4340,721.8797,724.4272
2020-11-25,737.1651,744.2620,726.6108,728.4305
2020-11-26,718.9681,739.5308,718.7861,739.3488
2020-11-27,733.5258,749.7212,733.3438,743.7162
2020-11-30,743.3522,743.7162,716.7844,721.6976
2020-12-01,710.2335,724.6093,709.1417,721.8797
2020-12-02,737.8931,738.0751,727.1568,730.2503
2020-12-03,734.0717,742.4424,731.8881,739.8948
2020-12-04,731.8882,745.8999,730.4324,745.8999
2020-12-07,755.1804,756.4543,739.7129,739.7129
2020-12-08,738.8029,743.3522,733.7077,734.7995
2020-12-09,748.0836,769.7382,746.0819,765.9167
2020-12-10,771.5577,781.0202,764.4608,765.5527
2020-12-11,765.1888,766.2806,750.6311,754.4525
2020-12-14,761.5492,767.5543,758.0918,759.5475
2020-12-15,757.9100,760.0937,750.0852,758.4559
2020-12-16,765.3708,766.8265,758.6378,760.8215
2020-12-17,766.0987,769.1922,761.7314,762.4593
2020-12-18,761.5493,768.2823,760.6395,765.0068
2020-12-21,769.7380,775.7431,756.6361,760.8215
2020-12-22,746.0819,747.3557,732.4340,735.8915
2020-12-23,728.7945,734.7995,723.5174,728.9765
2020-12-24,740.4408,740.8047,732.9799,734.9816
2020-12-25,732.4341,737.3473,729.7045,733.5259
2020-12-28,732.9798,737.8930,727.5206,736.0733
2020-12-29,743.3522,744.9899,732.9798,738.8029
2020-12-30,738.9850,745.5360,735.5276,739.7129
2021-01-04,748.8114,748.8114,721.6977,732.4340
2021-01-05,735.3455,746.0818,732.0700,743.3522
2021-01-06,737.8931,746.0818,735.7095,743.1703
2021-01-07,762.4592,785.5696,762.0953,782.4761
2021-01-08,780.4744,786.8434,774.8333,786.2975
2021-01-12,791.5747,795.3961,781.5663,791.9387
2021-01-13,785.3875,794.4861,785.0236,787.5712
2021-01-14,784.2957,796.1239,782.4760,789.7549
2021-01-15,789.7549,796.1239,785.0237,790.4828
2021-01-18,789.2090,790.3008,776.1071,777.0169
2021-01-19,777.0168,800.1271,776.4709,797.2156
2021-01-20,796.6698,797.7617,787.5713,793.2124
2021-01-21,797.7616,801.4010,791.7566,793.3943
2021-01-22,782.6580,793.9402,781.5662,793.0303
2021-01-25,795.0321,804.6766,790.3008,800.3092
2021-01-26,800.6732,802.3109,795.9420,795.9420
2021-01-27,793.9402,805.5864,791.2107,805.5864
2021-01-28,781.3842,807.0422,781.3842,799.7633
2021-01-29,797.0338,802.8569,781.5662,783.5679
2021-02-01,786.1155,821.0540,784.8417,814.3210
2021-02-02,811.4095,817.4146,802.4929,813.0472
2021-02-03,818.3244,830.6984,815.5948,829.9705
2021-02-04,831.0623,869.4581,831.0623,869.0942
2021-02-05,874.3714,888.9291,873.8255,880.7404
2021-02-08,889.6571,909.8559,887.2915,909.3101
2021-02-09,900.9393,901.1213,874.0076,881.4684
2021-02-10,876.3732,899.6655,875.4633,898.3917
2021-02-12,903.4869,904.3968,879.6487,890.2031
2021-02-15,891.6587,895.2981,879.4666,881.8323
2021-02-16,878.9208,890.0210,878.0109,889.8391
2021-02-17,893.6604,906.9443,888.5652,904.9426
2021-02-18,892.2047,902.3951,872.5518,873.4617
2021-02-19,865.8188,890.3849,865.2729,881.6503
2021-02-22,898.9376,909.8559,895.2982,897.8458
2021-02-24,908.9460,928.0530,901.6672,902.9410
2021-02-25,923.8677,937.3335,918.0446,937.3335
2021-02-26,917.1348,923.5038,886.9275,887.2915
2021-03-01,906.2164,926.2332,902.2130,926.0512
2021-03-02,928.0531,932.4204,906.5805,916.4069
2021-03-03,917.1348,936.7877,913.6774,936.7877
2021-03-04,937.3335,942.6107,925.8694,937.8795
2021-03-05,933.8761,955.7126,929.6907,954.4388
2021-03-08,960.8079,971.5442,950.6175,960.4439
2021-03-09,977.1852,979.7329,949.8896,959.1700
2021-03-10,937.1515,954.0748,930.0547,951.7092
2021-03-11,952.9831,963.1734,946.6141,951.3453
2021-03-12,962.0816,975.3655,952.8010,974.4556
2021-03-15,976.6392,984.4640,972.4539,983.3722
2021-03-16,984.6461,985.1921,975.5475,980.6428
2021-03-17,977.1851,987.0116,975.0015,984.4640
2021-03-18,996.1101,996.2921,979.1867,981.7344
2021-03-19,963.5375,990.2873,962.6276,988.2855
2021-03-22,975.5473,991.5609,974.4555,984.1000
2021-03-23,985.3739,988.8314,963.1734,963.9014
2021-03-24,952.8010,964.2653,944.6123,944.9763
2021-03-25,955.1666,976.6392,952.6190,970.4521
2021-03-26,991.7428,1003.5710,979.1868,982.0984
2021-03-29,991.7429,992.1069,960.8078,972.8179
2021-03-30,984.4013,993.5944,974.8404,992.4911
2021-03-31,981.8272,993.7782,919.3138,920.0493
2021-04-01,941.3772,943.2159,895.7793,905.7079
2021-04-02,900.5598,914.7173,897.8019,909.5692
2021-04-05,902.2146,904.9725,888.4249,901.1114
2021-04-06,904.4210,920.4170,899.6405,908.0982
2021-04-07,910.8561,931.2649,902.5823,927.7715
2021-04-08,933.1035,934.7582,913.2463,919.6815
2021-04-09,918.9460,948.7318,915.6365,944.1353
2021-04-12,955.3508,955.3508,934.5744,936.5969
2021-04-13,950.5704,972.2662,949.4673,965.0956
2021-04-14,960.6829,960.6829,939.5387,945.2384
2021-04-15,948.7319,954.0640,939.9065,941.5612
2021-04-16,948.3641,955.1671,941.9289,950.7543
2021-04-19,949.2835,959.7637,945.7901,954.6155
2021-04-20,937.8839,938.2516,922.9910,929.6101
2021-04-21,913.4302,918.7622,903.3177,914.3495
2021-04-22,924.8298,941.5612,921.8879,941.5612
2021-04-23,940.4580,946.8932,937.7001,946.1577
2021-04-26,954.9833,956.8219,947.0771,952.2253
2021-04-27,948.5480,950.3866,931.4487,933.8389
2021-04-28,947.2610,953.1446,938.2517,939.5388
2021-04-30,979.9885,1007.0164,979.8047,989.3655
2021-05-06,1009.7743,1015.2902,985.8721,991.2041
2021-05-07,988.9977,1012.8999,987.3429,1005.5453
2021-05-10,1005.9130,1013.0837,984.9527,989.9171
2021-05-11,975.3920,981.8272,965.2795,968.7729
2021-05-12,993.2266,995.2491,976.3112,989.5494
2021-05-13,971.1632,986.9754,964.3603,965.2796
2021-05-14,983.6657,991.3879,976.1273,989.9171
2021-05-17,999.8456,1003.5228,984.7688,989.9171
2021-05-18,999.4781,1010.1422,988.4463,1008.4874
2021-05-19,992.4913,995.6170,981.0918,993.9622
2021-05-20,992.8588,1002.2358,989.7331,994.6974
2021-05-21,999.4780,1017.8643,997.0878,1012.1646
2021-05-24,1020.4383,1044.1566,1020.4383,1035.6989
2021-05-25,1048.0177,1052.2465,1036.9859,1037.3536
2021-05-26,1042.1343,1052.6145,1036.4346,1043.0536
2021-05-27,1032.7571,1042.6857,1023.3801,1042.6857
2021-05-28,1050.7756,1070.0812,1049.4885,1069.3457
2021-05-31,1064.5654,1071.9199,1051.1434,1054.6367
2021-06-01,1060.5206,1077.2521,1053.7176,1075.9651
2021-06-02,1084.0547,1084.9740,1073.2068,1077.4357
2021-06-03,1077.4359,1101.1542,1075.7811,1092.1449
2021-06-04,1101.1541,1117.8856,1097.1091,1114.7599
2021-06-07,1114.7601,1127.2627,1102.8090,1117.8857
2021-06-08,1115.1276,1121.1951,1109.4279,1119.3564
2021-06-09,1113.8406,1135.9041,1113.1052,1131.4915
2021-06-10,1130.7558,1134.4331,1114.9437,1116.5984
2021-06-11,1105.7507,1115.8632,1096.9252,1100.0509
2021-06-14,1106.3024,1112.7376,1102.6251,1109.0603
2021-06-15,1105.3830,1123.5853,1103.5443,1121.5629
2021-06-16,1131.1237,1152.8195,1130.7560,1149.3260
2021-06-17,1137.1914,1148.7748,1135.9044,1136.4559
2021-06-18,1137.3751,1140.3169,1129.2852,1129.2852
2021-06-21,1100.9701,1109.7955,1080.5614,1082.4000
2021-06-22,1119.1726,1152.8194,1116.9662,1150.6130
2021-06-23,1145.2811,1157.2322,1137.7427,1137.7427
2021-06-24,1126.7109,1135.9041,1125.4239,1132.2268
2021-06-25,1145.0974,1179.6636,1143.6265,1178.7443
2021-06-28,1191.2468,1199.7045,1175.8023,1193.0854
2021-06-29,1182.2377,1196.3951,1180.2152,1185.9149
2021-06-30,1192.3499,1193.0854,1166.4253,1169.5509
2021-07-01,1181.3182,1183.5246,1160.9095,1166.9769
2021-07-02,1173.9638,1191.9824,1171.5736,1191.4308
2021-07-05,1185.5471,1211.4719,1184.6278,1205.4043
2021-07-06,1210.7362,1219.0101,1200.8076,1201.7269
2021-07-07,1195.1081,1201.9110,1181.8699,1184.9956
2021-07-08,1189.4082,1207.7945,1188.6727,1191.2468
2021-07-09,1183.7082,1209.8167,1180.3987,1205.7717
2021-07-12,1231.8803,1241.9928,1231.5126,1237.2124
2021-07-13,1249.8990,1260.0114,1246.7733,1255.0471
2021-07-14,1238.1319,1245.3025,1216.2522,1217.1715
2021-07-15,1162.0128,1195.1081,1160.1742,1174.1477
2021-07-16,1181.6862,1210.7365,1180.5829,1202.2788
2021-07-19,1180.7667,1182.0538,1162.1965,1165.6899
2021-07-20,1147.3034,1164.4026,1143.4423,1151.1644
2021-07-21,1176.7218,1180.7668,1158.8871,1158.8871
2021-07-26,1194.3723,1201.1753,1188.6726,1194.5563
2021-07-27,1194.5564,1203.5656,1193.6371,1193.6371
2021-07-28,1183.5245,1194.3723,1180.7666,1184.2599
2021-07-29,1180.7668,1185.3634,1173.4123,1178.7443
2021-07-30,1190.5113,1194.5563,1149.1422,1150.6130
2021-08-02,1116.0469,1153.5550,1115.8631,1137.0073
2021-08-03,1130.7562,1134.6173,1120.2760,1123.4017
2021-08-04,1134.0655,1137.5589,1114.7599,1118.4371
2021-08-05,1117.7017,1124.5046,1104.0958,1120.0919
2021-08-06,1116.9661,1124.6883,1112.5533,1116.0468
2021-08-10,1106.8537,1123.0336,1104.0958,1117.7017
2021-08-11,1130.5721,1147.1197,1123.5852,1146.0165
2021-08-12,1164.4028,1170.4702,1153.9226,1154.6581
2021-08-13,1147.3037,1164.9545,1143.4426,1160.1741
2021-08-16,1168.2641,1168.2641,1137.1913,1144.5458
2021-08-17,1152.2679,1155.7612,1145.0972,1146.0165
2021-08-18,1140.1329,1147.3036,1136.2718,1137.7427
2021-08-19,1127.9979,1130.2043,1106.4860,1106.4860
2021-08-20,1108.3247,1116.2307,1089.7546,1093.0641
2021-08-23,1102.4409,1126.3430,1101.8893,1122.4819
2021-08-24,1122.4820,1137.7426,1122.4820,1127.0786
2021-08-25,1136.4556,1146.7520,1131.4914,1137.9266
2021-08-26,1130.5720,1130.5720,1113.4727,1116.4146
2021-08-27,1109.0603,1112.9214,1102.2574,1111.8182
2021-08-30,1123.5853,1141.0522,1121.5628,1134.4332
2021-08-31,1125.2401,1130.7560,1114.9439,1118.8049
2021-09-01,1127.9980,1136.0880,1123.4015,1135.3525
2021-09-02,1141.2361,1150.0615,1133.8816,1140.5006
2021-09-03,1152.6358,1196.0273,1150.9809,1194.9242
2021-09-06,1226.3645,1228.2031,1202.6461,1214.7811
2021-09-07,1219.0099,1224.8935,1200.4398,1206.6910
2021-09-08,1195.1079,1216.9876,1193.4531,1213.4941
2021-09-09,1203.3818,1214.4135,1202.2786,1204.8527
2021-09-10,1202.2785,1216.0682,1200.8075,1207.4266
2021-09-13,1198.6014,1220.8488,1196.0273,1219.9294
2021-09-14,1222.6874,1234.6385,1222.1358,1231.3290
2021-09-15,1212.9427,1219.3779,1208.1622,1211.4718
2021-09-16,1215.1490,1218.2746,1196.0272,1203.3817
2021-09-17,1197.3143,1216.6199,1191.4307,1213.3104
2021-09-21,1173.2284,1193.6373,1173.2284,1184.6279
2021-09-22,1182.2376,1185.7310,1162.0127,1162.0127
2021-09-24,1194.9242,1203.1980,1188.6728,1200.6239
2021-09-27,1217.1715,1276.3754,1215.3329,1257.6213
2021-09-28,1241.6253,1276.7431,1241.6253,1274.7206
2021-09-29,1259.3267,1259.3267,1214.9998,1225.3861
2021-09-30,1220.0076,1240.5946,1213.1452,1231.5066
2021-10-01,1203.6862,1214.8143,1188.6634,1198.3076
2021-10-04,1212.4035,1216.4838,1177.9064,1191.2601
2021-10-05,1172.3421,1181.6155,1154.9082,1172.8986
2021-10-06,1174.1968,1195.5256,1162.1414,1175.8661
2021-10-07,1167.1493,1180.6884,1159.3596,1163.4399
2021-10-08,1177.7207,1192.5581,1173.8259,1176.6079
2021-10-11,1184.3977,1222.0477,1179.0192,1221.8622
2021-10-12,1210.1780,1221.4915,1210.1780,1210.9199
2021-10-13,1213.7017,1217.7819,1202.9445,1202.9445
2021-10-14,1197.0096,1214.6291,1197.0096,1212.4034
2021-10-15,1230.9502,1248.0133,1227.4263,1239.4817
2021-10-18,1237.0707,1247.2714,1233.3613,1240.4091
2021-10-19,1247.8274,1252.4641,1238.9250,1244.4890
2021-10-20,1252.0934,1281.2118,1251.9079,1266.7454
2021-10-21,1263.9635,1272.4950,1241.1510,1241.1510
2021-10-22,1234.8450,1255.0610,1229.8374,1239.8527
2021-10-25,1233.1759,1262.8508,1232.6194,1248.5697
2021-10-26,1267.1161,1273.7929,1255.4317,1256.5444
2021-10-27,1265.4471,1265.8181,1241.1509,1257.4720
2021-10-28,1205.7265,1249.4969,1191.6309,1233.3612
2021-10-29,1221.1206,1233.3614,1209.9925,1215.5565
2021-11-01,1234.1030,1260.9958,1227.6116,1260.9958
2021-11-02,1253.3918,1260.6251,1248.0133,1255.0610
2021-11-04,1244.4892,1283.8084,1240.9653,1277.8734
2021-11-05,1281.3973,1300.3149,1277.3170,1300.3149
2021-11-08,1313.1125,1342.6019,1313.1125,1318.8619
2021-11-09,1337.5941,1342.6017,1296.7912,1301.6133
2021-11-10,1310.3305,1314.5963,1300.5007,1300.8717
2021-11-11,1294.5654,1322.9420,1292.1544,1318.4908
2021-11-12,1328.8769,1353.7296,1327.3932,1353.7296
2021-11-15,1356.3263,1359.4793,1343.1581,1348.7222
2021-11-16,1358.5519,1373.0183,1355.2135,1365.9706
2021-11-17,1361.1487,1366.3418,1339.0780,1342.4164
2021-11-18,1348.1659,1348.3513,1319.7892,1335.9249
2021-11-19,1346.3111,1363.9305,1344.6418,1351.8751
2021-11-22,1343.3436,1363.7451,1339.2633,1359.2939
2021-11-24,1365.0433,1383.5900,1346.6819,1350.7622
2021-11-25,1355.2135,1374.1312,1351.5041,1353.9152
2021-11-26,1350.2059,1353.7299,1309.5884,1314.4106
2021-11-29,1286.5904,1313.1123,1284.1793,1292.7108
2021-11-30,1283.8086,1308.2904,1240.4091,1240.4091
2021-12-01,1250.6097,1266.3745,1234.4740,1253.9481
2021-12-02,1241.8927,1251.1661,1228.1681,1241.8927
2021-12-03,1242.8199,1272.4948,1232.4338,1268.9709
2021-12-06,1268.9711,1283.8085,1240.0380,1241.8927
2021-12-07,1238.1834,1245.4167,1225.2006,1239.1107
2021-12-08,1226.8697,1238.1832,1214.4434,1230.0227
2021-12-09,1228.7244,1233.1757,1180.8737,1187.1796
2021-12-10,1189.7761,1226.3133,1187.1795,1212.9596
2021-12-13,1222.0476,1225.0150,1193.3000,1193.3000
2021-12-14,1174.7534,1185.3250,1163.2544,1166.0364
2021-12-15,1158.0614,1171.9715,1153.7955,1157.6904
2021-12-16,1184.7687,1202.3881,1181.8012,1195.7113
2021-12-17,1186.9941,1193.8564,1170.1165,1176.6079
2021-12-20,1153.7953,1169.0037,1143.4092,1143.4092
2021-12-21,1167.1491,1170.1167,1151.0134,1157.8757
2021-12-22,1151.5698,1164.1816,1150.8279,1158.4320
2021-12-23,1124.3061,1136.9179,1105.3883,1121.8950
2021-12-24,1125.7900,1149.9008,1124.8626,1143.5948
2021-12-27,1140.9981,1146.7476,1131.5392,1132.0957
2021-12-28,1151.5698,1163.4396,1142.2964,1161.3995
2021-12-29,1168.0766,1172.5278,1148.0461,1149.1588
2021-12-30,1142.1109,1161.5850,1138.2161,1155.4646
2022-01-04,1174.0113,1202.7588,1168.2618,1202.0168
2022-01-05,1233.3611,1247.8276,1220.9347,1245.4165
2022-01-06,1250.0532,1252.8352,1227.9825,1230.0227
2022-01-07,1251.9078,1264.7052,1237.9977,1243.9327
2022-01-11,1239.6672,1262.8507,1235.7723,1258.2140
2022-01-12,1258.2139,1280.6555,1254.8754,1279.1718
2022-01-13,1275.2768,1283.2520,1268.6000,1277.1315
2022-01-14,1289.0016,1305.1373,1259.3267,1272.4949
2022-01-17,1235.4014,1252.4644,1222.7896,1239.4817
2022-01-18,1251.9080,1257.1011,1229.8373,1237.6270
2022-01-19,1214.6289,1221.4911,1176.9789,1184.0267
2022-01-20,1173.2696,1194.2275,1158.2467,1182.7285
2022-01-21,1165.8509,1173.6406,1147.1187,1168.0765
2022-01-24,1149.5296,1173.8259,1135.2485,1166.5927
2022-01-25,1161.5850,1170.8584,1138.0306,1144.5220
2022-01-26,1146.1913,1149.5297,1128.9428,1134.1359
2022-01-27,1151.3844,1159.5451,1100.5663,1105.0175
2022-01-28,1129.4991,1131.9102,1114.4763,1121.7095
2022-01-31,1103.1629,1114.4765,1085.5435,1101.4938
2022-02-01,1094.8168,1107.2432,1073.8590,1076.0846
2022-02-02,1093.8895,1126.9028,1086.0999,1122.2661
2022-02-03,1085.1724,1118.1857,1064.2145,1085.3579
2022-02-04,1084.0595,1102.2353,1078.4954,1096.1149
2022-02-07,1103.5335,1107.0574,1076.6406,1092.0344
2022-02-08,1097.0422,1118.1856,1096.1149,1104.0900
2022-02-09,1110.7670,1118.1857,1101.8644,1111.1378
2022-02-10,1123.9350,1126.5316,1109.0976,1126.5316
2022-02-14,1093.3329,1104.0900,1077.5682,1079.0519
2022-02-15,1087.0268,1088.1397,1059.2067,1066.6254
2022-02-16,1085.1722,1097.7841,1082.2048,1095.0021
2022-02-17,1107.2430,1151.7553,1103.5336,1140.6272
2022-02-18,1122.0806,1140.2564,1121.5242,1135.6198
2022-02-21,1112.8071,1128.0154,1107.4284,1114.4763
2022-02-22,1092.4057,1093.8894,1069.7786,1074.7863
2022-02-24,1059.5778,1070.7058,1020.0731,1028.0482
2022-02-25,1027.8627,1054.9410,1022.1132,1049.9333
2022-02-28,1044.3695,1066.8112,1039.7328,1047.8934
2022-03-01,1075.7134,1076.0844,1044.5549,1050.3043
2022-03-02,1027.6773,1027.6773,994.6641,1002.6392
2022-03-03,1020.8150,1023.4115,1004.6793,1013.0253
2022-03-04,998.7444,1009.8724,971.4806,986.6890
2022-03-07,912.8727,927.7102,901.0027,918.6222
2022-03-08,905.6394,912.3163,880.9722,884.6816
2022-03-09,923.6299,946.2570,910.0908,926.9683
2022-03-10,982.0521,982.0521,961.6507,972.7787
2022-03-11,957.0141,965.3602,939.9510,953.1193
2022-03-14,969.9968,984.8343,960.1671,960.9089
2022-03-15,954.0468,979.8268,951.0793,970.5534
2022-03-16,999.4863,1013.0254,991.8821,1007.0905
2022-03-17,1054.7557,1054.7557,1029.9030,1046.5951
2022-03-18,1056.2392,1082.5756,1052.1589,1081.0919
2022-03-22,1072.0041,1104.4610,1072.0041,1099.2679
2022-03-23,1130.4266,1152.4973,1116.5165,1145.2640
2022-03-24,1126.5318,1150.6426,1125.0480,1144.1512
2022-03-25,1149.9006,1161.5850,1140.8126,1144.3365
2022-03-28,1143.2239,1147.3041,1131.5393,1136.3616
2022-03-29,1149.9006,1152.3117,1133.7649,1140.9982
2022-03-30,1168.9279,1172.6769,1158.6183,1171.5522
2022-03-31,1156.5564,1179.0502,1149.9957,1155.6191
2022-04-01,1136.8744,1149.6209,1125.2526,1143.0602
2022-04-04,1142.8728,1149.2460,1136.8745,1145.6846
2022-04-05,1160.8676,1173.8016,1147.9338,1151.6827
2022-04-06,1141.5605,1156.5564,1138.5614,1141.9354
2022-04-07,1088.1378,1098.6349,1082.8893,1094.3236
2022-04-08,1107.8198,1120.0039,1095.0733,1107.2574
2022-04-11,1105.9453,1106.1327,1086.2632,1096.3855
2022-04-12,1090.5746,1094.6985,1061.8950,1068.0808
2022-04-13,1082.8892,1094.1361,1072.5796,1090.5746
2022-04-14,1098.2600,1119.4416,1096.0106,1118.5044
2022-04-15,1101.0718,1117.5672,1089.6374,1116.6300
2022-04-18,1097.8852,1105.5706,1084.5763,1089.6375
2022-04-19,1096.7604,1102.0091,1082.3270,1100.5094
2022-04-20,1118.5045,1137.4367,1115.8801,1126.3773
2022-04-21,1135.3748,1138.5614,1123.5655,1137.4366
2022-04-22,1142.8728,1147.1841,1120.3790,1139.8735
2022-04-25,1121.1287,1142.3105,1113.6308,1133.1255
2022-04-26,1119.2542,1123.9404,1098.6349,1107.4449
2022-04-27,1085.3260,1114.0056,1078.0155,1106.6952
2022-04-28,1100.1343,1141.5603,1100.1343,1138.1863
2022-05-02,1211.2915,1221.4136,1187.1106,1214.6655
2022-05-06,1235.2848,1235.2848,1209.9793,1220.2889
2022-05-09,1211.8539,1233.5979,1194.6087,1196.4832
2022-05-10,1190.8595,1213.9156,1179.6126,1208.6671
2022-05-11,1182.0493,1191.6092,1172.8644,1183.5490
2022-05-12,1168.3656,1179.0502,1153.9320,1159.9304
2022-05-13,1182.2367,1207.9171,1178.6751,1205.4802
2022-05-16,1214.2906,1217.6647,1194.4211,1205.1057
2022-05-17,1195.9206,1205.2930,1189.1725,1203.6060
2022-05-18,1218.2269,1230.9734,1217.1021,1227.9741
2022-05-19,1199.8569,1229.0989,1198.3573,1226.8495
2022-05-20,1236.4093,1245.9693,1224.4127,1243.7198
2022-05-23,1252.1550,1256.8412,1237.7215,1241.6580
2022-05-24,1248.5935,1257.4036,1239.7835,1242.0328
2022-05-25,1232.6603,1246.3441,1218.9766,1241.8453
2022-05-26,1246.5315,1253.0922,1233.2227,1236.9717
2022-05-27,1255.9040,1263.4020,1245.7818,1248.5935
2022-05-30,1257.7785,1274.2739,1254.7794,1270.8999
2022-05-31,1265.2763,1274.2738,1257.0285,1260.5901
2022-06-01,1253.2796,1273.8989,1250.4679,1273.8989
2022-06-02,1273.7118,1275.0239,1258.7159,1274.0867
2022-06-03,1285.8958,1292.8314,1271.0874,1285.1460
2022-06-06,1272.9618,1291.1444,1271.6498,1288.5201
2022-06-07,1293.3938,1309.5143,1290.9570,1300.8917
2022-06-08,1307.0776,1314.9505,1295.4558,1313.6383
2022-06-09,1302.7662,1314.9504,1293.5812,1295.4557
2022-06-10,1297.3301,1310.0766,1294.3309,1301.8289
2022-06-13,1272.7745,1291.3319,1270.1502,1284.9586
2022-06-14,1259.6530,1276.5233,1248.4061,1274.2739
2022-06-15,1265.2765,1267.5259,1247.8438,1251.2179
2022-06-16,1261.1525,1277.8355,1253.8421,1259.6530
2022-06-17,1203.9809,1229.0990,1196.8579,1219.1643
2022-06-20,1229.4739,1230.9734,1190.2971,1200.9817
2022-06-21,1215.0406,1226.6624,1202.4815,1220.1017
2022-06-22,1238.8464,1241.2832,1213.9156,1214.1031
2022-06-23,1211.1038,1229.6613,1202.8562,1206.2302
2022-06-24,1182.7991,1201.9189,1170.0527,1198.1699
2022-06-27,1216.9148,1239.5961,1216.3525,1236.5969
2022-06-28,1241.2830,1254.9667,1235.6595,1247.6561
2022-06-29,1228.9114,1250.8429,1227.9741,1234.1600
2022-06-30,1215.4153,1236.0346,1198.1700,1206.7926
2022-07-01,1207.1676,1212.9785,1177.7382,1187.8605
2022-07-04,1192.1717,1204.9181,1187.8604,1204.5432
2022-07-05,1215.4152,1221.7884,1208.2921,1217.1022
2022-07-06,1202.6688,1205.6681,1177.9257,1186.7357
2022-07-07,1197.4201,1206.6051,1179.9874,1206.6051
2022-07-08,1207.7298,1233.7852,1206.4177,1216.5399
2022-07-11,1240.1583,1249.3433,1224.7877,1230.5985
2022-07-12,1230.0362,1230.5985,1203.4185,1212.6035
2022-07-13,1216.1650,1221.6010,1207.1675,1214.4780
2022-07-14,1194.0461,1208.6671,1175.3013,1204.9181
2022-07-15,1207.1675,1210.5415,1192.5465,1195.7332
2022-07-19,1217.6645,1233.7852,1214.6654,1231.5358
2022-07-20,1248.2187,1275.9611,1245.7818,1275.7736
2022-07-21,1272.9619,1282.8967,1265.6515,1280.6473
2022-07-22,1268.2757,1287.3955,1267.1511,1285.7085
2022-07-25,1269.5876,1278.3977,1257.5910,1261.1525
2022-07-26,1258.1534,1268.8380,1253.8421,1260.4028
2022-07-27,1247.8438,1269.4004,1247.4689,1264.1519
2022-07-28,1268.0880,1272.9616,1250.6553,1257.4034
2022-07-29,1271.6497,1271.6497,1247.6562,1256.6538
2022-08-01,1235.6597,1239.7836,1216.9148,1239.7836
2022-08-02,1236.4094,1237.1593,1210.3542,1212.9784
2022-08-03,1210.3543,1236.0347,1208.2923,1235.4723
2022-08-04,1244.4696,1247.4687,1230.0361,1236.9717
2022-08-05,1229.4738,1253.0922,1225.5373,1246.3441
2022-08-08,1239.2211,1248.0312,1232.6604,1247.0940
2022-08-09,1248.4061,1251.2178,1231.5358,1237.9091
2022-08-10,1240.9082,1245.0321,1229.0990,1240.5333
2022-08-12,1270.3375,1298.6421,1267.5257,1295.2681
2022-08-15,1292.8315,1297.5177,1288.8950,1297.5177
2022-08-16,1299.2044,1299.2044,1291.5191,1295.2681
2022-08-17,1299.0171,1316.8247,1298.8297,1310.2640
2022-08-18,1302.7662,1304.0784,1289.0825,1298.6423
2022-08-19,1311.7635,1337.8188,1308.7643,1318.8865
2022-08-22,1302.7662,1315.3252,1293.5811,1311.9512
2022-08-23,1298.8297,1302.7661,1276.3359,1281.5845
2022-08-24,1284.0214,1315.1378,1279.5226,1306.1403
2022-08-25,1306.1404,1325.8225,1305.2032,1323.7606
2022-08-26,1321.8858,1336.3194,1319.6364,1323.3854
2022-08-29,1286.0832,1293.9560,1283.2715,1289.8322
2022-08-30,1297.3300,1311.3886,1288.3325,1309.5142
2022-08-31,1295.2680,1311.3885,1295.2680,1311.3885
2022-09-01,1305.5777,1310.2639,1298.0798,1304.8279
2022-09-02,1306.5150,1307.4522,1283.4589,1294.1434
2022-09-05,1294.3309,1301.0790,1290.2070,1296.3928
2022-09-06,1295.6431,1298.0799,1280.6472,1296.3928
2022-09-07,1279.7101,1283.2715,1272.0246,1280.6473
2022-09-08,1283.2714,1309.7017,1283.2714,1309.7017
2022-09-09,1298.0798,1314.5752,1295.4555,1305.7651
2022-09-12,1324.1353,1335.0072,1307.0774,1313.4507
2022-09-13,1314.0130,1321.5109,1305.7652,1309.5142
2022-09-14,1280.0850,1299.0172,1269.0255,1286.0833
2022-09-15,1283.6462,1285.8956,1274.8361,1279.8972
2022-09-16,1272.0245,1277.2732,1258.5283,1260.4028
2022-09-20,1272.2120,1274.2739,1258.7157,1261.1525
2022-09-21,1246.3444,1247.2816,1220.6639,1220.6639
2022-09-22,1207.1674,1230.9734,1203.6059,1230.9734
2022-09-26,1212.2288,1212.2288,1181.2998,1181.4872
2022-09-27,1190.4845,1190.6721,1178.3004,1188.0477
2022-09-28,1179.0502,1187.2980,1159.9304,1176.8008
2022-09-29,1203.3394,1206.1828,1178.1277,1202.3916
2022-09-30,1194.0510,1200.3065,1155.9490,1158.9821
2022-10-03,1134.9078,1188.5538,1134.1495,1185.5209
2022-10-04,1210.3534,1232.7217,1207.8891,1228.3618
2022-10-05,1242.1999,1246.9390,1227.4141,1233.4801
2022-10-06,1235.9441,1258.3124,1234.0485,1252.8152
2022-10-07,1233.8593,1247.5077,1225.1394,1239.5461
2022-10-11,1217.7463,1221.5376,1195.3779,1205.0457
2022-10-12,1198.0317,1204.2873,1185.3311,1198.7900
2022-10-13,1192.3449,1194.2405,1176.4216,1184.9519
2022-10-14,1215.2818,1240.3040,1211.4906,1229.6886
2022-10-17,1213.0073,1220.7793,1208.8369,1217.3672
2022-10-18,1244.8535,1246.3700,1213.5758,1228.5511
2022-10-19,1223.0539,1233.6693,1219.8313,1225.8973
2022-10-20,1209.7847,1216.9880,1202.5814,1215.4716
2022-10-21,1207.1309,1213.5760,1201.0648,1205.6144
2022-10-24,1224.5704,1233.4798,1214.1445,1216.2296
2022-10-25,1231.9634,1250.7300,1229.4990,1245.6118
2022-10-26,1241.2522,1246.9391,1234.6175,1240.4940
2022-10-27,1246.7492,1246.7492,1225.5182,1233.1007
2022-10-28,1191.9660,1218.5046,1182.6775,1208.4579
2022-10-31,1250.9195,1284.6615,1244.0952,1281.4390
2022-11-01,1292.6234,1330.9148,1290.3486,1330.5358
2022-11-02,1314.4228,1327.8817,1314.2332,1321.0575
2022-11-04,1322.3843,1330.1564,1308.1671,1326.1755
2022-11-07,1340.2034,1350.4398,1332.8104,1336.2227
2022-11-08,1345.3215,1350.8188,1341.3407,1346.4589
2022-11-09,1357.6430,1362.3820,1346.2693,1354.7996
2022-11-10,1330.5356,1344.5631,1327.5025,1342.6675
2022-11-11,1371.1018,1383.2338,1356.5055,1381.1486
2022-11-14,1383.8025,1392.9015,1352.1457,1360.1073
2022-11-15,1360.4864,1372.4288,1358.9699,1369.9645
2022-11-16,1371.4810,1376.5992,1362.3821,1365.7942
2022-11-17,1375.2725,1379.6324,1368.0691,1374.1351
2022-11-18,1374.1350,1381.9070,1368.6377,1373.3767
2022-11-21,1379.0635,1393.8493,1378.4948,1383.2339
2022-11-22,1396.1241,1414.7011,1386.6460,1391.3850
2022-11-24,1411.0994,1414.7010,1393.4701,1401.6213
2022-11-25,1401.6215,1409.3935,1396.5033,1406.1709
2022-11-28,1406.3604,1411.0995,1393.8493,1401.0526
2022-11-29,1389.4894,1402.1901,1386.8355,1392.9015
2022-11-30,1382.0964,1392.9015,1370.7227,1383.6130
2022-12-01,1378.4950,1396.8826,1373.1873,1387.9731
2022-12-02,1365.2257,1366.9316,1344.1842,1355.3684
2022-12-05,1349.3021,1349.8708,1327.6921,1339.2554
2022-12-06,1329.7775,1354.7997,1328.4505,1350.6293
2022-12-07,1335.0852,1356.3162,1334.1374,1348.5442
2022-12-08,1334.5163,1339.0659,1326.1755,1327.3130
2022-12-09,1343.9945,1352.3353,1342.0989,1346.2693
2022-12-12,1323.9010,1339.2555,1322.7636,1336.6016
2022-12-13,1359.3491,1368.4482,1354.6101,1360.8657
2022-12-14,1360.2968,1365.6046,1351.5770,1363.7090
2022-12-15,1347.2171,1375.8409,1347.0275,1368.2584
2022-12-16,1346.8380,1353.6622,1342.2885,1343.8051
2022-12-19,1332.6209,1340.2034,1328.2610,1330.5358
2022-12-20,1335.2747,1338.4972,1298.8788,1306.0822
2022-12-21,1304.1864,1304.1864,1275.7521,1291.4857
2022-12-22,1297.7414,1304.7552,1280.3017,1288.8320
2022-12-23,1269.8759,1281.0600,1263.2412,1276.3209
2022-12-26,1276.5105,1301.3431,1276.5105,1296.9832
2022-12-27,1303.9970,1305.3238,1286.7468,1287.6946
2022-12-28,1283.3348,1289.7799,1278.9748,1289.7799
2022-12-29,1276.7000,1279.1643,1261.5351,1278.0270
2022-12-30,1281.8182,1289.4007,1264.1890,1268.3593
2023-01-04,1205.0457,1246.1806,1193.2928,1242.3894
2023-01-05,1237.2711,1238.2189,1220.0209,1228.5511
2023-01-06,1224.5705,1247.3180,1219.4523,1242.7684
2023-01-10,1261.7245,1262.6723,1229.4990,1235.3755
2023-01-11,1235.7547,1254.3317,1235.3755,1244.4745
2023-01-12,1241.6311,1252.8153,1234.4278,1234.9965
2023-01-13,1218.6942,1238.7877,1218.6942,1228.3618
2023-01-16,1213.3865,1218.1255,1205.6145,1208.4579
2023-01-17,1210.3535,1226.8454,1210.3535,1224.1915
2023-01-18,1229.3094,1262.4828,1225.8973,1261.7245
2023-01-19,1248.8344,1254.7109,1238.9772,1238.9772
2023-01-20,1231.5844,1261.1560,1228.7409,1259.2604
2023-01-23,1276.8896,1279.5435,1266.8428,1273.2880
2023-01-24,1283.9034,1305.5135,1281.4391,1302.2909
2023-01-25,1303.8074,1314.2333,1296.7935,1311.2003
2023-01-26,1312.3378,1317.2665,1303.2388,1311.5796
2023-01-27,1299.4476,1314.6125,1299.4476,1310.0630
2023-01-30,1307.9777,1309.4942,1287.5051,1289.5902
2023-01-31,1301.5328,1305.3240,1282.1975,1285.6096
2023-02-01,1291.4858,1291.8649,1264.5680,1271.2026
2023-02-02,1311.7689,1350.2500,1306.0821,1328.2609
2023-02-03,1312.5273,1324.0906,1302.6701,1309.1151
2023-02-06,1328.0712,1335.6536,1325.0382,1327.3130
2023-02-07,1336.4120,1338.8763,1328.2609,1330.1565
2023-02-08,1337.1704,1345.5110,1326.1757,1330.3461
2023-02-09,1322.3844,1340.3928,1319.5410,1335.0851
2023-02-10,1334.8957,1346.2695,1326.1758,1331.4836
2023-02-13,1327.8819,1330.9148,1311.7691,1324.6593
2023-02-14,1327.8818,1333.3792,1313.6647,1318.2142
2023-02-15,1324.6592,1325.0383,1311.3898,1313.8541
2023-02-16,1317.4560,1328.6402,1314.4230,1326.9341
2023-02-17,1315.3708,1331.1045,1310.8213,1324.6593
2023-02-20,1328.4504,1336.7911,1324.0905,1336.4120
2023-02-21,1338.3077,1342.8573,1325.9862,1327.5027
2023-02-22,1306.4615,1310.6319,1279.9228,1282.7662
2023-02-24,1271.2028,1297.7415,1264.9473,1297.3624
2023-02-27,1290.9172,1309.8734,1290.9172,1304.9448
2023-02-28,1310.8212,1318.0245,1299.6370,1306.0822
2023-03-01,1307.5985,1323.1426,1302.4803,1322.9531
2023-03-02,1328.8297,1334.8957,1315.1812,1320.2994
2023-03-03,1320.2992,1348.3543,1318.0244,1339.2554
2023-03-06,1355.3682,1362.5715,1351.9561,1359.5386
2023-03-07,1352.5248,1366.7419,1350.0605,1364.4672
2023-03-08,1364.2776,1365.7941,1355.5577,1364.6567
2023-03-09,1375.4617,1384.7503,1359.3490,1362.5715
2023-03-10,1334.1372,1352.3352,1331.2938,1336.4120
2023-03-13,1314.6126,1317.8351,1290.3486,1305.7031
2023-03-14,1289.7800,1291.6756,1249.4032,1265.3264
2023-03-15,1280.4913,1291.6756,1266.8429,1283.5243
2023-03-16,1242.3893,1259.8289,1232.5320,1256.2273
2023-03-17,1288.6424,1301.7223,1285.2303,1297.5519
2023-03-20,1308.7361,1308.7361,1282.5765,1285.7991
2023-03-22,1310.8212,1315.9394,1300.9639,1302.6700
2023-03-23,1284.6616,1304.1864,1274.0460,1300.9639
2023-03-24,1299.4475,1303.8074,1292.0545,1298.3102
2023-03-27,1304.7552,1325.4175,1302.2909,1325.0383
2023-03-28,1331.6730,1359.5386,1330.9147,1352.9039
2023-03-29,1353.6622,1375.0828,1346.8380,1375.0828
2023-03-30,1394.4286,1401.5157,1377.7644,1387.1500
2023-03-31,1407.8366,1426.6077,1384.0853,1389.0654
2023-04-03,1400.1748,1410.9011,1393.6623,1409.5604
2023-04-04,1411.6674,1438.8665,1409.9435,1425.4585
2023-04-05,1403.0480,1403.0480,1373.3590,1374.5082
2023-04-06,1347.1175,1380.8290,1339.2643,1373.5503
2023-04-07,1381.0205,1388.4907,1373.5503,1378.7219
2023-04-10,1391.3639,1400.9410,1386.5754,1398.2594
2023-04-11,1402.4734,1406.8788,1393.2793,1398.2594
2023-04-12,1402.0904,1412.6252,1398.2595,1409.1775
2023-04-13,1409.7520,1410.7097,1397.1102,1399.2172
2023-04-14,1413.0082,1420.0953,1402.8565,1418.7545
2023-04-17,1442.3140,1448.6349,1428.3315,1436.5677
2023-04-18,1446.1448,1461.2767,1441.9309,1454.5728
2023-04-19,1463.5752,1472.7693,1459.5529,1465.6823
2023-04-20,1473.9186,1477.3664,1459.9361,1471.6201
2023-04-21,1472.7694,1489.6251,1470.4709,1480.2395
2023-04-24,1494.7966,1507.6299,1489.0504,1489.4333
2023-04-25,1487.3266,1493.8391,1468.5554,1478.1326
2023-04-26,1454.9560,1459.1699,1438.4834,1453.0405
2023-04-27,1436.5681,1465.1079,1435.8018,1464.5332
2023-04-28,1413.5826,1437.3339,1395.5776,1433.6946
2023-05-01,1455.1475,1490.1997,1453.9982,1490.1997
2023-05-02,1494.0303,1498.8189,1476.0253,1481.5801
2023-05-08,1510.3117,1513.1848,1493.8391,1496.3291
2023-05-09,1509.1626,1521.9959,1505.7148,1512.6104
2023-05-10,1510.3117,1511.2694,1483.6873,1494.6052
2023-05-11,1493.2644,1498.8192,1486.7521,1496.7123
2023-05-12,1508.7793,1510.3116,1496.1374,1503.2245
2023-05-15,1509.3541,1526.5929,1501.8839,1526.5929
2023-05-16,1526.5927,1547.0878,1522.5704,1547.0878
2023-05-17,1545.7470,1553.6002,1542.4907,1551.3018
2023-05-18,1564.7097,1595.9311,1564.3266,1586.9286
2023-05-19,1589.0356,1590.9510,1575.4361,1589.9933
2023-05-22,1570.8389,1582.1399,1563.1772,1581.7568
2023-05-23,1578.3092,1583.4808,1556.4733,1566.0504
2023-05-24,1540.7670,1553.0256,1534.6376,1548.8116
2023-05-25,1526.5927,1544.7893,1518.9311,1543.2570
2023-05-26,1547.6623,1575.2445,1543.6400,1567.0081
2023-05-29,1585.0131,1588.2694,1553.9832,1557.0480
2023-05-30,1555.3242,1567.1998,1543.8316,1561.8367
2023-05-31,1558.0057,1558.0057,1533.2967,1541.1499
2023-06-01,1538.0853,1551.8764,1532.1476,1539.4261
2023-06-02,1551.4933,1591.9087,1544.2147,1589.2272
2023-06-05,1617.9586,1638.8367,1613.5532,1638.2621
2023-06-06,1627.1524,1652.6275,1620.0653,1650.3290
2023-06-07,1662.2047,1670.0580,1618.9162,1628.6848
2023-06-08,1638.6450,1646.8813,1611.0629,1623.3217
2023-06-09,1652.0532,1664.1203,1634.8144,1659.9064
2023-06-12,1668.1426,1670.2495,1652.0530,1663.3540
2023-06-13,1666.2273,1684.9984,1657.7994,1673.5059
2023-06-14,1701.4708,1731.7345,1696.8739,1710.0902
2023-06-15,1706.2595,1719.2844,1691.5107,1706.2595
2023-06-16,1701.8541,1704.7272,1684.8068,1703.7695
2023-06-19,1707.0258,1707.6004,1682.3168,1689.9785
2023-06-20,1673.1227,1680.0182,1663.3541,1675.4213
2023-06-21,1673.3143,1694.7670,1661.0556,1691.1278
2023-06-22,1690.9360,1720.0505,1689.2122,1710.4734
2023-06-23,1721.9660,1724.4560,1661.0555,1666.4187
2023-06-26,1649.1799,1678.8689,1644.0082,1664.8864
2023-06-27,1668.7172,1684.2321,1655.8838,1668.9087
2023-06-28,1695.1501,1707.4088,1672.3565,1707.4088
2023-06-29,1706.2597,1717.3691,1698.9811,1712.3890
2023-06-30,1704.7274,1709.5160,1685.5732,1703.9612
2023-07-03,1710.2819,1736.3317,1708.3665,1733.6500
2023-07-04,1718.9015,1730.2025,1706.8343,1720.4338
2023-07-05,1704.3440,1722.3490,1697.2569,1722.3490
2023-07-06,1719.8591,1733.8417,1710.4735,1716.9860
2023-07-07,1697.2569,1710.0903,1678.8689,1690.3615
2023-07-10,1690.3614,1707.9834,1684.2321,1693.6177
2023-07-11,1712.7720,1712.7720,1687.2969,1692.8516
2023-07-12,1686.1475,1688.6375,1658.3738,1668.7172
2023-07-13,1676.5703,1699.5554,1671.2072,1690.7445
2023-07-14,1710.4736,1716.2198,1677.1451,1693.2347
2023-07-18,1675.2297,1688.4462,1668.3342,1676.9536
2023-07-19,1695.9163,1725.4138,1695.3416,1723.8815
2023-07-20,1723.6899,1729.2446,1695.3416,1697.4486
2023-07-21,1697.4486,1703.9610,1683.8490,1691.5107
2023-07-24,1703.7695,1705.6849,1692.8515,1699.3640
2023-07-25,1699.3640,1709.5157,1697.0655,1702.0455
2023-07-26,1718.9013,1718.9013,1692.8515,1695.1500
2023-07-27,1694.7669,1704.5356,1686.5306,1700.8962
2023-07-28,1672.1650,1684.2321,1641.3267,1668.3341
2023-07-31,1710.2820,1780.9611,1706.6426,1780.9611
2023-08-01,1787.8565,1836.6998,1784.0257,1836.6998
2023-08-02,1817.9287,1845.1277,1796.4760,1796.8590
2023-08-03,1771.5756,1772.1502,1735.3740,1741.3118
2023-08-04,1730.5854,1758.3590,1717.7520,1755.8690
2023-08-07,1739.5880,1782.3020,1736.7149,1771.3840
2023-08-08,1769.8517,1774.8317,1751.2720,1751.6552
2023-08-09,1736.1402,1753.3790,1727.9038,1745.9088
2023-08-10,1741.3117,1768.3192,1733.4585,1766.4038
2023-08-14,1777.5132,1791.3043,1761.6152,1770.4261
2023-08-15,1788.0481,1796.8590,1779.6202,1790.9213
2023-08-16,1783.2595,1795.1352,1775.5978,1777.3218
2023-08-17,1758.3591,1771.1925,1740.1626,1763.1477
2023-08-18,1740.7371,1761.8068,1737.6725,1747.8242
2023-08-21,1756.8269,1767.9363,1745.3344,1756.8269
2023-08-22,1779.6203,1792.6452,1775.2148,1792.4536
2023-08-23,1776.1724,1790.3466,1773.1078,1789.1973
2023-08-24,1798.5831,1810.0757,1790.9214,1807.3940
2023-08-25,1784.4088,1792.6452,1780.7695,1788.2396
2023-08-28,1796.6676,1822.1427,1792.0705,1822.1427
2023-08-29,1818.5033,1823.2918,1805.0953,1810.2668
2023-08-30,1823.6748,1833.0604,1818.3116,1826.1649
2023-08-31,1827.5057,1865.4312,1827.3142,1856.8118
2023-09-01,1869.2622,1900.6750,1866.1974,1899.9089
2023-09-04,1913.3169,1924.0432,1889.7571,1924.0432
2023-09-05,1923.0855,1927.8741,1904.3144,1924.0432
2023-09-06,1929.7894,1947.9859,1925.0008,1942.2396
2023-09-07,1929.7894,1939.3665,1914.8491,1920.2123
2023-09-08,1897.8018,1910.6352,1885.7347,1890.7147
2023-09-11,1907.5707,1920.2124,1901.2497,1918.2970
2023-09-12,1925.0007,1929.7893,1893.5877,1911.4012
2023-09-13,1887.6502,1893.5880,1860.4512,1861.0258
2023-09-14,1872.1353,1893.0134,1861.9835,1882.6702
2023-09-15,1905.0805,1927.8741,1902.0158,1914.6576
2023-09-19,1919.2547,1921.1701,1891.6725,1905.2721
2023-09-20,1906.2297,1908.3366,1888.2246,1893.7794
2023-09-21,1901.2495,1917.3392,1893.9710,1897.4187
2023-09-22,1872.9014,1885.5432,1862.9411,1875.5830
2023-09-25,1895.8864,1901.2495,1871.7521,1874.4336
2023-09-26,1878.8392,1880.9461,1861.4088,1867.3467
2023-09-27,1865.2396,1884.5854,1856.6202,1881.9038
2023-09-28,1888.4698,1890.2078,1842.5084,1862.9786
2023-09-29,1864.9098,1867.4202,1787.8569,1791.1399
2023-10-02,1800.2162,1827.8316,1793.8435,1795.5814
2023-10-03,1780.7117,1782.4498,1745.7579,1752.5170
2023-10-04,1723.5497,1723.7427,1670.0568,1675.6572
2023-10-05,1699.0239,1723.1633,1678.7469,1714.8594
2023-10-06,1726.4464,1727.9913,1681.6438,1694.0032
2023-10-10,1728.3775,1730.1156,1702.3070,1718.7218
2023-10-11,1714.8596,1737.8403,1709.6455,1721.0393
2023-10-12,1776.6562,1808.9064,1755.9929,1802.3405
2023-10-13,1774.7251,1782.2566,1750.5857,1757.3447
2023-10-16,1738.0332,1747.4959,1720.8459,1744.2129
2023-10-17,1780.5186,1785.7327,1737.0678,1749.6202
2023-10-18,1743.0542,1751.5513,1721.2322,1737.2607
2023-10-19,1714.8595,1735.7159,1705.5900,1706.3624
2023-10-20,1687.4372,1695.5481,1674.4985,1689.7546
2023-10-23,1667.3533,1702.3070,1665.0359,1682.2230
2023-10-24,1700.1826,1709.4521,1653.2556,1702.4999
2023-10-25,1718.3356,1727.9913,1688.5960,1695.3550
2023-10-26,1684.3476,1705.2039,1667.3535,1681.0646
2023-10-27,1694.9687,1724.3221,1687.4371,1715.6320
2023-10-30,1793.0710,1814.6999,1773.5664,1814.3136
2023-10-31,1821.8450,1835.1699,1790.7535,1830.1489
2023-11-01,1859.1161,1887.1177,1858.1505,1862.0128
2023-11-02,1890.9800,1892.7180,1841.1564,1843.6669
2023-11-06,1857.5714,1890.2077,1852.5504,1872.4412
2023-11-07,1865.1029,1881.3246,1854.0954,1855.6404
2023-11-08,1872.0550,1890.9802,1856.9919,1856.9919
2023-11-09,1869.7377,1891.7527,1856.6059,1889.4354
2023-11-10,1896.1943,1913.5746,1896.1943,1911.2572
2023-11-13,1933.0794,1954.3220,1931.1482,1941.7695
2023-11-14,1943.7007,1948.5286,1921.4925,1921.6855
2023-11-15,1947.5630,1957.2187,1927.4790,1937.9072
2023-11-16,1925.5476,1942.7349,1919.5611,1939.8381
2023-11-17,1947.5631,2009.3599,1940.8041,2008.3943
2023-11-20,2008.3941,2010.3252,1972.6678,1972.6678
2023-11-21,1992.9449,1993.9105,1963.9777,1973.6334
2023-11-22,1973.6332,2002.6004,1968.8054,1991.9791
2023-11-24,2008.3941,2020.9465,1987.1514,2013.2219
2023-11-27,2013.2220,2019.9810,1985.2204,2005.4974
2023-11-28,2004.5318,2004.5318,1958.1842,1966.8744
2023-11-29,1950.4594,1958.1840,1922.2647,1932.1135
2023-11-30,1943.7007,1997.7728,1936.9416,1986.1859
2023-12-01,2020.9463,2029.6365,2001.6348,2019.0151
2023-12-04,1998.7385,2017.0845,1983.2894,2007.4287
2023-12-05,1985.2203,1993.9105,1962.0465,1963.9777
2023-12-06,1964.9434,2014.1877,1963.0123,2007.4287
2023-12-07,1991.9794,1991.9794,1946.5974,1952.3909
2023-12-08,1923.8098,1938.8727,1894.6494,1905.4639
2023-12-11,1894.8426,1940.8039,1893.1045,1915.5059
2023-12-12,1944.6661,1953.3563,1931.1481,1933.0792
2023-12-13,1935.9758,1948.5283,1932.1135,1939.8381
2023-12-14,1950.4595,1954.3218,1904.1120,1914.3470
2023-12-15,1891.7527,1914.5404,1888.0836,1903.9191
2023-12-18,1899.2842,1908.1674,1876.1104,1902.5671
2023-12-19,1922.6510,1930.5688,1889.8215,1919.3682
2023-12-20,1938.8727,1939.8382,1909.9054,1918.2094
2023-12-21,1900.0565,1947.5627,1898.8978,1943.7004
2023-12-22,1950.4596,1963.0120,1928.2513,1931.1481
2023-12-25,1946.5972,1956.2529,1939.8381,1944.6660
2023-12-26,1942.7351,1947.5630,1930.5689,1937.9072
2023-12-27,1951.4252,1973.6334,1950.4596,1969.7711
2023-12-28,1966.8744,1973.6334,1955.2875,1963.9777
2023-12-29,1963.9777,1985.2203,1950.4596,1963.9777
2024-01-04,2006.4629,2007.4285,1954.3219,1963.9777
2024-01-05,1963.9776,1984.2546,1961.0808,1978.4612
2024-01-09,2076.9497,2107.8480,2041.2234,2055.7070
2024-01-10,2041.2234,2064.3972,2021.9119,2047.0168
2024-01-11,2124.2630,2149.3679,2111.7105,2132.9531
2024-01-12,2141.6435,2142.6091,2111.7107,2124.2632
2024-01-15,2144.5401,2180.2664,2144.5401,2177.3696
2024-01-16,2144.5400,2185.0942,2141.6433,2144.5400
2024-01-17,2164.8169,2207.3021,2158.0579,2158.0579
2024-01-18,2147.4365,2171.5759,2139.7119,2141.6431
2024-01-19,2182.1970,2182.1970,2133.9183,2162.8855
2024-01-22,2193.7845,2206.3369,2176.4041,2206.3369
2024-01-23,2228.5451,2261.3746,2196.6812,2206.3369
2024-01-24,2187.9910,2206.3369,2177.3697,2198.6123
2024-01-25,2204.4057,2210.1992,2175.4385,2198.6123
2024-01-26,2196.6811,2196.6811,2154.1958,2157.0925
2024-01-29,2158.0582,2203.4402,2157.0926,2198.6123
2024-01-30,2194.7500,2203.4402,2187.0254,2189.9221
2024-01-31,2219.8548,2257.5122,2208.2679,2254.6155
2024-02-01,2289.3762,2297.1008,2224.6827,2275.8582
2024-02-02,2317.3777,2324.1367,2286.4793,2310.6187
2024-02-05,2320.2741,2331.8610,2286.4790,2303.8594
2024-02-06,2275.8582,2302.8942,2268.1336,2284.5483
2024-02-07,2269.0991,2299.9975,2258.4778,2263.3057
2024-02-08,2302.8941,2324.1367,2286.4793,2316.4121
2024-02-09,2334.7583,2341.5173,2309.6534,2332.8271
2024-02-13,2352.1385,2391.7270,2336.6893,2385.9336
2024-02-14,2303.8599,2333.7927,2299.9976,2322.2058
2024-02-15,2337.6550,2353.1042,2315.4468,2342.4829
2024-02-16,2368.5529,2370.4841,2329.9300,2350.2070
2024-02-19,2319.3087,2353.1038,2315.4464,2353.1038
2024-02-20,2364.6912,2380.1404,2349.2420,2368.5535
2024-02-21,2386.8990,2409.1072,2375.3121,2405.2449
2024-02-22,2444.8334,2488.2842,2433.2465,2488.2842
2024-02-26,2484.4223,2488.2846,2454.4895,2454.4895
2024-02-27,2482.4909,2499.8713,2468.0073,2472.8352
2024-02-28,2456.4204,2479.5942,2430.3499,2456.4204
2024-02-29,2431.3155,2462.2138,2421.6597,2445.7991
2024-03-01,2426.4877,2498.9058,2426.4877,2498.9058
2024-03-04,2545.2534,2555.8747,2512.4239,2541.3911
2024-03-05,2516.2860,2574.2205,2509.5270,2570.3582
2024-03-06,2548.1499,2553.9433,2519.1826,2525.9417
2024-03-07,2520.1482,2536.5629,2507.5957,2515.3203
2024-03-08,2498.9055,2531.7351,2494.0777,2509.5269
2024-03-11,2472.8353,2474.7665,2384.0025,2411.0386
2024-03-12,2356.9664,2382.0713,2330.8959,2382.0713
2024-03-13,2412.0041,2422.6254,2362.7598,2377.2434
2024-03-14,2356.9662,2410.0727,2355.0350,2405.2449
2024-03-15,2386.8990,2438.0744,2386.8990,2405.2449
2024-03-18,2415.8663,2459.3171,2415.8663,2452.5581
2024-03-19,2459.3170,2529.8039,2459.3170,2524.0105
2024-03-21,2581.9450,2661.1220,2558.7712,2642.7761
2024-03-22,2650.5008,2670.7778,2617.6712,2661.1221
2024-03-25,2609.9469,2700.7109,2607.0502,2667.8813
2024-03-26,2655.3286,2688.1582,2642.7762,2664.9844
2024-03-27,2664.9842,2730.6433,2659.1908,2707.4695
2024-03-28,2645.2289,2699.6895,2621.8886,2675.3767
2024-03-29,2675.3766,2721.0846,2666.6240,2710.3870
2024-04-01,2720.1123,2735.6725,2599.5210,2604.3835
2024-04-02,2611.1911,2649.1191,2577.1533,2630.6414
2024-04-03,2615.0810,2648.1464,2591.7408,2629.6687
2024-04-04,2688.0192,2722.0571,2679.2666,2690.9368
2024-04-05,2661.7616,2718.1672,2646.2014,2696.7720
2024-04-08,2698.7170,2744.4250,2677.3218,2703.5796
2024-04-09,2746.3699,2772.6277,2728.8647,2772.6277
2024-04-10,2724.9748,2765.8202,2718.1672,2747.3425
2024-04-11,2738.5900,2839.7311,2732.7549,2829.0334
2024-04-12,2850.4287,2851.4012,2809.5833,2840.7036
2024-04-15,2812.5006,2847.5109,2794.0229,2845.5659
2024-04-16,2812.5010,2833.8962,2711.3599,2732.7551
2024-04-17,2720.1122,2737.6174,2683.1568,2699.6895
2024-04-18,2645.2289,2708.4421,2627.7237,2675.3767
2024-04-19,2651.0640,2683.1569,2541.1703,2592.7134
2024-04-22,2618.9711,2644.2564,2560.6205,2585.9058
2024-04-23,2609.2459,2625.7786,2556.7303,2570.3455
2024-04-24,2592.7132,2692.8818,2587.8507,2666.6240
2024-04-25,2608.2735,2656.8990,2560.6204,2574.2356
2024-04-26,2586.8781,2625.7786,2578.1256,2620.9160
2024-04-30,2820.2808,2977.8276,2820.2808,2843.6211
2024-05-01,2838.7584,2861.1262,2808.6106,2818.3357
2024-05-02,2832.9236,2832.9236,2786.2430,2811.5283
2024-05-07,2935.0368,2935.0368,2840.7033,2853.3459
2024-05-08,2835.8413,2843.6214,2759.0130,2760.9580
2024-05-09,2781.3803,2798.8855,2755.1226,2755.1226
2024-05-10,2771.6555,2825.1436,2761.9304,2810.5559
2024-05-13,2826.1160,2842.6486,2773.6004,2780.4080
2024-05-14,2800.8307,2857.2363,2791.1056,2821.2534
2024-05-15,2822.2261,2848.4838,2786.2432,2795.9683
2024-05-16,2817.3633,2830.0059,2764.8477,2783.3254
2024-05-17,2792.0781,2819.3084,2753.1776,2809.5833
2024-05-20,2808.6108,2858.2089,2805.6933,2832.9236
2024-05-21,2859.1814,2912.6695,2854.3188,2904.8894
2024-05-22,2917.5320,2936.0097,2869.8789,2881.5491
2024-05-23,2909.7520,2948.6524,2863.0715,2947.6799
2024-05-24,2909.7519,3033.2608,2907.8069,3030.3433
2024-05-27,3048.8210,3095.5015,3041.0409,3090.6389
2024-05-28,3076.0514,3102.3092,3062.4362,3101.3367
2024-05-29,3103.2813,3150.9343,3072.1609,3083.8311
2024-05-30,3025.4805,3055.6284,2981.7176,3053.6833
2024-05-31,3073.1338,3140.2371,3051.7386,3140.2371
2024-06-03,3169.4122,3221.9277,3166.4946,3221.9277
2024-06-04,3220.9553,3255.9657,3185.9449,3220.9553
2024-06-05,3199.5599,3199.5599,3068.2710,3104.2539
2024-06-06,3160.6595,3193.7248,3138.2917,3172.3296
2024-06-07,3172.3298,3208.3127,3153.8521,3180.1099
2024-06-10,3209.2853,3337.6567,3199.5602,3335.7117
2024-06-11,3353.2169,3372.6671,3312.3715,3318.2065
2024-06-12,3267.6359,3322.0965,3256.9383,3314.3164
2024-06-13,3332.7941,3366.8320,3267.6359,3290.0037
2024-06-14,3267.6355,3360.0240,3267.6355,3342.5188
2024-06-17,3308.4812,3315.2888,3248.1855,3253.0481
2024-06-18,3248.1858,3259.8560,3199.5603,3240.4058
2024-06-19,3241.3780,3335.7116,3237.4880,3300.7012
2024-06-20,3291.9487,3320.1515,3250.1307,3314.3164
2024-06-21,3316.2611,3338.6289,3234.5702,3261.8005
2024-06-24,3261.8007,3293.8935,3222.9003,3257.9106
2024-06-25,3306.5360,3426.1548,3294.8659,3408.6497
2024-06-26,3389.1998,3444.6329,3357.1069,3427.1277
2024-06-27,3413.5124,3572.0317,3408.6499,3553.5540
2024-06-28,3546.7462,3572.0315,3487.4231,3502.0107
2024-07-01,3558.4163,3615.7944,3541.8836,3615.7944
2024-07-02,3627.4647,3655.6675,3590.5093,3643.0249
2024-07-03,3598.2896,3648.8602,3532.1589,3585.6470
2024-07-04,3583.7014,3636.2170,3555.4986,3622.6018
2024-07-05,3627.4645,3655.6673,3569.1138,3607.0417
2024-07-08,3549.6635,3582.7288,3491.3128,3545.7734
2024-07-09,3656.6399,3756.8085,3652.7499,3728.6057
2024-07-10,3660.5301,3724.7158,3648.8600,3713.0457
2024-07-11,3774.3140,3785.0116,3643.0251,3675.1179
2024-07-12,3607.0420,3631.3548,3549.6639,3599.2620
2024-07-16,3608.9870,3720.8257,3604.1244,3681.9253
2024-07-17,3714.9905,3749.0284,3670.2551,3702.3479
2024-07-18,3566.1964,3629.4096,3550.6363,3562.3064
2024-07-19,3492.2858,3577.8667,3466.0280,3532.1587
2024-07-22,3532.1590,3547.7191,3356.1345,3365.8596
2024-07-23,3384.3371,3404.7598,3311.3988,3356.1343
2024-07-24,3306.5363,3360.9969,3296.8112,3304.5913
2024-07-25,3100.3641,3152.8797,2990.4704,2993.3879
2024-07-26,2948.6524,3113.0067,2928.2297,3046.8760
2024-07-29,3106.1989,3176.2197,3077.0236,3145.0994
2024-07-30,3145.0997,3188.8627,3110.0894,3150.9348
2024-07-31,3034.2330,3214.1474,3023.5354,3197.6147
2024-08-01,3451.4401,3451.4401,3295.8384,3367.8042
2024-08-02,3147.0444,3152.8794,3007.9753,3007.9753
2024-08-05,2762.4167,2863.5578,2512.9677,2621.8889
2024-08-06,2969.0753,3101.3367,2937.9549,3057.5737
2024-08-07,3014.7830,3300.7011,2994.3603,3192.7524
2024-08-08,3056.6008,3148.0168,2984.6350,3049.7932
2024-08-09,3093.5566,3189.8352,3093.5566,3163.5774
2024-08-13,3287.0859,3384.3369,3265.6906,3384.3369
2024-08-14,3326.9590,3373.6395,3272.4984,3328.9041
2024-08-15,3296.8112,3371.6945,3272.4984,3302.6462
2024-08-16,3438.7976,3559.3889,3427.1275,3559.3889
2024-08-19,3501.0379,3525.3506,3428.0996,3452.4124
2024-08-20,3461.1655,3482.5607,3380.4471,3413.5125
2024-08-21,3384.3370,3481.5880,3374.6119,3446.5776
2024-08-22,3414.4850,3428.1001,3388.2272,3413.5125
2024-08-23,3406.7051,3424.2103,3363.9146,3365.8596
2024-08-26,3364.8868,3381.4195,3299.7286,3339.6016
2024-08-27,3287.0862,3294.8663,3231.6531,3277.3611
2024-08-28,3276.3885,3368.7770,3254.9933,3360.0244
2024-08-29,3334.7391,3393.0898,3311.3989,3379.4746
2024-08-30,3367.8044,3483.5332,3361.9694,3473.8081
2024-09-02,3520.4887,3528.2688,3454.3580,3503.9561
2024-09-03,3501.0382,3548.6912,3475.7529,3500.0657
2024-09-04,3325.0136,3348.3539,3240.4052,3267.6355
2024-09-05,3254.9930,3349.3266,3251.1030,3299.7285
2024-09-06,3275.4160,3293.8937,3139.2645,3182.0549
2024-09-09,3056.6012,3163.5774,3054.6562,3163.5774
2024-09-10,3180.1098,3235.5429,3161.6321,3209.2852
2024-09-11,3207.3400,3238.4604,3119.8141,3164.5496
2024-09-12,3333.7662,3348.3538,3294.8657,3325.9861
2024-09-13,3325.9862,3351.2715,3277.3607,3336.6838
2024-09-17,3316.2612,3345.4365,3248.1855,3316.2612
2024-09-18,3351.2715,3366.8317,3301.6735,3362.9417
2024-09-19,3463.1102,3583.7015,3451.4401,3558.4163
2024-09-20,3598.2894,3653.7225,3560.3615,3571.0591
2024-09-24,3695.5404,3802.5166,3680.9527,3750.0010
2024-09-25,3705.2654,3748.0559,3682.8977,3682.8977
2024-09-26,3808.3518,3873.5100,3791.8191,3873.5100
2024-09-27,3894.0410,3939.9912,3818.7607,3934.1252
2024-09-30,3744.4581,3840.2693,3681.8875,3696.5525
2024-10-01,3764.0114,3862.7556,3756.1901,3844.1799
2024-10-02,3707.3066,3811.9168,3699.4853,3741.5249
2024-10-03,3878.3982,3879.3759,3676.0215,3696.5525
2024-10-04,3697.5300,3749.3463,3676.0214,3676.9990
2024-10-07,3799.2074,3846.1354,3796.2744,3816.8054
2024-10-08,3861.7777,3928.2590,3822.6711,3858.8447
2024-10-09,3915.5495,3922.3931,3839.2916,3882.3088
2024-10-10,3908.7057,3908.7057,3820.7158,3847.1128
2024-10-11,3885.2418,3895.9962,3849.0682,3853.9565
2024-10-15,3930.2146,3992.7852,3897.9516,3962.4775
2024-10-16,3854.9340,3912.6162,3830.4923,3884.2639
2024-10-17,3939.9910,4027.0032,3922.3930,3941.9463
2024-10-18,3967.3657,4006.4723,3924.3484,3926.3037
2024-10-21,3955.6336,3958.5665,3864.7107,3866.6660
2024-10-22,3866.6659,3926.3035,3790.4080,3810.9390
2024-10-23,3766.9440,3824.6263,3763.0334,3808.9836
2024-10-24,3745.4358,3922.3932,3735.6592,3885.2419
2024-10-25,3854.9340,4051.4448,3835.3807,3923.3706
2024-10-28,3895.9963,4004.5171,3890.1303,3934.1252
2024-10-29,3934.1252,3986.9192,3887.1973,3962.4775
2024-10-30,3962.4772,4054.3777,3961.4995,4054.3777
2024-10-31,3765.9665,3840.2691,3645.7137,3836.3584
2024-11-01,3715.1281,3724.9047,3596.8306,3596.8306
2024-11-05,3617.3615,3624.2052,3566.5229,3568.4783
2024-11-06,3569.4560,3747.3910,3559.6793,3706.3291
2024-11-07,3766.9440,3901.8618,3738.5917,3881.3308
2024-11-08,3904.7953,3962.4775,3901.8623,3962.4775
2024-11-11,3962.4774,4010.3830,3930.2144,4003.5393
2024-11-12,3986.9192,3990.8298,3856.8897,3907.7283
2024-11-13,3848.0902,3890.1298,3743.4800,3790.4080
2024-11-14,3841.2467,3893.0629,3820.7157,3846.1350
2024-11-15,3895.0186,3925.3262,3862.7556,3862.7556
2024-11-18,3770.8551,3814.8501,3758.1455,3788.4531
2024-11-19,3788.4529,3798.2296,3724.9047,3780.6316
2024-11-20,3775.7431,3792.3634,3715.1279,3730.7705
2024-11-21,3714.1502,3715.1279,3631.0487,3666.2446
2024-11-22,3666.2447,3752.2792,3655.4904,3735.6589
2024-11-25,3745.4357,3763.0337,3711.2175,3728.8154
2024-11-26,3644.7359,3671.1329,3560.6567,3629.0933
2024-11-27,3636.9149,3674.0661,3626.1605,3651.5798
2024-11-28,3617.3616,3708.2844,3616.3839,3704.3738
2024-11-29,3676.0214,3705.3514,3659.4011,3667.2224
2024-12-02,3694.5969,3860.7999,3682.8649,3857.8669
2024-12-03,3893.0631,3932.1697,3867.6438,3920.4377
2024-12-04,3918.4825,4004.5170,3908.7058,3995.7180
2024-12-05,4029.9366,4052.4229,3998.6513,4018.2046
2024-12-06,4002.5616,4007.4499,3942.9240,3960.5220
2024-12-09,4008.4276,4039.7129,3911.6387,3952.7007
2024-12-10,3908.7055,3928.2589,3836.3583,3884.2639
2024-12-11,3871.5544,3935.1027,3840.2692,3930.2144
2024-12-12,3995.7180,4052.4226,3961.4997,3967.3657
2024-12-13,3898.9293,3936.0806,3867.6440,3907.7283
2024-12-16,3910.6612,3939.0135,3872.5323,3889.1526
2024-12-17,3928.2590,4023.0926,3891.1078,3899.9067
2024-12-18,3909.6834,3910.6610,3858.8448,3877.4204
2024-12-19,3740.5472,3870.5767,3734.6812,3856.8894
2024-12-20,3837.3362,3856.8895,3766.9443,3778.6763
2024-12-23,3847.1128,3861.7778,3784.5422,3784.5422
2024-12-24,3764.0109,3789.4302,3741.5246,3773.7876
2024-12-25,3797.2515,3808.0059,3754.2343,3808.0059
2024-12-26,3812.8945,3869.5991,3792.3636,3869.5991
2024-12-27,3909.6835,3921.4154,3874.4875,3914.5718
2024-12-30,3953.6783,3965.4103,3827.5595,3849.0681
2025-01-06,3956.6114,3983.9860,3847.1129,3882.3088
2025-01-07,3980.0752,3997.6732,3906.7503,3947.8123
2025-01-08,3913.5942,3923.3708,3857.8672,3876.4429
2025-01-09,3884.2642,3911.6388,3797.2520,3821.6936
2025-01-10,3753.2568,3771.8325,3724.9045,3724.9045
2025-01-14,3723.9270,3739.5697,3637.8925,3655.4905
2025-01-15,3687.7535,3700.4631,3628.1159,3641.8032
2025-01-16,3685.7982,3689.7089,3605.6296,3605.6296
2025-01-17,3605.6295,3635.9371,3551.8579,3614.4285
2025-01-20,3646.6915,3741.5250,3646.6915,3714.1504
2025-01-21,3717.0835,3737.6145,3666.2449,3688.7312
2025-01-22,3790.4082,3868.6215,3773.7879,3841.2468
2025-01-23,3939.0134,3992.7850,3903.8174,3954.6560
2025-01-24,3935.1026,3978.1199,3916.5270,3943.9016
2025-01-27,3954.6558,3975.1868,3793.3411,3793.3411
2025-01-28,3519.5951,3665.2672,3505.9078,3550.8804
2025-01-29,3618.3391,3655.4904,3556.7462,3616.3838
2025-01-30,3645.7139,3724.9048,3614.4286,3686.7759
2025-01-31,3800.1847,3878.3979,3783.5644,3857.8669
2025-02-03,3762.0561,3936.0805,3721.9718,3783.5647
2025-02-04,3910.6614,3956.6116,3864.7111,3888.1750
2025-02-05,3952.7007,4050.4673,3918.4825,3969.3210
2025-02-06,3946.8347,3998.6510,3938.0357,3979.0977
2025-02-07,3943.9019,4007.4502,3936.0806,3988.8745
2025-02-10,3973.2317,3996.6957,3925.3261,3931.1921
2025-02-12,3930.2145,3966.3881,3886.2195,3933.1475
2025-02-13,3939.0132,4067.0874,3932.1696,4040.6904
2025-02-14,4106.1939,4255.7767,4105.2162,4215.6924
2025-02-17,4199.0726,4333.0127,4160.9436,4321.2808
2025-02-18,4335.9459,4348.6556,4240.1347,4247.9561
2025-02-19,4248.9332,4294.8835,4200.0499,4282.1738
2025-02-20,4246.0004,4300.7496,4199.0724,4220.5811
2025-02-21,4159.9658,4167.7872,4061.2216,4099.3506
2025-02-25,3783.5647,3872.5323,3749.3464,3751.3018
2025-02-26,3690.6863,3752.2792,3638.8701,3741.5249
2025-02-27,3717.0833,3835.3808,3717.0833,3830.4924
2025-02-28,3695.5746,3708.2842,3642.7807,3666.2446
2025-03-03,3754.2344,3758.1451,3685.7979,3744.4578
2025-03-04,3633.9817,3676.9989,3580.2101,3637.8923
2025-03-05,3639.8475,3684.8201,3593.8972,3626.1602
2025-03-06,3681.8875,3889.1526,3680.9099,3889.1526
2025-03-07,3715.1279,3774.7655,3671.1330,3724.9045
2025-03-10,3681.8873,3715.1280,3603.6741,3620.2944
2025-03-11,3500.0414,3558.7014,3439.4262,3544.0364
2025-03-12,3597.8083,3665.2672,3581.1880,3603.6743
2025-03-13,3672.1110,3680.9100,3580.2104,3584.1211
2025-03-14,3515.6842,3615.4061,3512.7512,3565.5452
2025-03-17,3617.3614,3685.7980,3609.5401,3656.4680
2025-03-18,3715.1279,3726.8599,3674.0660,3713.1726
2025-03-19,3673.0885,3729.7931,3649.6245,3649.6245
2025-03-21,3650.6020,3696.5523,3648.6467,3682.8650
2025-03-24,3699.4853,3699.4853,3642.7807,3658.4233
2025-03-25,3726.8600,3759.1229,3663.3117,3676.9990
2025-03-26,3745.4355,3746.4131,3656.4679,3708.2842
2025-03-27,3622.2497,3654.5127,3589.0091,3654.5127
2025-03-28,3631.8933,3646.6451,3564.0350,3623.0422
2025-03-31,3451.9213,3489.2925,3400.7817,3400.7817
2025-04-01,3469.6233,3470.6068,3353.5759,3381.1125
2025-04-02,3392.9139,3409.6326,3313.2541,3409.6326
2025-04-03,3196.2235,3271.9494,3170.6537,3189.3394
2025-04-04,2913.9723,3012.3176,2907.0881,3003.4666
2025-04-07,2581.5651,2769.8964,2547.1442,2648.9316
2025-04-08,3029.0363,3042.8047,2953.3104,3021.1687
2025-04-09,2926.2653,2931.6743,2755.1445,2791.5322
2025-04-10,3283.7508,3283.7508,3132.2990,3194.2566
2025-04-11,2987.7312,3166.7197,2958.2276,3140.1665
2025-04-14,3197.2069,3269.9825,3163.7695,3163.7695
2025-04-15,3232.6113,3262.1149,3184.4221,3241.4624
2025-04-16,3259.1646,3266.0488,3152.9516,3206.0581
2025-04-17,3221.7934,3309.3207,3209.0085,3306.3704
2025-04-18,3343.7415,3361.4436,3297.5191,3343.7415
2025-04-21,3343.7413,3381.1126,3317.1881,3363.4104
2025-04-22,3314.2378,3355.5429,3268.0155,3309.3206
2025-04-23,3476.5077,3498.1436,3366.3609,3461.7559
2025-04-24,3510.9287,3526.6639,3468.6402,3498.1438
2025-04-25,3609.2738,3683.0328,3586.6543,3682.0493
2025-04-28,3784.3288,3800.0641,3665.3309,3685.0000
2025-04-30,3614.1910,3638.7773,3457.8219,3459.7888
2025-05-01,3541.4155,3628.9429,3498.1436,3620.0918
2025-05-02,3637.7942,3649.5956,3573.8697,3612.2244
2025-05-07,3740.0733,3744.9906,3672.2150,3739.0898
2025-05-08,3753.8415,3764.6595,3690.9005,3754.8250
2025-05-09,3835.4683,3858.0878,3772.5273,3825.6338
2025-05-12,3865.9551,3874.8062,3733.1889,3773.5105
2025-05-13,3864.9715,3874.8061,3771.5435,3802.0305
2025-05-14,3799.0801,3827.6003,3722.3708,3806.9478
2025-05-15,3795.1467,3852.1870,3776.4611,3804.9812
2025-05-16,3831.5344,3838.4186,3731.2222,3752.8582
2025-05-19,3751.8744,3762.6924,3729.2550,3741.0564
2025-05-20,3761.7091,3815.7990,3744.9904,3786.2954
2025-05-21,3814.8155,3815.7990,3738.1062,3751.8745
2025-05-22,3692.8675,3711.5531,3645.6617,3670.2480
2025-05-23,3690.9005,3755.8084,3676.1487,3737.1228
2025-05-26,3737.1227,3798.0968,3727.2881,3792.1960
2025-05-27,3809.8983,3864.9717,3789.2458,3864.9717
2025-05-28,3879.7235,3903.3264,3859.0710,3903.3264
2025-05-29,3957.4162,4027.2414,3947.5817,4014.4565
2025-05-30,3933.8134,3979.0522,3919.0616,3979.0522
2025-06-02,3896.4422,3926.9293,3877.7566,3912.1775
2025-06-03,3886.6077,3931.8465,3864.9717,3864.9717
2025-06-04,3882.6739,3930.8631,3873.8228,3924.9624
2025-06-05,3895.4589,4002.6554,3895.4589,3948.5654
2025-06-06,3936.7640,3996.7546,3918.0783,3953.4827
2025-06-09,4022.3240,4060.6787,4002.6549,4043.9600
2025-06-10,4051.8279,4074.4473,4012.4897,4021.3408
2025-06-11,4074.4475,4118.7029,4024.2913,4057.7288
2025-06-12,4051.8278,4056.7451,3950.5321,4004.6221
2025-06-13,3963.3173,3972.1684,3874.8065,3921.0288
2025-06-16,3933.8132,3972.1679,3918.0779,3947.5815
2025-06-17,3947.5815,3972.1678,3927.9124,3952.4988
2025-06-18,3920.0452,4014.4567,3912.1776,4006.5891
2025-06-19,3989.8702,4026.2579,3987.9033,3997.7378
2025-06-20,3997.7378,4021.3406,3923.9788,3923.9788
2025-06-23,3887.5911,3894.4753,3825.6336,3860.0544
2025-06-24,3978.0690,3981.0193,3901.3596,3936.7639
2025-06-25,4004.6221,4017.4070,3939.7142,3990.8538
2025-06-26,4065.5964,4066.5798,3941.6813,4027.2417
2025-06-27,4084.2816,4243.6010,4081.3312,4209.1802
2025-06-30,4219.0149,4227.8660,4121.6530,4135.4214
2025-07-01,4170.8260,4174.7599,4099.0339,4120.6699
2025-07-02,4061.6621,4098.0499,4027.2412,4079.3643
2025-07-03,4062.6457,4071.4968,3970.2011,4010.5227
2025-07-04,4041.9934,4044.9437,3928.8962,3959.3833
2025-07-07,3949.5488,3953.4826,3878.7401,3911.1941
2025-07-08,3893.4917,4051.8277,3887.5910,4050.8442
2025-07-09,4048.8775,4051.8279,4003.6387,4051.8279
2025-07-10,4012.4898,4051.8279,3965.2840,4046.9106
2025-07-11,4048.8775,4085.2653,3963.3171,3973.1516
2025-07-14,3982.9861,4036.0926,3973.1516,4021.3408
2025-07-15,4080.3483,4112.8022,4050.8447,4112.8022
2025-07-16,4111.8186,4145.2560,4098.0503,4133.4546
2025-07-17,4088.2159,4166.8921,4073.4641,4165.9087
2025-07-18,4228.8497,4325.2281,4218.0317,4271.1382
2025-07-22,4295.7243,4411.7718,4293.7573,4337.0293
2025-07-23,4405.8713,4450.1267,4333.0957,4376.3677
2025-07-24,4425.5401,4612.3963,4419.6394,4546.5049
2025-07-25,4509.1337,4585.8430,4498.3157,4537.6538
2025-07-28,4518.9681,4522.9019,4442.2587,4452.0933
2025-07-29,4424.5565,4434.3910,4360.6320,4383.2515
2025-07-30,4422.5896,4529.7860,4412.7550,4515.0342
2025-07-31,4583.8764,4619.2808,4528.8030,4619.2808
2025-08-01,4295.7239,4305.5584,4189.5109,4212.1304
2025-08-04,4034.1256,4126.5702,4014.4565,4076.4141
2025-08-05,4081.3316,4123.6201,4057.7288,4057.7288
2025-08-06,4051.8281,4127.5540,4046.9109,4082.3152
2025-08-07,4082.3148,4168.8587,4082.3148,4137.3882
2025-08-08,4195.4122,4235.7338,4146.2396,4158.0410
2025-08-12,4182.6267,4254.4188,4173.7756,4221.9648
2025-08-13,4264.2538,4269.1711,4209.1804,4239.6675
2025-08-14,4179.6771,4199.3462,4102.9678,4129.5210
2025-08-15,4169.8424,4203.2798,4147.2229,4203.2798
2025-08-18,4188.5279,4212.1308,4182.6272,4196.3955
2025-08-19,4214.0977,4241.6344,4187.5444,4196.3955
2025-08-20,4147.2227,4164.9249,4068.5464,4076.4141
2025-08-21,4081.3313,4090.1824,4038.0593,4038.0593
2025-08-22,4059.6958,4112.8023,4052.8116,4055.7620
2025-08-25,4081.3316,4094.1165,4028.2251,4045.9272
2025-08-26,3983.9695,4025.2745,3976.1018,3980.0356
2025-08-27,4000.6882,4006.5889,3953.4824,3975.1184
2025-08-28,3953.4826,4050.8445,3949.5488,4045.9272
2025-08-29,4032.1588,4049.8610,3982.0027,3982.0027
2025-09-01,3943.6480,3974.1351,3894.4754,3916.1113
2025-09-02,3896.4424,3925.9460,3880.7071,3901.3596
2025-09-03,3835.4680,3849.2364,3760.7256,3765.6428
2025-09-04,3796.1299,3820.7162,3758.7587,3769.5767
2025-09-05,3800.0637,3837.4349,3771.5435,3831.5342
2025-09-08,3897.4256,3897.4256,3839.4018,3865.9551
2025-09-09,3884.6409,3968.2344,3879.7236,3910.2107
2025-09-10,3904.3097,4050.8442,3890.5413,4050.8442
2025-09-11,3950.5322,4047.8940,3937.7473,4047.8940
2025-09-12,4061.6623,4062.6458,4000.6882,4023.3076
2025-09-16,4020.3574,4020.3574,3941.6812,3984.9531
2025-09-17,3920.0451,3938.7307,3874.8063,3894.4753
2025-09-18,3904.3099,3933.8135,3890.5415,3890.5415
2025-09-19,3894.4753,3923.9789,3788.2623,3799.0803
2025-09-22,3777.4443,3827.6004,3768.5932,3783.3450
2025-09-24,3823.6668,3972.1682,3803.9977,3963.3171
2025-09-25,4032.1589,4043.9603,3938.7308,3963.3171
2025-09-26,3918.0782,3926.9292,3857.1040,3873.8228
2025-09-29,3885.6936,3895.5859,3853.0490,3875.8013
2025-09-30,3912.4026,3913.3918,3871.8442,3887.6719
2025-10-01,3841.1782,3857.0059,3784.7922,3833.2644
2025-10-02,3853.0490,3870.8551,3795.6737,3857.9951
2025-10-03,4075.6252,4274.4603,4069.6899,4253.6865
2025-10-06,4451.5325,4460.4356,4305.1266,4427.7910
2025-10-07,4471.3175,4483.1883,4333.8146,4424.8237
2025-10-08,4454.5007,4479.2315,4396.1362,4428.7808
2025-10-09,4550.4556,4573.2079,4457.4681,4518.8003
2025-10-10,4505.9408,4505.9408,4342.7180,4366.4595
2025-10-14,4313.0407,4333.8145,4176.5270,4216.0962
2025-10-15,4263.5792,4461.4252,4236.8700,4456.4790
2025-10-16,4555.4018,4590.0248,4494.0695,4552.4341
2025-10-17,4485.1667,4553.4236,4441.6406,4441.6406
2025-10-20,4500.9944,4526.7144,4447.5760,4526.7144
2025-10-21,4505.9408,4581.1222,4428.7809,4449.5547
2025-10-22,4350.6314,4453.5113,4342.7176,4421.8560
2025-10-23,4332.8256,4397.1255,4332.8256,4381.2979
2025-10-24,4428.7804,4526.7142,4418.8881,4519.7896
2025-10-27,4649.3790,4712.6897,4630.5836,4686.9697
2025-10-28,4698.8402,4730.4956,4594.9711,4627.6157
2025-10-29,4797.7632,4832.3862,4718.6248,4797.7632
2025-10-30,4837.3321,4923.3951,4811.6122,4909.5459
2025-10-31,5242.9165,5495.1701,5178.6166,5260.7227
2025-11-04,5103.4349,5323.0438,5095.5210,5164.7671
2025-11-05,5065.8447,5109.3708,4778.9681,4944.1694
2025-11-06,5143.9937,5240.9382,5097.4999,5144.9829
2025-11-07,5072.7693,5108.3816,5017.3725,5082.6616
2025-11-10,5082.6609,5101.4563,5011.4364,5058.9194
2025-11-11,5168.7246,5191.4769,5051.9955,5064.8555
2025-11-12,5064.8554,5181.5845,5014.4047,5181.5845
2025-11-13,5235.0026,5312.1625,5205.3257,5291.3887
2025-11-14,5045.0703,5083.6503,4992.6412,5028.2534
2025-11-17,5044.0812,5066.8335,5016.3828,5066.8335
2025-11-18,4995.6093,5022.3185,4718.6250,4718.6250
2025-11-19,4748.3019,4773.0326,4649.3789,4649.3789
2025-11-20,4995.6093,4995.6093,4782.9250,4822.4941
2025-11-21,4701.8079,4725.5494,4643.4433,4659.2710
2025-11-25,4718.6248,4790.8385,4637.5079,4659.2710
2025-11-26,4733.4633,4833.3755,4721.5926,4800.7310
2025-11-27,4869.9766,4924.3842,4858.1058,4904.5996
2025-11-28,4904.5999,4938.2337,4880.8584,4914.4922
2025-12-01,4923.3952,4938.2337,4772.0431,4811.6123
2025-12-02,4811.6126,4849.2034,4778.9681,4840.3003
2025-12-03,4880.8582,4905.5890,4794.7953,4824.4722
2025-12-04,4832.3863,4950.1046,4829.4186,4903.6108
2025-12-05,4802.7093,4846.2354,4785.8924,4830.4077
2025-12-08,4782.9250,4873.9341,4769.0758,4858.1064
2025-12-09,4866.0198,4874.9228,4814.5798,4857.1167
2025-12-10,4891.7401,4905.5893,4795.7848,4834.3647
2025-12-11,4901.6325,4911.5248,4751.2696,4754.2373
2025-12-12,4892.7293,4958.0185,4860.0848,4956.0400
2025-12-15,4847.2250,4876.9019,4809.6343,4861.0742
2025-12-16,4853.1598,4879.8690,4784.9030,4806.6660
2025-12-17,4806.6664,4918.4493,4785.8926,4905.5894
2025-12-18,4767.0975,4833.3758,4724.5606,4760.1729
2025-12-19,4835.3542,4897.6756,4825.4619,4858.1064
2025-12-22,4963.9537,5024.2967,4946.1476,4950.1045
2025-12-23,4983.7385,4985.7170,4913.5032,4957.0293
2025-12-24,4926.3630,4957.0291,4916.4707,4934.2769
2025-12-25,4934.2770,4946.1478,4880.8586,4906.5786
2025-12-26,4945.1584,4949.1153,4880.8585,4918.4492
2025-12-29,4875.9126,4900.6433,4846.2357,4875.9126
2025-12-30,4839.3108,4891.7400,4832.3862,4849.2031
2026-01-05,4994.6197,5053.9734,4975.8243,5013.4150
2026-01-06,5310.1838,5386.3545,5175.6486,5386.3545
2026-01-07,5287.4318,5367.5594,5195.4334,5206.3149
2026-01-08,5186.5303,5189.4980,5006.4905,5033.1997
2026-01-09,4996.5986,5079.6938,4978.7924,5079.6938
2026-01-13,5263.6907,5272.5938,5201.3692,5272.5938
2026-01-14,5295.3455,5339.8608,5243.9056,5339.8608
2026-01-15,5341.8396,5362.6135,5293.3674,5300.2920
2026-01-16,5228.0783,5235.9921,5132.1230,5147.9507
2026-01-19,5055.9523,5172.6814,5041.1138,5162.7891
2026-01-20,5164.7674,5203.3473,5107.3921,5141.0259
2026-01-21,5043.0922,5163.7782,5038.1460,5125.1982
2026-01-22,5259.7334,5259.7334,5169.7135,5207.3042
2026-01-23,5292.3780,5308.2056,5191.4765,5241.9272
2026-01-26,5119.2627,5138.0581,5026.2751,5051.9951
2026-01-27,5089.5860,5090.5752,5020.3399,5039.1353
2026-01-28,5090.5750,5104.4242,4998.5766,5032.2104
2026-01-29,5089.5860,5094.5321,5003.5230,5022.3184
2026-01-30,5220.1640,5303.2593,5099.4780,5303.2593
2026-02-02,5303.2597,5431.8595,5216.2075,5232.0352
2026-02-03,5330.9583,5361.6244,5278.5291,5323.0444
2026-02-04,5272.5933,5285.4533,4987.6952,5104.4243
2026-02-05,5025.2861,5173.6705,5018.3615,5108.3813
2026-02-06,5149.9289,5354.6994,5115.3058,5309.1948
2026-02-09,5605.9637,5779.0789,5567.3838,5755.3374
2026-02-10,5824.5836,5973.9573,5589.1470,5589.1470
2026-02-12,5583.2114,5678.1775,5460.5470,5514.9546
2026-02-13,5317.1086,5401.1931,5152.8965,5152.8965
2026-02-16,5052.9842,5122.2303,5005.5012,5031.2212
2026-02-17,5005.5012,5020.3397,4769.0754,4844.2568
2026-02-18,4893.7182,4921.4167,4800.7307,4859.0952
2026-02-19,4995.6092,5051.9953,4926.3631,4938.2339
2026-02-20,4938.2336,4939.2228,4860.0845,4876.9014
2026-02-24,4847.2246,4953.0721,4697.8509,4761.1616
2026-02-25,4968.8998,4980.7705,4812.6015,4827.4399
2026-02-26,4975.8246,5102.4460,4973.8462,5092.5537
2026-02-27,5143.9934,5209.2826,5050.0166,5169.7134
2026-03-02,5045.0704,5068.8119,4970.8782,5014.4043
2026-03-03,4887.7831,4929.3307,4735.4417,4763.1401
2026-03-04,4763.1403,4794.7956,4606.8420,4698.8403
2026-03-05,4946.1479,4946.1479,4784.9035,4807.6558
2026-03-06,4738.4094,4778.9678,4699.8294,4778.9678
2026-03-09,4517.8114,4668.1743,4494.0699,4667.1851
2026-03-10,4862.0635,4911.5249,4804.6882,4878.8804
2026-03-11,4894.7076,4915.4815,4781.9355,4813.5908
2026-03-12,4748.3019,4872.9448,4738.4096,4872.9448
2026-03-13,4734.4526,4822.4940,4693.8942,4800.7310
2026-03-16,4749.2910,4823.4832,4710.7110,4748.3018
2026-03-17,4827.4401,4857.1170,4724.5603,4749.2910
2026-03-18,4796.7740,4834.3647,4760.1725,4816.5586
2026-03-19,4751.2694,4854.1492,4739.3986,4796.7739
2026-03-23,4679.0557,4791.8279,4586.0681,4748.3018
2026-03-24,4854.1491,4864.0414,4690.9262,4758.1938
2026-03-25,4827.4405,4853.1604,4760.1728,4828.4297
2026-03-26,4800.7313,4809.6344,4668.1745,4727.5283
2026-03-27,4658.2814,4711.6998,4621.6800,4665.2061
2026-03-30,4461.2467,4517.9575,4365.7338,4509.9980
2026-03-31,4442.3431,4556.7595,4423.4395,4441.3481
2026-04-01,4696.0492,4727.8868,4618.4450,4707.9883
2026-04-02,4777.6329,4819.4198,4615.4600,4651.2773
2026-04-03,4775.6432,4815.4402,4755.7447,4786.5874
2026-04-06,4780.6178,4786.5874,4695.0542,4695.0542
2026-04-07,4694.0596,4762.7095,4688.0900,4739.8262
2026-04-08,4928.8617,4929.8566,4825.3894,4890.0596
2026-04-09,4919.9077,4920.9026,4793.5521,4818.4253
2026-04-10,4805.4908,4834.3436,4745.7953,4785.5923
2026-04-13,4855.2375,4919.9077,4801.5115,4823.3999
2026-04-14,4904.9837,4931.8467,4830.3643,4931.8467
2026-04-15,5034.3241,5206.4462,4999.5017,5193.5122
2026-04-16,5183.5629,5247.2382,5130.8319,5193.5122
2026-04-17,5140.7808,5183.5626,5083.0751,5130.8315
2026-04-20,5166.6491,5230.3243,5091.0347,5126.8521
2026-04-21,5084.0703,5162.6694,5071.1363,5162.6694
2026-04-22,5102.9740,5111.9283,5008.4561,5008.4561
2026-04-23,5158.6895,5271.1161,5103.9686,5176.5981
2026-04-24,5203.4612,5208.4359,5069.1463,5202.4663
2026-04-27,5305.9385,5394.4869,5231.3191,5328.8218
2026-04-28,5173.6138,5175.6036,4964.6794,5021.3901
2026-04-30,4921.8972,4992.5369,4803.5011,4857.2271
2026-05-01,4775.6431,4836.3335,4750.7699,4770.6685
2026-05-07,4875.1359,4955.7249,4825.3896,4825.3896
2026-05-08,4819.4199,4947.7653,4781.6127,4912.9429
2026-05-11,4895.0342,4986.5674,4770.6685,4862.2017
2026-05-12,4867.1766,4933.8366,4787.5825,4843.2983
2026-05-13,4750.7701,4819.4200,4678.1405,4725.8970
2026-05-14,4676.1507,4711.9680,4622.4247,4647.2979
2026-05-15,4666.2016,4820.4151,4659.2371,4787.5825
2026-05-18,4730.8715,4793.5518,4699.0339,4783.6025
2026-05-19,4875.1359,4993.5320,4838.3236,4918.9126
2026-05-20,4858.2221,4908.9633,4789.5722,4883.0952
2026-05-21,4882.1004,5097.0044,4857.2273,5097.0044
2026-05-22,5079.0955,5126.8519,4969.6537,4976.6182
2026-05-25,5024.3748,5076.1109,4974.6285,5028.3545
2026-05-26,5069.1463,5107.9484,4998.5066,5030.3442
2026-05-27,5074.1211,5082.0805,4929.8569,4934.8315
2026-05-28,4937.8163,5167.6441,4936.8214,5147.7456
2026-05-29,5346.7307,5347.7256,5139.7861,5139.7861
2026-06-01,5173.6138,5247.2383,5050.2430,5099.9893
2026-06-02,5099.9888,5113.9178,4961.6942,5057.2070
2026-06-03,5112.9230,5347.7255,5102.9738,5243.2583
2026-06-04,5153.7149,5188.5373,5104.9636,5156.6997
2026-06-05,5119.8874,5341.7558,5114.9128,5273.1060
2026-06-08,5069.1464,5121.8775,4942.7909,5005.4712
2026-06-09,5087.0549,5087.0549,4839.3184,4857.2271
2026-06-10,4881.1055,4899.0142,4757.7348,4759.7246
2026-06-11,4617.4499,4655.2571,4555.7646,4631.3789
2026-06-12,4658.2418,4715.9475,4561.7340,4633.3687
2026-06-15,4680.1303,4803.5011,4679.1354,4712.9629
2026-06-16,4716.9426,4773.6533,4622.4246,4722.9121
2026-06-17,4668.1912,4711.9679,4646.3028,4677.1455
2026-06-18,4656.2520,4780.6177,4656.2520,4775.6431
2026-06-19,4780.6181,4829.3695,4666.2017,4739.8262
2026-06-22,4678.1404,4889.0646,4678.1404,4839.3184
2026-06-23,4904.9836,4922.8923,4725.8970,4725.8970
2026-06-24,4695.0542,4722.9121,4608.4957,4667.1963
2026-06-25,4690.0797,4693.0645,4530.8916,4530.8916
2026-06-26,4461.2469,4523.9272,4455.2773,4455.2773
2026-06-29,4507.0135,4517.9577,4412.4956,4463.2368
2026-06-30,4471.1958,4476.1704,4399.5611,4448.3125
2026-07-01,4526.9120,4531.8867,4453.2875,4473.1860
2026-07-02,4571.6836,4695.0544,4497.0642,4645.3081
2026-07-03,4687.0949,4689.0847,4547.8053,4591.5820
2026-07-06,4675.1556,4780.6177,4658.2418,4780.6177
2026-07-07,4797.5318,4978.6082,4765.6941,4916.9229
2026-07-08,4847.2779,4865.1866,4744.8006,4753.7549
2026-07-09,4725.8970,4785.5926,4679.1355,4733.8564
2026-07-10,4701.0240,4743.8058,4662.2219,4676.1509
2026-07-13,4676.1505,4750.7699,4662.2216,4692.0693
2026-07-14,4700.0291,4792.5572,4690.0798,4777.6333
2026-07-15,4770.6686,4787.5824,4627.3994,4771.6636
2026-07-16,4746.7902,4869.1661,4702.0186,4803.5010
2026-07-17,4664.2116,4754.7498,4592.5770,4693.0645
2026-07-21,4672.1712,4807.4811,4651.2778,4767.6841
2026-07-22,4764.6992,4847.2781,4737.8363,4782.6079
2026-07-23,4802.5061,4864.1915,4788.5772,4829.3691
2026-07-24,4815.4404,4848.2729,4770.6687,4825.3896
2026-07-27,4895.0344,5008.4559,4885.0851,4997.5117
2026-07-28,4898.0191,4920.9024,4772.6584,4865.1865
2026-07-29,4886.0801,4967.6640,4860.2120,4931.8467
2026-07-30,5173.6136,5240.2736,4964.6792,5228.3345
2026-07-31,5272.1111,5334.7914,5143.7656,5240.2734
2026-08-03,5154.7100,5308.9235,5140.7810,5274.1011
2026-08-04,5362.6492,5498.9540,5285.0450,5384.5376
2026-08-05,5397.4717,5470.1013,5287.0349,5448.2129
2026-08-06,5397.4719,5566.6092,5396.4770,5472.0913
2026-08-07,5475.0761,5591.4824,5447.2182,5591.4824
2026-08-10,5561.6347,5660.1323,5546.7108,5591.4824
2026-08-12,5560.6398,5668.0918,5508.9037,5640.2339
2026-08-13,5648.1933,5734.7518,5628.2947,5673.0664
2026-08-14,5641.2285,5800.4166,5641.2285,5737.7363
2026-08-17,5639.2387,5659.1373,5539.7462,5542.7310
2026-08-18,5472.0911,5523.8272,5444.2331,5486.0200
2026-08-19,5294.9946,5348.7206,5189.5325,5198.4868
2026-08-20,5246.2432,5326.8322,5206.4462,5236.2939
2026-08-21,5236.2938,5271.1162,5159.6845,5169.6338
2026-08-24,5251.2179,5308.9236,5221.3701,5239.2788
2026-08-25,5216.3952,5273.1060,5139.7859,5273.1060
2026-08-26,5293.0048,5368.6192,5279.0759,5280.0708
2026-08-27,5333.7965,5437.2688,5287.0350,5405.4312
2026-08-28,5484.0302,5616.3553,5458.1622,5521.8374
2026-08-31,5424.3347,5452.1926,5367.6240,5410.4058
2026-09-01,5392.4973,5544.7209,5379.5633,5512.8833
2026-09-02,5425.3299,5450.2031,5285.0454,5307.9287
2026-09-03,5349.7154,5400.4566,5292.0097,5324.8423
2026-09-04,5397.4718,5398.4667,5302.9538,5349.7153
2026-09-07,5390.5076,5417.3705,5322.8526,5330.8120
2026-09-08,5273.1063,5285.0454,5160.6797,5160.6797
2026-09-09,5123.8672,5206.4460,5095.0144,5146.7505
2026-09-10,5103.9689,5155.7051,5103.9689,5155.7051
2026-09-11,5018.4052,5173.6136,5014.4255,5172.6187
2026-09-14,5192.5169,5359.6644,5140.7808,5297.9790
2026-09-15,5254.2024,5274.1009,5169.6337,5194.5068
2026-09-16,5236.2938,5382.5479,5223.3598,5344.7407
2026-09-17,5371.6039,5482.0407,5362.6496,5447.2183
2026-09-18,5469.1062,5501.9388,5397.4716,5495.9692
2026-09-24,5553.6751,5561.6345,5424.3348,5469.1064
2026-09-25,5484.0305,5549.6956,5457.1675,5507.9087
2026-09-28,5462.1421,5592.4773,5462.1421,5490.0000
2026-09-29,5504.0000,5572.0000,5441.0000,5465.0000
2026-09-30,5465.0000,5514.0000,5393.0000,5489.0000
2026-10-01,5460.0000,5520.0000,5443.0000,5510.0000
