Date,Open,High,Low,Close
2000-01-04,2462.0113,2646.6622,816.5671,2519.4583
2000-01-05,2273.2568,2273.2568,2273.2568,2273.2568
2000-01-06,2224.0167,2236.3267,2109.1228,2109.1228
2000-01-07,1944.9886,1977.8155,1944.9886,1944.9886
2000-01-10,1944.9886,1944.9886,1944.9886,1944.9886
2000-01-11,2109.1228,2109.1228,2109.1228,2109.1228
2000-01-12,2059.8823,2116.5086,2029.5175,2084.5024
2000-01-13,2027.0560,2034.4421,1969.6091,1990.1259
2000-01-14,2006.5391,2014.7458,1923.6513,1969.6089
2000-01-17,1986.0222,2033.6211,1983.5602,2021.3110
2000-01-18,1972.0716,1981.9196,1939.2447,1951.5548
2000-01-19,1967.9672,1982.7393,1924.4717,1924.4717
2000-01-20,1936.7819,1965.5054,1924.4719,1944.9886
2000-01-21,1969.6083,1986.0217,1957.2983,1986.0217
2000-01-24,2035.2631,2068.0899,2028.6977,2063.9866
2000-01-25,2031.1584,2100.9154,2024.5931,2054.1372
2000-01-26,2080.3992,2095.1712,2074.6545,2091.0679
2000-01-27,2133.7430,2154.2598,2117.3296,2154.2598
2000-01-28,2170.6731,2243.7128,2159.1838,2223.1960
2000-01-31,2190.3707,2256.0244,2174.7779,2212.5288
2000-02-01,2256.8431,2256.8431,2207.6029,2226.4783
2000-02-02,2258.4850,2310.1872,2252.7403,2260.9470
2000-02-03,2309.3652,2318.3926,2294.5931,2306.0825
2000-02-04,2371.7371,2428.3633,2371.7371,2394.7158
2000-02-07,2460.3694,2461.1901,2420.9772,2460.3694
2000-02-08,2460.3698,2462.0111,2356.1447,2392.2542
2000-02-09,2441.4937,2449.7004,2425.0803,2426.7217
2000-02-10,2377.4815,2379.9435,2331.5239,2356.1440
2000-02-11,2356.1440,2356.1440,2356.1440,2356.1440
2000-02-14,2306.9048,2334.8076,2297.8774,2297.8774
2000-02-15,2309.3657,2333.9858,2296.2350,2298.6970
2000-02-16,2294.5942,2297.8769,2246.9953,2289.6702
2000-02-17,2281.4645,2419.3372,2258.4857,2371.7383
2000-02-18,2404.5639,2443.9561,2392.2538,2433.2874
2000-02-21,2462.0108,2597.4214,2457.9074,2597.4214
2000-02-22,2720.5223,2724.6257,2470.2179,2490.7346
2000-02-23,2482.5273,2511.2507,2409.4876,2462.0105
2000-02-24,2511.2511,2523.5611,2451.3421,2459.5488
2000-02-25,2490.7338,2531.7673,2462.0104,2531.7673
2000-02-28,2523.5619,2589.2155,2515.3551,2544.0786
2000-02-29,2593.3184,2700.0055,2585.1117,2667.1787
2000-03-01,2765.6585,2782.0719,2667.1781,2675.3848
2000-03-02,2691.7982,2700.0049,2626.1445,2650.7646
2000-03-03,2576.9054,2617.9390,2535.8719,2544.0786
2000-03-06,2568.6981,2581.0082,2382.4060,2425.0808
2000-03-07,2359.4266,2411.1289,2343.0132,2383.2261
2000-03-08,2322.4973,2400.4610,2309.3666,2368.4548
2000-03-09,2371.7361,2407.0249,2299.5172,2306.0825
2000-03-10,2306.0834,2311.8281,2142.7701,2158.3628
2000-03-13,2059.8825,2066.4479,1994.2289,1994.2289
2000-03-14,1961.4020,2120.6120,1961.4020,2083.6819
2000-03-15,2100.0955,2210.8859,2086.9647,2195.2932
2000-03-16,2211.7061,2242.0709,2159.1832,2216.6301
2000-03-17,2200.2168,2200.2168,2139.4872,2186.2654
2000-03-20,2186.2654,2186.2654,2186.2654,2186.2654
2000-03-21,2174.7775,2174.7775,2114.0479,2129.6406
2000-03-22,2113.2258,2191.1894,2109.1224,2164.9280
2000-03-23,2165.7488,2165.7488,2114.0466,2123.0740
2000-03-24,2137.8463,2146.0530,2109.1228,2109.1228
2000-03-27,2117.3289,2187.0858,2027.0552,2166.5691
2000-03-28,2137.7922,2211.7927,2072.0139,2157.5256
2000-03-29,2187.1261,2275.9267,2187.1261,2257.8376
2000-03-30,2289.0816,2446.9493,2269.3481,2384.4600
2000-03-31,2351.5709,2437.0825,2310.4595,2384.4600
2000-04-03,2382.8152,2483.1269,2361.4373,2466.6824
2000-04-04,2453.5269,2455.1713,2395.9709,2427.2156
2000-04-05,2361.4371,2374.5928,2312.1035,2343.3481
2000-04-06,2343.3482,2356.5038,2270.9921,2312.1035
2000-04-07,2335.1266,2343.3488,2285.7929,2305.5264
2000-04-10,2371.3039,2397.6152,2359.7927,2395.9707
2000-04-11,2363.0816,2377.8817,2330.1925,2343.3481
2000-04-12,2305.5266,2320.3267,2292.3709,2320.3267
2000-04-13,2252.9039,2264.4151,2187.1256,2211.7925
2000-04-14,2167.3911,2241.3916,2149.3021,2183.8357
2000-04-17,1953.6127,2006.2352,1882.9011,1979.9240
2000-04-18,2045.7024,2080.2360,2006.2355,2035.8357
2000-04-19,2068.7244,2083.5245,2039.1243,2070.3689
2000-04-20,2072.0133,2126.2803,2057.2132,2068.7244
2000-04-21,2101.6138,2116.4139,2019.3910,2022.6799
2000-04-24,2086.8138,2104.9028,2058.8581,2088.4583
2000-04-25,2088.4583,2095.0361,2047.3469,2088.4583
2000-04-26,2113.1242,2113.1242,2058.8572,2096.6797
2000-04-27,2065.4357,2080.2358,2047.3467,2052.2800
2000-04-28,2055.5694,2067.0806,2004.5913,2040.7693
2000-05-01,2007.8795,2078.5911,1991.4350,2068.7244
2000-05-02,2081.8801,2088.4579,2035.8354,2055.5688
2000-05-03,2055.5688,2055.5688,2055.5688,2055.5688
2000-05-04,2055.5688,2055.5688,2055.5688,2055.5688
2000-05-05,2055.5688,2055.5688,2055.5688,2055.5688
2000-05-08,2052.2800,2052.2800,1991.4351,2001.3019
2000-05-09,2001.3019,2001.3019,2001.3019,2001.3019
2000-05-10,1907.5684,1960.1909,1889.4794,1942.1019
2000-05-11,1899.3462,1907.5685,1863.1682,1881.2572
2000-05-12,1924.0129,1938.8130,1907.5683,1922.3684
2000-05-15,1925.6561,1938.8117,1912.5004,1927.3005
2000-05-16,1927.3006,1930.5896,1904.2783,1919.0784
2000-05-17,1940.4579,1948.6802,1925.6578,1935.5245
2000-05-18,1919.0792,1919.0792,1871.3900,1889.4790
2000-05-19,1823.7010,1840.1456,1759.5673,1780.9452
2000-05-22,1682.2775,1700.3665,1646.0995,1690.4998
2000-05-23,1657.6107,1695.4332,1628.0105,1644.4551
2000-05-24,1595.1212,1603.3435,1522.7652,1560.5876
2000-05-25,1642.8111,1702.0115,1639.5222,1657.6112
2000-05-26,1608.2769,1621.4326,1560.5878,1591.8324
2000-05-29,1608.2769,1698.7219,1598.4101,1660.8994
2000-05-30,1660.8994,1660.8994,1660.8994,1660.8994
2000-05-31,1670.7659,1670.7659,1565.5208,1603.3433
2000-06-01,1570.4542,1603.3433,1560.5874,1603.3433
2000-06-02,1636.2328,1693.7887,1629.6550,1692.1443
2000-06-05,1790.8116,1833.5674,1762.8558,1828.6340
2000-06-06,1823.7008,1825.3452,1794.1006,1825.3452
2000-06-07,1792.4564,1810.5455,1784.2342,1808.9010
2000-06-08,1808.9002,1818.7669,1766.1444,1767.7888
2000-06-09,1734.9002,1784.2338,1728.3223,1756.2781
2000-06-12,1736.5448,1744.7671,1720.1002,1741.4781
2000-06-13,1710.2332,1736.5445,1672.4108,1690.4998
2000-06-14,1652.6777,1655.9666,1608.2774,1619.7886
2000-06-15,1578.6771,1595.1217,1547.4325,1570.4548
2000-06-16,1570.4549,1608.2774,1560.5882,1588.5439
2000-06-19,1590.1880,1598.4102,1563.8767,1595.1213
2000-06-20,1611.5662,1636.2330,1608.2773,1611.5662
2000-06-21,1639.5219,1659.2554,1628.0107,1646.0997
2000-06-22,1677.3439,1703.6551,1652.6770,1669.1216
2000-06-23,1644.4555,1657.6111,1631.2998,1642.8110
2000-06-26,1626.3664,1626.3664,1591.8328,1619.7886
2000-06-27,1623.0776,1632.9443,1608.2775,1629.6554
2000-06-28,1629.6551,1631.2996,1611.5661,1626.3662
2000-06-29,1657.6105,1682.2773,1647.7438,1660.8994
2000-06-30,1644.4553,1654.3220,1619.7885,1628.0107
2000-07-03,1632.9440,1700.3667,1632.9440,1700.3667
2000-07-04,1726.6779,1729.9668,1680.6331,1713.5222
2000-07-05,1744.7671,1761.2117,1723.3892,1743.1227
2000-07-06,1739.8331,1787.5223,1703.6551,1767.7888
2000-07-07,1808.9006,1825.3452,1792.4561,1805.6117
2000-07-10,1833.5676,1850.0122,1826.9898,1838.5010
2000-07-11,1808.9009,1830.2788,1782.5896,1792.4563
2000-07-12,1817.1231,1822.0565,1779.3007,1779.3007
2000-07-13,1751.3445,1767.7891,1726.6777,1736.5444
2000-07-14,1762.8561,1792.4563,1751.3449,1792.4563
2000-07-17,1825.3450,1851.6563,1808.9005,1836.8562
2000-07-18,1841.7898,1841.7898,1772.7227,1794.1006
2000-07-19,1841.7898,1841.7898,1772.7227,1794.1006
2000-07-20,1794.1006,1794.1006,1794.1006,1794.1006
2000-07-21,1800.6784,1800.6784,1744.7669,1756.2781
2000-07-24,1726.6775,1734.8998,1693.7884,1725.0331
2000-07-25,1692.1443,1720.1000,1685.5665,1718.4556
2000-07-26,1744.7669,1782.5893,1728.3223,1761.2114
2000-07-27,1729.9667,1739.8334,1685.5664,1703.6554
2000-07-28,1670.7663,1678.9885,1634.5883,1674.0552
2000-07-31,1624.7218,1688.8555,1619.7884,1655.9664
2000-08-01,1685.5664,1700.3665,1642.8106,1651.0328
2000-08-02,1674.0554,1726.6780,1664.1887,1710.2334
2000-08-03,1664.1889,1674.0556,1641.1665,1649.3888
2000-08-04,1636.2330,1647.7442,1619.7885,1628.0107
2000-08-07,1644.4548,1670.7660,1631.2991,1669.1216
2000-08-08,1677.3446,1683.9224,1637.8777,1659.2556
2000-08-09,1644.4555,1652.6777,1629.6554,1652.6777
2000-08-10,1649.3889,1659.2556,1647.7444,1659.2556
2000-08-11,1651.0330,1690.4999,1651.0330,1677.3442
2000-08-14,1677.3440,1690.4997,1660.8995,1675.6996
2000-08-15,1702.0115,1743.1229,1695.4337,1734.9006
2000-08-16,1748.0557,1766.1447,1728.3223,1749.7002
2000-08-17,1738.1889,1757.9224,1720.0999,1739.8334
2000-08-18,1739.8338,1748.0561,1728.3227,1744.7672
2000-08-21,1726.6774,1738.1886,1697.0773,1715.1663
2000-08-22,1697.0773,1715.1663,1669.1215,1715.1663
2000-08-23,1726.6779,1749.7003,1718.4556,1733.2557
2000-08-24,1739.8336,1787.5228,1734.9002,1776.0116
2000-08-25,1808.9007,1825.3452,1797.3895,1825.3452
2000-08-28,1874.6792,1978.2799,1858.2347,1955.2576
2000-08-29,1965.1233,1970.0566,1932.2342,1948.6787
2000-08-30,1948.6796,1963.4797,1891.1236,1896.0570
2000-08-31,1928.9455,1956.9012,1912.5010,1956.9012
2000-09-01,1973.3462,1996.3686,1951.9683,1971.7018
2000-09-04,1973.3458,1978.2792,1951.9679,1956.9012
2000-09-05,1940.4573,1947.0351,1896.0570,1910.8571
2000-09-06,1877.9676,1904.2789,1863.1675,1863.1675
2000-09-07,1864.8121,1884.5456,1854.9454,1864.8121
2000-09-08,1907.5682,1930.5906,1891.1237,1920.7239
2000-09-11,1907.5678,1948.6792,1902.6344,1924.0123
2000-09-12,1899.3462,1924.0130,1892.7684,1915.7908
2000-09-13,1884.5461,1922.3686,1884.5461,1915.7908
2000-09-14,1924.0123,1932.2346,1869.7453,1879.6121
2000-09-15,1879.6121,1879.6121,1879.6121,1879.6121
2000-09-18,1879.6121,1953.6125,1874.6787,1932.2346
2000-09-19,1899.3460,1970.0576,1894.4126,1963.4797
2000-09-20,1973.3461,2034.1909,1966.7683,2016.1019
2000-09-21,2022.6798,2052.2800,2006.2353,2052.2800
2000-09-22,1973.3461,1988.1462,1935.5237,1945.3904
2000-09-25,1978.2796,1996.3686,1925.6570,1947.0349
2000-09-26,1950.7390,1967.2010,1914.5228,1942.5081
2000-09-27,1893.1218,1901.3528,1870.0751,1871.7213
2000-09-28,1805.8741,1828.9208,1751.5497,1751.5497
2000-09-29,1810.8122,1830.5665,1794.3503,1804.2274
2000-10-02,1754.8423,1777.8890,1725.2108,1777.8890
2000-10-03,1769.6574,1784.4732,1756.4879,1759.7803
2000-10-04,1728.5032,1789.4123,1728.5032,1771.3042
2000-10-05,1772.9502,1777.8888,1738.3802,1753.1959
2000-10-06,1753.1957,1789.4120,1753.1957,1768.0115
2000-10-09,1768.0115,1768.0115,1768.0115,1768.0115
2000-10-10,1735.0878,1758.1345,1735.0878,1753.1959
2000-10-11,1720.2718,1721.9180,1685.7017,1692.2865
2000-10-12,1661.0085,1685.7014,1654.4237,1670.8856
2000-10-13,1646.1932,1664.3014,1644.5470,1654.4242
2000-10-16,1654.4242,1654.4242,1654.4242,1654.4242
2000-10-17,1647.8392,1661.0088,1644.5468,1647.8392
2000-10-18,1613.2690,1619.8538,1570.4680,1581.9913
2000-10-19,1598.4533,1616.5614,1595.1609,1608.3304
2000-10-20,1707.1018,1736.7333,1687.3475,1723.5637
2000-10-23,1723.5642,1726.8566,1675.8246,1692.2865
2000-10-24,1687.3479,1716.9794,1672.5322,1708.7484
2000-10-25,1741.6723,1758.1342,1713.6870,1713.6870
2000-10-26,1680.7632,1715.3333,1670.8861,1703.8099
2000-10-27,1703.8099,1703.8099,1703.8099,1703.8099
2000-10-30,1542.4829,1552.3601,1496.3895,1512.8514
2000-10-31,1481.5741,1484.8665,1419.0188,1435.4807
2000-11-01,1489.8045,1529.3132,1486.5122,1522.7284
2000-11-02,1489.8046,1491.4508,1468.4041,1479.9275
2000-11-03,1479.9275,1479.9275,1479.9275,1479.9275
2000-11-06,1504.6204,1540.8367,1498.0357,1540.8367
2000-11-07,1537.5443,1537.5443,1494.7433,1504.6205
2000-11-08,1494.7434,1539.1906,1491.4510,1519.4363
2000-11-09,1491.4507,1506.2664,1486.5121,1491.4507
2000-11-10,1473.3430,1481.5740,1453.5887,1456.8811
2000-11-13,1400.9101,1405.8487,1384.4482,1394.3253
2000-11-14,1387.7405,1404.2025,1376.2172,1394.3253
2000-11-15,1443.7112,1445.3574,1400.9102,1402.5564
2000-11-16,1399.2641,1404.2027,1369.6327,1372.9250
2000-11-17,1358.1094,1395.9718,1333.4165,1354.8170
2000-11-20,1338.3548,1348.2320,1328.4777,1336.7086
2000-11-21,1316.9542,1318.6004,1287.3227,1307.0770
2000-11-22,1323.5393,1336.7089,1315.3083,1323.5393
2000-11-23,1323.5393,1323.5393,1323.5393,1323.5393
2000-11-24,1340.0008,1349.8779,1325.1850,1344.9393
2000-11-27,1394.3255,1474.9890,1386.0946,1448.6499
2000-11-28,1465.1118,1478.2814,1447.0037,1470.0504
2000-11-29,1433.8340,1437.1264,1382.8020,1400.9102
2000-11-30,1367.9864,1386.0946,1348.2321,1376.2174
2000-12-01,1364.6940,1374.5711,1343.2935,1356.4630
2000-12-04,1366.3402,1420.6646,1364.6941,1405.8489
2000-12-05,1417.3725,1422.3111,1386.0949,1391.0334
2000-12-06,1456.8809,1468.4042,1437.1266,1448.6499
2000-12-07,1438.7730,1438.7730,1410.7877,1427.2496
2000-12-08,1407.4951,1415.7260,1386.0946,1405.8489
2000-12-11,1448.6498,1478.2812,1442.0650,1478.2812
2000-12-12,1474.9889,1488.1584,1453.5883,1465.1117
2000-12-13,1448.6498,1483.2198,1425.6031,1478.2812
2000-12-14,1445.3577,1460.1735,1432.1882,1447.0039
2000-12-15,1405.8489,1420.6646,1371.2789,1372.9250
2000-12-18,1356.4630,1389.3869,1356.4630,1382.8021
2000-12-19,1374.5711,1377.8634,1354.8167,1366.3401
2000-12-20,1333.4163,1343.2934,1318.6005,1333.4163
2000-12-21,1288.9692,1303.7849,1246.1682,1279.0920
2000-12-22,1284.0309,1293.9080,1236.2912,1244.5222
2000-12-25,1277.4456,1300.4923,1269.2146,1300.4923
2000-12-26,1297.1999,1315.3080,1288.9690,1300.4923
2000-12-27,1297.1999,1305.4309,1279.0918,1300.4923
2000-12-28,1316.9547,1335.0628,1308.7237,1316.9547
2000-12-29,1328.4776,1328.4776,1300.4923,1300.4923
2001-01-01,1300.4923,1300.4923,1300.4923,1300.4923
2001-01-02,1300.4923,1300.4923,1300.4923,1300.4923
2001-01-03,1300.4923,1300.4923,1300.4923,1300.4923
2001-01-04,1366.3404,1387.7409,1349.8784,1354.8170
2001-01-05,1387.7408,1415.7261,1384.4484,1415.7261
2001-01-08,1415.7261,1415.7261,1415.7261,1415.7261
2001-01-09,1432.1881,1433.8343,1404.2028,1430.5419
2001-01-10,1438.7730,1451.9426,1432.1882,1432.1882
2001-01-11,1440.4188,1443.7112,1382.8021,1419.0183
2001-01-12,1420.6646,1453.5885,1420.6646,1448.6499
2001-01-15,1465.1117,1489.8046,1456.8807,1478.2812
2001-01-16,1484.8662,1491.4509,1453.5885,1470.0504
2001-01-17,1453.5882,1479.9273,1437.1263,1468.4039
2001-01-18,1489.8050,1507.9131,1443.7116,1456.8811
2001-01-19,1478.2814,1501.3281,1460.1732,1494.7433
2001-01-22,1479.9275,1489.8047,1440.4189,1460.1732
2001-01-23,1435.4806,1456.8811,1420.6649,1440.4192
2001-01-24,1440.4188,1456.8807,1404.2025,1412.4335
2001-01-25,1399.2640,1414.0797,1374.5711,1400.9102
2001-01-26,1399.2640,1437.1264,1394.3254,1410.7874
2001-01-29,1407.4952,1420.6647,1397.6180,1414.0800
2001-01-30,1409.1410,1417.3720,1379.5095,1392.6791
2001-01-31,1376.2177,1392.6796,1364.6944,1391.0334
2001-02-01,1371.2792,1389.3873,1359.7558,1389.3873
2001-02-02,1372.9248,1377.8634,1341.6471,1343.2933
2001-02-05,1316.9545,1336.7089,1315.3083,1323.5393
2001-02-06,1323.5390,1359.7553,1323.5390,1343.2933
2001-02-07,1326.8314,1389.3868,1326.8314,1369.6324
2001-02-08,1382.8025,1400.9106,1361.4020,1391.0334
2001-02-09,1407.4952,1422.3110,1400.9105,1407.4952
2001-02-12,1407.4952,1407.4952,1407.4952,1407.4952
2001-02-13,1423.9572,1432.1881,1395.9719,1407.4952
2001-02-14,1391.0331,1399.2641,1354.8169,1376.2174
2001-02-15,1379.5102,1395.9721,1377.8640,1389.3873
2001-02-16,1372.9249,1386.0944,1359.7553,1366.3401
2001-02-19,1349.8783,1372.9250,1346.5860,1372.9250
2001-02-20,1356.4630,1367.9864,1354.8168,1361.4016
2001-02-21,1344.9397,1353.1707,1330.1240,1341.6473
2001-02-22,1323.5390,1353.1705,1316.9542,1346.5857
2001-02-23,1343.2935,1391.0331,1343.2935,1376.2174
2001-02-26,1381.1559,1422.3107,1377.8635,1402.5564
2001-02-27,1419.0182,1443.7111,1409.1411,1412.4335
2001-02-28,1379.5101,1391.0334,1374.5715,1391.0334
2001-03-01,1358.1095,1369.6328,1341.6475,1353.1709
2001-03-02,1341.6474,1376.2174,1325.1854,1338.3550
2001-03-05,1333.4164,1343.2935,1325.1854,1341.6473
2001-03-06,1356.4631,1376.2174,1351.5245,1376.2174
2001-03-07,1409.1412,1410.7874,1367.9864,1395.9717
2001-03-08,1412.4338,1423.9572,1404.2029,1407.4952
2001-03-09,1374.5711,1402.5564,1372.9249,1397.6178
2001-03-12,1381.1562,1386.0948,1353.1709,1371.2791
2001-03-13,1326.8315,1348.2320,1326.8315,1333.4163
2001-03-14,1333.4163,1333.4163,1333.4163,1333.4163
2001-03-15,1316.9542,1344.9395,1316.9542,1343.2933
2001-03-16,1359.7558,1415.7264,1358.1097,1389.3873
2001-03-19,1372.9250,1419.0184,1349.8783,1361.4016
2001-03-20,1361.4016,1361.4016,1361.4016,1361.4016
2001-03-21,1367.9863,1414.0797,1366.3401,1412.4335
2001-03-22,1400.9105,1461.8196,1400.9105,1433.8344
2001-03-23,1461.8194,1493.0971,1455.2346,1481.5737
2001-03-26,1491.4508,1529.3132,1491.4508,1529.3132
2001-03-27,1528.0770,1575.8810,1511.5929,1544.5612
2001-03-28,1561.0452,1562.6936,1523.1318,1541.2643
2001-03-29,1503.3508,1508.2960,1470.3826,1478.6246
2001-03-30,1481.9216,1491.8121,1452.2502,1467.0859
2001-04-02,1452.2497,1472.0307,1419.2815,1465.4370
2001-04-03,1434.1177,1462.1406,1430.8208,1440.7113
2001-04-04,1409.3914,1434.1176,1402.7977,1434.1176
2001-04-05,1444.0077,1475.3275,1440.7109,1465.4370
2001-04-06,1506.6478,1506.6478,1467.0859,1467.0859
2001-04-09,1450.6020,1452.2504,1417.6338,1417.6338
2001-04-10,1412.6883,1424.2272,1387.9621,1392.9073
2001-04-11,1411.0395,1430.8204,1399.5006,1427.5236
2001-04-12,1434.1175,1457.1952,1425.8754,1437.4143
2001-04-13,1453.8984,1475.3278,1406.0945,1422.5786
2001-04-16,1412.6885,1435.7663,1404.4464,1429.1726
2001-04-17,1430.8213,1457.1959,1419.2824,1445.6570
2001-04-18,1467.0859,1483.5700,1457.1954,1476.9763
2001-04-19,1542.9124,1546.2092,1506.6474,1524.7799
2001-04-20,1516.5381,1529.7254,1491.8120,1511.5929
2001-04-23,1503.3506,1528.0768,1481.9213,1481.9213
2001-04-24,1458.8437,1480.2731,1445.6564,1472.0310
2001-04-25,1491.8117,1526.4283,1485.2181,1488.5149
2001-04-26,1491.8117,1526.4283,1485.2181,1488.5149
2001-04-27,1524.7800,1528.0768,1504.9991,1523.1316
2001-04-30,1523.1316,1523.1316,1523.1316,1523.1316
2001-05-01,1556.1002,1569.2875,1542.9129,1569.2875
2001-05-02,1602.2557,1620.3882,1590.7168,1613.7946
2001-05-03,1613.7946,1613.7946,1613.7946,1613.7946
2001-05-04,1613.7946,1613.7946,1613.7946,1613.7946
2001-05-07,1630.2785,1640.1690,1613.7944,1636.8722
2001-05-08,1630.2783,1648.4109,1622.0363,1646.7625
2001-05-09,1646.7627,1646.7627,1594.0136,1610.4977
2001-05-10,1594.0136,1615.4430,1594.0136,1605.5525
2001-05-11,1612.1461,1635.2239,1610.4977,1628.6302
2001-05-14,1600.6070,1607.2006,1557.7483,1587.4197
2001-05-15,1562.6936,1602.2554,1552.8031,1597.3102
2001-05-16,1600.6072,1636.8722,1598.9587,1598.9587
2001-05-17,1626.9814,1645.1139,1618.7393,1645.1139
2001-05-18,1643.4655,1656.6528,1633.5751,1641.8171
2001-05-21,1648.4111,1676.4341,1643.4659,1676.4341
2001-05-22,1697.8632,1704.4569,1668.1919,1673.1371
2001-05-23,1664.8948,1689.6210,1659.9496,1681.3789
2001-05-24,1631.9275,1643.4664,1623.6854,1640.1696
2001-05-25,1648.4111,1674.7857,1643.4659,1648.4111
2001-05-28,1628.6299,1638.5204,1603.9037,1607.2006
2001-05-29,1598.9590,1625.3336,1598.9590,1617.0916
2001-05-30,1584.1236,1592.3657,1541.2649,1549.5070
2001-05-31,1516.5381,1542.9127,1504.9993,1511.5929
2001-06-01,1544.5611,1552.8031,1526.4286,1533.0222
2001-06-04,1549.5064,1556.1000,1536.3191,1544.5612
2001-06-05,1518.1863,1528.0768,1493.4601,1526.4283
2001-06-06,1549.5061,1556.0998,1509.9443,1528.0768
2001-06-07,1516.5377,1518.1861,1498.4052,1506.6472
2001-06-08,1496.7573,1529.7255,1493.4605,1518.1866
2001-06-11,1516.5378,1519.8346,1501.7021,1513.2410
2001-06-12,1493.4605,1500.0541,1450.6018,1450.6018
2001-06-13,1455.5470,1480.2732,1452.2502,1457.1954
2001-06-14,1460.4920,1473.6793,1452.2500,1458.8436
2001-06-15,1442.3597,1452.2502,1417.6335,1447.3049
2001-06-18,1439.0624,1448.9529,1420.9299,1427.5236
2001-06-19,1444.0081,1473.6795,1439.0628,1444.0081
2001-06-20,1442.3593,1457.1949,1424.2267,1427.5236
2001-06-21,1442.3595,1442.3595,1401.1492,1419.2817
2001-06-22,1425.8756,1458.8438,1425.8756,1432.4692
2001-06-25,1415.9850,1424.2271,1371.4779,1381.3684
2001-06-26,1364.8841,1376.4230,1343.4548,1348.4000
2001-06-27,1350.0490,1378.0719,1346.7521,1350.0490
2001-06-28,1354.9942,1356.6426,1322.0260,1335.2133
2001-06-29,1354.9940,1361.5876,1338.5099,1351.6971
2001-07-02,1364.8842,1364.8842,1335.2128,1343.4548
2001-07-03,1351.6967,1354.9935,1312.1348,1315.4316
2001-07-04,1310.4868,1312.1352,1282.4638,1285.7606
2001-07-05,1252.7926,1264.3315,1241.2537,1251.1442
2001-07-06,1228.0665,1229.7149,1186.8562,1195.0983
2001-07-09,1170.3718,1185.2075,1158.8330,1178.6139
2001-07-10,1175.3168,1211.5819,1167.0748,1193.4493
2001-07-11,1175.3174,1180.2627,1155.5365,1155.5365
2001-07-12,1188.5045,1223.1211,1186.8560,1223.1211
2001-07-13,1239.6052,1244.5505,1186.8561,1216.5275
2001-07-16,1216.5275,1228.0664,1206.6371,1219.8243
2001-07-17,1200.0432,1206.6368,1193.4495,1198.3948
2001-07-18,1190.1525,1195.0977,1152.2390,1153.8875
2001-07-19,1157.1846,1183.5592,1157.1846,1180.2623
2001-07-20,1180.2623,1180.2623,1180.2623,1180.2623
2001-07-23,1185.2078,1185.2078,1142.3491,1157.1848
2001-07-24,1163.7783,1172.0204,1142.3490,1163.7783
2001-07-25,1167.0754,1193.4500,1163.7786,1173.6691
2001-07-26,1175.3169,1176.9653,1142.3486,1165.4264
2001-07-27,1050.0378,1059.9283,1002.2339,1031.9053
2001-07-30,1022.0149,1026.9601,952.7816,961.0237
2001-07-31,982.4528,1020.3663,979.1560,1013.7726
2001-08-01,1030.2569,1040.1474,998.9371,1022.0148
2001-08-02,1040.1474,1073.1156,1022.0148,1071.4672
2001-08-03,1064.8733,1081.3574,1036.8503,1048.3892
2001-08-06,1035.2023,1050.0380,1030.2571,1038.4991
2001-08-07,1028.6085,1059.9283,1022.0148,1056.6315
2001-08-08,1054.9831,1061.5767,1045.0926,1056.6315
2001-08-09,1031.9050,1035.2019,1008.8273,1010.4757
2001-08-10,1008.8275,1030.2568,1005.5306,1008.8275
2001-08-13,1008.8276,1013.7729,987.3983,989.0467
2001-08-14,997.2885,1022.0146,987.3980,1020.3662
2001-08-15,1022.0151,1045.0928,1002.2341,1041.7960
2001-08-16,992.3435,998.9372,980.8047,990.6951
2001-08-17,982.4528,989.0464,944.5393,946.1877
2001-08-20,929.7036,959.3750,926.4068,946.1877
2001-08-21,942.8913,946.1881,900.0326,919.8135
2001-08-22,926.4072,962.6723,921.4620,954.4302
2001-08-23,954.4302,956.0786,908.2747,914.8683
2001-08-24,939.5942,941.2426,906.6260,923.1101
2001-08-27,939.5941,961.0234,936.2973,937.9457
2001-08-28,954.4302,956.0786,931.3525,954.4302
2001-08-29,937.9457,952.7814,934.6489,937.9457
2001-08-30,937.9458,937.9458,906.6260,921.4617
2001-08-31,898.3840,898.3840,862.1190,872.0095
2001-09-03,855.5253,858.8221,829.1507,834.0959
2001-09-04,850.5801,872.0094,830.7992,870.3610
2001-09-05,853.8771,862.1191,840.6898,850.5803
2001-09-06,850.5800,875.3062,840.6896,862.1189
2001-09-07,829.1508,842.3381,817.6119,832.4476
2001-09-10,817.6118,830.7991,814.3150,815.9634
2001-09-11,815.9633,825.8538,806.0729,820.9086
2001-09-12,779.6985,779.6985,779.6985,779.6985
2001-09-13,771.4564,786.2921,738.4882,738.4882
2001-09-14,730.2461,759.9175,726.9492,754.9722
2001-09-17,725.3007,726.9491,672.5516,693.9809
2001-09-18,710.4652,718.7073,702.2231,702.2231
2001-09-19,715.4104,748.3786,712.1136,738.4882
2001-09-20,717.0589,740.1366,708.8168,733.5430
2001-09-21,700.5747,708.8167,689.0358,695.6295
2001-09-24,695.6295,695.6295,695.6295,695.6295
2001-09-25,739.0288,752.2553,710.9226,725.8024
2001-09-26,727.4556,730.7622,712.5759,719.1891
2001-09-27,710.9226,730.7623,709.2693,725.8024
2001-09-28,725.8024,725.8024,725.8024,725.8024
2001-10-01,667.9366,687.7763,656.3634,677.8564
2001-10-02,661.3235,674.5500,661.3235,669.5901
2001-10-03,677.8564,681.1630,654.7100,658.0167
2001-10-04,682.8165,702.6562,672.8967,702.6562
2001-10-05,710.9226,734.0690,699.3495,724.1491
2001-10-08,724.1491,724.1491,724.1491,724.1491
2001-10-09,696.0426,705.9624,689.4294,696.0426
2001-10-10,701.0028,727.4557,692.7362,714.2292
2001-10-11,747.2953,796.8946,743.9887,796.8946
2001-10-12,821.6941,846.4938,816.7342,836.5739
2001-10-15,811.7745,816.7344,798.5480,801.8546
2001-10-16,793.5879,821.6941,785.3214,810.1210
2001-10-17,826.6542,843.1873,815.0810,834.9207
2001-10-18,811.7744,829.9608,811.7744,815.0811
2001-10-19,813.4276,841.5339,805.1611,833.2673
2001-10-22,829.9609,843.1873,826.6542,826.6542
2001-10-23,843.1874,851.4539,834.9208,851.4539
2001-10-24,839.8805,839.8805,816.7342,818.3875
2001-10-25,818.3876,818.3876,772.0950,790.2814
2001-10-26,831.6141,834.9208,813.4277,815.0811
2001-10-29,823.3473,825.0007,795.2411,806.8143
2001-10-30,790.2815,798.5480,775.4017,785.3215
2001-10-31,762.1751,780.3615,762.1751,765.4817
2001-11-01,773.7485,786.9749,763.8286,770.4418
2001-11-02,786.9748,795.2413,780.3615,790.2814
2001-11-05,798.5479,823.3475,798.5479,816.7343
2001-11-06,826.6541,829.9607,818.3875,823.3475
2001-11-07,823.3476,825.0009,778.7083,778.7083
2001-11-08,791.9347,801.8545,777.0549,796.8946
2001-11-09,796.8946,796.8946,796.8946,796.8946
2001-11-12,793.5881,805.1612,790.2815,795.2414
2001-11-13,790.2813,796.8946,786.9747,793.5880
2001-11-14,818.3875,821.6942,803.5078,813.4276
2001-11-15,823.3475,896.0931,823.3475,892.7865
2001-11-16,915.9328,948.9990,906.0130,944.0391
2001-11-19,957.2656,982.0652,950.6524,963.8788
2001-11-20,968.8385,970.4919,927.5058,934.1191
2001-11-21,914.2793,953.9586,910.9726,948.9987
2001-11-22,932.4658,940.7323,919.2393,940.7323
2001-11-23,940.7323,940.7323,940.7323,940.7323
2001-11-26,965.5323,982.0654,953.9591,975.4521
2001-11-27,983.7185,1015.1314,972.1454,993.6384
2001-11-28,977.1053,990.3318,963.8788,963.8788
2001-11-29,947.3456,957.2655,935.7724,950.6522
2001-11-30,963.8787,968.8386,952.3055,960.5721
2001-12-03,965.5321,965.5321,930.8126,944.0391
2001-12-04,939.0791,967.1853,932.4658,967.1853
2001-12-05,978.7586,990.3318,958.9189,985.3718
2001-12-06,1021.7447,1030.0112,1005.2116,1025.0513
2001-12-07,1025.0514,1034.9712,1005.2117,1015.1315
2001-12-10,1006.8649,1011.8248,987.0252,996.9450
2001-12-11,972.1451,975.4517,957.2653,965.5319
2001-12-12,975.4520,1005.2115,970.4921,996.9450
2001-12-13,985.3714,990.3313,970.4916,972.1449
2001-12-14,958.9190,972.1455,945.6925,958.9190
2001-12-17,958.9190,967.1855,942.3859,947.3458
2001-12-18,975.4519,987.0251,968.8387,983.7184
2001-12-19,985.3718,995.2917,980.4119,985.3718
2001-12-20,987.0248,990.3315,972.1451,987.0248
2001-12-21,960.5720,978.7584,932.4658,940.7323
2001-12-24,940.7323,940.7323,940.7323,940.7323
2001-12-25,942.3858,947.3458,909.3197,922.5461
2001-12-26,930.8125,932.4658,920.8927,925.8526
2001-12-27,942.3858,970.4920,935.7725,962.2255
2001-12-28,978.7586,991.9850,968.8387,990.3317
2001-12-31,990.3317,990.3317,990.3317,990.3317
2002-01-01,990.3317,990.3317,990.3317,990.3317
2002-01-02,990.3317,990.3317,990.3317,990.3317
2002-01-03,990.3317,990.3317,990.3317,990.3317
2002-01-04,1039.9309,1068.0372,1038.2776,1061.4240
2002-01-07,1058.1174,1076.3038,1054.8108,1069.6906
2002-01-08,1053.1575,1061.4240,1043.2376,1051.5042
2002-01-09,1049.8505,1066.3836,1041.5840,1056.4637
2002-01-10,1064.7306,1107.7166,1061.4240,1082.9170
2002-01-11,1077.9569,1082.9168,1048.1973,1058.1172
2002-01-14,1058.1172,1058.1172,1058.1172,1058.1172
2002-01-15,996.9447,1010.1712,996.9447,1000.2513
2002-01-16,991.9851,991.9851,978.7587,980.4120
2002-01-17,980.4121,987.0253,963.8790,975.4521
2002-01-18,990.3317,998.5983,975.4520,990.3317
2002-01-21,973.7988,980.4121,965.5323,973.7988
2002-01-22,977.1052,985.3718,962.2255,962.2255
2002-01-23,967.1853,998.5982,963.8787,982.0651
2002-01-24,998.5983,1016.7846,965.5321,1005.2115
2002-01-25,1025.0513,1028.3579,1010.1715,1025.0513
2002-01-28,1023.3975,1033.3174,988.6781,998.5979
2002-01-29,982.0650,993.6381,975.4517,978.7584
2002-01-30,957.2657,962.2257,947.3459,957.2657
2002-01-31,957.2657,957.2657,957.2657,957.2657
2002-02-01,987.0250,988.6783,960.5721,960.5721
2002-02-04,955.6122,965.5320,953.9588,960.5721
2002-02-05,934.1191,950.6522,922.5460,925.8526
2002-02-06,915.9329,939.0792,914.2796,915.9329
2002-02-07,919.2395,955.6123,912.6263,945.6924
2002-02-08,937.4258,963.8788,932.4659,944.0391
2002-02-11,944.0391,944.0391,944.0391,944.0391
2002-02-12,973.7988,975.4521,963.8790,975.4521
2002-02-13,968.8385,985.3716,963.8786,978.7584
2002-02-14,988.6782,1013.4778,987.0249,1000.2513
2002-02-15,998.5983,1003.5582,983.7185,996.9450
2002-02-18,985.3714,1006.8644,975.4516,998.5979
2002-02-19,1039.9308,1041.5841,1016.7845,1016.7845
2002-02-20,1000.2515,1008.5180,991.9849,991.9849
2002-02-21,1005.2113,1036.6241,1003.5580,1034.9708
2002-02-22,1025.0509,1041.5839,1015.1310,1036.6240
2002-02-25,1041.5844,1043.2377,1025.0513,1025.0513
2002-02-26,1039.9310,1041.5844,1015.1314,1025.0513
2002-02-27,1031.6645,1046.5443,1026.7046,1041.5844
2002-02-28,1048.1975,1053.1574,1005.2115,1005.2115
2002-03-01,1026.7042,1043.2373,1021.7443,1036.6240
2002-03-04,1051.5040,1079.6102,1049.8507,1079.6102
2002-03-05,1106.0632,1106.0632,1084.5702,1089.5302
2002-03-06,1099.4499,1139.1293,1097.7966,1137.4760
2002-03-07,1157.3157,1210.2215,1157.3157,1190.3818
2002-03-08,1190.3819,1196.9951,1172.1955,1183.7687
2002-03-11,1198.6484,1203.6083,1177.1554,1190.3818
2002-03-12,1160.6220,1173.8485,1152.3555,1152.3555
2002-03-13,1142.4361,1168.8890,1129.2096,1129.2096
2002-03-14,1139.1293,1172.1954,1124.2495,1172.1954
2002-03-15,1187.0753,1195.3418,1170.5422,1180.4620
2002-03-18,1182.1154,1185.4221,1144.0894,1144.0894
2002-03-19,1157.3156,1192.0351,1155.6623,1185.4219
2002-03-20,1190.3821,1195.3420,1137.4762,1139.1295
2002-03-21,1139.1295,1139.1295,1139.1295,1139.1295
2002-03-22,1142.4359,1160.6223,1137.4760,1145.7426
2002-03-25,1132.5166,1137.4766,1106.0637,1119.2902
2002-03-26,1111.4221,1146.2058,1103.1403,1116.3912
2002-03-27,1131.2987,1137.9241,1109.7659,1121.3605
2002-03-28,1136.2674,1141.2365,1118.0473,1141.2365
2002-03-29,1132.9546,1144.5492,1106.4528,1109.7655
2002-04-01,1118.0473,1129.6419,1109.7655,1109.7655
2002-04-02,1126.3294,1151.1749,1119.7039,1147.8622
2002-04-03,1131.2983,1167.7384,1126.3292,1159.4565
2002-04-04,1164.4258,1167.7385,1151.1748,1156.1439
2002-04-05,1136.2678,1144.5496,1119.7041,1121.3605
2002-04-08,1126.3293,1152.8311,1123.0166,1144.5493
2002-04-09,1131.2983,1142.8929,1119.7037,1119.7037
2002-04-10,1111.4218,1147.8619,1111.4218,1126.3291
2002-04-11,1136.2673,1146.2055,1129.6418,1129.6418
2002-04-12,1113.0781,1126.3290,1111.4218,1111.4218
2002-04-15,1118.0476,1126.3295,1113.0785,1124.6731
2002-04-16,1127.9855,1141.2365,1119.7037,1141.2365
2002-04-17,1154.4872,1169.3945,1151.1745,1167.7382
2002-04-18,1161.1130,1179.3330,1156.1439,1176.0203
2002-04-19,1146.2058,1152.8313,1129.6421,1147.8622
2002-04-22,1151.1749,1184.3022,1151.1749,1184.3022
2002-04-23,1167.7386,1179.3332,1161.1132,1166.0823
2002-04-24,1166.0821,1172.7076,1151.1748,1162.7694
2002-04-25,1174.3640,1189.2713,1169.3949,1184.3022
2002-04-26,1192.5837,1209.1474,1184.3019,1192.5837
2002-04-29,1192.5837,1192.5837,1192.5837,1192.5837
2002-04-30,1176.0198,1177.6761,1136.2670,1142.8925
2002-05-01,1144.5493,1159.4566,1141.2366,1144.5493
2002-05-02,1149.5184,1151.1747,1134.6111,1134.6111
2002-05-03,1134.6111,1134.6111,1134.6111,1134.6111
2002-05-06,1134.6111,1134.6111,1134.6111,1134.6111
2002-05-07,1126.3291,1129.6418,1114.7345,1129.6418
2002-05-08,1132.9547,1151.1747,1132.9547,1134.6111
2002-05-09,1162.7693,1169.3947,1151.1747,1159.4565
2002-05-10,1156.1438,1166.0820,1149.5183,1159.4565
2002-05-13,1146.2059,1147.8623,1136.2677,1137.9241
2002-05-14,1154.4874,1164.4256,1149.5183,1152.8311
2002-05-15,1169.3949,1184.3022,1166.0822,1184.3022
2002-05-16,1185.9589,1189.2716,1171.0516,1185.9589
2002-05-17,1192.5841,1209.1478,1190.9278,1202.5223
2002-05-20,1210.8044,1215.7735,1197.5535,1200.8662
2002-05-21,1194.2401,1197.5528,1180.9892,1190.9274
2002-05-22,1200.8656,1210.8038,1179.3328,1204.1783
2002-05-23,1217.4296,1224.0551,1209.1478,1224.0551
2002-05-24,1230.6803,1233.9930,1222.3985,1233.9930
2002-05-27,1233.9928,1235.6492,1214.1165,1214.1165
2002-05-28,1212.4602,1212.4602,1194.2402,1205.8347
2002-05-29,1189.2708,1204.1781,1187.6144,1194.2399
2002-05-30,1182.6453,1195.8962,1174.3635,1194.2399
2002-05-31,1177.6764,1192.5837,1162.7691,1192.5837
2002-06-03,1187.6150,1187.6150,1172.7077,1182.6459
2002-06-04,1161.1128,1166.0819,1136.2673,1139.5801
2002-06-05,1151.1743,1167.7380,1147.8616,1154.4871
2002-06-06,1171.0507,1174.3635,1151.1743,1154.4871
2002-06-07,1129.6420,1146.2057,1127.9857,1144.5493
2002-06-10,1136.2673,1147.8619,1126.3291,1126.3291
2002-06-11,1123.0168,1132.9550,1114.7350,1121.3605
2002-06-12,1123.0167,1151.1749,1118.0476,1151.1749
2002-06-13,1137.9236,1139.5800,1111.4218,1111.4218
2002-06-14,1109.7658,1109.7658,1086.5767,1086.5767
2002-06-17,1070.0129,1074.9820,1053.4493,1063.3875
2002-06-18,1074.9819,1093.2020,1063.3874,1073.3256
2002-06-19,1061.7305,1076.6378,1031.9159,1041.8541
2002-06-20,1028.6037,1040.1982,1003.7582,1040.1982
2002-06-21,1007.0708,1013.6963,993.8199,997.1326
2002-06-24,987.1943,1023.6344,978.9125,1018.6653
2002-06-25,1010.3834,1038.5416,1007.0707,1010.3834
2002-06-26,985.5383,990.5074,960.6928,962.3492
2002-06-27,987.1946,1010.3838,982.2255,998.7892
2002-06-28,1018.6654,1048.4800,1015.3527,1048.4800
2002-07-01,1031.9162,1036.8853,1018.6653,1025.2908
2002-07-02,1018.6653,1025.2908,992.1634,1025.2908
2002-07-03,997.1330,1043.5113,997.1330,1033.5731
2002-07-04,1017.0089,1025.2908,998.7889,1002.1016
2002-07-05,1010.3835,1021.9780,1008.7271,1018.6653
2002-07-08,1051.7928,1053.4491,1023.6345,1023.6345
2002-07-09,1030.2603,1046.8240,1020.3221,1043.5112
2002-07-10,1026.9471,1031.9162,1010.3834,1010.3834
2002-07-11,993.8200,998.7891,987.1945,992.1636
2002-07-12,1008.7271,1012.0399,1000.4453,1000.4453
2002-07-15,988.8505,990.5069,973.9432,973.9432
2002-07-16,967.3183,978.9129,960.6929,960.6929
2002-07-17,952.4110,954.0673,906.0327,920.9400
2002-07-18,935.8474,960.6929,932.5346,960.6929
2002-07-19,944.1289,944.1289,912.6580,915.9707
2002-07-22,879.5307,896.0944,874.5616,892.7817
2002-07-23,869.5923,904.3760,862.9669,897.7505
2002-07-24,881.1870,887.8125,874.5615,874.5615
2002-07-25,906.0324,906.0324,872.9051,876.2178
2002-07-26,879.5306,892.7816,872.9052,874.5615
2002-07-29,889.4688,906.0325,879.5306,879.5306
2002-07-30,919.2837,927.5655,911.0019,922.5964
2002-07-31,930.8783,930.8783,896.0946,896.0946
2002-08-01,911.0018,911.0018,887.8126,894.4381
2002-08-02,879.5307,879.5307,856.3415,864.6234
2002-08-05,848.0595,854.6850,838.1213,846.4031
2002-08-06,829.8396,838.1214,819.9014,824.8705
2002-08-07,866.2797,879.5306,861.3106,874.5615
2002-08-08,874.5615,884.4997,866.2797,874.5615
2002-08-09,881.1872,891.1254,869.5926,891.1254
2002-08-12,867.9362,871.2489,849.7161,849.7161
2002-08-13,844.7470,859.6543,836.4652,839.7779
2002-08-14,829.8397,838.1215,829.8397,834.8088
2002-08-15,844.7470,861.3107,838.1215,839.7779
2002-08-16,856.3417,859.6545,843.0908,853.0290
2002-08-19,857.9978,859.6541,843.0905,848.0596
2002-08-20,869.5924,876.2179,859.6542,874.5615
2002-08-21,864.6234,892.7816,862.9670,887.8125
2002-08-22,892.7816,917.6271,882.8434,909.3453
2002-08-23,909.3453,909.3453,909.3453,909.3453
2002-08-26,907.6889,927.5653,906.0326,917.6271
2002-08-27,906.0328,912.6582,884.5000,884.5000
2002-08-28,899.4068,902.7195,876.2177,886.1559
2002-08-29,864.6233,869.5924,854.6851,857.9978
2002-08-30,861.3108,864.6235,854.6853,856.3417
2002-09-02,846.4032,851.3723,841.4341,844.7468
2002-09-03,838.1214,843.0905,828.1832,829.8396
2002-09-04,813.2761,813.2761,796.7124,803.3379
2002-09-05,814.9323,834.8087,811.6196,818.2451
2002-09-06,800.0251,818.2452,796.7124,813.2761
2002-09-09,828.1832,836.4650,823.2141,824.8705
2002-09-10,833.1523,859.6541,833.1523,844.7468
2002-09-11,861.3108,881.1872,854.6853,867.9362
2002-09-12,877.8743,882.8434,867.9361,879.5306
2002-09-13,861.3104,862.9668,841.4340,846.4031
2002-09-16,846.4031,846.4031,846.4031,846.4031
2002-09-17,879.5308,902.7199,872.9053,901.0635
2002-09-18,867.9359,889.4686,866.2795,886.1559
2002-09-19,912.6577,922.5959,886.1559,886.1559
2002-09-20,862.9670,874.5615,861.3106,861.3106
2002-09-23,861.3106,861.3106,861.3106,861.3106
2002-09-24,838.1216,844.7470,833.1525,838.1216
2002-09-25,835.2157,840.1971,826.9133,826.9133
2002-09-26,845.1787,865.1043,843.5182,858.4625
2002-09-27,878.3878,891.6715,875.0669,885.0297
2002-09-30,868.4249,873.4063,845.1783,848.4993
2002-10-01,846.8389,846.8389,838.5365,845.1784
2002-10-02,861.7831,865.1040,843.5179,843.5179
2002-10-03,846.8390,853.4809,835.2157,835.2157
2002-10-04,835.2159,860.1229,833.5554,858.4625
2002-10-07,838.5366,846.8390,836.8762,836.8762
2002-10-08,836.8760,855.1411,835.2155,846.8388
2002-10-09,835.2157,841.8576,830.2343,836.8762
2002-10-10,826.9133,828.5738,813.6296,823.5924
2002-10-11,836.8761,843.5179,828.5737,833.5551
2002-10-14,833.5551,833.5551,833.5551,833.5551
2002-10-15,863.4437,865.1041,851.8204,865.1041
2002-10-16,880.0483,886.6902,870.0855,878.3878
2002-10-17,880.0478,894.9920,880.0478,891.6711
2002-10-18,908.2763,928.2019,906.6158,919.8996
2002-10-21,916.5788,919.8997,906.6159,911.5974
2002-10-22,906.6156,908.2761,880.0482,880.0482
2002-10-23,881.7083,893.3315,868.4245,891.6711
2002-10-24,893.3321,894.9925,873.4065,883.3693
2002-10-25,888.3507,904.9554,886.6903,894.9926
2002-10-28,893.3322,911.5974,888.3508,911.5974
2002-10-29,913.2576,918.2390,899.9739,899.9739
2002-10-30,883.3687,901.6339,880.0478,891.6711
2002-10-31,898.3134,899.9739,871.7459,875.0668
2002-11-01,880.0483,885.0297,873.4064,885.0297
2002-11-04,885.0297,885.0297,885.0297,885.0297
2002-11-05,911.5973,918.2392,903.2950,913.2578
2002-11-06,913.2578,914.9182,898.3136,906.6159
2002-11-07,890.0111,898.3135,876.7274,883.3693
2002-11-08,866.7645,868.4250,855.1413,861.7831
2002-11-11,840.1971,843.5181,818.6110,818.6110
2002-11-12,813.6297,821.9320,805.3273,808.6483
2002-11-13,820.2715,826.9134,808.6483,808.6483
2002-11-14,816.9505,828.5738,813.6295,821.9319
2002-11-15,840.1973,855.1415,835.2159,855.1415
2002-11-18,846.8390,850.1599,821.9320,830.2343
2002-11-19,835.2157,843.5180,831.8947,841.8575
2002-11-20,850.1599,856.8018,848.4994,851.8204
2002-11-21,863.4437,865.1041,851.8204,863.4437
2002-11-22,880.0483,883.3693,870.0855,883.3693
2002-11-25,890.0112,898.3136,888.3507,894.9926
2002-11-26,893.3322,894.9926,880.0484,893.3322
2002-11-27,881.7090,890.0113,881.7090,886.6904
2002-11-28,898.3134,904.9553,894.9925,904.9553
2002-11-29,904.9553,911.5972,899.9739,899.9739
2002-12-02,899.9739,899.9739,899.9739,899.9739
2002-12-03,911.5973,916.5788,906.6159,913.2578
2002-12-04,896.6530,901.6344,881.7088,881.7088
2002-12-05,881.7085,899.9737,881.7085,888.3504
2002-12-06,891.6713,896.6527,886.6899,888.3504
2002-12-09,890.0110,896.6528,880.0482,880.0482
2002-12-10,866.7646,871.7460,863.4437,863.4437
2002-12-11,871.7459,880.0483,866.7645,868.4250
2002-12-12,865.1041,866.7646,856.8018,863.4437
2002-12-13,855.1412,858.4622,838.5365,843.5179
2002-12-16,835.2157,843.5180,833.5552,835.2157
2002-12-17,846.8389,848.4994,840.1971,841.8575
2002-12-18,840.1971,840.1971,828.5738,830.2343
2002-12-19,826.9132,835.2156,823.5923,833.5551
2002-12-20,828.5738,831.8947,826.9133,828.5738
2002-12-23,828.5738,828.5738,828.5738,828.5738
2002-12-24,833.5553,843.5181,828.5739,840.1971
2002-12-25,836.8761,840.1970,833.5551,833.5551
2002-12-26,838.5365,850.1597,838.5365,846.8388
2002-12-27,845.1785,846.8390,836.8762,840.1971
2002-12-30,828.5738,831.8948,823.5924,823.5924
2002-12-31,823.5924,823.5924,823.5924,823.5924
2003-01-01,823.5924,823.5924,823.5924,823.5924
2003-01-02,823.5924,823.5924,823.5924,823.5924
2003-01-03,823.5924,823.5924,823.5924,823.5924
2003-01-06,848.4994,848.4994,831.8948,835.2157
2003-01-07,851.8204,851.8204,833.5552,835.2157
2003-01-08,836.8761,838.5366,823.5924,826.9133
2003-01-09,823.5924,838.5366,820.2715,838.5366
2003-01-10,843.5179,850.1597,840.1969,848.4993
2003-01-13,848.4993,848.4993,848.4993,848.4993
2003-01-14,846.8390,848.4995,835.2157,840.1971
2003-01-15,838.5367,838.5367,825.2529,830.2343
2003-01-16,825.2529,828.5738,823.5924,828.5738
2003-01-17,825.2528,836.8761,823.5923,833.5551
2003-01-20,830.2343,835.2157,826.9134,831.8948
2003-01-21,830.2342,846.8389,825.2528,845.1784
2003-01-22,835.2157,838.5367,828.5738,830.2343
2003-01-23,833.5553,840.1971,826.9134,840.1971
2003-01-24,835.2157,836.8762,826.9134,830.2343
2003-01-27,816.9505,820.2714,813.6296,815.2900
2003-01-28,810.3087,811.9692,800.3459,805.3273
2003-01-29,803.6667,805.3271,788.7225,790.3829
2003-01-30,792.0436,805.3273,788.7226,792.0436
2003-01-31,792.0434,792.0434,767.1364,782.0806
2003-02-03,783.7411,798.6853,773.7783,797.0248
2003-02-04,800.3459,803.6669,785.4017,787.0622
2003-02-05,775.4388,783.7411,773.7783,778.7597
2003-02-06,780.4203,787.0622,772.1180,773.7784
2003-02-07,772.1179,775.4389,767.1365,772.1179
2003-02-10,763.8156,775.4389,763.8156,772.1179
2003-02-11,772.1179,772.1179,772.1179,772.1179
2003-02-12,775.4389,783.7413,773.7785,780.4203
2003-02-13,772.1178,778.7597,763.8155,767.1364
2003-02-14,768.7970,778.7598,767.1365,772.1179
2003-02-17,780.4202,790.3830,778.7597,782.0806
2003-02-18,782.0808,785.4017,770.4575,773.7784
2003-02-19,782.0807,788.7226,780.4203,783.7412
2003-02-20,778.7597,783.7411,770.4574,778.7597
2003-02-21,772.1178,775.4388,758.8341,762.1550
2003-02-24,763.8156,763.8156,758.8342,760.4946
2003-02-25,750.5317,755.5131,738.9084,740.5689
2003-02-26,735.5875,755.5131,735.5875,747.2108
2003-02-27,742.2295,750.5318,738.9086,742.2295
2003-02-28,747.2108,748.8713,738.9085,745.5504
2003-03-03,747.2107,750.5317,742.2293,748.8712
2003-03-04,743.8900,745.5505,738.9086,743.8900
2003-03-05,735.5876,740.5691,733.9272,735.5876
2003-03-06,730.6060,732.2665,717.3223,718.9827
2003-03-07,707.3596,712.3410,700.7178,705.6992
2003-03-10,709.0202,712.3411,694.0760,697.3969
2003-03-11,680.7919,690.7548,675.8105,677.4710
2003-03-12,684.1131,694.0759,682.4526,690.7549
2003-03-13,689.0944,692.4153,682.4525,682.4525
2003-03-14,710.6807,717.3225,705.6993,712.3411
2003-03-17,715.6621,717.3226,702.3783,704.0388
2003-03-18,732.2667,735.5876,720.6434,720.6434
2003-03-19,723.9644,723.9644,709.0201,722.3039
2003-03-20,738.9086,745.5505,733.9272,743.8900
2003-03-21,743.8900,743.8900,743.8900,743.8900
2003-03-24,760.4945,763.8155,752.1922,757.1736
2003-03-25,748.8714,748.8714,737.2481,738.9086
2003-03-26,742.6550,749.3156,740.9899,742.6550
2003-03-27,742.6551,750.9809,740.9900,747.6506
2003-03-28,749.3155,749.3155,726.0035,732.6641
2003-03-31,716.0127,717.6778,697.6961,699.3612
2003-04-01,682.7100,692.7009,682.7100,684.3751
2003-04-02,691.0356,694.3659,679.3796,691.0356
2003-04-03,706.0220,706.0220,689.3705,692.7008
2003-04-04,694.3658,694.3658,672.7189,689.3704
2003-04-07,696.0309,701.0263,682.7097,697.6960
2003-04-08,689.3706,691.0357,681.0448,686.0403
2003-04-09,669.3886,679.3795,666.0583,669.3886
2003-04-10,666.0581,666.0581,644.4113,651.0718
2003-04-11,642.7462,647.7416,624.4296,627.7599
2003-04-14,636.0857,641.0812,629.4252,634.4206
2003-04-15,646.0764,656.0673,644.4113,651.0718
2003-04-16,659.3978,664.3932,654.4024,657.7327
2003-04-17,651.0720,656.0674,644.4114,647.7417
2003-04-18,652.7373,656.0676,642.7464,646.0767
2003-04-21,641.0811,646.0765,632.7554,644.4114
2003-04-22,642.7463,644.4114,624.4297,631.0903
2003-04-23,632.7555,632.7555,606.1131,616.1040
2003-04-24,624.4296,629.4250,606.1130,619.4341
2003-04-25,536.1770,536.1770,536.1770,536.1770
2003-04-28,452.9197,461.2454,452.9197,452.9197
2003-04-29,452.9197,452.9197,452.9197,452.9197
2003-04-30,473.7340,485.3901,472.0689,482.8923
2003-05-01,489.5529,489.5529,475.3992,477.0643
2003-05-02,477.8970,478.7295,466.2409,476.2318
2003-05-05,476.2318,476.2318,476.2318,476.2318
2003-05-06,489.5529,502.8740,488.7203,497.0460
2003-05-07,504.5392,506.2044,488.7204,493.7158
2003-05-08,489.5528,490.3854,477.0642,481.2271
2003-05-09,474.5666,476.2317,462.0780,468.7386
2003-05-12,479.5620,479.5620,468.7385,474.5666
2003-05-13,485.3900,494.5483,483.7248,486.2226
2003-05-14,504.5392,506.2043,497.8786,506.2043
2003-05-15,499.5438,501.2090,487.0552,492.0507
2003-05-16,492.8831,493.7157,477.8968,486.2226
2003-05-19,477.8968,488.7202,477.8968,487.8876
2003-05-20,485.3899,485.3899,476.2316,481.2271
2003-05-21,483.7249,486.2226,477.0643,482.8923
2003-05-22,481.2273,487.0553,479.5621,485.3901
2003-05-23,497.8786,507.8695,494.5483,506.2043
2003-05-26,502.8741,512.8650,501.2090,509.5347
2003-05-27,502.8740,502.8740,497.8785,499.5437
2003-05-28,504.5391,507.8694,498.7111,499.5437
2003-05-29,519.5257,521.1909,511.2000,516.1954
2003-05-30,524.5211,531.1817,522.8560,529.5165
2003-06-02,541.1726,549.4983,539.5074,549.4983
2003-06-03,551.1633,561.1542,546.1679,554.4936
2003-06-04,562.8192,571.1449,556.1586,564.4843
2003-06-05,572.8101,574.4753,566.1496,569.4799
2003-06-06,569.4799,581.1360,562.8194,577.8057
2003-06-09,581.1360,597.7874,577.8057,591.1268
2003-06-10,579.4707,579.4707,566.1496,569.4799
2003-06-11,572.8101,582.8010,572.8101,574.4753
2003-06-12,589.4617,589.4617,574.4754,577.8057
2003-06-13,576.1404,581.1358,576.1404,579.4706
2003-06-16,569.4801,571.1452,561.1544,561.1544
2003-06-17,576.1405,579.4708,571.1451,577.8057
2003-06-18,584.4661,589.4615,579.4706,579.4706
2003-06-19,587.7963,589.4614,582.8008,589.4614
2003-06-20,581.1359,586.1313,576.1405,586.1313
2003-06-23,577.8056,579.4707,569.4798,574.4753
2003-06-24,561.1542,564.4845,552.8284,554.4936
2003-06-25,549.4981,549.4981,541.1724,544.5027
2003-06-26,542.8375,549.4981,536.1770,544.5027
2003-06-27,559.4889,561.1541,552.8283,556.1586
2003-06-30,559.4890,566.1496,556.1587,562.8193
2003-07-01,557.8239,572.8102,557.8239,571.1450
2003-07-02,577.8056,612.7736,577.8056,606.1130
2003-07-03,639.4159,646.0765,616.1039,619.4341
2003-07-04,612.7737,621.0995,609.4435,612.7737
2003-07-07,614.4389,639.4161,612.7738,637.7510
2003-07-08,657.7324,661.0627,647.7415,651.0718
2003-07-09,652.7371,656.0674,646.0766,647.7417
2003-07-10,642.7463,644.4115,629.4252,634.4206
2003-07-11,621.0995,626.0950,607.7784,611.1086
2003-07-14,627.7600,647.7417,624.4297,647.7417
2003-07-15,661.0629,674.3841,659.3978,664.3932
2003-07-16,667.7235,669.3886,651.0720,664.3932
2003-07-17,647.7417,651.0719,634.4205,636.0856
2003-07-18,632.7555,634.4206,624.4297,629.4252
2003-07-21,629.4252,629.4252,629.4252,629.4252
2003-07-22,624.4296,626.0947,612.7735,624.4296
2003-07-23,634.4206,636.0857,626.0948,631.0903
2003-07-24,622.7647,632.7556,612.7739,626.0950
2003-07-25,617.7692,624.4298,607.7783,617.7692
2003-07-28,631.0902,636.0856,626.0948,636.0856
2003-07-29,641.0812,644.4115,637.7509,639.4161
2003-07-30,632.7556,634.4207,619.4344,621.0995
2003-07-31,626.0950,626.0950,612.7738,621.0995
2003-08-01,634.4204,634.4204,619.4341,624.4296
2003-08-04,616.1039,616.1039,597.7873,599.4525
2003-08-05,602.7829,612.7737,602.7829,604.4480
2003-08-06,597.7875,599.4526,589.4618,592.7921
2003-08-07,594.4571,597.7874,587.7965,597.7874
2003-08-08,587.7964,594.4570,584.4661,587.7964
2003-08-11,589.4617,594.4572,582.8011,594.4572
2003-08-12,597.7873,604.4479,592.7919,599.4525
2003-08-13,602.7829,607.7783,597.7874,604.4480
2003-08-14,607.7781,619.4341,606.1130,619.4341
2003-08-15,624.4298,624.4298,617.7692,617.7692
2003-08-18,622.7645,626.0948,619.4342,622.7645
2003-08-19,629.4251,639.4160,627.7600,631.0903
2003-08-20,634.4206,636.0857,624.4297,631.0903
2003-08-21,634.4207,637.7510,629.4252,637.7510
2003-08-22,644.4116,644.4116,634.4207,641.0813
2003-08-25,642.7464,646.0767,636.0858,637.7510
2003-08-26,629.4250,632.7553,624.4296,627.7599
2003-08-27,629.4250,634.4205,626.0947,627.7599
2003-08-28,632.7553,632.7553,626.0947,627.7599
2003-08-29,639.4161,639.4161,632.7555,639.4161
2003-09-01,639.4160,647.7417,637.7508,647.7417
2003-09-02,654.4026,659.3981,649.4072,659.3981
2003-09-03,669.3885,672.7188,662.7279,666.0582
2003-09-04,664.3934,666.0585,649.4071,652.7374
2003-09-05,662.7279,666.0582,659.3976,666.0582
2003-09-08,667.7234,701.0264,664.3931,699.3612
2003-09-09,722.6732,739.3247,719.3429,727.6686
2003-09-10,719.3432,735.9947,716.0129,722.6735
2003-09-11,702.6916,712.6825,701.0265,704.3568
2003-09-12,717.6779,727.6687,712.6824,724.3384
2003-09-15,724.3384,724.3384,724.3384,724.3384
2003-09-16,724.3387,730.9993,719.3433,726.0038
2003-09-17,740.9898,740.9898,727.6686,734.3292
2003-09-18,721.0081,730.9989,714.3475,727.6686
2003-09-19,737.6595,737.6595,716.0126,716.0126
2003-09-22,709.3523,709.3523,674.3843,686.0403
2003-09-23,686.0403,686.0403,686.0403,686.0403
2003-09-24,677.7144,696.0310,677.7144,691.0356
2003-09-25,668.0706,673.0812,659.7198,663.0601
2003-09-26,664.7303,678.0917,664.7303,668.0706
2003-09-29,659.7199,661.3900,648.0286,649.6988
2003-09-30,658.0495,661.3899,651.3688,651.3688
2003-10-01,643.0180,648.0285,636.3372,641.3478
2003-10-02,651.3688,656.3794,648.0285,651.3688
2003-10-03,659.7196,664.7302,654.7091,664.7302
2003-10-06,678.0916,683.1022,673.0811,676.4214
2003-10-07,671.4110,673.0812,661.3900,666.4005
2003-10-08,656.3794,658.0495,636.3372,641.3478
2003-10-09,649.6988,651.3690,638.0076,639.6777
2003-10-10,648.0286,668.0707,646.3584,666.4005
2003-10-13,666.4005,666.4005,666.4005,666.4005
2003-10-14,668.0707,676.4216,663.0602,666.4005
2003-10-15,661.3899,664.7303,653.0390,658.0496
2003-10-16,668.0706,679.7618,666.4004,673.0811
2003-10-17,681.4322,701.4743,679.7620,694.7936
2003-10-20,686.4428,698.1340,681.4322,693.1235
2003-10-21,701.4741,714.8355,688.1126,701.4741
2003-10-22,706.4847,713.1654,696.4636,696.4636
2003-10-23,671.4110,676.4215,661.3900,661.3900
2003-10-24,653.0390,653.0390,621.3057,631.3267
2003-10-27,638.0073,644.6880,632.9968,638.0073
2003-10-28,649.6988,653.0391,643.0181,644.6882
2003-10-29,664.7303,666.4005,646.3584,653.0391
2003-10-30,651.3691,651.3691,632.9971,632.9971
2003-10-31,641.3479,648.0286,632.9970,639.6777
2003-11-03,639.6777,639.6777,639.6777,639.6777
2003-11-04,664.7303,666.4005,651.3689,661.3900
2003-11-05,663.0601,673.0811,656.3794,673.0811
2003-11-06,664.7304,673.0813,654.7093,656.3795
2003-11-07,659.7197,669.7408,656.3794,668.0706
2003-11-10,669.7408,681.4320,664.7303,668.0706
2003-11-11,653.0391,659.7199,643.0181,649.6988
2003-11-12,656.3794,658.0496,638.0074,648.0285
2003-11-13,656.3795,661.3900,646.3585,656.3795
2003-11-14,651.3687,653.0389,636.3371,638.0073
2003-11-17,639.6778,641.3480,624.6462,629.6567
2003-11-18,636.3372,644.6881,629.6565,641.3478
2003-11-19,621.3056,624.6460,609.6144,614.6249
2003-11-20,631.3267,634.6670,622.9758,626.3162
2003-11-21,617.9653,624.6460,614.6249,619.6354
2003-11-24,619.6354,619.6354,619.6354,619.6354
2003-11-25,638.0075,638.0075,614.6251,616.2952
2003-11-26,616.2952,626.3162,616.2952,622.9759
2003-11-27,626.3164,636.3375,622.9761,632.9971
2003-11-28,632.9969,634.6671,621.3056,634.6671
2003-12-01,631.3267,639.6776,619.6355,634.6671
2003-12-02,621.3057,622.9759,614.6250,622.9759
2003-12-03,629.6566,634.6671,621.3057,621.3057
2003-12-04,619.6354,622.9758,616.2951,619.6354
2003-12-05,622.9759,624.6461,612.9549,616.2952
2003-12-08,606.2741,611.2846,596.2530,601.2635
2003-12-09,609.6145,609.6145,596.2531,599.5934
2003-12-10,594.5828,594.5828,582.8915,591.2424
2003-12-11,594.5827,596.2529,584.5617,587.9020
2003-12-12,602.9339,606.2743,596.2532,597.9234
2003-12-15,614.6251,617.9654,607.9443,616.2952
2003-12-16,601.2638,606.2743,596.2532,597.9234
2003-12-17,604.6041,607.9445,596.2532,597.9234
2003-12-18,597.9232,604.6039,596.2530,601.2635
2003-12-19,609.6148,617.9657,607.9446,617.9657
2003-12-22,619.6356,621.3058,614.6251,616.2952
2003-12-23,616.2952,616.2952,616.2952,616.2952
2003-12-24,624.6464,624.6464,616.2955,617.9657
2003-12-25,619.6355,619.6355,604.6039,607.9443
2003-12-26,607.9443,614.6250,607.9443,609.6145
2003-12-29,614.6250,617.9654,611.2847,611.2847
2003-12-30,619.6354,621.3056,617.9653,619.6354
2003-12-31,619.6354,619.6354,619.6354,619.6354
2004-01-01,619.6354,619.6354,619.6354,619.6354
2004-01-02,619.6354,619.6354,619.6354,619.6354
2004-01-05,634.6671,636.3373,629.6565,631.3267
2004-01-06,641.3480,644.6884,631.3270,632.9971
2004-01-07,638.0075,643.0180,632.9969,636.3373
2004-01-08,629.6565,638.0074,627.9863,634.6671
2004-01-09,648.0286,661.3900,643.0181,656.3795
2004-01-12,656.3795,656.3795,656.3795,656.3795
2004-01-13,656.3795,659.7199,646.3585,656.3795
2004-01-14,664.7301,686.4424,661.3898,681.4319
2004-01-15,686.4428,704.8147,686.4428,693.1235
2004-01-16,686.4426,696.4636,683.1022,696.4636
2004-01-19,706.4850,724.8569,704.8148,718.1762
2004-01-20,724.8566,741.5584,716.5057,736.5479
2004-01-21,721.5163,736.5479,718.1760,728.1970
2004-01-22,734.8779,739.8884,726.5270,729.8674
2004-01-23,739.8882,746.5689,733.2075,743.2285
2004-01-26,738.2181,739.8883,723.1865,728.1970
2004-01-27,738.2180,738.2180,723.1864,723.1864
2004-01-28,714.8355,724.8566,709.8250,721.5162
2004-01-29,716.5058,718.1760,706.4848,711.4953
2004-01-30,709.8252,721.5164,708.1550,709.8252
2004-02-02,708.1547,713.1653,706.4845,708.1547
2004-02-03,708.1548,709.8249,694.7934,701.4741
2004-02-04,701.4743,711.4954,693.1235,694.7936
2004-02-05,694.7934,706.4847,694.7934,706.4847
2004-02-06,698.1340,704.8148,698.1340,704.8148
2004-02-09,713.1653,726.5268,711.4952,713.1653
2004-02-10,719.8462,724.8567,713.1655,719.8462
2004-02-11,719.8462,719.8462,719.8462,719.8462
2004-02-12,726.5268,729.8671,723.1864,726.5268
2004-02-13,721.5162,726.5268,719.8460,723.1864
2004-02-16,723.1865,724.8567,718.1760,719.8462
2004-02-17,724.8568,739.8884,721.5164,739.8884
2004-02-18,739.8882,743.2285,728.1969,731.5373
2004-02-19,734.8777,756.5900,731.5374,756.5900
2004-02-20,754.9197,769.9513,748.2390,764.9408
2004-02-23,756.5899,769.9513,754.9197,764.9408
2004-02-24,749.9093,753.2496,739.8882,741.5584
2004-02-25,734.8777,739.8882,728.1970,736.5479
2004-02-26,744.8986,748.2389,729.8670,734.8775
2004-02-27,744.8987,744.8987,736.5478,744.8987
2004-03-01,751.5794,759.9303,748.2391,759.9303
2004-03-02,761.6005,768.2812,756.5899,761.6005
2004-03-03,759.9303,771.6215,758.2601,761.6005
2004-03-04,758.2600,768.2810,753.2495,753.2495
2004-03-05,768.2812,778.3022,763.2707,778.3022
2004-03-08,774.9619,779.9725,768.2812,771.6216
2004-03-09,768.2809,768.2809,759.9301,768.2809
2004-03-10,761.6007,761.6007,744.8989,749.9094
2004-03-11,741.5585,743.2287,736.5480,739.8884
2004-03-12,726.5270,731.5375,723.1867,729.8674
2004-03-15,734.8776,736.5478,723.1864,723.1864
2004-03-16,714.8355,716.5057,709.8250,713.1653
2004-03-17,719.8461,731.5373,718.1759,726.5268
2004-03-18,739.8883,739.8883,726.5268,728.1970
2004-03-19,714.8355,721.5162,711.4952,713.1653
2004-03-22,706.4849,706.4849,698.1340,698.1340
2004-03-23,691.4532,713.1655,688.1129,709.8252
2004-03-24,701.4741,703.1442,693.1232,701.4741
2004-03-25,694.7934,703.1442,694.7934,701.4741
2004-03-26,716.9693,735.3961,715.2942,732.0458
2004-03-29,728.6954,738.7464,723.6699,723.6699
2004-03-30,740.4217,740.4217,730.3707,735.3962
2004-03-31,738.7465,742.0968,725.3452,730.3707
2004-04-01,728.6956,730.3707,711.9439,716.9694
2004-04-02,718.6446,732.0459,716.9694,725.3452
2004-04-05,743.7719,755.4980,738.7464,753.8229
2004-04-06,760.5237,763.8740,745.4472,757.1733
2004-04-07,742.0968,750.4727,740.4217,750.4727
2004-04-08,748.7975,757.1733,747.1223,750.4727
2004-04-09,737.0714,743.7720,732.0459,737.0714
2004-04-12,743.7720,747.1223,737.0713,740.4216
2004-04-13,745.4472,748.7975,738.7465,738.7465
2004-04-14,737.0713,747.1223,728.6955,735.3962
2004-04-15,740.4217,747.1223,727.0204,735.3962
2004-04-16,730.3706,738.7464,723.6700,732.0458
2004-04-19,740.4218,753.8231,737.0715,748.7976
2004-04-20,752.1478,768.8994,752.1478,763.8739
2004-04-21,768.8994,777.2752,758.8484,765.5491
2004-04-22,770.5745,785.6510,760.5236,763.8739
2004-04-23,775.6002,782.3008,770.5747,780.6257
2004-04-26,785.6509,789.0012,777.2751,782.3005
2004-04-27,773.9252,777.2755,765.5493,772.2500
2004-04-28,747.1223,748.7975,732.0459,738.7465
2004-04-29,738.7465,738.7465,738.7465,738.7465
2004-04-30,723.6701,723.6701,710.2688,715.2943
2004-05-03,715.2943,715.2943,715.2943,715.2943
2004-05-04,715.2943,715.2943,715.2943,715.2943
2004-05-05,715.2943,715.2943,715.2943,715.2943
2004-05-06,723.6701,727.0204,703.5681,705.2433
2004-05-07,700.2178,708.5936,698.5426,700.2178
2004-05-10,691.8419,693.5170,671.7399,673.4151
2004-05-11,670.0650,680.1160,666.7147,670.0650
2004-05-12,685.1414,686.8165,671.7401,676.7656
2004-05-13,673.4151,673.4151,666.7145,666.7145
2004-05-14,670.0650,676.7657,666.7147,670.0650
2004-05-17,666.7145,668.3897,649.9629,651.6381
2004-05-18,654.9882,665.0392,654.9882,660.0137
2004-05-19,660.0139,668.3897,654.9884,661.6890
2004-05-20,666.7143,668.3895,651.6379,653.3130
2004-05-21,658.3387,668.3897,656.6635,663.3642
2004-05-24,656.6638,660.0141,653.3134,656.6638
2004-05-25,671.7404,673.4155,658.3391,658.3391
2004-05-26,661.6890,670.0648,660.0138,666.7145
2004-05-27,670.0649,681.7911,668.3898,676.7656
2004-05-28,680.1158,690.1668,678.4406,680.1158
2004-05-31,681.7909,683.4661,668.3896,673.4151
2004-06-01,673.4152,680.1159,671.7401,675.0904
2004-06-02,670.0649,671.7401,666.7146,668.3898
2004-06-03,673.4150,678.4404,654.9882,660.0137
2004-06-04,661.6890,665.0394,656.6635,661.6890
2004-06-07,675.0903,681.7909,673.4151,680.1158
2004-06-08,680.1159,685.1413,673.4152,681.7910
2004-06-09,686.8165,690.1669,676.7656,676.7656
2004-06-10,676.7656,691.8421,675.0905,686.8166
2004-06-11,686.8164,686.8164,678.4406,680.1158
2004-06-14,676.7655,683.4661,671.7400,671.7400
2004-06-15,678.4406,681.7909,673.4151,680.1158
2004-06-16,678.4408,690.1669,678.4408,690.1669
2004-06-17,683.4661,686.8164,676.7654,683.4661
2004-06-18,681.7909,683.4661,663.3642,666.7145
2004-06-21,680.1159,686.8165,676.7656,678.4407
2004-06-22,670.0649,678.4407,668.3898,678.4407
2004-06-23,676.7654,678.4406,670.0648,673.4151
2004-06-24,678.4406,686.8164,678.4406,683.4661
2004-06-25,685.1413,686.8165,680.1158,685.1413
2004-06-28,685.1412,686.8164,681.7909,683.4661
2004-06-29,685.1413,685.1413,681.7910,681.7910
2004-06-30,690.1668,691.8420,683.4662,688.4916
2004-07-01,690.1669,703.5682,690.1669,696.8676
2004-07-02,688.4918,693.5173,686.8166,693.5173
2004-07-05,685.1413,690.1668,681.7910,685.1413
2004-07-06,685.1413,696.8674,683.4661,685.1413
2004-07-07,683.4662,690.1668,678.4407,681.7910
2004-07-08,676.7656,680.1159,673.4152,676.7656
2004-07-09,676.7657,676.7657,668.3898,670.0650
2004-07-12,678.4406,681.7909,673.4151,673.4151
2004-07-13,668.3896,675.0903,666.7145,673.4151
2004-07-14,673.4153,675.0904,666.7146,668.3898
2004-07-15,671.7400,673.4152,666.7145,671.7400
2004-07-16,665.0394,670.0649,663.3643,668.3898
2004-07-19,668.3898,668.3898,668.3898,668.3898
2004-07-20,656.6636,658.3388,649.9630,654.9885
2004-07-21,656.6635,661.6890,654.9884,661.6890
2004-07-22,663.3645,665.0397,654.9887,658.3391
2004-07-23,660.0140,661.6891,653.3133,654.9885
2004-07-26,649.9628,654.9883,646.6125,646.6125
2004-07-27,644.9375,646.6127,641.5872,643.2623
2004-07-28,660.0140,661.6891,653.3133,654.9885
2004-07-29,643.2618,646.6121,636.5612,639.9115
2004-07-30,656.6636,663.3643,653.3133,654.9885
2004-08-02,656.6635,656.6635,644.9374,651.6381
2004-08-03,643.2618,644.9370,638.2363,639.9115
2004-08-04,641.5867,644.9370,636.5612,639.9115
2004-08-05,638.2367,643.2622,631.5361,633.2112
2004-08-06,624.8354,628.1857,621.4851,628.1857
2004-08-09,614.7846,621.4852,613.1094,618.1349
2004-08-10,616.4599,618.1350,611.4344,611.4344
2004-08-11,616.4597,619.8100,611.4342,619.8100
2004-08-12,613.1095,616.4599,606.4089,608.0840
2004-08-13,609.7590,611.4342,603.0583,603.0583
2004-08-16,603.0583,608.0838,594.6825,601.3832
2004-08-17,614.7847,616.4599,604.7337,608.0840
2004-08-18,606.4087,608.0838,599.7080,603.0583
2004-08-19,611.4341,618.1348,608.0838,616.4596
2004-08-20,608.0839,623.1603,608.0839,619.8100
2004-08-23,626.5108,641.5872,626.5108,631.5363
2004-08-24,639.9118,646.6125,638.2367,646.6125
2004-08-25,639.9118,646.6125,634.8864,646.6125
2004-08-26,648.2878,649.9630,639.9120,641.5872
2004-08-27,648.2878,649.9630,641.5872,643.2623
2004-08-30,639.9122,641.5874,633.2116,634.8867
2004-08-31,633.2112,639.9119,631.5361,633.2112
2004-09-01,631.5364,641.5874,631.5364,634.8867
2004-09-02,639.9118,641.5869,634.8863,636.5615
2004-09-03,641.5872,648.2878,638.2368,643.2623
2004-09-06,646.6126,654.9884,641.5871,651.6381
2004-09-07,653.3134,661.6892,651.6383,656.6638
2004-09-08,660.0142,660.0142,653.3136,658.3391
2004-09-09,653.3130,660.0137,649.9627,653.3130
2004-09-10,644.9376,651.6382,641.5872,644.9376
2004-09-13,653.3132,661.6890,651.6381,661.6890
2004-09-14,663.3642,663.3642,648.2877,651.6381
2004-09-15,653.3133,656.6636,646.6126,648.2878
2004-09-16,649.9630,649.9630,639.9120,643.2623
2004-09-17,643.2622,644.9374,628.1858,633.2112
2004-09-20,633.2112,633.2112,633.2112,633.2112
2004-09-21,639.9118,639.9118,623.1602,629.8608
2004-09-22,629.8609,631.5361,623.1602,628.1857
2004-09-23,628.1857,628.1857,628.1857,628.1857
2004-09-24,621.4851,628.1858,619.8100,623.1603
2004-09-27,626.9421,630.3038,623.5805,626.9421
2004-09-28,625.2613,637.0270,623.5805,630.3037
2004-09-29,633.6652,635.3460,623.5803,628.6227
2004-09-30,638.7078,640.3886,631.9846,631.9846
2004-10-01,638.7077,642.0693,631.9844,635.3461
2004-10-04,643.7502,652.1543,642.0694,652.1543
2004-10-05,653.8351,655.5159,647.1119,652.1543
2004-10-06,648.7925,658.8774,648.7925,655.5157
2004-10-07,655.5157,658.8774,652.1541,655.5157
2004-10-08,647.1118,653.8350,645.4310,653.8350
2004-10-11,653.8350,653.8350,653.8350,653.8350
2004-10-12,645.4309,647.1117,633.6653,635.3461
2004-10-13,640.3889,645.4313,637.0273,637.0273
2004-10-14,637.0270,637.0270,630.3037,630.3037
2004-10-15,626.9421,628.6229,621.8997,623.5805
2004-10-18,625.2613,625.2613,621.8997,623.5805
2004-10-19,625.2611,628.6227,621.8995,628.6227
2004-10-20,626.9421,628.6229,616.8573,618.5381
2004-10-21,615.1763,616.8571,611.8147,615.1763
2004-10-22,620.2190,626.9422,618.5382,621.8998
2004-10-25,613.4958,618.5383,611.8150,613.4958
2004-10-26,608.4534,613.4958,608.4534,613.4958
2004-10-27,615.1763,620.2187,611.8147,615.1763
2004-10-28,626.9422,630.3038,620.2189,620.2189
2004-10-29,621.8997,625.2614,616.8573,620.2189
2004-11-01,621.8997,623.5805,613.4957,616.8573
2004-11-02,621.8997,623.5805,615.1765,616.8573
2004-11-03,616.8573,616.8573,616.8573,616.8573
2004-11-04,630.3037,631.9845,623.5804,625.2612
2004-11-05,633.6655,642.0695,631.9847,640.3887
2004-11-08,638.7079,640.3887,630.3038,633.6655
2004-11-09,625.2611,631.9844,621.8995,628.6227
2004-11-10,630.3037,630.3037,620.2189,623.5805
2004-11-11,638.7076,642.0692,623.5803,628.6227
2004-11-12,621.9000,637.0273,621.9000,637.0273
2004-11-15,638.7078,643.7502,633.6654,643.7502
2004-11-16,638.7081,642.0697,633.6657,637.0273
2004-11-17,637.0270,637.0270,626.9421,630.3037
2004-11-18,635.3463,637.0271,626.9422,633.6655
2004-11-19,637.0269,638.7077,631.9844,635.3461
2004-11-22,621.8997,625.2613,615.1765,618.5381
2004-11-23,618.5381,618.5381,618.5381,618.5381
2004-11-24,623.5805,628.6229,621.8997,623.5805
2004-11-25,626.9422,630.3038,618.5381,620.2189
2004-11-26,621.8997,623.5806,615.1765,620.2189
2004-11-29,621.8997,633.6654,621.8997,631.9846
2004-11-30,631.9845,631.9845,625.2613,630.3037
2004-12-01,620.2189,621.8997,616.8573,620.2189
2004-12-02,625.2613,628.6229,623.5805,626.9421
2004-12-03,633.6657,637.0273,631.9849,637.0273
2004-12-06,637.0271,637.0271,631.9847,633.6655
2004-12-07,631.9846,633.6654,623.5805,623.5805
2004-12-08,630.3037,640.3885,628.6228,638.7077
2004-12-09,640.3886,648.7927,638.7078,643.7502
2004-12-10,640.3889,645.4313,637.0273,637.0273
2004-12-13,643.7502,653.8351,643.7502,650.4734
2004-12-14,658.8777,663.9201,657.1969,658.8777
2004-12-15,662.2391,670.6432,660.5583,667.2816
2004-12-16,660.5583,668.9624,658.8775,667.2816
2004-12-17,662.2389,665.6005,660.5581,662.2389
2004-12-20,658.8774,665.6006,657.1966,663.9198
2004-12-21,662.2390,667.2814,662.2390,663.9198
2004-12-22,660.5585,663.9201,657.1969,658.8777
2004-12-23,658.8777,658.8777,658.8777,658.8777
2004-12-24,663.9200,665.6008,662.2392,665.6008
2004-12-27,667.2816,668.9625,660.5584,665.6008
2004-12-28,663.9199,667.2816,662.2391,667.2816
2004-12-29,668.9624,668.9624,663.9199,667.2816
2004-12-30,663.9200,665.6008,663.9200,665.6008
2004-12-31,665.6008,665.6008,665.6008,665.6008
2005-01-03,665.6008,665.6008,665.6008,665.6008
2005-01-04,667.2816,672.3241,665.6008,670.6432
2005-01-05,668.9624,672.3241,667.2816,670.6432
2005-01-06,667.2816,668.9625,663.9200,665.6008
2005-01-07,670.6431,680.7279,668.9622,675.6855
2005-01-10,675.6855,675.6855,675.6855,675.6855
2005-01-11,680.7281,687.4513,679.0473,682.4089
2005-01-12,680.7281,682.4089,675.6856,677.3665
2005-01-13,677.3663,685.7703,675.6855,675.6855
2005-01-14,672.3240,677.3665,667.2816,677.3665
2005-01-17,672.3240,675.6856,670.6431,674.0048
2005-01-18,672.3241,674.0049,668.9625,672.3241
2005-01-19,672.3241,674.0049,668.9624,670.6432
2005-01-20,667.2814,668.9622,663.9198,663.9198
2005-01-21,647.1119,648.7927,631.9846,643.7502
2005-01-24,637.0270,638.7078,630.3037,631.9846
2005-01-25,633.6653,637.0269,630.3036,635.3461
2005-01-26,638.7079,640.3887,637.0271,640.3887
2005-01-27,642.0697,642.0697,633.6657,637.0273
2005-01-28,638.7077,640.3885,630.3037,638.7077
2005-01-31,635.3462,647.1118,635.3462,645.4310
2005-02-01,647.1118,648.7927,640.3886,645.4310
2005-02-02,647.1119,648.7927,640.3886,643.7502
2005-02-03,650.4735,650.4735,642.0694,647.1119
2005-02-04,638.7081,640.3889,633.6657,637.0273
2005-02-07,645.4311,647.1119,640.3886,647.1119
2005-02-08,652.1541,657.1966,647.1117,655.5157
2005-02-09,658.8776,665.6008,657.1968,665.6008
2005-02-10,660.5581,663.9197,658.8773,662.2389
2005-02-11,662.2389,662.2389,662.2389,662.2389
2005-02-14,670.6433,672.3241,665.6009,672.3241
2005-02-15,672.3239,672.3239,667.2815,668.9623
2005-02-16,670.6432,674.0048,665.6007,667.2816
2005-02-17,668.9624,670.6432,665.6007,667.2816
2005-02-18,667.2815,670.6431,663.9199,668.9623
2005-02-21,670.6432,674.0048,667.2816,667.2816
2005-02-22,668.9623,672.3239,667.2815,668.9623
2005-02-23,668.9622,668.9622,662.2390,663.9198
2005-02-24,665.6008,667.2816,660.5584,665.6008
2005-02-25,665.6008,668.9625,665.6008,665.6008
2005-02-28,672.3241,672.3241,668.9624,670.6432
2005-03-01,670.6433,670.6433,665.6008,665.6008
2005-03-02,667.2815,670.6431,665.6007,668.9623
2005-03-03,670.6433,672.3241,668.9625,672.3241
2005-03-04,672.3240,675.6856,670.6431,674.0048
2005-03-07,682.4090,689.1322,680.7282,684.0898
2005-03-08,697.5362,716.0251,694.1746,712.6635
2005-03-09,714.3443,724.4292,709.3019,716.0251
2005-03-10,710.9828,712.6636,702.5787,705.9404
2005-03-11,709.3018,716.0251,705.9402,707.6210
2005-03-14,714.3443,714.3443,707.6211,709.3019
2005-03-15,707.6210,714.3443,705.9402,707.6210
2005-03-16,707.6210,719.3867,704.2594,717.7059
2005-03-17,709.3019,716.0251,709.3019,712.6635
2005-03-18,712.6635,719.3868,707.6211,716.0251
2005-03-21,716.0251,716.0251,716.0251,716.0251
2005-03-22,716.0250,731.1523,714.3442,727.7906
2005-03-23,731.1526,737.8759,729.4718,736.1951
2005-03-24,731.1526,732.8334,724.4294,724.4294
2005-03-25,736.1947,741.2371,734.5138,739.5563
2005-03-28,738.2922,745.0346,734.9210,739.9778
2005-03-29,739.9779,739.9779,721.4363,721.4363
2005-03-30,713.0083,716.3795,704.5803,714.6939
2005-03-31,723.1218,726.4930,718.0650,719.7506
2005-04-01,714.6938,723.1218,711.3226,719.7506
2005-04-04,713.0083,718.0651,709.6371,714.6939
2005-04-05,713.0083,724.8075,713.0083,724.8075
2005-04-06,726.4932,733.2356,723.1220,731.5500
2005-04-07,736.6066,739.9778,733.2354,739.9778
2005-04-08,739.9781,743.3493,734.9213,738.2925
2005-04-11,736.6068,736.6068,726.4932,731.5500
2005-04-12,726.4931,726.4931,716.3795,718.0651
2005-04-13,719.7507,723.1219,709.6371,709.6371
2005-04-14,706.2658,706.2658,694.4666,699.5234
2005-04-15,694.4667,694.4667,679.2963,680.9819
2005-04-18,657.3834,665.8114,645.5842,647.2698
2005-04-19,660.7547,670.8683,657.3835,667.4971
2005-04-20,679.2964,679.2964,659.0692,660.7548
2005-04-21,657.3835,674.2395,647.2699,669.1827
2005-04-22,675.9252,677.6108,660.7548,660.7548
2005-04-25,665.8116,675.9252,662.4404,672.5540
2005-04-26,665.8113,667.4969,654.0121,657.3833
2005-04-27,657.3836,674.2396,655.6980,672.5540
2005-04-28,657.3836,664.1260,654.0124,660.7548
2005-04-29,660.7548,660.7548,660.7548,660.7548
2005-05-02,648.9552,664.1256,648.9552,664.1256
2005-05-03,664.1256,664.1256,664.1256,664.1256
2005-05-04,664.1256,664.1256,664.1256,664.1256
2005-05-05,664.1256,664.1256,664.1256,664.1256
2005-05-06,679.2963,682.6675,675.9251,680.9819
2005-05-09,679.2963,680.9819,670.8683,679.2963
2005-05-10,677.6108,679.2964,670.8684,672.5540
2005-05-11,667.4970,672.5538,665.8114,670.8682
2005-05-12,665.8113,669.1825,662.4401,665.8113
2005-05-13,672.5540,677.6108,670.8684,674.2396
2005-05-16,670.8683,670.8683,664.1259,667.4971
2005-05-17,672.5543,672.5543,659.0695,662.4407
2005-05-18,662.4403,662.4403,655.6979,655.6979
2005-05-19,672.5539,687.7243,669.1827,686.0387
2005-05-20,680.9819,686.0387,675.9251,679.2963
2005-05-23,686.0387,694.4667,684.3531,694.4667
2005-05-24,697.8378,697.8378,689.4098,689.4098
2005-05-25,691.0956,691.0956,680.9820,682.6676
2005-05-26,677.6107,682.6675,675.9251,679.2963
2005-05-27,684.3531,689.4099,682.6675,686.0387
2005-05-30,684.3531,687.7243,680.9819,684.3531
2005-05-31,686.0387,686.0387,680.9819,684.3531
2005-06-01,680.9819,684.3531,677.6107,684.3531
2005-06-02,686.0387,687.7243,677.6107,679.2963
2005-06-03,674.2395,675.9251,662.4403,669.1827
2005-06-06,667.4975,667.4975,660.7551,662.4407
2005-06-07,657.3835,660.7547,654.0123,655.6979
2005-06-08,660.7546,660.7546,655.6978,659.0690
2005-06-09,654.0122,655.6978,650.6410,650.6410
2005-06-10,652.3267,657.3835,650.6411,655.6979
2005-06-13,654.0123,659.0691,652.3267,655.6979
2005-06-14,664.1260,665.8116,659.0692,660.7548
2005-06-15,664.1263,667.4975,660.7551,662.4407
2005-06-16,664.1256,664.1256,659.0688,664.1256
2005-06-17,665.8112,667.4968,659.0688,664.1256
2005-06-20,665.8114,665.8114,650.6410,650.6410
2005-06-21,652.3267,655.6979,650.6411,652.3267
2005-06-22,652.3267,662.4403,650.6411,655.6979
2005-06-23,654.0123,657.3835,648.9555,654.0123
2005-06-24,648.9555,655.6979,648.9555,654.0123
2005-06-27,647.2699,650.6411,643.8988,645.5844
2005-06-28,642.2130,643.8986,635.4707,637.1562
2005-06-29,642.2128,643.8984,637.1560,643.8984
2005-06-30,640.5272,645.5840,637.1560,643.8984
2005-07-01,645.5843,650.6411,643.8987,648.9555
2005-07-04,648.9556,650.6412,642.2132,642.2132
2005-07-05,647.2700,648.9556,640.5276,642.2132
2005-07-06,645.5843,655.6979,643.8987,654.0123
2005-07-07,654.0123,657.3835,650.6411,655.6979
2005-07-08,648.9554,652.3266,647.2698,650.6410
2005-07-11,655.6979,660.7547,654.0123,655.6979
2005-07-12,664.1256,667.4968,660.7544,664.1256
2005-07-13,662.4401,669.1825,659.0689,665.8113
2005-07-14,670.8684,672.5540,669.1828,672.5540
2005-07-15,675.9251,675.9251,669.1827,669.1827
2005-07-18,669.1827,669.1827,669.1827,669.1827
2005-07-19,672.5540,674.2396,670.8684,674.2396
2005-07-20,674.2394,675.9250,669.1826,670.8682
2005-07-21,665.8113,669.1825,657.3833,657.3833
2005-07-22,659.0690,659.0690,645.5842,647.2698
2005-07-25,643.8986,652.3266,643.8986,647.2698
2005-07-26,647.2696,648.9552,642.2128,643.8984
2005-07-27,650.6410,652.3266,645.5842,647.2698
2005-07-28,650.6411,654.0123,643.8987,648.9555
2005-07-29,632.0995,632.0995,616.9291,625.3571
2005-08-01,623.6715,625.3571,616.9291,618.6147
2005-08-02,620.3003,625.3571,618.6147,625.3571
2005-08-03,630.4138,633.7850,628.7282,632.0994
2005-08-04,632.0995,632.0995,627.0427,628.7283
2005-08-05,628.7283,633.7851,627.0427,627.0427
2005-08-08,625.3571,628.7283,623.6715,625.3571
2005-08-09,628.7282,633.7850,627.0426,632.0994
2005-08-10,630.4137,643.8984,630.4137,643.8984
2005-08-11,642.2130,647.2698,637.1562,640.5274
2005-08-12,635.4707,638.8419,627.0427,628.7283
2005-08-15,625.3571,628.7283,621.9859,628.7283
2005-08-16,620.3004,625.3572,618.6148,623.6716
2005-08-17,623.6715,627.0427,621.9859,627.0427
2005-08-18,627.0428,633.7852,621.9860,623.6716
2005-08-19,620.3004,623.6716,616.9292,620.3004
2005-08-22,621.9859,628.7283,621.9859,628.7283
2005-08-23,630.4137,635.4705,627.0425,630.4137
2005-08-24,625.3572,630.4140,621.9860,621.9860
2005-08-25,623.6716,623.6716,620.3004,620.3004
2005-08-26,618.6147,632.0995,618.6147,628.7283
2005-08-29,621.9859,623.6715,616.9291,618.6147
2005-08-30,625.3572,627.0427,620.3004,620.3004
2005-08-31,620.3004,623.6716,618.6148,623.6716
2005-09-01,625.3571,628.7283,623.6715,625.3571
2005-09-02,632.0993,632.0993,623.6713,630.4137
2005-09-05,632.0994,650.6410,632.0994,647.2698
2005-09-06,647.2698,654.0122,645.5842,647.2698
2005-09-07,654.0124,662.4404,652.3268,660.7548
2005-09-08,659.0695,664.1263,657.3839,662.4407
2005-09-09,664.1259,672.5539,662.4403,669.1827
2005-09-12,675.9251,677.6107,669.1827,669.1827
2005-09-13,669.1828,686.0388,669.1828,682.6676
2005-09-14,674.2394,677.6106,665.8114,670.8682
2005-09-15,674.2395,677.6106,670.8683,675.9250
2005-09-16,677.6107,687.7243,674.2395,684.3531
2005-09-19,684.3531,684.3531,684.3531,684.3531
2005-09-20,679.2964,691.0956,677.6108,682.6676
2005-09-21,680.9819,684.3531,677.6107,679.2963
2005-09-22,667.4968,670.8680,664.1256,664.1256
2005-09-23,664.1256,664.1256,664.1256,664.1256
2005-09-26,638.8416,645.5840,632.0993,643.8984
2005-09-27,661.2327,661.2327,651.0859,654.4682
2005-09-28,639.2482,649.3950,637.5571,640.9393
2005-09-29,642.6301,642.6301,625.7188,629.1011
2005-09-30,635.8659,639.2481,630.7925,630.7925
2005-10-03,637.5568,640.9390,630.7922,634.1745
2005-10-04,640.9392,662.9239,639.2480,659.5416
2005-10-05,662.9239,671.3796,659.5416,659.5416
2005-10-06,634.1748,646.0127,634.1748,640.9393
2005-10-07,640.9393,647.7039,635.8659,640.9393
2005-10-10,640.9393,640.9393,640.9393,640.9393
2005-10-11,632.4836,639.2481,630.7924,635.8658
2005-10-12,637.5571,657.8507,635.8659,637.5571
2005-10-13,637.5570,639.2481,634.1747,635.8658
2005-10-14,642.6303,651.0859,635.8657,644.3214
2005-10-17,644.3215,651.0860,639.2481,646.0126
2005-10-18,646.0126,654.4683,644.3215,651.0860
2005-10-19,642.6303,649.3948,640.9391,644.3214
2005-10-20,649.3949,651.0860,644.3215,646.0126
2005-10-21,639.2480,644.3214,637.5569,639.2480
2005-10-24,635.8659,637.5570,630.7925,630.7925
2005-10-25,635.8656,642.6302,632.4834,634.1745
2005-10-26,635.8658,637.5570,630.7924,635.8658
2005-10-27,640.9393,640.9393,627.4102,630.7925
2005-10-28,630.7924,640.9392,627.4102,627.4102
2005-10-31,635.8658,640.9392,634.1747,635.8658
2005-11-01,642.6305,652.7773,640.9394,652.7773
2005-11-02,639.2482,644.3216,637.5570,642.6304
2005-11-03,654.4682,654.4682,654.4682,654.4682
2005-11-04,659.5417,666.3062,656.1594,661.2328
2005-11-07,657.8506,667.9973,657.8506,662.9240
2005-11-08,662.9239,671.3795,661.2327,667.9973
2005-11-09,664.6152,689.9822,662.9241,678.1443
2005-11-10,669.6885,679.8353,669.6885,676.4530
2005-11-11,676.4530,681.5264,669.6885,673.0707
2005-11-14,684.9087,684.9087,671.3796,676.4530
2005-11-15,676.4532,688.2911,673.0709,679.8354
2005-11-16,676.4530,679.8352,673.0707,674.7618
2005-11-17,673.0707,689.9820,671.3795,686.5997
2005-11-18,693.3644,717.0403,691.6733,710.2758
2005-11-21,715.3491,747.4806,713.6579,728.8781
2005-11-22,727.1872,735.6429,718.7315,733.9517
2005-11-23,735.6428,735.6428,735.6428,735.6428
2005-11-24,735.6425,749.1716,732.2603,742.4070
2005-11-25,733.9515,742.4071,725.4958,737.3337
2005-11-28,745.7895,774.5388,744.0984,766.0831
2005-11-29,752.5539,762.7007,749.1716,752.5539
2005-11-30,759.3184,761.0096,752.5539,752.5539
2005-12-01,749.1717,761.0096,745.7895,754.2451
2005-12-02,764.3918,772.8475,755.9362,764.3918
2005-12-05,766.0830,771.1564,759.3185,771.1564
2005-12-06,754.2452,766.0831,749.1718,750.8629
2005-12-07,767.7742,772.8476,755.9363,761.0097
2005-12-08,755.9360,761.0094,739.0247,739.0247
2005-12-09,745.7894,761.0096,740.7160,752.5539
2005-12-12,752.5542,762.7010,750.8630,757.6276
2005-12-13,757.6274,761.0097,752.5540,761.0097
2005-12-14,752.5538,755.9361,733.9514,742.4070
2005-12-15,747.4806,747.4806,720.4224,732.2604
2005-12-16,723.8047,737.3338,718.7314,723.8047
2005-12-19,735.6429,739.0251,727.1872,733.9517
2005-12-20,732.2603,742.4070,730.5691,742.4070
2005-12-21,735.6427,750.8629,735.6427,744.0983
2005-12-22,752.5540,799.9057,750.8629,782.9944
2005-12-23,755.9363,755.9363,755.9363,755.9363
2005-12-26,777.9211,794.8324,774.5388,781.3033
2005-12-27,777.9210,782.9944,774.5388,779.6122
2005-12-28,776.2300,810.0526,769.4654,806.6703
2005-12-29,804.9788,848.9482,803.2876,825.2723
2005-12-30,832.0371,840.4927,815.1257,815.1257
2006-01-02,815.1257,815.1257,815.1257,815.1257
2006-01-03,823.5816,823.5816,823.5816,823.5816
2006-01-04,820.1993,821.8904,794.8323,799.9057
2006-01-05,815.1259,837.1106,808.3614,835.4195
2006-01-06,828.6550,835.4195,813.4348,823.5816
2006-01-09,823.5816,823.5816,823.5816,823.5816
2006-01-10,832.0371,833.7282,811.7435,811.7435
2006-01-11,820.1992,850.6396,811.7436,845.5662
2006-01-12,848.9485,881.0800,847.2573,865.8598
2006-01-13,862.4775,876.0066,860.7864,865.8598
2006-01-16,848.9485,857.4042,843.8751,850.6396
2006-01-17,842.1841,847.2575,825.2727,830.3461
2006-01-18,823.5815,832.0371,796.5233,821.8903
2006-01-19,826.9638,838.8017,821.8904,828.6549
2006-01-20,842.1840,864.1687,838.8017,848.9485
2006-01-23,823.5817,855.7132,821.8905,837.1107
2006-01-24,850.6397,860.7864,843.8751,843.8751
2006-01-25,855.7132,864.1688,837.1107,837.1107
2006-01-26,870.9333,876.0067,854.0219,859.0953
2006-01-27,977.4746,1021.4441,963.9455,980.8569
2006-01-30,982.5480,1016.3706,972.4012,989.3125
2006-01-31,980.8568,982.5479,963.9454,963.9454
2006-02-01,965.6367,977.4746,931.8140,941.9608
2006-02-02,975.7837,989.3127,969.0191,984.2393
2006-02-03,967.3279,992.6949,967.3279,979.1658
2006-02-06,987.6216,992.6950,970.7102,982.5482
2006-02-07,979.1657,980.8568,963.9455,969.0189
2006-02-08,958.8720,960.5631,941.9607,947.0341
2006-02-09,962.2543,982.5479,960.5632,969.0189
2006-02-10,985.9298,992.6943,963.9451,991.0032
2006-02-13,974.0923,1009.6061,969.0189,970.7100
2006-02-14,963.9453,980.8566,953.7985,977.4744
2006-02-15,977.4743,979.1655,926.7404,931.8138
2006-02-16,945.3431,969.0190,938.5786,957.1810
2006-02-17,958.8721,958.8721,911.5204,930.1229
2006-02-20,899.6826,909.8294,889.5358,896.3003
2006-02-21,918.2849,921.6671,886.1533,918.2849
2006-02-22,918.2848,936.8873,913.2115,925.0494
2006-02-23,947.0343,957.1811,943.6520,952.1077
2006-02-24,935.1964,957.1811,933.5053,955.4900
2006-02-27,955.4900,957.1812,936.8876,953.7989
2006-02-28,952.1079,952.1079,923.3587,935.1966
2006-03-01,925.0494,933.5051,911.5204,919.9760
2006-03-02,926.7405,931.8139,904.7557,908.1380
2006-03-03,906.4470,906.4470,886.1534,892.9179
2006-03-06,899.6825,930.1229,897.9914,926.7407
2006-03-07,925.0496,925.0496,904.7560,913.2117
2006-03-08,903.0647,925.0494,901.3735,925.0494
2006-03-09,913.2117,935.1964,913.2117,933.5052
2006-03-10,928.4319,947.0343,923.3585,933.5052
2006-03-13,952.1078,957.1812,941.9610,943.6521
2006-03-14,948.7253,957.1810,938.5786,941.9608
2006-03-15,926.7405,935.1962,923.3582,925.0494
2006-03-16,913.2114,916.5937,899.6823,908.1380
2006-03-17,909.8292,925.0494,901.3736,921.6672
2006-03-20,919.9760,933.5050,913.2115,925.0494
2006-03-21,925.0494,925.0494,925.0494,925.0494
2006-03-22,919.9762,921.6673,909.8294,916.5939
2006-03-23,925.0496,928.4319,909.8294,913.2117
2006-03-24,913.2113,919.9758,903.0645,906.4468
2006-03-27,896.3002,897.9913,887.8445,891.2268
2006-03-28,893.3456,896.7359,884.8699,893.3456
2006-03-29,896.7359,917.0777,893.3456,910.2971
2006-03-30,927.2488,930.6391,920.4682,923.8585
2006-03-31,932.3342,934.0294,918.7730,923.8585
2006-04-03,927.2491,945.8958,925.5540,937.4200
2006-04-04,939.1148,947.5906,939.1148,942.5051
2006-04-05,947.5907,957.7617,940.8101,944.2004
2006-04-06,952.6761,966.2374,944.2004,962.8470
2006-04-07,959.4566,966.2372,952.6760,966.2372
2006-04-10,957.7616,959.4567,944.2004,954.3713
2006-04-11,954.3714,956.0665,930.6392,944.2004
2006-04-12,934.0293,935.7245,918.7729,920.4681
2006-04-13,937.4198,944.2004,930.6391,935.7246
2006-04-14,949.2857,961.1518,944.2003,952.6760
2006-04-17,952.6762,961.1519,945.8956,945.8956
2006-04-18,939.1152,964.5425,934.0298,961.1522
2006-04-19,969.6280,989.9698,967.9328,981.4941
2006-04-20,995.0551,1017.0921,989.9697,1006.9212
2006-04-21,1010.3113,1050.9949,1008.6161,1042.5192
2006-04-24,1023.8724,1032.3481,1010.3111,1012.0063
2006-04-25,1013.7018,1022.1776,998.4455,1013.7018
2006-04-26,1015.3972,1018.7875,1003.5311,1015.3972
2006-04-27,1015.3970,1034.0437,1006.9212,1022.1776
2006-04-28,971.3227,983.1888,959.4566,969.6276
2006-05-01,949.2857,950.9809,917.0778,925.5536
2006-05-02,934.0294,950.9810,928.9440,940.8101
2006-05-03,940.8101,940.8101,940.8101,940.8101
2006-05-04,940.8101,940.8101,940.8101,940.8101
2006-05-05,940.8101,940.8101,940.8101,940.8101
2006-05-08,973.0183,974.7135,954.3716,959.4571
2006-05-09,959.4567,966.2373,942.5051,950.9809
2006-05-10,947.5904,957.7614,935.7244,939.1147
2006-05-11,934.0294,944.2003,920.4682,923.8585
2006-05-12,906.9070,911.9924,891.6506,903.5167
2006-05-15,886.5652,895.0410,883.1749,888.2604
2006-05-16,889.9556,896.7362,871.3089,878.0895
2006-05-17,886.5652,888.2603,871.3088,881.4797
2006-05-18,859.4427,871.3088,857.7476,871.3088
2006-05-19,861.1379,864.5282,852.6621,861.1379
2006-05-22,878.0893,895.0408,861.1378,867.9184
2006-05-23,850.9669,869.6136,847.5766,857.7476
2006-05-24,869.6138,876.3944,856.0525,874.6992
2006-05-25,867.9186,874.6992,856.0525,862.8331
2006-05-26,869.6137,884.8701,867.9185,883.1749
2006-05-29,888.2602,901.8214,884.8699,886.5651
2006-05-30,888.2603,895.0409,878.0894,879.7845
2006-05-31,857.7477,862.8332,849.2720,849.2720
2006-06-01,861.1379,867.9185,840.7960,844.1863
2006-06-02,857.7477,881.4798,856.0525,874.6992
2006-06-05,874.6991,888.2603,869.6136,879.7845
2006-06-06,867.9186,873.0041,859.4428,866.2234
2006-06-07,852.6622,856.0526,844.1865,847.5768
2006-06-08,834.0155,840.7961,822.1495,823.8446
2006-06-09,818.7589,837.4056,808.5880,827.2347
2006-06-12,827.2349,837.4058,815.3688,835.7106
2006-06-13,818.7589,822.1492,805.1977,808.5880
2006-06-14,791.6366,813.6736,789.9414,801.8075
2006-06-15,811.9785,813.6737,798.4173,800.1124
2006-06-16,822.1494,844.1864,818.7591,837.4058
2006-06-19,828.9301,835.7107,822.1495,823.8446
2006-06-20,822.1494,832.3204,813.6737,820.4543
2006-06-21,811.9783,811.9783,796.7219,808.5880
2006-06-22,828.9300,844.1864,825.5397,837.4058
2006-06-23,835.7106,839.1010,822.1494,839.1010
2006-06-26,832.3202,849.2717,832.3202,842.4911
2006-06-27,834.0154,835.7105,825.5396,830.6251
2006-06-28,813.6736,818.7590,808.5881,815.3687
2006-06-29,830.6251,847.5767,828.9300,837.4058
2006-06-30,861.1377,864.5280,845.8813,856.0522
2006-07-03,859.4427,859.4427,847.5766,852.6621
2006-07-04,864.5283,871.3089,859.4428,864.5283
2006-07-05,856.0524,867.9185,854.3573,857.7476
2006-07-06,854.3574,856.0526,844.1865,849.2720
2006-07-07,857.7475,857.7475,840.7960,845.8815
2006-07-10,828.9298,857.7474,827.2346,856.0522
2006-07-11,857.7475,859.4427,839.1009,854.3572
2006-07-12,850.9669,854.3572,834.0154,845.8815
2006-07-13,837.4058,844.1864,830.6252,835.7106
2006-07-14,818.7590,818.7590,805.1978,811.9784
2006-07-17,796.7220,796.7220,796.7220,796.7220
2006-07-18,803.5026,806.8929,781.4656,783.1608
2006-07-19,796.7219,805.1977,786.5510,791.6365
2006-07-20,817.0638,822.1493,811.9784,818.7590
2006-07-21,815.3688,825.5397,813.6737,820.4543
2006-07-24,803.5026,818.7590,801.8075,815.3687
2006-07-25,830.6251,840.7961,828.9300,837.4058
2006-07-26,844.1863,850.9669,828.9299,832.3203
2006-07-27,847.5767,857.7476,840.7961,850.9670
2006-07-28,884.8699,895.0408,883.1748,886.5651
2006-07-31,896.7360,901.8215,891.6506,895.0409
2006-08-01,884.8699,891.6505,879.7845,886.5651
2006-08-02,873.0040,878.0895,864.5283,878.0895
2006-08-03,881.4798,883.1750,867.9186,874.6992
2006-08-04,874.6992,884.8701,871.3089,874.6992
2006-08-07,876.3943,878.0895,857.7477,859.4428
2006-08-08,862.8331,878.0895,861.1379,878.0895
2006-08-09,867.9186,878.0895,852.6622,876.3943
2006-08-10,874.6990,874.6990,861.1378,867.9184
2006-08-11,867.9186,881.4798,866.2235,874.6992
2006-08-14,873.0038,888.2602,871.3087,886.5651
2006-08-15,884.8701,888.2604,876.3943,883.1749
2006-08-16,876.3943,876.3943,861.1380,873.0040
2006-08-17,873.0040,878.0895,861.1380,876.3943
2006-08-18,886.5652,901.8216,884.8700,900.1264
2006-08-21,898.4313,908.6022,881.4798,888.2604
2006-08-22,884.8701,893.3459,883.1750,891.6508
2006-08-23,891.6506,895.0409,883.1748,889.9554
2006-08-24,869.6137,871.3089,859.4428,864.5283
2006-08-25,847.5768,856.0526,837.4059,847.5768
2006-08-28,845.8814,852.6620,837.4056,842.4911
2006-08-29,854.3574,856.0526,842.4913,847.5768
2006-08-30,854.3572,857.7475,839.1009,845.8815
2006-08-31,847.5767,866.2233,845.8815,861.1379
2006-09-01,866.2234,869.6138,857.7477,866.2234
2006-09-04,878.0894,878.0894,871.3088,871.3088
2006-09-05,873.0040,873.0040,861.1380,864.5283
2006-09-06,866.2232,866.2232,856.0522,856.0522
2006-09-07,835.7105,844.1862,834.0153,842.4911
2006-09-08,834.0153,845.8814,834.0153,840.7959
2006-09-11,837.4057,839.1009,832.3203,832.3203
2006-09-12,834.0153,837.4056,823.8444,827.2347
2006-09-13,840.7961,847.5767,835.7106,837.4058
2006-09-14,854.3574,857.7477,845.8817,849.2720
2006-09-15,840.7959,844.1862,835.7105,842.4911
2006-09-18,842.4911,842.4911,842.4911,842.4911
2006-09-19,837.4058,845.8816,834.0155,835.7106
2006-09-20,830.6250,832.3202,811.9784,818.7590
2006-09-21,827.2349,830.6252,818.7591,823.8446
2006-09-22,817.0638,820.4541,805.1977,808.5880
2006-09-25,805.1978,806.8930,795.0269,801.8075
2006-09-26,807.3315,809.0311,797.1336,802.2325
2006-09-27,815.8295,827.7270,812.4302,826.0274
2006-09-28,824.3276,827.7269,814.1298,819.2287
2006-09-29,819.2289,820.9285,807.3314,812.4303
2006-10-02,790.3348,805.6317,785.2359,803.9320
2006-10-03,795.4338,795.4338,778.4374,781.8367
2006-10-04,773.3384,773.3384,752.9426,756.3419
2006-10-05,773.3385,776.7378,737.6459,754.6424
2006-10-06,763.1406,768.2395,751.2430,763.1406
2006-10-09,763.1406,763.1406,763.1406,763.1406
2006-10-10,761.4410,775.0381,756.3420,758.0417
2006-10-11,761.4410,775.0381,758.0417,766.5399
2006-10-12,783.5361,793.7340,780.1368,780.1368
2006-10-13,800.5327,817.5292,798.8331,809.0309
2006-10-16,819.2287,836.2252,819.2287,829.4266
2006-10-17,819.2288,824.3277,810.7305,814.1298
2006-10-18,802.2324,822.6281,802.2324,817.5292
2006-10-19,812.4302,829.4266,809.0309,814.1298
2006-10-20,809.0309,812.4302,800.5327,807.3313
2006-10-23,807.3313,810.7306,802.2324,810.7306
2006-10-24,815.8296,824.3278,807.3314,820.9285
2006-10-25,820.9283,822.6280,814.1298,819.2287
2006-10-26,815.8294,822.6280,810.7305,819.2287
2006-10-27,839.6244,844.7234,829.4266,829.4266
2006-10-30,829.4268,839.6246,822.6282,822.6282
2006-10-31,824.3279,836.2255,822.6283,824.3279
2006-11-01,819.2288,820.9284,810.7305,814.1298
2006-11-02,810.7307,812.4303,803.9321,812.4303
2006-11-03,812.4303,812.4303,812.4303,812.4303
2006-11-06,803.9320,805.6317,795.4338,803.9320
2006-11-07,820.9285,822.6281,810.7306,810.7306
2006-11-08,815.8295,817.5292,803.9320,809.0309
2006-11-09,815.8296,820.9285,798.8331,805.6317
2006-11-10,795.4337,798.8329,790.3347,793.7340
2006-11-13,793.7343,802.2325,785.2361,797.1336
2006-11-14,805.6317,809.0309,800.5327,803.9320
2006-11-15,803.9320,814.1299,797.1334,800.5327
2006-11-16,805.6316,810.7306,798.8331,800.5327
2006-11-17,802.2324,826.0274,802.2324,810.7306
2006-11-20,810.7306,820.9285,802.2324,803.9320
2006-11-21,803.9320,812.4302,800.5327,803.9320
2006-11-22,803.9322,805.6318,785.2361,797.1336
2006-11-23,797.1336,797.1336,797.1336,797.1336
2006-11-24,790.3349,790.3349,776.7377,781.8367
2006-11-27,775.0381,778.4374,769.9392,776.7377
2006-11-28,766.5398,776.7377,761.4409,775.0380
2006-11-29,775.0381,781.8367,771.6388,776.7377
2006-11-30,785.2358,786.9355,773.3383,778.4373
2006-12-01,783.5364,797.1335,778.4374,785.2360
2006-12-04,773.3384,776.7377,766.5398,773.3384
2006-12-05,775.0381,776.7378,759.7413,766.5399
2006-12-06,769.9390,783.5362,768.2394,778.4373
2006-12-07,781.8367,790.3350,780.1371,783.5364
2006-12-08,783.5364,790.3350,781.8367,785.2360
2006-12-11,786.9357,802.2325,786.9357,797.1336
2006-12-12,812.4302,820.9284,809.0309,814.1298
2006-12-13,809.0308,832.8259,809.0308,829.4266
2006-12-14,837.9249,848.1228,834.5256,844.7235
2006-12-15,854.9212,863.4194,853.2216,858.3205
2006-12-18,871.9180,878.7166,865.1194,877.0169
2006-12-19,866.8189,871.9178,856.6210,860.0203
2006-12-20,861.7201,870.2183,860.0204,863.4197
2006-12-21,866.8192,868.5188,860.0206,865.1195
2006-12-22,854.9215,866.8190,854.9215,863.4197
2006-12-25,860.0203,861.7200,851.5221,856.6210
2006-12-26,856.6212,866.8190,854.9215,861.7201
2006-12-27,865.1193,878.7164,863.4196,870.2182
2006-12-28,878.7167,882.1160,865.1195,865.1195
2006-12-29,866.8190,871.9180,861.7201,866.8190
2007-01-04,873.6176,890.6140,870.2183,882.1158
2007-01-05,883.8155,897.4127,880.4162,885.5151
2007-01-09,917.8082,956.9000,916.1085,943.3029
2007-01-10,924.6068,929.7057,917.8082,924.6068
2007-01-11,926.3063,929.7056,914.4088,922.9070
2007-01-12,936.5042,951.8010,936.5042,945.0024
2007-01-15,968.7974,982.3946,968.7974,968.7974
2007-01-16,965.3984,968.7977,960.2995,967.0981
2007-01-17,953.5011,967.0983,945.0029,961.9993
2007-01-18,956.9001,970.4972,948.4019,956.9001
2007-01-19,960.2997,965.3986,951.8015,961.9993
2007-01-22,968.7977,970.4974,956.9002,970.4974
2007-01-23,953.5008,965.3983,950.1015,965.3983
2007-01-24,961.9990,968.7976,953.5008,956.9001
2007-01-25,970.4971,982.3946,968.7975,972.1968
2007-01-26,975.5962,990.8930,970.4973,985.7941
2007-01-29,975.5963,978.9956,970.4974,973.8967
2007-01-30,970.4972,970.4972,946.7022,956.9001
2007-01-31,956.9000,958.5997,924.6068,943.3029
2007-02-01,946.7025,975.5965,945.0029,961.9993
2007-02-02,973.8967,982.3950,970.4974,977.2960
2007-02-05,984.0942,985.7939,967.0978,968.7974
2007-02-06,978.9953,992.5925,977.2957,992.5925
2007-02-07,985.7939,994.2921,977.2957,992.5925
2007-02-08,994.2921,999.3910,975.5960,992.5925
2007-02-09,999.3915,1018.0876,997.6919,1018.0876
2007-02-13,1007.8892,1023.1860,1004.4899,1019.7867
2007-02-14,1033.3840,1062.2780,1031.6843,1058.8787
2007-02-15,1062.2783,1069.0769,1045.2819,1052.0804
2007-02-16,1041.8823,1063.9777,1036.7833,1063.9777
2007-02-19,1063.9777,1067.3770,1057.1791,1065.6774
2007-02-20,1063.9780,1067.3773,1052.0804,1062.2783
2007-02-21,1063.9777,1084.3734,1063.9777,1077.5748
2007-02-22,1087.7725,1096.2707,1080.9739,1080.9739
2007-02-23,1080.9739,1091.1718,1072.4757,1079.2743
2007-02-26,1086.0730,1094.5712,1082.6737,1086.0730
2007-02-27,1084.3735,1111.5679,1082.6739,1108.1686
2007-02-28,1023.1862,1063.9777,1023.1862,1048.6809
2007-03-01,1050.3806,1060.5784,1028.2852,1048.6809
2007-03-02,1024.8860,1031.6846,990.8931,990.8931
2007-03-05,977.2961,982.3951,960.2997,961.9993
2007-03-06,978.9951,1016.3873,975.5959,1001.0905
2007-03-07,1018.0872,1023.1861,985.7939,989.1932
2007-03-08,989.1937,1023.1866,987.4940,1018.0876
2007-03-09,1033.3843,1057.1793,1028.2853,1046.9814
2007-03-12,1065.6774,1069.0767,1048.6810,1060.5785
2007-03-13,1052.0806,1053.7802,1035.0841,1038.4834
2007-03-14,1006.1893,1012.9879,992.5922,995.9915
2007-03-15,1002.7901,1031.6841,999.3908,1012.9880
2007-03-16,1012.9882,1036.7832,995.9917,1019.7867
2007-03-19,1023.1862,1050.3806,1014.6880,1045.2816
2007-03-20,1040.1826,1043.5818,1033.3840,1035.0836
2007-03-22,1062.2780,1063.9777,1050.3805,1050.3805
2007-03-23,1058.8787,1065.6772,1053.7797,1058.8787
2007-03-26,1063.9777,1069.0766,1055.4794,1063.9777
2007-03-27,1054.1852,1060.9974,1045.6700,1057.5913
2007-03-28,1043.9673,1050.7794,1028.6398,1035.4520
2007-03-29,1006.5002,1025.2337,1003.0941,1018.4215
2007-03-30,1025.2334,1037.1547,1016.7182,1020.1243
2007-04-02,1018.4209,1038.8575,997.9844,997.9844
2007-04-03,1015.0149,1025.2332,1004.7966,1021.8271
2007-04-04,1035.4516,1047.3729,1018.4212,1047.3729
2007-04-05,1047.3728,1057.5911,1038.8576,1052.4819
2007-04-06,1052.4822,1064.4035,1049.0761,1055.8883
2007-04-09,1066.1065,1098.4644,1066.1065,1096.7614
2007-04-10,1081.4337,1096.7611,1074.6215,1091.6520
2007-04-11,1091.6521,1103.5734,1081.4338,1093.3551
2007-04-12,1096.7612,1101.8703,1074.6216,1079.7307
2007-04-13,1113.7916,1134.2282,1108.6825,1108.6825
2007-04-16,1117.1977,1120.6038,1100.1672,1115.4946
2007-04-17,1124.0101,1129.1193,1103.5736,1113.7919
2007-04-18,1108.6825,1118.9008,1106.9795,1117.1978
2007-04-19,1103.5733,1108.6824,1083.1368,1091.6520
2007-04-20,1100.1675,1105.2766,1093.3553,1100.1675
2007-04-23,1106.9797,1122.3071,1098.4644,1105.2766
2007-04-24,1093.3553,1110.3857,1093.3553,1105.2766
2007-04-25,1098.4647,1100.1677,1079.7312,1089.9495
2007-04-26,1103.5736,1106.9797,1093.3553,1100.1675
2007-04-27,1096.7612,1108.6825,1086.5429,1093.3551
2007-05-01,1079.7310,1084.8402,1072.9189,1076.3250
2007-05-02,1074.6215,1095.0581,1066.1063,1091.6520
2007-05-07,1112.0886,1118.9008,1110.3856,1117.1978
2007-05-08,1112.0886,1120.6038,1108.6825,1117.1978
2007-05-09,1124.0098,1137.6341,1124.0098,1134.2280
2007-05-10,1124.0099,1127.4160,1117.1978,1117.1978
2007-05-11,1093.3552,1100.1674,1093.3552,1098.4644
2007-05-14,1113.7919,1120.6041,1112.0888,1113.7919
2007-05-15,1100.1672,1103.5733,1083.1368,1086.5428
2007-05-16,1089.9492,1106.9797,1067.8096,1100.1675
2007-05-17,1139.3372,1139.3372,1122.3067,1129.1189
2007-05-18,1130.8221,1139.3374,1125.7130,1135.9313
2007-05-21,1141.0406,1183.6167,1139.3376,1181.9137
2007-05-22,1198.9441,1224.4898,1197.2411,1217.6776
2007-05-23,1222.7866,1224.4896,1205.7561,1209.1622
2007-05-24,1187.0225,1193.8347,1180.2104,1183.6165
2007-05-25,1171.6950,1175.1011,1166.5859,1168.2889
2007-05-28,1175.1011,1183.6163,1166.5859,1168.2889
2007-05-29,1176.8046,1178.5077,1171.6955,1175.1016
2007-05-30,1175.1014,1188.7258,1173.3984,1176.8044
2007-05-31,1190.4294,1200.6476,1187.0233,1193.8354
2007-06-01,1190.4289,1192.1320,1180.2107,1181.9137
2007-06-04,1178.5077,1185.3198,1175.1016,1175.1016
2007-06-05,1158.0706,1164.8828,1156.3676,1164.8828
2007-06-06,1161.4771,1171.6954,1159.7740,1169.9923
2007-06-07,1156.3677,1161.4768,1152.9616,1156.3677
2007-06-08,1124.0102,1129.1193,1117.1980,1122.3071
2007-06-11,1134.2282,1134.2282,1127.4161,1130.8221
2007-06-12,1122.3068,1124.0099,1112.0885,1120.6038
2007-06-13,1125.7128,1137.6341,1122.3067,1134.2280
2007-06-14,1141.0404,1141.0404,1132.5252,1135.9313
2007-06-15,1132.5250,1135.9311,1130.8219,1134.2280
2007-06-18,1141.0406,1144.4467,1137.6345,1142.7437
2007-06-19,1144.4467,1147.8528,1137.6346,1141.0406
2007-06-20,1135.9316,1137.6347,1127.4164,1127.4164
2007-06-21,1113.7921,1115.4951,1108.6829,1110.3860
2007-06-22,1106.9794,1117.1977,1106.9794,1115.4946
2007-06-25,1105.2766,1106.9797,1100.1675,1100.1675
2007-06-26,1088.2464,1091.6525,1084.8403,1089.9495
2007-06-27,1071.2156,1072.9186,1062.7004,1066.1064
2007-06-28,1060.9971,1066.1062,1057.5910,1059.2941
2007-06-29,1060.9976,1081.4342,1060.9976,1078.0281
2007-07-02,1081.4338,1088.2459,1069.5124,1074.6216
2007-07-03,1069.5127,1071.2158,1045.6701,1054.1853
2007-07-04,1059.2942,1074.6216,1055.8881,1074.6216
2007-07-05,1084.8401,1103.5736,1083.1370,1100.1675
2007-07-06,1084.8401,1115.4949,1084.8401,1113.7919
2007-07-09,1120.6040,1120.6040,1100.1674,1112.0887
2007-07-10,1106.9797,1106.9797,1095.0583,1100.1675
2007-07-11,1083.1372,1088.2464,1078.0281,1078.0281
2007-07-12,1079.7310,1089.9493,1074.6219,1081.4341
2007-07-13,1098.4642,1101.8702,1088.2459,1091.6520
2007-07-17,1079.7310,1086.5432,1079.7310,1081.4341
2007-07-18,1074.6220,1083.1372,1074.6220,1078.0281
2007-07-19,1072.9188,1086.5431,1071.2157,1084.8401
2007-07-20,1067.8094,1076.3246,1066.1064,1074.6216
2007-07-23,1052.4819,1055.8880,1050.7789,1052.4819
2007-07-24,1064.4037,1078.0281,1064.4037,1072.9189
2007-07-25,1059.2945,1069.5128,1055.8885,1069.5128
2007-07-26,1105.2767,1108.6828,1079.7310,1081.4341
2007-07-27,1079.7307,1098.4642,1078.0277,1093.3551
2007-07-30,1074.6219,1089.9493,1062.7006,1081.4341
2007-07-31,1078.0277,1079.7307,1067.8094,1074.6216
2007-08-01,1066.1063,1066.1063,1040.5606,1043.9667
2007-08-02,1045.6701,1049.0762,1018.4213,1030.3427
2007-08-03,1037.1551,1045.6703,1035.4520,1040.5612
2007-08-06,1006.5000,1013.3122,1004.7970,1008.2031
2007-08-07,1013.3121,1028.6395,1013.3121,1020.1243
2007-08-08,1021.8275,1021.8275,1003.0940,1013.3123
2007-08-09,1033.7484,1033.7484,1016.7180,1021.8271
2007-08-10,994.5786,1008.2029,980.9542,984.3603
2007-08-13,980.9543,984.3604,972.4391,975.8452
2007-08-14,967.3300,970.7361,962.2209,965.6270
2007-08-15,946.8933,950.2994,936.6750,940.0811
2007-08-16,906.0202,928.1598,904.3172,923.0507
2007-08-17,894.0989,897.5050,860.0380,860.0380
2007-08-20,894.0989,900.9111,882.1776,887.2867
2007-08-21,909.4265,916.2387,897.5052,899.2083
2007-08-22,906.0201,906.0201,887.2866,900.9110
2007-08-23,933.2690,934.9721,923.0508,926.4568
2007-08-24,934.9720,938.3781,921.3476,923.0507
2007-08-27,931.5659,931.5659,911.1294,921.3477
2007-08-28,917.9417,923.0508,900.9112,916.2386
2007-08-29,882.1776,890.6928,880.4745,890.6928
2007-08-30,907.7232,907.7232,897.5049,900.9110
2007-08-31,928.1600,952.0027,924.7539,950.2996
2007-09-03,934.9719,958.8146,934.9719,953.7054
2007-09-04,936.6751,965.6269,934.9721,955.4086
2007-09-05,996.2816,1008.2029,975.8451,977.5481
2007-09-06,962.2210,974.1423,945.1905,974.1423
2007-09-07,963.9237,972.4390,952.0024,960.5176
2007-09-10,907.7233,917.9416,895.8020,902.6142
2007-09-11,917.9415,923.0507,897.5050,917.9415
2007-09-12,924.7538,924.7538,906.0203,914.5355
2007-09-13,907.7232,911.1293,904.3171,904.3171
2007-09-14,914.5354,928.1598,911.1293,923.0507
2007-09-18,900.9112,902.6142,897.5051,902.6142
2007-09-19,928.1599,936.6751,928.1599,934.9720
2007-09-20,921.3477,928.1599,916.2386,926.4568
2007-09-21,909.4262,912.8323,900.9110,909.4262
2007-09-25,923.5094,923.5094,906.4390,911.5601
2007-09-26,897.9038,935.4587,897.9038,926.9235
2007-09-27,933.7518,964.4785,932.0447,954.2363
2007-09-28,947.4081,954.2363,940.5800,950.8222
2007-10-01,954.2363,971.3067,952.5292,964.4785
2007-10-02,981.5489,1007.1545,981.5489,1005.4474
2007-10-03,1008.8615,1012.2756,996.9122,1007.1545
2007-10-04,984.9629,1005.4474,979.8418,983.2559
2007-10-05,990.0843,995.2054,983.2561,988.3773
2007-10-09,996.9123,1002.0334,986.6701,993.4982
2007-10-10,984.9631,996.9124,981.5490,986.6701
2007-10-11,981.5490,988.3771,969.5997,986.6701
2007-10-12,986.6697,986.6697,943.9937,943.9937
2007-10-15,955.9433,955.9433,940.5799,945.7010
2007-10-16,938.1899,938.1899,928.6305,928.6305
2007-10-17,917.0789,921.8026,917.0789,921.8026
2007-10-18,923.5094,932.0446,918.3883,926.9235
2007-10-19,912.7552,912.7552,908.1462,908.1462
2007-10-22,887.6615,896.1967,885.9544,891.0756
2007-10-23,891.2462,892.7826,891.2462,892.7826
2007-10-24,889.3686,889.3686,884.2475,884.2475
2007-10-25,884.2473,884.2473,872.2980,872.2980
2007-10-26,872.2984,949.1152,872.2984,949.1152
2007-10-29,938.8730,976.4279,938.8730,976.4279
2007-10-30,962.7498,962.7712,962.7498,962.7712
2007-10-31,971.3064,973.0134,952.5289,962.7712
2007-11-01,966.1856,995.2053,966.1856,995.2053
2007-11-02,985.6835,985.6835,967.8927,967.8927
2007-11-05,966.1857,983.2561,962.7716,966.1857
2007-11-06,966.1857,966.1857,949.1152,949.1152
2007-11-07,949.1150,949.1150,942.2868,942.2868
2007-11-08,942.2868,942.2868,920.0953,920.0953
2007-11-09,919.4126,919.4126,913.2673,913.2673
2007-11-12,913.2671,913.2671,889.3685,889.3685
2007-11-13,889.3688,897.9040,889.3688,897.9040
2007-11-14,926.9234,926.9234,920.0953,920.0953
2007-11-15,920.0954,923.5095,920.0954,923.5095
2007-11-16,923.5095,923.5095,913.2673,913.2673
2007-11-19,913.2673,913.2673,908.1462,908.1462
2007-11-20,908.1459,909.8529,908.1459,909.8529
2007-11-21,910.5359,910.5359,892.7826,892.7826
2007-11-22,892.7829,897.9040,892.7829,897.9040
2007-11-26,904.7319,954.2361,904.7319,938.8727
2007-11-27,938.8730,981.5490,938.8730,981.5490
2007-11-28,1008.8617,1013.9828,1003.7405,1013.9828
2007-11-29,1013.9823,1031.0527,1013.9823,1031.0527
2007-11-30,1031.0530,1031.0530,1025.9319,1025.9319
2007-12-03,1025.9318,1025.9318,1017.3966,1017.3966
2007-12-04,1017.3967,1017.3967,996.9122,996.9122
2007-12-05,995.8878,1000.3260,995.8878,1000.3260
2007-12-06,998.9607,1024.2249,998.9607,1024.2249
2007-12-07,1024.3954,1024.3954,1008.8614,1008.8614
2007-12-10,1012.2759,1036.1744,1012.2759,1036.1744
2007-12-11,1058.0243,1063.4868,1058.0243,1063.4868
2007-12-12,1059.7313,1065.1938,1059.7313,1065.1938
2007-12-13,1065.1943,1075.4365,1065.1943,1075.4365
2007-12-14,1071.6805,1071.6805,1054.9515,1054.9515
2007-12-17,1062.4623,1062.4623,1049.8302,1049.8302
2007-12-18,1039.5882,1056.6586,1032.7600,1054.9515
2007-12-19,1054.9522,1054.9522,1043.0029,1043.0029
2007-12-20,1031.0527,1031.0527,1031.0527,1031.0527
2007-12-21,1031.2243,1043.0029,1031.2243,1043.0029
2007-12-25,1070.3149,1085.6782,1070.3149,1085.6782
2007-12-26,1080.5572,1090.7995,1078.8502,1087.3854
2007-12-27,1089.2632,1089.2632,1082.2644,1082.2644
2007-12-28,1072.0221,1075.4361,1056.6587,1058.3657
2008-01-04,1012.2758,1015.6899,988.3773,988.3773
2008-01-07,977.2813,995.2053,977.2813,995.2053
2008-01-08,995.2052,1029.3461,995.2052,1029.3461
2008-01-09,1056.6586,1056.6586,1056.6586,1056.6586
2008-01-10,1056.6585,1056.6585,1046.4163,1046.4163
2008-01-11,1046.9282,1046.9282,1031.0527,1031.0527
2008-01-15,1014.3750,1014.3750,1008.8614,1008.8614
2008-01-16,978.1347,984.9629,938.8728,940.5798
2008-01-17,940.5801,966.1857,940.5801,966.1857
2008-01-18,966.5268,966.5268,957.6501,957.6501
2008-01-21,957.6504,957.6504,937.1659,937.1659
2008-01-22,886.8234,886.8234,872.2980,872.2980
2008-01-23,885.6918,885.6918,848.3996,848.3996
2008-01-24,848.5704,851.8138,848.5704,851.8138
2008-01-25,851.8135,872.2980,851.8135,872.2980
2008-01-28,863.4217,863.4217,833.0364,833.0364
2008-01-29,837.9928,870.5911,837.9928,870.5911
2008-01-30,870.5912,870.5912,860.3489,860.3489
2008-01-31,858.6281,891.0756,858.6281,891.0756
2008-02-01,891.2462,891.2462,817.6728,817.6728
2008-02-04,817.8435,822.7939,817.8435,822.7939
2008-02-05,825.5255,825.5255,804.0167,804.0167
2008-02-06,785.2390,785.2390,780.1179,780.1179
2008-02-07,780.1179,800.6024,780.1179,800.6024
2008-02-08,800.6024,800.6024,788.6531,788.6531
2008-02-12,788.6532,790.3603,788.6532,790.3603
2008-02-13,821.9403,821.9403,807.4305,807.4305
2008-02-14,835.9151,839.8644,835.9151,839.8644
2008-02-15,831.3292,831.3292,827.9151,827.9151
2008-02-18,824.3303,836.4503,824.3303,836.4503
2008-02-19,854.8925,855.2277,854.8925,855.2277
2008-02-20,875.8829,875.8829,863.7629,863.7629
2008-02-21,863.7629,868.8840,863.7629,868.8840
2008-02-22,868.8841,868.8841,856.9348,856.9348
2008-02-25,856.9349,877.4194,856.9349,877.4194
2008-02-26,877.7607,887.6615,877.7607,887.6615
2008-02-27,887.6617,908.1462,887.6617,908.1462
2008-02-28,908.3166,908.3166,891.0756,891.0756
2008-02-29,851.6431,851.8138,851.6431,851.8138
2008-03-03,851.8138,851.8138,814.2589,814.2589
2008-03-04,814.2588,819.3799,814.2588,819.3799
2008-03-05,819.3800,826.2081,819.3800,826.2081
2008-03-06,826.2080,829.6221,826.2080,829.6221
2008-03-07,829.6222,829.6222,786.9462,786.9462
2008-03-10,786.9461,786.9461,747.6841,747.6841
2008-03-11,751.0982,766.4616,751.0982,766.4616
2008-03-12,766.4618,766.4618,764.7548,764.7548
2008-03-13,737.7686,737.7686,734.0281,734.0281
2008-03-14,716.9573,716.9573,716.9573,716.9573
2008-03-17,720.4347,720.4347,675.9884,675.9884
2008-03-18,678.5491,678.5491,677.6956,677.6956
2008-03-19,681.6599,723.7855,681.6599,723.7855
2008-03-21,723.7855,723.7855,711.8362,711.8362
2008-03-24,711.8363,711.8363,706.7152,706.7152
2008-03-25,706.7150,727.1995,706.7150,727.1995
2008-03-26,724.2036,724.2036,724.2036,724.2036
2008-03-27,726.9429,726.9429,696.8105,696.8105
2008-03-28,693.3864,700.2346,693.3864,700.2346
2008-03-31,680.5459,680.5459,679.6899,679.6899
2008-04-01,679.6898,695.0984,679.6898,695.0984
2008-04-02,695.0986,736.1882,695.0986,736.1882
2008-04-03,737.9002,744.7485,737.9002,744.7485
2008-04-04,733.7912,733.7912,729.3398,729.3398
2008-04-07,729.3399,748.1727,729.3399,748.1727
2008-04-08,748.3437,748.3437,720.7794,720.7794
2008-04-09,720.9506,720.9506,710.5070,710.5070
2008-04-10,717.0129,717.0129,708.7950,708.7950
2008-04-11,709.1374,725.9156,709.1374,725.9156
2008-04-14,723.8611,723.8611,693.3864,693.3864
2008-04-15,694.4136,694.4136,693.3864,693.3864
2008-04-16,712.5616,717.3553,712.5616,717.3553
2008-04-17,744.8882,748.1727,744.8882,748.1727
2008-04-18,750.3981,751.5966,750.3981,751.5966
2008-04-21,781.5578,794.3983,781.5578,794.3983
2008-04-22,794.9120,794.9120,772.1415,772.1415
2008-04-23,771.3691,771.3691,770.4292,770.4292
2008-04-24,771.2854,777.2776,771.2854,777.2776
2008-04-25,803.1299,818.3672,803.1299,818.3672
2008-04-28,818.3672,830.3517,818.3672,830.3517
2008-04-30,818.3672,818.3672,818.3672,818.3672
2008-05-01,830.6941,830.6941,818.3672,818.3672
2008-05-02,842.3359,842.3359,842.3359,842.3359
2008-05-07,853.0854,853.0854,847.4723,847.4723
2008-05-08,847.4723,847.4723,816.6551,816.6551
2008-05-09,816.6550,816.6550,790.9741,790.9741
2008-05-12,790.9742,796.1104,790.9742,796.1104
2008-05-13,822.3046,822.3046,820.0793,820.0793
2008-05-14,820.0793,830.3517,820.0793,830.3517
2008-05-15,904.9975,904.9975,902.2582,902.2582
2008-05-16,904.8266,904.8266,883.4258,883.4258
2008-05-19,883.4255,886.8497,883.4255,886.8497
2008-05-20,891.9861,891.9861,883.4258,883.4258
2008-05-21,859.4568,859.4568,859.4568,859.4568
2008-05-22,859.4569,861.1690,859.4569,861.1690
2008-05-23,876.4062,876.4062,862.8809,862.8809
2008-05-26,863.7370,863.7370,840.6241,840.6241
2008-05-27,840.6241,850.8965,840.6241,850.8965
2008-05-28,852.7795,852.7795,838.9118,838.9118
2008-05-29,838.9119,869.7291,838.9119,869.7291
2008-05-30,869.3867,903.9705,869.3867,903.9705
2008-06-02,903.9702,945.0598,903.9702,945.0598
2008-06-03,945.0601,945.0601,917.6671,917.6671
2008-06-04,917.6668,943.3478,917.6668,943.3478
2008-06-05,943.3478,943.3478,927.9392,927.9392
2008-06-06,927.9393,938.2117,927.9393,938.2117
2008-06-09,903.9705,903.9705,903.9705,903.9705
2008-06-10,903.9702,903.9702,898.8340,898.8340
2008-06-11,898.8343,903.9705,898.8343,903.9705
2008-06-12,906.1961,906.1961,878.2895,878.2895
2008-06-13,890.2736,891.9857,890.2736,891.9857
2008-06-16,892.3283,915.9548,892.3283,915.9548
2008-06-17,915.6123,915.9548,915.6123,915.9548
2008-06-18,915.9550,917.6671,915.9550,917.6671
2008-06-19,917.6669,917.6669,893.6980,893.6980
2008-06-20,893.8692,893.8692,873.1533,873.1533
2008-06-23,857.7446,868.0170,857.7446,868.0170
2008-06-24,868.0170,868.0170,856.0326,856.0326
2008-06-25,856.0324,856.0324,842.3359,842.3359
2008-06-26,842.3360,866.3049,842.3360,866.3049
2008-06-27,830.3518,830.3518,828.6397,828.6397
2008-06-30,828.6396,828.6396,794.3983,794.3983
2008-07-01,794.3981,794.3981,785.8378,785.8378
2008-07-02,785.8379,785.8379,780.7017,780.7017
2008-07-03,780.7017,787.5499,780.7017,787.5499
2008-07-04,787.5500,792.6862,787.5500,792.6862
2008-07-07,792.6862,792.6862,789.2621,789.2621
2008-07-08,756.7327,756.7327,756.7327,756.7327
2008-07-09,756.7329,756.7329,744.7485,744.7485
2008-07-10,744.9195,753.3086,744.9195,753.3086
2008-07-11,753.3088,753.3088,744.7485,744.7485
2008-07-14,744.7484,744.7484,739.6122,739.6122
2008-07-15,734.4760,734.4760,729.3398,729.3398
2008-07-16,729.3397,734.4759,729.3397,734.4759
2008-07-17,734.4759,751.5966,734.4759,751.5966
2008-07-18,751.5967,751.5967,737.9001,737.9001
2008-07-22,737.9001,749.8846,722.4915,749.8846
2008-07-23,755.0208,755.0208,749.8846,749.8846
2008-07-24,768.7173,778.9897,768.7173,778.9897
2008-07-25,778.9898,778.9898,746.4606,746.4606
2008-07-28,749.8847,749.8847,744.7485,744.7485
2008-07-29,720.6082,720.7794,720.6082,720.7794
2008-07-30,720.7794,720.7794,700.2346,700.2346
2008-07-31,700.2347,705.3709,700.2347,705.3709
2008-08-01,706.0558,706.0558,701.9468,701.9468
2008-08-04,701.9468,701.9468,684.8262,684.8262
2008-08-05,684.8260,695.0984,684.8260,695.0984
2008-08-06,695.0984,734.4759,695.0984,734.4759
2008-08-07,725.1171,725.9156,725.1171,725.9156
2008-08-08,719.2386,729.3398,719.2386,729.3398
2008-08-11,749.8846,749.8846,749.8846,749.8846
2008-08-12,751.5965,753.3086,743.0362,743.0362
2008-08-13,742.3515,742.3515,720.7794,720.7794
2008-08-14,721.9778,721.9778,710.5070,710.5070
2008-08-15,710.5071,725.9156,710.5071,725.9156
2008-08-18,725.9158,744.7485,725.9158,744.7485
2008-08-19,744.7485,744.7485,727.6278,727.6278
2008-08-20,727.6278,727.6278,707.0830,707.0830
2008-08-21,707.0830,707.0830,698.5226,698.5226
2008-08-22,698.8651,705.3709,698.8651,705.3709
2008-08-25,705.3710,736.1882,705.3710,736.1882
2008-08-26,736.1880,736.1880,724.2036,724.2036
2008-08-27,717.1842,717.1842,713.9313,713.9313
2008-08-28,713.9311,713.9311,710.5070,710.5070
2008-08-29,724.3748,725.9156,724.3748,725.9156
2008-09-01,725.9157,725.9157,708.7950,708.7950
2008-09-02,708.7950,708.7950,696.8105,696.8105
2008-09-03,696.8105,700.2346,696.8105,700.2346
2008-09-04,700.2346,700.2346,693.3864,693.3864
2008-09-05,664.2813,664.2813,664.2813,664.2813
2008-09-08,664.2814,689.9623,664.2814,689.9623
2008-09-09,689.9624,689.9624,672.8417,672.8417
2008-09-10,652.2969,655.7210,652.2969,654.0090
2008-09-11,654.0091,654.0091,630.0402,630.0402
2008-09-12,630.0399,636.8882,630.0399,636.8882
2008-09-16,600.9348,607.7830,597.5106,604.3589
2008-09-17,626.2735,626.2735,612.9194,612.9194
2008-09-18,612.9193,612.9193,559.8453,559.8453
2008-09-19,559.8452,576.9659,559.8452,576.9659
2008-09-22,599.2228,602.6470,599.2228,602.6470
2008-09-24,581.2461,587.2383,581.2461,587.2383
2008-09-25,587.2386,587.2386,585.5114,585.5114
2008-09-26,585.5112,588.9656,585.5112,588.9656
2008-09-29,589.3112,589.3112,585.5114,585.5114
2008-09-30,585.8566,585.8566,547.5134,547.5134
2008-10-01,547.5134,554.4221,547.5134,554.4221
2008-10-02,554.4220,554.4220,521.6057,521.6057
2008-10-03,516.5972,519.8788,516.5972,519.8788
2008-10-06,519.8785,519.8785,485.3351,485.3351
2008-10-07,462.0184,469.7907,462.0184,469.7907
2008-10-08,469.7908,469.7908,411.9305,411.9305
2008-10-09,434.0382,435.2472,434.0382,435.2472
2008-10-10,435.4201,435.4201,411.9305,411.9305
2008-10-14,481.3627,481.3627,481.0173,481.0173
2008-10-15,482.5717,482.5717,460.2912,460.2912
2008-10-16,460.2913,460.2913,400.7039,400.7039
2008-10-17,400.7038,421.4298,400.7038,421.4298
2008-10-20,421.4298,453.3825,421.4298,453.3825
2008-10-21,453.3827,466.3365,453.3827,466.3365
2008-10-22,466.3364,466.3364,423.1571,423.1571
2008-10-23,423.1570,423.1570,396.3858,396.3858
2008-10-24,340.5982,340.5982,340.5982,340.5982
2008-10-27,340.5984,340.5984,314.5181,314.5181
2008-10-28,325.7446,344.7434,325.7446,344.7434
2008-10-29,344.9162,351.4794,344.9162,351.4794
2008-10-30,392.0680,392.0680,392.0680,392.0680
2008-10-31,393.6224,393.6224,383.4321,383.4321
2008-11-04,383.6049,408.4762,383.6049,408.4762
2008-11-05,445.6104,445.6104,445.6104,445.6104
2008-11-06,446.1283,446.1283,396.3858,396.3858
2008-11-07,396.3859,396.3859,376.5235,376.5235
2008-11-10,376.5234,405.0217,376.5234,405.0217
2008-11-11,405.3671,405.3671,393.7951,393.7951
2008-11-12,393.7951,393.7951,378.2506,378.2506
2008-11-13,378.2506,378.2506,345.4344,345.4344
2008-11-14,345.4343,358.3881,345.4343,358.3881
2008-11-17,358.3881,360.9789,358.3881,360.9789
2008-11-18,360.9788,360.9788,346.2979,346.2979
2008-11-19,346.2979,346.2979,336.7985,336.7985
2008-11-20,336.7984,336.7984,315.3815,315.3815
2008-11-21,315.3816,333.1715,315.3816,333.1715
2008-11-25,333.1715,333.1715,331.0989,331.0989
2008-11-26,331.2715,331.2715,320.7357,320.7357
2008-11-27,320.7358,324.1901,320.7358,324.1901
2008-11-28,324.1901,324.1901,318.3177,318.3177
2008-12-01,318.3178,318.3178,317.1088,317.1088
2008-12-02,317.1087,317.1087,302.4277,302.4277
2008-12-03,302.4279,304.6732,302.4279,304.6732
2008-12-04,304.6731,304.6731,297.7644,297.7644
2008-12-05,297.7643,298.8007,297.7643,298.8007
2008-12-08,298.8007,315.2088,298.8007,315.2088
2008-12-09,315.2089,327.4718,315.2089,327.4718
2008-12-10,327.4719,331.0989,327.4719,331.0989
2008-12-11,334.2077,341.6346,334.2077,341.6346
2008-12-12,341.9800,341.9800,321.2539,321.2539
2008-12-15,326.6082,334.8986,326.6082,334.8986
2008-12-16,315.2088,315.2088,315.2088,315.2088
2008-12-17,315.2088,315.2088,315.2088,315.2088
2008-12-18,315.2088,315.2088,313.4817,313.4817
2008-12-19,313.8272,314.5181,313.8272,314.5181
2008-12-22,314.5180,319.5268,314.5180,319.5268
2008-12-24,320.5630,320.5630,310.5454,310.5454
2008-12-25,314.5339,314.5339,314.3453,314.3453
2008-12-26,318.1300,319.1814,318.1300,319.1814
2008-12-29,316.0724,328.1626,316.0724,328.1626
2008-12-30,327.4718,340.2529,326.0901,331.9624
2009-01-05,344.5707,344.5707,336.1076,340.2528
2009-01-06,360.1153,366.1604,360.1153,366.1604
2009-01-07,366.1604,398.1131,366.1604,398.1131
2009-01-08,398.1130,398.1130,379.9777,379.9777
2009-01-09,380.3232,380.3232,379.1142,379.1142
2009-01-13,380.6687,380.6687,345.4344,345.4344
2009-01-14,345.4343,360.9789,345.4343,360.9789
2009-01-15,360.9788,360.9788,342.1526,342.1526
2009-01-16,342.1527,358.3881,342.1527,358.3881
2009-01-19,358.3882,359.2518,358.3882,359.2518
2009-01-20,359.2517,359.2517,349.7523,349.7523
2009-01-21,349.7523,349.7523,343.5345,343.5345
2009-01-22,343.5345,343.5345,334.7259,334.7259
2009-01-23,334.7258,334.7258,311.2363,311.2363
2009-01-26,311.2363,311.2363,301.7368,301.7368
2009-01-27,316.2452,316.2452,316.2452,316.2452
2009-01-28,316.2452,317.1088,316.2452,317.1088
2009-01-29,317.1088,329.7171,317.1088,329.7171
2009-01-30,329.7172,329.7172,307.4366,307.4366
2009-02-02,307.4365,307.4365,301.3914,301.3914
2009-02-03,301.3915,302.7733,301.3915,302.7733
2009-02-04,302.7732,312.0999,302.7732,312.0999
2009-02-05,312.0999,315.2088,312.0999,315.2088
2009-02-06,315.2088,322.4629,315.2088,322.4629
2009-02-09,322.4630,322.4630,316.2452,316.2452
2009-02-10,313.4817,318.3177,303.1186,308.4729
2009-02-12,313.4816,313.4816,300.3551,300.3551
2009-02-13,300.3551,300.3551,297.4189,297.4189
2009-02-16,297.4190,297.4190,293.4465,293.4465
2009-02-17,293.4464,293.4464,286.7104,286.7104
2009-02-18,286.8832,286.8832,276.5202,276.5202
2009-02-19,276.5202,278.7655,276.5202,278.7655
2009-02-20,278.7655,278.7655,274.2749,274.2749
2009-02-23,274.6203,274.6203,267.5388,267.5388
2009-02-24,267.5389,268.5752,267.5389,268.5752
2009-02-25,268.5752,290.3375,268.5752,290.3375
2009-02-26,290.3376,290.3376,282.3926,282.3926
2009-02-27,282.3926,288.0923,282.3926,288.0923
2009-03-02,288.0922,288.0922,286.7104,286.7104
2009-03-03,286.7104,299.4914,286.7104,299.4914
2009-03-04,299.4916,307.4366,299.4916,307.4366
2009-03-05,307.4366,307.9547,307.4366,307.9547
2009-03-06,307.9546,307.9546,296.2098,296.2098
2009-03-09,296.2101,304.6732,296.2101,304.6732
2009-03-10,304.8458,304.8458,297.5917,297.5917
2009-03-11,312.6181,312.6181,311.0637,311.0637
2009-03-12,311.4090,311.4090,299.6643,299.6643
2009-03-13,299.6643,326.9536,299.6643,326.9536
2009-03-16,327.8172,330.4079,327.8172,330.4079
2009-03-17,335.4167,342.4981,335.0713,342.4981
2009-03-18,342.4983,343.8800,342.4983,343.8800
2009-03-19,343.8799,343.8799,340.7710,340.7710
2009-03-23,340.7710,347.1615,340.7710,347.1615
2009-03-24,347.5070,367.0240,347.5070,367.0240
2009-03-25,368.0602,368.0602,358.3881,358.3881
2009-03-26,358.8225,384.8871,358.8225,384.8871
2009-03-27,395.8343,395.8343,386.6248,386.6248
2009-03-30,386.6248,386.6248,357.9538,357.9538
2009-03-31,358.6487,358.6487,347.1803,347.1803
2009-04-01,347.1803,369.2484,347.1803,369.2484
2009-04-02,369.2484,403.1324,369.2484,403.1324
2009-04-03,402.2635,416.1646,402.2635,416.1646
2009-04-06,425.7216,425.7216,420.5087,420.5087
2009-04-07,421.7250,421.7250,420.5087,420.5087
2009-04-08,405.5651,405.5651,399.6571,399.6571
2009-04-09,405.7388,430.9346,405.7388,430.9346
2009-04-10,443.9669,449.1798,443.9669,449.1798
2009-04-13,451.0913,451.0913,443.9669,443.9669
2009-04-14,442.2293,443.9669,442.2293,443.9669
2009-04-15,443.9669,443.9669,424.8529,424.8529
2009-04-16,424.8529,424.8529,424.8529,424.8529
2009-04-17,424.8529,450.0486,424.8529,450.0486
2009-04-20,449.0060,461.3432,449.0060,461.3432
2009-04-21,459.9533,459.9533,442.2293,442.2293
2009-04-22,444.8826,444.8826,430.9346,430.9346
2009-04-23,430.0658,438.7540,430.0658,438.7540
2009-04-24,445.7044,445.7044,435.2786,435.2786
2009-04-27,435.2786,441.3604,435.2786,441.3604
2009-04-28,441.3605,441.3605,426.5906,426.5906
2009-04-30,426.5905,439.6228,426.5905,439.6228
2009-05-01,440.6654,448.3110,440.6654,448.3110
2009-05-07,470.9002,478.7196,470.9002,478.7196
2009-05-08,478.7197,478.7197,475.2444,475.2444
2009-05-11,475.4181,475.4181,468.2938,468.2938
2009-05-12,469.7689,469.7689,454.3926,454.3926
2009-05-13,455.6092,455.6092,447.4423,447.4423
2009-05-14,447.4422,447.4422,417.0335,417.0335
2009-05-15,417.2072,446.5733,417.2072,446.5733
2009-05-18,446.5733,446.5733,420.5087,420.5087
2009-05-19,420.5087,434.4098,420.5087,434.4098
2009-05-20,434.4097,435.2786,434.4097,435.2786
2009-05-21,435.2786,435.2786,434.4098,434.4098
2009-05-22,433.5411,433.5411,425.7217,425.7217
2009-05-25,426.7643,433.5410,426.7643,433.5410
2009-05-26,433.5410,433.5410,428.3281,428.3281
2009-05-27,428.3281,430.0657,428.3281,430.0657
2009-05-28,430.4133,430.9346,430.4133,430.9346
2009-05-29,431.9772,433.5410,431.9772,433.5410
2009-06-01,436.5365,448.3110,436.5365,448.3110
2009-06-02,448.4848,467.4250,448.4848,467.4250
2009-06-03,467.4250,467.4250,461.3432,461.3432
2009-06-04,461.3432,461.3432,458.7368,458.7368
2009-06-05,466.7299,468.2938,466.7299,468.2938
2009-06-08,474.8969,474.8969,470.9003,470.9003
2009-06-09,470.9003,470.9003,466.5562,466.5562
2009-06-10,468.4677,469.1628,468.4677,469.1628
2009-06-11,465.6873,468.2937,464.8185,464.8185
2009-06-12,462.2121,466.5562,462.2121,466.5562
2009-06-15,459.6056,461.3433,456.9992,456.9992
2009-06-16,446.5733,446.5733,440.4916,443.0981
2009-06-17,438.7540,443.9669,438.7540,443.9669
2009-06-18,431.8034,431.8034,425.7216,430.0657
2009-06-19,437.0164,439.6228,434.4099,438.7540
2009-06-22,437.0164,442.2293,436.1476,436.1476
2009-06-23,423.9840,429.1969,423.1152,428.3281
2009-06-24,423.9840,430.0657,423.9840,428.3281
2009-06-25,429.1970,442.2293,424.8529,437.0164
2009-06-26,440.4916,442.2292,430.9345,434.4098
2009-06-29,428.3281,445.7045,427.4593,434.4098
2009-06-30,443.9669,446.5734,436.1475,438.7540
2009-07-01,434.4099,443.0981,431.8034,433.5410
2009-07-02,436.1475,437.8851,427.4593,428.3281
2009-07-03,421.3775,424.8527,419.6398,423.9839
2009-07-06,421.3775,423.1151,414.4269,418.7710
2009-07-07,419.6399,421.3775,407.4764,409.2140
2009-07-08,402.2635,404.0012,400.5259,402.2635
2009-07-09,396.1818,400.5259,390.9689,390.9689
2009-07-10,397.0506,400.5259,385.7560,387.4936
2009-07-13,383.1495,392.7065,372.7237,376.1989
2009-07-14,390.1001,404.0012,389.2313,397.0506
2009-07-15,407.4765,408.3453,394.4442,400.5259
2009-07-16,413.5582,413.5582,397.0506,397.0506
2009-07-17,400.5259,400.5259,392.7065,393.5753
2009-07-21,404.8700,405.7388,397.9195,402.2635
2009-07-22,398.7882,402.2635,396.1817,398.7882
2009-07-23,400.5258,410.0829,397.9194,404.8699
2009-07-24,413.5582,415.2958,410.9517,411.8205
2009-07-27,415.2959,419.6399,407.4765,410.9518
2009-07-28,411.8205,412.6894,403.1323,404.0012
2009-07-29,404.8701,409.2142,403.1324,407.4765
2009-07-30,416.1645,437.0162,415.2957,435.2786
2009-07-31,456.1303,465.6873,444.8356,464.8185
2009-08-03,462.2120,467.4250,457.8679,465.6873
2009-08-04,467.4250,472.6380,458.7368,460.4745
2009-08-05,461.3432,469.1626,459.6056,461.3432
2009-08-06,461.3433,472.6379,460.4744,470.0315
2009-08-07,469.1626,470.9003,456.1303,468.2938
2009-08-10,478.7197,488.2767,474.3756,483.0638
2009-08-11,479.5885,483.0638,477.8508,481.3261
2009-08-12,472.6379,476.1132,470.0315,471.7691
2009-08-13,476.9820,476.9820,465.6874,470.0315
2009-08-14,470.0315,475.2444,465.6874,471.7691
2009-08-17,458.7368,458.7368,450.0486,452.6551
2009-08-18,445.7045,454.3927,444.8357,451.7863
2009-08-19,449.1798,450.0486,431.8034,434.4098
2009-08-20,438.7540,439.6228,429.1970,430.9346
2009-08-21,430.9346,430.9346,417.0335,424.8529
2009-08-24,434.4099,439.6228,434.4099,437.8851
2009-08-25,435.2787,439.6228,431.8035,437.0164
2009-08-26,437.8852,443.0981,436.1476,442.2293
2009-08-27,443.0981,443.9669,434.4099,438.7540
2009-08-28,439.6228,448.3110,439.6228,443.0981
2009-08-31,446.5734,453.5240,434.4099,437.0164
2009-09-02,423.9841,427.4594,419.6400,426.5906
2009-09-03,425.7217,428.3281,418.7711,422.2464
2009-09-04,425.7217,426.5905,419.6400,421.3776
2009-09-07,426.5905,433.5411,425.7217,432.6722
2009-09-08,430.9346,434.4099,427.4593,430.9346
2009-09-09,430.0658,430.9346,417.9023,421.3776
2009-09-10,423.9840,431.8033,423.1151,429.1969
2009-09-11,434.4099,438.7540,430.9346,431.8034
2009-09-14,426.5905,428.3282,418.7711,421.3776
2009-09-15,422.2463,424.8528,418.7711,420.5087
2009-09-16,427.4593,436.1475,425.7216,430.0657
2009-09-17,443.0980,443.9669,434.4098,440.4916
2009-09-18,442.2293,455.2616,441.3604,450.0486
2009-09-21,450.0486,450.0486,450.0486,450.0486
2009-09-24,450.0486,466.5561,448.3109,463.9497
2009-09-25,464.3862,469.6236,462.6403,465.2591
2009-09-28,453.9113,466.1320,452.1655,463.5132
2009-09-29,467.0049,469.6236,456.5300,463.5132
2009-09-30,464.3862,467.8778,457.4029,463.5132
2009-10-01,463.5133,463.5133,446.9281,450.4197
2009-10-02,432.9616,434.7074,425.9783,427.7241
2009-10-05,426.8512,427.7242,417.2493,418.9951
2009-10-06,425.1053,432.9615,417.2492,425.1053
2009-10-07,436.4531,441.6905,433.8343,437.3260
2009-10-08,428.5971,434.7074,425.1054,434.7074
2009-10-09,435.5803,446.0552,429.4699,445.1823
2009-10-13,450.4197,453.0384,445.1823,445.1823
2009-10-14,446.0552,446.9281,431.2158,438.1991
2009-10-15,448.6739,455.6571,448.6739,453.9113
2009-10-16,462.6404,467.8778,459.1488,462.6404
2009-10-19,455.6572,466.1321,453.9114,464.3863
2009-10-20,470.4965,473.1152,463.5132,463.5132
2009-10-21,458.2758,466.1319,457.4029,466.1319
2009-10-22,459.1488,462.6404,452.1655,462.6404
2009-10-23,467.0048,473.1152,466.1319,466.1319
2009-10-26,467.8778,480.9714,467.8778,473.9882
2009-10-27,468.7507,474.8611,463.5133,472.2423
2009-10-28,465.2591,472.2423,463.5133,465.2591
2009-10-29,457.4030,478.3527,454.7843,473.1153
2009-10-30,485.3359,494.0649,482.7171,486.2088
2009-11-02,464.3862,466.1320,456.5300,458.2758
2009-11-04,455.6571,460.0216,449.5468,454.7842
2009-11-05,448.6739,451.2926,440.8177,445.1823
2009-11-06,453.9113,459.1488,450.4197,452.1655
2009-11-09,449.5467,457.4028,446.0551,456.5299
2009-11-10,465.2590,467.0048,455.6570,456.5299
2009-11-11,453.0384,456.5301,448.6739,452.1655
2009-11-12,449.5468,458.2759,446.0552,446.0552
2009-11-13,445.1823,449.5468,441.6906,445.1823
2009-11-16,446.0551,449.5468,436.4532,441.6906
2009-11-17,446.9281,448.6739,438.1990,440.8177
2009-11-18,438.1990,442.5636,435.5803,440.8177
2009-11-19,441.6905,441.6905,427.7240,431.2157
2009-11-20,417.2492,424.2324,414.6304,420.7408
2009-11-24,424.2325,425.1054,412.0118,412.8847
2009-11-25,412.8847,423.3596,411.1389,421.6138
2009-11-26,416.3763,423.3596,411.1389,413.7576
2009-11-27,403.2827,405.0285,393.6808,395.4266
2009-11-30,411.1389,412.8847,403.2827,405.9015
2009-12-01,398.9182,413.7576,392.8078,413.7576
2009-12-02,406.7744,416.3763,404.1557,407.6473
2009-12-03,418.9950,433.8344,417.2492,432.0886
2009-12-04,432.9616,439.9449,427.7242,438.1991
2009-12-07,453.0385,457.4030,445.1823,450.4197
2009-12-08,445.1822,453.0384,445.1822,451.2926
2009-12-09,440.8178,446.9281,438.1991,438.1991
2009-12-10,433.8345,442.5636,428.5971,434.7074
2009-12-11,441.6907,451.2927,436.4533,449.5469
2009-12-14,453.0385,456.5301,446.9282,455.6572
2009-12-15,453.9113,454.7842,448.6739,452.1655
2009-12-16,454.7841,456.5299,446.9280,453.0383
2009-12-17,455.6572,457.4030,450.4197,452.1655
2009-12-18,445.1823,449.5468,439.9448,445.1823
2009-12-21,448.6739,453.0385,445.1823,450.4197
2009-12-22,455.6572,464.3862,455.6572,462.6404
2009-12-24,467.8778,470.4965,463.5132,468.7507
2009-12-25,471.3693,471.3693,464.3861,467.0048
2009-12-28,467.8778,476.6069,467.0049,472.2423
2009-12-29,469.6236,473.1152,467.0049,468.7507
2009-12-30,467.8777,471.3694,466.1319,466.1319
2010-01-04,471.3693,479.0509,470.3218,476.7814
2010-01-05,485.5104,485.6850,472.0676,474.6863
2010-01-06,474.6865,481.3206,471.1949,478.8764
2010-01-07,479.9239,482.5427,475.3848,478.8764
2010-01-08,485.3359,490.3987,483.4155,490.3987
2010-01-12,488.1293,510.4757,487.2564,509.0790
2010-01-13,504.3653,528.1084,503.3178,523.3947
2010-01-14,535.0916,539.4561,531.6000,536.8374
2010-01-15,541.2019,551.6768,535.9645,535.9645
2010-01-18,529.8542,541.2020,529.8542,539.4562
2010-01-19,538.5831,539.4560,531.5999,535.0915
2010-01-20,539.4562,543.8207,531.6000,534.2188
2010-01-21,534.2185,560.4057,530.7269,556.0412
2010-01-22,542.0749,552.5497,540.3290,549.0581
2010-01-25,540.3292,554.2957,534.2188,549.9312
2010-01-26,543.8207,547.3123,523.7438,523.7438
2010-01-27,521.4744,521.8235,511.5232,513.2690
2010-01-28,523.7438,546.4394,523.7438,538.5833
2010-01-29,529.8542,535.0917,523.7439,525.4897
2010-02-01,528.1084,538.5833,519.7285,534.2188
2010-02-02,548.1852,556.0414,545.5665,550.8040
2010-02-03,559.5330,564.7704,547.3123,549.0581
2010-02-04,549.9310,551.6768,530.7271,536.8374
2010-02-05,527.2356,544.6937,521.2998,540.3292
2010-02-08,527.2354,544.6935,517.1097,519.0300
2010-02-09,516.7605,524.6167,513.2689,521.1251
2010-02-10,529.8540,535.9644,525.4895,527.2353
2010-02-12,539.4560,542.9476,529.8541,535.0915
2010-02-15,541.2018,544.6935,529.8541,529.8541
2010-02-16,529.8542,533.3458,523.7438,528.9813
2010-02-17,541.2021,545.5666,537.7105,544.6937
2010-02-18,550.8037,555.1683,542.9476,546.4392
2010-02-19,548.1853,554.2957,538.5833,540.3292
2010-02-22,552.5498,562.1517,550.8039,558.6601
2010-02-23,555.1685,557.7872,550.8040,556.9143
2010-02-24,546.4393,546.4393,538.5831,542.9476
2010-02-25,544.6936,545.5665,528.9813,531.6000
2010-02-26,528.1084,535.0916,527.2355,532.4729
2010-03-01,529.8542,535.9645,526.3626,533.3458
2010-03-02,540.3292,546.4395,534.2188,540.3292
2010-03-03,543.8206,553.4225,542.0748,547.3122
2010-03-04,548.1852,555.1685,541.2020,541.2020
2010-03-05,556.0415,561.2790,555.1686,559.5331
2010-03-08,583.9744,585.7202,574.3725,575.2454
2010-03-09,578.7367,583.9741,575.2451,581.3554
2010-03-10,583.9744,592.7034,583.9744,589.2118
2010-03-11,601.4325,606.6699,594.4492,600.5596
2010-03-12,604.0512,604.9241,589.2118,590.0847
2010-03-15,591.8304,593.5762,585.7201,592.7033
2010-03-16,588.3389,597.0680,587.4660,588.3389
2010-03-17,592.7034,601.4325,588.3389,597.9409
2010-03-18,600.5595,607.5428,597.9408,598.8137
2010-03-19,605.7969,618.0176,604.9240,614.5260
2010-03-23,632.8570,636.3486,628.4925,636.3486
2010-03-24,634.6029,635.4758,616.2718,618.8906
2010-03-25,611.9075,624.1282,604.9242,605.7971
2010-03-26,615.3989,623.2551,612.7802,618.8906
2010-03-29,620.2048,626.3367,615.8248,620.2048
2010-03-30,626.3365,635.0964,621.9565,633.3444
2010-03-31,626.3365,635.0965,621.9566,627.2125
2010-04-01,632.4685,633.3445,619.3285,625.4605
2010-04-02,628.0885,628.9645,622.8325,625.4605
2010-04-05,628.9644,634.2204,627.2124,631.5924
2010-04-06,633.3444,634.2204,610.5686,615.8245
2010-04-07,609.6925,617.5764,603.5605,611.4445
2010-04-08,601.8087,604.4367,594.8007,596.5527
2010-04-09,597.4287,602.6847,595.6767,599.1807
2010-04-12,606.1888,608.8168,598.3049,598.3049
2010-04-13,597.4286,598.3046,586.9167,594.8007
2010-04-14,600.9326,605.3126,591.2967,594.8007
2010-04-15,603.5606,603.5606,594.8006,597.4286
2010-04-16,595.6767,595.6767,586.9167,586.9167
2010-04-19,574.6529,582.5369,572.9009,581.6609
2010-04-20,585.1648,593.0487,578.1568,579.9088
2010-04-21,586.0409,588.6689,579.0329,581.6609
2010-04-22,575.5288,577.2807,565.8928,569.3968
2010-04-23,572.0250,578.1570,565.8931,568.5211
2010-04-26,579.0328,582.5368,575.5288,577.2808
2010-04-27,575.5288,596.5527,573.7768,595.6767
2010-04-28,572.0248,579.0328,570.2728,575.5288
2010-04-30,579.0329,581.6609,570.2730,572.9009
2010-05-06,550.1250,558.8850,548.3731,553.6290
2010-05-07,527.3491,543.1170,522.0931,536.1090
2010-05-10,536.9852,541.3651,532.6052,539.6132
2010-05-11,564.1409,565.0169,539.6131,541.3651
2010-05-12,546.6210,547.4970,526.4731,532.6050
2010-05-13,547.4970,558.0090,544.8691,554.5050
2010-05-14,517.7133,525.5972,514.3845,516.8373
2010-05-17,507.7267,507.7267,491.7836,493.5356
2010-05-18,500.7189,504.7485,493.5357,496.5141
2010-05-19,490.5575,512.6326,489.5063,510.0046
2010-05-20,507.0260,514.2092,498.6165,502.1205
2010-05-21,493.3605,511.2307,490.5573,505.2740
2010-05-24,508.0771,511.9315,497.5652,503.1715
2010-05-25,497.5652,497.5652,477.4174,477.9429
2010-05-26,490.0316,491.2580,475.8405,478.4685
2010-05-27,474.7894,489.5061,471.4606,488.4549
2010-05-28,502.4708,504.2228,490.7325,497.2149
2010-05-31,497.3901,501.2445,492.6597,493.3605
2010-06-01,491.4333,492.3093,482.6734,488.4549
2010-06-02,481.4469,487.9293,472.6870,474.9646
2010-06-03,483.1990,488.9806,480.3958,487.2286
2010-06-04,485.6517,491.2580,482.8485,485.4765
2010-06-07,469.8838,470.4094,461.4743,462.3503
2010-06-08,455.5175,461.8247,453.9407,457.0943
2010-06-09,454.2910,455.5175,445.8815,449.3855
2010-06-10,448.1592,448.8600,436.2457,442.2024
2010-06-11,454.1160,458.4960,448.5096,450.4368
2010-06-14,461.6495,466.3799,456.7439,458.6711
2010-06-15,455.5177,461.6496,454.1161,457.9704
2010-06-16,466.3799,467.7814,460.0727,462.3503
2010-06-17,453.5903,455.3423,447.8088,449.2103
2010-06-18,449.7360,453.9407,445.0056,446.5823
2010-06-21,447.8088,459.8975,447.6336,459.1967
2010-06-22,451.1375,453.4151,444.3047,444.3047
2010-06-23,439.7496,442.3776,436.7712,441.6768
2010-06-24,436.4207,443.0783,432.5663,436.7711
2010-06-25,430.9896,432.7416,425.9089,427.8361
2010-06-28,427.6609,429.5881,422.9305,424.8577
2010-06-29,425.9089,434.8440,423.2809,425.7337
2010-06-30,416.9737,417.4993,411.7177,417.4993
2010-07-01,410.8418,412.9441,399.1034,402.2570
2010-07-02,406.6370,409.9657,403.3082,404.7098
2010-07-05,410.4913,412.7689,406.8121,408.2137
2010-07-06,402.6074,414.1706,395.5995,413.6450
2010-07-07,412.7690,413.2946,402.4323,406.6371
2010-07-08,420.1273,426.4344,418.7257,424.5073
2010-07-09,428.0113,432.0409,425.0329,428.3617
2010-07-12,437.1216,449.2103,436.2456,443.6040
2010-07-13,443.7792,447.6335,441.8520,446.0568
2010-07-14,459.0215,459.8975,450.9623,454.1159
2010-07-15,448.6848,449.3856,440.1000,443.2536
2010-07-16,438.1728,440.9760,419.0761,421.1785
2010-07-21,416.0977,417.4993,407.5130,411.1921
2010-07-22,404.8850,421.1785,404.8850,420.1273
2010-07-23,430.1136,440.6256,428.8872,440.2752
2010-07-26,446.4072,447.6336,439.3993,440.1000
2010-07-27,440.2751,447.4583,436.5959,444.8303
2010-07-28,456.0431,459.5471,453.9407,456.9191
2010-07-29,452.3640,460.2480,451.4880,457.4448
2010-07-30,478.8189,480.9213,468.6574,473.9134
2010-08-02,476.5413,488.4548,476.5413,483.8997
2010-08-03,490.0319,491.0830,473.3879,478.1183
2010-08-04,476.7166,476.7166,463.4014,463.7519
2010-08-05,475.3150,475.6654,464.2774,475.6654
2010-08-06,468.1318,482.3229,467.4310,477.9429
2010-08-09,469.5335,475.1399,469.1831,473.0375
2010-08-10,476.3662,477.2422,468.6574,469.7086
2010-08-11,461.6494,463.7518,455.6927,456.5687
2010-08-12,443.0784,449.2103,440.1000,449.2103
2010-08-13,448.5095,457.9702,443.7791,457.7950
2010-08-16,447.1079,447.6335,440.8008,444.1295
2010-08-17,441.1513,445.7064,440.6256,445.3560
2010-08-18,451.3127,452.0135,445.7063,448.3343
2010-08-19,447.8087,456.5686,447.6335,455.8678
2010-08-20,447.1080,450.7871,444.1296,444.6552
2010-08-23,443.7792,443.7792,434.4936,437.8224
2010-08-24,429.0623,429.5879,420.8280,421.5288
2010-08-25,415.5721,423.9817,412.9441,418.0249
2010-08-26,422.9305,424.5073,412.5937,416.2729
2010-08-27,413.4698,429.9385,412.9442,427.3105
2010-08-30,437.8224,439.7496,427.6609,430.6393
2010-08-31,421.8793,423.2809,412.2434,414.8713
2010-09-01,412.2433,417.6745,409.6153,416.0977
2010-09-02,425.5585,428.1864,417.8497,425.2081
2010-09-03,430.2888,435.8952,428.3616,435.3696
2010-09-06,441.3264,443.4288,436.5960,443.2536
2010-09-07,439.9248,446.7576,437.9976,440.4504
2010-09-08,431.6905,434.4937,428.8873,430.6393
2010-09-09,434.3184,436.2456,430.9896,434.8440
2010-09-10,437.9976,445.1808,435.8952,442.3776
2010-09-13,447.2831,450.0863,439.9248,439.9248
2010-09-14,437.9976,442.3775,434.4936,436.9464
2010-09-16,461.9998,464.8029,456.0430,462.7006
2010-09-17,465.3286,470.7598,463.0510,469.1830
2010-09-21,470.2341,471.9861,460.9486,461.9998
2010-09-22,455.5176,461.6495,453.2400,453.4152
2010-09-24,447.8088,463.0511,445.7064,452.8896
2010-09-27,457.2695,460.7735,454.1160,459.3719
2010-09-28,455.4110,460.5161,454.7068,456.4672
2010-09-29,460.5162,467.0296,458.5798,465.6213
2010-09-30,463.1567,465.9734,452.7705,454.3548
2010-10-01,450.8340,452.0662,443.6164,446.7851
2010-10-04,448.1934,457.5234,446.9611,451.5381
2010-10-05,449.6018,461.2203,449.0737,457.6995
2010-10-06,459.2839,463.6848,456.4672,461.9244
2010-10-07,461.9244,463.6848,457.8756,460.8682
2010-10-08,460.8682,468.0858,458.7558,465.2692
2010-10-12,466.8536,467.9098,453.2986,455.2350
2010-10-13,456.6433,461.5724,453.8266,455.7631
2010-10-14,463.6848,470.9024,460.8682,464.7411
2010-10-15,461.2203,462.9806,456.4672,459.9880
2010-10-18,462.9807,469.8462,461.2203,468.0858
2010-10-19,468.2618,476.7116,468.2618,474.9512
2010-10-20,467.2055,471.7825,465.9733,470.9023
2010-10-21,475.3033,486.7457,473.7189,476.5356
2010-10-22,474.9512,482.3449,471.0784,481.2886
2010-10-25,481.2887,482.1689,474.0711,479.5283
2010-10-26,478.6481,493.6113,476.1836,482.6970
2010-10-27,485.8658,489.9147,481.9929,485.3377
2010-10-28,480.7605,484.6333,477.0637,480.0564
2010-10-29,480.7605,484.6333,473.5429,473.5429
2010-11-01,469.6700,475.3033,459.4598,466.6774
2010-11-02,463.1567,463.6848,458.7558,462.4526
2010-11-04,471.7825,473.0148,461.7483,464.9170
2010-11-05,473.7191,482.8730,473.5430,477.2398
2010-11-08,481.8168,485.5136,479.5283,482.5209
2010-11-09,479.7043,484.4574,476.5357,477.9439
2010-11-10,480.4084,484.6333,479.3522,483.9292
2010-11-11,486.5698,487.4500,483.2251,485.6896
2010-11-12,481.2887,484.9855,478.2961,478.4720
2010-11-15,482.3448,491.8509,479.7043,491.1468
2010-11-16,499.9486,504.8777,493.7873,500.1247
2010-11-17,493.2594,508.0466,493.0834,507.3425
2010-11-18,502.0611,518.6087,502.0611,518.4326
2010-11-19,522.3054,523.7137,512.4472,514.3837
2010-11-22,523.3616,523.7137,516.1441,516.1441
2010-11-24,500.1248,509.4548,499.2446,505.4060
2010-11-25,516.6724,517.7286,509.2787,509.4548
2010-11-26,512.9755,516.6723,508.3985,508.5746
2010-11-29,516.1442,524.2420,513.5037,522.8337
2010-11-30,520.7212,526.8825,516.8484,523.0097
2010-12-01,520.7212,530.7554,520.5452,530.7554
2010-12-02,543.9583,543.9583,533.3960,535.1564
2010-12-03,536.0365,538.6771,528.9950,531.6356
2010-12-06,528.9950,533.3959,525.8263,531.6356
2010-12-07,532.5157,532.5157,524.0659,525.2982
2010-12-08,528.9950,535.1564,527.2346,535.1564
2010-12-09,536.0366,537.7969,532.5158,535.1564
2010-12-10,536.0365,536.9166,526.3544,526.8824
2010-12-13,528.1148,530.7554,525.4742,528.9950
2010-12-14,524.7700,527.5866,523.0096,526.0022
2010-12-15,526.5307,530.7556,523.1859,528.1150
2010-12-16,526.0023,528.9950,523.8899,523.8899
2010-12-17,523.3617,526.3544,519.4889,521.7774
2010-12-20,520.5451,523.5377,512.7994,515.7921
2010-12-21,519.3129,529.8752,519.1369,529.8752
2010-12-22,527.7627,528.9950,520.3692,522.8337
2010-12-24,520.1930,525.2981,519.8409,520.8972
2010-12-27,520.1929,524.2418,520.0169,521.0731
2010-12-28,521.6014,522.8337,520.3692,520.5452
2010-12-29,517.5526,521.0733,517.0245,520.3692
2010-12-30,517.9046,519.6650,512.2714,515.2640
2011-01-04,519.6651,525.8264,518.0807,523.5379
2011-01-05,523.5377,525.2981,520.3690,522.1294
2011-01-06,528.1149,530.7554,526.8826,529.8752
2011-01-07,529.8752,532.5158,528.1148,531.6356
2011-01-11,526.3545,535.1564,523.8900,529.8752
2011-01-12,532.5159,535.1565,527.0587,527.5869
2011-01-13,533.3959,533.3959,521.9535,523.8899
2011-01-14,518.6090,522.3058,516.8486,517.7288
2011-01-17,522.3056,523.1858,515.7921,517.0244
2011-01-18,514.9121,522.4817,514.7360,519.4891
2011-01-19,522.8336,523.7138,519.3128,522.4815
2011-01-20,520.7210,522.1293,516.1440,516.8481
2011-01-21,515.4401,515.7922,495.0197,497.6603
2011-01-24,498.7165,504.5258,494.3156,502.2373
2011-01-25,504.5257,518.4327,504.5257,513.8557
2011-01-26,510.8630,510.8630,503.9975,504.3496
2011-01-27,508.3985,513.6796,504.8777,512.9755
2011-01-28,519.3130,523.1859,509.9830,511.9194
2011-01-31,497.1322,500.4769,496.2520,498.0124
2011-02-01,499.0686,500.1248,494.4916,495.5478
2011-02-02,496.7799,506.8141,495.8997,501.0048
2011-02-03,497.6601,510.5109,493.9633,504.7017
2011-02-04,516.6723,520.7212,512.4474,513.8557
2011-02-07,515.7921,516.8483,504.3496,505.5819
2011-02-08,508.7506,511.2151,505.5819,508.5746
2011-02-09,513.1517,514.0319,507.3425,509.1028
2011-02-10,506.8144,509.1029,504.8779,507.3425
2011-02-14,502.4131,514.0316,501.8850,513.6795
2011-02-15,514.0319,516.3204,509.9831,511.7434
2011-02-16,515.7921,525.4742,510.8631,524.7701
2011-02-17,531.6355,538.6771,530.7554,534.2761
2011-02-18,532.5158,533.3960,528.1149,530.7554
2011-02-21,536.0366,542.1979,528.9951,541.3177
2011-02-22,541.3177,546.5988,529.8752,534.2761
2011-02-23,527.4106,535.1563,523.1857,524.0659
2011-02-24,519.3128,521.0732,514.2077,516.1441
2011-02-25,520.5450,523.8897,518.0804,522.3054
2011-02-28,516.1442,527.9387,512.4473,526.8824
2011-03-01,528.9951,531.6356,528.1149,529.8752
2011-03-02,523.0096,526.1783,516.6722,518.4326
2011-03-03,517.5524,521.0732,516.6723,518.2566
2011-03-04,528.9950,529.8752,522.4816,524.2419
2011-03-07,519.4889,520.1931,511.0390,515.0880
2011-03-08,510.5111,513.1517,508.9268,511.9194
2011-03-09,514.0320,514.7361,509.9831,509.9831
2011-03-10,508.2225,508.3985,503.1174,505.2299
2011-03-11,496.4281,502.4133,493.2594,493.9635
2011-03-14,432.3500,458.5797,429.7095,448.8976
2011-03-15,440.0957,440.0957,404.8881,409.1130
2011-03-16,439.7436,454.7068,438.3353,445.0247
2011-03-17,422.4919,446.6091,422.4919,442.7363
2011-03-18,443.2644,452.4184,437.4551,443.4404
2011-03-22,461.0442,466.5014,454.3548,457.6995
2011-03-23,457.6996,459.4599,452.7705,456.9954
2011-03-24,455.9391,457.1714,448.3695,448.8976
2011-03-25,465.2691,469.1420,458.7558,463.6848
2011-03-28,460.8682,460.8682,453.4746,457.6995
2011-03-29,451.0662,465.5711,451.0662,462.2101
2011-03-30,463.9790,471.4083,462.7408,469.9932
2011-03-31,476.5382,476.7151,467.5168,471.2315
2011-04-01,472.6466,479.5452,468.2244,472.6466
2011-04-04,479.7222,482.3755,465.7480,466.9862
2011-04-05,467.8708,468.2246,459.5570,463.8023
2011-04-06,465.3941,466.8092,454.6039,458.3186
2011-04-07,464.1559,464.1559,459.0261,459.0261
2011-04-08,456.7268,463.2717,452.1277,462.3872
2011-04-11,453.7196,456.0192,451.4201,455.6654
2011-04-12,448.9435,449.2973,439.5684,442.5755
2011-04-13,440.4528,444.5212,435.6768,443.1061
2011-04-14,441.6911,444.3444,437.7995,441.1604
2011-04-15,441.3373,442.0448,434.4386,435.3231
2011-04-18,435.5000,435.5000,428.9551,429.3089
2011-04-19,425.2405,431.4316,424.0022,431.0778
2011-04-20,433.3773,436.3844,433.0236,434.7924
2011-04-21,439.5685,446.6440,438.8609,443.6369
2011-04-22,437.7995,443.6369,435.1462,438.1533
2011-04-25,440.8066,441.8679,433.7310,436.3843
2011-04-26,433.3774,434.4388,425.9481,427.1863
2011-04-27,424.5329,429.6627,412.1507,418.5187
2011-04-28,406.8440,409.3204,396.9382,399.7684
2011-05-02,408.6129,411.4431,404.7214,409.6743
2011-05-06,391.9854,403.8369,391.1009,400.1223
2011-05-09,404.8983,410.2049,404.0138,408.4360
2011-05-10,407.0209,412.8582,404.5445,409.6743
2011-05-11,413.3889,416.2191,406.8440,408.0822
2011-05-12,404.8982,407.5516,400.1222,400.4760
2011-05-13,398.8841,400.1223,391.9854,396.4076
2011-05-16,396.4076,401.3605,395.5232,396.4076
2011-05-17,398.8840,404.3676,398.3534,402.4218
2011-05-18,404.7213,405.9595,395.1693,397.1151
2011-05-19,397.9996,401.0067,389.6858,391.6316
2011-05-20,390.0396,395.7000,390.0396,392.8698
2011-05-23,394.1081,394.2849,389.3321,391.1010
2011-05-24,389.1552,402.9525,387.2094,401.5374
2011-05-25,402.7755,402.9524,391.1009,395.5231
2011-05-26,397.1152,397.1152,392.1623,395.8770
2011-05-27,391.4547,393.0467,382.0796,383.3178
2011-05-30,380.3106,381.9026,373.7658,375.3578
2011-05-31,374.6503,383.1409,373.9427,382.6103
2011-06-01,385.6174,387.7401,383.3178,385.6174
2011-06-02,377.6574,381.1952,376.4192,378.8956
2011-06-03,377.1268,380.6645,375.8886,376.5961
2011-06-06,373.0583,375.0041,362.6219,364.7446
2011-06-07,363.6832,364.7446,355.5463,359.2610
2011-06-08,361.9144,364.9215,358.3766,360.4992
2011-06-09,355.1926,358.9072,353.0699,358.3766
2011-06-10,362.2680,363.8600,356.6076,358.0227
2011-06-13,354.1313,357.6691,353.4237,356.7846
2011-06-14,355.5463,356.9614,353.6005,356.2539
2011-06-15,356.6076,362.2680,355.7232,359.9685
2011-06-16,356.7845,358.1997,353.9543,353.9543
2011-06-17,354.8387,355.9001,351.1241,352.0085
2011-06-20,351.8316,352.0085,340.8645,342.4565
2011-06-21,343.1640,345.2867,338.0343,343.1640
2011-06-22,348.2939,358.1996,347.9401,355.9001
2011-06-23,353.9544,363.8601,353.9544,358.7303
2011-06-24,363.5062,368.9898,362.2680,367.3978
2011-06-27,364.7445,365.0983,359.0841,359.6147
2011-06-28,365.8059,365.9828,359.6148,360.4992
2011-06-29,365.8058,367.3978,361.2067,363.5063
2011-06-30,370.4049,377.6574,367.2209,374.4734
2011-07-01,376.5961,378.3650,374.4734,375.8885
2011-07-04,381.9027,381.9027,376.2423,377.1267
2011-07-05,376.9498,384.2022,376.2422,383.4947
2011-07-06,384.7329,387.9169,381.5489,387.9169
2011-07-07,386.5018,391.9854,385.0867,388.4476
2011-07-08,393.4005,393.7543,390.2165,390.3934
2011-07-11,388.0938,391.6316,387.7401,389.6859
2011-07-12,380.4875,382.6102,377.8342,377.8342
2011-07-13,373.2351,381.5489,373.2351,380.1338
2011-07-14,375.0041,380.1339,373.7659,376.2423
2011-07-15,376.0654,381.3720,375.0040,378.7187
2011-07-19,374.2965,375.3579,368.9899,369.3437
2011-07-20,373.4121,374.4734,368.2823,370.2281
2011-07-21,371.4662,371.9969,366.6902,367.3978
2011-07-22,370.4050,373.7659,368.4592,371.4663
2011-07-25,367.0441,367.5748,362.7988,363.3295
2011-07-26,364.2138,366.6903,363.5063,365.2752
2011-07-27,362.7987,363.6832,358.3765,360.1454
2011-07-28,354.1312,356.9614,353.9543,356.0770
2011-07-29,352.1854,352.3623,344.4023,344.4023
2011-08-01,346.7019,352.0086,345.2868,346.7019
2011-08-02,345.6405,351.1241,344.0485,349.0014
2011-08-03,343.8716,344.5792,339.2725,340.1570
2011-08-04,339.6264,344.5793,336.2655,340.5108
2011-08-05,322.9987,325.4752,322.1143,323.3525
2011-08-08,317.8689,318.0458,307.2556,311.1472
2011-08-09,299.8264,308.1401,295.4042,307.6095
2011-08-10,301.5952,302.1259,301.5952,301.5952
2011-08-11,292.0433,295.7579,288.3286,294.3428
2011-08-12,294.3428,294.3428,290.0974,290.0974
2011-08-15,295.4041,300.7108,293.6352,299.6494
2011-08-16,305.1330,306.9019,298.9419,300.7108
2011-08-17,296.8192,299.4725,292.7508,298.4112
2011-08-18,291.8665,291.8665,291.8665,291.8665
2011-08-19,282.6681,284.4370,279.8379,281.9606
2011-08-22,277.7152,283.3757,277.0077,279.1303
2011-08-23,282.4912,283.0219,274.1775,282.3144
2011-08-24,283.7296,284.6140,273.4700,274.0007
2011-08-25,278.7766,282.8450,275.9463,279.6610
2011-08-26,281.2531,282.6682,278.5997,281.6068
2011-08-29,281.6068,293.1046,281.6068,290.4512
2011-08-30,296.8192,304.2486,296.4655,300.6122
2011-08-31,297.1730,298.9419,293.4583,294.6966
2011-09-01,296.6424,303.0104,296.6424,300.5339
2011-09-02,293.2815,293.2815,284.9678,287.7095
2011-09-05,280.3686,281.9606,274.8850,276.6539
2011-09-06,271.3472,275.4157,268.5170,271.3472
2011-09-07,277.1846,279.3072,275.2388,277.5383
2011-09-08,283.0219,283.7295,273.1161,275.5926
2011-09-09,274.3544,280.3686,273.2930,276.3001
2011-09-12,266.7481,268.3401,265.8637,266.7481
2011-09-13,265.8638,266.3945,261.7954,265.3331
2011-09-14,267.9863,276.3001,263.0335,265.5099
2011-09-15,272.4086,273.2931,266.5713,267.6326
2011-09-16,272.4088,279.4843,270.8168,278.0692
2011-09-20,272.4087,273.6469,266.7482,267.8095
2011-09-21,267.9864,270.6398,264.9793,267.2789
2011-09-22,263.7410,263.9179,260.3801,262.5028
2011-09-26,261.4414,261.4414,251.3588,251.7126
2011-09-27,257.0193,260.9109,254.8967,260.9109
2011-09-28,264.9249,270.0985,264.5681,268.1361
2011-09-29,266.8873,270.2769,262.6056,270.2769
2011-09-30,269.9201,274.2017,266.3520,268.8496
2011-10-03,258.8592,259.9295,252.0799,256.7183
2011-10-04,249.5824,256.0048,244.4088,254.9344
2011-10-05,256.1833,257.6104,249.0472,250.4744
2011-10-06,256.8968,262.6056,255.6480,262.2488
2011-10-07,258.6809,259.7513,251.9016,252.4368
2011-10-11,265.8168,267.2440,262.7840,266.8872
2011-10-12,266.3521,272.5961,264.3897,270.6337
2011-10-13,273.8449,281.8729,273.1313,278.6617
2011-10-14,278.6616,281.3376,273.1312,273.1312
2011-10-17,283.6569,287.0465,282.4081,286.6897
2011-10-18,276.6994,283.6570,275.4506,283.3002
2011-10-19,283.4785,286.8681,278.3049,279.9105
2011-10-20,276.8777,278.3050,272.2393,275.4505
2011-10-21,274.7369,284.1921,273.4881,277.5913
2011-10-24,278.1265,280.6241,271.5257,274.0233
2011-10-25,280.4457,282.4081,275.6289,276.6993
2011-10-26,274.7369,281.1593,271.7041,279.1969
2011-10-27,277.2345,296.1450,277.2345,294.3610
2011-10-28,304.8866,304.8866,295.2530,304.8866
2011-10-31,301.4970,309.8818,297.0370,300.0698
2011-11-01,293.4691,295.2531,281.1594,281.1594
2011-11-02,275.4505,275.6289,270.0985,271.1689
2011-11-04,258.6808,258.6808,247.2632,249.7608
2011-11-07,248.6904,251.7233,247.2633,250.2961
2011-11-08,249.4040,249.7608,238.5216,240.1272
2011-11-09,242.9816,248.1552,241.3760,247.4416
2011-11-10,236.7376,237.8080,233.7048,235.8456
2011-11-11,236.5592,245.8360,236.2023,241.5544
2011-11-14,246.5496,248.8688,244.4088,244.9440
2011-11-15,239.5920,244.0520,237.9864,241.3760
2011-11-16,239.0568,241.1976,232.9912,233.3480
2011-11-17,230.4936,237.9864,230.1368,235.8456
2011-11-18,230.6720,234.2400,230.3152,232.4560
2011-11-21,230.1368,231.2072,225.6768,225.8551
2011-11-22,223.8928,235.4888,223.5360,232.8128
2011-11-24,226.5688,238.7000,225.6768,237.4512
2011-11-25,235.4887,243.8736,234.2399,237.6295
2011-11-28,243.6952,247.9768,241.9112,243.1600
2011-11-29,246.9064,248.3336,244.7656,248.3336
2011-11-30,243.6952,244.7656,239.4136,244.7656
2011-12-01,253.1505,253.6857,251.0097,251.3665
2011-12-02,251.5448,251.7232,247.6200,248.8688
2011-12-05,251.9016,252.9720,248.8688,249.2256
2011-12-06,249.2256,250.8312,244.5872,244.5872
2011-12-07,247.0848,259.9296,246.5496,259.0376
2011-12-08,254.7560,261.7136,254.2208,259.2160
2011-12-09,251.5448,255.1128,249.9392,250.6528
2011-12-12,256.0048,257.2536,253.6856,253.8640
2011-12-13,248.8687,249.4040,245.4791,247.2632
2011-12-14,244.7656,245.4792,242.4464,243.5168
2011-12-15,239.4136,245.1224,238.7000,239.9488
2011-12-16,240.8408,243.6952,239.5920,242.6248
2011-12-19,239.5920,239.9488,233.8832,235.3104
2011-12-20,233.8831,237.8079,232.6343,234.7751
2011-12-21,239.5919,243.5168,239.2352,242.8032
2011-12-22,244.9440,247.9768,242.4464,244.7656
2011-12-26,248.5120,249.5824,245.4792,248.6904
2011-12-27,248.6904,252.4368,246.7280,247.4416
2011-12-28,244.5872,247.2632,241.5544,241.5544
2011-12-29,240.1272,242.2680,237.2728,241.7328
2011-12-30,243.1600,246.5496,242.8032,246.5496
2012-01-04,251.5448,252.0800,249.4040,250.4744
2012-01-05,247.0848,247.9768,244.0520,244.9440
2012-01-06,241.7328,242.9816,237.8080,239.9488
2012-01-10,243.1600,244.4088,238.7000,239.7704
2012-01-11,241.1976,242.8033,239.7704,240.8408
2012-01-12,239.4136,241.0192,233.8832,235.3104
2012-01-13,235.8456,238.5216,234.9536,236.7376
2012-01-16,232.8128,233.1696,230.3152,231.3856
2012-01-17,232.0992,232.8128,229.0664,230.6720
2012-01-18,227.6392,234.4184,226.0336,232.6344
2012-01-19,233.8832,238.5216,233.7048,236.5592
2012-01-20,240.8408,244.7656,239.4136,243.8736
2012-01-23,243.5168,256.7184,243.1600,253.6856
2012-01-24,253.3288,253.8640,246.7280,247.6200
2012-01-25,253.1504,260.6433,251.1881,259.3945
2012-01-26,260.4648,261.8920,253.3288,255.8264
2012-01-27,251.3665,254.0425,250.6529,252.2585
2012-01-30,249.5824,252.0800,247.0848,247.6200
2012-01-31,246.1928,248.8688,242.8032,248.1552
2012-02-01,242.6248,245.8360,241.3760,243.3384
2012-02-02,238.3432,245.6576,235.6672,236.9160
2012-02-03,241.9112,257.9673,240.3056,256.0049
2012-02-06,261.3568,268.8496,261.3568,266.1736
2012-02-07,262.7841,271.8825,262.4273,269.9201
2012-02-08,270.2768,275.4505,267.6008,275.0937
2012-02-09,274.5585,276.1641,271.3473,275.4505
2012-02-10,277.0561,277.7697,272.5961,274.0233
2012-02-13,270.2769,273.6665,269.3849,269.7417
2012-02-14,265.8168,267.0656,262.0704,265.8168
2012-02-15,269.2065,281.5162,268.6713,280.9810
2012-02-16,280.0890,287.9386,278.6618,283.4786
2012-02-17,292.5770,293.4690,287.7602,289.5442
2012-02-20,296.1449,302.3890,294.3609,299.8914
2012-02-21,299.8913,301.4969,293.6473,295.6096
2012-02-22,294.0042,300.4266,289.9010,300.0698
2012-02-23,301.1402,302.9242,296.5018,301.4970
2012-02-24,303.1026,310.9522,302.5674,310.4170
2012-02-27,324.6891,325.0459,313.8067,313.9851
2012-02-28,308.2762,317.0178,306.8490,316.3042
2012-02-29,318.9802,320.5857,308.8113,309.8817
2012-03-01,312.5578,318.4450,307.5625,310.5954
2012-03-02,313.2714,315.5906,307.5626,312.0226
2012-03-05,309.3466,310.2386,300.2482,301.6754
2012-03-06,301.4969,306.4921,296.8585,299.3561
2012-03-07,289.3657,296.5018,289.0089,292.2202
2012-03-08,296.5017,297.9290,292.5769,294.0042
2012-03-09,300.2481,308.9897,297.2153,306.4921
2012-03-12,313.6282,314.6986,305.2433,305.9569
2012-03-13,307.7410,308.6330,303.2810,303.6378
2012-03-14,313.9850,320.7642,313.0930,319.3370
2012-03-15,322.7267,326.4731,317.5531,325.0459
2012-03-16,321.2995,326.8299,319.5155,326.8299
2012-03-19,326.2946,326.2946,322.1914,323.6186
2012-03-21,315.4122,318.8018,308.8114,309.1682
2012-03-22,303.8162,312.9146,303.4594,309.3466
2012-03-23,302.2105,302.7458,298.2857,299.7130
2012-03-26,300.9618,305.9570,297.3938,301.4970
2012-03-27,308.6329,310.9522,305.0649,310.7737
2012-03-28,316.4341,320.7466,313.5590,318.5903
2012-03-29,313.5590,315.3559,309.6059,313.7387
2012-03-30,311.5824,311.7621,304.5745,306.1917
2012-04-02,309.9651,314.4574,308.1682,308.5276
2012-04-03,305.4729,307.2698,302.4182,306.7307
2012-04-04,306.9104,306.9104,296.8477,297.7462
2012-04-05,291.0978,301.8792,290.0197,299.7230
2012-04-06,294.8713,299.5432,292.3556,293.6134
2012-04-09,287.5041,297.9261,284.8087,295.4104
2012-04-10,292.7150,296.1291,284.0899,284.9883
2012-04-11,265.9412,273.6678,264.6833,272.2303
2012-04-12,269.1756,276.0038,267.3787,274.5663
2012-04-13,274.5663,275.4648,259.1130,259.4724
2012-04-16,254.0816,262.7068,253.3629,256.9567
2012-04-17,253.5425,256.2379,249.4097,251.0269
2012-04-18,255.1597,256.9566,248.5112,249.4096
2012-04-19,246.8940,248.5113,244.9175,247.2534
2012-04-20,247.9722,249.4097,244.1987,244.9175
2012-04-23,246.1753,247.4331,242.5815,243.1206
2012-04-24,241.5033,242.0424,238.2689,238.9877
2012-04-25,242.9408,243.4799,237.1907,237.7298
2012-04-26,239.1674,242.0424,237.7299,238.4486
2012-04-27,238.9876,241.3236,234.4954,236.4720
2012-05-01,232.8782,233.0579,226.4094,227.3078
2012-05-02,230.0031,230.9016,228.2062,228.2062
2012-05-07,220.1202,221.7374,217.9640,217.9640
2012-05-08,220.1202,220.4796,216.8858,218.6827
2012-05-09,217.2452,224.6125,216.7061,220.6593
2012-05-10,219.0421,220.2999,216.1671,217.9640
2012-05-11,219.0421,223.1749,199.4559,203.9481
2012-05-14,204.3075,207.9013,197.6590,207.3623
2012-05-15,211.6748,211.8545,200.5340,202.6903
2012-05-16,201.2527,204.3075,199.0965,200.8934
2012-05-17,199.4559,209.6982,196.5808,208.6201
2012-05-18,199.9949,202.5105,196.4011,197.6589
2012-05-21,197.6590,200.8934,193.5261,199.0965
2012-05-22,201.2528,205.5653,199.4559,201.0731
2012-05-23,201.4325,202.8700,196.2215,196.9402
2012-05-24,196.2214,200.3543,193.8854,198.5574
2012-05-25,196.9402,198.1981,187.7761,189.5730
2012-05-28,189.9323,191.3698,184.9010,188.3151
2012-05-29,186.8776,193.1667,186.8776,192.6276
2012-05-30,191.0105,192.0886,187.0573,189.0339
2012-05-31,183.8229,190.1120,182.3853,188.6745
2012-06-01,185.2604,185.6198,181.1275,182.0260
2012-06-04,177.8931,180.5884,177.8931,178.9712
2012-06-05,180.2290,185.4400,179.6900,184.9010
2012-06-06,186.8776,191.1902,181.1275,188.8542
2012-06-07,188.8542,188.8542,188.8542,188.8542
2012-06-08,189.7526,190.2917,181.6666,182.3853
2012-06-11,186.8776,190.6511,185.0807,188.1354
2012-06-12,183.2838,187.5963,182.3853,184.1822
2012-06-13,185.0807,186.8776,182.7447,183.4634
2012-06-14,183.2838,188.1354,182.9244,186.1588
2012-06-15,187.0572,187.5963,183.6431,184.9010
2012-06-18,192.9870,194.7839,191.9089,192.6276
2012-06-19,191.3698,195.6824,190.1120,191.5495
2012-06-20,195.3230,199.0965,194.9636,198.1980
2012-06-21,201.6122,203.0497,197.6590,197.8387
2012-06-22,200.8934,209.3389,199.8153,208.9795
2012-06-25,210.9560,212.3935,203.4090,203.9481
2012-06-26,201.0731,202.5106,195.8621,198.0184
2012-06-27,198.0184,198.7371,192.6277,196.2215
2012-06-28,199.0965,199.9949,196.0417,197.1199
2012-06-29,195.1433,203.4090,192.6276,201.7918
2012-07-02,205.2059,206.8231,200.1746,200.7137
2012-07-03,200.7136,204.8465,200.1746,201.9715
2012-07-04,203.2294,203.9482,196.7606,196.9402
2012-07-05,195.6824,200.3544,195.5027,197.4793
2012-07-06,196.9402,200.1747,194.7840,196.7606
2012-07-09,193.5261,194.4246,190.8308,192.6111
2012-07-10,191.3698,192.8073,187.7760,189.9257
2012-07-11,185.2604,185.9791,181.3072,183.1041
2012-07-12,184.1822,184.9010,178.9712,180.9478
2012-07-13,179.1509,182.2056,178.6118,179.3306
2012-07-17,178.7915,179.1509,172.6820,175.1708
2012-07-18,173.4008,175.5571,172.1430,173.1123
2012-07-19,174.4790,178.9712,174.4790,176.6689
2012-07-20,176.6353,176.8149,171.4242,173.0415
2012-07-23,168.9086,169.2680,164.7757,165.1351
2012-07-24,164.2367,166.3929,162.9788,165.1351
2012-07-25,163.5179,163.6976,155.0725,156.3303
2012-07-26,159.0256,165.6741,157.2287,162.9450
2012-07-27,168.3695,170.1664,165.8539,170.1664
2012-07-30,172.8617,173.9399,166.2132,169.0882
2012-07-31,168.0102,173.7603,165.8539,172.5024
2012-08-01,170.8851,171.7836,167.1117,169.0882
2012-08-02,171.0648,177.8931,170.7055,174.8658
2012-08-03,160.8225,162.9788,157.5881,160.4632
2012-08-06,163.5179,164.0570,158.1272,161.0843
2012-08-07,161.3616,162.9788,159.2053,161.3821
2012-08-08,164.9554,171.6039,162.9788,164.8271
2012-08-09,162.9788,168.7289,162.9788,165.8857
2012-08-10,165.3148,175.0180,164.9554,169.0882
2012-08-13,172.5024,176.0962,169.8071,170.9735
2012-08-14,170.7055,171.2446,163.3382,166.0336
2012-08-15,164.0570,164.0570,159.0256,161.1435
2012-08-16,160.4631,166.5726,160.2834,166.3929
2012-08-17,168.0101,170.3461,166.2132,169.8070
2012-08-20,171.2445,173.0414,168.9086,169.9867
2012-08-21,171.2446,172.3227,167.1117,168.8922
2012-08-22,169.6274,170.5258,166.2132,167.8305
2012-08-23,166.3929,167.8304,164.7757,166.9320
2012-08-24,165.1351,165.6741,164.0569,164.9554
2012-08-27,167.1117,168.5492,164.4163,165.1351
2012-08-28,165.1351,165.1351,161.1819,162.2601
2012-08-29,162.4397,168.3695,161.7210,165.8539
2012-08-30,165.3148,165.8539,161.3616,162.7991
2012-08-31,161.1819,162.2601,158.3069,158.3069
2012-09-03,158.6662,160.6428,154.8927,157.4084
2012-09-04,158.3069,161.1819,156.5100,159.9241
2012-09-05,158.1271,159.0256,154.5333,155.0724
2012-09-06,155.7912,156.3303,152.5568,154.5334
2012-09-07,160.1038,163.1585,158.1272,163.1585
2012-09-10,163.3382,167.2914,161.3616,165.4945
2012-09-11,162.9788,166.0335,162.7991,164.9554
2012-09-12,165.3148,167.6508,165.3148,167.1117
2012-09-13,168.3695,172.1430,167.2914,170.7055
2012-09-14,173.5805,178.4322,172.8618,176.6353
2012-09-18,184.9010,186.1588,182.2057,184.5416
2012-09-19,185.6198,190.2917,182.2057,189.5730
2012-09-20,184.7213,186.5182,180.2291,180.9478
2012-09-21,178.6118,180.4087,177.5337,178.9712
2012-09-24,176.2759,176.4556,173.2211,173.7602
2012-09-25,172.5024,175.1977,171.7836,174.1196
2012-09-26,171.1160,171.4801,167.8393,168.3854
2012-09-27,167.4752,170.7519,166.9290,169.1135
2012-09-28,172.9363,173.3004,166.0189,167.2932
2012-10-01,166.0189,168.9315,165.1087,166.9291
2012-10-02,168.7495,172.3902,168.2033,168.9315
2012-10-03,168.7494,170.5698,167.8392,169.1135
2012-10-04,168.5675,171.4801,164.9267,167.8393
2012-10-05,167.2932,172.9364,167.2932,172.5723
2012-10-09,170.7519,172.0261,166.2009,166.3829
2012-10-10,164.0165,164.3806,162.1961,163.2883
2012-10-11,162.0140,164.5626,160.3757,161.8320
2012-10-12,161.8320,166.5650,161.6500,165.2908
2012-10-15,162.9242,166.9291,161.1039,166.5650
2012-10-16,168.2033,171.4800,167.6572,170.5698
2012-10-17,173.1184,175.8489,172.2082,174.0285
2012-10-18,176.3951,179.6718,176.0310,178.9436
2012-10-19,176.2130,179.8538,176.0310,178.9436
2012-10-22,174.3926,178.9436,174.2106,178.2154
2012-10-23,180.5819,181.6742,176.3951,178.2154
2012-10-24,175.4849,178.2154,175.1208,176.3951
2012-10-25,173.8465,174.5747,171.1159,174.3926
2012-10-26,174.3926,176.2130,171.8441,172.2081
2012-10-29,172.2082,173.3005,170.0238,171.1160
2012-10-30,171.1160,174.7567,168.7495,168.9315
2012-10-31,170.9340,174.5747,170.7519,173.6646
2012-11-01,167.4752,168.5674,164.7446,166.5650
2012-11-02,172.3902,174.7567,169.1136,170.0237
2012-11-05,167.2932,167.2932,165.1087,166.2009
2012-11-06,164.1985,164.3806,162.0141,163.2883
2012-11-07,163.8344,166.7470,163.1063,166.3829
2012-11-08,162.9243,164.5626,161.2859,161.4679
2012-11-09,159.1014,160.5577,157.8271,160.0116
2012-11-12,157.6451,158.3733,155.6427,155.8247
2012-11-13,155.2787,157.2811,154.9146,156.7350
2012-11-14,157.2810,160.1937,156.9170,158.3733
2012-11-15,143.8102,144.9024,140.5335,144.3563
2012-11-16,147.0869,149.4534,146.1767,149.0893
2012-11-19,151.8200,151.8200,148.3612,149.6355
2012-11-20,150.7277,150.9097,147.8151,148.5432
2012-11-21,150.1816,150.9097,148.1791,149.0893
2012-11-22,151.0918,152.0020,150.5457,151.8199
2012-11-26,151.4559,151.8200,148.5433,148.9073
2012-11-27,149.0893,149.6355,146.5408,148.3612
2012-11-28,146.9048,147.6330,145.9946,146.1767
2012-11-29,146.7228,147.4510,145.0845,146.1767
2012-11-30,146.9049,147.2690,145.4486,145.8127
2012-12-03,145.8126,146.5408,144.9024,145.0845
2012-12-04,144.5384,144.7204,143.2641,144.3563
2012-12-05,143.9922,145.2665,142.9000,143.6282
2012-12-06,145.0845,148.9073,144.7204,148.5432
2012-12-07,149.4534,151.2738,149.2714,150.5456
2012-12-10,151.8199,153.8223,148.7252,149.2714
2012-12-11,149.4534,149.6355,145.9947,147.0869
2012-12-12,148.3612,152.1840,147.0869,151.6379
2012-12-13,155.4607,162.7422,154.9146,161.2859
2012-12-14,161.1039,165.1087,159.1014,164.9267
2012-12-17,168.9315,169.8417,166.0189,167.2932
2012-12-18,168.2034,169.2956,166.0189,167.1111
2012-12-19,169.2956,170.7519,168.5674,170.3878
2012-12-20,169.2956,170.2058,166.7471,167.6573
2012-12-21,169.6597,170.5698,164.1985,164.9267
2012-12-25,168.7495,168.7495,164.5626,165.1087
2012-12-26,167.2931,172.2081,166.0188,171.6620
2012-12-27,173.8465,173.8465,169.2956,171.4800
2012-12-28,172.9363,177.4873,171.8441,174.3926
2013-01-04,179.8537,179.8537,175.3028,176.2130
2013-01-07,178.3974,178.7615,173.4824,174.2106
2013-01-08,172.9364,175.6670,170.5699,171.1160
2013-01-09,168.5674,171.1160,167.1111,170.3878
2013-01-10,172.3902,176.9411,171.6620,176.2130
2013-01-11,178.7616,179.6718,177.4873,178.9436
2013-01-15,182.0382,183.4945,179.8538,181.1280
2013-01-16,181.3101,181.4921,176.2130,176.3951
2013-01-17,180.3999,186.9533,178.5795,186.4072
2013-01-18,194.4169,209.7081,192.5965,209.1620
2013-01-21,212.0746,225.1813,207.1596,216.0794
2013-01-22,218.4459,223.1789,211.1644,216.9896
2013-01-23,211.1643,218.0818,210.0721,212.4386
2013-01-24,210.2542,219.1740,206.0673,216.4435
2013-01-25,226.6376,235.9216,225.9095,234.8294
2013-01-28,245.5696,256.6739,240.1084,256.1278
2013-01-29,249.3923,258.3122,248.1180,252.1229
2013-01-30,250.3027,253.7614,247.2080,251.7590
2013-01-31,248.6643,250.3026,242.2929,247.9361
2013-02-01,250.3026,251.7589,244.4774,246.6619
2013-02-04,259.4045,271.7831,258.6763,265.2297
2013-02-05,258.6763,270.6908,257.0380,263.4093
2013-02-06,273.0573,273.6034,267.5962,269.5986
2013-02-07,270.8730,282.3414,269.7807,276.5161
2013-02-08,258.3123,266.5040,246.6619,248.4822
2013-02-12,256.1278,259.7686,249.9385,251.3948
2013-02-13,245.9337,247.2080,234.4653,237.3779
2013-02-14,239.3803,246.4798,238.2881,243.5672
2013-02-15,237.5599,240.6546,230.2784,239.0162
2013-02-18,246.6618,248.6642,239.9264,241.9288
2013-02-19,239.0162,246.2978,236.1036,245.9337
2013-02-20,250.3026,251.3949,246.2978,246.6619
2013-02-21,248.3002,250.3026,241.5648,242.2930
2013-02-22,238.1061,239.1983,233.0090,235.9216
2013-02-25,242.1108,244.2953,239.7443,243.9312
2013-02-26,234.2832,239.5624,233.5551,234.8294
2013-02-27,235.1934,238.6522,233.5551,235.1934
2013-02-28,240.2905,245.5696,239.1982,243.5672
2013-03-01,244.8414,255.3997,242.6570,253.0332
2013-03-04,257.5841,264.3196,257.4021,261.7710
2013-03-05,264.5016,266.6860,257.0380,259.4045
2013-03-06,263.9555,266.6861,261.5890,266.1400
2013-03-07,268.1423,269.9627,263.9554,264.1375
2013-03-08,266.8681,269.0525,265.7758,266.5040
2013-03-11,270.3267,275.9699,269.9627,274.5136
2013-03-12,277.4263,282.1593,268.6885,269.0526
2013-03-13,269.4167,275.0599,268.8705,273.0574
2013-03-14,273.9676,274.6957,270.1448,273.6035
2013-03-15,282.1594,307.6447,280.8851,303.6399
2013-03-18,296.9044,299.0888,282.1593,283.0695
2013-03-19,293.0815,306.1883,292.1714,302.3655
2013-03-21,309.4650,315.8364,305.4602,307.6447
2013-03-22,298.1786,309.1009,297.4504,302.1834
2013-03-25,308.3728,314.7441,302.5476,311.6495
2013-03-26,306.1883,307.2806,302.1835,303.2757
2013-03-27,305.5684,310.1538,305.0182,307.2191
2013-03-28,305.0181,305.5683,291.0786,298.0483
2013-03-29,299.8825,304.8347,295.8474,301.1664
2013-04-01,298.9655,299.6992,286.6768,288.3275
2013-04-02,279.8904,292.3626,276.2221,285.9431
2013-04-03,294.0133,296.0309,284.8426,287.9607
2013-04-04,280.6240,289.2445,274.5714,288.5109
2013-04-05,302.6338,302.6338,289.4279,289.7948
2013-04-08,298.5986,307.0357,296.2142,306.3020
2013-04-09,311.4376,311.6210,299.1489,301.3499
2013-04-10,301.5332,307.2191,300.9830,304.1010
2013-04-11,308.5031,310.3372,305.0182,309.0533
2013-04-12,309.7869,310.1538,301.3499,304.2845
2013-04-15,297.1313,307.9527,297.1313,304.1010
2013-04-16,295.2972,295.4806,285.3928,291.6289
2013-04-17,298.0484,301.1664,296.3977,298.2318
2013-04-18,296.0309,297.8650,292.7294,292.7294
2013-04-19,294.9303,298.5986,292.3625,297.6815
2013-04-22,303.5508,303.9176,298.0484,299.6991
2013-04-23,298.0483,299.3322,294.5634,298.0483
2013-04-24,300.6162,301.1665,296.5811,298.9655
2013-04-25,299.8826,300.2494,297.1314,298.4153
2013-04-26,311.0709,313.6387,298.5987,299.1489
2013-04-30,297.8650,298.0484,293.4630,295.8474
2013-05-01,293.4630,294.5635,289.7948,290.3450
2013-05-02,287.7772,300.4328,287.0436,298.4153
2013-05-07,311.2542,320.4250,309.0533,317.4904
2013-05-08,315.8396,329.5957,315.4728,324.2767
2013-05-09,327.3948,329.5957,318.2240,319.8748
2013-05-10,330.1459,335.2815,319.3245,327.7615
2013-05-13,334.3645,350.1382,333.0806,340.2338
2013-05-14,348.6708,353.4395,344.0854,344.2688
2013-05-15,390.6727,393.6074,376.7332,380.0347
2013-05-16,380.2181,385.1702,369.2132,381.8688
2013-05-17,374.1654,381.1352,366.4620,375.2659
2013-05-20,384.4366,399.8434,381.8688,396.5419
2013-05-21,390.3058,402.5946,384.6200,396.7253
2013-05-22,421.8532,442.5790,419.2854,420.0190
2013-05-23,427.3556,434.6922,388.2883,395.9917
2013-05-24,405.8962,416.3508,375.0825,393.9742
2013-05-27,380.0345,388.2882,367.9292,369.2131
2013-05-28,365.1781,384.2532,364.0776,381.1352
2013-05-29,392.5068,393.4239,376.1829,378.9341
2013-05-30,368.8464,374.7156,366.4620,368.1127
2013-05-31,381.5020,389.3888,374.8991,375.8162
2013-06-03,368.8464,370.6806,350.8718,355.4572
2013-06-04,348.4874,369.2132,340.0503,368.4796
2013-06-05,364.6279,365.9118,349.2210,349.9547
2013-06-06,336.9323,352.8893,335.8318,342.8015
2013-06-07,333.8142,349.2210,331.9800,340.0502
2013-06-10,357.6582,363.8943,350.5050,363.1606
2013-06-11,363.1605,382.4190,360.5927,371.0473
2013-06-12,360.4093,373.9820,357.6581,366.8288
2013-06-13,358.0249,362.7936,351.2385,353.9897
2013-06-14,362.4269,365.3615,351.9722,352.7059
2013-06-17,348.6708,359.3088,344.2688,357.6581
2013-06-18,359.8591,375.8161,358.9420,373.4318
2013-06-19,376.9166,378.3839,364.2610,369.5800
2013-06-20,367.7458,375.9994,364.8111,369.2131
2013-06-21,357.1078,369.2132,353.2561,367.1956
2013-06-24,369.3966,369.9468,358.5751,360.5927
2013-06-25,363.1605,366.8288,357.1078,361.8766
2013-06-26,366.8288,374.1653,365.5449,367.0122
2013-06-27,370.6805,374.1654,364.2610,373.2483
2013-06-28,375.9996,384.8035,375.4493,381.1352
2013-07-01,384.9868,392.1400,383.3361,391.2229
2013-07-02,397.8258,400.9439,394.7078,400.9439
2013-07-03,400.3937,401.4941,396.1751,397.2756
2013-07-04,396.3585,402.4112,395.9917,400.0268
2013-07-05,401.8609,403.1448,400.3936,402.5945
2013-07-08,403.6951,408.6473,394.1576,394.7078
2013-07-09,399.2931,405.7126,399.1097,404.0619
2013-07-10,403.8785,404.9790,397.8258,401.1273
2013-07-11,397.4590,403.1448,396.9087,401.3107
2013-07-12,400.9439,402.7781,398.9264,399.6600
2013-07-16,402.7781,406.9966,400.9439,402.4112
2013-07-17,400.0269,403.6951,398.9264,402.4112
2013-07-18,403.5117,403.6951,400.5771,402.4112
2013-07-19,406.2629,408.8307,396.5419,401.3107
2013-07-22,408.8307,410.2980,400.7605,406.9966
2013-07-23,408.2805,422.4034,407.9136,420.9360
2013-07-24,423.8707,426.0717,418.3683,420.0190
2013-07-25,421.8531,421.8531,401.8610,404.7956
2013-07-26,397.2756,399.2932,389.3888,391.2229
2013-07-29,385.1701,385.3536,375.9994,377.2833
2013-07-30,381.1352,392.5069,380.2181,388.2883
2013-07-31,387.3712,390.8561,378.9342,379.3010
2013-08-01,379.3010,385.9039,367.5624,385.9039
2013-08-02,397.4589,401.4940,386.6375,389.3887
2013-08-05,389.7556,400.3937,389.3888,391.9566
2013-08-06,387.1878,387.3712,368.8464,373.9820
2013-08-07,367.9293,368.2961,357.4746,358.0249
2013-08-08,356.3742,364.0776,352.1556,353.4395
2013-08-09,358.3918,362.0601,354.5401,356.3742
2013-08-12,356.3741,358.5751,353.2561,354.3566
2013-08-13,358.5752,361.6932,357.6581,360.7761
2013-08-14,366.0952,366.8288,359.4923,366.8288
2013-08-15,362.0600,364.6278,360.0424,360.9595
2013-08-16,355.0903,362.6103,353.6230,360.0425
2013-08-19,358.5752,362.2435,357.1079,362.2435
2013-08-20,358.5751,359.6756,352.8893,353.4395
2013-08-21,355.2737,358.2083,351.0551,355.2737
2013-08-22,351.6054,351.9722,346.4698,349.5878
2013-08-23,358.2083,364.4444,357.4746,360.5927
2013-08-26,363.7107,366.8287,362.2434,363.3439
2013-08-27,363.8942,378.7508,363.3440,373.6151
2013-08-28,362.0600,364.0776,357.6581,360.7761
2013-08-29,364.8113,364.8113,359.4923,361.1430
2013-08-30,364.0776,366.0951,360.2259,361.6932
2013-09-02,361.6933,363.5274,359.1255,363.1606
2013-09-03,367.9293,374.7156,367.7459,374.1654
2013-09-04,373.7985,379.6678,370.1302,377.6502
2013-09-05,382.0523,384.0699,378.0172,380.7684
2013-09-06,385.7205,391.2229,381.1351,382.7859
2013-09-09,393.2404,393.2404,382.6024,383.5195
2013-09-10,392.6902,394.1575,391.2228,391.5897
2013-09-11,395.8083,396.1751,388.2883,390.4893
2013-09-12,389.5722,393.9742,383.7030,385.7205
2013-09-13,385.3537,387.7381,380.7684,384.4366
2013-09-17,389.7556,392.6903,386.4542,387.9215
2013-09-18,392.1400,394.1575,389.5722,391.2229
2013-09-19,392.5069,392.8737,387.1879,390.1225
2013-09-20,391.7732,393.2405,390.3058,391.0395
2013-09-24,386.2708,387.7381,379.6679,384.6201
2013-09-25,382.6024,384.4366,381.6853,382.9692
2013-09-26,385.0913,387.6746,377.1570,387.6746
2013-09-27,388.4126,390.4424,386.0139,388.5972
2013-09-30,382.1390,391.5494,380.6628,387.1210
2013-10-01,388.4126,388.5972,384.3532,384.7223
2013-10-02,386.0138,388.5971,378.2640,379.9247
2013-10-03,379.9247,381.4009,374.9427,378.8176
2013-10-04,374.5736,375.1272,368.1155,372.1749
2013-10-07,370.3297,372.5439,364.6097,365.3477
2013-10-08,359.4431,359.6276,352.0623,354.8301
2013-10-09,350.7707,355.9373,344.3126,355.9373
2013-10-10,355.9372,355.9372,347.8184,350.4017
2013-10-11,353.1695,356.4908,352.4314,354.0921
2013-10-15,360.7347,363.3180,356.6753,357.5979
2013-10-16,357.5979,358.5205,354.8301,356.8598
2013-10-17,359.8122,361.1038,356.1218,357.5979
2013-10-18,359.6276,359.6276,354.0920,356.1217
2013-10-21,354.4611,355.9372,353.7230,354.4611
2013-10-22,356.8598,358.8895,355.7527,357.0443
2013-10-23,358.3360,358.8895,349.8481,349.8481
2013-10-24,354.2766,354.2766,341.7293,345.4197
2013-10-25,344.1280,345.0506,341.3602,341.5447
2013-10-28,347.0803,356.4907,347.0803,352.4313
2013-10-29,349.2945,351.6933,348.1874,349.1100
2013-10-30,351.8778,353.5385,348.0029,352.4313
2013-10-31,352.4314,352.6159,345.6042,346.3422
2013-11-01,314.6049,318.1108,302.6112,307.7777
2013-11-05,304.4563,309.2538,299.4743,307.9622
2013-11-06,304.8255,313.6824,304.4564,311.6526
2013-11-07,311.6527,314.6050,307.7778,312.5753
2013-11-08,306.3016,307.4087,302.2422,304.2719
2013-11-11,304.4564,305.5635,300.3970,302.7957
2013-11-12,302.4267,316.4502,301.6887,313.6824
2013-11-13,317.5573,327.5213,314.6049,322.1702
2013-11-14,326.9678,331.3963,324.7536,329.5511
2013-11-15,342.2828,344.3125,338.9614,340.6221
2013-11-18,343.0209,345.4197,339.1460,343.5745
2013-11-19,345.9732,348.0029,341.5448,348.0029
2013-11-20,345.7886,346.8958,343.7590,344.6815
2013-11-21,342.8364,350.2171,341.9138,349.4790
2013-11-22,349.4790,350.5862,344.4970,345.9732
2013-11-25,345.2352,348.1875,343.7590,347.0804
2013-11-26,343.5745,343.9435,339.8841,340.9912
2013-11-27,338.5924,347.2648,337.1162,344.8660
2013-11-28,349.6636,351.1398,342.4674,344.1281
2013-11-29,344.4970,344.8661,340.4376,344.4970
2013-12-02,347.0804,351.6934,345.0507,350.2172
2013-12-03,352.8004,355.7527,351.6933,352.4313
2013-12-04,348.5565,350.0327,340.0687,340.4377
2013-12-05,339.6995,343.3899,335.8246,336.5627
2013-12-06,335.8246,340.0686,333.6104,339.1460
2013-12-09,343.7590,344.4971,341.9138,343.5745
2013-12-10,340.8067,341.7293,336.5628,336.9318
2013-12-11,336.1937,339.6996,334.1640,336.3782
2013-12-12,332.3188,336.0092,330.1046,335.4556
2013-12-13,334.7175,338.0389,332.5033,334.5330
2013-12-16,333.0569,333.9795,329.7355,331.0272
2013-12-17,331.2117,331.7652,324.7535,327.5213
2013-12-18,325.8607,329.9202,325.8607,328.4440
2013-12-19,332.6878,337.4853,331.9497,335.8246
2013-12-20,336.3782,338.4079,335.4556,337.1163
2013-12-24,338.5924,340.2531,331.5807,332.8723
2013-12-25,332.1342,333.4259,328.9974,330.6581
2013-12-26,332.1343,332.3188,328.8129,331.5807
2013-12-27,333.0569,333.6105,327.5213,329.3665
2013-12-30,333.4259,338.5925,331.2117,336.9318
2014-01-06,334.9021,337.6699,329.7356,332.5034
2014-01-07,335.8247,335.8247,330.6581,332.1343
2014-01-08,331.9498,337.1163,329.9201,336.7473
2014-01-09,350.2171,354.2765,345.0506,349.4790
2014-01-10,345.0506,347.4493,338.0388,338.5924
2014-01-14,331.2118,332.8724,327.7059,330.8427
2014-01-15,335.6401,335.8247,331.5807,333.6104
2014-01-16,335.4556,340.8066,331.5807,332.8723
2014-01-17,330.1047,330.6582,326.2298,328.4440
2014-01-20,329.1820,330.6581,325.1225,326.0451
2014-01-21,325.6760,329.3664,325.6760,326.7832
2014-01-22,324.1999,324.9380,320.8786,324.0154
2014-01-23,331.3962,332.1342,325.3070,325.4915
2014-01-24,320.8786,329.5510,319.2179,325.3071
2014-01-27,314.6049,317.0036,313.8668,315.7120
2014-01-28,309.0693,315.1585,303.3492,307.2242
2014-01-29,311.8372,312.5752,309.2539,311.8372
2014-01-30,309.0694,309.0694,302.6112,304.6410
2014-01-31,305.3790,307.2242,296.8911,300.0279
2014-02-03,295.7840,299.1053,290.8020,291.7246
2014-02-04,280.4689,286.7426,279.3618,282.3141
2014-02-05,300.7660,304.4564,289.5104,295.2305
2014-02-06,295.7841,300.2125,291.7246,299.6589
2014-02-07,309.9920,314.9740,304.6409,312.0217
2014-02-10,315.7121,320.5096,311.4681,314.0514
2014-02-12,320.1405,326.2296,318.2953,325.6761
2014-02-13,324.9380,325.3070,315.8965,319.0334
2014-02-14,321.4322,325.6761,308.5159,314.2360
2014-02-17,317.7418,318.2954,309.6230,317.0037
2014-02-18,317.3729,329.1821,317.3729,328.4440
2014-02-19,324.5689,325.1225,318.8489,322.5392
2014-02-20,322.7238,324.3845,320.5096,321.2477
2014-02-21,323.8309,328.2594,322.5393,325.8607
2014-02-24,325.4916,331.2117,323.4619,327.5213
2014-02-25,328.4439,329.3665,324.3845,325.8607
2014-02-26,325.6761,330.2891,324.3844,325.4915
2014-02-27,325.4915,327.7058,321.9857,324.1999
2014-02-28,329.3666,331.5808,324.0156,328.4440
2014-03-03,320.6941,325.1225,317.3727,324.7535
2014-03-04,319.7715,324.1999,317.9263,322.1702
2014-03-05,326.9677,331.0272,325.4916,328.9975
2014-03-06,329.9201,339.8841,329.7356,336.7473
2014-03-07,341.7292,343.7590,338.9615,340.2531
2014-03-10,343.2054,347.8183,341.1756,343.9434
2014-03-11,343.0209,347.8184,342.6518,344.4970
2014-03-12,339.3305,343.0209,338.7770,339.5150
2014-03-13,339.6996,343.9435,338.7770,339.3305
2014-03-14,328.8129,331.0271,324.3845,324.9380
2014-03-17,321.6167,322.5393,314.4204,318.8489
2014-03-18,323.6464,324.0155,316.2656,317.3728
2014-03-19,320.3251,324.0155,316.0811,319.4025
2014-03-20,325.6761,329.1819,320.5095,324.1999
2014-03-24,334.9020,336.5627,331.5807,331.7652
2014-03-25,330.2890,340.4376,326.9677,338.9614
2014-03-26,341.7293,345.7887,341.5448,345.2351
2014-03-27,341.4271,351.0866,335.2970,349.4148
2014-03-28,346.2568,353.8730,345.5138,352.3869
2014-03-31,356.6594,368.7338,356.4736,366.3189
2014-04-01,370.2198,377.0929,368.9195,373.5635
2014-04-02,374.8638,376.9072,369.2910,369.6625
2014-04-03,373.1920,373.3778,369.8483,369.8483
2014-04-04,367.8049,373.3777,367.4334,370.4055
2014-04-07,367.4334,371.5202,364.2755,369.2910
2014-04-08,364.6470,368.3622,360.7461,364.2755
2014-04-09,358.1455,361.6749,348.4860,352.0154
2014-04-10,358.5170,359.0742,347.1856,349.0432
2014-04-11,342.5416,351.4581,340.8698,348.4859
2014-04-14,344.9565,351.8296,341.9843,347.3713
2014-04-15,350.9008,352.3869,347.9286,349.0432
2014-04-16,351.4582,357.2167,349.6006,357.2167
2014-04-17,357.0309,358.3312,352.2012,354.4303
2014-04-18,356.6594,359.2600,355.1733,358.8885
2014-04-21,358.7027,362.9752,358.5170,358.8885
2014-04-22,361.3034,363.5325,352.3869,352.7584
2014-04-23,357.2167,358.3313,353.8730,356.4737
2014-04-24,357.5881,358.5169,341.9843,345.3280
2014-04-25,342.7273,346.9998,338.8264,341.0555
2014-04-28,338.0834,339.1979,333.0679,337.1546
2014-04-30,340.8697,342.1701,331.9532,332.8820
2014-05-01,331.5818,337.5261,331.3960,336.2258
2014-05-02,323.7798,335.6684,320.9934,334.3681
2014-05-07,336.2257,336.7830,326.5662,326.9377
2014-05-08,328.9811,330.2814,327.3092,328.0523
2014-05-09,328.7954,331.9533,327.4951,327.6808
2014-05-12,328.4238,329.5383,325.4516,325.8231
2014-05-13,331.2102,334.5539,329.7241,331.7675
2014-05-14,333.9966,336.4115,330.6529,335.2969
2014-05-15,315.6064,316.9067,307.9903,314.8634
2014-05-16,306.1326,306.8756,301.6743,305.7611
2014-05-19,306.6900,306.8757,299.6311,302.2317
2014-05-20,303.7177,304.2750,300.9313,301.8601
2014-05-21,299.8168,300.7456,294.9870,299.8168
2014-05-22,304.0892,306.3183,302.4174,305.5753
2014-05-23,303.9035,305.7612,296.2874,303.1605
2014-05-26,306.6899,316.9067,306.5041,312.6342
2014-05-27,310.7766,317.0924,310.7766,313.0057
2014-05-28,311.8912,312.0770,305.7611,307.2472
2014-05-29,305.7611,306.1326,301.8601,303.9035
2014-05-30,305.0181,306.5042,302.0460,302.2317
2014-06-02,305.2038,310.9624,304.6466,307.2472
2014-06-03,309.1048,309.8479,304.4608,305.2039
2014-06-04,307.4329,309.1047,305.9468,308.5475
2014-06-05,309.1048,311.8912,306.6899,307.6187
2014-06-06,307.0615,308.5475,303.9035,305.2039
2014-06-09,308.3617,310.9623,307.0614,307.9902
2014-06-10,308.9189,310.2193,304.8322,305.9468
2014-06-11,305.9469,306.5042,301.4887,303.7178
2014-06-12,302.9747,304.6466,301.3029,304.4608
2014-06-13,301.8601,306.1326,301.8601,305.5753
2014-06-16,307.2472,310.7766,304.8323,306.1326
2014-06-17,306.3184,306.6900,303.3463,304.0893
2014-06-18,304.6466,306.1326,303.9035,305.3896
2014-06-19,307.8044,320.6219,307.4329,316.7209
2014-06-20,317.0925,318.5786,314.3061,316.5352
2014-06-23,320.8077,322.8511,315.0492,318.5786
2014-06-24,316.1637,318.3928,314.3061,317.2783
2014-06-25,314.8634,318.9501,314.3061,316.3495
2014-06-26,317.4640,318.3928,315.0491,316.3495
2014-06-27,314.1203,315.4207,309.8479,311.8912
2014-06-30,314.6776,315.4206,311.1481,312.4485
2014-07-01,315.2348,319.5073,313.9345,316.7209
2014-07-02,321.5507,322.4795,318.7643,319.6931
2014-07-03,317.6498,318.0213,313.9346,315.0491
2014-07-04,319.8789,320.8077,318.9501,319.5074
2014-07-07,319.3216,322.6653,318.3928,321.3650
2014-07-08,318.3928,320.2504,316.7210,319.1359
2014-07-09,315.4206,315.9779,313.9345,315.2349
2014-07-10,314.3061,315.9779,313.5630,313.5630
2014-07-11,311.7054,312.4485,309.2905,310.9624
2014-07-14,311.8912,312.6342,310.4051,312.2627
2014-07-15,312.6343,313.1916,310.5909,311.1482
2014-07-16,311.8911,312.8199,310.0335,312.0769
2014-07-17,314.8634,317.6498,313.0058,313.5630
2014-07-18,312.0769,312.4484,309.4762,312.0769
2014-07-22,312.4484,314.5847,312.0769,312.3556
2014-07-23,313.9347,316.3495,313.0059,315.6994
2014-07-24,317.9283,328.1451,316.9067,323.6869
2014-07-25,327.4950,333.4393,327.4021,332.7892
2014-07-28,333.2536,337.8976,332.5105,334.0895
2014-07-29,333.5323,336.1329,330.1886,331.3960
2014-07-30,330.1886,333.7180,330.0957,332.6964
2014-07-31,333.9968,335.2971,328.8884,329.1670
2014-08-01,349.2290,350.5293,340.4983,344.5850
2014-08-04,341.0555,348.9503,340.1267,346.6283
2014-08-05,345.5137,347.5571,342.6345,343.4704
2014-08-06,341.4270,341.5199,334.3681,336.5972
2014-08-07,337.3403,337.7118,328.1451,331.8603
2014-08-08,329.8170,331.3031,321.5507,324.2442
2014-08-11,330.0957,330.6530,326.1019,327.5880
2014-08-12,329.1669,332.0461,328.7953,329.6313
2014-08-13,330.5600,339.7551,330.4671,337.2474
2014-08-14,339.7552,344.9565,339.3837,340.8698
2014-08-15,345.5138,349.8792,345.3280,348.1144
2014-08-18,350.5293,352.4798,348.3002,348.6717
2014-08-19,352.5726,355.7305,351.2723,355.4519
2014-08-20,358.8885,361.0247,357.4024,359.8173
2014-08-21,361.7677,363.4395,358.8884,362.6036
2014-08-22,365.0186,366.9691,361.8607,363.0681
2014-08-25,365.2044,368.6409,364.8328,366.3189
2014-08-26,366.3189,367.8050,362.9752,363.3468
2014-08-27,362.2322,366.4118,361.6749,363.4396
2014-08-28,363.2539,367.2477,362.3251,365.2043
2014-08-29,364.6470,371.5201,364.3684,369.6625
2014-09-01,368.1765,375.2354,367.8050,374.3995
2014-09-02,376.8143,378.5790,373.7493,375.0496
2014-09-03,380.4367,386.9383,379.5079,385.0807
2014-09-04,384.5234,385.8237,381.0868,381.9228
2014-09-05,384.0590,384.3376,372.6347,374.4923
2014-09-08,376.2571,377.6503,371.9846,374.7710
2014-09-09,377.8360,381.6441,376.5357,379.3221
2014-09-10,379.3220,382.2941,378.3932,380.5294
2014-09-11,384.5234,393.4399,384.1519,390.9321
2014-09-12,400.2201,402.9136,393.6256,395.1117
2014-09-16,395.1117,403.6567,393.9043,401.7991
2014-09-17,400.4988,401.6133,393.8114,394.4615
2014-09-18,346.5354,363.2538,342.5416,360.3745
2014-09-19,360.4674,362.6037,352.9442,356.8451
2014-09-22,356.8452,358.8885,350.1578,352.2940
2014-09-24,349.2290,350.4364,346.7212,348.1144
2014-09-25,350.6221,355.4519,349.4147,353.1299
2014-09-26,349.3219,353.2228,349.3219,352.7584
2014-09-29,357.5882,365.6687,355.5448,363.9040
2014-09-30,363.3467,371.3344,361.4891,369.8483
2014-10-01,367.9907,373.1920,365.2043,365.6687
2014-10-02,359.4457,363.1609,352.9441,353.7801
2014-10-03,353.5015,357.5882,347.7429,352.0154
2014-10-06,358.8885,362.6037,353.5014,359.8173
2014-10-07,359.4458,361.2105,354.2445,355.3591
2014-10-08,348.2073,357.4953,347.8358,355.7306
2014-10-09,355.7306,357.5882,349.2290,349.6934
2014-10-10,343.6561,352.4798,343.2846,349.6005
2014-10-14,341.7986,344.5850,333.2536,338.4549
2014-10-15,340.1267,348.9503,338.7335,343.5632
2014-10-16,335.1111,338.3619,331.0244,332.4176
2014-10-17,337.3403,342.3558,333.8108,335.2969
2014-10-20,343.1918,349.7863,340.1267,348.3002
2014-10-21,348.1144,349.6005,342.2630,343.0989
2014-10-22,346.4426,355.3591,343.1918,354.6160
2014-10-23,352.6655,355.8234,349.4147,353.2228
2014-10-24,358.5170,359.0743,349.1361,350.4364
2014-10-27,354.5231,355.8234,349.3218,349.8791
2014-10-28,348.6716,354.8017,347.7428,352.6655
2014-10-29,354.8017,372.2632,354.2444,371.7988
2014-10-30,370.9629,381.7370,366.0403,381.7370
2014-10-31,377.0930,391.0250,374.3066,384.8949
2014-11-04,423.3472,430.9634,421.3038,427.4339
2014-11-05,422.9757,429.4773,418.8890,429.0129
2014-11-06,426.7838,428.3627,413.8734,414.4307
2014-11-07,423.7188,427.1554,416.7528,419.4463
2014-11-10,418.3317,435.4217,417.4029,435.4217
2014-11-11,436.5362,441.5518,434.2142,437.2793
2014-11-12,441.1802,444.5239,438.6724,439.4155
2014-11-13,439.8799,441.5517,435.3288,436.5362
2014-11-14,443.0378,446.1028,438.8582,446.1028
2014-11-17,446.7530,447.4961,431.8922,432.6353
2014-11-18,446.7530,461.6138,444.7096,460.4064
2014-11-19,464.4002,467.1866,449.9109,453.5333
2014-11-20,456.0410,456.5983,445.8242,447.7747
2014-11-21,451.3969,456.3195,440.9015,452.0471
2014-11-25,470.9019,479.9112,467.5582,479.7255
2014-11-26,472.7594,477.3105,469.5086,473.4095
2014-11-27,467.4652,469.5085,464.0286,464.4001
2014-11-28,466.2578,482.9762,465.7934,482.9762
2014-12-01,487.6202,498.3943,481.1186,490.4066
2014-12-02,482.9762,488.3632,477.8678,487.3416
2014-12-03,490.5923,492.4499,479.4467,482.2331
2014-12-04,488.5490,493.4717,482.6047,490.9639
2014-12-05,491.7069,500.9020,491.6140,497.2797
2014-12-08,498.8587,499.3231,480.4684,481.1186
2014-12-09,473.6882,474.6170,459.3847,461.7996
2014-12-10,461.2422,467.4652,456.1338,465.1432
2014-12-11,451.3970,462.5426,443.9666,457.7129
2014-12-12,455.1122,459.7562,448.7964,453.3475
2014-12-15,447.6818,448.7964,435.9789,437.0935
2014-12-16,432.0780,440.9945,430.1275,433.0068
2014-12-17,431.1492,441.5517,430.0346,439.3226
2014-12-18,448.6106,462.3568,445.2669,460.4064
2014-12-19,466.8151,468.4869,445.8242,454.4620
2014-12-22,454.9264,460.5921,453.8119,458.8274
2014-12-24,469.6015,477.6821,467.0009,477.1248
2014-12-25,475.5458,476.6604,472.4808,474.9885
2014-12-26,475.9174,479.0752,469.9730,473.7811
2014-12-29,475.5458,476.8461,468.3012,475.7316
2014-12-30,472.7594,473.5024,459.2918,459.2918
2015-01-05,459.1061,460.4993,447.4032,458.5488
2015-01-06,445.6384,458.0843,445.2669,453.1617
2015-01-07,450.0038,481.2114,449.7251,474.1526
2015-01-08,475.6386,485.4840,469.5086,476.4746
2015-01-09,480.0040,488.3632,478.5180,482.7904
2015-01-13,468.4869,468.9513,461.2423,468.1154
2015-01-14,464.4001,474.9884,451.3969,452.0471
2015-01-15,455.7623,466.4435,455.5765,464.4001
2015-01-16,450.6540,452.7902,436.8148,442.8520
2015-01-19,450.4682,454.8336,446.1957,453.9048
2015-01-20,451.3970,458.1772,445.3598,457.4342
2015-01-21,458.8274,483.2549,458.2701,482.5118
2015-01-22,480.9328,493.3788,478.5180,484.9267
2015-01-23,492.2642,509.6328,486.6914,508.4254
2015-01-26,501.1805,514.5553,499.5087,511.6760
2015-01-27,515.8559,525.3296,505.0817,510.6545
2015-01-28,507.1250,531.2739,503.4098,524.5865
2015-01-29,515.4844,526.9087,509.4472,515.4844
2015-01-30,520.1283,525.5153,514.6484,515.2985
2015-02-02,503.9670,510.4686,497.0010,501.2735
2015-02-03,510.8402,513.4409,499.4160,501.0878
2015-02-04,511.5835,518.4566,506.0107,514.3699
2015-02-05,564.7107,607.2497,556.7230,576.1349
2015-02-06,576.5993,594.0607,570.1906,583.0081
2015-02-09,575.8564,580.3146,563.8748,569.1690
2015-02-10,571.2123,575.1133,562.0171,570.9337
2015-02-12,585.1442,603.5344,584.7727,600.2836
2015-02-13,600.9338,604.6490,594.0606,598.2402
2015-02-16,607.0638,609.6645,583.8438,584.0295
2015-02-17,586.0730,586.5374,576.7850,580.5002
2015-02-18,588.3024,601.3056,583.4726,589.6956
2015-02-19,612.8225,613.0083,598.3332,599.4478
2015-02-20,603.7203,604.2775,588.0235,594.6180
2015-02-23,600.9338,603.5344,591.0885,595.4539
2015-02-24,598.0546,608.7358,595.6397,608.5500
2015-02-25,611.8937,614.7730,602.1413,609.2931
2015-02-26,604.0918,622.2963,603.3487,621.6461
2015-02-27,620.4386,634.2778,616.0733,634.2778
2015-03-02,629.7267,631.2128,618.2096,621.4604
2015-03-03,623.2253,628.5195,612.2654,621.3677
2015-03-04,617.6523,621.6462,608.3643,617.6523
2015-03-05,614.4015,621.4604,612.8226,621.1818
2015-03-06,622.4822,623.4110,617.0952,619.8816
2015-03-09,617.6523,617.8381,608.3643,609.9433
2015-03-10,611.6150,614.2156,596.2898,602.7914
2015-03-11,594.4325,612.2655,590.9031,604.9280
2015-03-12,604.9277,610.1290,595.0824,606.0422
2015-03-13,600.0051,604.8348,594.4323,598.7047
2015-03-16,594.2464,594.2464,574.6487,576.2277
2015-03-17,577.9924,601.8626,564.8034,600.9338
2015-03-18,603.7202,634.0920,603.6274,633.4418
2015-03-19,625.6400,633.3490,611.7079,628.0549
2015-03-20,633.4418,633.9991,622.5749,624.0610
2015-03-23,629.8197,640.8725,619.5101,621.3677
2015-03-24,614.3086,622.0176,605.9493,614.2156
2015-03-25,620.0670,620.2527,602.9771,607.9926
2015-03-26,594.2464,595.7325,586.8160,587.9306
2015-03-27,594.1538,603.7205,586.4448,593.7823
2015-03-30,588.8594,602.3270,580.6859,596.3826
2015-03-31,609.9434,610.9650,591.3673,592.5748
2015-04-01,595.1752,606.6923,593.5034,600.9338
2015-04-02,605.2064,627.6833,600.6553,619.6957
2015-04-03,623.3180,643.1943,621.0889,640.8723
2015-04-06,635.7639,652.3894,634.3707,646.9095
2015-04-07,659.4482,662.2346,644.5874,648.3026
2015-04-08,657.5905,666.8785,651.4605,654.8041
2015-04-09,659.4482,673.1016,654.8042,672.3586
2015-04-10,675.2379,687.3123,667.9933,683.1327
2015-04-13,683.0399,693.9068,675.4237,681.7396
2015-04-14,679.5104,696.6003,673.9376,696.6003
2015-04-15,692.1420,703.5663,691.0275,702.0802
2015-04-16,704.9594,710.9966,682.4825,685.8262
2015-04-17,677.0956,677.7458,658.9840,660.4700
2015-04-20,659.4482,678.3028,655.7330,671.7084
2015-04-21,674.3093,685.0833,667.4361,683.6901
2015-04-22,682.9471,695.5788,678.5817,682.7614
2015-04-23,705.8882,705.8882,665.2068,671.7084
2015-04-24,683.1327,701.9873,675.0521,694.5569
2015-04-27,690.0987,695.5786,675.7022,692.6993
2015-04-28,692.6992,693.1636,681.4608,685.6404
2015-04-30,679.6032,690.0058,672.6372,677.0026
2015-05-01,670.2224,675.5166,659.5412,674.0305
2015-05-07,670.5012,671.5228,648.3028,670.5012
2015-05-08,670.4081,679.2317,665.9499,673.0087
2015-05-11,680.9964,695.8572,678.9531,692.3278
2015-05-12,701.6160,713.8761,692.8852,712.0185
2015-05-13,703.1020,727.1580,697.7150,720.9350
2015-05-14,712.8544,722.2352,707.5602,708.8605
2015-05-15,715.2691,723.7212,714.2474,722.9781
2015-05-18,727.0649,730.7801,719.9131,724.4642
2015-05-19,726.6935,737.4675,721.3064,735.0527
2015-05-20,735.0527,737.4675,723.8142,725.6718
2015-05-21,725.5788,730.4086,715.1762,715.8264
2015-05-22,707.8388,714.7119,698.8294,713.6902
2015-05-25,718.7987,733.2880,716.1052,729.9443
2015-05-26,729.9441,731.1516,719.1700,725.9503
2015-05-27,718.7058,723.0712,709.9751,711.1826
2015-05-28,717.0339,723.9999,710.5323,712.7615
2015-05-29,716.2908,718.7057,712.7614,717.4054
2015-06-01,709.6033,712.2040,701.8014,710.0677
2015-06-02,714.2474,716.6623,704.9594,707.0956
2015-06-03,704.4953,707.5603,695.5788,697.4364
2015-06-04,699.9441,708.0246,696.2289,700.8729
2015-06-05,693.4424,696.7861,687.8696,693.5353
2015-06-08,699.9440,700.6871,682.1111,686.1978
2015-06-09,678.4887,681.0894,668.9221,670.0367
2015-06-10,670.5939,690.6559,669.4793,678.5815
2015-06-11,689.1700,703.8450,687.9625,698.3651
2015-06-12,705.8883,705.8883,696.7861,703.3806
2015-06-15,694.1855,710.1608,691.3991,708.7676
2015-06-16,704.2165,705.9812,696.6932,698.6437
2015-06-17,700.5942,703.1019,681.9253,687.0337
2015-06-18,686.3834,691.6775,680.8106,683.4112
2015-06-19,688.6127,693.6282,679.3247,679.3247
2015-06-22,682.1110,702.9161,681.3680,693.2567
2015-06-23,701.8944,710.9038,697.8077,710.9038
2015-06-24,712.8542,714.6189,705.1452,709.6034
2015-06-25,709.6035,724.8358,707.9317,720.7491
2015-06-26,719.7276,725.3932,714.3405,720.4706
2015-06-29,693.0710,708.5820,693.0710,700.8729
2015-06-30,696.0430,696.6003,637.1571,643.0085
2015-07-01,650.1604,661.6776,643.4731,644.9592
2015-07-02,654.0614,657.0335,647.5598,652.8539
2015-07-03,650.1603,652.6681,645.1448,650.8105
2015-07-06,641.8011,644.5875,628.7979,635.7639
2015-07-07,643.1943,654.7114,640.8723,641.1509
2015-07-08,639.9434,647.6525,617.0950,617.0950
2015-07-09,600.7480,632.5130,599.6335,631.3056
2015-07-10,632.5132,646.0736,630.1912,635.2996
2015-07-13,650.1603,667.3431,649.5101,655.0829
2015-07-14,661.1200,664.7424,637.5285,647.3738
2015-07-15,650.1602,651.3676,639.3862,641.3366
2015-07-16,638.0858,645.5162,636.2282,645.5162
2015-07-17,647.3738,654.9900,644.0301,652.9466
2015-07-21,651.6463,664.8353,646.4450,664.8353
2015-07-22,651.8320,663.9993,651.6462,655.8258
2015-07-23,662.9776,680.3462,661.3987,679.9747
2015-07-24,678.8602,690.8417,672.4515,686.2906
2015-07-27,676.3525,687.4981,672.8231,674.6807
2015-07-28,661.3059,674.6806,652.9467,668.7363
2015-07-29,678.0242,682.1110,666.9715,679.8818
2015-07-30,681.7395,684.8045,661.9561,665.9499
2015-07-31,665.0212,668.5506,647.7455,656.2904
2015-08-03,659.4484,662.2348,641.4296,643.8445
2015-08-04,639.0147,651.7393,628.0549,634.9280
2015-08-05,639.9434,642.4512,618.8597,623.2250
2015-08-06,634.1850,638.9219,618.8598,620.0672
2015-08-07,617.6523,626.1043,613.2869,621.9247
2015-08-10,618.5811,623.8753,613.5656,623.7824
2015-08-11,634.3708,648.4885,633.0704,641.7083
2015-08-12,644.1232,644.1232,615.8876,620.9960
2015-08-13,618.5809,631.0269,618.1165,625.3611
2015-08-14,624.1537,629.7265,624.1537,625.3611
2015-08-17,629.7266,630.0053,613.5655,617.2807
2015-08-18,618.2095,629.5408,617.3736,625.2684
2015-08-19,622.4820,632.8845,618.1166,618.8596
2015-08-20,613.8441,616.9091,600.0049,600.0049
2015-08-21,573.9985,587.7448,568.5186,573.9985
2015-08-24,557.2803,561.9243,522.7289,528.2089
2015-08-25,507.1250,561.0883,503.9670,526.5369
2015-08-26,538.7042,556.9087,527.7444,550.4071
2015-08-27,572.6983,582.5436,565.3608,566.8469
2015-08-28,587.0019,593.4107,577.8997,588.7667
2015-08-31,581.4289,599.9121,574.2772,587.3733
2015-09-01,580.2216,590.8099,566.7540,566.7540
2015-09-02,553.7509,573.6272,547.0635,560.9955
2015-09-03,572.6056,578.7356,561.3671,562.2030
2015-09-04,570.2835,572.3269,540.9334,550.9645
2015-09-07,546.3204,555.7942,534.9890,550.0356
2015-09-08,548.3637,552.2646,529.6948,532.6669
2015-09-09,560.5310,578.3640,554.9582,578.3640
2015-09-10,560.9955,587.6520,557.8375,581.9863
2015-09-11,574.8347,599.0763,572.8841,590.6243
2015-09-14,592.6674,594.4322,576.4134,578.9212
2015-09-15,578.6427,585.9803,568.4259,568.4259
2015-09-16,577.2497,588.4882,572.1413,575.1135
2015-09-17,584.1227,602.0485,583.8440,598.9835
2015-09-18,592.7604,597.1257,578.4568,578.6426
2015-09-24,561.3672,572.5128,561.3672,562.8532
2015-09-25,562.2957,578.2711,552.4504,576.9708
2015-09-28,564.6710,569.3300,552.3712,558.2416
2015-09-29,540.4442,540.4442,510.9993,513.1425
2015-09-30,531.7785,545.6623,529.2627,540.1647
2015-10-01,543.9851,565.6029,542.7738,558.3349
2015-10-02,552.0919,581.4436,549.8555,576.5982
2015-10-05,581.8163,597.0977,580.8845,585.5435
2015-10-06,596.3522,600.0794,586.1024,588.1524
2015-10-07,588.7115,599.3340,585.9161,597.2841
2015-10-08,602.6885,607.5339,584.0525,587.5933
2015-10-09,588.7115,598.7749,582.0025,598.4022
2015-10-13,599.5202,608.6519,595.4203,597.0975
2015-10-14,588.8978,591.6932,578.6480,583.1206
2015-10-15,573.6162,592.9977,568.9572,592.8113
2015-10-16,602.5021,609.7702,598.7749,605.6703
2015-10-19,611.2611,616.6656,603.0613,608.6521
2015-10-20,613.1247,613.8701,607.9066,609.3975
2015-10-21,617.0383,638.6561,613.6838,636.2333
2015-10-22,633.9971,639.2151,631.0153,633.6243
2015-10-23,649.8377,650.3967,637.3515,637.3515
2015-10-26,653.3784,664.9327,651.8875,653.5648
2015-10-27,647.0423,647.9741,632.3198,638.0970
2015-10-28,638.8424,644.2469,634.5562,640.1470
2015-10-29,652.6330,655.9874,643.5013,645.9240
2015-10-30,636.0469,658.5965,628.2198,648.5331
2015-11-02,636.6061,645.1787,635.4880,639.7742
2015-11-04,652.0741,653.5650,638.8425,640.5198
2015-11-05,647.4149,649.0921,638.0969,641.0787
2015-11-06,642.5697,644.4333,630.0836,634.3699
2015-11-09,642.5696,651.3285,638.4697,648.1604
2015-11-10,640.8924,646.4832,638.6561,645.3651
2015-11-11,646.4831,651.8875,643.1287,651.7012
2015-11-12,653.5649,656.9193,642.0105,648.1604
2015-11-13,638.8424,642.3833,630.0835,631.2017
2015-11-16,614.4292,622.2563,612.3793,618.5291
2015-11-17,625.6109,627.4745,610.1430,611.2612
2015-11-18,617.2246,619.4609,610.8883,612.3792
2015-11-19,621.3245,621.5109,611.8201,614.4292
2015-11-20,610.7021,612.1929,598.4023,612.1929
2015-11-24,610.5157,619.6474,609.0248,616.2929
2015-11-25,614.8018,616.6654,603.8066,604.7384
2015-11-26,613.1248,614.0566,602.1295,603.8068
2015-11-27,612.1931,612.1931,605.2977,608.2795
2015-11-30,602.1295,604.3658,586.4752,592.0660
2015-12-01,596.5387,607.3475,593.1841,601.3840
2015-12-02,585.9161,597.0977,585.9161,590.3887
2015-12-03,584.2390,592.8115,582.9344,590.2025
2015-12-04,579.5799,581.6299,572.1255,576.0391
2015-12-07,582.0024,588.7114,582.0024,583.1206
2015-12-08,579.9526,583.6798,571.1937,573.6163
2015-12-09,565.2302,571.1937,560.1985,564.1121
2015-12-10,558.1484,561.8756,555.3530,560.0120
2015-12-11,557.2168,575.4800,557.2168,566.7211
2015-12-14,549.7624,563.5530,549.2033,562.0621
2015-12-15,557.4962,559.0803,549.2964,549.8555
2015-12-16,559.2665,563.9255,557.3097,560.3847
2015-12-17,580.5117,587.5933,573.2436,573.6163
2015-12-18,573.4301,580.5118,558.3349,558.8008
2015-12-21,549.9487,552.7441,538.0217,548.4578
2015-12-22,549.8554,550.1350,541.8419,542.8669
2015-12-24,559.0802,560.7574,547.8054,549.7622
2015-12-25,549.7622,549.7622,549.7622,549.7622
2015-12-28,548.8306,557.0304,543.8920,555.9122
2015-12-29,553.4896,556.3782,548.3647,554.9805
2015-12-30,556.5644,565.6029,555.4463,559.4531
2016-01-04,551.2531,571.3800,547.8986,551.0668
2016-01-05,555.3532,558.8940,546.0352,552.0919
2016-01-06,561.5030,561.6894,533.3627,539.9785
2016-01-07,521.3423,528.1444,512.6766,521.1559
2016-01-08,513.4220,539.5124,511.6515,526.3740
2016-01-12,512.3039,516.6834,497.1156,498.5133
2016-01-13,506.8994,518.0810,503.1722,512.4902
2016-01-14,486.9590,490.7794,479.8773,488.6363
2016-01-15,489.4748,493.6679,477.4546,481.2750
2016-01-18,471.9568,491.2451,470.5591,488.7292
2016-01-19,483.1385,498.1405,481.3681,496.9292
2016-01-20,482.4862,484.7225,456.7685,457.3276
2016-01-21,465.9934,480.3432,452.8551,452.9482
2016-01-22,471.5842,473.3546,461.0548,471.2115
2016-01-25,478.1068,478.8523,467.4843,472.9820
2016-01-26,460.6822,461.6140,452.2028,452.8550
2016-01-27,462.5458,470.2798,461.8004,468.1366
2016-01-28,455.0913,459.9367,439.9961,443.1642
2016-01-29,446.3325,471.4911,443.5371,470.1866
2016-02-01,544.7306,544.9169,503.1723,528.5173
2016-02-02,517.8947,524.0446,496.0906,501.7745
2016-02-03,489.3815,494.6928,486.3998,488.9156
2016-02-04,484.5362,495.1588,484.5362,488.3566
2016-02-05,483.0454,491.7112,480.9022,487.3317
2016-02-08,477.0818,483.0454,468.6956,478.7591
2016-02-09,451.7368,455.4640,439.1575,445.1210
2016-02-10,445.3075,465.5275,428.6282,436.2690
2016-02-12,417.9125,435.6167,409.8058,420.6147
2016-02-15,441.6734,461.5208,439.4371,456.0232
2016-02-16,447.2643,471.3979,443.9098,462.8253
2016-02-17,462.8252,482.2998,454.0663,462.3593
2016-02-18,484.5362,486.3067,476.5227,478.7591
2016-02-19,471.5842,472.4229,461.6140,466.5525
2016-02-22,460.4957,469.3478,455.2776,463.6638
2016-02-23,467.2979,467.7638,448.9414,453.8800
2016-02-24,444.6552,456.8617,439.7166,446.9847
2016-02-25,446.5188,451.0846,438.4121,444.0961
2016-02-26,450.0596,454.7186,444.4688,444.8416
2016-02-29,454.7186,463.1048,444.5620,444.8416
2016-03-01,442.0462,445.3075,431.1441,441.2076
2016-03-02,460.3094,468.3229,454.8118,464.3161
2016-03-03,458.4458,474.2864,452.2027,469.6274
2016-03-04,469.6274,483.5112,468.6024,483.1385
2016-03-07,485.5612,490.0339,480.0636,487.2385
2016-03-08,482.2999,488.2635,467.9502,478.8523
2016-03-09,474.8455,491.4315,469.9069,490.4997
2016-03-10,495.6247,513.2357,495.3451,511.2789
2016-03-11,500.8427,516.2174,500.2837,512.9561
2016-03-14,521.8082,531.4057,518.4538,521.5287
2016-03-15,520.1311,527.1196,514.7266,520.6901
2016-03-16,524.8833,543.2398,524.6038,537.2762
2016-03-17,544.4509,558.5211,539.6987,544.7304
2016-03-18,547.8986,550.6008,537.8351,547.1531
2016-03-22,555.3531,557.0304,538.0217,547.3397
2016-03-23,548.7375,554.0487,540.8172,542.3080
2016-03-24,534.3876,544.9169,526.1878,533.5490
2016-03-25,537.6489,543.1465,533.1762,539.6989
2016-03-28,540.0716,544.9170,534.8536,544.9170
2016-03-29,541.7379,550.4334,540.4289,550.4334
2016-03-30,550.3398,552.3968,536.4084,537.2498
2016-03-31,542.2990,550.4335,540.2420,540.9900
2016-04-01,533.8841,535.4736,514.5296,516.5866
2016-04-04,514.2490,537.7174,513.3140,534.9124
2016-04-05,533.3230,547.2544,532.2944,539.0264
2016-04-06,532.9489,540.8963,529.9568,532.9489
2016-04-07,525.6561,533.5100,522.9445,527.3391
2016-04-08,514.2489,541.3639,513.1269,534.5384
2016-04-11,531.0791,555.3891,527.9937,554.4541
2016-04-12,548.0958,569.4138,547.3478,566.9828
2016-04-13,568.6658,573.9018,552.7709,564.7388
2016-04-14,570.3488,572.2188,562.8688,566.9828
2016-04-15,560.0638,561.7468,546.8804,548.8439
2016-04-18,520.7939,527.1519,506.2080,511.6310
2016-04-19,539.6809,548.6568,535.3798,544.8234
2016-04-20,551.8359,567.5439,551.8359,566.0479
2016-04-21,571.8449,574.8369,566.9830,574.0889
2016-04-22,553.7059,564.7389,550.4334,564.1779
2016-04-25,552.5840,554.1735,527.5260,530.2375
2016-04-26,530.7048,538.6523,528.3673,532.9489
2016-04-27,530.8919,532.9489,525.8430,530.5179
2016-04-28,531.0789,541.2704,515.3709,519.4849
2016-05-02,487.3210,502.9355,485.5445,498.6344
2016-05-06,486.1990,487.3210,475.1661,479.3736
2016-05-09,484.9836,496.8581,480.1216,486.8536
2016-05-10,490.5001,504.1511,488.2561,501.4396
2016-05-11,514.2491,519.3916,506.7691,510.5091
2016-05-12,504.8989,533.6968,501.3459,532.9489
2016-05-13,537.6239,545.0104,534.1644,541.7379
2016-05-16,534.6319,541.4574,527.0584,534.8189
2016-05-17,535.9410,541.1770,525.4690,535.4735
2016-05-18,540.4288,552.9578,534.8188,550.5268
2016-05-19,554.6409,556.5109,534.9124,539.0264
2016-05-20,538.5590,548.7505,537.9044,545.4780
2016-05-23,545.4781,549.5920,537.3436,542.9536
2016-05-24,540.4290,542.4860,531.5465,539.5875
2016-05-25,569.7880,578.7639,565.8610,574.4630
2016-05-26,580.4469,583.2519,569.4139,574.4630
2016-05-27,578.2028,578.2028,569.9748,575.5848
2016-05-30,578.5769,579.1379,572.7799,576.3329
2016-05-31,573.7147,581.7557,570.9097,579.6987
2016-06-01,580.6339,581.0079,570.1619,574.6498
2016-06-02,570.7229,575.7719,565.1129,565.2999
2016-06-03,567.7310,579.1379,567.7310,574.4630
2016-06-06,560.9987,577.4547,560.0637,576.8937
2016-06-07,582.1298,583.8129,576.8939,580.0729
2016-06-08,583.0647,583.2517,573.1537,582.8777
2016-06-09,581.3818,583.2518,571.6578,574.8368
2016-06-10,575.3978,579.5118,567.3568,570.5358
2016-06-13,560.8119,562.6819,546.2260,547.9089
2016-06-14,545.8519,555.4823,540.2419,549.9659
2016-06-15,549.7789,559.4094,546.3194,556.3239
2016-06-16,556.4174,558.9419,537.0630,538.4655
2016-06-17,549.2179,553.7059,537.5304,542.1119
2016-06-20,554.0798,563.9908,550.3398,558.6613
2016-06-21,550.1529,574.8368,549.4048,572.2188
2016-06-22,566.2349,567.1699,559.1290,561.7469
2016-06-23,563.6169,564.7389,559.7834,564.1779
2016-06-24,569.2269,570.7229,504.8990,519.0175
2016-06-27,525.4690,526.9650,515.1840,520.2330
2016-06-28,515.1840,534.4449,514.3425,528.3674
2016-06-29,545.2909,556.6044,540.8964,553.8929
2016-06-30,568.2918,577.2678,558.7548,558.7548
2016-07-01,565.6738,569.6008,559.1288,562.3078
2016-07-04,564.3650,572.0320,559.5966,568.1050
2016-07-05,568.2917,569.7878,559.8768,567.7308
2016-07-06,558.5679,566.4218,552.2098,566.4218
2016-07-07,569.4139,577.4549,564.9260,567.3569
2016-07-08,568.2919,573.3409,562.3080,563.4299
2016-07-11,563.4299,563.4299,563.4299,563.4299
2016-07-12,592.7888,594.6588,580.4468,587.3658
2016-07-13,594.6588,599.7078,573.5278,574.8368
2016-07-14,579.6988,591.2928,578.5768,591.2928
2016-07-15,596.5287,602.8867,590.9188,594.4717
2016-07-19,601.7648,609.4318,596.5289,605.1309
2016-07-20,605.6918,608.8709,599.3339,604.3829
2016-07-21,611.8627,614.2936,598.9597,600.8297
2016-07-22,595.2197,603.6347,593.9108,597.6508
2016-07-25,598.3989,602.8869,590.1709,590.9189
2016-07-26,587.5529,594.8459,582.5039,590.9189
2016-07-27,595.5937,609.4317,594.2847,603.2607
2016-07-28,598.3988,601.0168,591.8538,596.9028
2016-07-29,607.7487,613.7327,596.5287,613.7327
2016-08-01,626.4487,635.2377,622.8957,624.3917
2016-08-02,620.8389,627.1968,616.5379,621.3998
2016-08-03,612.6108,618.5948,609.6188,611.1148
2016-08-04,614.2938,619.5298,605.8788,613.1718
2016-08-05,618.7818,622.7088,614.1068,615.7898
2016-08-08,624.7657,624.7657,611.3017,616.5377
2016-08-09,617.8466,631.1235,614.8545,630.9365
2016-08-10,632.9937,635.0507,627.3837,630.7497
2016-08-12,630.5628,631.4978,622.8958,626.2618
2016-08-15,626.4487,626.4487,614.4808,617.0988
2016-08-16,618.4079,625.5139,615.6029,616.1639
2016-08-17,613.9199,618.5949,599.5209,608.3099
2016-08-18,602.5127,621.7736,598.3987,611.4886
2016-08-19,617.4728,617.6598,607.5618,612.0498
2016-08-22,612.6109,622.5219,612.2369,620.6519
2016-08-23,619.5297,622.5217,613.1718,617.4728
2016-08-24,623.6437,632.9937,621.7737,630.7497
2016-08-25,625.1397,632.4327,622.8957,630.3757
2016-08-26,632.0588,632.0588,622.7089,622.8959
2016-08-29,630.0017,632.8066,623.6437,625.8877
2016-08-30,626.8226,627.1966,619.1556,621.9606
2016-08-31,626.4489,628.3189,621.0259,621.7739
2016-09-01,622.1478,623.0828,615.7897,617.0988
2016-09-02,617.8467,628.8796,616.5377,626.4487
2016-09-05,635.4249,644.2139,632.0589,635.9859
2016-09-06,636.1728,645.1488,636.1728,642.3438
2016-09-07,638.9778,644.2137,637.6688,642.7178
2016-09-08,642.7178,643.2788,633.1808,637.8558
2016-09-09,637.8558,637.8558,630.3759,633.7418
2016-09-12,617.0988,623.8308,611.6758,614.6678
2016-09-13,620.0909,632.4329,618.9689,624.0179
2016-09-14,617.0989,623.8309,615.4159,620.6519
2016-09-15,615.4158,619.3428,610.7408,613.1718
2016-09-16,616.5377,616.7246,610.1796,611.4886
2016-09-20,612.7978,630.9368,612.2368,620.8388
2016-09-21,619.9037,630.9367,612.4238,630.7497
2016-09-23,635.7987,641.2217,633.9287,635.7987
2016-09-26,635.4247,637.6687,629.6277,632.2457
2016-09-27,617.0987,632.0587,617.0987,631.6846
2016-09-28,635.2482,635.8109,626.9958,631.6846
2016-09-29,632.4349,638.2491,627.9336,634.4980
2016-09-30,626.4332,627.7461,617.6181,617.6181
2016-10-03,625.1204,626.9959,621.1817,625.4955
2016-10-04,628.6837,633.5601,627.3708,632.2473
2016-10-05,633.9354,636.1860,628.1211,636.1860
2016-10-06,641.0625,641.2501,633.9355,634.8732
2016-10-07,637.6865,637.6865,626.6208,628.3088
2016-10-11,637.6864,644.4384,635.4357,640.3121
2016-10-12,634.4979,637.4987,631.6845,634.6854
2016-10-13,641.6251,651.1904,640.4998,642.9380
2016-10-14,653.6287,655.1291,643.6883,645.0012
2016-10-17,645.0011,647.0642,635.6233,642.5629
2016-10-18,643.8757,651.1904,641.6251,651.1904
2016-10-19,650.6277,651.7531,638.0616,638.0616
2016-10-20,635.8110,641.8127,632.9976,638.2491
2016-10-21,635.2483,636.1860,620.0563,622.8696
2016-10-24,625.4954,625.8705,620.4314,622.3069
2016-10-25,624.9327,625.4954,619.8687,624.5576
2016-10-26,621.1817,624.1826,615.9302,623.6199
2016-10-27,618.5559,623.8075,617.2430,619.3062
2016-10-28,621.9319,622.6821,615.1799,618.9310
2016-10-31,619.8687,630.9345,618.1808,630.3718
2016-11-01,617.2431,626.2457,615.5551,625.8707
2016-11-02,615.1798,618.3683,609.7408,612.3665
2016-11-04,600.1756,600.9258,587.2343,595.4867
2016-11-07,603.7391,604.6768,588.1720,590.6102
2016-11-08,593.2359,598.6750,592.6733,597.3621
2016-11-09,602.0511,603.7391,549.5358,566.9783
2016-11-10,611.4287,611.4287,594.5488,601.4883
2016-11-11,601.6759,604.8644,596.0493,599.9879
2016-11-14,605.4270,612.3665,602.9888,611.6163
2016-11-15,604.8643,605.2395,594.9239,600.7381
2016-11-16,603.9266,605.9897,599.8004,601.3008
2016-11-17,598.8626,605.4270,595.8618,605.0519
2016-11-18,605.2395,608.9905,602.2386,606.7399
2016-11-21,611.4288,619.4937,610.6786,618.9310
2016-11-22,623.0572,630.1842,622.1194,629.2465
2016-11-24,630.1842,631.3096,625.1202,625.3078
2016-11-25,625.8706,629.9968,620.0564,624.1826
2016-11-28,614.2421,624.3700,613.8669,623.2447
2016-11-29,614.8049,622.1195,614.8049,620.9942
2016-11-30,621.9320,624.5577,614.0547,616.6804
2016-12-01,618.9310,620.2439,608.2403,609.3657
2016-12-02,596.6120,598.4875,588.1720,594.1737
2016-12-05,593.9863,598.4876,590.0476,592.6734
2016-12-06,602.0511,603.1764,596.4244,598.3000
2016-12-07,601.8635,602.6137,598.6751,599.9879
2016-12-08,605.9897,615.1799,602.0510,611.6163
2016-12-09,616.1176,634.1229,614.2421,631.6846
2016-12-12,635.6234,635.8110,625.3079,631.3097
2016-12-13,625.1202,636.3735,623.6198,633.5602
2016-12-14,633.5601,636.5610,630.1841,632.4348
2016-12-15,635.8109,636.5611,629.8091,632.6224
2016-12-16,637.6865,640.3122,626.0581,627.7461
2016-12-19,634.4980,638.4367,632.9976,634.1229
2016-12-20,631.1219,633.1850,624.9326,630.5593
2016-12-21,633.9355,634.8733,625.4955,625.6831
2016-12-22,627.7461,628.6839,623.0573,626.8083
2016-12-26,628.4963,631.1221,624.7452,625.1203
2016-12-27,622.6822,625.6831,620.4315,623.4324
2016-12-28,623.0572,631.6847,622.6821,626.0580
2016-12-29,624.7453,625.1204,612.5542,618.7435
2016-12-30,620.9940,620.9940,611.8038,614.2420
2017-01-04,619.8688,625.1203,614.0546,625.1203
2017-01-05,625.4953,625.8704,613.1167,618.1807
2017-01-06,624.1825,632.8100,620.9941,621.9319
2017-01-10,627.3709,645.0010,627.1833,636.5610
2017-01-11,649.6900,665.8197,649.3149,658.3175
2017-01-12,660.9432,668.0703,656.4419,662.4437
2017-01-13,662.2563,665.6323,656.2545,665.6323
2017-01-16,659.6304,666.7574,657.1921,659.0677
2017-01-17,659.0677,669.5708,654.7539,657.1921
2017-01-18,647.0643,655.6918,643.8759,653.4412
2017-01-19,661.1308,661.1308,650.2527,656.0668
2017-01-20,654.1913,655.1290,648.1895,651.1904
2017-01-23,651.1905,651.3781,641.0625,643.6884
2017-01-24,645.7513,650.8153,639.5620,641.0624
2017-01-25,649.8776,651.1905,641.6252,646.1265
2017-01-26,656.4420,661.1308,653.6286,660.1931
2017-01-27,662.0687,663.9442,654.1914,657.3798
2017-01-30,651.5654,657.5672,649.5023,656.8170
2017-01-31,630.5595,647.6270,630.5595,642.0003
2017-02-01,628.4963,642.0002,628.4963,639.5620
2017-02-02,641.4377,644.2510,628.6840,631.8724
2017-02-03,663.3816,675.1975,657.7549,663.3816
2017-02-06,672.3841,677.0730,669.9459,673.1343
2017-02-07,678.7610,680.0739,673.5095,675.0099
2017-02-08,672.3841,672.9467,665.8197,670.1334
2017-02-09,668.4455,673.1344,664.3193,667.8829
2017-02-10,675.9477,676.6979,670.5086,673.3219
2017-02-13,676.3227,678.1983,669.1956,672.7592
2017-02-14,676.5105,676.5105,669.3834,669.9461
2017-02-15,675.9476,675.9476,670.5085,674.2596
2017-02-16,675.1976,675.1976,663.5691,667.6954
2017-02-17,661.5059,668.0703,659.4427,665.2570
2017-02-20,661.3182,662.2560,656.6294,657.9422
2017-02-21,659.6303,662.4437,654.7539,660.3806
2017-02-22,669.3833,673.5095,661.3184,663.0064
2017-02-23,658.8801,661.1308,656.4419,659.2552
2017-02-24,659.0676,661.1307,653.0659,653.8161
2017-02-27,645.5640,651.7533,643.3133,647.8146
2017-02-28,651.3778,662.4436,651.3778,652.3156
2017-03-01,654.7541,664.3194,654.5665,661.8812
2017-03-02,673.8845,677.8231,669.1956,672.0089
2017-03-03,678.9487,684.3877,673.1344,675.5727
2017-03-06,672.9469,674.4474,666.1950,667.6954
2017-03-07,662.8189,663.9442,658.5051,660.5682
2017-03-08,658.6926,660.0055,652.8784,658.8801
2017-03-09,662.2561,664.8819,660.9432,662.4437
2017-03-10,680.8242,687.2010,677.6357,686.6384
2017-03-13,682.3246,687.3886,678.3860,686.2632
2017-03-14,684.5752,685.8881,678.9486,681.7619
2017-03-15,675.3851,676.8855,672.3842,675.9477
2017-03-16,671.6339,680.0739,671.6339,678.7610
2017-03-17,677.8233,685.5130,675.9477,682.5121
2017-03-21,684.5750,685.1377,677.6355,680.2613
2017-03-22,671.4465,673.5096,664.8821,666.3825
2017-03-23,667.1326,670.1334,660.5682,663.9442
2017-03-24,663.5689,679.3235,661.5058,675.7599
2017-03-27,669.3833,674.0722,666.7576,670.8838
2017-03-28,671.6338,677.0728,671.6338,676.1351
2017-03-29,682.7180,699.8329,682.5299,696.6356
2017-03-30,698.1403,702.8422,697.7641,702.2780
2017-03-31,705.2870,713.1863,704.7228,708.2963
2017-04-03,700.5853,701.1495,685.7273,689.1126
2017-04-04,687.7961,697.0119,684.2226,690.9934
2017-04-05,690.2409,696.0713,682.3416,687.4197
2017-04-06,677.0756,680.8372,665.9791,668.6122
2017-04-07,673.3140,673.3140,661.0890,667.1075
2017-04-10,666.9196,670.6812,664.4746,668.2361
2017-04-11,666.9194,667.2956,659.5845,664.2864
2017-04-12,650.7449,653.9422,643.7860,650.3687
2017-04-13,643.5980,649.9926,640.4007,648.1118
2017-04-14,649.4283,650.5568,641.7172,643.5980
2017-04-17,640.9650,653.1899,639.8365,649.4284
2017-04-18,652.2494,657.1394,648.4879,649.9926
2017-04-19,650.9329,662.5936,650.5567,659.3963
2017-04-20,656.0110,677.8279,654.8826,671.6214
2017-04-21,677.0756,678.5802,670.4930,675.5710
2017-04-24,703.4065,706.7918,698.3284,701.5257
2017-04-25,699.2686,702.8421,694.9429,698.7044
2017-04-26,704.1585,704.9108,697.5758,703.7824
2017-04-27,704.9109,714.1267,702.8422,707.5441
2017-04-28,709.9890,711.3056,702.4660,706.9798
2017-05-01,718.4525,733.1224,717.3240,728.4205
2017-05-02,725.9754,728.7965,720.3331,724.6588
2017-05-08,735.3793,751.9300,733.6866,750.2373
2017-05-09,750.6136,767.3524,750.2374,756.8201
2017-05-10,761.5220,768.8570,760.2055,767.5405
2017-05-11,767.9166,769.4212,762.4624,766.0358
2017-05-12,762.6504,763.7789,757.0081,760.9577
2017-05-15,753.4348,756.6321,749.1090,753.2467
2017-05-16,759.2651,762.6505,755.1274,756.6320
2017-05-17,759.8293,762.6504,755.5035,758.5127
2017-05-18,742.9023,750.6134,739.3289,741.3977
2017-05-19,741.0218,747.7926,739.3291,740.4576
2017-05-22,747.7923,748.7327,735.0031,741.5858
2017-05-23,742.7143,748.3566,739.8932,744.2190
2017-05-24,757.1962,763.0266,749.8613,751.9301
2017-05-25,752.8704,754.5632,748.3566,752.4943
2017-05-26,757.7606,758.3248,752.4944,753.9990
2017-05-29,758.8888,766.4119,757.0080,759.4530
2017-05-30,759.4530,759.8292,746.6639,758.1365
2017-05-31,761.7100,765.0954,758.1366,758.7008
2017-06-01,752.3060,758.3245,750.8015,757.7603
2017-06-02,761.8982,782.2104,761.7101,782.2104
2017-06-05,782.2103,787.2884,775.8158,785.0315
2017-06-06,788.9811,788.9811,779.9534,783.7150
2017-06-07,781.6462,782.3985,768.6689,776.0039
2017-06-08,782.5866,786.3481,772.2424,774.1232
2017-06-09,775.4397,779.7655,769.4213,774.1232
2017-06-12,758.5127,765.2835,756.2559,764.7193
2017-06-13,764.7192,765.0953,757.0081,759.2650
2017-06-14,768.2927,772.0542,763.5908,763.5908
2017-06-15,763.9670,779.9535,763.5909,778.2608
2017-06-16,775.8158,780.1416,772.9947,778.0728
2017-06-19,780.1416,807.0365,777.6966,806.8484
2017-06-20,812.6789,817.0046,804.4035,804.5916
2017-06-21,804.0273,804.4035,791.8023,795.1877
2017-06-22,801.3943,811.1743,799.1374,804.2155
2017-06-23,808.5412,810.0459,803.0870,804.0274
2017-06-26,804.7796,813.2430,804.5915,808.3530
2017-06-27,817.9451,818.5093,810.9863,817.9451
2017-06-28,812.4908,816.0643,807.9770,813.9954
2017-06-29,823.2112,829.0416,818.3212,820.9543
2017-06-30,805.1557,809.4814,802.5226,806.0961
2017-07-03,809.8578,815.6881,806.4723,810.6100
2017-07-04,813.9955,816.2524,794.6236,796.8806
2017-07-05,793.6830,803.2749,788.9811,803.0869
2017-07-06,803.2750,804.0273,795.7519,801.0181
2017-07-07,789.9214,799.3253,789.1691,798.3849
2017-07-10,809.6696,815.6881,806.8484,812.1146
2017-07-11,820.2018,836.1883,819.4495,834.8717
2017-07-12,834.3076,842.3949,831.2984,842.0187
2017-07-13,846.1563,851.6106,839.9498,842.2067
2017-07-14,849.1657,852.3630,845.2161,846.1564
2017-07-17,846.1564,846.1564,846.1564,846.1564
2017-07-18,849.5419,849.5419,841.0785,847.2850
2017-07-19,844.2756,846.9087,842.5829,845.7803
2017-07-20,849.1657,856.5007,848.4134,852.7391
2017-07-21,852.9273,854.2438,849.3538,853.6796
2017-07-24,842.5829,845.0279,837.3168,843.5233
2017-07-25,842.5830,846.1565,838.0692,840.1381
2017-07-26,845.4042,850.8584,841.6427,850.8584
2017-07-27,854.8079,868.1614,853.3034,864.0237
2017-07-28,859.1338,862.8953,849.5419,852.5511
2017-07-31,848.2253,858.9457,845.2161,853.8676
2017-08-01,848.2254,855.1843,837.3170,838.6335
2017-08-02,832.6150,851.6107,814.9358,830.7343
2017-08-03,829.9819,834.3077,821.3304,831.1104
2017-08-04,830.1700,834.3077,827.7250,833.9315
2017-08-07,836.9408,837.3170,829.4177,829.4177
2017-08-08,836.0003,846.3445,834.8718,841.0784
2017-08-09,838.8214,844.6518,825.8441,827.9130
2017-08-10,826.9726,828.2891,813.2430,815.8760
2017-08-11,815.8760,815.8760,815.8760,815.8760
2017-08-14,790.1096,806.0961,788.9811,800.6419
2017-08-15,808.7291,817.5687,805.7199,808.5410
2017-08-16,808.5411,814.7477,806.0961,813.4311
2017-08-17,814.3716,817.9450,812.4908,813.9954
2017-08-18,799.5137,803.2752,794.6237,794.8118
2017-08-21,793.6830,796.5042,782.2104,786.7242
2017-08-22,786.7242,796.1280,785.2196,788.2288
2017-08-23,796.3163,800.2659,794.9998,796.8806
2017-08-24,792.5547,794.4355,783.9032,783.9032
2017-08-25,785.2196,793.4950,784.0912,789.7335
2017-08-28,790.8619,793.8711,785.0315,788.2288
2017-08-29,785.4077,792.1785,783.3389,789.9216
2017-08-30,799.3254,815.5000,797.2566,812.6789
2017-08-31,818.8854,825.2800,813.0550,815.6881
2017-09-01,822.0826,826.2203,818.5092,823.0230
2017-09-04,820.9543,822.6470,813.9954,822.4589
2017-09-05,823.2112,823.2112,800.6420,810.6100
2017-09-06,799.3254,812.8670,797.8208,805.5319
2017-09-07,805.5317,807.2245,798.0087,800.8298
2017-09-08,807.9769,817.1926,804.0273,808.3530
2017-09-11,820.9541,841.6425,820.3899,840.7021
2017-09-12,838.8215,840.7022,824.5276,830.9222
2017-09-13,833.5554,834.6838,823.3992,823.9635
2017-09-14,818.1332,818.1332,793.8713,795.5640
2017-09-15,789.9215,800.0776,789.1692,797.6326
2017-09-18,797.6326,797.6326,797.6326,797.6326
2017-09-19,810.7980,812.1145,804.0272,807.6006
2017-09-20,789.9216,798.9493,787.6647,798.0089
2017-09-21,799.3253,800.4538,787.6645,788.6049
2017-09-22,793.6830,793.6830,780.3296,785.0315
2017-09-25,789.9216,791.0501,785.2197,786.9124
2017-09-26,773.7470,775.6278,768.4809,770.9258
2017-09-27,773.4728,773.6614,767.2473,768.5678
2017-09-28,776.4911,777.6231,771.3975,777.2457
2017-09-29,782.9052,791.5832,781.9619,789.6967
2017-10-02,790.4513,791.3946,785.5464,789.3194
2017-10-03,796.1107,802.3362,791.7718,795.9221
2017-10-04,798.1860,798.3747,791.7719,795.5449
2017-10-05,792.3379,794.6017,778.0003,780.8301
2017-10-06,782.9052,789.3194,782.3393,783.0939
2017-10-09,783.0939,783.0939,783.0939,783.0939
2017-10-10,783.0939,783.2826,772.5294,778.0003
2017-10-11,769.6997,773.4728,761.9650,773.4728
2017-10-12,773.4726,774.4159,763.8514,766.3039
2017-10-13,767.8132,778.5663,762.1536,775.9252
2017-10-16,781.0187,787.9989,779.8868,784.7917
2017-10-17,787.8102,789.8854,778.1890,783.6599
2017-10-18,786.8669,799.8839,786.4896,797.2427
2017-10-19,801.7706,804.6003,795.3564,797.0543
2017-10-20,795.1678,800.2614,791.9606,799.3181
2017-10-23,809.3165,810.8257,805.1661,806.8640
2017-10-24,803.6568,807.6185,800.4497,807.2412
2017-10-25,810.4484,810.6370,797.4314,799.8839
2017-10-26,799.8838,806.8640,798.1860,805.5434
2017-10-27,811.2029,814.4100,803.6568,807.2412
2017-10-30,813.0895,821.0129,808.1845,813.0895
2017-10-31,822.3335,835.3505,819.3151,832.5207
2017-11-01,924.3942,935.5247,907.7929,927.7899
2017-11-02,937.0339,960.6154,936.2793,953.4466
2017-11-03,953.4466,953.4466,953.4466,953.4466
2017-11-06,962.1247,990.2339,961.9360,985.1403
2017-11-07,986.2719,1005.1371,984.0081,992.4974
2017-11-08,993.4407,1034.7555,988.3471,1020.6066
2017-11-09,1031.9258,1031.9258,975.8962,985.8947
2017-11-10,967.0295,997.0252,966.0863,990.7997
2017-11-13,995.3272,996.8365,977.9713,980.4238
2017-11-14,976.8393,993.0635,966.2749,985.5174
2017-11-15,977.9714,985.1401,947.7870,961.1813
2017-11-16,955.3329,983.2534,949.2961,976.6506
2017-11-17,999.6663,1013.0605,979.6691,983.8195
2017-11-20,975.5188,991.9316,973.4437,990.0450
2017-11-21,994.5728,996.4593,983.4422,984.1969
2017-11-22,998.7233,1009.4764,991.7432,997.4027
2017-11-23,997.4027,997.4027,997.4027,997.4027
2017-11-24,999.4776,1010.7967,995.5160,1004.1939
2017-11-27,1011.1740,1026.4548,1009.2875,1011.7399
2017-11-28,1007.7783,1014.3811,999.2890,1005.8918
2017-11-29,1021.5498,1021.5498,1000.9867,1004.0052
2017-11-30,999.2889,999.8548,977.9712,981.1782
2017-12-01,988.5358,989.2904,960.8039,971.7457
2017-12-04,972.8778,990.4224,964.7657,985.7061
2017-12-05,969.6706,980.9897,968.3500,978.3485
2017-12-06,970.6138,974.9528,946.4664,948.3529
2017-12-07,957.5970,966.0863,947.7871,965.7090
2017-12-08,963.0679,975.7076,963.0679,973.2551
2017-12-11,979.1031,979.2918,952.3146,955.5217
2017-12-12,952.1259,962.5018,948.5415,951.5599
2017-12-13,949.4847,955.1443,943.8252,949.4847
2017-12-14,943.4479,950.9940,942.5047,946.2777
2017-12-15,942.5047,952.8806,938.7317,944.3912
2017-12-18,956.0875,974.0095,955.8989,973.6321
2017-12-19,971.5570,972.6889,964.0110,965.1429
2017-12-20,968.7273,969.2932,960.0493,966.8408
2017-12-21,961.5586,974.5755,959.1061,972.6890
2017-12-22,967.5954,979.4805,967.5954,979.4805
2017-12-25,980.8011,993.4407,977.4053,979.2918
2017-12-26,982.6877,983.4422,969.1047,970.8025
2017-12-27,966.0862,972.8777,964.1997,965.8976
2017-12-28,966.8408,969.2932,957.9741,960.6153
2017-12-29,964.9544,967.0295,958.3515,958.9175
2018-01-01,958.9175,958.9175,958.9175,958.9175
2018-01-02,958.9175,958.9175,958.9175,958.9175
2018-01-03,958.9175,958.9175,958.9175,958.9175
2018-01-04,990.4223,996.0819,983.6309,995.8932
2018-01-05,1004.1940,1033.4350,1004.0054,1030.7939
2018-01-08,1030.7939,1030.7939,1030.7939,1030.7939
2018-01-09,1042.3015,1065.5057,1036.0760,1058.7142
2018-01-10,1048.9044,1062.6760,1042.8675,1054.7526
2018-01-11,1041.5470,1058.9030,1041.5470,1053.4321
2018-01-12,1053.4320,1056.0731,1036.8306,1042.3015
2018-01-15,1043.8109,1049.8477,1028.5301,1030.6052
2018-01-16,1031.5483,1038.5285,1029.0959,1032.6803
2018-01-17,1021.5499,1030.9825,1014.9470,1029.8506
2018-01-18,1044.9428,1047.3952,1023.4364,1027.9641
2018-01-19,1033.6238,1044.1882,1028.5301,1039.8492
2018-01-22,1042.3018,1052.1117,1035.8876,1051.1685
2018-01-23,1064.9397,1082.4843,1058.9028,1081.3524
2018-01-24,1056.4504,1056.4504,1025.5115,1026.6434
2018-01-25,997.0251,1015.7016,981.3670,990.2336
2018-01-26,1009.2876,1018.1542,996.2706,997.0252
2018-01-29,1009.0990,1010.0422,991.9316,997.0252
2018-01-30,983.0650,991.9317,976.6509,977.7828
2018-01-31,971.7458,993.8181,971.1799,982.6877
2018-02-01,994.0066,1016.0787,984.3853,1015.8901
2018-02-02,1017.7767,1038.5284,1013.0604,1034.7554
2018-02-05,1056.4503,1069.8446,1038.1511,1050.4135
2018-02-06,999.8549,1016.2677,985.7061,1006.6464
2018-02-07,1057.7710,1068.7128,1020.9839,1021.9271
2018-02-08,1028.1529,1038.3402,990.4225,1003.6282
2018-02-09,960.9927,976.0849,954.7672,976.0849
2018-02-12,976.0849,976.0849,976.0849,976.0849
2018-02-13,980.9897,987.7811,959.2947,961.9359
2018-02-14,960.9925,973.0662,944.5798,957.9741
2018-02-15,980.0464,981.9329,969.1046,975.8960
2018-02-16,982.8763,1007.4010,980.8012,993.0635
2018-02-19,991.7430,1002.3074,987.5926,1000.7982
2018-02-20,1000.9869,1006.6464,987.2153,999.1003
2018-02-21,1005.5144,1014.7584,999.4776,1014.5697
2018-02-22,1011.1739,1024.1909,997.5909,1009.0988
2018-02-23,1005.5144,1011.1740,997.9683,1010.0421
2018-02-26,1014.1925,1024.0024,1010.4194,1015.3245
2018-02-27,1028.1526,1031.5483,1020.6066,1026.0775
2018-02-28,1028.3412,1036.4534,1020.2292,1026.6434
2018-03-01,1016.4560,1022.1156,990.4221,1000.2320
2018-03-02,975.8960,995.1385,975.3300,987.9697
2018-03-05,970.9911,988.3471,969.2932,986.6492
2018-03-06,1007.4008,1015.7016,994.5725,996.4590
2018-03-07,990.6107,1018.7199,989.1015,1002.8731
2018-03-08,1014.3812,1025.3230,1010.4194,1014.3812
2018-03-09,1031.9253,1037.5849,1010.2304,1017.3991
2018-03-12,1024.3797,1030.9825,994.7613,999.6663
2018-03-13,1003.8165,1011.9286,1001.1754,1010.4193
2018-03-14,1010.4195,1022.1160,1005.3260,1018.7203
2018-03-15,1017.0222,1030.4166,1016.2677,1027.3981
2018-03-16,1027.3981,1028.1528,1008.3443,1013.2492
2018-03-19,1006.8350,1006.8350,966.0861,970.4252
2018-03-20,961.5585,970.4252,946.8437,969.2932
2018-03-21,969.2932,969.2932,969.2932,969.2932
2018-03-22,980.9898,995.1387,975.5189,988.3473
2018-03-23,949.8622,969.2933,949.8622,961.3699
2018-03-26,947.4098,958.1629,935.5247,958.1629
2018-03-27,972.6890,987.2152,971.9345,987.0266
2018-03-28,966.0261,979.2697,961.1070,978.8914
2018-03-29,973.4046,974.3506,955.6204,966.7828
2018-03-30,970.3775,976.9993,965.6476,973.5938
2018-04-02,974.7289,990.9995,974.5396,978.7019
2018-04-03,964.8911,978.8915,962.8099,974.3508
2018-04-04,986.8373,992.5132,971.5126,971.8911
2018-04-05,989.2969,992.8915,977.3776,986.2697
2018-04-06,987.5941,995.3511,984.5671,984.7562
2018-04-09,984.3779,991.9456,980.5940,987.5942
2018-04-10,985.8915,1015.7843,985.5132,1008.0273
2018-04-11,1008.4057,1013.5140,995.3512,997.4324
2018-04-12,999.1349,999.3241,982.1074,983.8102
2018-04-13,991.1887,997.8105,989.2968,992.3239
2018-04-16,998.7567,1007.2705,997.0539,1000.4594
2018-04-17,1000.4594,1013.8922,1000.4594,1005.0001
2018-04-18,1009.3516,1022.2168,1008.5948,1020.7032
2018-04-19,1025.4332,1026.3791,1015.0275,1016.1626
2018-04-20,1011.6218,1018.8112,1008.9730,1018.8112
2018-04-23,1018.4327,1019.1895,1010.1082,1012.1893
2018-04-24,1021.0813,1028.8383,1012.9460,1028.8383
2018-04-25,1022.9735,1027.3250,1014.0814,1023.5411
2018-04-26,1031.1088,1034.5143,1022.5951,1029.7844
2018-04-27,1031.6766,1032.0550,1015.5951,1021.6494
2018-04-30,1021.6494,1021.6494,1021.6494,1021.6494
2018-05-01,970.5666,973.9720,953.1607,959.7825
2018-05-02,970.1882,970.5667,958.0798,961.6745
2018-05-03,961.6745,961.6745,961.6745,961.6745
2018-05-04,961.6745,961.6745,961.6745,961.6745
2018-05-07,982.2966,988.5400,976.9992,983.4318
2018-05-08,965.0800,984.1887,963.7557,980.4048
2018-05-09,970.7557,979.2694,969.6206,972.0801
2018-05-10,980.2156,981.5400,965.0801,966.5936
2018-05-11,969.8097,980.0262,964.1339,979.4587
2018-05-14,993.2702,1001.7839,990.8107,1000.6488
2018-05-15,993.6485,999.5135,992.5132,997.2431
2018-05-16,997.2430,1003.6757,997.0539,998.3782
2018-05-17,1006.5135,1021.6490,1004.6215,1019.7571
2018-05-18,1022.4058,1033.0006,1018.6219,1024.6760
2018-05-21,1025.0547,1032.4333,1018.0545,1019.3788
2018-05-22,1019.9463,1020.7031,981.5399,999.3242
2018-05-23,983.8105,986.0808,972.6480,974.3508
2018-05-24,964.8909,966.5937,958.2691,964.8909
2018-05-25,962.9989,964.1341,953.9176,961.2961
2018-05-28,972.8371,983.4320,971.3236,980.5941
2018-05-29,980.7833,984.3779,972.4587,976.2426
2018-05-30,957.3231,968.6748,951.8365,968.4856
2018-05-31,970.5668,976.4318,958.4584,976.2426
2018-06-01,976.2424,983.0534,973.5937,976.6208
2018-06-04,991.9457,1006.3246,989.8647,1006.3246
2018-06-05,1020.5140,1023.1627,1012.7570,1019.5681
2018-06-06,1025.4331,1049.0824,1025.2439,1047.9473
2018-06-07,1045.6769,1047.5688,1033.0008,1044.5416
2018-06-08,1040.5690,1045.6772,1030.7308,1031.1093
2018-06-11,1034.5142,1047.0011,1033.3791,1042.2712
2018-06-12,1054.1907,1061.3800,1029.4062,1036.4064
2018-06-13,1039.8117,1041.8929,1030.9197,1040.7577
2018-06-14,1033.9468,1038.6767,1019.1897,1019.1897
2018-06-15,1031.1089,1036.7848,1023.9196,1030.1630
2018-06-18,1019.7571,1021.2707,1009.9190,1013.8922
2018-06-19,1005.5675,1022.7842,1003.1080,1003.8647
2018-06-20,1009.5406,1023.9195,995.5403,1022.4059
2018-06-21,1050.0282,1053.4337,1038.1090,1038.1090
2018-06-22,1023.5413,1042.4608,1021.2710,1039.8120
2018-06-25,1049.6498,1050.0282,1037.5415,1038.8657
2018-06-26,1024.6761,1039.8117,1016.5408,1038.1090
2018-06-27,1048.1365,1059.4882,1046.6230,1058.5422
2018-06-28,1055.7042,1086.5429,1054.0014,1083.3265
2018-06-29,1076.3260,1079.7315,1066.2987,1071.5962
2018-07-02,1077.4617,1087.8674,1056.6503,1058.5422
2018-07-03,1071.4071,1075.5694,1030.9196,1064.0286
2018-07-04,1063.2720,1068.9478,1040.9471,1046.6229
2018-07-05,1044.3525,1045.6769,1006.5137,1011.0544
2018-07-06,1027.3254,1034.7040,1015.5953,1031.1093
2018-07-09,1038.6765,1077.2722,1035.4602,1076.8938
2018-07-10,1078.4075,1090.7052,1078.0291,1079.3535
2018-07-11,1078.4076,1091.2728,1064.9748,1086.3538
2018-07-12,1097.3268,1114.7327,1093.9213,1096.1917
2018-07-13,1112.4624,1133.0846,1108.4894,1131.0034
2018-07-16,1131.0034,1131.0034,1131.0034,1131.0034
2018-07-17,1135.1654,1144.2467,1126.0841,1136.3005
2018-07-18,1150.8687,1154.0851,1127.5979,1130.4358
2018-07-19,1126.8410,1138.5710,1118.8949,1123.6248
2018-07-20,1123.6247,1130.0573,1113.4082,1122.4895
2018-07-23,1108.6784,1125.1383,1108.4893,1113.9758
2018-07-24,1119.0842,1127.9763,1102.0567,1104.3270
2018-07-25,1111.7055,1126.2735,1109.0568,1119.0841
2018-07-26,1127.9763,1128.9223,1120.0302,1124.7600
2018-07-27,1128.5439,1129.1114,1116.6247,1128.7330
2018-07-30,1120.4086,1122.3006,1107.1650,1109.6245
2018-07-31,1099.4077,1111.5162,1091.4616,1102.6240
2018-08-01,1144.4364,1169.9776,1143.6796,1155.0312
2018-08-02,1163.5449,1180.3832,1155.0312,1157.3015
2018-08-03,1175.8426,1179.6265,1153.1393,1156.1664
2018-08-06,1152.5716,1161.2745,1147.0849,1149.1661
2018-08-07,1158.2475,1169.0316,1155.2203,1166.0044
2018-08-08,1156.1661,1161.0852,1151.2471,1153.1390
2018-08-09,1154.0850,1165.8151,1148.9768,1164.1123
2018-08-10,1169.7884,1173.0047,1142.9228,1144.8147
2018-08-13,1139.3280,1146.3283,1111.5165,1119.4626
2018-08-14,1128.7329,1140.4630,1123.8139,1139.7063
2018-08-15,1136.3009,1142.7335,1127.9764,1135.1658
2018-08-16,1116.2465,1127.4090,1099.2190,1125.1387
2018-08-17,1142.7334,1147.4633,1135.1656,1142.7334
2018-08-20,1126.6520,1139.3281,1124.5709,1135.1658
2018-08-21,1140.4632,1141.4092,1127.9765,1129.8684
2018-08-22,1138.1926,1138.7603,1130.2466,1133.4628
2018-08-23,1135.3549,1138.5712,1130.0575,1132.1387
2018-08-24,1138.0034,1145.5712,1134.4087,1145.5712
2018-08-27,1154.0850,1172.0585,1151.2471,1167.3286
2018-08-28,1180.9508,1188.3293,1165.2477,1167.8964
2018-08-29,1177.1669,1194.1944,1172.6262,1190.4105
2018-08-30,1209.3302,1215.0060,1199.4921,1200.2489
2018-08-31,1192.1129,1208.9512,1189.6534,1201.0050
2018-09-03,1203.8434,1204.4109,1181.3293,1187.3834
2018-09-04,1190.5995,1191.1671,1181.3291,1187.7616
2018-09-05,1189.0864,1191.5459,1176.9779,1179.4375
2018-09-06,1171.1128,1196.2756,1167.8965,1189.6538
2018-09-07,1180.7615,1182.2752,1161.8421,1178.6804
2018-09-10,1201.3837,1206.4920,1180.5723,1181.5183
2018-09-11,1194.9512,1201.5730,1188.5186,1198.5459
2018-09-12,1210.8434,1215.0057,1197.7889,1201.7621
2018-09-13,1203.2757,1214.6274,1200.8162,1209.7084
2018-09-14,1225.2219,1256.4390,1222.5733,1254.3579
2018-09-17,1254.3579,1254.3579,1254.3579,1254.3579
2018-09-18,1252.8447,1266.0883,1241.6822,1258.5205
2018-09-19,1273.0886,1281.4130,1258.7097,1264.1964
2018-09-20,1248.6824,1256.0611,1240.5471,1243.7634
2018-09-21,1247.7363,1249.6282,1215.7624,1219.1680
2018-09-24,1219.1680,1219.1680,1219.1680,1219.1680
2018-09-25,1225.2224,1259.6558,1221.2493,1259.6558
2018-09-26,1272.3604,1285.6339,1265.7236,1283.3584
2018-09-27,1279.9451,1292.8393,1263.8273,1263.8273
2018-09-28,1292.2708,1322.2309,1287.7198,1320.9036
2018-10-01,1306.4923,1313.1290,1297.9593,1304.4065
2018-10-02,1314.0769,1316.1627,1287.5299,1296.2524
2018-10-03,1272.3600,1278.4279,1254.5355,1255.4836
2018-10-04,1278.8073,1292.0808,1253.3980,1253.9668
2018-10-05,1241.4519,1259.0867,1235.3840,1250.7433
2018-10-08,1250.7433,1250.7433,1250.7433,1250.7433
2018-10-09,1224.9546,1257.7591,1223.2480,1247.1404
2018-10-10,1250.1745,1253.0188,1232.9190,1245.6237
2018-10-11,1176.0327,1204.0966,1166.3619,1192.3401
2018-10-12,1173.3777,1192.7192,1167.6891,1186.6512
2018-10-15,1185.3239,1198.7871,1177.1702,1179.0664
2018-10-16,1191.9606,1205.2341,1176.7909,1205.2341
2018-10-17,1227.0404,1244.2960,1219.6452,1232.1602
2018-10-18,1233.6771,1236.3319,1214.9047,1216.9905
2018-10-19,1190.8229,1215.4737,1175.0843,1202.3898
2018-10-22,1183.6175,1204.0966,1174.3260,1196.3221
2018-10-23,1183.6173,1198.9766,1170.9126,1172.6193
2018-10-24,1180.2042,1187.9786,1152.5194,1177.1702
2018-10-25,1118.7670,1128.8169,1109.4755,1112.8888
2018-10-26,1146.2622,1147.2103,1093.5474,1106.2521
2018-10-29,1125.2139,1132.6091,1094.1159,1100.1838
2018-10-30,1087.4792,1114.7847,1073.6369,1111.5612
2018-10-31,1181.3419,1189.8749,1145.6931,1164.2760
2018-11-01,1185.1345,1204.8552,1174.7053,1192.1505
2018-11-02,1184.7551,1190.2542,1146.4515,1173.7571
2018-11-05,1152.7090,1171.1022,1139.2458,1139.2458
2018-11-06,1137.9184,1161.0523,1132.4195,1154.7948
2018-11-07,1151.9506,1171.2921,1144.1762,1157.6393
2018-11-08,1190.8229,1194.2361,1176.9806,1186.8409
2018-11-09,1184.9448,1191.2023,1178.4976,1184.7551
2018-11-12,1169.0166,1170.1543,1147.9686,1148.3478
2018-11-13,1091.0820,1124.0761,1087.4792,1117.4393
2018-11-14,1118.1979,1122.3696,1099.2357,1109.8545
2018-11-15,1100.1840,1110.4235,1098.0981,1101.5114
2018-11-16,1103.2178,1114.9744,1077.2396,1078.9463
2018-11-19,1076.4813,1117.6291,1071.3614,1117.0602
2018-11-20,1093.3577,1098.0982,1078.5672,1082.5493
2018-11-21,1051.4513,1086.9105,1046.3315,1078.1879
2018-11-22,1082.5491,1086.1519,1065.6728,1078.9463
2018-11-23,1078.9463,1078.9463,1078.9463,1078.9463
2018-11-26,1082.7386,1085.2037,1067.5689,1080.6528
2018-11-27,1098.6669,1106.4413,1088.8065,1100.1838
2018-11-28,1103.7866,1121.2318,1101.5112,1119.5253
2018-11-29,1137.7288,1145.1241,1110.2337,1116.8705
2018-11-30,1118.0082,1127.2997,1107.7687,1125.7827
2018-12-03,1154.7950,1167.6892,1148.7271,1160.8629
2018-12-04,1165.9827,1171.4816,1129.0065,1129.0065
2018-12-05,1106.4415,1136.5914,1104.3557,1125.4037
2018-12-06,1116.8706,1123.5073,1079.5151,1095.2537
2018-12-07,1111.5611,1122.5591,1100.5631,1116.1119
2018-12-10,1085.5832,1093.3576,1077.8087,1079.7050
2018-12-11,1091.6509,1099.8046,1081.2218,1087.4792
2018-12-12,1106.4414,1129.1960,1099.9943,1126.5413
2018-12-13,1137.7290,1139.0564,1118.3876,1129.0065
2018-12-14,1125.9726,1135.6433,1101.3218,1110.2340
2018-12-17,1106.2520,1114.2160,1092.2199,1107.2001
2018-12-18,1081.7906,1089.1859,1057.5191,1058.4672
2018-12-19,1057.3295,1060.1738,1030.7825,1052.3994
2018-12-20,1041.9699,1053.1576,1015.2333,1028.3171
2018-12-21,1009.5447,1012.3890,964.9836,1003.8561
2018-12-24,1003.8561,1003.8561,1003.8561,1003.8561
2018-12-25,953.6064,971.9996,946.0215,948.1074
2018-12-26,959.8641,969.1556,947.9179,967.6385
2018-12-27,1023.9560,1024.5249,1000.8222,1020.9221
2018-12-28,1001.9598,1017.8880,995.8919,1009.9238
2018-12-31,1009.9238,1009.9238,1009.9238,1009.9238
2019-01-04,976.1714,983.1874,952.8479,982.6185
2019-01-07,1024.5249,1039.5051,1011.6307,1018.2675
2019-01-08,1023.0081,1025.4732,1006.8903,1019.4053
2019-01-09,1031.3512,1036.2814,1018.8362,1026.4210
2019-01-10,1014.2854,1021.1117,990.3930,994.7543
2019-01-11,1002.5290,1012.9582,1001.2016,1008.7865
2019-01-15,1022.4390,1034.9540,1004.9938,1032.8682
2019-01-16,1037.6088,1039.1258,1008.2175,1015.6127
2019-01-17,1022.4390,1025.8522,1012.5787,1017.5088
2019-01-18,1017.6985,1030.5928,1015.4230,1029.4551
2019-01-21,1044.6249,1047.0900,1026.9900,1030.7825
2019-01-22,1027.9383,1029.4554,1010.6828,1014.8545
2019-01-23,1014.6646,1021.6806,1003.0977,1014.2854
2019-01-24,993.9960,1001.7704,988.8762,997.2195
2019-01-25,1001.7704,1018.8363,1001.7704,1009.5449
2019-01-28,1016.5608,1024.7146,1009.5449,1018.8362
2019-01-29,1012.5788,1019.7844,1001.3910,1014.2854
2019-01-30,1008.9758,1010.6824,1001.2014,1001.3909
2019-01-31,1023.7666,1036.6609,1021.6807,1036.6609
2019-02-01,1042.9182,1055.8125,1034.9541,1042.7286
2019-02-04,966.8800,970.2932,950.1933,958.5367
2019-02-05,966.8800,975.2233,948.4867,955.1235
2019-02-06,955.5027,957.7781,915.4925,917.5784
2019-02-07,905.4425,914.3547,891.9793,893.6859
2019-02-08,932.7480,953.7960,929.1452,930.2830
2019-02-12,938.4367,940.3329,913.5963,920.4227
2019-02-13,924.0255,946.5905,924.0255,944.3150
2019-02-14,950.1932,955.5026,939.0056,955.3130
2019-02-15,948.2971,960.6224,942.0395,956.8300
2019-02-18,959.1055,964.4149,950.0037,963.2772
2019-02-19,963.6565,976.3611,961.9498,976.3611
2019-02-20,978.4469,1000.6327,977.6884,1000.0638
2019-02-21,997.4093,1015.9921,991.3413,1012.5790
2019-02-22,997.4091,1012.9581,995.5129,1007.4590
2019-02-25,1013.5269,1023.5768,1011.8202,1019.5948
2019-02-26,1022.0599,1030.9721,1006.1317,1010.8722
2019-02-27,1014.0956,1026.6107,1012.3891,1020.5428
2019-02-28,1023.9560,1026.4211,1011.4411,1012.7683
2019-03-01,1015.9920,1019.7844,1006.5109,1007.8383
2019-03-04,1023.7663,1025.6625,1008.2173,1009.9238
2019-03-05,1002.9079,1013.3371,999.4946,1009.9238
2019-03-06,1010.6826,1017.1298,1006.7006,1010.8722
2019-03-07,1002.3392,1004.6146,990.0138,991.5308
2019-03-08,974.6545,987.1694,959.4847,960.0536
2019-03-11,950.9517,956.0715,940.7122,951.1414
2019-03-12,975.4130,980.9120,970.8621,975.6026
2019-03-13,977.1193,988.3070,968.5864,972.7581
2019-03-14,986.0318,990.7723,975.7922,976.3611
2019-03-15,966.5008,979.2054,961.7602,970.6724
2019-03-18,969.5347,973.5168,964.2253,972.1895
2019-03-19,975.9818,978.0676,966.3111,973.1375
2019-03-20,929.1454,942.9877,928.1973,938.8161
2019-03-22,903.5464,907.5285,887.4286,892.9276
2019-03-25,862.7778,879.4645,854.6241,875.2928
2019-03-26,882.1193,904.3049,880.4126,899.9437
2019-03-27,910.2266,911.3691,895.5639,907.5607
2019-03-28,896.8969,898.4203,884.7098,886.2332
2019-03-29,894.9925,895.7542,882.9959,884.5192
2019-04-01,897.0872,909.4648,894.2308,904.7042
2019-04-02,914.7967,914.7967,894.4214,895.3735
2019-04-03,892.5172,901.4671,891.5651,898.8011
2019-04-04,894.0405,899.9436,886.4235,886.8044
2019-04-05,897.6585,917.4625,897.4680,917.0817
2019-04-08,928.6976,930.7923,907.7510,912.1307
2019-04-09,980.6833,994.7747,963.7356,994.5842
2019-04-10,971.1620,986.0151,964.1163,977.2556
2019-04-11,962.9739,981.0642,961.6409,975.9227
2019-04-12,983.7300,994.5842,974.9705,990.3948
2019-04-15,1004.4863,1015.9117,993.2512,994.0129
2019-04-16,1007.3425,1023.3382,1005.6287,1019.5297
2019-04-17,1019.9108,1031.3362,1013.2459,1021.2438
2019-04-18,1015.1504,1021.6248,1005.4388,1009.0569
2019-04-19,1019.7202,1024.0999,1012.8650,1015.1500
2019-04-22,1007.3428,1019.7203,1005.0577,1011.1512
2019-04-23,1009.2470,1014.5788,1004.8672,1006.9619
2019-04-24,1022.3863,1023.3384,984.1110,986.2057
2019-04-25,993.8226,1002.9629,986.9672,1001.0587
2019-04-26,980.8738,997.2503,975.9228,992.4897
2019-05-07,1047.3318,1060.8518,1025.6234,1029.8127
2019-05-08,1028.0991,1036.6682,1014.5789,1022.1959
2019-05-09,1003.5342,1019.3394,996.1076,1014.9597
2019-05-10,1027.3373,1048.2839,1018.9586,1029.8127
2019-05-13,1018.5778,1030.0032,1013.0555,1022.7670
2019-05-14,992.1088,1003.5343,989.4429,1002.2013
2019-05-15,1009.0565,1042.1902,1005.8193,1042.1902
2019-05-16,1034.0022,1034.0022,1015.9119,1022.3864
2019-05-17,1085.4166,1134.1650,1081.6081,1123.5013
2019-05-20,1105.4110,1119.5024,1093.2238,1117.7886
2019-05-21,1096.4612,1099.3175,1065.2317,1068.2784
2019-05-22,1083.5121,1083.5121,1058.3761,1061.4230
2019-05-23,1043.1423,1045.4274,1019.3393,1021.8148
2019-05-24,1004.8670,1030.1933,999.1542,1020.6721
2019-05-27,1019.7200,1035.9061,1012.2934,1032.6688
2019-05-28,1034.5734,1045.4276,1032.6691,1039.3340
2019-05-29,1022.5765,1025.4329,1009.8181,1011.9128
2019-05-30,1001.8203,1018.0063,994.2033,1016.1021
2019-05-31,1001.8203,1015.1500,998.2023,1001.0587
2019-06-03,982.0163,1003.7246,981.2546,984.1110
2019-06-04,982.3972,985.2536,965.4494,968.1154
2019-06-05,990.9663,997.4407,985.0631,992.6801
2019-06-06,982.2068,990.3950,977.0653,977.0653
2019-06-07,979.1598,995.9171,977.2556,995.7267
2019-06-10,1008.8658,1021.2434,1003.3436,1020.6721
2019-06-11,1020.8629,1032.0979,1020.1012,1025.8140
2019-06-12,1015.5308,1023.3383,1012.6745,1013.2457
2019-06-13,1022.0052,1030.7647,1012.2935,1015.7213
2019-06-14,1034.0021,1056.4721,1028.4798,1046.9509
2019-06-17,1064.8505,1083.5120,1058.9473,1073.0387
2019-06-18,1057.0431,1077.6090,1054.9485,1070.7537
2019-06-19,1087.8920,1092.8431,1080.0847,1092.2717
2019-06-20,1090.3673,1115.5033,1089.9866,1100.2694
2019-06-21,1099.3174,1109.2195,1074.3719,1075.5144
2019-06-24,1087.3208,1097.2228,1083.1314,1095.3186
2019-06-25,1086.9398,1088.4631,1069.6112,1072.2771
2019-06-26,1072.0867,1083.3218,1070.5633,1072.6580
2019-06-27,1071.1348,1078.5614,1062.7561,1078.1805
2019-06-28,1085.2261,1088.2728,1068.8496,1075.5144
2019-07-01,1104.4587,1107.6959,1089.6056,1100.8406
2019-07-02,1102.3642,1106.3631,1095.1280,1101.0312
2019-07-03,1113.7898,1124.0726,1103.5068,1111.1238
2019-07-04,1118.9311,1123.3109,1110.5525,1122.5492
2019-07-05,1128.6429,1137.9736,1127.3099,1133.0226
2019-07-08,1142.5433,1155.8730,1126.5476,1130.9275
2019-07-09,1127.3095,1137.7828,1120.2638,1121.5968
2019-07-10,1121.5971,1136.4501,1117.7886,1133.9746
2019-07-11,1132.6417,1138.1640,1124.6439,1137.5928
2019-07-12,1146.1618,1152.0649,1141.7819,1151.8745
2019-07-16,1132.8324,1137.9737,1113.0282,1117.0271
2019-07-17,1117.9789,1133.2128,1116.8364,1133.2128
2019-07-18,1116.4554,1117.9788,1090.5578,1093.0333
2019-07-19,1093.6047,1115.8843,1093.4143,1111.6949
2019-07-22,1101.6026,1112.0759,1098.9366,1109.0292
2019-07-23,1104.4588,1122.7394,1099.1269,1114.3608
2019-07-24,1140.6394,1141.5916,1130.9279,1133.9746
2019-07-25,1129.2140,1131.4991,1121.0258,1124.4534
2019-07-26,1128.8332,1136.2598,1124.6438,1134.5459
2019-07-29,1126.5482,1135.6886,1112.2664,1116.6462
2019-07-30,1128.0715,1132.8321,1112.0759,1115.6940
2019-07-31,1161.5861,1189.1976,1161.2052,1174.9158
2019-08-01,1164.6331,1172.0597,1153.2076,1165.9661
2019-08-02,1142.5437,1145.5905,1121.5971,1131.1183
2019-08-05,1112.0758,1119.1215,1090.3674,1098.9365
2019-08-06,1066.3741,1106.7440,1062.7560,1104.0780
2019-08-07,1117.4080,1127.3101,1113.9804,1125.5962
2019-08-08,1117.7884,1128.6426,1109.7906,1116.4554
2019-08-09,1130.7375,1145.2098,1128.0716,1137.4023
2019-08-13,1127.3100,1130.5472,1115.5036,1121.4069
2019-08-14,1148.2564,1148.8277,1121.5971,1126.3577
2019-08-15,1099.5079,1116.6460,1093.9855,1111.6949
2019-08-16,1100.4600,1112.0758,1099.6983,1107.5056
2019-08-19,1123.6915,1130.5468,1111.3139,1122.7394
2019-08-20,1127.5003,1137.2120,1118.7409,1135.8790
2019-08-21,1125.4053,1145.9710,1122.5489,1141.5913
2019-08-22,1148.2565,1151.4937,1112.4568,1114.1705
2019-08-23,1114.9322,1134.7363,1113.0279,1124.0725
2019-08-26,1104.0780,1118.7407,1096.8420,1111.8855
2019-08-27,1116.8367,1122.7398,1115.3134,1120.0740
2019-08-28,1117.2174,1127.6907,1115.8844,1122.1683
2019-08-29,1126.9287,1134.9265,1117.2171,1125.0244
2019-08-30,1139.6873,1150.7319,1131.1182,1150.5415
2019-09-02,1147.4946,1157.3966,1145.9712,1149.3988
2019-09-03,1151.8744,1166.9178,1151.4935,1161.2051
2019-09-04,1167.8698,1174.5347,1158.9199,1171.1071
2019-09-05,1180.6285,1223.0930,1178.7242,1216.6187
2019-09-06,1209.3825,1214.9048,1196.8145,1211.0963
2019-09-09,1218.3324,1237.5653,1216.9994,1236.9939
2019-09-10,1219.8558,1229.1866,1211.0963,1212.8102
2019-09-11,1212.8101,1231.0908,1212.6196,1228.4248
2019-09-12,1236.8036,1248.6099,1235.0897,1240.6121
2019-09-13,1247.4673,1250.1332,1240.2312,1244.8014
2019-09-17,1244.6109,1254.8939,1241.3738,1245.7535
2019-09-18,1234.1374,1234.5183,1200.6228,1218.1418
2019-09-19,1224.8069,1225.3782,1207.4783,1213.9528
2019-09-20,1213.9526,1227.0919,1213.9526,1220.8079
2019-09-24,1213.7621,1225.3779,1212.6195,1221.3790
2019-09-25,1218.7134,1245.7536,1216.6188,1243.0876
2019-09-26,1255.4649,1255.4649,1223.8546,1226.3301
2019-09-27,1223.0830,1233.0159,1191.1831,1213.5321
2019-09-30,1212.9590,1221.9368,1208.9477,1212.3860
2019-10-01,1220.2177,1220.9819,1210.6669,1212.9591
2019-10-02,1197.8686,1203.0261,1182.5872,1184.3064
2019-10-03,1160.6200,1177.2385,1158.7099,1174.3733
2019-10-04,1174.7558,1188.8911,1174.3737,1187.1719
2019-10-07,1193.8573,1195.7674,1182.0142,1185.6436
2019-10-08,1187.5540,1189.6551,1179.9133,1184.6887
2019-10-09,1173.4184,1184.4973,1172.8453,1179.3400
2019-10-10,1173.4182,1178.0027,1161.9572,1172.0811
2019-10-11,1188.1268,1196.3405,1183.1604,1190.0370
2019-10-15,1205.3184,1207.9927,1192.3293,1205.5094
2019-10-16,1216.7795,1221.9370,1210.2848,1217.9255
2019-10-17,1225.3752,1244.8590,1225.1842,1243.5219
2019-10-18,1247.3421,1252.4996,1230.5326,1231.8698
2019-10-21,1237.2184,1237.9824,1222.8921,1233.9711
2019-10-23,1214.8690,1218.4984,1201.8799,1213.9139
2019-10-24,1219.2625,1221.7457,1203.4081,1211.0488
2019-10-25,1215.2513,1227.4764,1199.9699,1206.0825
2019-10-28,1220.2178,1229.3866,1212.0041,1216.7795
2019-10-29,1228.4313,1239.7014,1224.4200,1230.5326
2019-10-30,1239.5105,1239.5105,1209.3297,1215.8243
2019-10-31,1270.2641,1278.8598,1255.3648,1265.4886
2019-11-01,1260.7130,1274.0842,1257.6568,1264.3424
2019-11-05,1278.8600,1287.4557,1269.1181,1278.4779
2019-11-06,1285.5454,1287.8377,1265.6796,1268.3539
2019-11-07,1260.9042,1264.5336,1243.7127,1251.5444
2019-11-08,1260.7135,1264.9159,1250.2075,1254.4099
2019-11-11,1272.9385,1277.7139,1267.0169,1276.5677
2019-11-12,1280.3880,1292.6132,1280.1970,1292.6132
2019-11-13,1296.6244,1309.4226,1296.2423,1301.2089
2019-11-14,1290.1299,1291.4669,1272.7472,1280.0059
2019-11-15,1280.7701,1291.0850,1275.9946,1284.7814
2019-11-18,1292.2309,1309.2315,1289.5566,1307.3213
2019-11-19,1294.9054,1297.0065,1284.3994,1290.3209
2019-11-20,1277.7140,1285.9277,1274.4666,1279.2421
2019-11-21,1273.5116,1280.7702,1252.6907,1267.0170
2019-11-22,1277.3320,1286.8828,1276.1858,1277.1409
2019-11-25,1281.3430,1282.4892,1274.4664,1282.2981
2019-11-26,1296.8157,1317.4455,1294.9055,1317.2544
2019-11-27,1314.7711,1329.0974,1311.3328,1324.1310
2019-11-28,1327.5694,1331.1988,1313.4341,1317.4456
2019-11-29,1327.5691,1342.4684,1316.6811,1318.7823
2019-12-02,1333.2998,1343.8057,1326.8051,1336.7380
2019-12-03,1325.4681,1356.6039,1322.7938,1356.6039
2019-12-04,1346.6709,1355.8397,1335.5920,1355.8397
2019-12-05,1368.0648,1370.9300,1350.4912,1353.9294
2019-12-06,1356.2218,1361.5703,1341.7046,1350.1093
2019-12-09,1362.3344,1369.9750,1361.1882,1364.6266
2019-12-10,1375.3237,1388.3128,1374.9416,1383.9194
2019-12-11,1376.6608,1381.0541,1376.0877,1378.9530
2019-12-12,1394.4252,1398.2456,1382.3912,1394.6162
2019-12-13,1419.8304,1428.0441,1413.7179,1421.7406
2019-12-16,1416.2015,1433.5840,1412.7631,1426.1343
2019-12-17,1431.4827,1431.8646,1417.3474,1424.0330
2019-12-18,1407.7965,1420.9768,1406.8415,1416.0103
2019-12-19,1417.7294,1427.2803,1415.2462,1423.6509
2019-12-20,1407.7963,1409.3244,1392.5149,1399.3915
2019-12-23,1413.7179,1418.4933,1407.9873,1411.9988
2019-12-24,1420.0217,1426.1341,1406.8414,1414.6731
2019-12-25,1414.6729,1417.9202,1409.3245,1416.7742
2019-12-26,1413.3357,1421.1674,1411.0435,1418.6842
2019-12-27,1423.0781,1429.1907,1414.8644,1423.0781
2019-12-30,1417.5382,1417.9203,1404.7402,1413.7179
2020-01-06,1400.3467,1419.0665,1399.2007,1417.3473
2020-01-07,1440.6515,1471.4053,1438.7414,1462.2365
2020-01-08,1450.0111,1471.2140,1435.3028,1463.1913
2020-01-09,1485.1583,1497.3835,1474.0794,1490.6979
2020-01-10,1502.1590,1512.0918,1495.6644,1498.1476
2020-01-14,1518.5865,1549.7223,1517.2493,1535.0139
2020-01-15,1515.7212,1531.1935,1501.9679,1505.2152
2020-01-16,1505.0242,1526.8001,1500.8218,1515.9121
2020-01-17,1531.9578,1535.2052,1513.6202,1513.6202
2020-01-20,1526.6093,1530.6206,1521.6428,1526.4182
2020-01-21,1528.1373,1529.4745,1512.2829,1517.4404
2020-01-22,1510.9459,1524.5081,1508.4627,1520.3058
2020-01-23,1516.6763,1525.6541,1511.3278,1518.5864
2020-01-24,1522.5977,1522.5977,1505.7882,1516.4852
2020-01-27,1489.5518,1515.3391,1475.9896,1502.3500
2020-01-28,1482.4841,1495.6644,1478.4728,1484.7764
2020-01-29,1495.4733,1501.0128,1484.5853,1496.6194
2020-01-30,1485.5405,1485.7314,1451.9214,1464.5286
2020-01-31,1491.2710,1493.3721,1472.3602,1474.2704
2020-02-03,1442.5616,1476.7536,1441.4154,1471.4052
2020-02-04,1461.2813,1475.7986,1441.2245,1470.8322
2020-02-05,1501.7771,1511.1368,1450.9664,1463.0006
2020-02-06,1485.5404,1501.0127,1468.7309,1498.5295
2020-02-07,1507.1255,1509.0357,1488.9789,1494.9004
2020-02-10,1473.1245,1480.1921,1464.5287,1469.1130
2020-02-12,1461.6632,1477.1356,1458.0339,1474.0793
2020-02-13,1478.2820,1482.6754,1462.6186,1465.1018
2020-02-14,1455.5508,1462.0454,1448.8652,1455.9329
2020-02-17,1435.6850,1443.5168,1421.1677,1423.4600
2020-02-18,1394.8075,1408.7518,1382.7735,1387.7399
2020-02-19,1405.3134,1417.7295,1395.1895,1407.7966
2020-02-20,1432.6289,1452.3036,1424.9882,1436.8313
2020-02-21,1424.2239,1441.7975,1423.2689,1428.6174
2020-02-25,1357.1769,1397.2905,1354.5026,1388.5038
2020-02-26,1372.4581,1372.4581,1342.0863,1366.7275
2020-02-27,1346.8622,1348.1993,1304.6474,1313.6252
2020-02-28,1279.8150,1292.9953,1255.3649,1262.8145
2020-03-02,1260.5224,1329.0975,1258.9942,1312.8611
2020-03-03,1344.9518,1347.2441,1299.8718,1299.8718
2020-03-04,1286.1186,1314.1982,1283.0624,1301.0179
2020-03-05,1320.1196,1329.2885,1308.8496,1323.5580
2020-03-06,1298.1527,1307.3216,1272.1744,1280.5792
2020-03-09,1227.0943,1231.4877,1171.8903,1186.9807
2020-03-10,1167.8789,1239.5104,1136.5521,1226.1392
2020-03-11,1203.0265,1227.6678,1169.4075,1173.8009
2020-03-12,1146.1030,1167.6879,1111.5289,1123.5630
2020-03-13,1046.0102,1142.2829,1011.8182,1110.0010
2020-03-16,1107.8994,1142.0915,1069.6960,1075.9995
2020-03-17,1064.3478,1141.7098,1050.4036,1114.2032
2020-03-18,1142.2826,1198.6327,1136.7431,1144.5748
2020-03-19,1171.5083,1184.3065,1088.7979,1132.5409
2020-03-23,1106.7534,1132.7317,1092.6181,1120.5066
2020-03-24,1139.6083,1183.9243,1129.2935,1183.9243
2020-03-25,1209.1388,1246.0051,1208.7567,1241.6117
2020-03-26,1222.5098,1233.7798,1208.1835,1222.5098
2020-03-27,1260.7132,1277.5227,1243.5217,1277.5227
2020-03-30,1243.9694,1252.4057,1218.2771,1233.6158
2020-03-31,1246.8454,1259.4999,1223.4538,1231.1232
2020-04-01,1217.5100,1228.4388,1181.2722,1194.1184
2020-04-02,1185.6823,1223.0705,1184.1484,1212.1416
2020-04-03,1217.5101,1233.6158,1185.6823,1200.2540
2020-04-06,1210.6077,1263.1427,1202.1713,1255.8568
2020-04-07,1294.2036,1304.3655,1251.0635,1282.6996
2020-04-08,1282.6994,1291.7109,1256.8153,1285.0002
2020-04-09,1300.7229,1301.2980,1273.4966,1286.7262
2020-04-10,1267.5525,1285.1921,1254.3230,1278.8649
2020-04-13,1263.7180,1269.0866,1244.5446,1247.6124
2020-04-14,1245.8868,1270.8122,1241.0934,1268.5114
2020-04-15,1271.1958,1303.5989,1261.8008,1297.4634
2020-04-16,1284.8088,1290.3691,1279.8237,1284.6171
2020-04-17,1313.3772,1339.2613,1302.0649,1336.1936
2020-04-20,1335.8100,1346.7388,1315.8696,1318.7456
2020-04-21,1309.3506,1325.6480,1284.8086,1288.8351
2020-04-22,1279.6321,1295.3542,1261.0339,1292.8617
2020-04-23,1297.4631,1304.3655,1288.0681,1296.3126
2020-04-24,1280.2070,1289.4102,1275.2218,1285.7672
2020-04-27,1300.5309,1305.5161,1290.7525,1299.7640
2020-04-28,1284.2335,1308.0085,1284.2335,1296.6962
2020-04-30,1322.9640,1343.8630,1309.5426,1329.0995
2020-05-01,1307.2414,1313.9521,1294.5870,1304.9406
2020-05-07,1294.0118,1305.3240,1287.6845,1302.2563
2020-05-08,1322.7720,1335.8099,1314.1440,1332.1669
2020-05-11,1344.4379,1367.4460,1340.2198,1353.4495
2020-05-12,1357.4759,1367.0626,1353.4495,1355.7502
2020-05-13,1345.0131,1357.4758,1338.6860,1355.3668
2020-05-14,1307.4332,1324.3058,1302.4481,1302.6399
2020-05-15,1325.2646,1343.2875,1313.9522,1316.2531
2020-05-18,1303.7901,1316.6363,1277.5226,1281.7407
2020-05-19,1313.7605,1342.1371,1300.1473,1323.3472
2020-05-20,1289.7937,1311.4596,1276.1806,1293.6284
2020-05-21,1305.7077,1318.5539,1300.3391,1302.8317
2020-05-22,1310.5008,1325.2643,1294.0117,1298.6133
2020-05-25,1317.7867,1318.1702,1287.8763,1294.2035
2020-05-26,1303.7904,1303.7904,1282.6997,1291.7112
2020-05-27,1282.6995,1294.3952,1278.8648,1294.2035
2020-05-28,1305.5162,1321.6218,1292.4782,1319.8962
2020-05-29,1331.4000,1337.5354,1317.9786,1317.9786
2020-06-01,1324.8810,1336.9602,1314.3356,1336.9602
2020-06-02,1347.3142,1379.3338,1347.3142,1367.6379
2020-06-03,1393.9052,1394.8639,1359.5848,1371.0889
2020-06-04,1393.9051,1406.1761,1378.1829,1393.3300
2020-06-05,1370.8972,1395.8226,1370.1302,1395.8226
2020-06-08,1414.4206,1420.1726,1405.4091,1418.0635
2020-06-09,1420.7481,1425.9249,1405.7929,1419.2142
2020-06-10,1413.4623,1442.6058,1407.3267,1437.2372
2020-06-11,1450.8503,1467.5311,1432.4438,1437.0454
2020-06-12,1400.9994,1428.2257,1380.6756,1419.5977
2020-06-15,1400.6159,1434.5528,1397.7399,1402.9167
2020-06-16,1430.5263,1441.8387,1421.8983,1434.1693
2020-06-17,1457.1775,1481.1443,1448.3578,1470.4072
2020-06-18,1458.3277,1475.5837,1457.7525,1469.6400
2020-06-19,1470.7906,1473.2833,1455.0685,1459.4784
2020-06-22,1470.5989,1477.3096,1457.5610,1458.5197
2020-06-23,1467.3392,1469.4483,1442.9890,1464.8467
2020-06-24,1467.1478,1477.3096,1461.9709,1466.7643
2020-06-25,1455.2599,1467.1474,1448.3575,1448.5492
2020-06-26,1444.1396,1448.3578,1436.8537,1441.6471
2020-06-29,1439.9214,1439.9214,1399.8490,1402.1498
2020-06-30,1418.8308,1429.1844,1406.9432,1415.7631
2020-07-01,1430.1428,1435.7030,1417.8718,1424.9659
2020-07-02,1448.7413,1452.7678,1432.2523,1438.0043
2020-07-03,1438.1957,1443.9477,1430.9098,1440.1130
2020-07-06,1447.2071,1453.3427,1439.9213,1453.3427
2020-07-07,1432.4436,1447.0155,1425.5413,1438.3875
2020-07-08,1431.2933,1437.0453,1424.5826,1424.5826
2020-07-09,1428.6092,1480.9527,1424.7746,1471.1742
2020-07-10,1483.8285,1518.3406,1472.1327,1491.6896
2020-07-13,1531.3785,1558.6048,1518.1488,1553.0444
2020-07-14,1534.2546,1542.8826,1515.8481,1522.3671
2020-07-15,1531.3785,1559.5634,1527.3520,1558.0294
2020-07-16,1572.2179,1595.6094,1562.0560,1567.6162
2020-07-17,1574.1351,1577.9698,1545.3750,1555.9204
2020-07-20,1563.9733,1582.3797,1553.8114,1581.6128
2020-07-21,1602.5116,1618.8090,1598.4852,1606.5381
2020-07-22,1581.8047,1597.1434,1581.8047,1583.7220
2020-07-27,1543.4578,1579.6956,1543.4578,1571.4509
2020-07-28,1590.0492,1592.3500,1579.5038,1583.3385
2020-07-29,1564.5484,1576.8194,1561.2889,1566.0823
2020-07-30,1572.0260,1585.4474,1558.9880,1569.1500
2020-07-31,1573.7515,1576.2440,1546.3336,1548.4426
2020-08-03,1573.3680,1601.3612,1565.1234,1594.0753
2020-08-04,1647.3777,1669.0436,1632.2307,1665.4006
2020-08-05,1668.8515,1694.5438,1626.8618,1638.5575
2020-08-06,1658.4981,1659.2651,1621.8770,1623.6025
2020-08-07,1611.7148,1637.7906,1608.4554,1634.5311
2020-08-11,1632.8058,1637.4075,1616.1250,1636.8323
2020-08-12,1636.2570,1636.4487,1615.5497,1622.4521
2020-08-13,1658.6898,1673.8369,1655.8138,1668.0848
2020-08-14,1689.3673,1708.3490,1680.7392,1701.8300
2020-08-17,1697.2283,1710.2662,1690.9011,1692.2432
2020-08-18,1687.4498,1690.7093,1672.3028,1681.1226
2020-08-19,1652.3626,1662.7162,1634.5313,1634.7230
2020-08-20,1634.7230,1636.4487,1591.3912,1601.7449
2020-08-21,1601.1693,1604.8123,1584.2968,1588.3232
2020-08-24,1591.3911,1613.0570,1583.1465,1611.9066
2020-08-25,1620.1512,1625.5197,1605.9628,1614.9744
2020-08-26,1628.7791,1643.5426,1623.7941,1643.3508
2020-08-27,1658.4980,1664.0584,1629.3545,1641.0503
2020-08-28,1629.9294,1638.3657,1576.6274,1587.5563
2020-08-31,1610.9482,1614.5910,1590.0491,1593.1169
2020-09-01,1592.3500,1601.3616,1578.5452,1600.7864
2020-09-02,1618.2341,1619.3844,1609.7978,1614.3994
2020-09-03,1628.7791,1628.7791,1606.9214,1615.5494
2020-09-04,1589.0906,1600.0194,1578.3535,1589.0906
2020-09-07,1576.0523,1588.1315,1568.5746,1571.8341
2020-09-08,1581.4211,1581.6129,1564.3569,1578.9286
2020-09-09,1550.1683,1555.1534,1536.1718,1548.8262
2020-09-10,1577.2029,1607.4969,1564.7402,1575.2855
2020-09-11,1572.9846,1584.6803,1560.7136,1574.3267
2020-09-14,1577.2028,1589.4738,1568.3831,1583.1466
2020-09-15,1589.4740,1599.6359,1528.5026,1544.9917
2020-09-16,1552.4692,1574.1351,1532.5289,1574.1351
2020-09-17,1585.6391,1588.8986,1557.4542,1559.1798
2020-09-18,1562.0559,1601.1696,1558.6047,1595.8010
2020-09-23,1598.4853,1600.5943,1564.3567,1572.9847
2020-09-24,1567.0408,1578.5448,1563.5896,1563.5896
2020-09-25,1570.6840,1573.9435,1553.0444,1553.0444
2020-09-28,1558.7965,1568.1915,1549.7850,1568.1915
2020-09-29,1575.3071,1585.5003,1569.5375,1577.0381
2020-09-30,1576.2690,1576.8460,1542.8051,1544.7283
2020-10-02,1541.4584,1558.3827,1482.8003,1491.0701
2020-10-05,1504.3405,1524.9189,1491.6472,1517.8030
2020-10-06,1519.5338,1520.8801,1488.9548,1505.4944
2020-10-07,1500.1095,1502.4174,1486.4547,1494.3398
2020-10-08,1491.0703,1509.7256,1487.2239,1506.2638
2020-10-09,1509.7253,1523.5725,1507.2252,1512.0332
2020-10-12,1502.0326,1506.0713,1484.9159,1493.9551
2020-10-13,1516.0721,1522.8033,1508.7639,1521.2648
2020-10-14,1511.6488,1515.3029,1495.6861,1502.2250
2020-10-15,1494.5319,1500.4940,1486.8390,1491.8395
2020-10-16,1480.8774,1482.6083,1454.7217,1462.2222
2020-10-19,1474.3382,1506.4560,1470.6842,1494.1475
2020-10-20,1511.4565,1533.3811,1502.6097,1519.3417
2020-10-21,1537.4200,1544.9205,1513.3798,1518.5724
2020-10-22,1500.1094,1508.9562,1497.2246,1503.1865
2020-10-23,1497.0324,1511.4565,1489.7241,1503.9559
2020-10-26,1517.4181,1551.0744,1515.4949,1541.8430
2020-10-27,1525.1112,1559.9214,1520.4954,1557.8059
2020-10-28,1561.0753,1586.4618,1556.0749,1586.2694
2020-10-29,1634.7348,1697.6240,1634.1578,1692.4313
2020-10-30,1673.1990,1695.3160,1663.5830,1668.1987
2020-11-02,1692.0465,1701.8550,1678.1993,1686.2769
2020-11-04,1717.6253,1737.0499,1698.9702,1712.2404
2020-11-05,1740.5116,1774.9373,1734.9342,1774.9373
2020-11-06,1785.5150,1788.5921,1757.8206,1758.7822
2020-11-09,1778.9757,1782.6299,1764.5516,1773.2061
2020-11-10,1730.8955,1756.0896,1709.3554,1715.5098
2020-11-11,1718.9715,1738.5884,1702.0473,1738.5884
2020-11-12,1769.3597,1772.2446,1744.1656,1761.6669
2020-11-13,1778.7836,1835.7108,1769.3598,1793.5923
2020-11-16,1798.5928,1825.3254,1793.5924,1825.3254
2020-11-17,1823.2100,1823.7869,1795.3233,1809.3628
2020-11-18,1803.0161,1805.3240,1768.9751,1776.4757
2020-11-19,1751.8586,1785.8995,1748.2045,1778.7837
2020-11-20,1769.3596,1776.0908,1750.8967,1776.0908
2020-11-24,1810.7088,1826.8639,1805.5161,1825.1329
2020-11-25,1827.0564,1895.1384,1824.9409,1886.6761
2020-11-26,1877.0600,1887.6377,1864.5591,1875.9061
2020-11-27,1883.5990,1896.2922,1866.6746,1887.0608
2020-11-30,1884.7530,1892.4459,1866.2902,1866.2902
2020-12-01,1885.5221,1908.7930,1876.2906,1884.7528
2020-12-02,1882.0603,1884.5605,1843.7883,1849.7502
2020-12-03,1839.7495,1878.0216,1838.9803,1878.0216
2020-12-04,1884.7528,1889.3686,1866.0976,1876.4830
2020-12-07,1888.5993,1889.1762,1848.2117,1860.7126
2020-12-08,1872.2521,1873.7906,1843.2116,1866.2902
2020-12-09,1866.2900,1900.1385,1862.8281,1898.6000
2020-12-10,1893.9841,1896.8690,1874.7520,1888.2145
2020-12-11,1898.2156,1905.9085,1888.5995,1895.9077
2020-12-14,1889.5609,1891.4842,1873.4059,1881.4834
2020-12-15,1890.5226,1894.1767,1864.5591,1871.2904
2020-12-16,1871.4826,1879.3679,1863.7898,1878.0216
2020-12-17,1889.5610,1933.7950,1881.8682,1928.0254
2020-12-18,1939.5646,2028.9942,1936.6798,1972.2593
2020-12-21,1992.4531,2030.9174,1973.2209,2001.1075
2020-12-22,1964.5661,1978.0287,1923.2170,1931.8715
2020-12-23,1937.6412,1952.0653,1923.0248,1952.0653
2020-12-24,1955.9117,1965.5278,1929.9483,1940.5260
2020-12-25,1931.8717,1932.8333,1912.0626,1914.1781
2020-12-28,1913.6012,1964.5665,1909.1778,1957.8352
2020-12-29,1981.8754,2014.5701,1981.8754,1998.2228
2020-12-30,1991.4915,1992.4531,1959.7584,1978.0289
2021-01-04,2009.7619,2025.1476,1983.7985,2006.8771
2021-01-05,1980.9138,2042.4568,1980.9138,2032.8407
2021-01-06,2030.9173,2038.6102,1985.7217,1986.6833
2021-01-07,2019.3783,2029.9560,2000.1461,2007.8390
2021-01-08,2008.8000,2060.7268,1998.2223,2060.7268
2021-01-12,2062.6509,2088.6144,2030.9178,2086.6912
2021-01-13,2085.7292,2088.6140,2055.9193,2057.8425
2021-01-14,2071.3047,2077.0743,2045.3413,2067.4583
2021-01-15,2065.5354,2066.4970,2011.6853,2030.9175
2021-01-18,2023.2246,2026.1094,1994.3763,2015.5317
2021-01-19,2030.9174,2045.3416,2021.3013,2039.5719
2021-01-20,2059.7656,2066.4969,2023.2245,2036.6870
2021-01-21,2037.6487,2051.1112,2021.3013,2039.5719
2021-01-22,2013.6085,2021.3014,1997.2612,2015.5317
2021-01-25,2011.6854,2017.4551,1953.0273,1980.9139
2021-01-26,1971.2977,1988.6066,1953.9887,1978.0289
2021-01-27,1980.9137,2000.1459,1947.2574,1975.1440
2021-01-28,1913.6013,1937.6415,1906.8700,1929.9486
2021-01-29,1968.4130,1968.4130,1916.1015,1932.8335
2021-02-01,1922.8327,1963.6049,1919.3709,1953.0272
2021-02-02,2009.7623,2032.8409,1982.8372,2012.6471
2021-02-03,2020.3400,2052.0731,1993.4149,2045.3418
2021-02-04,2204.0070,2267.4731,2179.9668,2240.5481
2021-02-05,2217.4695,2412.6761,2215.5463,2394.4055
2021-02-08,2349.2097,2401.1366,2322.2847,2326.1311
2021-02-09,2304.0140,2323.2461,2231.8933,2274.2041
2021-02-10,2288.6283,2317.4766,2262.6649,2305.9373
2021-02-12,2301.1296,2307.8609,2266.5117,2278.0510
2021-02-15,2306.8994,2313.6306,2288.6288,2302.0913
2021-02-16,2310.7457,2391.5208,2306.8992,2354.0181
2021-02-17,2345.3631,2379.9810,2329.9774,2346.3247
2021-02-18,2333.8243,2355.9413,2303.0528,2307.8608
2021-02-19,2269.3963,2316.5151,2269.3963,2301.1294
2021-02-22,2347.2865,2351.1330,2294.3981,2304.0142
2021-02-24,2277.0889,2284.7818,2178.0432,2178.0432
2021-02-25,2243.4329,2260.7419,2217.4695,2225.1624
2021-02-26,2144.3876,2187.6600,2138.6179,2138.6179
2021-03-01,2179.0053,2206.8920,2167.4660,2193.4294
2021-03-02,2240.5473,2240.5473,2161.6954,2181.8892
2021-03-03,2168.4277,2190.5447,2155.9268,2179.0054
2021-03-04,2130.9246,2134.7711,2094.3835,2124.1934
2021-03-05,2095.3455,2158.8116,2066.4972,2156.8884
2021-03-08,2185.7362,2191.5059,2100.1531,2119.3853
2021-03-09,2077.0748,2093.4222,2034.7640,2078.9980
2021-03-10,2134.7712,2144.3873,2102.0765,2115.5391
2021-03-11,2095.3454,2131.8865,2084.7677,2117.4624
2021-03-12,2136.6946,2181.8902,2131.8865,2179.0054
2021-03-15,2196.3140,2196.3140,2166.5041,2192.4675
2021-03-16,2205.9301,2241.5096,2202.0837,2228.0471
2021-03-17,2201.1220,2244.3943,2199.1987,2226.1238
2021-03-18,2238.6249,2271.3196,2229.0088,2236.7017
2021-03-19,2204.0070,2246.3178,2200.1606,2222.2776
2021-03-22,2205.9301,2223.2390,2186.6979,2204.0068
2021-03-23,2240.5478,2265.5497,2212.6612,2217.4692
2021-03-24,2210.7381,2220.3542,2154.9648,2158.8113
2021-03-25,2148.2339,2166.5045,2121.3089,2156.8884
2021-03-26,2157.8500,2219.3930,2144.3875,2199.1992
2021-03-29,2246.3176,2262.6649,2210.7380,2237.6631
2021-03-30,2243.4475,2252.1244,2207.7760,2216.4529
2021-03-31,2252.1250,2291.6528,2235.7354,2235.7354
2021-04-01,2260.8018,2281.0477,2200.0638,2246.3403
2021-04-02,2297.4370,2352.3904,2294.5447,2352.3904
2021-04-05,2377.4573,2393.8469,2358.1754,2377.4573
2021-04-06,2387.0984,2387.0984,2309.0067,2329.2527
2021-04-07,2334.0725,2355.2825,2309.0060,2345.6416
2021-04-08,2318.6473,2322.5037,2290.6885,2294.5449
2021-04-09,2337.9291,2370.7083,2323.4676,2358.1750
2021-04-12,2352.3903,2354.3185,2317.6829,2347.5698
2021-04-13,2362.0315,2378.4211,2347.5701,2348.5342
2021-04-14,2381.3132,2385.1696,2348.5340,2350.4622
2021-04-15,2356.2468,2379.3850,2345.6417,2353.3545
2021-04-16,2352.3910,2354.3191,2328.2886,2329.2527
2021-04-19,2323.4678,2332.1447,2303.2218,2311.8987
2021-04-20,2292.6166,2292.6166,2260.8015,2287.7961
2021-04-21,2236.6994,2247.3044,2210.6688,2231.8789
2021-04-22,2267.5504,2268.5145,2230.9148,2259.8376
2021-04-23,2265.6224,2292.6170,2260.8019,2282.9761
2021-04-26,2282.0118,2286.8322,2250.1966,2255.9812
2021-04-27,2236.6990,2244.4117,2201.0275,2207.7761
2021-04-28,2252.1245,2296.4728,2232.8426,2277.1909
2021-04-30,2194.2789,2195.2430,2101.7258,2101.7258
2021-05-06,2119.0794,2121.0076,2060.2696,2066.0542
2021-05-07,2038.0956,2042.9161,2016.8855,2018.8137
2021-05-10,2048.7002,2107.5100,2041.9516,2078.5872
2021-05-11,2020.7418,2050.6287,2003.3881,2005.3163
2021-05-12,2005.3166,2030.3830,1962.8964,1986.0347
2021-05-13,1955.1837,1964.8247,1926.0681,1926.0681
2021-05-14,1955.1834,2002.4240,1955.1834,1971.5730
2021-05-17,2023.6342,2029.4188,1972.5372,1991.8191
2021-05-18,1973.5014,2007.2447,1945.5426,1989.8910
2021-05-19,1976.3938,2012.0653,1966.7528,2009.1730
2021-05-20,2019.7780,2035.2035,2003.3883,2019.7780
2021-05-21,2024.5981,2040.0236,2013.0290,2029.4186
2021-05-24,2019.7781,2043.8804,2010.1371,2026.5267
2021-05-25,2042.9163,2081.4801,2035.2036,2073.7673
2021-05-26,2101.7256,2102.6897,2060.2696,2063.1619
2021-05-27,2076.6593,2091.1207,2054.4851,2082.4438
2021-05-28,2101.7261,2128.7207,2083.4083,2115.2234
2021-05-31,2126.7926,2139.3259,2079.5520,2079.5520
2021-06-01,2092.0849,2097.8695,2066.0543,2088.2285
2021-06-02,2099.7976,2106.5462,2078.5875,2083.4080
2021-06-03,2078.5874,2114.2589,2071.8388,2093.0488
2021-06-04,2087.2647,2107.5107,2082.4443,2105.5825
2021-06-07,2126.7924,2130.6487,2073.7672,2092.0850
2021-06-08,2094.9772,2120.0437,2088.2286,2120.0437
2021-06-09,2088.2288,2100.7620,2058.3418,2073.7673
2021-06-10,2060.2699,2097.8696,2055.4494,2081.4800
2021-06-11,2096.9055,2103.6541,2080.5159,2094.0132
2021-06-14,2094.0130,2103.6540,2080.5157,2086.3003
2021-06-15,2106.5464,2137.3975,2104.6183,2123.9001
2021-06-16,2106.5461,2107.5102,2061.2337,2063.1619
2021-06-17,2046.7725,2059.3057,2008.2087,2014.9574
2021-06-18,2057.3774,2059.3055,2022.6700,2024.5981
2021-06-21,2026.5267,2039.0599,2017.8499,2032.3113
2021-06-22,2068.9475,2102.6908,2054.4861,2095.9421
2021-06-23,2082.4441,2083.4082,2050.6290,2053.5212
2021-06-24,2053.5218,2061.2346,2040.9886,2060.2705
2021-06-25,2078.5876,2092.0850,2065.0903,2092.0850
2021-06-28,2082.4448,2100.7626,2079.5525,2095.9421
2021-06-29,2108.4741,2127.7560,2101.7254,2121.0073
2021-06-30,2101.7258,2112.3308,2072.8030,2085.3362
2021-07-01,2101.7257,2109.4385,2078.5875,2109.4385
2021-07-02,2138.3617,2194.2792,2124.8644,2186.5664
2021-07-05,2183.6740,2190.4227,2152.8230,2167.2844
2021-07-06,2184.6381,2205.8482,2166.3203,2167.2844
2021-07-07,2130.6484,2169.2122,2126.7921,2145.1099
2021-07-08,2137.3973,2147.0383,2116.1873,2116.1873
2021-07-09,2121.0080,2142.2181,2093.0493,2131.6130
2021-07-12,2163.4279,2221.2736,2155.7151,2214.5249
2021-07-13,2240.5555,2265.6219,2215.4890,2229.9504
2021-07-14,2217.4173,2245.3761,2208.7405,2237.6633
2021-07-15,2228.0222,2229.9504,2197.1712,2199.0994
2021-07-16,2173.0689,2175.9612,2150.8948,2150.8948
2021-07-19,2122.9360,2144.1461,2103.6541,2107.5105
2021-07-20,2068.9474,2086.3011,2046.7732,2060.2705
2021-07-21,2121.0080,2125.8285,2095.9415,2102.6902
2021-07-26,2159.5715,2174.0329,2110.4027,2116.1873
2021-07-27,2116.1873,2144.1460,2114.2591,2130.6487
2021-07-28,2150.8947,2197.1712,2134.5051,2147.0383
2021-07-29,2204.8841,2243.4479,2193.3149,2221.2737
2021-07-30,2221.2737,2241.5197,2166.3203,2193.3149
2021-08-02,2193.3150,2228.9865,2179.8177,2227.0583
2021-08-03,2217.4175,2217.4175,2191.3870,2206.8125
2021-08-04,2148.9666,2157.6434,2129.6847,2135.4692
2021-08-05,2178.8537,2192.3510,2117.1517,2190.4229
2021-08-06,2192.3509,2226.0942,2188.4946,2198.1355
2021-08-10,2149.9310,2174.0334,2121.9723,2143.1824
2021-08-11,2144.1462,2156.6794,2132.5771,2142.2180
2021-08-12,2143.1820,2146.0743,2120.0438,2122.9360
2021-08-13,2144.1461,2162.4639,2122.9361,2152.8230
2021-08-16,2139.3258,2146.0745,2097.8697,2104.6184
2021-08-17,2092.0848,2099.7975,2067.0183,2067.0183
2021-08-18,2062.1980,2113.2950,2061.2339,2101.7258
2021-08-19,2078.5880,2083.4085,2044.8447,2044.8447
2021-08-20,2034.2391,2075.6952,2033.2750,2047.7365
2021-08-23,2072.8026,2132.5765,2071.8385,2121.0073
2021-08-24,2184.6379,2214.5248,2180.7815,2195.2429
2021-08-25,2221.2735,2228.0222,2199.0993,2210.6685
2021-08-26,2228.0223,2228.0223,2163.4280,2177.8894
2021-08-27,2153.7871,2174.0331,2137.3975,2165.3562
2021-08-30,2174.9972,2184.6381,2151.8589,2166.3203
2021-08-31,2168.2487,2206.8125,2149.9309,2190.4229
2021-09-01,2196.2070,2225.1298,2195.2429,2205.8479
2021-09-02,2225.1301,2239.5915,2218.3814,2236.6992
2021-09-03,2251.1606,2313.8267,2238.6274,2290.6885
2021-09-06,2306.1140,2313.8267,2279.1193,2304.1858
2021-09-07,2313.8266,2356.2468,2298.4011,2310.9343
2021-09-08,2289.7247,2309.0066,2272.3710,2308.0425
2021-09-09,2299.3657,2323.4680,2294.5452,2323.4680
2021-09-10,2352.3905,2370.7083,2337.9291,2359.1392
2021-09-13,2314.7908,2358.1750,2313.8267,2358.1750
2021-09-14,2371.6720,2382.2771,2356.2465,2381.3130
2021-09-15,2379.3852,2385.1697,2339.8573,2346.6060
2021-09-16,2359.1390,2381.3132,2337.9290,2365.8877
2021-09-17,2377.4562,2381.3126,2345.6411,2374.5640
2021-09-21,2331.1800,2392.8821,2319.6109,2379.3848
2021-09-22,2368.7803,2403.4877,2354.3189,2383.2417
2021-09-24,2441.0871,2506.6455,2426.6257,2506.6455
2021-09-27,2543.2815,2545.2097,2498.9331,2499.8972
2021-09-28,2487.3641,2504.7178,2448.8003,2491.2205
2021-09-29,2441.9367,2446.7684,2374.2930,2404.2495
2021-09-30,2401.3509,2421.6440,2372.3607,2407.1489
2021-10-01,2370.4276,2386.8553,2326.9424,2335.6394
2021-10-04,2359.7978,2375.2592,2301.8175,2313.4136
2021-10-05,2275.7267,2298.9189,2255.4336,2277.6594
2021-10-06,2277.6594,2323.0773,2225.4771,2246.7366
2021-10-07,2251.5681,2278.6256,2241.9047,2260.2651
2021-10-08,2293.1206,2317.2791,2278.6256,2292.1543
2021-10-11,2337.5723,2394.5862,2317.2792,2393.6199
2021-10-12,2421.6438,2432.2735,2374.2932,2382.9902
2021-10-13,2376.2259,2390.7210,2360.7645,2388.7883
2021-10-14,2405.2159,2426.4753,2396.5189,2426.4753
2021-10-15,2483.4898,2502.8165,2458.3650,2491.2205
2021-10-18,2471.8932,2474.7922,2439.0377,2450.6338
2021-10-19,2451.6003,2485.4221,2446.7686,2461.2637
2021-10-20,2491.2201,2504.7489,2468.0280,2477.6914
2021-10-21,2462.2299,2480.5904,2438.0715,2447.7349
2021-10-22,2462.2295,2478.6573,2441.9364,2476.7246
2021-10-25,2488.3207,2525.0415,2482.5226,2525.0415
2021-10-26,2549.2004,2591.7192,2541.4696,2591.7192
2021-10-27,2569.4936,2581.0896,2507.6479,2532.7727
2021-10-28,2474.7922,2518.2774,2470.9268,2492.1863
2021-10-29,2608.1466,2609.1130,2489.2870,2539.5366
2021-11-01,2686.4200,2728.9389,2657.4298,2676.7566
2021-11-02,2667.0935,2711.5451,2656.4638,2682.5549
2021-11-04,2686.4203,2712.5115,2667.0936,2704.7808
2021-11-05,2686.4205,2717.3434,2679.6562,2714.4443
2021-11-08,2727.0064,2753.0975,2677.7231,2702.8479
2021-11-09,2704.7804,2723.1408,2676.7566,2676.7566
2021-11-10,2678.6898,2688.3531,2647.7669,2652.5986
2021-11-11,2667.0942,2690.2864,2638.1041,2667.0942
2021-11-12,2677.7235,2711.5453,2672.8918,2698.0166
2021-11-15,2719.2757,2727.0064,2706.7133,2724.1074
2021-11-16,2719.2759,2767.5928,2706.7135,2767.5928
2021-11-17,2821.7075,2826.5392,2738.6025,2749.2322
2021-11-18,2760.8282,2798.5154,2727.9727,2773.3906
2021-11-19,2758.8953,2784.0201,2753.0973,2772.4241
2021-11-22,2752.1314,2767.5928,2735.7036,2759.8621
2021-11-24,2712.5115,2748.2661,2698.9828,2718.3096
2021-11-25,2738.6027,2784.9870,2726.0403,2755.9968
2021-11-26,2726.0400,2729.9054,2688.3528,2702.8479
2021-11-29,2651.6324,2719.2761,2651.6324,2657.4304
2021-11-30,2686.4204,2743.4343,2670.9590,2671.9253
2021-12-01,2659.3630,2695.1175,2641.9689,2685.4541
2021-12-02,2643.9012,2662.2617,2603.3150,2624.5745
2021-12-03,2642.9351,2672.8916,2618.7767,2671.9253
2021-12-06,2663.2284,2670.9591,2627.4739,2643.9016
2021-12-07,2665.1607,2717.3430,2632.3052,2702.8479
2021-12-08,2749.2324,2778.2225,2746.3334,2757.9294
2021-12-09,2727.0068,2761.7950,2719.2761,2719.2761
2021-12-10,2728.9390,2734.7370,2674.8240,2680.6221
2021-12-13,2717.3429,2721.2083,2680.6221,2680.6221
2021-12-14,2667.0938,2693.1849,2653.5651,2657.4304
2021-12-15,2650.6658,2715.4105,2649.6995,2705.7471
2021-12-16,2727.0063,2749.2321,2700.9151,2713.4775
2021-12-17,2691.2517,2698.0160,2663.2279,2676.7566
2021-12-20,2647.7669,2664.1947,2590.7530,2597.5173
2021-12-21,2646.8004,2649.6994,2613.9449,2619.7429
2021-12-22,2665.1613,2692.2188,2658.3969,2692.2188
2021-12-23,2716.3767,2747.2996,2714.4441,2747.2996
2021-12-24,2763.7275,2777.2562,2746.3334,2757.9294
2021-12-27,2751.1650,2788.8522,2747.2996,2776.2898
2021-12-28,2802.3809,2849.7315,2798.5156,2840.0681
2021-12-29,2830.4047,2842.0007,2806.2462,2817.8423
2021-12-30,2820.7414,2822.6741,2783.0542,2797.5493
2022-01-04,2851.6647,2903.8470,2841.0350,2893.2173
2022-01-05,2950.2304,3039.1335,2908.6779,2999.5137
2022-01-06,2890.3174,2892.2501,2786.9192,2793.6836
2022-01-07,2802.3809,2846.8324,2752.1313,2810.1116
2022-01-11,2757.9296,2820.7416,2752.1316,2784.0208
2022-01-12,2828.4721,2841.0345,2806.2463,2806.2463
2022-01-13,2798.5159,2823.6407,2785.9535,2796.5833
2022-01-14,2769.5257,2772.4248,2705.7474,2742.4683
2022-01-17,2747.2999,2769.5257,2729.9058,2751.1653
2022-01-18,2773.3906,2785.9530,2726.0400,2750.1985
2022-01-19,2531.8061,2532.7724,2396.5187,2398.4514
2022-01-20,2514.4121,2538.5706,2464.1625,2538.5706
2022-01-21,2454.4995,2504.7491,2411.9806,2503.7827
2022-01-24,2428.4081,2486.3884,2423.5764,2480.5903
2022-01-25,2473.8256,2479.6236,2400.3839,2411.9800
2022-01-26,2444.8359,2480.5904,2401.3506,2439.0378
2022-01-27,2381.0572,2392.6533,2243.8372,2274.7600
2022-01-28,2299.8852,2379.1250,2288.2892,2364.6299
2022-01-31,2367.5285,2468.0276,2341.4373,2458.3643
2022-02-01,2522.1428,2523.1091,2450.6337,2468.0278
2022-02-02,2532.7724,2594.6181,2500.8833,2589.7864
2022-02-03,2415.8457,2461.2636,2367.5288,2432.2734
2022-02-04,2397.4852,2459.3308,2390.7208,2435.1724
2022-02-07,2473.8260,2475.7587,2413.9131,2446.7686
2022-02-08,2448.7011,2452.5664,2411.9802,2420.6772
2022-02-09,2444.8359,2450.6339,2409.0813,2431.3071
2022-02-10,2432.2731,2497.9841,2427.4414,2484.4553
2022-02-14,2419.7108,2438.0713,2402.3168,2414.8792
2022-02-15,2415.8457,2418.7447,2346.2694,2359.7981
2022-02-16,2409.0813,2414.8794,2364.6298,2383.9565
2022-02-17,2373.3266,2380.0910,2335.6394,2350.1345
2022-02-18,2315.3464,2350.1345,2291.1879,2333.7068
2022-02-21,2280.5585,2315.3467,2259.2991,2297.9526
2022-02-22,2239.9723,2275.7268,2198.4197,2237.0732
2022-02-24,2249.6351,2261.2312,2191.6548,2213.8806
2022-02-25,2260.2649,2293.1204,2239.0055,2282.4907
2022-02-28,2273.7937,2294.0868,2243.8372,2282.4907
2022-03-01,2264.1303,2295.0531,2255.4332,2275.7263
2022-03-02,2263.1640,2270.8947,2229.3422,2239.9719
2022-03-03,2269.9289,2288.2893,2252.5348,2271.8616
2022-03-04,2213.8808,2222.5778,2161.6985,2200.3521
2022-03-07,2125.9442,2186.8235,2125.9442,2147.2036
2022-03-08,2133.6746,2199.3856,2130.7756,2154.9341
2022-03-09,2162.6651,2168.4631,2112.4155,2114.3481
2022-03-10,2241.9045,2303.7501,2228.3757,2284.4233
2022-03-11,2258.3320,2261.2310,2210.0151,2226.4429
2022-03-14,2212.9142,2250.6014,2193.5875,2199.3855
2022-03-15,2149.1361,2236.1066,2148.1698,2223.5442
2022-03-16,2220.6450,2303.7501,2219.6787,2284.4233
2022-03-17,2414.8790,2424.5424,2356.8987,2371.3938
2022-03-18,2370.4278,2407.1486,2358.8317,2401.3506
2022-03-22,2395.5527,2439.0379,2388.7883,2429.3745
2022-03-23,2463.1964,2492.1866,2446.7687,2482.5232
2022-03-24,2429.3743,2509.5803,2429.3743,2509.5803
2022-03-25,2518.2772,2532.7722,2479.6236,2484.4553
2022-03-28,2473.8257,2489.2871,2458.3643,2458.3643
2022-03-29,2516.3447,2517.3110,2475.7584,2502.8159
2022-03-30,2519.2886,2528.9782,2481.4993,2506.6921
2022-03-31,2493.1267,2505.7231,2466.9648,2466.9648
2022-04-01,2452.4302,2454.3681,2416.5788,2428.2063
2022-04-04,2449.5238,2486.3441,2439.8342,2451.4617
2022-04-05,2476.6543,2484.4060,2440.8029,2464.0579
2022-04-06,2428.2066,2430.1445,2401.0758,2409.7964
2022-04-07,2331.3109,2366.1934,2319.6834,2334.2178
2022-04-08,2372.0072,2375.8831,2326.4662,2363.2866
2022-04-11,2311.9318,2319.6834,2262.5149,2270.2666
2022-04-12,2194.6878,2241.1978,2193.7189,2210.1912
2022-04-13,2172.4016,2232.4769,2172.4016,2228.6011
2022-04-14,2219.8805,2237.3217,2216.0047,2229.5701
2022-04-15,2171.4329,2191.7810,2146.2400,2173.3708
2022-04-18,2156.8983,2170.4637,2140.4260,2158.8362
2022-04-19,2191.7810,2192.7500,2161.7434,2185.9673
2022-04-20,2226.6634,2244.1046,2205.3463,2215.0359
2022-04-21,2228.6011,2248.9492,2216.0046,2247.9802
2022-04-22,2177.2467,2190.8121,2168.5261,2185.9673
2022-04-25,2140.4260,2161.7430,2132.6743,2152.0535
2022-04-26,2156.8982,2160.7741,2123.9537,2145.2708
2022-04-27,2106.5123,2136.5500,2089.0711,2128.7983
2022-04-28,2153.0225,2184.0292,2138.4882,2174.3396
2022-05-02,2267.3593,2268.3282,2148.1776,2162.7119
2022-05-06,2131.7056,2158.8364,2121.0471,2153.0227
2022-05-09,2112.3265,2121.0471,2099.7300,2100.6990
2022-05-10,1984.4242,2040.6237,1980.5483,2034.8099
2022-05-11,2116.2024,2117.1713,2028.9962,2077.4441
2022-05-12,2048.3752,2127.8296,2046.4373,2091.0093
2022-05-13,2103.6056,2173.3705,2090.0402,2151.0845
2022-05-16,2188.8744,2206.3156,2160.7746,2166.5884
2022-05-17,2174.3395,2190.8118,2163.6810,2178.2153
2022-05-18,2221.8186,2246.0426,2199.5326,2242.1667
2022-05-19,2166.5882,2213.0982,2162.7124,2207.2844
2022-05-20,2210.1916,2241.1982,2205.3468,2233.4465
2022-05-23,2265.4218,2266.3908,2213.0981,2218.9119
2022-05-24,2226.6632,2238.2907,2203.4082,2203.4082
2022-05-25,2178.2153,2196.6255,2162.7120,2171.4326
2022-05-26,2169.4947,2212.1288,2168.5257,2183.0601
2022-05-27,2257.6700,2260.5768,2210.1911,2214.0669
2022-05-30,2267.3596,2330.3418,2259.6080,2324.5281
2022-05-31,2353.5967,2360.3794,2316.7763,2347.7830
2022-06-01,2346.8144,2406.8898,2341.9696,2397.2002
2022-06-02,2350.6903,2365.2246,2320.6526,2320.6526
2022-06-03,2363.2864,2371.0381,2341.0004,2364.2554
2022-06-06,2316.7763,2346.8139,2307.0867,2340.0312
2022-06-07,2362.3176,2367.1624,2338.0937,2349.7212
2022-06-08,2358.4415,2394.2929,2353.5967,2392.3550
2022-06-09,2381.6968,2406.8897,2380.7278,2381.6968
2022-06-10,2353.5968,2383.6345,2341.0004,2350.6899
2022-06-13,2278.9873,2281.8942,2232.4774,2234.4153
2022-06-14,2176.2773,2188.8738,2146.2397,2176.2773
2022-06-15,2131.7054,2173.3706,2123.9538,2153.9915
2022-06-16,2206.3154,2216.9740,2179.1846,2186.9363
2022-06-17,2110.3886,2189.8431,2106.5128,2173.3708
2022-06-20,2219.8809,2221.8188,2125.8920,2136.5505
2022-06-21,2151.0843,2236.3525,2142.3637,2221.8181
2022-06-22,2232.4769,2248.9492,2196.6255,2203.4082
2022-06-23,2190.8118,2214.0668,2169.4948,2179.1843
2022-06-24,2178.2154,2185.9671,2159.8052,2180.1533
2022-06-27,2210.1909,2232.4769,2200.5014,2229.5701
2022-06-28,2228.6011,2247.9802,2219.8805,2247.9802
2022-06-29,2213.0979,2225.6943,2187.9050,2225.6943
2022-06-30,2191.7809,2205.3463,2139.4572,2150.1157
2022-07-01,2155.9296,2159.8054,2077.4440,2094.8853
2022-07-04,2135.5812,2153.9913,2120.0779,2138.4880
2022-07-05,2160.7741,2160.7741,2124.9227,2152.0535
2022-07-06,2093.9164,2132.6747,2092.9475,2098.7612
2022-07-07,2124.9231,2175.3088,2113.2956,2175.3088
2022-07-08,2166.5881,2200.5016,2158.8365,2159.8054
2022-07-11,2216.9734,2234.4147,2195.6564,2205.3459
2022-07-12,2204.3774,2205.3464,2162.7123,2172.4019
2022-07-13,2169.4951,2180.1536,2157.8676,2168.5261
2022-07-14,2149.1466,2177.2464,2135.5812,2171.4326
2022-07-15,2182.0911,2186.9359,2147.2087,2171.4326
2022-07-19,2210.1906,2241.1973,2209.2217,2221.8181
2022-07-20,2282.8630,2314.8386,2270.2666,2313.8696
2022-07-21,2302.2420,2318.7142,2283.8318,2315.8074
2022-07-22,2302.2418,2339.0622,2297.3970,2330.3416
2022-07-25,2296.4284,2305.1490,2261.5459,2268.3286
2022-07-26,2248.9492,2282.8627,2247.9802,2273.1731
2022-07-27,2250.8875,2268.3288,2244.1048,2259.6082
2022-07-28,2282.8630,2288.6767,2248.9495,2262.5149
2022-07-29,2286.7387,2301.2731,2260.5769,2266.3906
2022-08-01,2151.0846,2209.2221,2108.4505,2193.7188
2022-08-02,2182.0911,2214.0667,2169.4946,2176.2773
2022-08-03,2192.7498,2223.7564,2187.9050,2219.8806
2022-08-04,2231.5088,2246.0431,2215.0365,2224.7261
2022-08-05,2216.9737,2280.9249,2214.0669,2264.4526
2022-08-08,2240.2285,2276.0799,2239.2596,2272.2041
2022-08-09,2214.0672,2229.5705,2199.5329,2216.0051
2022-08-10,2201.4706,2206.3154,2169.4950,2172.4019
2022-08-12,2212.1290,2219.8806,2192.7498,2219.8806
2022-08-15,2227.6327,2256.7015,2218.9121,2245.0740
2022-08-16,2236.3528,2251.8561,2231.5080,2248.9492
2022-08-17,2278.9868,2317.7451,2273.1731,2317.7451
2022-08-18,2285.7699,2290.6147,2270.2666,2277.0493
2022-08-19,2307.0866,2330.3416,2301.2729,2325.4968
2022-08-22,2296.4286,2320.6525,2287.7080,2311.9319
2022-08-23,2267.3596,2278.9871,2235.3840,2235.3840
2022-08-24,2228.6011,2234.4149,2204.3772,2204.3772
2022-08-25,2215.0359,2217.9427,2195.6567,2208.2532
2022-08-26,2247.0111,2251.8559,2227.6319,2230.5388
2022-08-29,2153.0229,2194.6880,2152.0539,2188.8743
2022-08-30,2189.8430,2205.3463,2180.1534,2194.6877
2022-08-31,2153.0226,2159.8053,2135.5814,2157.8674
2022-09-01,2138.4885,2154.9608,2122.9852,2131.7058
2022-09-02,2127.8293,2129.7672,2099.7296,2108.4502
2022-09-05,2104.5750,2114.2646,2099.7302,2105.5439
2022-09-06,2096.8232,2112.3265,2083.2578,2088.1025
2022-09-07,2050.3132,2057.0959,2018.3376,2039.6547
2022-09-08,2065.8165,2088.1025,2052.2511,2088.1025
2022-09-09,2057.0961,2088.1027,2057.0961,2072.5994
2022-09-12,2093.9167,2094.8856,2073.5686,2085.1960
2022-09-13,2089.0717,2095.8544,2079.3821,2086.1648
2022-09-14,2017.3686,2021.2445,2000.8964,2010.5859
2022-09-15,2010.5859,2044.4994,2008.6480,2028.9961
2022-09-16,2014.4619,2024.1515,2009.6171,2017.3688
2022-09-20,2030.9340,2036.7478,2003.8032,2006.7101
2022-09-21,1994.1136,1997.9894,1962.1380,1970.8586
2022-09-22,1935.9763,1958.2623,1933.0694,1951.4796
2022-09-26,1885.7843,1889.2726,1857.6845,1876.2886
2022-09-27,1884.4277,1896.2489,1863.1107,1866.5989
2022-09-28,1850.7081,1884.6216,1831.7165,1852.8397
2022-09-29,1888.6284,1889.9899,1838.8355,1865.0935
2022-09-30,1823.8588,1839.6136,1795.6558,1806.1589
2022-10-03,1799.1568,1849.5332,1791.9601,1849.5332
2022-10-04,1897.9646,1912.5523,1876.9582,1896.2141
2022-10-05,1916.0533,1924.6115,1890.1844,1898.9370
2022-10-06,1903.6052,1950.8695,1903.6052,1930.4467
2022-10-07,1901.2710,1941.3387,1900.1041,1923.8334
2022-10-11,1852.6453,1864.8989,1838.2519,1845.0596
2022-10-12,1831.6388,1842.1419,1818.2180,1818.2180
2022-10-13,1816.6619,1819.7739,1799.3510,1809.8542
2022-10-14,1867.0383,1905.3554,1862.5647,1887.6556
2022-10-17,1858.4804,1877.5417,1855.9519,1876.1802
2022-10-18,1923.2500,1924.2226,1878.1252,1897.1866
2022-10-19,1896.7974,1911.5796,1882.7932,1907.1061
2022-10-20,1877.9305,1892.5183,1873.8460,1891.5458
2022-10-21,1886.6832,1890.1842,1863.3428,1863.3428
2022-10-24,1889.7953,1900.4930,1869.7615,1869.9561
2022-10-25,1895.4357,1912.3575,1887.4611,1904.3828
2022-10-26,1945.0344,1947.9519,1917.2204,1922.4720
2022-10-27,1924.0281,1932.3917,1912.9414,1919.7490
2022-10-28,1892.5185,1924.8060,1890.5735,1903.9943
2022-10-31,1927.9180,1948.9243,1922.0829,1942.7002
2022-11-01,1960.5945,1978.0998,1944.4507,1954.7594
2022-11-02,2188.1635,2192.0535,2083.1316,2091.8843
2022-11-04,2077.2965,2109.3895,2055.9011,2081.1865
2022-11-07,2121.0599,2123.9774,2092.8569,2109.3896
2022-11-08,2167.7408,2203.7239,2157.0431,2178.4385
2022-11-09,2172.6033,2181.3560,2158.9881,2176.4934
2022-11-10,2100.6372,2147.3180,2100.6372,2143.4280
2022-11-11,2248.4597,2265.9650,2232.8994,2262.0750
2022-11-14,2257.2124,2271.8001,2253.3223,2255.2673
2022-11-15,2254.2942,2256.2392,2235.8164,2254.2942
2022-11-16,2246.5148,2258.1850,2211.5042,2215.3943
2022-11-17,2217.3388,2226.0914,2177.4656,2177.4656
2022-11-18,2196.9164,2209.5591,2182.3286,2182.3286
2022-11-21,2215.3942,2216.3667,2186.2187,2189.1362
2022-11-22,2188.1636,2229.0093,2186.2186,2226.0918
2022-11-24,2256.2398,2273.7451,2250.4047,2273.7451
2022-11-25,2275.6898,2276.6624,2248.4594,2256.2395
2022-11-28,2253.3221,2260.1298,2232.8993,2238.7344
2022-11-29,2227.0644,2228.0369,2211.5042,2211.5042
2022-11-30,2190.1087,2195.9439,2158.9882,2189.1362
2022-12-01,2222.2018,2244.5697,2202.7515,2202.7515
2022-12-02,2178.4384,2188.1636,2157.0430,2174.5483
2022-12-05,2187.1913,2193.9989,2157.0433,2167.7410
2022-12-06,2129.8126,2153.1530,2123.0050,2142.4553
2022-12-07,2135.6477,2140.5103,2115.2249,2115.2249
2022-12-08,2071.4614,2084.1041,2050.0660,2074.3789
2022-12-09,2091.8844,2126.8951,2087.0219,2122.0325
2022-12-12,2110.3623,2128.8401,2104.5272,2115.2249
2022-12-13,2139.5378,2147.3179,2112.3073,2137.5928
2022-12-14,2137.5926,2171.6307,2135.6476,2168.7131
2022-12-15,2146.3452,2163.8506,2144.4002,2148.2903
2022-12-16,2131.7578,2132.7303,2110.3624,2111.3350
2022-12-19,2084.1039,2097.7191,2082.1588,2089.9390
2022-12-20,2081.1867,2082.1592,1997.5502,2013.1105
2022-12-21,2000.4679,2011.1656,1972.2649,1981.0176
2022-12-22,1999.4952,2001.4403,1976.1548,1999.4952
2022-12-23,1970.3196,1989.7699,1960.5944,1983.9348
2022-12-26,1980.0450,2002.4129,1973.2373,1989.7701
2022-12-27,2002.4126,2007.2752,1975.1821,1975.1821
2022-12-28,1964.4845,1980.0448,1955.7319,1980.0448
2022-12-29,1960.5945,1967.4021,1943.8672,1967.4021
2022-12-30,1982.9625,1995.6052,1951.8419,1951.8419
2023-01-04,1968.3745,2005.3302,1951.8418,1977.1272
2023-01-05,2005.3303,2044.2310,2003.3853,2019.9181
2023-01-06,2017.9733,2079.2419,2014.0832,2068.5442
2023-01-10,2113.2798,2123.9775,2068.5440,2086.0493
2023-01-11,2110.3619,2163.8504,2100.6368,2158.9878
2023-01-12,2197.8890,2201.7791,2158.9883,2167.7410
2023-01-13,2147.3177,2168.7131,2127.8674,2132.7300
2023-01-16,2122.0327,2151.2082,2108.4174,2111.3350
2023-01-17,2130.7851,2163.8507,2115.2248,2162.8782
2023-01-18,2162.8782,2214.4216,2152.1805,2207.6140
2023-01-19,2223.1741,2230.9543,2199.8337,2213.4490
2023-01-20,2198.8616,2228.0371,2186.2189,2223.1746
2023-01-23,2242.6250,2248.4601,2221.2296,2227.0647
2023-01-24,2247.4871,2272.7725,2241.6520,2269.8550
2023-01-25,2256.2398,2270.8276,2251.3773,2268.8826
2023-01-26,2259.1576,2265.9652,2228.0371,2239.7073
2023-01-27,2265.9650,2268.8826,2251.3773,2262.0750
2023-01-30,2272.7723,2274.7173,2246.5143,2256.2395
2023-01-31,2289.3055,2312.6459,2248.4598,2252.3499
2023-02-01,2286.3878,2294.1680,2230.9543,2230.9543
2023-02-02,2218.3114,2246.5144,2201.7787,2234.8442
2023-02-03,2351.5468,2372.9421,2321.3987,2372.9421
2023-02-06,2392.3925,2399.2001,2335.0139,2336.9590
2023-02-07,2304.8658,2346.6840,2300.0032,2344.7390
2023-02-08,2333.0685,2350.5738,2323.3433,2325.2883
2023-02-09,2332.0962,2332.0962,2303.8932,2323.3435
2023-02-10,2311.6732,2328.2060,2297.0854,2322.3708
2023-02-13,2308.7556,2316.5357,2272.7724,2277.6350
2023-02-14,2334.0410,2335.0135,2285.4151,2291.2502
2023-02-15,2285.4153,2300.9755,2266.9374,2276.6626
2023-02-16,2284.4428,2298.0580,2276.6627,2287.3604
2023-02-17,2265.9650,2272.7726,2232.8994,2232.8994
2023-02-20,2216.3667,2229.9820,2184.2737,2225.1194
2023-02-21,2232.8995,2235.8170,2203.7239,2207.6140
2023-02-22,2165.7957,2178.4384,2156.0706,2162.8782
2023-02-24,2161.9058,2208.5867,2149.2631,2208.5867
2023-02-27,2184.2735,2221.2292,2181.3560,2217.3391
2023-02-28,2226.0921,2239.7074,2222.2020,2223.1746
2023-03-01,2218.3121,2228.0373,2201.7793,2224.1472
2023-03-02,2217.3390,2227.0642,2199.8337,2213.4490
2023-03-03,2229.9817,2252.3496,2217.3390,2245.5420
2023-03-06,2275.6902,2313.6183,2275.6902,2302.9207
2023-03-07,2311.6733,2332.0962,2300.0031,2332.0962
2023-03-08,2326.2608,2357.3814,2321.3983,2345.7112
2023-03-09,2334.0412,2358.3542,2329.1786,2338.9038
2023-03-10,2280.5528,2294.1680,2266.9375,2275.6902
2023-03-13,2241.6524,2264.9928,2218.3120,2257.2126
2023-03-14,2219.2844,2224.1470,2186.2188,2194.9714
2023-03-15,2229.0090,2229.9816,2185.2458,2201.7786
2023-03-16,2151.2078,2195.9435,2150.2352,2185.2458
2023-03-17,2229.9819,2262.0750,2220.2567,2262.0750
2023-03-20,2260.1297,2280.5525,2237.7618,2248.4595
2023-03-22,2275.6903,2286.3880,2258.1850,2281.5254
2023-03-23,2256.2399,2259.1575,2235.8171,2252.3499
2023-03-24,2244.5696,2266.9375,2242.6246,2255.2673
2023-03-27,2235.8174,2240.6799,2226.0922,2227.0647
2023-03-28,2235.8167,2236.7892,2187.1908,2203.7236
2023-03-29,2197.8885,2237.7617,2194.9709,2235.8167
2023-03-30,2294.3717,2309.0104,2272.9016,2290.4680
2023-03-31,2332.4323,2345.1192,2311.9381,2339.2637
2023-04-03,2359.7578,2360.7337,2331.4564,2348.0469
2023-04-04,2341.2157,2352.9267,2335.3603,2345.1194
2023-04-05,2329.5048,2336.3362,2298.2755,2305.1069
2023-04-06,2283.6367,2284.6126,2242.6483,2255.3352
2023-04-07,2252.4073,2269.9737,2251.4314,2266.0701
2023-04-10,2274.8537,2300.2274,2271.9259,2278.7573
2023-04-11,2301.2029,2327.5525,2297.2992,2312.9138
2023-04-12,2322.6730,2341.2153,2309.9861,2341.2153
2023-04-13,2322.6733,2346.0953,2320.7215,2322.6733
2023-04-14,2348.0475,2363.6621,2336.3365,2363.6621
2023-04-17,2358.7816,2372.4444,2341.2152,2368.5408
2023-04-18,2372.4450,2384.1559,2360.7340,2379.2764
2023-04-19,2385.1316,2402.6980,2383.1797,2402.6980
2023-04-20,2388.0595,2415.3851,2379.2763,2405.6260
2023-04-21,2396.8426,2412.4572,2388.0594,2398.7944
2023-04-24,2387.0833,2412.4571,2387.0833,2397.8184
2023-04-25,2400.7462,2411.4812,2398.7943,2402.6980
2023-04-26,2381.2280,2384.1558,2355.8543,2369.5171
2023-04-27,2420.2645,2453.4456,2410.5054,2453.4456
2023-04-28,2479.7953,2505.1690,2452.4697,2504.1931
2023-05-01,2400.7463,2477.8435,2384.1558,2458.3252
2023-05-02,2469.0602,2496.3857,2439.7828,2456.3733
2023-05-08,2420.2643,2434.9030,2405.6256,2409.5293
2023-05-09,2422.2160,2469.0598,2421.2401,2466.1321
2023-05-10,2470.0362,2475.8917,2437.8310,2443.6865
2023-05-11,2438.8069,2453.4456,2433.9273,2450.5178
2023-05-12,2475.8917,2502.2414,2461.2530,2494.4341
2023-05-15,2503.2169,2530.5425,2502.2410,2512.9761
2023-05-16,2498.3378,2507.1210,2486.6268,2502.2415
2023-05-17,2503.2173,2526.6393,2502.2414,2516.8801
2023-05-18,2588.1215,2701.3274,2588.1215,2677.9055
2023-05-19,2692.5442,2700.3515,2631.0617,2652.5317
2023-05-22,2619.3508,2656.4355,2613.4954,2656.4355
2023-05-23,2644.7246,2650.5801,2592.0253,2598.8567
2023-05-24,2567.6274,2594.9530,2553.9646,2573.4829
2023-05-25,2549.0851,2605.6881,2534.4464,2590.0735
2023-05-26,2619.3510,2625.2065,2593.0014,2608.6160
2023-05-29,2648.6282,2648.6282,2587.1457,2591.0493
2023-05-30,2583.2419,2609.5916,2567.6273,2606.6638
2023-05-31,2563.7237,2595.9288,2552.0127,2568.6033
2023-06-01,2595.9291,2627.1583,2573.4831,2617.3992
2023-06-02,2645.7005,2645.7005,2615.4472,2644.7246
2023-06-05,2677.9056,2705.2312,2668.1465,2705.2312
2023-06-06,2664.2428,2710.1108,2657.4115,2708.1589
2023-06-07,2732.5571,2737.4367,2652.5322,2655.4600
2023-06-08,2656.4355,2662.2909,2585.1938,2611.5435
2023-06-09,2653.5081,2676.9300,2634.9658,2667.1709
2023-06-12,2697.4233,2698.3993,2675.9533,2694.4956
2023-06-13,2713.0385,2745.2436,2711.0867,2716.9421
2023-06-14,2728.6529,2744.2675,2706.2069,2739.3879
2023-06-15,2732.5570,2752.0752,2718.8942,2722.7979
2023-06-16,2703.2792,2714.9902,2662.2909,2686.6887
2023-06-19,2705.2309,2705.2309,2642.7725,2668.1462
2023-06-20,2639.8449,2680.8333,2630.0858,2680.8333
2023-06-21,2631.0619,2655.4598,2628.1342,2629.1101
2023-06-22,2603.7363,2634.9655,2595.9290,2595.9290
2023-06-23,2619.3508,2624.2304,2524.6872,2545.1814
2023-06-26,2556.8922,2556.8922,2514.9279,2535.4221
2023-06-27,2516.8800,2527.6150,2477.8435,2504.1931
2023-06-28,2517.8558,2570.5551,2516.8799,2568.6033
2023-06-29,2589.0976,2589.0976,2544.2056,2547.1333
2023-06-30,2554.9408,2554.9408,2509.0729,2530.5430
2023-07-03,2595.9287,2613.4951,2579.3382,2601.7842
2023-07-04,2582.2662,2591.0494,2562.7479,2575.4348
2023-07-05,2566.6512,2597.8804,2551.0365,2597.8804
2023-07-06,2558.8444,2588.1218,2558.8444,2565.6758
2023-07-07,2541.2776,2565.6754,2536.3980,2538.3499
2023-07-10,2520.7836,2540.3019,2503.2172,2504.1931
2023-07-11,2498.3375,2521.7594,2466.1324,2473.9397
2023-07-12,2439.7828,2451.4938,2406.6018,2430.0237
2023-07-13,2494.4339,2557.8683,2479.7952,2539.3259
2023-07-14,2524.6871,2538.3499,2477.8433,2512.0002
2023-07-18,2535.4221,2580.3141,2526.6388,2576.4104
2023-07-19,2599.8326,2605.6881,2559.8202,2587.1458
2023-07-20,2586.1697,2594.9529,2549.0850,2552.0127
2023-07-21,2541.2777,2566.6515,2525.6631,2559.8201
2023-07-24,2591.0490,2600.8081,2577.3862,2589.0972
2023-07-25,2627.1579,2628.1338,2558.8440,2567.6272
2023-07-26,2558.8441,2579.3383,2542.2536,2568.6033
2023-07-27,2551.0370,2586.1699,2548.1092,2578.3625
2023-07-28,2541.2777,2554.9405,2490.5303,2545.1814
2023-07-31,2586.1698,2614.4713,2571.5311,2598.8567
2023-08-01,2612.5194,2631.0618,2601.7844,2631.0618
2023-08-02,2590.0736,2630.0860,2575.4349,2583.2422
2023-08-03,2538.3500,2546.1573,2508.0967,2524.6873
2023-08-04,2515.9042,2535.4225,2507.1210,2522.7356
2023-08-07,2502.2411,2532.4944,2495.4097,2520.7834
2023-08-08,2527.6151,2540.3019,2506.1450,2532.4946
2023-08-09,2512.9764,2546.1575,2510.0487,2534.4465
2023-08-10,2417.3369,2466.1325,2364.6375,2452.4697
2023-08-14,2423.1925,2437.8312,2356.8304,2376.3486
2023-08-15,2397.8185,2404.6499,2380.2520,2385.1316
2023-08-16,2381.2280,2382.2039,2344.1433,2344.1433
2023-08-17,2342.1917,2369.5173,2326.5771,2367.5654
2023-08-18,2333.4084,2349.0230,2321.6975,2345.1194
2023-08-21,2342.1914,2352.9265,2331.4564,2342.1914
2023-08-22,2357.8064,2358.7823,2336.3363,2354.8787
2023-08-23,2346.0950,2352.9264,2341.2154,2351.9504
2023-08-24,2349.0230,2350.9749,2336.3362,2345.1194
2023-08-25,2303.1548,2324.6249,2294.3715,2314.8657
2023-08-28,2319.7454,2349.0228,2319.7454,2342.1914
2023-08-29,2346.0952,2351.9506,2332.4324,2332.4324
2023-08-30,2348.0473,2366.5896,2340.2400,2349.0232
2023-08-31,2367.5652,2390.0112,2357.8060,2370.4929
2023-09-01,2408.5536,2452.4697,2400.7463,2446.6143
2023-09-04,2456.3732,2457.3491,2431.9754,2442.7104
2023-09-05,2439.7826,2440.7585,2411.4811,2435.8789
2023-09-06,2455.3973,2490.5302,2454.4214,2476.8674
2023-09-07,2473.9397,2486.6266,2457.3492,2465.1565
2023-09-08,2443.6862,2456.3731,2410.5052,2415.3848
2023-09-11,2432.9514,2444.6624,2417.3368,2432.9514
2023-09-12,2449.5416,2463.2044,2420.2643,2462.2285
2023-09-13,2439.7831,2454.4218,2423.1926,2429.0481
2023-09-14,2437.8307,2477.8431,2431.9752,2468.0840
2023-09-15,2506.1447,2533.4703,2491.5061,2523.7112
2023-09-19,2521.7592,2525.6629,2471.9877,2499.3132
2023-09-20,2467.1086,2484.6750,2453.4458,2459.3013
2023-09-21,2434.9035,2438.8071,2399.7706,2404.6501
2023-09-22,2381.2280,2400.7463,2365.6134,2381.2280
2023-09-25,2403.6740,2423.1923,2390.0113,2418.3127
2023-09-26,2425.1439,2425.1439,2393.9147,2394.8906
2023-09-27,2372.4446,2428.0716,2371.4687,2421.2402
2023-09-28,2430.0523,2436.9057,2378.1615,2393.8267
2023-09-29,2415.3660,2420.2614,2388.9311,2396.7637
2023-10-02,2425.1569,2440.8221,2389.9104,2389.9104
2023-10-03,2389.9102,2412.4288,2380.1195,2400.6799
2023-10-04,2369.3500,2385.9942,2350.7476,2371.3081
2023-10-05,2384.0359,2423.1987,2364.4545,2412.4290
2023-10-06,2418.3032,2425.1567,2400.6799,2400.6799
2023-10-10,2428.0940,2473.1312,2425.1568,2468.2358
2023-10-11,2476.0683,2491.7334,2462.3613,2487.8171
2023-10-12,2526.0007,2566.1426,2523.0635,2566.1426
2023-10-13,2561.2474,2564.1846,2504.4614,2516.2102
2023-10-16,2482.9216,2489.7751,2450.6123,2469.2146
2023-10-17,2520.1263,2536.7705,2491.7333,2507.3984
2023-10-18,2492.7124,2508.3775,2481.9426,2500.5449
2023-10-19,2459.4245,2493.6919,2459.4245,2475.0896
2023-10-20,2450.6123,2469.2146,2434.9471,2458.4448
2023-10-23,2439.8425,2460.4030,2434.9472,2435.9263
2023-10-24,2468.2359,2474.1104,2409.4917,2459.4243
2023-10-25,2486.8382,2495.6499,2462.3615,2467.2568
2023-10-26,2438.8639,2445.7174,2385.0150,2397.7429
2023-10-27,2406.5540,2411.4494,2360.5377,2373.2656
2023-10-30,2359.5590,2404.5963,2358.5800,2392.8474
2023-10-31,2406.5544,2442.7800,2390.8892,2432.9893
2023-11-01,2485.8590,2518.1683,2481.9427,2505.4404
2023-11-02,2535.7916,2544.6032,2510.3358,2516.2102
2023-11-06,2533.8333,2573.9752,2521.1054,2562.2263
2023-11-07,2569.0801,2598.4522,2556.3522,2575.9336
2023-11-08,2592.5775,2613.1379,2573.9751,2613.1379
2023-11-09,2582.7867,2597.4727,2555.3727,2592.5774
2023-11-10,2522.0845,2549.4985,2472.1519,2539.7078
2023-11-13,2551.4569,2557.3313,2462.3615,2478.0266
2023-11-14,2478.0263,2484.8797,2460.4030,2465.2983
2023-11-15,2544.6030,2590.6193,2531.8751,2588.6611
2023-11-16,2593.5567,2600.4102,2564.1846,2585.7241
2023-11-17,2555.3728,2567.1217,2532.8542,2562.2263
2023-11-20,2545.5822,2559.2892,2510.3357,2531.8752
2023-11-21,2526.0010,2536.7708,2509.3568,2525.0220
2023-11-22,2530.8963,2560.2684,2525.0218,2548.5195
2023-11-24,2549.4986,2553.4149,2510.3358,2516.2102
2023-11-27,2522.0849,2553.4152,2508.3779,2508.3779
2023-11-28,2547.5405,2547.5405,2503.4824,2511.3149
2023-11-29,2504.4612,2517.1891,2491.7333,2493.6914
2023-11-30,2500.5452,2513.2731,2471.1731,2510.3359
2023-12-01,2510.3358,2512.2939,2484.8800,2490.7544
2023-12-04,2467.2570,2479.9849,2433.9686,2457.4663
2023-12-05,2472.1520,2492.7125,2452.5706,2473.1311
2023-12-06,2479.0057,2576.9128,2479.0057,2571.0383
2023-12-07,2565.1636,2565.1636,2508.3775,2528.9380
2023-12-08,2495.6496,2523.0635,2488.7961,2500.5449
2023-12-11,2524.0428,2572.9963,2523.0637,2548.5195
2023-12-12,2565.1639,2573.9755,2545.5825,2553.4150
2023-12-13,2549.4985,2582.7868,2549.4985,2565.1636
2023-12-14,2526.0009,2549.4986,2498.5870,2537.7498
2023-12-15,2572.9965,2632.7198,2571.0384,2617.0547
2023-12-18,2581.8079,2592.5776,2536.7706,2560.2683
2023-12-19,2540.6872,2571.0383,2520.1267,2571.0383
2023-12-20,2571.0382,2594.5359,2561.2475,2575.9336
2023-12-21,2542.6450,2566.1427,2539.7078,2560.2683
2023-12-22,2560.2685,2570.0592,2541.6662,2542.6453
2023-12-25,2567.1219,2586.7033,2561.2475,2569.0801
2023-12-26,2573.9753,2576.9125,2557.3311,2574.9543
2023-12-27,2588.6615,2618.0336,2587.6824,2612.1592
2023-12-28,2594.5359,2619.9918,2594.5359,2619.0127
2023-12-29,2623.9076,2653.2797,2604.3262,2625.8657
2024-01-04,2610.2009,2612.1590,2564.1846,2564.1846
2024-01-05,2555.3729,2578.8706,2544.6032,2578.8706
2024-01-09,2610.2010,2629.7824,2589.6406,2612.1592
2024-01-10,2624.8869,2721.8149,2617.0544,2712.0242
2024-01-11,2793.2873,2823.6385,2773.7059,2807.9734
2024-01-12,2839.3034,2854.9686,2794.2662,2853.9895
2024-01-15,2832.4498,2832.4498,2802.0986,2823.6382
2024-01-16,2836.3659,2849.0938,2808.9519,2815.8054
2024-01-17,2835.3868,2915.6706,2822.6589,2822.6589
2024-01-18,2805.0358,2822.6591,2788.3916,2788.3916
2024-01-19,2847.1357,2860.8427,2827.5543,2844.1985
2024-01-22,2868.6755,2912.7337,2867.6964,2898.0476
2024-01-23,2897.0682,2920.5659,2872.5915,2877.4868
2024-01-24,2849.0942,2852.0314,2832.4500,2846.1570
2024-01-25,2832.4497,2852.0311,2804.0567,2810.9102
2024-01-26,2791.3287,2794.2660,2742.3752,2742.3752
2024-01-29,2789.3706,2821.6799,2786.4334,2810.9102
2024-01-30,2826.5756,2844.1988,2822.6593,2835.3872
2024-01-31,2837.3449,2878.4659,2826.5752,2877.4868
2024-02-01,2839.3032,2851.0521,2810.9102,2817.7637
2024-02-02,2827.5545,2851.0522,2809.9312,2834.4080
2024-02-05,2849.0940,2862.8010,2828.5335,2834.4080
2024-02-06,2819.7216,2823.6379,2774.6844,2791.3286
2024-02-07,2815.8055,2815.8055,2775.6636,2800.1404
2024-02-08,2807.9731,2808.9522,2783.4963,2805.0359
2024-02-09,2815.8054,2815.8054,2782.5170,2787.4124
2024-02-13,2835.3870,2894.1312,2832.4498,2885.3196
2024-02-14,2867.6963,2871.6126,2827.5545,2870.6335
2024-02-15,2672.8613,2725.7310,2616.0752,2684.6101
2024-02-16,2675.7987,2705.1708,2612.1591,2638.5940
2024-02-19,2638.5940,2655.2382,2612.1591,2638.5940
2024-02-20,2638.5939,2650.3428,2602.3683,2607.2637
2024-02-21,2546.5616,2588.6616,2545.5825,2581.8081
2024-02-22,2590.6195,2612.1591,2590.6195,2606.2847
2024-02-26,2564.1849,2572.9965,2536.7709,2552.4360
2024-02-27,2548.5194,2561.2473,2531.8752,2531.8752
2024-02-28,2516.2103,2529.9172,2495.6498,2529.9172
2024-02-29,2484.8799,2540.6869,2465.2985,2534.8125
2024-03-01,2550.4777,2592.5777,2541.6661,2587.6824
2024-03-04,2592.5776,2594.5357,2546.5613,2550.4775
2024-03-05,2531.8755,2558.3104,2529.9173,2535.7917
2024-03-06,2522.0847,2552.4359,2513.2731,2536.7708
2024-03-07,2526.9798,2546.5612,2525.0217,2532.8542
2024-03-08,2506.4194,2552.4357,2506.4194,2539.7078
2024-03-11,2506.4194,2528.9380,2468.2357,2495.6497
2024-03-12,2472.1520,2534.8125,2461.3822,2531.8752
2024-03-13,2545.5825,2564.1849,2529.9174,2545.5825
2024-03-14,2523.0639,2564.1849,2522.0848,2556.3523
2024-03-15,2550.4773,2567.1214,2542.6447,2558.3098
2024-03-18,2566.1430,2622.9291,2564.1849,2610.2012
2024-03-19,2610.2009,2635.6567,2591.5986,2635.6567
2024-03-21,2661.1123,2677.7565,2619.9913,2628.8030
2024-03-22,2633.6987,2651.3220,2614.1173,2633.6987
2024-03-25,2614.1170,2614.1170,2553.4147,2555.3728
2024-03-26,2559.2893,2581.8079,2553.4148,2567.1218
2024-03-27,2565.1636,2593.5567,2550.4776,2585.7241
2024-03-28,2560.1811,2571.9701,2536.6030,2540.5327
2024-03-29,2553.3042,2568.0404,2544.4624,2548.3921
2024-04-01,2566.0754,2585.7238,2552.3216,2567.0579
2024-04-02,2568.0405,2580.8119,2543.4800,2560.1812
2024-04-03,2577.8649,2577.8649,2540.5330,2555.2693
2024-04-04,2573.9350,2588.6713,2550.3570,2559.1987
2024-04-05,2544.4625,2544.4625,2499.2713,2511.0603
2024-04-08,2514.9902,2545.4452,2506.1485,2514.9902
2024-04-09,2514.9898,2530.7085,2504.1832,2530.7085
2024-04-10,2523.8319,2551.3396,2514.9901,2546.4275
2024-04-11,2514.9900,2530.7087,2514.0076,2525.7966
2024-04-12,2562.1462,2579.8298,2539.5506,2562.1462
2024-04-15,2554.2868,2559.1988,2499.2713,2526.7791
2024-04-16,2506.1481,2542.4976,2488.4646,2541.5151
2024-04-17,2514.9901,2518.9198,2468.8165,2488.4648
2024-04-18,2497.3062,2521.8666,2496.3238,2507.1304
2024-04-19,2511.0604,2512.0428,2419.6955,2461.9395
2024-04-22,2475.6933,2494.3592,2459.9746,2461.9395
2024-04-23,2466.8518,2477.6584,2438.3616,2455.0627
2024-04-24,2471.7636,2539.5505,2469.7988,2522.8494
2024-04-25,2524.8139,2532.6732,2498.2886,2507.1304
2024-04-26,2513.0251,2523.8317,2485.5174,2509.0955
2024-04-30,2560.1810,2578.8469,2536.6029,2570.9875
2024-05-01,2542.4977,2576.8823,2540.5328,2573.9351
2024-05-02,2566.0757,2570.0054,2547.4097,2566.0757
2024-05-07,2507.1306,2520.8844,2458.0097,2491.4119
2024-05-08,2432.4668,2455.0624,2367.6272,2367.6272
2024-05-09,2378.4339,2392.1877,2332.2603,2332.2603
2024-05-10,2266.4384,2317.5241,2266.4384,2300.8230
2024-05-13,2312.6122,2354.8562,2307.7001,2342.0847
2024-05-14,2340.1197,2369.5922,2334.2252,2350.9263
2024-05-15,2561.1638,2635.8275,2544.4626,2544.4626
2024-05-16,2593.5836,2624.0386,2543.4803,2557.2341
2024-05-17,2555.2691,2581.7944,2542.4977,2573.9351
2024-05-20,2570.0051,2589.6535,2560.1809,2567.0579
2024-05-21,2566.0755,2569.0228,2526.7788,2530.7085
2024-05-22,2522.8496,2527.7617,2490.4298,2516.9551
2024-05-23,2518.9195,2554.2865,2518.9195,2531.6909
2024-05-24,2510.0780,2514.0077,2475.6934,2485.5176
2024-05-27,2471.7634,2475.6931,2443.2733,2466.8513
2024-05-28,2469.7988,2483.5527,2458.0098,2471.7637
2024-05-29,2462.9221,2485.5177,2445.2386,2455.0627
2024-05-30,2434.4318,2495.3418,2418.7132,2485.5176
2024-05-31,2524.8142,2542.4978,2509.0956,2533.6560
2024-06-03,2544.4623,2593.5832,2542.4974,2570.9875
2024-06-04,2570.9880,2645.6518,2569.0232,2621.0913
2024-06-05,2623.0560,2653.5109,2617.1615,2639.7571
2024-06-06,2662.3526,2691.8251,2659.4053,2667.2646
2024-06-07,2634.8447,2652.5283,2616.1788,2637.7920
2024-06-10,2637.7924,2660.3880,2621.0913,2625.0210
2024-06-11,2626.0034,2631.8979,2610.2847,2621.0913
2024-06-12,2599.4777,2615.1964,2563.1282,2574.9172
2024-06-13,2617.1613,2646.6339,2596.5306,2606.3547
2024-06-14,2571.9704,2590.6364,2559.1990,2561.1638
2024-06-17,2519.9025,2523.8322,2481.5882,2494.3596
2024-06-18,2501.2360,2518.9195,2472.7459,2484.5349
2024-06-19,2475.6932,2517.9372,2474.7108,2509.0955
2024-06-20,2514.9900,2532.6735,2486.4999,2514.0076
2024-06-21,2518.9199,2558.2166,2511.0606,2516.9551
2024-06-24,2523.8318,2558.2165,2514.0077,2539.5505
2024-06-25,2571.9703,2591.6186,2562.1461,2587.6890
2024-06-26,2611.2671,2627.9682,2588.6715,2615.1968
2024-06-27,2613.2319,2664.3176,2610.2846,2658.4231
2024-06-28,2701.6496,2720.3155,2662.3529,2680.0364
2024-07-01,2710.4909,2721.2975,2683.9656,2701.6492
2024-07-02,2707.5441,2745.8584,2685.9309,2742.9111
2024-07-03,2731.1218,2749.7878,2709.5086,2733.0867
2024-07-04,2740.9460,2753.7175,2723.2625,2734.0691
2024-07-05,2732.1043,2749.7878,2725.2274,2747.8230
2024-07-08,2749.7878,2770.4186,2725.2273,2733.0867
2024-07-09,2747.8232,2898.1332,2727.1925,2869.6431
2024-07-10,2849.0122,2924.6584,2847.0474,2916.7991
2024-07-11,2955.1133,3042.5485,2955.1133,3021.9177
2024-07-12,3006.1991,3007.1815,2952.1661,2973.7793
2024-07-16,2996.3751,2997.3575,2935.4652,2966.9026
2024-07-17,2966.9022,2994.4099,2961.0077,2983.6033
2024-07-18,2927.6058,2943.3245,2880.4497,2884.3794
2024-07-19,2868.6605,2884.3791,2843.1176,2882.4143
2024-07-22,2897.1507,2905.0100,2826.4166,2841.1528
2024-07-23,2841.1527,2847.0473,2798.9088,2819.5396
2024-07-24,2819.5394,2835.2581,2776.3130,2787.1196
2024-07-25,2697.7200,2700.6672,2620.1089,2635.8276
2024-07-26,2609.3020,2638.7745,2594.5657,2597.5129
2024-07-29,2642.7043,2643.6867,2587.6889,2622.0735
2024-07-30,2651.5463,2699.6847,2633.8627,2680.0364
2024-07-31,2627.9681,2669.2297,2611.2670,2658.4231
2024-08-01,2634.8447,2634.8447,2539.5502,2570.9875
2024-08-02,2504.1834,2506.1483,2383.3460,2400.0471
2024-08-05,2322.4361,2402.9944,2171.1437,2217.3174
2024-08-06,2466.8519,2468.8167,2354.8562,2419.6958
2024-08-07,2329.3131,2465.8692,2282.1570,2417.7307
2024-08-08,2518.9198,2527.7615,2394.1527,2414.7834
2024-08-09,2451.1329,2506.1483,2397.1000,2421.6604
2024-08-13,2538.5681,2569.0231,2513.0253,2543.4802
2024-08-14,2574.9175,2601.4427,2547.4098,2570.0054
2024-08-15,2541.5151,2562.1459,2515.9722,2530.7085
2024-08-16,2600.4603,2632.8801,2589.6537,2629.9329
2024-08-19,2617.1613,2647.6163,2592.6009,2599.4778
2024-08-20,2627.9682,2631.8979,2605.3726,2607.3374
2024-08-21,2593.5834,2650.5636,2590.6361,2629.9329
2024-08-22,2629.9328,2657.4406,2614.2142,2626.9856
2024-08-23,2619.1260,2635.8271,2604.3898,2634.8447
2024-08-26,2608.3197,2644.6691,2593.5834,2632.8801
2024-08-27,2624.0387,2716.3860,2624.0387,2707.5442
2024-08-28,2713.4385,2780.2429,2709.5088,2769.4363
2024-08-29,2731.1221,2764.5244,2706.5617,2750.7705
2024-08-30,2770.4185,2790.0669,2756.6647,2790.0669
2024-09-02,2793.9967,2806.7682,2742.9110,2767.4714
2024-09-03,2767.4715,2809.7155,2763.5418,2785.1550
2024-09-04,2686.9129,2732.1041,2674.1415,2701.6492
2024-09-05,2664.3176,2702.6319,2652.5286,2660.3879
2024-09-06,2628.9505,2641.7220,2567.0582,2592.6011
2024-09-09,2475.6934,2557.2341,2471.7638,2554.2869
2024-09-10,2583.7593,2620.1088,2564.1110,2592.6011
2024-09-11,2609.3022,2612.2494,2559.1988,2585.7241
2024-09-12,2632.8803,2666.2825,2598.4956,2605.3726
2024-09-13,2595.5480,2605.3722,2570.9876,2574.9172
2024-09-17,2466.8515,2525.7966,2449.1680,2515.9724
2024-09-18,2544.4628,2544.4628,2484.5353,2516.9551
2024-09-19,2539.5505,2593.5835,2532.6736,2588.6714
2024-09-20,2643.6869,2664.3177,2612.2496,2626.0034
2024-09-24,2682.0011,2727.1923,2676.1066,2702.6318
2024-09-25,2682.0013,2718.3508,2682.0013,2706.5618
2024-09-26,2731.1219,2797.9263,2728.1746,2797.9263
2024-09-27,2847.2206,2850.1782,2748.6326,2820.6018
2024-09-30,2691.4515,2740.7455,2680.1139,2738.2808
2024-10-01,2738.2807,2804.8276,2724.4784,2793.9829
2024-10-02,2695.3949,2748.6324,2655.4667,2711.6619
2024-10-03,2740.7454,2764.4065,2704.2678,2740.7454
2024-10-04,2754.5477,2769.8288,2721.5207,2727.9290
2024-10-07,2809.7571,2878.2757,2793.4901,2839.8264
2024-10-08,2792.5043,2801.3772,2751.5903,2770.8149
2024-10-09,2799.8983,2818.6300,2770.3219,2780.1807
2024-10-10,2795.4616,2796.4474,2773.2793,2786.0957
2024-10-11,2809.7570,2833.4181,2769.3359,2775.2512
2024-10-15,2790.0395,2802.3630,2769.8289,2774.2654
2024-10-16,2730.8866,2761.9418,2714.1267,2733.3513
2024-10-17,2738.7737,2749.6184,2719.0561,2726.4502
2024-10-18,2711.1693,2730.8869,2673.2129,2673.2129
2024-10-21,2689.4800,2699.8317,2665.8189,2671.7341
2024-10-22,2681.5927,2681.5927,2628.3552,2653.0022
2024-10-23,2633.2846,2661.3821,2615.0458,2635.7493
2024-10-24,2617.5105,2660.3963,2616.0317,2646.5940
2024-10-25,2637.2282,2639.2000,2596.8072,2607.6519
2024-10-28,2603.7082,2672.7198,2594.3423,2659.9033
2024-10-29,2659.9034,2683.5645,2648.5658,2676.1704
2024-10-30,2679.1279,2724.9713,2676.1702,2711.1689
2024-10-31,2682.5785,2701.3102,2670.7480,2685.0432
2024-11-01,2637.2278,2672.7195,2624.9043,2636.7349
2024-11-05,2681.5927,2719.0561,2661.8751,2689.9727
2024-11-06,2689.9728,2760.4632,2684.5504,2735.3232
2024-11-07,2749.6184,2769.3359,2719.5490,2732.8584
2024-11-08,2778.2090,2785.1102,2728.4221,2765.8855
2024-11-11,2957.6389,3024.6788,2907.8520,2932.9919
2024-11-12,2932.9919,2943.3436,2874.3321,2879.7544
2024-11-13,2834.4039,2890.5991,2824.5451,2849.6851
2024-11-14,2847.7136,2888.6276,2832.9254,2837.3618
2024-11-15,2864.9665,2891.5852,2847.2206,2848.6995
2024-11-18,2817.1509,2877.2896,2816.6580,2876.3037
2024-11-19,2901.4439,2925.1050,2878.7686,2894.5427
2024-11-20,2957.6389,3040.4528,2949.7519,2975.3848
2024-11-21,2957.6389,2965.5259,2908.8379,2909.8237
2024-11-22,2904.8942,2924.6118,2894.5425,2906.3730
2024-11-25,2918.2036,2963.5541,2912.7813,2935.4565
2024-11-26,2923.6263,2947.2874,2900.4581,2940.8792
2024-11-27,2967.4977,2982.2859,2948.2731,2975.3848
2024-11-28,3002.0034,3028.6221,2970.4552,3014.8198
2024-11-29,2997.0743,3002.0037,2951.2309,2964.5403
2024-12-02,2977.3564,2990.1729,2935.9495,2971.4412
2024-12-03,2971.4416,3041.4391,2962.5687,3026.6509
2024-12-04,3041.4388,3147.9138,3013.8341,3125.2385
2024-12-05,3149.8854,3152.8430,3105.5208,3122.2808
2024-12-06,3101.5772,3106.5066,3053.2691,3099.6055
2024-12-09,3103.5492,3171.5749,3094.6763,3160.7302
2024-12-10,3273.1206,3295.7959,3226.7843,3290.8665
2024-12-11,3263.2616,3350.0190,3241.5723,3314.5273
2024-12-12,3375.6521,3429.8754,3340.1604,3413.1155
2024-12-13,3275.0923,3354.9486,3270.1629,3310.5840
2024-12-16,3285.9369,3312.5556,3271.1487,3277.0640
2024-12-17,3275.0919,3349.0329,3274.1061,3332.2729
2024-12-18,3271.1488,3288.8946,3239.6006,3244.5300
2024-12-19,3175.5182,3239.6004,3165.6594,3213.9675
2024-12-20,3253.4027,3326.3578,3233.6851,3237.6287
2024-12-23,3300.7250,3310.5838,3254.3887,3254.3887
2024-12-24,3280.0217,3280.0217,3238.6147,3251.4312
2024-12-25,3244.5300,3260.3040,3220.8688,3258.3323
2024-12-26,3253.4028,3302.6968,3251.4310,3302.6968
2024-12-27,3351.9908,3374.6660,3333.2591,3368.7507
2024-12-30,3381.5671,3383.5389,3299.7391,3321.4285
2025-01-06,3309.5979,3310.5838,3230.7276,3254.3887
2025-01-07,3265.2332,3301.7108,3232.6992,3293.8237
2025-01-08,3253.4027,3262.2757,3199.1794,3243.5439
2025-01-09,3243.5440,3255.3746,3172.5607,3199.1794
2025-01-10,3181.4338,3198.1937,3150.8715,3189.3208
2025-01-14,3189.3206,3191.2923,3073.9726,3110.4502
2025-01-15,3150.8714,3165.6596,3129.1821,3160.7302
2025-01-16,3169.6027,3186.3627,3132.1393,3152.8428
2025-01-17,3154.8151,3174.5327,3101.5776,3168.6174
2025-01-20,3204.1091,3227.7702,3182.4197,3193.2644
2025-01-21,3252.4171,3252.4171,3150.8715,3189.3208
2025-01-22,3210.0241,3247.4876,3199.1795,3228.7559
2025-01-23,3250.4450,3318.4707,3240.5862,3288.8943
2025-01-24,3244.5297,3249.4591,3187.3487,3205.0945
2025-01-27,3205.0946,3243.5439,3193.2640,3214.9534
2025-01-28,3213.9676,3377.6236,3194.2500,3309.5979
2025-01-29,3341.1464,3477.1978,3333.2593,3434.8049
2025-01-30,3372.6941,3422.9739,3357.9059,3403.2563
2025-01-31,3382.5531,3422.9742,3342.1320,3391.4260
2025-02-03,3285.9366,3345.0894,3285.9366,3332.2729
2025-02-04,3434.8048,3439.7342,3382.5532,3425.9319
2025-02-05,3450.5786,3508.7455,3421.9881,3463.3950
2025-02-06,3450.5787,3476.2115,3431.8470,3467.3386
2025-02-07,3430.8612,3454.5223,3411.1436,3433.8188
2025-02-10,3376.6378,3405.2283,3371.7084,3380.5813
2025-02-12,3242.5582,3334.2450,3242.5582,3324.3862
2025-02-13,3312.5559,3380.5816,3308.6123,3361.8499
2025-02-14,3706.9075,3720.7098,3588.6019,3652.6841
2025-02-17,3649.7263,3819.2976,3614.2346,3802.5376
2025-02-18,3803.5235,3848.8740,3727.6108,3728.5967
2025-02-19,3739.4412,3745.3565,3650.7121,3719.7236
2025-02-20,3720.7099,3723.6676,3644.7972,3679.3030
2025-02-21,3659.5853,3762.1168,3659.5853,3759.1592
2025-02-25,3737.4697,3767.0461,3691.1334,3743.3850
2025-02-26,3702.9639,3760.1449,3654.6558,3751.2720
2025-02-27,3731.5546,3777.8909,3719.7240,3764.0886
2025-02-28,3696.0629,3697.0488,3650.7124,3686.2041
2025-03-03,3687.1898,3713.8085,3623.1076,3660.5710
2025-03-04,3624.0937,3636.9101,3538.3222,3576.7715
2025-03-05,3541.2799,3593.5315,3523.5341,3532.4070
2025-03-06,3524.5198,3702.9640,3524.5198,3674.3735
2025-03-07,3467.3388,3533.3927,3452.5506,3518.6045
2025-03-10,3476.2117,3495.9293,3406.2142,3409.1719
2025-03-11,3263.2615,3358.8918,3250.4451,3341.1460
2025-03-12,3380.5814,3513.6752,3377.6238,3461.4236
2025-03-13,3508.7457,3531.4209,3434.8047,3439.7341
2025-03-14,3432.8328,3511.7032,3412.1293,3468.3245
2025-03-17,3547.1947,3567.8982,3524.5195,3538.3218
2025-03-18,3569.8704,3616.2067,3560.0116,3599.4468
2025-03-19,3648.7405,3673.3875,3620.1500,3630.0088
2025-03-21,3661.5569,3742.3990,3653.6698,3728.5967
2025-03-24,3740.4275,3742.3992,3690.1476,3710.8511
2025-03-25,3768.0320,3800.5660,3696.0628,3712.8228
2025-03-26,3794.6508,3839.0153,3769.0179,3797.6084
2025-03-27,3732.5404,3807.4673,3716.7664,3807.4673
2025-03-28,3808.4556,3817.3516,3757.0568,3786.7100
2025-03-31,3719.4960,3785.7214,3682.9238,3721.4729
2025-04-01,3762.9873,3815.3746,3699.7272,3721.4729
2025-04-02,3699.7274,3712.5771,3620.6522,3647.3401
2025-04-03,3419.0107,3525.7621,3396.2766,3471.3979
2025-04-04,3298.4211,3355.7506,3232.1957,3306.3286
2025-04-07,2965.3172,3080.9646,2946.0426,2974.2131
2025-04-08,3043.4038,3241.0917,3043.4038,3180.7969
2025-04-09,3090.8489,3123.4673,3003.8662,3071.0801
2025-04-10,3489.1899,3525.7622,3422.9645,3486.2246
2025-04-11,3184.7506,3250.9760,3126.4327,3228.2419
2025-04-14,3261.8488,3311.2708,3248.9991,3255.9182
2025-04-15,3369.5888,3393.3114,3319.1784,3327.0859
2025-04-16,3337.9587,3357.7275,3252.9530,3301.3865
2025-04-17,3288.5369,3398.2537,3279.6410,3398.2537
2025-04-18,3420.9875,3442.7332,3367.6118,3425.9297
2025-04-21,3361.6813,3398.2535,3331.0397,3337.9587
2025-04-22,3313.2476,3334.0048,3289.5251,3308.3054
2025-04-23,3467.4442,3499.0742,3403.1956,3496.1089
2025-04-24,3572.2189,3572.2189,3472.3865,3487.2131
2025-04-25,3533.6696,3544.5425,3485.2361,3494.1321
2025-04-28,3518.8427,3522.7965,3459.5364,3479.3052
2025-04-30,3686.8776,3733.3342,3641.4094,3727.4036
2025-05-01,3677.9816,3712.5769,3600.8833,3620.6521
2025-05-02,3596.9297,3712.5770,3589.0221,3688.8545
2025-05-07,3579.1379,3582.1032,3505.0050,3539.6003
2025-05-08,3459.5366,3467.4441,3416.0453,3459.5366
2025-05-09,3513.9009,3550.4731,3466.4558,3541.5771
2025-05-12,3588.0336,3588.0336,3530.7041,3550.4729
2025-05-13,3597.9182,3635.4789,3576.1725,3611.7563
2025-05-14,3524.7736,3772.8718,3469.4210,3744.2070
2025-05-15,3556.4037,3679.9586,3529.7159,3639.4326
2025-05-16,3637.4558,3643.3864,3516.8662,3561.3459
2025-05-19,3556.4036,3574.1955,3518.8429,3568.2649
2025-05-20,3607.8025,3739.2649,3597.9181,3733.3342
2025-05-21,3663.1552,3686.8777,3610.7679,3628.5598
2025-05-22,3607.8026,3646.3517,3583.0916,3611.7563
2025-05-23,3624.6061,3675.0165,3618.6755,3640.4211
2025-05-26,3657.2244,3706.6464,3629.5481,3696.7620
2025-05-27,3696.7621,3774.8487,3679.9586,3764.9644
2025-05-28,3834.1554,3853.9242,3776.8259,3776.8259
2025-05-29,3835.1435,3988.3516,3817.3516,3924.1030
2025-05-30,3800.5482,3861.8315,3765.9529,3765.9529
2025-06-02,3765.9529,3793.6292,3726.4154,3758.0454
2025-06-03,3813.3978,3875.6695,3787.6984,3789.6753
2025-06-04,3805.4904,3835.1436,3798.5713,3804.5020
2025-06-05,3770.8951,3772.8719,3704.6696,3746.1841
2025-06-06,3716.5310,3798.5714,3711.5888,3788.6870
2025-06-09,3853.9240,3869.7390,3788.6870,3788.6870
2025-06-10,3830.2013,3839.0972,3741.2418,3756.0684
2025-06-11,3771.8834,3782.7563,3689.8430,3703.6812
2025-06-12,3750.1379,3764.9645,3706.6466,3730.3691
2025-06-13,3699.7273,3705.6580,3615.7100,3691.8198
2025-06-16,3696.7621,3727.4037,3655.2477,3692.8083
2025-06-17,3698.7391,3717.5194,3662.1668,3707.6350
2025-06-18,3661.1782,3765.9527,3650.3054,3739.2649
2025-06-19,3696.7620,3703.6811,3628.5597,3647.3401
2025-06-20,3646.3518,3654.2593,3565.2998,3565.2998
2025-06-23,3537.6235,3543.5541,3453.6061,3489.1899
2025-06-24,3626.5830,3629.5483,3538.6119,3542.5657
2025-06-25,3577.1610,3589.0223,3553.4385,3587.0454
2025-06-26,3604.8372,3632.5135,3584.0800,3630.5366
2025-06-27,3686.8777,3761.9991,3682.9240,3746.1841
2025-06-30,3761.9991,3784.7332,3684.9008,3686.8777
2025-07-01,3686.8775,3691.8197,3592.9758,3597.9180
2025-07-02,3605.8257,3649.3170,3598.9066,3633.5020
2025-07-03,3623.6176,3633.5020,3571.2304,3614.7217
2025-07-04,3662.1667,3674.0280,3624.6061,3645.3633
2025-07-07,3626.5830,3659.2015,3605.8258,3640.4211
2025-07-08,3613.7332,3662.1667,3612.7448,3628.5598
2025-07-09,3705.6581,3705.6581,3594.9529,3628.5598
2025-07-10,3593.9645,3596.9299,3515.8779,3565.2998
2025-07-11,3612.7448,3612.7448,3530.7043,3558.3806
2025-07-14,3506.9818,3561.3460,3502.0396,3547.5078
2025-07-15,3573.2072,3578.1494,3505.9933,3524.7737
2025-07-16,3524.7739,3528.7276,3473.3750,3499.0745
2025-07-17,3556.4037,3602.8603,3520.8199,3590.9990
2025-07-18,3573.2074,3576.1727,3509.9473,3523.7854
2025-07-22,3567.2767,3613.7333,3495.1206,3498.0859
2025-07-23,3595.9412,3689.8429,3567.2765,3649.3169
2025-07-24,3740.2534,3775.8372,3709.6118,3743.2188
2025-07-25,3687.8663,3722.4616,3654.2593,3663.1553
2025-07-28,3671.0625,3684.9007,3595.9412,3595.9412
2025-07-29,3576.1727,3579.1380,3539.6005,3563.3230
2025-07-30,3533.6696,3599.8950,3517.8546,3599.8950
2025-07-31,3588.0338,3660.1898,3586.0569,3639.4326
2025-08-01,3639.4327,3676.9934,3603.8489,3637.4558
2025-08-04,3510.9355,3588.0338,3509.9471,3575.1841
2025-08-05,3591.9875,3637.4557,3579.1378,3586.0569
2025-08-06,3582.1031,3675.0164,3568.2650,3664.1436
2025-08-07,3624.6060,3940.9065,3552.4500,3815.3748
2025-08-08,3953.7562,4057.5423,3916.1955,3948.8140
2025-08-12,3981.4324,4017.0162,3939.9180,3945.8486
2025-08-13,4010.0971,4149.4670,4003.1781,4082.2532
2025-08-14,4056.5539,4082.2534,3990.3285,4022.9470
2025-08-15,4080.2768,4248.3115,4056.5543,4242.3809
2025-08-18,4173.1897,4197.9007,4128.7100,4134.6406
2025-08-19,4128.7099,4159.3515,4106.9643,4119.8140
2025-08-20,4108.9411,4135.6290,4077.3111,4080.2764
2025-08-21,4088.1841,4102.0223,4045.6812,4046.6697
2025-08-22,4082.2532,4184.0624,4077.3110,4172.2012
2025-08-25,4199.8776,4199.8776,4119.8140,4125.7446
2025-08-26,4100.0453,4107.9528,4038.7621,4048.6465
2025-08-27,4028.8778,4068.4154,4014.0512,4049.6350
2025-08-28,4021.9588,4099.0570,4014.0513,4095.1033
2025-08-29,4055.5654,4067.4267,4014.0510,4035.7966
2025-09-01,4013.0626,4044.6926,3954.7446,3974.5134
2025-09-02,3979.4555,4005.1549,3933.9873,3967.5942
2025-09-03,3963.6406,4027.8891,3928.0568,3943.8718
2025-09-04,4013.0625,4082.2532,3989.3399,4057.5422
2025-09-05,4072.3689,4094.1146,3984.3978,4044.6926
2025-09-08,4108.9411,4205.8081,4084.2301,4135.6289
2025-09-09,4204.8198,4229.5308,4152.4325,4168.2476
2025-09-10,4166.2706,4265.1146,4155.3978,4226.5654
2025-09-11,4161.3283,4219.6463,4149.4671,4205.8081
2025-09-12,4331.3399,4332.3283,4208.7734,4236.4497
2025-09-16,4236.4497,4242.3803,4161.3283,4172.2012
2025-09-17,4185.0509,4264.1261,4154.4093,4217.6694
2025-09-18,4250.2881,4398.5540,4203.8315,4381.7505
2025-09-19,4394.5998,4425.2414,4241.3918,4271.0449
2025-09-22,4151.9007,4247.7942,4146.2041,4168.0410
2025-09-24,4035.1194,4115.8215,4001.8889,4103.4790
2025-09-25,4168.9904,4346.5358,4136.7097,4234.5020
2025-09-26,4300.0131,4310.4569,4163.2939,4182.2827
2025-09-29,4193.4857,4308.4844,4176.6325,4231.1577
2025-09-30,4262.8814,4296.5879,4171.6756,4222.2354
2025-10-01,4291.6317,4292.6230,4145.9006,4178.6157
2025-10-02,4168.7016,4192.4944,4051.7202,4076.5044
2025-10-03,4122.1072,4207.3648,4104.2626,4169.6929
2025-10-06,4408.6126,4453.2241,4316.4154,4453.2241
2025-10-07,4467.1035,4490.8963,4419.5178,4458.1812
2025-10-08,4510.7239,4599.9470,4479.0002,4505.7671
2025-10-09,4571.1968,4607.8774,4532.5335,4607.8774
2025-10-10,4560.2918,4590.0329,4405.6384,4422.4917
2025-10-14,4359.0439,4378.8713,4235.1229,4272.7949
2025-10-15,4301.5449,4319.3896,4274.7780,4304.5190
2025-10-16,4339.2168,4346.1564,4255.9419,4283.7002
2025-10-17,4263.8732,4341.1999,4246.0286,4262.8818
2025-10-20,4316.4154,4384.8198,4281.7176,4381.8457
2025-10-21,4362.0182,4397.7074,4337.2340,4379.8628
2025-10-22,4366.9754,4408.6128,4345.1653,4362.0186
2025-10-23,4318.3981,4363.0097,4292.6226,4351.1133
2025-10-24,4351.1132,4373.9147,4305.5103,4339.2168
2025-10-27,4385.8111,4419.5176,4358.0528,4364.0010
2025-10-28,4364.0008,4366.9749,4313.4411,4337.2339
2025-10-29,4354.0878,4354.0878,4255.9423,4277.7524
2025-10-30,4246.0285,4251.9767,4179.6069,4195.4688
2025-10-31,4312.4501,4396.7164,4255.9421,4294.6055
2025-11-04,4371.9316,4371.9316,4249.9934,4257.9243
2025-11-05,4269.8209,4309.4756,4150.8568,4207.3647
2025-11-06,4276.7610,4345.1653,4250.9854,4312.4502
2025-11-07,4262.8814,4298.5707,4155.8137,4222.2354
2025-11-10,4282.7093,4285.6834,4198.4430,4247.0200
2025-11-11,4316.4154,4529.5594,4246.0283,4480.9824
2025-11-12,4603.9119,4672.3162,4563.2658,4645.5493
2025-11-13,4609.8603,4734.7726,4604.9035,4628.6963
2025-11-14,4559.3006,4684.2129,4551.3696,4659.4287
2025-11-17,4520.6371,4579.1278,4465.1205,4508.7407
2025-11-18,4520.6370,4520.6370,4369.9491,4370.9404
2025-11-19,4339.2170,4388.7854,4292.6227,4294.6055
2025-11-20,4532.5335,4543.4386,4404.6471,4422.4917
2025-11-21,4388.7853,4520.6372,4371.9320,4468.0947
2025-11-25,4423.4833,4441.3279,4344.1739,4350.1221
2025-11-26,4411.5864,4498.8267,4397.7072,4485.9390
2025-11-27,4546.4131,4558.3095,4510.7238,4543.4390
2025-11-28,4531.5419,4566.2397,4512.7059,4535.5073
2025-12-01,4466.1119,4484.9479,4364.9924,4375.8975
2025-12-02,4401.6730,4424.4745,4368.9579,4403.6558
2025-12-03,4403.6559,4421.5006,4337.2343,4350.1221
2025-12-04,4362.0182,4403.6556,4360.0354,4379.8628
2025-12-05,4278.7436,4312.4501,4268.8299,4294.6055
2025-12-08,4248.0113,4272.7955,4229.1753,4262.8818
2025-12-09,4283.7001,4326.3289,4243.0540,4268.8296
2025-12-10,4288.6574,4311.4588,4134.9953,4145.9004
2025-12-11,4137.9691,4152.8396,4064.6079,4064.6079
2025-12-12,4064.6084,4177.6243,4064.6084,4144.9092
2025-12-15,4106.2456,4163.7449,4089.3923,4103.2715
2025-12-16,4166.7190,4167.7103,4026.9361,4035.8584
2025-12-17,3984.3072,4024.9532,3942.6697,4004.1345
2025-12-18,3970.4280,4034.8669,3970.4280,4020.9878
2025-12-19,4012.0654,4016.0309,3934.7388,3959.5229
2025-12-22,3978.3589,3985.2985,3915.9027,3925.8164
2025-12-23,3985.2987,4050.7290,3965.4714,4033.8757
2025-12-24,3995.2123,4004.1346,3951.5921,3955.5576
2025-12-25,4006.1173,4007.1086,3968.4453,4004.1345
2025-12-26,4029.9101,4044.7806,3992.2381,4010.0828
2025-12-29,4006.1174,4020.9879,3983.3159,3994.2209
2025-12-30,3991.2467,4024.9532,3980.3416,3989.2639
2026-01-05,4008.1001,4077.4958,4001.1605,4043.7893
2026-01-06,4026.9362,4088.4010,4012.0656,4075.5132
2026-01-07,4010.0826,4017.0222,3913.9199,3941.6782
2026-01-08,3935.7302,3939.6956,3874.2653,3896.0754
2026-01-09,3826.6796,3887.1531,3821.7228,3842.5415
2026-01-13,3794.9559,3849.4812,3772.1545,3801.8955
2026-01-14,3871.2914,3872.2828,3796.9388,3814.7834
2026-01-15,3871.2914,3923.8339,3846.5072,3870.3000
2026-01-16,3836.5934,3838.5761,3791.9818,3818.7488
2026-01-19,3750.3445,3781.0769,3725.5603,3747.3704
2026-01-20,3737.4565,3752.3270,3703.7500,3703.7500
2026-01-21,3674.0091,3742.4135,3628.4062,3669.0522
2026-01-22,3672.0263,3680.9487,3599.6565,3599.6565
2026-01-23,3568.9243,3637.3287,3560.9934,3582.8035
2026-01-26,3474.7441,3528.2779,3466.8131,3515.3901
2026-01-27,3504.4853,3509.4422,3445.0033,3459.8738
2026-01-28,3390.4779,3405.3484,3356.7713,3374.6160
2026-01-29,3341.9011,3420.2191,3302.2464,3402.3745
2026-01-30,3429.1412,3432.1153,3362.7195,3424.1843
2026-02-02,3370.6507,3451.9429,3348.8406,3379.5730
2026-02-03,3474.7441,3492.5888,3431.1240,3474.7441
2026-02-04,3285.3928,3349.8317,3284.4015,3316.1252
2026-02-05,3221.9453,3511.4247,3202.1180,3319.0994
2026-02-06,3388.4953,3540.1746,3338.9269,3476.7271
2026-02-09,3590.7342,3592.7169,3403.3657,3425.1758
2026-02-10,3427.1584,3545.1312,3426.1670,3529.2693
2026-02-12,3530.2607,3608.5787,3497.5455,3573.8809
2026-02-13,3545.1312,3588.7514,3521.3384,3521.3384
2026-02-16,3529.2693,3599.6564,3510.4333,3576.8550
2026-02-17,3570.9067,3571.8981,3428.1497,3456.8994
2026-02-18,3438.0637,3469.7874,3429.1414,3443.0205
2026-02-19,3470.7786,3482.6750,3413.2792,3415.2620
2026-02-20,3371.6418,3382.5468,3286.3842,3307.2029
2026-02-24,3231.8590,3327.0303,3221.9453,3277.4619
2026-02-25,3295.3068,3317.1169,3248.7125,3263.5830
2026-02-26,3308.1943,3400.3915,3294.3151,3368.6677
2026-02-27,3597.6738,3623.4494,3533.2349,3611.5530
2026-03-02,3547.1141,3566.9415,3503.4939,3561.9846
2026-03-03,3450.9513,3468.7959,3333.9699,3338.9268
2026-03-04,3338.9266,3437.0720,3325.0475,3359.7454
2026-03-05,3429.1411,3433.1065,3326.0388,3350.8230
2026-03-06,3329.0132,3459.8738,3319.0995,3443.0205
2026-03-09,3192.2044,3317.1167,3190.2216,3317.1167
2026-03-10,3368.6677,3413.2792,3314.1424,3373.6245
2026-03-11,3425.1757,3465.8218,3396.4261,3416.2534
2026-03-12,3376.5989,3429.1414,3348.8406,3429.1414
2026-03-13,3330.9959,3448.9686,3330.9959,3428.1499
2026-03-16,3401.3831,3433.1069,3354.7888,3354.7888
2026-03-17,3354.7887,3363.7110,3267.5484,3298.2808
2026-03-18,3172.3769,3275.4791,3172.3769,3257.6345
2026-03-19,3226.9023,3330.9959,3212.0318,3242.7642
2026-03-23,3173.3684,3218.9713,3152.5496,3164.4460
2026-03-24,3233.8416,3246.7294,3160.4804,3204.1006
2026-03-25,3259.6175,3271.5139,3210.0491,3237.8074
2026-03-26,3242.7642,3253.6692,3182.2907,3190.2217
2026-03-27,3152.5496,3223.9281,3152.5496,3181.2993
2026-03-30,3160.8967,3179.8063,3121.0869,3172.8396
2026-03-31,3174.8301,3264.4021,3155.9205,3193.7397
2026-04-01,3333.0740,3369.8980,3277.3403,3355.9646
2026-04-02,3381.8411,3395.7745,3295.2548,3313.1692
2026-04-03,3338.0502,3347.0074,3300.2309,3308.1929
2026-04-06,3311.1788,3329.0932,3268.3833,3276.3452
2026-04-07,3301.2261,3334.0692,3286.2974,3295.2546
2026-04-08,3434.5891,3435.5843,3357.9552,3371.8887
2026-04-09,3339.0455,3375.8696,3313.1692,3358.9504
2026-04-10,3358.9505,3367.9077,3285.3024,3309.1882
2026-04-13,3217.6256,3258.4307,3215.6351,3235.5400
2026-04-14,3285.3022,3303.2166,3235.5400,3264.4021
2026-04-15,3322.1265,3353.9743,3295.2549,3324.1169
2026-04-16,3372.8839,3430.6081,3363.9267,3390.7983
2026-04-17,3397.7649,3428.6175,3378.8552,3378.8552
2026-04-20,3413.6890,3432.5986,3356.9600,3367.9077
2026-04-21,3353.9742,3367.9077,3298.2406,3330.0884
2026-04-22,3312.1739,3334.0693,3297.2452,3327.1025
2026-04-23,3301.2261,3316.1548,3194.7349,3247.4829
2026-04-24,3268.3832,3272.3642,3173.8350,3192.7446
2026-04-27,3177.8158,3186.7730,3149.9490,3172.8396
2026-04-28,3232.5543,3234.5448,3181.7968,3218.6208
2026-04-30,3215.6351,3217.6256,3065.3532,3098.1963
2026-05-01,3070.3294,3127.0583,3060.3769,3112.1296
2026-05-07,3109.1440,3161.8920,3051.4198,3115.1155
2026-05-08,3073.3153,3343.0266,3028.5293,3099.1917
2026-05-11,3336.0597,3460.4653,3312.1738,3355.9646
2026-05-12,3378.8554,3515.2039,3351.9838,3467.4321
2026-05-13,3616.7189,3710.2718,3571.9328,3642.5952
2026-05-14,3511.2229,3525.1563,3393.7840,3427.6223
2026-05-15,3531.1278,3629.6570,3512.2181,3558.9946
2026-05-18,3571.9327,3679.4191,3554.0183,3578.8994
2026-05-19,3578.8995,3704.3003,3578.8995,3702.3098
2026-05-20,3658.5189,3659.5142,3538.0943,3588.8518
2026-05-21,3576.9089,3582.8804,3501.2703,3537.0991
2026-05-22,3523.1657,3535.1087,3441.5557,3508.2371
2026-05-25,3577.9042,3588.8518,3515.2038,3580.8899
2026-05-26,3601.7900,3634.6331,3529.1372,3531.1277
2026-05-27,3475.3940,3508.2371,3431.6032,3508.2371
2026-05-28,3421.6507,3477.3844,3367.9075,3434.5889
2026-05-29,3445.5367,3479.3750,3402.7412,3427.6223
2026-06-01,3454.4939,3586.8614,3440.5605,3525.1562
2026-06-02,3566.9565,3654.5380,3545.0611,3651.5522
2026-06-03,3581.8851,3640.6046,3541.0801,3601.7900
2026-06-04,3571.9328,3588.8519,3488.3322,3523.1658
2026-06-05,3562.9756,3615.7235,3542.0754,3542.0754
2026-06-08,3472.4082,3538.0944,3439.5652,3491.3179
2026-06-09,3507.2418,3514.2085,3408.7126,3426.6270
2026-06-10,3419.6603,3429.6128,3331.0835,3368.9028
2026-06-11,3299.2358,3381.8411,3296.2501,3352.9790
2026-06-12,3333.0742,3347.0076,3230.5640,3276.3452
2026-06-15,3323.1216,3334.0693,3274.3546,3304.2119
2026-06-16,3237.5306,3280.3262,3210.6590,3259.4260
2026-06-17,3281.3212,3298.2404,3242.5067,3270.3735
2026-06-18,3264.4023,3288.2881,3199.7114,3234.5449
2026-06-19,3164.8777,3187.7683,3098.1963,3125.0679
2026-06-22,3105.1631,3191.7494,3101.1821,3167.8635
2026-06-23,3161.8919,3168.8587,3121.0869,3143.9775
2026-06-24,3201.7019,3251.4641,3167.8635,3234.5449
2026-06-25,3216.6304,3242.5068,3181.7969,3181.7969
2026-06-26,3135.0204,3183.7874,3105.1630,3183.7874
2026-06-29,3200.7065,3292.2690,3184.7826,3283.3118
2026-06-30,3296.2499,3303.2166,3245.4925,3264.4021
2026-07-01,3264.4023,3324.1169,3214.6400,3234.5449
2026-07-02,3299.2356,3383.8314,3280.3260,3314.1643
2026-07-03,3373.8790,3480.3701,3348.0026,3363.9265
2026-07-06,3373.8790,3405.7268,3331.0835,3405.7268
2026-07-07,3398.7602,3499.2799,3394.7792,3485.3464
2026-07-08,3485.3464,3532.1229,3450.5128,3451.5081
2026-07-09,3381.8411,3415.6794,3368.9029,3392.7888
2026-07-10,3392.7886,3393.7838,3321.1310,3343.0264
2026-07-13,3357.9551,3367.9076,3290.2785,3325.1121
2026-07-14,3350.9884,3407.7174,3345.0170,3366.9124
2026-07-15,3363.9266,3373.8790,3319.1406,3372.8838
2026-07-16,3383.8316,3433.5938,3358.9505,3421.6509
2026-07-17,3421.6507,3493.3083,3405.7268,3453.4985
2026-07-21,3437.5747,3505.2513,3425.6318,3441.5557
2026-07-22,3383.8316,3450.5129,3383.8316,3427.6223
2026-07-23,3418.6650,3435.5841,3396.7696,3428.6174
2026-07-24,3384.8269,3416.6747,3344.0218,3392.7888
2026-07-27,3436.5796,3557.0042,3423.6414,3557.0042
2026-07-28,3577.9043,3646.5762,3519.1849,3644.5857
2026-07-29,3667.4762,3791.8817,3628.6616,3790.8865
2026-07-30,3790.8865,3843.6344,3712.2622,3790.8865
2026-07-31,3675.4382,3945.1495,3665.4858,3768.9912
2026-08-03,3580.8898,3665.4856,3538.0943,3571.9326
2026-08-04,3555.0135,3609.7519,3514.2085,3522.1704
2026-08-05,3505.2514,3624.6807,3498.2846,3548.0469
2026-08-06,3632.6427,3645.5809,3576.9090,3608.7568
2026-08-07,3648.5665,3740.1290,3627.6663,3703.3049
2026-08-10,3689.3716,3782.9246,3632.6427,3746.1006
2026-08-12,3771.9770,3790.8866,3708.2813,3744.1101
2026-08-13,3740.1290,3741.1242,3653.5427,3682.4048
2026-08-14,3732.1671,3893.3967,3709.2765,3893.3967
2026-08-17,3834.6773,3870.5061,3762.0244,3762.0244
2026-08-18,3693.3526,3740.1291,3685.3907,3700.3193
2026-08-19,3732.1672,3735.1529,3637.6190,3671.4573
2026-08-20,3724.2053,3794.8676,3715.2481,3759.0388
2026-08-21,3721.2195,3767.0007,3717.2385,3767.0007
2026-08-24,3818.7535,3861.5490,3795.8628,3831.6917
2026-08-25,3862.5441,3863.5393,3805.8151,3813.7771
2026-08-26,3799.8437,3888.4204,3795.8627,3859.5583
2026-08-27,3808.8009,3900.3634,3796.8580,3851.5964
2026-08-28,3863.5393,3949.1303,3856.5726,3909.3206
2026-08-31,3963.0638,4021.7832,3918.2778,3996.9021
2026-09-01,3971.0258,4050.6454,3942.1637,4026.7595
2026-09-02,3986.9497,4005.8593,3886.4300,3901.3586
2026-09-03,3901.3587,3935.1970,3871.5013,3876.4775
2026-09-04,3876.4776,3894.3920,3829.7011,3866.5251
2026-09-07,3816.7629,3837.6630,3741.1243,3762.0244
2026-09-08,3742.1195,3750.0814,3636.6235,3636.6235
2026-09-09,3600.7948,3645.5808,3572.9279,3607.7615
2026-09-10,3592.8328,3622.6902,3571.9327,3622.6902
2026-09-11,3564.9660,3629.6569,3564.9660,3614.7283
2026-09-14,3654.5380,3769.9863,3644.5855,3769.9863
2026-09-15,3811.7866,3815.7675,3701.3144,3707.2859
2026-09-16,3748.0909,3764.0149,3677.4286,3701.3145
2026-09-17,3703.3051,3748.0911,3689.3717,3736.1482
2026-09-18,3715.2480,3729.1814,3658.5191,3679.4192
2026-09-24,3639.6093,3696.3383,3625.6759,3645.5808
2026-09-25,3679.4192,3727.1910,3648.5667,3692.3574
2026-09-28,3647.5713,3711.2670,3647.5713,3662.5000
2026-09-29,3705.0000,3749.0000,3683.0000,3732.0000
2026-09-30,3701.0000,3795.0000,3662.0000,3759.0000
2026-10-01,3733.0000,3787.0000,3728.0000,3787.0000
2026-10-02,3722.0000,3789.0000,3720.0000,3753.0000
2026-10-05,3771.0000,3785.0000,3723.0000,3723.0000
2026-10-06,3753.0000,3776.0000,3741.0000,3768.0000
2026-10-07,3756.0000,3797.0000,3724.0000,3743.0000
2026-10-08,3720.0000,3741.0000,3662.0000,3706.0000
