Date,Open,High,Low,Close
2010-02-22,121.3017,131.4101,121.3017,127.8262
2010-02-23,128.6534,128.6534,124.5181,128.1939
2010-02-24,124.0585,127.7343,123.7829,124.6099
2010-02-25,127.3668,127.4587,124.6099,126.8154
2010-02-26,124.2424,127.6425,123.5991,126.9073
2010-03-01,127.3668,127.4587,124.1505,126.5397
2010-03-02,125.5288,130.3993,125.5288,129.5722
2010-03-03,129.5723,131.9615,129.5723,131.9615
2010-03-04,132.5129,133.4319,128.8371,129.6642
2010-03-05,129.5723,130.9507,124.9775,128.1939
2010-03-08,132.9724,132.9724,129.7560,131.1345
2010-03-09,131.1345,134.1671,130.1237,133.2481
2010-03-10,134.8103,135.0860,132.7886,132.8805
2010-03-11,132.8805,133.1562,129.9399,132.2372
2010-03-12,129.7560,131.6858,128.9290,130.4912
2010-03-15,126.9073,130.2156,125.8965,128.6534
2010-03-16,127.2749,129.3885,127.2749,129.3885
2010-03-17,129.4804,131.6859,127.7344,129.2047
2010-03-18,128.6533,131.7777,128.6533,131.7777
2010-03-19,131.7777,132.7886,130.4912,130.4912
2010-03-23,132.8805,135.1778,131.2264,133.6156
2010-03-24,133.5237,135.3616,130.9507,131.0426
2010-03-25,132.9724,132.9724,128.9290,130.2155
2010-03-26,132.2372,132.2372,130.1237,131.4102
2010-03-29,131.8697,134.0752,130.5831,133.7995
2010-03-30,133.7076,135.8212,132.8805,133.2481
2010-03-31,133.2481,133.2481,130.4912,131.2264
2010-04-01,131.8696,132.6967,130.4912,132.5129
2010-04-02,130.8588,136.0049,130.1236,130.8588
2010-04-05,131.3183,133.2481,131.3183,131.9615
2010-04-06,132.7886,132.8805,130.4912,131.6859
2010-04-07,131.7777,132.5129,130.0317,131.6859
2010-04-08,130.3074,130.6750,129.2047,129.4804
2010-04-09,129.2047,130.9507,128.7453,130.9507
2010-04-12,129.6641,131.2264,129.0209,129.2966
2010-04-13,128.9290,128.9290,125.8965,128.0101
2010-04-14,128.6534,129.5723,128.2858,128.6534
2010-04-15,132.3291,134.1671,131.0426,132.1454
2010-04-16,132.9724,134.6265,132.9724,134.1670
2010-04-19,133.9832,136.9239,133.9832,136.0049
2010-04-20,137.4753,140.4159,137.4753,137.7509
2010-04-21,139.8645,141.5186,139.7726,139.7726
2010-04-22,141.3348,142.4376,139.8645,142.4376
2010-04-23,141.1511,143.3566,141.1511,142.6214
2010-04-26,142.2538,142.2538,139.6807,142.1619
2010-04-27,142.4376,143.3565,140.1402,142.8052
2010-04-28,138.3023,140.5997,136.8320,140.5997
2010-04-30,136.3725,136.3725,130.0318,133.2481
2010-05-06,124.9775,125.1613,122.6801,122.7720
2010-05-07,110.1824,114.7771,108.5283,111.6527
2010-05-10,112.4798,116.2475,111.6527,115.7880
2010-05-11,124.0586,124.0586,116.1556,116.1556
2010-05-12,115.6961,115.6961,111.7446,113.0311
2010-05-13,114.0420,116.7989,113.0312,114.0420
2010-05-14,115.2366,115.2366,111.1932,114.0420
2010-05-17,111.2851,111.6527,107.5174,107.8850
2010-05-18,109.3553,110.1824,105.6795,105.7714
2010-05-19,100.3496,112.2041,99.8901,108.8958
2010-05-20,106.1390,111.1933,106.1390,107.5174
2010-05-21,99.2469,103.8416,99.2469,103.2902
2010-05-24,103.8416,106.5985,102.1875,106.5985
2010-05-25,105.2201,105.2201,100.2577,100.2577
2010-05-26,100.2577,104.6687,98.9712,99.9820
2010-05-27,98.8792,103.3821,98.6955,103.3821
2010-05-28,105.6795,107.5174,104.7606,106.5066
2010-05-31,109.3553,115.4204,108.7121,115.3285
2010-06-01,113.9501,115.1447,111.2851,111.2851
2010-06-02,110.2743,110.2743,106.5985,106.7823
2010-06-03,109.3553,110.2743,106.4147,109.3553
2010-06-04,108.4364,108.4364,106.1390,106.1390
2010-06-07,100.1658,100.6253,97.9603,98.7874
2010-06-08,98.7874,99.9820,98.3279,98.3279
2010-06-09,98.3279,99.2468,96.5819,96.5819
2010-06-10,95.1116,96.3981,92.9980,94.6521
2010-06-11,96.6738,98.6955,95.5711,95.5711
2010-06-14,98.3279,104.3011,96.4900,101.6361
2010-06-15,99.2469,100.1658,98.9712,99.6144
2010-06-16,103.0145,103.1983,100.1658,102.0037
2010-06-17,102.9227,104.7606,102.8308,103.2902
2010-06-18,103.8416,103.8416,100.8091,100.8091
2010-06-21,102.4632,103.5659,102.1875,103.3821
2010-06-22,102.9227,102.9227,101.5443,101.5443
2010-06-23,101.0847,101.0847,98.4198,98.6036
2010-06-24,98.6036,98.6036,98.6036,98.6036
2010-06-25,97.4090,97.4090,94.6521,95.5711
2010-06-28,96.0372,96.0372,89.5104,89.7901
2010-06-29,86.9929,90.4428,86.9929,90.4428
2010-06-30,85.7808,87.1794,84.8484,85.7808
2010-07-01,90.9090,91.7482,87.3659,90.4428
2010-07-02,87.6457,91.3753,87.6457,89.3240
2010-07-05,89.8834,93.2401,89.8834,91.0023
2010-07-06,90.9090,90.9090,87.6456,88.8577
2010-07-07,90.1631,90.1631,85.7809,86.1538
2010-07-08,88.5780,94.6386,88.5780,93.2400
2010-07-09,94.9184,97.7156,92.4009,95.9440
2010-07-12,97.7156,101.1654,94.2657,94.2657
2010-07-13,95.9440,100.2330,95.5710,99.4871
2010-07-14,106.6666,107.2261,103.0303,105.3613
2010-07-15,102.7505,109.5570,102.6573,104.4288
2010-07-16,102.8437,102.8437,98.0885,99.7668
2010-07-21,97.8088,98.6479,97.0629,98.3682
2010-07-22,95.8508,95.8508,92.7739,94.1725
2010-07-23,95.6643,98.8344,95.6643,97.4358
2010-07-26,97.4358,97.4358,97.4358,97.4358
2010-07-27,102.0978,103.4964,101.6316,102.1911
2010-07-28,102.1911,103.0302,101.7249,102.5640
2010-07-29,102.8437,102.8437,96.0372,99.1141
2010-07-30,96.0372,98.9277,95.1048,97.9020
2010-08-02,95.6643,98.8344,95.1048,97.4358
2010-08-03,98.6479,100.6992,97.9020,98.4615
2010-08-04,100.5127,100.5127,96.5034,98.7412
2010-08-05,97.0629,101.0722,97.0629,98.8344
2010-08-06,98.3682,98.8344,96.0372,96.5967
2010-08-09,96.5034,101.0722,95.0116,99.4871
2010-08-10,100.6992,103.4964,100.6992,102.5640
2010-08-11,97.9953,99.1142,96.6899,97.8088
2010-08-12,94.2657,95.7575,91.4685,93.2400
2010-08-13,94.6386,94.6386,91.6550,93.7062
2010-08-16,88.1118,89.5104,80.6526,85.3146
2010-08-17,83.9160,84.3822,81.0256,82.9836
2010-08-18,82.9836,82.9836,82.9836,82.9836
2010-08-19,86.8997,88.2983,84.8484,86.7132
2010-08-20,85.7808,86.5267,84.1957,86.2470
2010-08-23,84.3822,85.3146,81.1188,81.1188
2010-08-24,80.5594,80.5594,76.5501,77.4825
2010-08-25,75.5244,77.2960,74.3123,74.3123
2010-08-26,77.0163,77.0163,75.0582,76.4568
2010-08-27,75.1515,79.2540,74.7785,79.1608
2010-08-30,80.6526,82.3310,77.8554,78.5081
2010-08-31,77.8554,77.8554,76.0839,76.3636
2010-09-01,76.0839,76.5501,74.4055,74.9650
2010-09-02,77.3892,77.3892,73.8461,77.2027
2010-09-03,75.5244,76.2703,74.4055,74.6853
2010-09-06,75.9906,78.2284,75.8974,78.0419
2010-09-07,79.0675,79.0675,76.1771,76.1771
2010-09-08,75.8974,77.3892,74.5920,75.2447
2010-09-09,75.6177,76.4568,74.4056,75.0582
2010-09-10,75.2447,78.0419,75.1515,76.2704
2010-09-13,77.3892,79.3473,76.9230,78.7878
2010-09-14,81.1188,82.2377,79.1608,79.7202
2010-09-16,82.7971,82.7971,79.9067,81.2121
2010-09-17,82.0512,82.1444,80.3729,80.9323
2010-09-21,82.9836,83.9160,81.3053,81.3053
2010-09-22,80.2797,81.1188,80.1864,80.1864
2010-09-24,79.2540,79.2540,77.3892,77.9487
2010-09-27,77.9487,78.3216,76.3636,76.9230
2010-09-28,76.4568,77.2960,76.4568,76.9230
2010-09-29,76.9230,78.5081,76.9230,77.5757
2010-09-30,78.6014,79.0676,76.9230,77.5757
2010-10-01,78.7878,78.7878,77.2960,78.4149
2010-10-04,77.8554,78.4149,77.3892,77.4825
2010-10-05,77.3892,78.2284,76.6433,77.9487
2010-10-06,76.7365,78.8811,76.7365,78.0419
2010-10-07,78.0419,78.0419,78.0419,78.0419
2010-10-08,77.0163,77.3892,76.7365,76.7365
2010-10-12,78.1352,78.1352,75.7109,76.9230
2010-10-13,75.8974,76.9230,75.8041,75.8974
2010-10-14,75.5244,76.3636,75.2447,75.2447
2010-10-15,75.1515,75.1515,72.8205,74.3123
2010-10-18,74.2191,76.3636,74.1258,76.1771
2010-10-19,75.0582,75.8974,74.6853,75.1515
2010-10-20,74.5920,76.7365,74.5920,76.4568
2010-10-21,76.3636,76.4568,74.1258,74.5920
2010-10-22,74.5920,76.9230,74.5920,76.9230
2010-10-25,76.9230,78.1352,75.8042,75.9906
2010-10-26,75.7109,77.9487,74.1258,74.5920
2010-10-27,75.1515,75.2447,74.0326,74.0326
2010-10-28,74.0326,74.5920,73.7529,73.9394
2010-10-29,75.0582,75.0582,72.2610,72.5407
2010-11-01,70.1165,70.1165,64.4289,65.0816
2010-11-02,65.7342,67.7855,65.4545,66.2004
2010-11-04,67.9720,67.9720,66.6666,67.1328
2010-11-05,66.6666,70.3030,66.4801,70.3030
2010-11-08,76.9230,76.9230,72.8205,74.5920
2010-11-09,73.6596,74.5920,72.5408,72.7272
2010-11-10,72.4475,73.1934,72.1678,72.2610
2010-11-11,73.6596,74.5920,72.7272,74.0326
2010-11-12,74.4988,74.4988,73.1002,73.3799
2010-11-15,73.1934,74.4056,72.7272,74.4056
2010-11-16,74.5920,74.6853,73.5664,74.4988
2010-11-17,73.6596,74.9650,73.4731,74.5920
2010-11-18,74.4988,74.4988,73.5664,74.0326
2010-11-19,74.6853,75.9906,74.0326,75.9906
2010-11-22,77.0163,88.4848,77.0163,87.9253
2010-11-24,85.1282,90.0699,85.1282,90.0699
2010-11-25,91.6550,96.3170,90.1631,93.7995
2010-11-26,92.5873,96.0372,91.0955,94.7319
2010-11-29,93.6130,96.7832,92.4941,93.2400
2010-11-30,94.1724,94.1724,88.5780,90.9090
2010-12-01,88.5780,91.3752,86.8065,90.0699
2010-12-02,92.3076,93.4265,90.2564,90.9090
2010-12-03,92.4009,92.4009,90.2563,90.7225
2010-12-06,90.2564,90.2564,88.7645,89.9766
2010-12-07,88.7645,89.9767,88.4848,89.1375
2010-12-08,90.3496,91.3752,89.5104,91.3752
2010-12-09,91.3752,92.2144,90.4428,90.4428
2010-12-10,89.5104,91.5617,88.9510,89.6037
2010-12-13,92.2144,94.1725,92.2144,94.1725
2010-12-14,94.9184,94.9184,92.8671,94.0792
2010-12-15,94.1724,95.3846,93.4265,94.6386
2010-12-16,95.8508,95.8508,94.1724,94.2657
2010-12-17,94.6386,95.1981,93.5198,94.6386
2010-12-20,93.2400,93.5198,90.4428,92.4009
2010-12-21,91.8414,93.9860,91.8414,93.3333
2010-12-22,92.3076,93.7062,89.6969,91.7482
2010-12-24,90.4428,92.7738,90.4428,91.3752
2010-12-27,91.5617,94.7319,91.3753,94.1725
2010-12-28,94.1725,94.6387,94.1725,94.1725
2010-12-29,94.1724,94.9184,93.2400,94.9184
2010-12-30,92.5874,94.0792,92.0279,93.4265
2011-01-04,93.2400,94.3589,92.5874,93.3333
2011-01-05,93.9860,98.5547,93.9860,97.8088
2011-01-06,99.9533,101.6316,98.9277,99.4871
2011-01-07,101.3519,101.3519,97.6223,100.4195
2011-01-11,98.2750,99.8601,98.2750,99.8601
2011-01-12,101.3519,101.9114,99.7668,100.6992
2011-01-13,101.6316,101.6316,98.3682,99.7668
2011-01-14,100.6992,106.0139,99.7668,105.8274
2011-01-17,106.4801,110.0232,105.3612,106.6666
2011-01-18,107.0396,107.6923,104.8951,105.3613
2011-01-19,106.9463,106.9463,102.8437,103.1235
2011-01-20,103.4965,103.4965,99.8601,103.0303
2011-01-21,102.5640,102.5640,97.4358,97.9020
2011-01-24,103.0302,103.0302,98.9277,101.7249
2011-01-25,103.5897,105.2680,103.5897,104.4288
2011-01-26,104.4288,104.4288,104.4288,104.4288
2011-01-27,101.2587,105.3612,101.2587,103.7761
2011-01-28,103.6829,103.7762,100.6993,102.0046
2011-01-31,99.6736,99.6736,97.8088,98.3682
2011-02-01,98.4615,100.6993,98.4615,99.6736
2011-02-02,101.4452,102.2843,100.2330,101.2587
2011-02-03,102.5640,103.5897,101.3519,102.5640
2011-02-04,104.3356,104.3356,102.5640,103.5897
2011-02-07,105.9207,106.5734,104.5221,105.6410
2011-02-08,106.9463,110.7692,106.2936,110.0232
2011-02-09,111.8881,113.7529,107.5990,108.6246
2011-02-10,107.3193,109.8368,107.2260,108.8111
2011-02-14,111.7948,112.7272,110.2097,111.6083
2011-02-15,111.7948,113.7529,110.4895,113.5664
2011-02-16,114.4988,114.4988,111.2354,111.3286
2011-02-17,112.7272,112.7272,110.6759,110.6759
2011-02-18,110.0232,110.4894,107.7855,108.1584
2011-02-21,107.1328,109.4638,105.4545,109.4638
2011-02-22,110.1165,110.1165,104.7086,105.7342
2011-02-23,103.0302,105.7342,102.8438,105.5477
2011-02-24,100.6992,102.7505,99.8601,100.0466
2011-02-25,99.7668,102.3776,98.3682,102.3776
2011-02-28,102.5640,104.8950,100.6992,104.8950
2011-03-01,105.2680,109.0908,105.2680,108.3449
2011-03-02,103.4964,105.2680,103.4964,104.8950
2011-03-03,106.1072,106.2937,103.3100,105.3613
2011-03-04,109.0908,110.0232,104.4288,105.2680
2011-03-07,102.5641,105.0815,102.5641,104.7086
2011-03-08,104.7086,104.7086,104.7086,104.7086
2011-03-09,102.6573,103.8694,102.4708,102.5640
2011-03-10,100.8857,100.8857,96.9696,98.3682
2011-03-11,95.1049,97.0629,93.7995,96.2237
2011-03-14,96.2237,96.2237,96.2237,96.2237
2011-03-15,70.8624,74.5920,63.8694,67.5990
2011-03-16,68.0652,75.4312,68.0652,72.6340
2011-03-17,66.2004,74.4055,66.2004,73.7529
2011-03-18,76.4568,81.9580,75.8041,80.9323
2011-03-22,89.5104,92.2144,87.9254,91.3752
2011-03-23,92.7738,92.7738,89.5104,92.3076
2011-03-24,90.0699,91.8414,88.5780,89.7901
2011-03-25,90.6293,91.8414,88.5780,88.6713
2011-03-28,89.0442,90.9090,86.7132,90.9090
2011-03-29,90.2564,92.4009,88.5780,91.3752
2011-03-30,92.7738,100.5127,92.7738,99.4871
2011-03-31,104.4288,104.4288,99.4871,103.4964
2011-04-01,101.6316,102.2843,98.2750,99.3006
2011-04-04,105.3612,109.6503,104.4288,108.1584
2011-04-05,108.1584,108.1584,104.5221,104.8950
2011-04-06,102.5640,102.6573,100.0466,101.1654
2011-04-07,100.3263,102.8438,99.3006,99.3006
2011-04-08,99.3006,102.5640,97.9020,101.7249
2011-04-11,100.3263,102.0978,100.3263,101.2587
2011-04-12,100.6992,100.6992,97.4358,98.7412
2011-04-13,94.7319,102.4708,94.7319,100.6992
2011-04-14,100.6992,100.9789,99.3939,99.7668
2011-04-15,99.7669,100.6993,98.3683,100.6060
2011-04-18,100.6060,100.6993,99.7669,100.6060
2011-04-19,99.9533,100.1398,98.4615,98.8344
2011-04-20,99.3006,100.6992,99.3006,99.7668
2011-04-21,100.5128,100.6992,98.9277,100.5128
2011-04-22,98.8344,101.5384,98.0885,101.5384
2011-04-25,100.7925,102.1911,100.4195,102.1911
2011-04-26,104.2423,104.2423,100.9789,102.4708
2011-04-27,100.2330,102.5640,100.2330,102.5640
2011-04-28,102.5640,103.7761,101.1654,103.4964
2011-05-02,103.4964,103.4964,103.4964,103.4964
2011-05-06,116.3635,116.3635,116.3635,116.3635
2011-05-09,116.3635,116.3635,116.3635,116.3635
2011-05-10,115.0582,115.0582,112.0746,112.8205
2011-05-11,114.2191,114.9650,110.9557,111.5151
2011-05-12,112.8205,112.8205,110.7692,111.5151
2011-05-13,109.6503,110.1165,106.7599,109.5571
2011-05-16,110.0232,111.1421,107.3193,107.5990
2011-05-17,107.2261,107.2261,104.8951,107.2261
2011-05-18,106.2936,109.5570,106.2936,108.2517
2011-05-19,109.6503,110.5827,108.8111,108.9044
2011-05-20,110.5827,116.5500,110.3029,114.5920
2011-05-23,112.8204,119.9999,112.7272,118.1351
2011-05-24,117.5757,117.5757,114.6852,116.2703
2011-05-25,115.0582,116.9230,115.0582,116.7366
2011-05-26,116.5500,116.9230,114.2190,115.6176
2011-05-27,115.7109,116.2704,112.5408,112.8205
2011-05-30,112.8205,112.8205,112.8205,112.8205
2011-05-31,112.8205,112.8205,112.8205,112.8205
2011-06-01,117.3892,118.9743,116.3636,117.0162
2011-06-02,112.9137,115.8974,112.8204,114.9650
2011-06-03,115.8041,116.7365,113.7528,113.7528
2011-06-06,115.8973,115.8973,109.2773,109.8367
2011-06-07,108.7179,112.5407,108.7179,111.7016
2011-06-08,112.6339,112.6339,110.7691,112.3542
2011-06-09,109.1841,112.0745,109.1841,111.7948
2011-06-10,111.7948,113.0069,110.8624,111.7016
2011-06-13,110.9557,112.4475,110.9557,111.7016
2011-06-14,111.9813,116.5500,111.9813,114.4987
2011-06-15,114.6852,117.3892,114.0325,115.4311
2011-06-16,114.0325,114.6852,113.0069,113.3799
2011-06-17,114.2191,115.3379,112.2610,115.3379
2011-06-20,115.8041,116.3635,112.0745,112.3542
2011-06-21,115.2447,115.2447,113.2867,113.5664
2011-06-22,115.0582,115.0582,113.6596,114.4987
2011-06-23,114.4055,114.4055,112.9137,113.1001
2011-06-24,113.2867,114.4055,112.6340,114.3123
2011-06-27,114.5920,114.9650,112.8204,113.6596
2011-06-28,116.7471,117.3261,115.0104,115.0104
2011-06-29,115.1069,115.2034,112.4053,112.8877
2011-06-30,114.8174,114.8174,111.1510,111.3439
2011-07-01,113.3701,113.3701,110.4756,111.1510
2011-07-04,112.4053,113.7561,111.7299,111.7299
2011-07-05,111.9229,112.4053,109.0283,109.1248
2011-07-06,107.7740,108.0635,105.7478,106.6162
2011-07-07,106.7127,110.9580,106.7127,110.8615
2011-07-08,110.9580,111.9229,109.5107,109.5107
2011-07-11,108.1599,110.9580,108.0635,108.1599
2011-07-12,106.1338,106.1338,101.6954,104.9759
2011-07-13,104.7830,104.7830,103.4322,104.0111
2011-07-14,104.0111,104.0111,104.0111,104.0111
2011-07-15,104.0111,104.2040,102.9497,102.9497
2011-07-19,103.4322,103.9146,103.3357,103.9146
2011-07-20,104.3005,106.1337,104.2040,105.3619
2011-07-21,105.3619,105.6513,104.3005,104.6865
2011-07-22,105.5548,105.8443,104.6865,105.3619
2011-07-25,105.3619,106.1338,104.6865,106.1338
2011-07-26,116.7471,116.7471,111.0545,111.9229
2011-07-27,110.4756,111.4404,109.3178,109.3178
2011-07-28,108.0635,108.0635,106.4232,106.4232
2011-07-29,106.2302,106.4232,103.3357,103.4322
2011-08-01,103.4322,107.5810,103.4322,107.0986
2011-08-02,107.0021,107.0021,104.3970,104.9759
2011-08-03,102.2743,103.1427,101.4060,101.9849
2011-08-04,103.5287,104.2041,101.1165,101.3095
2011-08-05,93.5907,97.4501,92.8188,96.0028
2011-08-08,96.0028,96.0028,91.6609,91.9504
2011-08-09,87.8016,92.6258,84.9070,92.6258
2011-08-10,97.1606,97.1606,94.8450,96.3888
2011-08-11,89.1524,95.0379,89.1524,94.4590
2011-08-12,94.4590,94.4590,94.4590,94.4590
2011-08-15,102.2744,108.9318,100.7306,107.5810
2011-08-16,107.9670,107.9670,103.9146,105.0724
2011-08-17,104.1076,106.9056,102.0814,106.9056
2011-08-18,108.1599,108.2564,102.8533,103.4322
2011-08-19,100.3446,102.1779,97.4501,98.8974
2011-08-22,96.4852,98.9938,95.8098,96.0028
2011-08-23,96.5817,96.8712,95.6169,96.7747
2011-08-24,98.8009,100.3446,96.4852,97.9325
2011-08-25,97.6430,101.4060,97.6430,100.0552
2011-08-26,102.8533,103.9146,101.5990,103.5287
2011-08-29,103.5287,103.5287,103.5287,103.5287
2011-08-30,104.1076,106.1338,103.5287,104.4935
2011-08-31,103.2392,104.3970,102.8533,103.7216
2011-09-01,104.8794,105.6513,104.8794,105.4584
2011-09-02,105.1689,107.0986,104.9759,106.8092
2011-09-05,104.9759,104.9759,102.2743,103.0462
2011-09-06,101.3095,101.7919,96.0993,96.7747
2011-09-07,101.4060,102.0814,98.4149,100.4411
2011-09-08,102.0814,102.0814,99.3798,100.3447
2011-09-09,99.3798,99.3798,96.7747,97.4501
2011-09-12,96.3888,97.9325,96.3888,96.6782
2011-09-13,97.6431,97.6431,96.4852,97.3536
2011-09-14,97.8360,99.9587,94.0731,94.9415
2011-09-15,95.5204,98.4149,95.5204,95.7133
2011-09-16,98.2220,98.8974,96.4852,98.8974
2011-09-20,97.5466,97.9325,97.3536,97.4501
2011-09-21,97.5466,97.6431,95.9063,96.1958
2011-09-22,94.6520,96.3888,94.0731,94.3626
2011-09-26,94.5555,94.9415,87.8016,89.2489
2011-09-27,91.6610,92.0469,89.7313,89.9242
2011-09-28,91.1786,92.4329,91.1786,91.7575
2011-09-29,91.1785,92.7223,89.3453,92.7223
2011-09-30,95.6169,96.1958,94.1696,94.1696
2011-10-03,91.9504,94.1696,91.9504,92.5293
2011-10-04,90.6961,92.6258,89.7313,90.7926
2011-10-05,90.7926,90.8891,88.7664,88.8629
2011-10-06,89.0559,91.3715,89.0559,91.3715
2011-10-07,91.1785,91.6610,90.3102,90.6961
2011-10-11,91.7575,92.7223,91.1785,91.1785
2011-10-12,91.1785,93.5907,91.1785,92.6258
2011-10-13,94.4590,98.5114,94.4590,96.8712
2011-10-14,94.2661,95.5204,93.7836,94.8450
2011-10-17,95.6169,96.1958,95.0379,95.1344
2011-10-18,95.1344,95.1344,95.1344,95.1344
2011-10-19,96.0028,96.0028,92.1434,92.9153
2011-10-20,92.9153,92.9153,91.1785,91.9504
2011-10-21,91.4680,92.1434,91.4680,91.9504
2011-10-24,92.5293,93.9766,91.1785,91.1785
2011-10-25,92.2399,92.4328,91.2750,91.2750
2011-10-26,90.6961,91.6610,90.3102,91.6610
2011-10-27,91.2750,91.8539,90.2137,91.1785
2011-10-28,94.5555,94.7485,92.8188,93.6872
2011-10-31,92.6258,93.4942,91.8539,93.1082
2011-11-01,90.5996,90.6961,88.8629,90.6961
2011-11-02,88.7664,90.0207,86.8367,90.0207
2011-11-04,88.7664,90.6961,88.7664,90.5996
2011-11-07,90.5996,90.5996,89.2488,89.7313
2011-11-08,88.7664,89.8277,87.8016,89.1523
2011-11-09,87.7051,89.2488,86.0648,89.1523
2011-11-10,86.8367,87.3191,86.4508,86.8367
2011-11-11,87.5121,87.9945,86.4508,87.9945
2011-11-14,89.4418,89.4418,89.0559,89.1523
2011-11-15,86.3543,88.7664,86.3543,87.3191
2011-11-16,87.1262,88.2840,86.3543,87.0297
2011-11-17,86.4508,89.8277,86.1613,89.8277
2011-11-18,89.4418,95.9063,86.9332,95.6169
2011-11-21,94.3625,94.3625,90.3102,93.0117
2011-11-22,93.0117,93.0117,93.0117,93.0117
2011-11-24,90.4067,90.4067,88.7664,88.7664
2011-11-25,87.5121,90.3102,87.5121,90.3102
2011-11-28,89.7313,92.2399,89.2489,91.5645
2011-11-29,93.1083,95.5204,93.1083,94.0731
2011-11-30,94.4590,95.5204,94.1696,95.5204
2011-12-01,99.3798,99.3798,95.9063,96.0993
2011-12-02,95.5204,95.5204,93.7837,94.3626
2011-12-05,95.8098,95.8098,93.6872,93.6872
2011-12-06,94.0731,95.5204,93.6872,94.9415
2011-12-07,96.3888,97.4501,95.2309,96.4852
2011-12-08,96.4852,97.4501,95.7134,96.6782
2011-12-09,96.0993,96.6782,95.5204,95.5204
2011-12-12,96.9677,99.6693,96.2923,99.2833
2011-12-13,99.8622,99.8622,97.7395,98.8974
2011-12-14,101.0200,105.1689,99.9587,103.7216
2011-12-15,103.7216,103.7216,103.7216,103.7216
2011-12-16,103.8181,105.4584,103.2392,103.5287
2011-12-19,101.9849,104.6865,99.6693,102.2744
2011-12-20,99.3798,101.4060,99.3798,100.3447
2011-12-21,99.9587,102.7568,99.9587,102.7568
2011-12-22,102.2743,102.4673,101.1165,102.4673
2011-12-26,102.4673,102.4673,102.4673,102.4673
2011-12-27,100.0552,101.0200,99.9587,99.9587
2011-12-28,97.7395,99.3798,97.7395,98.7044
2011-12-29,98.7044,99.8622,97.9325,99.8622
2011-12-30,99.8622,103.0462,99.3798,102.1779
2012-01-04,102.8533,104.1076,101.5025,101.5990
2012-01-05,101.6954,104.0111,99.6692,103.4322
2012-01-06,101.3095,103.2392,101.0200,101.0200
2012-01-10,101.1165,102.7568,99.3798,99.3798
2012-01-11,97.9325,100.0552,97.9325,99.3798
2012-01-12,99.4763,99.5728,98.8974,98.8974
2012-01-13,98.6079,100.8271,98.5114,100.8271
2012-01-16,99.3798,99.3798,97.7395,98.8974
2012-01-17,98.2220,98.6079,97.5466,97.5466
2012-01-18,97.9325,98.4149,97.4501,97.9325
2012-01-19,101.3095,101.5989,99.0903,99.0903
2012-01-20,99.4763,101.8884,99.3798,101.7919
2012-01-23,102.1779,104.0111,102.1779,103.9146
2012-01-24,109.7037,110.7651,107.1951,107.1951
2012-01-25,107.4845,108.8353,107.4845,108.0635
2012-01-26,107.0986,108.9318,105.7478,107.0021
2012-01-27,107.0021,108.4494,105.6514,108.3529
2012-01-30,108.0634,109.5107,107.5810,109.0283
2012-01-31,108.8354,112.4053,108.1600,112.2123
2012-02-01,111.9229,112.8877,109.5107,112.5983
2012-02-02,112.5983,113.6596,111.2475,111.7299
2012-02-03,113.7561,116.1682,111.8264,115.7823
2012-02-06,115.8788,118.0014,114.1420,115.8788
2012-02-07,114.8174,115.2034,112.4053,114.0456
2012-02-08,114.0456,114.2385,112.4053,113.1772
2012-02-09,113.8526,115.2999,113.0807,113.3701
2012-02-10,113.9491,114.4315,113.3701,113.3701
2012-02-13,113.3702,114.3350,112.9842,113.2737
2012-02-14,113.2737,116.1682,113.2737,115.1069
2012-02-15,116.8436,119.1593,115.0104,117.7120
2012-02-16,116.8436,118.4839,115.2999,115.4928
2012-02-17,117.7120,119.7381,116.8436,116.8436
2012-02-20,125.2379,130.3516,123.9835,128.6148
2012-02-21,127.3605,132.1848,125.6238,130.5445
2012-02-22,130.5446,136.0442,130.5446,135.5618
2012-02-23,134.1145,139.6141,134.1145,138.5528
2012-02-24,137.0090,140.6755,137.0090,139.4212
2012-02-27,143.1841,144.1489,140.9649,143.2806
2012-02-28,140.4825,140.9649,137.2020,138.4563
2012-02-29,137.7809,137.7809,131.4129,133.1496
2012-03-01,133.3426,136.7196,133.3426,134.3074
2012-03-02,135.0793,136.3336,134.5004,136.2372
2012-03-05,136.5266,144.2454,136.5266,144.2454
2012-03-06,144.2454,144.2454,144.2454,144.2454
2012-03-07,136.0441,138.9387,135.0793,138.4563
2012-03-08,138.4563,138.4563,138.4563,138.4563
2012-03-09,144.7279,145.6927,141.8333,144.6314
2012-03-12,144.6314,144.6314,144.6314,144.6314
2012-03-13,158.2358,158.2358,153.4115,154.7623
2012-03-14,162.4811,168.5597,160.8409,168.5597
2012-03-15,153.4116,154.3764,150.5170,151.2889
2012-03-16,151.2889,160.0690,151.2889,160.0690
2012-03-19,161.9987,164.5073,157.5604,159.6831
2012-03-21,159.3936,163.4460,155.9201,163.4460
2012-03-22,162.5777,166.3406,161.8058,161.8058
2012-03-23,165.5687,166.3405,159.6831,166.3405
2012-03-26,166.3405,166.4370,164.9897,164.9897
2012-03-27,167.5948,168.8491,155.8236,167.8843
2012-03-28,167.8843,167.8843,164.5073,165.0862
2012-03-29,166.3406,166.3406,157.6569,165.9546
2012-03-30,165.8581,166.9195,162.2882,164.1214
2012-04-02,167.4984,169.1386,164.0249,164.0249
2012-04-03,164.9897,165.7616,159.2006,159.4901
2012-04-04,162.0952,162.0952,156.1131,156.3061
2012-04-05,154.8588,156.4025,152.0607,156.4025
2012-04-06,156.3061,157.2709,147.6224,153.4115
2012-04-09,149.5521,162.9636,149.5521,162.9636
2012-04-10,163.1565,165.8581,162.5776,163.0600
2012-04-11,155.3412,158.2358,153.8939,155.8237
2012-04-12,159.0076,159.0076,154.8588,154.8588
2012-04-13,157.0779,159.2006,156.2096,158.0428
2012-04-16,156.0166,156.3061,152.6397,152.9291
2012-04-17,155.3412,155.3412,152.5431,153.0256
2012-04-18,154.3764,154.8588,152.7361,153.4115
2012-04-19,153.5080,154.3764,152.2537,154.3764
2012-04-20,153.5080,153.7974,151.4818,152.4466
2012-04-23,153.1221,156.0166,152.6397,152.6397
2012-04-24,152.4467,152.9291,151.5783,151.6748
2012-04-25,151.6748,155.3412,151.6748,155.2447
2012-04-26,161.4198,161.6128,158.2358,161.3233
2012-04-27,161.5163,162.0952,155.6307,157.2710
2012-05-01,149.5521,152.7361,148.2013,148.3943
2012-05-02,149.2627,151.8678,149.2627,151.8678
2012-05-07,149.5521,149.5521,144.9208,144.9208
2012-05-08,146.0786,148.9732,144.9208,144.9208
2012-05-09,142.1228,146.5611,138.1669,141.8333
2012-05-10,138.0704,142.7981,137.0090,140.0001
2012-05-11,138.1668,142.3157,137.7809,137.7809
2012-05-14,138.4563,143.7630,138.4563,142.0263
2012-05-15,138.4563,139.1317,130.2551,137.8774
2012-05-16,138.9388,144.5349,138.9388,141.1580
2012-05-17,141.8333,154.3764,141.8333,151.4819
2012-05-18,150.5170,151.4818,148.4908,150.4205
2012-05-21,148.5872,156.0166,148.5872,155.3412
2012-05-22,151.4818,155.1483,151.4818,152.9291
2012-05-23,152.4467,152.4467,144.7279,146.9470
2012-05-24,151.8677,151.8677,146.2716,150.2275
2012-05-25,150.9029,150.9029,143.7630,145.7892
2012-05-28,146.3681,146.3681,140.4825,142.4122
2012-05-29,144.7278,144.7278,140.7719,142.8946
2012-05-30,142.7982,144.7279,140.8685,142.0263
2012-05-31,140.6754,140.8684,139.9036,140.3860
2012-06-01,137.9739,139.6141,137.0090,137.0090
2012-06-04,135.5618,136.7196,134.1145,135.5618
2012-06-05,135.0793,138.5528,135.0793,138.5528
2012-06-06,137.9739,139.9036,137.9739,138.6493
2012-06-07,140.8684,141.3509,140.0966,140.8684
2012-06-08,142.1227,142.2192,138.9387,138.9387
2012-06-11,140.8684,143.3770,140.8684,142.1227
2012-06-12,139.8071,140.4825,137.0090,137.4914
2012-06-13,137.9739,137.9739,135.0793,136.2372
2012-06-14,135.0793,136.5266,135.0793,136.5266
2012-06-15,136.4301,137.7809,134.2109,135.0793
2012-06-18,143.5700,144.1490,141.1579,142.7982
2012-06-19,144.7279,146.6576,143.2806,144.7279
2012-06-20,149.2626,149.3591,146.9470,147.6224
2012-06-21,149.6486,149.9380,147.6224,147.6224
2012-06-22,145.7892,150.8064,145.6927,149.9380
2012-06-25,150.7099,150.7099,148.5872,149.4556
2012-06-26,148.6837,149.9380,148.2978,149.7451
2012-06-27,145.1499,148.6462,145.0500,146.2487
2012-06-28,146.7482,147.3475,144.8501,145.1498
2012-06-29,143.8512,147.1478,143.8512,147.1478
2012-07-02,147.9470,148.1467,143.5515,143.5515
2012-07-03,144.8501,145.4495,142.8522,144.0510
2012-07-04,144.5504,145.0499,143.3517,143.4516
2012-07-05,143.1519,143.1519,141.7534,141.9532
2012-07-06,141.9531,146.0489,141.7533,143.4516
2012-07-09,144.8502,144.8502,140.0551,140.0551
2012-07-10,140.3548,141.0540,139.3558,139.3558
2012-07-11,138.8564,139.1561,136.3590,137.0582
2012-07-12,136.3589,136.3589,131.2642,132.2632
2012-07-13,130.1653,130.3651,124.8708,127.0685
2012-07-17,125.2704,125.8698,119.0768,120.8750
2012-07-18,120.8750,123.8719,120.2756,120.4754
2012-07-19,121.8739,121.8739,119.1767,120.3755
2012-07-20,121.6741,121.8739,119.5763,120.0758
2012-07-23,119.8760,119.9759,115.6803,116.8791
2012-07-24,114.9810,116.8791,109.1870,110.0861
2012-07-25,107.0892,108.8874,105.8905,105.9904
2012-07-26,104.8915,110.2859,104.2921,108.5876
2012-07-27,110.7854,112.6834,109.5866,110.9852
2012-07-30,113.8822,114.7812,111.6845,112.1839
2012-07-31,113.0830,117.4784,112.8832,117.2787
2012-08-01,117.0789,117.0789,111.8842,113.1829
2012-08-02,113.0830,113.3827,111.1850,112.0840
2012-08-03,110.5856,110.8853,108.0882,108.6876
2012-08-06,109.9862,110.3858,108.6875,108.8873
2012-08-07,108.8874,109.8863,108.3879,109.2869
2012-08-08,109.8863,110.9852,108.0882,108.0882
2012-08-09,108.0882,108.6876,106.8894,107.7885
2012-08-10,107.1891,107.7885,106.3899,107.0892
2012-08-13,107.3889,111.8842,107.3889,109.8863
2012-08-14,119.8760,134.5608,119.8760,130.2652
2012-08-15,131.8636,134.2611,125.3703,125.8698
2012-08-16,129.8656,139.8553,129.8656,138.7564
2012-08-17,140.1550,146.6483,140.1550,143.8512
2012-08-20,144.1509,149.0458,141.0541,149.0458
2012-08-21,149.6452,149.6452,144.8501,146.4485
2012-08-22,147.8470,151.6431,146.5483,150.3444
2012-08-23,151.3434,155.8388,150.4444,155.8388
2012-08-24,155.2394,159.7347,153.8408,158.5360
2012-08-27,158.5360,162.4320,158.5360,159.7348
2012-08-28,159.9345,160.8336,141.8532,158.7358
2012-08-29,156.5381,156.5381,152.1426,154.7399
2012-08-30,153.2415,154.3403,150.6441,153.1416
2012-08-31,152.2425,157.8367,151.1436,154.5401
2012-09-03,153.1416,157.3372,151.2435,154.8398
2012-09-04,156.8377,163.8305,156.7378,162.7316
2012-09-05,162.2322,163.3310,162.2322,162.8315
2012-09-06,159.8347,161.9325,157.9366,159.7348
2012-09-07,161.8326,162.7316,157.6369,160.6338
2012-09-10,160.6338,162.6318,159.9346,160.0345
2012-09-11,159.8347,161.6328,158.5360,159.8347
2012-09-12,159.1354,159.8346,157.8367,158.8357
2012-09-13,159.8346,162.7316,159.6348,162.4319
2012-09-14,162.8316,165.0293,160.4340,161.6328
2012-09-18,160.1343,161.5329,158.8357,158.8357
2012-09-19,157.8367,159.8347,157.8367,159.7348
2012-09-20,158.7358,159.7347,158.0365,158.5360
2012-09-21,158.5360,159.6349,157.8367,159.4351
2012-09-24,158.5360,158.5360,150.0448,151.7430
2012-09-25,146.9480,149.1457,142.5525,144.0510
2012-09-26,142.8522,146.8481,140.1550,144.2508
2012-09-27,145.7492,151.5432,145.0499,148.5463
2012-09-28,151.5432,151.7430,144.9500,149.3455
2012-10-01,148.9459,148.9459,142.4526,144.8501
2012-10-02,146.6483,150.2446,144.8501,148.5463
2012-10-03,148.8460,149.1457,146.0489,147.7471
2012-10-04,147.7471,148.8460,143.3517,146.6483
2012-10-05,146.1488,148.1467,146.0489,148.0468
2012-10-09,147.8471,147.8471,145.8492,145.8492
2012-10-10,145.8491,147.8470,143.8512,147.3475
2012-10-11,146.8481,146.8481,144.8501,145.5494
2012-10-12,145.8491,147.3475,145.8491,147.2477
2012-10-15,147.7471,147.7471,143.0520,146.5484
2012-10-16,146.3486,151.0437,143.8512,150.6441
2012-10-17,150.9438,153.7409,150.9438,152.6421
2012-10-18,153.9407,156.0386,153.4413,155.7389
2012-10-19,154.8398,155.6390,152.3424,154.8398
2012-10-22,151.7430,152.4423,149.6452,151.3434
2012-10-23,151.4433,152.6421,150.8439,152.2425
2012-10-24,151.8429,153.1416,150.3445,151.3434
2012-10-25,151.6431,151.6431,150.4444,150.9438
2012-10-26,153.3413,153.3413,151.1436,151.4433
2012-10-29,151.9428,153.3414,150.5443,150.5443
2012-10-30,154.5401,154.5401,143.4516,147.9470
2012-10-31,146.0489,147.6472,143.9511,144.7502
2012-11-01,142.5525,142.5525,140.4547,140.4547
2012-11-02,140.3548,142.8522,139.7554,140.3548
2012-11-05,139.8553,142.2529,139.6555,141.8533
2012-11-06,141.3538,141.8533,139.4557,139.4557
2012-11-07,139.8553,140.3548,135.0602,135.0602
2012-11-08,134.8605,135.8594,133.5618,134.9604
2012-11-09,133.5618,133.6617,131.6638,131.9635
2012-11-12,131.7637,131.7637,123.8718,123.9717
2012-11-13,124.9707,128.5670,124.9707,126.3693
2012-11-14,124.9707,126.3693,123.9717,124.3713
2012-11-15,125.0706,132.8625,124.9707,132.8625
2012-11-16,130.0654,132.4629,129.8656,130.7647
2012-11-19,136.7585,137.1581,134.3610,136.3589
2012-11-20,138.3568,138.3568,134.1612,135.6596
2012-11-21,134.8605,134.8605,131.5639,131.5639
2012-11-22,133.7616,136.2590,132.7626,135.0602
2012-11-26,138.8564,138.8564,135.8595,137.7575
2012-11-27,137.3579,138.1571,135.0603,135.3600
2012-11-28,134.4609,134.8605,131.5639,132.3631
2012-11-29,132.9624,134.3610,132.5629,132.9624
2012-11-30,133.1622,136.5587,133.1622,136.3589
2012-12-03,138.7564,141.1540,137.3579,141.0541
2012-12-04,141.0541,144.3507,138.8564,141.8533
2012-12-05,141.4537,143.9511,139.8553,143.6514
2012-12-06,145.5494,145.5494,143.8512,144.7502
2012-12-07,144.7502,144.8501,143.8512,144.0510
2012-12-10,144.3507,144.8501,142.2528,143.8512
2012-12-11,151.8429,153.8408,146.4485,146.9480
2012-12-12,146.9480,150.8440,146.9480,147.5474
2012-12-13,151.8429,151.8429,149.5453,150.8439
2012-12-14,150.3444,153.3413,149.8450,150.8439
2012-12-17,153.1416,153.1416,149.9449,150.5443
2012-12-18,148.6462,149.7451,147.8470,149.6452
2012-12-19,149.1457,149.6452,147.4474,149.1457
2012-12-20,149.2456,149.2456,146.8481,147.8471
2012-12-21,147.8471,149.8450,146.8481,148.3465
2012-12-25,149.9449,150.3445,147.6473,148.1468
2012-12-26,148.3466,149.8450,147.8471,149.8450
2012-12-27,149.8450,153.3414,149.8450,152.4423
2012-12-28,155.2394,156.5381,153.9407,155.8388
2013-01-04,159.8346,161.5329,158.9355,160.7337
2013-01-07,165.4289,166.2280,162.8316,164.4299
2013-01-08,164.8295,166.2280,163.7306,165.0293
2013-01-09,165.0293,166.4278,163.0314,164.7296
2013-01-10,164.8295,167.7265,164.8295,167.6266
2013-01-11,167.6266,168.8253,166.2280,166.8274
2013-01-15,167.8264,168.1261,165.6287,165.9284
2013-01-16,165.2291,165.4289,159.9345,163.5308
2013-01-17,161.6328,162.6318,159.0355,159.8347
2013-01-18,162.9314,164.3300,161.8326,162.5318
2013-01-21,164.8295,164.8295,162.2322,162.3321
2013-01-22,162.3320,164.3300,160.8336,162.9314
2013-01-23,161.3331,161.9325,159.3352,159.6348
2013-01-24,160.0344,160.1343,158.1364,158.9355
2013-01-25,159.8346,161.3331,158.9356,160.1343
2013-01-28,130.1653,145.8491,129.5660,142.3527
2013-01-29,142.8522,145.6493,142.5525,145.2497
2013-01-30,147.7471,152.8419,147.3476,152.6421
2013-01-31,153.2415,154.9397,151.9428,154.8398
2013-02-01,155.2394,158.7358,152.8419,157.3372
2013-02-04,157.3372,157.3372,146.3486,157.3372
2013-02-05,154.8398,155.8388,150.9438,154.8398
2013-02-06,158.8357,159.8347,155.0396,159.7348
2013-02-07,159.4350,159.5349,154.8398,155.3393
2013-02-08,156.8378,159.1354,154.3403,156.1385
2013-02-12,155.8388,155.8388,152.3424,152.3424
2013-02-13,151.8429,151.8429,147.8470,149.3455
2013-02-14,149.8450,149.8450,145.8491,146.8481
2013-02-15,147.2477,147.2477,144.5505,144.9500
2013-02-18,145.8491,147.8470,143.8512,147.3475
2013-02-19,147.7472,149.8450,147.4475,149.8450
2013-02-20,149.8450,154.5401,149.5453,154.2404
2013-02-21,155.2394,156.5380,152.8418,155.9386
2013-02-22,151.9428,157.8367,151.9428,157.8367
2013-02-25,159.8346,159.8346,155.6390,158.1364
2013-02-26,154.1405,158.2363,154.1405,156.3382
2013-02-27,155.8387,156.4381,151.9428,155.3393
2013-02-28,152.0427,155.2394,151.7430,151.7430
2013-03-01,151.6431,154.2404,150.0447,153.5411
2013-03-04,153.6410,153.8408,151.8429,152.3424
2013-03-05,153.2415,153.4413,151.0437,151.1436
2013-03-06,154.5401,157.2373,152.7420,157.2373
2013-03-07,159.5349,163.4309,157.0375,160.6338
2013-03-08,154.8398,157.1374,154.0406,156.7379
2013-03-11,167.9263,169.4247,165.0293,166.9273
2013-03-12,168.7255,169.0252,165.4289,167.4268
2013-03-13,168.7254,173.6204,164.8295,172.7213
2013-03-14,173.3207,174.2197,169.3248,169.8243
2013-03-15,171.8222,174.2198,170.8233,172.8212
2013-03-18,172.8212,172.8212,168.0262,169.4247
2013-03-19,169.3248,170.8233,167.8264,168.7254
2013-03-21,168.8253,175.8181,168.8253,175.8181
2013-03-22,179.8140,185.3083,178.2156,183.6100
2013-03-25,185.0086,186.6070,179.3145,180.4134
2013-03-26,179.8140,183.7099,178.6152,178.6152
2013-03-27,179.0148,183.7100,179.0148,180.2136
2013-03-28,180.4134,183.4103,179.7141,179.8140
2013-03-29,179.8140,179.8140,175.6183,175.7182
2013-04-01,174.9190,174.9190,168.1260,171.8222
2013-04-02,171.1229,179.1147,167.3269,176.1178
2013-04-03,181.8119,184.8088,177.8160,184.1095
2013-04-04,183.8098,187.7058,179.3145,187.6059
2013-04-05,190.8026,191.3021,182.4113,185.8078
2013-04-08,191.6018,199.4936,187.9056,198.8942
2013-04-09,200.6924,202.6903,193.6996,194.1991
2013-04-10,199.6934,201.2918,195.0982,198.9941
2013-04-11,199.0940,202.3906,197.3958,199.7933
2013-04-12,201.3916,208.7840,199.8932,206.7860
2013-04-15,208.2845,215.2773,203.9890,208.5842
2013-04-16,204.7881,206.8860,199.4936,204.7881
2013-04-17,209.2835,211.8808,206.2866,208.7840
2013-04-18,208.6841,221.5708,208.4843,215.7768
2013-04-19,215.7767,229.6624,215.7767,228.7633
2013-04-22,229.1629,229.7623,222.8694,226.8653
2013-04-23,222.7695,226.8653,217.7747,224.8674
2013-04-24,224.8674,230.9611,224.8674,227.6645
2013-04-25,229.5625,230.3617,220.6717,228.7633
2013-04-26,229.7623,239.5522,227.0651,238.0537
2013-04-30,233.0588,241.7498,228.3637,237.6541
2013-05-01,241.8498,243.3482,235.5563,238.9528
2013-05-02,238.7530,266.9239,238.7530,264.7261
2013-05-07,264.8260,296.6930,264.8260,290.9989
2013-05-08,292.6972,296.6930,282.7075,287.8022
2013-05-09,292.6972,296.1936,279.7106,283.2070
2013-05-10,293.1967,300.6890,288.3018,293.6962
2013-05-13,289.3007,297.6920,285.9042,292.1977
2013-05-14,287.2029,296.6931,282.8075,288.0021
2013-05-15,286.3038,293.7960,264.0268,273.9166
2013-05-16,266.6241,281.4088,253.2380,272.3182
2013-05-17,266.9238,273.4171,259.8311,268.3224
2013-05-20,268.3224,274.5160,257.1340,271.6190
2013-05-21,270.2204,276.5139,266.1247,269.1216
2013-05-22,270.8198,272.4181,260.9300,264.2266
2013-05-23,255.7354,267.5232,243.3482,247.8436
2013-05-24,244.0475,258.8322,242.8487,251.2401
2013-05-27,242.5490,244.0475,236.5552,236.7550
2013-05-28,259.7313,273.7168,253.1381,265.9249
2013-05-29,275.9145,275.9145,253.7375,256.1350
2013-05-30,253.2380,258.2329,248.8426,249.7417
2013-05-31,253.0383,266.8240,253.0383,256.9342
2013-06-03,249.7416,260.7302,246.8446,247.9434
2013-06-04,245.3462,254.0372,239.9518,250.2411
2013-06-05,249.7416,254.5367,243.8477,244.1474
2013-06-06,240.2515,243.8478,231.7603,232.6593
2013-06-07,229.7623,230.2617,217.2752,224.7674
2013-06-10,237.7541,244.2474,234.7572,241.7499
2013-06-11,245.2463,245.2463,235.7561,236.6552
2013-06-12,236.6552,248.9425,230.6614,248.9425
2013-06-13,239.7520,243.9476,235.2566,239.2525
2013-06-14,244.7468,246.7447,230.0620,232.5594
2013-06-17,237.5541,255.6354,236.2555,253.0381
2013-06-18,256.5346,266.7240,249.8415,251.3399
2013-06-19,264.7261,264.7261,247.7437,252.2390
2013-06-20,250.8405,265.2256,250.8405,265.1257
2013-06-21,258.7323,269.5212,255.2360,269.5212
2013-06-24,274.7158,274.7158,259.5315,261.9290
2013-06-25,260.9300,264.6262,253.3379,260.0310
2013-06-26,268.1925,268.1925,240.7120,242.3650
2013-06-27,248.5635,254.3489,235.5465,249.8033
2013-06-28,260.9608,260.9608,253.3158,259.9277
2013-07-01,258.4813,264.0600,252.2827,262.8203
2013-07-02,261.9939,265.5064,258.2747,265.5064
2013-07-03,259.3078,271.4984,258.6880,259.5144
2013-07-04,258.8946,262.4071,254.1424,257.0350
2013-07-05,266.3329,272.5315,260.1343,269.6388
2013-07-08,278.7301,278.7301,266.7461,267.7792
2013-07-09,275.8373,275.8373,260.9607,269.8454
2013-07-10,272.7381,282.6558,264.6799,276.8705
2013-07-11,274.8043,282.2426,269.6388,278.1102
2013-07-12,281.0029,286.1684,276.2506,279.1433
2013-07-16,285.3419,285.3419,271.4984,275.6308
2013-07-17,269.4321,275.2175,262.8203,263.6468
2013-07-18,261.1675,262.4072,256.4152,257.4483
2013-07-19,257.8615,261.9939,250.8365,252.9026
2013-07-22,254.5556,256.0019,246.7040,248.7702
2013-07-23,254.9688,255.7953,248.5636,249.5967
2013-07-24,248.9768,248.9768,238.8524,242.9848
2013-07-25,243.8113,253.1092,241.3319,247.7371
2013-07-26,243.1914,245.6709,238.6458,238.6458
2013-07-29,225.2155,232.2406,218.1905,221.0831
2013-07-30,219.2236,237.6128,219.2236,235.3399
2013-07-31,230.7943,234.1002,223.1494,224.3891
2013-08-01,221.0831,228.9346,214.4713,228.5214
2013-08-02,228.9347,236.3730,228.9347,235.9598
2013-08-05,238.4392,245.0511,233.6870,240.7121
2013-08-06,244.4312,244.8445,239.6790,244.2246
2013-08-07,238.6458,241.1253,232.6539,235.5465
2013-08-08,234.5134,242.9848,228.1082,228.5214
2013-08-09,234.7201,235.3399,223.7692,225.2155
2013-08-12,225.4222,234.7201,223.5626,232.0340
2013-08-13,214.8845,217.3640,199.1814,204.9668
2013-08-14,204.5536,205.9999,200.6278,204.7602
2013-08-15,203.3139,205.5867,198.3550,199.1815
2013-08-16,199.3881,199.3881,190.0902,192.3630
2013-08-19,190.2968,196.7020,188.6439,195.2557
2013-08-20,192.3630,196.2888,188.0240,189.4703
2013-08-21,188.6439,189.6770,181.8254,182.8585
2013-08-22,183.0651,183.0651,173.5606,176.8665
2013-08-23,183.0651,188.6438,178.3129,182.4453
2013-08-26,186.7843,186.7843,182.4453,185.5446
2013-08-27,183.2717,184.0982,178.7261,180.7923
2013-08-28,177.0732,180.1724,175.8334,177.2798
2013-08-29,177.8996,180.5856,174.5937,175.8334
2013-08-30,176.6599,178.7261,172.3209,172.7341
2013-09-02,173.1474,182.2387,173.1474,180.3791
2013-09-03,185.7512,187.6107,184.9247,187.4041
2013-09-04,185.9578,185.9578,182.4452,185.7511
2013-09-05,185.7512,186.5777,182.8585,185.1313
2013-09-06,185.3379,185.9578,183.0651,183.4783
2013-09-09,186.5776,189.4703,183.2717,189.4703
2013-09-10,190.0902,192.9829,188.0240,192.5697
2013-09-11,193.3961,195.8755,192.5696,193.6027
2013-09-12,193.1895,194.8424,191.1233,194.6358
2013-09-13,195.4623,196.0822,193.1895,196.0822
2013-09-17,196.0822,204.3470,195.2557,203.1073
2013-09-18,202.4874,208.2727,202.4874,207.0330
2013-09-19,207.2396,209.3058,205.9999,209.3058
2013-09-20,209.9257,211.7853,209.7191,211.5787
2013-09-24,209.9257,210.7522,204.5536,206.8264
2013-09-25,208.2727,209.9257,205.5867,206.8264
2013-09-26,204.5536,208.2727,199.1814,207.6528
2013-09-27,207.6529,207.6529,204.1403,205.3801
2013-09-30,206.6198,206.6198,201.6609,202.0741
2013-10-01,202.0741,204.1403,199.3881,201.4543
2013-10-02,199.5947,201.6609,195.2557,195.4623
2013-10-03,197.9418,202.0742,197.1153,197.5285
2013-10-04,193.6028,201.8675,193.3961,198.7682
2013-10-07,200.8344,200.8344,195.8755,196.9086
2013-10-08,196.2888,196.2888,190.0902,190.2968
2013-10-09,190.0902,193.8093,186.1644,192.3630
2013-10-10,192.3630,200.4212,191.5365,199.1815
2013-10-11,199.3881,202.2808,197.3219,199.3881
2013-10-15,201.4542,202.9006,199.5947,200.4211
2013-10-16,198.3550,203.1072,198.3550,200.0079
2013-10-17,202.4874,203.7271,201.8675,203.7271
2013-10-18,203.7271,205.1735,200.4212,203.1073
2013-10-21,204.1404,204.3470,202.6940,203.5205
2013-10-22,203.7271,204.7602,202.9006,204.7602
2013-10-23,203.9337,212.8184,203.9337,206.8264
2013-10-24,204.7602,210.7522,204.1403,210.3389
2013-10-25,210.5456,210.5456,206.6198,208.6860
2013-10-28,210.7522,223.1494,209.5125,222.9427
2013-10-29,222.1162,222.3229,203.7271,212.8183
2013-10-30,215.5044,216.7442,206.2065,206.4132
2013-10-31,207.6529,214.8846,206.2066,208.8926
2013-11-01,199.8013,202.2808,191.5366,192.9829
2013-11-05,193.1895,203.7271,193.1895,198.3549
2013-11-06,197.3219,201.8675,196.2888,196.9086
2013-11-07,196.2888,196.2888,191.7432,192.9829
2013-11-08,192.1564,195.8755,191.3299,192.7762
2013-11-11,193.1895,197.7351,192.5696,195.6689
2013-11-12,195.2557,205.5867,195.2557,204.9668
2013-11-13,198.7682,205.7933,197.1153,203.9337
2013-11-14,206.2065,206.2065,200.2146,200.8344
2013-11-15,200.4212,201.0410,196.9087,199.5947
2013-11-18,199.5947,204.7602,199.1815,203.1073
2013-11-19,202.4874,203.7271,200.8344,202.9006
2013-11-20,204.5536,204.5536,198.7682,200.6278
2013-11-21,200.6278,207.0330,200.6278,206.4132
2013-11-22,207.6528,208.0661,202.6940,204.3469
2013-11-25,206.6198,207.4463,204.5536,205.7933
2013-11-26,206.6198,206.6198,198.5616,199.5947
2013-11-27,199.5947,202.4873,197.7351,200.4211
2013-11-28,202.4874,203.7271,198.5616,200.2145
2013-11-29,200.4212,201.0411,197.1153,198.1484
2013-12-02,196.9086,202.4874,196.9086,201.2477
2013-12-03,202.4874,202.4874,198.7682,199.1815
2013-12-04,199.3881,200.4212,194.8425,197.5285
2013-12-05,195.8755,196.4954,193.1895,193.1895
2013-12-06,192.7762,195.2556,192.5696,194.8424
2013-12-09,198.7682,199.1815,194.6358,195.2557
2013-12-10,195.6689,196.2888,193.6027,194.2226
2013-12-11,193.6027,193.6027,188.6438,189.8836
2013-12-12,190.5034,190.5034,188.0239,188.4372
2013-12-13,186.1644,188.6438,185.9578,187.1975
2013-12-16,188.0240,192.7762,185.9578,186.1644
2013-12-17,186.5776,188.0240,186.3710,187.8174
2013-12-18,187.8174,187.8174,184.9247,186.1644
2013-12-19,185.9578,190.0902,185.1313,186.3710
2013-12-20,185.1313,186.5777,183.8916,185.1313
2013-12-24,184.9247,185.7512,181.8254,182.8585
2013-12-25,184.5115,188.4372,184.5115,187.8174
2013-12-26,193.6027,199.3881,192.7763,198.1484
2013-12-27,200.4212,200.4212,194.2226,199.5947
2013-12-30,200.4212,210.5455,200.4212,210.3389
2014-01-06,211.3720,211.5787,205.1734,205.9999
2014-01-07,206.6198,208.8926,201.6609,202.2807
2014-01-08,204.5536,209.5125,202.6940,209.5125
2014-01-09,211.5786,220.6699,206.6198,213.2316
2014-01-10,213.2316,215.0912,206.6198,214.0581
2014-01-14,208.2727,214.6779,207.4462,213.2316
2014-01-15,237.6127,243.6047,228.1082,243.1915
2014-01-16,258.2747,267.1594,246.2908,253.1093
2014-01-17,248.9768,249.3900,235.9597,242.5716
2014-01-20,239.6790,243.6047,238.2326,240.5054
2014-01-21,238.6459,248.7703,237.6128,245.8776
2014-01-22,247.9437,247.9437,239.0590,242.5716
2014-01-23,244.4312,244.4312,236.9929,237.1995
2014-01-24,231.6208,241.1253,229.5546,232.8605
2014-01-27,238.8525,256.0019,223.3560,227.2818
2014-01-28,225.2156,230.7943,222.1163,226.0420
2014-01-29,231.2075,237.1995,226.2486,236.5796
2014-01-30,229.3480,234.3069,221.0832,234.3069
2014-01-31,231.4141,234.1002,221.4964,227.0751
2014-02-03,220.8765,223.7692,206.8264,209.3058
2014-02-04,204.5536,207.4462,196.2888,200.0079
2014-02-05,203.1072,209.7191,200.4212,205.9999
2014-02-06,207.8595,209.3058,200.8344,204.3469
2014-02-07,204.3470,212.8184,201.8675,205.1734
2014-02-10,208.4794,211.7853,205.5867,208.6860
2014-02-12,208.8926,219.0169,208.8926,215.2978
2014-02-13,210.9588,216.7441,208.0661,209.0992
2014-02-14,206.8264,210.5456,203.1072,205.7933
2014-02-17,206.8264,211.1654,205.5867,206.6198
2014-02-18,206.6198,216.9508,204.9668,214.6779
2014-02-19,214.8845,217.7772,212.8183,213.8514
2014-02-20,213.8515,223.5626,212.8184,214.6779
2014-02-21,215.7111,220.6699,214.2647,217.1574
2014-02-24,216.7441,222.1162,212.1985,215.9176
2014-02-25,220.8765,221.0831,217.1573,219.4301
2014-02-26,216.9508,219.2236,213.8515,215.0912
2014-02-27,214.8846,226.2486,214.6779,225.8354
2014-02-28,224.1824,226.6619,219.8434,225.6288
2014-03-03,225.6288,226.8685,216.9508,225.8354
2014-03-04,221.0831,227.0751,219.0169,226.8685
2014-03-05,227.2817,230.3810,223.3559,227.0751
2014-03-06,227.2817,231.0009,226.8685,229.7612
2014-03-07,229.9678,233.0671,226.0421,230.1745
2014-03-10,230.1744,232.2406,228.3148,229.7612
2014-03-11,229.7612,232.2406,223.1493,225.2155
2014-03-12,223.7692,224.3891,215.7111,217.1574
2014-03-13,214.4713,218.6037,212.4051,213.2316
2014-03-14,209.9257,211.9919,203.7271,204.5536
2014-03-17,212.8184,212.8184,204.7602,206.4132
2014-03-18,209.9257,213.4382,207.8595,210.7522
2014-03-19,210.7522,212.8184,206.8264,209.3058
2014-03-20,209.7191,210.9588,202.4874,202.9006
2014-03-24,207.6528,225.6288,207.0330,218.1904
2014-03-25,220.8766,228.3149,219.8435,221.2898
2014-03-26,221.2898,228.3149,221.2898,224.5957
2014-03-27,226.6618,233.2737,218.1904,227.0751
2014-03-28,247.7371,247.7371,233.4804,241.5385
2014-03-31,253.9357,253.9357,238.6458,240.0921
2014-04-01,241.7451,245.0510,241.7451,242.9848
2014-04-02,243.8113,247.7371,239.0591,239.2657
2014-04-03,243.3981,244.6378,240.2988,241.7451
2014-04-04,239.6790,242.9849,235.1333,235.3399
2014-04-07,232.0340,235.1332,229.3479,231.0009
2014-04-08,227.0751,229.3479,223.9758,226.8685
2014-04-09,221.4964,222.3229,217.1574,219.8434
2014-04-10,221.0832,227.2818,209.7191,211.5787
2014-04-11,205.3800,209.9257,202.6940,206.6198
2014-04-14,203.7271,206.4131,199.3881,200.0079
2014-04-15,206.2065,210.5455,200.2145,201.0410
2014-04-16,207.2396,210.3389,203.5204,209.7190
2014-04-17,208.4794,210.1323,205.3801,205.9999
2014-04-18,208.6860,208.8926,205.5867,207.0330
2014-04-21,207.0330,210.9588,207.0330,208.0661
2014-04-22,208.8926,210.7522,204.7602,204.7602
2014-04-23,205.3801,207.0330,204.5536,204.7602
2014-04-24,204.5536,207.6529,203.9337,203.9337
2014-04-25,204.1404,205.3801,202.4874,203.5205
2014-04-28,202.9006,207.6529,198.3550,202.4874
2014-04-30,205.5867,211.3720,203.1072,210.1323
2014-05-01,201.6609,219.0169,196.7020,215.9176
2014-05-02,214.6779,224.8023,209.5124,210.5455
2014-05-07,213.8515,213.8515,201.8675,202.4874
2014-05-08,206.6198,210.7522,202.9006,203.3139
2014-05-09,201.8675,212.1985,201.4543,209.3058
2014-05-12,209.0992,209.0992,202.6940,203.1073
2014-05-13,206.4131,210.7521,204.9668,209.7190
2014-05-14,206.8264,213.8514,206.8264,211.7852
2014-05-15,205.9999,207.8595,204.1403,206.8264
2014-05-16,203.5204,205.3800,201.4542,204.1403
2014-05-19,204.5536,205.9999,200.8344,201.4543
2014-05-20,203.5205,204.5536,202.4874,202.4874
2014-05-21,201.2476,202.9006,200.2145,201.6609
2014-05-22,204.7602,207.6529,204.1403,204.9668
2014-05-23,209.5124,211.7853,206.8264,209.3058
2014-05-26,213.6449,213.6449,208.6860,211.3721
2014-05-27,211.1654,211.1654,207.0330,209.0992
2014-05-28,210.5455,213.8514,209.5124,210.7522
2014-05-29,210.7522,210.7522,208.6860,210.1323
2014-05-30,209.9257,213.0250,207.6529,208.4794
2014-06-02,208.4794,208.4794,208.4794,208.4794
2014-06-03,220.4633,220.4633,214.8846,217.5706
2014-06-04,220.6699,220.6699,214.2647,215.2978
2014-06-05,215.5045,216.3309,209.9257,211.3721
2014-06-06,211.7853,215.9177,210.7522,212.6117
2014-06-09,218.8103,218.8103,211.7852,212.8183
2014-06-10,215.9177,215.9177,212.1985,213.0250
2014-06-11,212.4051,216.7441,211.9919,216.3309
2014-06-12,213.0250,213.2316,209.5124,209.9257
2014-06-13,207.4463,210.3389,207.4463,208.6860
2014-06-16,209.0992,213.2316,208.2727,208.6860
2014-06-17,211.7852,215.2978,210.9588,213.2316
2014-06-18,214.4713,215.9177,213.4382,215.0912
2014-06-19,215.7110,218.8103,213.0249,213.8514
2014-06-20,214.6779,224.1824,213.8514,224.1824
2014-06-23,230.3811,230.3811,221.0832,221.2898
2014-06-24,223.7692,223.7692,218.3971,220.0501
2014-06-25,221.0831,221.4964,217.9838,218.1904
2014-06-26,220.3109,220.3109,216.2821,218.4025
2014-06-27,216.7062,217.5543,212.0413,215.4339
2014-06-30,214.7978,217.9784,213.1015,216.7062
2014-07-01,217.1303,218.1905,214.3737,214.3737
2014-07-02,217.1302,217.9784,215.2219,216.0700
2014-07-03,216.2821,216.7062,213.5256,213.7376
2014-07-04,216.9182,222.4313,216.0701,221.7952
2014-07-07,222.8553,227.9443,222.4313,223.9155
2014-07-08,217.5544,221.7952,216.9182,220.0989
2014-07-09,216.2821,218.8266,216.2821,216.9183
2014-07-10,217.1303,217.5543,212.8894,212.8894
2014-07-11,212.0413,214.7978,208.4366,211.1931
2014-07-14,209.9209,210.1329,208.4366,208.8607
2014-07-15,208.0125,209.9208,207.3764,208.2245
2014-07-16,207.8005,212.4654,207.8005,211.6172
2014-07-17,212.4654,212.4654,209.2847,210.7690
2014-07-18,208.4366,210.3450,202.9235,208.8607
2014-07-22,211.6172,212.8894,210.1329,210.7690
2014-07-23,236.0019,238.5464,218.4025,221.5831
2014-07-24,226.0360,228.5805,221.5831,223.0674
2014-07-25,222.8554,229.0046,222.2193,227.3083
2014-07-28,225.8239,227.3082,223.0674,224.5517
2014-07-29,224.5517,225.6119,219.8868,221.1590
2014-07-30,221.3711,224.1276,221.1590,222.4313
2014-07-31,223.2795,229.0046,222.8554,224.3397
2014-08-01,217.9785,220.5230,217.5544,217.9785
2014-08-04,224.3397,225.8240,220.9470,221.5831
2014-08-05,221.7952,225.8240,218.6146,222.0072
2014-08-06,218.4025,222.0072,215.8580,217.1303
2014-08-07,216.4942,219.6748,215.4340,219.0387
2014-08-08,218.4025,218.4025,211.6172,214.5858
2014-08-11,225.1878,247.8762,224.5517,243.2113
2014-08-12,241.0909,254.6615,237.9102,253.8133
2014-08-13,257.8422,273.5333,254.2375,265.2636
2014-08-14,264.6275,281.3788,263.3553,269.0804
2014-08-15,263.3553,275.6537,263.3553,271.8369
2014-08-18,274.8054,277.5620,271.8369,276.9258
2014-08-19,277.7741,278.4102,271.4128,275.6537
2014-08-20,269.2925,277.3500,267.3841,275.8658
2014-08-21,275.0175,280.7426,275.0175,279.6824
2014-08-22,277.9860,280.5305,275.6536,277.1379
2014-08-25,270.7767,278.8343,270.7767,276.5018
2014-08-26,278.4102,288.3761,274.5934,283.2871
2014-08-27,280.5306,282.4390,275.8657,277.9861
2014-08-28,273.5333,274.8055,266.3239,267.8082
2014-08-29,265.0515,268.2321,261.0227,263.5672
2014-09-01,266.9600,275.2296,263.3553,272.0490
2014-09-02,271.4128,274.5935,267.1720,268.6563
2014-09-03,266.5359,273.5332,266.5359,271.8369
2014-09-04,269.5045,271.4128,266.7479,267.1720
2014-09-05,270.1405,274.3813,267.5960,273.5332
2014-09-08,275.4416,275.4416,267.5961,268.6563
2014-09-09,271.8369,273.5332,266.5359,270.5646
2014-09-10,266.1118,270.9887,266.1118,270.5646
2014-09-11,267.5961,267.8081,255.5097,261.4469
2014-09-12,263.5673,270.7767,262.7191,265.2636
2014-09-16,265.0516,266.9600,261.8710,262.0830
2014-09-17,261.4469,264.4155,259.7506,261.0228
2014-09-18,261.2349,263.1432,259.1144,260.1747
2014-09-19,260.1746,268.6563,260.1746,266.7479
2014-09-22,268.4443,272.6852,267.5962,271.2009
2014-09-24,275.4415,278.4101,270.1405,273.5332
2014-09-25,277.7741,279.4704,275.0175,277.5620
2014-09-26,274.5935,279.6825,271.4129,273.3212
2014-09-29,279.6824,279.6824,274.1693,279.0463
2014-09-30,278.4102,285.8316,274.8055,282.8631
2014-10-01,286.2557,305.7635,286.0437,296.8578
2014-10-02,287.9521,288.8002,277.9861,279.4704
2014-10-03,276.0778,285.4076,276.0778,279.4704
2014-10-06,287.3159,307.0358,287.3159,300.8866
2014-10-07,296.8578,306.8237,295.7976,299.8264
2014-10-08,290.0724,296.2216,288.3761,291.5567
2014-10-09,294.7374,302.3709,288.8002,291.1327
2014-10-10,278.4102,286.2557,276.2898,283.2871
2014-10-14,273.5332,279.0463,268.6563,268.8683
2014-10-15,269.0805,276.9260,269.0805,275.0176
2014-10-16,269.5045,287.3160,268.0202,278.6223
2014-10-17,283.0751,289.2243,272.6851,273.1092
2014-10-20,279.0463,293.2531,279.0463,289.8604
2014-10-21,286.8918,287.3159,277.7741,277.9861
2014-10-22,288.5882,289.4364,282.2270,287.1039
2014-10-23,282.6510,289.4364,282.0149,283.9233
2014-10-24,288.3761,290.7086,281.8029,282.6510
2014-10-27,289.0123,292.4050,285.8317,290.0725
2014-10-28,288.3761,288.3761,283.9233,284.1353
2014-10-29,290.4965,290.4965,284.5593,286.2557
2014-10-30,290.0724,290.4965,284.3473,290.4965
2014-10-31,291.5568,292.4049,287.3159,291.9808
2014-11-04,292.1928,294.1012,263.5672,268.0201
2014-11-05,269.9286,273.9574,267.5962,271.4129
2014-11-06,270.1406,274.3814,267.8081,269.2924
2014-11-07,272.0490,272.0490,266.1119,269.5045
2014-11-10,269.2924,269.7165,263.7793,266.5359
2014-11-11,270.3527,272.4731,265.2637,265.6877
2014-11-12,269.9285,272.6851,265.6877,269.0804
2014-11-13,271.4129,282.8631,269.2925,279.8945
2014-11-14,281.8029,281.8029,273.7453,277.3500
2014-11-17,275.8657,281.8028,271.4128,272.4730
2014-11-18,271.4128,277.9861,271.4128,276.7139
2014-11-19,280.1066,282.0149,271.8369,273.1092
2014-11-20,273.3213,274.3815,269.7166,269.9286
2014-11-21,269.9286,273.7454,265.6878,269.9286
2014-11-25,269.0804,276.5018,269.0804,275.6537
2014-11-26,275.4416,276.7139,272.2610,272.2610
2014-11-27,270.5647,273.1092,265.2637,266.9600
2014-11-28,267.5961,269.9286,264.2035,265.4757
2014-12-01,264.2035,265.4757,260.5987,263.3553
2014-12-02,262.7192,265.6878,260.5988,263.7794
2014-12-03,266.9599,278.4102,265.0516,278.1981
2014-12-04,281.8029,282.6511,278.8343,281.8029
2014-12-05,279.8946,282.0150,275.6537,281.5909
2014-12-08,286.2557,286.2557,279.2583,280.5306
2014-12-09,275.0175,287.1038,274.8054,282.0148
2014-12-10,280.9548,280.9548,274.3815,277.7741
2014-12-11,281.5908,287.7400,276.5018,286.6798
2014-12-12,287.3160,290.0725,278.1982,278.4102
2014-12-15,278.4101,282.4389,277.7740,279.0463
2014-12-16,278.8343,279.6825,270.9888,271.4129
2014-12-17,267.1720,285.8316,266.3238,284.5594
2014-12-18,287.3159,291.5567,286.2557,291.3447
2014-12-19,292.6170,293.8893,287.7401,290.0725
2014-12-22,290.4965,291.9808,285.1955,286.8918
2014-12-24,290.4965,300.4625,290.0725,298.7661
2014-12-25,294.7374,296.2216,287.7400,295.1614
2014-12-26,294.9495,303.0071,293.6772,300.2505
2014-12-29,302.1588,302.1588,294.9494,296.4337
2014-12-30,292.6169,296.4337,290.7085,291.5567
2015-01-05,289.0122,295.7975,285.6196,290.7086
2015-01-06,286.2557,290.0725,283.2872,287.7400
2015-01-07,284.5594,294.7374,284.5594,292.4050
2015-01-08,294.5253,300.2504,292.8289,294.3132
2015-01-09,296.0096,301.0986,296.0096,300.8866
2015-01-13,296.8578,298.9782,292.4049,297.9180
2015-01-14,292.8290,293.6772,284.1353,287.7400
2015-01-15,286.2557,291.1327,284.5594,285.1955
2015-01-16,278.8343,281.3788,276.0778,278.4102
2015-01-19,278.4101,279.4703,275.6536,276.9258
2015-01-20,278.6223,279.4704,273.9574,279.4704
2015-01-21,277.9861,277.9861,272.0490,272.2610
2015-01-22,275.6537,275.6537,265.0516,265.2636
2015-01-23,269.0803,274.1693,267.8081,269.2924
2015-01-26,332.9048,332.9048,298.9782,303.6431
2015-01-27,303.6431,311.4886,299.1902,307.8839
2015-01-28,309.5803,317.6378,308.7321,314.6693
2015-01-29,317.0017,320.3944,308.9442,310.6405
2015-01-30,316.1536,316.3656,307.8840,310.8525
2015-02-02,298.1300,306.8237,294.3133,298.3420
2015-02-03,299.8264,304.7033,292.8290,294.9494
2015-02-04,296.8578,300.4625,293.8892,297.9180
2015-02-05,293.8892,298.9782,289.6484,293.4651
2015-02-06,297.0698,301.7347,295.3735,296.8578
2015-02-09,296.8578,297.4939,289.8604,291.1327
2015-02-10,289.6483,292.4049,285.4075,291.5567
2015-02-12,293.6771,296.4337,291.5567,291.7688
2015-02-13,288.3761,291.5568,286.8919,289.2243
2015-02-16,290.4965,300.0384,286.8918,298.3420
2015-02-17,298.3421,303.2190,294.7374,297.7060
2015-02-18,301.0987,306.6118,297.0699,298.5542
2015-02-19,299.1902,305.7635,298.5541,300.8866
2015-02-20,304.9154,313.1850,303.8552,311.9127
2015-02-23,315.7295,316.5776,308.0960,311.9127
2015-02-24,312.1248,312.1248,306.3997,308.9442
2015-02-25,312.5489,324.2111,311.4886,322.9389
2015-02-26,319.5462,324.6352,318.4860,322.0907
2015-02-27,318.9102,322.5149,315.0934,321.2426
2015-03-02,317.8500,322.9390,316.3657,321.2426
2015-03-03,318.4860,319.3342,312.7609,313.3970
2015-03-04,310.4285,313.3970,309.3682,309.7923
2015-03-05,308.7321,311.2766,305.5515,305.9756
2015-03-06,305.5514,308.3080,303.8551,307.2478
2015-03-09,307.8840,317.6379,307.2478,317.0017
2015-03-10,317.8498,318.9100,310.2163,311.0645
2015-03-11,307.8839,311.0646,305.1274,307.6719
2015-03-12,310.4284,314.0331,308.5200,314.0331
2015-03-13,317.6379,328.6640,316.1536,326.7556
2015-03-16,327.6038,343.2948,326.7556,341.3864
2015-03-17,340.7503,340.9623,333.3288,334.3890
2015-03-18,332.9048,335.0252,329.7242,331.4205
2015-03-19,329.5121,336.0854,329.5121,332.6927
2015-03-20,332.0566,334.8132,326.5435,329.3001
2015-03-23,330.7844,338.8420,330.7844,337.7818
2015-03-24,337.7817,337.7817,334.1770,336.5095
2015-03-25,339.2661,353.8969,339.0540,352.2006
2015-03-26,348.8079,348.8079,333.1168,334.6011
2015-03-27,331.2085,334.8132,327.8158,328.6640
2015-03-30,323.7871,330.9965,323.5750,328.4520
2015-03-31,334.3891,338.8419,325.2713,325.9074
2015-04-01,325.9074,329.0880,323.1509,326.1194
2015-04-02,325.6954,331.8446,325.2713,330.1483
2015-04-03,330.7844,332.6927,326.5435,330.7844
2015-04-06,330.9965,333.7530,327.6038,330.5724
2015-04-07,333.7529,333.7529,329.5121,331.6325
2015-04-08,333.7529,345.6273,332.4807,340.5383
2015-04-09,337.1456,339.0540,335.0252,335.2372
2015-04-10,335.2372,336.0854,330.7843,334.3890
2015-04-13,334.3891,336.2975,330.9965,333.1169
2015-04-14,332.9048,336.2975,331.4205,336.2975
2015-04-15,335.2373,339.9022,333.9651,338.6300
2015-04-16,337.5697,337.5697,333.1168,334.8131
2015-04-17,333.7530,337.1457,330.9965,331.2085
2015-04-20,328.4520,331.8446,324.6352,328.8760
2015-04-21,329.0881,329.5122,320.3944,323.7871
2015-04-22,330.7844,347.3236,330.1483,345.4153
2015-04-23,345.6273,353.2608,345.6273,351.5645
2015-04-24,353.2607,356.8654,346.8995,351.9885
2015-04-27,353.8969,360.0461,350.2922,358.3498
2015-04-28,360.0461,365.5592,356.2294,361.9545
2015-04-30,360.6822,365.5591,353.6848,356.0173
2015-05-01,364.2869,391.4282,364.2869,381.4623
2015-05-07,389.9439,397.1533,375.3131,375.3131
2015-05-08,375.5251,393.3366,375.5251,384.8549
2015-05-11,386.3392,391.4282,378.0696,381.0382
2015-05-12,381.2502,383.7947,375.5251,378.0696
2015-05-13,376.3733,393.9727,373.4047,391.2162
2015-05-14,383.3705,385.4909,378.7056,381.2501
2015-05-15,381.6743,387.6114,376.5853,379.5539
2015-05-18,378.4936,381.2502,372.1324,374.8889
2015-05-19,375.5250,376.1612,368.7397,369.5879
2015-05-20,374.4649,376.1612,367.8916,373.8288
2015-05-21,374.2528,374.2528,362.3785,367.8916
2015-05-22,365.7712,365.9833,360.6823,364.2870
2015-05-25,364.2869,374.6770,364.2869,368.5278
2015-05-26,371.4963,377.2214,368.1036,376.3732
2015-05-27,373.6167,376.1612,369.3759,375.1010
2015-05-28,375.9492,387.8235,375.5251,378.0696
2015-05-29,375.9493,376.5854,370.0121,371.9205
2015-06-01,373.1927,381.2502,373.1927,376.1613
2015-06-02,377.4335,377.6456,371.2843,371.7084
2015-06-03,371.2843,373.8288,370.2241,371.9205
2015-06-04,374.8890,374.8890,367.8917,368.3157
2015-06-05,367.0434,369.8000,359.4100,366.6194
2015-06-08,370.6481,370.6481,365.9832,366.6194
2015-06-09,365.1351,367.6796,360.4702,361.1063
2015-06-10,360.6822,364.7110,358.1377,359.6220
2015-06-11,360.6822,366.8314,360.6822,366.6194
2015-06-12,373.1926,375.1010,370.4361,374.0408
2015-06-15,374.0409,374.0409,368.9519,371.7084
2015-06-16,371.7083,375.9492,371.2843,372.9806
2015-06-17,373.8288,378.9177,370.4361,372.9806
2015-06-18,374.4649,383.7947,372.9806,383.1586
2015-06-19,385.7030,385.7030,379.3418,383.7947
2015-06-22,384.8550,387.8236,381.2503,385.0670
2015-06-23,384.6429,385.9152,378.9178,383.3707
2015-06-24,382.9466,382.9466,378.9178,379.9780
2015-06-25,377.0094,381.4623,375.7372,376.1613
2015-06-26,373.3313,378.7735,369.6306,373.1136
2015-06-29,368.1068,368.9775,362.2293,363.5354
2015-06-30,362.2293,368.9776,362.2293,368.3245
2015-07-01,368.3245,372.2429,367.8892,370.2837
2015-07-02,374.2020,393.1407,374.2020,384.6509
2015-07-03,382.6919,382.9096,373.5491,375.9436
2015-07-06,370.0659,372.4605,365.7122,367.4537
2015-07-07,370.7192,374.2021,364.4063,365.0593
2015-07-08,363.7531,363.9708,345.4675,345.4675
2015-07-09,334.8009,343.9437,324.3519,343.2906
2015-07-10,343.2907,345.4676,334.1479,335.0186
2015-07-13,341.5492,350.6920,340.0254,347.2090
2015-07-14,352.6512,358.5287,347.2090,352.6512
2015-07-15,355.9165,356.3518,351.7804,355.2634
2015-07-16,359.3994,360.9232,353.7396,357.2225
2015-07-17,358.9641,362.2293,357.6579,362.0117
2015-07-21,362.2294,363.5355,358.7464,359.8348
2015-07-22,361.7940,361.7940,353.3042,354.8280
2015-07-23,355.4811,356.5695,351.3450,354.3926
2015-07-24,348.5152,353.3043,348.5152,350.6920
2015-07-27,349.3858,350.4743,341.1138,341.5491
2015-07-28,337.4132,346.3383,335.8894,343.7260
2015-07-29,339.5900,340.8961,335.0186,336.1070
2015-07-30,336.1070,337.1955,330.0118,330.8826
2015-07-31,332.8417,341.7668,332.6240,341.5491
2015-08-03,340.4608,345.2499,335.4540,345.2499
2015-08-04,342.4198,343.9436,320.8689,325.0050
2015-08-05,325.0051,325.4404,316.2976,318.9099
2015-08-06,319.3452,326.3111,319.3452,325.2227
2015-08-07,325.6581,336.1071,325.6581,329.1411
2015-08-10,304.7602,304.9779,291.2637,293.8759
2015-08-11,294.3113,296.7059,287.1277,288.4338
2015-08-12,292.5699,292.5699,276.6788,278.4203
2015-08-13,285.1685,287.3454,278.6380,284.2978
2015-08-14,284.5155,285.1685,279.7264,283.4270
2015-08-17,283.2093,286.9100,280.5971,281.2502
2015-08-18,284.7331,289.5222,284.5154,288.2161
2015-08-19,289.9576,290.8284,283.8624,286.2570
2015-08-20,285.1685,287.3454,277.9849,278.8556
2015-08-21,272.1074,275.3726,268.8421,269.0598
2015-08-24,255.9986,263.6176,250.3388,250.9918
2015-08-25,236.4069,258.1755,231.8355,243.5905
2015-08-26,250.1211,260.5700,246.2027,256.6516
2015-08-27,269.7128,271.0190,262.7469,264.0530
2015-08-28,272.1073,274.2842,268.4067,271.4543
2015-08-31,277.9849,277.9849,267.9713,270.1482
2015-09-01,269.4953,271.4544,265.1415,265.1415
2015-09-02,256.8694,263.4000,255.5633,257.3048
2015-09-03,260.1347,262.0939,253.8218,257.3048
2015-09-04,263.8353,264.7061,250.3388,255.3456
2015-09-07,255.1278,260.3523,248.8150,256.6516
2015-09-08,255.5633,267.1006,255.5633,259.2639
2015-09-09,269.7128,274.5019,267.9713,272.5427
2015-09-10,264.0530,272.9781,262.7469,271.8897
2015-09-11,272.3250,276.2434,269.2774,273.8488
2015-09-14,275.1550,275.1550,265.7945,265.7945
2015-09-15,263.8352,272.1073,263.3998,269.9304
2015-09-16,272.1073,276.2433,271.0189,275.1549
2015-09-17,278.4203,280.8148,277.3318,280.1617
2015-09-18,276.6788,277.1141,266.8829,269.0598
2015-09-24,263.1822,267.5360,259.6993,261.6584
2015-09-25,259.6993,267.7537,259.2640,267.7537
2015-09-28,273.6312,273.8489,264.2707,268.4067
2015-09-29,264.7060,264.7060,256.8694,257.0870
2015-09-30,271.8897,271.8897,258.8285,264.4884
2015-10-01,267.7537,267.7537,257.7401,261.6584
2015-10-02,260.1347,268.8421,258.1755,268.8421
2015-10-05,269.0598,274.7196,267.9714,274.0666
2015-10-06,276.4611,279.7264,273.8489,274.9373
2015-10-07,275.1550,280.8148,274.9373,280.5971
2015-10-08,280.5971,284.9508,279.9441,284.9508
2015-10-09,282.9917,284.2978,280.1617,283.8624
2015-10-13,283.2093,289.3045,283.2093,286.4746
2015-10-14,283.6447,286.0392,275.8080,276.0257
2015-10-15,272.5427,284.5154,272.5427,282.9916
2015-10-16,284.7331,287.3453,281.2501,282.5562
2015-10-19,282.9917,282.9917,277.1142,278.4203
2015-10-20,278.4202,279.0733,275.3726,275.5903
2015-10-21,275.8081,280.5972,272.7605,279.9441
2015-10-22,276.6788,285.1686,276.6788,282.3387
2015-10-23,284.5155,288.8692,283.8624,284.9508
2015-10-26,288.6515,289.5223,285.6039,287.5631
2015-10-27,288.4338,288.4338,284.5155,285.3862
2015-10-28,284.9508,289.0868,284.9508,287.7807
2015-10-29,286.2570,292.5699,285.3862,286.9100
2015-10-30,289.0869,289.5222,286.6923,288.6515
2015-11-02,274.2843,279.7264,264.4884,271.6720
2015-11-04,278.4203,284.9509,277.1142,279.7264
2015-11-05,274.9373,278.4202,271.6720,277.3318
2015-11-06,277.1141,282.7740,275.3726,282.1209
2015-11-09,284.5155,290.6107,284.5155,289.0869
2015-11-10,288.4338,292.3522,288.4338,291.4814
2015-11-11,291.4814,293.2229,286.9100,287.5631
2015-11-12,288.8692,288.8692,284.0801,284.9508
2015-11-13,279.2910,282.1209,275.3726,277.7672
2015-11-16,272.3251,275.1550,272.3251,273.6312
2015-11-17,275.5903,278.2026,270.5836,272.5427
2015-11-18,275.3726,277.3318,272.3250,275.8080
2015-11-19,282.3386,285.8216,278.8556,280.1617
2015-11-20,281.6856,281.6856,277.5495,279.0733
2015-11-24,277.5495,281.2501,276.6787,279.2910
2015-11-25,282.5564,282.9917,278.6380,279.9441
2015-11-26,282.9917,286.6923,281.2502,285.3862
2015-11-27,285.6038,285.8215,282.9916,284.5154
2015-11-30,287.1277,290.8284,287.1277,290.1753
2015-12-01,292.7875,299.5358,292.1345,298.4474
2015-12-02,298.6651,298.6651,293.2230,294.9645
2015-12-03,291.6991,296.0528,289.5222,292.5698
2015-12-04,289.5223,291.2638,287.7808,290.1753
2015-12-07,291.6992,302.1481,291.6992,299.9712
2015-12-08,301.4949,301.4949,293.2229,294.3113
2015-12-09,291.6991,294.0936,288.4338,288.6515
2015-12-10,285.8216,289.3045,284.0801,287.7807
2015-12-11,294.3114,298.0120,294.0937,296.0529
2015-12-14,286.2570,289.5223,285.3862,289.0869
2015-12-15,289.5222,290.6107,286.4746,288.4338
2015-12-16,292.7875,296.0528,289.0868,295.1820
2015-12-17,297.7943,301.4950,292.7876,294.5291
2015-12-18,292.1344,295.1820,286.0392,287.1276
2015-12-21,287.1277,289.7399,284.5154,288.2161
2015-12-22,288.2161,289.9576,285.1685,285.8215
2015-12-24,287.1276,290.1752,285.8215,287.1276
2015-12-25,287.1276,287.1276,287.1276,287.1276
2015-12-28,293.6583,298.2297,291.0460,295.6174
2015-12-29,294.5290,296.0528,288.4338,295.3997
2015-12-30,298.2297,303.4541,296.4882,300.6242
2016-01-04,298.2297,305.8487,297.3590,300.4066
2016-01-05,301.0595,304.5425,294.3113,295.8351
2016-01-06,294.3113,299.3181,293.2229,295.8351
2016-01-07,292.1345,293.2230,284.9509,285.1686
2016-01-08,282.5563,289.7399,279.9441,280.3795
2016-01-12,280.8148,282.5563,272.7604,274.0666
2016-01-13,277.1142,289.7399,277.1142,287.5631
2016-01-14,279.0733,296.4882,273.1958,275.3727
2016-01-15,278.8557,281.6856,265.7945,266.8830
2016-01-18,260.3523,268.6244,258.1755,266.0122
2016-01-19,265.1415,268.4068,261.4408,265.3592
2016-01-20,264.4883,265.1414,253.1687,253.3864
2016-01-21,250.3388,253.6041,242.5021,242.7198
2016-01-22,250.3388,252.0803,243.8083,251.6450
2016-01-25,259.0462,259.9169,252.9510,256.6516
2016-01-26,253.8218,253.8218,243.1552,243.1552
2016-01-27,249.0327,253.8217,243.5905,251.2095
2016-01-28,247.2911,247.2911,237.7130,238.3660
2016-01-29,244.8966,249.9034,240.1075,247.0735
2016-02-01,252.2980,260.1347,251.6449,259.2639
2016-02-02,272.3250,306.7194,272.3250,295.8351
2016-02-03,295.6174,304.3249,287.9984,298.8827
2016-02-04,301.7127,306.7195,297.3590,299.5359
2016-02-05,302.3657,304.7602,289.7399,292.7875
2016-02-08,285.1685,312.3792,282.9916,310.4200
2016-02-09,297.5766,297.5766,284.2978,285.6039
2016-02-10,287.5630,292.5698,274.9373,282.9916
2016-02-12,266.8829,276.0257,260.7877,267.1006
2016-02-15,282.5563,284.9508,275.5904,284.2978
2016-02-16,282.1209,288.6515,279.7264,283.4270
2016-02-17,285.8216,294.9644,278.6379,282.9916
2016-02-18,290.6106,298.0120,288.6515,291.2637
2016-02-19,287.5631,296.2705,283.4271,294.5291
2016-02-22,293.6583,310.2024,293.6583,308.8963
2016-02-23,309.9847,312.8147,307.5902,311.5085
2016-02-24,304.9779,317.8214,300.4065,313.2500
2016-02-25,315.6446,326.9642,314.3385,326.5289
2016-02-26,329.1410,341.1137,326.7464,327.6172
2016-02-29,333.2771,334.5832,325.0050,325.2227
2016-03-01,320.6513,333.7125,318.9098,326.3112
2016-03-02,330.8826,335.0186,328.4881,329.3588
2016-03-03,329.7941,342.8552,329.7941,341.5491
2016-03-04,342.4199,346.5559,341.1138,346.3382
2016-03-07,346.7737,350.0390,341.5492,342.6376
2016-03-08,341.5492,341.7669,328.7057,337.1955
2016-03-09,332.6240,337.4131,327.1819,333.7125
2016-03-10,338.5016,344.1614,337.1954,343.5083
2016-03-11,344.1614,349.1682,338.2839,348.0798
2016-03-14,350.4743,351.3450,343.5083,346.3382
2016-03-15,344.1614,351.9981,344.1614,347.6444
2016-03-16,346.1206,346.5560,338.7193,341.3315
2016-03-17,341.5491,346.1205,337.8485,340.4607
2016-03-18,337.1955,338.7193,326.9643,338.2840
2016-03-22,340.0254,346.9914,328.7058,335.2363
2016-03-23,337.6308,337.6308,331.3179,334.5832
2016-03-24,334.5832,339.5900,330.4472,333.9302
2016-03-25,333.2771,337.1954,331.9710,336.5424
2016-03-28,339.5900,345.4676,339.5900,345.2499
2016-03-29,340.4608,346.9914,340.4608,345.2499
2016-03-30,344.3791,345.6852,337.6308,344.8145
2016-03-31,341.1138,350.2567,336.7601,345.2499
2016-04-01,345.4676,347.6444,328.4881,332.4064
2016-04-04,330.4472,348.9505,330.4472,341.5491
2016-04-05,339.5900,341.7669,327.8350,329.3588
2016-04-06,320.6513,326.5288,317.6037,320.6513
2016-04-07,326.0935,328.4880,319.1275,323.2635
2016-04-08,318.2568,330.0118,311.9439,323.0459
2016-04-11,321.9574,327.8350,316.5153,327.3996
2016-04-12,328.4880,339.5899,328.4880,334.5832
2016-04-13,337.4132,343.0730,336.9778,341.9846
2016-04-14,345.4675,347.2090,338.5016,344.8145
2016-04-15,340.4608,344.5968,340.0254,340.2431
2016-04-18,328.2703,332.4064,326.3112,328.2703
2016-04-19,335.8894,337.8486,331.1003,335.2363
2016-04-20,338.2839,338.2839,332.8417,333.7125
2016-04-21,336.9777,336.9777,330.8825,333.0594
2016-04-22,330.0119,333.4949,325.8759,333.4949
2016-04-25,334.1479,335.0186,329.7942,333.2771
2016-04-26,332.4064,332.4064,318.6922,321.5221
2016-04-27,319.7806,323.0459,316.7330,317.8214
2016-04-28,321.0867,323.6990,310.4201,313.0323
2016-05-02,291.2638,293.6583,271.6721,272.1074
2016-05-06,277.5496,277.7672,265.5768,270.8013
2016-05-09,270.8012,272.7604,264.9237,270.5835
2016-05-10,272.7604,277.5495,267.5360,275.3727
2016-05-11,288.4339,288.4339,274.0666,279.9441
2016-05-12,276.6788,280.3795,275.8081,279.9441
2016-05-13,297.7943,297.7943,282.1209,282.7740
2016-05-16,282.3386,282.3386,275.5904,277.1142
2016-05-17,279.7264,285.1686,279.5087,285.1686
2016-05-18,291.4815,297.3590,286.6924,294.7468
2016-05-19,294.9644,303.4542,292.1345,296.4882
2016-05-20,294.7467,296.2705,289.3046,293.0052
2016-05-23,296.2705,301.9303,292.5699,300.8419
2016-05-24,304.7603,325.8758,304.7603,311.0732
2016-05-25,314.9915,315.4269,310.8555,312.8147
2016-05-26,317.1683,318.0391,307.5902,309.1140
2016-05-27,314.3384,314.3384,303.8895,305.8487
2016-05-30,309.5494,309.5494,304.7603,308.2433
2016-05-31,307.8079,311.9439,307.5902,311.2909
2016-06-01,305.4134,310.2024,302.5834,304.3249
2016-06-02,300.8419,305.4133,296.2705,303.4541
2016-06-03,301.9303,302.8011,297.7943,299.7534
2016-06-06,291.6991,294.7467,288.6515,293.4406
2016-06-07,294.5290,298.0120,294.5290,297.7943
2016-06-08,298.8828,306.0664,298.4474,306.0664
2016-06-09,306.5018,310.2024,303.6718,305.1956
2016-06-10,307.8078,307.8078,301.2773,305.8487
2016-06-13,302.5833,302.5833,293.2229,295.8351
2016-06-14,293.8760,293.8760,282.9917,283.2094
2016-06-15,282.7739,294.5290,281.0325,290.3929
2016-06-16,290.8284,290.8284,272.5427,273.4135
2016-06-17,279.2910,282.1210,277.5495,281.4679
2016-06-20,282.9917,289.3046,281.0326,283.2094
2016-06-21,282.5564,283.6448,275.1550,279.9441
2016-06-22,278.2026,300.8419,278.2026,300.8419
2016-06-23,294.3113,297.1412,284.0801,287.7807
2016-06-24,287.7808,291.4815,258.6109,265.3592
2016-06-27,267.7537,274.0666,265.7945,271.0190
2016-06-28,271.9269,282.3682,266.0253,279.4174
2016-06-29,283.0491,288.0428,276.0126,285.7729
2016-06-30,288.4967,288.9507,281.6872,281.9142
2016-07-01,283.2760,284.4110,278.9633,283.2760
2016-07-04,281.2332,288.0427,277.8284,286.4538
2016-07-05,291.6745,315.5078,286.4538,308.9253
2016-07-06,307.5633,307.7903,293.9443,300.9808
2016-07-07,302.1158,304.6126,297.3491,301.6618
2016-07-08,301.6618,304.1586,295.5332,297.3491
2016-07-11,297.3491,297.3491,297.3491,297.3491
2016-07-12,308.4713,314.8268,306.8824,313.4649
2016-07-13,317.7777,319.1396,309.1523,311.6491
2016-07-14,313.9190,315.2809,310.0602,313.0110
2016-07-15,310.9681,316.1888,306.4285,308.6983
2016-07-19,310.9682,323.2253,310.9682,322.3174
2016-07-20,322.3173,322.7713,318.2316,322.7713
2016-07-21,326.1760,328.6729,322.9983,324.1332
2016-07-22,319.3665,328.4459,319.1395,328.4459
2016-07-25,328.2189,336.6173,327.5380,331.8507
2016-07-26,330.0348,330.7157,322.5443,324.5872
2016-07-27,328.2189,337.0712,328.2189,332.5316
2016-07-28,331.3967,331.6237,323.6792,324.5872
2016-07-29,324.5872,330.7158,316.8697,328.6729
2016-08-01,329.5808,330.0348,320.7284,325.0411
2016-08-02,320.9554,329.5808,320.9554,325.7221
2016-08-03,318.9126,335.4824,315.9618,327.5380
2016-08-04,322.0903,323.6792,310.0602,317.7776
2016-08-05,321.1824,327.9919,315.5078,322.9983
2016-08-08,333.6665,357.4998,330.9427,357.4998
2016-08-09,354.5491,360.2237,351.3713,359.0888
2016-08-10,363.1745,382.0142,362.7205,369.0761
2016-08-12,371.3459,376.5665,364.5364,372.0268
2016-08-15,372.0268,385.1919,368.8490,382.9221
2016-08-16,379.2903,388.1427,378.1554,381.1062
2016-08-17,381.1062,396.0871,381.1062,395.8601
2016-08-18,392.6823,392.9093,378.3823,384.0569
2016-08-19,389.2777,401.7618,385.8729,401.5348
2016-08-22,409.0253,430.5888,409.0253,424.6872
2016-08-23,424.9141,432.4046,421.0554,426.7300
2016-08-24,430.8157,437.1713,423.0983,431.2697
2016-08-25,431.7237,449.2014,425.3681,429.6808
2016-08-26,421.5094,446.0236,398.3570,433.5395
2016-08-29,448.0665,460.7777,444.8888,456.0110
2016-08-30,457.8268,478.4824,456.9189,472.1268
2016-08-31,479.1633,480.7522,462.5935,474.6237
2016-09-01,472.3537,472.3537,435.8093,452.3792
2016-09-02,460.3237,463.0475,446.0237,448.7475
2016-09-05,451.9252,453.9681,435.3554,442.1649
2016-09-06,433.5394,433.5394,416.5156,423.5521
2016-09-07,421.7364,425.1411,415.1538,421.5094
2016-09-08,421.2824,422.8712,416.9697,420.3744
2016-09-09,415.6077,418.5585,409.4792,411.9760
2016-09-12,406.5284,423.5522,404.0316,416.9697
2016-09-13,413.7920,416.5158,399.0380,404.2586
2016-09-14,401.3078,409.4792,397.9030,401.0808
2016-09-15,397.2221,424.0062,397.2221,417.1967
2016-09-16,408.1173,412.4300,405.3935,409.0252
2016-09-20,402.4427,428.7728,399.9458,417.4236
2016-09-21,414.4728,417.6506,402.6697,415.6078
2016-09-23,417.6506,437.8522,416.5157,431.7236
2016-09-26,436.0363,436.0363,421.7363,422.6442
2016-09-27,417.4236,428.3189,408.1173,427.8649
2016-09-28,422.6442,434.9013,421.7363,433.7664
2016-09-29,436.9443,451.4713,436.9443,449.4284
2016-09-30,448.9744,449.4284,437.8522,438.3062
2016-10-03,443.2998,451.9252,441.2569,443.2998
2016-10-04,446.2506,455.5570,444.8887,455.5570
2016-10-05,458.5078,460.3236,444.6617,449.6554
2016-10-06,452.3792,456.0109,447.1585,454.1950
2016-10-07,452.8331,456.4648,452.3791,455.1029
2016-10-11,448.2935,463.7284,448.2935,458.2808
2016-10-12,450.7903,453.7411,440.1221,441.0300
2016-10-13,441.0299,450.7902,436.7172,446.0236
2016-10-14,436.9442,447.6125,425.3680,441.4839
2016-10-17,432.8586,445.5697,432.8586,442.8459
2016-10-18,446.7046,450.1094,445.5697,448.5205
2016-10-19,450.3363,461.0046,447.6125,460.7776
2016-10-20,461.0046,487.1078,459.6427,472.8078
2016-10-21,467.1332,480.7522,464.8633,467.8141
2016-10-24,464.4093,467.8140,456.6918,457.5997
2016-10-25,459.1887,464.1824,451.9252,457.3729
2016-10-26,468.7221,474.6237,466.2253,468.0412
2016-10-27,458.9617,464.4093,448.7474,456.6918
2016-10-28,458.5077,458.5077,443.0728,453.0601
2016-10-31,445.5697,476.4395,445.5697,462.5935
2016-11-01,445.3427,447.1585,415.3808,438.5331
2016-11-02,432.8585,432.8585,422.4173,424.2332
2016-11-04,418.5586,422.1903,409.4792,416.7427
2016-11-07,428.0919,435.3554,421.0554,430.8157
2016-11-08,432.6316,434.9014,425.8220,427.8649
2016-11-09,429.9078,434.9014,397.2221,408.7982
2016-11-10,431.2697,435.5824,424.6871,428.9998
2016-11-11,428.9997,431.7236,410.1601,412.8839
2016-11-14,417.6506,437.1712,417.6506,433.7664
2016-11-15,435.3554,438.7601,425.8220,435.3554
2016-11-16,444.4347,445.3426,434.6744,437.3982
2016-11-17,438.5331,448.0665,438.3062,444.6617
2016-11-18,447.1585,447.1585,441.2569,446.0236
2016-11-21,450.7902,452.6061,443.5267,443.9807
2016-11-22,445.3426,450.5632,442.6188,444.2077
2016-11-24,452.8332,456.0109,446.4776,450.1093
2016-11-25,453.7411,465.3173,453.2871,458.2808
2016-11-28,456.6919,462.5935,451.2443,460.0966
2016-11-29,458.2808,475.7586,454.8760,472.8078
2016-11-30,473.2618,482.1141,469.8570,474.6237
2016-12-01,481.2061,483.2489,468.2680,469.1759
2016-12-02,468.2681,468.2681,451.0173,453.5141
2016-12-05,449.4284,454.1951,444.2078,451.6982
2016-12-06,456.2379,458.9617,449.6554,451.9252
2016-12-07,453.9680,455.5569,448.5204,452.8331
2016-12-08,458.9617,459.4157,450.3363,453.5141
2016-12-09,453.5141,455.5569,450.1093,454.6490
2016-12-12,460.5506,461.0046,443.2999,445.1157
2016-12-13,451.0173,457.8268,445.3427,457.1458
2016-12-14,457.1458,471.4458,455.7839,465.3173
2016-12-15,466.6792,466.9062,461.0046,463.5014
2016-12-16,467.5871,471.4458,463.7284,468.7220
2016-12-19,467.5871,469.1760,462.8205,464.8633
2016-12-20,463.9553,467.3601,458.9617,466.2252
2016-12-21,467.5872,471.2189,462.3665,463.2745
2016-12-22,464.6363,467.1331,451.4712,461.4585
2016-12-26,467.5871,478.4823,463.9554,475.3046
2016-12-27,471.2189,476.6665,470.0840,474.8506
2016-12-28,476.6664,486.6537,474.3966,485.7458
2016-12-29,499.3649,515.0268,482.3411,508.8982
2016-12-30,511.6219,531.1426,504.3584,518.2045
2017-01-04,522.5172,524.3331,495.7331,505.7204
2017-01-05,512.5300,524.7871,504.5855,517.0696
2017-01-06,511.3950,517.5236,507.3093,511.6220
2017-01-10,515.2538,524.3332,507.3094,514.3459
2017-01-11,516.8426,516.8426,503.4506,506.8553
2017-01-12,503.9045,508.8981,496.8680,505.7204
2017-01-13,500.4999,510.4872,498.6840,500.7269
2017-01-16,499.3650,503.2237,491.1935,494.1443
2017-01-17,490.9665,493.2364,486.4268,488.2427
2017-01-18,487.7889,502.3158,485.5190,498.9111
2017-01-19,502.7695,506.1743,495.2791,497.3219
2017-01-20,495.2792,502.3157,490.0586,500.0459
2017-01-23,500.0457,505.0393,497.0949,502.0885
2017-01-24,505.2665,520.2475,501.8618,518.8856
2017-01-25,527.7379,538.4062,520.4744,522.5173
2017-01-26,528.8729,542.2650,525.0142,537.7253
2017-01-27,535.6823,540.6759,526.8299,534.5474
2017-01-30,540.2219,550.4361,535.9092,544.5345
2017-01-31,533.4126,541.3570,525.6951,534.7745
2017-02-01,556.5648,586.5267,552.9330,579.4902
2017-02-02,579.4903,583.3490,561.5586,575.4046
2017-02-03,585.6188,592.2013,567.2331,569.7299
2017-02-06,581.0792,610.1331,579.2633,603.5506
2017-02-07,592.2014,618.3045,591.0664,606.7283
2017-02-08,617.3965,642.1378,613.0838,637.5981
2017-02-09,635.5552,659.8425,610.1330,613.3108
2017-02-10,616.9425,624.6600,611.0409,617.6235
2017-02-13,626.4760,641.4570,621.4824,623.9792
2017-02-14,628.5187,634.4203,620.5743,631.6965
2017-02-15,626.4758,630.7885,613.7647,626.7028
2017-02-16,631.9235,643.2727,629.4266,636.6901
2017-02-17,635.5552,650.0822,633.7394,648.0394
2017-02-20,649.1744,657.1189,642.8189,655.7570
2017-02-21,646.6774,656.8917,633.7394,649.6282
2017-02-22,649.6283,671.8727,646.9045,655.0759
2017-02-23,653.7140,658.0267,642.5918,651.2172
2017-02-24,639.8680,647.5854,628.2918,630.1077
2017-02-27,630.3347,636.4633,626.0220,628.9728
2017-02-28,658.2535,666.8789,637.8250,638.0519
2017-03-01,638.0521,648.9473,630.3346,648.7203
2017-03-02,653.7142,653.7142,642.3650,648.4935
2017-03-03,649.1742,653.7139,642.8187,650.9901
2017-03-06,650.9903,662.1125,644.6347,646.9045
2017-03-07,655.9838,665.9711,648.9473,660.5234
2017-03-08,668.4680,668.6950,654.6220,661.6585
2017-03-09,664.1552,680.2710,662.3393,669.8298
2017-03-10,680.9522,691.1665,673.2348,686.6268
2017-03-13,702.5156,703.6505,676.8664,678.0013
2017-03-14,675.0505,684.3568,668.4679,684.3568
2017-03-15,680.7252,680.7252,655.7569,663.7014
2017-03-16,659.6154,674.1424,657.7995,670.9646
2017-03-17,669.8299,672.0997,656.4378,660.9775
2017-03-21,659.8425,725.2139,653.4869,690.0314
2017-03-22,669.6028,672.5536,646.2235,649.8552
2017-03-23,651.4442,653.9410,637.8252,646.9045
2017-03-24,669.6028,669.8298,660.9774,668.4679
2017-03-27,666.1981,669.8298,657.1187,665.9711
2017-03-28,669.6029,686.6267,665.9712,685.4918
2017-03-29,689.5776,699.5649,685.0379,693.2094
2017-03-30,688.2156,717.2696,683.2219,703.6505
2017-03-31,703.6505,703.6505,672.3267,677.3204
2017-04-03,680.9521,690.9394,675.0505,687.3076
2017-04-04,680.9522,695.0252,663.7014,671.4188
2017-04-05,667.3331,670.0569,634.6474,641.4569
2017-04-06,637.3711,649.6282,630.1076,649.6282
2017-04-07,649.1743,650.0822,624.2061,639.1870
2017-04-10,652.8060,661.8854,642.8187,656.4377
2017-04-11,651.4441,654.1680,641.0029,648.7203
2017-04-12,623.2981,627.3838,605.1394,611.9489
2017-04-13,594.6981,596.0600,579.2632,588.3425
2017-04-14,584.7109,596.5141,569.7299,587.8887
2017-04-17,585.6189,600.1458,581.9871,596.5141
2017-04-18,606.0473,613.7648,599.2378,602.8696
2017-04-19,600.1458,615.1267,591.9743,607.8632
2017-04-20,612.8569,626.0219,611.4949,616.9426
2017-04-21,626.0220,631.4696,611.4950,628.2919
2017-04-24,641.9108,645.9965,621.9362,630.5616
2017-04-25,631.9236,638.7331,625.5680,634.1934
2017-04-26,639.1871,651.4442,635.5553,647.3585
2017-04-27,642.8188,654.6219,633.7394,649.1743
2017-04-28,654.1680,659.6156,647.3585,658.7077
2017-05-01,644.6347,648.7204,597.4220,609.2252
2017-05-02,611.9489,615.5807,594.6981,602.4156
2017-05-08,629.6537,642.3648,604.2314,635.5552
2017-05-09,644.6347,644.6347,625.1141,632.8315
2017-05-10,630.1076,636.9171,617.3965,635.5552
2017-05-11,640.0949,651.4441,633.2854,648.2664
2017-05-12,655.0758,665.0631,645.9965,659.1616
2017-05-15,660.9774,660.9774,647.3584,649.6282
2017-05-16,658.2537,665.5172,650.5362,660.9775
2017-05-17,667.3331,674.5965,658.2537,669.1489
2017-05-18,641.9108,651.4441,636.9172,643.7267
2017-05-19,655.9838,665.0631,652.8060,665.0631
2017-05-22,670.9648,683.6759,667.3330,677.7743
2017-05-23,680.9521,684.1299,663.7013,668.6949
2017-05-24,669.1491,679.5903,668.6951,672.3268
2017-05-25,675.5045,694.5712,670.5109,689.5775
2017-05-26,694.5712,709.5521,692.3013,704.1045
2017-05-29,708.6442,719.0855,704.1046,711.3680
2017-05-30,711.8218,736.7901,706.3742,730.4345
2017-05-31,724.5330,741.7838,718.6314,733.1584
2017-06-01,739.9679,751.7711,738.1520,751.7711
2017-06-02,762.6663,769.0218,741.3298,746.3234
2017-06-05,745.4156,767.2061,743.5998,766.7521
2017-06-06,770.3837,787.6345,768.1139,779.9171
2017-06-07,788.5425,809.8790,784.4568,808.0631
2017-06-08,820.3203,838.4790,816.2346,822.5901
2017-06-09,830.3076,830.3076,811.2409,817.1425
2017-06-12,798.9837,809.8790,785.3647,809.4250
2017-06-13,803.0695,817.1425,793.0822,810.7870
2017-06-14,817.1424,833.9392,802.6154,805.7932
2017-06-15,796.7140,803.5235,787.6346,792.6283
2017-06-16,794.8982,822.1363,785.3648,820.7744
2017-06-19,808.0631,828.4917,805.7933,810.3329
2017-06-20,820.7743,823.4981,808.0632,815.3267
2017-06-21,808.0631,815.3266,798.9837,805.3393
2017-06-22,813.0567,813.0567,796.7138,798.0757
2017-06-23,792.1742,794.4441,773.5615,778.5552
2017-06-26,752.2250,779.4631,745.4155,766.2980
2017-06-27,772.1996,786.2726,770.3837,784.4567
2017-06-28,779.8422,780.3036,738.7736,741.0808
2017-06-29,742.0038,746.6182,711.5484,717.5472
2017-06-30,706.0111,721.2388,703.2425,721.2388
2017-07-03,718.9316,718.9316,703.2425,708.7798
2017-07-04,705.5497,706.0111,679.2473,683.8618
2017-07-05,685.2460,706.4725,672.3256,705.5496
2017-07-06,713.8557,714.7786,694.0135,700.0123
2017-07-07,694.4751,705.5498,692.1678,700.9353
2017-07-10,715.2400,716.6243,701.8581,712.0099
2017-07-11,715.2400,722.1617,706.4726,721.2388
2017-07-12,726.7761,737.3894,724.0075,729.5448
2017-07-13,736.9280,753.0786,736.4665,752.6171
2017-07-14,754.4629,760.4617,745.6955,755.3858
2017-07-17,755.3858,755.3858,755.3858,755.3858
2017-07-18,754.9244,771.5364,749.8485,763.2304
2017-07-19,765.5376,782.1496,760.0003,768.3063
2017-07-20,765.9992,774.7666,760.4618,765.5377
2017-07-21,766.9219,789.5327,766.9219,788.1484
2017-07-24,788.1484,792.3014,773.8436,791.8400
2017-07-25,791.3785,793.6857,781.6882,793.6857
2017-07-26,800.1459,800.1459,775.6893,779.3809
2017-07-27,779.3809,792.7628,779.3809,786.7640
2017-07-28,776.6121,782.1494,755.8471,760.9230
2017-07-31,751.6942,765.5375,743.3881,760.4616
2017-08-01,740.1581,741.0810,718.9316,726.3148
2017-08-02,724.4689,740.6195,713.8557,734.6207
2017-08-03,733.2363,733.2363,712.4713,715.7014
2017-08-04,709.7028,727.6991,707.3955,724.0076
2017-08-07,739.2353,745.6955,717.0859,724.4691
2017-08-08,726.7761,788.6097,726.7761,782.6110
2017-08-09,776.1509,818.6038,767.3834,815.8351
2017-08-10,821.3724,837.5230,818.1423,828.7556
2017-08-11,828.7556,828.7556,828.7556,828.7556
2017-08-14,808.4518,832.4469,800.1458,824.6024
2017-08-15,832.9085,851.3663,828.7554,835.6771
2017-08-16,839.8303,853.6736,838.4459,839.8303
2017-08-17,904.4326,967.6506,904.4326,951.0386
2017-08-18,945.0399,965.3435,941.3484,956.1146
2017-08-21,956.1144,973.6494,947.3470,957.4988
2017-08-22,945.0398,955.1916,936.2723,949.1928
2017-08-23,964.4206,967.1893,943.6556,945.5013
2017-08-24,936.7337,948.7313,925.1976,926.5819
2017-08-25,924.7360,940.8866,921.9673,932.1191
2017-08-28,955.1914,960.2673,928.8890,932.1191
2017-08-29,931.6579,942.7326,924.7362,935.3495
2017-08-30,941.3480,943.1938,906.2782,917.8143
2017-08-31,936.2723,936.2723,915.9687,918.2759
2017-09-01,927.5047,945.0396,917.8143,932.1191
2017-09-04,934.8880,934.8880,919.6603,926.1205
2017-09-05,935.3494,947.3469,907.6626,910.8928
2017-09-06,895.2036,920.1216,880.4373,916.4301
2017-09-07,929.8120,931.1964,906.2783,912.2771
2017-09-08,912.2771,946.4241,912.2771,935.8109
2017-09-11,962.1132,998.5674,959.3446,993.9529
2017-09-12,998.1061,1003.6434,963.4977,995.7988
2017-09-13,1008.2578,1028.1000,995.3374,1016.5638
2017-09-14,1026.2542,1026.7157,995.7988,1015.6410
2017-09-15,1023.9468,1060.8624,1018.4095,1060.8624
2017-09-18,1060.8624,1060.8624,1060.8624,1060.8624
2017-09-19,1070.5530,1071.0144,1039.6362,1044.2506
2017-09-20,1047.4804,1050.2491,1024.4082,1028.0997
2017-09-21,1028.0996,1041.0201,1009.6418,1014.7177
2017-09-22,1075.6288,1096.3938,1031.3300,1041.4818
2017-09-25,1053.9410,1054.4025,1027.1772,1033.6375
2017-09-26,1025.7926,1040.0974,1021.1782,1040.0974
2017-09-27,1047.4808,1064.5542,1042.4049,1049.3265
2017-09-28,1070.0914,1078.8588,1054.4022,1077.0131
2017-09-29,1075.1672,1075.1672,1051.6335,1066.3998
2017-10-02,1072.8601,1075.1673,1053.0179,1056.7095
2017-10-03,1053.9409,1064.5542,1044.2506,1050.7108
2017-10-04,1053.4794,1058.0938,1041.0203,1047.9420
2017-10-05,1065.4769,1065.4769,1036.4059,1036.4059
2017-10-06,1035.9444,1060.8625,1025.3312,1045.1733
2017-10-09,1045.1733,1045.1733,1045.1733,1045.1733
2017-10-10,1056.2480,1079.7817,1048.4034,1078.8588
2017-10-11,1081.6277,1087.1651,1064.5542,1069.1687
2017-10-12,1071.0145,1097.3169,1067.7844,1089.4723
2017-10-13,1091.3178,1105.1612,1081.1660,1097.7781
2017-10-16,1097.3166,1105.1612,1079.7817,1086.2419
2017-10-17,1075.1675,1091.7795,1068.2458,1083.4735
2017-10-18,1077.9359,1080.2431,1045.6348,1051.6335
2017-10-19,1035.0217,1062.7084,1032.2530,1056.2482
2017-10-20,1045.1731,1088.0874,1034.5598,1081.1658
2017-10-23,1080.7044,1091.7791,1066.3996,1090.3948
2017-10-24,1088.0878,1116.6974,1073.7830,1114.3901
2017-10-25,1121.3121,1133.3096,1105.1615,1111.6217
2017-10-26,1107.4685,1127.7721,1101.4697,1125.9263
2017-10-27,1130.5405,1137.0007,1114.3899,1128.2333
2017-10-30,1136.0780,1146.6913,1122.2347,1138.3853
2017-10-31,1104.2382,1145.7683,1080.7045,1141.1538
2017-11-01,1123.6192,1146.6914,1089.9337,1146.2300
2017-11-02,1151.3060,1240.3650,1147.6144,1229.7517
2017-11-03,1229.7517,1229.7517,1229.7517,1229.7517
2017-11-06,1223.7525,1232.5200,1176.6851,1181.7610
2017-11-07,1168.8404,1190.5283,1168.8404,1190.0669
2017-11-08,1188.2212,1223.7525,1175.3008,1221.9067
2017-11-09,1229.7515,1235.2888,1179.9154,1208.9865
2017-11-10,1185.9141,1218.6767,1179.9153,1217.2924
2017-11-13,1219.1382,1226.9828,1201.1419,1220.9840
2017-11-14,1220.9840,1257.8996,1217.7539,1244.9791
2017-11-15,1245.9019,1261.5911,1206.6791,1229.2899
2017-11-16,1213.6007,1286.9705,1210.3706,1278.2030
2017-11-17,1287.4320,1314.6573,1268.9742,1313.7344
2017-11-20,1340.0367,1350.6500,1315.5802,1342.8054
2017-11-21,1365.8779,1393.5647,1348.3430,1380.1827
2017-11-22,1402.7934,1416.6368,1357.5718,1374.6453
2017-11-23,1374.6453,1374.6453,1374.6453,1374.6453
2017-11-24,1366.3391,1432.7872,1366.3391,1428.1727
2017-11-27,1446.6305,1467.3956,1416.6366,1439.7089
2017-11-28,1435.0944,1437.4016,1367.7234,1391.2571
2017-11-29,1393.5645,1405.1006,1320.1947,1329.4236
2017-11-30,1283.2791,1287.4321,1248.6707,1259.7454
2017-12-01,1268.9739,1297.5835,1247.2860,1270.8197
2017-12-04,1260.6679,1296.6606,1258.3607,1270.8197
2017-12-05,1243.1331,1251.9006,1199.7573,1200.6802
2017-12-06,1190.5285,1226.9827,1186.8370,1208.5249
2017-12-07,1231.1359,1281.8949,1224.6757,1276.8190
2017-12-08,1276.8190,1308.6588,1268.0516,1286.9708
2017-12-11,1298.0453,1305.4284,1264.3598,1294.8152
2017-12-12,1292.9694,1309.5814,1274.9730,1295.7380
2017-12-13,1279.1261,1286.5092,1253.7466,1275.8960
2017-12-14,1268.9741,1302.1982,1264.8211,1280.0488
2017-12-15,1278.2031,1293.4308,1257.8996,1286.5092
2017-12-18,1295.2766,1311.8886,1278.6646,1307.7356
2017-12-19,1330.8082,1372.3383,1320.1950,1322.9636
2017-12-20,1322.0406,1327.5779,1306.3514,1318.3490
2017-12-21,1315.1187,1345.1127,1309.5814,1339.1139
2017-12-22,1338.6524,1338.6524,1307.2741,1325.7319
2017-12-25,1328.5009,1348.3430,1315.5804,1333.5768
2017-12-26,1332.6536,1335.4223,1316.0416,1317.4259
2017-12-27,1309.0852,1356.8147,1298.4272,1352.6442
2017-12-28,1353.1072,1354.0340,1324.3768,1328.0840
2017-12-29,1332.2543,1341.0588,1311.8650,1318.8159
2018-01-01,1318.8159,1318.8159,1318.8159,1318.8159
2018-01-02,1318.8159,1318.8159,1318.8159,1318.8159
2018-01-03,1318.8159,1318.8159,1318.8159,1318.8159
2018-01-04,1373.9599,1503.7099,1370.7162,1492.1251
2018-01-05,1508.3438,1598.7054,1501.3929,1598.7054
2018-01-08,1598.7054,1598.7054,1598.7054,1598.7054
2018-01-09,1598.7056,1677.4824,1589.4377,1631.1431
2018-01-10,1617.2410,1633.4597,1594.0713,1628.8258
2018-01-11,1596.3883,1619.5580,1575.5356,1591.7544
2018-01-12,1601.0225,1672.8484,1598.7055,1668.2145
2018-01-15,1700.6521,1712.2370,1645.0450,1658.9468
2018-01-16,1658.9467,1689.0672,1647.3618,1686.7502
2018-01-17,1679.7993,1830.4020,1675.1654,1828.0851
2018-01-18,1957.8349,1974.0537,1830.4019,1841.9867
2018-01-19,1867.4736,1899.9111,1846.6209,1888.3263
2018-01-22,1890.6430,1920.7635,1844.3037,1865.1564
2018-01-23,1888.3262,1943.9333,1867.4735,1932.3485
2018-01-24,1899.9110,1902.2280,1821.1342,1828.0851
2018-01-25,1765.5272,1846.6209,1753.9423,1811.8665
2018-01-26,1811.8662,1844.3037,1786.3796,1795.6475
2018-01-29,1807.2320,1851.2543,1800.2811,1846.6204
2018-01-30,1835.0358,1848.9376,1784.0626,1818.8170
2018-01-31,1791.0134,1848.9375,1784.0625,1804.9152
2018-02-01,1830.4019,1844.3037,1811.8662,1837.3528
2018-02-02,1814.1829,1883.6918,1814.1829,1846.6204
2018-02-05,1749.3081,1802.5983,1742.3572,1788.6965
2018-02-06,1529.1963,1749.3079,1526.8794,1735.4061
2018-02-07,1862.8394,1872.1073,1753.9421,1756.2590
2018-02-08,1788.6966,1913.8127,1774.7948,1890.6431
2018-02-09,1784.0626,1837.3527,1735.4063,1835.0358
2018-02-12,1835.0358,1835.0358,1835.0358,1835.0358
2018-02-13,1883.6921,1883.6921,1797.9644,1809.5492
2018-02-14,1779.4287,1825.7680,1744.6742,1779.4287
2018-02-15,1784.0627,1939.2993,1781.7457,1906.8618
2018-02-16,1936.9824,1948.5672,1886.0091,1906.8618
2018-02-19,1927.7147,1983.3218,1902.2281,1981.0049
2018-02-20,1983.3217,1983.3217,1936.9824,1978.6877
2018-02-21,1964.7857,2050.5134,1930.0312,2036.6116
2018-02-22,2008.8084,2048.1968,1987.9557,2034.2950
2018-02-23,2043.5629,2059.7817,2006.4915,2034.2950
2018-02-26,2038.9290,2059.7817,1925.3977,1981.0049
2018-02-27,2004.1744,2080.6342,2001.8574,2057.4646
2018-02-28,2057.4647,2078.3174,2041.2459,2055.1477
2018-03-01,2031.9777,2043.5626,1983.3215,2008.8081
2018-03-02,1946.2502,2013.4422,1946.2502,1992.5895
2018-03-05,1994.9065,2004.1744,1902.2279,1913.8127
2018-03-06,1974.0536,2034.2946,1974.0536,2011.1250
2018-03-07,1994.9065,2029.6609,1967.1029,1999.5404
2018-03-08,2038.9289,2122.3396,2025.0271,2122.3396
2018-03-09,2122.3393,2133.9241,2073.6831,2099.1697
2018-03-12,2143.1919,2184.8972,2099.1696,2126.9731
2018-03-13,2085.2678,2117.7053,2050.5134,2117.7053
2018-03-14,2071.3658,2094.5354,2045.8792,2085.2676
2018-03-15,2071.3663,2085.2681,2036.6118,2069.0493
2018-03-16,2048.1965,2071.3661,2013.4420,2018.0759
2018-03-19,1964.7860,1983.3217,1867.4735,1892.9601
2018-03-20,1844.3038,1883.6922,1818.8172,1862.8395
2018-03-21,1862.8395,1862.8395,1862.8395,1862.8395
2018-03-22,1837.3527,1862.8394,1811.8661,1830.4019
2018-03-23,1765.5269,1811.8662,1737.7233,1777.1117
2018-03-26,1730.7725,1737.7234,1661.2635,1730.7725
2018-03-27,1818.8169,1837.3526,1793.3303,1802.5981
2018-03-28,1737.7233,1777.1117,1716.8706,1728.4554
2018-03-29,1760.8930,1767.8439,1733.0894,1756.2590
2018-03-30,1781.7459,1825.7682,1760.8932,1811.8665
2018-04-02,1832.7188,1876.7411,1832.7188,1835.0358
2018-04-03,1781.7455,1814.1830,1767.8437,1802.5981
2018-04-04,1835.0360,1851.2547,1737.7234,1740.0404
2018-04-05,1763.2099,1774.7947,1737.7233,1765.5269
2018-04-06,1777.1117,1802.5984,1758.5760,1779.4287
2018-04-09,1746.9911,1777.1117,1716.8706,1765.5269
2018-04-10,1765.5271,1802.5985,1735.4066,1781.7458
2018-04-11,1811.8663,1851.2547,1784.0627,1784.0627
2018-04-12,1781.7457,1800.2814,1758.5760,1779.4287
2018-04-13,1797.9644,1869.7903,1797.9644,1860.5225
2018-04-16,1869.7903,1886.0091,1839.6698,1844.3037
2018-04-17,1844.3035,1892.9597,1839.6696,1872.1071
2018-04-18,1883.6922,1895.2770,1844.3038,1890.6431
2018-04-19,1844.3036,1860.5223,1781.7455,1804.9152
2018-04-20,1767.8440,1934.6654,1765.5270,1918.4467
2018-04-23,1879.0581,1881.3751,1756.2590,1786.3795
2018-04-24,1791.0134,1795.6473,1749.3080,1772.4777
2018-04-25,1733.0895,1733.0895,1635.7770,1679.7993
2018-04-26,1684.4330,1733.0892,1647.3616,1647.3616
2018-04-27,1712.2367,1733.0894,1684.4331,1691.3840
2018-04-30,1691.3840,1691.3840,1691.3840,1691.3840
2018-05-01,1658.9466,1740.0403,1645.0448,1730.7725
2018-05-02,1756.2590,1816.5001,1733.0894,1756.2590
2018-05-03,1756.2590,1756.2590,1756.2590,1756.2590
2018-05-04,1756.2590,1756.2590,1756.2590,1756.2590
2018-05-07,1784.0626,1811.8662,1767.8439,1779.4287
2018-05-08,1781.7458,1802.5985,1751.6253,1791.0137
2018-05-09,1791.0135,1800.2814,1733.0894,1756.2590
2018-05-10,1756.2591,1777.1118,1737.7234,1753.9421
2018-05-11,1751.6249,1791.0133,1751.6249,1770.1606
2018-05-14,1774.7946,1777.1116,1746.9911,1772.4777
2018-05-15,1781.7457,1807.2323,1733.0895,1753.9421
2018-05-16,1716.8708,1760.8931,1716.8708,1740.0404
2018-05-17,1774.7949,1791.0137,1756.2592,1758.5762
2018-05-18,1756.2590,1791.0134,1744.6742,1786.3795
2018-05-21,1777.1116,1777.1116,1737.7232,1749.3080
2018-05-22,1760.8930,1763.2100,1719.1877,1726.1385
2018-05-23,1726.1383,1763.2098,1721.5044,1733.0892
2018-05-24,1733.0895,1742.3573,1705.2859,1716.8707
2018-05-25,1728.4553,1728.4553,1693.7008,1705.2856
2018-05-28,1719.1878,1742.3574,1698.3351,1709.9199
2018-05-29,1705.2858,1728.4555,1693.7010,1707.6028
2018-05-30,1675.1653,1700.6519,1668.2144,1677.4823
2018-05-31,1696.0179,1726.1384,1691.3840,1721.5045
2018-06-01,1705.2857,1733.0893,1698.3348,1723.8214
2018-06-04,1763.2100,1763.2100,1714.5537,1730.7725
2018-06-05,1735.4064,1770.1608,1735.4064,1751.6251
2018-06-06,1751.6251,1751.6251,1691.3841,1698.3350
2018-06-07,1700.6520,1719.1878,1684.4333,1714.5538
2018-06-08,1691.3840,1721.5045,1672.8483,1689.0670
2018-06-11,1682.1161,1705.2857,1661.2634,1665.8973
2018-06-12,1668.2144,1668.2144,1540.7814,1573.2189
2018-06-13,1573.2190,1607.9734,1566.2681,1577.8529
2018-06-14,1591.7544,1619.5580,1577.8526,1591.7544
2018-06-15,1573.2187,1589.4375,1466.6384,1496.7589
2018-06-18,1492.1249,1547.7321,1482.8571,1506.0267
2018-06-19,1515.2948,1529.1966,1464.3215,1475.9064
2018-06-20,1492.1253,1533.8307,1457.3708,1526.8798
2018-06-21,1519.9286,1563.9510,1496.7590,1538.4644
2018-06-22,1508.3436,1573.2186,1501.3927,1556.9999
2018-06-25,1561.6339,1568.5848,1522.2455,1524.5625
2018-06-26,1494.4419,1526.8794,1478.2232,1517.6116
2018-06-27,1537.2057,1583.8584,1523.2099,1541.8710
2018-06-28,1520.8777,1520.8777,1429.9049,1434.5702
2018-06-29,1457.8962,1460.2289,1418.2415,1455.5636
2018-07-02,1455.5636,1488.2205,1411.2436,1420.5741
2018-07-03,1408.9109,1448.5657,1392.5825,1422.9067
2018-07-04,1390.2499,1399.5804,1326.3357,1329.1349
2018-07-05,1315.6057,1351.0617,1312.3400,1319.8044
2018-07-06,1329.6016,1353.3944,1314.6727,1349.6622
2018-07-09,1352.9279,1384.6517,1344.9969,1374.8546
2018-07-10,1399.5806,1425.2396,1382.3191,1393.5157
2018-07-11,1376.2541,1411.2436,1355.2604,1396.7812
2018-07-12,1382.3192,1408.9113,1364.1247,1395.8485
2018-07-13,1415.9087,1460.2287,1415.9087,1450.8982
2018-07-16,1450.8982,1450.8982,1450.8982,1450.8982
2018-07-17,1469.5596,1483.5554,1432.2374,1436.9027
2018-07-18,1471.8919,1492.8856,1439.2350,1450.8982
2018-07-19,1511.5468,1581.5258,1506.8815,1548.8689
2018-07-20,1539.5386,1541.8712,1499.8838,1511.5470
2018-07-23,1504.5490,1511.5469,1469.5595,1476.5574
2018-07-24,1488.2205,1520.8774,1469.5594,1504.5490
2018-07-25,1495.2185,1504.5490,1471.8921,1490.5532
2018-07-26,1530.2079,1558.1995,1518.5447,1534.8732
2018-07-27,1544.2039,1565.1976,1537.2060,1562.8650
2018-07-30,1558.1998,1562.8650,1530.2082,1537.2061
2018-07-31,1520.8774,1555.8669,1504.5489,1539.5385
2018-08-01,1558.1994,1581.5257,1548.8688,1565.1973
2018-08-02,1590.8564,1607.1848,1565.1974,1576.8606
2018-08-03,1579.1934,1579.1934,1520.8775,1553.5344
2018-08-06,1525.5427,1534.8732,1499.8837,1506.8816
2018-08-07,1485.8879,1506.8816,1464.8942,1483.5553
2018-08-08,1481.2225,1560.5320,1474.2246,1530.2078
2018-08-09,1693.4923,1786.7977,1632.8438,1772.8019
2018-08-10,1768.1365,1768.1365,1686.4943,1700.4901
2018-08-13,1667.8333,1679.4964,1597.8543,1600.1869
2018-08-14,1632.8439,1688.8271,1600.1870,1642.1744
2018-08-15,1649.1723,1695.8250,1618.8481,1667.8334
2018-08-16,1618.8482,1667.8335,1604.8524,1637.5093
2018-08-17,1642.1746,1653.8377,1635.1767,1644.5072
2018-08-20,1632.8440,1642.1745,1590.8566,1590.8566
2018-08-21,1656.1703,1733.1472,1607.1850,1728.4819
2018-08-22,1747.1429,1812.4566,1723.8165,1800.7935
2018-08-23,1814.7893,1866.1073,1789.1303,1854.4441
2018-08-24,1859.1094,1882.4358,1824.1199,1877.7705
2018-08-27,1884.7684,1891.7664,1868.4400,1889.4337
2018-08-28,1889.4336,1901.0968,1835.7830,1849.7788
2018-08-29,1866.1073,1875.4378,1852.1115,1868.4399
2018-08-30,1889.4334,1919.7577,1870.7724,1917.4250
2018-08-31,1898.7645,1936.0866,1896.4319,1929.0887
2018-09-03,1931.4212,1933.7538,1884.7685,1901.0969
2018-09-04,1933.7537,1957.0800,1924.4231,1938.4189
2018-09-05,1952.4147,1978.0737,1926.7558,1931.4210
2018-09-06,1908.0947,1917.4253,1849.7789,1905.7621
2018-09-07,1842.7809,1847.4462,1784.4650,1805.4587
2018-09-10,1805.4590,1828.7853,1791.4631,1796.1284
2018-09-11,1793.7956,1861.4420,1775.1345,1852.1115
2018-09-12,1868.4398,1873.1051,1814.7892,1831.1177
2018-09-13,1812.4567,1845.1136,1800.7935,1828.7852
2018-09-14,1866.1072,1912.7599,1800.7935,1812.4567
2018-09-17,1812.4567,1812.4567,1812.4567,1812.4567
2018-09-18,1770.4693,1789.1303,1742.4776,1775.1345
2018-09-19,1777.4671,1796.1282,1758.8061,1772.8019
2018-09-20,1800.7935,1803.1261,1756.4734,1772.8019
2018-09-21,1793.7957,1793.7957,1726.1493,1737.8125
2018-09-24,1737.8125,1737.8125,1737.8125,1737.8125
2018-09-25,1758.8060,1807.7913,1744.8102,1789.1302
2018-09-26,1756.4736,1779.8000,1744.8105,1754.1410
2018-09-27,1754.1408,1754.1408,1681.8291,1681.8291
2018-09-28,1730.8144,1768.1366,1723.8165,1765.8040
2018-10-01,1779.7996,1817.1217,1765.8038,1782.1322
2018-10-02,1784.4648,1786.7975,1735.4795,1747.1427
2018-10-03,1742.4778,1765.8041,1721.4841,1737.8125
2018-10-04,1768.1364,1782.1322,1693.4921,1707.4879
2018-10-05,1681.8293,1686.4945,1604.8523,1614.1829
2018-10-08,1614.1829,1614.1829,1614.1829,1614.1829
2018-10-09,1567.5301,1567.5301,1476.5574,1485.8879
2018-10-10,1530.2079,1546.5364,1485.8879,1539.5385
2018-10-11,1455.5638,1509.2144,1429.9048,1478.8901
2018-10-12,1448.5656,1534.8730,1448.5656,1527.8751
2018-10-15,1520.8777,1546.5367,1504.5492,1520.8777
2018-10-16,1523.2102,1541.8712,1478.8901,1511.5470
2018-10-17,1572.1952,1607.1847,1541.8709,1602.5194
2018-10-18,1600.1871,1600.1871,1560.5324,1562.8650
2018-10-19,1485.8879,1509.2142,1474.2247,1504.5490
2018-10-22,1469.5596,1525.5428,1453.2311,1511.5470
2018-10-23,1478.8901,1502.2164,1457.8964,1457.8964
2018-10-24,1460.2292,1464.8945,1411.2439,1413.5765
2018-10-25,1339.8650,1351.5282,1303.4759,1306.7416
2018-10-26,1321.2038,1324.4695,1247.0261,1261.4884
2018-10-29,1259.6224,1278.2835,1214.3693,1221.3672
2018-10-30,1384.6515,1455.5636,1306.7416,1455.5636
2018-10-31,1516.2123,1537.2060,1422.9069,1511.5470
2018-11-01,1485.8877,1546.5362,1478.8898,1530.2078
2018-11-02,1544.2038,1628.1787,1541.8712,1614.1829
2018-11-05,1581.5259,1609.5175,1558.1996,1593.1891
2018-11-06,1581.5260,1616.5155,1565.1975,1614.1829
2018-11-07,1614.1827,1670.1659,1600.1869,1625.8458
2018-11-08,1679.4963,1728.4816,1679.4963,1707.4879
2018-11-09,1679.4965,1681.8291,1567.5301,1576.8606
2018-11-12,1548.8691,1607.1850,1541.8712,1588.5239
2018-11-13,1511.5470,1553.5344,1485.8880,1544.2039
2018-11-14,1558.1996,1569.8628,1492.8859,1499.8838
2018-11-15,1495.2184,1572.1953,1492.8858,1539.5385
2018-11-16,1539.5383,1544.2036,1420.5740,1427.5719
2018-11-19,1436.9025,1569.8626,1415.9088,1548.8689
2018-11-20,1516.2120,1555.8668,1478.8899,1516.2120
2018-11-21,1488.2207,1588.5240,1483.5555,1572.1956
2018-11-22,1579.1931,1602.5195,1539.5383,1581.5258
2018-11-23,1581.5258,1581.5258,1581.5258,1581.5258
2018-11-26,1630.5112,1639.8417,1572.1953,1576.8606
2018-11-27,1586.1911,1607.1848,1544.2037,1597.8542
2018-11-28,1632.8436,1665.5005,1621.1804,1658.5026
2018-11-29,1702.8228,1751.8081,1665.5007,1681.8291
2018-11-30,1672.4984,1719.1511,1651.5047,1705.1553
2018-12-03,1749.4755,1812.4567,1740.1450,1772.8019
2018-12-04,1775.1347,1805.4589,1747.1431,1754.1410
2018-12-05,1721.4841,1761.1388,1702.8230,1737.8125
2018-12-06,1721.4841,1721.4841,1604.8524,1637.5093
2018-12-07,1670.1660,1688.8271,1621.1807,1632.8439
2018-12-10,1581.5258,1595.5216,1497.5510,1513.8794
2018-12-11,1518.5447,1551.2016,1492.8858,1534.8732
2018-12-12,1579.1932,1628.1785,1546.5363,1600.1869
2018-12-13,1614.1829,1630.5113,1586.1913,1616.5155
2018-12-14,1604.8523,1630.5112,1546.5364,1558.1996
2018-12-17,1525.5429,1565.1977,1509.2145,1518.5450
2018-12-18,1460.2288,1490.5531,1429.9046,1446.2330
2018-12-19,1425.2394,1455.5636,1371.5888,1420.5741
2018-12-20,1352.9278,1384.6517,1299.7438,1317.4718
2018-12-21,1317.0051,1326.8022,1261.9549,1285.7478
2018-12-24,1285.7478,1285.7478,1285.7478,1285.7478
2018-12-25,1215.7687,1241.4276,1180.3126,1187.3105
2018-12-26,1228.6250,1240.8315,1188.7194,1217.8270
2018-12-27,1288.2487,1301.3941,1255.3852,1279.7981
2018-12-28,1286.3706,1326.7458,1265.2441,1315.4783
2018-12-31,1315.4783,1315.4783,1315.4783,1315.4783
2019-01-04,1268.5306,1286.3708,1184.4940,1249.2820
2019-01-07,1313.6005,1323.4595,1280.7370,1301.3940
2019-01-08,1329.0933,1381.6749,1325.3375,1363.3652
2019-01-09,1370.4071,1400.4537,1344.1163,1365.2428
2019-01-10,1356.7923,1389.1863,1335.1963,1348.8112
2019-01-11,1368.0597,1398.1063,1358.6701,1368.9987
2019-01-15,1330.9712,1381.2053,1315.4784,1369.9379
2019-01-16,1384.4917,1394.3507,1346.4639,1364.7736
2019-01-17,1358.2008,1376.5105,1334.7269,1345.9944
2019-01-18,1361.0178,1488.2464,1356.3230,1471.8147
2019-01-21,1504.6780,1544.5837,1450.6880,1455.3828
2019-01-22,1467.1196,1485.8987,1438.9509,1450.6879
2019-01-23,1420.1719,1457.7302,1389.6558,1424.8667
2019-01-24,1408.4351,1572.7525,1407.9656,1565.7103
2019-01-25,1584.4894,1631.4372,1556.3207,1610.3107
2019-01-28,1610.3108,1638.4795,1586.8368,1619.7003
2019-01-29,1598.5739,1633.7847,1570.4051,1626.7426
2019-01-30,1624.3952,1673.6905,1624.3952,1636.1322
2019-01-31,1668.9957,1687.7749,1657.2588,1671.3431
2019-02-01,1668.9957,1697.1644,1615.0057,1640.8270
2019-02-04,1666.6482,1713.5960,1666.6482,1708.9012
2019-02-05,1779.3228,1906.0820,1758.1963,1899.0398
2019-02-06,1922.5136,2018.7567,1922.5136,1988.2406
2019-02-07,2018.7569,2053.9678,1990.5882,2030.4939
2019-02-08,1992.9362,2035.1893,1941.2936,2028.1471
2019-02-12,2037.5364,2058.6630,1988.2412,2002.3256
2019-02-13,2035.1885,2093.8733,2016.4094,2070.3994
2019-02-14,2051.6203,2077.4416,2016.4094,2070.3994
2019-02-15,2082.1363,2084.4837,2009.3672,2011.7146
2019-02-18,2063.3575,2075.0944,2007.0201,2039.8835
2019-02-19,2018.7571,2049.2732,2002.3254,2023.4519
2019-02-20,2009.3672,2011.7146,1927.2085,1943.6403
2019-02-21,1953.0301,1978.8514,1910.7770,1913.1244
2019-02-22,1891.9977,1955.3773,1875.5660,1908.4294
2019-02-25,1945.9878,2007.0200,1931.9035,1934.2509
2019-02-26,1948.3352,1974.1565,1903.7347,1915.4717
2019-02-27,1938.9456,1960.0722,1908.4295,1920.1665
2019-02-28,1920.1664,1927.2086,1828.6181,1838.0077
2019-03-01,1903.7347,1981.1986,1903.7347,1955.3773
2019-03-04,1981.1989,2058.6628,1981.1989,2053.9680
2019-03-05,2021.1047,2044.5786,1967.1147,1985.8938
2019-03-06,1969.4617,2025.7992,1955.3774,2021.1044
2019-03-07,1988.2407,2004.6724,1936.5980,1995.2828
2019-03-08,1943.6405,1945.9879,1868.5240,1906.0823
2019-03-11,1920.1665,1943.6404,1875.5660,1929.5560
2019-03-12,2028.1466,2049.2732,1990.5884,2032.8414
2019-03-13,2018.7568,2075.0942,2018.7568,2025.7990
2019-03-14,2007.0201,2018.7571,1924.8614,1974.1566
2019-03-15,2014.0620,2037.5359,1969.4616,2016.4094
2019-03-18,2049.2731,2072.7470,2018.7570,2021.1044
2019-03-19,2028.1466,2044.5783,1981.1987,2039.8835
2019-03-20,2046.9257,2136.1266,2021.1044,2122.0422
2019-03-22,2136.1264,2326.2652,2136.1264,2300.4438
2019-03-25,2234.7171,2246.4540,2201.8536,2237.0645
2019-03-26,2201.8534,2211.2430,2147.8634,2190.1165
2019-03-27,2126.7371,2138.4741,2061.0102,2107.9580
2019-03-28,2070.3993,2143.1684,2004.6723,2138.4736
2019-03-29,2168.9898,2201.8532,2152.5580,2171.3372
2019-04-01,2234.7170,2286.3596,2232.3696,2258.1909
2019-04-02,2279.3172,2319.2229,2272.2751,2291.0542
2019-04-03,2265.2326,2380.2548,2265.2326,2370.8652
2019-04-04,2413.1187,2464.7613,2403.7291,2417.8135
2019-04-05,2384.9501,2441.2875,2370.8658,2431.8979
2019-04-08,2455.3718,2464.7614,2408.4240,2427.2031
2019-04-09,2445.9815,2474.1502,2417.8128,2422.5076
2019-04-10,2384.9496,2422.5078,2356.7809,2370.8652
2019-04-11,2375.5602,2394.3393,2352.0863,2361.4758
2019-04-12,2394.3394,2394.3394,2340.3494,2347.3916
2019-04-15,2422.5085,2422.5085,2375.5606,2384.9502
2019-04-16,2399.0345,2399.0345,2342.6971,2352.0867
2019-04-17,2347.3915,2352.0863,2288.7067,2309.8333
2019-04-18,2276.9697,2312.1806,2239.4115,2276.9697
2019-04-19,2345.0441,2380.2550,2321.5702,2340.3494
2019-04-22,2389.6444,2389.6444,2314.5279,2321.5701
2019-04-23,2319.2235,2342.6974,2288.7074,2305.1392
2019-04-24,2323.9185,2370.8663,2307.4867,2326.2659
2019-04-25,2361.4757,2422.5079,2340.3492,2403.7288
2019-04-26,2370.8654,2380.2550,2267.5802,2361.4758
2019-05-07,2230.0219,2288.7067,2082.1363,2140.8210
2019-05-08,2119.6944,2234.7166,2107.9574,2208.8953
2019-05-09,2192.4637,2227.6745,2136.1263,2140.8210
2019-05-10,2126.7368,2180.7268,2103.2629,2154.9055
2019-05-13,2091.5265,2098.5686,1997.6308,2002.3256
2019-05-14,1903.7345,2009.3671,1896.6924,1990.5880
2019-05-15,2014.0620,2030.4938,1953.0298,2016.4094
2019-05-16,2032.8414,2039.8835,1955.3774,1967.1144
2019-05-17,1999.9776,2035.1884,1981.1984,1988.2406
2019-05-20,2002.3253,2016.4096,1924.8613,1927.2087
2019-05-21,1889.6503,1924.8612,1838.0077,1908.4294
2019-05-22,1953.0299,1981.1986,1908.4294,1908.4294
2019-05-23,1866.1765,1866.1765,1795.7547,1802.7969
2019-05-24,1776.9755,1821.5759,1746.4594,1807.4916
2019-05-27,1784.0178,1816.8813,1781.6704,1800.4496
2019-05-28,1795.7547,1835.6604,1784.0178,1821.5760
2019-05-29,1807.4917,1828.6182,1784.0178,1821.5760
2019-05-30,1746.4595,1769.9334,1713.5960,1751.1543
2019-05-31,1753.5016,1802.7968,1737.0699,1784.0177
2019-06-03,1751.1542,1830.9655,1741.7646,1807.4916
2019-06-04,1798.1021,1807.4917,1730.0277,1791.0599
2019-06-05,1856.7870,1889.6505,1833.3131,1870.8713
2019-06-06,1830.9656,1833.3130,1737.0699,1737.0699
2019-06-07,1758.1965,1788.7126,1741.7648,1772.2809
2019-06-10,1830.9656,1873.2186,1816.8812,1856.7869
2019-06-11,1875.5661,1903.7348,1859.1344,1868.5239
2019-06-12,1882.6082,1903.7348,1854.4395,1891.9978
2019-06-13,1852.0922,1859.1344,1800.4496,1833.3131
2019-06-14,1809.8392,1830.9658,1765.2388,1781.6705
2019-06-17,1760.5439,1765.2386,1701.8591,1722.9856
2019-06-18,1708.9015,1734.7228,1692.4697,1720.6384
2019-06-19,1812.1864,1861.4816,1805.1442,1856.7869
2019-06-20,1845.0500,1870.8713,1793.4073,1863.8291
2019-06-21,1903.7348,1938.9457,1861.4818,1873.2188
2019-06-24,1859.1341,1901.3872,1835.6602,1899.0398
2019-06-25,1899.0400,1915.4718,1875.5661,1882.6083
2019-06-26,1873.6187,1951.6862,1864.1560,1918.5667
2019-06-27,1949.3204,2006.0967,1949.3204,1989.5370
2019-06-28,1991.9026,2027.3878,1982.4399,2020.2908
2019-07-01,2086.5297,2133.8433,2053.4102,2124.3806
2019-07-02,2133.8437,2176.4259,2119.6496,2169.3289
2019-07-03,2124.3810,2126.7467,2029.7538,2039.2166
2019-07-04,2069.9697,2100.7235,2015.5590,2093.6265
2019-07-05,2065.2388,2105.4554,2062.8732,2095.9927
2019-07-08,2093.6272,2093.6272,2029.7538,2039.2166
2019-07-09,2053.4102,2060.5072,2029.7534,2046.3131
2019-07-10,2034.4849,2077.0671,2029.7535,2062.8730
2019-07-11,2062.8730,2126.7464,2055.7760,2103.0896
2019-07-12,2091.2612,2095.9925,2010.8281,2027.3878
2019-07-16,2074.7013,2103.0895,2048.6788,2055.7759
2019-07-17,2027.3879,2098.3583,2003.7311,2091.2612
2019-07-18,2095.9930,2145.6723,2081.7989,2098.3586
2019-07-19,2197.7172,2280.5160,2190.6201,2245.0308
2019-07-22,2266.3218,2351.4862,2261.5904,2346.7549
2019-07-23,2351.4863,2403.5312,2351.4863,2375.1431
2019-07-24,2422.4564,2465.0386,2417.7250,2427.1877
2019-07-25,2474.5015,2502.8896,2427.1879,2460.3074
2019-07-26,2417.7250,2441.3818,2389.3368,2436.6504
2019-07-29,2441.3813,2450.8441,2389.3364,2441.3813
2019-07-30,2436.6507,2526.5465,2431.9193,2493.4270
2019-07-31,2460.3075,2517.0838,2441.3820,2493.4270
2019-08-01,2450.8444,2517.0835,2446.1131,2488.6953
2019-08-02,2422.4562,2455.5758,2394.0681,2446.1130
2019-08-05,2394.0678,2422.4559,2356.2169,2389.3364
2019-08-06,2282.8809,2379.8738,2271.0525,2351.4856
2019-08-07,2379.8743,2394.0684,2327.8294,2370.4116
2019-08-08,2692.1437,2729.9946,2540.7402,2701.6064
2019-08-09,2744.1887,2763.1141,2545.4715,2578.5911
2019-08-13,2536.0089,2644.8301,2531.2775,2621.1733
2019-08-14,2715.8004,2729.9945,2663.7555,2682.6809
2019-08-15,2630.6361,2800.9651,2616.4420,2786.7710
2019-08-16,2834.0850,2895.5926,2805.6968,2834.0850
2019-08-19,2829.3538,2843.5479,2687.4130,2734.7266
2019-08-20,2800.9651,2966.5627,2782.0397,2966.5627
2019-08-21,2957.0999,2980.7567,2857.7413,2890.8608
2019-08-22,2933.4435,2952.3689,2829.3535,2857.7417
2019-08-23,2829.3532,2923.9804,2791.5023,2890.8608
2019-08-26,2796.2337,2834.0846,2720.5319,2744.1887
2019-08-27,2791.5022,2838.8158,2772.5768,2805.6963
2019-08-28,2800.9651,2838.8160,2767.8456,2777.3083
2019-08-29,2805.6964,2824.6219,2782.0396,2786.7710
2019-08-30,2834.0851,2905.0555,2829.3537,2881.3987
2019-09-02,2881.3985,3004.4139,2871.9358,2980.7571
2019-09-03,2980.7567,3018.6076,2942.9058,2999.6821
2019-09-04,2980.7567,3028.0703,2957.0999,2999.6821
2019-09-05,3032.8014,3117.9659,2985.4878,3094.3091
2019-09-06,3122.6978,3165.2800,3018.6079,3070.6528
2019-09-09,3084.8462,3132.1598,3056.4581,3113.2344
2019-09-10,3108.5031,3108.5031,2976.0251,2985.4878
2019-09-11,2971.2943,3056.4587,2933.4434,3056.4587
2019-09-12,3113.2351,3136.8919,3061.1901,3070.6528
2019-09-13,3075.3841,3075.3841,2957.1001,3023.3391
2019-09-17,3037.5330,3132.1602,3032.8017,3122.6975
2019-09-18,3117.9664,3132.1605,3028.0706,3056.4587
2019-09-19,3094.3089,3170.0107,3084.8462,3113.2344
2019-09-20,3117.9663,3198.3994,3103.7722,3170.0112
2019-09-24,3170.0111,3250.4442,3136.8916,3174.7424
2019-09-25,3146.3542,3165.2797,3113.2347,3146.3542
2019-09-26,3207.8620,3231.5187,3160.5484,3174.7424
2019-09-27,3165.2799,3207.8621,3028.0705,3198.3994
2019-09-30,3151.0858,3217.3249,3146.3545,3198.3994
2019-10-01,3217.3246,3245.7128,3174.7424,3240.9814
2019-10-02,3198.3991,3274.1009,3179.4737,3250.4441
2019-10-03,3203.1308,3307.2207,3203.1308,3278.8325
2019-10-04,3311.9520,3311.9520,3188.9367,3264.6384
2019-10-07,3293.0266,3434.9674,3274.1012,3430.2361
2019-10-08,3487.0123,3591.1022,3458.6241,3586.3708
2019-10-09,3543.7885,3595.8334,3487.0122,3524.8630
2019-10-10,3567.4457,3572.1771,3472.8185,3548.5203
2019-10-11,3581.6395,3671.5354,3567.4455,3657.3413
2019-10-15,3723.5805,3737.7745,3647.8787,3690.4609
2019-10-16,3737.7745,3808.7449,3657.3414,3785.0881
2019-10-17,3671.5352,3709.3860,3524.8630,3671.5352
2019-10-18,3666.8043,3676.2671,3557.9830,3633.6848
2019-10-21,3610.0274,3624.2214,3543.7883,3543.7883
2019-10-23,3567.4458,3633.6849,3491.7441,3624.2222
2019-10-24,3647.8783,3728.3114,3624.2215,3709.3860
2019-10-25,3714.1176,3766.1625,3628.9531,3761.4312
2019-10-28,3799.2822,3912.8348,3799.2822,3851.3271
2019-10-29,3785.0881,3874.9839,3676.2668,3851.3271
2019-10-30,3879.7155,3950.6859,3822.9392,3931.7605
2019-10-31,3945.9540,3969.6108,3671.5351,3709.3860
2019-11-01,3666.8040,3785.0880,3586.3708,3761.4312
2019-11-05,3841.8641,3841.8641,3662.0724,3671.5352
2019-11-06,3690.4611,3785.0883,3638.4162,3742.5061
2019-11-07,3685.7297,3775.6256,3652.6102,3766.1628
2019-11-08,3785.0883,3789.8196,3680.9983,3723.5806
2019-11-11,3714.1175,3775.6252,3704.6548,3747.2371
2019-11-12,3728.3120,3841.8647,3728.3120,3837.1333
2019-11-13,3856.0580,4026.3869,3856.0580,4012.1929
2019-11-14,3974.3427,4007.4623,3922.2978,3931.7605
2019-11-15,3931.7600,4130.4771,3889.1778,4106.8203
2019-11-18,4163.5962,4348.1192,4144.6707,4296.0742
2019-11-19,4291.3437,4291.3437,4149.4029,4182.5225
2019-11-20,4135.2088,4229.8360,4097.3579,4125.7461
2019-11-21,4087.8957,4125.7466,3955.4176,4097.3584
2019-11-22,4026.3874,4092.6264,3964.8797,4064.2383
2019-11-25,4149.4032,4182.5227,4097.3582,4139.9404
2019-11-26,4258.2240,4381.2394,4248.7613,4333.9258
2019-11-27,4367.0451,4400.1646,4262.9552,4376.5078
2019-11-28,4376.5078,4438.0155,4343.3883,4404.8960
2019-11-29,4456.9417,4546.8375,4438.0162,4471.1357
2019-12-02,4452.2099,4556.2999,4447.4786,4532.6431
2019-12-03,4490.0618,4646.1967,4480.5990,4613.0771
2019-12-04,4579.9564,4636.7327,4485.3292,4570.4937
2019-12-05,4660.3896,4712.4346,4579.9565,4660.3896
2019-12-06,4669.8521,4736.0911,4627.2698,4669.8521
2019-12-09,4726.6288,4726.6288,4523.1803,4532.6431
2019-12-10,4452.2103,4589.4197,4381.2399,4551.5688
2019-12-11,4527.9109,4589.4186,4504.2541,4542.1050
2019-12-12,4584.6876,4679.3148,4570.4935,4617.8071
2019-12-13,4707.7032,4717.1660,4608.3447,4660.3896
2019-12-16,4684.0470,4764.4802,4655.6589,4693.5098
2019-12-17,4750.2861,4750.2861,4598.8826,4693.5098
2019-12-18,4702.9711,4854.3746,4674.5829,4778.6729
2019-12-19,4778.6737,4854.3755,4755.0169,4825.9873
2019-12-20,4868.5700,5147.7203,4868.5700,5124.0635
2019-12-23,5237.6160,5284.9296,5053.0929,5114.6006
2019-12-24,5109.8699,5256.5421,5067.2876,5232.8853
2019-12-25,5251.8103,5299.1239,5190.3026,5266.0044
2019-12-26,5228.1529,5270.7352,5199.7648,5261.2725
2019-12-27,5313.9374,5484.7426,5247.5132,5418.3184
2019-12-30,5399.3392,5399.3392,5095.6857,5275.9800
2020-01-06,5086.1973,5266.4916,5057.7298,5200.0674
2020-01-07,5247.5134,5266.4918,5076.7083,5162.1108
2020-01-08,5114.6643,5181.0885,4953.3484,5143.1318
2020-01-09,5304.4486,5427.8078,5238.0244,5342.4053
2020-01-10,5361.3832,5456.2749,5323.4265,5456.2749
2020-01-14,5541.6770,5702.9930,5532.1879,5627.0796
2020-01-15,5617.5911,5693.5045,5513.2102,5541.6777
2020-01-16,5532.1882,5532.1882,5370.8723,5446.7856
2020-01-17,5579.6341,5589.1233,5361.3831,5399.3398
2020-01-20,5370.8724,5532.1884,5285.4699,5522.6992
2020-01-21,5560.6567,5617.5917,5465.7649,5551.1675
2020-01-22,5503.7209,5721.9719,5475.2534,5693.5044
2020-01-23,5655.5477,5759.9286,5617.5910,5636.5693
2020-01-24,5702.9937,5788.3963,5636.5695,5712.4829
2020-01-27,5579.6337,5712.4821,5532.1879,5627.0796
2020-01-28,5503.7216,5636.5701,5437.2974,5608.1025
2020-01-29,5693.5043,5693.5043,5437.2966,5513.2100
2020-01-30,5494.2326,5579.6352,5010.2847,5181.0898
2020-01-31,5219.0465,5275.9815,5076.7088,5228.5356
2020-02-03,4848.9686,5266.4923,4820.5011,5228.5356
2020-02-04,5351.8936,5389.8502,5000.7942,5133.6426
2020-02-05,5162.1111,5266.4920,4886.9251,4915.3926
2020-02-06,4991.3054,5313.9373,4934.3704,5238.0239
2020-02-07,5313.9376,5351.8943,5143.1324,5209.5566
2020-02-10,5124.1540,5332.9158,5086.1973,5313.9375
2020-02-12,5427.8073,5608.1016,5342.4048,5503.7207
2020-02-13,5608.1022,5883.2882,5579.6346,5788.3965
2020-02-14,5702.9924,5864.3083,5655.5465,5778.9058
2020-02-17,5740.9497,5759.9280,5551.1662,5627.0796
2020-02-18,5503.7207,5541.6774,5228.5347,5285.4697
2020-02-19,5513.2099,5532.1882,5304.4480,5446.7856
2020-02-20,5579.6346,5579.6346,5285.4702,5342.4053
2020-02-21,5285.4698,5389.8507,5228.5348,5238.0239
2020-02-25,4896.4143,5162.1112,4886.9251,5086.1978
2020-02-26,5124.1548,5200.0682,5010.2847,5181.0898
2020-02-27,5181.0895,5190.5786,4877.4359,4915.3926
2020-02-28,4659.1842,4792.0326,4554.8033,4673.4180
2020-03-02,4687.6517,5124.1537,4682.9071,5000.7944
2020-03-03,5171.5999,5219.0457,4848.9679,4867.9463
2020-03-04,4811.0102,5124.1529,4782.5427,5076.7070
2020-03-05,5219.0460,5238.0244,5000.7950,5124.1543
2020-03-06,5076.7081,5162.1107,4905.9030,4981.8164
2020-03-09,4744.5874,4782.5441,4379.2542,4407.7217
2020-03-10,4312.8290,4754.0756,4075.5997,4739.8418
2020-03-11,4692.3957,4820.4996,4379.2531,4393.4868
2020-03-12,4270.1291,4502.6139,4179.9819,4232.1724
2020-03-13,3833.6262,4365.0200,3705.5224,4137.2798
2020-03-16,4217.9380,4450.4228,3985.4533,4028.1545
2020-03-17,3919.0280,4360.2745,3852.6038,4213.1924
2020-03-18,4270.1286,4407.7216,4161.0031,4289.1069
2020-03-19,4459.9115,4459.9115,3994.9420,4094.5784
2020-03-23,4161.0032,4341.2975,4094.5789,4298.5962
2020-03-24,4459.9119,4678.1629,4431.4444,4659.1846
2020-03-25,5019.7725,5029.2617,4858.4566,5029.2617
2020-03-26,4839.4782,4953.3483,4725.6081,4801.5215
2020-03-27,4943.8595,4981.8162,4763.5652,4848.9678
2020-03-30,4659.1842,4905.9027,4649.6951,4896.4136
2020-03-31,4962.8374,4962.8374,4754.0756,4801.5215
2020-04-01,4754.0759,4773.0542,4516.8465,4554.8032
2020-04-02,4488.3795,4682.9076,4478.8904,4616.4834
2020-04-03,4625.9733,4668.6746,4478.8910,4583.2720
2020-04-06,4526.3363,4801.5224,4493.1242,4792.0332
2020-04-07,4924.8809,5010.2834,4820.5000,4924.8809
2020-04-08,4924.8814,5209.5566,4915.3922,5209.5566
2020-04-09,5219.0460,5285.4702,5019.7733,5114.6650
2020-04-10,5114.6646,5143.1321,4943.8595,5010.2837
2020-04-13,5019.7726,5067.2185,4905.9025,4924.8809
2020-04-14,5010.2838,5275.9807,5010.2838,5247.5132
2020-04-15,5304.4479,5465.7638,5266.4912,5370.8721
2020-04-16,5238.0240,5475.2533,5228.5348,5465.7642
2020-04-17,5636.5694,5788.3962,5617.5911,5759.9287
2020-04-20,5759.9283,5949.7118,5740.9500,5883.2876
2020-04-21,5797.8853,5892.7771,5693.5044,5750.4395
2020-04-22,5655.5478,5826.3529,5551.1669,5816.8638
2020-04-23,5921.2433,5930.7325,5731.4599,5778.9058
2020-04-24,5712.4827,5826.3528,5655.5477,5693.5044
2020-04-27,5788.3963,5902.2664,5731.4613,5826.3530
2020-04-28,5883.2887,5968.6912,5835.8428,5949.7129
2020-04-30,6300.8110,6898.6289,6272.3435,6841.6938
2020-05-01,6689.8669,6946.0746,6651.9102,6765.7803
2020-05-07,6908.1185,7116.8804,6813.2268,7116.8804
2020-05-08,7211.7721,7392.0664,7183.3046,7278.1963
2020-05-11,7344.6205,7363.5988,6984.0319,7221.2612
2020-05-12,7325.6426,7496.4477,7259.2184,7382.5776
2020-05-13,7183.3050,7287.6859,6946.0756,7268.7075
2020-05-14,7126.3695,7249.7288,7050.4562,7116.8804
2020-05-15,7249.7281,7335.1307,7154.8364,7259.2173
2020-05-18,7116.8796,7202.2822,7031.4771,7145.3472
2020-05-19,7306.6641,7335.1316,7116.8806,7306.6641
2020-05-20,7354.1098,7838.0577,7344.6206,7790.6118
2020-05-21,7876.0144,7951.9278,7695.7201,7790.6118
2020-05-22,7733.6766,7961.4167,7705.2090,7932.9492
2020-05-25,8170.1787,8397.9188,8103.7544,8274.5596
2020-05-26,8359.9621,8616.1698,8312.5163,8606.6807
2020-05-27,8483.3200,8483.3200,8179.6665,8340.9824
2020-05-28,8416.8972,8426.3864,7790.6117,8113.2437
2020-05-29,7980.3953,8397.9189,7951.9278,8397.9189
2020-06-01,8473.8330,8853.4000,8435.8763,8692.0840
2020-06-02,8568.7245,8805.9539,8454.8544,8777.4863
2020-06-03,8957.7784,9014.7134,8635.1465,8853.3975
2020-06-04,8919.8238,8929.3130,8739.5295,8872.3779
2020-06-05,8843.9122,8976.7607,8796.4663,8967.2715
2020-06-08,9166.5439,9413.2625,9033.6955,9166.5439
2020-06-09,9081.1407,9081.1407,8682.5953,8862.8896
2020-06-10,8862.8887,9289.9015,8853.3995,9195.0098
2020-06-11,9299.3926,9432.2410,9138.0766,9185.5225
2020-06-12,8824.9317,9384.7929,8815.4425,9270.9229
2020-06-15,9270.9232,9384.7933,8872.3779,8872.3779
2020-06-16,9261.4343,9830.7847,9185.5209,9783.3389
2020-06-17,9887.7194,10181.8838,9821.2952,9963.6328
2020-06-18,9973.1219,10096.4812,9754.8709,9954.1436
2020-06-19,10086.9916,10153.4158,9783.3381,9802.3164
2020-06-22,9773.8480,9963.6314,9697.9346,9916.1855
2020-06-23,10030.0579,10049.0363,9697.9368,9840.2744
2020-06-24,9878.2289,10077.5015,9783.3371,9916.1855
2020-06-25,9878.2310,10011.0795,9821.2960,9944.6553
2020-06-26,9963.6316,10020.5666,9802.3156,9935.1641
2020-06-29,9875.2273,10417.5085,9875.2273,10217.7207
2020-06-30,10274.8040,10312.8589,9589.8171,9665.9268
2020-07-01,9723.0082,10122.5838,9713.4945,9894.2549
2020-07-02,9989.3928,9998.9066,9456.6252,9656.4131
2020-07-03,9513.7069,9818.1455,9332.9465,9818.1455
2020-07-06,9799.1195,10027.4485,9732.5235,9970.3662
2020-07-07,10141.6133,10655.3535,10084.5310,10655.3535
2020-07-08,10645.8381,10712.4340,10446.0502,10598.2695
2020-07-09,10693.4066,11026.3863,10541.1873,10864.6533
2020-07-10,10959.7901,11178.6053,10902.7078,10950.2764
2020-07-13,11064.4446,11073.9584,10655.3551,10988.3350
2020-07-14,10750.4891,10978.8181,10607.7835,10788.5439
2020-07-15,10617.2998,10655.3547,10293.8337,10360.4297
2020-07-16,9998.9072,10027.4484,9675.4412,9742.0371
2020-07-17,9523.2208,10008.4199,9485.1660,9751.5498
2020-07-20,9665.9274,9751.5508,9437.5985,9485.1670
2020-07-21,9742.0366,9903.7697,9570.7899,9865.7148
2020-07-22,9627.8727,9723.0098,9447.1123,9713.4961
2020-07-27,9351.9729,9390.0277,9114.1302,9285.3770
2020-07-28,9418.5707,9523.2215,9275.8651,9323.4336
2020-07-29,9199.7571,9371.0039,9047.5377,9133.1611
2020-07-30,9171.2145,9218.7830,8933.3718,9009.4814
2020-07-31,8895.3160,8999.9667,8647.9596,8752.6104
2020-08-03,8695.5286,8942.8850,8581.3641,8885.8027
2020-08-04,9047.5336,9076.0747,8600.3895,8647.9580
2020-08-05,8705.0430,8961.9131,8581.3648,8952.3994
2020-08-06,8533.7952,8790.6653,8200.8154,8724.0693
2020-08-07,8343.5216,8362.5491,7668.0484,7782.2129
2020-08-11,7496.8022,8153.2481,7430.2062,7896.3779
2020-08-12,7820.2667,8153.2464,7772.6982,8058.1094
2020-08-13,8276.9265,8619.4200,8276.9265,8600.3926
2020-08-14,8666.9886,8781.1532,8495.7419,8571.8516
2020-08-17,8505.2558,8590.8792,8229.3583,8267.4131
2020-08-18,8400.6030,8562.3360,8286.4385,8552.8223
2020-08-19,8581.3650,8600.3924,8391.0908,8400.6045
2020-08-20,8343.5221,8343.5221,7991.5149,8048.5972
2020-08-21,8001.0274,8238.8700,7982.0000,8124.7056
2020-08-24,7991.5145,8305.4669,7982.0008,8286.4395
2020-08-25,8362.5489,8391.0900,8077.1377,8086.6514
2020-08-26,8115.1929,8238.8711,7991.5147,8096.1655
2020-08-27,7924.9198,7962.9746,7458.7480,7715.6182
2020-08-28,7544.3704,7668.0486,7373.1237,7468.2607
2020-08-31,7610.9658,7744.1577,7544.3699,7610.9658
2020-09-01,7610.9661,7668.0484,7468.2605,7534.8564
2020-09-02,7677.5623,7687.0760,7525.3430,7591.9390
2020-09-03,7715.6169,7763.1855,7506.3153,7658.5347
2020-09-04,7373.1236,7572.9114,7277.9865,7363.6099
2020-09-07,7258.9588,7439.7192,7163.8217,7316.0410
2020-09-08,7392.1514,7639.5078,7182.8498,7629.9941
2020-09-09,7458.7476,7544.3710,7363.6105,7439.7202
2020-09-10,7563.3970,7639.5067,7401.6640,7411.1777
2020-09-11,7468.2607,7468.2607,7316.0414,7468.2607
2020-09-14,7468.2607,7515.8292,7335.0688,7477.7744
2020-09-15,7477.7748,7896.3780,7477.7748,7886.8643
2020-09-16,8077.1371,8533.7950,7991.5137,8505.2539
2020-09-17,8419.6316,8448.1727,8077.1381,8219.8438
2020-09-18,8086.6507,8124.7055,7896.3765,8010.5410
2020-09-23,8181.7871,8229.3557,8039.0816,8172.2734
2020-09-24,8067.6256,8172.2764,7953.4611,8039.0845
2020-09-25,8162.7597,8257.8968,8058.1090,8172.2734
2020-09-28,8267.4112,8267.4112,7886.8629,7991.5137
2020-09-29,8010.5402,8267.4103,7981.9991,8229.3555
2020-09-30,8248.3850,8362.5495,8153.2479,8191.3027
2020-10-02,8372.0620,8438.6580,8200.8153,8238.8701
2020-10-05,8267.4124,8295.9535,8077.1382,8191.3027
2020-10-06,8267.4126,8467.2005,8210.3304,8391.0908
2020-10-07,8314.9810,8457.6866,8267.4124,8438.6592
2020-10-08,8495.7413,9038.0226,8495.7413,8990.4541
2020-10-09,9066.5632,9133.1591,8724.0697,8885.8027
2020-10-12,9095.1051,9218.7833,9018.9954,9199.7559
2020-10-13,9285.3783,9351.9742,9076.0767,9190.2412
2020-10-14,9304.4066,9428.0849,9199.7559,9199.7559
2020-10-15,9028.5095,9247.3248,8961.9136,9085.5918
2020-10-16,8999.9675,9114.1320,8762.1248,8819.2070
2020-10-19,8771.6395,9066.5645,8771.6395,9057.0508
2020-10-20,9047.5354,9237.8096,8914.3435,8971.4258
2020-10-21,9009.4818,9028.5093,8828.7214,8904.8311
2020-10-22,8885.8023,8885.8023,8590.8774,8733.5830
2020-10-23,8619.4197,8647.9608,8267.4125,8419.6318
2020-10-26,8514.7674,8562.3359,8248.3836,8295.9521
2020-10-27,8077.1371,8248.3838,7953.4589,8248.3838
2020-10-28,8457.6870,8609.9064,8257.8991,8581.3652
2020-10-29,8524.2817,8714.5558,8486.2269,8666.9873
2020-10-30,8800.1805,8895.3175,8562.3377,8600.3926
2020-11-02,8866.7748,8866.7748,8219.8427,8505.2539
2020-11-04,8571.8502,8809.6929,8457.6857,8666.9873
2020-11-05,8800.1801,9228.2970,8800.1801,9199.7559
2020-11-06,9266.3504,9275.8641,8914.3433,9047.5352
2020-11-09,9190.2421,9513.7082,9142.6736,9466.1396
2020-11-10,9228.2954,9256.8365,8800.1786,8828.7197
2020-11-11,8724.0696,9199.7550,8552.8229,9171.2139
2020-11-12,9323.4337,9409.0570,9190.2418,9304.4062
2020-11-13,9285.3802,9361.4899,9123.6471,9209.2705
2020-11-16,9304.4070,9665.9279,9247.3247,9618.3594
2020-11-17,9694.4682,9770.5778,9437.5981,9589.8174
2020-11-18,9466.1403,9580.3048,9409.0581,9542.2500
2020-11-19,9447.1126,9466.1400,9209.2698,9380.5166
2020-11-20,9351.9753,9713.4962,9342.4615,9694.4688
2020-11-24,9884.7402,10036.9595,9827.6580,9884.7402
2020-11-25,9913.2831,9960.8516,9656.4130,9684.9541
2020-11-26,9751.5508,10027.4483,9742.0371,10008.4209
2020-11-27,9979.8792,10151.1260,9922.7970,10151.1260
2020-11-30,10322.3725,10522.1604,10322.3725,10465.0781
2020-12-01,10493.6200,10645.8394,10350.9144,10512.6475
2020-12-02,10550.7015,10560.2152,10284.3177,10465.0781
2020-12-03,10407.9956,10702.9205,10369.9407,10550.7012
2020-12-04,10522.1605,10541.1879,10198.6945,10427.0234
2020-12-07,10626.8120,10645.8394,10179.6677,10246.2637
2020-12-08,10284.3165,10579.2413,10179.6657,10541.1865
2020-12-09,10721.9483,11340.3393,10674.3798,11216.6611
2020-12-10,10950.2767,11169.0919,10845.6259,10864.6533
2020-12-11,10931.2483,11169.0909,10883.6797,11140.5498
2020-12-14,11207.1477,11321.3122,10864.6542,10883.6816
2020-12-15,11007.3612,11035.9024,10683.8951,10779.0322
2020-12-16,10902.7095,11083.4699,10750.4901,11035.9014
2020-12-17,11045.4123,11273.7412,11035.8986,11273.7412
2020-12-18,11226.1755,11464.0182,11102.4973,11292.7715
2020-12-21,11292.7717,11359.3676,11102.4975,11245.2031
2020-12-22,11112.0116,11302.2858,10845.6277,10893.1963
2020-12-23,11007.3601,11092.9835,10883.6819,11073.9561
2020-12-24,11026.3888,11035.9025,10893.1969,10997.8477
2020-12-25,11045.4145,11083.4693,10845.6266,10940.7637
2020-12-28,10959.7904,11235.6879,10931.2493,11121.5234
2020-12-29,11083.4051,11436.0156,10949.9850,11436.0156
2020-12-30,11359.7755,11626.6158,11254.9453,11540.8457
2021-01-04,11731.4466,12103.1171,11578.9664,12064.9971
2021-01-05,12227.0050,12674.9155,12141.2349,12551.0254
2021-01-06,12551.0254,12636.7955,12322.3051,12408.0752
2021-01-07,12560.5573,13094.2380,12446.1971,13084.7080
2021-01-08,13456.3774,13770.8678,13322.9573,13723.2178
2021-01-12,13742.2791,13904.2893,13504.0288,13770.8691
2021-01-13,13866.1695,14390.3202,13828.0495,14352.2002
2021-01-14,14676.2202,14952.5906,12646.3274,13656.5088
2021-01-15,14571.3895,14904.9400,13828.0485,14066.2988
2021-01-18,13656.5091,14152.0698,13446.8488,13990.0596
2021-01-19,14380.7902,14542.8005,14009.1197,14495.1504
2021-01-20,14714.3406,14819.1707,14247.3699,14418.9102
2021-01-21,14418.9086,14457.0287,13961.4680,14113.9482
2021-01-22,14209.2480,14476.0883,14056.7678,14457.0283
2021-01-25,14476.0904,14514.2104,14228.3100,14352.2002
2021-01-26,14485.6201,14857.2906,14256.8998,14342.6699
2021-01-27,14295.0200,14295.0200,13789.9293,13990.0596
2021-01-28,13418.2581,13980.5289,13389.6681,13751.8086
2021-01-29,13990.0608,14056.7709,13275.3098,13389.6699
2021-02-01,13342.0164,13799.4569,13256.2463,13618.3867
2021-02-02,13904.2883,13904.2883,12970.3470,13446.8477
2021-02-03,13456.3762,13475.4362,12855.9855,12932.2256
2021-02-04,12732.0968,12941.7571,12417.6064,12665.3867
2021-02-05,12789.2784,12798.8084,12246.0676,12398.5479
2021-02-08,12255.5964,12960.8173,12103.1162,12922.6973
2021-02-09,13141.8876,13313.4279,12798.8072,13246.7178
2021-02-10,13237.1867,13418.2569,13017.9964,13065.6465
2021-02-12,13351.5464,13894.7571,13256.2463,13618.3867
2021-02-15,13818.5204,14037.7107,13770.8703,13885.2305
2021-02-16,13818.5179,14009.1181,13618.3876,13723.2178
2021-02-17,13542.1484,13808.9887,13389.6682,13504.0283
2021-02-18,13351.5494,13570.7397,13151.4191,13227.6592
2021-02-19,12960.8167,13646.9776,12922.6967,13542.1475
2021-02-22,13761.3376,14037.7080,13732.7476,13894.7578
2021-02-24,13475.4382,13570.7383,12703.5072,12751.1572
2021-02-25,13256.2494,13380.1396,12979.8790,13056.1191
2021-02-26,12389.0178,12703.5082,12303.2477,12360.4277
2021-03-01,12732.0965,12970.3468,12684.4464,12760.6865
2021-03-02,13084.7067,13151.4168,12741.6263,12789.2764
2021-03-03,12732.0975,12808.3376,12408.0771,12655.8574
2021-03-04,12169.8258,12379.4861,12017.3456,12227.0059
2021-03-05,11864.8668,12064.9971,11455.0762,12064.9971
2021-03-08,12322.3063,12379.4864,11436.0152,11455.0752
2021-03-09,11035.7533,11359.7737,10740.3229,11226.3535
2021-03-10,11798.1567,11950.6369,11483.6663,11636.1465
2021-03-11,11531.3158,11607.5559,11121.5252,11436.0156
2021-03-12,11769.5652,12103.1156,11636.1450,12045.9355
2021-03-15,11826.7461,11998.2863,11578.9658,11969.6963
2021-03-16,12093.5852,12427.1356,12036.4051,12350.8955
2021-03-17,12408.0778,12665.3882,12284.1876,12360.4277
2021-03-18,12817.8687,13218.1293,12779.7487,13160.9492
2021-03-19,12674.9163,12798.8064,12465.2560,12684.4463
2021-03-22,12598.6781,12636.7982,12350.8978,12398.5479
2021-03-23,12684.4467,12922.6970,12379.4863,12379.4863
2021-03-24,12846.4597,13408.7306,12760.6896,13303.9004
2021-03-25,13037.0555,13151.4156,12446.1948,12817.8652
2021-03-26,12960.8162,13294.3667,12713.0359,13275.3066
2021-03-29,13713.6876,13847.1078,13561.2074,13646.9775
2021-03-30,13713.6902,13894.7605,13542.1500,13885.2305
2021-03-31,13847.1072,13980.5273,13751.8070,13837.5771
2021-04-01,14199.7192,14466.5596,14085.3591,14466.5596
2021-04-02,15057.4196,15343.3200,15047.8896,15295.6699
2021-04-05,15533.9204,15838.8808,15390.9702,15800.7607
2021-04-06,16029.4796,16048.5397,15514.8590,15714.9893
2021-04-07,15667.3416,16887.1833,15657.8116,16839.5332
2021-04-08,16458.3350,17011.0759,16229.6147,16963.4258
2021-04-09,17287.4401,17792.5307,17077.7799,17382.7402
2021-04-12,17154.0215,17363.6817,16972.9513,17154.0215
2021-04-13,16915.7733,16934.8333,16544.1028,16839.5332
2021-04-14,16915.7702,17420.8608,16915.7702,17401.8008
2021-04-15,16944.3612,17201.6715,16715.6409,17154.0215
2021-04-16,17535.2204,17601.9305,17249.3201,17382.7402
2021-04-19,17439.9240,18154.6749,17401.8039,18087.9648
2021-04-20,17821.1232,18135.6136,17706.7630,17897.3633
2021-04-21,17544.7510,17859.2414,17249.3207,17582.8711
2021-04-22,18068.9053,18783.6562,18011.7252,18783.6562
2021-04-23,18659.7628,19002.8432,18335.7424,18593.0527
2021-04-26,18755.0624,18878.9525,18564.4621,18678.8223
2021-04-27,18783.6566,18964.7269,18240.4458,18259.5059
2021-04-28,18202.3238,18907.5447,18135.6137,18650.2344
2021-04-30,18650.2352,18716.9453,18249.9747,18431.0449
2021-05-06,17582.8773,18421.5186,17506.6372,18278.5684
2021-05-07,18392.9262,18659.7666,18307.1561,18335.7461
2021-05-10,18535.8734,18659.7635,17897.3626,17906.8926
2021-05-11,17287.4416,17335.0916,16896.7111,16972.9512
2021-05-12,17182.6115,17478.0418,16401.1505,16582.2207
2021-05-13,15829.3520,16248.6725,15772.1719,15915.1221
2021-05-14,16582.2236,16849.0639,16153.3729,16830.0039
2021-05-17,17201.6766,17249.3266,16239.1451,16439.2754
2021-05-18,16467.8603,16896.7108,16277.2600,16820.4707
2021-05-19,16534.5735,17030.1342,16448.8034,17011.0742
2021-05-20,17068.2545,17458.9850,17058.7245,17268.3848
2021-05-21,17582.8731,17668.6432,16830.0021,16906.2422
2021-05-24,16715.6426,17115.9031,16696.5826,17001.5430
2021-05-25,17287.4438,17744.8844,17154.0236,17697.2344
2021-05-26,17849.7152,18078.4356,17678.1750,17792.5352
2021-05-27,17849.7149,18030.7852,17649.5846,18030.7852
2021-05-28,18249.9739,18716.9445,18087.9637,18545.4043
2021-05-31,18659.7667,19631.8281,18640.7067,19631.8281
2021-06-01,20003.4960,20194.0962,19317.3351,19927.2559
2021-06-02,19822.4235,20460.9343,19679.4734,20451.4043
2021-06-03,20680.1288,22109.6308,20632.4787,21928.5605
2021-06-04,21680.7789,22528.9500,21566.4187,22128.6895
2021-06-07,22767.2026,22805.3227,21261.4605,21709.3711
2021-06-08,21347.2284,21575.9487,19555.5860,19736.6562
2021-06-09,19460.2845,19488.8746,18421.5132,18974.2539
2021-06-10,19241.0965,20013.0276,19202.9765,19593.7070
2021-06-11,19908.1944,20165.5047,19088.6134,19269.6836
2021-06-14,19460.2849,19765.2452,19136.2644,19698.5352
2021-06-15,19889.1408,20394.2316,19612.7704,20327.5215
2021-06-16,20203.6262,20346.5764,19774.7757,20213.1562
2021-06-17,19946.3143,20670.5952,19803.3641,20651.5352
2021-06-18,20966.0267,21175.6869,20470.4660,20584.8262
2021-06-21,20108.3253,20527.6458,20041.6152,20432.3457
2021-06-22,20670.5983,21118.5089,20546.7081,20765.8984
2021-06-23,20946.9645,21318.6350,20584.8241,21290.0449
2021-06-24,21432.9975,21585.4777,21032.7370,21128.0371
2021-06-25,21347.2290,21919.0298,21185.2188,21757.0195
2021-06-28,21728.4297,21757.0197,21270.9891,21442.5293
2021-06-29,21829.0965,22163.1666,21237.3151,21342.3086
2021-06-30,21218.2206,21495.0215,20359.1833,20607.3496
2021-07-01,20607.3558,20798.2531,20053.7539,20664.6250
2021-07-02,20187.3763,20416.4529,19204.2558,19490.6016
2021-07-05,19452.4276,20139.6576,19232.8958,20044.2090
2021-07-06,20091.9313,20378.2772,19881.9444,20349.6426
2021-07-07,20111.0170,20740.9776,20082.3824,20607.3496
2021-07-08,20301.9158,20540.5373,20101.4738,20273.2812
2021-07-09,19958.3040,20807.7966,19929.6694,20760.0723
2021-07-12,20998.6909,21332.7610,20817.3386,21218.2227
2021-07-13,21094.1406,21151.4098,20177.8340,20187.3789
2021-07-14,20053.7509,20922.3331,19910.5780,20788.7051
2021-07-15,20616.8980,20998.6924,20311.4625,20855.5195
2021-07-16,20435.5449,20922.3327,19958.3019,20731.4355
2021-07-19,20368.7319,20674.1674,20158.7449,20282.8281
2021-07-20,20225.5595,21409.1222,20206.4698,20979.6035
2021-07-21,21227.7689,21323.2175,19862.8539,20225.5586
2021-07-26,20616.8972,21094.1402,20426.0000,20731.4355
2021-07-27,20721.8904,21304.1269,20349.6409,21294.5820
2021-07-28,21027.3275,21075.0518,20196.9246,20321.0078
2021-07-29,20616.8952,20635.9849,20025.1139,20120.5625
2021-07-30,20053.7526,20244.6498,19376.0674,19538.3301
2021-08-02,19776.9517,20177.8358,19586.0544,19853.3105
2021-08-03,19805.5847,20368.7314,19767.4052,20216.0137
2021-08-04,20168.2905,20511.9055,19967.8485,20397.3672
2021-08-05,20502.3605,20989.1484,20435.5465,20989.1484
2021-08-06,20970.0565,21084.5949,20445.0893,20655.0762
2021-08-10,19872.3986,20616.8976,18937.0023,20492.8145
2021-08-11,20158.7444,20206.4687,19242.4378,19290.1621
2021-08-12,18975.1821,19738.7709,18822.4643,19347.4316
2021-08-13,19089.7213,19614.6886,19089.7213,19481.0605
2021-08-16,19643.3225,19872.3992,19003.8169,19080.1758
2021-08-17,19366.5187,19376.0636,18641.1094,18650.6543
2021-08-18,18431.1253,19204.2590,18392.9459,19089.7207
2021-08-19,18860.6443,18984.7275,18526.5742,18526.5742
2021-08-20,18698.3801,18946.5464,18182.9577,18278.4062
2021-08-23,18478.8498,18688.8367,18335.6769,18507.4844
2021-08-24,18889.2770,19757.8592,18860.6424,19729.2246
2021-08-25,19767.4047,20091.9300,19500.1487,19834.2188
2021-08-26,20187.3797,20693.2573,19958.3031,20616.8984
2021-08-27,20445.0915,21046.4177,20311.4635,21008.2383
2021-08-30,21380.4854,21848.1835,21323.2162,21829.0938
2021-08-31,21953.1785,23060.3823,21914.9990,22974.4785
2021-09-01,23174.9189,23843.0590,22373.1507,22716.7656
2021-09-02,23174.9206,23604.4393,22917.2093,23575.8047
2021-09-03,24033.9546,25732.9395,23919.4163,25446.5938
2021-09-06,26401.0851,26725.6104,25503.8682,26267.4570
2021-09-07,26439.2651,26706.5212,25885.6632,26362.9062
2021-09-08,26362.9048,28300.5115,26257.9114,28271.8770
2021-09-09,27794.6356,28042.8020,26639.7074,26696.9766
2021-09-10,27174.2135,27307.8415,26152.9136,26964.2266
2021-09-13,27269.6639,27279.2087,26343.8125,26639.7031
2021-09-14,26754.2429,27155.1270,26611.0700,26859.2363
2021-09-15,26725.6093,27756.4542,26725.6093,27622.8262
2021-09-16,27956.8958,28262.3313,26649.2499,26935.5957
2021-09-17,26945.1404,27823.2676,26945.1404,27517.8320
2021-09-21,26563.3479,27441.4751,26544.2582,27212.3984
2021-09-22,27384.2037,27489.1972,26868.7812,26868.7812
2021-09-24,27613.2813,27632.3710,26897.4168,27011.9551
2021-09-27,27050.1323,27241.0295,26162.4604,26372.4473
2021-09-28,26248.3645,26248.3645,25074.3468,25542.0449
2021-09-29,24587.5613,25437.0540,24539.8370,25322.5156
2021-09-30,24997.9865,24997.9865,23967.1417,24425.2949
2021-10-01,24434.8420,25370.2383,24110.3167,24158.0410
2021-10-04,24587.5594,24797.5463,22840.8500,22907.6641
2021-10-05,22191.8041,22783.5855,21399.5805,22401.7910
2021-10-06,23098.5632,23222.6464,21829.0967,21981.8145
2021-10-07,22449.5106,22993.5677,22172.7097,22583.1387
2021-10-08,23318.0919,23718.9760,22926.7527,23041.2910
2021-10-11,22354.0627,22745.4020,21857.7300,22392.2422
2021-10-12,22430.4222,22840.8512,22096.3521,22172.7109
2021-10-13,22344.5145,22840.8472,22163.1622,22764.4883
2021-10-14,23308.5517,23327.6415,22592.6871,22840.8535
2021-10-15,23432.6314,25122.0716,23174.9201,25017.0781
2021-10-18,25007.5338,25227.0656,24253.4898,24492.1113
2021-10-19,24845.2729,25828.3936,24683.0102,25675.6758
2021-10-20,26047.9227,26152.9162,25484.7760,25580.2246
2021-10-21,24625.7405,24892.9966,23718.9787,23747.6133
2021-10-22,24406.2066,25188.8851,24081.6813,24635.2832
2021-10-25,23823.9713,24138.9517,23423.0872,23919.4199
2021-10-26,24348.9403,24568.4721,23833.5178,23862.1523
2021-10-27,23862.1496,24091.2262,23318.0926,23738.0664
2021-10-28,24091.2236,24463.4731,23814.4227,24234.3965
2021-10-29,24320.3039,24415.7525,23647.3912,23890.7852
2021-11-01,23480.3557,25651.8114,23313.3207,25480.0039
2021-11-02,25360.6937,25833.1643,25064.8030,25260.4727
2021-11-04,25771.1256,26897.4192,25627.9527,26329.5000
2021-11-05,26954.6810,27174.2128,26391.5343,26563.3418
2021-11-08,26835.3710,26978.5439,26181.5481,26224.5000
2021-11-09,26377.2210,26782.8776,26162.4617,26277.0000
2021-11-10,26133.8260,26191.0951,25179.3400,25355.9199
2021-11-11,24878.6776,26186.3234,24778.4566,26062.2402
2021-11-12,26439.2646,27193.3086,26028.8356,27193.3086
2021-11-15,27584.6454,28663.2146,27579.8730,28625.0352
2021-11-16,28548.6778,29665.4264,28004.6207,29464.9844
2021-11-17,30028.1333,31297.5999,30018.5885,31030.3438
2021-11-18,30724.9036,31192.6017,29856.3213,30610.3652
2021-11-19,31383.5022,31784.3863,30209.4843,30505.3750
2021-11-22,30314.4795,31049.4338,29989.9542,30161.7617
2021-11-24,29312.2667,29741.7854,29025.9208,29169.0938
2021-11-25,29779.9636,29970.8608,28372.0967,28978.1953
2021-11-26,28730.0304,28844.5688,27136.0387,27689.6406
2021-11-29,27622.8240,29226.3604,27159.8983,28787.2969
2021-11-30,29732.2363,29779.9606,28391.1836,28391.1836
2021-12-01,28543.9027,29150.0013,27823.2658,29054.5527
2021-12-02,28586.8578,28978.1971,28195.5185,28644.1270
2021-12-03,28429.3659,28634.5804,27727.8187,28228.9238
2021-12-06,27966.4413,28033.2553,27183.7627,27493.9707
2021-12-07,27837.5878,28586.8594,27441.4760,28586.8594
2021-12-08,29398.1689,29837.2324,28930.4707,29235.9062
2021-12-09,28892.2922,29779.9642,28835.0231,29684.5156
2021-12-10,29159.5507,29522.2555,28720.4871,28844.5703
2021-12-13,29264.5418,29751.3296,28978.1960,29684.5156
2021-12-14,29045.0098,29369.5350,28415.0490,28591.6289
2021-12-15,28310.0551,29140.4579,28252.7859,28978.1953
2021-12-16,29779.9624,30686.7241,29589.0652,30610.3652
2021-12-17,29589.0704,30266.7556,29589.0704,29913.5957
2021-12-20,29846.7788,30085.4003,28787.2993,28854.1133
2021-12-21,29522.2490,30400.3760,29254.9929,30257.2031
2021-12-22,30543.5507,30591.2750,29942.2245,30524.4609
2021-12-23,30782.1780,31469.4080,30639.0051,31440.7734
2021-12-24,31889.3763,32738.8688,31860.7417,32681.5996
2021-12-27,33407.0033,33597.9004,32194.8063,32729.3184
2021-12-28,33397.4653,34046.5158,33015.6709,33769.7148
2021-12-29,33446.8074,34020.0174,33064.6673,33656.9844
2021-12-30,33379.9283,33934.0313,33284.3933,33714.3008
2022-01-04,34172.8749,34478.5870,32367.2631,32787.6172
2022-01-05,32004.2303,32873.5989,31736.7322,31860.9277
2022-01-06,30599.8625,31841.8175,30542.5415,31316.3750
2022-01-07,31860.9245,31860.9245,30399.2389,30781.3789
2022-01-11,30523.4333,30647.6288,29243.2642,29357.9062
2022-01-12,30093.5263,30494.7734,29482.1023,29959.7773
2022-01-13,30064.8650,30437.4515,29099.9615,29434.3340
2022-01-14,28775.1440,29138.1770,28163.7199,28660.5020
2022-01-17,28822.9157,28947.1113,27905.7795,28206.7148
2022-01-18,28445.5481,29931.1175,28149.3896,28880.2324
2022-01-19,27800.6869,27991.7570,26730.6949,26821.4531
2022-01-20,26291.2318,27093.7258,25889.9848,26773.6836
2022-01-21,25756.2392,26014.1837,25097.0476,25574.7227
2022-01-24,24944.1917,26124.0491,24815.2194,25889.9883
2022-01-25,26310.3409,26568.2854,24671.9155,24872.5391
2022-01-26,24953.7443,25493.5171,24394.8645,25316.7773
2022-01-27,25617.7131,25651.1503,23133.8028,23291.4355
2022-01-28,23320.0957,23625.8078,21495.3771,22832.8672
2022-01-31,23215.0080,24562.0516,22527.1559,23955.4043
2022-02-01,25507.8461,25531.7299,21982.6045,22226.2188
2022-02-02,22269.2118,23343.9807,21934.8392,22952.2871
2022-02-03,22269.2122,22751.6641,21094.1315,21681.6719
2022-02-04,21203.9949,22245.3265,21156.2274,22059.0332
2022-02-07,21953.9452,22044.7035,20783.6414,21261.3164
2022-02-08,21438.0545,22168.8973,21089.3518,21452.3848
2022-02-09,21930.0602,22102.0232,21332.9664,22068.5859
2022-02-10,22546.2585,23191.1198,21595.6854,21829.7461
2022-02-14,20874.3976,21132.3421,20554.3553,21055.9141
2022-02-15,21151.4535,21509.7098,20568.6899,21012.9277
2022-02-16,21844.0785,21853.6320,21051.1379,21328.1895
2022-02-17,21328.1939,21476.2732,20764.5373,21017.7051
2022-02-18,20540.0259,20692.8819,19919.0484,20497.0352
2022-02-21,19680.2084,20353.7301,19298.0684,20224.7578
2022-02-22,19522.5805,20067.1301,19326.7337,19541.6875
2022-02-24,19317.1817,19498.6982,18495.5805,18624.5527
2022-02-25,19379.2757,19966.8160,18872.9402,19947.7090
2022-02-28,19565.5720,20153.1123,19278.9669,19909.4980
2022-03-01,20224.7626,20325.0744,19656.3293,20043.2461
2022-03-02,19584.6819,19952.4918,19345.8443,19460.4863
2022-03-03,19766.1934,19976.3704,19527.3559,19656.3281
2022-03-04,19350.6185,19455.7070,18371.3846,18495.5801
2022-03-07,17482.9063,17650.0926,16756.8403,16775.9473
2022-03-08,16140.6420,17310.9460,15858.8136,16670.8613
2022-03-09,16933.5806,17095.9901,16427.2450,16623.0918
2022-03-10,17392.1504,17640.5415,17115.0989,17549.7832
2022-03-11,17100.7639,17105.5406,15696.3995,15963.8975
2022-03-14,15978.2296,16479.7884,15619.9733,15916.1318
2022-03-15,15639.0778,16747.2837,15619.9708,16374.6973
2022-03-16,16919.2503,17033.8923,16360.3705,16623.0918
2022-03-17,17693.0801,18557.6717,17454.2426,18242.4062
2022-03-18,18027.4563,18486.0243,17908.0375,18304.5078
2022-03-22,18533.7923,18572.0063,17884.1542,17946.2520
2022-03-23,18256.7408,19799.6312,18237.6338,19770.9707
2022-03-24,19278.9656,19651.5521,18839.5045,19646.7754
2022-03-25,20602.1224,20645.1132,19455.7024,19622.8887
2022-03-28,19369.7238,19646.7753,18911.1557,19064.0117
2022-03-29,19393.6054,20005.0294,19384.0519,19613.3359
2022-03-30,20091.0111,20473.1511,19842.6201,20196.0996
2022-03-31,19833.0674,20153.1097,19546.4624,19856.9512
2022-04-01,19565.5711,19737.5341,19164.3241,19713.6504
2022-04-04,19441.3757,19938.1578,19350.6174,19919.0508
2022-04-05,20348.9572,20559.1342,19680.2121,19689.7656
2022-04-06,19149.9919,19207.3129,18700.9774,18958.9219
2022-04-07,18151.6501,18290.1759,17697.8589,17740.8496
2022-04-08,18027.4561,18080.0004,17554.5578,17831.6094
2022-04-11,17521.1188,17721.7423,17186.7463,17330.0488
2022-04-12,17005.2284,17310.9403,16833.2654,16909.6934
2022-04-13,17158.0889,17893.7086,17062.5539,17874.6016
2022-04-14,18151.6535,18228.0815,17716.9691,18113.4395
2022-04-15,17492.4594,17592.7712,17177.1939,17401.7012
2022-04-18,17148.5340,17597.5486,17072.1060,17564.1113
2022-04-19,17946.2531,18548.1237,17845.9414,18490.8027
2022-04-20,18786.9596,18825.1736,17220.1854,17282.2832
2022-04-21,17578.4403,18500.3531,17497.2356,18371.3809
2022-04-22,17673.9752,17860.2685,17277.5050,17459.0215
2022-04-25,17019.5625,17301.3908,16857.1529,17129.4277
2022-04-26,17511.5646,17530.6716,17072.1036,17229.7363
2022-04-27,16661.3079,16818.9407,16260.0608,16608.7637
2022-04-28,16465.4612,17048.2248,16331.7122,16924.0293
2022-05-02,16541.8861,17650.0922,16541.8861,17511.5664
2022-05-06,17420.8089,17482.9066,16432.0215,16589.6543
2022-05-09,16823.7174,17095.9922,16465.4611,16718.6289
2022-05-10,16336.4870,16537.1105,15619.9744,16365.1475
2022-05-11,16422.4684,17382.5952,16365.1473,17315.7207
2022-05-12,16565.7694,16704.2951,15715.5079,15739.3916
2022-05-13,16121.5297,16331.7067,15863.5852,16250.5020
2022-05-16,16766.3923,17320.4953,16603.9828,16732.9551
2022-05-17,16728.1790,16928.8025,16336.4855,16785.5000
2022-05-18,17196.3020,17745.6283,16981.3482,17095.9902
2022-05-19,16255.2846,16756.8434,16116.7588,16675.6387
2022-05-20,16947.9099,17196.3010,16546.6629,17181.9707
2022-05-23,17344.3825,17368.2663,16847.6004,16995.6797
2022-05-24,16885.8108,17076.8808,16298.2705,16322.1543
2022-05-25,16427.2438,16680.4116,16059.4340,16455.9043
2022-05-26,16336.4873,16838.0461,16159.7475,16178.8545
2022-05-27,16623.0902,17000.4535,16498.8947,16861.9277
2022-05-30,17244.0701,17807.7267,16967.0186,17793.3965
2022-05-31,17750.4085,18237.6371,17497.2406,17941.4785
2022-06-01,17802.9471,18056.1149,17587.9934,17707.4121
2022-06-02,17516.3428,17654.8685,17201.0773,17272.7285
2022-06-03,17654.8693,17965.3581,17353.9340,17373.0410
2022-06-06,17053.0001,17583.2194,17038.6699,17525.8984
2022-06-07,17516.3425,17540.2262,16842.8207,16861.9277
2022-06-08,17057.7731,17272.7268,16928.8008,17196.2988
2022-06-09,17010.0092,17540.2285,16795.0554,17430.3633
2022-06-10,17172.4205,17181.9740,16484.5683,16594.4336
2022-06-13,15983.0075,16408.1383,15873.1423,16059.4355
2022-06-14,15677.2941,16551.4394,15581.7591,16503.6719
2022-06-15,16479.7879,16737.7324,16135.8618,16336.4854
2022-06-16,16737.7351,16938.3586,16102.4272,16145.4180
2022-06-17,15519.6614,15605.6429,14702.8371,14822.2559
2022-06-20,15046.7645,15065.8715,13804.8093,14172.6191
2022-06-21,14411.4562,14798.3730,14105.7442,14664.6240
2022-06-22,14855.6957,14889.1330,14296.8159,14473.5557
2022-06-23,14416.2336,14827.0342,14249.0473,14559.5361
2022-06-24,14373.2414,15486.2242,14373.2414,15467.1172
2022-06-27,15715.5089,16111.9792,15342.9224,16054.6582
2022-06-28,15768.0532,16212.2910,15725.0625,16212.2910
2022-06-29,15823.8867,16092.4133,15584.1309,16063.6426
2022-06-30,15857.4535,15977.3315,15454.6637,15488.2295
2022-07-01,15339.5799,15670.4430,14663.4684,14888.8389
2022-07-04,14721.0094,15248.4723,14548.3852,15186.1357
2022-07-05,15306.0135,15804.7057,15238.8818,15550.5645
2022-07-06,15684.8285,16034.8721,15488.2287,15891.0186
2022-07-07,16030.0783,16346.5561,15814.2980,16289.0146
2022-07-08,16543.1531,17089.7965,16336.9631,16763.7285
2022-07-11,17022.6636,17046.6391,16082.8207,16193.1084
2022-07-12,15962.9471,16183.5225,15651.2644,15775.9375
2022-07-13,15857.4531,15953.3555,15507.4096,15617.6973
2022-07-14,15449.8672,16653.4416,15382.7356,16456.8418
2022-07-15,16610.2879,16806.8877,15986.9226,16447.2539
2022-07-19,16533.5652,16974.7160,16380.1215,16706.1895
2022-07-20,17262.4226,17914.5586,17180.9056,17578.9004
2022-07-21,17761.1139,17962.5088,17276.8070,17650.8262
2022-07-22,17770.7051,17876.1977,17459.0224,17722.7539
2022-07-25,17516.5633,17650.8266,17291.1928,17305.5781
2022-07-26,17118.5670,17401.4789,17008.2793,17343.9375
2022-07-27,17377.5056,18298.1682,17358.3251,18293.3730
2022-07-28,18840.0146,18979.0730,17996.0740,18384.4785
2022-07-29,18542.7168,18811.2433,18274.1903,18542.7168
2022-08-01,18106.3631,18168.6996,17646.0318,18015.2559
2022-08-02,18029.6400,18091.9766,17722.7525,17852.2207
2022-08-03,18020.0490,18509.1510,17900.1711,18350.9121
2022-08-04,18614.6465,18983.8705,18552.3100,18662.5977
2022-08-05,18605.0553,19247.6010,18590.6699,18878.3770
2022-08-08,19468.1776,20666.9570,19295.5534,20666.9570
2022-08-09,20666.9551,21251.9594,20249.7799,20810.8086
2022-08-10,20158.6689,20542.2782,19664.7720,20086.7422
2022-08-12,20647.7714,20719.6982,20158.6696,20408.0156
2022-08-15,20710.1086,20978.6351,20475.1479,20537.4844
2022-08-16,20499.1268,20657.3656,20235.3953,20264.1660
2022-08-17,20307.3219,20417.6096,19832.6053,20221.0098
2022-08-18,19880.5559,20494.3309,19636.0049,20427.1992
2022-08-19,20642.9770,20844.3719,19612.0270,19717.5195
2022-08-22,19276.3711,19846.9900,19228.4199,19707.9316
2022-08-23,19439.4043,19928.5062,19429.8141,19727.1113
2022-08-24,19727.1119,19775.0631,19137.3125,19137.3125
2022-08-25,19242.8088,19309.9404,18859.1993,19238.0137
2022-08-26,19511.3295,19674.3634,19338.7053,19381.8613
2022-08-29,18221.4465,18729.7289,18221.4465,18288.5781
2022-08-30,18427.6354,18700.9570,18130.3381,18700.9570
2022-08-31,18504.3570,18739.3178,18394.0693,18609.8496
2022-09-01,18360.5041,18465.9967,17991.2801,18020.0508
2022-09-02,18024.8467,18144.7246,17593.2861,17617.2617
2022-09-05,17550.1289,17948.1236,17243.2414,17885.7871
2022-09-06,17924.1482,18571.4891,17804.2703,18072.7969
2022-09-07,17866.6066,17933.7383,17463.8168,17789.8848
2022-09-08,18173.4939,18235.8305,17914.5576,18178.2891
2022-09-09,18398.8643,18672.1859,18000.8695,18183.0840
2022-09-12,18552.3094,18653.0069,18240.6268,18245.4219
2022-09-13,18317.3479,18494.7672,18111.1578,18360.5039
2022-09-14,17626.8527,18168.7010,17521.3601,17981.6914
2022-09-15,17895.3801,18020.0532,17564.5170,17626.8535
2022-09-16,17382.2992,17435.0455,16763.7291,16797.2949
2022-09-20,16926.7623,17085.0011,16643.8504,16768.5234
2022-09-21,16634.2611,16653.4416,16341.7590,16408.8906
2022-09-22,16178.7233,16504.7912,16006.0991,16404.0938
2022-09-26,16082.8228,16327.3738,15900.6084,15924.5840
2022-09-27,16111.5931,16116.3883,15512.2035,15574.5400
2022-09-28,15617.6963,15684.8279,14884.0434,15042.2822
2022-09-29,15229.2928,15267.6537,14658.6738,14754.5762
2022-09-30,14533.9994,14553.1799,13963.3805,14092.8486
2022-10-03,13853.0928,14898.4283,13733.2149,14548.3848
2022-10-04,15056.6674,15099.8234,14605.9264,14951.1748
2022-10-05,15152.5711,15272.4490,14735.3959,14965.5615
2022-10-06,15200.5211,15929.3789,15066.2578,15785.5254
2022-10-07,15517.0011,16610.2879,15488.2304,16375.3271
2022-10-11,15852.6586,17070.6184,15804.7074,16346.5557
2022-10-12,16092.4135,16490.4082,15325.1947,15747.1650
2022-10-13,15742.3701,16010.8967,15526.5898,15886.2236
2022-10-14,16303.3963,16581.5130,16001.3039,16236.2646
2022-10-17,15914.9922,16241.0602,15775.9338,16226.6748
2022-10-18,16447.2531,17041.8477,16356.1459,17041.8477
2022-10-19,16926.7652,17358.3258,16792.5019,17272.0137
2022-10-20,17339.1445,17895.3781,17128.1593,17818.6562
2022-10-21,18029.6395,18902.3508,18000.8688,18633.8242
2022-10-24,18892.7608,19290.7555,18729.7268,19204.4434
2022-10-25,19233.2148,20062.7701,18993.4590,19425.0195
2022-10-26,19180.4678,19808.6281,19137.3117,19204.4434
2022-10-27,19175.6763,19755.8855,19132.5202,19736.7051
2022-10-28,19564.0791,19837.4008,19333.9135,19731.9082
2022-10-31,20206.6261,20532.6942,19866.1728,20417.6113
2022-11-01,19736.7029,20762.8580,19664.7761,20508.7168
2022-11-02,20494.3328,20633.3912,19775.0652,20379.2500
2022-11-04,19899.7383,20436.7914,19760.6799,20091.5430
2022-11-07,20316.9100,20681.3389,20048.3834,20657.3633
2022-11-08,20849.1662,22268.5207,20825.1907,22239.7500
2022-11-09,22819.9615,23294.6781,21789.0114,22421.9668
2022-11-10,22230.1614,23102.8726,22038.3567,22489.0977
2022-11-11,24512.6387,26445.0709,24085.8733,26095.0273
2022-11-14,27125.9795,27145.1600,26042.2830,26286.8340
2022-11-15,26373.1434,28013.0734,26229.2899,27792.4980
2022-11-16,28003.4850,28430.2504,25903.2236,27653.4414
2022-11-17,26694.4174,26876.6318,25203.1359,25318.2188
2022-11-18,25605.9266,25735.3948,23337.8361,23908.4551
2022-11-21,23908.4549,24527.0250,23649.5185,24105.0547
2022-11-22,23927.6359,24833.9131,23687.8800,24330.4258
2022-11-24,25088.0525,26037.4857,25088.0525,25476.4570
2022-11-25,25222.3168,25749.7797,24939.4049,25548.3848
2022-11-28,25313.4274,25323.0176,24589.3646,24891.4570
2022-11-29,24536.6158,24848.2985,24095.4650,24186.5723
2022-11-30,23783.7818,24172.1863,23534.4357,24105.0547
2022-12-01,25855.2699,25874.4504,25006.5342,25366.1680
2022-12-02,25227.1129,25888.8391,25136.0056,25620.3125
2022-12-05,25505.2258,26282.0347,25452.4795,25860.0645
2022-12-06,25797.7265,26641.6670,25553.1755,26521.7891
2022-12-07,26296.4235,26636.8768,25203.1367,25203.1367
2022-12-08,25183.9583,25375.7630,24105.0568,24723.6270
2022-12-09,25390.1482,26056.6695,24972.9729,26018.3086
2022-12-12,25605.9234,25740.1866,24752.3926,24848.2949
2022-12-13,25327.8064,25692.2353,24891.4508,25236.6992
2022-12-14,25663.4651,26162.1572,25260.6753,26090.2305
2022-12-15,25922.4061,25984.7426,25399.7383,25543.5918
2022-12-16,24411.9376,24690.0544,23884.4748,24023.5332
2022-12-19,23544.0228,23889.2712,23030.9453,23030.9453
2022-12-20,22690.4913,23438.5295,21851.3460,22278.1113
2022-12-21,22364.4291,22867.9165,21980.8197,22234.9609
2022-12-22,22642.5438,22733.6510,21942.4566,21999.9980
2022-12-23,21290.3215,21328.6824,20619.0051,20973.8438
2022-12-26,20686.1370,21836.9652,20686.1370,21731.4727
2022-12-27,21952.0473,22244.5494,21678.7256,22038.3594
2022-12-28,21558.8453,21602.0014,20983.4313,21376.6309
2022-12-29,20897.9213,21686.1593,20883.5023,21642.9023
2022-12-30,22017.7970,22186.0186,20859.4715,20902.7285
2023-01-04,20566.2856,20811.4084,20162.5538,20330.7754
2023-01-05,20811.4085,21205.5276,20503.8034,20816.2148
2023-01-06,20484.5742,21263.1995,20330.7716,21176.6855
2023-01-10,22080.2818,22243.6970,21580.4234,22118.7324
2023-01-11,22508.0430,23084.8026,22397.4974,23022.3203
2023-01-12,23551.0143,23714.4295,23195.3459,23349.1484
2023-01-13,23094.4150,24704.5356,23079.9961,24680.5039
2023-01-16,24512.2819,24992.9148,24223.9021,24521.8945
2023-01-17,24608.4078,25651.3814,24565.1509,25266.8750
2023-01-18,25483.1614,25728.2843,24488.2511,25170.7500
2023-01-19,24920.8207,24935.2397,24252.7409,24473.8320
2023-01-20,23973.9713,24550.7308,23853.8131,24315.2207
2023-01-23,24877.5652,25367.8109,24800.6639,24949.6602
2023-01-24,25838.8285,25954.1804,24968.8828,24968.8828
2023-01-25,24762.2104,25473.5472,24704.5345,25358.1953
2023-01-26,25415.8722,25641.7697,24920.8203,25252.4570
2023-01-27,25382.2275,25463.9351,24714.1476,24973.6895
2023-01-30,24973.6900,25276.4888,24733.3735,25103.4609
2023-01-31,25040.9754,25295.7109,24425.7653,24541.1172
2023-02-01,23099.2207,23257.8296,21157.4635,21167.0762
2023-02-02,21782.2871,22085.0859,21090.1756,21993.7656
2023-02-03,22253.3064,22589.7494,21873.6063,22128.3418
2023-02-06,22214.8562,22407.1094,21787.0928,21984.1523
2023-02-07,21964.9290,22248.5025,21690.9682,21772.6758
2023-02-08,22003.3787,22421.5294,21902.4458,22272.5332
2023-02-09,21878.4140,22214.8571,21633.2912,22210.0508
2023-02-10,21984.1510,22310.9814,21710.1902,21902.4434
2023-02-13,21671.7416,21835.1568,21277.6226,21541.9707
2023-02-14,21945.7009,22363.8516,21825.5427,22032.2148
2023-02-15,22253.3041,22522.4585,21590.0307,21791.8965
2023-02-16,22061.0541,22166.7934,21695.7730,22142.7617
2023-02-17,21724.6113,21753.4493,21397.7809,21421.8125
2023-02-20,21436.2288,21705.3832,21128.6237,21681.3516
2023-02-21,21585.2255,21623.6761,21171.8811,21296.8457
2023-02-22,20763.3446,21070.9497,20542.2534,21018.0801
2023-02-24,21397.7798,21916.8634,21330.4911,21888.0254
2023-02-27,21421.8114,21623.6773,21311.2658,21344.9102
2023-02-28,21561.1955,21763.0613,21243.9777,21292.0410
2023-03-01,21335.2982,21335.2982,20330.7752,21022.8867
2023-03-02,20878.6978,20945.9864,20398.0648,20614.3496
2023-03-03,20926.7592,21253.5896,20590.3161,21219.9453
2023-03-06,21469.8748,21815.9306,21268.0090,21527.5508
2023-03-07,21258.3954,21325.6840,20753.7308,20758.5371
2023-03-08,20282.7112,21042.1113,20244.2606,20950.7910
2023-03-09,21263.2015,21513.1306,21075.7547,21147.8496
2023-03-10,20796.9862,20849.8558,20374.0292,20402.8672
2023-03-13,20186.5849,20643.1863,20100.0710,20623.9609
2023-03-14,20359.6125,20830.6328,20311.5492,20619.1543
2023-03-15,20912.3420,21080.5635,20604.7369,20643.1875
2023-03-16,20359.6104,21407.3902,20349.9977,21008.4648
2023-03-17,21359.3292,21979.3457,21320.8785,21979.3457
2023-03-20,22301.3697,22368.6584,20604.7354,20710.4746
2023-03-22,20960.4017,21676.5447,20883.5004,21070.9473
2023-03-23,20907.5368,21123.8216,20364.4215,21114.2090
2023-03-24,21335.2969,21479.4868,20869.0829,21215.1387
2023-03-27,21094.9815,21162.2701,20729.7004,21080.5625
2023-03-28,20917.1445,20965.2078,20523.0255,20585.5078
2023-03-29,20571.0910,21465.0684,20474.9644,21465.0684
2023-03-30,21820.7376,22224.4693,21604.4527,22051.4414
2023-03-31,22392.6905,22777.1969,22210.0499,22378.2715
2023-04-03,22733.9396,22753.1649,21791.8990,21830.3496
2023-04-04,21820.7366,22195.6303,21686.1594,21734.2227
2023-04-05,21585.2257,21888.0245,21436.2295,21753.4473
2023-04-06,21474.6794,21474.6794,20547.0579,20686.4414
2023-04-07,20729.6986,20984.4341,20455.7378,20720.0859
2023-04-10,20907.5344,20936.3724,20494.1900,20835.4395
2023-04-11,21061.3391,21426.6202,20912.3428,21200.7227
2023-04-12,20801.7944,21195.9134,20686.4425,21186.3008
2023-04-13,20859.4712,21061.3371,20753.7320,20897.9219
2023-04-14,21147.8495,21195.9128,20724.8925,20965.2090
2023-04-17,21022.8869,21128.6262,20724.8945,20845.0527
2023-04-18,20710.4754,20825.8273,20186.5854,20239.4551
2023-04-19,20316.3556,20441.3202,19773.2403,20167.3594
2023-04-20,19739.5974,20032.7836,19532.9252,19917.4316
2023-04-21,19912.6258,20345.1955,19787.6612,19984.7207
2023-04-24,19782.8533,19898.2052,19532.9241,19537.7305
2023-04-25,19576.1800,19802.0775,19311.8319,19369.5078
2023-04-26,19004.2251,19100.3516,18432.2719,18739.8770
2023-04-27,18629.3338,18706.2351,18191.9578,18264.0527
2023-04-28,18446.6910,18451.4973,17668.0657,17687.2910
2023-05-01,18273.6667,18331.3427,17091.3095,17105.7285
2023-05-02,16807.7344,17658.4547,16807.7344,17562.3281
2023-05-08,17471.0098,17528.6857,16995.1831,17259.5312
2023-05-09,17490.2363,17860.3237,17336.4337,17610.3945
2023-05-10,17398.9123,17514.2642,17072.0819,17129.7578
2023-05-11,17312.3992,17480.6208,17091.3081,17264.3359
2023-05-12,17110.5354,17706.5203,16995.1835,17658.4570
2023-05-15,17730.5501,17744.9691,17408.5260,17629.6172
2023-05-16,17975.6733,18374.5987,17932.4163,18360.1797
2023-05-17,18648.5583,19234.9305,18456.3051,18975.3887
2023-05-18,19705.9505,20287.5164,19542.5353,19696.3379
2023-05-19,20176.9719,20253.8732,19456.0224,19893.3984
2023-05-22,19725.1748,20523.0255,19609.8229,20494.1875
2023-05-23,20628.7671,20984.4355,20191.3911,20984.4355
2023-05-24,20662.4122,21960.1213,20604.7363,21782.2871
2023-05-25,22152.3743,22229.2756,21311.2666,21748.6426
2023-05-26,22109.1190,22373.4672,21844.7708,22046.6367
2023-05-29,22676.2628,22681.0692,21340.1032,21546.7754
2023-05-30,21484.2943,22032.2159,21344.9108,21354.5234
2023-05-31,21147.8513,21335.2982,20667.2183,20811.4082
2023-06-01,20763.3447,21368.9423,20672.0245,21292.0410
2023-06-02,21277.6214,21277.6214,20585.5099,20647.9922
2023-06-05,20782.5694,20989.2416,20503.8023,20647.9922
2023-06-06,20455.7383,21272.8143,20446.1257,21090.1738
2023-06-07,21070.9513,21195.9159,19927.0447,19984.7207
2023-06-08,19927.0435,20292.3245,19518.5054,19874.1738
2023-06-09,20052.0064,20225.0342,19749.2076,20210.6152
2023-06-12,20114.4912,20470.1596,19975.1076,20340.3887
2023-06-13,20470.1580,21734.2227,20446.1263,21614.0645
2023-06-14,21863.9923,21868.7986,21181.4935,21503.5176
2023-06-15,21556.3888,21936.0889,20921.9533,21075.7559
2023-06-16,20955.5985,21445.8441,20599.9301,21421.8125
2023-06-19,21181.4941,21234.3637,20460.5447,20547.0586
2023-06-20,20225.0360,20806.6019,20186.5854,20691.2500
2023-06-21,20479.7708,21080.5620,20479.7708,21042.1113
2023-06-22,20628.7668,20796.9883,19888.5920,19922.2363
2023-06-23,20104.8746,20494.1872,19931.8467,20249.0645
2023-06-26,20090.4571,20119.2950,19470.4406,19970.2988
2023-06-27,19994.3287,20249.0641,19696.3363,19792.4629
2023-06-28,20090.4564,20782.5678,19927.0412,20744.1172
2023-06-29,20882.4020,21481.9431,20761.5268,21409.4180
2023-06-30,21235.3582,21515.7887,20601.9720,20863.0625
2023-07-03,21293.3779,21897.7540,21259.5329,21786.5488
2023-07-04,21733.3629,21921.9283,21515.7876,21568.9727
2023-07-05,21419.0851,21641.4954,20867.8942,20906.5742
2023-07-06,20423.0756,20935.5865,20423.0756,20481.0957
2023-07-07,20423.0730,20718.0085,20215.1677,20244.1777
2023-07-10,20263.5201,20340.8802,19683.3191,19809.0293
2023-07-11,20181.3255,20452.0860,19958.9151,20350.5508
2023-07-12,20176.4887,20316.7039,19146.6320,19233.6621
2023-07-13,19485.0841,20132.9753,18822.6880,20065.2852
2023-07-14,20070.1165,20577.7923,20050.7765,20239.3418
2023-07-18,20249.0127,20814.7086,20079.7875,20345.7129
2023-07-19,20481.0967,20979.1025,20316.7064,20780.8672
2023-07-20,20461.7544,20505.2695,19552.7729,19712.3281
2023-07-21,19001.5841,19417.3948,18769.5037,18991.9141
2023-07-24,19291.6842,19751.0101,19223.9941,19722.0000
2023-07-25,20307.0335,20307.0335,19794.5227,19973.4180
2023-07-26,20118.4709,20630.9818,20089.4608,20495.6016
2023-07-27,20200.6656,20543.9512,20094.2954,20442.4160
2023-07-28,20210.3328,20867.8939,20079.7876,20630.9785
2023-07-31,20877.5685,20916.2486,20505.2728,20766.3633
2023-08-01,20766.3606,21380.4066,20693.8355,21341.7266
2023-08-02,21216.0138,21336.8890,20587.4628,20800.2031
2023-08-03,20529.4442,20843.7197,20326.3738,20645.4844
2023-08-04,20650.3212,20809.8765,20258.6855,20360.2207
2023-08-07,20389.2304,20577.7957,19828.3694,20500.4355
2023-08-08,20780.8658,21588.3122,20747.0207,21220.8516
2023-08-09,21080.6356,22047.6372,21037.1205,21999.2871
2023-08-10,21728.5263,21796.2164,21090.3052,21235.3555
2023-08-14,21148.3248,21153.1598,20572.9589,20887.2344
2023-08-15,21370.7371,21573.8074,20858.2262,20896.9062
2023-08-16,20747.0208,20887.2360,20466.5903,20519.7754
2023-08-17,20384.3932,20747.0188,20060.4477,20418.2383
2023-08-18,20215.1692,20645.4850,20108.7991,20384.3945
2023-08-21,20384.3933,20708.3388,20224.8381,20408.5684
2023-08-22,20838.8845,21269.2002,20727.6793,21264.3652
2023-08-23,21114.4794,21119.3144,20713.1737,20722.8438
2023-08-24,21206.3459,21568.9716,21085.4707,21481.9414
2023-08-25,20998.4415,21012.9465,19983.0897,19992.7598
2023-08-28,20321.5386,21539.9606,20220.0034,21477.1055
2023-08-29,21448.0955,21689.8459,21196.6751,21467.4355
2023-08-30,21854.2354,21965.4406,21457.7648,21646.3301
2023-08-31,21743.0314,21999.2868,21597.9812,21926.7617
2023-09-01,21883.2464,22115.3268,21791.3813,22047.6367
2023-09-04,22144.3408,22265.2160,21762.3751,21854.2402
2023-09-05,22047.6373,22560.1482,21631.8266,21685.0117
2023-09-06,21839.7331,21984.7833,21409.4173,21772.0430
2023-09-07,21554.4656,21762.3710,21322.3852,21375.5703
2023-09-08,21157.9927,21327.2180,20940.4174,21303.0430
2023-09-11,21061.2974,21133.8226,20529.4465,20606.8066
2023-09-12,20742.1870,20790.5371,20190.9960,20394.0664
2023-09-13,20316.7030,20911.4090,20205.4978,20427.9082
2023-09-14,20679.3307,21636.6624,20664.8257,21607.6523
2023-09-15,21568.9728,22013.7935,21259.5322,21955.7734
2023-09-19,21409.4159,21414.2509,20727.6798,20921.0801
2023-09-20,20790.5344,21109.6449,20742.1843,21070.9648
2023-09-21,20655.1557,21109.6465,20452.0853,21109.6465
2023-09-22,20872.7313,21825.2280,20838.8863,21578.6426
2023-09-25,21583.4781,22434.4396,21578.6431,22415.0996
2023-09-26,22337.7392,22618.1697,22066.9787,22149.1738
2023-09-27,21805.8892,22506.9654,21757.5391,22448.9453
2023-09-28,22434.4381,22859.9189,22095.9876,22569.8184
2023-09-29,22869.5876,22971.1227,22192.6864,22502.1270
2023-10-02,22724.5386,23565.8300,22492.4582,22874.4238
2023-10-03,22797.0641,22961.4544,22216.8631,22337.7383
2023-10-04,21946.1043,22197.5247,21448.0984,21573.8086
2023-10-05,22057.3059,22192.6861,21568.9701,22134.6660
2023-10-06,22047.6372,22560.1481,21868.7419,22395.7578
2023-10-10,22574.6530,23386.9343,22361.9126,23309.5742
2023-10-11,23773.7352,25006.6623,23662.5301,24784.2520
2023-10-12,25200.0601,26679.5725,25137.2050,26355.6270
2023-10-13,26060.6931,26350.7936,25644.8824,25988.1680
2023-10-16,25296.7640,26118.7155,25006.6635,25756.0898
2023-10-17,26640.8955,27105.0563,26007.5095,26138.0547
2023-10-18,25925.3121,26998.6838,25867.2920,26573.2031
2023-10-19,26012.3472,26109.0474,25374.1260,25664.2266
2023-10-20,25349.9475,26104.2088,25248.4123,25625.5430
2023-10-23,25789.9332,25930.1484,25209.7322,25432.1426
2023-10-24,25630.3792,25722.2444,24479.6472,24900.2930
2023-10-25,25219.4030,25359.6182,24784.2522,24856.7773
2023-10-26,24117.0195,24411.9549,23778.5689,23822.0840
2023-10-27,24073.5041,24576.3449,23817.2486,24561.8398
2023-10-30,24421.6266,25011.4976,24397.4515,24958.3125
2023-10-31,25079.1906,25079.1906,24223.3940,24373.2793
2023-11-01,25103.3634,26302.4455,24948.6432,26283.1055
2023-11-02,27076.0458,27356.4763,25973.6640,26582.8750
2023-11-06,27317.7950,27583.7204,26109.0430,26109.0430
2023-11-07,26113.8803,27008.3568,26065.5302,26669.9062
2023-11-08,27071.2120,27433.8376,26486.1760,27361.3125
2023-11-09,27554.7121,28366.9935,27177.5815,28333.1484
2023-11-10,27897.9974,28521.7135,27540.2068,28159.0879
2023-11-13,28816.6496,29338.8305,27849.6479,28101.0684
2023-11-14,28279.9617,28869.8327,27922.1711,28700.6074
2023-11-15,29329.1603,29493.5506,28835.9894,29116.4199
2023-11-16,29116.4183,30054.4099,28864.9979,29880.3496
2023-11-17,29890.0221,30586.2633,29590.2515,30228.4727
2023-11-20,30073.7543,30489.5650,29667.6136,30035.0742
2023-11-21,30450.8837,30808.6743,30054.4130,30363.8535
2023-11-22,30093.0912,30682.9622,29832.0007,30557.2520
2023-11-24,30566.9241,30711.9743,29909.3629,29948.0430
2023-11-27,29880.3519,30296.1626,29648.2715,29648.2715
2023-11-28,29783.6494,30093.0899,29570.9091,30083.4199
2023-11-29,29890.0199,31727.3229,29773.9797,31659.6328
2023-11-30,31862.7042,32056.1046,31340.5233,31949.7344
2023-12-01,31843.3664,33013.4385,31688.6461,32916.7383
2023-12-04,32965.0824,33729.0136,32820.0322,33332.5430
2023-12-05,32887.7268,33245.5174,32143.1355,32665.3164
2023-12-06,33100.4693,34425.2617,33071.4593,34425.2617
2023-12-07,34038.4560,34077.1360,33371.2249,33545.2852
2023-12-08,33293.8698,33961.1010,33013.4393,33226.1797
2023-12-11,33961.0959,34560.6368,33177.8246,33342.2148
2023-12-12,34086.8113,34309.2217,33023.1094,33023.1094
2023-12-13,33284.1942,33554.9547,32607.2931,32791.0234
2023-12-14,33361.5543,33583.9647,31969.0721,32191.4824
2023-12-15,32201.1541,32733.0050,31475.9029,31620.9531
2023-12-18,31572.6028,32375.2141,31234.1522,32046.4336
2023-12-19,32162.4798,33729.0227,31853.0392,33603.3125
2023-12-20,33854.7252,34019.1155,33177.8241,33990.1055
2023-12-21,33458.2562,34908.7587,33371.2261,34222.1875
2023-12-22,34280.2033,34667.0039,33738.6825,34667.0039
2023-12-25,34966.7806,35750.0519,34521.9598,35634.0117
2023-12-26,35527.6409,36455.9625,35227.8704,36098.1719
2023-12-27,36455.9629,37036.1639,36223.8825,36852.4336
2023-12-28,36632.4998,37242.8800,36051.1854,36070.5625
2023-12-29,35586.1324,36177.1354,35150.1466,36012.4297
2024-01-04,34442.8871,34462.2642,33444.9638,34123.1641
2024-01-05,34132.8499,34142.5385,32912.0894,32950.8438
2024-01-09,33619.3503,34045.6475,32640.8043,33067.1016
2024-01-10,33125.2400,34006.9004,32921.7799,33813.1289
2024-01-11,33910.0169,34316.9371,33251.1938,33687.1797
2024-01-12,33919.7015,34491.3274,33483.7156,33793.7500
2024-01-15,33987.5251,34200.6737,33541.8506,34113.4766
2024-01-16,34103.7803,34152.2231,33503.0887,33619.3516
2024-01-17,34249.1115,35285.7890,34249.1115,35004.8203
2024-01-18,35062.9556,35983.3702,35043.5784,35779.9102
2024-01-19,36835.9633,37204.1291,36225.5830,36990.9805
2024-01-22,37775.7547,38812.4322,37368.8345,38754.3008
2024-01-23,38860.8734,40197.8967,38734.9220,39015.8906
2024-01-24,39384.0594,39510.0109,38415.2018,38638.0391
2024-01-25,39626.2721,40236.6523,39044.9576,40236.6523
2024-01-26,39742.5303,40614.5020,38715.5415,38763.9844
2024-01-29,38337.6938,38744.6140,37611.0506,38105.1680
2024-01-30,38754.3068,38754.3068,37930.7778,38172.9922
2024-01-31,37688.5577,38647.7267,37640.1148,38541.1523
2024-02-01,37688.5620,38172.9908,36506.5556,36603.4414
2024-02-02,36913.4709,37233.1939,36370.9107,36506.5508
2024-02-05,36932.8449,37601.3565,36564.6791,37591.6680
2024-02-06,37872.6393,38492.7081,37707.9335,38483.0195
2024-02-07,38085.7899,38676.7930,37727.3126,38676.7930
2024-02-08,39238.7284,39674.7143,39044.9569,39539.0742
2024-02-09,39616.5840,39839.4212,38754.3008,38754.3008
2024-02-13,39529.3882,39800.6684,38802.7451,39093.4023
2024-02-14,38463.6419,39694.0909,38434.5762,39684.4023
2024-02-15,40159.1410,40914.8498,39752.2209,40895.4727
2024-02-16,41370.2198,42348.7659,39093.4044,39180.6016
2024-02-19,39141.8473,40101.0163,38686.4842,39180.6016
2024-02-20,39219.3537,39558.4538,38415.2019,38531.4648
2024-02-21,38260.1833,38357.0691,37669.1803,37804.8203
2024-02-22,39723.1562,39810.3534,38328.0015,39723.1562
2024-02-26,38870.5625,38870.5625,38870.5625,38870.5625
2024-02-27,38860.8761,39529.3878,38599.2846,39519.6992
2024-02-28,39267.7990,39820.0478,38967.4531,38967.4531
2024-02-29,38415.1982,38725.2326,37746.6866,38705.8555
2024-03-01,39044.9580,39684.4039,38608.9721,39529.3867
2024-03-04,39916.9242,40769.5187,39829.7271,40459.4844
2024-03-05,40256.0314,40876.1002,39510.0110,40149.4570
2024-03-06,39238.7297,39471.2555,38570.2180,38647.7266
2024-03-07,39064.3379,39325.9294,37892.0202,37921.0859
2024-03-08,38463.6389,38783.3619,37562.6016,37562.6016
2024-03-11,35557.0720,36680.9468,35421.4320,36632.5039
2024-03-12,36322.4730,37291.3306,36119.0129,36952.2305
2024-03-13,37397.8948,37678.8634,36584.0546,37078.1719
2024-03-14,36768.1406,38599.2812,36593.7463,38599.2812
2024-03-15,38095.4796,38163.2996,36777.8333,36942.5391
2024-03-18,36990.9817,39180.5998,36884.4074,39161.2227
2024-03-19,38589.5975,40595.1326,38560.5317,40420.7383
2024-03-21,40924.5446,41796.5164,40759.8388,41719.0078
2024-03-22,42019.3452,42513.4625,41176.4393,41583.3594
2024-03-25,41912.7763,42193.7450,40866.4102,40866.4102
2024-03-26,40876.0950,41292.7037,40701.7007,41040.8008
2024-03-27,41273.3303,41709.3162,40788.9016,41534.9219
2024-03-28,41651.1822,41874.0194,41321.7707,41593.0508
2024-03-29,41806.1967,41980.5911,40478.8621,40595.1250
2024-04-01,40885.7852,41031.1138,39587.5162,39723.1562
2024-04-02,39994.4374,40662.9490,39820.0430,40488.5547
2024-04-03,39810.3545,40411.0461,39190.2857,40101.0117
2024-04-04,40411.0526,40653.2670,39713.4751,39761.9180
2024-04-05,39074.0264,39422.8151,38134.2345,38308.6289
2024-04-08,38783.3684,39112.7800,38434.5797,38948.0742
2024-04-09,39093.4028,40285.0977,38880.2542,40285.0977
2024-04-10,40207.5848,41098.9337,39926.6162,40992.3594
2024-04-11,40575.7513,40963.2943,40149.4540,40740.4570
2024-04-12,41273.3271,42116.2331,41205.5071,41951.5273
2024-04-15,41505.8561,41709.3162,40595.1301,40866.4102
2024-04-16,40207.5828,40275.4028,39316.2340,39354.9883
2024-04-17,40033.1916,40042.8802,36244.9588,36264.3359
2024-04-18,35954.3008,37010.3554,35237.3462,36341.8438
2024-04-19,34975.7545,35043.5745,32698.9394,33280.2539
2024-04-22,32640.8130,34132.8537,32447.0415,33444.9648
2024-04-23,34006.8960,34142.5361,31904.4754,32795.8242
2024-04-24,33503.0888,33987.5175,33096.1687,33512.7773
2024-04-25,32747.3852,33096.1739,32253.2679,32321.0879
2024-04-26,32989.6022,33328.7024,32321.0905,33018.6680
2024-04-30,33231.8115,33570.9116,32650.4970,33522.4688
2024-05-01,36477.4852,39510.0092,35799.2849,38512.0859
2024-05-02,38618.6590,39684.4023,37921.0817,39403.4336
2024-05-07,40294.7851,41137.6911,40091.3250,41069.8711
2024-05-08,40905.1688,41331.4662,40226.9685,40440.1172
2024-05-09,40759.8355,41321.7729,39694.0923,39742.5352
2024-05-10,39703.7777,40033.1893,39141.8404,39665.0234
2024-05-13,39829.7284,40052.5656,39267.7911,39354.9883
2024-05-14,39354.9897,40478.8644,39325.9240,40469.1758
2024-05-15,40721.0843,40885.7901,40256.0327,40876.1016
2024-05-16,41554.3020,42135.6165,41128.0046,41438.0391
2024-05-17,41176.4436,41893.3981,41157.0665,41825.5781
2024-05-20,41689.9404,42125.9263,41350.8402,41980.5977
2024-05-21,42329.3850,42600.6651,41583.3647,41922.4648
2024-05-22,41980.5993,42213.1251,41418.6619,41438.0391
2024-05-23,42629.7287,44083.0149,41728.6913,44053.9492
2024-05-24,43540.4553,43608.2753,41883.7090,42077.4805
2024-05-27,42406.8922,42532.8437,41719.0034,42251.8750
2024-05-28,42193.7446,42242.1874,40459.4896,40905.1641
2024-05-29,41273.3352,41612.4353,40362.6090,40401.3633
2024-05-30,39626.2746,40101.0148,39364.6831,39510.0117
2024-05-31,39306.5516,39432.5031,38628.3513,39229.0430
2024-06-03,39190.2876,39384.0591,38812.4332,38851.1875
2024-06-04,38589.5966,38763.9909,37213.8188,37262.2617
2024-06-05,35353.6117,36835.9638,34035.9655,34452.5742
2024-06-06,34762.6112,34849.8084,32262.9586,33444.9648
2024-06-07,34568.8309,35934.9198,34413.8137,35072.6367
2024-06-10,35130.7720,36390.2867,35101.7063,36235.2695
2024-06-11,36816.5862,36865.0291,35479.5629,35828.3516
2024-06-12,35421.4299,36264.3359,35411.7413,36264.3359
2024-06-13,36564.6845,36768.1446,35983.3700,36380.6016
2024-06-14,36332.1563,36671.2564,35033.8873,35557.0703
2024-06-17,35169.5296,35469.8755,34723.8551,35043.5781
2024-06-18,35363.2980,35605.5123,34878.8692,34966.0664
2024-06-19,35111.3926,35353.6069,34384.7495,34530.0781
2024-06-20,34375.0645,34878.8704,33939.0786,34849.8047
2024-06-21,34365.3777,34491.3292,33977.8347,34481.6406
2024-06-24,34152.2258,35363.2977,33784.0600,35285.7891
2024-06-25,34636.6542,34723.8514,33648.4196,34161.9141
2024-06-26,34675.4106,34869.1821,34210.3589,34636.6562
2024-06-27,34555.8893,34838.0973,33972.0106,34030.3984
2024-06-28,34332.0684,35441.4380,34166.6361,35120.3047
2024-07-01,34526.6950,34828.3657,33407.5941,33718.9961
2024-07-02,33826.0351,33835.7664,32726.3970,33329.7383
2024-07-03,33553.5593,33903.8865,33047.5311,33816.3047
2024-07-04,34176.3659,34176.3659,33388.1297,33514.6367
2024-07-05,33329.7427,33689.8013,33242.1609,33368.6680
2024-07-08,33125.3848,33504.9060,32930.7586,33057.2656
2024-07-09,33212.9649,33826.0375,32969.6821,33573.0234
2024-07-10,33456.2485,33465.9798,32327.4164,32706.9375
2024-07-11,33018.3397,33864.9638,32522.0428,33290.8164
2024-07-12,32502.5814,32969.6844,32317.6865,32599.8945
2024-07-16,32775.0568,32794.5194,32307.9539,32502.5801
2024-07-17,32307.9551,32366.3430,30721.7513,30887.1836
2024-07-18,28979.8452,29534.5299,28230.5342,28940.9199
2024-07-19,29291.2484,30167.0665,28858.2050,28926.3242
2024-07-22,28780.3526,28994.4414,28152.6830,28181.8770
2024-07-23,28960.3839,29203.6667,27398.5083,27685.5820
2024-07-24,27709.9086,27909.4005,27057.9108,27208.7461
2024-07-25,26294.0021,26464.3000,25817.1679,26021.5254
2024-07-26,25792.8425,25822.0364,24814.8456,24951.0840
2024-07-29,25690.6635,25929.0806,25199.2323,25471.7090
2024-07-30,25204.0961,25583.6172,24819.7093,25583.6172
2024-07-31,24571.5603,26401.0468,24333.1432,26109.1074
2024-08-01,26269.6746,26508.0917,24376.9346,24659.1426
2024-08-02,22868.5837,23282.1645,21958.7060,21992.7656
2024-08-05,20202.2027,21394.2883,18163.4929,18854.4160
2024-08-06,22065.7482,22382.0159,20499.0071,21725.1523
2024-08-07,21233.7205,23462.1907,21078.0195,21574.3164
2024-08-08,26439.9746,26439.9746,24926.7556,26439.9746
2024-08-09,29359.3656,29398.2908,25155.4392,26196.6895
2024-08-13,26654.0600,27529.8779,26201.5540,27495.8184
2024-08-14,27982.3883,28215.9398,26274.5430,26882.7500
2024-08-15,26902.2098,28094.2954,26722.1805,27773.1621
2024-08-16,28259.7283,28702.5030,27739.1032,28104.0273
2024-08-19,28050.5054,29184.2031,27938.5953,28191.6094
2024-08-20,28634.3835,29193.9339,28566.2644,28829.0098
2024-08-21,28347.3109,28488.4150,27841.2827,27914.2676
2024-08-22,27914.2645,28478.6805,27544.4747,28468.9492
2024-08-23,28123.4877,28274.3230,27267.1324,27588.2656
2024-08-26,27286.5941,28108.8898,27174.6840,28050.5020
2024-08-27,27563.9397,27588.2680,26396.1824,26838.9570
2024-08-28,26834.0917,27962.9238,26761.1068,27962.9238
2024-08-29,26989.7910,27889.9373,26658.9264,27554.2070
2024-08-30,27636.9234,27938.5941,26989.7913,27325.5215
2024-09-02,27602.8630,27821.8175,26571.3441,26702.7168
2024-09-03,27087.1051,27106.5677,25544.6922,25783.1094
2024-09-04,24338.0097,24805.1126,23661.6835,23797.9219
2024-09-05,23783.3250,24012.0108,22785.8656,23097.2676
2024-09-06,23209.1759,23330.8173,22216.5822,22688.5508
2024-09-09,21228.8566,21754.3475,20766.6193,21598.6465
2024-09-10,21720.2879,21885.7202,20839.6041,21418.6172
2024-09-11,21593.7802,21992.7640,21082.8864,21447.8105
2024-09-12,22382.0143,22858.8485,21832.1952,22284.7012
2024-09-13,22382.0168,23204.3127,22056.0179,22255.5098
2024-09-17,22041.4210,22279.8381,20970.9767,21691.0938
2024-09-18,22177.6589,22347.9568,21462.4075,21515.9297
2024-09-19,22075.4794,23004.8196,21934.3754,22810.1934
2024-09-20,23549.7743,24274.7571,23077.8057,23900.1016
2024-09-24,24114.1917,24483.9816,23316.2241,23457.3281
2024-09-25,23578.9655,24060.6654,23252.9666,23593.5625
2024-09-26,23150.7894,23963.3539,22790.7309,23598.4297
2024-09-27,23992.5485,25637.1401,23919.5637,25530.0957
2024-09-30,24070.3979,24206.6363,22868.5810,22970.7598
2024-10-01,23272.4319,23520.5804,23082.6713,23291.8945
2024-10-02,22493.9243,22669.0879,22094.9405,22172.7910
2024-10-03,22965.8935,23345.4146,22785.8643,23068.0723
2024-10-04,22965.8935,23262.6984,22751.8046,23136.1914
2024-10-07,23583.8333,24119.0555,23170.2526,23501.1172
2024-10-08,23170.2519,23476.7882,22780.9995,22990.2227
2024-10-09,23379.4750,24104.4576,23316.2214,24007.1445
2024-10-10,24192.0397,24221.2336,23530.3105,23598.4297
2024-10-11,23739.5333,23783.3242,23267.5647,23355.1465
2024-10-15,23841.7128,25238.1560,23773.5937,24902.4258
2024-10-16,22416.0725,22416.0725,21418.6132,21554.8516
2024-10-17,21418.6155,21574.3165,20786.0803,20941.7812
2024-10-18,21209.3914,21287.2419,20450.3492,20771.4824
2024-10-21,20825.0042,21321.3010,20708.2284,21160.7344
2024-10-22,20912.5880,21472.1384,20542.7981,20776.3496
2024-10-23,20615.7830,20761.7527,20260.5901,20460.0820
2024-10-24,20284.9170,20961.2431,20270.3200,20883.3926
2024-10-25,20513.6037,20839.6026,20348.1714,20669.3047
2024-10-28,21014.7654,21822.4642,20722.8261,21671.6289
2024-10-29,21457.5422,22041.4209,21301.8412,21759.2129
2024-10-30,22129.0022,22951.2980,22012.2264,22712.8809
2024-10-31,22362.5540,22956.1640,22245.7782,22844.2539
2024-11-01,19949.1878,19954.0535,18976.0567,19087.9668
2024-11-05,19092.8332,19754.5624,19029.5797,19462.6230
2024-11-06,19462.6221,20221.6644,19253.3989,20173.0078
2024-11-07,20435.7528,20469.8124,19175.5480,19365.3086
2024-11-08,19725.3681,19847.0095,19336.1157,19511.2793
2024-11-11,19511.2793,19681.5772,19229.0713,19511.2793
2024-11-12,19423.6954,19452.8893,18562.4744,18654.9219
2024-11-13,18922.5370,18966.3279,18265.6734,18270.5391
2024-11-14,17968.8676,18061.3150,17248.7505,17355.7949
2024-11-15,17642.8662,18265.6700,17545.5531,17745.0449
2024-11-18,17049.2563,17633.1350,16874.0927,17224.4199
2024-11-19,17166.0348,17482.3024,16859.4984,16922.7520
2024-11-20,16932.4827,17273.0786,16893.5574,16951.9453
2024-11-21,17029.7939,17093.0474,16694.0637,16815.7051
2024-11-22,16966.5404,17292.5393,16815.7051,16815.7051
2024-11-25,17029.7939,17555.2846,16917.8838,17200.0918
2024-11-26,17049.2561,17054.1218,16129.6473,16256.1543
2024-11-27,16173.4392,16966.5410,16168.5735,16470.2441
2024-11-28,15983.6799,16689.2000,15725.8001,16139.3809
2024-11-29,16017.7380,16241.5582,15764.7239,15998.2754
2024-12-02,16197.7679,16353.4689,15706.3367,15866.9033
2024-12-03,16368.0664,16995.7360,16236.6937,16548.0957
2024-12-04,16655.1404,16732.9909,15964.2173,16071.2617
2024-12-05,16455.6473,16475.1099,15691.7394,15701.4707
2024-12-06,15472.7847,15696.6048,15161.3827,15331.6807
2024-12-09,15506.8447,15594.4265,15156.5175,15326.8154
2024-12-10,15414.3968,15643.0826,15302.4867,15399.7998
2024-12-11,15175.9806,15253.8311,15034.8766,15185.7119
2024-12-12,15433.8604,15433.8604,15141.9210,15151.6523
2024-12-13,15083.5320,15287.8896,14927.8311,14927.8311
2024-12-16,14976.4881,15190.5769,14791.5931,14888.9062
2024-12-17,14991.0851,15137.0547,14723.4740,15068.9355
2024-12-18,15112.7269,15750.1278,15010.5481,15278.1592
2024-12-19,14626.1605,15015.4129,14499.6534,14791.5928
2024-12-20,14499.6539,14708.8771,14387.7439,14402.3408
2024-12-23,14465.5942,14640.7578,14343.9528,14640.7578
2024-12-24,14801.3244,15039.7416,14567.7730,14674.8174
2024-12-25,14742.9359,14820.7864,14436.3996,14592.1006
2024-12-26,14596.9665,14835.3836,14558.0412,14645.6230
2024-12-27,14822.1353,15175.1600,14763.2978,14954.5195
2024-12-30,14925.1002,14998.6470,14709.3628,14890.7783
2025-01-06,15008.4547,15096.7108,14709.3643,14709.3643
2025-01-07,15101.6134,15837.0816,15082.0010,15562.5068
2025-01-08,15366.3829,16082.2386,15322.2548,16043.0137
2025-01-09,16043.0128,16047.9160,15082.0011,15204.5791
2025-01-10,15160.4511,15385.9947,14954.5200,15351.6729
2025-01-14,14979.0349,15018.2599,14630.9133,14635.8164
2025-01-15,14778.0071,14778.0071,14081.7639,14326.9199
2025-01-16,14513.2395,14518.1426,13949.3805,14253.3740
2025-01-17,14317.1139,14542.6575,13949.3798,14331.8232
2025-01-20,14567.1736,14925.1014,14483.8205,14753.4922
2025-01-21,14841.7479,15214.3851,14675.0418,15175.1602
2025-01-22,15587.0229,15650.7635,15248.7075,15405.6074
2025-01-23,15493.8638,15533.0888,14812.3299,14905.4893
2025-01-24,14959.4241,15371.2863,14885.8773,15111.4209
2025-01-27,14856.4582,15140.8393,14635.8178,14885.8770
2025-01-28,14375.9520,15018.2609,14248.4708,14709.3643
2025-01-29,14890.7802,15248.7080,14380.8555,14743.6865
2025-01-30,14709.3639,14934.9075,14513.2390,14748.5889
2025-01-31,14979.0361,15219.2890,14880.9736,15170.2578
2025-02-03,15170.2575,16038.1100,14959.4233,15018.2607
2025-02-04,15214.3851,15861.5971,15131.0321,15415.4131
2025-02-05,15675.2780,15675.2780,15023.1629,15258.5127
2025-02-06,15278.1271,15503.6706,15126.1303,15425.2207
2025-02-07,15268.3199,15292.8355,14885.8764,14944.7139
2025-02-10,15121.2257,15199.6756,14866.2634,14954.5195
2025-02-12,15072.1956,15219.2892,14719.1708,14885.8770
2025-02-13,15052.5823,15469.3476,15013.3574,15180.0635
2025-02-14,15180.0636,15351.6728,15135.9355,15302.6416
2025-02-17,15219.2876,15332.0594,14876.0692,14920.1973
2025-02-18,14934.9075,15018.2605,14724.0732,14724.0732
2025-02-19,14831.9427,15042.7769,14675.0428,14743.6865
2025-02-20,14660.3334,14802.5239,14385.7586,14405.3711
2025-02-21,14307.3078,14792.7168,14302.4047,14792.7168
2025-02-25,14415.1776,15003.5522,14253.3746,14773.1055
2025-02-26,14469.1116,14621.1083,14219.0524,14258.2773
2025-02-27,14439.6931,14513.2400,14062.1528,14120.9902
2025-02-28,13630.6771,13792.4801,12993.2714,13110.9463
2025-03-03,13218.8151,13248.2338,12851.0810,13017.7871
2025-03-04,12527.4744,12885.4022,12498.0557,12738.3086
2025-03-05,12851.0810,13566.9367,12802.0498,13331.5869
2025-03-06,13444.3595,13856.2217,13307.0721,13375.7158
2025-03-07,13159.9782,13767.9653,13110.9470,13562.0342
2025-03-10,13606.1615,14915.2949,13552.2272,14915.2949
2025-03-11,14576.9801,15194.7734,14263.1803,14856.4580
2025-03-12,14493.6270,14606.3988,14042.5399,14062.1523
2025-03-13,14292.5981,14454.4011,14047.4420,14086.6670
2025-03-14,14042.5398,14258.2771,13973.8961,14228.8584
2025-03-17,14420.0803,14493.6271,14150.4086,14184.7305
2025-03-18,14366.1447,14650.5257,14228.8573,14297.5010
2025-03-19,14184.7304,14371.0490,14062.1523,14062.1523
2025-03-21,13934.6707,14052.3456,13684.6115,13714.0303
2025-03-24,13650.2899,13792.4805,13581.6462,13767.9648
2025-03-25,13900.3485,14111.1827,13630.6768,13679.7080
2025-03-26,13836.6083,13924.8645,13615.9678,13714.0303
2025-03-27,13532.6154,13689.5153,13444.3592,13513.0029
2025-03-28,13380.6184,13419.8434,13120.7530,13169.7842
2025-03-31,12777.5339,12855.9839,12390.1873,12434.3154
2025-04-01,12522.5716,12841.2744,12444.1216,12625.5371
2025-04-02,12551.9902,12596.1183,12287.2217,12287.2217
2025-04-03,11640.0107,12100.9042,11630.2045,11929.2949
2025-04-04,11669.4287,11738.0724,11076.1510,11404.6602
2025-04-07,10144.5574,10899.6381,10046.4950,10379.9072
2025-04-08,10674.0951,11340.9196,10659.3858,11237.9541
2025-04-09,10556.4207,10615.2582,10075.9148,10286.7490
2025-04-10,11890.0689,12051.8719,11586.0754,11880.2627
2025-04-11,11169.3098,11752.7812,10987.8943,11728.2656
2025-04-14,12022.4540,12238.1913,11792.0073,11826.3291
2025-04-15,11850.8442,11875.3598,11669.4287,11718.4600
2025-04-16,11630.2037,11993.0347,11301.6946,11669.4287
2025-04-17,11762.5882,12174.4504,11684.1382,12154.8379
2025-04-18,11875.3603,12164.6444,11845.9415,12042.0664
2025-04-21,11997.9389,12282.3199,11909.6827,11983.2295
2025-04-22,12022.4528,12091.0965,11576.2688,11630.2031
2025-04-23,11963.6155,12189.1591,11909.6812,12115.6123
2025-04-24,12360.7686,12365.6718,12189.1594,12218.5781
2025-04-25,12498.0562,12929.5309,12483.3468,12919.7246
2025-04-28,12973.6591,12978.5622,12512.7657,12635.3438
2025-04-30,12086.1937,13091.3335,12042.0656,13032.4961
2025-05-01,12944.2407,13385.5216,12846.1782,13003.0781
2025-05-02,13061.9154,13194.2996,12826.5655,12973.6592
2025-05-07,12870.6932,13155.0742,12846.1776,13155.0742
2025-05-08,13424.7469,13895.4465,13361.0063,13684.6123
2025-05-09,13915.0581,13934.6706,13562.0334,13807.1895
2025-05-12,13939.5740,14493.6268,13841.5116,14488.7236
2025-05-13,14905.4895,15180.0643,14527.9491,14645.6240
2025-05-14,14856.4574,15332.0601,14787.8137,15322.2539
2025-05-15,15209.4819,15361.4786,14851.5540,15003.5508
2025-05-16,14861.3607,14979.0356,14420.0798,14532.8516
2025-05-19,14371.0484,14493.6264,13782.6738,13782.6738
2025-05-20,14003.3146,14238.6644,13885.6396,13885.6396
2025-05-21,14013.1214,14111.1838,13826.8028,13875.8340
2025-05-22,13738.5464,14042.5400,13689.5152,13919.9619
2025-05-23,14003.3146,14204.3425,13866.0272,13885.6396
2025-05-26,13851.3166,14576.9785,13846.4135,14576.9785
2025-05-27,14689.7519,14699.5582,14351.4366,14400.4678
2025-05-28,14694.6549,14876.0704,14513.2394,14709.3643
2025-05-29,15052.5818,15341.8659,14763.2976,14974.1318
2025-05-30,14728.9756,14743.6850,14233.7604,14322.0166
2025-06-02,14219.0517,14356.3391,13856.2207,13856.2207
2025-06-03,14022.9271,14140.6020,13856.2209,13910.1553
2025-06-04,14204.3418,14268.0823,13674.8047,13674.8047
2025-06-05,13777.7712,14488.7238,13748.3525,14444.5957
2025-06-06,14346.5329,14415.1766,14042.5394,14243.5674
2025-06-09,14483.8212,14797.6210,14356.3400,14601.4961
2025-06-10,14787.8131,14974.1317,14601.4945,14611.3008
2025-06-11,14905.4890,15194.7731,14807.4265,15018.2607
2025-06-12,14807.4270,15028.0675,14748.5896,14885.8770
2025-06-13,14905.4896,14949.6177,14307.3088,14312.2119
2025-06-16,14493.6266,14655.4296,14361.2423,14532.8516
2025-06-17,14905.4890,15189.8701,14900.5859,15116.3232
2025-06-18,14988.8420,16096.9475,14983.9389,15837.0820
2025-06-19,15935.1437,15959.6593,15297.7380,15385.9941
2025-06-20,15430.1239,16239.1390,15336.9646,16150.8828
2025-06-23,15812.5665,15989.0788,15351.6731,15886.1133
2025-06-24,17062.8632,17999.3594,16778.4821,17999.3594
2025-06-25,18528.8945,18592.6350,18004.2605,18430.8320
2025-06-26,18386.7054,19200.6236,18161.1618,18827.9863
2025-06-27,19288.1227,19496.3749,18742.7002,19382.3320
2025-06-30,19699.6702,20458.3034,19139.3725,19248.4570
2025-07-01,18851.7858,19050.1212,18425.3645,18613.7832
2025-07-02,17850.1934,18807.1621,17850.1934,18628.6602
2025-07-03,18831.9529,19005.4964,18579.0752,18732.7852
2025-07-04,18891.4528,19000.5373,18445.1980,18499.7402
2025-07-07,18415.4472,18772.4510,18108.0273,18479.9062
2025-07-08,18410.4907,18970.7884,18346.0317,18608.8262
2025-07-09,18802.2014,18856.7437,18301.4044,18658.4082
2025-07-10,18802.2016,18802.2016,18509.6568,18579.0742
2025-07-11,18767.4938,19188.9566,18653.4509,19104.6641
2025-07-14,18941.0385,19035.2478,18316.2817,18514.6172
2025-07-15,18484.8658,18911.2871,18350.9894,18911.2871
2025-07-16,19139.3733,19783.9635,17934.4852,17974.1523
2025-07-17,17870.0264,17884.9015,16868.4322,17116.3516
2025-07-18,17255.1848,17547.7295,17086.5996,17329.5605
2025-07-22,17146.1001,17408.8946,16818.8466,16858.5137
2025-07-23,16927.9333,17379.1466,16769.2650,17071.7266
2025-07-24,17165.9347,17289.8944,16818.8477,16818.8477
2025-07-25,16660.1799,16903.1408,16268.4673,16313.0928
2025-07-28,16045.3397,16149.4658,15842.0458,16060.2148
2025-07-29,15370.9985,15529.6668,14617.3237,14726.4082
2025-07-30,14944.5775,14994.1613,14706.5749,14825.5762
2025-07-31,14885.0766,15410.6656,14855.3263,15390.8320
2025-08-01,14642.1155,14741.2832,14329.7371,14498.3223
2025-08-04,13972.7334,14508.2391,13918.1911,14369.4043
2025-08-05,14448.7388,14547.9065,14364.4462,14404.1133
2025-08-06,14086.7775,14299.9881,13938.0258,14136.3613
2025-08-07,13947.9416,14265.2783,13918.1912,14176.0273
2025-08-08,14032.2347,14860.2853,13600.8550,14334.6963
2025-08-12,14676.8241,15509.8330,14607.4067,15356.1230
2025-08-13,15752.7953,16055.2569,15380.9163,15658.5859
2025-08-14,15584.2094,16094.9233,15549.5007,15936.2549
2025-08-15,16208.9647,17334.5184,16174.2560,17260.1426
2025-08-18,17250.2268,17255.1852,16645.3036,16684.9707
2025-08-19,16630.4281,16813.8884,16189.1317,16293.2578
2025-08-20,16065.1727,16739.5133,15931.2963,16015.5889
2025-08-21,15792.4619,16025.5060,15514.7922,15524.7090
2025-08-22,15613.9597,16055.2561,15519.7503,15911.4629
2025-08-25,16040.3804,16253.5911,15668.5015,15866.8369
2025-08-26,15703.2107,15881.7126,15499.9168,15514.7920
2025-08-27,15514.7925,15787.5037,15361.0825,15713.1279
2025-08-28,15470.1670,15881.7132,15321.4154,15827.1709
2025-08-29,15827.1706,15975.9222,15385.8742,15524.7090
2025-09-01,15341.2478,15356.1230,14914.8266,15177.6211
2025-09-02,15261.9147,15370.9993,15083.4128,15137.9551
2025-09-03,15043.7447,15108.2037,14830.5341,14870.2012
2025-09-04,14880.1189,14959.4531,14756.1592,14845.4102
2025-09-05,15286.7062,15574.2926,15242.0807,15514.7920
2025-09-08,15856.9201,16050.2972,15668.5015,15866.8369
2025-09-09,16015.5888,16099.8813,15772.6278,16055.2559
2025-09-10,15975.9224,16223.8417,15896.5882,16020.5479
2025-09-11,16149.4654,16536.2196,15995.7554,16461.8438
2025-09-12,16521.3448,16620.5125,16055.2564,16546.1367
2025-09-16,16694.8885,16789.0978,16392.4269,16774.2227
2025-09-17,16610.5941,16769.2624,16407.3002,16580.8438
2025-09-18,16754.3883,17289.8940,16704.8044,16913.0566
2025-09-19,18311.3224,19471.5849,18008.8608,19025.3301
2025-09-22,19198.8736,21509.4819,19124.4978,21018.6016
2025-09-24,21112.8107,22124.3216,20869.8497,21340.8965
2025-09-25,21241.7280,21554.1063,21008.6838,21350.8125
2025-09-26,21083.0592,21112.8095,19541.0010,19565.7930
2025-09-29,19426.9583,20170.7163,19377.3744,20036.8398
2025-09-30,20225.2588,20398.8023,19898.0053,20136.0078
2025-10-01,20225.2594,20339.3023,19655.0449,19655.0449
2025-10-02,20527.7211,20988.8510,20036.8408,20190.5508
2025-10-03,20131.0493,20240.1338,19744.2952,19843.4629
2025-10-06,20825.2250,21514.4408,20458.3044,21266.5215
2025-10-07,21762.3586,21975.5692,20081.4655,20200.4668
2025-10-08,19833.5466,20304.5933,19669.9198,19863.2969
2025-10-09,20180.6320,20205.4239,19769.0859,20012.0469
2025-10-10,19833.5464,20136.0080,19521.1681,20056.6738
2025-10-14,20131.0496,21088.0182,19605.4606,19635.2109
2025-10-15,19620.3358,21137.6021,19422.0004,20964.0586
2025-10-16,21261.5624,21271.4791,20463.2621,20790.5156
2025-10-17,20537.6394,20909.5184,20150.8852,20349.2207
2025-10-20,20825.2246,21603.6913,20676.4730,21554.1074
2025-10-21,21816.9016,21816.9016,21078.1020,21162.3945
2025-10-22,21127.6844,21311.1447,20388.8849,21231.8105
2025-10-23,20428.5539,20745.8906,20185.5929,20745.8906
2025-10-24,21316.1061,21499.5664,21122.7290,21499.5664
2025-10-27,21762.3600,22124.3223,21539.2326,22124.3223
2025-10-28,22213.5718,22213.5718,21410.3132,21707.8164
2025-10-29,22139.1963,23611.8371,22124.3212,23378.7930
2025-10-30,27841.3410,28337.1797,27137.2501,28337.1797
2025-10-31,30206.4912,30226.3248,26834.7883,28173.5527
2025-11-04,30365.1605,32527.0171,30295.7431,30513.9121
2025-11-05,28971.8531,29542.0676,27831.4242,28401.6387
2025-11-06,29517.2748,29626.3593,28937.1436,29447.8574
2025-11-07,28952.0199,29294.1486,28163.6364,28857.8105
2025-11-10,29403.2326,29680.9023,28585.0989,28595.0156
2025-11-11,29090.8543,30146.9906,28361.9715,28595.0156
2025-11-12,28262.8029,29234.6466,27598.3791,29041.2695
2025-11-13,28758.6427,29180.1056,28426.4308,28986.7285
2025-11-14,28163.6374,28476.0158,27677.7155,27861.1758
2025-11-17,27856.2170,28495.8489,27598.3809,28441.3066
2025-11-18,27945.4665,28054.5510,26661.2444,26695.9531
2025-11-19,26562.0765,26740.5784,25377.0221,26110.8633
2025-11-20,28094.2188,28104.1356,27290.9602,27722.3398
2025-11-21,26234.8236,26924.0393,26086.0720,26294.3242
2025-11-25,26790.1618,27429.7937,26269.5312,26269.5312
2025-11-26,26725.7033,27122.3742,26224.9063,26403.4082
2025-11-27,26993.4581,27766.9664,26785.2059,27618.2148
2025-11-28,27568.6292,27846.2988,27196.7502,27846.2988
2025-12-01,28476.0162,28480.9745,27286.0033,27524.0059
2025-12-02,27885.9655,28659.4738,27687.6301,28004.9668
2025-12-03,28614.8478,30186.6563,28565.2640,30057.7383
2025-12-04,29918.9048,32150.1788,29710.6526,31932.0098
2025-12-05,31237.8366,32497.2668,31208.0862,32328.6816
2025-12-08,32110.5118,32110.5118,30851.0816,31495.6719
2025-12-09,31664.2578,33052.6060,31515.5062,32636.1016
2025-12-10,32447.6827,32794.7698,30940.3332,31257.6699
2025-12-11,31535.3399,31535.3399,30117.2413,30741.9980
2025-12-12,31188.2527,31188.2527,30365.1605,30821.3320
2025-12-15,30246.1597,31158.5029,29869.3223,30047.8242
2025-12-16,29869.3197,30047.8216,29105.7282,29199.9375
2025-12-17,29343.7318,29601.5679,28619.8074,29095.8125
2025-12-18,28089.2610,28386.7642,27568.6304,27856.2168
2025-12-19,28352.0541,28818.1425,28104.1348,28282.6367
2025-12-22,29760.2360,30137.0734,29487.5248,29968.4883
2025-12-23,29750.3203,29879.2384,29472.6507,29750.3203
2025-12-24,29780.0702,29918.9050,29363.5657,29487.5254
2025-12-25,29472.6503,29611.4852,28996.6452,29115.6465
2025-12-26,29328.8574,29789.9874,29219.7729,29750.3203
2025-12-29,29931.6038,29951.5250,29194.5193,29304.0859
2025-12-30,29299.1054,29762.2733,28905.6617,29528.1992
2026-01-05,30828.0569,31903.8017,30389.7905,31585.0625
2026-01-06,31873.9202,32690.6894,31644.8264,32630.9258
2026-01-07,32670.7694,32999.4692,31654.7881,31973.5273
2026-01-08,31774.3150,31913.7634,30579.0430,30579.0430
2026-01-09,30589.0025,30828.0569,29563.0607,30260.3027
2026-01-13,32352.0281,33965.6452,32232.5009,32949.6641
2026-01-14,33537.3390,35150.9561,33328.1664,34662.8867
2026-01-15,34115.0571,35858.1622,33597.1059,35688.8320
2026-01-16,36455.7965,36784.4963,35380.0517,36445.8359
2026-01-19,36156.9768,37172.9579,35718.7104,36854.2188
2026-01-20,36475.7184,36714.7728,35409.9342,35888.0430
2026-01-21,35340.2096,36834.2997,35111.1158,36455.7969
2026-01-22,37451.8584,39214.8847,37262.6070,38577.4062
2026-01-23,36854.2211,37053.4331,36057.3731,36346.2305
2026-01-26,35648.9892,36475.7190,35270.4863,35559.3438
2026-01-27,36147.0167,36993.6677,35639.0261,36754.6133
2026-01-28,37212.8011,40161.1386,36854.2195,39065.4727
2026-01-29,39065.4718,39344.3686,36206.7797,37312.4062
2026-01-30,37053.4336,37302.4486,35888.0434,36246.6250
2026-02-02,33696.7099,34095.1339,31047.1903,31186.6387
2026-02-03,32222.5424,32461.5968,31296.2065,31973.5273
2026-02-04,30429.6331,30469.4755,29259.2626,29687.5684
2026-02-05,29284.1644,30290.1851,28547.0800,28776.1738
2026-02-06,29189.5396,30290.1859,28686.5293,30071.0527
2026-02-09,31475.4957,31734.4713,30987.4263,31176.6777
2026-02-10,31425.6932,31575.1022,30310.1060,30788.2148
2026-02-12,31475.4965,31565.1419,30758.3333,31027.2695
2026-02-13,30330.0275,31037.2301,30200.5397,30738.4121
2026-02-16,30857.9401,30987.4279,30220.4617,30589.0039
2026-02-17,30818.0966,30987.4268,30081.0122,30499.3574
2026-02-18,30479.4372,31266.3246,30369.8706,31047.1914
2026-02-19,31355.9685,31664.7471,30598.9629,30887.8203
2026-02-20,30608.9247,30648.7671,29866.8600,30519.2793
2026-02-24,30728.4521,31943.6453,30678.6491,31794.2363
2026-02-25,32132.8962,32989.5078,32033.2902,32411.7930
2026-02-26,32620.9664,33358.0508,31505.3791,33358.0508
2026-02-27,32262.3827,33796.3151,31654.7861,33527.3789
2026-03-02,32252.4238,34493.5588,31724.5120,34154.8984
2026-03-03,33915.8417,34493.5565,33328.1663,34085.1719
2026-03-04,33387.9308,34891.9814,32182.6982,32959.6250
2026-03-05,33656.8669,34513.4785,32391.8707,33417.8125
2026-03-06,32720.5702,33348.0880,31774.3132,33178.7578
2026-03-09,30379.8312,30788.2158,28696.4898,30240.3828
2026-03-10,32860.0209,34702.7320,32730.5331,34633.0078
2026-03-11,35001.5475,36724.7313,34174.8177,36057.3711
2026-03-12,35708.7512,36645.0477,35489.6180,36206.7812
2026-03-13,34812.2986,37840.3211,34712.6926,37402.0547
2026-03-16,37372.1735,37780.5581,36415.9558,37651.0703
2026-03-17,37850.2789,37850.2789,35708.7500,35708.7500
2026-03-18,35917.9244,36147.0182,35270.4854,35878.0820
2026-03-19,34762.4947,35609.1457,34523.4403,34951.7461
2026-03-23,32860.0204,33278.3656,31455.5757,31903.8027
2026-03-24,32601.0452,32909.8238,31077.0734,31744.4336
2026-03-25,33138.9149,33776.3933,32660.8061,33278.3633
2026-03-26,33567.2208,34931.8230,33467.6148,34433.7930
2026-03-27,33975.6071,34961.7066,33666.8285,34832.2188
2026-03-30,33437.7342,35210.7210,33387.9312,35160.9180
2026-03-31,33776.3952,34692.7704,32780.3352,33218.6016
2026-04-01,34334.1898,35330.2499,33626.9872,35210.7227
2026-04-02,35210.7233,36874.1436,34374.0328,34882.0234
2026-04-03,35957.7653,36216.7409,35499.5777,35718.7109
2026-04-06,35718.7103,37531.5394,35579.2619,37312.4062
2026-04-07,37182.9197,37182.9197,36326.3081,36425.9141
2026-04-08,37949.8863,39942.0063,37571.3835,39782.6367
2026-04-09,38846.3414,39095.3565,38188.9418,38547.5234
2026-04-10,38945.9469,41465.9788,38846.3409,41416.1758
2026-04-13,40938.0669,41406.2151,40320.5097,41067.5547
2026-04-14,41834.5192,43358.4910,41465.9770,42631.3672
2026-04-15,43328.6118,44762.9383,41047.6343,41207.0039
2026-04-16,41346.4508,42133.3382,40469.9180,41854.4414
2026-04-17,41346.4513,41535.7027,39792.5977,39792.5977
2026-04-20,40479.8781,42222.9831,40370.3115,41954.0469
2026-04-21,42282.7494,44414.3180,42173.1828,44344.5938
2026-04-22,44523.8823,45340.6515,43936.2069,44623.4883
2026-04-23,45310.7693,45808.7993,42930.1859,43229.0039
2026-04-24,44354.5530,45768.9583,44175.2622,44882.4648
2026-04-27,45420.3378,46266.9888,44822.7017,45589.6680
2026-04-28,44922.3060,45908.4054,43886.4036,44155.3398
2026-04-30,43199.1216,44284.8270,42352.4706,42521.8008
2026-05-01,43368.4521,44344.5909,40340.4297,42760.8555
2026-05-07,46008.0118,46535.9236,44205.1432,44743.0156
2026-05-08,44045.7739,44484.0403,42591.5263,43597.5469
2026-05-11,45121.5184,45768.9574,43308.6892,43936.2070
2026-05-12,45041.8322,45470.1380,42531.7611,43318.6484
2026-05-13,42621.4078,42691.1320,41236.8844,42322.5898
2026-05-14,42740.9364,42970.0302,40380.2741,40400.1953
2026-05-15,41027.7108,41027.7108,37880.1613,38258.6641
2026-05-18,38647.1278,39185.0002,37929.9647,38039.5312
2026-05-19,37939.9277,38029.5731,35409.9352,35917.9258
2026-05-20,36057.3721,36137.0569,34483.5973,35509.5391
2026-05-21,36904.0224,38686.9698,36575.3226,37910.0430
2026-05-22,38437.9572,38826.4206,37720.7939,37979.7695
2026-05-25,40141.2169,43418.2542,40131.2563,42850.5000
2026-05-26,42432.1565,42701.0927,40948.0270,41515.7812
2026-05-27,42820.6187,43866.4817,41366.3711,41366.3711
2026-05-28,40669.1320,41127.3196,38706.8937,39951.9688
2026-05-29,40649.2075,40659.1681,38776.6148,39971.8867
2026-06-01,39274.6482,39683.0328,38099.2973,38228.7852
2026-06-02,38208.8621,39095.3555,37700.8715,39095.3555
2026-06-03,40260.7448,42631.3676,39185.0000,41605.4258
2026-06-04,41336.4914,43428.2174,41067.5552,42581.5664
2026-06-05,41884.3247,42302.6699,40858.3829,42013.8125
2026-06-08,39224.8421,40509.7595,38607.2849,38945.9453
2026-06-09,40330.4684,41157.1982,39394.1720,40320.5078
2026-06-10,39812.5190,42780.7779,39503.7404,40489.8398
2026-06-11,38398.1142,40310.5495,37631.1480,40041.6133
2026-06-12,41834.5206,44414.3160,41655.2298,43826.6406
2026-06-15,45818.7612,48448.3596,45280.8887,48109.6992
2026-06-16,47412.4575,48079.8177,46266.9884,46386.5156
2026-06-17,45689.2733,52771.2601,45589.6673,52492.3633
2026-06-18,53488.4210,57104.1187,51705.4736,56227.5859
2026-06-19,57273.4503,58349.1951,53647.7918,54882.9062
2026-06-22,54584.0869,57323.2519,54155.7811,57263.4883
2026-06-23,57044.3574,58259.5506,51635.7515,51795.1211
2026-06-24,52332.9935,52731.4175,49793.0404,50410.5977
2026-06-25,52402.7184,53229.4483,50669.5740,52970.4727
2026-06-26,51386.7354,52313.0712,49065.9156,49803.0000
2026-06-29,50400.0000,50480.0000,46570.0000,49200.0000
2026-06-30,50600.0000,50910.0000,48710.0000,49700.0000
2026-07-01,52180.0000,54080.0000,50380.0000,50790.0000
2026-07-02,47690.0000,49030.0000,46950.0000,47740.0000
2026-07-03,46000.0000,47650.0000,44340.0000,47650.0000
2026-07-06,47740.0000,48490.0000,45550.0000,47040.0000
2026-07-07,45990.0000,46050.0000,43420.0000,44050.0000
2026-07-08,42650.0000,44300.0000,42000.0000,42000.0000
2026-07-09,43030.0000,43850.0000,41810.0000,43020.0000
2026-07-10,44080.0000,45480.0000,43470.0000,44380.0000
2026-07-13,44130.0000,47680.0000,44020.0000,44770.0000
2026-07-14,44560.0000,45230.0000,43400.0000,45100.0000
2026-07-15,47060.0000,50940.0000,46830.0000,49690.0000
2026-07-16,47150.0000,47860.0000,45330.0000,46370.0000
2026-07-17,43000.0000,43280.0000,39850.0000,41890.0000
2026-07-21,41900.0000,42810.0000,40050.0000,42670.0000
2026-07-22,44770.0000,45000.0000,42720.0000,42990.0000
2026-07-23,45000.0000,46790.0000,44740.0000,45130.0000
2026-07-24,44810.0000,45500.0000,42630.0000,43170.0000
2026-07-27,43870.0000,44380.0000,42800.0000,43560.0000
2026-07-28,40000.0000,40060.0000,37110.0000,37440.0000
2026-07-29,37450.0000,38410.0000,33330.0000,34330.0000
2026-07-30,34350.0000,35860.0000,33200.0000,33620.0000
2026-07-31,38520.0000,39000.0000,37190.0000,37910.0000
2026-08-03,37210.0000,41520.0000,37200.0000,40910.0000
2026-08-04,41520.0000,44100.0000,40870.0000,44100.0000
2026-08-05,45140.0000,46870.0000,44560.0000,46680.0000
2026-08-06,45280.0000,45850.0000,43250.0000,43330.0000
2026-08-07,40000.0000,40410.0000,37040.0000,37460.0000
2026-08-10,38160.0000,39930.0000,37740.0000,39590.0000
2026-08-12,39240.0000,39460.0000,38220.0000,38980.0000
2026-08-13,40470.0000,41580.0000,40140.0000,40490.0000
2026-08-14,41530.0000,41680.0000,38400.0000,38820.0000
2026-08-17,38800.0000,39280.0000,38120.0000,39260.0000
2026-08-18,39290.0000,39580.0000,36710.0000,37020.0000
2026-08-19,34920.0000,36040.0000,34610.0000,35210.0000
2026-08-20,34750.0000,35110.0000,34220.0000,34930.0000
2026-08-21,34230.0000,35280.0000,33760.0000,35120.0000
2026-08-24,35500.0000,35660.0000,34200.0000,34810.0000
2026-08-25,33910.0000,35230.0000,33260.0000,34950.0000
2026-08-26,34250.0000,34900.0000,33440.0000,34620.0000
2026-08-27,35220.0000,35410.0000,33680.0000,34610.0000
2026-08-28,34590.0000,35430.0000,34500.0000,34640.0000
2026-08-31,33100.0000,33790.0000,32640.0000,33640.0000
2026-09-01,32940.0000,33420.0000,32130.0000,33080.0000
2026-09-02,32380.0000,32930.0000,32080.0000,32350.0000
2026-09-03,32040.0000,34060.0000,31840.0000,33690.0000
2026-09-04,32990.0000,34080.0000,32680.0000,33180.0000
2026-09-07,34610.0000,36430.0000,34600.0000,35590.0000
2026-09-08,35280.0000,35910.0000,34620.0000,34910.0000
2026-09-09,36100.0000,38190.0000,34980.0000,35280.0000
2026-09-10,35980.0000,36430.0000,35100.0000,36320.0000
2026-09-11,34300.0000,34700.0000,33660.0000,34570.0000
2026-09-14,33330.0000,34700.0000,33200.0000,34480.0000
2026-09-15,33780.0000,36070.0000,33710.0000,35590.0000
2026-09-16,35200.0000,35770.0000,34770.0000,35750.0000
2026-09-17,36450.0000,36450.0000,34670.0000,35960.0000
2026-09-18,37360.0000,39790.0000,37220.0000,39090.0000
2026-09-24,39600.0000,40460.0000,38470.0000,39780.0000
2026-09-25,40250.0000,41480.0000,40060.0000,40910.0000
2026-09-28,40880.0000,41450.0000,40000.0000,40000.0000
2026-09-29,40480.0000,41580.0000,39830.0000,41000.0000
2026-09-30,42030.0000,42860.0000,40730.0000,41130.0000
2026-10-01,42200.0000,45910.0000,42180.0000,45710.0000
2026-10-02,46110.0000,48950.0000,45730.0000,46130.0000
2026-10-05,47000.0000,47430.0000,45550.0000,46190.0000
2026-10-06,45610.0000,46820.0000,45400.0000,46550.0000
2026-10-07,45970.0000,47260.0000,45500.0000,46700.0000
2026-10-08,46380.0000,47760.0000,45200.0000,46610.0000
