Date,Open,High,Low,Close
2001-01-04,1104.6480,1138.1948,1090.2708,1135.1996
2001-01-05,1126.2141,1152.5723,1117.8274,1152.5723
2001-01-08,1152.5723,1152.5723,1152.5723,1152.5723
2001-01-09,1129.2092,1137.5959,1097.4595,1114.2329
2001-01-10,1115.4311,1115.4311,1078.2900,1107.0444
2001-01-11,1096.2613,1099.2566,1077.0917,1099.2566
2001-01-12,1108.2423,1135.1995,1105.8461,1123.2185
2001-01-15,1132.2043,1144.1853,1126.2138,1144.1853
2001-01-16,1144.1855,1150.1760,1136.9969,1142.3883
2001-01-17,1102.2520,1102.2520,1075.2948,1080.0872
2001-01-18,1101.0539,1103.4501,1090.2710,1100.4548
2001-01-19,1105.2468,1105.2468,1066.3086,1072.2991
2001-01-22,1068.1061,1068.1061,1016.5878,1053.7289
2001-01-23,1053.7289,1096.2614,1048.9365,1090.8700
2001-01-24,1114.8323,1117.2285,1108.2428,1111.2380
2001-01-25,1106.4453,1106.4453,1084.2805,1104.6482
2001-01-26,1096.2614,1096.2614,1074.6956,1090.2709
2001-01-29,1108.2423,1123.2185,1106.4451,1123.2185
2001-01-30,1132.8034,1144.1853,1105.2471,1112.4357
2001-01-31,1116.6289,1129.8080,1102.2517,1124.4165
2001-02-01,1114.8317,1129.2089,1114.8317,1128.6099
2001-02-02,1127.4118,1127.4118,1120.2232,1120.8223
2001-02-05,1126.8126,1144.1850,1121.4211,1135.7983
2001-02-06,1114.8319,1116.0300,1093.2661,1108.2423
2001-02-07,1122.0209,1128.0114,1119.6247,1122.0209
2001-02-08,1138.7939,1139.9920,1129.2091,1134.0015
2001-02-09,1132.2041,1144.1851,1126.8127,1137.5956
2001-02-12,1137.5956,1137.5956,1137.5956,1137.5956
2001-02-13,1135.7988,1148.9779,1133.4026,1142.9874
2001-02-14,1119.0255,1154.9685,1119.0255,1141.1903
2001-02-15,1153.1709,1171.1424,1153.1709,1154.3690
2001-02-16,1163.9539,1196.9017,1162.7558,1183.1235
2001-02-19,1161.5577,1186.1188,1161.5577,1186.1188
2001-02-20,1183.1235,1183.7225,1157.3643,1162.1567
2001-02-21,1153.1711,1153.1711,1137.5958,1144.1853
2001-02-22,1136.3975,1141.7890,1129.8080,1132.8032
2001-02-23,1128.0109,1139.9919,1126.8128,1134.6005
2001-02-26,1135.7987,1167.5483,1121.4215,1165.1521
2001-02-27,1150.1759,1160.3597,1150.1759,1160.3597
2001-02-28,1144.1853,1151.3739,1138.1948,1144.1853
2001-03-01,1142.9875,1144.1856,1108.2426,1119.0255
2001-03-02,1087.2759,1089.6721,1080.0873,1084.2806
2001-03-05,1082.4833,1105.2472,1079.4880,1085.4785
2001-03-06,1097.4594,1101.6527,1087.8746,1101.6527
2001-03-07,1142.9871,1166.3501,1135.1995,1162.1567
2001-03-08,1179.5293,1179.5293,1150.1759,1165.1521
2001-03-09,1177.1330,1191.5102,1162.1567,1190.9111
2001-03-12,1166.3502,1172.9397,1162.7559,1165.1521
2001-03-13,1134.0014,1164.5529,1126.8128,1162.1567
2001-03-14,1162.1567,1162.1567,1162.1567,1162.1567
2001-03-15,1138.1951,1192.1096,1132.8036,1188.5153
2001-03-16,1198.1002,1308.3255,1198.1002,1276.5758
2001-03-19,1246.6228,1293.9477,1240.0333,1282.5658
2001-03-20,1282.5658,1282.5658,1282.5658,1282.5658
2001-03-21,1250.2171,1273.5801,1236.4390,1247.8209
2001-03-22,1246.6230,1252.0145,1198.1000,1201.0952
2001-03-23,1185.5199,1216.6705,1185.5199,1201.0952
2001-03-26,1252.0143,1257.4058,1204.0903,1257.4058
2001-03-27,1273.0259,1273.0259,1223.7629,1223.7629
2001-03-28,1231.5727,1231.5727,1207.5420,1215.9528
2001-03-29,1198.5307,1227.3675,1188.9184,1197.9299
2001-03-30,1217.1545,1249.5959,1217.1545,1229.1698
2001-04-02,1237.5807,1260.4099,1223.7631,1258.0068
2001-04-03,1261.0105,1310.8741,1261.0105,1310.8741
2001-04-04,1296.4557,1320.4864,1286.8434,1297.6572
2001-04-05,1312.0756,1312.0756,1297.6572,1297.6572
2001-04-06,1309.0722,1309.0722,1273.0261,1273.0261
2001-04-09,1263.4136,1272.4251,1223.7630,1234.5768
2001-04-10,1237.5806,1237.5806,1195.5269,1195.5269
2001-04-11,1224.9645,1224.9645,1195.5269,1195.5269
2001-04-12,1234.5766,1234.5766,1193.1237,1196.7283
2001-04-13,1184.7131,1184.7131,1140.2563,1145.6632
2001-04-16,1136.6519,1141.4580,1123.4350,1141.4580
2001-04-17,1141.4578,1178.1046,1141.4578,1178.1046
2001-04-18,1131.8453,1291.6494,1116.2254,1278.4325
2001-04-19,1291.6495,1327.0948,1232.1736,1247.1927
2001-04-20,1212.9489,1219.5574,1156.4768,1181.1083
2001-04-23,1162.4846,1172.6976,1143.2600,1163.0853
2001-04-24,1158.8800,1165.4884,1146.2639,1165.4884
2001-04-25,1167.8916,1180.5077,1162.4847,1175.1008
2001-04-26,1167.8916,1180.5077,1162.4847,1175.1008
2001-04-27,1189.5189,1190.7205,1184.7128,1189.5189
2001-04-30,1189.5189,1189.5189,1189.5189,1189.5189
2001-05-01,1226.7665,1254.4018,1224.9642,1250.1964
2001-05-02,1260.4095,1298.8586,1249.5957,1294.6532
2001-05-03,1294.6532,1294.6532,1294.6532,1294.6532
2001-05-04,1294.6532,1294.6532,1294.6532,1294.6532
2001-05-07,1282.0372,1324.6917,1282.0372,1313.2771
2001-05-08,1297.6573,1298.8589,1283.2389,1290.4481
2001-05-09,1273.6270,1303.6654,1225.5656,1227.3679
2001-05-10,1227.3674,1254.4019,1227.3674,1236.3789
2001-05-11,1257.4059,1284.4404,1249.5959,1249.5959
2001-05-14,1262.8127,1262.8127,1248.9950,1253.8011
2001-05-15,1254.4021,1254.4021,1235.1776,1240.5845
2001-05-16,1231.5729,1235.7783,1201.5345,1201.5345
2001-05-17,1237.5804,1237.5804,1214.7513,1231.5728
2001-05-18,1250.7971,1276.0294,1245.9910,1259.2079
2001-05-21,1270.6226,1273.6265,1251.9988,1253.8011
2001-05-22,1297.0563,1321.6878,1297.0563,1310.2732
2001-05-23,1318.0834,1353.5287,1283.8397,1285.6420
2001-05-24,1261.0104,1347.5209,1261.0104,1284.4403
2001-05-25,1337.3077,1348.1215,1317.4824,1340.3115
2001-05-28,1336.7069,1416.0082,1336.1062,1381.1637
2001-05-29,1399.7879,1426.2216,1399.7879,1414.2063
2001-05-30,1384.1674,1385.3690,1357.7337,1372.1521
2001-05-31,1349.3235,1412.4041,1349.3235,1370.3503
2001-06-01,1358.9354,1363.7416,1355.3308,1355.3308
2001-06-04,1373.3534,1417.8101,1373.3534,1406.9963
2001-06-05,1388.9736,1388.9736,1345.7184,1358.3345
2001-06-06,1388.3731,1392.5785,1375.7570,1388.9739
2001-06-07,1381.1639,1381.1639,1367.3463,1373.9547
2001-06-08,1381.7645,1387.7722,1351.7262,1366.7454
2001-06-11,1364.3423,1373.3538,1360.1369,1369.1484
2001-06-12,1354.1288,1354.1288,1321.6874,1321.6874
2001-06-13,1339.7107,1357.1330,1335.5054,1348.1215
2001-06-14,1343.3156,1393.7800,1343.3156,1385.3693
2001-06-15,1348.1214,1375.1559,1339.7107,1372.1521
2001-06-18,1354.1295,1401.5901,1354.1295,1401.5901
2001-06-19,1387.1714,1395.5821,1363.1407,1381.1637
2001-06-20,1384.7685,1384.7685,1368.5478,1376.3578
2001-06-21,1400.3885,1412.4039,1399.7877,1405.7954
2001-06-22,1435.8338,1495.9105,1433.4307,1495.9105
2001-06-25,1477.8875,1489.9028,1433.4307,1438.2368
2001-06-26,1441.8412,1443.6435,1434.6320,1441.8412
2001-06-27,1422.6168,1431.0276,1417.8107,1428.6245
2001-06-28,1403.9930,1405.1946,1370.3501,1375.7570
2001-06-29,1393.7800,1401.5900,1357.7340,1381.7646
2001-07-02,1396.1827,1411.8026,1389.5743,1402.7911
2001-07-03,1407.5977,1436.4346,1397.9855,1436.4346
2001-07-04,1431.6283,1431.6283,1420.2138,1423.8184
2001-07-05,1420.8145,1438.8375,1420.8145,1432.8298
2001-07-06,1432.8302,1473.6824,1432.8302,1449.0509
2001-07-09,1406.3962,1438.8376,1406.3962,1424.4192
2001-07-10,1424.4193,1425.6208,1399.7878,1423.2178
2001-07-11,1418.4115,1441.8414,1409.3999,1425.0199
2001-07-12,1402.7913,1402.7913,1378.7606,1384.7683
2001-07-13,1396.7835,1396.7835,1364.9428,1371.5513
2001-07-16,1378.7609,1388.3731,1373.9547,1379.9624
2001-07-17,1373.3541,1405.7956,1373.3541,1395.5825
2001-07-18,1406.9971,1408.7994,1381.7649,1390.7764
2001-07-19,1372.7533,1424.4193,1372.7533,1410.6017
2001-07-20,1410.6017,1410.6017,1410.6017,1410.6017
2001-07-23,1381.7647,1381.7647,1330.6995,1350.5248
2001-07-24,1332.5018,1351.7264,1321.6880,1334.9049
2001-07-25,1315.6801,1338.5093,1310.2732,1319.8855
2001-07-26,1315.0793,1315.0793,1280.8356,1310.2732
2001-07-27,1322.2884,1360.1368,1321.6877,1357.1329
2001-07-30,1386.5707,1402.1906,1379.3615,1386.5707
2001-07-31,1332.5016,1343.3154,1327.6954,1327.6954
2001-08-01,1309.6725,1315.6802,1291.6495,1315.6802
2001-08-02,1333.7038,1345.1183,1321.6884,1343.3160
2001-08-03,1326.4935,1341.5127,1319.8851,1321.6874
2001-08-06,1321.0871,1326.4940,1301.8625,1315.6802
2001-08-07,1288.0451,1303.0643,1288.0451,1303.0643
2001-08-08,1272.4248,1275.4287,1258.6072,1264.6149
2001-08-09,1210.5462,1231.5731,1210.5462,1225.5654
2001-08-10,1262.2118,1280.2348,1260.4095,1270.6226
2001-08-13,1265.2159,1310.2735,1265.2159,1303.6650
2001-08-14,1295.2538,1321.6876,1282.6377,1321.0868
2001-08-15,1311.4750,1311.4750,1274.2274,1286.8435
2001-08-16,1188.9180,1197.9295,1159.4804,1187.1157
2001-08-17,1196.1275,1217.1544,1196.1275,1196.7283
2001-08-20,1195.5266,1195.5266,1161.8836,1189.5189
2001-08-21,1199.7318,1208.7433,1188.3172,1199.7318
2001-08-22,1156.4768,1163.6860,1136.6515,1162.4845
2001-08-23,1186.5150,1196.7280,1100.6053,1109.6168
2001-08-24,1142.6595,1169.0933,1141.4580,1150.4695
2001-08-27,1198.5304,1204.5380,1150.4690,1152.8721
2001-08-28,1170.2948,1172.6979,1141.4580,1148.0664
2001-08-29,1147.4656,1154.0740,1128.8418,1132.4464
2001-08-30,1120.4311,1134.2487,1103.0088,1132.4464
2001-08-31,1132.4463,1143.8609,1127.0394,1131.2448
2001-09-03,1143.2604,1146.2642,1113.8228,1116.2258
2001-09-04,1132.4465,1141.4580,1118.6288,1141.4580
2001-09-05,1140.8567,1146.2636,1127.6398,1139.6552
2001-09-06,1143.8611,1147.4657,1137.8534,1147.4657
2001-09-07,1134.2485,1134.2485,1123.4347,1127.0393
2001-09-10,1111.4193,1123.4346,1104.2101,1104.2101
2001-09-11,1092.1945,1100.6052,1051.3423,1069.3654
2001-09-12,1069.3654,1069.3654,1069.3654,1069.3654
2001-09-13,961.2277,961.2277,949.2123,949.2123
2001-09-14,937.1968,985.8589,889.7362,985.8589
2001-09-17,874.7172,901.1509,871.1126,875.9187
2001-09-18,852.4888,852.4888,776.1913,812.2374
2001-09-19,896.3447,932.3907,886.7324,932.3907
2001-09-20,930.5887,943.8056,893.3412,931.1895
2001-09-21,847.0817,910.1623,829.6595,907.1584
2001-09-24,907.1584,907.1584,907.1584,907.1584
2001-09-25,956.0149,967.4750,927.6662,954.2054
2001-09-26,944.5550,957.8246,942.7455,948.1740
2001-09-27,964.4592,983.7604,959.6339,964.4592
2001-09-28,964.4592,964.4592,964.4592,964.4592
2001-10-01,1033.8229,1053.7273,1033.8229,1038.0450
2001-10-02,1043.4735,1056.1399,1040.4576,1056.1399
2001-10-03,1068.2031,1074.2347,1051.3145,1059.1556
2001-10-04,1083.2825,1094.1395,1077.8541,1080.8699
2001-10-05,1098.3617,1141.7895,1097.1554,1118.2661
2001-10-08,1118.2661,1118.2661,1118.2661,1118.2661
2001-10-09,1082.0759,1083.2823,1079.0601,1081.4728
2001-10-10,1073.0283,1092.3296,1049.5050,1077.2505
2001-10-11,1089.3144,1129.7264,1089.3144,1129.7264
2001-10-12,1173.7569,1226.8353,1154.4556,1177.3759
2001-10-15,1170.1380,1187.0266,1170.1380,1179.1854
2001-10-16,1144.2018,1149.6302,1136.3606,1144.8049
2001-10-17,1170.7411,1182.8044,1170.7411,1174.9633
2001-10-18,1168.3282,1172.5503,1152.6459,1155.6617
2001-10-19,1142.9955,1150.8366,1127.3132,1127.3132
2001-10-22,1167.7251,1179.7884,1161.6935,1176.1694
2001-10-23,1200.2961,1203.3119,1182.8043,1191.8518
2001-10-24,1189.4390,1191.8517,1176.1694,1176.1694
2001-10-25,1180.3917,1200.8993,1167.1221,1181.5980
2001-10-26,1187.0267,1188.2330,1176.1697,1179.7887
2001-10-29,1180.9950,1200.2962,1180.9950,1192.4551
2001-10-30,1173.1535,1175.5661,1132.7415,1141.1858
2001-10-31,1112.2342,1155.0588,1112.2342,1145.4082
2001-11-01,1156.2654,1156.2654,1144.2022,1148.4243
2001-11-02,1172.5506,1183.4075,1170.7411,1171.9474
2001-11-05,1194.8676,1212.3593,1193.0581,1209.3435
2001-11-06,1235.8829,1316.7069,1235.8829,1313.0879
2001-11-07,1320.9289,1320.9289,1258.8031,1260.6125
2001-11-08,1242.5175,1256.9934,1231.0574,1246.7396
2001-11-09,1246.7396,1246.7396,1246.7396,1246.7396
2001-11-12,1240.1048,1252.7712,1240.1048,1249.7554
2001-11-13,1229.2480,1229.2480,1202.7088,1221.4069
2001-11-14,1243.7239,1251.5650,1211.1530,1214.1688
2001-11-15,1218.9943,1240.7083,1180.9950,1240.7083
2001-11-16,1238.8984,1278.7072,1237.6921,1254.5807
2001-11-19,1256.3904,1290.7708,1238.2955,1285.3423
2001-11-20,1294.9925,1295.5956,1266.6438,1293.1830
2001-11-21,1275.0884,1291.3738,1262.4220,1283.5327
2001-11-22,1282.9296,1282.9296,1245.5334,1272.0726
2001-11-23,1272.0726,1272.0726,1272.0726,1272.0726
2001-11-26,1299.2149,1301.6276,1260.0092,1261.2156
2001-11-27,1261.2159,1279.3109,1241.3115,1241.3115
2001-11-28,1259.4062,1290.7707,1256.9935,1267.2473
2001-11-29,1266.6441,1269.6599,1245.5334,1247.9460
2001-11-30,1266.0409,1287.1516,1262.4219,1277.5010
2001-12-03,1288.9610,1308.2622,1273.8819,1308.2622
2001-12-04,1298.0086,1338.4206,1276.2947,1334.8016
2001-12-05,1352.8969,1411.4038,1352.8969,1402.3563
2001-12-06,1420.4508,1437.9426,1356.5155,1393.9116
2001-12-07,1356.5156,1357.1188,1328.7701,1357.1188
2001-12-10,1383.6581,1383.6581,1357.7220,1369.1821
2001-12-11,1370.3883,1392.7053,1369.1819,1381.8484
2001-12-12,1393.9117,1399.3402,1363.1503,1375.2136
2001-12-13,1384.2610,1393.3085,1368.5788,1387.8800
2001-12-14,1315.5007,1333.5956,1303.4374,1317.3102
2001-12-17,1320.3259,1336.6114,1308.8658,1309.4690
2001-12-18,1326.9608,1345.0558,1310.0722,1336.0083
2001-12-19,1356.5156,1375.2137,1342.0397,1355.9125
2001-12-20,1367.3729,1374.6108,1333.5957,1349.2780
2001-12-21,1340.2298,1361.3406,1310.0717,1361.3406
2001-12-24,1361.3406,1361.3406,1361.3406,1361.3406
2001-12-25,1312.4849,1332.9924,1312.4849,1332.3893
2001-12-26,1326.3576,1326.9608,1311.8817,1317.9133
2001-12-27,1330.5797,1348.0714,1330.5797,1348.0714
2001-12-28,1356.5157,1375.8169,1356.5157,1369.1821
2001-12-31,1369.1821,1369.1821,1369.1821,1369.1821
2002-01-01,1369.1821,1369.1821,1369.1821,1369.1821
2002-01-02,1369.1821,1369.1821,1369.1821,1369.1821
2002-01-03,1369.1821,1369.1821,1369.1821,1369.1821
2002-01-04,1405.3719,1415.0225,1401.7529,1413.8162
2002-01-07,1375.2137,1380.6421,1369.1820,1378.8326
2002-01-08,1377.6263,1389.0865,1364.3567,1372.8010
2002-01-09,1369.1816,1369.1816,1353.4994,1360.1342
2002-01-10,1326.3573,1326.9605,1284.7390,1284.7390
2002-01-11,1266.6437,1275.6912,1263.6279,1270.2627
2002-01-14,1270.2627,1270.2627,1270.2627,1270.2627
2002-01-15,1151.4398,1209.9467,1145.4081,1184.0106
2002-01-16,1208.1373,1225.6290,1208.1373,1221.4069
2002-01-17,1230.4544,1260.6126,1224.4227,1260.0094
2002-01-18,1307.6591,1329.9762,1302.8338,1326.3572
2002-01-21,1311.8815,1332.9922,1304.6435,1327.5637
2002-01-22,1319.7227,1319.7227,1285.3423,1293.7866
2002-01-23,1273.8822,1274.4854,1255.1841,1263.0253
2002-01-24,1263.0251,1263.0251,1224.4226,1248.5492
2002-01-25,1263.0250,1269.6598,1249.7554,1254.5807
2002-01-28,1266.6441,1273.8821,1242.5176,1248.5492
2002-01-29,1247.9459,1247.9459,1199.6928,1200.8992
2002-01-30,1177.3756,1182.8041,1166.5187,1170.7408
2002-01-31,1170.7408,1170.7408,1170.7408,1170.7408
2002-02-01,1174.3601,1174.3601,1112.2342,1134.5513
2002-02-04,1100.1710,1104.3932,1094.7425,1100.1710
2002-02-05,1091.7269,1156.8686,1089.3142,1138.7737
2002-02-06,1150.8367,1196.6771,1150.8367,1171.9474
2002-02-07,1158.0746,1182.2012,1146.0113,1162.2968
2002-02-08,1170.7411,1179.1854,1145.4082,1160.4873
2002-02-11,1160.4873,1160.4873,1160.4873,1160.4873
2002-02-12,1205.1211,1211.7559,1200.8989,1205.1211
2002-02-13,1203.3120,1212.9627,1191.2488,1192.4551
2002-02-14,1202.1057,1224.4227,1170.1380,1179.1854
2002-02-15,1178.5823,1188.2329,1175.5665,1187.6298
2002-02-18,1191.8519,1191.8519,1170.1380,1174.3601
2002-02-19,1168.3285,1170.7412,1144.8051,1152.6462
2002-02-20,1148.4240,1169.5347,1136.9639,1136.9639
2002-02-21,1136.3609,1136.3609,1106.2027,1124.2976
2002-02-22,1117.6627,1150.8367,1109.8215,1146.0114
2002-02-25,1146.0116,1146.6148,1102.5838,1109.2186
2002-02-26,1136.3607,1138.7733,1120.6784,1127.3132
2002-02-27,1149.0272,1176.7728,1147.8209,1149.0272
2002-02-28,1171.9477,1196.6774,1171.9477,1173.7572
2002-03-01,1187.6297,1202.7088,1187.6297,1199.0898
2002-03-04,1197.8833,1264.2313,1197.8833,1255.7870
2002-03-05,1265.4379,1284.7392,1253.9778,1263.0253
2002-03-06,1244.9301,1257.5966,1212.9624,1226.8352
2002-03-07,1226.2322,1226.8354,1176.1696,1218.3911
2002-03-08,1200.2962,1223.8196,1192.4550,1194.2645
2002-03-11,1260.6126,1260.6126,1220.8038,1223.8196
2002-03-12,1255.7876,1275.6920,1225.6294,1225.6294
2002-03-13,1212.3595,1270.2633,1212.3595,1266.0411
2002-03-14,1254.5810,1263.0253,1233.4702,1252.7715
2002-03-15,1279.9138,1296.8024,1258.1999,1266.6442
2002-03-18,1273.8822,1273.8822,1236.4860,1239.5018
2002-03-19,1248.5493,1266.0410,1238.8987,1260.0094
2002-03-20,1266.6443,1272.6759,1249.7557,1272.6759
2002-03-21,1272.6759,1272.6759,1272.6759,1272.6759
2002-03-22,1261.8189,1261.8189,1227.4385,1229.8512
2002-03-25,1211.7560,1212.9623,1204.5180,1206.3275
2002-03-26,1207.5390,1207.5390,1182.7100,1186.9491
2002-03-27,1162.7256,1193.6105,1159.0921,1184.5267
2002-03-28,1196.6384,1196.6384,1166.3591,1172.4149
2002-03-29,1185.7379,1196.0329,1183.9212,1186.9491
2002-04-01,1186.9490,1197.2439,1168.7814,1168.7814
2002-04-02,1186.3437,1228.1292,1186.3437,1228.1292
2002-04-03,1226.9174,1249.3240,1217.8336,1242.6626
2002-04-04,1244.4798,1259.0138,1231.1569,1232.9736
2002-04-05,1251.1413,1251.1413,1217.8340,1223.2843
2002-04-08,1201.4828,1205.1163,1193.0046,1200.2716
2002-04-09,1201.4834,1209.3560,1180.8934,1181.4990
2002-04-10,1185.1323,1195.4273,1179.0765,1186.3435
2002-04-11,1210.5669,1210.5669,1146.3748,1146.3748
2002-04-12,1085.8161,1102.7726,1056.7480,1083.3938
2002-04-15,1107.6171,1107.6171,1077.9433,1091.8718
2002-04-16,1092.4778,1096.7169,1072.4934,1093.6890
2002-04-17,1117.9122,1132.4463,1113.6731,1114.2787
2002-04-18,1125.1790,1126.3902,1111.2505,1116.7008
2002-04-19,1081.5770,1084.6049,1071.8876,1076.7323
2002-04-22,1065.8318,1107.0116,1059.7759,1096.1111
2002-04-23,1090.0553,1092.4776,1083.9994,1090.0553
2002-04-24,1076.7323,1093.6887,1073.7044,1080.3658
2002-04-25,1083.9993,1086.4217,1073.7044,1074.3099
2002-04-26,1064.0152,1064.0152,1053.7202,1055.5370
2002-04-29,1055.5370,1055.5370,1055.5370,1055.5370
2002-04-30,1067.6486,1090.0553,1055.5369,1086.4218
2002-05-01,1095.5057,1096.1113,1088.2387,1091.2666
2002-05-02,1094.2945,1094.9001,1087.6331,1091.2666
2002-05-03,1091.2666,1091.2666,1091.2666,1091.2666
2002-05-06,1091.2666,1091.2666,1091.2666,1091.2666
2002-05-07,1091.8719,1119.7288,1091.8719,1114.8842
2002-05-08,1114.2785,1125.1791,1109.4338,1109.4338
2002-05-09,1133.6576,1134.2631,1111.8564,1111.8564
2002-05-10,1111.8565,1133.6577,1099.1392,1125.7850
2002-05-13,1107.6172,1110.6452,1096.1111,1097.3223
2002-05-14,1109.4338,1119.1231,1096.1109,1099.7444
2002-05-15,1123.9680,1153.0361,1117.3065,1150.0082
2002-05-16,1137.8965,1154.8529,1125.7847,1150.0082
2002-05-17,1156.6695,1161.5142,1116.7008,1116.7008
2002-05-20,1120.9402,1135.4742,1117.3066,1117.9122
2002-05-21,1116.7010,1116.7010,1102.1669,1105.1948
2002-05-22,1083.3938,1101.5614,1067.6486,1083.3938
2002-05-23,1082.1826,1087.6329,1067.6486,1070.0709
2002-05-24,1069.4656,1074.3103,1057.3539,1060.9874
2002-05-27,1064.0150,1078.5491,1062.1983,1065.8318
2002-05-28,1077.9436,1090.0554,1076.1269,1082.7883
2002-05-29,1080.9716,1083.9995,1062.1984,1064.0151
2002-05-30,1066.4375,1111.2509,1062.8040,1099.1392
2002-05-31,1074.9156,1076.7324,1051.2977,1051.9033
2002-06-03,1060.3818,1073.7047,1053.7203,1071.2823
2002-06-04,1056.7480,1071.2820,1047.0586,1047.0586
2002-06-05,1059.1702,1060.9870,1051.2976,1053.7200
2002-06-06,1047.6643,1047.6643,1012.5403,1017.9905
2002-06-07,1018.5957,1022.8348,1011.3287,1014.3566
2002-06-10,1030.1023,1035.5526,1017.3850,1017.3850
2002-06-11,1021.6240,1033.7357,1016.7793,1016.7793
2002-06-12,995.5834,1004.0616,985.8940,986.4996
2002-06-13,999.2173,1004.6675,975.5994,1002.8508
2002-06-14,1023.4407,1025.8630,1001.0340,1001.0340
2002-06-17,998.0060,998.0060,978.0217,993.1613
2002-06-18,1005.2734,1005.2734,985.2891,992.5561
2002-06-19,990.7387,993.7666,968.9376,968.9376
2002-06-20,970.1490,998.6115,957.4317,995.5836
2002-06-21,983.4723,1004.0622,975.5996,997.4008
2002-06-24,985.2884,1027.6794,985.2884,1026.4683
2002-06-25,1027.0742,1050.6921,1027.0742,1047.0586
2002-06-26,1019.2013,1025.8627,990.7387,1016.1733
2002-06-27,1048.8752,1057.3534,1036.1579,1045.2417
2002-06-28,1064.0151,1065.8319,1040.3973,1064.0151
2002-07-01,1066.4376,1074.9158,1053.7203,1063.4097
2002-07-02,1044.6364,1056.1425,1025.2576,1049.4811
2002-07-03,1025.2576,1067.6487,1025.2576,1049.4811
2002-07-04,1037.3692,1037.9748,1002.8508,1002.8508
2002-07-05,1014.9622,1026.4683,1008.3008,1014.3566
2002-07-08,1038.5804,1038.5804,996.1894,996.1894
2002-07-09,992.5558,1004.6675,987.7111,990.7390
2002-07-10,990.7391,998.0062,981.6554,984.0777
2002-07-11,973.1770,987.7111,968.3323,971.9658
2002-07-12,987.7112,988.9224,971.9660,979.8386
2002-07-15,968.9383,968.9383,927.7584,927.7584
2002-07-16,936.2364,941.6867,910.8018,913.8297
2002-07-17,908.3796,919.8857,895.0567,904.7460
2002-07-18,919.8858,950.1651,911.4076,939.2646
2002-07-19,927.1527,938.6588,921.0968,930.1806
2002-07-22,905.9570,935.6308,902.3235,924.1246
2002-07-23,922.9132,922.9132,903.5345,908.3792
2002-07-24,902.3234,944.1089,895.0564,920.4910
2002-07-25,919.2799,919.8855,898.0844,898.0844
2002-07-26,879.3113,890.2119,849.6376,850.2432
2002-07-29,854.4822,889.6062,850.8487,866.5939
2002-07-30,902.9291,919.2800,895.0565,919.2800
2002-07-31,921.7025,930.7863,902.3237,902.3237
2002-08-01,903.5345,913.8294,899.2954,908.3792
2002-08-02,872.6495,890.2115,859.9322,870.2272
2002-08-05,870.2274,882.9447,865.9883,872.6498
2002-08-06,866.5939,872.6498,847.8207,864.7772
2002-08-07,871.4385,896.8731,871.4385,890.2117
2002-08-08,895.6621,895.6621,886.5783,893.2397
2002-08-09,902.3237,905.9572,889.0008,896.2678
2002-08-12,893.8455,899.2958,875.0723,875.0723
2002-08-13,864.1718,878.1003,864.1718,875.0723
2002-08-14,871.4387,877.4946,861.1437,867.8052
2002-08-15,866.5943,877.4948,844.7932,844.7932
2002-08-16,872.6498,878.1001,866.5939,873.8610
2002-08-19,869.6218,869.6218,845.3984,846.6096
2002-08-20,852.0598,859.9325,846.6096,846.6096
2002-08-21,846.6096,853.8767,846.6096,849.6376
2002-08-22,851.4542,878.1000,848.4263,872.0441
2002-08-23,872.0441,872.0441,872.0441,872.0441
2002-08-26,901.7182,938.6590,901.7182,927.7584
2002-08-27,931.9972,931.9972,895.6620,898.0844
2002-08-28,895.6621,918.6744,895.6621,907.1682
2002-08-29,898.6901,912.0130,882.9449,887.1840
2002-08-30,890.8174,890.8174,859.9325,863.5660
2002-09-02,865.9881,874.4663,860.5378,861.1434
2002-09-03,859.9326,861.1437,845.3985,846.0041
2002-09-04,835.7088,835.7088,806.6407,825.4139
2002-09-05,845.3980,864.1711,840.5533,864.1711
2002-09-06,818.1469,850.8485,811.4854,844.1871
2002-09-09,856.9046,864.1716,854.4822,855.0878
2002-09-10,856.9046,865.9884,838.7370,839.9482
2002-09-11,841.7648,856.2988,841.7648,848.4262
2002-09-12,856.2989,877.4945,846.6096,870.8330
2002-09-13,862.3544,864.7767,856.9041,864.1711
2002-09-16,864.1711,864.1711,864.1711,864.1711
2002-09-17,888.3949,907.7737,878.7056,901.7178
2002-09-18,899.9013,914.4354,884.7616,914.4354
2002-09-19,945.3201,962.8821,910.1961,910.1961
2002-09-20,881.1281,899.9013,872.6499,876.2834
2002-09-23,876.2834,876.2834,876.2834,876.2834
2002-09-24,864.1716,866.5939,855.6934,865.3828
2002-09-25,853.2114,859.2971,849.5600,858.0800
2002-09-26,882.4227,890.9426,880.5970,880.5970
2002-09-27,881.2054,881.2054,846.5171,859.9056
2002-09-30,860.5140,867.2082,855.6454,867.2082
2002-10-01,851.9943,855.6457,839.2144,842.2572
2002-10-02,816.0889,816.6974,778.9663,784.4434
2002-10-03,749.1464,749.1464,665.7726,710.1981
2002-10-04,699.2436,733.3234,693.7665,733.3234
2002-10-07,722.3694,727.2380,713.2409,722.3694
2002-10-08,726.0208,732.1064,726.0208,729.0636
2002-10-09,729.0636,729.0636,699.8524,710.1981
2002-10-10,681.5955,684.6383,650.5585,676.1183
2002-10-11,703.5038,703.5038,657.2527,657.2527
2002-10-14,657.2527,657.2527,657.2527,657.2527
2002-10-15,693.7667,719.3265,677.9440,714.4580
2002-10-16,738.8007,745.4949,729.0636,732.7150
2002-10-17,733.3235,743.6692,730.2807,735.7578
2002-10-18,749.1464,750.3636,741.2350,741.2350
2002-10-21,748.5377,748.5377,694.3752,694.3752
2002-10-22,710.1982,714.4582,660.2957,660.2957
2002-10-23,623.7814,657.2526,617.6958,654.8184
2002-10-24,669.4242,678.5527,657.2529,675.5099
2002-10-25,687.6812,699.2439,669.4241,693.1583
2002-10-28,690.7240,692.5497,680.9869,691.3325
2002-10-29,682.2039,687.6810,673.0754,677.9440
2002-10-30,688.2897,710.8066,688.2897,700.4610
2002-10-31,724.1952,725.4123,712.6324,716.2838
2002-11-01,735.7578,739.4092,729.0636,735.7578
2002-11-04,735.7578,735.7578,735.7578,735.7578
2002-11-05,776.5321,780.7921,766.7950,769.2293
2002-11-06,763.1433,772.8803,763.1433,766.7947
2002-11-07,772.8804,778.9661,727.2379,761.3176
2002-11-08,704.1125,712.0239,691.9412,691.9412
2002-11-11,657.2527,658.4699,638.9957,648.1242
2002-11-12,635.9528,662.7298,625.6072,657.2527
2002-11-13,681.5955,681.5955,637.1701,651.1671
2002-11-14,640.2126,655.4268,638.9955,645.0812
2002-11-15,669.4242,704.7211,664.5557,698.6354
2002-11-18,699.8524,713.8494,691.3324,699.8524
2002-11-19,687.6811,713.2409,685.8554,700.4610
2002-11-20,727.2381,751.5808,727.2381,732.1066
2002-11-21,740.0179,747.3207,702.8953,711.4152
2002-11-22,741.8437,758.8835,729.6723,743.0608
2002-11-25,752.1892,795.3975,752.1892,790.5289
2002-11-26,792.3547,798.4404,766.7949,768.6206
2002-11-27,766.1865,785.6606,766.1865,785.6606
2002-11-28,810.0031,815.4802,785.0518,785.0518
2002-11-29,791.1375,794.7889,781.4004,791.1375
2002-12-02,791.1375,791.1375,791.1375,791.1375
2002-12-03,815.4803,825.8259,814.2632,823.3917
2002-12-04,808.7863,822.1747,808.7863,811.8291
2002-12-05,800.2659,801.4830,766.1861,778.3575
2002-12-06,768.6206,785.0519,764.9692,776.5320
2002-12-09,775.9232,780.7918,763.7519,773.4890
2002-12-10,763.7521,765.5778,752.1894,755.8408
2002-12-11,743.6694,750.3636,730.2809,731.4980
2002-12-12,739.4091,739.4091,726.0207,727.2378
2002-12-13,727.2380,730.8894,715.0666,719.9352
2002-12-16,695.5925,696.8096,668.8155,668.8155
2002-12-17,680.9869,694.3753,666.3812,669.4241
2002-12-18,668.8154,674.9011,657.2526,666.9897
2002-12-19,657.8612,681.5953,657.8612,679.7696
2002-12-20,676.1183,690.7239,666.3812,668.8155
2002-12-23,668.8155,668.8155,668.8155,668.8155
2002-12-24,696.2010,729.6723,680.9869,722.3694
2002-12-25,718.7182,729.6724,714.4583,717.5011
2002-12-26,720.5439,729.6724,720.5439,727.8467
2002-12-27,718.7179,721.1522,700.4609,702.8951
2002-12-30,678.5525,682.8125,671.2497,672.4669
2002-12-31,672.4669,672.4669,672.4669,672.4669
2003-01-01,672.4669,672.4669,672.4669,672.4669
2003-01-02,672.4669,672.4669,672.4669,672.4669
2003-01-03,672.4669,672.4669,672.4669,672.4669
2003-01-06,702.8951,706.5465,698.0266,704.7208
2003-01-07,722.9781,722.9781,691.9412,698.6354
2003-01-08,675.5097,676.1183,662.1212,662.7298
2003-01-09,654.2099,656.0356,639.6043,642.6471
2003-01-10,657.2528,662.7299,649.9500,657.8613
2003-01-13,657.8613,657.8613,657.8613,657.8613
2003-01-14,658.4699,660.9042,651.7757,655.4271
2003-01-15,654.8184,656.6441,648.7327,654.8184
2003-01-16,657.2527,660.2956,647.5157,656.6442
2003-01-17,650.5585,656.6442,644.4728,644.4728
2003-01-20,626.8242,638.3870,614.6528,638.3870
2003-01-21,638.9955,659.0782,638.9955,654.2097
2003-01-22,640.8212,643.8641,627.4328,635.9527
2003-01-23,648.1241,657.8612,638.3870,654.8184
2003-01-24,651.7756,657.8613,645.6899,648.1242
2003-01-27,644.4727,646.9070,637.7785,637.7785
2003-01-28,632.3014,635.9528,620.7387,621.3472
2003-01-29,628.0415,628.0415,606.7416,611.6102
2003-01-30,609.1758,610.3930,575.0961,576.9218
2003-01-31,564.7504,575.0960,561.7076,571.4446
2003-02-03,573.2705,596.3961,565.9677,596.3961
2003-02-04,608.5675,608.5675,600.0475,601.2646
2003-02-05,601.2646,606.7417,596.3961,596.3961
2003-02-06,607.9587,609.1758,603.0901,603.0901
2003-02-07,606.1330,607.9587,601.2645,604.3073
2003-02-10,608.5673,610.3930,603.0902,606.1330
2003-02-11,606.1330,606.1330,606.1330,606.1330
2003-02-12,608.5673,615.2615,608.5673,608.5673
2003-02-13,608.5675,612.2190,606.1333,610.3932
2003-02-14,611.0016,612.2187,607.3502,607.9587
2003-02-17,609.7844,612.2187,601.8730,603.0901
2003-02-18,603.0903,610.3931,601.2646,605.5245
2003-02-19,607.9588,611.6102,601.8731,602.4817
2003-02-20,601.8732,601.8732,592.1361,593.3532
2003-02-21,599.4388,600.0474,587.2674,594.5703
2003-02-24,598.2217,598.2217,588.4846,594.5703
2003-02-25,576.3131,576.3131,562.3161,568.4017
2003-02-26,566.5762,572.0533,564.7505,572.0533
2003-02-27,562.3162,562.3162,547.1020,555.6219
2003-02-28,571.4447,575.0961,565.9676,570.2276
2003-03-03,572.0532,576.9217,565.9675,576.3132
2003-03-04,572.6618,573.2704,553.1876,569.6190
2003-03-05,561.7077,562.9249,550.1450,553.1878
2003-03-06,548.9278,553.7963,526.4108,533.7136
2003-03-07,539.1907,556.2306,537.3650,547.1021
2003-03-10,551.9705,556.2305,546.4934,550.7534
2003-03-11,544.6677,552.5790,520.9335,520.9335
2003-03-12,533.1049,547.1020,533.1049,536.7563
2003-03-13,530.6706,555.0133,530.6706,553.7961
2003-03-14,575.0961,578.1389,564.7504,569.6190
2003-03-17,572.0534,586.6590,563.5334,579.3562
2003-03-18,590.9189,600.0474,586.0503,587.2675
2003-03-19,585.4419,587.8762,565.3592,586.6591
2003-03-20,583.6162,599.4389,581.1819,599.4389
2003-03-21,599.4389,599.4389,599.4389,599.4389
2003-03-24,605.5246,621.3473,602.4817,617.0873
2003-03-25,598.8303,603.0903,587.8761,590.9189
2003-03-26,603.1785,606.8564,602.5655,605.0175
2003-03-27,597.6619,605.6307,597.6619,601.3398
2003-03-28,605.6305,608.0824,599.5006,599.5006
2003-03-31,598.8877,600.1137,592.1448,592.1448
2003-04-01,579.8851,590.3059,576.2072,577.4332
2003-04-02,583.5631,583.5631,559.0436,562.7216
2003-04-03,574.9813,586.0150,573.1423,586.0150
2003-04-04,584.7891,597.0489,582.3372,590.9190
2003-04-07,607.4695,611.7604,590.3059,596.4357
2003-04-08,582.3371,583.5631,571.3034,579.2722
2003-04-09,585.4021,592.7579,582.3372,585.4021
2003-04-10,573.7551,577.4331,566.3993,572.5292
2003-04-11,560.2695,560.2695,539.4280,541.8799
2003-04-14,548.0097,565.7863,548.0097,563.9473
2003-04-15,573.1422,596.4357,572.5293,578.6591
2003-04-16,592.1449,594.5969,580.4982,580.4982
2003-04-17,582.3372,593.3710,579.8852,590.9190
2003-04-18,591.5320,591.5320,582.3372,582.3372
2003-04-21,576.2073,587.8540,576.2073,587.8540
2003-04-22,587.8540,587.8540,560.8826,571.3034
2003-04-23,575.5942,575.5942,552.9137,555.9786
2003-04-24,560.2697,562.1086,541.2671,545.5580
2003-04-25,542.4929,542.4929,528.3942,531.4592
2003-04-28,527.1683,527.1683,521.0385,522.8774
2003-04-29,522.8774,522.8774,522.8774,522.8774
2003-04-30,554.7525,570.0771,554.7525,563.3343
2003-05-01,558.4305,560.8825,544.3318,548.6227
2003-05-02,554.1397,560.2695,547.3968,553.5267
2003-05-05,553.5267,553.5267,553.5267,553.5267
2003-05-06,582.3371,588.4670,571.9164,579.2722
2003-05-07,578.0462,579.2721,574.3682,577.4332
2003-05-08,571.3034,583.5631,571.3034,575.5943
2003-05-09,573.1424,582.3372,573.1424,582.3372
2003-05-12,594.5968,598.2748,591.5319,592.7579
2003-05-13,597.6618,598.2747,584.1761,586.0150
2003-05-14,543.1059,546.1709,530.2332,540.6540
2003-05-15,525.3294,525.3294,511.2307,516.1346
2003-05-16,517.9737,518.5867,510.6178,512.4568
2003-05-19,500.1968,502.6488,493.4540,494.0670
2003-05-20,496.5191,508.7788,495.2931,508.7788
2003-05-21,513.0696,520.4255,501.4229,502.6489
2003-05-22,500.8098,519.8124,499.5839,517.3605
2003-05-23,492.8410,505.1008,490.3891,501.4229
2003-05-26,517.9736,524.1035,516.7477,521.0386
2003-05-27,516.7475,521.0384,515.5215,515.5215
2003-05-28,530.2333,532.0722,520.4255,520.4255
2003-05-29,527.1683,533.2982,525.9424,530.2333
2003-05-30,533.2982,544.3319,533.2982,540.0410
2003-06-02,540.6540,541.2670,519.1995,527.1683
2003-06-03,533.2983,533.2983,520.4256,521.6516
2003-06-04,524.7164,533.2982,524.7164,527.7813
2003-06-05,533.9111,538.8150,529.6202,538.2020
2003-06-06,545.5580,546.7840,536.9762,545.5580
2003-06-09,545.5578,547.3968,544.3319,546.7838
2003-06-10,531.4592,539.4281,531.4592,533.9112
2003-06-11,539.4281,549.2359,539.4281,545.5580
2003-06-12,549.8488,555.3656,548.6228,552.9137
2003-06-13,559.6565,569.4642,557.8175,569.4642
2003-06-16,555.3656,557.2046,546.1708,549.8488
2003-06-17,557.8175,559.6565,540.0409,542.4929
2003-06-18,540.0408,540.0408,531.4590,532.6850
2003-06-19,538.8149,541.8798,530.2331,530.8461
2003-06-20,521.6514,527.1683,518.5865,520.4255
2003-06-23,524.7162,526.5552,522.2643,522.2643
2003-06-24,511.8437,513.6826,502.6489,503.8748
2003-06-25,509.3917,522.2644,509.3917,517.3605
2003-06-26,517.9735,518.5864,512.4566,514.2955
2003-06-27,514.9085,517.9734,505.7137,511.2306
2003-06-30,524.1033,532.6851,519.8123,529.0071
2003-07-01,538.2021,542.4930,529.0073,532.0723
2003-07-02,552.3009,586.6281,549.8489,586.6281
2003-07-03,643.6357,643.6357,611.1474,619.1163
2003-07-04,601.3395,613.5992,601.3395,606.2434
2003-07-07,602.5657,621.5683,598.8878,616.0514
2003-07-08,632.6018,654.0563,622.1811,627.6979
2003-07-09,629.5370,651.6045,627.6981,630.1500
2003-07-10,633.2150,638.1189,604.4046,608.0825
2003-07-11,594.5969,598.8878,581.7241,587.8540
2003-07-14,589.0799,589.0799,573.1422,578.6591
2003-07-15,577.4330,582.9499,563.9473,563.9473
2003-07-16,581.1111,585.4020,574.9812,581.7241
2003-07-17,565.7864,567.6254,562.1085,567.6254
2003-07-18,567.6254,568.8513,558.4306,567.6254
2003-07-21,567.6254,567.6254,567.6254,567.6254
2003-07-22,574.9813,588.4670,572.5294,583.5631
2003-07-23,602.5657,622.1813,602.5657,619.7293
2003-07-24,619.7291,619.7291,603.1785,606.2434
2003-07-25,609.9215,617.8904,608.0826,614.8254
2003-07-28,625.2461,632.6020,621.5682,624.0201
2003-07-29,628.3110,628.9240,608.6954,609.9214
2003-07-30,597.6617,601.9526,593.3708,600.7266
2003-07-31,600.7266,601.9526,588.4669,589.6929
2003-08-01,595.8228,595.8228,584.7891,587.8540
2003-08-04,583.5630,601.3396,583.5630,597.0487
2003-08-05,601.3397,628.9241,601.3397,617.8903
2003-08-06,597.6616,600.7266,584.7889,590.3058
2003-08-07,589.6929,596.4358,587.8540,592.7579
2003-08-08,589.0800,590.3060,578.0462,583.5631
2003-08-11,582.9500,586.0149,578.6591,579.8851
2003-08-12,586.0149,586.0149,578.6591,581.1110
2003-08-13,597.0488,598.8878,591.5320,595.8229
2003-08-14,597.6616,612.9863,597.6616,605.0175
2003-08-15,619.1161,619.1161,605.0175,605.0175
2003-08-18,609.9214,617.2772,605.0175,612.9863
2003-08-19,629.5369,639.9577,624.6330,628.9240
2003-08-20,630.7629,630.7629,616.6642,616.6642
2003-08-21,606.8565,613.5993,606.2435,609.9214
2003-08-22,616.0512,616.0512,597.6617,603.1785
2003-08-25,592.1448,598.8877,591.5319,592.1448
2003-08-26,594.5968,597.0488,591.5319,592.7579
2003-08-27,590.3060,590.9190,583.5631,585.4021
2003-08-28,584.7891,584.7891,570.0774,570.0774
2003-08-29,587.8540,599.5007,582.3371,592.7579
2003-09-01,598.8878,603.7917,590.3060,601.9527
2003-09-02,602.5657,602.5657,589.6929,592.7579
2003-09-03,605.0175,606.2435,594.5967,595.2097
2003-09-04,590.3058,599.5006,587.8539,593.3707
2003-09-05,592.1448,595.2097,589.0798,593.3707
2003-09-08,599.5006,611.7603,599.5006,609.9214
2003-09-09,628.3109,631.3758,625.2460,629.5369
2003-09-10,631.3761,639.3449,625.8592,626.4722
2003-09-11,614.2125,619.7293,600.7268,603.7917
2003-09-12,616.0514,618.5033,599.5008,601.9527
2003-09-15,601.9527,601.9527,601.9527,601.9527
2003-09-16,606.8566,620.9553,605.0176,605.6306
2003-09-17,624.6331,626.4720,608.0824,612.9863
2003-09-18,604.4046,606.8565,598.2747,606.8565
2003-09-19,608.6955,608.6955,579.2721,587.2410
2003-09-22,574.9812,576.8202,563.3345,568.8514
2003-09-23,568.8514,568.8514,568.8514,568.8514
2003-09-24,569.4644,587.2411,568.2385,571.3034
2003-09-25,581.1855,587.9794,576.8621,583.0384
2003-09-26,587.3616,597.2436,587.3616,595.3907
2003-09-29,600.3317,600.3317,585.5087,586.1263
2003-09-30,586.7441,591.0675,579.9503,583.0384
2003-10-01,577.4795,584.8910,574.3914,579.3324
2003-10-02,587.9792,591.0673,570.6856,575.6266
2003-10-03,576.2442,577.4795,565.7446,566.3622
2003-10-06,541.6573,555.2451,540.4221,551.5393
2003-10-07,554.0098,555.8627,549.6865,554.0098
2003-10-08,549.6865,549.6865,519.4228,520.6581
2003-10-09,526.8342,543.5101,526.8342,534.8633
2003-10-10,531.1578,537.3341,529.3049,533.0107
2003-10-13,533.0107,533.0107,533.0107,533.0107
2003-10-14,538.5692,539.8044,525.5991,525.5991
2003-10-15,540.4221,552.7746,539.1868,551.5393
2003-10-16,555.2450,557.7155,537.3339,537.3339
2003-10-17,545.9806,555.8626,543.5101,545.3630
2003-10-20,551.5392,556.4802,542.2749,545.3630
2003-10-21,551.5392,551.5392,533.6281,537.3339
2003-10-22,545.9807,545.9807,537.3340,539.1868
2003-10-23,526.2167,535.4811,518.8052,518.8052
2003-10-24,518.8051,518.8051,503.3645,511.3936
2003-10-27,523.1286,528.0696,517.5699,521.2757
2003-10-28,523.7462,526.2167,515.7170,518.8052
2003-10-29,521.8932,524.3637,517.5698,521.8932
2003-10-30,521.8933,526.2167,518.1875,523.1285
2003-10-31,518.1875,520.0404,514.4817,515.7170
2003-11-03,515.7170,515.7170,515.7170,515.7170
2003-11-04,540.4220,546.5982,538.5691,545.9806
2003-11-05,546.5983,546.5983,535.4810,543.5101
2003-11-06,549.6864,561.4213,549.6864,558.3331
2003-11-07,562.0391,565.1273,556.4805,565.1273
2003-11-10,565.7446,585.5086,563.2741,581.1852
2003-11-11,568.8328,574.3915,561.4213,564.5095
2003-11-12,564.5094,566.3622,549.0687,549.0687
2003-11-13,561.4212,570.6856,560.8036,560.8036
2003-11-14,563.8918,575.0091,563.8918,568.8328
2003-11-17,560.8036,564.5094,558.9507,563.2741
2003-11-18,557.0980,561.4214,550.3041,554.6275
2003-11-19,557.0981,565.1273,554.6276,565.1273
2003-11-20,570.6857,578.0972,564.5095,564.5095
2003-11-21,558.3332,562.6566,549.6864,551.5393
2003-11-24,551.5393,551.5393,551.5393,551.5393
2003-11-25,577.4796,582.4206,571.3033,576.8619
2003-11-26,570.6856,579.3324,565.7446,576.2443
2003-11-27,568.2151,571.3033,565.1270,568.2151
2003-11-28,568.2152,573.1562,563.2742,571.9210
2003-12-01,576.8620,592.9203,574.3915,591.0674
2003-12-02,591.0674,592.9203,583.0383,586.7440
2003-12-03,580.5677,584.8911,570.0681,571.9210
2003-12-04,578.0974,583.6560,576.2445,583.0384
2003-12-05,577.4795,594.7730,575.6266,594.7730
2003-12-08,588.5969,591.0674,583.6559,587.9792
2003-12-09,595.3906,596.6259,589.2144,594.7730
2003-12-10,583.6557,583.6557,572.5384,574.3913
2003-12-11,573.7739,577.4796,572.5386,577.4796
2003-12-12,592.3025,592.9202,572.5385,575.0090
2003-12-15,598.4787,610.2136,597.8611,608.9783
2003-12-16,595.3908,603.4199,592.9203,602.1846
2003-12-17,599.7142,607.1257,599.0965,603.4199
2003-12-18,597.2436,604.0374,597.2436,602.8022
2003-12-19,615.1547,629.3601,613.3019,625.0367
2003-12-22,617.6252,631.8306,617.6252,628.7425
2003-12-23,628.7425,628.7425,628.7425,628.7425
2003-12-24,625.0369,629.9779,621.9487,621.9487
2003-12-25,623.1839,625.6544,618.2429,618.8605
2003-12-26,620.0957,620.7133,616.3900,616.3900
2003-12-29,617.6251,623.1838,613.3018,613.3018
2003-12-30,628.1247,629.9776,617.6251,621.3309
2003-12-31,621.3309,621.3309,621.3309,621.3309
2004-01-01,621.3309,621.3309,621.3309,621.3309
2004-01-02,621.3309,621.3309,621.3309,621.3309
2004-01-05,634.9186,637.3891,631.8305,634.3010
2004-01-06,632.4482,636.1540,625.0367,625.0367
2004-01-07,631.2129,631.2129,613.3018,613.3018
2004-01-08,610.8313,617.0076,608.9784,609.5961
2004-01-09,615.7723,625.6543,614.5370,623.1838
2004-01-12,623.1838,623.1838,623.1838,623.1838
2004-01-13,614.5369,618.8603,610.8312,610.8312
2004-01-14,610.8313,615.1547,606.5079,612.0665
2004-01-15,626.8895,629.9777,621.9485,623.1838
2004-01-16,622.5661,626.2719,607.7431,621.3309
2004-01-19,617.6253,620.0958,611.4490,615.7724
2004-01-20,618.2429,626.8896,618.2429,620.7134
2004-01-21,612.6843,628.7425,612.6843,620.7134
2004-01-22,629.3600,639.2420,625.6543,638.6244
2004-01-23,649.1240,691.1225,649.1240,667.6527
2004-01-26,688.6523,702.8576,684.3289,701.0048
2004-01-27,698.5341,699.1517,691.1226,696.0636
2004-01-28,686.1816,691.7403,675.6820,679.3878
2004-01-29,686.7992,689.2697,680.6230,682.4758
2004-01-30,633.6833,648.5063,623.1837,634.3010
2004-02-02,642.3303,642.9479,628.1249,631.8307
2004-02-03,628.7424,628.7424,615.1546,621.3309
2004-02-04,622.5662,623.1838,607.1255,607.7432
2004-02-05,601.5671,624.4192,601.5671,621.9487
2004-02-06,616.3898,616.3898,602.1845,605.2726
2004-02-09,617.6251,627.5071,617.6251,623.8014
2004-02-10,621.9487,624.4192,603.4199,603.4199
2004-02-11,603.4199,603.4199,603.4199,603.4199
2004-02-12,608.9786,611.4491,601.5671,601.5671
2004-02-13,615.7725,624.4192,615.7725,621.9487
2004-02-16,622.5662,625.6543,619.4780,622.5662
2004-02-17,626.8897,626.8897,619.4781,619.4781
2004-02-18,623.1838,623.1838,606.5079,612.0665
2004-02-19,621.3309,623.1838,617.0076,617.6252
2004-02-20,623.1838,628.7424,620.7133,628.1248
2004-02-23,642.9480,657.7710,642.3304,650.9771
2004-02-24,637.3893,643.5655,628.7425,633.0659
2004-02-25,636.7716,638.0069,621.9486,625.0367
2004-02-26,639.8598,640.4774,634.9188,639.8598
2004-02-27,641.0951,656.5357,641.0951,656.5357
2004-03-01,654.0650,679.3877,653.4474,670.1233
2004-03-02,681.8582,685.5639,677.5348,680.6229
2004-03-03,678.7701,683.0935,675.6820,675.6820
2004-03-04,665.1824,667.6529,654.0652,657.7709
2004-03-05,674.4468,685.5641,671.3587,677.5350
2004-03-08,666.4176,683.0935,666.4176,679.3878
2004-03-09,676.9175,684.9466,676.2998,681.8585
2004-03-10,681.8582,681.8582,672.5938,675.0643
2004-03-11,667.0352,670.7410,654.0651,655.3004
2004-03-12,630.5952,645.4182,630.5952,641.7125
2004-03-15,648.5064,651.5946,641.0949,642.9478
2004-03-16,635.5363,641.0950,631.2130,631.2130
2004-03-17,633.0659,633.6835,626.8897,633.0659
2004-03-18,640.4775,640.4775,629.3602,636.7717
2004-03-19,634.9187,639.8597,628.7425,628.7425
2004-03-22,625.6544,630.5954,621.3310,629.9778
2004-03-23,618.2428,646.0360,618.2428,642.3302
2004-03-24,638.0070,642.3304,630.5955,636.7717
2004-03-25,624.4190,625.6543,621.9485,622.5662
2004-03-26,636.2490,648.0660,636.2490,646.8221
2004-03-29,644.9562,674.8095,643.7123,669.2120
2004-03-30,674.8096,677.9193,671.0779,674.1876
2004-03-31,667.9681,669.2120,644.3342,661.7487
2004-04-01,650.5537,650.5537,618.8345,627.5417
2004-04-02,636.8710,646.2002,634.3832,644.3344
2004-04-05,656.7731,658.0170,644.3342,649.9317
2004-04-06,661.7486,671.6997,654.9073,668.5900
2004-04-07,662.3706,673.5656,661.1267,668.5900
2004-04-08,669.2120,675.4314,667.3461,667.3461
2004-04-09,663.6146,663.6146,648.6879,656.1512
2004-04-12,653.6633,669.2119,653.6633,664.8583
2004-04-13,661.7486,673.5656,661.7486,668.5900
2004-04-14,666.7242,673.5656,663.6145,669.2120
2004-04-15,671.6998,679.7851,662.3707,669.8340
2004-04-16,674.8096,698.4435,674.8096,694.7118
2004-04-19,695.3338,722.0774,694.7118,718.9677
2004-04-20,718.3455,723.3211,709.0163,715.2358
2004-04-21,710.8821,710.8821,695.3335,701.5530
2004-04-22,701.5532,701.5532,689.1143,694.7118
2004-04-23,695.3336,695.9555,682.8947,682.8947
2004-04-26,696.5774,705.9066,689.1141,689.1141
2004-04-27,676.6753,679.7850,672.9436,679.7850
2004-04-28,681.6511,683.5169,671.7000,671.7000
2004-04-29,671.7000,671.7000,671.7000,671.7000
2004-04-30,653.0413,656.1510,648.6877,650.5535
2004-05-03,650.5535,650.5535,650.5535,650.5535
2004-05-04,650.5535,650.5535,650.5535,650.5535
2004-05-05,650.5535,650.5535,650.5535,650.5535
2004-05-06,649.9317,659.2609,648.0659,648.0659
2004-05-07,641.2246,653.6635,637.4929,641.8466
2004-05-10,653.6635,656.1512,635.0051,636.2490
2004-05-11,639.9806,656.7731,633.1392,646.2001
2004-05-12,649.9318,658.6390,644.3343,652.4196
2004-05-13,653.6634,657.3951,640.6026,652.4196
2004-05-14,671.6997,677.2972,667.3461,673.5656
2004-05-17,664.8584,677.9192,653.0414,668.5900
2004-05-18,649.3100,661.7489,644.3344,658.0172
2004-05-19,666.7244,667.9683,653.6636,658.0172
2004-05-20,643.7122,645.5780,637.4927,639.3586
2004-05-21,641.2244,641.8464,631.8953,639.3586
2004-05-24,651.1756,651.1756,642.4684,648.6879
2004-05-25,647.4440,649.3099,643.7124,646.8221
2004-05-26,658.0170,662.3707,653.6634,660.5048
2004-05-27,661.7486,671.6997,660.5047,662.9925
2004-05-28,697.1994,702.1750,695.3336,702.1750
2004-05-31,703.4187,706.5284,699.6870,704.6626
2004-06-01,704.6628,726.4308,704.6628,722.6992
2004-06-02,713.3700,731.4064,712.7480,730.1625
2004-06-03,735.1379,764.9913,735.1379,753.7963
2004-06-04,744.4673,747.5770,738.8698,743.8453
2004-06-07,744.4673,763.7476,738.8698,743.8453
2004-06-08,743.8454,745.0893,735.1382,742.6015
2004-06-09,732.6503,762.5036,732.6503,757.5281
2004-06-10,758.1500,772.4547,757.5281,765.6133
2004-06-11,771.2110,783.6498,764.9915,764.9915
2004-06-14,758.7717,758.7717,735.7598,743.2231
2004-06-15,744.4670,758.7717,743.2231,756.2839
2004-06-16,764.9914,776.8084,754.4184,758.7720
2004-06-17,769.9670,769.9670,758.7720,765.6133
2004-06-18,763.7475,763.7475,753.1745,758.7720
2004-06-21,751.9307,765.6134,750.6868,753.1746
2004-06-22,758.7720,792.9789,756.2842,785.5156
2004-06-23,796.0885,796.0885,778.0521,779.2960
2004-06-24,789.8693,789.8693,776.1865,781.7840
2004-06-25,789.2473,800.4423,786.1376,794.8448
2004-06-28,796.0886,817.8566,796.0886,817.8566
2004-06-29,811.6373,814.1250,809.1495,811.0153
2004-06-30,799.1984,801.0642,785.5156,789.8692
2004-07-01,789.8693,796.0887,784.2718,789.2473
2004-07-02,791.7352,794.2230,786.7596,786.7596
2004-07-05,777.4302,797.3324,773.6985,790.4910
2004-07-06,799.8201,810.3931,799.8201,800.4420
2004-07-07,779.9181,791.7350,778.0522,787.3814
2004-07-08,796.7105,796.7105,788.0032,788.6252
2004-07-09,794.8451,799.1987,791.7354,796.7109
2004-07-12,809.1494,809.1494,790.4910,790.4910
2004-07-13,787.3814,787.3814,774.3206,777.4303
2004-07-14,776.1865,776.8084,746.9551,746.9551
2004-07-15,760.6376,760.6376,736.3818,743.2231
2004-07-16,733.8941,753.7963,724.5650,738.2477
2004-07-19,738.2477,738.2477,738.2477,738.2477
2004-07-20,734.5161,750.0647,727.6747,730.7844
2004-07-21,728.9187,734.5162,716.4798,731.4064
2004-07-22,727.0528,760.6378,727.0528,743.8453
2004-07-23,731.4066,755.0404,731.4066,750.6868
2004-07-26,736.3820,741.9795,733.8942,737.6259
2004-07-27,734.5161,734.5161,727.6747,727.6747
2004-07-28,740.1138,752.5527,730.7847,747.5771
2004-07-29,760.0159,776.8084,760.0159,772.4548
2004-07-30,792.9788,796.0885,776.8082,776.8082
2004-08-02,771.2108,774.9425,753.1744,761.2597
2004-08-03,759.3937,760.0156,748.8206,756.2839
2004-08-04,747.5770,749.4429,739.4918,748.8209
2004-08-05,771.2107,791.1129,767.4790,779.2960
2004-08-06,772.4548,773.6986,766.2353,770.5889
2004-08-09,755.6625,774.3208,746.3333,771.2111
2004-08-10,762.5036,770.5889,760.6377,768.7230
2004-08-11,777.4302,777.4302,765.6132,768.1010
2004-08-12,763.7475,767.4792,763.7475,765.6133
2004-08-13,753.1745,777.4303,747.5770,769.9670
2004-08-16,757.5281,761.8818,751.3087,759.3940
2004-08-17,774.3205,779.2961,770.5889,771.8328
2004-08-18,766.2353,766.2353,754.4184,758.7720
2004-08-19,764.9914,764.9914,752.5525,757.5281
2004-08-20,751.3085,756.2840,748.8207,751.9304
2004-08-23,748.1989,748.1989,730.1625,730.1625
2004-08-24,731.4065,740.1137,728.2968,734.5162
2004-08-25,728.2968,744.4674,727.6749,739.4918
2004-08-26,742.6016,742.6016,731.4066,733.8943
2004-08-27,735.7598,741.9792,730.1623,741.9792
2004-08-30,743.2234,743.8454,740.1137,742.6015
2004-08-31,730.1625,739.4916,728.2966,730.1625
2004-09-01,727.6748,735.1382,719.5895,720.8334
2004-09-02,716.4797,732.6502,706.5286,710.8822
2004-09-03,723.3211,725.8089,718.9675,722.6992
2004-09-06,727.0528,741.9794,724.5650,735.1381
2004-09-07,742.6014,747.5770,737.6259,743.8453
2004-09-08,753.1742,755.0401,740.1134,743.2231
2004-09-09,737.6259,745.7111,737.0039,737.0039
2004-09-10,737.0039,737.6259,727.0528,732.0284
2004-09-13,741.9795,768.7231,739.4917,758.7720
2004-09-14,763.7476,764.9915,751.3087,755.0403
2004-09-15,759.3941,759.3941,737.0041,747.5771
2004-09-16,746.3331,751.3087,746.3331,746.3331
2004-09-17,747.5770,761.8817,746.9550,757.5281
2004-09-20,757.5281,757.5281,757.5281,757.5281
2004-09-21,767.4791,788.6252,767.4791,776.8082
2004-09-22,787.3813,791.1130,784.8935,788.6252
2004-09-23,788.6252,788.6252,788.6252,788.6252
2004-09-24,778.0523,781.7840,769.9671,772.4548
2004-09-27,788.7174,801.2267,788.7174,801.2267
2004-09-28,798.7244,823.7432,798.7244,813.1102
2004-09-29,809.3574,813.1102,801.2263,813.1102
2004-09-30,824.3689,842.5075,821.2416,833.1255
2004-10-01,820.6157,825.6195,811.8591,821.8666
2004-10-04,835.0019,847.5113,829.3727,845.0094
2004-10-05,819.9905,831.8744,817.4886,831.8744
2004-10-06,820.6160,823.7433,810.6085,817.4886
2004-10-07,814.9865,814.9865,796.2225,797.4734
2004-10-08,797.4733,809.3572,797.4733,804.9789
2004-10-11,804.9789,804.9789,804.9789,804.9789
2004-10-12,789.9679,790.5933,783.0877,783.0877
2004-10-13,788.0916,791.8444,781.8369,786.2151
2004-10-14,788.7171,796.2228,787.4662,787.4662
2004-10-15,784.3386,788.0915,778.7094,783.0877
2004-10-18,784.3386,784.3386,779.3348,780.5858
2004-10-19,789.3424,791.2188,786.8406,788.0915
2004-10-20,779.3349,784.3386,777.4585,783.0877
2004-10-21,784.3387,786.2152,774.3312,776.2076
2004-10-22,784.9643,793.7208,775.5822,792.4699
2004-10-25,767.4511,779.3350,767.4511,776.8331
2004-10-26,770.5784,776.2076,769.3275,776.2076
2004-10-27,779.9602,782.4621,777.4583,781.2111
2004-10-28,778.7094,778.7094,761.8218,767.4510
2004-10-29,758.6947,758.6947,742.4325,743.6834
2004-11-01,753.0651,759.9453,749.9378,759.3198
2004-11-02,765.5747,765.5747,759.3200,763.6983
2004-11-03,763.6983,763.6983,763.6983,763.6983
2004-11-04,778.0841,783.7133,772.4548,776.8331
2004-11-05,781.8367,781.8367,769.9528,781.8367
2004-11-08,783.0876,783.7131,759.9452,761.8217
2004-11-09,768.0766,769.9530,759.9455,764.3238
2004-11-10,765.5745,772.4546,765.5745,765.5745
2004-11-11,773.7056,773.7056,756.8179,756.8179
2004-11-12,781.8370,788.0917,779.3352,784.3389
2004-11-15,786.8408,788.7172,775.5824,784.9644
2004-11-16,787.4659,788.0914,778.0839,780.5858
2004-11-17,779.3351,779.3351,774.9568,775.5823
2004-11-18,769.3272,771.2037,757.4433,762.4471
2004-11-19,771.8292,771.8292,759.3198,766.8254
2004-11-22,754.3160,754.3160,744.3085,747.4359
2004-11-23,747.4359,747.4359,747.4359,747.4359
2004-11-24,754.3163,763.0729,752.4399,758.6946
2004-11-25,746.1849,760.5707,746.1849,760.5707
2004-11-26,767.4512,784.9643,767.4512,775.5823
2004-11-29,773.7059,784.3389,773.7059,779.9606
2004-11-30,773.0801,778.7094,769.9528,778.7094
2004-12-01,766.1999,770.5782,760.5707,760.5707
2004-12-02,770.5782,770.5782,759.9452,761.8217
2004-12-03,774.3313,776.2077,764.3237,768.7020
2004-12-06,767.4510,767.4510,754.3162,754.3162
2004-12-07,759.9454,768.7019,759.3199,759.9454
2004-12-08,757.4435,774.9566,757.4435,771.2038
2004-12-09,774.9566,774.9566,756.8180,759.9454
2004-12-10,760.5708,760.5708,746.8105,751.1888
2004-12-13,754.3160,758.6943,749.3123,750.5632
2004-12-14,755.5671,769.3274,754.3161,767.4510
2004-12-15,775.5822,794.9718,775.5822,792.4699
2004-12-16,787.4661,798.0991,783.0878,798.0991
2004-12-17,791.8442,803.7282,791.8442,799.9753
2004-12-20,807.4810,807.4810,794.9716,799.9753
2004-12-21,794.9715,807.4809,794.9715,805.6045
2004-12-22,804.3537,805.6047,796.2226,799.3500
2004-12-23,799.3500,799.3500,799.3500,799.3500
2004-12-24,808.7324,812.4852,799.3503,801.2267
2004-12-27,802.4773,806.2301,789.3424,791.8443
2004-12-28,786.2151,789.9679,784.3387,789.9679
2004-12-29,799.3500,799.3500,794.9717,796.8481
2004-12-30,795.5972,800.6009,795.5972,799.3500
2004-12-31,799.3500,799.3500,799.3500,799.3500
2005-01-03,799.3500,799.3500,799.3500,799.3500
2005-01-04,799.9755,813.1104,799.9755,811.8594
2005-01-05,809.9828,813.1101,808.1063,808.7318
2005-01-06,798.0992,799.3502,785.5898,786.8408
2005-01-07,793.0953,793.0953,785.5897,786.2151
2005-01-10,786.2151,786.2151,786.2151,786.2151
2005-01-11,787.4661,789.3425,774.9567,776.2076
2005-01-12,769.3273,769.3273,764.3235,765.5745
2005-01-13,759.9455,764.3238,755.5672,763.6983
2005-01-14,760.5708,760.5708,752.4397,755.5670
2005-01-17,755.5672,756.1927,749.3125,754.9418
2005-01-18,756.8180,758.6944,754.9416,756.1925
2005-01-19,764.3238,765.5747,758.6946,758.6946
2005-01-20,760.5710,760.5710,750.5635,752.4399
2005-01-21,748.6870,751.8144,731.7994,737.4286
2005-01-24,731.1738,737.4285,721.7917,733.6757
2005-01-25,744.9341,748.0614,740.5558,746.8105
2005-01-26,751.8143,756.8181,725.5446,727.4210
2005-01-27,724.2936,724.2936,711.1588,713.6606
2005-01-28,715.5369,724.2935,715.5369,721.1661
2005-01-31,716.7882,736.8032,716.7882,729.9230
2005-02-01,739.3049,739.3049,726.1700,729.2974
2005-02-02,740.5559,740.5559,728.0465,730.5484
2005-02-03,728.6719,729.9229,715.5371,716.7880
2005-02-04,723.0426,723.0426,710.5332,713.0351
2005-02-07,731.7993,741.1814,729.9229,730.5484
2005-02-08,736.8030,739.3049,728.0464,729.2974
2005-02-09,738.6794,747.4360,735.5521,739.9304
2005-02-10,744.3085,749.9377,742.4321,749.3123
2005-02-11,749.3123,749.3123,749.3123,749.3123
2005-02-14,756.8179,758.6943,743.0576,747.4359
2005-02-15,746.8104,751.1887,746.8104,748.6868
2005-02-16,747.4360,747.4360,736.1775,739.9304
2005-02-17,741.1811,746.8103,737.4282,746.1848
2005-02-18,741.1812,751.1887,741.1812,749.3123
2005-02-21,748.0613,751.1887,741.1812,749.3123
2005-02-22,743.0577,743.0577,734.9266,736.8030
2005-02-23,729.2976,732.4249,725.5447,729.9230
2005-02-24,728.6719,731.1738,724.9191,724.9191
2005-02-25,731.1736,734.9264,729.9226,733.0500
2005-02-28,739.9305,741.8069,728.6721,728.6721
2005-03-01,728.0464,729.2973,721.1662,726.1700
2005-03-02,733.0502,738.0539,732.4247,734.9266
2005-03-03,738.0542,744.9343,737.4287,743.6834
2005-03-04,736.1775,742.4322,733.6756,739.3049
2005-03-07,741.1814,744.3088,736.8031,738.0541
2005-03-08,741.8068,741.8068,736.1776,736.8030
2005-03-09,734.3013,741.8069,734.3013,738.0541
2005-03-10,730.5485,734.3013,729.9230,729.9230
2005-03-11,730.5485,731.1739,726.7956,728.6721
2005-03-14,727.4209,727.4209,713.6606,714.9115
2005-03-15,719.9150,719.9150,708.0311,708.6566
2005-03-16,711.7843,728.0465,711.7843,724.2936
2005-03-17,719.2899,721.1663,716.1626,719.2899
2005-03-18,718.6644,721.7918,718.0390,719.2899
2005-03-21,719.2899,719.2899,719.2899,719.2899
2005-03-22,714.2862,718.0390,711.7843,711.7843
2005-03-23,714.9116,714.9116,698.6494,699.9003
2005-03-24,698.6495,703.6533,696.7731,701.1514
2005-03-25,711.1587,723.0427,709.2823,723.0427
2005-03-28,728.1345,731.9534,725.5886,726.2251
2005-03-29,728.7709,730.0439,720.4967,723.6791
2005-03-30,730.6805,735.1358,730.6805,731.9534
2005-03-31,739.5910,745.9559,737.6816,741.5005
2005-04-01,742.1372,746.5926,735.7724,739.5913
2005-04-04,743.4101,744.0466,733.8629,734.4994
2005-04-05,740.8640,756.7761,740.8640,755.5031
2005-04-06,757.4129,791.1464,752.3210,779.0532
2005-04-07,776.5070,776.5070,765.6868,768.8692
2005-04-08,780.3259,782.8719,777.1435,780.3259
2005-04-11,779.0530,787.9637,779.0530,781.5989
2005-04-12,776.5073,778.4167,771.4154,775.2343
2005-04-13,766.9598,772.0517,766.3234,772.0517
2005-04-14,766.9597,768.2327,761.8679,765.6868
2005-04-15,758.0492,765.0505,758.0492,762.5046
2005-04-18,741.5009,750.4116,733.2266,735.7725
2005-04-19,737.6816,742.7735,737.0451,741.5005
2005-04-20,745.9560,754.2303,737.0453,747.2290
2005-04-21,738.3184,738.3184,728.7712,735.7725
2005-04-22,759.3220,759.3220,750.4113,750.4113
2005-04-25,751.0478,763.1409,749.7748,757.4126
2005-04-26,754.2301,763.1409,751.6842,763.1409
2005-04-27,761.8680,766.9598,759.9585,761.2315
2005-04-28,748.5019,751.0478,744.0465,747.8654
2005-04-29,747.8654,747.8654,747.8654,747.8654
2005-05-02,747.2289,761.8680,742.1370,757.4126
2005-05-03,757.4126,757.4126,757.4126,757.4126
2005-05-04,757.4126,757.4126,757.4126,757.4126
2005-05-05,757.4126,757.4126,757.4126,757.4126
2005-05-06,761.2314,767.5962,761.2314,765.6868
2005-05-09,772.6882,772.6882,767.5963,772.0517
2005-05-10,770.7787,770.7787,764.4139,770.1422
2005-05-11,768.2328,768.8692,763.7774,765.0504
2005-05-12,763.1410,764.4140,753.5938,756.7762
2005-05-13,752.3207,754.2301,747.8653,750.4113
2005-05-16,745.3196,746.5925,735.1359,736.4088
2005-05-17,746.5923,746.5923,726.2249,728.7709
2005-05-18,734.4994,740.2277,734.4994,736.4088
2005-05-19,749.1383,754.8666,747.2289,754.2302
2005-05-20,761.2316,763.1410,752.9573,753.5938
2005-05-23,751.6844,753.5938,747.8655,752.9573
2005-05-24,761.2316,763.7775,753.5938,753.5938
2005-05-25,757.4125,757.4125,750.4113,750.4113
2005-05-26,747.8656,749.1385,739.5913,739.5913
2005-05-27,749.7749,749.7749,741.5007,743.4101
2005-05-30,730.6804,745.3194,730.6804,740.2276
2005-05-31,737.0455,737.6820,735.1360,737.0455
2005-06-01,730.6805,735.1359,730.6805,735.1359
2005-06-02,740.8640,743.4100,738.3181,738.9546
2005-06-03,737.6818,738.9548,733.8629,735.1359
2005-06-06,730.6804,731.9533,729.4074,731.3168
2005-06-07,726.8616,726.8616,716.6779,717.9509
2005-06-08,718.5873,721.1333,717.9509,717.9509
2005-06-09,721.1333,722.4062,717.3144,717.3144
2005-06-10,717.9507,717.9507,714.1318,716.0413
2005-06-13,716.0414,719.8603,715.4050,715.4050
2005-06-14,725.5888,725.5888,719.2239,719.2239
2005-06-15,720.4967,724.9520,720.4967,723.6791
2005-06-16,722.4063,723.0428,718.5875,719.2239
2005-06-17,720.4967,725.5885,720.4967,723.6791
2005-06-20,726.8617,726.8617,719.2239,719.2239
2005-06-21,717.3145,720.4969,717.3145,719.2239
2005-06-22,716.0414,718.5873,713.4955,717.9509
2005-06-23,718.5873,720.4967,717.9508,718.5873
2005-06-24,714.7684,719.8603,714.7684,719.8603
2005-06-27,715.4050,719.8603,714.1320,716.6779
2005-06-28,716.6777,728.7709,716.6777,728.7709
2005-06-29,729.4075,732.5899,726.8616,730.6805
2005-06-30,733.2264,740.8642,732.5899,735.1359
2005-07-01,735.1358,739.5912,731.9534,733.2264
2005-07-04,738.3182,738.9547,736.4087,738.3182
2005-07-05,738.3184,738.9549,736.4090,737.0455
2005-07-06,742.1372,748.5020,741.5007,748.5020
2005-07-07,745.3196,754.2303,745.3196,751.0479
2005-07-08,751.0479,761.2316,749.7749,759.3221
2005-07-11,761.8680,763.7774,758.6856,761.2315
2005-07-12,761.8679,761.8679,753.5936,756.1395
2005-07-13,753.5937,760.5950,747.8654,760.5950
2005-07-14,763.1409,763.1409,761.2314,761.8679
2005-07-15,766.3233,768.8692,765.0504,765.0504
2005-07-18,765.0504,765.0504,765.0504,765.0504
2005-07-19,763.1409,765.6868,763.1409,764.4139
2005-07-20,776.5070,781.5989,775.2341,781.5989
2005-07-21,791.7826,791.7826,780.9624,780.9624
2005-07-22,775.2341,775.2341,768.8693,772.0517
2005-07-25,784.7812,784.7812,766.3233,768.8692
2005-07-26,763.1410,763.1410,758.0491,760.5950
2005-07-27,763.7774,768.2328,763.7774,764.4139
2005-07-28,776.5071,778.4166,766.9599,766.9599
2005-07-29,748.5018,757.4125,737.6816,750.4113
2005-08-01,757.4128,759.3222,748.5020,748.5020
2005-08-02,754.2301,758.0490,753.5936,756.1395
2005-08-03,759.9587,762.5046,756.7762,762.5046
2005-08-04,759.3221,759.3221,749.1384,756.7762
2005-08-05,754.8666,762.5044,754.8666,755.5031
2005-08-08,747.2288,751.0477,740.8640,750.4113
2005-08-09,746.5926,754.8668,746.5926,752.3209
2005-08-10,763.1410,763.1410,760.5950,760.5950
2005-08-11,760.5951,762.5045,752.3208,759.3221
2005-08-12,756.1397,756.7762,744.6831,747.2290
2005-08-15,745.3196,745.3196,724.9522,730.0440
2005-08-16,735.1357,735.1357,724.9520,727.4979
2005-08-17,723.6793,723.6793,708.4038,713.4956
2005-08-18,719.2238,722.4062,716.0414,721.7697
2005-08-19,731.3172,737.0455,725.5888,735.7725
2005-08-22,735.1359,738.9548,735.1359,735.1359
2005-08-23,735.1357,737.0452,730.6804,731.3168
2005-08-24,737.6818,737.6818,731.9534,731.9534
2005-08-25,737.6818,742.1372,735.1359,742.1372
2005-08-26,737.6817,741.5006,737.6817,740.8641
2005-08-29,737.6817,737.6817,731.9534,732.5898
2005-08-30,733.8628,745.3195,730.6804,738.3182
2005-08-31,744.0465,744.6830,735.7723,738.3182
2005-09-01,745.9560,756.1397,745.9560,753.5938
2005-09-02,758.6855,761.8679,753.5936,756.1395
2005-09-05,756.7763,757.4128,745.3196,745.9561
2005-09-06,756.7762,756.7762,739.5912,746.5925
2005-09-07,747.8654,763.7774,740.8641,759.9585
2005-09-08,763.1409,772.0517,759.9585,770.1422
2005-09-09,771.4152,773.9611,759.9585,770.1422
2005-09-12,782.8718,785.4178,773.9611,781.5989
2005-09-13,781.5988,792.4190,780.9623,791.1460
2005-09-14,788.6001,795.6014,784.7812,789.8730
2005-09-15,795.6017,813.4232,794.9652,812.7867
2005-09-16,801.9663,803.8757,785.4177,801.3298
2005-09-19,801.3298,801.3298,801.3298,801.3298
2005-09-20,790.5098,812.7867,789.2369,808.3313
2005-09-21,807.6945,814.6958,801.9662,814.6958
2005-09-22,801.9662,807.6945,796.2378,805.1486
2005-09-23,805.1486,805.1486,805.1486,805.1486
2005-09-26,805.1489,811.5137,803.2394,808.3313
2005-09-27,821.1314,827.5315,811.5312,816.6513
2005-09-28,821.7714,831.3715,821.7714,826.8915
2005-09-29,838.4116,853.7718,824.3314,852.4918
2005-09-30,840.9718,846.0918,828.1716,835.8517
2005-10-03,832.0115,851.8518,826.2514,839.0516
2005-10-04,845.4517,874.8921,845.4517,865.2920
2005-10-05,890.8922,894.0922,882.5721,882.5721
2005-10-06,844.1714,869.7718,841.6114,848.0115
2005-10-07,835.2116,845.4518,831.3716,843.5317
2005-10-10,843.5317,843.5317,843.5317,843.5317
2005-10-11,817.9313,837.1316,816.0113,834.5715
2005-10-12,826.2516,835.2117,816.6514,824.9716
2005-10-13,818.5712,831.3714,811.5311,831.3714
2005-10-14,829.4514,829.4514,813.4511,822.4113
2005-10-17,840.9714,845.4514,832.0112,832.0112
2005-10-18,832.6515,832.6515,811.5312,823.6914
2005-10-19,820.4914,824.3314,813.4513,818.5714
2005-10-20,825.6115,843.5317,823.0514,833.2916
2005-10-21,844.1714,844.1714,825.6111,832.0112
2005-10-24,832.6512,834.5713,828.1712,832.0112
2005-10-25,842.8916,844.8117,831.3715,834.5715
2005-10-26,834.5714,846.7316,828.1714,845.4516
2005-10-27,846.0918,851.2119,828.1716,837.7717
2005-10-28,824.9715,839.0517,820.4915,820.4915
2005-10-31,830.7312,844.8114,826.2512,832.0112
2005-11-01,842.8916,851.2117,841.6116,851.2117
2005-11-02,838.4117,838.4117,828.1715,829.4515
2005-11-03,829.4515,829.4515,829.4515,829.4515
2005-11-04,833.9314,843.5316,830.0914,832.6514
2005-11-07,835.8518,838.4118,821.7716,827.5317
2005-11-08,830.7317,833.2918,827.5317,827.5317
2005-11-09,827.5315,827.5315,822.4114,823.0514
2005-11-10,823.0515,830.0916,821.7715,830.0916
2005-11-11,838.4118,838.4118,816.0115,819.2115
2005-11-14,822.4114,822.4114,807.0512,814.0913
2005-11-15,826.8913,830.7314,821.1312,821.1312
2005-11-16,827.5315,846.0917,826.8915,833.2916
2005-11-17,835.2114,841.6115,835.2114,837.1314
2005-11-18,837.7717,837.7717,832.6516,835.8517
2005-11-21,837.7714,837.7714,817.9312,817.9312
2005-11-22,830.7316,831.3716,823.6915,830.0916
2005-11-23,741.7701,744.3301,740.4901,741.7701
2005-11-24,831.3717,831.3717,821.7716,827.5317
2005-11-25,821.1315,830.0916,818.5715,830.0916
2005-11-28,831.3714,853.7717,831.3714,846.7316
2005-11-29,849.2917,862.7319,849.2917,851.2117
2005-11-30,851.8520,854.4120,842.2519,844.8119
2005-12-01,841.6117,851.8519,837.7717,851.8519
2005-12-02,856.3316,856.3316,837.7713,848.0115
2005-12-05,873.6119,878.7320,862.0918,864.0118
2005-12-06,855.6918,892.8123,854.4118,881.2922
2005-12-07,883.8521,907.5325,883.2121,900.4924
2005-12-08,894.7326,894.7326,874.2523,874.2523
2005-12-09,874.2523,874.2523,874.2523,874.2523
2005-12-12,893.4523,903.0524,889.6122,900.4924
2005-12-13,894.0922,929.2927,881.9321,929.2927
2005-12-14,903.6926,920.9728,900.4925,917.7728
2005-12-15,891.5322,896.0122,876.8120,880.6520
2005-12-16,888.3323,888.3323,869.7720,885.7722
2005-12-19,890.8925,890.8925,867.2122,871.0522
2005-12-20,881.9324,888.3325,871.0522,871.0522
2005-12-21,886.4121,886.4121,870.4119,873.6119
2005-12-22,875.5320,885.1321,875.5320,883.8521
2005-12-23,741.7701,744.3301,740.4901,741.7701
2005-12-26,883.2122,896.0124,882.5722,885.7722
2005-12-27,894.7321,896.0121,884.4920,887.0520
2005-12-28,883.2120,894.7321,881.9320,891.5321
2005-12-29,905.6125,908.8126,901.1325,904.9725
2005-12-30,908.8126,919.0528,906.2526,914.5727
2006-01-02,914.5727,914.5727,914.5727,914.5727
2006-01-03,914.5727,914.5727,914.5727,914.5727
2006-01-04,924.8127,926.0928,921.6127,924.1727
2006-01-05,933.1328,980.4935,929.2928,972.1733
2006-01-06,971.5335,972.1735,953.6132,961.9333
2006-01-09,961.9333,961.9333,961.9333,961.9333
2006-01-10,995.8535,999.6936,968.9731,968.9731
2006-01-11,969.6133,976.6534,954.8931,972.1733
2006-01-12,983.0538,987.5338,981.1337,987.5338
2006-01-13,978.5737,1013.1342,976.6537,1013.1342
2006-01-16,1011.8541,1027.8544,1005.4540,1018.8942
2006-01-17,1006.0940,1006.0940,980.4936,985.6137
2006-01-18,981.7738,981.7738,949.1333,955.5334
2006-01-19,951.6931,980.4935,951.6931,972.1733
2006-01-20,1023.3743,1067.5349,1005.4540,1024.0143
2006-01-23,1011.2136,1054.0942,1002.2535,1035.5339
2006-01-24,1036.1742,1052.1744,1029.7741,1040.0143
2006-01-25,1024.6539,1045.1342,1024.6539,1038.0941
2006-01-26,1048.9743,1052.1744,1040.6542,1043.8542
2006-01-27,1053.4544,1088.0148,1052.8144,1070.0946
2006-01-30,1092.4951,1096.3352,1077.7749,1081.6150
2006-01-31,1038.7346,1047.6947,1029.1344,1031.6945
2006-02-01,1040.0145,1041.9345,1016.3342,1024.6543
2006-02-02,1050.2547,1050.2547,1040.6546,1044.4946
2006-02-03,1036.1744,1036.1744,1027.8543,1032.9744
2006-02-06,1032.9744,1033.6145,1020.8143,1027.8544
2006-02-07,1040.6543,1048.3344,1031.0542,1041.2943
2006-02-08,1047.6947,1068.1750,1024.0144,1031.6945
2006-02-09,1042.5745,1048.9746,1030.4143,1032.9744
2006-02-10,1036.1747,1039.3747,1022.7345,1036.8147
2006-02-13,1024.0143,1027.2143,992.0138,1014.4141
2006-02-14,1015.0540,1027.2141,977.2935,1010.5739
2006-02-15,1004.8137,1009.9338,990.7335,1004.1737
2006-02-16,1007.3739,1055.3746,1006.0939,1048.9745
2006-02-17,1056.6546,1074.5748,1041.2944,1061.1346
2006-02-20,1070.0948,1107.2153,1064.3347,1088.6550
2006-02-21,1081.6149,1123.2154,1064.3346,1122.5754
2006-02-22,1109.7753,1120.0155,1098.2552,1102.0952
2006-02-23,1137.2959,1145.6160,1124.4957,1133.4558
2006-02-24,1108.4953,1126.4155,1107.2153,1113.6154
2006-02-27,1126.4154,1139.2155,1120.0153,1121.2953
2006-02-28,1123.2154,1123.2154,1088.0149,1104.6552
2006-03-01,1104.0152,1110.4153,1095.6951,1101.4552
2006-03-02,1095.0553,1095.0553,1057.2947,1064.9749
2006-03-03,1057.9346,1057.9346,1032.9743,1048.9745
2006-03-06,1054.0946,1086.7351,1053.4546,1084.8151
2006-03-07,1085.4552,1086.7352,1072.0150,1083.5352
2006-03-08,1070.7348,1070.7348,1034.8943,1046.4144
2006-03-09,1052.1745,1100.8152,1052.1745,1098.2551
2006-03-10,1078.4150,1091.8552,1078.4150,1084.8151
2006-03-13,1086.7355,1107.2157,1084.8154,1098.8956
2006-03-14,1106.5753,1106.5753,1084.8150,1089.9351
2006-03-15,1066.2547,1075.2148,1059.2146,1069.4547
2006-03-16,1072.6548,1081.6149,1061.1346,1069.4547
2006-03-17,1080.9753,1094.4155,1073.2952,1090.5754
2006-03-20,1092.4951,1107.2153,1090.5750,1099.5352
2006-03-21,1099.5352,1099.5352,1099.5352,1099.5352
2006-03-22,1079.6949,1080.3349,1063.6946,1070.7347
2006-03-23,1082.2551,1085.4552,1068.8149,1068.8149
2006-03-24,1094.4155,1095.6955,1088.0154,1090.5754
2006-03-27,1110.4153,1118.0954,1096.9751,1100.8152
2006-03-28,1108.6406,1124.9442,1096.2499,1114.5099
2006-03-29,1114.5105,1117.7712,1109.2933,1109.2933
2006-03-30,1124.9445,1146.4652,1123.6402,1131.4659
2006-03-31,1141.8999,1146.4649,1127.5528,1138.6392
2006-04-03,1149.7258,1149.7258,1141.2480,1141.9001
2006-04-04,1130.1612,1190.1582,1124.9441,1142.5519
2006-04-05,1152.3343,1152.9864,1125.5965,1130.8136
2006-04-06,1137.9874,1139.2917,1117.1188,1119.7274
2006-04-07,1133.4221,1154.2906,1132.7699,1151.0299
2006-04-10,1141.2480,1145.8130,1133.4223,1141.9001
2006-04-11,1144.5085,1145.1606,1134.7264,1137.9871
2006-04-12,1128.2052,1128.8573,1109.2930,1109.9452
2006-04-13,1121.0317,1125.5967,1113.2060,1122.9882
2006-04-14,1122.3361,1122.3361,1115.1625,1118.4232
2006-04-17,1122.9880,1122.9880,1109.2930,1110.5973
2006-04-18,1111.2495,1134.7266,1110.5973,1134.7266
2006-04-19,1134.7267,1138.6396,1125.5968,1128.2053
2006-04-20,1134.7265,1143.8565,1132.1179,1136.0308
2006-04-21,1140.5958,1141.2479,1127.5529,1141.2479
2006-04-24,1121.0316,1121.0316,1104.0759,1104.0759
2006-04-25,1094.9461,1094.9461,1079.2947,1087.7726
2006-04-26,1085.8157,1101.4671,1079.9464,1098.8585
2006-04-27,1111.9017,1112.5538,1077.9903,1086.4681
2006-04-28,1089.7286,1096.9022,1078.6422,1095.5979
2006-05-01,1096.2502,1115.8145,1091.6852,1115.8145
2006-05-02,1109.9448,1142.5519,1099.5105,1142.5519
2006-05-03,1142.5519,1142.5519,1142.5519,1142.5519
2006-05-04,1142.5519,1142.5519,1142.5519,1142.5519
2006-05-05,1142.5519,1142.5519,1142.5519,1142.5519
2006-05-08,1151.6824,1162.7688,1150.3782,1160.1603
2006-05-09,1162.7686,1166.0293,1160.1600,1164.0729
2006-05-10,1167.9859,1182.3330,1167.3338,1172.5509
2006-05-11,1177.1156,1216.8963,1167.9856,1203.2013
2006-05-12,1192.7669,1228.6347,1186.8977,1206.4619
2006-05-15,1210.3753,1302.3273,1210.3753,1249.5038
2006-05-16,1236.4603,1239.0689,1208.4182,1212.3311
2006-05-17,1238.4172,1271.6764,1234.5043,1269.7200
2006-05-18,1237.1130,1271.6765,1237.1130,1266.4594
2006-05-19,1271.6766,1304.2837,1263.8509,1301.0229
2006-05-22,1287.9797,1287.9797,1218.8527,1226.0262
2006-05-23,1199.9405,1226.0262,1190.1584,1198.6362
2006-05-24,1203.2014,1238.4170,1195.3757,1233.8521
2006-05-25,1207.7665,1211.6793,1128.8573,1143.8566
2006-05-26,1209.0705,1267.7633,1209.0705,1254.7205
2006-05-29,1241.6778,1248.8514,1234.5043,1240.3735
2006-05-30,1229.2871,1278.1977,1227.3306,1265.8070
2006-05-31,1270.3721,1271.0243,1241.0258,1242.9822
2006-06-01,1239.0693,1239.0693,1222.7658,1235.8086
2006-06-02,1265.8072,1281.4586,1239.0693,1271.0243
2006-06-05,1257.9812,1262.5462,1247.5469,1254.7205
2006-06-06,1239.0691,1241.6776,1216.8963,1227.9827
2006-06-07,1207.1142,1211.6792,1197.3321,1204.5056
2006-06-08,1201.8971,1238.4170,1196.6799,1236.4606
2006-06-09,1226.0263,1236.4606,1200.5928,1219.5049
2006-06-12,1219.5051,1219.5051,1173.8552,1191.4630
2006-06-13,1183.6371,1203.2013,1179.7242,1199.2885
2006-06-14,1186.2459,1235.8086,1186.2459,1222.1136
2006-06-15,1231.2434,1248.1991,1231.2434,1238.4170
2006-06-16,1271.0241,1286.0233,1267.1112,1286.0233
2006-06-19,1283.4148,1283.4148,1256.6770,1270.3719
2006-06-20,1262.5462,1276.8933,1248.8512,1261.8940
2006-06-21,1257.3290,1257.3290,1213.6355,1229.9391
2006-06-22,1246.8951,1271.6765,1244.9387,1271.6765
2006-06-23,1248.1992,1255.3728,1244.9385,1254.0685
2006-06-26,1248.1991,1254.0684,1243.6341,1250.1555
2006-06-27,1252.7641,1252.7641,1245.5906,1251.4598
2006-06-28,1238.4170,1247.5470,1223.4177,1238.4170
2006-06-29,1251.4600,1254.0685,1245.5907,1245.5907
2006-06-30,1271.6762,1276.8933,1249.5034,1259.2855
2006-07-03,1246.8950,1252.7643,1246.2429,1246.8950
2006-07-04,1271.6760,1327.1081,1271.6760,1322.5431
2006-07-05,1306.2397,1317.3261,1274.9369,1286.0233
2006-07-06,1292.5450,1369.4978,1286.6757,1338.1949
2006-07-07,1336.2383,1343.4119,1314.0655,1331.6733
2006-07-10,1333.6297,1375.3667,1329.7168,1363.6282
2006-07-11,1354.4979,1370.1493,1337.5422,1368.8450
2006-07-12,1341.4551,1349.9329,1319.9344,1329.7166
2006-07-13,1323.8477,1356.4548,1323.8477,1347.3248
2006-07-14,1343.4120,1343.4120,1304.2835,1307.5442
2006-07-17,1307.5442,1307.5442,1307.5442,1307.5442
2006-07-18,1301.0224,1330.3688,1278.1975,1314.7174
2006-07-19,1299.0663,1306.2399,1280.1542,1294.5013
2006-07-20,1317.3261,1317.3261,1291.2404,1305.5875
2006-07-21,1302.3271,1351.8898,1301.0228,1337.5427
2006-07-24,1317.9783,1368.8454,1317.3262,1359.0632
2006-07-25,1417.1037,1454.2757,1398.1916,1428.1901
2006-07-26,1428.1900,1444.4935,1379.2794,1383.8444
2006-07-27,1403.4088,1403.4088,1379.2796,1386.4531
2006-07-28,1389.7142,1398.1921,1385.8014,1395.5835
2006-07-31,1409.9304,1416.4518,1392.9747,1399.4961
2006-08-01,1402.7570,1402.7570,1376.0191,1387.7577
2006-08-02,1383.8450,1406.6699,1383.8450,1406.6699
2006-08-03,1414.4957,1420.3650,1408.6264,1413.1914
2006-08-04,1424.9298,1434.7119,1405.3655,1414.4955
2006-08-07,1425.5815,1431.4508,1401.4523,1404.7130
2006-08-08,1387.7577,1404.7134,1386.4535,1402.1049
2006-08-09,1397.5398,1397.5398,1369.4977,1379.9320
2006-08-10,1381.8881,1397.5395,1370.8016,1385.8009
2006-08-11,1375.3668,1415.1474,1375.3668,1411.8867
2006-08-14,1402.1051,1452.3200,1402.1051,1447.7550
2006-08-15,1465.3623,1486.2309,1454.9281,1483.6223
2006-08-16,1484.9263,1492.0999,1477.7528,1485.5785
2006-08-17,1496.6653,1506.4475,1460.1454,1460.1454
2006-08-18,1464.0579,1467.3186,1457.5365,1467.3186
2006-08-21,1462.7542,1472.5364,1449.0593,1463.4064
2006-08-22,1463.4061,1463.4061,1444.4940,1452.9718
2006-08-23,1452.9717,1467.3189,1447.7546,1465.3624
2006-08-24,1480.3616,1532.5329,1480.3616,1525.3594
2006-08-25,1498.6218,1513.6210,1490.7961,1499.2739
2006-08-28,1493.4043,1535.7935,1493.4043,1516.2292
2006-08-29,1530.5767,1569.7052,1529.9246,1554.0538
2006-08-30,1565.1398,1584.7041,1546.2277,1560.5748
2006-08-31,1587.9649,1589.9213,1567.0964,1573.6178
2006-09-01,1576.2262,1600.3554,1576.2262,1593.8340
2006-09-04,1629.0499,1629.0499,1610.1378,1621.2242
2006-09-05,1617.3115,1617.3115,1587.3130,1606.2251
2006-09-06,1576.8784,1582.0956,1528.6200,1548.1842
2006-09-07,1533.8372,1537.7500,1507.0994,1514.2729
2006-09-08,1494.7085,1532.5327,1487.5350,1516.8813
2006-09-11,1536.4456,1542.9670,1516.8813,1516.8813
2006-09-12,1529.2721,1559.9228,1526.6636,1532.5328
2006-09-13,1548.8366,1555.3580,1493.4045,1501.2302
2006-09-14,1520.7946,1549.4889,1511.6647,1515.5775
2006-09-15,1506.4474,1506.4474,1451.0154,1451.0154
2006-09-18,1451.0154,1451.0154,1451.0154,1451.0154
2006-09-19,1434.7122,1496.6656,1428.8429,1470.5800
2006-09-20,1484.2746,1493.4046,1470.5796,1481.0139
2006-09-21,1490.1442,1494.0571,1445.7986,1462.7543
2006-09-22,1456.2324,1490.7959,1451.6674,1486.2310
2006-09-25,1498.6215,1509.7079,1457.5366,1477.1008
2006-09-26,1496.7255,1526.8170,1483.6423,1520.9296
2006-09-27,1548.4048,1564.1047,1546.4423,1564.1047
2006-09-28,1583.0754,1591.5795,1564.1046,1585.0378
2006-09-29,1596.8132,1602.0465,1579.1508,1588.9633
2006-10-02,1573.9172,1598.1213,1573.9172,1593.5421
2006-10-03,1589.6171,1589.6171,1559.5256,1562.1422
2006-10-04,1625.5960,1638.0251,1597.4670,1613.8210
2006-10-05,1617.0918,1617.7460,1576.5337,1596.1586
2006-10-06,1598.1213,1598.7754,1566.0672,1579.1505
2006-10-09,1579.1505,1579.1505,1579.1505,1579.1505
2006-10-10,1572.6089,1615.7836,1571.9547,1605.9712
2006-10-11,1608.5878,1624.9418,1608.5878,1615.1294
2006-10-12,1621.0169,1635.4085,1615.7836,1628.8668
2006-10-13,1636.0629,1651.7628,1622.3254,1635.4087
2006-10-16,1625.5962,1630.8295,1613.8212,1618.4004
2006-10-17,1614.4756,1614.4756,1583.0758,1587.6549
2006-10-18,1586.3457,1603.3539,1562.1416,1598.7748
2006-10-19,1618.4000,1618.4000,1601.3917,1609.2417
2006-10-20,1606.6249,1606.6249,1583.7292,1592.2333
2006-10-23,1611.8586,1615.7836,1600.0836,1608.5878
2006-10-24,1619.7083,1624.2875,1604.0084,1609.2417
2006-10-25,1609.8963,1611.2047,1590.2714,1594.8506
2006-10-26,1603.3548,1603.3548,1570.6466,1579.8049
2006-10-27,1585.6923,1593.5423,1573.9174,1583.7299
2006-10-30,1573.2632,1573.2632,1545.1342,1545.1342
2006-10-31,1543.8256,1590.2712,1526.1632,1568.6838
2006-11-01,1570.6463,1594.8503,1568.0296,1585.6920
2006-11-02,1572.6091,1598.7756,1572.6091,1598.1215
2006-11-03,1598.1215,1598.1215,1598.1215,1598.1215
2006-11-06,1592.8882,1626.9047,1589.6174,1624.2881
2006-11-07,1635.4086,1640.6419,1609.8962,1609.8962
2006-11-08,1609.2423,1625.5964,1600.0840,1600.7382
2006-11-09,1608.5875,1622.3250,1604.0084,1609.2417
2006-11-10,1628.2129,1658.3044,1625.5962,1656.9961
2006-11-13,1666.8085,1694.2834,1655.0336,1662.8835
2006-11-14,1700.8246,1713.9079,1693.6288,1709.9829
2006-11-15,1711.2916,1751.8497,1700.1708,1743.3456
2006-11-16,1759.7000,1789.1374,1697.5545,1698.8628
2006-11-17,1688.3962,1732.2251,1675.3129,1698.8628
2006-11-20,1733.5333,1734.1874,1675.9669,1680.5460
2006-11-21,1697.5541,1719.7957,1692.3208,1712.5999
2006-11-22,1711.2914,1717.8330,1700.8248,1711.2914
2006-11-23,1711.2914,1711.2914,1711.2914,1711.2914
2006-11-24,1702.1334,1732.8791,1689.0501,1721.7583
2006-11-27,1707.3666,1730.9165,1707.3666,1721.1040
2006-11-28,1713.9082,1713.9082,1698.8625,1707.3666
2006-11-29,1719.1412,1733.5328,1708.6746,1731.5703
2006-11-30,1770.8207,1823.8079,1766.2415,1812.0330
2006-12-01,1792.4077,1802.2202,1768.2037,1772.7828
2006-12-04,1772.7823,1778.0156,1740.0741,1763.6240
2006-12-05,1772.7827,1776.7076,1754.4661,1755.7744
2006-12-06,1765.5869,1772.7827,1756.4286,1762.9702
2006-12-07,1782.5948,1790.4448,1772.7824,1782.5948
2006-12-08,1785.8657,1813.9947,1785.8657,1805.4906
2006-12-11,1829.6947,1874.1778,1827.0780,1870.2528
2006-12-12,1885.2987,1897.0737,1850.6281,1857.8239
2006-12-13,1877.4489,1887.9155,1851.9365,1864.3656
2006-12-14,1865.0195,1866.3279,1851.9363,1858.4779
2006-12-15,1878.1028,1918.0068,1865.0195,1913.4276
2006-12-18,1929.7817,1953.3316,1904.9235,1919.3151
2006-12-19,1916.6989,1961.8361,1916.6989,1945.4821
2006-12-20,1961.8359,1965.7609,1926.5111,1932.3986
2006-12-21,1936.9782,1945.4823,1927.8199,1939.5948
2006-12-22,1942.8646,1961.8354,1933.0522,1957.2562
2006-12-25,1961.8358,1975.5732,1952.6775,1969.0316
2006-12-26,1978.8441,2014.8231,1969.0317,2008.2815
2006-12-27,2024.6358,2027.9066,1988.6568,1998.4692
2006-12-28,2011.5525,2014.8233,1988.6568,1998.4692
2006-12-29,2001.7398,2021.3647,1995.1982,2021.3647
2007-01-04,2024.6357,2040.9898,1950.7152,1959.8735
2007-01-05,1949.4070,1953.3320,1877.4491,1882.6824
2007-01-09,1885.9535,1893.1493,1861.7494,1865.0203
2007-01-10,1874.8324,1928.4738,1852.5909,1897.0740
2007-01-11,1955.9484,2014.8231,1953.3318,2008.2815
2007-01-12,2024.6360,2086.7815,2024.6360,2050.8025
2007-01-15,2063.8860,2073.6984,2037.7194,2063.8860
2007-01-16,2083.5108,2122.7606,2080.2400,2116.2190
2007-01-17,2126.0309,2129.3017,2067.1562,2096.5935
2007-01-18,2116.2185,2129.3018,2103.1353,2103.1353
2007-01-19,2103.1359,2112.9483,2057.3444,2060.6152
2007-01-22,2073.6984,2122.7606,2057.3443,2116.2190
2007-01-23,2119.4897,2126.0313,2096.5940,2109.6772
2007-01-24,2135.8440,2162.0106,2122.7608,2158.7397
2007-01-25,2194.7173,2211.0714,2168.5508,2191.4465
2007-01-26,2165.2810,2233.9681,2129.3020,2227.4265
2007-01-29,2253.5935,2269.9476,2211.0729,2240.5103
2007-01-30,2247.0514,2292.8428,2240.5097,2279.7595
2007-01-31,2289.5722,2338.6344,2289.5722,2319.0095
2007-02-01,2348.4465,2348.4465,2276.4886,2286.3010
2007-02-02,2305.9267,2322.2808,2227.4271,2247.0520
2007-02-05,2194.7181,2197.9889,2148.9266,2155.4683
2007-02-06,2155.4683,2207.8014,2142.3851,2152.1975
2007-02-07,2178.3641,2181.6350,2093.3229,2122.7603
2007-02-08,2148.9266,2237.2386,2122.7600,2220.8845
2007-02-09,2204.5306,2204.5306,2145.6559,2175.0933
2007-02-13,2175.0936,2175.0936,2129.3021,2135.8438
2007-02-14,2148.9274,2181.6355,2119.4900,2119.4900
2007-02-15,2139.1149,2142.3857,2037.7196,2057.3445
2007-02-16,2044.2603,2135.8431,2001.7396,2106.4058
2007-02-19,2126.0314,2155.4688,2103.1357,2116.2190
2007-02-20,2122.7605,2122.7605,2070.4274,2073.6982
2007-02-21,2047.5309,2093.3223,2040.9892,2054.0725
2007-02-22,2076.9694,2122.7608,2070.4277,2119.4900
2007-02-23,2171.8227,2217.6141,2165.2811,2211.0725
2007-02-26,2188.1763,2207.8012,2145.6557,2162.0098
2007-02-27,2139.1149,2139.1149,2090.0526,2119.4900
2007-02-28,1962.4897,2080.2390,1962.4897,2054.0725
2007-03-01,2076.9687,2103.1352,2037.7189,2080.2395
2007-03-02,2054.0725,2067.1558,2040.9892,2054.0725
2007-03-05,1991.9277,2008.2817,1941.5571,1945.4821
2007-03-06,1965.7608,2050.8020,1962.4900,2044.2604
2007-03-07,2083.5103,2083.5103,2011.5523,2031.1772
2007-03-08,2034.4484,2083.5106,2008.2818,2076.9690
2007-03-09,2112.9476,2171.8223,2112.9476,2155.4683
2007-03-12,2201.2593,2214.3425,2197.9884,2214.3425
2007-03-13,2188.1762,2204.5303,2171.8221,2178.3638
2007-03-14,2099.8642,2155.4681,2099.8642,2126.0308
2007-03-15,2168.5515,2181.6348,2152.1974,2168.5515
2007-03-16,2178.3638,2211.0719,2126.0307,2178.3638
2007-03-19,2162.0098,2224.1553,2152.1974,2220.8845
2007-03-20,2247.0512,2263.4053,2217.6139,2224.1555
2007-03-22,2250.3221,2266.6762,2220.8847,2233.9680
2007-03-23,2243.7802,2243.7802,2220.8844,2237.2385
2007-03-26,2250.3224,2253.5933,2240.5100,2253.5933
2007-03-27,2264.9179,2298.2255,2248.2641,2291.5640
2007-03-28,2284.9017,2298.2247,2248.2633,2258.2556
2007-03-29,2254.9252,2278.2406,2234.9407,2268.2483
2007-03-30,2278.2413,2291.5643,2278.2413,2281.5720
2007-04-02,2281.5714,2294.8944,2254.9253,2254.9253
2007-04-03,2278.2406,2278.2406,2244.9330,2254.9253
2007-04-04,2274.9095,2281.5710,2244.9327,2248.2634
2007-04-05,2248.2635,2298.2249,2211.6251,2284.9019
2007-04-06,2324.8713,2338.1943,2304.8867,2338.1943
2007-04-09,2354.8487,2364.8410,2318.2103,2361.5103
2007-04-10,2361.5094,2391.4863,2348.1864,2388.1555
2007-04-11,2414.8018,2471.4247,2404.8095,2464.7632
2007-04-12,2448.1094,2464.7632,2431.4556,2464.7632
2007-04-13,2481.4169,2491.4092,2411.4710,2428.1248
2007-04-16,2451.4400,2491.4091,2448.1092,2484.7476
2007-04-17,2491.4091,2494.7399,2444.7785,2471.4246
2007-04-18,2461.4325,2468.0940,2441.4479,2451.4402
2007-04-19,2438.1170,2438.1170,2378.1633,2391.4863
2007-04-20,2418.1324,2428.1247,2391.4863,2424.7939
2007-04-23,2441.4479,2468.0940,2428.1249,2451.4402
2007-04-24,2454.7711,2458.1019,2428.1251,2448.1096
2007-04-25,2444.7791,2488.0790,2438.1175,2478.0867
2007-04-26,2481.4174,2488.0790,2451.4406,2478.0867
2007-04-27,2521.3859,2534.7090,2504.7321,2518.0552
2007-05-01,2514.7251,2597.9942,2511.3944,2584.6711
2007-05-02,2601.3243,2607.9858,2564.6859,2574.6782
2007-05-07,2637.9627,2651.2858,2634.6320,2644.6243
2007-05-08,2621.3084,2637.9622,2614.6469,2624.6392
2007-05-09,2611.3168,2627.9706,2604.6553,2604.6553
2007-05-10,2604.6550,2614.6473,2588.0012,2588.0012
2007-05-11,2558.0244,2574.6782,2554.6937,2558.0244
2007-05-14,2597.9936,2597.9936,2568.0168,2578.0090
2007-05-15,2594.6632,2654.6169,2574.6787,2621.3093
2007-05-16,2657.9474,2671.2704,2657.9474,2664.6089
2007-05-17,2754.5388,2791.1771,2744.5465,2784.5156
2007-05-18,2727.8937,2744.5475,2724.5629,2734.5552
2007-05-21,2737.8856,2767.8625,2704.5780,2747.8779
2007-05-22,2734.5546,2747.8776,2721.2315,2727.8931
2007-05-23,2777.8546,2824.4852,2761.2008,2801.1699
2007-05-24,2777.8543,2784.5159,2761.2005,2767.8621
2007-05-25,2741.2169,2744.5477,2707.9093,2731.2246
2007-05-28,2771.1928,2777.8543,2764.5313,2767.8621
2007-05-29,2764.5313,2771.1929,2761.2006,2771.1929
2007-05-30,2761.2016,2767.8631,2744.5478,2754.5400
2007-05-31,2781.1853,2831.1467,2781.1853,2831.1467
2007-06-01,2834.4777,2874.4468,2834.4777,2861.1238
2007-06-04,2881.1073,2894.4304,2871.1150,2874.4458
2007-06-05,2841.1392,2841.1392,2817.8238,2824.4854
2007-06-06,2844.4700,2851.1315,2831.1469,2844.4700
2007-06-07,2811.1622,2834.4775,2811.1622,2831.1467
2007-06-08,2784.5160,2791.1775,2781.1852,2791.1775
2007-06-11,2817.8234,2817.8234,2787.8466,2797.8389
2007-06-12,2807.8315,2807.8315,2737.8856,2757.8701
2007-06-13,2724.5627,2771.1933,2724.5627,2751.2087
2007-06-14,2787.8467,2801.1698,2787.8467,2791.1775
2007-06-15,2807.8311,2807.8311,2794.5081,2797.8389
2007-06-18,2857.7929,2877.7775,2854.4622,2871.1160
2007-06-19,2921.0769,2924.4077,2911.0846,2921.0769
2007-06-20,2977.7003,2987.6926,2957.7157,2967.7080
2007-06-21,2971.0387,2971.0387,2947.7233,2961.0464
2007-06-22,2991.0234,3024.3310,2987.6926,3021.0002
2007-06-25,3077.6232,3077.6232,3017.6695,3021.0002
2007-06-26,3007.6768,3030.9921,2961.0462,2994.3538
2007-06-27,2971.0384,2974.3692,2944.3923,2944.3923
2007-06-28,2977.7000,2997.6845,2967.7077,2994.3538
2007-06-29,3020.9998,3054.3074,2974.3691,2991.0229
2007-07-02,3021.0001,3047.6462,3007.6771,3044.3154
2007-07-03,3020.9998,3107.5996,3020.9998,3107.5996
2007-07-04,3147.5685,3210.8529,3144.2377,3204.1914
2007-07-05,3230.8387,3284.1309,3197.5311,3217.5156
2007-07-06,3244.1616,3264.1462,3204.1925,3260.8154
2007-07-09,3307.4452,3320.7682,3290.7914,3314.1067
2007-07-10,3297.4528,3314.1066,3280.7990,3307.4451
2007-07-11,3254.1536,3257.4844,3240.8306,3240.8306
2007-07-12,3267.4772,3300.7849,3257.4850,3297.4541
2007-07-13,3384.0544,3384.0544,3344.0853,3364.0698
2007-07-17,3277.4687,3300.7840,3267.4764,3274.1379
2007-07-18,3200.8623,3234.1699,3177.5470,3184.2085
2007-07-19,3284.1305,3364.0687,3284.1305,3357.4072
2007-07-20,3470.6537,3510.6228,3470.6537,3510.6228
2007-07-23,3517.2835,3550.5911,3517.2835,3550.5911
2007-07-24,3630.5293,3650.5139,3583.8986,3630.5293
2007-07-25,3577.2371,3757.0981,3577.2371,3757.0981
2007-07-26,4036.8827,4090.1749,4010.2366,4063.5288
2007-07-27,3976.9284,3996.9129,3850.3595,3857.0210
2007-07-30,3790.4058,3923.6362,3630.5293,3923.6362
2007-07-31,4010.2357,4010.2357,3837.0362,3903.6514
2007-08-01,3803.7301,3823.7147,3690.4842,3697.1458
2007-08-02,3763.7591,3783.7437,3424.0215,3557.2520
2007-08-03,3590.5614,3683.8228,3530.6077,3683.8228
2007-08-06,3550.5899,3657.1742,3523.9438,3650.5127
2007-08-07,3743.7751,3750.4366,3630.5293,3677.1599
2007-08-08,3697.1446,3797.0674,3683.8215,3797.0674
2007-08-09,3830.3747,3850.3592,3683.8212,3710.4673
2007-08-10,3537.2687,3590.5609,3377.3922,3450.6689
2007-08-13,3523.9450,3557.2526,3503.9604,3550.5911
2007-08-14,3650.5138,3770.4212,3630.5292,3757.0981
2007-08-15,3683.8217,3717.1293,3523.9452,3530.6067
2007-08-16,3350.7456,3450.6684,3310.7764,3397.3762
2007-08-17,3237.4996,3257.4842,3064.3000,3064.3000
2007-08-20,3250.8227,3307.4456,3197.5305,3197.5305
2007-08-21,3270.8070,3357.4068,3254.1532,3344.0837
2007-08-22,3384.0529,3390.7144,3304.1146,3327.4299
2007-08-23,3517.2828,3570.5750,3497.2982,3570.5750
2007-08-24,3563.9129,3657.1742,3517.2823,3650.5127
2007-08-27,3703.8074,3703.8074,3623.8691,3657.1768
2007-08-28,3597.2214,3677.1596,3590.5599,3610.5444
2007-08-29,3390.7145,3450.6682,3377.3914,3430.6836
2007-08-30,3557.2530,3570.5760,3517.2838,3543.9299
2007-08-31,3510.6213,3577.2365,3510.6213,3570.5750
2007-09-03,3570.5749,3577.2365,3523.9443,3537.2673
2007-09-04,3490.6376,3510.6222,3417.3609,3437.3455
2007-09-05,3503.9607,3510.6222,3417.3609,3437.3455
2007-09-06,3370.7294,3557.2520,3357.4063,3557.2520
2007-09-07,3543.9289,3563.9135,3477.3137,3523.9443
2007-09-10,3364.0695,3470.6539,3324.1004,3444.0078
2007-09-11,3477.3154,3490.6385,3397.3771,3444.0078
2007-09-12,3503.9611,3503.9611,3430.6844,3450.6689
2007-09-13,3483.9760,3497.2991,3457.3299,3497.2991
2007-09-14,3563.9147,3690.4836,3563.9147,3690.4836
2007-09-18,3697.1446,3743.7752,3697.1446,3717.1292
2007-09-19,3923.6362,3923.6362,3896.9901,3923.6362
2007-09-20,3877.0053,3903.6514,3863.6822,3903.6514
2007-09-21,3837.0359,3850.3589,3777.0822,3837.0359
2007-09-25,3873.0964,3966.5850,3799.6411,3966.5850
2007-09-26,3973.2629,3993.2961,3939.8741,3993.2961
2007-09-27,4040.0399,4066.7509,3999.9734,4006.6511
2007-09-28,4026.6849,4026.6849,3953.2297,3979.9407
2007-10-01,3973.2622,4006.6510,3946.5512,3959.9067
2007-10-02,4020.0079,4173.5962,3993.2968,4173.5962
2007-10-03,4240.3733,4327.1841,4233.6956,4313.8286
2007-10-04,4307.1490,4327.1822,4260.4047,4287.1157
2007-10-05,4240.3737,4247.0514,4173.5962,4186.9517
2007-10-09,4320.5062,4340.5394,4193.6289,4213.6621
2007-10-10,4247.0499,4387.2827,4227.0167,4387.2827
2007-10-11,4420.6728,4641.0386,4400.6395,4621.0054
2007-10-12,4605.9124,4605.9124,4500.8047,4500.8047
2007-10-15,4667.7493,4774.5933,4627.6828,4754.5601
2007-10-16,4750.0490,4750.0490,4681.1045,4681.1045
2007-10-17,4702.9427,4702.9427,4547.5493,4547.5493
2007-10-18,4614.3278,4614.3278,4500.8060,4540.8726
2007-10-19,4449.8300,4449.8300,4413.9951,4413.9951
2007-10-22,4280.4393,4360.5723,4253.7282,4353.8945
2007-10-23,4373.9285,4373.9285,4280.4399,4280.4399
2007-10-24,4480.7721,4607.6494,4480.7721,4600.9717
2007-10-25,4607.6498,4661.0718,4607.6498,4661.0718
2007-10-26,4497.1987,4527.5156,4497.1987,4527.5156
2007-10-29,4627.6833,4747.8829,4614.3278,4734.5273
2007-10-30,4786.8124,4787.9478,4786.8124,4787.9478
2007-10-31,4721.1702,4794.6255,4674.4260,4787.9478
2007-11-01,4801.7712,4814.6592,4801.7712,4814.6592
2007-11-02,4732.5763,4732.5763,4707.8154,4707.8154
2007-11-05,4727.8491,4741.2046,4514.1610,4567.5830
2007-11-06,4664.7433,4664.7433,4587.6152,4587.6152
2007-11-07,4555.2967,4555.2967,4507.4839,4507.4839
2007-11-08,4507.4826,4507.4826,4260.4058,4260.4058
2007-11-09,4273.7617,4273.7617,4100.1401,4100.1401
2007-11-12,4086.7841,4086.7841,3926.5181,3926.5181
2007-11-13,3966.5848,3966.5848,3946.5515,3946.5515
2007-11-14,4304.2128,4304.2128,4280.4399,4280.4399
2007-11-15,4347.2170,4360.5725,4273.7617,4273.7617
2007-11-16,4230.3577,4230.3577,4073.4304,4073.4304
2007-11-19,4127.5186,4127.5186,3946.5515,3946.5515
2007-11-20,3916.2381,4093.4617,3916.2381,4093.4617
2007-11-21,4103.4108,4103.4108,3953.2283,3953.2283
2007-11-22,3895.8673,4006.6511,3895.8673,4006.6511
2007-11-26,4126.8519,4227.0182,4106.8187,4173.5962
2007-11-27,4173.5959,4173.5959,4120.1738,4120.1738
2007-11-28,4162.7112,4162.7112,4153.5625,4153.5625
2007-11-29,4163.5790,4360.5728,4163.5790,4360.5728
2007-11-30,4361.1074,4487.4507,4361.1074,4487.4507
2007-12-03,4515.8291,4534.1929,4515.8291,4534.1929
2007-12-04,4507.4832,4567.5830,4480.7722,4567.5830
2007-12-05,4570.1870,4570.1870,4480.7720,4480.7720
2007-12-06,4467.6824,4534.1929,4467.6824,4534.1929
2007-12-07,4528.8506,4560.9038,4528.8506,4560.9038
2007-12-10,4567.2487,4567.2487,4547.5493,4547.5493
2007-12-11,4460.0041,4480.7720,4460.0041,4480.7720
2007-12-12,4387.2841,4407.3174,4387.2841,4407.3174
2007-12-13,4413.9949,4413.9949,4313.8286,4313.8286
2007-12-14,4387.2833,4393.9611,4340.5391,4340.5391
2007-12-17,4370.3215,4370.3215,4293.7944,4293.7944
2007-12-18,4227.0192,4273.7635,4146.8861,4180.2749
2007-12-19,4143.4795,4173.5962,4143.4795,4173.5962
2007-12-20,4186.9523,4186.9523,4133.5303,4133.5303
2007-12-21,4114.2957,4287.1157,4114.2957,4287.1157
2007-12-25,4381.5412,4407.3174,4381.5412,4407.3174
2007-12-26,4440.7064,4487.4507,4440.7064,4487.4507
2007-12-27,4474.5622,4494.1279,4474.5622,4494.1279
2007-12-28,4413.9950,4480.7726,4400.6395,4440.7061
2008-01-04,4280.4391,4307.1501,4140.2063,4240.3726
2008-01-07,4199.9057,4199.9057,3999.9739,3999.9739
2008-01-08,3986.6183,3986.6183,3939.8740,3939.8740
2008-01-09,3946.5519,3999.9739,3946.5519,3999.9739
2008-01-10,4086.7841,4086.7841,4006.6511,4006.6511
2008-01-11,4009.0552,4009.0552,4006.6511,4006.6511
2008-01-15,3993.6162,3993.6162,3939.8740,3939.8740
2008-01-16,3732.8649,3759.5759,3605.9875,3605.9875
2008-01-17,3517.5168,3552.5649,3517.5168,3552.5649
2008-01-18,3459.0751,3672.7632,3459.0751,3672.7632
2008-01-21,3598.5732,3598.5732,3532.5303,3532.5303
2008-01-22,3338.8757,3387.6232,3312.1647,3365.5867
2008-01-23,3618.2735,3639.3752,3618.2735,3639.3752
2008-01-24,3619.3425,3619.3425,3552.5649,3552.5649
2008-01-25,3583.2757,3583.2757,3472.4309,3472.4309
2008-01-28,3424.1510,3424.1510,3138.5435,3138.5435
2008-01-29,3184.5538,3308.8269,3184.5538,3308.8269
2008-01-30,3286.4553,3372.2644,3286.4553,3372.2644
2008-01-31,3404.9514,3505.8201,3404.9514,3505.8201
2008-02-01,3539.2087,3539.2087,3539.2087,3539.2087
2008-02-04,3533.5324,3533.5324,3358.9092,3358.9092
2008-02-05,3354.3021,3354.3021,3252.0657,3252.0657
2008-02-06,3081.7166,3088.4612,3081.7166,3088.4612
2008-02-07,3108.4941,3125.1885,3108.4941,3125.1885
2008-02-08,3119.7115,3161.9150,3119.7115,3161.9150
2008-02-12,3173.8024,3173.8024,3118.5107,3118.5107
2008-02-13,3239.0444,3239.0444,3211.9995,3211.9995
2008-02-14,3380.2783,3439.0425,3380.2783,3439.0425
2008-02-15,3425.6877,3452.3987,3385.6211,3452.3987
2008-02-18,3479.1086,3479.1086,3412.3311,3412.3311
2008-02-19,3465.7542,3465.7542,3465.7542,3465.7542
2008-02-20,3493.4670,3493.4670,3405.6545,3405.6545
2008-02-21,3545.8871,3565.9204,3539.2094,3565.9204
2008-02-22,3564.5167,3612.6633,3564.5167,3612.6633
2008-02-25,3717.7724,3746.2197,3717.7724,3746.2197
2008-02-26,3747.3540,3859.7405,3747.3540,3859.7405
2008-02-27,3858.3387,3858.3387,3806.3191,3806.3191
2008-02-28,3837.7702,3837.7702,3772.9292,3772.9292
2008-02-29,3762.5798,3762.5798,3559.2422,3559.2422
2008-03-03,3565.9198,3565.9198,3352.2317,3352.2317
2008-03-04,3352.2323,3465.7542,3352.2323,3465.7542
2008-03-05,3499.1429,3552.5649,3499.1429,3552.5649
2008-03-06,3706.1529,3706.1529,3692.7974,3692.7974
2008-03-07,3545.8863,3545.8863,3512.4976,3512.4976
2008-03-10,3439.0423,3452.3978,3404.6519,3419.0090
2008-03-11,3459.0757,3545.8865,3398.9759,3545.8865
2008-03-12,3652.7318,3652.7318,3585.9543,3605.9875
2008-03-13,3479.1095,3479.1095,3372.2655,3432.3652
2008-03-14,3425.6877,3445.7209,3425.6877,3445.7209
2008-03-17,3472.5655,3472.5655,3245.3882,3245.3882
2008-03-18,3238.9773,3315.5044,3238.9773,3315.5044
2008-03-19,3312.1655,3492.4648,3312.1655,3492.4648
2008-03-21,3479.1097,3479.1097,3452.3987,3452.3987
2008-03-24,3459.0759,3559.2422,3459.0759,3559.2422
2008-03-25,3634.9677,3634.9677,3599.3086,3599.3086
2008-03-26,3583.7601,3583.7601,3566.5750,3566.5750
2008-03-27,3456.5087,3484.7412,3456.5087,3484.7412
2008-03-28,3478.3998,3552.9363,3478.3998,3552.9363
2008-03-31,3505.2008,3505.2008,3471.1035,3471.1035
2008-04-01,3517.6116,3552.9363,3517.6116,3552.9363
2008-04-02,3539.2973,3723.4226,3539.2973,3723.4226
2008-04-03,3744.9725,3744.9725,3675.6868,3675.6868
2008-04-04,3715.3755,3737.0613,3715.3755,3737.0613
2008-04-07,3760.4518,3839.3530,3760.4518,3839.3530
2008-04-08,3857.6981,3857.6981,3750.7009,3750.7009
2008-04-09,3758.6113,3758.6113,3709.7839,3709.7839
2008-04-10,3688.8469,3777.9773,3688.8469,3777.9773
2008-04-11,3766.5216,3784.7976,3766.5216,3784.7976
2008-04-14,3774.0912,3812.0757,3774.0912,3812.0757
2008-04-15,3681.0063,3681.0063,3648.4094,3648.4094
2008-04-16,3656.6604,3656.6604,3559.7559,3559.7559
2008-04-17,3659.6278,3659.6278,3587.0332,3587.0332
2008-04-18,3702.9656,3771.1602,3702.9656,3771.1602
2008-04-21,3951.3293,4023.4790,3951.3293,4023.4790
2008-04-22,4005.2031,4005.2031,3962.1040,3962.1040
2008-04-23,4033.0811,4033.0811,3996.2014,3996.2014
2008-04-24,4007.0430,4007.0430,3968.9224,3968.9224
2008-04-25,3879.7253,3893.9097,3879.7253,3893.9097
2008-04-28,3938.3039,3938.3039,3934.8259,3934.8259
2008-04-30,3928.0063,3928.0063,3873.4507,3873.4507
2008-05-01,3808.1886,3808.1886,3805.2563,3805.2563
2008-05-02,3837.1031,3873.4507,3837.1031,3873.4507
2008-05-07,3976.4931,3976.4931,3962.1040,3962.1040
2008-05-08,3989.3827,3989.3827,3955.2854,3955.2854
2008-05-09,3940.4181,3940.4181,3928.0066,3928.0066
2008-05-12,3900.7286,3921.1870,3900.7286,3921.1870
2008-05-13,3962.1049,3962.1049,3955.2854,3955.2854
2008-05-14,3962.1038,3975.7427,3962.1038,3975.7427
2008-05-15,4044.2781,4044.2781,4037.1177,4037.1177
2008-05-16,4038.2097,4084.8547,4038.2097,4084.8547
2008-05-19,4091.6730,4166.6870,4091.6730,4166.6870
2008-05-20,4196.3516,4196.3516,4166.6870,4166.6870
2008-05-21,4030.2977,4064.3950,4030.2977,4064.3950
2008-05-22,4008.2712,4043.9368,4008.2712,4043.9368
2008-05-23,4084.1722,4084.1722,4009.8401,4009.8401
2008-05-26,4000.2247,4016.6597,4000.2247,4016.6597
2008-05-27,4043.9371,4043.9371,4037.1177,4037.1177
2008-05-28,3997.4978,3997.4978,3955.2854,3955.2854
2008-05-29,3943.0783,3948.4656,3943.0783,3948.4656
2008-05-30,3980.7207,3980.7207,3975.7427,3975.7427
2008-06-02,3903.1839,3903.1839,3852.9927,3852.9927
2008-06-03,3873.6028,3873.6028,3839.3530,3839.3530
2008-06-04,3948.9422,3948.9422,3941.6453,3941.6453
2008-06-05,3938.5916,3938.5916,3934.8259,3934.8259
2008-06-06,3995.1101,3995.1101,3962.1040,3962.1040
2008-06-09,3880.2708,3893.9097,3880.2708,3893.9097
2008-06-10,3893.9087,3893.9087,3825.7141,3825.7141
2008-06-11,3825.7150,3859.8123,3825.7150,3859.8123
2008-06-12,3862.6096,3866.6331,3862.6096,3866.6331
2008-06-13,3880.2704,3928.0066,3880.2704,3928.0066
2008-06-16,3934.5520,4050.7554,3934.5520,4050.7554
2008-06-17,4042.3688,4042.3688,4037.1177,4037.1177
2008-06-18,4016.1818,4037.1177,4016.1818,4037.1177
2008-06-19,4039.3915,4084.8547,4039.3915,4084.8547
2008-06-20,4097.1971,4097.1971,4037.1177,4037.1177
2008-06-23,4004.2466,4050.7554,4004.2466,4050.7554
2008-06-24,4043.9369,4132.5898,4043.9369,4132.5898
2008-06-25,4117.7232,4180.3257,4117.7232,4180.3257
2008-06-26,4271.0251,4282.6182,4271.0251,4282.6182
2008-06-27,4149.2785,4149.2785,4132.5898,4132.5898
2008-06-30,4162.6627,4162.6627,4050.7554,4050.7554
2008-07-01,4085.8090,4091.6738,4085.8090,4091.6738
2008-07-02,4091.6748,4146.2305,4091.6748,4146.2305
2008-07-03,4147.0489,4173.5083,4147.0489,4173.5083
2008-07-04,4157.2078,4180.3257,4157.2078,4180.3257
2008-07-07,4153.0479,4180.3257,4153.0479,4180.3257
2008-07-08,4082.4658,4082.4658,4050.7554,4050.7554
2008-07-09,4057.5757,4057.5757,3989.3811,3989.3811
2008-07-10,3989.3817,3989.3817,3928.0066,3928.0066
2008-07-11,3928.0067,3962.1040,3928.0067,3962.1040
2008-07-14,4079.6714,4079.6714,4016.6597,4016.6597
2008-07-15,4020.2740,4020.2740,3996.2014,3996.2014
2008-07-16,3811.9387,3825.7141,3811.9387,3825.7141
2008-07-17,3839.8307,3839.8307,3798.4365,3798.4365
2008-07-18,3805.2567,3805.2567,3743.8816,3743.8816
2008-07-22,3709.7850,3771.1602,3648.4099,3771.1602
2008-07-23,3887.0901,3887.0901,3859.8123,3859.8123
2008-07-24,3825.7147,3825.7147,3791.6174,3791.6174
2008-07-25,3767.9533,3767.9533,3682.5056,3682.5056
2008-07-28,3777.9796,3777.9796,3771.1602,3771.1602
2008-07-29,3790.4574,3825.7141,3790.4574,3825.7141
2008-07-30,3902.8426,3941.6453,3902.8426,3941.6453
2008-07-31,3600.6726,3600.6726,3600.6726,3600.6726
2008-08-01,3590.6480,3590.6480,3512.0198,3512.0198
2008-08-04,3505.1997,3518.8386,3505.1997,3518.8386
2008-08-05,3525.6578,3593.8523,3525.6578,3593.8523
2008-08-06,3593.8533,3675.6868,3593.8533,3675.6868
2008-08-07,3705.5552,3705.5552,3668.8667,3668.8667
2008-08-08,3637.8384,3637.8384,3627.9502,3627.9502
2008-08-11,3672.4140,3672.4140,3648.4094,3648.4094
2008-08-12,3721.5818,3743.8816,3721.5818,3743.8816
2008-08-13,3727.3096,3727.3096,3682.5056,3682.5056
2008-08-14,3668.7306,3668.7306,3559.7559,3559.7559
2008-08-15,3537.3882,3537.3882,3532.4780,3532.4780
2008-08-18,3487.8792,3487.8792,3457.4644,3457.4644
2008-08-19,3371.3335,3371.3335,3321.0740,3321.0740
2008-08-20,3323.3255,3430.1865,3323.3255,3430.1865
2008-08-21,3372.6197,3372.6197,3317.6648,3317.6648
2008-08-22,3315.6877,3348.3528,3315.6877,3348.3528
2008-08-25,3357.2865,3423.3669,3357.2865,3423.3669
2008-08-26,3379.1085,3379.1085,3379.0403,3379.0403
2008-08-27,3369.0164,3369.0164,3358.5828,3358.5828
2008-08-28,3329.2812,3329.2812,3283.5679,3283.5679
2008-08-29,3323.2563,3505.1992,3323.2563,3505.1992
2008-09-01,3532.4775,3662.0471,3532.4775,3662.0471
2008-09-02,3662.0477,3662.0477,3600.6726,3600.6726
2008-09-03,3639.7534,3675.6868,3639.7534,3675.6868
2008-09-04,3663.2695,3663.2695,3627.9502,3627.9502
2008-09-05,3525.6587,3525.6587,3512.0198,3512.0198
2008-09-08,3532.4770,3607.4910,3532.4770,3607.4910
2008-09-09,3614.6518,3614.6518,3484.7412,3484.7412
2008-09-10,3385.8596,3392.6791,3355.1721,3385.8596
2008-09-11,3324.4845,3324.4845,3276.7483,3276.7483
2008-09-12,3305.5278,3305.5278,3304.0273,3304.0273
2008-09-16,3315.4140,3315.4140,3106.2612,3106.2612
2008-09-17,3256.2904,3256.2904,3167.6375,3167.6375
2008-09-18,3167.6370,3167.6370,2997.1506,2997.1506
2008-09-19,3106.7390,3242.6506,3106.7390,3242.6506
2008-09-22,3372.1520,3382.4495,3372.1520,3382.4495
2008-09-24,3375.6310,3375.6310,3286.9780,3286.9780
2008-09-25,3313.7345,3313.7345,3294.5823,3294.5823
2008-09-26,3287.6687,3287.6687,3239.2698,3239.2698
2008-09-29,3235.8124,3235.8124,3121.7292,3121.7292
2008-09-30,3126.7768,3126.7768,2979.9900,2979.9900
2008-10-01,3000.7326,3000.7326,2834.7935,2834.7935
2008-10-02,2837.7671,2837.7671,2744.9104,2744.9104
2008-10-03,2499.9424,2506.3726,2499.9424,2506.3726
2008-10-06,2528.4279,2528.4279,2319.6904,2319.6904
2008-10-07,2234.6812,2388.8315,2234.6812,2388.8315
2008-10-08,2400.3788,2400.3788,2122.6382,2122.6382
2008-10-09,2260.9208,2399.2034,2250.5496,2399.2034
2008-10-10,2523.6582,2527.1152,2523.6582,2527.1152
2008-10-14,2803.6804,2803.6804,2803.6804,2803.6804
2008-10-15,2736.4748,2736.4748,2706.8823,2706.8823
2008-10-16,2665.3973,2665.3973,2430.3169,2430.3169
2008-10-17,2326.6052,2326.6052,2326.6052,2326.6052
2008-10-20,2348.9377,2395.7463,2348.9377,2395.7463
2008-10-21,2471.0508,2471.0508,2464.8875,2464.8875
2008-10-22,2454.5162,2454.5162,2274.7488,2274.7488
2008-10-23,2078.1703,2084.6106,2078.1703,2084.6106
2008-10-24,1891.0145,1894.4716,1891.0145,1894.4716
2008-10-27,1894.4720,1894.4720,1687.0481,1687.0481
2008-10-28,1578.7034,1706.4073,1578.7034,1706.4073
2008-10-29,1702.1896,1913.8312,1702.1896,1913.8312
2008-10-30,2115.7241,2122.6382,2115.7241,2122.6382
2008-10-31,2173.1604,2173.1604,2164.1230,2164.1230
2008-11-04,2117.8674,2257.4636,2117.8674,2257.4636
2008-11-05,2242.5292,2509.8296,2242.5292,2509.8296
2008-11-06,2491.5763,2491.5763,2288.5774,2288.5774
2008-11-07,2305.8625,2305.8625,2236.7212,2236.7212
2008-11-10,2304.5489,2304.5489,2236.7212,2236.7212
2008-11-11,2235.4765,2235.4765,2146.8374,2146.8374
2008-11-12,2164.1228,2164.1228,2119.1809,2119.1809
2008-11-13,1977.7181,1977.7181,1973.9845,1973.9845
2008-11-14,1975.6442,2072.1655,1975.6442,2072.1655
2008-11-17,2088.0675,2122.6382,2088.0675,2122.6382
2008-11-18,2111.3676,2111.3676,2077.6958,2077.6958
2008-11-19,2005.9971,2025.8406,2005.9971,2025.8406
2008-11-20,2026.5318,2026.5318,1874.4209,1874.4209
2008-11-21,1869.1657,1967.0698,1869.1657,1967.0698
2008-11-25,1987.9507,1987.9507,1987.8125,1987.8125
2008-11-26,1944.5994,1944.5994,1926.9684,1926.9684
2008-11-27,2054.6717,2054.6717,2045.8907,2045.8907
2008-11-28,2053.4972,2053.4972,2042.4346,2042.4346
2008-12-01,2049.1405,2068.7075,2049.1405,2068.7075
2008-12-02,2081.8448,2081.8448,1992.6525,1992.6525
2008-12-03,2024.8031,2112.2668,2024.8031,2112.2668
2008-12-04,2129.5521,2129.5521,2094.9814,2094.9814
2008-12-05,2082.7435,2139.9233,2082.7435,2139.9233
2008-12-08,2136.6046,2202.1506,2136.6046,2202.1506
2008-12-09,2330.0948,2347.3472,2330.0948,2347.3472
2008-12-10,2331.9287,2485.6299,2331.9287,2485.6299
2008-12-11,2490.4700,2490.4700,2409.5747,2409.5747
2008-12-12,2415.1754,2415.1754,2295.4917,2295.4917
2008-12-15,2408.8141,2461.4307,2408.8141,2461.4307
2008-12-16,2404.6648,2404.6648,2388.8315,2388.8315
2008-12-17,2377.1472,2437.2310,2377.1472,2437.2310
2008-12-18,2444.1451,2444.1451,2381.9180,2381.9180
2008-12-19,2390.8371,2390.8371,2381.9180,2381.9180
2008-12-22,2381.9179,2416.4885,2381.9179,2416.4885
2008-12-24,2423.7481,2423.7481,2364.6323,2364.6323
2008-12-25,2331.7903,2350.8042,2331.7903,2350.8042
2008-12-26,2343.8902,2357.7185,2340.4332,2357.7185
2008-12-29,2328.8171,2336.9758,2328.8171,2336.9758
2008-12-30,2323.1476,2361.1753,2309.3193,2333.5188
2009-01-05,2444.1447,2475.2583,2433.7735,2454.5159
2009-01-06,2502.9150,2530.5715,2502.9150,2530.5715
2009-01-07,2544.3996,2544.3996,2502.9148,2502.9148
2009-01-08,2502.9155,2502.9155,2354.2617,2354.2617
2009-01-09,2367.1215,2367.1215,2336.9758,2336.9758
2009-01-13,2367.8132,2367.8132,2357.7185,2357.7185
2009-01-14,2365.6696,2365.6696,2302.4053,2302.4053
2009-01-15,2292.0342,2292.0342,2264.3777,2264.3777
2009-01-16,2242.1141,2254.0063,2242.1141,2254.0063
2009-01-19,2247.0924,2257.4636,2247.0924,2257.4636
2009-01-20,2224.8290,2233.2642,2224.8290,2233.2642
2009-01-21,2150.4323,2150.4323,2088.0669,2088.0669
2009-01-22,2091.5241,2150.2942,2091.5241,2150.2942
2009-01-23,2150.2942,2150.2942,2077.6958,2077.6958
2009-01-26,2094.9814,2094.9814,2009.9376,2009.9376
2009-01-27,2081.1532,2119.1809,2074.2391,2119.1809
2009-01-28,2110.1226,2191.7786,2110.1226,2191.7786
2009-01-29,2199.7306,2215.9788,2199.7306,2215.9788
2009-01-30,1956.6988,1956.6988,1939.4135,1939.4135
2009-02-02,1839.1588,1839.1588,1801.1310,1807.3538
2009-02-03,1805.9711,1868.8896,1805.9711,1868.8896
2009-02-04,1866.8148,1908.9910,1866.8148,1908.9910
2009-02-05,1906.2254,1906.2254,1891.7057,1891.7057
2009-02-06,1886.7777,1908.2999,1886.7777,1908.2999
2009-02-09,1916.5274,1916.5274,1875.8032,1875.8032
2009-02-10,1873.7290,1875.8032,1840.5412,1861.2836
2009-02-12,1865.6402,1911.0660,1865.6402,1911.0660
2009-02-13,1916.3153,1942.8704,1916.3153,1942.8704
2009-02-16,1943.5622,1962.2303,1943.5622,1962.2303
2009-02-17,1942.6634,1942.6634,1933.8824,1933.8824
2009-02-18,1878.3614,1878.3614,1875.8032,1875.8032
2009-02-19,1852.4642,1852.4642,1825.3304,1825.3304
2009-02-20,1831.2068,1831.2068,1757.5713,1757.5713
2009-02-23,1762.6879,1762.6879,1762.4114,1762.4114
2009-02-24,1738.5582,1842.6158,1738.5582,1842.6158
2009-02-25,1908.3007,1911.7578,1908.3007,1911.7578
2009-02-26,1906.2253,1908.9910,1906.2253,1908.9910
2009-02-27,1906.2260,1953.2421,1906.2260,1953.2421
2009-03-02,1969.8357,1969.8357,1915.9055,1915.9055
2009-03-03,1910.3744,1910.3744,1874.4209,1874.4209
2009-03-04,1845.4504,1891.0144,1845.4504,1891.0144
2009-03-05,1912.6558,1912.6558,1862.6666,1862.6666
2009-03-06,1820.4906,1820.4906,1803.8967,1803.8967
2009-03-09,1799.4716,1841.2329,1799.4716,1841.2329
2009-03-10,1833.2816,1843.3071,1833.2816,1843.3071
2009-03-11,1929.0422,1969.8356,1929.0422,1969.8356
2009-03-12,1967.7617,1967.7617,1934.5739,1934.5739
2009-03-13,1918.6716,1986.4301,1918.6716,1986.4301
2009-03-16,2058.3365,2058.3365,2046.5825,2046.5825
2009-03-17,2070.6939,2070.6939,2065.2507,2065.2507
2009-03-18,2069.8139,2069.8139,1978.8239,1978.8239
2009-03-19,1972.6019,1972.6019,1949.7853,1949.7853
2009-03-23,1983.5262,2029.9891,1983.5262,2029.9891
2009-03-24,2080.4618,2119.1809,2080.4618,2119.1809
2009-03-25,2122.1541,2122.1541,2112.2668,2112.2668
2009-03-26,2121.8455,2146.3242,2121.8455,2146.3242
2009-03-27,2167.3264,2167.3264,2115.1050,2115.1050
2009-03-30,2115.5304,2115.5304,2005.1277,2005.1277
2009-03-31,2018.6093,2025.7046,2018.6093,2025.7046
2009-04-01,2048.0494,2060.4712,2048.0494,2060.4712
2009-04-02,2062.1027,2115.8140,2062.1027,2115.8140
2009-04-03,2160.5150,2160.5150,2110.1384,2110.1384
2009-04-06,2128.3729,2128.3729,2093.1094,2093.1094
2009-04-07,2111.9835,2113.6863,2111.9835,2113.6863
2009-04-08,2048.6222,2048.6222,2027.8330,2027.8330
2009-04-09,1994.8399,1994.8399,1988.0994,1988.0994
2009-04-10,1978.1660,1990.9375,1978.1660,1990.9375
2009-04-13,1936.5164,1936.5164,1897.2794,1897.2794
2009-04-14,1887.7711,1909.3407,1887.7711,1909.3407
2009-04-15,1912.8896,1960.4280,1912.8896,1960.4280
2009-04-16,1959.0797,1988.0994,1959.0797,1988.0994
2009-04-17,1991.5757,1991.5757,1853.9982,1853.9982
2009-04-20,1861.8032,1861.8032,1781.6265,1781.6265
2009-04-21,1787.5150,1803.6212,1787.5150,1803.6212
2009-04-22,1794.2100,1864.6407,1794.2100,1864.6407
2009-04-23,1875.1424,1899.4082,1875.1424,1899.4082
2009-04-24,1899.0428,1899.0428,1837.6793,1837.6793
2009-04-27,1851.2314,1851.2314,1835.5508,1835.5508
2009-04-28,1853.1468,1853.1468,1816.3932,1816.3932
2009-04-30,1816.3936,1854.7081,1816.3936,1854.7081
2009-05-01,1885.0755,1885.0755,1883.7983,1883.7983
2009-05-07,1980.5783,1980.5783,1902.9559,1902.9559
2009-05-08,1887.3462,1887.3462,1849.7412,1849.7412
2009-05-11,1847.6838,1848.3223,1847.6838,1848.3223
2009-05-12,1869.0910,1869.0910,1863.2218,1863.2218
2009-05-13,1857.4747,1888.0554,1857.4747,1888.0554
2009-05-14,1865.2090,1865.2090,1858.9651,1858.9651
2009-05-15,1853.0761,1853.0761,1839.0984,1839.0984
2009-05-18,1791.4887,1791.4887,1790.8502,1790.8502
2009-05-19,1832.0030,1832.0030,1826.3268,1826.3268
2009-05-20,1822.2830,1824.1987,1822.2830,1824.1987
2009-05-21,1822.0696,1844.7745,1822.0696,1844.7745
2009-05-22,1840.5888,1840.5888,1802.2032,1802.2032
2009-05-25,1808.8721,1808.8721,1800.7836,1800.7836
2009-05-26,1802.9127,1802.9127,1797.2365,1797.2365
2009-05-27,1827.8880,1827.8880,1818.5222,1818.5222
2009-05-28,1822.5657,1823.4882,1822.5657,1823.4882
2009-05-29,1820.7927,1820.7927,1818.5222,1818.5222
2009-06-01,1871.6658,1885.9274,1871.6658,1885.9274
2009-06-02,1884.5081,1884.5081,1875.9938,1875.9938
2009-06-03,1864.6412,1864.6412,1828.4552,1828.4552
2009-06-04,1829.8744,1829.8744,1799.3646,1799.3646
2009-06-05,1804.8700,1804.8700,1795.1067,1795.1067
2009-06-08,1801.9193,1827.7461,1801.9193,1827.7461
2009-06-09,1828.4554,1851.1603,1828.4554,1851.1603
2009-06-10,1859.7456,1870.3175,1859.7456,1870.3175
2009-06-11,1839.8080,1841.2271,1834.8413,1836.2604
2009-06-12,1804.3307,1811.4260,1802.9117,1808.5879
2009-06-15,1805.7503,1809.2980,1800.7836,1806.4598
2009-06-16,1814.9742,1817.8123,1810.7170,1812.8456
2009-06-17,1829.8743,1840.5172,1827.0362,1834.1315
2009-06-18,1816.3934,1839.8079,1816.3934,1839.8079
2009-06-19,1839.0984,1841.2269,1834.1317,1834.8412
2009-06-22,1819.9410,1826.3268,1816.3934,1817.1029
2009-06-23,1802.9122,1806.4599,1801.4932,1802.9122
2009-06-24,1808.5888,1825.6175,1805.7507,1818.5222
2009-06-25,1833.4216,1842.6455,1820.6501,1833.4216
2009-06-26,1836.2598,1838.3884,1822.0693,1830.5836
2009-06-29,1838.3886,1894.4413,1837.6790,1866.0602
2009-06-30,1901.5371,1902.2467,1873.1560,1895.1514
2009-07-01,1885.9267,1901.5363,1871.7361,1888.7648
2009-07-02,1901.5369,1901.5369,1875.9939,1880.9606
2009-07-03,1861.8032,1865.3508,1853.2888,1861.0936
2009-07-06,1861.8031,1867.4793,1853.9983,1855.4174
2009-07-07,1853.9982,1876.7032,1853.9982,1871.7365
2009-07-08,1858.2555,1891.6034,1858.2555,1891.6034
2009-07-09,1864.6412,1867.4793,1853.2888,1855.4174
2009-07-10,1862.5124,1862.5124,1830.5836,1836.9694
2009-07-13,1827.0366,1866.0606,1823.4889,1827.7461
2009-07-14,1849.0313,1849.0313,1817.1026,1836.9694
2009-07-15,1844.0649,1844.0649,1819.2314,1819.9409
2009-07-16,1833.4216,1851.1598,1832.7121,1833.4216
2009-07-17,1828.4553,1837.6792,1814.2647,1819.2314
2009-07-21,1819.2317,1848.3224,1814.2650,1827.0365
2009-07-22,1834.1316,1851.1602,1830.5839,1845.4840
2009-07-23,1851.1605,1871.0273,1851.1605,1858.2557
2009-07-24,1885.9272,1890.1844,1875.9938,1889.4749
2009-07-27,1897.2796,1907.2130,1887.3462,1892.3129
2009-07-28,1877.4123,1888.7648,1875.9933,1888.7648
2009-07-29,1858.9648,1861.8029,1839.0980,1846.1932
2009-07-30,1867.4790,1915.7269,1867.4790,1903.6649
2009-07-31,1823.4881,1823.4881,1792.2688,1796.5260
2009-08-03,1816.3934,1832.7126,1814.2648,1822.7792
2009-08-04,1819.9414,1819.9414,1806.4604,1810.7175
2009-08-05,1810.7170,1812.8456,1802.2027,1802.9122
2009-08-06,1810.0075,1814.9742,1797.2360,1806.4598
2009-08-07,1807.1689,1807.1689,1797.2355,1803.6212
2009-08-10,1816.3934,1817.8124,1806.4600,1809.2981
2009-08-11,1816.3927,1818.5213,1803.6212,1803.6212
2009-08-12,1798.6546,1800.0736,1792.9784,1796.5260
2009-08-13,1799.3648,1804.3315,1796.5267,1798.6553
2009-08-14,1798.6545,1805.0403,1796.5259,1803.6212
2009-08-17,1787.3024,1787.3024,1751.8260,1753.9546
2009-08-18,1744.0213,1750.4071,1718.4783,1736.9260
2009-08-19,1737.6358,1766.7265,1733.3786,1752.5359
2009-08-20,1746.8594,1746.8594,1724.1545,1738.3451
2009-08-21,1724.1548,1724.1548,1667.3925,1685.1307
2009-08-24,1706.4165,1726.9928,1705.7069,1708.5450
2009-08-25,1709.2542,1717.0590,1701.4494,1704.2875
2009-08-26,1708.5448,1717.7687,1703.5781,1717.7687
2009-08-27,1723.4456,1734.7981,1716.3503,1730.5409
2009-08-28,1738.3453,1783.0456,1738.3453,1780.9170
2009-08-31,1802.9124,1807.8791,1773.8217,1792.9790
2009-09-02,1742.6021,1780.2072,1742.6021,1780.2072
2009-09-03,1758.9213,1770.2738,1756.7927,1756.7927
2009-09-04,1753.2449,1753.2449,1720.6066,1728.4114
2009-09-07,1737.6359,1737.6359,1721.3167,1729.8311
2009-09-08,1727.7019,1731.2496,1722.7353,1725.5734
2009-09-09,1746.8599,1760.3409,1730.5407,1734.0884
2009-09-10,1745.4407,1755.3741,1741.1835,1742.6025
2009-09-11,1753.9549,1772.4027,1748.9882,1769.5646
2009-09-14,1762.4692,1775.9503,1758.9216,1768.8550
2009-09-15,1773.1119,1775.9500,1753.9546,1753.9546
2009-09-16,1756.0830,1758.9211,1728.4114,1728.4114
2009-09-17,1744.7308,1748.9880,1733.3784,1744.7308
2009-09-18,1744.7312,1744.7312,1722.7358,1729.8311
2009-09-21,1729.8311,1729.8311,1729.8311,1729.8311
2009-09-24,1728.4118,1763.1787,1724.1546,1763.1787
2009-09-25,1730.1822,1731.6168,1720.8570,1722.2916
2009-09-28,1693.5983,1693.5983,1644.8204,1657.7322
2009-09-29,1665.6231,1672.7964,1645.5381,1651.9940
2009-09-30,1641.2339,1641.2339,1599.6292,1626.1702
2009-10-01,1636.2125,1646.2551,1618.9968,1621.8661
2009-10-02,1600.3467,1613.9759,1585.2830,1613.2585
2009-10-05,1611.1063,1611.1063,1591.7386,1592.4559
2009-10-06,1593.8907,1602.4986,1553.0034,1558.7419
2009-10-07,1577.3919,1578.1092,1559.4588,1564.4801
2009-10-08,1566.6325,1597.4774,1566.6325,1597.4774
2009-10-09,1679.9687,1716.5522,1679.9687,1706.5096
2009-10-13,1710.0971,1710.0971,1662.0365,1662.0365
2009-10-14,1666.3403,1672.7962,1655.5805,1667.0576
2009-10-15,1677.0998,1678.5345,1661.3187,1665.6227
2009-10-16,1663.4706,1717.2698,1663.4706,1716.5525
2009-10-19,1737.3554,1753.1365,1706.5105,1722.2916
2009-10-20,1723.7262,1742.3766,1710.8144,1737.3553
2009-10-21,1728.0302,1757.4404,1728.0302,1746.6805
2009-10-22,1746.6802,1761.7440,1746.6802,1761.7440
2009-10-23,1763.8960,1766.0480,1757.4401,1761.7440
2009-10-26,1763.8960,1771.7865,1756.7227,1757.4401
2009-10-27,1763.1789,1763.1789,1721.5742,1728.7474
2009-10-28,1707.9450,1745.2458,1707.2277,1742.3765
2009-10-29,1712.2488,1756.0055,1705.7929,1734.4858
2009-10-30,1691.4464,1704.3582,1636.2125,1649.8417
2009-11-02,1641.2334,1668.4917,1624.7350,1664.1877
2009-11-04,1639.0816,1691.4462,1639.0816,1691.4462
2009-11-05,1692.1637,1720.1393,1682.8385,1715.8353
2009-11-06,1720.1394,1744.5284,1713.6835,1738.0725
2009-11-09,1704.3581,1726.5951,1696.4676,1697.9022
2009-11-10,1700.7717,1710.0969,1686.4253,1686.4253
2009-11-11,1682.8387,1682.8387,1655.5805,1659.8844
2009-11-12,1657.0145,1669.2090,1645.5374,1664.1877
2009-11-13,1663.4712,1677.1003,1649.1248,1649.1248
2009-11-16,1643.3859,1663.4709,1636.9300,1652.7111
2009-11-17,1656.2977,1665.6229,1624.7356,1632.6261
2009-11-18,1614.6932,1630.4743,1611.1066,1613.2585
2009-11-19,1618.2794,1618.2794,1585.2825,1596.0424
2009-11-20,1574.5229,1586.0001,1563.7631,1570.2190
2009-11-24,1567.3495,1601.0637,1563.7629,1583.1306
2009-11-25,1569.5014,1591.0211,1560.1762,1587.4344
2009-11-26,1574.5228,1584.5654,1558.7417,1569.5016
2009-11-27,1553.0036,1553.7209,1524.3107,1528.6146
2009-11-30,1535.0699,1549.4164,1532.9180,1549.4164
2009-12-01,1527.8971,1535.7876,1480.5538,1523.5931
2009-12-02,1520.0065,1537.2223,1471.2286,1481.2711
2009-12-03,1487.0098,1503.5082,1466.2074,1472.6633
2009-12-04,1472.6631,1479.1190,1443.9702,1459.0339
2009-12-07,1498.4868,1550.1340,1497.0521,1548.6993
2009-12-08,1553.0032,1589.5867,1547.9820,1568.0670
2009-12-09,1546.5473,1550.1339,1518.5717,1538.6567
2009-12-10,1537.9397,1556.5900,1524.3105,1536.5050
2009-12-11,1544.3951,1547.9817,1539.3738,1540.8085
2009-12-14,1548.6995,1555.8727,1497.7696,1514.9854
2009-12-15,1498.4869,1520.0066,1479.8365,1511.3987
2009-12-16,1554.4379,1556.5899,1539.3741,1548.6993
2009-12-17,1551.5687,1553.0034,1527.8971,1530.0491
2009-12-18,1529.3314,1557.3070,1524.3102,1531.4834
2009-12-21,1545.1126,1547.2646,1530.7662,1534.3528
2009-12-22,1549.4164,1578.1093,1547.2644,1572.3707
2009-12-24,1581.6960,1592.4559,1563.0457,1563.0457
2009-12-25,1567.3497,1567.3497,1550.8513,1553.7206
2009-12-28,1557.3072,1570.9363,1556.5899,1568.0670
2009-12-29,1565.9150,1570.2189,1563.0457,1569.5016
2009-12-30,1582.4136,1608.9545,1580.9789,1591.7388
2010-01-04,1586.0003,1624.0184,1586.0003,1616.1278
2010-01-05,1641.9509,1654.1453,1635.4950,1638.3643
2010-01-06,1720.8566,1763.1786,1704.3582,1757.4401
2010-01-07,1782.5462,1850.6918,1782.5462,1833.4761
2010-01-08,1832.7591,1863.6040,1815.5434,1839.9324
2010-01-12,1836.3457,1872.2118,1834.9110,1869.3425
2010-01-13,1854.2789,1865.7560,1842.0844,1857.8655
2010-01-14,1854.9961,1857.8654,1832.0418,1841.3669
2010-01-15,1857.1481,1857.1481,1818.4126,1838.4977
2010-01-18,1818.4128,1862.8868,1818.4128,1847.8230
2010-01-19,1853.5612,1853.5612,1838.4974,1848.5399
2010-01-20,1852.1267,1864.3212,1848.5401,1852.8440
2010-01-21,1853.5610,1861.4516,1845.6705,1853.5610
2010-01-22,1839.9326,1839.9326,1815.5436,1830.6074
2010-01-25,1815.5431,1849.9746,1811.9565,1840.6494
2010-01-26,1834.9107,1848.5398,1831.3241,1833.4761
2010-01-27,1825.5857,1852.8439,1821.9991,1842.0841
2010-01-28,1857.1479,1895.1660,1857.1479,1887.9928
2010-01-29,1866.4730,1866.4730,1814.1085,1814.8258
2010-02-01,1811.2388,1837.7797,1800.4790,1836.3451
2010-02-02,1839.2156,1839.2156,1800.4802,1805.5015
2010-02-03,1807.6532,1814.1091,1804.7839,1806.2185
2010-02-04,1806.2187,1826.3037,1806.2187,1821.9998
2010-02-05,1779.6773,1779.6773,1743.8112,1745.9631
2010-02-08,1735.2038,1761.0274,1723.0093,1748.8329
2010-02-09,1727.3127,1748.8324,1727.3127,1730.8993
2010-02-10,1750.9846,1755.2886,1741.6594,1741.6594
2010-02-12,1759.5923,1786.8506,1756.0057,1782.5466
2010-02-15,1803.3487,1811.2392,1780.3944,1781.1117
2010-02-16,1783.9814,1783.9814,1753.1366,1753.8539
2010-02-17,1768.1997,1784.6981,1760.3091,1773.9382
2010-02-18,1781.1117,1781.1117,1757.4401,1759.5920
2010-02-19,1761.7439,1761.7439,1730.1817,1735.2030
2010-02-22,1749.5499,1758.1578,1740.9421,1753.8539
2010-02-23,1751.7018,1765.3309,1743.0939,1754.5710
2010-02-24,1739.5074,1740.9421,1728.7476,1730.1823
2010-02-25,1751.7015,1751.7015,1728.7471,1736.6377
2010-02-26,1728.0298,1745.2456,1720.8566,1736.6377
2010-03-01,1740.9418,1787.5678,1740.9418,1777.5253
2010-03-02,1797.6101,1836.3455,1797.6101,1827.7377
2010-03-03,1845.6711,1895.1664,1838.4979,1888.7104
2010-03-04,1875.7984,1898.7527,1867.9078,1889.4275
2010-03-05,1895.1661,1926.0109,1877.2330,1889.4275
2010-03-08,1912.3814,1933.9010,1912.3814,1931.0317
2010-03-09,1941.0745,2012.0894,1940.3572,1942.5092
2010-03-10,1929.5975,1989.1353,1929.5975,1969.7676
2010-03-11,2007.0678,2012.0891,1959.7245,1994.1560
2010-03-12,1986.9840,2001.3305,1974.0722,1984.8320
2010-03-15,1980.5279,1986.2665,1939.6405,1951.1177
2010-03-16,1933.9014,1954.7038,1925.2936,1930.3148
2010-03-17,1930.3149,1978.3755,1930.3149,1974.0715
2010-03-18,1978.3750,2004.1986,1961.8765,1962.5939
2010-03-19,1964.0294,1991.2877,1957.5735,1989.8530
2010-03-23,1999.8949,2001.3296,1986.9831,1997.0256
2010-03-24,2166.3140,2216.5266,2111.0802,2169.9006
2010-03-25,2166.3144,2288.2593,2155.5546,2288.2593
2010-03-26,2284.6723,2345.6447,2273.9124,2309.7786
2010-03-29,2295.8643,2328.8193,2273.8943,2292.2026
2010-03-30,2292.2025,2328.8192,2248.2625,2321.4958
2010-03-31,2321.4960,2321.4960,2295.8644,2306.8494
2010-04-01,2303.1871,2354.4504,2284.8788,2354.4504
2010-04-02,2358.1124,2358.1124,2325.1574,2350.7891
2010-04-05,2383.7450,2413.0383,2372.7600,2413.0383
2010-04-06,2405.7136,2405.7136,2339.8036,2369.0969
2010-04-07,2354.4510,2358.1126,2310.5110,2310.5110
2010-04-08,2266.5713,2281.2179,2240.9396,2248.2629
2010-04-09,2233.6158,2281.2174,2222.6308,2229.9541
2010-04-12,2270.2323,2321.4956,2255.5857,2299.5256
2010-04-13,2299.5246,2303.1863,2259.2463,2303.1863
2010-04-14,2310.5113,2339.8046,2299.5263,2325.1580
2010-04-15,2343.4663,2350.7896,2314.1730,2325.1580
2010-04-16,2321.4960,2321.4960,2277.5560,2292.2026
2010-04-19,2244.6005,2266.5705,2240.9388,2251.9238
2010-04-20,2262.9092,2270.2326,2226.2926,2237.2776
2010-04-21,2270.2325,2288.5408,2248.2625,2284.8792
2010-04-22,2255.5863,2259.2479,2233.6163,2248.2629
2010-04-23,2244.6004,2266.5704,2240.9387,2262.9087
2010-04-26,2303.1877,2321.4960,2295.8643,2310.5110
2010-04-27,2299.5259,2314.1726,2281.2176,2314.1726
2010-04-28,2270.2328,2292.2028,2266.5712,2277.5562
2010-04-30,2317.8329,2317.8329,2295.8630,2303.1863
2010-05-06,2251.9244,2277.5561,2244.6011,2244.6011
2010-05-07,1973.6371,2082.7547,1973.6371,2035.8854
2010-05-10,2035.8856,2127.4272,2023.4359,2096.6692
2010-05-11,2127.4274,2136.2154,1999.2692,1999.2692
2010-05-12,1989.7487,2038.0827,1973.6374,1983.1577
2010-05-13,2033.6882,2045.4055,2021.9709,2037.3499
2010-05-14,1992.6783,1997.0723,1965.5819,1975.8346
2010-05-17,1955.3293,1966.3143,1909.9247,1920.9097
2010-05-18,1923.1070,1933.3596,1876.2376,1885.0256
2010-05-19,1874.0406,1964.1176,1867.4496,1964.1176
2010-05-20,1939.2182,1945.8092,1898.9398,1904.0662
2010-05-21,1852.8030,1926.0363,1852.8030,1911.3896
2010-05-24,1899.6717,1958.9906,1887.9543,1950.2026
2010-05-25,1930.4302,1945.0768,1872.5758,1887.9548
2010-05-26,1898.2071,1915.7831,1862.3228,1870.3784
2010-05-27,1856.4643,1920.9097,1856.4643,1907.7277
2010-05-28,1926.0362,1981.6935,1926.0362,1970.7085
2010-05-31,1970.7082,1991.9458,1960.4555,1969.9758
2010-06-01,1969.2435,1986.8195,1955.3292,1978.0315
2010-06-02,1970.7088,1971.4411,1911.3898,1937.0215
2010-06-03,1931.8948,1963.3851,1926.7684,1950.9354
2010-06-04,1947.2737,1962.6527,1932.6270,1941.4150
2010-06-07,1917.2484,1917.2484,1887.9551,1890.8844
2010-06-08,1860.1258,1873.3077,1852.0701,1854.2671
2010-06-09,1842.5495,1842.5495,1750.2756,1767.8516
2010-06-10,1760.5286,1791.2866,1751.7406,1775.1753
2010-06-11,1804.4685,1804.4685,1775.1752,1780.3015
2010-06-14,1804.4684,1826.4384,1790.5541,1795.6804
2010-06-15,1829.3676,1855.7316,1801.5390,1852.0699
2010-06-16,1925.3036,1955.3293,1911.3893,1946.5413
2010-06-17,1983.1578,2049.8001,1977.2991,2040.2798
2010-06-18,2026.3658,2102.5284,2019.7748,2081.2908
2010-06-21,2093.0078,2145.7358,2093.0078,2135.4832
2010-06-22,2128.1597,2135.4830,2064.4467,2068.1084
2010-06-23,1994.8751,2028.5624,1978.7638,1995.6074
2010-06-24,1976.5671,2013.9161,1969.2438,1979.4965
2010-06-25,1942.8799,1962.6529,1931.1625,1940.6829
2010-06-28,1926.0358,1939.2178,1893.8131,1898.9395
2010-06-29,1917.9803,1948.0060,1904.0660,1907.7277
2010-06-30,1869.6466,1912.8543,1868.9143,1912.1219
2010-07-01,1927.5006,1940.6825,1900.4042,1909.9246
2010-07-02,1915.7831,1956.7937,1915.7831,1948.0057
2010-07-05,1975.1028,1977.2998,1935.5568,1937.0215
2010-07-06,1917.2478,1943.6118,1895.2778,1939.2178
2010-07-07,1945.8087,1956.7937,1927.5004,1939.9501
2010-07-08,1986.8198,1986.8198,1935.5565,1942.1475
2010-07-09,1963.3853,1963.3853,1900.4047,1911.3896
2010-07-12,1904.0657,1911.3890,1871.8430,1871.8430
2010-07-13,1901.8692,1916.5159,1892.3489,1910.6572
2010-07-14,1920.9097,1928.9654,1900.4044,1903.3337
2010-07-15,1868.1817,1875.5050,1838.8884,1839.6207
2010-07-16,1834.4945,1834.4945,1763.4582,1786.1605
2010-07-21,1784.6951,1812.5238,1764.9221,1797.1448
2010-07-22,1770.0490,1784.6957,1749.5437,1760.5287
2010-07-23,1773.7113,1802.2723,1757.5999,1785.4286
2010-07-26,1799.3425,1825.7065,1799.3425,1803.0042
2010-07-27,1783.9638,1786.8932,1768.5848,1781.7668
2010-07-28,1817.6507,1841.8177,1812.5243,1838.1560
2010-07-29,1805.9334,1818.3830,1798.6100,1800.0747
2010-07-30,1784.6952,1784.6952,1754.6696,1767.8516
2010-08-02,1763.4580,1787.6250,1760.5287,1769.3167
2010-08-03,1787.6248,1787.6248,1759.0638,1771.5134
2010-08-04,1761.2612,1761.2612,1730.5032,1737.8265
2010-08-05,1747.3465,1759.0639,1737.8262,1756.1345
2010-08-06,1742.9529,1758.3319,1737.8265,1756.8672
2010-08-09,1749.5435,1760.5285,1746.6142,1756.1345
2010-08-10,1753.2055,1759.7965,1745.1498,1750.2761
2010-08-11,1738.5586,1741.4879,1695.3509,1698.2803
2010-08-12,1625.7794,1646.2848,1612.5974,1638.9614
2010-08-13,1646.2846,1659.4666,1622.1176,1655.8049
2010-08-16,1641.1583,1657.2697,1632.3703,1649.2140
2010-08-17,1622.1177,1636.0320,1622.1177,1635.2997
2010-08-18,1647.7493,1715.8563,1647.7493,1706.3359
2010-08-19,1706.3359,1748.8112,1702.6742,1745.8818
2010-08-20,1718.7852,1732.6995,1711.4618,1726.8408
2010-08-23,1720.2498,1731.9672,1705.6032,1726.8408
2010-08-24,1709.9976,1726.1090,1707.0683,1710.7300
2010-08-25,1683.6338,1718.7858,1680.7045,1701.9421
2010-08-26,1715.1240,1753.2054,1712.1947,1725.3767
2010-08-27,1713.6597,1736.3621,1701.2101,1731.2357
2010-08-30,1753.2056,1776.6402,1750.2762,1758.3319
2010-08-31,1731.2355,1740.0235,1709.9978,1712.1948
2010-09-01,1714.3920,1725.3770,1699.0130,1714.3920
2010-09-02,1744.4173,1745.1497,1687.2954,1709.9977
2010-09-03,1707.0682,1714.3915,1697.5479,1713.6592
2010-09-06,1720.9822,1732.6995,1715.8559,1728.3055
2010-09-07,1720.9829,1720.9829,1710.7302,1711.4625
2010-09-08,1690.9574,1692.4220,1671.9167,1691.6897
2010-09-09,1696.0838,1697.5484,1678.5078,1679.2401
2010-09-10,1696.8160,1701.9424,1687.2957,1696.8160
2010-09-13,1701.9418,1706.3358,1696.0832,1697.5479
2010-09-14,1696.8155,1701.9419,1695.3509,1699.7449
2010-09-16,1753.2057,1772.2464,1714.3920,1729.0387
2010-09-17,1748.0786,1748.0786,1719.5176,1719.5176
2010-09-21,1726.8416,1740.7559,1715.1242,1731.9679
2010-09-22,1733.4325,1764.9228,1724.6445,1750.2761
2010-09-24,1725.3766,1788.3572,1725.3766,1768.5842
2010-09-27,1755.4022,1757.5992,1731.2352,1745.8818
2010-09-28,1750.3021,1767.9819,1746.6188,1759.8787
2010-09-29,1781.2421,1840.1749,1704.6296,1708.3129
2010-09-30,1578.6603,1580.8703,1524.8842,1533.7241
2010-10-01,1546.2474,1549.1941,1500.5746,1538.1442
2010-10-04,1547.7209,1569.8207,1546.9842,1556.5608
2010-10-05,1560.9808,1578.6606,1558.0342,1577.9240
2010-10-06,1592.6569,1594.8669,1569.0838,1583.0803
2010-10-07,1570.5573,1571.2940,1552.8775,1563.9274
2010-10-08,1558.0341,1558.0341,1535.1977,1544.0376
2010-10-12,1546.2474,1550.6674,1521.9377,1522.6743
2010-10-13,1490.9977,1535.1972,1485.1044,1513.8341
2010-10-14,1514.5709,1549.1939,1513.0976,1546.9839
2010-10-15,1535.9340,1535.9340,1524.1475,1532.2507
2010-10-18,1528.5675,1542.5640,1507.9411,1533.7241
2010-10-19,1540.3543,1563.9273,1540.3543,1555.8241
2010-10-20,1555.8239,1572.0304,1544.7740,1566.8738
2010-10-21,1563.1904,1577.9236,1558.0338,1573.5037
2010-10-22,1576.4507,1583.8173,1569.8208,1581.6073
2010-10-25,1581.6069,1594.1302,1574.2404,1574.2404
2010-10-26,1588.9735,1599.2867,1576.4503,1594.1301
2010-10-27,1596.3404,1596.3404,1576.4506,1580.1339
2010-10-28,1583.0807,1583.0807,1552.8777,1552.8777
2010-10-29,1583.0804,1583.0804,1521.2010,1523.4110
2010-11-01,1523.4110,1527.0943,1517.5177,1522.6743
2010-11-02,1517.5177,1517.5177,1504.2578,1514.5710
2010-11-04,1507.2042,1527.0940,1507.2042,1513.8341
2010-11-05,1529.3044,1552.8774,1527.8310,1530.0410
2010-11-08,1550.6674,1550.6674,1523.4110,1528.5676
2010-11-09,1511.6247,1527.0945,1511.6247,1515.3080
2010-11-10,1516.0444,1538.1442,1512.3611,1538.1442
2010-11-11,1542.5645,1569.8208,1536.6712,1552.8777
2010-11-12,1558.7708,1569.0840,1544.0376,1544.0376
2010-11-15,1552.1409,1583.0805,1552.1409,1580.1339
2010-11-16,1602.9700,1613.2832,1588.2368,1591.1835
2010-11-17,1577.9235,1613.2831,1577.9235,1611.8098
2010-11-18,1612.5465,1625.8064,1602.9699,1622.8597
2010-11-19,1636.1195,1638.3295,1609.5998,1613.2831
2010-11-22,1634.6462,1634.6462,1614.0198,1619.1764
2010-11-24,1588.9739,1597.0772,1580.1340,1585.2906
2010-11-25,1602.9698,1604.4431,1590.4466,1598.5498
2010-11-26,1591.9204,1599.2870,1578.6606,1579.3972
2010-11-29,1583.8166,1624.3328,1583.8166,1617.7029
2010-11-30,1634.6469,1688.4231,1631.7003,1685.4764
2010-12-01,1679.5827,1720.0990,1672.9528,1714.2057
2010-12-02,1679.5830,1745.8823,1672.9530,1724.5192
2010-12-03,1723.7818,1734.8317,1701.6821,1717.8885
2010-12-06,1715.6788,1754.7218,1711.9955,1748.8285
2010-12-07,1751.0388,1757.6687,1714.2058,1719.3624
2010-12-08,1741.4621,1742.9355,1717.1524,1738.5155
2010-12-09,1741.4619,1756.9318,1733.3587,1754.7218
2010-12-10,1767.9820,1778.2952,1742.1989,1751.0388
2010-12-13,1735.5689,1760.6154,1728.2024,1760.6154
2010-12-14,1756.9317,1759.1417,1749.5651,1753.2484
2010-12-15,1759.1416,1764.2982,1752.5117,1761.3516
2010-12-16,1759.8785,1761.3518,1751.7753,1753.9852
2010-12-17,1753.2488,1755.4587,1742.9355,1745.1455
2010-12-20,1750.3017,1753.9850,1731.1486,1746.6184
2010-12-21,1751.0383,1786.3979,1749.5649,1782.7146
2010-12-22,1785.6611,1815.1275,1784.9245,1800.3943
2010-12-24,1793.0284,1814.3915,1793.0284,1802.6050
2010-12-27,1807.7611,1815.1277,1803.3412,1803.3412
2010-12-28,1800.3944,1800.3944,1789.3446,1790.8179
2010-12-29,1774.6112,1804.8142,1773.8746,1800.3943
2010-12-30,1789.3448,1789.3448,1753.2485,1754.7218
2011-01-04,1764.2986,1764.2986,1718.6258,1719.3624
2011-01-05,1695.0524,1717.8888,1667.0594,1683.2659
2011-01-06,1707.5758,1733.3588,1706.8391,1727.4656
2011-01-07,1740.7255,1748.8288,1732.6223,1737.0422
2011-01-11,1753.9857,1784.1887,1749.5657,1767.9822
2011-01-12,1770.9288,1778.2954,1741.4624,1741.4624
2011-01-13,1753.9857,1770.1922,1745.1457,1767.9822
2011-01-14,1767.9819,1773.1385,1753.2487,1757.6687
2011-01-17,1759.8785,1787.1349,1759.8785,1779.7683
2011-01-18,1783.4520,1783.4520,1765.7721,1774.6121
2011-01-19,1786.3982,1790.8181,1770.9283,1773.1383
2011-01-20,1776.0847,1776.0847,1697.9989,1700.2089
2011-01-21,1683.2663,1685.4762,1651.5899,1663.3765
2011-01-24,1663.3765,1665.5865,1630.9635,1664.8499
2011-01-25,1668.5329,1692.8426,1665.5862,1671.4795
2011-01-26,1664.8498,1664.8498,1644.2234,1644.2234
2011-01-27,1643.4865,1672.9529,1643.4865,1662.6396
2011-01-28,1669.2696,1685.4761,1628.7534,1630.2267
2011-01-31,1620.6501,1653.0631,1600.0237,1640.5399
2011-02-01,1654.5362,1675.8993,1651.5896,1658.2195
2011-02-02,1691.3690,1698.7356,1621.3864,1691.3690
2011-02-03,1709.7856,1712.7322,1672.9526,1683.2659
2011-02-04,1692.1057,1694.3157,1678.8459,1682.5292
2011-02-07,1682.5294,1692.1059,1678.8461,1686.2126
2011-02-08,1692.1058,1697.9991,1691.3691,1696.5258
2011-02-09,1703.8923,1708.3123,1703.1557,1706.1023
2011-02-10,1720.0993,1773.1388,1714.2061,1767.9822
2011-02-14,1794.5016,1798.1849,1774.6118,1779.0317
2011-02-15,1793.0280,1806.2879,1785.6614,1796.7113
2011-02-16,1819.5482,1876.2709,1812.1816,1869.6410
2011-02-17,1899.1070,1973.5095,1878.4805,1882.1638
2011-02-18,1855.6446,1881.4276,1767.9821,1868.9044
2011-02-21,1874.7976,1926.3637,1874.7976,1889.5308
2011-02-22,1886.5844,1891.7411,1821.0218,1821.7584
2011-02-23,1793.7650,1845.3311,1784.9251,1790.0817
2011-02-24,1795.2378,1798.9211,1773.8747,1777.5580
2011-02-25,1782.7149,1829.1244,1782.7149,1827.6511
2011-02-28,1804.8147,1809.2347,1765.7718,1767.2451
2011-03-01,1786.3978,1806.2876,1769.4547,1781.2412
2011-03-02,1761.3520,1762.0887,1711.9958,1711.9958
2011-03-03,1703.1555,1745.8817,1689.8956,1706.8387
2011-03-04,1743.6723,1756.1955,1714.2060,1720.0992
2011-03-07,1689.8959,1702.4191,1681.0560,1686.2126
2011-03-08,1694.3162,1700.2095,1682.5297,1687.6863
2011-03-09,1706.8393,1751.0388,1706.8393,1743.6722
2011-03-10,1737.0421,1742.1987,1702.4191,1703.1558
2011-03-11,1695.0524,1709.7856,1694.3158,1696.5258
2011-03-14,1512.3612,1620.6501,1508.6779,1567.6106
2011-03-15,1539.6174,1552.1406,1473.3181,1518.2543
2011-03-16,1566.1370,1642.0129,1566.1370,1621.3865
2011-03-17,1547.7205,1583.0801,1528.5673,1565.4003
2011-03-18,1572.0303,1605.9167,1572.0303,1591.1835
2011-03-22,1642.7501,1652.3266,1627.2802,1644.2234
2011-03-23,1629.4900,1675.8995,1629.4900,1655.2731
2011-03-24,1657.4832,1660.4298,1624.3335,1624.3335
2011-03-25,1649.3801,1649.3801,1629.4903,1638.3302
2011-03-28,1639.0669,1639.0669,1620.6504,1638.3302
2011-03-29,1638.3295,1645.8002,1609.1937,1627.1234
2011-03-30,1632.3532,1669.7068,1624.1354,1669.7068
2011-03-31,1695.1072,1699.5896,1651.0299,1699.5896
2011-04-01,1673.4426,1684.6487,1647.2950,1654.0187
2011-04-04,1668.9602,1668.9602,1654.0188,1654.7659
2011-04-05,1652.5238,1655.5121,1632.3529,1637.5824
2011-04-06,1640.5706,1640.5706,1606.9524,1621.1467
2011-04-07,1606.2057,1610.6881,1552.4165,1566.6108
2011-04-08,1529.2572,1545.6928,1498.6272,1538.2220
2011-04-11,1541.2104,1582.2993,1541.2104,1572.5874
2011-04-12,1565.1169,1575.5759,1535.9811,1544.9459
2011-04-13,1546.4398,1580.0581,1533.7396,1547.9340
2011-04-14,1553.1634,1553.1634,1532.2453,1541.9573
2011-04-15,1559.8871,1576.3227,1541.2103,1547.1869
2011-04-18,1553.1633,1558.3928,1513.5685,1514.3156
2011-04-19,1501.6158,1517.3044,1494.8922,1506.8453
2011-04-20,1516.5571,1524.0278,1508.3393,1518.0513
2011-04-21,1522.5331,1522.5331,1504.6034,1512.8212
2011-04-22,1505.3508,1509.0862,1500.8684,1503.1096
2011-04-25,1505.3510,1524.0279,1505.3510,1515.0630
2011-04-26,1489.6625,1497.1332,1445.5852,1495.6390
2011-04-27,1494.1449,1495.6391,1476.2152,1479.9506
2011-04-28,1466.5033,1466.5033,1428.4026,1436.6204
2011-05-02,1452.3089,1486.6742,1447.0794,1483.6859
2011-05-06,1459.7795,1485.9270,1459.7795,1478.4563
2011-05-09,1478.4564,1478.4564,1435.1262,1442.5969
2011-05-10,1438.1145,1441.1028,1428.4026,1435.8733
2011-05-11,1441.8497,1447.0792,1414.2080,1420.1846
2011-05-12,1406.7373,1445.5851,1385.8193,1391.0488
2011-05-13,1374.6129,1376.8542,1340.9947,1365.6481
2011-05-16,1355.1893,1391.7959,1352.2010,1363.4071
2011-05-17,1367.8894,1379.8425,1361.9128,1379.8425
2011-05-18,1394.7844,1408.9788,1373.1193,1407.4846
2011-05-19,1411.2196,1416.4491,1374.6130,1377.6013
2011-05-20,1371.6249,1392.5429,1367.1424,1378.3485
2011-05-23,1378.3487,1378.3487,1355.9365,1361.9131
2011-05-24,1355.9362,1377.6013,1355.9362,1376.1072
2011-05-25,1380.5900,1390.3019,1374.6134,1381.3370
2011-05-26,1389.5544,1408.2312,1389.5544,1403.0017
2011-05-27,1397.7726,1397.7726,1387.3136,1390.3019
2011-05-30,1374.6132,1382.8310,1364.9012,1367.1425
2011-05-31,1367.1424,1405.2430,1367.1424,1405.2430
2011-06-01,1403.7492,1442.5970,1403.0021,1427.6555
2011-06-02,1388.8075,1391.0488,1368.6366,1374.6132
2011-06-03,1382.0839,1385.0722,1359.6718,1360.4188
2011-06-06,1367.1423,1373.8659,1338.0064,1346.9713
2011-06-07,1341.7418,1350.7067,1331.2828,1335.0182
2011-06-08,1335.7654,1335.7654,1240.1402,1267.7819
2011-06-09,1240.1402,1242.3814,1198.3042,1208.0161
2011-06-10,1210.2578,1229.6817,1179.6278,1224.4521
2011-06-13,1210.2573,1233.4165,1187.8451,1191.5804
2011-06-14,1195.3157,1223.7045,1178.8801,1217.7279
2011-06-15,1225.1985,1225.9456,1195.3157,1201.2922
2011-06-16,1184.8567,1199.7982,1173.6506,1174.3977
2011-06-17,1175.1449,1175.1449,1124.3440,1125.0911
2011-06-20,1124.3441,1158.7094,1113.1380,1143.0209
2011-06-21,1140.0325,1162.4447,1132.5618,1162.4447
2011-06-22,1170.6627,1175.8922,1143.7681,1148.9976
2011-06-23,1128.8265,1130.3206,1098.1965,1098.1965
2011-06-24,1094.4610,1116.8732,1090.7257,1107.1613
2011-06-27,1107.1614,1107.1614,1081.7610,1089.9788
2011-06-28,1092.2198,1119.8615,1089.2315,1113.1378
2011-06-29,1135.5503,1155.7212,1129.5737,1137.7915
2011-06-30,1135.5500,1144.5148,1110.8966,1121.3556
2011-07-01,1125.8382,1132.5618,1098.1965,1106.4143
2011-07-04,1119.8615,1133.3089,1109.4025,1128.0793
2011-07-05,1128.0795,1150.4917,1124.3442,1148.2505
2011-07-06,1193.0749,1206.5222,1161.6978,1185.6041
2011-07-07,1180.3745,1205.0279,1180.3745,1198.3042
2011-07-08,1208.7631,1233.4165,1206.5219,1227.4399
2011-07-11,1220.7166,1234.1639,1208.0163,1213.9929
2011-07-12,1189.3393,1198.3041,1178.8802,1182.6156
2011-07-13,1170.6626,1190.0865,1170.6626,1179.6274
2011-07-14,1165.4329,1169.1682,1155.7209,1163.1917
2011-07-15,1160.9508,1160.9508,1125.0913,1137.7915
2011-07-19,1103.4260,1108.6556,1090.7258,1095.9553
2011-07-20,1112.3908,1119.8615,1089.2316,1091.4728
2011-07-21,1096.7021,1119.8613,1091.4726,1119.8613
2011-07-22,1119.8615,1124.3439,1098.9434,1113.8849
2011-07-25,1109.4025,1110.1496,1088.4845,1089.2316
2011-07-26,1078.0254,1080.2666,1057.1074,1064.5781
2011-07-27,1042.9132,1048.1427,1030.2130,1042.9132
2011-07-28,1046.6485,1064.5783,1043.6603,1053.3722
2011-07-29,851.6625,927.8639,829.2503,916.6578
2011-08-01,928.6110,960.7351,902.4635,906.9459
2011-08-02,912.9226,912.9226,872.5807,883.7867
2011-08-03,866.6040,910.6813,862.1216,888.2691
2011-08-04,895.7400,932.3465,892.7517,895.7400
2011-08-05,856.8920,899.4752,856.8920,899.4752
2011-08-08,906.1988,925.6227,897.2340,912.9225
2011-08-09,890.5102,892.0044,854.6507,860.6273
2011-08-10,875.5688,876.3159,842.6977,855.3979
2011-08-11,835.9741,860.6275,835.2271,851.6627
2011-08-12,852.4097,853.1567,805.3441,814.3090
2011-08-15,833.7328,905.4517,830.7445,904.7047
2011-08-16,905.4518,933.0934,868.8452,871.8335
2011-08-17,894.2456,911.4283,888.2690,896.4868
2011-08-18,903.2106,911.4283,893.4986,909.9342
2011-08-19,889.0162,927.8639,889.0162,918.8990
2011-08-22,923.3814,933.0934,896.4868,896.4868
2011-08-23,901.7163,986.8826,899.4751,979.4119
2011-08-24,978.6649,983.1473,921.1403,928.6110
2011-08-25,930.8520,959.9878,930.8520,944.2993
2011-08-26,962.9763,962.9763,937.5758,950.2761
2011-08-29,944.2996,978.6649,941.3113,969.1771
2011-08-30,980.1590,986.8826,963.7234,971.2193
2011-08-31,980.1591,1003.3183,974.1825,1001.0771
2011-09-01,1010.0418,1015.2713,988.3767,1007.8006
2011-09-02,992.1122,994.3534,965.9646,984.1185
2011-09-05,973.4353,982.4002,965.9646,971.3434
2011-09-06,965.2179,965.2179,937.5762,961.2584
2011-09-07,971.9408,988.3764,968.2054,983.5204
2011-09-08,1002.5715,1017.5129,990.6183,1006.5310
2011-09-09,992.8592,993.6063,982.4002,987.5551
2011-09-12,951.0230,971.1939,948.7818,966.7115
2011-09-13,963.7235,963.7235,907.6930,921.9621
2011-09-14,930.1050,944.2994,911.4282,914.4165
2011-09-15,915.9107,916.6577,874.0746,886.7748
2011-09-16,888.2691,894.9927,865.1098,879.5284
2011-09-20,871.8334,877.0629,866.6039,870.3393
2011-09-21,870.3394,895.7399,870.3394,884.5338
2011-09-22,870.3392,894.9926,867.3509,892.7513
2011-09-26,889.0161,898.7281,877.0630,882.2925
2011-09-27,890.5105,890.5105,868.8454,877.0632
2011-09-28,877.0631,877.0631,823.2739,826.2621
2011-09-29,827.0093,855.3980,819.5385,852.4097
2011-09-30,841.9508,855.3981,830.7447,838.2154
2011-10-03,841.9507,851.6627,836.7212,847.9273
2011-10-04,841.9506,859.1333,841.9506,855.3979
2011-10-05,854.6508,884.5337,853.1567,881.5454
2011-10-06,886.0278,899.4751,874.0747,882.2925
2011-10-07,885.2809,894.2458,877.8102,880.0514
2011-10-11,892.7516,892.7516,883.0396,892.0045
2011-10-12,882.2926,890.5104,859.1334,867.3512
2011-10-13,874.0743,912.9221,872.5802,907.6926
2011-10-14,890.5102,897.2339,876.3159,877.8100
2011-10-17,889.0162,906.9459,889.0162,905.4518
2011-10-18,894.2456,906.1988,893.4985,896.4868
2011-10-19,899.4751,900.9693,894.2456,896.4868
2011-10-20,892.7514,896.4868,877.8100,886.7748
2011-10-21,875.5689,892.7516,874.8219,884.5338
2011-10-24,881.5454,898.7281,880.7984,893.4986
2011-10-25,881.5454,883.0396,868.0981,872.5806
2011-10-26,862.8687,864.3628,808.3324,839.7094
2011-10-27,817.2975,848.6745,811.3209,841.2038
2011-10-28,838.2152,881.5454,832.9857,879.3042
2011-10-31,872.5804,913.6694,871.0863,901.7162
2011-11-01,896.4870,900.2223,874.0748,880.0514
2011-11-02,867.3512,880.7985,865.8571,867.3512
2011-11-04,874.0747,888.2691,871.8335,885.2808
2011-11-07,899.4752,907.6930,894.2457,905.4518
2011-11-08,899.4751,911.4283,895.7398,904.7047
2011-11-09,909.1873,933.0936,903.9578,915.1639
2011-11-10,898.7280,931.5991,894.9926,927.1167
2011-11-11,924.1283,928.6107,906.9457,918.1517
2011-11-14,928.6111,935.3348,923.3816,930.1053
2011-11-15,924.1286,924.8757,899.4752,902.4635
2011-11-16,905.4518,905.4518,874.8219,883.7867
2011-11-17,869.5923,880.0513,856.1450,872.5806
2011-11-18,856.8921,871.0864,853.1567,868.0981
2011-11-21,859.1333,886.7750,859.1333,868.8453
2011-11-22,853.1568,856.1451,844.9390,847.9273
2011-11-24,827.0090,833.7327,809.0793,811.3205
2011-11-25,825.5151,846.4331,823.2739,834.4800
2011-11-28,856.8922,873.3277,848.6744,856.8922
2011-11-29,869.5923,882.2925,869.5923,881.5454
2011-11-30,880.7986,880.7986,850.1687,866.6042
2011-12-01,868.0982,876.3160,855.3979,857.6392
2011-12-02,847.9272,849.4214,833.7328,839.7094
2011-12-05,845.6861,855.3981,836.7212,840.4566
2011-12-06,837.4682,843.4448,826.2621,826.2621
2011-12-07,839.7096,846.4333,832.2389,832.9860
2011-12-08,834.4799,835.9741,812.8148,826.2621
2011-12-09,810.5736,826.2621,809.8265,815.0560
2011-12-12,823.2738,829.2504,818.0443,825.5150
2011-12-13,820.2855,838.9624,815.8031,835.2270
2011-12-14,847.9273,859.1334,831.4917,831.4917
2011-12-15,829.2505,830.7446,816.5502,816.5502
2011-12-16,824.0208,824.0208,810.5735,812.0676
2011-12-19,815.0560,815.0560,782.1849,788.9085
2011-12-20,789.6556,799.3676,777.7025,790.4027
2011-12-21,791.1499,791.1499,782.9321,787.4145
2011-12-22,789.6556,806.0912,789.6556,797.8734
2011-12-26,796.3793,796.3793,783.6791,791.8969
2011-12-27,799.3675,809.0795,799.3675,801.6088
2011-12-28,801.6087,803.1029,787.4144,788.9085
2011-12-29,788.1615,789.6556,780.6908,786.6674
2011-12-30,784.4262,788.1616,782.9321,787.4145
2012-01-04,807.5851,820.2853,804.5968,818.7912
2012-01-05,820.2856,820.2856,801.6088,801.6088
2012-01-06,803.1029,804.5970,791.8968,794.1380
2012-01-10,812.0679,812.0679,785.1733,787.4145
2012-01-11,783.6790,787.4143,777.7024,778.4495
2012-01-12,779.1965,790.4026,778.4495,781.4377
2012-01-13,781.4378,781.4378,759.0257,772.4730
2012-01-16,769.4845,784.4260,768.7375,773.9670
2012-01-17,772.4728,778.4494,767.9904,773.9670
2012-01-18,771.7258,771.7258,753.0490,753.7961
2012-01-19,754.5431,769.4845,748.5665,767.2433
2012-01-20,779.9437,801.6088,779.1967,800.1147
2012-01-23,794.1382,805.3443,791.1499,794.8853
2012-01-24,804.5970,810.5736,799.3675,799.3675
2012-01-25,804.5968,812.8146,795.6320,811.3205
2012-01-26,802.3557,811.3206,800.8616,806.0911
2012-01-27,749.3137,772.4729,749.3137,766.4963
2012-01-30,765.7493,770.2317,758.2786,759.0256
2012-01-31,759.0255,776.2082,756.0372,767.2433
2012-02-01,770.9787,774.7140,764.2550,765.7491
2012-02-02,773.2198,784.4259,770.2316,776.2081
2012-02-03,778.4493,781.4376,775.4611,776.2081
2012-02-06,783.6790,788.1614,773.2200,774.7141
2012-02-07,777.7025,797.1264,777.7025,790.4027
2012-02-08,794.8851,799.3675,788.1614,799.3675
2012-02-09,803.8498,818.0441,803.8498,815.8029
2012-02-10,816.5500,816.5500,803.1027,806.8381
2012-02-13,810.5737,810.5737,802.3559,803.8500
2012-02-14,797.8735,806.8383,794.1381,803.8500
2012-02-15,809.0796,844.1920,805.3442,842.6978
2012-02-16,853.9039,883.0397,846.4331,853.9039
2012-02-17,876.3160,877.0631,861.3746,868.8453
2012-02-20,891.2574,900.2222,868.8452,872.5806
2012-02-21,871.0865,874.0748,852.4097,858.3863
2012-02-22,855.3980,883.7867,853.9038,883.7867
2012-02-23,890.5102,920.3931,888.2690,914.4165
2012-02-24,920.3933,933.0935,914.4167,933.0935
2012-02-27,970.4471,971.1942,943.5525,945.0466
2012-02-28,926.3699,933.8406,909.1872,922.6345
2012-02-29,927.1166,938.3227,903.2103,903.2103
2012-03-01,908.4400,914.4166,892.0044,896.4868
2012-03-02,911.4284,911.4284,880.0513,883.0396
2012-03-05,874.0748,878.5572,858.3863,858.3863
2012-03-06,862.1217,862.8688,845.6861,845.6861
2012-03-07,829.2505,834.4800,824.7680,833.7329
2012-03-08,856.1450,856.1450,844.1918,844.1918
2012-03-09,855.3978,880.7983,844.9388,873.3276
2012-03-12,883.7867,893.4987,853.9038,862.1216
2012-03-13,865.8570,877.0630,856.8921,857.6392
2012-03-14,875.5686,900.9691,875.5686,898.7278
2012-03-15,912.9226,933.0935,903.2106,924.1287
2012-03-16,924.1286,939.8171,913.6695,937.5759
2012-03-19,952.5175,952.5175,927.1170,933.8407
2012-03-21,946.5407,947.2878,933.8405,941.3112
2012-03-22,941.3111,977.1706,941.3111,976.4235
2012-03-23,948.7820,953.2644,945.0466,945.0466
2012-03-26,948.0351,950.2763,933.8407,939.0702
2012-03-27,948.7822,956.2529,942.0585,951.7704
2012-03-28,952.5231,962.3119,941.2284,962.3119
2012-03-29,962.3120,962.3120,951.0172,953.2762
2012-03-30,948.7581,958.5469,938.2164,938.2164
2012-04-02,948.7582,952.5231,944.9932,946.4992
2012-04-03,951.7702,951.7702,925.4158,929.9337
2012-04-04,933.6986,938.2165,918.6389,921.6509
2012-04-05,905.0854,937.4636,905.0854,930.6868
2012-04-06,924.6629,924.6629,911.1092,913.3682
2012-04-09,903.5792,912.6150,903.5792,905.8381
2012-04-10,907.3443,920.1450,903.5794,906.5913
2012-04-11,892.2846,900.5674,890.0257,897.5555
2012-04-12,897.5553,898.3083,882.4956,889.2725
2012-04-13,890.0256,891.5316,862.9182,868.9421
2012-04-16,846.3526,854.6354,843.3407,844.0937
2012-04-17,844.0937,854.6355,837.3169,841.0818
2012-04-18,853.8823,858.4002,848.6115,848.6115
2012-04-19,841.0818,856.1414,841.0818,851.6235
2012-04-20,850.8704,867.4361,850.8704,858.4003
2012-04-23,858.4001,877.2247,850.8703,856.1412
2012-04-24,849.3647,855.3886,838.8230,842.5879
2012-04-25,850.1176,852.3766,845.5997,847.1057
2012-04-26,852.3765,863.6713,850.8706,863.6713
2012-04-27,847.8586,853.8824,805.6915,816.2333
2012-05-01,806.4445,816.2333,775.5723,780.0901
2012-05-02,786.8668,795.1496,780.8429,787.6198
2012-05-07,765.0307,771.8075,756.7479,762.0187
2012-05-08,760.5126,768.0424,749.2178,755.9947
2012-05-09,751.4769,762.0187,743.1941,760.5127
2012-05-10,759.0066,783.1021,759.0066,780.0901
2012-05-11,770.3015,774.8194,737.9232,737.9232
2012-05-14,734.1583,745.4530,730.3934,737.9232
2012-05-15,726.6285,728.1345,707.0510,707.0510
2012-05-16,700.2739,719.8514,699.5209,708.5567
2012-05-17,710.0628,717.5926,704.0389,714.5807
2012-05-18,697.2621,706.2979,686.7203,699.5211
2012-05-21,691.2382,698.0151,690.4852,691.2382
2012-05-22,699.5210,712.3217,699.5210,701.7800
2012-05-23,696.5091,698.7681,681.4495,682.2025
2012-05-24,670.9077,682.9554,655.8481,676.9316
2012-05-25,676.1786,682.9554,658.8600,667.8958
2012-05-28,673.1667,694.2502,673.1667,691.9913
2012-05-29,680.6965,695.7561,679.1905,693.4972
2012-05-30,691.2382,691.9912,670.1547,679.1905
2012-05-31,661.1189,682.2024,658.8600,679.1905
2012-06-01,674.6724,680.6963,670.1545,676.1784
2012-06-04,664.8839,678.4376,658.8600,677.6846
2012-06-05,682.9555,707.0510,682.2025,702.5331
2012-06-06,698.7681,698.7681,677.6846,683.7084
2012-06-07,692.7442,695.0031,676.1786,679.9435
2012-06-08,678.4375,678.4375,656.6010,658.1069
2012-06-11,660.3660,670.1547,651.3302,660.3660
2012-06-12,660.3660,661.8719,646.0593,660.3660
2012-06-13,663.3778,679.1905,660.3659,678.4375
2012-06-14,679.9435,681.4494,667.1428,679.1905
2012-06-15,675.4257,683.7085,674.6727,675.4257
2012-06-18,693.4971,701.0269,687.4732,687.4732
2012-06-19,685.2144,696.5091,684.4614,691.2382
2012-06-20,696.5091,702.5330,695.7561,699.5211
2012-06-21,706.2978,724.3694,706.2978,711.5687
2012-06-22,703.2861,718.3458,702.5331,717.5928
2012-06-25,711.5687,715.3336,694.2501,695.0031
2012-06-26,686.7203,697.2621,684.4613,688.2263
2012-06-27,684.4614,691.9913,679.9435,691.9913
2012-06-28,695.7561,698.0151,691.2382,697.2621
2012-06-29,689.7322,703.2859,688.2262,700.2739
2012-07-02,707.0509,708.5569,698.7681,698.7681
2012-07-03,699.5208,713.8275,698.7678,712.3215
2012-07-04,717.5927,730.3934,717.5927,728.1345
2012-07-05,727.3815,735.6643,722.1106,722.1106
2012-07-06,715.3337,719.0986,704.7919,715.3337
2012-07-09,707.8038,707.8038,704.0388,705.5818
2012-07-10,712.3217,714.5806,698.7680,705.6226
2012-07-11,696.5092,701.0271,693.4972,698.7681
2012-07-12,700.2740,700.2740,685.9673,689.8075
2012-07-13,676.9314,679.9433,673.1665,676.1784
2012-07-17,676.9314,676.9314,671.6605,672.4135
2012-07-18,670.1546,670.1546,661.8718,662.7754
2012-07-19,660.3659,664.1308,658.1070,659.1398
2012-07-20,658.8600,658.8600,646.0593,646.0593
2012-07-23,634.7645,646.0593,630.9996,640.0032
2012-07-24,636.2704,637.7764,622.7167,623.4697
2012-07-25,621.2107,621.2107,606.9040,613.6808
2012-07-26,629.4937,645.3063,613.6810,637.0440
2012-07-27,649.8241,665.6368,643.8003,657.9933
2012-07-30,667.1426,693.4970,646.8121,653.5137
2012-07-31,655.0950,661.8719,653.5890,658.8599
2012-08-01,652.8362,654.3422,632.5057,635.5176
2012-08-02,640.0354,650.5771,630.2466,643.0473
2012-08-03,630.2465,634.7644,624.9757,626.7828
2012-08-06,631.7526,634.0115,623.4698,626.4817
2012-08-07,624.9757,627.9876,620.4578,627.2346
2012-08-08,629.4935,639.2823,628.7406,630.2465
2012-08-09,629.4936,647.5652,629.4936,643.7667
2012-08-10,643.8002,655.0950,640.0353,644.5554
2012-08-13,642.2942,647.5651,642.2942,645.3365
2012-08-14,649.0712,650.5771,627.2347,627.8218
2012-08-15,630.9996,637.0235,627.2347,637.0235
2012-08-16,637.0234,661.1189,632.5055,659.2791
2012-08-17,657.3539,664.8838,653.5890,657.6552
2012-08-20,659.6129,667.8957,655.0950,660.2153
2012-08-21,667.1427,674.6725,666.3897,668.6487
2012-08-22,668.6487,668.6487,659.6129,664.1308
2012-08-23,663.3779,673.9196,655.0951,672.9665
2012-08-24,668.6487,671.6606,666.3897,670.0793
2012-08-27,670.9078,681.4496,669.4018,673.9197
2012-08-28,678.4375,681.4494,662.6249,666.3898
2012-08-29,667.8957,679.1905,667.8957,678.4375
2012-08-30,681.4494,682.2024,664.8838,668.6487
2012-08-31,664.1310,667.8959,655.8482,656.6011
2012-09-03,657.3540,664.1308,649.0711,652.8361
2012-09-04,652.8362,656.6011,645.3064,656.6011
2012-09-05,656.6010,657.3540,652.0831,652.8361
2012-09-06,646.8122,651.3301,646.8122,651.3301
2012-09-07,662.6248,665.6368,648.3181,651.3301
2012-09-10,651.3303,663.3780,646.8124,663.3780
2012-09-11,652.8361,656.6010,652.8361,655.8480
2012-09-12,656.6010,680.6965,655.8480,679.9435
2012-09-13,684.4614,706.2979,684.4614,701.7800
2012-09-14,700.2742,719.0987,696.5093,717.5928
2012-09-18,737.9232,758.2537,731.8993,754.4888
2012-09-19,759.0066,768.0424,743.9469,759.7596
2012-09-20,755.9948,758.2537,731.8993,734.1583
2012-09-21,726.6283,737.1701,722.8634,734.9111
2012-09-24,736.4171,742.4410,728.8873,729.6403
2012-09-25,725.1224,774.8193,725.1224,774.8193
2012-09-26,759.0066,759.0066,743.1940,744.7000
2012-09-27,742.4412,747.7121,734.9114,745.4531
2012-09-28,765.0305,766.5365,738.6761,748.4649
2012-10-01,749.2177,758.2535,743.1938,757.5005
2012-10-02,758.2537,789.8790,758.2537,782.3492
2012-10-03,801.9266,816.9863,798.1617,816.2333
2012-10-04,817.7392,829.7870,800.4206,826.7750
2012-10-05,812.4682,835.0577,802.6795,833.5518
2012-10-09,821.5043,823.0103,792.1380,795.9029
2012-10-10,777.0781,777.0781,765.7834,765.7834
2012-10-11,761.2655,783.1020,760.5125,769.5483
2012-10-12,769.5484,783.1021,760.5126,765.0305
2012-10-15,761.2656,780.8431,759.7596,779.3372
2012-10-16,789.1262,796.6560,783.8553,796.6560
2012-10-17,807.9505,810.9624,786.8670,789.8789
2012-10-18,802.6797,808.7036,801.9267,804.1857
2012-10-19,795.9027,796.6557,777.0782,781.5961
2012-10-22,768.0424,789.1260,765.0305,786.8670
2012-10-23,797.4087,800.4206,784.6080,788.3729
2012-10-24,792.8909,795.9028,775.5723,776.3253
2012-10-25,743.1941,798.9149,740.9352,798.9149
2012-10-26,789.8789,801.9267,774.0663,776.3253
2012-10-29,771.8074,777.8312,760.5126,765.0305
2012-10-30,767.2896,779.3373,756.7478,756.7478
2012-10-31,766.5367,775.5725,762.7717,770.3016
2012-11-01,771.0544,777.8313,766.5365,775.5723
2012-11-02,781.5963,781.5963,768.0426,770.3016
2012-11-05,769.5484,770.3014,760.5126,765.0305
2012-11-06,754.4889,763.5246,751.4769,756.7478
2012-11-07,761.2655,767.2893,758.2535,763.5244
2012-11-08,757.5007,759.7596,752.9828,755.9947
2012-11-09,746.9591,747.7120,733.4054,741.6882
2012-11-12,730.3933,734.1582,716.8396,716.8396
2012-11-13,726.6285,743.9471,726.6285,742.4411
2012-11-14,740.9350,768.0424,740.1820,767.2894
2012-11-15,772.5604,785.3611,772.5604,782.3492
2012-11-16,790.6320,799.6678,783.1022,795.9029
2012-11-19,828.2811,828.2811,788.3730,804.1857
2012-11-20,808.7035,808.7035,774.0663,774.8193
2012-11-21,783.8552,788.3731,759.0068,764.2776
2012-11-22,781.5962,785.3611,774.0664,782.3492
2012-11-26,790.6319,791.3849,775.5723,780.0901
2012-11-27,788.3728,789.8788,763.5244,763.5244
2012-11-28,758.2535,767.2893,752.2296,752.2296
2012-11-29,755.2417,762.7715,751.4768,759.7596
2012-11-30,765.7836,767.2895,749.2180,749.2180
2012-12-03,759.7597,759.7597,726.6285,728.1345
2012-12-04,727.3813,747.7119,724.3694,744.7000
2012-12-05,738.6762,741.6881,731.1463,733.4053
2012-12-06,738.6760,740.1820,731.8991,735.6641
2012-12-07,736.4173,736.4173,727.3815,728.1345
2012-12-10,728.8874,729.6403,693.4972,696.5091
2012-12-11,677.6845,677.6845,663.3779,667.8958
2012-12-12,677.6845,681.4494,665.6368,673.1666
2012-12-13,687.4732,687.4732,679.9434,682.9553
2012-12-14,677.6845,679.9435,656.6010,657.3540
2012-12-17,672.4135,672.4135,656.6009,664.8837
2012-12-18,664.8838,679.9435,663.3779,674.6726
2012-12-19,681.4495,686.7204,671.6607,675.4257
2012-12-20,678.4375,678.4375,653.5890,658.8599
2012-12-21,658.1070,661.8719,643.8003,643.8003
2012-12-25,649.8242,657.3540,646.8122,650.5771
2012-12-26,652.8362,653.5892,643.0474,646.8123
2012-12-27,649.8243,665.6369,648.3183,656.6011
2012-12-28,665.6367,704.0388,658.1069,682.9553
2013-01-04,705.5449,705.5449,681.4494,691.2382
2013-01-07,693.4973,693.4973,673.9197,673.9197
2013-01-08,671.6606,671.6606,653.5891,654.3420
2013-01-09,645.3063,654.3420,640.0354,643.0473
2013-01-10,646.8122,652.0831,645.3063,646.0593
2013-01-11,655.8481,684.4614,653.5891,682.2025
2013-01-15,693.4972,701.0270,658.8600,679.1905
2013-01-16,690.4852,696.5091,678.4375,688.2263
2013-01-17,696.5091,713.0747,696.5091,705.5449
2013-01-18,719.0986,722.8635,703.2859,706.2979
2013-01-21,709.3097,709.3097,693.4970,695.7560
2013-01-22,694.2501,698.0150,685.2143,686.7203
2013-01-23,681.4495,698.0151,680.6965,692.7442
2013-01-24,683.7084,690.4853,680.6965,682.2025
2013-01-25,691.9912,698.7681,691.2382,697.2621
2013-01-28,704.7920,752.9829,697.2622,722.1106
2013-01-29,733.4053,733.4053,706.2979,719.0986
2013-01-30,716.8396,722.8634,704.0389,704.0389
2013-01-31,681.4494,683.7084,653.5891,667.8958
2013-02-01,677.6845,678.4375,660.3659,664.1308
2013-02-04,667.1427,670.1546,656.6009,661.1188
2013-02-05,658.1070,662.6249,654.3421,655.8480
2013-02-06,661.8720,670.1548,652.8362,662.6249
2013-02-07,664.8838,673.1666,660.3659,670.1547
2013-02-08,670.9077,670.9077,655.8480,655.8480
2013-02-12,658.8601,663.3780,652.8362,653.5892
2013-02-13,649.8242,659.6129,647.5652,655.8480
2013-02-14,655.0950,655.0950,648.3182,649.0712
2013-02-15,647.5654,647.5654,627.9878,635.5176
2013-02-18,641.5415,663.3780,640.7885,663.3780
2013-02-19,656.6011,663.3780,653.5892,653.5892
2013-02-20,656.6010,663.3779,656.6010,659.6130
2013-02-21,658.1070,673.9196,658.1070,667.8958
2013-02-22,661.8719,676.1785,661.8719,670.1547
2013-02-25,681.4495,683.7085,675.4257,680.6965
2013-02-26,676.1786,687.4733,675.4256,683.7084
2013-02-27,677.6846,679.1905,669.4017,670.9077
2013-02-28,673.9196,681.4495,671.6607,676.9316
2013-03-01,676.9316,685.9673,673.1666,679.9435
2013-03-04,685.2144,695.0032,685.2144,693.4972
2013-03-05,699.5210,701.0270,696.5091,696.5091
2013-03-06,701.0270,701.7800,690.4852,691.2382
2013-03-07,697.2622,730.3934,696.5092,724.3696
2013-03-08,745.4529,778.5842,745.4529,777.8312
2013-03-11,800.4207,813.2214,795.1498,811.7155
2013-03-12,809.4566,809.4566,792.1380,795.9029
2013-03-13,790.6319,817.7393,783.8551,814.7274
2013-03-14,816.9863,816.9863,783.1020,794.3968
2013-03-15,796.6557,807.9504,796.6557,802.6796
2013-03-18,793.6439,802.6797,789.8790,795.9029
2013-03-19,801.9268,816.9864,795.1499,797.4089
2013-03-21,798.1618,805.6916,790.6320,792.8909
2013-03-22,788.3729,798.1617,781.5961,781.5961
2013-03-25,780.8431,792.8908,769.5483,781.5961
2013-03-26,775.5722,789.8788,719.8515,783.8550
2013-03-27,768.6495,779.2935,760.2863,776.2523
2013-03-28,786.8962,789.1771,771.6905,772.4508
2013-03-29,773.2111,774.7317,759.5260,761.8068
2013-04-01,763.3273,765.6082,751.1627,751.9230
2013-04-02,742.0392,749.6421,733.6761,742.0392
2013-04-03,742.0393,756.4847,739.7584,756.4847
2013-04-04,745.0803,767.8889,734.4363,764.8477
2013-04-05,791.4580,798.3006,771.6906,782.3346
2013-04-08,804.3828,815.0268,802.8623,809.7048
2013-04-09,818.0681,818.0681,802.1021,808.9446
2013-04-10,817.3075,903.2198,816.5472,903.2198
2013-04-11,919.9462,931.3505,888.7745,892.5759
2013-04-12,878.1304,882.6921,862.9247,865.2056
2013-04-15,863.6851,889.5348,859.1234,869.0071
2013-04-16,847.7190,871.2879,843.9176,861.4042
2013-04-17,867.4866,869.7674,855.3220,859.1234
2013-04-18,871.2879,900.9391,866.7262,871.2879
2013-04-19,871.2879,884.2127,869.7673,873.5687
2013-04-22,888.0144,894.0966,879.6512,884.9732
2013-04-23,891.0554,891.0554,857.6028,869.0071
2013-04-24,885.7333,914.6241,880.4113,914.6241
2013-04-25,869.7671,885.7331,828.7116,864.4451
2013-04-26,841.6368,850.0000,801.3416,802.1019
2013-04-30,819.5885,826.4311,807.4239,815.0268
2013-05-01,809.7048,812.7459,793.7388,793.7388
2013-05-02,793.7388,810.4651,793.7388,802.8622
2013-05-07,834.0339,834.7942,821.8693,824.1502
2013-05-08,827.1913,836.3147,824.1502,827.9516
2013-05-09,833.2738,838.5958,824.1504,824.9106
2013-05-10,843.9176,848.4793,821.1090,821.8693
2013-05-13,830.9928,833.2736,821.8693,827.1913
2013-05-14,825.6707,833.2736,824.9105,827.9516
2013-05-15,840.1162,901.6993,831.7530,890.2950
2013-05-16,903.2198,903.2198,844.6778,865.9658
2013-05-17,861.4042,861.4042,847.7190,853.0410
2013-05-20,862.1646,867.4866,843.9177,843.9177
2013-05-21,843.9176,877.3702,843.9176,869.0071
2013-05-22,883.4525,886.4937,859.8837,859.8837
2013-05-23,845.4383,852.2808,789.9374,789.9374
2013-05-24,812.7460,830.9929,789.1772,811.2255
2013-05-27,791.4579,805.1431,789.9373,796.7799
2013-05-28,780.0536,784.6153,764.8479,773.2110
2013-05-29,786.8962,804.3828,783.0948,787.6565
2013-05-30,764.8479,788.4167,764.8479,767.1287
2013-05-31,768.6493,786.8962,764.8479,770.1699
2013-06-03,764.0875,770.9301,751.1627,751.1627
2013-06-04,743.5598,760.2860,730.6349,758.0052
2013-06-05,760.2861,763.3273,728.3541,728.3541
2013-06-06,722.2718,736.7173,705.5455,710.1072
2013-06-07,691.1001,725.3130,690.3398,710.8676
2013-06-10,719.9910,743.5599,711.6279,743.5599
2013-06-11,738.9983,748.1217,726.0734,726.0734
2013-06-12,722.2719,722.2719,705.5456,719.9910
2013-06-13,702.5045,720.7513,691.8605,712.3882
2013-06-14,723.7924,748.1215,723.7924,725.3129
2013-06-17,736.7173,785.3756,736.7173,781.5742
2013-06-18,786.8961,797.5401,782.3344,795.2592
2013-06-19,811.9857,843.1574,811.9857,837.0751
2013-06-20,822.6296,837.0751,822.6296,824.1502
2013-06-21,805.9032,843.1573,802.8621,830.9927
2013-06-24,832.5134,838.5957,817.3077,829.4723
2013-06-25,823.3900,823.3900,805.9035,811.2255
2013-06-26,822.6295,849.9998,820.3487,836.3147
2013-06-27,834.7942,847.7190,830.2324,834.0339
2013-06-28,853.0411,890.2951,853.0411,886.4937
2013-07-01,901.6993,901.6993,870.5276,887.2539
2013-07-02,892.5760,894.8569,875.8497,886.4937
2013-07-03,881.9318,893.3361,881.9318,885.7333
2013-07-04,884.2130,902.4598,884.2130,891.0555
2013-07-05,899.4183,916.1446,899.4183,911.5829
2013-07-08,919.9464,931.3507,886.4938,896.3776
2013-07-09,913.1038,926.0286,913.1038,924.5081
2013-07-10,930.5903,934.3917,911.5831,929.8300
2013-07-11,927.5492,931.3506,916.9052,927.5492
2013-07-12,925.2684,942.7549,916.9052,918.4258
2013-07-16,927.5493,967.0842,913.8641,967.0842
2013-07-17,960.2416,1042.3525,955.6798,1029.4276
2013-07-18,1008.8998,1008.8998,975.4472,992.1735
2013-07-19,1007.3793,1045.3936,980.7693,1027.1467
2013-07-22,1037.0304,1086.4490,1021.8247,1068.2021
2013-07-23,1064.4006,1071.2431,1041.5920,1057.5580
2013-07-24,1049.1950,1097.0930,1045.3935,1065.9213
2013-07-25,1065.9215,1070.4832,1021.0646,1024.1057
2013-07-26,1008.1395,1039.3112,997.4955,1003.5778
2013-07-29,985.3312,1014.9823,974.6872,978.4886
2013-07-30,970.8853,1006.6188,964.0428,993.6939
2013-07-31,986.0913,990.6530,944.2756,944.2756
2013-08-01,938.9534,992.1735,922.9874,992.1735
2013-08-02,996.7352,1008.1395,983.0501,1005.8586
2013-08-05,989.1325,1002.8177,979.2488,988.3723
2013-08-06,985.3312,1038.5512,984.5709,1028.6675
2013-08-07,1007.3791,1013.4614,989.1322,989.1322
2013-08-08,980.7689,1001.2966,957.9603,964.0426
2013-08-09,969.3649,979.2486,956.4401,959.4812
2013-08-12,957.2005,957.9607,930.5904,935.1522
2013-08-13,957.2003,961.0017,944.2754,949.5974
2013-08-14,962.5223,979.2486,941.9946,960.2415
2013-08-15,944.2755,951.1181,936.6726,946.5563
2013-08-16,936.6726,938.9535,920.7066,927.5492
2013-08-19,922.9877,944.2757,920.7068,942.7551
2013-08-20,932.1107,941.2342,914.6241,914.6241
2013-08-21,913.8640,936.6725,913.1037,925.2682
2013-08-22,918.4257,927.5491,915.3845,919.9462
2013-08-23,935.1519,945.0356,919.9462,920.7065
2013-08-26,928.3095,935.9123,924.5080,929.0698
2013-08-27,938.1930,953.3987,925.2682,938.9533
2013-08-28,921.4666,924.5077,907.0212,911.5829
2013-08-29,916.9053,918.4258,875.0895,900.1790
2013-08-30,891.8157,892.5760,841.6368,845.4382
2013-09-02,859.1234,875.0894,852.2808,859.1234
2013-09-03,877.3703,907.0215,877.3703,901.6995
2013-09-04,897.8979,933.6314,894.0965,926.7888
2013-09-05,924.5080,925.2683,916.9051,923.7477
2013-09-06,922.9876,925.2684,897.1378,900.9393
2013-09-09,847.7191,851.5206,811.9857,825.6708
2013-09-10,836.3148,843.9177,808.9445,818.0679
2013-09-11,826.4310,838.5956,815.0267,836.3147
2013-09-12,836.3149,842.3972,818.0680,829.4723
2013-09-13,824.9105,834.7942,817.3076,822.6296
2013-09-17,834.0341,837.8355,821.8695,824.9106
2013-09-18,833.2735,840.8764,829.4721,830.9927
2013-09-19,840.8764,843.1573,831.7530,843.1573
2013-09-20,872.8082,891.8153,862.9244,878.8904
2013-09-24,878.8908,891.8157,869.0071,874.3291
2013-09-25,875.8497,881.1717,869.0071,875.8497
2013-09-26,884.2129,888.0143,865.2057,872.8086
2013-09-27,874.3292,876.6101,867.4867,868.2469
2013-09-30,860.6440,860.6440,845.4383,846.1985
2013-10-01,846.9588,855.3219,846.1985,849.2396
2013-10-02,854.5616,854.5616,822.6295,826.4310
2013-10-03,818.0679,836.3147,815.7870,827.9516
2013-10-04,817.3075,839.3558,814.2664,835.5544
2013-10-07,830.2324,832.5132,811.2252,821.1089
2013-10-08,820.3487,830.9927,812.7458,826.4310
2013-10-09,824.9104,840.1161,815.7870,836.3147
2013-10-10,843.9178,865.9661,841.6369,855.3221
2013-10-11,863.6852,878.1307,862.9249,868.2469
2013-10-15,869.0070,869.7673,849.9998,856.8424
2013-10-16,855.3218,863.6849,853.8012,863.6849
2013-10-17,875.0893,895.6170,874.3290,880.4113
2013-10-18,886.4937,891.8157,868.2468,872.0483
2013-10-21,875.8497,886.4937,875.0894,886.4937
2013-10-22,885.7333,885.7333,878.1304,879.6510
2013-10-23,888.0142,903.2199,873.5687,873.5687
2013-10-24,869.0070,881.1716,863.6850,879.6510
2013-10-25,876.6098,879.6510,855.3218,857.6027
2013-10-28,867.4867,881.1719,863.6853,875.0896
2013-10-29,868.2467,872.8084,862.1644,865.9658
2013-10-30,874.3290,877.3702,846.9587,853.0410
2013-10-31,847.7190,862.1645,835.5545,837.8353
2013-11-01,835.5545,843.1574,823.3899,840.8765
2013-11-05,847.7191,887.2540,845.4383,886.4937
2013-11-06,886.4937,917.6654,883.4526,915.3846
2013-11-07,908.5420,912.3435,897.1377,906.2612
2013-11-08,897.1377,927.5491,897.1377,923.7477
2013-11-11,921.4668,929.8299,913.1037,919.9462
2013-11-12,919.9462,935.9122,917.6654,935.9122
2013-11-13,935.9121,960.2413,931.3504,950.3575
2013-11-14,946.5562,960.2413,941.9944,945.0356
2013-11-15,956.4399,1002.0571,954.9193,993.6939
2013-11-18,988.3720,999.7763,983.8103,991.4131
2013-11-19,987.6117,995.2145,983.0500,990.6528
2013-11-20,990.6529,996.7352,987.6118,992.9338
2013-11-21,992.9340,998.2560,976.9680,988.3723
2013-11-22,1011.1807,1030.1879,1005.0985,1029.4276
2013-11-25,1036.2701,1049.1949,1033.2289,1046.9141
2013-11-26,1044.6332,1069.7226,1022.5849,1022.5849
2013-11-27,1019.5436,1026.3862,995.2145,996.7350
2013-11-28,1006.6189,1017.2630,975.4472,985.3309
2013-11-29,986.0911,1002.8174,986.0911,998.2557
2013-12-02,999.7763,1008.8997,994.4543,999.0160
2013-12-03,1005.8588,1008.9000,972.4062,974.6871
2013-12-04,963.2824,965.5632,951.8781,954.1589
2013-12-05,955.6797,970.1252,952.6386,954.9194
2013-12-06,951.1180,962.5223,948.0769,960.2415
2013-12-09,970.8856,972.4061,961.0018,970.8856
2013-12-10,968.6046,983.0501,964.0429,980.0089
2013-12-11,980.7693,982.2899,961.7622,967.0842
2013-12-12,950.3576,970.1251,948.0768,965.5634
2013-12-13,961.0017,964.8031,950.3577,956.4399
2013-12-16,957.2002,967.0839,951.8782,952.6385
2013-12-17,957.9608,966.3240,957.2005,961.0020
2013-12-18,962.5222,991.4131,962.5222,990.6528
2013-12-19,1011.9412,1056.7981,1009.6603,1040.0718
2013-12-20,1033.9889,1051.4755,1030.9478,1047.6741
2013-12-24,1052.9965,1060.5994,1050.7157,1056.7980
2013-12-25,1038.5511,1055.2774,1038.5511,1049.9554
2013-12-26,1052.9966,1062.8803,1050.7157,1059.0789
2013-12-27,1060.5993,1073.5241,1059.0787,1065.9213
2013-12-30,1064.4008,1081.1271,1062.8803,1065.1611
2014-01-06,1064.4005,1089.4899,1058.3182,1088.7296
2014-01-07,1079.6065,1093.2916,1068.9624,1087.9696
2014-01-08,1093.2916,1220.2594,1093.2916,1205.0537
2014-01-09,1179.9642,1180.7245,1151.0733,1172.3613
2014-01-10,1163.9980,1227.8620,1157.9157,1222.5400
2014-01-14,1171.6009,1197.8308,1168.5598,1178.4435
2014-01-15,1197.4508,1207.3346,1160.5770,1167.7997
2014-01-16,1152.9737,1171.6007,1135.8673,1144.9907
2014-01-17,1148.0319,1160.9567,1108.1168,1113.4388
2014-01-20,908.1617,1049.1948,907.4014,1045.0132
2014-01-21,1026.3864,1041.2120,1008.5197,1019.9240
2014-01-22,1026.3862,1070.4828,1020.6841,1066.3013
2014-01-23,1079.6065,1097.8533,1046.9142,1052.9965
2014-01-24,1068.9623,1071.2432,1024.8657,1030.9480
2014-01-27,1014.9821,1029.0474,1008.1395,1008.1395
2014-01-28,988.3722,996.3552,961.7622,967.0842
2014-01-29,956.8202,979.6287,930.2101,979.2486
2014-01-30,1026.3862,1052.9962,926.0285,937.0526
2014-01-31,927.9293,954.9194,908.5420,923.7477
2014-02-03,911.2030,942.3747,909.6824,914.2441
2014-02-04,908.9224,924.8884,903.6004,904.7408
2014-02-05,912.3434,922.6072,861.0241,869.3872
2014-02-06,869.3873,895.2371,852.6610,857.9830
2014-02-07,873.9489,874.3290,857.9829,873.5687
2014-02-10,879.2708,922.2270,870.1474,920.3263
2014-02-12,932.8710,941.6143,910.8227,924.8880
2014-02-13,923.7476,927.9291,880.4112,890.6751
2014-02-14,891.0552,906.6411,879.6509,894.8566
2014-02-17,887.6344,909.6827,883.8330,901.3196
2014-02-18,905.8810,950.7379,902.8399,947.6968
2014-02-19,937.8130,962.9025,937.4329,958.7209
2014-02-20,947.6968,960.2415,928.6897,930.9705
2014-02-21,943.1349,964.0428,942.7548,956.4399
2014-02-24,946.5561,972.4058,943.1348,954.1589
2014-02-25,960.2413,969.3647,955.6796,967.4640
2014-02-26,963.2828,1002.4376,962.9027,988.3723
2014-02-27,978.8684,987.9919,943.8953,949.5974
2014-02-28,949.5975,965.5635,940.0939,954.5394
2014-03-03,939.3336,950.3577,924.5080,937.8130
2014-03-04,938.5733,962.1421,929.4498,955.2996
2014-03-05,970.5052,978.8684,954.1591,955.6796
2014-03-06,949.5972,961.3817,939.3334,957.9604
2014-03-07,965.5634,967.4641,952.2583,959.8612
2014-03-10,953.0190,955.2999,940.0941,942.7551
2014-03-11,937.4331,942.3749,931.3508,942.3749
2014-03-12,934.0118,939.3338,925.2685,931.3508
2014-03-13,934.0116,939.7138,928.6896,934.3918
2014-03-14,922.2272,933.6314,902.8399,905.5009
2014-03-17,898.6584,911.2031,897.5180,903.6003
2014-03-18,909.3022,910.8228,887.2539,892.5759
2014-03-19,899.4187,905.8811,888.7747,888.7747
2014-03-20,888.7744,895.9972,876.9900,878.1304
2014-03-24,878.8908,945.4158,878.8908,923.7477
2014-03-25,919.9462,937.0526,887.6340,890.2950
2014-03-26,900.9392,934.7720,900.9392,917.2854
2014-03-27,919.5852,919.9685,870.9036,903.4858
2014-03-28,888.1529,921.5017,883.5530,919.5851
2014-03-31,929.1683,946.0344,922.2685,939.9012
2014-04-01,946.0343,946.8009,923.4184,931.4681
2014-04-02,926.8682,933.3847,910.0022,926.4849
2014-04-03,934.1515,936.0681,918.4354,920.7353
2014-04-04,920.7351,923.4183,911.1520,914.6019
2014-04-07,907.3188,918.4351,900.0358,907.3188
2014-04-08,900.8026,908.8523,888.9197,889.3030
2014-04-09,880.1033,883.5532,854.0375,866.6871
2014-04-10,875.8865,880.1030,860.1704,864.0036
2014-04-11,857.1041,862.0872,848.6710,852.5042
2014-04-14,844.4545,861.3205,844.4545,847.1377
2014-04-15,847.1376,849.0542,827.9716,833.7214
2014-04-16,839.0881,852.1210,831.0383,844.0712
2014-04-17,852.5042,871.6702,852.5042,855.9540
2014-04-18,863.2372,863.6205,841.7713,854.4208
2014-04-21,857.4875,869.3704,855.9542,862.4706
2014-04-22,857.8706,868.6035,846.7543,847.5209
2014-04-23,855.5710,857.8709,844.0713,853.6544
2014-04-24,858.2539,860.5538,841.0045,843.3044
2014-04-25,837.1712,846.7542,813.4054,824.5217
2014-04-28,824.5218,828.7383,815.7055,820.3053
2014-04-30,818.0053,831.0382,814.5554,823.3718
2014-05-01,819.1553,833.3382,818.3887,832.5715
2014-05-02,842.5379,857.1041,837.9381,841.0046
2014-05-07,830.2716,835.2547,811.1055,818.0053
2014-05-08,809.1890,818.0054,772.0069,812.2556
2014-05-09,812.2555,837.9380,806.8890,828.3550
2014-05-12,818.3887,837.1714,816.8554,821.4553
2014-05-13,835.6380,849.4376,831.0382,845.9877
2014-05-14,857.1041,864.0038,849.4377,855.5708
2014-05-15,843.3046,858.6374,840.2380,855.5708
2014-05-16,848.2877,852.8875,837.9380,841.7712
2014-05-19,835.6380,855.5707,827.9716,842.5378
2014-05-20,850.9710,873.5869,849.8210,865.9205
2014-05-21,854.4208,866.3037,854.4208,860.9372
2014-05-22,873.9699,885.4695,867.0701,881.2530
2014-05-23,887.7695,909.6187,885.0863,888.5361
2014-05-26,897.7359,910.0022,895.4360,908.8522
2014-05-27,903.8692,915.3688,901.9526,905.0192
2014-05-28,905.7857,912.6855,898.1193,900.4193
2014-05-29,891.6029,910.7689,891.6029,905.4025
2014-05-30,906.1689,908.0855,900.0358,902.3357
2014-06-02,902.7190,915.7519,899.2691,907.3188
2014-06-03,918.4354,919.9687,912.3023,913.8356
2014-06-04,919.2018,919.2018,906.5522,916.9019
2014-06-05,914.2188,918.8186,907.7023,912.3022
2014-06-06,909.6189,912.3022,896.2027,903.1025
2014-06-09,910.7688,921.1184,910.7688,919.2018
2014-06-10,927.2515,945.2676,906.9356,911.5354
2014-06-11,909.6191,915.3689,885.8532,896.2029
2014-06-12,881.6364,882.7864,872.4367,882.7864
2014-06-13,883.5532,902.7192,882.7866,899.2693
2014-06-16,906.1689,928.4015,897.7358,914.6019
2014-06-17,914.6020,933.7681,912.3021,926.8683
2014-06-18,923.0352,949.8676,923.0352,946.0344
2014-06-19,946.0344,952.5508,934.5348,951.4009
2014-06-20,953.7009,960.2173,939.5180,959.4507
2014-06-23,965.5836,965.5836,948.3342,949.8674
2014-06-24,947.1845,959.4507,936.8348,954.0842
2014-06-25,943.3508,947.9506,934.9177,936.0677
2014-06-26,937.6013,942.5844,928.4016,932.6181
2014-06-27,938.7512,938.7512,914.2187,923.4184
2014-06-30,923.4186,934.1515,921.5020,929.5517
2014-07-01,933.0014,943.7344,930.7015,941.4344
2014-07-02,949.4842,960.6005,944.5011,958.6839
2014-07-03,970.5669,987.0496,962.5171,978.6166
2014-07-04,991.2661,996.6326,979.3832,981.6831
2014-07-07,981.2997,992.7993,976.3165,985.8995
2014-07-08,978.2332,983.2164,969.0335,969.4169
2014-07-09,964.4337,970.5669,954.4674,968.6503
2014-07-10,970.1834,970.9501,952.9340,954.4673
2014-07-11,941.8179,946.8010,933.0015,939.5179
2014-07-14,939.9013,956.7674,938.7514,956.0008
2014-07-15,962.1339,963.6672,954.8508,960.6006
2014-07-16,973.6334,977.0833,965.9670,968.6503
2014-07-17,965.9670,976.7000,962.1338,962.9005
2014-07-18,944.5011,961.3672,944.1178,957.9173
2014-07-22,970.5667,1000.4657,970.5667,990.8827
2014-07-23,997.0160,1003.9157,995.4827,999.6992
2014-07-24,982.4497,985.5163,962.1337,965.5836
2014-07-25,963.2835,977.8496,958.6836,975.9330
2014-07-28,969.8002,974.7834,951.0175,953.7007
2014-07-29,952.5507,958.3005,948.3342,951.0175
2014-07-30,949.8674,960.9837,941.4343,944.8842
2014-07-31,900.0359,910.3855,868.6036,883.5531
2014-08-01,881.6364,882.7864,866.6870,870.1368
2014-08-04,873.9702,873.9702,854.8042,860.5540
2014-08-05,860.1707,874.7368,857.8707,858.6374
2014-08-06,862.4705,864.0037,848.6709,849.0543
2014-08-07,849.0544,853.6542,841.0047,849.8210
2014-08-08,844.0712,847.9044,827.2051,830.6550
2014-08-11,842.5378,845.6043,837.5546,842.5378
2014-08-12,843.3043,844.8376,832.9547,840.6211
2014-08-13,840.6213,842.5379,834.1049,841.0046
2014-08-14,850.9710,858.6374,843.3046,850.9710
2014-08-15,854.8041,872.0536,852.5042,865.5371
2014-08-18,875.1201,929.5515,873.5868,900.0359
2014-08-19,896.5861,908.8523,882.0199,895.0528
2014-08-20,893.1360,898.5025,885.0863,888.5361
2014-08-21,889.6863,895.0528,883.1699,889.3030
2014-08-22,896.9693,899.6525,887.7696,890.4528
2014-08-25,893.1362,898.8860,891.2196,895.0528
2014-08-26,896.5859,898.1192,886.6196,887.0029
2014-08-27,893.1359,895.8191,882.0196,885.8528
2014-08-28,881.6365,885.8530,874.3534,877.8033
2014-08-29,873.9702,887.3864,872.0536,883.9365
2014-09-01,895.8192,908.4688,890.4527,899.6524
2014-09-02,900.8026,931.0849,900.4192,925.7184
2014-09-03,931.4682,932.6181,910.0022,912.6855
2014-09-04,916.5188,924.5685,912.3023,913.8356
2014-09-05,918.0518,918.8184,908.4688,915.3685
2014-09-08,906.5523,907.3190,890.0695,902.7191
2014-09-09,906.9355,910.3854,902.3357,902.3357
2014-09-10,903.8691,915.3687,903.4858,914.9854
2014-09-11,919.2019,926.1017,914.9854,921.5018
2014-09-12,916.1355,919.9687,909.6190,913.8356
2014-09-16,914.6019,929.5514,914.2186,927.2515
2014-09-17,928.7849,933.7680,920.3518,920.3518
2014-09-18,925.3350,937.2179,924.5683,933.7680
2014-09-19,936.0680,941.4345,929.9349,932.6181
2014-09-22,935.3013,956.0006,935.3013,940.2844
2014-09-24,931.0848,937.2180,914.2187,918.0519
2014-09-25,920.3518,934.5346,920.3518,930.3181
2014-09-26,919.9683,926.4848,917.6684,922.2682
2014-09-29,926.4851,930.7017,914.6022,919.9687
2014-09-30,918.4351,921.8850,908.8521,914.6019
2014-10-01,912.6855,915.3687,900.8026,900.8026
2014-10-02,889.3027,892.7526,880.8697,881.2530
2014-10-03,873.2036,885.4698,866.6871,875.5035
2014-10-06,889.3029,903.1024,888.1529,893.9027
2014-10-07,896.9693,900.0359,882.7865,883.5531
2014-10-08,873.2034,881.6365,868.9869,877.8033
2014-10-09,881.6366,885.4698,866.6871,868.2204
2014-10-10,855.1876,862.8540,850.2044,857.4875
2014-10-14,848.2877,857.4874,841.7712,847.9044
2014-10-15,848.2876,851.3542,835.6381,849.0543
2014-10-16,822.9885,834.1048,807.2724,822.2219
2014-10-17,830.2715,835.2547,816.4720,819.9219
2014-10-20,833.7215,844.4544,831.0382,840.2379
2014-10-21,843.3046,853.2710,835.6382,842.1547
2014-10-22,850.9709,862.4705,849.0543,859.4039
2014-10-23,860.5541,864.0039,847.9045,857.4875
2014-10-24,862.8538,863.6204,835.2547,838.3213
2014-10-27,848.6710,861.3206,846.7544,857.1041
2014-10-28,857.1041,859.7874,846.3712,850.9710
2014-10-29,851.3543,858.6373,846.7544,852.5042
2014-10-30,912.3022,918.4353,847.5211,861.3206
2014-10-31,868.2204,919.5854,868.2204,913.0689
2014-11-04,962.9004,962.9004,939.5179,941.0511
2014-11-05,939.1347,956.7674,937.2181,945.6511
2014-11-06,950.6341,954.8506,929.5515,935.3013
2014-11-07,946.4176,947.5676,929.5515,932.6181
2014-11-10,926.8683,930.7015,919.2019,924.1851
2014-11-11,933.7681,953.7008,931.0849,948.3343
2014-11-12,958.3006,970.5669,956.7673,962.9005
2014-11-13,959.8339,962.9005,946.4177,960.2172
2014-11-14,977.0835,987.4332,967.5005,987.0499
2014-11-17,989.3494,994.3326,961.3671,963.6670
2014-11-18,975.1667,996.6327,974.4001,995.8660
2014-11-19,1008.5157,1021.1652,983.9832,985.1331
2014-11-20,990.4994,1000.4657,977.0832,990.8827
2014-11-21,993.9493,995.8659,978.9998,994.3326
2014-11-25,1006.5989,1023.4650,1001.6157,1016.1819
2014-11-26,1010.4322,1034.9646,1008.1322,1029.2148
2014-11-27,1043.3975,1046.8474,1014.6485,1021.1650
2014-11-28,1033.8147,1056.0473,1026.1483,1054.8973
2014-12-01,1061.7971,1108.5622,1056.4306,1083.2631
2014-12-02,1057.9639,1077.8965,1054.5140,1057.9639
2014-12-03,1071.7634,1088.6295,1068.6968,1077.1299
2014-12-04,1096.2958,1099.7457,1064.0969,1071.7633
2014-12-05,1080.5795,1088.2459,1066.0133,1087.4792
2014-12-08,1089.3959,1089.3959,1058.7303,1061.4136
2014-12-09,1056.0473,1069.4636,1043.0145,1046.8477
2014-12-10,1038.7981,1047.6144,1029.2150,1037.2648
2014-12-11,1020.3983,1026.5314,1005.4488,1023.8481
2014-12-12,1017.3319,1027.6815,1012.7321,1012.7321
2014-12-15,1003.5323,1015.0319,995.8659,998.1658
2014-12-16,978.2332,986.6663,956.7673,958.6839
2014-12-17,950.6342,965.5836,946.4176,952.9341
2014-12-18,973.6334,982.8331,964.0504,970.1835
2014-12-19,985.1331,987.0497,965.9671,969.0336
2014-12-22,977.4666,980.1499,960.2172,970.1835
2014-12-24,980.5333,991.2662,973.6335,985.1331
2014-12-25,988.1994,991.6493,978.9997,979.7664
2014-12-26,981.2997,988.9661,977.4665,983.9829
2014-12-29,983.9830,987.0496,964.8170,969.4169
2014-12-30,978.9999,984.7497,966.3503,966.3503
2015-01-05,959.4505,962.1337,942.9677,944.5010
2015-01-06,923.0352,924.5685,902.7192,905.0192
2015-01-07,904.6357,917.2853,901.9525,909.6189
2015-01-08,919.9685,984.7496,903.8690,930.3181
2015-01-09,931.8513,954.8505,931.8513,935.6845
2015-01-13,923.8017,940.6677,921.1184,940.2844
2015-01-14,931.8513,935.3012,898.8858,899.6524
2015-01-15,908.0856,933.3847,906.9356,926.4849
2015-01-16,908.4688,916.1352,897.3525,914.6019
2015-01-19,934.5349,937.9847,925.3352,929.5517
2015-01-20,920.7350,937.6011,918.4351,934.1512
2015-01-21,929.5515,939.5179,925.3350,932.6181
2015-01-22,926.1016,929.5515,916.1353,924.5684
2015-01-23,933.3848,934.1514,917.2853,921.5018
2015-01-26,908.4688,928.4014,906.9355,927.2515
2015-01-27,934.1516,951.4010,933.7683,944.1179
2015-01-28,937.6013,947.5676,929.9349,942.9678
2015-01-29,895.8194,903.4858,854.0375,861.3206
2015-01-30,865.9204,888.5363,854.0374,876.2700
2015-02-02,870.1370,889.3030,869.7536,877.4200
2015-02-03,873.9702,877.4201,854.8042,860.5540
2015-02-04,870.1368,878.5699,864.7703,869.3702
2015-02-05,875.5034,881.6366,862.8539,865.5371
2015-02-06,886.2362,906.5522,881.6364,902.3357
2015-02-09,913.4521,914.6021,891.6028,900.0359
2015-02-10,903.1026,906.5525,896.9695,904.2526
2015-02-12,914.6022,918.0521,906.5525,908.4691
2015-02-13,908.4689,910.7689,896.2027,900.0359
2015-02-16,904.6358,906.9357,892.7529,894.6695
2015-02-17,898.1193,908.4690,895.0527,900.8026
2015-02-18,906.9357,913.4521,905.0191,912.6855
2015-02-19,915.7520,931.8515,913.8354,924.1851
2015-02-20,929.9347,930.7013,921.1183,927.2515
2015-02-23,931.4682,933.3848,926.1017,933.3848
2015-02-24,929.5515,935.3013,921.1184,935.3013
2015-02-25,934.5347,941.8178,929.1682,937.9846
2015-02-26,931.4682,955.2340,930.3182,952.5508
2015-02-27,958.3004,990.4993,956.3838,979.7664
2015-03-02,985.1328,998.1657,985.1328,994.7158
2015-03-03,999.3159,1003.1491,991.6495,1000.4659
2015-03-04,998.5493,1003.1491,988.5829,997.0160
2015-03-05,1000.0824,1044.5475,997.0158,1043.3976
2015-03-06,1043.3974,1066.3967,1041.8642,1060.6469
2015-03-09,1048.7642,1067.9302,1044.1644,1062.1804
2015-03-10,1060.6470,1062.1803,1027.6815,1035.7312
2015-03-11,1020.3985,1033.4314,1015.0321,1019.6319
2015-03-12,1021.1652,1033.0481,1013.1155,1032.6648
2015-03-13,1042.2476,1055.6638,1041.8643,1050.2974
2015-03-16,1051.8305,1089.7792,1051.0639,1064.4801
2015-03-17,1067.5470,1088.6296,1054.8974,1079.4299
2015-03-18,1309.4218,1309.4218,1309.4218,1309.4218
2015-03-19,1593.0789,1593.4622,1409.8519,1464.2833
2015-03-20,1419.0514,1425.5679,1346.6039,1368.0698
2015-03-23,1379.9526,1441.2838,1379.1859,1417.1346
2015-03-24,1389.1523,1397.9687,1367.3031,1375.3528
2015-03-25,1375.3531,1436.3010,1362.7035,1422.5015
2015-03-26,1409.4686,1437.4509,1366.1534,1379.5696
2015-03-27,1404.3498,1412.4809,1386.9261,1409.7705
2015-03-30,1393.8958,1408.6091,1379.5696,1394.6702
2015-03-31,1406.2859,1407.8347,1367.1794,1368.7281
2015-04-01,1367.1793,1392.7341,1352.8532,1381.1183
2015-04-02,1377.6337,1380.7313,1351.6918,1355.1765
2015-04-03,1367.1794,1412.8682,1361.3715,1412.8682
2015-04-06,1405.8987,1462.0417,1401.6396,1444.6180
2015-04-07,1463.9777,1493.0172,1463.9777,1477.9166
2015-04-08,1489.1453,1493.7916,1458.5570,1479.4655
2015-04-09,1466.3006,1475.2060,1453.5232,1460.4927
2015-04-10,1451.9747,1466.6880,1442.6820,1464.3649
2015-04-13,1466.6881,1535.2213,1458.9442,1530.5750
2015-04-14,1516.2486,1524.7669,1490.6939,1505.4072
2015-04-15,1505.0201,1552.2577,1494.5659,1542.5779
2015-04-16,1544.9009,1604.5286,1542.5777,1599.4951
2015-04-17,1591.3640,1594.8487,1561.5501,1577.4250
2015-04-20,1564.2607,1582.0716,1537.1572,1567.7455
2015-04-21,1578.5870,1601.4314,1564.6480,1600.6570
2015-04-22,1612.2726,1630.4707,1601.4312,1619.6293
2015-04-23,1614.2084,1619.2419,1570.0684,1577.4250
2015-04-24,1587.8792,1617.3059,1580.1354,1606.8517
2015-04-27,1591.3641,1595.2360,1574.3276,1593.3000
2015-04-28,1602.2055,1621.5651,1599.8823,1609.5621
2015-04-30,1595.2362,1618.0806,1570.0686,1573.5533
2015-05-01,1558.0654,1590.9769,1549.1600,1568.5197
2015-05-07,1529.8003,1539.8673,1513.9253,1528.6387
2015-05-08,1629.6963,1673.4492,1600.6569,1638.2146
2015-05-11,1627.3730,1634.3425,1581.6842,1594.8488
2015-05-12,1605.6903,1613.0469,1585.1690,1611.1110
2015-05-13,1606.8520,1727.6563,1600.6570,1719.9125
2015-05-14,1690.4858,1795.0280,1678.4828,1743.9185
2015-05-15,1765.2139,1788.4455,1738.1104,1763.2780
2015-05-18,1765.6013,1769.4733,1734.6259,1738.8850
2015-05-19,1724.1714,1730.7537,1692.0344,1707.5221
2015-05-20,1688.1623,1704.8116,1668.8027,1687.7751
2015-05-21,1685.4519,1692.8086,1674.9977,1674.9977
2015-05-22,1676.1595,1684.2906,1620.0165,1651.7664
2015-05-25,1661.0593,1687.0013,1641.3125,1657.9618
2015-05-26,1651.3796,1665.3186,1641.6998,1644.4102
2015-05-27,1654.8637,1657.9612,1606.8517,1607.6261
2015-05-28,1612.2725,1614.9828,1592.9128,1613.0469
2015-05-29,1602.9802,1653.3153,1599.8826,1635.5044
2015-06-01,1618.4678,1671.1261,1614.9831,1663.7694
2015-06-02,1664.9309,1688.9369,1628.9219,1633.5682
2015-06-03,1625.8242,1645.5711,1610.7237,1622.3395
2015-06-04,1626.2115,1644.7967,1622.3395,1640.9248
2015-06-05,1617.6935,1628.9221,1598.7210,1616.9191
2015-06-08,1631.2449,1632.4065,1607.6261,1612.2725
2015-06-09,1599.8824,1601.0440,1564.2606,1564.2606
2015-06-10,1587.4920,1604.1413,1561.1628,1561.1628
2015-06-11,1563.8734,1581.6842,1547.9984,1548.7728
2015-06-12,1541.4162,1597.1720,1535.9955,1587.8794
2015-06-15,1571.2302,1599.1081,1568.9070,1573.5533
2015-06-16,1586.7180,1593.6875,1573.9406,1575.8766
2015-06-17,1566.5837,1575.8764,1530.9620,1539.0930
2015-06-18,1541.0291,1551.4833,1511.2152,1511.2152
2015-06-19,1533.2852,1541.8035,1523.2182,1528.2517
2015-06-22,1541.4162,1553.4191,1532.8979,1548.7728
2015-06-23,1575.8763,1622.3395,1573.1659,1622.3395
2015-06-24,1626.2117,1633.1812,1608.0136,1616.9191
2015-06-25,1619.6293,1683.9034,1618.8549,1658.7358
2015-06-26,1664.1566,1698.6168,1660.2846,1686.6138
2015-06-29,1625.0499,1645.5712,1611.8854,1625.4371
2015-06-30,1595.2363,1609.5625,1574.3279,1585.1693
2015-07-01,1603.3670,1633.9553,1603.3670,1629.6962
2015-07-02,1640.5377,1663.7693,1626.5988,1630.0835
2015-07-03,1628.9219,1632.0194,1599.8824,1618.0804
2015-07-06,1579.7483,1593.6873,1566.9709,1566.9709
2015-07-07,1594.0747,1601.0441,1570.8431,1575.4894
2015-07-08,1572.3919,1594.0747,1536.3829,1536.3829
2015-07-09,1510.0535,1556.5167,1487.2091,1530.9619
2015-07-10,1548.7730,1575.4893,1509.2792,1511.2152
2015-07-13,1557.2913,1578.9741,1496.1147,1533.6725
2015-07-14,1546.0626,1552.2577,1519.7335,1528.2517
2015-07-15,1532.1238,1583.2333,1529.0262,1566.1968
2015-07-16,1582.4586,1635.1169,1573.5532,1626.9858
2015-07-17,1652.9280,1668.4157,1627.7604,1649.4432
2015-07-21,1633.9554,1694.3576,1630.0835,1684.6777
2015-07-22,1661.8333,1674.2235,1656.0254,1662.6077
2015-07-23,1676.5467,1694.3575,1673.0619,1694.3575
2015-07-24,1695.9063,1711.3941,1673.8363,1684.6777
2015-07-27,1657.1870,1659.1230,1608.4007,1613.4342
2015-07-28,1602.9798,1625.4370,1586.7177,1604.9158
2015-07-29,1621.9524,1623.8883,1587.4922,1587.4922
2015-07-30,1703.6500,1738.4973,1661.8331,1718.7505
2015-07-31,1718.3636,1726.8818,1688.1625,1688.9369
2015-08-03,1685.8393,1724.9458,1680.8058,1717.9763
2015-08-04,1723.0100,1736.1745,1718.3636,1728.4307
2015-08-05,1742.3697,1794.6408,1736.5618,1781.0890
2015-08-06,1781.0891,1795.0281,1771.4093,1777.2172
2015-08-07,1796.5761,1814.7742,1778.3781,1802.3840
2015-08-10,1805.4822,1904.9908,1798.1255,1904.9908
2015-08-11,1928.2224,2017.2769,1888.3415,1911.5731
2015-08-12,1912.3476,1953.7773,1846.9119,1883.3081
2015-08-13,1858.1405,1901.1189,1850.3966,1874.4026
2015-08-14,1862.0123,1872.4665,1823.6801,1860.4635
2015-08-17,1886.4054,1927.8351,1879.4360,1901.5060
2015-08-18,1896.4724,1927.8350,1886.0182,1916.6064
2015-08-19,1929.7712,1989.7861,1913.5090,1920.4785
2015-08-20,1949.1309,1977.0088,1926.2865,1929.3840
2015-08-21,1881.7591,1894.5365,1826.0033,1836.8447
2015-08-24,1757.0827,1788.8326,1685.4520,1687.3879
2015-08-25,1637.0529,1814.3874,1631.6322,1730.7537
2015-08-26,1750.8876,1854.2681,1750.8876,1849.2346
2015-08-27,1858.1406,1889.5032,1802.3847,1808.5798
2015-08-28,1896.4724,1911.5729,1835.2959,1871.6920
2015-08-31,1883.6952,1955.3260,1859.3021,1936.7407
2015-09-01,1923.1886,1949.1305,1843.0396,1848.0731
2015-09-02,1804.3205,1899.9572,1797.3510,1840.7167
2015-09-03,1872.4663,1882.1461,1815.5489,1820.9696
2015-09-04,1843.4271,1848.8478,1777.2171,1794.6407
2015-09-07,1757.8574,1786.1225,1739.2721,1769.8604
2015-09-08,1785.3478,1803.9331,1728.4304,1731.1407
2015-09-09,1804.3206,1827.5522,1778.3787,1827.5522
2015-09-10,1803.5463,1819.0341,1774.1196,1812.4518
2015-09-11,1781.0889,1835.6832,1781.0889,1786.5096
2015-09-14,1800.4484,1807.0307,1759.0187,1774.5065
2015-09-15,1789.2204,1794.6411,1744.3059,1751.6626
2015-09-16,1781.0890,1783.0250,1655.6384,1676.1597
2015-09-17,1688.1624,1689.3240,1621.9524,1649.0559
2015-09-18,1654.0897,1671.1262,1618.8551,1630.4709
2015-09-24,1595.2360,1616.5316,1562.7118,1562.7118
2015-09-25,1590.5896,1598.3335,1553.8063,1588.2665
2015-09-28,1590.5935,1608.4305,1550.6541,1558.7971
2015-09-29,1535.9188,1549.4904,1487.4487,1497.5305
2015-09-30,1528.5516,1568.8787,1523.1229,1555.6948
2015-10-01,1583.2257,1616.9608,1564.2254,1606.1035
2015-10-02,1590.5933,1630.5327,1573.9196,1622.7775
2015-10-05,1644.4921,1666.9822,1633.2470,1661.1658
2015-10-06,1690.6355,1703.8193,1657.2881,1663.1045
2015-10-07,1668.1452,1673.1861,1623.1650,1635.1855
2015-10-08,1636.7365,1639.4508,1609.5933,1615.4097
2015-10-09,1628.5936,1659.6144,1606.8790,1658.0634
2015-10-13,1658.8389,1714.6764,1654.5735,1709.6355
2015-10-14,1696.0641,1729.4115,1651.0839,1657.2881
2015-10-15,1665.8189,1713.5134,1652.6350,1704.2072
2015-10-16,1741.8197,1794.9429,1736.0033,1771.6772
2015-10-19,1797.2692,1820.1470,1784.0853,1804.6366
2015-10-20,1791.0651,1810.8409,1769.3505,1806.9633
2015-10-21,1822.4740,1827.9026,1780.2081,1811.6167
2015-10-22,1798.0448,1819.7594,1790.2896,1796.4938
2015-10-23,1837.9844,1849.6172,1828.6781,1831.3925
2015-10-26,1855.0458,1889.1687,1850.0049,1862.0255
2015-10-27,1853.4950,1855.4338,1799.9840,1801.9229
2015-10-28,1780.5959,1798.4329,1730.9626,1784.4735
2015-10-29,1830.2293,1831.3926,1557.6337,1624.3285
2015-10-30,1574.3073,1574.3073,1474.2651,1510.7146
2015-11-02,1497.1430,1523.8984,1468.4487,1505.6737
2015-11-04,1527.3883,1542.1232,1509.5513,1525.8373
2015-11-05,1535.5310,1552.2047,1528.9390,1545.2250
2015-11-06,1558.7970,1561.1236,1531.2660,1552.9806
2015-11-09,1578.1847,1615.0219,1570.4295,1614.6342
2015-11-10,1598.7361,1607.6546,1571.2051,1582.0624
2015-11-11,1582.0626,1602.2262,1579.7361,1592.1444
2015-11-12,1589.8175,1589.8175,1557.2456,1557.2456
2015-11-13,1548.7151,1574.3073,1538.2456,1565.3888
2015-11-16,1526.6126,1527.7758,1502.5714,1508.3878
2015-11-17,1524.2862,1526.6127,1491.7143,1492.8776
2015-11-18,1499.0820,1505.2861,1475.8163,1494.4288
2015-11-19,1508.0001,1508.0001,1485.5100,1493.6530
2015-11-20,1492.8775,1501.7960,1482.7958,1501.7960
2015-11-24,1496.7550,1506.0613,1490.1631,1498.6938
2015-11-25,1486.2859,1516.1435,1485.8981,1507.2250
2015-11-26,1514.5923,1540.5722,1514.5923,1526.2251
2015-11-27,1525.0617,1527.7760,1487.8367,1491.3265
2015-11-30,1488.2244,1488.9999,1466.1221,1466.1221
2015-12-01,1473.4895,1500.2450,1473.4895,1491.7142
2015-12-02,1488.2245,1503.3472,1480.8570,1499.0818
2015-12-03,1493.6531,1514.9800,1486.6734,1499.8573
2015-12-04,1476.9796,1486.2859,1468.0611,1471.9387
2015-12-07,1473.4897,1482.4082,1463.4079,1466.5100
2015-12-08,1461.8568,1470.3875,1416.4888,1423.4685
2015-12-09,1419.2031,1461.8568,1418.8154,1448.2852
2015-12-10,1423.8563,1429.6727,1400.9784,1412.6112
2015-12-11,1395.9375,1419.9787,1388.1823,1398.6519
2015-12-14,1358.3247,1371.5086,1344.7531,1369.1820
2015-12-15,1345.1409,1351.3451,1311.4058,1311.4058
2015-12-16,1328.4672,1337.7735,1314.5079,1326.5284
2015-12-17,1343.9775,1347.8552,1329.2427,1331.5692
2015-12-18,1319.9363,1357.1613,1299.3850,1300.9360
2015-12-21,1279.6095,1286.9769,1257.1194,1281.1605
2015-12-22,1273.0175,1278.0584,1253.2417,1260.9969
2015-12-24,1259.4460,1284.6505,1246.6499,1248.5887
2015-12-25,1248.5887,1248.5887,1248.5887,1248.5887
2015-12-28,1267.2010,1288.9155,1265.2622,1275.7317
2015-12-29,1269.1398,1319.5486,1269.1398,1314.1200
2015-12-30,1318.7733,1330.7939,1298.2220,1299.3853
2016-01-04,1283.4870,1332.3449,1283.4870,1291.6300
2016-01-05,1279.6094,1295.5076,1269.1399,1272.6298
2016-01-06,1233.0781,1236.1802,1165.6078,1175.6896
2016-01-07,1189.6491,1212.9147,1178.0163,1180.7306
2016-01-08,1174.9142,1221.0577,1172.9754,1191.9757
2016-01-12,1160.9546,1162.8934,1121.0153,1121.4031
2016-01-13,1177.2406,1211.3635,1171.4242,1193.9143
2016-01-14,1149.3217,1160.1790,1131.4847,1149.7095
2016-01-15,1172.9752,1186.5469,1143.1177,1153.1995
2016-01-18,1106.6686,1144.2814,1105.8931,1136.9139
2016-01-19,1209.4249,1240.0580,1194.3022,1240.0580
2016-01-20,1212.5267,1227.6494,1147.7708,1152.8116
2016-01-21,1163.2813,1221.8332,1143.1178,1143.8933
2016-01-22,1198.1797,1237.3435,1174.1386,1235.7925
2016-01-25,1266.8130,1271.0784,1228.8125,1238.1188
2016-01-26,1214.4656,1252.8539,1204.3838,1225.3229
2016-01-27,1256.3440,1260.2216,1216.7924,1223.7721
2016-01-28,1236.1802,1238.5068,1207.4860,1207.4860
2016-01-29,1216.7922,1308.3037,1212.9146,1291.6300
2016-02-01,1333.8957,1347.8551,1311.0179,1342.0387
2016-02-02,1326.5285,1341.6512,1312.9569,1331.9572
2016-02-03,1355.6103,1395.9374,1274.1806,1309.4668
2016-02-04,1284.6501,1364.5288,1276.1194,1333.5079
2016-02-05,1312.1809,1338.1609,1299.3848,1321.4872
2016-02-08,1291.2423,1353.2839,1287.7524,1346.6920
2016-02-09,1273.4053,1283.4871,1220.6699,1228.0374
2016-02-10,1222.2209,1246.6498,1162.1180,1182.6693
2016-02-12,1131.8727,1139.2401,1085.7292,1112.8724
2016-02-15,1190.4244,1229.9759,1171.8119,1221.4452
2016-02-16,1207.4858,1255.5681,1202.4449,1234.6290
2016-02-17,1235.7922,1263.3232,1186.1589,1210.5878
2016-02-18,1264.8743,1294.3441,1258.2824,1282.7113
2016-02-19,1270.6907,1271.8539,1231.5269,1243.1597
2016-02-22,1256.3441,1286.9771,1250.9154,1279.2219
2016-02-23,1292.7931,1300.5483,1262.5478,1264.8744
2016-02-24,1236.5682,1265.2625,1215.6291,1247.8132
2016-02-25,1247.4253,1267.2011,1245.4865,1258.2826
2016-02-26,1271.8541,1274.9562,1238.5067,1238.5067
2016-02-29,1182.2812,1267.9762,1171.8116,1226.4858
2016-03-01,1209.0372,1224.5476,1167.9345,1193.5267
2016-03-02,1232.3028,1247.0377,1200.1187,1236.1804
2016-03-03,1240.4455,1287.3645,1226.4861,1287.3645
2016-03-04,1290.4667,1295.8954,1278.8339,1292.4055
2016-03-07,1298.6097,1298.9974,1222.2208,1225.7107
2016-03-08,1209.8123,1239.2820,1196.6284,1227.2615
2016-03-09,1205.1593,1229.9760,1203.6083,1224.5474
2016-03-10,1241.2213,1254.4052,1226.8742,1248.5887
2016-03-11,1230.3638,1257.5070,1221.4453,1249.7518
2016-03-14,1247.8131,1248.2009,1230.7517,1233.0782
2016-03-15,1240.8333,1243.9354,1227.2617,1233.8536
2016-03-16,1225.3231,1243.5478,1221.4455,1232.6906
2016-03-17,1244.7108,1252.4660,1181.8936,1188.0978
2016-03-18,1205.1596,1206.7106,1171.8122,1183.8328
2016-03-22,1214.4657,1283.4870,1208.6493,1280.7727
2016-03-23,1293.9564,1302.0994,1259.8335,1267.9764
2016-03-24,1261.7724,1325.3651,1240.8333,1307.1404
2016-03-25,1297.0585,1323.8140,1292.0176,1304.0382
2016-03-28,1305.9772,1324.2019,1298.6097,1323.4264
2016-03-29,1323.4261,1324.5976,1293.3571,1312.1014
2016-03-30,1308.1966,1322.2548,1263.2883,1263.6788
2016-03-31,1280.8607,1292.9664,1249.6202,1249.6202
2016-04-01,1252.3541,1255.0876,1197.6832,1202.3693
2016-04-04,1191.8258,1228.5335,1185.5777,1200.4170
2016-04-05,1194.9497,1207.0554,1170.7383,1173.0813
2016-04-06,1172.3001,1190.2634,1157.8514,1178.9387
2016-04-07,1170.7380,1213.6937,1168.0045,1212.9127
2016-04-08,1191.0444,1249.6204,1187.5299,1233.6096
2016-04-11,1233.2193,1241.0294,1206.6649,1238.2959
2016-04-12,1243.7629,1276.9560,1239.4673,1275.0034
2016-04-13,1288.6712,1296.0908,1262.8978,1266.4124
2016-04-14,1310.5396,1339.4371,1303.1200,1317.9592
2016-04-15,1304.6820,1331.6269,1294.1383,1320.3022
2016-04-18,1257.4308,1293.7479,1257.4308,1282.4232
2016-04-19,1316.0066,1335.1414,1307.4155,1327.7218
2016-04-20,1344.1230,1370.2870,1324.5977,1344.9041
2016-04-21,1362.8673,1364.8198,1352.3236,1363.6483
2016-04-22,1343.3422,1351.5428,1322.6454,1338.6561
2016-04-25,1345.6854,1347.2474,1315.2259,1319.1310
2016-04-26,1305.0722,1318.3494,1290.6234,1301.5576
2016-04-27,1292.9668,1299.6054,1277.7371,1290.2333
2016-04-28,1214.4749,1233.2192,1174.6432,1183.6249
2016-05-02,1146.1365,1175.4245,1146.1365,1166.4429
2016-05-06,1166.8331,1187.5299,1161.7565,1170.7382
2016-05-09,1183.6250,1204.7123,1178.1579,1188.7015
2016-05-10,1191.0445,1202.7597,1172.6907,1184.7964
2016-05-11,1199.6359,1202.7599,1183.6251,1187.1396
2016-05-12,1171.9096,1215.6464,1164.4900,1215.6464
2016-05-13,1225.0188,1228.9239,1198.8549,1198.8549
2016-05-16,1213.6939,1237.5148,1206.6648,1218.7705
2016-05-17,1215.2563,1250.4019,1212.1322,1250.0114
2016-05-18,1242.9818,1278.5179,1240.6387,1259.7736
2016-05-19,1277.7371,1287.8902,1267.5839,1276.1750
2016-05-20,1262.1167,1280.8610,1253.1350,1278.1274
2016-05-23,1275.0037,1275.7847,1241.4201,1262.8979
2016-05-24,1253.9162,1253.9162,1230.4858,1232.8289
2016-05-25,1248.4490,1260.9452,1242.5914,1245.7155
2016-05-26,1265.2407,1267.1932,1236.3432,1239.4673
2016-05-27,1241.4199,1255.0877,1232.8288,1238.6864
2016-05-30,1251.5728,1252.3538,1230.0949,1249.6202
2016-05-31,1256.2591,1292.5762,1250.4015,1284.7661
2016-06-01,1265.2408,1275.7845,1245.7155,1253.9161
2016-06-02,1253.1350,1261.3356,1225.0185,1225.7996
2016-06-03,1216.8178,1235.5621,1216.4273,1235.5621
2016-06-06,1206.6650,1238.6865,1197.6834,1237.5150
2016-06-07,1244.1536,1268.7555,1244.1536,1268.7555
2016-06-08,1274.6129,1274.6129,1250.4015,1273.8319
2016-06-09,1280.8609,1283.5945,1267.5837,1271.8793
2016-06-10,1270.7080,1271.8795,1250.4017,1254.6973
2016-06-13,1234.3908,1237.1244,1199.2452,1199.2452
2016-06-14,1194.9498,1223.4567,1183.2346,1189.0922
2016-06-15,1179.3295,1193.3877,1169.1763,1175.8149
2016-06-16,1190.2635,1194.9495,1136.7641,1144.1837
2016-06-17,1151.9942,1157.8518,1141.8410,1146.9176
2016-06-20,1169.1763,1179.3294,1150.0415,1169.1763
2016-06-21,1151.2130,1183.6250,1142.6219,1178.5485
2016-06-22,1178.1576,1178.1576,1146.5266,1161.7563
2016-06-23,1164.8807,1175.8149,1154.3371,1165.6617
2016-06-24,1182.4536,1186.7492,1062.5681,1077.7979
2016-06-27,1093.4181,1112.1624,1071.9402,1082.8744
2016-06-28,1055.5387,1092.6368,1043.4330,1080.5311
2016-06-29,1093.4180,1130.9066,1091.4655,1130.5161
2016-06-30,1151.9938,1169.5666,1139.1071,1139.1071
2016-07-01,1148.4795,1156.6802,1135.2023,1144.9650
2016-07-04,1141.8409,1158.6327,1134.4213,1156.6802
2016-07-05,1147.6983,1155.8989,1123.8774,1131.6875
2016-07-06,1093.8085,1125.0490,1080.5312,1123.0964
2016-07-07,1123.8777,1167.2239,1111.3815,1166.4429
2016-07-08,1283.5947,1301.9485,1240.6390,1270.7080
2016-07-11,1270.7080,1270.7080,1270.7080,1270.7080
2016-07-12,1702.6076,1799.8436,1574.1310,1783.8329
2016-07-13,1705.7323,1758.0602,1640.9082,1704.9513
2016-07-14,1757.2788,2027.5092,1742.4396,1975.9624
2016-07-15,2054.0637,2171.2156,1999.3928,2169.6536
2016-07-19,2448.4751,2553.9118,2269.2326,2481.2776
2016-07-20,2278.2142,2341.4763,2030.6332,2168.4819
2016-07-21,2264.9372,2286.8056,2088.0378,2186.8359
2016-07-22,2132.1651,2336.7905,2122.0120,2204.0183
2016-07-25,1852.5627,1917.7773,1813.5121,1813.5121
2016-07-26,1720.5711,1865.8394,1694.7976,1842.4091
2016-07-27,1780.7093,1815.0739,1710.8087,1742.0492
2016-07-28,1724.0860,1765.0892,1618.6493,1646.3752
2016-07-29,1640.1268,1701.0458,1596.3901,1679.5680
2016-08-01,1607.7151,1675.2727,1569.8359,1637.3936
2016-08-02,1671.3676,1680.7397,1631.5359,1640.5176
2016-08-03,1613.5727,1677.6158,1610.8392,1645.2037
2016-08-04,1663.5572,1669.0243,1634.6597,1657.6996
2016-08-05,1663.5574,1666.6815,1608.8865,1617.8682
2016-08-08,1617.8683,1665.1195,1597.9524,1661.9955
2016-08-09,1672.9295,1791.6435,1665.1194,1784.6144
2016-08-10,1797.5011,1824.4461,1750.2499,1779.1473
2016-08-12,1796.3297,1801.4063,1712.7613,1718.2284
2016-08-15,1714.3229,1738.9248,1692.0641,1723.3046
2016-08-16,1723.3047,1735.8009,1695.9692,1696.3597
2016-08-17,1700.6557,1774.4614,1699.4842,1772.8994
2016-08-18,1757.2791,1821.7127,1738.9253,1788.1292
2016-08-19,1808.0445,1814.6831,1723.3046,1733.8483
2016-08-22,1749.4687,1793.5959,1732.2864,1787.7383
2016-08-23,1799.8439,1799.8439,1745.9541,1764.6984
2016-08-24,1763.9175,1778.7567,1727.2099,1748.2972
2016-08-25,1732.6775,1755.3268,1728.7724,1736.9730
2016-08-26,1731.5052,1733.8483,1692.4546,1694.0166
2016-08-29,1725.2575,1753.7644,1719.7904,1750.2499
2016-08-30,1738.9251,1746.7352,1724.4764,1733.4580
2016-08-31,1757.2786,1778.7564,1744.7824,1770.9463
2016-09-01,1780.7090,1831.4749,1758.4502,1829.9128
2016-09-02,1819.7595,1888.4886,1819.7595,1860.3722
2016-09-05,1878.3357,1881.4597,1808.8255,1813.1211
2016-09-06,1819.3695,1843.5808,1813.9024,1839.2853
2016-09-07,1819.7600,1929.1018,1818.5885,1928.7113
2016-09-08,2280.1674,2280.5579,2113.4211,2183.3218
2016-09-09,2151.6903,2181.7592,2129.4314,2157.5479
2016-09-12,2132.1650,2153.2523,2065.7789,2084.5232
2016-09-13,2101.7052,2114.9824,1998.6115,2001.3451
2016-09-14,1999.3930,2056.7974,1981.8202,2011.4987
2016-09-15,2023.6039,2106.0008,2016.5748,2102.8767
2016-09-16,2077.8840,2133.7264,2054.4536,2113.8105
2016-09-20,2081.3996,2169.2635,2073.9799,2133.3369
2016-09-21,2131.7744,2143.8801,2085.3041,2108.3440
2016-09-23,2097.0197,2129.8223,2067.3412,2116.9355
2016-09-26,2104.4387,2111.0773,2079.8368,2083.3513
2016-09-27,2063.0457,2119.2786,2061.8742,2111.4685
2016-09-28,2100.9244,2144.6611,2095.0668,2118.8877
2016-09-29,2146.2234,2146.2234,2103.6582,2119.6689
2016-09-30,2102.4867,2127.0886,2077.8848,2077.8848
2016-10-03,2093.1146,2100.1437,2052.8925,2065.3887
2016-10-04,2073.9793,2075.1508,2025.1660,2043.9103
2016-10-05,2050.1588,2092.3335,2037.2721,2091.5525
2016-10-06,2092.7239,2104.0486,2058.7499,2059.1404
2016-10-07,2059.9213,2089.2093,2052.8922,2084.5232
2016-10-11,2069.6841,2078.6658,2052.5018,2052.8923
2016-10-12,2039.6150,2056.7973,2018.5277,2020.0897
2016-10-13,2031.8048,2072.4174,2024.7757,2036.4908
2016-10-14,2010.3267,2047.8153,2000.9546,2043.9103
2016-10-17,2067.3408,2067.7313,2004.4693,2025.5566
2016-10-18,2017.3562,2055.2353,2002.1264,2047.4252
2016-10-19,2039.2248,2055.2355,2028.6811,2036.8817
2016-10-20,2025.9471,2129.8218,2015.7939,2104.8293
2016-10-21,2030.6334,2045.4726,1954.4846,1966.9808
2016-10-24,1944.7222,1944.7222,1869.7450,1872.0880
2016-10-25,1866.6208,1931.0543,1864.2777,1927.9303
2016-10-26,1916.6054,1952.5319,1906.4522,1915.0433
2016-10-27,1836.9423,1944.3315,1836.5518,1943.5505
2016-10-28,1959.9514,2001.3451,1953.3128,1998.6116
2016-10-31,1999.3927,2022.8231,1979.4769,1986.8965
2016-11-01,1986.1157,1998.6119,1968.9334,1987.2872
2016-11-02,1975.9627,1998.2216,1948.6272,1983.3823
2016-11-04,1952.5319,1957.9990,1902.5471,1905.6711
2016-11-07,1922.4632,1927.5398,1893.1752,1916.2151
2016-11-08,1928.7114,1940.4266,1904.8905,1907.2335
2016-11-09,1920.5104,1921.2915,1733.8484,1789.6908
2016-11-10,1879.1168,1917.3864,1866.6206,1906.4523
2016-11-11,1917.7769,1918.5579,1875.2117,1882.2408
2016-11-14,1882.2406,1946.2836,1868.1824,1940.0355
2016-11-15,1929.4918,1943.5501,1915.8241,1941.5975
2016-11-16,1988.4590,2047.4255,1981.4299,1995.4882
2016-11-17,2004.8597,2034.5382,2000.1736,2034.5382
2016-11-18,2077.4941,2096.2384,2045.0821,2094.2859
2016-11-21,2117.3256,2159.5002,2100.9243,2159.5002
2016-11-22,2145.0515,2177.4635,2142.3179,2175.5110
2016-11-24,2206.3606,2220.8094,2152.4708,2158.3284
2016-11-25,2166.9201,2182.9308,2152.8619,2176.2922
2016-11-28,2171.9967,2196.2081,2162.2341,2184.4929
2016-11-29,2193.8653,2193.8653,2166.9204,2186.0552
2016-11-30,2205.9705,2205.9705,2161.4528,2169.2629
2016-12-01,2186.8362,2196.9894,2175.9020,2182.1501
2016-12-02,2168.8730,2179.4166,2097.8008,2112.2495
2016-12-05,2097.0194,2133.3365,2081.3991,2114.2017
2016-12-06,2139.5846,2180.9783,2123.5739,2176.2922
2016-12-07,2186.8357,2214.9522,2169.2629,2185.2737
2016-12-08,2204.7992,2206.3612,2180.9783,2204.4087
2016-12-09,2218.0764,2297.7397,2215.7334,2284.8530
2016-12-12,2335.2281,2357.0965,2257.1269,2296.1775
2016-12-13,2278.2146,2282.9007,2195.8178,2208.3140
2016-12-14,2208.3137,2211.8282,2177.4637,2184.8833
2016-12-15,2202.4566,2211.8288,2133.7275,2153.6433
2016-12-16,2132.1653,2132.9463,2032.9767,2062.2646
2016-12-19,1952.5324,1986.1160,1900.9856,1916.6058
2016-12-20,1914.6529,1963.0757,1905.6712,1938.0833
2016-12-21,1952.5322,1961.1233,1909.9670,1915.8246
2016-12-22,1883.0220,1908.0144,1835.7707,1842.7998
2016-12-26,1863.4969,1931.8356,1858.8109,1917.7773
2016-12-27,1929.8830,1938.4742,1879.1172,1917.7773
2016-12-28,1906.8426,1920.1198,1892.0033,1901.3755
2016-12-29,1890.0510,1907.2333,1883.4124,1906.0618
2016-12-30,1903.3286,1924.0255,1899.4235,1916.6058
2017-01-04,1916.6054,1916.9959,1900.2041,1911.9193
2017-01-05,1917.7768,1940.0357,1864.6679,1881.0692
2017-01-06,1874.4310,1891.2228,1868.1829,1878.3361
2017-01-10,1912.7004,1915.8245,1888.8795,1903.3282
2017-01-11,1925.1964,1979.8673,1919.7293,1963.8566
2017-01-12,1975.9627,1984.5539,1929.1019,1968.1526
2017-01-13,1944.7221,1959.1709,1844.7525,1854.9056
2017-01-16,1819.7598,1831.4750,1788.9098,1811.9497
2017-01-17,1792.0342,1858.4203,1792.0342,1842.0190
2017-01-18,1836.5518,1851.3910,1808.4353,1832.6467
2017-01-19,1818.5883,1881.8503,1800.2345,1858.8104
2017-01-20,1859.9819,1884.5838,1838.5041,1845.5332
2017-01-23,1836.9424,1851.0006,1818.1981,1836.1614
2017-01-24,1830.6940,1840.8471,1815.8547,1817.0262
2017-01-25,1835.3802,1847.4859,1818.1979,1842.7998
2017-01-26,1843.1908,1851.7820,1831.8661,1840.8478
2017-01-27,1845.5332,1845.5332,1827.9604,1834.5990
2017-01-30,1835.3804,1847.0956,1833.8184,1840.4570
2017-01-31,1814.2932,1836.1615,1804.1400,1805.7020
2017-02-01,1757.2788,1774.4611,1718.6187,1767.0415
2017-02-02,1781.8805,1793.5956,1753.3735,1758.8406
2017-02-03,1784.2243,1872.4788,1782.2718,1870.1357
2017-02-06,1874.4311,1886.9273,1840.8475,1853.7343
2017-02-07,1824.4458,1840.0660,1811.9496,1814.2926
2017-02-08,1822.1028,1829.5225,1788.9098,1816.6357
2017-02-09,1814.2925,1850.2191,1800.2343,1827.9602
2017-02-10,1847.0950,1853.3431,1824.0551,1846.7045
2017-02-13,1857.6388,1862.7153,1839.2850,1847.4856
2017-02-14,1834.9895,1841.2376,1816.2452,1816.6357
2017-02-15,1824.8364,1833.8181,1771.3370,1772.1180
2017-02-16,1778.3666,1808.0451,1776.4140,1805.7020
2017-02-17,1801.0154,1829.1319,1786.5667,1824.0553
2017-02-20,1808.4353,1812.3404,1788.1290,1803.7493
2017-02-21,1805.7015,1818.5882,1798.6724,1806.8730
2017-02-22,1809.6070,1820.5411,1797.1107,1820.5411
2017-02-23,1813.5119,1816.2454,1801.0156,1812.3403
2017-02-24,1813.1211,1858.8104,1806.4825,1852.1718
2017-02-27,1834.9899,1864.6684,1834.5994,1849.4386
2017-02-28,1858.4195,1860.7625,1834.2081,1835.3796
2017-03-01,1835.7709,1836.9424,1814.2931,1818.5886
2017-03-02,1831.0849,1831.4754,1783.4431,1786.5671
2017-03-03,1793.9867,1861.1538,1791.6436,1851.7816
2017-03-06,1872.8684,1914.6525,1863.8867,1893.1747
2017-03-07,1916.6052,1946.2837,1903.7185,1928.3204
2017-03-08,1968.9334,1977.5245,1929.8827,1938.8644
2017-03-09,1952.5321,1956.0467,1916.6055,1925.9777
2017-03-10,1925.9779,1955.6563,1922.8538,1931.8354
2017-03-13,1929.8831,1953.3135,1911.9198,1952.5325
2017-03-14,1952.5319,1957.9990,1939.2547,1943.9408
2017-03-15,1940.0362,1954.8754,1940.0362,1951.3608
2017-03-16,1948.2359,1967.7613,1947.4549,1964.6372
2017-03-17,1956.8282,2002.1270,1940.4270,1997.8314
2017-03-21,2050.1588,2073.9797,2022.0423,2051.3303
2017-03-22,2041.5676,2159.1100,2040.7866,2140.3657
2017-03-23,2163.0154,2192.3034,2070.8559,2095.4578
2017-03-24,2095.8480,2125.9170,2075.9322,2097.8005
2017-03-27,2102.4865,2122.0118,2088.0377,2099.7529
2017-03-28,2099.7531,2100.5341,2054.0639,2080.2278
2017-03-29,2103.6455,2130.6357,2089.7535,2117.1406
2017-03-30,2117.9341,2123.8878,2061.9692,2063.5569
2017-03-31,2061.1755,2094.5163,2035.3761,2050.8557
2017-04-03,2061.1757,2126.2697,2058.3973,2123.8882
2017-04-04,2129.0479,2141.7492,2055.2219,2068.3201
2017-04-05,2068.3202,2098.0888,2034.9794,2071.0986
2017-04-06,2071.0982,2106.0267,2064.7476,2093.3254
2017-04-07,2093.3254,2093.3254,2015.9272,2045.2988
2017-04-10,2034.5826,2066.3358,2019.4999,2046.0931
2017-04-11,2040.5361,2054.0312,2022.6750,2041.3300
2017-04-12,2008.3862,2038.1548,2008.3862,2032.9949
2017-04-13,2017.9118,2038.1545,1994.0970,2003.6229
2017-04-14,2006.7983,2083.0059,2005.2107,2044.9021
2017-04-17,2065.9387,2116.3468,2065.9387,2104.0425
2017-04-18,2121.1103,2135.3992,2096.8985,2120.7134
2017-04-19,2132.6204,2173.1056,2125.8728,2156.0383
2017-04-20,2167.5487,2187.3944,2127.4604,2128.6511
2017-04-21,2157.6259,2170.7241,2136.1925,2143.7339
2017-04-24,2167.1522,2184.2195,2155.2448,2172.7090
2017-04-25,2194.5391,2223.9107,2188.5854,2219.5447
2017-04-26,2224.3076,2224.3076,2183.8223,2192.5544
2017-04-27,2206.8435,2206.8435,2164.7706,2180.2502
2017-04-28,2143.3372,2243.3596,2136.5896,2226.2922
2017-05-01,2254.4734,2259.2363,2240.1845,2247.7258
2017-05-02,2246.5348,2259.2361,2233.4367,2250.9009
2017-05-08,2300.5151,2331.0775,2280.6694,2287.0200
2017-05-09,2278.2880,2300.1183,2274.3189,2281.0664
2017-05-10,2298.5305,2341.7942,2273.5249,2341.7942
2017-05-11,2341.7942,2358.4646,2333.0621,2345.3665
2017-05-12,2345.7631,2362.4335,2325.9174,2340.2063
2017-05-15,2315.5979,2392.5993,2299.3244,2360.4492
2017-05-16,2372.3569,2402.1255,2368.3878,2380.6921
2017-05-17,2377.5166,2435.4660,2373.9443,2420.3833
2017-05-18,2383.8667,2427.5273,2382.2791,2415.6199
2017-05-19,2433.0843,2437.0534,2396.5682,2405.3003
2017-05-22,2418.7956,2425.1463,2399.7438,2420.3833
2017-05-23,2425.1462,2452.1364,2418.0017,2451.3425
2017-05-24,2460.8682,2532.3128,2458.4867,2530.7251
2017-05-25,2539.4574,2564.0661,2510.0857,2521.9932
2017-05-26,2545.8078,2660.1191,2528.3436,2660.1191
2017-05-29,2639.4803,2747.4410,2611.6963,2695.0483
2017-05-30,2706.9555,2734.7395,2668.0579,2699.8110
2017-05-31,2691.0784,2714.8932,2647.4178,2671.2327
2017-06-01,2654.5629,2667.2642,2620.4283,2632.3357
2017-06-02,2637.0985,2683.9343,2593.4379,2662.5010
2017-06-05,2659.3260,2745.8533,2652.9753,2744.2656
2017-06-06,2773.6370,2804.5963,2689.4912,2749.0283
2017-06-07,2783.9565,2783.9565,2705.3675,2718.8625
2017-06-08,2737.9145,2759.3478,2694.2539,2697.4292
2017-06-09,2718.8626,2776.0183,2706.9552,2764.1108
2017-06-12,2708.5433,2729.9766,2639.4802,2700.6050
2017-06-13,2690.2849,2722.8319,2662.5009,2711.7183
2017-06-14,2777.6060,2799.0393,2759.3479,2759.3479
2017-06-15,2786.3379,2886.3603,2779.9873,2877.6282
2017-06-16,2857.7822,2911.7625,2845.8748,2860.9575
2017-06-19,2876.0410,2939.5473,2872.0718,2933.9905
2017-06-20,2984.7956,2994.3216,2958.5993,2972.8882
2017-06-21,2976.8568,2994.3211,2942.7222,2953.0420
2017-06-22,2953.0419,2995.1148,2945.8974,2968.9185
2017-06-23,2987.9705,3062.5904,2980.0322,3051.4768
2017-06-26,3091.9623,3130.8599,3081.6426,3118.1587
2017-06-27,3137.2108,3138.0046,3061.7971,3121.3342
2017-06-28,3088.7869,3107.0450,2993.5275,3006.2288
2017-06-29,3044.3322,3085.6113,2985.5889,3078.4668
2017-06-30,2976.8573,3014.9611,2967.3314,2991.1462
2017-07-03,2991.9397,3003.8472,2921.2890,2930.8149
2017-07-04,2914.9387,2917.3202,2773.6372,2785.5447
2017-07-05,2740.2962,2832.3803,2699.0171,2811.7407
2017-07-06,2824.4421,2857.7829,2765.6988,2774.4309
2017-07-07,2734.7390,2801.4206,2719.6563,2791.1008
2017-07-10,2841.1124,2908.5879,2817.2976,2895.0928
2017-07-11,2912.5573,2919.7018,2829.9992,2862.5461
2017-07-12,2851.4318,2891.9171,2837.1429,2859.3701
2017-07-13,2889.5361,2894.2991,2852.2262,2869.6904
2017-07-14,2869.6897,2870.4835,2833.9674,2848.2563
2017-07-17,2848.2563,2848.2563,2848.2563,2848.2563
2017-07-18,2823.6483,2905.4127,2819.6792,2897.4744
2017-07-19,2918.9071,2990.3517,2911.7627,2987.9702
2017-07-20,3000.6719,3000.6719,2944.3101,2962.5681
2017-07-21,2970.5065,2993.5275,2948.2793,2954.6299
2017-07-24,2933.9906,2933.9906,2876.0411,2876.8350
2017-07-25,2852.2260,2885.5668,2784.7506,2802.2148
2017-07-26,2803.8024,2862.5457,2798.2456,2839.5247
2017-07-27,2977.6508,3061.7967,2945.1039,3055.4460
2017-07-28,3007.8165,3036.3943,2963.3621,2973.6819
2017-07-31,2957.0112,2999.8780,2931.6087,2975.2693
2017-08-01,2950.6610,2980.0327,2930.8153,2945.1042
2017-08-02,2962.5684,3019.7241,2943.5165,3007.8167
2017-08-03,2991.9401,3001.4661,2954.6302,2966.5376
2017-08-04,2953.8356,2990.3517,2918.1133,2984.7949
2017-08-07,3001.4655,3051.4767,2988.7643,3029.2495
2017-08-08,3018.9296,3065.7655,3014.9605,3031.6309
2017-08-09,3014.1668,3018.9297,2970.5062,2976.0630
2017-08-10,2971.3008,2986.3835,2907.0007,2914.9390
2017-08-11,2914.9390,2914.9390,2914.9390,2914.9390
2017-08-14,2859.3705,2887.1545,2849.8445,2858.5767
2017-08-15,2889.5360,2938.7534,2882.3915,2908.5879
2017-08-16,2907.0000,2931.6087,2878.4221,2911.7629
2017-08-17,2899.0617,2940.3408,2897.4740,2911.7629
2017-08-18,2864.1335,2878.4224,2845.0816,2865.7212
2017-08-21,2876.0412,2881.5980,2828.4114,2837.1436
2017-08-22,2831.5861,2886.3603,2828.4108,2864.1331
2017-08-23,2885.5667,2898.2680,2851.4321,2856.1951
2017-08-24,2857.7828,2863.3396,2837.1432,2851.4321
2017-08-25,2862.5452,2868.1020,2834.7612,2860.9575
2017-08-28,2873.6596,2930.8152,2868.1028,2924.4646
2017-08-29,2902.2373,2919.7016,2880.0101,2897.4744
2017-08-30,2920.4948,2924.4639,2893.5046,2893.5046
2017-08-31,2903.0311,2918.1138,2895.8866,2908.5879
2017-09-01,2936.3716,2953.8358,2918.9073,2921.2888
2017-09-04,2905.4125,2937.9595,2899.8557,2919.7014
2017-09-05,2919.7016,2924.4646,2841.1126,2849.8447
2017-09-06,2813.3282,2843.4937,2781.5751,2838.7307
2017-09-07,2838.7309,2859.3704,2805.3901,2811.7407
2017-09-08,2809.3594,2871.2780,2806.9779,2857.7830
2017-09-11,2871.2777,2911.7629,2863.3394,2911.7629
2017-09-12,2937.1653,3011.7852,2929.2270,3007.0222
2017-09-13,3024.4866,3024.4866,2987.1767,2998.2903
2017-09-14,3016.5484,3048.3015,2989.5582,2990.3521
2017-09-15,3008.6098,3044.3321,2995.9085,3036.3938
2017-09-18,3036.3938,3036.3938,3036.3938,3036.3938
2017-09-19,3132.4473,3256.2846,3111.8078,3250.7278
2017-09-20,3334.0800,3416.6381,3291.2132,3404.7307
2017-09-21,3394.4108,3403.9368,3308.6773,3314.2341
2017-09-22,3319.7908,3364.2452,3257.0783,3265.0166
2017-09-25,3282.4807,3311.8523,3258.6658,3270.5732
2017-09-26,3222.9439,3238.8205,3175.3142,3208.6550
2017-09-27,3234.9223,3274.7220,3208.6545,3251.6382
2017-09-28,3288.2546,3329.6463,3263.5787,3308.9504
2017-09-29,3290.6424,3324.8702,3285.8664,3308.1543
2017-10-02,3324.8701,3348.7500,3308.9502,3320.8901
2017-10-03,3341.5863,3345.5663,3311.3385,3324.0745
2017-10-04,3335.2183,3357.5062,3324.0744,3344.7703
2017-10-05,3351.9336,3386.9574,3344.7697,3386.1614
2017-10-06,3461.7815,3496.8052,3443.4736,3476.1094
2017-10-09,3476.1094,3476.1094,3476.1094,3476.1094
2017-10-10,3502.3772,3534.2170,3446.6576,3453.8215
2017-10-11,3458.5972,3509.5409,3446.6573,3504.7649
2017-10-12,3534.2167,3542.1767,3471.3331,3478.4971
2017-10-13,3461.7812,3519.8889,3456.2093,3514.3169
2017-10-16,3529.4407,3550.1366,3500.7849,3527.0527
2017-10-17,3542.1767,3545.3606,3466.5571,3478.4971
2017-10-18,3478.4978,3485.6617,3396.5103,3416.4102
2017-10-19,3442.6777,3469.7415,3399.6940,3464.9656
2017-10-20,3449.8413,3492.8250,3442.6773,3472.1292
2017-10-23,3507.1530,3508.7450,3475.3132,3479.2932
2017-10-24,3497.6012,3512.7251,3474.5174,3510.3372
2017-10-25,3532.6251,3605.8566,3502.3773,3513.5212
2017-10-26,3460.9849,3476.9048,3360.6896,3375.8135
2017-10-27,3409.2454,3429.1452,3355.9137,3421.1853
2017-10-30,3414.8177,3442.6775,3378.2019,3412.4297
2017-10-31,3581.9759,3659.1874,3483.2726,3486.4565
2017-11-01,3507.1528,3532.6246,3434.7173,3453.0251
2017-11-02,3458.5973,3467.3533,3372.6299,3418.7976
2017-11-03,3418.7976,3418.7976,3418.7976,3418.7976
2017-11-06,3442.6774,3452.2294,3371.0379,3384.5698
2017-11-07,3382.9772,3414.0210,3352.7294,3407.6531
2017-11-08,3407.6535,3467.3531,3394.1216,3458.5972
2017-11-09,3464.1696,3493.6214,3387.7541,3428.3499
2017-11-10,3383.7746,3472.9260,3372.6307,3446.6582
2017-11-13,3487.2535,3534.2172,3471.3336,3506.3574
2017-11-14,3514.3164,3579.5880,3512.7245,3564.4641
2017-11-15,3585.1614,3610.6332,3410.0425,3429.9424
2017-11-16,3440.2893,3571.6285,3430.7374,3565.2605
2017-11-17,3605.8566,3636.1044,3536.6050,3568.4448
2017-11-20,3569.2407,3602.6724,3546.1568,3563.6687
2017-11-21,3597.8966,3601.8766,3530.2371,3542.1770
2017-11-22,3562.0766,3597.8964,3550.9327,3582.7725
2017-11-23,3582.7725,3582.7725,3582.7725,3582.7725
2017-11-24,3596.3041,3710.1313,3589.9361,3710.1313
2017-11-27,3789.7314,3835.8991,3750.7276,3798.4873
2017-11-28,3757.0956,3790.5274,3722.0719,3747.5437
2017-11-29,3784.1581,3787.3421,3666.3509,3679.8828
2017-11-30,3630.5318,3636.1037,3550.9323,3597.8960
2017-12-01,3653.6155,3655.2075,3571.6280,3605.0598
2017-12-04,3589.9365,3597.8965,3532.6249,3537.4009
2017-12-05,3466.5571,3495.2129,3410.0415,3424.3694
2017-12-06,3445.8618,3494.4175,3424.3700,3435.5139
2017-12-07,3486.4578,3555.7094,3475.3139,3540.5854
2017-12-08,3574.0166,3580.3846,3469.7413,3479.2932
2017-12-11,3486.4573,3532.6250,3454.6175,3532.6250
2017-12-12,3532.6252,3532.6252,3479.2936,3494.4175
2017-12-13,3457.0045,3513.5201,3430.7366,3496.8042
2017-12-14,3478.4969,3486.4568,3406.8574,3423.5732
2017-12-15,3382.9773,3453.0249,3368.6494,3425.1650
2017-12-18,3441.0849,3443.4729,3378.2014,3425.1650
2017-12-19,3419.5937,3435.5136,3396.5098,3398.1018
2017-12-20,3395.7137,3406.8576,3350.3420,3355.1179
2017-12-21,3333.6263,3374.2220,3319.2984,3359.0981
2017-12-22,3344.7702,3403.6738,3333.6262,3367.8540
2017-12-25,3371.0377,3400.4896,3356.7098,3371.8337
2017-12-26,3355.1178,3371.8337,3312.9301,3317.7061
2017-12-27,3288.2544,3363.0779,3287.4584,3340.7900
2017-12-28,3351.1381,3364.6700,3269.1506,3271.5386
2017-12-29,3271.5387,3300.9905,3261.1908,3278.7026
2018-01-01,3278.7026,3278.7026,3278.7026,3278.7026
2018-01-02,3278.7026,3278.7026,3278.7026,3278.7026
2018-01-03,3278.7026,3278.7026,3278.7026,3278.7026
2018-01-04,3352.7297,3442.6771,3328.8499,3439.4932
2018-01-05,3470.5371,3472.1291,3382.9777,3391.7336
2018-01-08,3391.7336,3391.7336,3391.7336,3391.7336
2018-01-09,3422.7782,3460.1900,3398.8983,3433.9221
2018-01-10,3453.8215,3526.2570,3422.7777,3520.6851
2018-01-11,3491.2333,3513.5212,3478.4974,3511.9292
2018-01-12,3535.0126,3586.7523,3527.8487,3551.7285
2018-01-15,3581.1800,3608.2438,3554.1161,3570.8320
2018-01-16,3574.0168,3599.4886,3526.2571,3590.7327
2018-01-17,3550.1362,3613.8158,3548.5442,3605.0598
2018-01-18,3682.2715,3725.2552,3645.6557,3690.2314
2018-01-19,3743.5640,3851.0233,3742.7680,3846.2473
2018-01-22,3832.7151,3916.2946,3829.5311,3856.5950
2018-01-23,3852.6150,3961.6663,3838.2871,3947.3384
2018-01-24,3948.1350,3978.3828,3816.7958,3871.7195
2018-01-25,3795.3026,3855.7982,3760.2788,3802.4666
2018-01-26,3850.2264,3863.7584,3813.6107,3839.0825
2018-01-29,3857.3909,3868.5348,3801.6713,3812.8152
2018-01-30,3804.8555,3804.8555,3741.9719,3741.9719
2018-01-31,3709.3352,3866.1462,3706.9472,3818.3865
2018-02-01,3964.0543,3964.0543,3761.0756,3838.2871
2018-02-02,3855.7994,3880.4752,3737.1961,3754.7080
2018-02-05,3671.9241,3754.7076,3666.3522,3734.0117
2018-02-06,3566.8526,3639.2882,3432.3295,3539.7888
2018-02-07,3661.5759,3712.5196,3574.0165,3574.8125
2018-02-08,3581.9760,3589.9360,3478.4967,3527.8484
2018-02-09,3375.8144,3451.4339,3359.0985,3449.0459
2018-02-12,3449.0459,3449.0459,3449.0459,3449.0459
2018-02-13,3518.2964,3606.6518,3503.1725,3534.2163
2018-02-14,3548.5446,3593.9163,3492.0290,3527.0527
2018-02-15,3582.7725,3654.4121,3575.6086,3648.8401
2018-02-16,3675.1079,3681.4759,3625.7562,3648.8401
2018-02-19,3664.7601,3724.4597,3653.6162,3724.4597
2018-02-20,3708.5404,3769.0360,3698.9884,3737.9922
2018-02-21,3749.9309,3815.9985,3717.2951,3802.4666
2018-02-22,3788.9342,3826.3460,3730.8266,3755.5024
2018-02-23,3784.9546,3854.2061,3782.5666,3849.4302
2018-02-26,3896.3948,3937.7865,3861.3710,3882.0669
2018-02-27,3932.2141,3962.4619,3901.1703,3934.6021
2018-02-28,3919.4783,3939.3782,3886.0466,3906.7424
2018-03-01,3860.5738,3873.3097,3826.3460,3835.8979
2018-03-02,3749.1350,3882.8621,3747.5430,3868.5342
2018-03-05,3849.4305,3855.0025,3657.5958,3671.1277
2018-03-06,3763.4625,3835.1021,3755.5026,3782.5664
2018-03-07,3745.1551,3753.1151,3664.7597,3669.5356
2018-03-08,3744.3590,3818.3865,3726.8471,3818.3865
2018-03-09,3880.4744,3900.3743,3792.1190,3829.5308
2018-03-12,3896.3942,3913.1101,3833.5106,3852.6145
2018-03-13,3824.7552,3883.6588,3806.4473,3882.8628
2018-03-14,3852.6150,3874.1069,3816.7952,3838.2871
2018-03-15,3827.9376,3914.7011,3827.1417,3903.5571
2018-03-16,3919.4792,3970.4229,3897.9874,3899.5793
2018-03-19,3910.7229,3940.1747,3834.3074,3846.2473
2018-03-20,3810.4267,3842.2665,3755.5031,3839.0825
2018-03-21,3839.0825,3839.0825,3839.0825,3839.0825
2018-03-22,3863.7589,3906.7427,3843.0631,3898.7827
2018-03-23,3796.8951,3825.5509,3774.6072,3794.5071
2018-03-26,3761.0743,3776.1982,3659.9830,3772.2183
2018-03-27,3827.9397,3866.9434,3773.0160,3812.0198
2018-03-28,3762.9719,3803.9787,3723.5733,3750.9111
2018-03-29,3769.4045,3777.4451,3726.7897,3751.7153
2018-03-30,3777.4445,3812.8229,3755.7351,3767.7959
2018-04-02,3779.0532,3855.4383,3774.2289,3836.9451
2018-04-03,3764.5799,3771.0123,3706.6880,3720.3569
2018-04-04,3742.8695,3749.3019,3632.7141,3642.3628
2018-04-05,3680.1540,3710.7080,3625.4783,3656.8364
2018-04-06,3616.6340,3660.8570,3575.6273,3628.6948
2018-04-09,3594.1206,3680.9584,3572.4111,3660.0530
2018-04-10,3680.1543,3684.9786,3615.8300,3622.2625
2018-04-11,3642.3642,3667.2899,3593.3169,3593.3169
2018-04-12,3618.2412,3635.9304,3594.1196,3596.5317
2018-04-13,3631.1070,3665.6813,3613.4178,3640.7556
2018-04-16,3650.4049,3654.4252,3586.8847,3591.7090
2018-04-17,3574.0189,3623.0661,3551.5053,3571.6067
2018-04-18,3571.6067,3586.0797,3512.1068,3573.2148
2018-04-19,3582.0598,3609.3976,3545.0733,3550.7017
2018-04-20,3548.2896,3697.8437,3544.2694,3690.6072
2018-04-23,3700.2558,3734.0260,3661.6612,3722.7693
2018-04-24,3735.6341,3744.4787,3700.2558,3722.7693
2018-04-25,3697.0403,3736.4390,3690.6079,3728.3984
2018-04-26,3728.3967,3732.4170,3631.1062,3652.8157
2018-04-27,3618.2428,3758.9523,3615.8307,3712.3171
2018-04-30,3712.3171,3712.3171,3712.3171,3712.3171
2018-05-01,3738.0462,3758.9516,3701.0598,3711.5125
2018-05-02,3711.5125,3744.4787,3703.4720,3713.1206
2018-05-03,3713.1206,3713.1206,3713.1206,3713.1206
2018-05-04,3713.1206,3713.1206,3713.1206,3713.1206
2018-05-07,3741.2619,3746.0862,3718.7484,3742.0659
2018-05-08,3746.8911,3798.3506,3737.2425,3798.3506
2018-05-09,3797.5467,3816.8439,3712.3169,3717.9453
2018-05-10,3729.2011,3743.6740,3634.3227,3658.4443
2018-05-11,3675.3296,3714.7283,3662.4648,3706.6877
2018-05-14,3712.3162,3714.7283,3674.5257,3692.2148
2018-05-15,3707.4923,3722.7693,3684.1747,3698.6477
2018-05-16,3718.7489,3724.3772,3684.9786,3688.1948
2018-05-17,3699.4524,3750.1078,3675.3308,3745.2834
2018-05-18,3754.1265,3754.9305,3664.8765,3674.5251
2018-05-21,3652.0128,3653.6209,3569.9993,3578.0398
2018-05-22,3578.0392,3602.1608,3516.9311,3562.7622
2018-05-23,3521.7561,3553.9182,3481.5534,3500.0466
2018-05-24,3450.1946,3475.1203,3411.6000,3418.0325
2018-05-25,3381.8507,3444.5669,3353.7088,3414.8169
2018-05-28,3368.9851,3390.6946,3338.4311,3344.8635
2018-05-29,3361.7491,3422.0531,3350.4923,3409.1882
2018-05-30,3385.0665,3557.1340,3373.8098,3557.1340
2018-05-31,3594.1215,3618.2432,3506.4797,3618.2432
2018-06-01,3578.8435,3583.6678,3473.5125,3473.5125
2018-06-04,3418.0326,3437.3299,3254.0056,3254.0056
2018-06-05,3273.3032,3343.2559,3259.6343,3285.3640
2018-06-06,3288.5799,3292.6001,3148.6745,3184.8569
2018-06-07,3176.0128,3299.0331,3168.7763,3294.2087
2018-06-08,3296.6204,3367.3771,3296.6204,3344.0596
2018-06-11,3333.6074,3364.9655,3280.5398,3348.0803
2018-06-12,3360.9450,3360.9450,3292.6004,3353.7085
2018-06-13,3266.0666,3270.0868,3084.3504,3145.4585
2018-06-14,3055.4046,3065.8573,2985.4519,2985.4519
2018-06-15,3029.6743,3083.5459,3011.1810,3036.1067
2018-06-18,3054.6002,3069.8772,2959.7218,2972.5867
2018-06-19,2930.7763,2971.7831,2888.1615,2899.4182
2018-06-20,2859.2153,2954.8977,2841.5261,2946.8572
2018-06-21,2999.1205,3018.4178,2888.9651,2952.4854
2018-06-22,2934.7966,2974.1952,2904.2425,2933.1885
2018-06-25,2910.6747,2941.2288,2894.5936,2903.4382
2018-06-26,2894.5940,2928.3643,2859.2157,2900.2224
2018-06-27,2894.5936,2934.7962,2855.9990,2858.4111
2018-06-28,2855.1951,2904.2423,2823.0329,2897.0059
2018-06-29,2924.3440,2937.2088,2863.2359,2910.6750
2018-07-02,2887.3575,2941.2291,2865.6481,2874.4927
2018-07-03,2895.3977,2945.2490,2875.2964,2929.1680
2018-07-04,2897.0057,2902.6341,2751.4720,2774.7896
2018-07-05,2758.7085,2836.7018,2751.4721,2794.0869
2018-07-06,2801.3237,2819.0129,2725.7426,2791.6750
2018-07-09,2814.1882,2866.4517,2801.3233,2862.4314
2018-07-10,2898.6142,2913.8912,2843.9386,2855.1953
2018-07-11,2841.5263,2872.0803,2810.9723,2855.9993
2018-07-12,2872.0803,2897.8100,2831.8776,2880.1208
2018-07-13,2909.8709,2950.8777,2895.3979,2933.1885
2018-07-16,2933.1885,2933.1885,2933.1885,2933.1885
2018-07-17,3020.8301,3045.7558,2956.5058,3006.3572
2018-07-18,3042.5395,3052.9922,2929.1679,2945.2490
2018-07-19,2957.3098,3003.9449,2938.0125,2989.4719
2018-07-20,2998.3166,3009.5734,2970.1747,3000.7288
2018-07-23,2970.1751,2983.0399,2919.5197,2924.3440
2018-07-24,2913.8914,2979.8238,2894.5941,2977.4116
2018-07-25,2966.9587,2993.4925,2945.2493,2987.0601
2018-07-26,3011.1811,3070.6811,2995.1000,3021.6338
2018-07-27,3050.5802,3069.0735,3030.4789,3047.3640
2018-07-30,3027.2623,3057.0123,2999.9245,3018.4177
2018-07-31,2962.1343,3010.3776,2906.6546,2955.7019
2018-08-01,3055.4047,3162.3438,3032.0871,3143.8506
2018-08-02,3139.8300,3150.2827,3045.7557,3073.0935
2018-08-03,3100.4314,3146.2625,3067.4652,3076.3098
2018-08-06,3076.3099,3082.7423,2966.1545,2966.1545
2018-08-07,2974.9991,3001.5329,2952.4856,2994.2964
2018-08-08,2989.4718,2994.2961,2936.4042,2984.6475
2018-08-09,2943.6406,3011.1812,2938.8163,3007.1609
2018-08-10,3005.5531,3011.1815,2931.5802,2934.7964
2018-08-13,2902.6338,2904.2419,2847.9581,2868.8635
2018-08-14,2878.5126,2895.3977,2863.2356,2887.3572
2018-08-15,2878.5126,2878.5126,2769.9653,2802.1274
2018-08-16,2725.7428,2826.2496,2712.0739,2773.9861
2018-08-17,2773.9858,2854.3912,2756.2966,2849.5669
2018-08-20,2846.3503,2954.8975,2843.1340,2948.4651
2018-08-21,2948.4650,2998.3163,2925.9515,2974.9988
2018-08-22,2963.7421,3024.0461,2962.1340,3020.0259
2018-08-23,3036.9109,3052.9920,3004.7487,3007.1609
2018-08-24,3023.2422,3044.9517,3015.2017,3044.9517
2018-08-27,3052.9923,3130.1815,3052.1882,3123.7490
2018-08-28,3135.0058,3154.3031,3097.2153,3109.2761
2018-08-29,3100.4314,3160.7354,3100.4314,3154.3030
2018-08-30,3184.0530,3215.4111,3163.1476,3215.4111
2018-08-31,3176.8163,3241.1406,3149.4785,3229.0798
2018-09-03,3216.2149,3260.4379,3200.1339,3223.4514
2018-09-04,3228.2759,3229.8840,3155.1070,3196.1138
2018-09-05,3184.0530,3218.6273,3162.3435,3188.0732
2018-09-06,3068.2692,3122.1408,3032.0868,3073.0935
2018-09-07,3028.8709,3111.6884,3023.2425,3098.0195
2018-09-10,3093.9989,3126.9651,3069.0732,3106.8638
2018-09-11,3126.9654,3163.9519,3113.2965,3147.8708
2018-09-12,3197.7218,3211.3907,3153.4988,3163.1475
2018-09-13,3163.9516,3204.9583,3101.2354,3114.9043
2018-09-14,3068.2689,3085.1540,3020.0256,3065.8567
2018-09-17,3065.8567,3065.8567,3065.8567,3065.8567
2018-09-18,3079.5263,3163.9519,3057.0128,3139.8303
2018-09-19,3180.0332,3221.0399,3172.7967,3216.2156
2018-09-20,3244.3566,3377.0254,3233.9039,3370.5930
2018-09-21,3352.9041,3405.9716,3327.9784,3354.5122
2018-09-24,3354.5122,3354.5122,3354.5122,3354.5122
2018-09-25,3304.6608,3348.0797,3289.3838,3344.8635
2018-09-26,3366.6625,3398.1493,3324.6801,3342.4419
2018-09-27,3348.0932,3367.4697,3291.5785,3296.4226
2018-09-28,3333.5609,3364.2403,3315.7991,3347.2859
2018-10-01,3358.5890,3409.4523,3350.5155,3394.1125
2018-10-02,3423.1771,3435.2873,3390.8829,3405.4153
2018-10-03,3414.2964,3417.5258,3336.7905,3336.7905
2018-10-04,3372.3142,3394.1128,3286.7348,3293.1936
2018-10-05,3269.7799,3333.5608,3264.9358,3324.6799
2018-10-08,3324.6799,3324.6799,3324.6799,3324.6799
2018-10-09,3316.6065,3316.6065,3228.6050,3240.7153
2018-10-10,3254.4406,3275.4318,3183.3935,3221.3391
2018-10-11,3071.9787,3141.4111,3063.0978,3120.4199
2018-10-12,3100.2361,3241.5229,3098.6214,3229.4126
2018-10-15,3201.9624,3208.4213,3154.3286,3164.0168
2018-10-16,3148.6773,3200.3479,3142.2185,3191.4670
2018-10-17,3229.4124,3247.9815,3201.9624,3210.8433
2018-10-18,3220.5320,3243.9452,3194.6967,3200.3481
2018-10-19,3148.6769,3149.4842,3043.7210,3073.5930
2018-10-22,3027.5741,3092.9697,2997.7020,3071.9785
2018-10-23,3051.7946,3090.5476,3015.4637,3029.1887
2018-10-24,3051.7946,3058.2534,2998.5093,2998.5093
2018-10-25,2885.4799,2951.6828,2861.2593,2862.0667
2018-10-26,2910.5080,2933.1139,2736.1198,2810.3962
2018-10-29,2866.1038,2879.0215,2758.7258,2799.0935
2018-10-30,2769.2211,2862.0667,2743.3858,2845.9197
2018-10-31,2860.4521,2864.4889,2713.5138,2838.6536
2018-11-01,2836.2316,2874.1772,2793.4419,2851.5713
2018-11-02,2842.6905,2921.8111,2829.7728,2904.0493
2018-11-05,2870.1402,2895.1682,2812.8182,2824.9285
2018-11-06,2827.3510,2866.9113,2804.7451,2853.1863
2018-11-07,2866.9106,2950.8753,2860.4518,2905.6636
2018-11-08,2971.0594,3027.5741,2950.0682,3021.9226
2018-11-09,3000.9317,3032.4184,2925.0405,2941.9949
2018-11-12,2911.3152,2975.9034,2910.5078,2929.8843
2018-11-13,2849.9561,2887.0943,2816.8546,2870.9473
2018-11-14,2865.2959,2872.5621,2828.9650,2855.6077
2018-11-15,2825.7359,2855.6080,2820.8918,2829.7727
2018-11-16,2823.3136,2844.3048,2531.0518,2572.2268
2018-11-19,2622.2827,2698.9813,2598.0621,2672.3386
2018-11-20,2599.6770,2607.7505,2510.8682,2520.5564
2018-11-21,2446.2798,2546.3915,2426.0959,2504.4092
2018-11-22,2542.3551,2552.8507,2479.3815,2535.8962
2018-11-23,2535.8962,2535.8962,2535.8962,2535.8962
2018-11-26,2587.5665,2651.3473,2578.6856,2609.3650
2018-11-27,2656.9991,2669.1093,2589.9887,2638.4299
2018-11-28,2660.2284,2720.7799,2644.8887,2704.6328
2018-11-29,2783.7539,2841.8834,2773.2583,2814.4333
2018-11-30,2816.8544,2824.1206,2755.4956,2794.2485
2018-12-03,2830.5796,2832.1943,2776.4870,2812.8179
2018-12-04,2771.6428,2792.6340,2656.1914,2664.2649
2018-12-05,2599.6772,2715.1287,2595.6404,2686.8713
2018-12-06,2648.9255,2667.4946,2548.8137,2577.0710
2018-12-07,2610.1722,2655.3840,2578.6855,2654.5767
2018-12-10,2598.0626,2709.4773,2598.0626,2650.5405
2018-12-11,2673.1460,2698.9813,2627.1269,2633.5857
2018-12-12,2624.7049,2666.6873,2606.1358,2638.4299
2018-12-13,2648.1185,2693.3302,2615.8243,2650.5405
2018-12-14,2652.1552,2665.8802,2523.7861,2581.1082
2018-12-17,2583.5302,2615.0169,2543.1625,2589.1816
2018-12-18,2526.2079,2530.2447,2472.1152,2501.9873
2018-12-19,2493.1061,2500.3723,2405.1047,2422.0591
2018-12-20,2365.5443,2505.2164,2359.8928,2439.0134
2018-12-21,2422.0592,2439.0136,2328.4063,2343.3423
2018-12-24,2343.3423,2343.3423,2343.3423,2343.3423
2018-12-25,2267.0477,2307.8191,2184.2940,2242.0198
2018-12-26,2300.9564,2312.2593,2224.6615,2269.8733
2018-12-27,2390.9766,2398.2427,2342.5354,2366.3523
2018-12-28,2344.1499,2378.0587,2333.6543,2364.3337
2018-12-31,2364.3337,2364.3337,2364.3337,2364.3337
2019-01-04,2293.6902,2311.4519,2213.7622,2263.0107
2019-01-07,2367.9667,2402.2792,2350.6086,2395.4167
2019-01-08,2399.0493,2438.2059,2389.7648,2423.6736
2019-01-09,2457.5829,2501.1799,2411.1601,2480.9961
2019-01-10,2450.3169,2483.4184,2400.6647,2405.5088
2019-01-11,2442.2428,2452.7384,2420.4443,2448.7017
2019-01-15,2472.9224,2590.7959,2471.3077,2561.7312
2019-01-16,2570.6123,2581.9152,2511.6755,2578.6858
2019-01-17,2613.4022,2684.4493,2595.6404,2676.3757
2019-01-18,2652.1546,2746.6149,2651.3472,2732.8899
2019-01-21,2789.4051,2795.8640,2718.3580,2724.0095
2019-01-22,2711.8991,2742.5786,2686.0638,2720.7800
2019-01-23,2682.8339,2741.7707,2673.1457,2719.1648
2019-01-24,2697.3667,2736.9270,2674.7608,2735.3123
2019-01-25,2735.3120,2757.9179,2720.7797,2736.1194
2019-01-28,2706.2478,2711.0919,2652.1551,2656.9993
2019-01-29,2615.8237,2701.4031,2585.1442,2701.4031
2019-01-30,2692.5228,2704.6331,2664.2654,2676.3757
2019-01-31,2732.8903,2782.9462,2712.7065,2731.2756
2019-02-01,2607.7503,2643.2738,2465.6561,2480.1885
2019-02-04,2541.5475,2631.1636,2527.0151,2604.5210
2019-02-05,2605.3283,2618.2459,2503.6018,2522.1709
2019-02-06,2504.4095,2506.8315,2372.8109,2382.0955
2019-02-07,2373.6179,2396.2238,2307.0112,2366.7554
2019-02-08,2328.8101,2409.5454,2326.3880,2363.9299
2019-02-12,2341.3238,2389.3613,2307.4150,2360.2966
2019-02-13,2364.3339,2434.1700,2364.3339,2421.6560
2019-02-14,2422.0592,2447.0871,2385.7283,2406.7195
2019-02-15,2389.7647,2420.4441,2358.2779,2361.5073
2019-02-18,2374.0215,2401.8752,2370.3884,2395.8201
2019-02-19,2387.3435,2393.3986,2347.7832,2371.6001
2019-02-20,2390.5723,2409.9487,2364.3333,2395.8201
2019-02-21,2411.9673,2442.2431,2385.7284,2414.3894
2019-02-22,2439.8214,2447.8949,2409.1420,2424.4817
2019-02-25,2480.9963,2527.0154,2432.5551,2447.8948
2019-02-26,2491.4914,2492.2988,2438.2061,2460.0046
2019-02-27,2464.0417,2537.5108,2464.0417,2529.4373
2019-02-28,2527.0151,2530.2445,2443.8578,2457.5828
2019-03-01,2477.7665,2509.2533,2463.2342,2493.9136
2019-03-04,2488.2619,2512.4824,2451.9310,2454.3530
2019-03-05,2433.3620,2468.0782,2425.2885,2450.3164
2019-03-06,2461.6193,2520.5561,2448.7017,2509.2532
2019-03-07,2489.8772,2508.4463,2456.7757,2460.8125
2019-03-08,2426.9031,2435.7840,2374.0215,2395.0127
2019-03-11,2395.0129,2409.1416,2351.4158,2388.1504
2019-03-12,2410.3527,2490.6843,2407.5270,2471.3079
2019-03-13,2472.1152,2485.0329,2435.7843,2480.9961
2019-03-14,2503.6021,2551.2360,2441.4360,2447.8948
2019-03-15,2465.6561,2514.9047,2452.7385,2510.0605
2019-03-18,2530.2446,2583.5299,2497.1431,2579.4932
2019-03-19,2569.8049,2571.4196,2527.0152,2539.1255
2019-03-20,2472.1154,2488.2625,2426.0963,2460.8125
2019-03-22,2477.7666,2493.9137,2448.7019,2478.5740
2019-03-25,2419.6370,2461.6194,2416.4076,2441.4355
2019-03-26,2502.7942,2625.5118,2485.8398,2580.3000
2019-03-27,2619.8451,2628.9075,2567.9426,2590.1865
2019-03-28,2582.7725,2604.1926,2549.8185,2597.6018
2019-03-29,2619.8449,2656.0944,2590.1863,2600.0725
2019-04-01,2661.0378,2707.9973,2620.6691,2634.6746
2019-04-02,2636.3224,2650.3279,2601.7207,2648.6802
2019-04-03,2636.3226,2676.6913,2631.3795,2669.2766
2019-04-04,2677.5150,2698.1113,2653.6233,2673.3958
2019-04-05,2682.4582,2755.7810,2681.6344,2736.0085
2019-04-08,2720.3554,2750.8379,2666.8051,2682.4583
2019-04-09,2702.2307,2750.0140,2690.6968,2736.0085
2019-04-10,2689.0486,2737.6558,2681.6340,2705.5256
2019-04-11,2690.6963,2726.9458,2690.6963,2717.0596
2019-04-12,2725.2983,2776.3771,2703.0543,2772.2578
2019-04-15,2798.6213,2839.8138,2775.5534,2824.1606
2019-04-16,2801.9162,2856.2904,2801.9162,2838.9895
2019-04-17,2846.4041,2887.5966,2838.1656,2869.4719
2019-04-18,2899.1307,2899.9546,2820.0410,2829.9272
2019-04-19,3241.8521,3323.4134,3145.4616,3229.4944
2019-04-22,3246.7959,3259.1536,3125.6898,3176.7686
2019-04-23,3156.9960,3161.9391,3049.0716,3062.2532
2019-04-24,3062.2532,3139.6952,3051.5431,3130.6328
2019-04-25,3171.0015,3195.7170,3156.1722,3172.6492
2019-04-26,3011.1745,3153.7006,3009.5268,3130.6328
2019-05-07,3161.9390,3175.9445,3041.6568,3066.3723
2019-05-08,2983.1633,3077.0822,2974.9248,3058.9575
2019-05-09,3065.5486,3092.7357,3026.8276,3028.4753
2019-05-10,3047.4237,3083.6731,3007.0550,3048.2476
2019-05-13,3063.9008,3069.6678,3021.0606,3047.4238
2019-05-14,2989.7542,3061.4292,2972.4533,3049.8953
2019-05-15,3078.7300,3091.0877,3049.8952,3082.0254
2019-05-16,3094.3834,3108.3889,3016.1176,3038.3616
2019-05-17,3081.2016,3128.1611,3065.5484,3105.0933
2019-05-20,3105.0934,3154.5244,3103.4457,3147.9336
2019-05-21,3130.6328,3138.8713,3105.9173,3128.9851
2019-05-22,3147.1099,3175.1208,3138.8714,3153.7007
2019-05-23,3156.1724,3211.3704,3151.2293,3182.5356
2019-05-24,3157.8198,3219.6086,3142.1667,3219.6086
2019-05-27,3221.2564,3229.4949,3163.5869,3190.7739
2019-05-28,3206.4269,3229.4947,3196.5407,3222.0801
2019-05-29,3202.3080,3222.9043,3170.1778,3209.7227
2019-05-30,3187.4786,3189.9501,3140.5191,3163.5869
2019-05-31,3155.3487,3223.7283,3148.7579,3188.3027
2019-06-03,3171.8250,3221.2560,3145.4617,3173.4727
2019-06-04,3194.8932,3200.6602,3097.6788,3101.7981
2019-06-05,3138.8711,3194.0691,3129.8087,3194.0691
2019-06-06,3203.1315,3221.2563,3174.2968,3178.4160
2019-06-07,3195.7173,3236.0860,3185.0073,3225.3760
2019-06-10,3245.9720,3278.1022,3221.2565,3270.6875
2019-06-11,3272.3350,3278.9258,3234.4379,3243.5002
2019-06-12,3188.3024,3203.9555,3122.3943,3128.9851
2019-06-13,3079.5541,3086.9687,3049.0716,3080.3779
2019-06-14,3112.5081,3122.3944,3082.0257,3095.2073
2019-06-17,3098.5027,3121.5705,3072.1394,3085.3210
2019-06-18,3095.2069,3133.9279,3087.7923,3105.9170
2019-06-19,3138.0478,3138.0478,3087.7929,3118.2754
2019-06-20,3147.1099,3185.0071,3140.5191,3176.7686
2019-06-21,3171.8250,3183.3589,3141.3426,3154.5242
2019-06-24,3154.5246,3156.1723,3099.3266,3142.9907
2019-06-25,3141.3430,3174.2971,3125.6899,3142.9907
2019-06-26,3133.1038,3154.5239,3098.5021,3151.2285
2019-06-27,3159.4676,3248.4435,3152.0529,3244.3242
2019-06-28,3229.4946,3258.3293,3214.6652,3253.3862
2019-07-01,3284.6927,3320.1182,3278.1019,3299.5220
2019-07-02,3311.8801,3328.3571,3291.2838,3306.9370
2019-07-03,3304.4653,3346.4817,3300.3460,3346.4817
2019-07-04,3346.4820,3365.4306,3330.0050,3342.3628
2019-07-05,3351.4245,3369.5492,3344.0098,3357.1914
2019-07-08,3364.6063,3382.7310,3330.8284,3337.4192
2019-07-09,3329.1806,3344.8337,3301.1696,3339.8906
2019-07-10,3322.5902,3326.7094,3288.8123,3295.4031
2019-07-11,3394.2645,3442.0478,3353.0720,3432.1616
2019-07-12,3460.1734,3464.2927,3415.6855,3431.3386
2019-07-16,3417.3327,3436.2812,3400.8557,3428.0427
2019-07-17,3422.2757,3422.2757,3370.3731,3406.6226
2019-07-18,3369.5492,3383.5547,3345.6575,3373.6685
2019-07-19,3377.7882,3416.5092,3375.3167,3393.4414
2019-07-22,3373.6691,3373.6691,3309.4087,3312.7041
2019-07-23,3333.3003,3343.1865,3291.2839,3291.2839
2019-07-24,3274.8069,3297.0509,3264.9207,3283.0454
2019-07-25,3292.1075,3333.3000,3287.1644,3310.2322
2019-07-26,3283.0454,3318.4709,3259.9775,3313.5278
2019-07-29,3328.3569,3364.6064,3308.5845,3321.7661
2019-07-30,3322.5894,3344.8334,3296.2262,3344.0095
2019-07-31,3286.3407,3311.8801,3199.0126,3303.6416
2019-08-01,3330.8284,3444.5198,3325.0615,3414.0374
2019-08-02,3364.6065,3376.1404,3282.2214,3319.2947
2019-08-05,3278.1020,3283.0451,3199.8361,3240.2048
2019-08-06,3108.3885,3213.8414,3102.6216,3208.0745
2019-08-07,3240.2047,3248.4432,3199.0122,3227.8469
2019-08-08,3245.9717,3269.8633,3226.1992,3239.3809
2019-08-09,3261.6253,3281.3978,3245.1483,3249.2676
2019-08-13,3191.5975,3208.0745,3158.6434,3164.4104
2019-08-14,3229.4949,3303.6415,3223.7280,3301.1699
2019-08-15,3213.0182,3288.8125,3194.0697,3287.1648
2019-08-16,3270.6875,3304.4654,3266.5682,3272.3352
2019-08-19,3320.1181,3323.4135,3288.8118,3292.1072
2019-08-20,3304.4653,3311.8800,3283.0452,3296.2268
2019-08-21,3278.9257,3318.4706,3268.2157,3314.3513
2019-08-22,3326.7092,3344.8339,3299.5221,3310.2322
2019-08-23,3313.5275,3378.6117,3306.9367,3376.1401
2019-08-26,3311.8801,3331.6525,3269.0398,3280.5737
2019-08-27,3311.8800,3324.2378,3291.2837,3315.9993
2019-08-28,3340.7148,3365.4303,3319.2947,3324.2378
2019-08-29,3339.0670,3339.8908,3303.6414,3310.2322
2019-08-30,3333.3001,3343.1863,3308.5846,3319.2947
2019-09-02,3319.2946,3355.5440,3316.8230,3326.7092
2019-09-03,3328.3568,3348.1293,3317.6468,3339.0669
2019-09-04,3358.8396,3441.2247,3355.5442,3425.5715
2019-09-05,3406.6229,3422.2760,3362.1349,3374.4927
2019-09-06,3410.7418,3456.8775,3405.7987,3414.8611
2019-09-09,3418.9802,3468.4112,3418.9802,3451.1104
2019-09-10,3460.1725,3460.1725,3425.5708,3432.1616
2019-09-11,3412.3901,3424.7478,3357.1921,3386.0269
2019-09-12,3406.6230,3442.0485,3399.2083,3425.5715
2019-09-13,3434.6337,3437.9291,3404.9750,3427.2190
2019-09-17,3418.9802,3458.5250,3409.0940,3451.1104
2019-09-18,3460.1728,3509.6038,3455.2297,3492.3030
2019-09-19,3517.0184,3539.2624,3484.8882,3498.0698
2019-09-20,3532.6717,3537.6148,3494.7746,3528.5525
2019-09-24,3507.9564,3518.6664,3465.1161,3489.0078
2019-09-25,3415.6854,3418.9808,3329.1810,3338.2434
2019-09-26,3365.4303,3399.2081,3339.0670,3349.7771
2019-09-27,3382.1223,3397.0508,3334.0196,3348.9480
2019-09-30,3308.3094,3324.8966,3296.6984,3319.0911
2019-10-01,3342.3130,3411.9790,3324.0671,3393.7332
2019-10-02,3352.2654,3415.2966,3352.2654,3415.2966
2019-10-03,3374.6575,3377.9749,3344.8006,3358.0703
2019-10-04,3383.7808,3408.6615,3368.8524,3397.8799
2019-10-07,3392.9032,3392.9032,3351.4353,3351.4353
2019-10-08,3358.8998,3383.7806,3333.1897,3381.2925
2019-10-09,3350.6068,3399.5389,3350.6068,3391.2454
2019-10-10,3383.7806,3398.7091,3329.8724,3342.3127
2019-10-11,3348.9476,3349.7770,3260.2063,3306.6504
2019-10-15,3317.4322,3335.6781,3293.3808,3329.8726
2019-10-16,3337.3363,3369.6812,3321.5785,3330.7014
2019-10-17,3282.5995,3285.9170,3239.4729,3239.4729
2019-10-18,3213.7629,3256.0601,3188.0528,3202.1519
2019-10-21,3196.3457,3209.6154,3167.3182,3197.1750
2019-10-23,3184.7347,3192.1990,3154.8778,3160.6833
2019-10-24,3174.7827,3180.5882,3140.7791,3140.7791
2019-10-25,3085.2118,3103.4576,3043.7439,3046.2319
2019-10-28,3064.4775,3094.3343,3052.8664,3070.2830
2019-10-29,3098.4816,3169.8064,3097.6523,3134.1440
2019-10-30,3126.6797,3192.1990,3092.6760,3192.1990
2019-10-31,3227.8612,3237.8135,3162.3419,3202.9805
2019-11-01,3331.5308,3441.8354,3331.5308,3441.8354
2019-11-05,3545.5059,3572.0453,3508.1848,3543.8472
2019-11-06,3560.4340,3568.7276,3459.2523,3500.7202
2019-11-07,3459.2526,3513.9902,3438.5186,3483.3040
2019-11-08,3509.8430,3515.6485,3466.7164,3479.9861
2019-11-11,3499.8907,3527.2595,3468.3751,3479.9861
2019-11-12,3491.5971,3522.2833,3486.6209,3515.6484
2019-11-13,3510.6725,3524.7716,3470.8633,3486.6211
2019-11-14,3506.5258,3509.8432,3463.3991,3465.8872
2019-11-15,3450.1293,3457.5935,3421.1018,3423.5898
2019-11-18,3436.8596,3504.0376,3429.3954,3489.1091
2019-11-19,3499.8910,3517.3075,3485.7919,3510.6726
2019-11-20,3519.7955,3591.1203,3515.6487,3563.7515
2019-11-21,3586.1441,3591.1202,3493.2560,3566.2395
2019-11-22,3510.6727,3527.2598,3439.3479,3441.0066
2019-11-25,3475.0103,3509.0139,3456.7644,3507.3552
2019-11-26,3524.7724,3564.5816,3518.9669,3531.4072
2019-11-27,3521.4545,3538.0417,3491.5976,3527.2600
2019-11-28,3545.5063,3555.4586,3523.1136,3531.4072
2019-11-29,3541.3588,3549.6524,3510.6726,3512.3313
2019-12-02,3534.7238,3598.5844,3529.7477,3586.1440
2019-12-03,3611.8542,3690.6432,3608.5368,3681.5203
2019-12-04,3700.5960,3722.1593,3595.2675,3635.0767
2019-12-05,3690.6436,3692.3023,3604.3904,3622.6362
2019-12-06,3608.5363,3632.5877,3585.3143,3629.2703
2019-12-09,3674.0554,3738.7454,3669.0793,3738.7454
2019-12-10,3740.4054,3897.9835,3737.9173,3845.7339
2019-12-11,3822.5104,3877.2481,3786.0187,3793.4829
2019-12-12,3796.8012,3843.2452,3710.5479,3721.3296
2019-12-13,3765.2850,3770.2611,3722.1584,3726.3052
2019-12-16,3731.2814,3805.9236,3731.2814,3770.2612
2019-12-17,3798.4596,3813.3880,3757.8210,3775.2375
2019-12-18,3729.6231,3740.4048,3669.9094,3690.6433
2019-12-19,3670.7387,3690.6433,3621.8066,3625.9534
2019-12-20,3567.8980,3620.9769,3562.0925,3582.8264
2019-12-23,3596.0966,3624.2947,3568.7277,3587.8030
2019-12-24,3606.0489,3611.8544,3571.2158,3587.8030
2019-12-25,3601.9017,3610.1953,3588.6320,3596.9255
2019-12-26,3605.2191,3624.2944,3594.4375,3611.8540
2019-12-27,3626.7829,3650.8342,3613.5131,3633.4177
2019-12-30,3633.4175,3650.8340,3607.7074,3646.6873
2020-01-06,3567.0689,3573.7038,3525.6010,3544.6763
2020-01-07,3569.5568,3607.7072,3557.1164,3561.2632
2020-01-08,3524.7716,3552.9697,3450.9587,3536.3826
2020-01-09,3611.8540,3616.0008,3579.5090,3597.7549
2020-01-10,3584.4853,3630.9294,3577.8505,3602.7312
2020-01-14,3636.7347,3644.1989,3561.2631,3582.8264
2020-01-15,3566.2397,3591.1204,3556.2874,3572.0452
2020-01-16,3561.2636,3569.5572,3541.3591,3562.9224
2020-01-17,3580.3386,3585.3147,3557.9459,3565.4102
2020-01-20,3573.7037,3590.2909,3564.5808,3565.4102
2020-01-21,3566.2396,3586.9736,3562.9222,3575.3625
2020-01-22,3583.6561,3595.2671,3571.2157,3592.7791
2020-01-23,3592.7793,3612.6839,3580.3389,3610.1958
2020-01-24,3624.2949,3639.2234,3608.5371,3624.2949
2020-01-27,3572.8744,3575.3624,3509.0138,3516.4780
2020-01-28,3489.9383,3538.0411,3480.8154,3533.0649
2020-01-29,3532.2357,3555.4577,3516.4779,3543.0173
2020-01-30,3549.6523,3549.6523,3476.6688,3505.6963
2020-01-31,3410.3200,3421.1017,3331.5310,3381.2925
2020-02-03,3207.1275,3328.2137,3151.5605,3320.7495
2020-02-04,3317.4320,3334.8485,3287.5751,3325.7256
2020-02-05,3378.8048,3393.7333,3334.8488,3353.0947
2020-02-06,3382.9513,3408.6614,3356.4118,3392.0742
2020-02-07,3377.1455,3391.2446,3351.4354,3358.8997
2020-02-10,3342.3123,3387.0976,3341.4830,3371.3398
2020-02-12,3367.1934,3377.1457,3350.6062,3363.8760
2020-02-13,3350.6062,3356.4117,3320.7493,3333.1897
2020-02-14,3315.7731,3319.9199,3275.9639,3304.1621
2020-02-17,3304.1624,3329.8725,3290.0633,3317.4321
2020-02-18,3309.1386,3314.9441,3293.3808,3300.0156
2020-02-19,3310.7972,3334.8486,3303.3330,3321.5789
2020-02-20,3358.8999,3362.2173,3319.0907,3325.7256
2020-02-21,3317.4319,3321.5787,3305.8209,3313.2852
2020-02-25,3159.8538,3275.1346,3159.8538,3253.5713
2020-02-26,3253.5716,3253.5716,3188.8817,3231.1790
2020-02-27,3199.6631,3221.2264,3151.5603,3167.3181
2020-02-28,3052.0375,3089.3586,2992.3237,3008.0815
2020-03-02,2993.9824,3142.4375,2977.3953,3076.0889
2020-03-03,3139.1199,3150.7310,3042.0851,3052.0374
2020-03-04,3021.3513,3118.3862,3021.3513,3089.3586
2020-03-05,3143.2666,3165.6592,3102.6280,3144.9253
2020-03-06,3126.6796,3159.0245,3074.4300,3102.6282
2020-03-09,3025.4982,3047.0615,2955.0028,2979.8835
2020-03-10,2902.7532,3028.8156,2818.1586,3001.4468
2020-03-11,2990.6648,3057.0134,2936.7565,2941.7327
2020-03-12,2902.7532,2932.6100,2815.6706,2887.8247
2020-03-13,2743.5164,2861.2853,2643.9935,2755.1274
2020-03-16,2811.5241,2891.1425,2731.0764,2732.7351
2020-03-17,2695.4133,2932.6097,2670.5326,2892.8005
2020-03-18,2932.6102,3012.2285,2923.4872,2945.0505
2020-03-19,2945.0506,3110.0929,2945.0506,3087.7002
2020-03-23,3101.7988,3187.2227,3077.7474,3135.8025
2020-03-24,3218.7390,3225.3739,3164.8307,3202.1519
2020-03-25,3275.9644,3287.5754,3232.0084,3287.5754
2020-03-26,3253.5716,3315.7735,3222.0560,3295.0396
2020-03-27,3317.4321,3350.6064,3270.1587,3350.6064
2020-03-30,3341.2945,3469.9686,3315.0518,3464.8894
2020-03-31,3518.2212,3596.9494,3483.5130,3522.4539
2020-04-01,3538.5380,3613.8801,3513.9883,3551.2361
2020-04-02,3598.6430,3612.1876,3480.1273,3498.7512
2020-04-03,3539.3850,3602.8755,3513.9888,3545.3108
2020-04-06,3585.0980,3657.0540,3571.5534,3633.3508
2020-04-07,3661.2870,3682.4505,3586.7915,3656.2078
2020-04-08,3640.1230,3694.3015,3614.7268,3690.0688
2020-04-09,3678.2173,3701.9204,3644.3557,3701.9204
2020-04-10,3671.4453,3767.1044,3663.8265,3756.0994
2020-04-13,3767.1043,3788.2678,3733.2427,3751.0200
2020-04-14,3774.7231,3851.7583,3755.2527,3850.0652
2020-04-15,3893.2396,3972.8144,3885.6207,3955.8835
2020-04-16,3932.1798,3993.1307,3925.4075,3978.7395
2020-04-17,3978.7393,3987.2047,3900.0111,3964.3481
2020-04-20,3949.9574,3962.6555,3877.1549,3888.1599
2020-04-21,3835.6741,3926.2539,3831.4414,3896.6250
2020-04-22,3978.7397,3986.3586,3911.8630,3977.0466
2020-04-23,3995.6695,4001.5952,3931.3324,3949.9563
2020-04-24,3928.7932,3977.8925,3927.1001,3970.2737
2020-04-27,3960.9619,3991.4373,3954.1896,3965.1946
2020-04-28,3915.2491,3943.1849,3889.0063,3912.7095
2020-04-30,3871.2286,3876.3078,3768.7972,3779.8022
2020-05-01,3792.5003,3830.5947,3769.6438,3779.8022
2020-05-07,3818.7431,3902.5505,3809.4311,3902.5505
2020-05-08,3838.2138,3851.7584,3683.2969,3750.1736
2020-05-11,3756.0992,3756.9457,3648.5886,3694.3018
2020-05-12,3729.0097,3817.0499,3729.0097,3796.7329
2020-05-13,3782.3423,3809.4316,3752.7134,3809.4316
2020-05-14,3760.3323,3830.5951,3759.4857,3789.9612
2020-05-15,3784.0353,3817.0504,3762.8718,3810.2781
2020-05-18,3824.6687,3838.2133,3760.3316,3771.3367
2020-05-19,3753.5597,3761.1785,3693.4553,3723.0842
2020-05-20,3741.7081,3778.1094,3737.4754,3742.5547
2020-05-21,3766.2577,3828.0551,3752.7131,3814.5105
2020-05-22,3814.5107,3828.0553,3780.6491,3799.2729
2020-05-25,3822.1298,3830.5952,3760.3323,3775.5701
2020-05-26,3777.2631,3785.7286,3756.0996,3775.5701
2020-05-27,3750.1737,3762.0253,3717.1587,3733.2429
2020-05-28,3715.4659,3739.1690,3683.2974,3712.9263
2020-05-29,3740.8618,3763.7184,3684.9901,3685.8367
2020-06-01,3747.6338,3774.7230,3734.9356,3763.7180
2020-06-02,3736.6294,3753.5602,3718.8520,3730.7036
2020-06-03,3720.5446,3789.1144,3712.9258,3778.1094
2020-06-04,3808.5850,3829.7485,3779.8027,3829.7485
2020-06-05,3847.5256,3890.6992,3843.2929,3881.3872
2020-06-08,3905.9367,3906.7833,3795.8865,3815.3569
2020-06-09,3797.5797,3831.4413,3780.6489,3826.3621
2020-06-10,3830.5950,3858.5308,3820.4365,3838.2139
2020-06-11,3882.2338,4002.4426,3879.6942,3981.2791
2020-06-12,3980.4322,4060.0070,3927.9467,4032.9177
2020-06-15,4022.7599,4081.1712,3966.8883,3976.2002
2020-06-16,4057.4672,4082.0168,4000.7490,4028.6848
2020-06-17,4081.1710,4145.5080,4074.3986,4126.0376
2020-06-18,4190.3742,4247.9390,4177.6761,4242.0132
2020-06-19,4247.0928,4276.7217,4213.2312,4276.7217
2020-06-22,4250.4777,4283.4927,4234.3934,4245.3984
2020-06-23,4243.7068,4243.7068,4161.5924,4164.9785
2020-06-24,4120.9591,4187.8358,4102.3352,4181.0635
2020-06-25,4116.7252,4152.2799,4076.0913,4086.2498
2020-06-26,4065.0877,4118.4198,4042.2311,4105.7217
2020-06-29,4082.8643,4109.1070,4051.5423,4066.7800
2020-06-30,4076.9371,4087.9421,4054.0805,4064.2390
2020-07-01,4092.1762,4098.9485,4032.9183,4045.6165
2020-07-02,4105.7200,4144.6608,4057.4672,4087.9426
2020-07-03,4107.4130,4236.0871,4098.9476,4234.3940
2020-07-06,4228.4696,4275.0293,4197.1476,4269.1035
2020-07-07,4291.9593,4394.3906,4275.0284,4364.7617
2020-07-08,4346.9843,4346.9843,4201.3794,4201.3794
2020-07-09,4232.7017,4238.6274,4187.8350,4203.0728
2020-07-10,4196.3001,4203.0724,4120.9580,4120.9580
2020-07-13,4129.4231,4143.8143,4082.8634,4131.1162
2020-07-14,4088.7892,4131.9628,4038.8433,4071.8584
2020-07-15,4097.2553,4131.1169,4061.7006,4123.4980
2020-07-16,4066.7787,4092.1749,4029.5309,4042.2290
2020-07-17,4049.0026,4067.6265,4006.6756,4033.7649
2020-07-20,4013.4474,4027.8386,3954.1896,3980.4324
2020-07-21,4045.6161,4098.1016,4030.3784,4052.3884
2020-07-22,4021.0670,4054.9286,3999.0569,4036.3047
2020-07-27,4036.3041,4067.6261,4000.7494,4021.0664
2020-07-28,4037.9972,4065.9330,4001.5960,4003.2891
2020-07-29,3999.9029,4012.6010,3967.7343,4001.5959
2020-07-30,4006.6754,4041.3835,3998.2100,4004.1357
2020-07-31,3995.6701,4010.0613,3915.2487,3931.3330
2020-08-03,3894.0858,3994.8241,3882.2342,3976.2002
2020-08-04,4046.4622,4109.9527,4015.9867,4028.6848
2020-08-05,4121.8045,4172.5970,4089.6360,4156.5127
2020-08-06,4190.3741,4190.3741,4123.4974,4164.1313
2020-08-07,4351.2169,4355.4496,4242.0132,4271.6421
2020-08-11,4291.1130,4314.8161,4205.6124,4236.0879
2020-08-12,4251.3251,4287.7264,4223.3893,4271.6421
2020-08-13,4305.5038,4341.9050,4247.9390,4334.2861
2020-08-14,4340.2121,4357.9895,4319.8952,4344.4448
2020-08-17,4346.9842,4418.0936,4344.4446,4363.9150
2020-08-18,4393.5442,4486.6636,4380.8461,4472.2725
2020-08-19,4525.6048,4553.5407,4497.6690,4518.8325
2020-08-20,4528.9909,4543.3821,4477.3519,4512.0601
2020-08-21,4528.9904,4645.8129,4524.7577,4630.5752
2020-08-24,4687.2942,4863.3747,4674.5961,4852.3696
2020-08-25,4884.5378,4888.7705,4725.3882,4743.1655
2020-08-26,4771.9473,4928.5573,4762.6354,4870.1460
2020-08-27,4891.3100,4908.2408,4825.2799,4846.4434
2020-08-28,4846.4436,4882.8448,4728.7745,4773.6411
2020-08-31,4832.8984,4842.2104,4750.7840,4803.2695
2020-09-01,4864.2199,4962.4185,4850.6752,4959.8789
2020-09-02,5036.9143,5062.3105,4982.7357,5041.1470
2020-09-03,5045.3800,5189.2919,5011.5184,5123.2617
2020-09-04,5029.2964,5097.0197,4990.3556,5062.3115
2020-09-07,5019.1374,5091.9398,4973.4242,4990.3550
2020-09-08,4952.2608,4957.3400,4767.7150,4827.8193
2020-09-09,4748.2447,4937.0232,4740.6258,4899.7754
2020-09-10,4994.5873,5045.3797,4973.4238,4997.1270
2020-09-11,5036.9157,5044.5345,4962.4201,5014.0591
2020-09-14,4990.3538,5030.1412,4959.0318,5015.7500
2020-09-15,5047.0733,5074.1626,5013.2117,5056.3853
2020-09-16,5069.9298,5072.4694,5013.2116,5064.8506
2020-09-17,5067.3901,5067.3901,4984.4291,4992.8945
2020-09-18,5013.2118,5056.3853,4992.8948,5053.8457
2020-09-23,5062.3114,5121.5692,5036.9152,5114.7969
2020-09-24,5079.2416,5089.4000,5002.2064,5013.2114
2020-09-25,4994.5877,5055.5386,4986.1223,4996.2808
2020-09-28,5058.9256,5106.3319,5031.8363,5087.7080
2020-09-29,5191.5382,5257.6123,5148.6329,5227.5786
2020-09-30,5182.9563,5203.5509,5119.4565,5119.4565
2020-10-02,5174.3760,5208.7002,4971.0050,4994.1738
2020-10-05,4961.5664,4969.2894,4861.1681,4884.3369
2020-10-06,4953.8429,4954.7010,4867.1742,4921.2349
2020-10-07,4944.4035,4964.9980,4921.2347,4964.9980
2020-10-08,4965.8563,5012.1939,4943.5455,5005.3291
2020-10-09,4994.1737,5019.0588,4962.4238,4988.1670
2020-10-12,5009.6187,5052.5239,4997.6052,5039.6523
2020-10-13,5061.1058,5100.5786,5039.6531,5096.2881
2020-10-14,5105.7276,5110.0182,5056.8156,5073.1196
2020-10-15,5067.1132,5071.4037,4985.5932,5026.7822
2020-10-16,4999.3221,5009.6193,4945.2614,4970.1465
2020-10-19,4985.5930,5007.9037,4956.4174,4997.6064
2020-10-20,4977.0108,4988.1662,4903.2138,4910.0786
2020-10-21,4908.3643,4943.5466,4822.5537,4826.8442
2020-10-22,4806.2492,4853.4450,4787.3709,4792.5195
2020-10-23,4722.1543,4738.4583,4646.6410,4722.1543
2020-10-26,4694.6952,4751.3302,4661.2291,4727.3032
2020-10-27,4742.7484,4893.7749,4735.8835,4893.7749
2020-10-28,4952.1263,4997.6059,4853.4441,4931.5317
2020-10-29,4933.2474,4985.5918,4892.9164,4985.5918
2020-10-30,4995.0308,4995.0308,4874.8961,4889.4839
2020-11-02,4904.0729,4992.4578,4894.6338,4941.8296
2020-11-04,4899.7821,4924.6672,4825.1270,4863.7417
2020-11-05,4922.0928,5013.0520,4920.3766,4969.2886
2020-11-06,5088.5662,5173.5187,4956.4180,4960.7085
2020-11-09,5005.3287,5041.3691,4852.5859,4852.5859
2020-11-10,4633.7698,4711.8574,4558.2565,4634.6279
2020-11-11,4402.9391,4497.3307,4393.4999,4434.6890
2020-11-12,4530.7969,4631.1952,4510.2023,4625.1885
2020-11-13,4703.2760,4711.8570,4622.6141,4674.9585
2020-11-16,4685.2556,4691.2623,4573.7019,4585.7153
2020-11-17,4608.8837,4671.5254,4527.3637,4564.2622
2020-11-18,4559.9722,4577.1343,4494.7562,4568.5532
2020-11-19,4612.3170,4669.8101,4578.8509,4669.8101
2020-11-20,4762.4854,4766.7759,4652.6479,4680.9653
2020-11-24,4730.7352,4731.5933,4656.0800,4718.7217
2020-11-25,4709.2826,4797.6675,4685.2557,4733.3096
2020-11-26,4805.3904,4952.1265,4776.2149,4952.1265
2020-11-27,4940.1129,5007.0451,4892.9171,4993.3154
2020-11-30,5037.0784,5095.4296,5025.9231,5085.1323
2020-12-01,5084.2745,5110.8758,4907.5048,4922.9507
2020-12-02,4931.5319,4968.4305,4874.0389,4892.0591
2020-12-03,4874.0400,4937.5399,4802.8173,4826.8442
2020-12-04,4848.2963,4908.3637,4814.8302,4885.1948
2020-12-07,4916.9435,4964.1393,4893.7746,4957.2744
2020-12-08,4977.0124,5031.9312,4945.2625,5010.4785
2020-12-09,5010.4778,5061.1061,4961.5658,5058.5317
2020-12-10,5029.3560,5090.2814,5014.7682,5063.6802
2020-12-11,5096.2881,5214.7066,5089.4232,5177.8081
2020-12-14,5198.4033,5363.1596,5198.4033,5339.9907
2020-12-15,5398.3406,5427.5162,5272.1991,5287.6450
2020-12-16,5234.4432,5441.2466,5218.1392,5441.2466
2020-12-17,5431.8072,5824.8194,5413.7869,5800.7925
2020-12-18,5795.6439,5812.8060,5622.3066,5725.2793
2020-12-21,5663.4961,5711.5500,5565.6721,5599.1382
2020-12-22,5618.0170,5670.3614,5479.8620,5526.1997
2020-12-23,5526.1991,5584.5503,5484.1520,5533.0640
2020-12-24,5566.5306,5566.5306,5492.7335,5554.5171
2020-12-25,5556.2330,5585.4086,5520.1926,5549.3682
2020-12-28,5570.8206,5676.3676,5549.3680,5653.1987
2020-12-29,5688.3810,5717.5565,5625.7393,5651.4824
2020-12-30,5625.7394,5713.2661,5617.1583,5648.9082
2021-01-04,5661.7804,5671.2195,5570.8212,5624.8818
2021-01-05,5593.9907,5673.7945,5543.3625,5671.2202
2021-01-06,5710.6918,5779.3402,5557.0909,5558.8071
2021-01-07,5547.6519,5611.1517,5515.9020,5556.2329
2021-01-08,5518.4754,5609.4346,5466.9891,5609.4346
2021-01-12,5603.4282,5710.6914,5548.5095,5710.6914
2021-01-13,5660.9215,5714.1240,5634.3202,5645.4756
2021-01-14,5636.0370,5689.2396,5618.0168,5647.1924
2021-01-15,5645.4756,5662.6377,5587.1244,5636.8945
2021-01-18,5607.7194,5720.1313,5593.9897,5624.0234
2021-01-19,5624.0230,5678.9418,5603.4285,5651.4824
2021-01-20,5663.4957,5687.5226,5539.0704,5553.6582
2021-01-21,5535.6382,5540.7868,5381.1792,5385.4697
2021-01-22,5325.4022,5488.4422,5272.1996,5485.0098
2021-01-25,5460.9836,5468.7065,5321.1124,5378.6055
2021-01-26,5407.7802,5415.5031,5309.9562,5337.4155
2021-01-27,5389.7607,5390.6188,5311.6731,5372.5986
2021-01-28,5264.4769,5370.8819,5262.7606,5291.0781
2021-01-29,5319.3957,5320.2538,5174.3759,5198.4028
2021-02-01,5258.4710,5388.9030,5201.8360,5375.1733
2021-02-02,5491.0169,5521.9087,5251.6055,5354.5781
2021-02-03,5440.3887,5447.2535,5331.4093,5363.1592
2021-02-04,5264.4774,5352.8623,5261.0450,5284.2139
2021-02-05,5298.8017,5443.8215,5286.7882,5438.6729
2021-02-08,5462.6999,5481.5782,5393.1934,5444.6797
2021-02-09,5434.3829,5438.6735,5311.6738,5341.7075
2021-02-10,5376.8898,5534.7813,5355.4372,5521.9097
2021-02-12,5654.9152,5749.3068,5648.0504,5692.6719
2021-02-15,5715.8410,5745.0166,5677.2263,5714.9829
2021-02-16,5744.1572,5920.9269,5733.0019,5864.2920
2021-02-17,5945.8136,5992.1513,5847.1314,5887.4624
2021-02-18,5779.3408,5922.6444,5769.0435,5886.6040
2021-02-19,5800.7930,5876.3063,5770.7593,5860.8604
2021-02-22,5886.6034,5909.7723,5784.4889,5837.6914
2021-02-24,5766.4685,5789.6373,5684.9484,5701.2524
2021-02-25,5720.9894,5902.0497,5720.1313,5866.0093
2021-02-26,5765.6106,5792.2119,5556.2329,5556.2329
2021-03-01,5653.1989,5667.7867,5577.6856,5600.8545
2021-03-02,5648.0498,5659.2052,5502.1719,5536.4961
2021-03-03,5529.6321,5555.3753,5408.6393,5440.3892
2021-03-04,5337.4156,5342.5643,5236.1592,5244.7402
2021-03-05,5188.9632,5322.8276,5157.2133,5322.8276
2021-03-08,5300.5177,5322.8284,5124.6061,5126.3223
2021-03-09,5071.4032,5073.1194,4943.5455,5048.2344
2021-03-10,5164.0782,5164.9363,5053.3826,5062.8218
2021-03-11,5086.8494,5126.3223,5014.7686,5126.3223
2021-03-12,5167.5106,5213.8483,5119.4567,5204.4092
2021-03-15,5162.3616,5288.5031,5102.2943,5287.6450
2021-03-16,5363.1594,5508.1792,5345.9973,5460.9834
2021-03-17,5388.9014,5485.0092,5364.8744,5448.9688
2021-03-18,5485.0095,5503.8878,5410.3543,5436.9556
2021-03-19,5343.4227,5379.4631,5286.7877,5365.7334
2021-03-22,5307.3817,5443.8205,5279.9224,5404.3477
2021-03-23,5491.8754,5525.3415,5457.5512,5490.1592
2021-03-24,5526.1994,5587.1249,5414.6457,5418.0781
2021-03-25,5383.7535,5397.4832,5279.9228,5346.8550
2021-03-26,5394.9086,5533.9217,5382.0370,5513.3271
2021-03-29,5510.7533,5572.5369,5479.0034,5547.6519
2021-03-30,5594.1449,5626.6027,5558.1782,5574.8457
2021-03-31,5541.5114,5541.5114,5422.2070,5422.2070
2021-04-01,5522.2118,5610.8128,5478.3499,5519.5801
2021-04-02,5580.9871,5589.7595,5494.1406,5521.3350
2021-04-05,5523.9665,5603.7952,5521.3348,5556.4243
2021-04-06,5568.7059,5616.9539,5528.3529,5588.8823
2021-04-07,5623.0945,5623.9717,5550.2837,5596.7773
2021-04-08,5611.6899,5709.9405,5587.1273,5680.9917
2021-04-09,5718.7133,5723.9767,5664.3245,5688.8872
2021-04-12,5702.0460,5706.4322,5633.6215,5673.0972
2021-04-13,5691.5188,5775.7336,5683.6237,5738.8896
2021-04-14,5789.7699,5802.9285,5735.3812,5780.9976
2021-04-15,5735.3808,5735.3808,5645.9026,5688.8872
2021-04-16,5716.0813,5770.4700,5693.2731,5706.4316
2021-04-19,5688.0098,5688.0098,5575.7234,5623.0942
2021-04-20,5566.9510,5590.6365,5511.6851,5532.7388
2021-04-21,5495.8944,5523.9660,5463.4366,5493.2627
2021-04-22,5501.1580,5513.4393,5445.0148,5479.2271
2021-04-23,5482.7367,5520.4579,5455.5423,5475.7188
2021-04-26,5459.0515,5473.0873,5381.8546,5390.6270
2021-04-27,5407.2936,5472.2092,5350.2732,5351.1504
2021-04-28,5316.0609,5477.4727,5311.6748,5460.8052
2021-04-30,5480.1041,5526.5977,5435.3650,5499.4033
2021-05-06,5526.5977,5532.7383,5381.8534,5404.6616
2021-05-07,5343.2554,5352.9051,5237.1097,5299.3936
2021-05-10,5259.9181,5475.7186,5256.4091,5458.1738
2021-05-11,5491.5093,5532.7395,5388.8724,5480.9824
2021-05-12,5488.8760,5542.3875,5386.2392,5413.4336
2021-05-13,5309.0436,5355.5372,5261.6728,5273.9541
2021-05-14,5323.9559,5385.3625,5276.5850,5375.7129
2021-05-17,5416.9429,5524.8431,5390.6258,5501.1577
2021-05-18,5502.0356,5553.7926,5423.9614,5423.9614
2021-05-19,5411.6804,5519.5807,5395.0129,5490.6318
2021-05-20,5466.9458,5522.2118,5416.9433,5498.5264
2021-05-21,5526.5980,5680.1146,5519.5801,5677.4829
2021-05-24,5597.6546,5709.9410,5588.0050,5702.0459
2021-05-25,5745.9078,5874.8617,5745.9078,5855.5625
2021-05-26,5837.1404,5952.0586,5830.9998,5920.4780
2021-05-27,5903.8107,5948.5498,5778.3657,5885.3887
2021-05-28,5960.8310,5991.5343,5906.4422,5962.5854
2021-05-31,5965.2170,6000.3065,5891.5291,5938.8999
2021-06-01,5943.2870,5959.9545,5842.4046,5856.4404
2021-06-02,5908.1963,5919.6004,5829.2449,5891.5288
2021-06-03,5895.0379,5971.3576,5878.3704,5940.6543
2021-06-04,5899.4240,5960.8306,5886.2654,5944.1631
2021-06-07,5965.2174,6061.7135,5928.3734,6016.0972
2021-06-08,6048.5551,6058.2047,5988.0257,6012.5884
2021-06-09,5979.2533,5998.5526,5904.6881,5917.8467
2021-06-10,5916.9692,5945.9181,5861.7033,5885.3887
2021-06-11,5914.3378,5952.0590,5885.3889,5890.6523
2021-06-14,5883.6343,5908.1970,5688.8875,5709.0640
2021-06-15,5682.7461,5730.9942,5630.1119,5708.1860
2021-06-16,5579.2326,5614.3221,5436.2429,5548.5293
2021-06-17,5502.0353,5626.6031,5501.1581,5614.3218
2021-06-18,5710.8180,5737.1352,5655.5521,5728.3628
2021-06-21,5695.9046,5750.2934,5637.1297,5678.3599
2021-06-22,5728.3635,5730.9952,5678.3609,5718.7139
2021-06-23,5658.1833,5698.5363,5559.0555,5621.3394
2021-06-24,5674.8507,5677.4825,5624.8482,5650.2881
2021-06-25,5673.0967,5679.2373,5608.1811,5620.4624
2021-06-28,5645.0258,5682.7470,5628.3583,5657.3071
2021-06-29,5693.2732,5719.5903,5625.7259,5666.9561
2021-06-30,5691.5186,5721.3447,5659.9381,5668.7104
2021-07-01,5677.4835,5688.8876,5608.1817,5659.0615
2021-07-02,5642.3929,5715.2036,5595.8993,5715.2036
2021-07-05,5716.9581,5780.9964,5695.0271,5715.2036
2021-07-06,5744.1540,5868.7218,5729.2409,5856.4404
2021-07-07,5856.4397,5876.6162,5792.4013,5851.1763
2021-07-08,5780.9969,5791.5238,5540.6338,5540.6338
2021-07-09,5587.1281,5656.4299,5475.7189,5552.0386
2021-07-12,5614.3219,5625.7260,5544.1429,5589.7593
2021-07-13,5583.6187,5616.9537,5527.4755,5556.4243
2021-07-14,5594.1449,5655.5516,5564.3188,5564.3188
2021-07-15,5526.5980,5561.6875,5502.9126,5551.1606
2021-07-16,5522.2125,5534.4939,5472.2100,5482.7368
2021-07-19,5461.6829,5481.8594,5337.9924,5376.5908
2021-07-20,5288.8665,5312.5520,5232.7233,5260.7949
2021-07-21,5322.2019,5323.0792,5224.8285,5247.6367
2021-07-26,5329.2201,5341.5014,5258.1638,5273.9541
2021-07-27,5262.5490,5320.4467,5254.6539,5301.1475
2021-07-28,5263.4267,5271.3218,5170.4395,5191.4932
2021-07-29,5123.0688,5165.1762,5104.6468,5150.2632
2021-07-30,5093.2431,5096.7520,4944.9899,4947.6216
2021-08-02,4993.2388,5065.1724,4988.8527,5033.5918
2021-08-03,5002.0102,5013.4143,4903.7596,4976.5703
2021-08-04,4905.5138,4930.0765,4836.2120,4870.4243
2021-08-05,4958.1473,4986.2189,4925.6895,4955.5156
2021-08-06,4735.3283,4743.2235,4458.9985,4597.6021
2021-08-10,4535.3198,4542.3377,4437.9464,4457.2456
2021-08-11,4447.5957,4622.1660,4432.6826,4617.7798
2021-08-12,4614.2700,4638.8327,4551.1089,4593.2163
2021-08-13,4573.0405,4644.0968,4560.7592,4600.2349
2021-08-16,4578.3035,4617.7792,4536.1961,4556.3726
2021-08-17,4563.3909,4603.7438,4529.1786,4568.6543
2021-08-18,4523.0384,4599.3581,4523.0384,4585.3223
2021-08-19,4562.5129,4568.6536,4519.5283,4525.6689
2021-08-20,4580.9345,4618.6558,4559.8808,4597.6021
2021-08-23,4652.8691,4676.5546,4590.5853,4610.7617
2021-08-24,4675.6782,4687.0823,4642.3431,4671.2920
2021-08-25,4645.8510,4691.4673,4625.6745,4674.7998
2021-08-26,4649.3610,4677.4326,4587.9543,4609.8853
2021-08-27,4485.3167,4565.1454,4474.7899,4541.4600
2021-08-30,4510.7567,4613.3935,4491.4574,4604.6211
2021-08-31,4605.4979,4653.7460,4573.9173,4640.5874
2021-09-01,4680.9414,4723.0488,4659.0105,4712.5220
2021-09-02,4737.0844,4819.5447,4721.2941,4797.6138
2021-09-03,4811.6494,4833.5803,4732.6980,4765.1558
2021-09-06,4807.2633,4883.5830,4795.8592,4837.0894
2021-09-07,4933.5858,4937.9720,4832.7034,4884.4604
2021-09-08,4860.7746,4870.4242,4761.6467,4794.1045
2021-09-09,4778.3147,4820.4222,4742.3480,4766.9106
2021-09-10,4772.1740,4853.7571,4772.1740,4848.4937
2021-09-13,4857.2660,4887.0921,4828.3172,4848.4937
2021-09-14,4801.1222,4820.4215,4729.1887,4755.5059
2021-09-15,4701.9952,4748.4888,4686.2049,4727.4351
2021-09-16,4678.3093,4683.5727,4593.2172,4605.4985
2021-09-17,4597.6036,4690.5908,4529.1791,4690.5908
2021-09-21,4547.6012,4651.1152,4546.7239,4619.5347
2021-09-22,4659.8872,4716.9077,4649.3604,4670.4141
2021-09-24,4737.0843,4780.9462,4703.7493,4719.5396
2021-09-27,4761.6474,4809.0182,4746.7343,4752.8750
2021-09-28,4721.2943,4725.6805,4619.5347,4687.0820
2021-09-29,4678.2065,4724.3584,4601.8783,4724.3584
2021-09-30,4679.0936,4820.2119,4657.7927,4820.2119
2021-10-01,4618.7411,4640.9295,4394.1943,4399.5195
2021-10-04,4316.0907,4405.7319,4255.7383,4367.5679
2021-10-05,4297.4530,4419.0455,4293.0153,4299.2280
2021-10-06,4350.7045,4428.8077,4336.5039,4402.1816
2021-10-07,4446.5594,4476.7356,4372.0063,4450.9971
2021-10-08,4492.7113,4533.5379,4480.2857,4494.4863
2021-10-11,4446.5591,4548.6259,4444.7841,4539.7505
2021-10-12,4587.6773,4611.6408,4535.3127,4566.3765
2021-10-13,4566.3765,4614.3035,4516.6744,4525.5498
2021-10-14,4571.7024,4638.2677,4558.3894,4584.1279
2021-10-15,4567.2643,4587.6776,4517.5622,4573.4771
2021-10-18,4572.5896,4605.4285,4529.1003,4549.5137
2021-10-19,4581.4647,4667.5558,4581.4647,4646.2549
2021-10-20,4564.6017,4579.6898,4417.2706,4464.3101
2021-10-21,4410.1699,4495.3735,4381.7688,4443.0088
2021-10-22,4395.0817,4477.6226,4388.8689,4439.4585
2021-10-25,4406.6197,4443.0087,4343.6046,4357.8052
2021-10-26,4393.3070,4419.0455,4362.2432,4362.2432
2021-10-27,4362.2434,4365.7936,4250.4138,4308.9912
2021-10-28,4348.0425,4415.4953,4308.9909,4380.8813
2021-10-29,4420.8197,4455.4336,4374.6678,4455.4336
2021-11-01,4517.5616,4517.5616,4460.7593,4490.9355
2021-11-02,4484.7235,4514.8998,4434.1339,4435.0215
2021-11-04,4331.1792,4404.8448,4321.4163,4361.3555
2021-11-05,4299.2282,4506.0243,4299.2282,4494.4863
2021-11-08,4497.1485,4534.4251,4372.0059,4372.0059
2021-11-09,4353.3672,4439.4582,4331.1788,4388.8687
2021-11-10,4388.8689,4427.0329,4384.4312,4414.6074
2021-11-11,4413.7198,4460.7592,4387.0937,4433.2456
2021-11-12,4450.9967,4501.5863,4443.0088,4465.1973
2021-11-15,4507.7983,4525.5490,4440.3455,4455.4336
2021-11-16,4471.4101,4543.3006,4458.0971,4542.4131
2021-11-17,4548.6257,4578.8019,4493.5984,4503.3613
2021-11-18,4534.4254,4587.6777,4502.4741,4570.8145
2021-11-19,4618.7406,4662.2299,4593.8896,4609.8652
2021-11-22,4585.0146,4596.5526,4542.4128,4565.4888
2021-11-24,4482.0610,4545.9637,4469.6355,4482.0610
2021-11-25,4511.3499,4546.8513,4487.3864,4493.5991
2021-11-26,4504.2489,4506.9115,4409.2825,4424.3706
2021-11-29,4453.6590,4618.7408,4443.8961,4556.6133
2021-11-30,4573.4768,4591.2276,4438.5713,4446.5591
2021-12-01,4446.5593,4561.9391,4419.9332,4497.1489
2021-12-02,4503.3614,4610.7534,4500.6988,4588.5649
2021-12-03,4535.3119,4559.2754,4474.9594,4496.2603
2021-12-06,4507.7994,4546.8510,4470.5228,4494.4863
2021-12-07,4538.8631,4593.0028,4490.0486,4576.1396
2021-12-08,4657.7921,4754.5336,4651.5794,4737.6704
2021-12-09,4792.6986,4792.6986,4704.8324,4758.9722
2021-12-10,4792.6980,4859.2632,4756.3090,4774.9473
2021-12-13,4774.9478,4786.4858,4700.3947,4758.9722
2021-12-14,4751.8718,4798.0238,4725.2457,4731.4585
2021-12-15,4700.3942,4775.8348,4700.3942,4739.4458
2021-12-16,4749.2089,4828.1997,4744.7713,4828.1997
2021-12-17,4774.9476,4793.5859,4689.7441,4697.7319
2021-12-20,4723.4704,4809.5615,4696.8443,4749.2090
2021-12-21,4823.7624,4932.9294,4821.9873,4925.8291
2021-12-22,4939.1422,4941.8048,4821.9874,4844.1758
2021-12-23,4870.8017,4934.7043,4865.4765,4916.9536
2021-12-24,4926.7165,4974.6435,4908.0782,4919.6162
2021-12-27,4938.2545,4954.2302,4905.4156,4916.9536
2021-12-28,4952.4556,4959.5559,4876.1274,4886.7778
2021-12-29,4892.9897,4903.6402,4829.0871,4860.1509
2021-12-30,4823.7623,4826.4249,4718.1455,4761.6348
2022-01-04,4792.6984,4838.8503,4777.6103,4826.4248
2022-01-05,4799.7988,4812.2243,4726.1333,4734.1211
2022-01-06,4764.2968,4799.7983,4687.0811,4709.2695
2022-01-07,4695.0690,4786.4852,4693.2939,4774.9473
2022-01-11,4807.7856,4885.8888,4764.2963,4777.6094
2022-01-12,4788.2609,4820.2122,4756.3096,4756.3096
2022-01-13,4741.2210,4743.8836,4679.9810,4679.9810
2022-01-14,4656.0173,4682.6434,4566.3761,4608.0903
2022-01-17,4643.5923,4707.4949,4625.8415,4684.4189
2022-01-18,4703.9450,4765.1850,4700.3948,4740.3340
2022-01-19,4783.8224,4859.2630,4712.8194,4729.6826
2022-01-20,4741.2213,4891.2150,4734.1210,4861.9263
2022-01-21,4837.9626,4859.2635,4762.5220,4855.7134
2022-01-24,4806.0112,4831.7497,4735.0082,4783.8228
2022-01-25,4766.0723,4807.7866,4737.6711,4788.2607
2022-01-26,4845.0632,5007.4825,4826.4250,4996.8320
2022-01-27,5003.9323,5016.3578,4929.3792,4977.3062
2022-01-28,4982.6307,5016.3571,4963.1049,4979.0806
2022-01-31,5014.5825,5068.7222,4984.4062,4984.4062
2022-02-01,5072.2725,5108.6615,5005.7072,5034.1084
2022-02-02,5007.4824,5124.6372,4990.6192,5124.6372
2022-02-03,5076.7099,5084.6977,4964.8803,4983.5186
2022-02-04,5023.4582,5252.4426,4997.7196,5163.6890
2022-02-07,5125.5244,5217.8282,5108.6612,5191.2021
2022-02-08,5149.4883,5172.5642,5097.1236,5119.3120
2022-02-09,5171.6773,5197.4159,5114.8750,5155.7017
2022-02-10,5158.3633,5177.8891,5118.4242,5153.0381
2022-02-14,5105.9986,5138.8375,5059.8467,5125.5244
2022-02-15,5131.7378,5184.9900,5078.4856,5096.2363
2022-02-16,5184.9898,5262.2055,5179.6646,5201.8530
2022-02-17,5213.3909,5245.3423,5137.9503,5215.1660
2022-02-18,5211.6156,5289.7188,5179.6642,5279.0684
2022-02-21,5231.1413,5240.0167,5201.8526,5216.0532
2022-02-22,5121.0873,5193.8653,5113.0995,5139.7256
2022-02-24,5082.0348,5169.0133,5052.7460,5063.3965
2022-02-25,5069.6098,5125.5246,4980.8561,5050.0840
2022-02-28,5092.6859,5203.6280,5090.9109,5149.4883
2022-03-01,5224.9290,5260.4305,5156.5887,5158.3638
2022-03-02,5183.2149,5208.9535,5145.0508,5172.5645
2022-03-03,5236.4662,5331.4326,5222.2656,5265.7549
2022-03-04,5295.0440,5351.8463,5181.4393,5216.0532
2022-03-07,5184.1017,5200.0774,5065.1718,5078.4849
2022-03-08,5014.5826,5107.7739,4961.3304,5006.5947
2022-03-09,5112.2119,5143.2757,5090.9110,5112.2119
2022-03-10,5200.9653,5208.9532,5123.7496,5200.9653
2022-03-11,5203.6278,5227.5912,5153.0382,5205.4028
2022-03-14,5248.8920,5249.7795,5166.3511,5166.3511
2022-03-15,5128.1871,5148.6005,5073.1599,5098.8984
2022-03-16,5177.0017,5328.7704,5175.2266,5309.2446
2022-03-17,5380.2469,5434.3867,5321.6695,5409.5356
2022-03-18,5409.5360,5472.5511,5372.2594,5408.6484
2022-03-22,5484.0896,5532.0166,5433.5001,5491.1899
2022-03-23,5607.4571,5697.0983,5603.9069,5670.4722
2022-03-24,5678.4601,5748.5756,5659.8219,5742.3628
2022-03-25,5746.8005,5878.1560,5734.3750,5838.2168
2022-03-28,5838.2165,5892.3563,5798.2774,5863.9551
2022-03-29,5897.6814,5953.5962,5863.0675,5945.6084
2022-03-30,5884.8652,5905.7174,5649.1442,5724.3936
2022-03-31,5699.0073,5699.0073,5588.3998,5591.1196
2022-04-01,5687.2220,5796.9229,5649.1440,5771.5376
2022-04-04,5834.0943,5869.4524,5754.3118,5778.7905
2022-04-05,5839.5345,5839.5345,5712.6078,5734.3667
2022-04-06,5722.5802,5793.2965,5714.4206,5753.4053
2022-04-07,5753.4054,5782.4172,5718.0472,5728.0200
2022-04-08,5740.7129,5786.9504,5676.3429,5785.1372
2022-04-11,5747.9652,5794.2028,5723.4865,5776.9771
2022-04-12,5738.8990,5813.2418,5681.7820,5791.4829
2022-04-13,5833.1879,5879.4255,5807.8026,5851.3203
2022-04-14,5879.4256,5898.4646,5809.6159,5889.3984
2022-04-15,5883.0519,5908.4372,5844.0673,5883.9585
2022-04-18,5847.6938,5850.4137,5758.8451,5787.8569
2022-04-19,5811.4297,5869.4533,5801.4569,5844.9746
2022-04-20,5906.6247,5951.0490,5803.2701,5825.9355
2022-04-21,5753.4050,5825.0279,5690.8482,5814.1484
2022-04-22,5746.1525,5786.0438,5684.5024,5758.8452
2022-04-25,5643.7041,5738.8992,5574.8011,5707.1675
2022-04-26,5738.8992,5744.3390,5566.6416,5566.6416
2022-04-27,5503.1782,5567.5481,5413.4229,5558.4819
2022-04-28,5485.0457,5524.0303,5408.8897,5431.5552
2022-05-02,5367.1850,5417.9557,5269.2702,5303.7217
2022-05-06,5259.2983,5301.0028,5151.4106,5243.8857
2022-05-09,5158.6628,5185.8614,5093.3862,5097.0127
2022-05-10,5040.8025,5140.5306,5015.4172,5109.7056
2022-05-11,5180.4212,5338.1729,5065.2806,5275.6162
2022-05-12,5184.9543,5289.2155,5178.6080,5190.3940
2022-05-13,5184.0477,5233.9118,5156.8491,5190.3940
2022-05-16,5243.8850,5255.6710,5097.9193,5107.8921
2022-05-17,5131.4639,5233.9119,5099.7323,5191.3008
2022-05-18,5242.9781,5390.7570,5223.0325,5373.5312
2022-05-19,5282.8690,5427.0214,5281.0558,5363.5581
2022-05-20,5388.9435,5417.0487,5339.0795,5375.3442
2022-05-23,5365.3723,5462.3805,5355.3994,5422.4893
2022-05-24,5425.2097,5443.3421,5380.7854,5416.1436
2022-05-25,5325.4812,5331.8275,5185.8618,5185.8618
2022-05-26,5155.9429,5262.0174,5147.7834,5212.1533
2022-05-27,5248.4184,5248.4184,5123.3050,5140.5308
2022-05-30,5231.1930,5290.1233,5170.4496,5288.3101
2022-05-31,5270.1781,5311.8826,5205.8081,5205.8081
2022-06-01,5193.1142,5296.4688,5188.5811,5296.4688
2022-06-02,5281.0561,5286.4958,5196.7406,5210.3398
2022-06-03,5176.7954,5227.5661,5134.1843,5203.0874
2022-06-06,5144.1570,5262.0175,5141.4372,5242.9785
2022-06-07,5264.7378,5348.1468,5243.8856,5298.2827
2022-06-08,5312.7879,5362.6519,5303.7217,5344.5195
2022-06-09,5402.5432,5478.6993,5402.5432,5430.6484
2022-06-10,5376.2511,5376.2511,5295.5620,5343.6128
2022-06-13,5255.6709,5268.3636,5209.4334,5241.1650
2022-06-14,5199.4602,5252.0441,5175.8881,5190.3940
2022-06-15,5151.4102,5160.4764,5077.9741,5096.1064
2022-06-16,5158.6625,5222.1258,5106.0786,5120.5845
2022-06-17,5059.8415,5163.1961,5032.6429,5109.7056
2022-06-20,5103.3593,5132.3711,5057.1217,5095.1997
2022-06-21,5165.0090,5237.5385,5138.7170,5218.4995
2022-06-22,5211.2470,5260.2044,5180.4220,5229.3794
2022-06-23,5213.9665,5262.9239,5187.6746,5189.4878
2022-06-24,5238.4460,5283.7770,5228.4732,5243.8857
2022-06-27,5258.3912,5300.0957,5203.9941,5292.8428
2022-06-28,5298.2820,5385.3174,5297.3753,5385.3174
2022-06-29,5353.5860,5364.4654,5301.9087,5346.3330
2022-06-30,5375.3453,5375.3453,5303.7224,5320.0415
2022-07-01,5327.2939,5357.2123,5175.8885,5200.3672
2022-07-04,5222.1272,5295.5634,5203.9948,5294.6567
2022-07-05,5326.3875,5363.5589,5295.5624,5313.6948
2022-07-06,5217.5932,5337.2669,5195.8343,5324.5742
2022-07-07,5284.6827,5310.9747,5226.6591,5296.4688
2022-07-08,5258.3906,5290.1223,5222.1259,5254.7642
2022-07-11,5344.5203,5402.5440,5336.3608,5358.1196
2022-07-12,5359.9324,5389.8509,5342.7067,5380.7847
2022-07-13,5368.9983,5462.3801,5358.1189,5430.6484
2022-07-14,5428.8355,5501.3650,5420.6759,5447.8745
2022-07-15,5493.2061,5620.1328,5493.2061,5620.1328
2022-07-19,5621.0390,5626.4788,5477.7932,5479.6064
2022-07-20,5524.0307,5655.4905,5516.7778,5642.7979
2022-07-21,5648.2375,5652.7706,5527.6571,5590.2139
2022-07-22,5575.7080,5643.7045,5539.4433,5602.0000
2022-07-25,5590.2132,5611.0655,5509.5241,5518.5903
2022-07-26,5466.0070,5471.4467,5407.9834,5452.4077
2022-07-27,5462.3800,5480.5124,5414.3292,5429.7417
2022-07-28,5519.4970,5519.4970,5415.2358,5440.6211
2022-07-29,5445.1545,5455.1273,5389.8508,5413.4229
2022-08-01,5342.7070,5348.1467,5289.2165,5342.7070
2022-08-02,5341.8001,5349.9597,5240.2588,5240.2588
2022-08-03,5270.1773,5270.1773,5116.0520,5140.5308
2022-08-04,5088.8528,5257.4839,5067.0939,5161.3823
2022-08-05,5223.0328,5356.3058,5213.0599,5323.6675
2022-08-08,5284.6835,5303.7225,5217.5937,5232.0996
2022-08-09,5184.9549,5207.6204,5148.6902,5194.9277
2022-08-10,5231.1926,5250.2316,5164.1028,5173.1689
2022-08-12,5192.2072,5214.8726,5142.3431,5193.1138
2022-08-15,5201.2740,5307.3485,5199.4608,5239.3521
2022-08-16,5275.6173,5291.0298,5240.2591,5291.0298
2022-08-17,5339.9869,5453.3143,5334.5472,5452.4077
2022-08-18,5396.1970,5534.9098,5383.5044,5502.2715
2022-08-19,5485.9523,5521.3105,5418.8625,5431.5552
2022-08-22,5430.6497,5461.4748,5396.1982,5444.2490
2022-08-23,5446.9675,5457.8469,5365.3718,5385.3174
2022-08-24,5349.0532,5350.8664,5244.7920,5244.7920
2022-08-25,5276.5244,5283.7773,5222.1272,5250.2324
2022-08-26,5255.6714,5281.9633,5223.9397,5225.7529
2022-08-29,5185.8613,5210.3400,5165.0091,5189.4878
2022-08-30,5189.4876,5228.4722,5184.9545,5210.3398
2022-08-31,5199.4610,5199.4610,5150.5036,5166.8228
2022-09-01,5156.8504,5192.2085,5145.9710,5177.7026
2022-09-02,5175.8890,5181.3288,5117.8654,5137.8110
2022-09-05,5138.7177,5174.0759,5107.8927,5116.0522
2022-09-06,5095.1995,5204.9004,5071.6274,5174.9819
2022-09-07,5210.3397,5260.2037,5199.4602,5231.1919
2022-09-08,5250.2313,5304.6284,5227.5658,5304.6284
2022-09-09,5304.6286,5375.3449,5277.4300,5283.7764
2022-09-12,5321.8537,5375.3442,5283.7757,5345.4258
2022-09-13,5485.0458,5665.4630,5485.0458,5640.0776
2022-09-14,5590.2127,5604.7186,5469.6324,5563.0142
2022-09-15,5572.0815,5749.7789,5563.9219,5657.3037
2022-09-16,5575.7080,5602.9066,5485.9527,5538.5366
2022-09-20,5629.1981,5657.3033,5561.2016,5605.6260
2022-09-21,5566.6419,5645.5178,5529.4705,5539.4434
2022-09-22,5512.2445,5601.9998,5503.1783,5559.3887
2022-09-26,5496.8316,5501.3647,5378.0645,5393.4771
2022-09-27,5438.8080,5547.6023,5426.1154,5501.3647
2022-09-28,5498.6459,5503.1790,5362.6530,5412.5171
2022-09-29,5516.9735,5637.9236,5503.2292,5537.1318
2022-09-30,5451.9168,5505.0616,5256.7474,5363.9531
2022-10-03,5239.3388,5350.2098,5140.3797,5332.8003
2022-10-04,5370.3674,5543.5459,5299.8131,5543.5459
2022-10-05,5566.4530,5629.6769,5504.1454,5507.8105
2022-10-06,5566.4534,5652.5846,5506.8947,5549.0439
2022-10-07,5498.6481,5595.7747,5479.4060,5549.0439
2022-10-11,5503.2289,5560.0388,5472.9914,5498.6475
2022-10-12,5440.0048,5533.4662,5436.3396,5520.6382
2022-10-13,5589.3599,5672.7422,5523.3871,5525.2197
2022-10-14,5596.6904,5692.9007,5560.0388,5652.5840
2022-10-17,5589.3600,5607.6857,5526.1361,5593.9414
2022-10-18,5626.0117,5669.9936,5565.5367,5603.1045
2022-10-19,5617.7652,5643.4213,5538.9644,5545.3784
2022-10-20,5497.7311,5588.4437,5488.5682,5585.6948
2022-10-21,5524.3033,5572.8666,5512.3915,5530.7173
2022-10-24,5576.5328,5583.8631,5497.7319,5497.7319
2022-10-25,5527.9687,5527.9687,5461.9959,5483.9868
2022-10-26,5494.9829,5580.1978,5491.3178,5563.7046
2022-10-27,5563.7037,5572.8666,5477.5726,5483.0703
2022-10-28,5476.6561,5495.8982,5422.5951,5449.1675
2022-10-31,5452.8332,5584.7788,5445.5029,5561.8716
2022-11-01,5595.7744,5603.1047,5555.4577,5566.4531
2022-11-02,5557.2901,5584.7788,5536.2155,5561.8716
2022-11-04,5506.8947,5516.0576,5434.5079,5455.5825
2022-11-07,5525.2203,5632.4260,5508.7271,5608.6025
2022-11-08,5680.9888,5757.0407,5674.5748,5703.8960
2022-11-09,5497.7311,5498.6474,5268.6590,5298.8965
2022-11-10,5278.7377,5312.6404,5222.8441,5274.1562
2022-11-11,5365.7858,5389.6093,5237.5054,5276.9058
2022-11-14,5222.8447,5262.2451,5185.2769,5185.2769
2022-11-15,5263.1615,5356.6230,5255.8312,5281.4873
2022-11-16,5296.1482,5330.9671,5242.0871,5328.2183
2022-11-17,5371.2834,5386.8604,5327.3016,5386.8604
2022-11-18,5386.8604,5429.0097,5338.2971,5424.4282
2022-11-21,5406.1027,5428.0936,5349.2928,5394.1909
2022-11-22,5421.6794,5440.9215,5370.3673,5437.2563
2022-11-24,5492.2329,5541.7125,5470.2420,5475.7397
2022-11-25,5496.8151,5502.3128,5439.0889,5460.1636
2022-11-28,5424.4276,5430.8417,5374.0318,5411.5996
2022-11-29,5383.1948,5429.0092,5363.9527,5376.7808
2022-11-30,5376.7810,5436.3397,5346.5435,5400.6045
2022-12-01,5416.1814,5426.2606,5319.0548,5321.8037
2022-12-02,5268.6589,5275.0729,5213.6816,5246.6680
2022-12-05,5222.8447,5232.0076,5183.4443,5208.1841
2022-12-06,5257.6636,5303.4780,5235.6727,5280.5708
2022-12-07,5246.6678,5357.5387,5210.9326,5297.9800
2022-12-08,5294.3151,5304.3942,5197.1885,5228.3423
2022-12-09,5287.9017,5301.6461,5237.5059,5237.5059
2022-12-12,5204.5189,5227.4261,5197.1886,5208.1841
2022-12-13,5213.6811,5247.5838,5199.9368,5215.5137
2022-12-14,5227.4260,5267.7427,5218.2631,5267.7427
2022-12-15,5223.7610,5249.4171,5207.2678,5239.3379
2022-12-16,5204.5183,5221.9278,5172.4482,5172.4482
2022-12-19,5131.2161,5153.2070,5100.0622,5123.8857
2022-12-20,5138.5461,5155.9556,5041.4195,5077.1548
2022-12-21,5056.9967,5127.5509,5047.8338,5076.2388
2022-12-22,5109.2248,5176.1139,5091.8153,5157.7881
2022-12-23,5132.1322,5165.1186,5119.3042,5144.0439
2022-12-26,5149.5413,5175.1974,5131.2156,5146.7925
2022-12-27,5176.1143,5180.6957,5124.8021,5136.7139
2022-12-28,5136.7135,5149.5415,5120.2203,5149.5415
2022-12-29,5140.3790,5166.0350,5132.1324,5138.5464
2022-12-30,5126.6339,5155.9551,5067.0751,5068.9077
2023-01-04,4988.2749,5081.7363,4952.5396,5027.6753
2023-01-05,5055.1634,5133.9643,5035.9214,5067.0752
2023-01-06,5008.4329,5024.0098,4954.3718,5024.0098
2023-01-10,5024.0104,5099.1460,5012.0986,5012.0986
2023-01-11,5036.8379,5083.5686,5023.0936,5082.6523
2023-01-12,5011.1823,5028.5918,4980.9448,4991.0239
2023-01-13,4930.5489,5014.8474,4930.5489,4945.2095
2023-01-16,4934.2136,5012.0981,4912.2226,4959.8696
2023-01-17,4959.8706,5035.9225,4959.8706,5030.4248
2023-01-18,5057.9130,5155.9559,5033.1732,5138.5464
2023-01-19,5085.4011,5090.8988,5037.7541,5071.6567
2023-01-20,5059.7455,5114.7228,5035.0057,5048.7500
2023-01-23,5086.3174,5106.4757,5050.5821,5071.6567
2023-01-24,5111.0573,5143.1274,5089.9826,5090.8989
2023-01-25,5100.9786,5122.9695,5080.8202,5107.3926
2023-01-26,5133.0486,5186.1933,5133.0486,5163.2861
2023-01-27,5186.1932,5194.4398,5146.7928,5158.7046
2023-01-30,5126.6344,5151.3742,5100.9784,5129.3833
2023-01-31,5204.5194,5212.7660,5144.9606,5154.1235
2023-02-01,5122.0530,5152.2905,5112.8901,5112.8901
2023-02-02,5127.5512,5145.8770,5104.6440,5114.7231
2023-02-03,5138.5465,5155.9560,5106.4764,5151.3745
2023-02-06,5158.7046,5174.2815,5145.8766,5150.4580
2023-02-07,5122.0527,5171.5323,5100.9781,5153.2065
2023-02-08,4838.0035,4854.4967,4715.2208,4765.6167
2023-02-09,4757.3698,4848.9987,4738.1278,4837.0869
2023-02-10,4847.1667,4928.7164,4838.9201,4862.7437
2023-02-13,4806.8493,4816.9284,4775.6955,4786.6909
2023-02-14,4792.1891,4892.0645,4792.1891,4881.9854
2023-02-15,4920.4692,4924.1344,4860.9105,4889.3154
2023-02-16,4977.2794,5038.6707,4939.7115,5037.7544
2023-02-17,5028.5917,5038.6709,4970.8656,4999.2705
2023-02-20,5037.7544,5037.7544,4965.3676,5006.6006
2023-02-21,5012.0983,5021.2612,4958.9536,4958.9536
2023-02-22,4937.8789,4939.7115,4867.3247,4867.3247
2023-02-24,4848.0828,4868.2412,4812.3476,4853.5806
2023-02-27,4764.7007,4799.5197,4749.1238,4762.8682
2023-02-28,4714.3041,4752.7882,4695.0620,4695.0620
2023-03-01,4670.3223,4696.8946,4619.0101,4693.2295
2023-03-02,4634.5871,4710.6391,4630.0057,4706.0576
2023-03-03,4673.9879,4732.6303,4666.6576,4726.2163
2023-03-06,4746.3746,4778.4447,4737.2117,4744.5420
2023-03-07,4748.2069,4770.1979,4734.4626,4743.6255
2023-03-08,4700.5602,4749.1235,4692.3136,4726.2163
2023-03-09,4728.0491,4797.6870,4727.1328,4789.4404
2023-03-10,4720.7179,4747.2903,4706.0573,4717.0527
2023-03-13,4684.0676,4701.4771,4670.3233,4699.6445
2023-03-14,4664.8255,4664.8255,4607.0993,4641.0020
2023-03-15,4612.5972,4681.3189,4612.5972,4656.5791
2023-03-16,4590.6053,4661.1595,4577.7773,4650.1641
2023-03-17,4693.2303,4717.0538,4666.6580,4713.3887
2023-03-20,4712.4724,4715.2213,4608.9318,4611.6807
2023-03-22,4619.0099,4664.8243,4591.5212,4654.7451
2023-03-23,4654.7452,4662.0755,4615.3448,4651.0801
2023-03-24,4653.8290,4653.8290,4609.8471,4634.5869
2023-03-27,4672.1554,4701.4766,4661.1599,4668.4902
2023-03-28,4686.8159,4706.0579,4649.2480,4657.4946
2023-03-29,4661.1604,4747.2916,4628.1740,4745.4590
2023-03-30,4786.7551,4807.4038,4754.8434,4767.0449
2023-03-31,4784.8784,4825.2374,4769.8612,4815.8516
2023-04-03,4889.0618,4897.5090,4833.6856,4855.2729
2023-04-04,4889.9997,5081.4699,4874.9824,5079.5928
2023-04-05,5033.6020,5037.3563,4919.0953,4922.8496
2023-04-06,4913.4638,4971.6557,4908.7709,4927.5425
2023-04-07,4997.9364,4998.8750,4868.4124,4878.7368
2023-04-10,4966.0243,5077.7153,4947.2527,5073.9609
2023-04-11,5166.8806,5202.5466,5074.8998,5080.5312
2023-04-12,5080.5316,5150.9251,5064.5758,5130.2764
2023-04-13,5097.4253,5101.1796,5045.8034,5048.6191
2023-04-14,5061.7595,5143.4159,5048.6194,5131.2144
2023-04-17,5161.2490,5161.2490,5089.9169,5121.8286
2023-04-18,5162.1877,5218.5024,5148.1090,5218.5024
2023-04-19,5200.6693,5206.3008,5172.5119,5201.6079
2023-04-20,5198.7919,5198.7919,5124.6441,5177.2046
2023-04-21,5191.2838,5212.8712,5167.8194,5180.9595
2023-04-24,5172.5118,5259.7997,5152.8016,5247.5981
2023-04-25,5246.6599,5383.6926,5224.1340,5302.0361
2023-04-26,5274.8176,5295.4663,5234.4587,5272.9404
2023-04-27,5250.4140,5300.1587,5234.4581,5282.3257
2023-04-28,5307.6675,5369.6138,5298.2817,5369.6138
2023-05-01,5432.4988,5442.8231,5308.6063,5341.4565
2023-05-02,5341.4563,5360.2279,5319.8690,5343.3335
2023-05-08,5378.0611,5441.8845,5361.1667,5386.5083
2023-05-09,5357.4123,5401.5255,5324.5620,5378.0610
2023-05-10,5424.9895,5425.9281,5309.5443,5373.3677
2023-05-11,5330.1929,5370.5518,5246.6594,5285.1411
2023-05-12,5338.6407,5412.7885,5304.8519,5404.3413
2023-05-15,5443.7612,5451.2699,5376.1835,5443.7612
2023-05-16,5467.2262,5509.4623,5440.0074,5487.8750
2023-05-17,5518.8484,5599.5662,5501.0154,5561.0845
2023-05-18,5676.5288,5690.6075,5629.5999,5671.8359
2023-05-19,5700.9324,5708.4410,5601.4429,5609.8901
2023-05-22,5630.5391,5687.7925,5621.1533,5687.7925
2023-05-23,5687.7921,5731.9053,5569.5311,5620.2144
2023-05-24,5584.5489,5605.1977,5519.7869,5565.7773
2023-05-25,5529.1724,5553.5755,5494.4450,5515.0938
2023-05-26,5556.3912,5609.8902,5547.0054,5577.9785
2023-05-29,5600.5045,5608.9517,5520.7252,5546.0669
2023-05-30,5530.1110,5645.5563,5528.2338,5622.0918
2023-05-31,5637.1093,5643.6793,5532.9269,5571.4087
2023-06-01,5553.5753,5608.0129,5538.5580,5588.3027
2023-06-02,5612.7062,5711.2570,5609.8904,5678.4067
2023-06-05,5725.3352,5747.8612,5662.4504,5709.3794
2023-06-06,5695.3013,5744.1074,5668.0825,5744.1074
2023-06-07,5742.2298,5751.6156,5634.2932,5681.2222
2023-06-08,5677.4677,5710.3180,5573.2854,5615.5215
2023-06-09,5669.0204,5736.5981,5640.8630,5723.4580
2023-06-12,5753.4926,5780.7114,5730.0281,5749.7383
2023-06-13,5780.7116,5813.5619,5750.6771,5801.3604
2023-06-14,5809.8076,5811.6848,5760.0629,5778.8345
2023-06-15,5819.1932,5966.5502,5816.3775,5842.6577
2023-06-16,5819.1934,5891.4640,5771.3258,5881.1396
2023-06-19,5866.1229,5874.5702,5790.0980,5849.2285
2023-06-20,5821.0711,5858.6143,5777.8964,5858.6143
2023-06-21,5857.6749,5862.3678,5804.1758,5830.4561
2023-06-22,5842.6584,6033.1901,5840.7812,5929.9463
2023-06-23,5988.1375,5991.8918,5802.2988,5847.3506
2023-06-26,5848.2894,5925.2530,5800.4219,5902.7271
2023-06-27,5913.0516,6003.1552,5849.2281,5999.4009
2023-06-28,6023.8035,6142.0645,6002.2161,6119.5386
2023-06-29,6167.4061,6232.1681,6154.2660,6177.7305
2023-06-30,6100.7672,6150.5119,6030.3737,6140.1875
2023-07-03,6184.3010,6202.1340,6143.0035,6182.4238
2023-07-04,6157.0824,6165.5296,6110.1534,6118.6006
2023-07-05,6128.9242,6153.3273,6085.7496,6112.0298
2023-07-06,6071.6712,6115.7845,5906.4812,5926.1914
2023-07-07,5968.4276,6018.1723,5944.9631,5960.9189
2023-07-10,5917.7441,5959.0416,5862.3679,5917.7441
2023-07-11,5964.6732,5968.4275,5840.7807,5872.6924
2023-07-12,6005.9706,6088.5656,5913.0513,5913.0513
2023-07-13,5959.9797,6037.8818,5917.7436,6029.4346
2023-07-14,6086.6886,6093.2587,5969.3662,5996.5850
2023-07-18,5959.9799,6005.9703,5949.6556,5969.3657
2023-07-19,6009.7254,6042.5757,5997.5239,6037.8828
2023-07-20,6024.7424,6074.4872,5997.5236,6031.3125
2023-07-21,6031.3123,6063.2241,6005.0321,6023.8037
2023-07-24,6098.8903,6137.3720,6081.9958,6111.0918
2023-07-25,6063.2239,6078.2412,6005.0320,6047.2681
2023-07-26,5992.8305,6001.2777,5913.0513,5913.0513
2023-07-27,5918.6827,6000.3392,5905.5426,5984.3833
2023-07-28,5908.3582,5988.1374,5863.3064,5963.7344
2023-07-31,6030.3734,6073.5481,6000.3389,6053.8379
2023-08-01,6054.7770,6070.7329,5974.0592,6062.2856
2023-08-02,6016.2952,6036.0054,5945.9017,5964.6733
2023-08-03,5964.6731,5987.1990,5896.1568,5966.5503
2023-08-04,5847.3507,5866.1223,5738.4755,5792.9131
2023-08-07,5770.3878,5880.2016,5766.6335,5849.2285
2023-08-08,5852.9825,5891.4643,5775.0804,5780.7119
2023-08-09,5774.1413,5812.6231,5758.1855,5767.5713
2023-08-10,5787.2818,5870.8154,5761.9401,5867.0610
2023-08-14,5866.1233,5923.3766,5842.6588,5864.2461
2023-08-15,5907.4199,5913.9900,5876.4468,5907.4199
2023-08-16,5927.1298,5943.0857,5874.5694,5905.5425
2023-08-17,5890.5255,5902.7271,5774.1416,5800.4219
2023-08-18,5753.4933,5793.8523,5710.3187,5738.4761
2023-08-21,5734.7213,5790.0975,5716.8883,5751.6157
2023-08-22,5806.0536,5807.9307,5751.6159,5780.7119
2023-08-23,5761.9399,5829.5176,5751.6155,5829.5176
2023-08-24,5844.5348,5844.5348,5764.7556,5767.5713
2023-08-25,5716.8880,5749.7383,5699.9936,5709.3794
2023-08-28,5772.2645,5801.3605,5761.0016,5795.7290
2023-08-29,5813.5618,5855.7979,5787.2816,5792.9131
2023-08-30,5814.5009,5880.2015,5805.1151,5837.0269
2023-08-31,5837.0263,5902.7269,5831.3948,5882.0781
2023-09-01,5875.5085,5915.8674,5852.0440,5883.0171
2023-09-04,5905.5426,5914.9284,5862.3680,5882.0781
2023-09-05,5909.2972,5929.9459,5856.7367,5888.6484
2023-09-06,5913.0513,5971.2433,5908.3584,5934.6387
2023-09-07,5942.1471,5976.8745,5921.4983,5976.8745
2023-09-08,5976.8751,6024.7426,5926.1918,5967.4893
2023-09-11,6016.2946,6054.7764,5946.8398,5978.7515
2023-09-12,6002.2165,6019.1110,5928.0688,5977.8135
2023-09-13,5977.8128,6001.2773,5909.2965,5921.4980
2023-09-14,5973.1202,6013.4791,5919.6211,5963.7344
2023-09-15,5952.4716,5977.8133,5925.2528,5948.7173
2023-09-19,5972.1819,6054.7769,5944.0245,6054.7769
2023-09-20,6058.5312,6073.5485,5867.0610,5881.1396
2023-09-21,5852.0436,5887.7096,5766.6329,5775.0801
2023-09-22,5736.5980,5796.6671,5727.2122,5773.2026
2023-09-25,5776.0187,5851.1050,5774.1415,5841.7192
2023-09-26,5842.6580,5893.3413,5805.1148,5875.5083
2023-09-27,5843.5963,5868.9379,5790.0973,5842.6577
2023-09-28,5860.7231,5922.5250,5817.9371,5849.3135
2023-09-29,5853.1165,5933.9344,5852.1657,5923.4756
2023-10-02,5968.1629,5975.7693,5795.1176,5828.3955
2023-10-03,5816.9864,5902.5583,5797.9704,5856.9199
2023-10-04,5771.3477,5822.6908,5755.1841,5807.4780
2023-10-05,5845.5098,5916.8197,5804.6254,5913.9673
2023-10-06,5895.9022,6006.1948,5868.3290,5937.7373
2023-10-10,5937.7375,6004.2934,5889.2468,6000.4902
2023-10-11,5982.4253,6024.2604,5945.3441,5998.5889
2023-10-12,6015.7034,6069.8989,5990.9826,6037.5718
2023-10-13,5990.0320,5990.0320,5854.0678,5891.1489
2023-10-16,5864.5261,5928.2296,5850.2641,5894.9517
2023-10-17,5895.9025,5921.5741,5804.6259,5821.7402
2023-10-18,5821.7408,5851.2155,5773.2500,5809.3804
2023-10-19,5763.7422,5889.2476,5758.0374,5792.2661
2023-10-20,5779.9047,5824.5922,5739.0204,5800.8223
2023-10-23,5740.9224,5788.4624,5720.9557,5768.4956
2023-10-24,5787.5119,5796.0691,5707.6448,5781.8071
2023-10-25,5823.6426,5883.5429,5810.3314,5875.9365
2023-10-26,5839.8052,5856.9196,5804.6257,5815.0845
2023-10-27,5864.5261,5917.7709,5828.3958,5914.9185
2023-10-30,5885.4435,5886.3943,5800.8224,5816.0352
2023-10-31,5867.3785,5928.2296,5815.0846,5914.9185
2023-11-01,6030.9159,6063.2431,5981.4744,5999.5396
2023-11-02,6051.8339,6103.1771,6011.9004,6044.2275
2023-11-06,6047.0796,6116.4879,5985.2777,6115.5371
2023-11-07,6094.6191,6130.7494,6051.8331,6070.8491
2023-11-08,6275.2715,6496.8076,6209.6664,6440.7104
2023-11-09,6535.7899,6807.7183,6503.4628,6799.1611
2023-11-10,6760.1791,6761.1299,6522.4794,6523.4302
2023-11-13,6653.6886,6732.6049,6601.3947,6668.9014
2023-11-14,6760.1782,6761.1290,6648.9348,6663.1968
2023-11-15,6636.5750,6671.7546,6590.9367,6649.8862
2023-11-16,6630.8698,6717.3925,6623.2634,6705.9829
2023-11-17,6693.6231,6698.3771,6571.9209,6604.2480
2023-11-20,6570.0185,6579.5265,6449.2671,6465.4307
2023-11-21,6512.0199,6527.2327,6462.5783,6509.1675
2023-11-22,6531.9864,6596.6407,6498.7085,6579.5264
2023-11-24,6617.5591,6623.2639,6516.7744,6516.7744
2023-11-27,6560.5111,6640.3782,6509.1679,6521.5283
2023-11-28,6555.7567,6560.5107,6461.6276,6488.2500
2023-11-29,6508.2170,6512.9710,6463.5295,6490.1519
2023-11-30,6490.1517,6575.7236,6474.9389,6571.9204
2023-12-01,6576.6747,6587.1335,6509.1680,6569.0684
2023-12-04,6543.3965,6559.5601,6452.1198,6478.7422
2023-12-05,6473.9883,6529.1346,6441.6612,6477.7915
2023-12-06,6468.2832,6553.8551,6443.5625,6536.7407
2023-12-07,6570.0192,6638.4767,6518.6761,6524.3809
2023-12-08,6525.3317,6550.0525,6455.9234,6463.5298
2023-12-11,6512.9705,6601.3948,6473.0370,6551.0024
2023-12-12,6573.8221,6678.4100,6573.8221,6603.2969
2023-12-13,6612.8051,6626.1163,6550.0524,6585.2319
2023-12-14,6493.9552,6556.7079,6476.8408,6521.5283
2023-12-15,6455.9233,6501.5616,6397.9245,6444.5137
2023-12-18,6415.9896,6477.7915,6407.4324,6477.7915
2023-12-19,6541.4950,6617.5589,6512.0203,6594.7397
2023-12-20,6620.4119,6670.8042,6609.0023,6622.3135
2023-12-21,6603.2972,6612.8052,6556.7081,6604.2480
2023-12-22,6608.0512,6667.9516,6575.7241,6604.2480
2023-12-25,6640.3778,6667.9510,6570.9695,6592.8379
2023-12-26,6617.5589,6643.2305,6602.3461,6643.2305
2023-12-27,6655.5905,6782.0467,6644.1809,6775.3911
2023-12-28,6745.9160,6833.3895,6732.6049,6782.0464
2023-12-29,6844.7999,7031.1565,6833.3904,6996.9277
2024-01-04,6871.4219,6916.1094,6786.8008,6822.9312
2024-01-05,6847.6519,6931.3222,6842.8979,6867.6187
2024-01-09,6945.5840,7195.6441,6931.3221,7167.1201
2024-01-10,7269.8073,7513.2117,7246.9881,7438.0986
2024-01-11,7537.9324,7677.6998,7455.2129,7539.8340
2024-01-12,7615.8979,7777.5337,7568.3580,7725.2397
2024-01-15,7698.6172,7753.7635,7634.9137,7730.9443
2024-01-16,7698.6178,7753.7641,7615.8983,7641.5698
2024-01-17,7615.8972,7704.3215,7530.3253,7549.3413
2024-01-18,7581.6691,7686.2570,7563.6039,7669.1426
2024-01-19,7829.8273,7843.1385,7722.3871,7735.6982
2024-01-22,7749.0093,7777.5333,7630.1595,7704.3218
2024-01-23,7682.4536,7804.1558,7646.3232,7691.0107
2024-01-24,7630.1599,7661.5363,7517.0149,7547.4404
2024-01-25,7566.4559,7614.9466,7540.7843,7579.7671
2024-01-26,7578.8164,7611.1435,7501.8017,7506.5557
2024-01-29,7598.7826,7701.4688,7585.4714,7692.9116
2024-01-30,7795.5982,7975.2991,7784.1886,7864.0557
2024-01-31,7806.0573,7901.1372,7772.7794,7901.1372
2024-02-01,7881.1704,7931.5628,7849.7941,7901.1372
2024-02-02,7942.0210,8072.2804,7821.2696,8058.9692
2024-02-05,8058.9704,8089.3960,7994.3161,8000.9717
2024-02-06,7976.2510,8027.5941,7885.9251,7963.8906
2024-02-07,7991.4631,8198.7372,7870.7117,7957.2344
2024-02-08,8034.2490,8262.4407,7964.8407,8195.8848
2024-02-09,8255.7847,8277.6530,8116.9681,8271.9482
2024-02-13,8367.0289,8395.5529,8249.1299,8281.4570
2024-02-14,8281.4575,8444.0441,8262.4416,8434.5361
2024-02-15,8544.8280,8583.8107,8452.6005,8509.6484
2024-02-16,8509.6474,8562.8921,8272.8986,8437.3867
2024-02-19,8009.5283,8017.1347,7691.9616,7944.8740
2024-02-20,7996.2176,8004.7748,7782.2879,7856.4502
2024-02-21,7891.6290,8045.6584,7814.6143,7987.6597
2024-02-22,7987.6600,8040.9048,7922.0549,8004.7744
2024-02-26,8021.8880,8183.5238,8010.4784,8128.3774
2024-02-27,8223.4581,8224.4089,8073.2319,8089.3955
2024-02-28,8005.7250,8058.0189,7950.5786,7954.3818
2024-02-29,7912.5462,8027.5928,7863.1047,7986.7085
2024-03-01,8034.2495,8079.8878,7964.8412,8066.5767
2024-03-04,8048.5104,8072.2804,7923.0050,7934.4146
2024-03-05,7929.6608,7993.3643,7874.5144,7977.2007
2024-03-06,7900.1857,7945.8240,7875.4649,7919.2017
2024-03-07,7985.7578,8045.6581,7886.8747,7913.4971
2024-03-08,7894.4809,7915.3985,7818.4170,7826.0234
2024-03-11,7739.5022,7903.0396,7718.5846,7903.0396
2024-03-12,7865.0067,7865.0067,7750.9109,7797.5000
2024-03-13,7801.3030,7876.4161,7772.7791,7826.9746
2024-03-14,7780.3859,7819.3687,7749.9603,7819.3687
2024-03-15,7763.2715,7864.0562,7737.6000,7819.3687
2024-03-18,7778.4840,7878.3179,7776.5824,7878.3179
2024-03-19,7832.6791,7947.7257,7811.7615,7946.7749
2024-03-21,8078.9365,8124.5749,7945.8247,7965.7915
2024-03-22,7975.2993,8032.3473,7923.0054,8011.4297
2024-03-25,8009.5286,8009.5286,7861.2040,7890.6787
2024-03-26,7915.3994,7948.6774,7884.0231,7899.2358
2024-03-27,7958.1844,8053.2642,7937.2668,7996.2163
2024-03-28,8006.8415,8026.1584,7940.1983,7976.9004
2024-03-29,7986.5581,8006.8408,7912.1882,7925.7100
2024-04-01,7971.1055,8025.1927,7901.5648,7929.5742
2024-04-02,7900.5989,7945.9935,7846.5117,7868.7261
2024-04-03,7774.0735,7774.0735,7480.4571,7539.3735
2024-04-04,7619.5381,7691.9764,7575.1093,7618.5723
2024-04-05,7482.3888,7492.0472,7366.4876,7476.5938
2024-04-08,7533.5783,7602.1531,7506.5346,7589.5972
2024-04-09,7601.1867,7617.6061,7527.7826,7612.7769
2024-04-10,7582.8359,7599.2553,7520.0561,7521.9878
2024-04-11,7418.6431,7475.6278,7409.9505,7459.2085
2024-04-12,7572.2119,7572.2119,7458.2424,7470.7983
2024-04-15,7388.7012,7406.0864,7322.0581,7406.0864
2024-04-16,7321.0926,7330.7510,7254.4494,7267.0054
2024-04-17,7369.3848,7384.8383,7258.3128,7325.9219
2024-04-18,7340.4099,7393.5313,7275.6984,7329.7856
2024-04-19,7267.9713,7317.2294,7129.8557,7200.3623
2024-04-22,7231.2691,7290.1856,7190.7037,7267.9712
2024-04-23,7307.5709,7335.5804,7213.8841,7241.8936
2024-04-24,7249.6205,7291.1518,7210.9868,7253.4839
2024-04-25,7195.5337,7233.2016,7114.4029,7153.0366
2024-04-26,7282.4589,7390.6334,7244.7910,7387.7358
2024-04-30,7485.2858,7511.3636,7389.6674,7456.3105
2024-05-01,7456.3105,7477.5591,7355.8628,7376.1455
2024-05-02,7340.4093,7362.6237,7312.3998,7316.2632
2024-05-07,7461.1398,7565.4509,7440.8571,7493.9785
2024-05-08,7465.9690,7614.7089,7072.8708,7086.3926
2024-05-09,7154.0020,7392.5653,7127.9242,7337.5122
2024-05-10,7510.3982,7726.7471,7421.5406,7580.9048
2024-05-13,7601.1872,7755.7221,7587.6654,7737.3711
2024-05-14,7870.6575,8151.7179,7853.2723,8146.8887
2024-05-15,8074.4506,8130.4695,8006.8416,8035.8169
2024-05-16,8113.0843,8306.2529,8093.7674,8306.2529
2024-05-17,8210.6347,8250.2343,8138.1965,8212.5664
2024-05-20,8192.2838,8246.3711,8087.0069,8104.3921
2024-05-21,8138.1967,8197.1132,8093.7679,8120.8115
2024-05-22,8093.7663,8205.8041,8060.9276,8065.7568
2024-05-23,8106.3234,8111.1526,7970.1395,7998.1489
2024-05-24,7941.1639,8057.0651,7917.0178,7970.1392
2024-05-27,7952.7546,8003.9443,7907.3600,8003.9443
2024-05-28,7962.4128,7974.0029,7889.0087,7912.1890
2024-05-29,7917.9842,8028.0903,7915.0867,7986.5591
2024-05-30,7943.0951,8080.2448,7866.7934,8072.5181
2024-05-31,8172.0017,8336.1951,8159.4458,8262.7910
2024-06-03,8191.3179,8412.4960,8191.3179,8374.8281
2024-06-04,8366.1353,8580.5525,8329.4333,8547.7139
2024-06-05,8537.0899,8571.8603,8445.3348,8453.0615
2024-06-06,8528.3972,8638.5034,8486.8660,8496.5244
2024-06-07,8451.1288,8470.4457,8377.7247,8455.9580
2024-06-10,8424.0855,8457.8901,8283.0724,8440.5049
2024-06-11,8295.6298,8454.9940,8269.5521,8378.6924
2024-06-12,8306.2532,8357.4429,8227.0541,8253.1318
2024-06-13,8306.2530,8306.2530,8060.9288,8077.3481
2024-06-14,8028.0899,8244.4388,8019.3973,8191.3174
2024-06-17,8134.3323,8160.4101,8068.6549,8123.7080
2024-06-18,8209.6689,8431.8129,8135.2989,8375.7939
2024-06-19,8497.4904,8509.0805,8223.1908,8287.9023
2024-06-20,8242.5079,8254.0980,8076.3828,8198.0791
2024-06-21,8244.4397,8282.1076,8186.4891,8192.2842
2024-06-24,8113.0848,8244.4395,8095.6996,8202.9082
2024-06-25,8285.0046,8352.6137,8202.9079,8337.1602
2024-06-26,8360.3402,8387.3838,8261.8242,8387.3838
2024-06-27,8365.1684,8370.9635,8258.9257,8304.3203
2024-06-28,8315.9114,8341.9892,8205.8053,8263.7559
2024-07-01,8359.3748,8511.0122,8335.2287,8450.1641
2024-07-02,8573.7920,8687.7616,8504.2513,8571.8604
2024-07-03,8596.0052,8658.7850,8518.7377,8583.4492
2024-07-04,8609.5283,8624.0160,8501.3538,8528.3975
2024-07-05,8499.4226,8634.6406,8486.8666,8593.1094
2024-07-08,8540.9533,8555.4410,8441.4715,8490.7295
2024-07-09,8465.6159,8680.9989,8380.6217,8643.3311
2024-07-10,8649.1269,8692.5898,8562.2010,8692.5898
2024-07-11,8711.9083,8856.7848,8707.0791,8789.1758
2024-07-12,8691.6240,8712.8725,8583.4495,8611.4590
2024-07-16,8636.5711,8636.5711,8490.7287,8523.5674
2024-07-17,8528.3974,8533.2266,8398.0085,8449.1982
2024-07-18,8349.7161,8392.2132,8252.1659,8257.9609
2024-07-19,8327.5021,8381.5893,8237.6786,8281.1416
2024-07-22,8327.5011,8327.5011,8174.8978,8240.5752
2024-07-23,8301.4242,8301.4242,8174.8987,8202.9082
2024-07-24,8163.3078,8238.6436,8140.1276,8196.1465
2024-07-25,8115.0155,8141.0933,7980.7633,7997.1826
2024-07-26,7988.4908,8058.9974,7938.2669,7965.3105
2024-07-29,8059.9625,8097.6304,7974.0024,8057.0649
2024-07-30,8016.5004,8087.9728,8012.6370,8062.8608
2024-07-31,7953.7196,8126.6056,7896.7349,8101.4937
2024-08-01,7811.7413,7872.5894,7722.8837,7828.1606
2024-08-02,7707.4297,7803.0482,7630.1623,7644.6499
2024-08-05,6920.2677,6950.2089,6297.2988,6381.3271
2024-08-06,6857.4877,7262.1761,6857.4877,7250.5859
2024-08-07,7047.7590,7563.5194,6992.7059,7386.7700
2024-08-08,7147.2413,7436.0285,7093.1541,7307.5713
2024-08-09,7359.7263,7597.3238,7321.0926,7534.5439
2024-08-13,7534.5441,7566.4170,7422.5063,7485.2861
2024-08-14,7547.0998,7737.3710,7495.9101,7701.6348
2024-08-15,7610.8458,7682.3182,7575.1096,7628.2310
2024-08-16,7755.7221,7863.8965,7630.1625,7840.7163
2024-08-19,7831.0586,7864.8631,7739.3035,7790.4932
2024-08-20,7855.2042,7898.6672,7758.6199,7870.6577
2024-08-21,7782.7660,7985.5931,7756.6882,7971.1055
2024-08-22,8021.3298,8048.3734,7944.0623,7993.3203
2024-08-23,7960.4809,8030.0216,7901.5644,7944.0615
2024-08-26,7816.5704,7890.9403,7794.3560,7833.9556
2024-08-27,7678.4548,7777.9366,7652.3770,7773.1074
2024-08-28,7678.4547,7735.4394,7637.8893,7694.8740
2024-08-29,7659.1376,7686.1812,7601.1870,7601.1870
2024-08-30,7592.4951,7659.1383,7592.4951,7632.0947
2024-09-02,7685.2151,7706.4637,7640.7863,7652.3765
2024-09-03,7630.1625,7695.8398,7610.8456,7655.2744
2024-09-04,7456.3106,7567.3825,7388.7015,7435.0620
2024-09-05,7427.3355,7570.2803,7396.4285,7466.9351
2024-09-06,7522.9542,7672.6599,7454.3793,7497.8423
2024-09-09,7334.6152,7480.4575,7271.8353,7480.4575
2024-09-10,7484.3196,7497.8414,7381.9402,7432.1641
2024-09-11,7423.4721,7432.1647,7231.2693,7281.4932
2024-09-12,7423.4720,7490.1152,7354.8971,7390.6333
2024-09-13,7375.1794,7384.8379,7294.0486,7323.9897
2024-09-17,7258.3123,7338.4773,7224.5078,7288.2534
2024-09-18,7319.1611,7404.1553,7236.0986,7300.8101
2024-09-19,7408.0185,7450.5156,7350.0679,7410.9160
2024-09-20,7534.5445,7557.7248,7399.3265,7408.0190
2024-09-24,7436.9938,7568.3485,7429.2670,7452.4473
2024-09-25,7388.7017,7425.4037,7351.9996,7367.4531
2024-09-26,7533.5780,7735.4393,7524.8854,7722.8833
2024-09-27,7780.1187,7816.0121,7705.4218,7807.2812
2024-09-30,7421.1857,7545.3572,7323.2067,7407.6045
2024-10-01,7527.8958,7560.8788,7450.2886,7465.8101
2024-10-02,7372.6814,7467.7502,7364.9207,7442.5278
2024-10-03,7567.6688,7595.8014,7467.7496,7532.7456
2024-10-04,7537.5962,7570.5793,7499.7627,7511.4038
2024-10-07,7780.1192,7904.2907,7669.5290,7845.1152
2024-10-08,7763.6269,7815.0417,7733.5542,7797.5801
2024-10-09,7710.2724,7712.2125,7586.1009,7641.3960
2024-10-10,7712.2127,7731.6144,7665.6483,7676.3193
2024-10-11,7693.7810,7693.7810,7617.1439,7642.3662
2024-10-15,7673.4090,7787.8796,7670.4988,7706.3921
2024-10-16,7624.9042,7766.5372,7617.1434,7691.8403
2024-10-17,7741.3152,7843.1746,7712.2125,7754.8965
2024-10-18,7828.6235,7899.4400,7772.3583,7779.1489
2024-10-21,7741.3155,7842.2049,7716.0932,7810.1919
2024-10-22,7816.0122,7839.2943,7752.9564,7770.4180
2024-10-23,7821.8324,7874.2173,7808.2512,7836.3838
2024-10-24,7795.6404,7860.6364,7739.3752,7827.6533
2024-10-25,7824.7430,7826.6831,7740.3452,7762.6572
2024-10-28,7780.1191,7973.1669,7774.2985,7915.9316
2024-10-29,7886.8285,7941.1535,7845.1147,7897.4995
2024-10-30,7857.7260,7958.6154,7842.2046,7849.9653
2024-10-31,7955.7049,8025.5514,7857.7259,7901.3799
2024-11-01,7721.9135,7826.6831,7687.9603,7724.8237
2024-11-05,7365.8902,7675.3488,7357.1594,7427.0059
2024-11-06,7690.8707,7894.5895,7498.7929,7857.7261
2024-11-07,8051.7439,8112.8595,7948.9144,7962.4956
2024-11-08,8031.3720,8043.9832,7888.7689,7947.9443
2024-11-11,7978.0174,8057.5648,7956.6754,8003.2397
2024-11-12,8066.2956,8144.8729,8044.9536,8090.5479
2024-11-13,8009.0602,8026.5218,7768.4780,7824.7432
2024-11-14,7907.2005,8001.2992,7856.7559,7856.7559
2024-11-15,7925.6327,8068.2359,7909.1412,8011.9707
2024-11-18,7925.6322,7999.3590,7898.4697,7954.7349
2024-11-19,8008.0897,8120.6201,7900.4098,7931.4526
2024-11-20,7995.4790,8004.2098,7910.1111,7979.9575
2024-11-21,7907.2004,8022.6410,7853.8454,7957.6450
2024-11-22,7906.2305,7954.7350,7881.9783,7921.7520
2024-11-25,7952.7950,8003.2397,7887.7990,7953.7651
2024-11-26,7872.2772,8093.4577,7871.3071,8060.4746
2024-11-27,8143.9023,8310.7577,8121.5902,8271.9541
2024-11-28,8292.3261,8522.2373,8188.5265,8522.2373
2024-11-29,8461.1223,8583.3536,8410.6777,8546.4902
2024-12-02,8633.7976,8771.5503,8480.5234,8590.1436
2024-12-03,8590.1439,8717.2257,8578.5029,8672.6016
2024-12-04,8676.4819,9002.4321,8676.4819,8907.3633
2024-12-05,9052.8757,9089.7391,8908.3324,9016.9824
2024-12-06,9021.8340,9029.5947,8771.5508,8787.0723
2024-12-09,8882.1403,8957.8073,8840.4265,8940.3457
2024-12-10,8895.7211,8896.6912,8692.0023,8766.6992
2024-12-11,8876.3198,8902.5122,8815.2042,8830.7256
2024-12-12,8876.3204,8927.7352,8832.6664,8865.6494
2024-12-13,8812.2941,8868.5593,8790.9521,8851.0977
2024-12-16,8900.5729,8983.0305,8829.7564,8909.3037
2024-12-17,8986.9101,9300.2491,8975.2691,9206.1504
2024-12-18,9116.9028,9118.8430,8968.4791,8987.8809
2024-12-19,8880.2000,9184.8082,8861.7683,9128.5430
2024-12-20,9118.8428,9138.2446,8857.8887,8857.8887
2024-12-23,8988.8509,9020.8639,8895.7223,8896.6924
2024-12-24,8998.5516,9029.5945,8890.8717,8951.9873
2024-12-25,8924.8242,8934.5251,8800.6528,8924.8242
2024-12-26,8905.4221,9000.4909,8895.7212,8983.0293
2024-12-27,9026.6839,9088.7696,8959.7477,9070.3379
2024-12-30,9147.9450,9157.6459,8980.1195,8986.9102
2025-01-06,9012.1326,9015.0429,8750.2084,8798.7129
2025-01-07,8911.2436,8919.9744,8807.4440,8884.0811
2025-01-08,8798.7120,8818.1138,8622.1557,8636.7070
2025-01-09,8638.6479,8860.7984,8637.6778,8846.2471
2025-01-10,8775.4315,8996.6120,8747.2989,8971.3896
2025-01-14,8973.3286,9120.7822,8964.5978,9052.8760
2025-01-15,9278.9072,9338.0827,9201.3001,9278.9072
2025-01-16,9409.8700,9440.9129,9192.5699,9303.1602
2025-01-17,9215.8522,9309.9509,8631.8582,8906.3936
2025-01-20,9021.8333,9178.9878,8634.7676,8634.7676
2025-01-21,8728.8661,8900.5720,8687.1523,8773.4902
2025-01-22,8876.3208,9136.3049,8840.4275,9122.7236
2025-01-23,9118.8417,9482.6253,9114.9613,9273.0859
2025-01-24,9256.5953,9657.2423,9251.7449,9594.1865
2025-01-27,9567.0241,9631.0500,9466.1348,9500.0879
2025-01-28,9430.2415,10001.6243,9430.2415,9943.4189
2025-01-29,9909.4661,10045.2787,9851.2607,9885.2139
2025-01-30,9885.2135,10156.8386,9822.1577,10113.1846
2025-01-31,10050.1282,10084.0814,9924.0166,9924.0166
2025-02-03,9807.6063,9957.9702,9749.4009,9870.6621
2025-02-04,10069.5298,10263.5478,10035.5767,10088.9316
2025-02-05,9991.9231,10457.5662,9982.2222,10379.9590
2025-02-06,10423.6135,10680.6872,10350.8567,10670.9863
2025-02-07,10413.9121,10569.1264,10409.0616,10481.8184
2025-02-10,10413.9118,10670.9855,10409.0613,10607.9297
2025-02-12,10656.4344,10695.2380,10428.4634,10651.5840
2025-02-13,10700.0881,10947.4609,10656.4341,10913.5078
2025-02-14,10782.5465,10947.4618,10598.2295,10908.6582
2025-02-17,10855.3025,11117.2267,10855.3025,11054.1709
2025-02-18,11059.0209,11165.7308,10976.5633,11107.5254
2025-02-19,11257.8910,11447.0585,11175.4334,11408.2549
2025-02-20,11262.7408,11335.4976,11000.8166,11146.3301
2025-02-21,11146.3301,11219.0868,10957.1626,11112.3770
2025-02-25,11063.8714,11228.7866,10971.7129,10971.7129
2025-02-26,10986.2644,11049.3203,10603.0791,10772.8447
2025-02-27,10767.9956,11117.2278,10753.4442,11059.0225
2025-02-28,10835.9001,11010.5162,10724.3398,10826.1992
2025-03-03,11005.6671,11044.4707,10632.1826,10734.0420
2025-03-04,10748.5932,10826.2003,10598.2293,10797.0977
2025-03-05,10826.1996,10995.9653,10661.2844,10840.7510
2025-03-06,10962.0131,11068.7229,10923.2095,11044.4707
2025-03-07,10195.6426,10554.5758,9928.8680,10025.8770
2025-03-10,9894.9146,9953.1199,9617.4689,9705.7471
2025-03-11,9414.7196,9754.2510,9347.7834,9754.2510
2025-03-12,9807.6059,9914.3157,9700.8960,9856.1104
2025-03-13,10084.0820,10132.5865,9870.6622,9875.5127
2025-03-14,9783.3536,10040.4273,9754.2509,9957.9697
2025-03-17,10142.2873,10156.8387,9948.2694,9977.3721
2025-03-18,9957.9699,10050.1284,9875.5122,9962.8203
2025-03-19,10200.4922,10331.4543,10161.6886,10234.4453
2025-03-21,10428.4640,10578.8278,10355.7072,10569.1270
2025-03-24,10670.9856,10675.8360,10370.2578,10370.2578
2025-03-25,10467.2669,10510.9209,10409.0615,10443.0146
2025-03-26,10738.8919,11107.5260,10704.9388,10991.1152
2025-03-27,10661.2853,10801.9483,10583.6781,10700.0889
2025-03-28,10656.0963,10729.4181,10489.9003,10592.5508
2025-03-31,10216.1654,10313.9278,9883.7734,9883.7734
2025-04-01,10069.5217,10274.8226,9966.8712,9976.6475
2025-04-02,10030.4172,10235.7181,9917.9905,10186.8369
2025-04-03,9610.0385,9991.3116,9588.5308,9854.4443
2025-04-04,9766.4581,9883.7729,9593.4188,9753.7490
2025-04-07,8779.0591,9406.6934,8761.4619,8988.2705
2025-04-08,9338.2588,9795.7866,9338.2588,9620.7920
2025-04-09,9422.3351,9524.9856,8967.7402,9194.5488
2025-04-10,9971.7594,10289.4870,9790.8991,10269.9346
2025-04-11,9688.2488,9869.1091,9563.1130,9815.3398
2025-04-14,10020.6400,10265.0459,10010.8638,10118.4023
2025-04-15,10328.5923,10328.5923,10059.7458,10074.4102
2025-04-16,9991.3121,10025.5289,9687.2712,9815.3398
2025-04-17,9734.1967,10113.5146,9709.7562,10113.5146
2025-04-18,10084.1858,10147.7313,10035.3046,10137.9551
2025-04-21,10059.7460,10128.1796,9986.4242,10015.7529
2025-04-22,9908.2134,10001.0876,9805.5630,9947.3184
2025-04-23,10269.9344,10338.3680,10093.9621,10181.9482
2025-04-24,10636.5436,10788.0752,10519.2288,10753.8584
2025-04-25,10949.3835,11159.5726,10841.8449,11144.9082
2025-04-28,11330.6566,11350.2091,11110.6914,11179.1250
2025-04-30,11286.6634,11589.7267,11242.6704,11565.2861
2025-05-01,11658.1601,11873.2373,11604.3908,11873.2373
2025-05-02,11951.4476,12259.3990,11892.7902,12083.4268
2025-05-07,12093.2029,12195.8533,11970.9999,12073.6504
2025-05-08,12142.0836,12176.3004,11751.0342,11751.0342
2025-05-09,11648.3840,12093.2027,11477.2999,11555.5098
2025-05-12,11702.1530,11702.1530,11247.5581,11320.8799
2025-05-13,11716.8176,11897.6780,11560.3979,11736.3701
2025-05-14,11731.4814,11819.4675,11433.3062,11438.1943
2025-05-15,11267.1113,11359.9855,11076.4747,11188.9014
2025-05-16,11140.0203,11418.6430,11076.4748,11379.5381
2025-05-19,11335.5448,11369.7616,11179.1250,11359.9854
2025-05-20,11389.3129,11423.5297,11213.3406,11271.9980
2025-05-21,11291.5514,11301.3276,10978.7119,11012.9287
2025-05-22,10998.2640,11208.4530,10871.1729,10949.3828
2025-05-23,11193.7888,11535.9570,11076.4740,11535.9570
2025-05-26,11609.2785,11755.9221,11423.5301,11697.2646
2025-05-27,11702.1530,11936.7826,11643.4956,11931.8945
2025-05-28,11927.0062,12146.9715,11814.5795,11878.1250
2025-05-29,12073.6501,12093.2026,11883.0135,12054.0977
2025-05-30,11760.8104,11853.6846,11570.1738,11570.1738
2025-06-02,11521.2924,11570.1736,11296.4390,11482.1875
2025-06-03,11711.9293,11721.7056,11433.3066,11433.3066
2025-06-04,11829.2440,11843.9084,11648.3837,11819.4678
2025-06-05,11741.2576,11912.3417,11531.0686,11584.8379
2025-06-06,11907.4539,11936.7826,11589.7262,11638.6074
2025-06-09,11638.6073,11814.5795,11619.0548,11809.6914
2025-06-10,11716.8170,11907.4536,11614.1666,11834.1318
2025-06-11,11565.2854,11584.8379,11257.3340,11403.9775
2025-06-12,11663.0485,11716.8178,11516.4050,11531.0693
2025-06-13,11604.3914,11653.2725,11355.0974,11550.6221
2025-06-16,11751.0337,11912.3415,11575.0615,11677.7119
2025-06-17,11731.4814,12161.6357,11658.1597,12161.6357
2025-06-18,12244.7339,13021.9445,12244.7339,12963.2871
2025-06-19,12850.8601,13197.9164,12826.4195,12977.9512
2025-06-20,12806.8672,12841.0840,12445.1465,12445.1465
2025-06-23,12430.4823,12454.9229,12205.6289,12386.4893
2025-06-24,12679.7767,12689.5529,12454.9233,12596.6787
2025-06-25,12665.1127,13168.5888,12596.6791,13056.1621
2025-06-26,13100.1546,13271.2387,12992.6160,13119.7070
2025-06-27,13227.2455,13334.7840,13080.6019,13325.0078
2025-06-30,13486.3161,13593.8546,13403.2181,13569.4141
2025-07-01,13496.0922,13500.9803,13114.8190,13129.4834
2025-07-02,12836.1955,12929.0698,12679.7758,12709.1045
2025-07-03,12836.1960,13007.2801,12713.9931,12816.6436
2025-07-04,12977.9516,13012.1685,12845.9725,12904.6299
2025-07-07,12811.7557,12924.1824,12787.3151,12904.6299
2025-07-08,12709.1046,12806.8669,12538.0205,12753.0977
2025-07-09,12718.8810,12753.0978,12464.6989,12694.4404
2025-07-10,12640.6715,12684.6645,12362.0488,12396.2656
2025-07-11,12464.6988,12518.4681,12362.0484,12401.1533
2025-07-14,12278.9502,12303.3908,12078.5374,12210.5166
2025-07-15,12445.1472,12469.5878,12190.9651,12244.7344
2025-07-16,12322.9436,12459.8109,12171.4119,12410.9297
2025-07-17,12630.8949,12694.4404,12542.9088,12694.4404
2025-07-18,12709.1051,12782.4268,12606.4546,12679.7764
2025-07-22,12806.8668,12929.0697,12479.3629,12562.4609
2025-07-23,12596.6789,12684.6651,12396.2661,12650.4482
2025-07-24,12885.0774,12987.7279,12679.7765,12904.6299
2025-07-25,12772.6504,13031.7206,12557.5732,12591.7900
2025-07-28,12826.4197,12826.4197,12494.0277,12557.5732
2025-07-29,12474.4749,12572.2372,12435.3699,12528.2441
2025-07-30,12586.9022,12591.7903,12406.0418,12430.4824
2025-07-31,12396.2658,12450.0350,12200.7411,12406.0420
2025-08-01,12533.1333,12650.4481,12249.6224,12313.1680
2025-08-04,12220.2930,13153.9234,12215.4049,12943.7344
2025-08-05,13334.7836,13349.4480,12953.5105,13114.8184
2025-08-06,12943.7346,13285.9028,12938.8465,13178.3643
2025-08-07,13237.0209,13520.5317,13085.4893,13447.2100
2025-08-08,13740.4981,14248.8623,13618.2952,14033.7852
2025-08-12,14014.2324,14024.0086,13667.1761,13867.5889
2025-08-13,13872.4772,14038.6732,13843.1485,13955.5752
2025-08-14,14126.6585,14248.8614,13608.5181,13862.7002
2025-08-15,13882.2536,14126.6595,13818.7081,14077.7783
2025-08-18,14077.7783,14463.9396,13989.7922,14327.0723
2025-08-19,14239.0860,14273.3028,13784.4911,13955.5752
2025-08-20,13804.0429,13887.1409,13456.9866,13510.7559
2025-08-21,13496.0922,13510.7565,13300.5675,13378.7773
2025-08-22,13491.2036,13579.1897,13417.8818,13452.0986
2025-08-25,13579.1895,13623.1826,13364.1124,13442.3223
2025-08-26,13354.3366,13442.3227,13222.3574,13222.3574
2025-08-27,13100.1545,13168.5881,12914.4060,13075.7139
2025-08-28,13021.9448,13188.1408,12982.8399,13129.4834
2025-08-29,13002.3927,13144.1481,12938.8472,13012.1689
2025-09-01,12894.8540,12924.1827,12718.8817,12855.7490
2025-09-02,12880.1891,12943.7346,12782.4267,12816.6436
2025-09-03,12718.8816,12929.0707,12694.4410,12811.7559
2025-09-04,12855.7491,13070.8262,12841.0847,13002.3926
2025-09-05,13070.8258,13090.3783,12855.7487,12973.0635
2025-09-08,13075.7140,13510.7564,12992.6160,13481.4277
2025-09-09,13686.7280,13716.0567,13432.5459,13432.5459
2025-09-10,13354.3367,13559.6376,13276.1268,13481.4277
2025-09-11,13608.5187,13970.2394,13432.5464,13833.3721
2025-09-12,13911.5822,13975.1277,13730.7218,13921.3584
2025-09-16,13657.3993,13716.0567,13359.2241,13466.7627
2025-09-17,13412.9941,13466.7634,13217.4694,13232.1338
2025-09-18,13129.4836,13188.1410,12797.0916,12821.5322
2025-09-19,12669.9998,12757.9859,12494.0276,12513.5801
2025-09-22,12938.8464,13012.1681,12410.9297,12410.9297
2025-09-24,12513.5802,12836.1959,12435.3703,12806.8672
2025-09-25,12684.6642,12757.9859,12547.7969,12547.7969
2025-09-26,12513.5798,12889.9648,12498.9155,12709.1045
2025-09-29,12711.0664,12745.3941,12460.9644,12554.1396
2025-09-30,12554.1400,12720.8747,12407.0212,12559.0439
2025-10-01,12563.9473,12814.0493,12495.2919,12750.2979
2025-10-02,12578.6594,12662.0268,12382.5010,12539.4277
2025-10-03,12456.0608,12495.2925,12313.8459,12416.8291
2025-10-06,12456.0609,12720.8748,12210.8628,12617.8916
2025-10-07,12627.6994,12701.2588,12490.3885,12701.2588
2025-10-08,12848.3774,12975.8804,12578.6595,12598.2754
2025-10-09,12647.3146,12676.7384,12343.2691,12421.7324
2025-10-10,12387.4054,12436.4450,12147.1113,12147.1113
2025-10-14,11921.5292,12299.1341,11887.2014,12161.8232
2025-10-15,12254.9984,12377.5974,12176.5350,12274.6143
2025-10-16,12122.5914,12137.3032,11892.1052,11916.6250
2025-10-17,11857.7775,12284.4221,11764.6022,12230.4785
2025-10-20,12524.7163,12715.9708,12485.4847,12617.8916
2025-10-21,12848.3776,12985.6885,12598.2756,12985.6885
2025-10-22,13044.5357,13054.3436,12809.1456,12853.2812
2025-10-23,12608.0834,12848.3775,12583.5636,12799.3379
2025-10-24,12828.7612,12872.8969,12593.3711,12593.3711
2025-10-27,12612.9874,12936.6488,12612.9874,12799.3379
2025-10-28,12760.1065,12809.1461,12622.7956,12774.8184
2025-10-29,12725.7779,12921.9363,12652.2185,12691.4502
2025-10-30,12603.1788,12696.3541,12407.0204,12662.0264
2025-10-31,12745.3940,12867.9930,12662.0267,12794.4336
2025-11-04,12828.7614,12985.6882,12652.2188,12696.3545
2025-11-05,13731.0906,13991.0006,13270.1183,13485.8926
2025-11-06,14162.6386,14348.9891,13677.1465,13834.0732
2025-11-07,13804.6497,13834.0735,13338.7734,13637.9150
2025-11-10,13574.1632,13593.7790,13113.1909,13162.2305
2025-11-11,13368.1972,13490.7963,13275.0220,13353.4854
2025-11-12,13353.4850,13618.2988,13309.3493,13618.2988
2025-11-13,13711.4749,13716.3789,13343.6779,13402.5254
2025-11-14,13132.8074,13294.6381,13122.9995,13186.7510
2025-11-17,13240.6945,13260.3104,13054.3440,13172.0391
2025-11-18,12995.4966,13122.9996,12858.1857,12946.4570
2025-11-19,12863.0890,12956.2643,12701.2583,12779.7217
2025-11-20,13024.9196,13122.9988,12872.8968,13020.0156
2025-11-21,12946.4569,13172.0391,12917.0331,13044.5361
2025-11-25,13029.8239,13039.6318,12774.8179,12867.9932
2025-11-26,12818.9535,13039.6317,12765.0099,12980.7842
2025-11-27,12966.0728,13088.6718,12882.7055,12917.0332
2025-11-28,12990.5922,13176.9427,12951.3605,13024.9199
2025-12-01,12946.4567,13088.6716,12725.7785,12814.0498
2025-12-02,12711.0669,12912.1293,12588.4678,12617.8916
2025-12-03,12465.8684,12578.6595,12338.3654,12411.9248
2025-12-04,12460.9645,12696.3547,12411.9249,12627.6992
2025-12-05,12333.4618,12402.1172,12147.1112,12259.9023
2025-12-08,12147.1109,12205.9584,12063.7435,12083.3594
2025-12-09,11965.6644,11995.0882,11632.1951,11671.4268
2025-12-10,11455.6525,11592.9634,11122.1831,11357.5732
2025-12-11,10896.6006,11293.8214,10886.7926,11181.0303
2025-12-12,11288.9181,11514.5003,11279.1102,11504.6924
2025-12-15,11396.8051,11426.2288,11239.8783,11274.2061
2025-12-16,11151.6071,11342.8615,11102.5674,11131.9912
2025-12-17,11063.3361,11220.2628,10886.7935,10965.2568
2025-12-18,10788.7138,10818.1376,10597.4594,10774.0020
2025-12-19,10710.2504,10724.9623,10435.6286,10445.4365
2025-12-22,10445.4367,10469.9565,10048.2158,10048.2158
2025-12-23,10254.1818,10425.8204,10136.4867,10313.0293
2025-12-24,10523.9001,10538.6120,10200.2387,10234.5664
2025-12-25,10386.5891,10425.8208,10273.7980,10347.3574
2025-12-26,10430.7246,10739.6742,10391.4929,10587.6514
2025-12-29,10592.5555,10631.7872,10425.8209,10533.7080
2025-12-30,10612.1714,10636.6912,10357.1654,10391.4932
2026-01-05,10671.0187,10680.8266,10327.7415,10445.4365
2026-01-06,10435.6287,10656.3069,10347.3574,10646.4990
2026-01-07,10514.0923,10523.9003,10077.6398,10151.1992
2026-01-08,10136.4866,10165.9104,9974.6559,9984.4639
2026-01-09,9812.8252,10082.5430,9799.0941,9969.7520
2026-01-13,9925.6165,9979.5601,9638.2444,9758.8818
2026-01-14,9906.0012,10033.5042,9856.9616,10023.6963
2026-01-15,10259.0862,10455.2447,10229.6625,10249.2783
2026-01-16,10445.4366,10445.4366,10239.4702,10317.9336
2026-01-19,10190.4311,10440.5331,10151.1994,10381.6855
2026-01-20,10386.5889,10386.5889,10214.9503,10244.3740
2026-01-21,10102.1589,10146.2946,9910.9045,9984.4639
2026-01-22,10053.1195,10067.8314,9758.8818,9758.8818
2026-01-23,10200.2383,10440.5324,10004.0799,10200.2383
2026-01-26,10337.5492,10371.8769,10058.0235,10214.9502
2026-01-27,10342.4534,10362.0693,10053.1197,10175.7188
2026-01-28,10004.0797,10008.9836,9871.6727,9969.7520
2026-01-29,9837.3455,9856.9613,9722.5928,9740.2471
2026-01-30,9807.9217,10028.5999,9779.4787,9861.8652
2026-02-02,9611.7629,9787.3247,9585.2815,9708.8613
2026-02-03,9793.2095,9999.1759,9700.0343,9886.3848
2026-02-04,9003.6724,9086.0590,8636.8561,8800.6484
2026-02-05,8680.9911,8751.6081,8537.7954,8613.3164
2026-02-06,8385.7726,8451.4856,8166.0751,8278.8662
2026-02-09,8483.8526,8547.6041,8373.0230,8495.6221
2026-02-10,8680.0103,8881.0726,8621.1627,8758.4736
2026-02-12,8758.4737,8770.2432,8399.5037,8474.0439
2026-02-13,8375.9653,8502.4875,8189.6147,8189.6147
2026-02-16,8336.7333,8585.8545,8286.7129,8286.7129
2026-02-17,8281.8092,8354.3878,8195.4995,8247.4814
2026-02-18,8336.7334,8470.1211,8269.0587,8470.1211
2026-02-19,8563.2963,8610.3743,8374.0034,8452.4668
2026-02-20,8513.2762,8519.1609,8346.5415,8422.0625
2026-02-24,8425.0051,8559.3736,8353.4073,8376.9463
2026-02-25,8328.8874,8380.8694,8250.4240,8350.4648
2026-02-26,8440.6969,8699.6260,8393.6189,8569.1807
2026-02-27,8819.2832,8922.2664,8683.9339,8822.2256
2026-03-02,8557.4115,8628.0285,8407.3503,8574.0850
2026-03-03,8434.8125,8498.5640,8344.5796,8423.0430
2026-03-04,8423.0432,8679.0300,8420.1008,8534.8535
2026-03-05,8616.2597,8652.5490,8381.8503,8412.2549
2026-03-06,8417.1587,8627.0483,8417.1587,8513.2764
2026-03-09,8339.6757,8445.6012,8255.3275,8440.6973
2026-03-10,8684.9143,8973.2672,8636.8555,8944.8242
2026-03-11,9672.5721,9896.1927,9420.5085,9741.2275
2026-03-12,9741.2274,10028.5994,9548.0113,9955.0400
2026-03-13,9807.9220,10224.7587,9773.5943,10023.6963
2026-03-16,10229.6624,10234.5664,9803.0178,9906.0010
2026-03-17,9979.5601,9984.4641,9566.6466,9631.3789
2026-03-18,9613.7247,9739.2661,9447.9709,9669.6299
2026-03-19,9513.6843,9720.6315,9513.6843,9547.0312
2026-03-23,9252.7936,9350.8728,9097.8284,9250.8320
2026-03-24,9317.5253,9335.1795,8665.2985,8811.4365
2026-03-25,8717.2808,8958.5557,8689.8186,8807.5137
2026-03-26,8729.0500,8919.3237,8724.1460,8817.3213
2026-03-27,8954.6327,9131.1753,8938.9400,9038.0000
2026-03-30,9033.0000,9052.0000,8775.0000,8899.0000
2026-03-31,8969.0000,9050.0000,8771.0000,8775.0000
2026-04-01,8884.0000,9075.0000,8860.0000,9005.0000
2026-04-02,9010.0000,9020.0000,8638.0000,8762.0000
2026-04-03,8798.0000,8859.0000,8724.0000,8736.0000
2026-04-06,8823.0000,8873.0000,8777.0000,8849.0000
2026-04-07,8900.0000,8987.0000,8818.0000,8844.0000
2026-04-08,9050.0000,9086.0000,8673.0000,8707.0000
2026-04-09,8725.0000,8726.0000,8513.0000,8531.0000
2026-04-10,8400.0000,8471.0000,8290.0000,8300.0000
2026-04-13,8200.0000,8323.0000,8132.0000,8297.0000
2026-04-14,8389.0000,8404.0000,8176.0000,8199.0000
2026-04-15,8162.0000,8254.0000,8143.0000,8189.0000
2026-04-16,8269.0000,8429.0000,8210.0000,8324.0000
2026-04-17,8589.0000,8670.0000,8526.0000,8615.0000
2026-04-20,8613.0000,8615.0000,8448.0000,8507.0000
2026-04-21,8495.0000,8506.0000,8410.0000,8429.0000
2026-04-22,8400.0000,8420.0000,8301.0000,8413.0000
2026-04-23,8385.0000,8415.0000,8173.0000,8220.0000
2026-04-24,8070.0000,8080.0000,7917.0000,7953.0000
2026-04-27,7958.0000,7973.0000,7866.0000,7893.0000
2026-04-28,8000.0000,8029.0000,7877.0000,7922.0000
2026-04-30,7975.0000,7984.0000,7630.0000,7687.0000
2026-05-01,7600.0000,7626.0000,7477.0000,7597.0000
2026-05-07,7447.0000,7541.0000,7361.0000,7404.0000
2026-05-08,7664.0000,7837.0000,7568.0000,7667.0000
2026-05-11,6955.0000,7302.0000,6895.0000,7020.0000
2026-05-12,7021.0000,7231.0000,6950.0000,7179.0000
2026-05-13,7175.0000,7179.0000,7015.0000,7141.0000
2026-05-14,7050.0000,7100.0000,6851.0000,6864.0000
2026-05-15,6863.0000,7160.0000,6849.0000,7151.0000
2026-05-18,7172.0000,7359.0000,7123.0000,7182.0000
2026-05-19,7388.0000,7670.0000,7360.0000,7519.0000
2026-05-20,7635.0000,7670.0000,7429.0000,7500.0000
2026-05-21,7357.0000,7460.0000,7193.0000,7274.0000
2026-05-22,7227.0000,7419.0000,7176.0000,7240.0000
2026-05-25,7200.0000,7210.0000,7024.0000,7070.0000
2026-05-26,7078.0000,7165.0000,7008.0000,7060.0000
2026-05-27,7010.0000,7174.0000,6994.0000,7131.0000
2026-05-28,7077.0000,7109.0000,6931.0000,6972.0000
2026-05-29,7055.0000,7246.0000,6995.0000,7148.0000
2026-06-01,7261.0000,7314.0000,7113.0000,7163.0000
2026-06-02,7290.0000,7426.0000,7218.0000,7426.0000
2026-06-03,7150.0000,7502.0000,7077.0000,7457.0000
2026-06-04,7406.0000,7480.0000,7216.0000,7272.0000
2026-06-05,7474.0000,7669.0000,7471.0000,7524.0000
2026-06-08,7700.0000,7832.0000,7563.0000,7640.0000
2026-06-09,7716.0000,7898.0000,7560.0000,7738.0000
2026-06-10,7297.0000,7307.0000,7073.0000,7215.0000
2026-06-11,7215.0000,7296.0000,7135.0000,7144.0000
2026-06-12,7196.0000,7218.0000,7082.0000,7174.0000
2026-06-15,7130.0000,7247.0000,7060.0000,7110.0000
2026-06-16,7110.0000,7268.0000,7046.0000,7218.0000
2026-06-17,7009.0000,7359.0000,7005.0000,7275.0000
2026-06-18,7339.0000,7348.0000,7088.0000,7166.0000
2026-06-19,7115.0000,7117.0000,7010.0000,7076.0000
2026-06-22,7030.0000,7116.0000,6966.0000,7000.0000
2026-06-23,6950.0000,6995.0000,6879.0000,6917.0000
2026-06-24,6895.0000,6986.0000,6816.0000,6858.0000
2026-06-25,6800.0000,6895.0000,6696.0000,6859.0000
2026-06-26,6705.0000,6711.0000,6544.0000,6589.0000
2026-06-29,6764.0000,7055.0000,6750.0000,6935.0000
2026-06-30,6955.0000,6962.0000,6792.0000,6815.0000
2026-07-01,6815.0000,7007.0000,6802.0000,6980.0000
2026-07-02,7160.0000,7266.0000,7095.0000,7137.0000
2026-07-03,7347.0000,7477.0000,7132.0000,7132.0000
2026-07-06,7098.0000,7129.0000,7007.0000,7033.0000
2026-07-07,7106.0000,7199.0000,7083.0000,7148.0000
2026-07-08,7147.0000,7276.0000,7085.0000,7085.0000
2026-07-09,7000.0000,7183.0000,7000.0000,7120.0000
2026-07-10,7097.0000,7100.0000,7004.0000,7030.0000
2026-07-13,7068.0000,7115.0000,6952.0000,7106.0000
2026-07-14,7154.0000,7170.0000,7022.0000,7050.0000
2026-07-15,7068.0000,7119.0000,7014.0000,7014.0000
2026-07-16,7039.0000,7120.0000,6990.0000,7080.0000
2026-07-17,7163.0000,7429.0000,7150.0000,7294.0000
2026-07-21,7060.0000,7060.0000,6916.0000,6993.0000
2026-07-22,6927.0000,7055.0000,6905.0000,7003.0000
2026-07-23,6972.0000,7001.0000,6911.0000,7001.0000
2026-07-24,6950.0000,7025.0000,6910.0000,6969.0000
2026-07-27,7092.0000,7431.0000,7071.0000,7431.0000
2026-07-28,7468.0000,7659.0000,7433.0000,7659.0000
2026-07-29,7714.0000,8058.0000,7618.0000,7986.0000
2026-07-30,8123.0000,8245.0000,7935.0000,8145.0000
2026-07-31,7600.0000,7765.0000,7439.0000,7679.0000
2026-08-03,7636.0000,7695.0000,7414.0000,7589.0000
2026-08-04,7650.0000,7699.0000,7524.0000,7558.0000
2026-08-05,7500.0000,7545.0000,7403.0000,7428.0000
2026-08-06,7470.0000,7641.0000,7416.0000,7641.0000
2026-08-07,7815.0000,8047.0000,7624.0000,8043.0000
2026-08-10,8100.0000,8289.0000,7993.0000,8265.0000
2026-08-12,8415.0000,8526.0000,8312.0000,8488.0000
2026-08-13,8398.0000,8518.0000,8270.0000,8325.0000
2026-08-14,8600.0000,8945.0000,8585.0000,8900.0000
2026-08-17,9050.0000,9067.0000,8761.0000,8761.0000
2026-08-18,8611.0000,8834.0000,8540.0000,8760.0000
2026-08-19,8899.0000,8941.0000,8537.0000,8577.0000
2026-08-20,8870.0000,8998.0000,8772.0000,8781.0000
2026-08-21,8820.0000,8848.0000,8553.0000,8599.0000
2026-08-24,8597.0000,8857.0000,8571.0000,8793.0000
2026-08-25,8897.0000,8993.0000,8794.0000,8864.0000
2026-08-26,8940.0000,9060.0000,8865.0000,8896.0000
2026-08-27,8746.0000,8888.0000,8667.0000,8728.0000
2026-08-28,8785.0000,9095.0000,8767.0000,8993.0000
2026-08-31,9000.0000,9044.0000,8877.0000,9044.0000
2026-09-01,9066.0000,9180.0000,9008.0000,9103.0000
2026-09-02,8960.0000,8972.0000,8796.0000,8821.0000
2026-09-03,8761.0000,8927.0000,8712.0000,8855.0000
2026-09-04,8847.0000,8950.0000,8803.0000,8839.0000
2026-09-07,8705.0000,8831.0000,8556.0000,8750.0000
2026-09-08,8767.0000,8995.0000,8749.0000,8750.0000
2026-09-09,8548.0000,8660.0000,8386.0000,8401.0000
2026-09-10,8000.0000,8148.0000,7903.0000,7989.0000
2026-09-11,7852.0000,8131.0000,7851.0000,8093.0000
2026-09-14,8193.0000,8318.0000,8134.0000,8268.0000
2026-09-15,8473.0000,8473.0000,8118.0000,8118.0000
2026-09-16,8104.0000,8217.0000,8080.0000,8126.0000
2026-09-17,8141.0000,8503.0000,8130.0000,8475.0000
2026-09-18,8350.0000,8390.0000,8251.0000,8339.0000
2026-09-24,8257.0000,8330.0000,8175.0000,8196.0000
2026-09-25,8140.0000,8275.0000,8092.0000,8100.0000
2026-09-28,7951.0000,8099.0000,7933.0000,7999.0000
2026-09-29,8039.0000,8103.0000,7908.0000,7912.0000
