Date,Open,High,Low,Close
2000-01-04,555.8748,563.9310,519.2193,524.0530
2000-01-05,463.6316,489.0085,443.8941,481.3552
2000-01-06,483.3692,507.5376,443.0884,443.8940
2000-01-07,435.0324,464.4373,424.1566,439.8661
2000-01-10,439.8661,439.8661,439.8661,439.8661
2000-01-11,504.3153,520.4276,493.4395,520.4276
2000-01-12,496.2592,519.6221,489.4115,499.4817
2000-01-13,483.3693,487.3974,465.2429,475.7159
2000-01-14,495.0505,527.6780,490.2168,511.5657
2000-01-17,523.6501,560.3055,519.6220,557.4859
2000-01-18,557.8887,557.8887,511.5658,520.8304
2000-01-19,512.7742,512.7742,491.0226,500.6900
2000-01-20,508.3433,523.6501,508.3433,515.5939
2000-01-21,523.6501,535.7343,517.6080,528.4838
2000-01-24,528.8866,555.4719,525.6641,542.5820
2000-01-25,547.8183,588.0990,547.8183,574.0008
2000-01-26,584.0711,620.3238,584.0711,620.3238
2000-01-27,604.2117,623.9492,584.8769,619.5184
2000-01-28,619.9209,627.1714,608.2395,618.7125
2000-01-31,594.5440,620.3237,594.5440,600.5861
2000-02-01,600.1837,632.4083,571.1815,632.4083
2000-02-02,640.0615,652.1457,627.9773,628.7828
2000-02-03,629.9913,644.4924,616.2959,644.4924
2000-02-04,684.7732,725.0540,670.2721,712.9697
2000-02-07,684.7733,690.8154,665.0357,675.1059
2000-02-08,667.0495,677.5226,638.8530,638.8530
2000-02-09,639.6585,652.5484,600.1834,624.3519
2000-02-10,624.3519,643.2838,612.2676,624.3519
2000-02-11,624.3519,624.3519,624.3519,624.3519
2000-02-14,608.2397,612.2678,592.5302,604.2116
2000-02-15,628.3801,632.4081,602.1976,604.2116
2000-02-16,628.3801,640.4643,616.2959,639.2559
2000-02-17,655.3683,679.5367,655.3683,679.5367
2000-02-18,651.3401,663.0216,638.4502,644.8952
2000-02-21,636.8389,650.5343,623.5463,646.5063
2000-02-22,656.5765,656.5765,615.8930,631.1996
2000-02-23,628.7830,634.0195,609.8510,613.0735
2000-02-24,645.2980,648.9232,622.3379,623.1436
2000-02-25,655.3681,660.2017,640.8670,656.5765
2000-02-28,664.6326,702.0937,660.6045,686.7870
2000-02-29,694.8434,696.8575,664.6328,674.7030
2000-03-01,706.9275,706.9275,684.7731,704.9134
2000-03-02,710.9553,710.9553,684.7729,684.7729
2000-03-03,689.2041,690.8154,658.1879,662.6188
2000-03-06,670.6748,692.8292,658.1878,661.4102
2000-03-07,644.4922,644.4922,610.6564,636.0332
2000-03-08,614.2816,636.0332,614.2816,636.0332
2000-03-09,622.7408,624.3521,598.1696,606.2257
2000-03-10,646.5066,654.5628,637.2420,654.5628
2000-03-13,614.2817,614.6845,574.0009,596.1553
2000-03-14,584.0712,628.3800,563.9308,628.3800
2000-03-15,620.3240,628.3802,588.0994,610.2538
2000-03-16,634.4224,644.4925,620.3241,634.4224
2000-03-17,648.9233,648.9233,638.4502,643.2839
2000-03-20,643.2839,643.2839,643.2839,643.2839
2000-03-21,635.2277,635.2277,604.6143,613.8788
2000-03-22,605.8228,612.2677,577.6263,588.5021
2000-03-23,584.0712,590.1133,576.0150,584.0712
2000-03-24,584.0712,588.5021,578.4319,584.0712
2000-03-27,592.1275,598.9752,571.9871,590.9191
2000-03-28,584.3899,624.6927,578.3445,622.6776
2000-03-29,636.7836,689.1772,632.7533,684.3408
2000-03-30,684.3408,685.1469,664.9955,676.6833
2000-03-31,644.4409,664.5923,624.6926,624.6926
2000-04-03,624.6928,651.2926,612.6019,620.2595
2000-04-04,615.0200,624.6927,599.3019,616.6321
2000-04-05,576.3294,632.3502,576.3294,616.6321
2000-04-06,616.6320,621.4683,596.4806,604.9442
2000-04-07,637.1865,663.3833,635.1713,652.9045
2000-04-10,664.9955,689.1772,664.9955,682.3257
2000-04-11,658.1440,673.0561,652.5017,664.1895
2000-04-12,615.8261,626.3048,604.9444,616.6321
2000-04-13,600.5110,604.1382,547.7144,580.3596
2000-04-14,548.1174,573.1051,527.9660,548.1174
2000-04-17,564.2384,578.3444,492.0965,511.4418
2000-04-18,567.8658,592.0474,551.7447,592.0474
2000-04-19,648.4711,672.6528,647.2621,671.0407
2000-04-20,647.6651,671.0407,640.8137,671.0407
2000-04-21,711.3437,751.6465,677.0864,751.6465
2000-04-24,735.5253,792.3522,715.7770,721.4194
2000-04-25,689.1771,736.7344,684.7438,699.2528
2000-04-26,715.3738,722.2253,694.0134,700.0588
2000-04-27,695.2225,725.4496,689.1771,695.2225
2000-04-28,695.2226,731.4951,695.2226,709.7316
2000-05-01,731.4949,790.3369,725.8525,784.6945
2000-05-02,806.0553,809.6826,777.8433,778.2464
2000-05-03,778.2464,778.2464,778.2464,778.2464
2000-05-04,778.2464,778.2464,778.2464,778.2464
2000-05-05,778.2464,778.2464,778.2464,778.2464
2000-05-08,762.1252,773.8130,725.8527,733.5103
2000-05-09,733.5103,733.5103,733.5103,733.5103
2000-05-10,681.1165,695.2225,664.9955,679.1014
2000-05-11,638.7987,644.8441,604.5414,611.3928
2000-05-12,643.6349,651.6955,606.5564,618.6472
2000-05-15,610.5865,610.5865,589.6291,606.5562
2000-05-16,614.6169,646.8591,605.7503,644.4409
2000-05-17,664.5923,668.6226,650.8894,658.1439
2000-05-18,652.5018,662.9804,632.7534,654.9199
2000-05-19,628.3200,628.7230,606.5565,626.7078
2000-05-22,570.2838,570.6869,548.1174,550.5355
2000-05-23,542.4750,568.2688,542.4750,553.7598
2000-05-24,521.5177,562.2235,515.8753,540.0569
2000-05-25,564.2386,579.1506,559.8053,564.2386
2000-05-26,564.2384,616.6320,554.9688,576.7323
2000-05-29,584.7928,596.8837,572.2990,575.9263
2000-05-30,575.9263,575.9263,575.9263,575.9263
2000-05-31,620.6622,624.2895,592.4503,592.4503
2000-06-01,584.3899,601.3170,574.3142,584.3899
2000-06-02,604.5413,623.4836,598.4959,622.6776
2000-06-05,654.9199,654.9199,637.5897,646.0533
2000-06-06,640.8139,646.4563,632.7533,632.7533
2000-06-07,616.6321,622.6775,608.5716,614.6170
2000-06-08,638.7986,638.7986,600.5110,600.5110
2000-06-09,584.3898,592.4504,570.2839,574.3141
2000-06-12,580.3596,588.0171,572.2991,584.3899
2000-06-13,568.2687,576.3293,560.2082,574.3141
2000-06-14,566.2537,570.2840,548.9235,557.7902
2000-06-15,549.7293,549.7293,511.0387,517.8902
2000-06-16,525.9510,562.2234,523.5328,554.1629
2000-06-19,555.7749,571.4930,554.1628,571.4930
2000-06-20,584.3899,611.3927,584.3899,600.5110
2000-06-21,616.6321,627.1109,606.5564,622.6776
2000-06-22,622.6775,622.6775,594.4655,594.4655
2000-06-23,583.9869,616.6321,580.7627,602.9292
2000-06-26,594.8686,599.3019,576.7323,577.5384
2000-06-27,584.7929,603.3322,581.1657,600.5110
2000-06-28,596.4805,602.5260,584.7927,596.8835
2000-06-29,604.9444,622.6776,602.5262,616.6321
2000-06-30,600.9139,601.3169,584.7928,585.1958
2000-07-03,585.1959,596.0777,574.7172,577.5384
2000-07-04,577.5383,586.4050,575.9263,581.1656
2000-07-05,581.1658,608.5717,581.1658,592.8536
2000-07-06,584.3899,584.3899,568.2688,583.5839
2000-07-07,599.7050,613.0049,596.4808,604.5413
2000-07-10,596.4808,602.5262,583.1809,590.8384
2000-07-11,584.3899,592.4504,580.3596,584.3899
2000-07-12,583.9868,584.3899,546.1022,576.3293
2000-07-13,577.1351,600.1077,568.2685,595.6744
2000-07-14,593.6595,607.7655,592.4504,602.1231
2000-07-17,594.0627,611.3928,594.0627,606.9595
2000-07-18,596.4807,600.1080,582.3747,584.3899
2000-07-19,596.4807,600.1080,582.3747,584.3899
2000-07-20,584.3899,584.3899,584.3899,584.3899
2000-07-21,602.5262,606.9595,580.3597,596.0778
2000-07-24,579.9565,579.9565,558.1931,569.4778
2000-07-25,556.1778,556.9839,524.7417,534.8174
2000-07-26,527.1601,540.0570,527.1601,529.1752
2000-07-27,517.0843,519.9055,483.2300,497.3359
2000-07-28,482.0209,485.6481,457.0332,457.4362
2000-07-31,455.4210,489.6784,444.9423,477.5876
2000-08-01,525.9509,540.4599,510.2328,538.0417
2000-08-02,538.0416,546.1022,525.9508,531.9962
2000-08-03,531.9964,531.9964,494.9179,500.5603
2000-08-04,500.5602,500.5602,472.3482,476.3785
2000-08-07,483.6330,497.7389,475.9754,475.9754
2000-08-08,500.1572,507.8148,492.0967,496.9330
2000-08-09,509.8297,517.8902,499.7540,517.0842
2000-08-10,517.0843,517.8904,498.5451,498.5451
2000-08-11,490.4846,499.7542,485.2452,489.6785
2000-08-14,484.4391,496.9330,484.4391,496.9330
2000-08-15,504.9935,533.6085,500.9633,527.5631
2000-08-16,531.9963,553.7598,530.7872,546.1022
2000-08-17,554.1628,560.2082,531.9963,532.3993
2000-08-18,531.5934,544.0873,527.9662,543.6843
2000-08-21,535.6237,538.0418,518.6965,519.9056
2000-08-22,519.9053,544.0870,518.6962,544.0870
2000-08-23,544.0871,555.7749,541.2659,550.1325
2000-08-24,558.1931,573.9112,552.1477,572.2991
2000-08-25,576.3293,594.4655,576.3293,594.4655
2000-08-28,594.4656,635.5744,594.0625,625.4987
2000-08-29,609.3777,623.4837,604.5414,617.0352
2000-08-30,608.9746,620.6624,597.2869,599.7050
2000-08-31,591.6443,608.5714,591.6443,603.7351
2000-09-01,608.5717,617.8413,592.8536,592.8536
2000-09-04,592.8534,603.7352,590.8383,594.4655
2000-09-05,586.4049,603.7351,572.2990,577.1353
2000-09-06,561.0142,573.9111,550.1325,550.1325
2000-09-07,534.0114,549.3265,531.9963,538.0417
2000-09-08,538.0416,550.1324,524.7417,534.8174
2000-09-11,527.9661,531.1904,505.7996,508.2178
2000-09-12,503.7843,505.7995,494.1116,494.1116
2000-09-13,491.6935,495.3207,479.6026,484.4390
2000-09-14,491.6935,497.3359,491.2905,493.7087
2000-09-15,493.7087,493.7087,493.7087,493.7087
2000-09-18,485.6480,489.6783,477.5875,484.4390
2000-09-19,466.7057,469.1239,451.7937,463.0785
2000-09-20,479.1997,497.7389,473.5573,491.2905
2000-09-21,491.2905,495.7238,479.6027,484.0360
2000-09-22,459.8544,465.0937,442.1212,444.1363
2000-09-25,460.2574,463.0786,447.7636,453.8090
2000-09-26,445.6944,447.3093,426.7201,431.5646
2000-09-27,407.7458,411.7829,403.7088,405.7273
2000-09-28,407.7459,409.3608,395.6347,403.3051
2000-09-29,402.4976,402.4976,381.9085,395.6346
2000-10-02,391.5975,395.2309,369.7973,387.5604
2000-10-03,379.4861,381.5047,364.5489,368.1823
2000-10-04,368.1823,395.6345,368.1823,392.0011
2000-10-05,401.6902,409.3607,392.8086,395.6346
2000-10-06,391.5976,392.8087,376.2566,388.3679
2000-10-09,388.3679,388.3679,388.3679,388.3679
2000-10-10,388.3678,407.7458,383.5233,404.9199
2000-10-11,395.6345,396.8456,379.0824,380.2935
2000-10-12,384.3308,408.1497,384.3308,402.9014
2000-10-13,394.8271,407.7458,390.3864,402.4976
2000-10-16,402.4976,402.4976,402.4976,402.4976
2000-10-17,403.7088,407.7458,387.9641,395.6346
2000-10-18,377.8713,383.1196,363.3378,365.3564
2000-10-19,369.3935,376.6602,356.4748,361.7230
2000-10-20,381.9085,396.8457,379.4863,385.9456
2000-10-23,389.9827,392.8087,380.2937,385.9456
2000-10-24,387.5605,391.5976,381.9086,385.5419
2000-10-25,374.6416,379.4861,366.1637,366.9711
2000-10-26,366.9713,378.6788,360.1082,374.2380
2000-10-27,374.2380,374.2380,374.2380,374.2380
2000-10-30,364.1454,373.0270,346.3822,347.5933
2000-10-31,343.5561,347.5932,333.8671,344.7672
2000-11-01,352.8415,358.4934,350.4192,352.0340
2000-11-02,343.9599,347.9970,336.2894,338.3080
2000-11-03,338.3080,338.3080,338.3080,338.3080
2000-11-06,342.3450,368.9898,336.6931,368.9898
2000-11-07,367.3749,368.5860,358.8970,365.7601
2000-11-08,358.8971,379.4863,357.2823,373.8343
2000-11-09,365.7601,370.6046,359.3008,361.3193
2000-11-10,357.2821,367.3749,351.6302,364.9526
2000-11-13,352.8413,353.6487,339.5189,343.1523
2000-11-14,347.9970,351.2266,341.5376,346.3821
2000-11-15,354.4564,356.0712,345.1711,347.5933
2000-11-16,346.3820,347.1894,335.4819,336.6930
2000-11-17,331.0411,335.0782,327.0040,330.6374
2000-11-20,331.0411,334.2707,321.7558,331.0411
2000-11-21,322.9670,328.6189,320.1411,327.0041
2000-11-22,327.4079,332.6561,319.3337,323.3708
2000-11-23,323.3708,323.3708,323.3708,323.3708
2000-11-24,315.2965,322.9670,313.2779,320.1410
2000-11-27,332.2523,344.3636,327.0041,339.1154
2000-11-28,338.7116,342.7487,333.4634,335.8857
2000-11-29,327.8115,329.0226,322.1596,323.7744
2000-11-30,317.3151,324.9856,315.2966,318.9299
2000-12-01,306.8185,311.6630,303.1851,308.8371
2000-12-04,312.8743,319.7373,310.4520,314.8928
2000-12-05,318.9299,318.9299,308.8372,310.4521
2000-12-06,322.5633,331.4449,314.8928,317.7188
2000-12-07,318.1225,324.9855,317.7188,320.5447
2000-12-08,312.4705,317.3150,307.6260,307.6260
2000-12-11,311.6632,320.1411,310.8557,318.9299
2000-12-12,330.2338,338.3080,329.0227,334.2709
2000-12-13,339.1154,353.2452,335.8857,352.4378
2000-12-14,343.1524,343.9598,337.0967,338.7115
2000-12-15,327.8115,330.6374,319.3336,320.5447
2000-12-18,316.5076,324.1781,312.4705,319.3336
2000-12-19,315.2965,317.3151,305.2038,307.2224
2000-12-20,299.1482,306.8186,293.0925,295.1111
2000-12-21,282.9999,288.6518,254.7402,268.4663
2000-12-22,272.5034,274.5219,262.4107,264.4292
2000-12-25,275.3294,280.1739,264.4292,268.8700
2000-12-26,264.8330,266.4478,256.7588,262.4107
2000-12-27,258.3736,263.2181,252.7217,263.2181
2000-12-28,270.0810,270.0810,261.6031,265.2365
2000-12-29,267.2553,267.2553,251.9144,253.5292
2001-01-01,253.5292,253.5292,253.5292,253.5292
2001-01-02,253.5292,253.5292,253.5292,253.5292
2001-01-03,253.5292,253.5292,253.5292,253.5292
2001-01-04,285.8258,292.6888,282.5961,286.2295
2001-01-05,284.6147,301.1668,282.5961,294.7074
2001-01-08,294.7074,294.7074,294.7074,294.7074
2001-01-09,282.9999,289.4592,279.7702,283.8073
2001-01-10,284.6147,289.0555,268.8701,272.0997
2001-01-11,272.0997,276.9442,270.0811,271.6960
2001-01-12,274.9256,288.6517,274.9256,284.6147
2001-01-15,295.9185,306.0112,294.7074,303.5890
2001-01-16,303.5890,303.5890,291.4777,293.9000
2001-01-17,302.3778,330.2337,299.9555,322.9669
2001-01-18,339.1153,350.4192,331.4448,332.2523
2001-01-19,333.0597,359.3007,333.0597,347.1895
2001-01-22,351.2266,357.6860,344.3636,352.8415
2001-01-23,343.5562,347.5933,337.5005,342.7487
2001-01-24,339.1154,342.3450,324.9856,325.3893
2001-01-25,330.6374,335.4819,322.1596,327.8115
2001-01-26,324.5818,324.5818,308.4335,310.0483
2001-01-29,311.6631,322.9670,311.6631,315.7002
2001-01-30,327.8115,334.6746,322.9670,326.1967
2001-01-31,331.8485,336.6930,323.3706,330.2336
2001-02-01,322.1596,322.5633,313.6817,316.1039
2001-02-02,320.1411,323.3707,311.2594,313.6817
2001-02-05,308.8372,312.8743,305.6075,306.8186
2001-02-06,305.2038,311.6632,297.9371,308.0298
2001-02-07,306.8187,316.1040,306.8187,312.0669
2001-02-08,319.7373,322.5633,312.0669,318.9299
2001-02-09,331.0412,338.7116,329.0226,335.0782
2001-02-12,335.0782,335.0782,335.0782,335.0782
2001-02-13,335.8856,337.9041,328.2151,330.6374
2001-02-14,326.6003,333.4634,318.5261,333.0596
2001-02-15,341.1338,345.1709,334.6745,335.8857
2001-02-16,343.9599,354.0527,340.3265,345.1711
2001-02-19,333.4634,341.1339,330.6375,340.3265
2001-02-20,341.1338,353.2451,339.9227,353.2451
2001-02-21,341.1338,341.5375,332.2522,338.7115
2001-02-22,322.5633,323.3707,310.8557,320.1410
2001-02-23,316.1039,333.0596,315.7001,330.2336
2001-02-26,339.1152,347.5931,335.0781,337.9041
2001-02-27,331.0412,333.8672,317.3151,320.9485
2001-02-28,312.8743,324.1781,310.8557,317.7188
2001-03-01,310.8557,323.3707,308.4335,316.5077
2001-03-02,305.6075,313.2780,290.6703,293.9000
2001-03-05,295.5149,301.5705,286.6333,297.1297
2001-03-06,302.3778,314.8928,299.5518,312.4705
2001-03-07,324.5818,327.0041,302.7816,318.9299
2001-03-08,318.9299,321.7558,306.8186,318.1225
2001-03-09,310.0483,313.6817,299.9556,306.0112
2001-03-12,294.7073,298.7444,287.8443,287.8443
2001-03-13,280.5775,293.0925,274.5219,286.6331
2001-03-14,286.6331,286.6331,286.6331,286.6331
2001-03-15,288.6517,308.8371,284.6146,308.4334
2001-03-16,304.3964,309.2409,292.6888,304.8001
2001-03-19,300.7629,316.9113,295.1110,298.3407
2001-03-20,298.3407,298.3407,298.3407,298.3407
2001-03-21,290.2665,322.9669,286.6332,322.9669
2001-03-22,322.1595,332.2523,316.9113,321.3521
2001-03-23,337.5005,350.4192,334.2709,345.5747
2001-03-26,353.6488,379.4861,351.6302,363.3378
2001-03-27,363.1267,375.2579,351.8043,362.7224
2001-03-28,370.8098,372.0229,356.2523,359.8917
2001-03-29,351.8043,352.6130,334.0119,335.6293
2001-03-30,338.0556,351.3999,325.5201,334.8206
2001-04-02,330.7768,338.8643,318.2413,331.5856
2001-04-03,323.4982,332.7988,313.3889,314.1976
2001-04-04,310.1539,315.4107,303.2796,315.0063
2001-04-05,317.4325,326.7331,310.1538,312.1757
2001-04-06,332.3943,335.2249,315.8150,319.0500
2001-04-09,315.4107,315.4107,303.6839,307.3232
2001-04-10,305.7058,308.1320,295.1921,297.2140
2001-04-11,309.3452,329.9682,304.0883,325.1157
2001-04-12,333.2031,344.1211,329.1594,342.9080
2001-04-13,355.0392,359.4873,339.6730,341.6949
2001-04-16,337.6512,349.7824,331.5857,333.2031
2001-04-17,329.9681,337.6512,323.4981,323.4981
2001-04-18,347.7605,360.2961,345.7387,354.6349
2001-04-19,378.8974,384.5586,377.2799,381.3236
2001-04-20,378.4929,385.3672,370.0011,372.0229
2001-04-23,371.2141,383.3453,357.8698,361.9136
2001-04-24,347.7605,367.9792,346.1430,361.9136
2001-04-25,357.8700,372.0230,355.0394,358.6787
2001-04-26,357.8700,372.0230,355.0394,358.6787
2001-04-27,361.5091,365.5529,351.8042,363.9354
2001-04-30,363.9354,363.9354,363.9354,363.9354
2001-05-01,380.1103,389.0064,376.0665,386.9846
2001-05-02,389.0067,390.6242,378.4930,381.3236
2001-05-03,381.3236,381.3236,381.3236,381.3236
2001-05-04,381.3236,381.3236,381.3236,381.3236
2001-05-07,373.2361,391.4328,372.0229,389.0066
2001-05-08,389.0064,391.4327,380.5146,383.7496
2001-05-09,376.0667,378.0886,363.9355,370.4055
2001-05-10,366.3617,371.6185,359.8917,359.8917
2001-05-11,367.9792,380.9191,366.7661,366.7661
2001-05-14,363.9355,364.3399,357.8699,360.2961
2001-05-15,352.6130,374.4491,350.5911,369.5966
2001-05-16,353.8262,359.8918,346.1431,349.3781
2001-05-17,365.5529,366.7660,347.7605,357.4654
2001-05-18,365.5530,373.2360,338.0556,349.7824
2001-05-21,345.7387,374.4492,345.7387,364.3399
2001-05-22,376.4710,378.0885,369.1923,370.0010
2001-05-23,365.9573,376.0666,365.5530,370.0010
2001-05-24,359.8916,367.9791,354.6348,363.9354
2001-05-25,359.8917,361.5092,351.8042,352.6130
2001-05-28,353.0174,361.5092,351.8043,361.5092
2001-05-29,357.4655,363.1268,352.6130,360.2961
2001-05-30,345.7386,347.3561,337.6512,341.6949
2001-05-31,335.6294,335.6294,325.1157,329.9682
2001-06-01,334.0119,338.8644,328.7551,329.9682
2001-06-04,329.5638,335.6294,325.5201,329.9682
2001-06-05,325.9244,330.7769,318.6457,328.7551
2001-06-06,336.4381,338.4600,321.0719,326.7332
2001-06-07,319.4545,326.3288,311.3670,325.5201
2001-06-08,333.6075,342.5037,332.7988,338.8643
2001-06-11,326.7331,329.9681,317.0282,319.0500
2001-06-12,311.3669,319.0500,308.5363,309.3450
2001-06-13,305.3014,309.3451,295.1921,299.2358
2001-06-14,298.8314,304.0883,294.7877,301.6620
2001-06-15,285.4871,293.1702,280.6346,291.1483
2001-06-18,295.1920,296.8095,284.6783,287.1046
2001-06-19,291.1484,300.0446,282.6566,285.4872
2001-06-20,287.1046,297.2139,277.3996,289.1264
2001-06-21,293.1702,298.8314,289.1264,296.8095
2001-06-22,299.2359,301.6621,291.1484,299.6402
2001-06-25,301.2577,302.4709,293.1703,297.6184
2001-06-26,296.4053,305.3015,291.9572,302.4709
2001-06-27,294.3834,297.2140,286.2959,289.9353
2001-06-28,295.1921,296.4052,283.4653,289.5309
2001-06-29,297.6183,307.3233,297.2140,305.3014
2001-07-02,293.5746,294.3833,281.4434,291.1483
2001-07-03,299.2358,301.2577,284.6784,297.2140
2001-07-04,299.2358,300.0446,293.9790,296.0009
2001-07-05,294.3833,295.1920,289.1264,291.5526
2001-07-06,281.8478,285.0828,276.5909,276.9953
2001-07-09,267.2903,270.9297,263.6510,268.5034
2001-07-10,270.9297,279.0172,269.3123,277.3997
2001-07-11,269.3122,276.9953,268.0991,270.9297
2001-07-12,291.1484,305.3014,287.1046,300.0446
2001-07-13,300.0446,307.3233,293.1703,302.4709
2001-07-16,302.0663,302.0663,292.3614,298.8314
2001-07-17,285.8916,288.3178,283.8697,286.2959
2001-07-18,283.0609,286.2959,276.9953,278.2084
2001-07-19,278.6129,286.2960,276.9954,283.0610
2001-07-20,283.0610,283.0610,283.0610,283.0610
2001-07-23,291.1484,295.1921,284.2740,289.5309
2001-07-24,292.7658,304.8970,291.9571,304.4926
2001-07-25,300.4489,307.3233,295.5965,298.4271
2001-07-26,302.4708,302.4708,291.9571,296.4052
2001-07-27,292.3615,298.8315,284.2740,292.7659
2001-07-30,288.7222,290.7441,280.2304,283.0610
2001-07-31,283.4653,301.2577,282.6566,293.1703
2001-08-01,294.3833,308.5364,291.5527,307.3232
2001-08-02,315.4107,321.8807,311.3670,320.6676
2001-08-03,316.6239,318.2414,309.7495,311.7714
2001-08-06,309.7495,324.7113,305.7058,318.2413
2001-08-07,306.1100,312.9844,304.4926,309.3450
2001-08-08,305.3014,308.1320,297.2140,300.4489
2001-08-09,292.3614,292.3614,285.4871,287.1046
2001-08-10,286.2959,292.3615,283.0609,284.2740
2001-08-13,279.4215,281.8478,270.9297,270.9297
2001-08-14,279.0171,293.9789,274.9734,287.5089
2001-08-15,291.1484,291.1484,279.0172,284.6784
2001-08-16,276.5910,279.0172,274.1647,276.5910
2001-08-17,276.5908,283.4651,272.5471,274.5689
2001-08-20,267.2904,270.1210,261.2248,266.0773
2001-08-21,269.3123,270.9298,258.7986,262.8423
2001-08-22,254.7548,266.4816,254.3504,261.6291
2001-08-23,265.6728,266.8860,249.0936,251.9242
2001-08-24,251.9241,257.1810,245.0498,256.7766
2001-08-27,264.8642,273.3560,263.2467,268.0992
2001-08-28,268.9078,272.9515,262.8422,272.1428
2001-08-29,268.0992,272.9517,264.8642,267.2904
2001-08-30,267.2904,277.8041,266.0773,273.7603
2001-08-31,265.6729,275.7822,262.0335,263.6510
2001-09-03,266.8860,270.9297,248.2849,250.3067
2001-09-04,252.7330,272.5472,248.6892,272.5472
2001-09-05,256.3723,268.5035,252.3286,264.8641
2001-09-06,260.8203,274.5690,254.7548,260.8203
2001-09-07,253.9462,255.9680,251.9243,253.9462
2001-09-10,247.8804,259.6072,245.4542,247.0717
2001-09-11,255.1592,258.3941,251.1154,253.5417
2001-09-12,233.3231,236.5581,233.3231,233.3231
2001-09-13,236.1536,241.8148,215.1262,215.1262
2001-09-14,211.0825,231.3012,209.4650,231.3012
2001-09-17,211.0826,216.3394,202.9951,206.6344
2001-09-18,214.7219,218.3612,206.6344,207.8475
2001-09-19,208.2519,225.2356,208.2519,220.7875
2001-09-20,211.0826,214.7219,207.4432,209.0607
2001-09-21,196.9295,200.1645,188.0333,197.3339
2001-09-24,197.3339,197.3339,197.3339,197.3339
2001-09-25,199.4829,205.5524,186.5348,188.5579
2001-09-26,184.5116,187.7486,176.0143,184.9162
2001-09-27,178.8467,184.9162,178.0375,184.1069
2001-09-28,184.1069,184.1069,184.1069,184.1069
2001-10-01,163.0662,165.4940,157.4014,164.6847
2001-10-02,160.6384,163.8755,154.9736,163.8755
2001-10-03,165.8986,169.9449,154.5689,154.5689
2001-10-04,166.7078,174.8005,163.4708,174.3958
2001-10-05,175.2051,183.2977,167.9217,180.8699
2001-10-08,180.8699,180.8699,180.8699,180.8699
2001-10-09,184.9162,187.7486,178.0375,180.8699
2001-10-10,174.8005,175.6098,167.9218,167.9218
2001-10-11,177.6328,188.1532,177.2282,188.1532
2001-10-12,208.3848,208.3848,208.3848,208.3848
2001-10-15,198.2690,200.6968,194.6273,197.0551
2001-10-16,193.0089,207.5756,193.0089,207.5756
2001-10-17,211.6219,226.9979,209.5987,221.7377
2001-10-18,209.5987,210.4079,200.2922,201.5060
2001-10-19,202.3153,209.1940,200.6968,204.7431
2001-10-22,203.5292,205.1477,201.5060,203.5292
2001-10-23,215.6682,220.5238,212.8358,220.5238
2001-10-24,217.6913,235.8997,214.4543,224.1654
2001-10-25,232.2581,241.1600,231.4488,233.8766
2001-10-26,243.5877,246.8247,229.8302,230.6395
2001-10-29,230.6395,234.6858,222.9515,222.9515
2001-10-30,214.8589,215.6681,208.3848,212.8357
2001-10-31,208.7894,214.4542,203.5292,203.5292
2001-11-01,211.6219,218.0960,207.5756,207.5756
2001-11-02,219.7145,220.5238,214.8589,219.3099
2001-11-05,223.3561,226.9978,220.9283,225.3793
2001-11-06,229.4256,237.1136,226.5932,236.3044
2001-11-07,232.2581,232.6627,220.9284,222.5469
2001-11-08,222.9515,227.4024,215.6681,226.1885
2001-11-09,226.1885,226.1885,226.1885,226.1885
2001-11-12,226.9978,229.8302,218.0959,218.0959
2001-11-13,215.6682,224.1655,215.2636,220.5238
2001-11-14,232.6626,237.5182,230.6395,232.2580
2001-11-15,234.6858,257.3451,233.8766,252.4896
2001-11-16,256.5358,274.3395,256.1311,267.0562
2001-11-19,267.0562,280.4090,265.8423,267.8655
2001-11-20,267.8655,268.2701,247.6340,249.6571
2001-11-21,241.5645,254.1081,241.5645,248.4433
2001-11-22,252.4895,254.1080,247.6339,252.0849
2001-11-23,252.0849,252.0849,252.0849,252.0849
2001-11-26,260.1775,269.0794,256.1312,269.0794
2001-11-27,267.0563,280.4091,264.2239,265.8424
2001-11-28,257.7496,265.8423,254.9172,254.9172
2001-11-29,253.2989,258.5591,246.4201,258.5591
2001-11-30,262.6053,265.4378,258.9637,264.6285
2001-12-03,260.5822,261.7961,255.3220,256.5359
2001-12-04,256.5358,262.2006,255.3219,258.9636
2001-12-05,269.0793,281.6229,267.8655,280.4090
2001-12-06,294.1665,315.6119,294.1665,303.8776
2001-12-07,303.4730,312.3749,301.8545,305.9008
2001-12-10,299.4267,302.2591,296.1896,299.0220
2001-12-11,295.3804,297.8082,289.3110,290.5249
2001-12-12,301.0452,309.5424,299.4267,308.3285
2001-12-13,303.4730,304.2822,292.9526,296.5942
2001-12-14,296.5942,296.5942,285.6692,293.7618
2001-12-17,290.1202,292.5480,285.2646,288.0970
2001-12-18,299.8314,302.6638,289.7156,290.1203
2001-12-19,287.2877,294.5710,281.6229,293.7618
2001-12-20,291.7388,292.5480,279.1952,279.1952
2001-12-21,263.0100,265.0331,252.4896,254.5127
2001-12-24,254.5127,254.5127,254.5127,254.5127
2001-12-25,257.3451,258.9636,248.8479,249.6571
2001-12-26,253.7035,254.1081,248.8479,252.8942
2001-12-27,252.0849,265.0331,249.2525,263.0099
2001-12-28,267.0562,267.0562,260.1775,260.1775
2001-12-31,260.1775,260.1775,260.1775,260.1775
2002-01-01,260.1775,260.1775,260.1775,260.1775
2002-01-02,260.1775,260.1775,260.1775,260.1775
2002-01-03,260.1775,260.1775,260.1775,260.1775
2002-01-04,280.4090,295.3804,277.1720,292.9526
2002-01-07,291.3341,293.3572,280.4090,292.9526
2002-01-08,288.9063,292.1433,284.0507,285.6692
2002-01-09,287.2878,293.7619,285.2646,287.2878
2002-01-10,285.6693,290.9295,284.8600,286.8832
2002-01-11,286.8831,290.5248,283.2415,289.7156
2002-01-14,289.7156,289.7156,289.7156,289.7156
2002-01-15,281.6230,285.6693,275.5536,275.5536
2002-01-16,263.4145,263.4145,256.1312,256.1312
2002-01-17,257.7498,263.0100,257.7498,258.1544
2002-01-18,263.8192,271.1026,263.0100,265.8424
2002-01-21,261.7960,271.9118,260.1775,265.0331
2002-01-22,263.0100,268.2701,255.3220,255.3220
2002-01-23,253.2989,265.0331,252.0850,260.5822
2002-01-24,272.7211,281.2183,269.4840,271.1025
2002-01-25,275.1488,278.7905,270.2933,272.7210
2002-01-28,280.0044,283.2414,275.9581,281.6229
2002-01-29,279.1952,279.1952,269.8887,270.2934
2002-01-30,262.2007,270.2934,260.1776,270.2934
2002-01-31,270.2934,270.2934,270.2934,270.2934
2002-02-01,281.2183,282.0275,268.6747,269.0794
2002-02-04,263.0099,270.6978,254.9172,267.0562
2002-02-05,271.1025,279.5998,268.6748,275.1489
2002-02-06,279.1952,280.8137,277.1721,279.1952
2002-02-07,282.4322,297.4035,282.0276,293.3572
2002-02-08,294.5711,297.8082,287.6924,293.3572
2002-02-11,293.3572,293.3572,293.3572,293.3572
2002-02-12,306.7100,307.9239,301.4498,301.4498
2002-02-13,301.4498,305.4961,296.5942,301.8544
2002-02-14,330.1786,342.3175,326.1323,331.7971
2002-02-15,330.9879,331.3926,322.0861,327.7509
2002-02-18,319.6583,325.7278,319.2537,325.3231
2002-02-19,327.7508,329.7740,317.6350,317.6350
2002-02-20,313.9934,319.6583,312.7795,318.8490
2002-02-21,319.6583,354.8611,319.6583,347.9824
2002-02-22,337.8665,355.2656,337.0572,352.4332
2002-02-25,356.4795,358.9073,349.6008,352.4332
2002-02-26,356.4796,358.5028,337.4620,339.8897
2002-02-27,335.8434,350.0055,335.0342,348.3870
2002-02-28,350.0055,354.4564,345.9592,350.0055
2002-03-01,347.9823,357.6934,344.7453,357.6934
2002-03-04,368.2140,395.7288,367.4047,393.7057
2002-03-05,404.6309,407.8679,383.5901,384.3993
2002-03-06,380.3528,403.4168,378.3297,380.7574
2002-03-07,394.1102,408.6769,391.6824,408.6769
2002-03-08,414.7464,415.1510,398.1565,408.6769
2002-03-11,408.6770,413.5325,382.7806,394.1103
2002-03-12,390.0642,390.0642,379.1391,379.5437
2002-03-13,372.6648,389.6593,371.4509,374.2834
2002-03-14,376.3065,386.4223,366.5954,381.5667
2002-03-15,377.5204,383.9945,370.2370,373.8787
2002-03-18,381.9713,383.9945,368.6185,373.8787
2002-03-19,377.9251,389.2547,377.5204,388.0408
2002-03-20,392.4918,393.7057,374.2834,379.1389
2002-03-21,379.1389,379.1389,379.1389,379.1389
2002-03-22,373.4740,379.9481,371.4509,373.0694
2002-03-25,369.0232,374.6880,360.1213,360.9306
2002-03-26,365.1043,382.1047,361.8661,363.4852
2002-03-27,370.3663,380.4856,369.9615,374.8188
2002-03-28,373.1997,378.4617,363.0804,372.7949
2002-03-29,380.4855,381.6998,363.4851,364.6994
2002-04-01,368.7471,372.3901,364.6994,365.5089
2002-04-02,371.9854,376.4379,368.7472,374.8188
2002-04-03,366.3184,384.5332,364.2946,376.8425
2002-04-04,377.2474,380.4856,369.5568,374.4141
2002-04-05,371.1758,374.8188,359.0327,359.8422
2002-04-08,360.2469,369.5567,356.1992,364.6994
2002-04-09,361.4613,364.2947,344.8656,346.8895
2002-04-10,343.6514,352.1516,337.1750,346.4848
2002-04-11,358.6279,359.4374,352.5563,353.7706
2002-04-12,345.6751,357.0088,345.6751,348.9133
2002-04-15,352.9611,363.0804,349.7229,362.6756
2002-04-16,370.3663,378.4617,368.3425,374.8188
2002-04-17,386.9619,395.0574,385.3428,395.0574
2002-04-18,391.0097,394.2478,386.5572,388.1762
2002-04-19,384.9380,393.8430,379.6760,392.6287
2002-04-22,396.2716,408.4148,395.8668,407.2005
2002-04-23,403.9625,414.8913,398.7004,411.2484
2002-04-24,411.6530,416.1055,394.2478,398.2956
2002-04-25,391.8191,393.8430,376.4378,380.4855
2002-04-26,384.5333,391.8192,377.6522,384.9381
2002-04-29,384.9381,384.9381,384.9381,384.9381
2002-04-30,377.2474,379.2713,371.1758,374.0092
2002-05-01,377.2474,380.0808,372.7949,374.8188
2002-05-02,375.6283,380.0808,374.0092,379.2712
2002-05-03,379.2712,379.2712,379.2712,379.2712
2002-05-06,379.2712,379.2712,379.2712,379.2712
2002-05-07,354.9849,356.1992,347.6990,348.1038
2002-05-08,348.1038,359.4374,345.6751,348.9133
2002-05-09,361.0565,363.4851,353.3658,356.1992
2002-05-10,352.1515,357.4136,350.1277,353.7706
2002-05-13,345.6753,347.6991,340.8180,346.0800
2002-05-14,348.9133,354.5801,341.2226,341.2226
2002-05-15,356.1993,365.9138,354.5802,363.4852
2002-05-16,363.4852,367.9376,355.3897,362.6756
2002-05-17,367.1281,375.2236,366.7234,373.6045
2002-05-20,377.6522,383.3190,372.3901,373.6045
2002-05-21,369.5567,376.0331,365.1042,370.7711
2002-05-22,368.3425,376.0331,365.1043,368.7472
2002-05-23,371.5806,374.0092,363.0804,365.9138
2002-05-24,363.8899,364.2947,355.7945,363.4852
2002-05-27,352.1515,360.2470,352.1515,354.5802
2002-05-28,352.5563,354.9849,350.1277,354.1754
2002-05-29,350.1278,354.5802,348.5087,348.5087
2002-05-30,346.0800,348.9134,341.6275,347.6991
2002-05-31,346.0798,353.7705,339.1987,339.1987
2002-06-03,346.8894,353.7706,346.4847,352.1515
2002-06-04,345.2704,346.0800,335.1511,335.9607
2002-06-05,343.2465,344.8656,339.1988,342.8417
2002-06-06,344.0562,346.8895,338.7941,339.6036
2002-06-07,325.0317,327.4603,319.3649,325.0317
2002-06-10,326.6510,330.2939,323.4128,323.8176
2002-06-11,326.6510,329.8891,323.4128,323.8176
2002-06-12,323.0079,324.6270,315.7220,318.5555
2002-06-13,324.6271,327.4605,320.5794,323.8176
2002-06-14,323.8174,323.8174,314.9124,316.9362
2002-06-17,315.7220,325.4365,311.6743,322.1984
2002-06-18,328.6747,339.6036,326.2461,332.7224
2002-06-19,327.0556,329.4842,310.8647,315.7220
2002-06-20,311.6743,314.1030,303.9837,311.6743
2002-06-21,303.9837,308.0314,299.9359,301.5550
2002-06-24,297.5073,310.4600,293.8643,308.0313
2002-06-25,310.4600,314.5077,306.8171,312.4839
2002-06-26,296.2930,299.1264,286.1737,287.3880
2002-06-27,299.1264,303.9837,295.4835,297.9121
2002-06-28,310.0553,316.1269,305.6028,316.1269
2002-07-01,315.7220,318.5554,310.0552,315.7220
2002-07-02,301.1502,304.3884,297.1025,304.3884
2002-07-03,295.0787,305.1979,294.2691,303.1741
2002-07-04,299.9359,301.5550,291.8405,293.0548
2002-07-05,297.1025,304.3884,295.8882,304.3884
2002-07-08,315.3173,317.3411,302.7693,305.1980
2002-07-09,307.2218,311.2695,301.5550,309.6504
2002-07-10,303.5789,307.6267,296.6978,297.1026
2002-07-11,291.4358,294.2692,282.1260,286.9833
2002-07-12,295.4834,298.3168,291.4357,295.4834
2002-07-15,291.4357,294.2691,288.6023,289.0070
2002-07-16,290.2214,297.9120,288.6023,293.4596
2002-07-17,289.4119,295.4835,280.5069,290.6262
2002-07-18,293.0549,296.2931,289.4119,294.2692
2002-07-19,290.2214,291.0309,281.7212,284.9594
2002-07-22,276.8640,286.5785,275.2449,282.5308
2002-07-23,277.6735,286.1737,274.4353,282.1260
2002-07-24,278.0781,279.2924,265.5302,269.1731
2002-07-25,277.2686,278.4830,258.6491,261.4825
2002-07-26,237.1964,242.8632,231.1248,233.9582
2002-07-29,237.1963,241.6488,227.4818,229.5056
2002-07-30,241.6487,248.9346,239.2201,248.9346
2002-07-31,246.9107,250.1489,244.0773,248.1250
2002-08-01,244.4821,246.9108,233.1485,236.7915
2002-08-02,228.6960,231.5294,225.4579,227.4817
2002-08-05,212.1005,214.1243,207.6480,210.4814
2002-08-06,202.3859,205.2193,199.5525,203.1954
2002-08-07,212.5052,223.8388,211.6956,218.5768
2002-08-08,220.1959,222.2197,206.4336,209.2670
2002-08-09,209.2670,215.7434,207.6480,212.9100
2002-08-12,208.0528,210.4814,205.2194,208.4575
2002-08-13,205.6241,213.3148,204.8146,209.6718
2002-08-14,205.6241,205.6241,200.7668,202.7907
2002-08-15,206.8384,210.0766,205.2194,208.4575
2002-08-16,209.2671,211.6957,205.6242,211.6957
2002-08-19,215.7434,217.3625,209.2671,214.5291
2002-08-20,223.4341,230.3152,221.4102,225.8627
2002-08-21,221.8149,231.9342,221.0054,227.4817
2002-08-22,231.5295,238.0058,227.4818,233.5533
2002-08-23,233.5533,233.5533,233.5533,233.5533
2002-08-26,244.0775,260.6731,242.4584,242.8631
2002-08-27,245.2917,249.3394,242.8631,243.6726
2002-08-28,240.8393,242.0536,229.9104,229.9104
2002-08-29,225.8627,228.6961,223.0293,225.8627
2002-08-30,221.8150,228.2914,221.0055,221.4102
2002-09-02,220.6006,221.0054,216.5529,217.3624
2002-09-03,214.9339,216.5530,210.0767,212.5053
2002-09-04,205.6241,215.3386,204.8146,212.1004
2002-09-05,216.1482,220.6007,213.7195,214.5291
2002-09-06,206.8384,210.8861,205.6241,210.0766
2002-09-09,218.1720,220.1958,212.1004,215.7434
2002-09-10,216.1482,219.3864,213.3148,219.3864
2002-09-11,222.2197,226.6722,220.1958,226.2674
2002-09-12,224.6484,226.6723,218.5768,226.6723
2002-09-13,210.4814,214.5291,209.2670,210.8861
2002-09-16,210.8861,210.8861,210.8861,210.8861
2002-09-17,214.5292,216.1482,209.2671,213.7196
2002-09-18,206.4337,212.5053,204.4098,208.8623
2002-09-19,215.3386,219.7911,206.4336,206.8384
2002-09-20,202.3859,205.6241,196.3144,197.5287
2002-09-23,197.5287,197.5287,197.5287,197.5287
2002-09-24,187.4094,189.4333,182.1474,184.5760
2002-09-25,186.3222,192.8030,182.6768,187.5374
2002-09-26,194.4231,195.2332,190.7777,191.9928
2002-09-27,196.0433,199.6888,192.8030,197.6635
2002-09-30,191.5878,193.2080,185.9172,188.7525
2002-10-01,184.2969,184.7020,178.6263,181.8667
2002-10-02,186.3222,186.7273,181.0566,181.0566
2002-10-03,179.0313,179.0313,171.7404,172.1454
2002-10-04,170.5253,176.1959,168.5000,174.1707
2002-10-07,166.0698,168.0950,161.2092,164.8546
2002-10-08,166.8798,171.7404,166.0698,170.1202
2002-10-09,166.0698,166.8799,159.9941,161.2092
2002-10-10,158.3738,168.0950,156.7537,166.0698
2002-10-11,172.1455,176.6010,170.9304,173.3607
2002-10-14,173.3607,173.3607,173.3607,173.3607
2002-10-15,182.6767,188.3474,180.6515,186.7272
2002-10-16,186.3221,186.3221,171.7404,179.0312
2002-10-17,181.0565,187.5373,179.4363,182.2717
2002-10-18,189.9676,193.6130,188.7525,193.6130
2002-10-21,191.5878,192.8030,187.5374,187.9424
2002-10-22,189.9676,189.9676,179.0313,179.4363
2002-10-23,177.8162,188.7525,171.7405,186.3222
2002-10-24,188.3474,192.8030,178.2212,182.6768
2002-10-25,184.7020,190.7777,183.0818,187.9424
2002-10-28,189.9676,200.0939,185.9172,200.0939
2002-10-29,198.0686,204.1443,196.4484,200.0939
2002-10-30,196.0433,200.4989,195.2332,195.6383
2002-10-31,201.7140,207.7898,197.2585,200.0939
2002-11-01,200.9039,202.1190,194.8281,201.7140
2002-11-04,201.7140,201.7140,201.7140,201.7140
2002-11-05,211.8402,221.9665,211.8402,221.9665
2002-11-06,222.3714,245.0541,217.9159,217.9159
2002-11-07,217.9159,223.1815,215.8907,222.3714
2002-11-08,214.6755,218.3210,213.0553,214.6755
2002-11-11,203.3342,204.5493,196.8534,198.8786
2002-11-12,192.8030,199.2837,192.8030,194.4231
2002-11-13,200.4988,205.3594,199.2837,201.7140
2002-11-14,199.6888,201.7140,194.4231,194.4231
2002-11-15,206.5746,209.4099,203.3342,207.3847
2002-11-18,204.1443,209.8149,202.5241,206.9796
2002-11-19,208.5998,215.8906,206.9796,215.8906
2002-11-20,218.3209,220.7512,213.4603,215.8906
2002-11-21,228.0421,234.9279,225.6118,232.9027
2002-11-22,236.9532,239.7885,226.4219,231.2825
2002-11-25,231.6875,236.5481,228.4472,236.5481
2002-11-26,233.7128,238.5734,229.2573,232.4976
2002-11-27,226.8270,230.4724,225.6119,229.6623
2002-11-28,241.8138,250.3198,240.5986,249.1046
2002-11-29,249.5097,257.2057,246.6744,252.3451
2002-12-02,252.3451,252.3451,252.3451,252.3451
2002-12-03,262.8762,269.7621,261.2561,262.0662
2002-12-04,249.9148,252.3451,238.1684,238.5734
2002-12-05,230.4724,233.7128,227.6371,228.4472
2002-12-06,232.4976,238.1683,230.8774,236.1431
2002-12-09,236.1431,237.7633,231.6876,232.9027
2002-12-10,224.8018,229.2573,222.3715,223.5866
2002-12-11,230.4724,231.2825,222.3714,222.3714
2002-12-12,220.7513,222.7765,214.2705,218.7260
2002-12-13,215.4856,218.7260,211.0301,212.6503
2002-12-16,210.2200,212.2452,204.9544,207.7897
2002-12-17,215.8906,219.1310,214.6755,215.4856
2002-12-18,210.2200,214.6755,207.7897,209.8150
2002-12-19,206.9796,211.8402,206.5746,210.6250
2002-12-20,211.0301,212.2453,206.5746,210.6250
2002-12-23,210.6250,210.6250,210.6250,210.6250
2002-12-24,214.6756,222.3715,212.2453,221.9665
2002-12-25,220.3462,226.0169,219.5361,224.8017
2002-12-26,228.8522,234.1178,228.0421,232.0926
2002-12-27,230.8774,230.8774,222.7764,225.2067
2002-12-30,218.3209,219.5361,216.7007,217.5108
2002-12-31,217.5108,217.5108,217.5108,217.5108
2003-01-01,217.5108,217.5108,217.5108,217.5108
2003-01-02,217.5108,217.5108,217.5108,217.5108
2003-01-03,217.5108,217.5108,217.5108,217.5108
2003-01-06,225.6119,226.4219,220.3462,220.3462
2003-01-07,228.4472,229.2573,225.6119,226.8270
2003-01-08,225.2068,227.6371,223.9917,225.6119
2003-01-09,223.9916,228.4472,222.7765,228.4472
2003-01-10,231.6875,232.9027,223.5866,226.4219
2003-01-13,226.4219,226.4219,226.4219,226.4219
2003-01-14,229.2572,239.3834,227.2319,237.7632
2003-01-15,234.9279,236.1431,229.2573,235.3330
2003-01-16,228.8522,234.9279,228.8522,234.5229
2003-01-17,234.5230,240.5987,231.6876,238.5734
2003-01-20,233.3077,236.1431,228.4471,230.4724
2003-01-21,226.4219,232.9027,224.8017,231.2825
2003-01-22,229.2573,232.9027,227.6371,232.9027
2003-01-23,236.9531,247.0793,234.1178,245.8642
2003-01-24,243.0289,249.9147,240.5986,241.4087
2003-01-27,237.3583,238.1684,232.4977,233.3078
2003-01-28,229.2573,232.4977,228.8522,230.0674
2003-01-29,230.8775,230.8775,218.7261,219.5362
2003-01-30,221.1563,224.3967,216.7008,216.7008
2003-01-31,216.2957,218.7260,213.0553,218.7260
2003-02-03,212.2452,220.7512,211.8402,217.9159
2003-02-04,221.1563,223.9917,215.0806,215.0806
2003-02-05,213.4604,220.3462,213.0554,220.3462
2003-02-06,220.3462,223.9916,213.0553,214.2705
2003-02-07,214.2704,216.7007,213.0553,215.4856
2003-02-10,214.6756,216.7008,213.4604,216.7008
2003-02-11,216.7008,216.7008,216.7008,216.7008
2003-02-12,216.7008,220.7513,216.2957,220.3462
2003-02-13,219.1310,221.9664,217.1058,218.3209
2003-02-14,222.3715,226.4220,219.1311,225.6119
2003-02-17,230.8774,235.7380,229.6623,235.3330
2003-02-18,236.9532,239.7885,231.6875,232.0926
2003-02-19,232.4976,233.7127,224.3966,224.3966
2003-02-20,223.9916,228.4471,222.7765,226.4219
2003-02-21,226.8270,230.8775,223.5866,223.5866
2003-02-24,225.2068,230.8775,223.5866,229.6623
2003-02-25,225.6118,229.2573,219.1310,222.3714
2003-02-26,221.1563,223.9917,216.7008,216.7008
2003-02-27,220.7513,221.9664,213.4604,215.0806
2003-02-28,219.1310,219.5361,215.4856,218.3209
2003-03-03,218.3210,226.0169,216.2957,226.0169
2003-03-04,221.9664,222.3714,217.9159,219.9411
2003-03-05,217.9159,223.1815,217.1058,219.9411
2003-03-06,218.7260,220.7513,214.6755,214.6755
2003-03-07,211.8402,213.0553,203.3342,204.5493
2003-03-10,200.4989,202.1190,187.9424,193.6130
2003-03-11,187.5373,195.6383,185.9172,188.3474
2003-03-12,190.3726,193.6130,189.1575,192.8029
2003-03-13,191.5878,193.2080,186.7272,186.7272
2003-03-14,194.4231,200.9039,194.0181,199.2837
2003-03-17,197.2584,198.4736,188.7524,189.1575
2003-03-18,200.4989,203.3342,196.8535,197.2585
2003-03-19,195.2333,199.6888,190.3727,199.6888
2003-03-20,201.7140,205.3595,200.4989,202.1191
2003-03-21,202.1191,202.1191,202.1191,202.1191
2003-03-24,208.1947,210.6250,205.7644,208.1947
2003-03-25,200.0938,203.3342,198.8786,198.8786
2003-03-26,201.0313,205.0843,200.2207,201.0313
2003-03-27,199.8154,200.6260,197.7888,200.2207
2003-03-28,199.4100,200.2207,194.9517,196.5729
2003-03-31,192.5199,192.9252,186.0350,188.0616
2003-04-01,184.0085,189.6828,183.6032,185.6297
2003-04-02,187.6563,188.8722,183.1979,188.4669
2003-04-03,192.5198,194.1411,184.8191,186.0350
2003-04-04,177.9288,183.6031,175.0917,183.6031
2003-04-07,184.8191,191.7093,181.5767,191.7093
2003-04-08,187.6562,187.6562,182.3873,184.4138
2003-04-09,180.3607,183.6032,178.7395,179.5501
2003-04-10,177.9289,178.3342,173.4706,174.2812
2003-04-11,176.3076,177.1183,170.2281,171.4440
2003-04-14,171.4440,175.0918,164.9592,168.6069
2003-04-15,171.0387,174.2812,168.2016,170.6334
2003-04-16,178.7395,181.5767,177.1183,181.1714
2003-04-17,179.1448,183.6031,178.7395,179.9554
2003-04-18,185.6297,186.0350,183.6032,184.8191
2003-04-21,185.2244,188.4668,184.8191,186.8456
2003-04-22,186.4402,186.4402,178.7395,179.9554
2003-04-23,181.9819,182.7925,173.8758,175.4970
2003-04-24,179.5501,184.8191,177.9289,181.5766
2003-04-25,178.3342,178.3342,175.0918,176.7130
2003-04-28,172.6600,175.9024,171.8493,174.6865
2003-04-29,174.6865,174.6865,174.6865,174.6865
2003-04-30,180.7661,181.9820,177.9289,181.1714
2003-05-01,176.3077,178.3342,174.6865,178.3342
2003-05-02,174.2812,176.3077,171.0387,173.4706
2003-05-05,173.4706,173.4706,173.4706,173.4706
2003-05-06,176.7129,179.5501,175.9023,176.3076
2003-05-07,178.3342,179.1448,173.4705,175.4970
2003-05-08,173.4706,175.9024,172.2546,175.0918
2003-05-09,177.1183,177.1183,170.2281,173.4706
2003-05-12,175.4970,182.3872,174.2811,181.9819
2003-05-13,186.8457,191.7093,186.4403,188.8722
2003-05-14,188.4669,188.8722,184.4138,186.4404
2003-05-15,185.2244,185.2244,181.1713,184.0085
2003-05-16,182.7926,183.6032,180.7660,182.3873
2003-05-19,180.3607,182.7925,179.5501,180.3607
2003-05-20,178.3342,181.1713,177.1182,179.9554
2003-05-21,179.9554,182.3872,177.5235,179.1448
2003-05-22,177.9289,181.1713,177.5236,178.3342
2003-05-23,181.9820,187.6563,180.7661,186.4404
2003-05-26,186.4403,189.6828,186.0350,187.6562
2003-05-27,185.6297,186.4403,182.3872,184.0085
2003-05-28,190.0880,194.5464,190.0880,192.1146
2003-05-29,192.5198,198.5994,191.7092,197.3835
2003-05-30,197.7889,202.6525,196.5730,199.8154
2003-06-02,211.9745,220.0806,210.7585,216.0275
2003-06-03,215.2170,220.0806,210.7586,216.4329
2003-06-04,220.4859,224.5390,214.4063,215.2170
2003-06-05,223.3231,223.3231,218.0541,220.8913
2003-06-06,220.4859,224.5390,217.2435,223.7284
2003-06-09,218.8647,221.7018,214.4064,220.8913
2003-06-10,214.4063,219.2699,213.5957,218.0540
2003-06-11,220.4859,224.1337,218.0541,218.8647
2003-06-12,221.7018,222.1071,212.7851,213.5957
2003-06-13,214.0010,220.0806,210.7586,219.2700
2003-06-16,214.8116,215.6222,211.1638,211.5691
2003-06-17,220.8913,222.1072,218.8647,221.7019
2003-06-18,221.2965,225.7549,218.4594,218.8647
2003-06-19,219.2701,223.7285,217.2436,220.4860
2003-06-20,216.4328,218.8647,214.4063,215.6222
2003-06-23,214.8116,215.6222,210.7586,213.5957
2003-06-24,209.9480,211.5692,207.9214,209.5427
2003-06-25,205.4896,209.1374,205.4896,207.9215
2003-06-26,205.8949,209.9480,204.2737,209.9480
2003-06-27,215.2169,222.1071,213.5957,220.0806
2003-06-30,220.4859,233.8610,218.0541,230.6186
2003-07-01,231.8344,237.9140,230.6185,236.2928
2003-07-02,241.9671,256.9634,240.7512,254.5316
2003-07-03,266.6907,269.9332,249.2626,250.8838
2003-07-04,246.8308,258.1793,244.8042,253.3156
2003-07-07,256.1528,274.7968,255.7475,273.9862
2003-07-08,290.1984,312.0848,287.3612,296.6833
2003-07-09,293.8461,299.1151,277.2286,289.3878
2003-07-10,283.7135,286.9559,276.8233,278.0392
2003-07-11,271.5543,273.1756,262.2323,269.1225
2003-07-14,275.6074,282.4976,271.5543,282.0923
2003-07-15,302.3575,310.4636,297.8992,305.1947
2003-07-16,314.1114,318.9751,303.9788,318.9751
2003-07-17,302.7629,305.1947,290.1984,291.0090
2003-07-18,283.7135,297.0886,283.3082,294.6567
2003-07-21,294.6567,294.6567,294.6567,294.6567
2003-07-22,290.1983,290.6036,281.6869,288.1718
2003-07-23,295.4674,298.7098,286.5507,289.7931
2003-07-24,291.8197,292.2250,284.9295,286.9560
2003-07-25,286.9559,294.2514,280.0658,294.2514
2003-07-28,302.7627,303.1680,297.0884,299.1150
2003-07-29,303.9788,304.3841,299.5204,301.1417
2003-07-30,301.5469,302.3575,289.3878,289.3878
2003-07-31,286.1453,290.6037,282.0923,286.5506
2003-08-01,287.3613,297.4940,282.0924,297.4940
2003-08-04,287.3612,289.7931,283.3082,284.9294
2003-08-05,283.7135,284.1188,271.1491,277.6339
2003-08-06,267.9066,272.7703,264.6642,271.1490
2003-08-07,267.0960,268.7172,256.5581,262.2324
2003-08-08,259.3952,269.9331,259.3952,267.5013
2003-08-11,268.3120,274.7969,264.6642,274.3916
2003-08-12,278.4446,280.0658,272.7703,272.7703
2003-08-13,276.8233,280.4710,274.3915,280.4710
2003-08-14,280.8764,295.4673,278.8498,294.2514
2003-08-15,290.6036,290.6036,290.6036,290.6036
2003-08-18,294.6567,301.5469,293.8461,301.5469
2003-08-19,313.7061,316.5432,311.6795,313.7061
2003-08-20,311.6796,313.7061,304.3841,305.6000
2003-08-21,304.7894,313.7061,300.7363,313.7061
2003-08-22,314.1114,314.1114,305.1947,307.6265
2003-08-25,307.6264,314.5166,307.6264,311.6795
2003-08-26,312.0849,322.6228,308.0318,322.2175
2003-08-27,322.2175,323.0281,314.5167,316.9485
2003-08-28,324.2440,328.7024,320.1910,322.2175
2003-08-29,330.3235,335.9978,329.9182,333.1606
2003-09-01,334.3766,346.5358,333.5660,346.5358
2003-09-02,346.1304,355.0472,344.5092,354.6418
2003-09-03,361.5321,361.5321,351.8047,357.8843
2003-09-04,358.2896,359.5055,340.4562,342.0774
2003-09-05,346.5358,349.7782,338.0244,340.0509
2003-09-08,335.1872,346.1304,331.5394,342.8880
2003-09-09,350.9941,356.6684,348.9676,356.6684
2003-09-10,352.6155,357.8845,350.5890,355.8579
2003-09-11,341.6722,344.1040,332.3502,334.3767
2003-09-12,338.4298,339.2403,328.7024,337.2138
2003-09-15,337.2138,337.2138,337.2138,337.2138
2003-09-16,333.1607,338.4297,330.7289,335.9979
2003-09-17,348.1571,348.5623,340.4562,341.2668
2003-09-18,338.4298,348.9677,336.8086,347.3465
2003-09-19,347.7516,347.7516,329.5129,331.5394
2003-09-22,320.1910,322.2175,305.1947,307.2212
2003-09-23,307.2212,307.2212,307.2212,307.2212
2003-09-24,311.2742,315.3273,294.6567,295.0620
2003-09-25,287.9247,295.2242,284.2750,294.0076
2003-09-26,289.9523,308.6066,289.9523,302.9292
2003-09-29,304.9570,308.6067,300.9017,308.6067
2003-09-30,312.6620,315.9062,300.9017,300.9017
2003-10-01,300.9016,303.7403,294.0076,300.0905
2003-10-02,304.1458,308.2011,294.0077,298.0629
2003-10-03,302.1182,302.1182,293.1966,297.2519
2003-10-06,304.1458,304.1458,297.6574,303.3348
2003-10-07,302.1183,309.0122,300.4962,308.6067
2003-10-08,304.5514,306.1736,291.9801,293.1967
2003-10-09,290.7635,296.4408,288.3303,294.8187
2003-10-10,297.2519,311.4454,296.0353,307.7957
2003-10-13,307.7957,307.7957,307.7957,307.7957
2003-10-14,315.9062,326.0444,313.8786,326.0444
2003-10-15,330.0998,330.9108,321.5837,322.3947
2003-10-16,324.4224,334.5606,320.7726,334.5606
2003-10-17,336.5881,337.3992,327.6665,330.5052
2003-10-20,320.3670,331.3162,308.2011,328.4775
2003-10-21,336.5882,336.5882,322.3947,322.3947
2003-10-22,324.4221,326.8553,313.8784,314.2840
2003-10-23,302.1182,304.9569,291.1690,293.6021
2003-10-24,301.7127,309.4177,291.5745,300.0905
2003-10-27,300.0906,305.7680,295.6298,301.7127
2003-10-28,304.5513,307.3900,300.9016,307.3900
2003-10-29,327.6665,330.9107,322.3946,327.2609
2003-10-30,326.0443,330.0996,320.3669,330.0996
2003-10-31,330.0997,332.9384,315.0951,319.5559
2003-11-03,319.5559,319.5559,319.5559,319.5559
2003-11-04,336.5881,349.5650,336.1826,348.7539
2003-11-05,341.8599,350.7815,336.5880,350.7815
2003-11-06,346.7262,348.3484,333.3438,333.3438
2003-11-07,336.5879,341.8598,333.3437,341.0488
2003-11-10,336.9937,341.0490,332.5329,339.8324
2003-11-11,327.6664,328.4774,311.4453,314.2840
2003-11-12,318.3394,324.0168,308.6067,315.5007
2003-11-13,331.7218,334.5605,328.0720,332.5329
2003-11-14,328.4776,330.5052,315.0952,315.0952
2003-11-17,298.8740,300.4961,289.1413,294.0076
2003-11-18,298.0630,307.7956,294.0077,306.9846
2003-11-19,294.0077,296.4409,289.1414,289.1414
2003-11-20,301.3072,301.3072,289.1413,299.6850
2003-11-21,295.6297,297.2518,290.3579,295.6297
2003-11-24,295.6297,295.6297,295.6297,295.6297
2003-11-25,306.9846,310.2288,304.9569,306.9846
2003-11-26,307.7956,319.1504,307.3900,317.5282
2003-11-27,317.9338,321.5835,314.2840,319.1504
2003-11-28,317.1226,318.3392,310.2287,314.2840
2003-12-01,306.1735,331.7217,306.1735,331.7217
2003-12-02,332.5329,338.6158,331.3163,336.1826
2003-12-03,334.9660,337.3992,330.0997,336.5881
2003-12-04,335.3714,341.4544,334.1549,340.6433
2003-12-05,333.3438,336.1825,325.2333,327.6664
2003-12-08,317.9338,323.6112,309.4177,309.4177
2003-12-09,313.4729,321.9890,306.5790,317.5282
2003-12-10,305.3624,308.2011,299.2794,304.1458
2003-12-11,306.5791,315.0952,302.9293,315.0952
2003-12-12,323.2057,328.0720,320.3670,326.0444
2003-12-15,338.2102,339.8324,334.9660,339.8324
2003-12-16,323.6112,324.8278,319.1504,319.5559
2003-12-17,319.5560,320.3671,311.4454,312.6620
2003-12-18,308.6067,309.8232,303.7403,306.5790
2003-12-19,310.6343,314.2841,307.3901,309.0122
2003-12-22,304.9569,316.7172,304.9569,316.7172
2003-12-23,316.7172,316.7172,316.7172,316.7172
2003-12-24,320.7726,321.5837,317.1228,319.9615
2003-12-25,320.3669,323.2056,317.9337,321.1779
2003-12-26,321.1780,323.6112,320.7725,322.8002
2003-12-29,325.2333,327.6665,323.6112,325.6388
2003-12-30,329.6941,331.3162,328.4775,330.0996
2003-12-31,330.0996,330.0996,330.0996,330.0996
2004-01-01,330.0996,330.0996,330.0996,330.0996
2004-01-02,330.0996,330.0996,330.0996,330.0996
2004-01-05,334.1548,334.9659,331.3162,332.9383
2004-01-06,340.6433,340.6433,329.2885,331.7217
2004-01-07,332.1273,336.5881,325.2333,328.8831
2004-01-08,332.9383,341.0489,331.3162,340.6433
2004-01-09,344.6987,347.1319,338.6158,345.1042
2004-01-12,345.1042,345.1042,345.1042,345.1042
2004-01-13,343.4821,344.2932,330.0997,335.7771
2004-01-14,329.2885,338.6157,327.6664,338.6157
2004-01-15,336.9936,336.9936,327.6665,328.4775
2004-01-16,331.7217,334.9660,329.6941,334.1549
2004-01-19,338.2103,340.2379,334.1550,335.7771
2004-01-20,337.3992,343.4821,332.1273,339.4268
2004-01-21,337.3991,343.0765,332.9383,332.9383
2004-01-22,336.5880,338.6157,329.2885,329.2885
2004-01-23,328.4775,333.3438,326.8554,327.6664
2004-01-26,319.5559,321.5835,315.0951,320.3669
2004-01-27,321.1781,321.9891,311.0399,311.4454
2004-01-28,304.1458,305.7679,298.8740,300.4961
2004-01-29,296.4409,301.3072,293.6022,300.9017
2004-01-30,299.2794,307.3900,296.8463,304.5513
2004-02-02,300.4962,303.3348,295.2243,296.0353
2004-02-03,296.0353,296.8464,285.0861,289.5469
2004-02-04,287.5192,289.1414,282.2474,283.8695
2004-02-05,281.4363,288.7358,274.9478,280.6252
2004-02-06,282.2475,285.4917,277.3811,280.2198
2004-02-09,288.3303,291.5745,280.2197,282.2473
2004-02-10,279.8142,282.2474,267.6484,272.5147
2004-02-11,272.5147,272.5147,272.5147,272.5147
2004-02-12,274.9478,276.1644,268.4594,270.8926
2004-02-13,267.2429,280.2198,267.2429,280.2198
2004-02-16,279.8142,283.0584,273.3258,274.5424
2004-02-17,278.1921,289.1414,276.5700,287.1137
2004-02-18,290.7634,291.1690,282.2473,282.2473
2004-02-19,290.3578,291.9799,283.0583,287.5191
2004-02-20,283.0584,285.8971,280.6252,281.8418
2004-02-23,282.2474,286.7082,280.2197,283.8695
2004-02-24,280.2197,280.6252,271.7036,272.1092
2004-02-25,267.6483,270.4870,263.5930,265.6207
2004-02-26,269.6760,270.4870,261.1599,265.6207
2004-02-27,265.6208,270.0816,262.7821,267.2429
2004-03-01,269.6759,279.8141,268.8649,278.1920
2004-03-02,282.2473,283.8695,276.5700,279.4087
2004-03-03,283.4639,285.8971,279.8142,282.2473
2004-03-04,283.8695,289.5468,283.4639,287.9247
2004-03-05,290.3579,290.3579,278.5976,285.0860
2004-03-08,281.0307,283.8694,276.5699,278.1920
2004-03-09,270.8927,275.3535,270.4871,275.3535
2004-03-10,274.1367,274.9478,268.8649,271.7036
2004-03-11,267.6484,270.4871,265.6207,268.8650
2004-03-12,264.8096,275.7589,264.8096,274.9478
2004-03-15,279.0031,280.2197,270.8926,272.1092
2004-03-16,270.0815,271.7036,265.2152,265.2152
2004-03-17,268.0538,272.1091,266.4317,270.0815
2004-03-18,275.7589,275.7589,267.2429,268.8650
2004-03-19,264.8096,271.7036,264.8096,271.7036
2004-03-22,268.4594,270.8926,266.8373,269.2705
2004-03-23,265.2151,268.8649,262.7820,265.6207
2004-03-24,266.8373,267.2428,257.5102,258.3212
2004-03-25,260.7543,266.4317,260.3488,265.6207
2004-03-26,278.0412,283.7238,275.6058,283.7238
2004-03-29,284.5356,289.0005,280.0707,282.5061
2004-03-30,290.6242,290.6242,282.1003,282.9120
2004-03-31,284.1297,287.3769,278.0412,282.1003
2004-04-01,282.5061,284.5356,275.1999,278.4471
2004-04-02,280.0707,286.5651,278.8530,284.1297
2004-04-05,291.8418,294.6831,290.6241,292.6536
2004-04-06,297.9303,299.9598,292.2477,299.9598
2004-04-07,296.3067,299.5539,294.2772,297.1185
2004-04-08,294.2773,297.1186,292.2478,296.3068
2004-04-09,292.2476,293.8712,285.7533,287.7827
2004-04-12,291.8418,296.3067,290.2182,295.0890
2004-04-13,299.1481,299.9599,294.6832,296.3068
2004-04-14,292.2478,294.2773,289.4065,291.0301
2004-04-15,292.2477,294.6831,283.3180,283.7238
2004-04-16,285.3475,286.5652,278.0413,281.6944
2004-04-19,279.2589,280.0707,272.3586,278.4471
2004-04-20,283.3180,291.8419,278.4472,289.4065
2004-04-21,289.4064,291.4359,285.7533,288.1887
2004-04-22,292.2478,293.0596,277.2295,281.6944
2004-04-23,285.3475,292.6537,283.3181,291.4360
2004-04-26,294.2773,297.5245,293.0596,293.8714
2004-04-27,289.8123,291.0300,284.1297,285.7533
2004-04-28,288.1887,288.1887,278.4471,281.2884
2004-04-29,281.2884,281.2884,281.2884,281.2884
2004-04-30,270.7351,276.0118,270.7351,272.7646
2004-05-03,272.7646,272.7646,272.7646,272.7646
2004-05-04,272.7646,272.7646,272.7646,272.7646
2004-05-05,272.7646,272.7646,272.7646,272.7646
2004-05-06,273.1705,273.9823,261.8053,263.4289
2004-05-07,255.3108,264.2406,255.3108,257.3403
2004-05-10,259.3698,262.6170,239.0748,244.7574
2004-05-11,245.9751,254.9049,239.4807,244.7574
2004-05-12,249.6283,250.8460,241.9162,245.1634
2004-05-13,241.1044,243.1339,235.4218,235.8277
2004-05-14,236.2336,241.1044,230.1451,237.0454
2004-05-17,231.7686,233.3922,223.2447,224.0565
2004-05-18,225.6802,232.1746,223.6507,231.7687
2004-05-19,234.2041,243.5397,228.5215,236.6395
2004-05-20,237.8571,239.4807,230.5509,235.0158
2004-05-21,238.6690,242.3221,235.8277,241.1044
2004-05-24,239.4808,240.6985,235.4218,237.4513
2004-05-25,236.2336,237.8572,234.6100,235.4218
2004-05-26,240.2926,241.5103,236.2336,236.2336
2004-05-27,237.8571,246.3810,236.6394,244.7574
2004-05-28,250.0341,256.9344,248.0046,255.7167
2004-05-31,252.4695,254.0931,245.1633,247.5987
2004-06-01,248.8164,253.6872,245.9751,249.2223
2004-06-02,251.6577,251.6577,245.9751,246.7869
2004-06-03,248.0047,250.8460,235.0159,237.4513
2004-06-04,241.5103,242.7280,237.4513,242.3221
2004-06-07,245.9752,254.9050,244.3516,254.4991
2004-06-08,258.5581,261.3994,255.7168,256.5286
2004-06-09,257.7462,258.5580,250.0341,250.0341
2004-06-10,245.9752,255.7168,243.9457,253.6873
2004-06-11,253.6872,255.3108,245.1633,246.7869
2004-06-14,245.9752,246.3811,237.0454,237.8572
2004-06-15,235.4217,237.0453,231.7686,235.0158
2004-06-16,238.6690,240.6985,235.4218,237.0454
2004-06-17,236.6394,236.6394,230.9568,233.3922
2004-06-18,229.7392,231.7687,226.4920,226.4920
2004-06-21,229.3333,235.8277,228.5215,228.9274
2004-06-22,228.5215,230.9568,227.3038,229.7392
2004-06-23,233.7981,235.0158,228.5215,229.7392
2004-06-24,233.7982,243.1339,233.7982,243.1339
2004-06-25,243.1339,246.3811,240.6985,245.9752
2004-06-28,250.0341,252.0636,246.3810,250.8459
2004-06-29,246.7870,247.5988,243.9457,246.3811
2004-06-30,247.5988,251.2519,246.3811,248.4106
2004-07-01,251.2518,251.6578,247.1928,248.0047
2004-07-02,239.8866,242.3220,236.6394,239.8866
2004-07-05,235.8277,237.8572,235.0159,236.2336
2004-07-06,237.4513,241.5103,235.8277,236.2336
2004-07-07,231.3628,234.2041,229.3333,231.7687
2004-07-08,234.2042,235.4219,227.7098,229.3334
2004-07-09,227.3038,232.5805,227.3038,231.7687
2004-07-12,234.6100,234.6100,228.9274,231.3628
2004-07-13,228.5214,229.7391,224.0565,228.1155
2004-07-14,224.8683,227.3037,215.9385,217.9680
2004-07-15,218.7799,219.9976,211.4738,213.9091
2004-07-16,211.4738,223.2449,210.2561,221.2154
2004-07-19,221.2154,221.2154,221.2154,221.2154
2004-07-20,213.5032,214.3150,209.0383,211.0678
2004-07-21,219.1859,221.2154,217.5623,221.2154
2004-07-22,214.7209,218.3740,212.2855,216.7504
2004-07-23,215.5327,215.9386,211.4738,212.2855
2004-07-26,212.6914,219.5917,211.8796,218.3740
2004-07-27,215.1267,216.7503,211.8795,211.8795
2004-07-28,217.9681,222.8389,215.1268,219.1858
2004-07-29,217.1563,220.4035,213.5032,216.3445
2004-07-30,222.0272,222.4331,219.1859,221.2154
2004-08-02,219.1858,222.0271,217.9681,220.4035
2004-08-03,219.9976,222.0271,215.5327,215.9386
2004-08-04,213.0973,216.3445,207.4147,215.9386
2004-08-05,219.1858,227.3038,217.1563,224.8684
2004-08-06,218.7799,227.3038,218.3740,224.4625
2004-08-09,217.1563,228.1156,217.1563,227.3038
2004-08-10,227.7097,231.3628,227.7097,230.9569
2004-08-11,231.7687,232.1746,228.1156,228.9274
2004-08-12,228.9274,228.9274,223.2448,224.4625
2004-08-13,222.4331,223.6508,219.1859,221.2154
2004-08-16,221.6212,227.7097,219.9976,226.4920
2004-08-17,229.3332,231.3627,226.8978,228.5214
2004-08-18,228.9274,231.3628,227.7097,230.9569
2004-08-19,232.5805,236.6395,231.3628,236.6395
2004-08-20,233.7981,234.6099,230.5509,232.1745
2004-08-23,234.6100,235.4218,231.7687,231.7687
2004-08-24,232.1746,233.3923,228.9274,231.3628
2004-08-25,228.9274,231.7687,228.1156,230.9569
2004-08-26,232.1747,232.5806,228.9275,229.3334
2004-08-27,230.1450,230.1450,226.0860,228.5214
2004-08-30,227.3038,229.3333,225.6802,227.7097
2004-08-31,226.0860,228.9273,225.6801,228.1155
2004-09-01,228.5215,228.9274,224.0566,225.2743
2004-09-02,228.1156,231.3628,227.3038,230.5510
2004-09-03,227.7096,228.5214,223.6506,223.6506
2004-09-06,224.4625,228.1156,222.8389,227.3038
2004-09-07,227.7098,230.5511,227.3039,229.3334
2004-09-08,226.8979,228.5215,224.8684,225.6802
2004-09-09,227.3038,230.5510,224.4625,224.8684
2004-09-10,221.6212,226.4920,219.9976,224.4625
2004-09-13,227.7097,231.7687,226.4920,231.7687
2004-09-14,235.0159,241.9162,233.7982,238.6690
2004-09-15,237.0453,238.2630,233.3922,233.3922
2004-09-16,230.5509,236.6394,229.7391,233.3922
2004-09-17,234.2042,234.6101,228.5216,229.3334
2004-09-20,229.3334,229.3334,229.3334,229.3334
2004-09-21,232.9863,234.2040,230.5509,233.3922
2004-09-22,233.7982,236.2336,229.3333,231.3628
2004-09-23,231.3628,231.3628,231.3628,231.3628
2004-09-24,227.3038,230.1451,224.4625,225.6802
2004-09-27,226.2906,226.2906,221.4067,223.8487
2004-09-28,220.5928,222.6278,218.5578,221.4068
2004-09-29,221.4067,222.2207,218.1507,218.9647
2004-09-30,220.9997,221.8137,218.5577,218.5577
2004-10-01,220.1857,222.6277,219.7787,222.2207
2004-10-04,230.3606,231.9886,226.6977,230.3606
2004-10-05,229.1396,231.1746,226.6976,227.5116
2004-10-06,227.9187,234.0236,227.5117,231.9886
2004-10-07,233.2096,233.2096,230.3606,230.7676
2004-10-08,231.1746,233.6166,230.3606,231.5816
2004-10-11,231.5816,231.5816,231.5816,231.5816
2004-10-12,224.2556,229.1396,223.4416,229.1396
2004-10-13,231.5817,232.3957,225.4767,225.8837
2004-10-14,226.2906,227.5116,224.2557,224.6626
2004-10-15,221.8137,223.8487,218.9647,220.9997
2004-10-18,221.4067,221.8138,219.3718,221.8138
2004-10-19,222.6277,226.2906,221.4067,223.8487
2004-10-20,219.3717,221.4067,217.3367,218.9647
2004-10-21,220.9997,223.0347,218.1507,219.3717
2004-10-22,225.4766,227.5116,223.4416,225.4766
2004-10-25,220.1858,227.1047,219.7788,225.0697
2004-10-26,226.2907,233.6166,225.8837,231.9886
2004-10-27,231.1746,233.2096,229.5466,231.5816
2004-10-28,235.2446,236.0586,233.2096,236.0586
2004-10-29,236.0585,236.0585,231.9886,234.0235
2004-11-01,234.4306,234.4306,229.5467,232.8027
2004-11-02,231.1746,232.8026,229.9536,231.9886
2004-11-03,231.9886,231.9886,231.9886,231.9886
2004-11-04,234.4306,234.4306,230.7677,231.1747
2004-11-05,231.9886,233.6166,228.3257,230.7676
2004-11-08,231.9886,231.9886,227.1047,227.1047
2004-11-09,227.1046,230.3606,225.0696,225.4766
2004-11-10,227.1047,227.5116,225.0697,226.2906
2004-11-11,223.8488,225.0698,220.1858,220.5928
2004-11-12,222.6277,228.3256,221.8137,227.5116
2004-11-15,228.3257,234.0237,227.1047,233.2097
2004-11-16,233.2096,233.6166,228.3256,228.3256
2004-11-17,229.9537,232.3956,229.1397,229.5467
2004-11-18,231.5817,234.0237,229.1397,232.8027
2004-11-19,235.2446,237.6866,234.8376,235.6516
2004-11-22,229.9537,231.1747,225.8837,231.1747
2004-11-23,231.1747,231.1747,231.1747,231.1747
2004-11-24,229.9537,233.6166,228.7327,232.8027
2004-11-25,231.1746,234.8376,230.3607,234.4306
2004-11-26,234.4306,234.8376,231.5816,231.9886
2004-11-29,233.6167,236.0587,232.8027,234.8377
2004-11-30,233.2096,234.0236,230.7676,230.7676
2004-12-01,229.9537,229.9537,228.3257,229.9537
2004-12-02,235.2447,235.6517,233.2097,234.8377
2004-12-03,240.1286,243.7916,239.3146,241.7566
2004-12-06,240.5357,247.8616,240.5357,242.9777
2004-12-07,242.9776,245.4196,237.2796,237.6866
2004-12-08,236.8726,242.5706,235.6516,241.7566
2004-12-09,238.5006,240.9426,235.6517,236.4657
2004-12-10,232.3956,238.0936,232.3956,235.6516
2004-12-13,237.6867,237.6867,231.1747,233.2097
2004-12-14,237.2796,241.3496,235.2446,238.9076
2004-12-15,242.5706,245.8266,240.9426,244.6056
2004-12-16,242.9776,243.3846,239.7216,240.1286
2004-12-17,239.7216,248.2685,238.9076,246.6405
2004-12-20,247.4546,250.3035,245.8265,250.3035
2004-12-21,249.8965,251.9315,248.2685,249.8965
2004-12-22,252.3386,253.1526,249.8966,251.5246
2004-12-23,251.5246,251.5246,251.5246,251.5246
2004-12-24,254.3735,256.4085,253.5595,256.4085
2004-12-27,252.3385,256.0015,252.3385,253.9665
2004-12-28,253.9665,258.8505,253.9665,256.4085
2004-12-29,258.4435,259.2575,253.5595,253.5595
2004-12-30,257.6296,257.6296,255.5946,256.8156
2004-12-31,256.8156,256.8156,256.8156,256.8156
2005-01-03,256.8156,256.8156,256.8156,256.8156
2005-01-04,254.3735,256.0015,249.0826,254.3735
2005-01-05,249.0826,250.7106,246.2336,247.8616
2005-01-06,245.4195,248.2685,245.0125,247.4545
2005-01-07,247.4545,248.6755,245.0125,245.8265
2005-01-10,245.8265,245.8265,245.8265,245.8265
2005-01-11,249.0826,252.7456,247.8616,251.1176
2005-01-12,252.7455,256.4085,249.8965,250.3035
2005-01-13,249.4895,251.9315,247.4546,250.3035
2005-01-14,247.4546,251.5245,246.2336,249.0825
2005-01-17,252.3385,257.6295,251.1175,256.0015
2005-01-18,256.8156,257.2226,253.5596,255.1876
2005-01-19,256.0015,256.8155,251.9315,253.1525
2005-01-20,250.3035,254.7805,247.4545,253.1525
2005-01-21,249.4895,251.5245,248.2685,248.2685
2005-01-24,247.8615,251.9315,245.4196,249.8965
2005-01-25,246.6405,247.4545,240.1286,242.1636
2005-01-26,245.4196,245.4196,240.1286,243.3846
2005-01-27,241.3497,244.1987,241.3497,242.9777
2005-01-28,243.3847,243.3847,240.1287,242.9777
2005-01-31,241.3495,248.6755,241.3495,245.8265
2005-02-01,245.4196,246.6406,242.1636,243.3846
2005-02-02,244.1986,246.6406,241.3496,242.5706
2005-02-03,241.3496,242.5706,239.3146,239.3146
2005-02-04,238.5006,240.1286,236.4656,238.0936
2005-02-07,241.3497,247.8616,240.1287,247.0476
2005-02-08,247.4546,251.1176,245.8266,247.8616
2005-02-09,249.4895,251.5245,249.4895,250.3035
2005-02-10,249.4895,256.0015,248.2685,256.0015
2005-02-11,256.0015,256.0015,256.0015,256.0015
2005-02-14,260.0715,265.3625,258.8505,264.5485
2005-02-15,263.3275,266.5835,260.0715,263.3275
2005-02-16,263.3274,269.4324,262.9204,266.1764
2005-02-17,265.7694,269.8394,264.9554,269.0254
2005-02-18,266.1765,268.6184,263.3275,267.8044
2005-02-21,267.3975,267.3975,262.1066,264.1415
2005-02-22,264.1415,264.1415,260.0715,262.1065
2005-02-23,260.0715,264.5485,259.6645,262.1065
2005-02-24,262.1066,264.9556,260.8856,263.7346
2005-02-25,265.7695,269.8395,265.3625,269.8395
2005-02-28,274.3164,275.5374,273.0954,273.0954
2005-03-01,272.2814,275.9444,271.0604,275.9444
2005-03-02,275.9444,276.3514,270.6534,271.0604
2005-03-03,271.4674,273.9094,271.0604,273.5024
2005-03-04,270.6534,271.4674,267.3975,270.2464
2005-03-07,271.8744,275.1304,268.2114,269.0254
2005-03-08,272.2814,272.2814,267.8044,268.2114
2005-03-09,268.2114,271.0604,266.1764,269.0254
2005-03-10,264.5486,265.7695,261.2926,264.1415
2005-03-11,263.3275,267.3975,263.3275,263.3275
2005-03-14,260.8855,261.6995,254.7805,255.5945
2005-03-15,256.8155,257.2225,252.3385,253.9665
2005-03-16,253.9665,255.1875,252.3385,253.1525
2005-03-17,250.3035,251.5245,248.6755,250.3035
2005-03-18,252.3385,256.8155,251.5245,252.7455
2005-03-21,252.7455,252.7455,252.7455,252.7455
2005-03-22,249.8965,250.3035,248.2685,248.6755
2005-03-23,249.0825,249.8965,246.2335,248.6755
2005-03-24,249.8966,252.7455,247.4546,249.4895
2005-03-25,251.5245,251.9315,247.8616,249.4895
2005-03-28,251.9435,256.0335,251.5345,255.6245
2005-03-29,254.8065,256.8515,249.0805,250.3075
2005-03-30,246.2176,249.4896,245.8086,248.6716
2005-03-31,250.3075,253.1705,247.8535,249.8985
2005-04-01,249.4896,253.1706,247.4446,252.7616
2005-04-04,250.3076,253.5796,249.4896,252.7616
2005-04-05,254.3975,256.0335,253.1705,255.6245
2005-04-06,256.4425,260.1235,255.2155,257.6695
2005-04-07,260.1235,260.9415,256.4425,259.7145
2005-04-08,260.9416,261.7596,258.4876,258.8966
2005-04-11,258.4876,258.4876,252.3526,252.7616
2005-04-12,251.9435,253.5796,248.6716,249.4895
2005-04-13,250.7165,251.9435,247.8535,249.8985
2005-04-14,246.2175,248.2625,243.7635,247.8535
2005-04-15,244.1725,244.1725,240.0825,240.4915
2005-04-18,231.0845,233.9475,228.6305,229.8575
2005-04-19,233.9476,235.5836,230.6756,232.7206
2005-04-20,240.4915,241.3095,234.3565,235.1745
2005-04-21,231.4936,237.6286,228.2216,236.8105
2005-04-22,239.6736,240.4916,232.3116,232.3116
2005-04-25,233.1296,233.5386,231.0846,232.7206
2005-04-26,231.9026,232.7206,228.2216,228.2216
2005-04-27,226.9946,227.8126,222.4956,223.3136
2005-04-28,223.7226,223.7226,219.2237,221.6777
2005-04-29,221.6777,221.6777,221.6777,221.6777
2005-05-02,218.8146,226.1766,218.8146,224.5406
2005-05-03,224.5406,224.5406,224.5406,224.5406
2005-05-04,224.5406,224.5406,224.5406,224.5406
2005-05-05,224.5406,224.5406,224.5406,224.5406
2005-05-06,228.2216,228.2216,225.3587,227.8127
2005-05-09,226.5855,227.4035,224.5405,225.7675
2005-05-10,226.1766,228.2216,224.1317,224.9496
2005-05-11,223.7226,224.1317,221.2687,222.4957
2005-05-12,221.6776,224.9496,221.2686,222.9046
2005-05-13,226.9946,231.4936,226.1766,227.8127
2005-05-16,231.9025,233.5385,225.7676,227.4035
2005-05-17,231.4936,232.3116,224.1316,226.1766
2005-05-18,226.1766,228.2216,222.9046,224.1316
2005-05-19,232.3116,234.7656,229.0396,232.7206
2005-05-20,234.3566,236.8106,231.9026,233.1296
2005-05-23,235.1746,239.2646,234.7656,238.0376
2005-05-24,239.6734,241.3095,236.8105,240.0825
2005-05-25,240.4915,240.4915,235.9925,237.2195
2005-05-26,235.5836,238.8556,234.7656,238.0376
2005-05-27,241.3095,246.2175,240.0825,244.9905
2005-05-30,245.3995,250.7165,244.9905,249.0805
2005-05-31,248.6716,249.4896,245.8086,248.6716
2005-06-01,246.6265,249.8985,245.8085,249.8985
2005-06-02,250.3075,251.1256,246.2176,246.6266
2005-06-03,248.2625,249.0805,246.6265,249.0805
2005-06-06,245.3996,246.6266,243.7636,246.6266
2005-06-07,244.5816,244.5816,240.0826,241.7186
2005-06-08,243.7636,246.2176,240.9006,242.1276
2005-06-09,243.7635,243.7635,240.0825,240.4915
2005-06-10,241.3096,245.3996,241.3096,245.3996
2005-06-13,243.3545,245.8085,242.5365,243.7635
2005-06-14,244.9905,245.3995,240.9005,241.3096
2005-06-15,242.1275,244.5815,241.7185,243.7635
2005-06-16,244.1726,245.8086,242.1276,242.9456
2005-06-17,244.5816,246.6266,243.7636,246.6266
2005-06-20,246.6265,246.6265,243.3545,243.7635
2005-06-21,242.9456,245.8086,242.5366,244.1726
2005-06-22,244.5815,247.4445,243.7635,247.0355
2005-06-23,247.0355,249.4895,247.0355,247.4445
2005-06-24,244.9905,247.0355,244.5815,247.0355
2005-06-27,244.5815,245.3995,239.6735,241.3096
2005-06-28,239.6735,240.4915,236.8105,237.2195
2005-06-29,241.3096,241.7186,238.4466,239.2646
2005-06-30,238.4464,240.4915,237.6285,240.0825
2005-07-01,238.8556,239.2646,235.1746,236.4016
2005-07-04,237.6285,238.0375,231.4935,231.9025
2005-07-05,231.4936,232.7206,229.8576,230.2666
2005-07-06,232.7205,233.1295,229.4485,229.8575
2005-07-07,230.6756,231.4936,228.6306,229.0396
2005-07-08,228.2216,230.6756,226.9946,226.9946
2005-07-11,231.0847,231.9027,228.6307,231.0847
2005-07-12,233.1296,233.5386,230.2666,232.7206
2005-07-13,233.5386,233.5386,231.4936,231.4936
2005-07-14,233.9476,240.0826,233.1296,238.8556
2005-07-15,240.0826,241.3096,238.4466,238.8556
2005-07-18,238.8556,238.8556,238.8556,238.8556
2005-07-19,239.2646,239.2646,235.9926,238.8556
2005-07-20,240.4915,241.7185,239.2645,240.4915
2005-07-21,242.1275,245.3995,239.2645,240.4915
2005-07-22,238.4465,239.2645,235.9925,237.2195
2005-07-25,235.1745,238.8555,235.1745,237.2195
2005-07-26,240.9005,243.7635,240.4915,243.3545
2005-07-27,242.9455,247.8535,242.9455,247.0355
2005-07-28,247.4446,248.6716,247.0356,248.2626
2005-07-29,248.6716,249.8986,247.4446,248.6716
2005-08-01,248.2625,251.5345,247.4445,251.1255
2005-08-02,250.7165,257.6695,250.7165,255.6245
2005-08-03,258.4876,259.3055,254.8066,255.2156
2005-08-04,255.6246,256.4426,251.1256,251.9436
2005-08-05,249.8986,253.5796,249.0806,251.9436
2005-08-08,250.7165,253.9885,249.0805,253.9885
2005-08-09,252.3526,258.0786,252.3526,256.4426
2005-08-10,258.8966,261.3506,258.0786,258.8966
2005-08-11,260.9415,260.9415,256.0335,257.6695
2005-08-12,257.6695,259.3055,255.2155,258.0785
2005-08-15,254.3975,260.1235,254.3975,256.0335
2005-08-16,257.6696,258.4876,255.6246,256.4426
2005-08-17,254.3975,258.4875,254.3975,256.8515
2005-08-18,257.6696,260.1236,256.8516,258.8966
2005-08-19,256.8515,259.7145,256.4425,259.7145
2005-08-22,260.5325,262.1685,259.7145,260.5325
2005-08-23,262.5775,266.6675,261.3506,262.9865
2005-08-24,260.1235,262.9865,259.3055,262.5775
2005-08-25,258.4876,260.5326,257.6696,258.8966
2005-08-26,258.8965,260.5325,257.2605,257.6695
2005-08-29,256.8515,257.2605,253.5795,256.0335
2005-08-30,258.4875,258.4875,256.4425,256.8515
2005-08-31,256.4426,257.2606,255.2156,255.2156
2005-09-01,256.8515,258.8965,255.2155,256.0335
2005-09-02,256.4425,256.8515,254.8065,256.0335
2005-09-05,254.3976,258.0786,253.9886,256.4426
2005-09-06,255.6246,257.2606,254.8066,256.4426
2005-09-07,257.2605,257.2605,254.8065,255.6245
2005-09-08,254.3976,255.6246,253.1706,254.3976
2005-09-09,258.4876,262.1686,254.3976,261.3506
2005-09-12,265.0315,265.0315,261.3505,263.8045
2005-09-13,260.9416,262.9866,260.1236,261.3506
2005-09-14,261.3505,261.3505,258.8965,259.7145
2005-09-15,259.3055,261.3505,258.0785,259.3055
2005-09-16,261.3505,261.3505,256.0335,256.8515
2005-09-19,256.8515,256.8515,256.8515,256.8515
2005-09-20,253.5795,256.8515,253.5795,255.6245
2005-09-21,253.9886,255.2156,251.5346,252.7616
2005-09-22,249.8985,251.9435,245.3995,247.4445
2005-09-23,247.4445,247.4445,247.4445,247.4445
2005-09-26,246.6266,247.4446,243.7636,246.6266
2005-09-27,250.9390,250.9390,247.2427,248.4748
2005-09-28,246.8319,250.5282,245.5998,249.7068
2005-09-29,248.8855,249.2962,240.6714,241.0821
2005-09-30,244.7784,249.2961,242.7249,247.6533
2005-10-03,248.4747,251.7603,246.0105,247.6533
2005-10-04,250.5282,259.5636,248.4747,259.1529
2005-10-05,260.3850,262.4385,257.5101,259.1529
2005-10-06,246.8319,250.1176,244.3677,246.4212
2005-10-07,245.5997,247.6533,239.4392,239.4392
2005-10-10,239.4392,239.4392,239.4392,239.4392
2005-10-11,243.5462,243.9569,240.6713,243.5462
2005-10-12,250.9389,252.5817,244.7784,244.7784
2005-10-13,240.6714,243.1356,240.2607,241.4928
2005-10-14,248.8854,249.2961,244.7784,246.8319
2005-10-17,248.0640,248.8854,243.9570,245.5998
2005-10-18,246.0105,246.0105,242.7249,244.3677
2005-10-19,242.3141,243.5462,238.2071,238.2071
2005-10-20,241.0820,242.3141,238.2071,238.6178
2005-10-21,239.4393,243.1356,236.9751,242.3142
2005-10-24,240.2607,240.6714,234.9216,234.9216
2005-10-25,240.2607,241.9035,235.7430,236.5644
2005-10-26,239.8499,243.1355,239.0285,239.8499
2005-10-27,240.2606,242.3141,238.2071,238.6178
2005-10-28,238.2071,239.0285,234.1001,236.9750
2005-10-31,237.3857,239.4392,236.1536,238.6178
2005-11-01,240.2607,241.9035,239.8500,241.9035
2005-11-02,242.3141,245.1890,241.0820,243.5462
2005-11-03,243.5462,243.5462,243.5462,243.5462
2005-11-04,249.2961,252.5817,248.4747,250.9389
2005-11-07,250.1175,250.5282,245.1891,247.6533
2005-11-08,247.6533,249.2961,244.3677,244.7784
2005-11-09,249.2961,256.2780,247.6533,252.1710
2005-11-10,257.5101,259.5636,256.2780,257.5101
2005-11-11,259.9744,262.8493,258.3316,258.3316
2005-11-14,261.2064,262.0279,259.1529,259.9743
2005-11-15,260.3851,265.3135,259.1530,263.6707
2005-11-16,264.0814,268.1884,263.2600,265.7242
2005-11-17,266.9563,273.1169,262.4386,271.0634
2005-11-18,274.3489,280.0987,274.3489,275.5810
2005-11-21,278.4560,280.5095,275.1704,276.4025
2005-11-22,280.0988,287.4914,279.6881,282.9737
2005-11-23,282.9737,282.9737,282.9737,282.9737
2005-11-24,295.7054,308.0265,295.7054,300.2231
2005-11-25,292.0091,298.1696,289.9556,297.3482
2005-11-28,302.6875,313.7764,302.2767,307.2052
2005-11-29,301.8660,306.3838,299.8125,302.2767
2005-11-30,303.9196,303.9196,298.5804,298.5804
2005-12-01,299.8125,305.5623,294.8840,299.8125
2005-12-02,308.0265,314.5977,306.3837,310.0800
2005-12-05,310.0800,319.9369,310.0800,316.2405
2005-12-06,309.2586,310.9014,305.1516,308.0265
2005-12-07,308.4372,308.4372,294.0626,297.3482
2005-12-08,297.3482,300.2231,292.0091,293.6519
2005-12-09,289.9556,300.6338,289.9556,297.3482
2005-12-12,305.9730,308.0265,301.4553,303.5088
2005-12-13,299.4018,301.0446,296.5269,301.0446
2005-12-14,299.4017,305.1516,293.2412,293.2412
2005-12-15,292.0091,292.4198,285.4379,290.7770
2005-12-16,294.8839,296.1160,288.3127,291.1876
2005-12-19,293.2413,294.0627,286.6701,292.8306
2005-12-20,289.9556,297.7589,288.3128,296.9375
2005-12-21,300.6338,307.2050,299.4017,302.6873
2005-12-22,300.6338,305.9729,299.8124,304.3301
2005-12-23,304.3301,304.3301,304.3301,304.3301
2005-12-26,308.4371,308.8479,299.4017,303.0980
2005-12-27,299.8124,303.9195,299.4017,300.2231
2005-12-28,296.5268,302.6873,295.7053,302.6873
2005-12-29,305.5622,307.6158,303.9194,304.3301
2005-12-30,308.0265,308.4372,304.3301,304.3301
2006-01-02,304.3301,304.3301,304.3301,304.3301
2006-01-03,304.3301,304.3301,304.3301,304.3301
2006-01-04,307.2050,307.2050,298.5803,301.4552
2006-01-05,305.5623,315.0085,303.0981,313.3656
2006-01-06,310.0800,321.1689,308.8479,317.8833
2006-01-09,317.8833,317.8833,317.8833,317.8833
2006-01-10,323.6332,324.8653,318.2941,321.1690
2006-01-11,332.6687,344.1684,325.6868,338.4185
2006-01-12,340.8825,351.5608,340.4719,344.1682
2006-01-13,347.0431,349.0967,339.2398,341.2933
2006-01-16,340.4719,346.2217,338.0077,340.0612
2006-01-17,339.6505,351.1502,334.7221,336.7756
2006-01-18,325.6867,331.0258,317.4726,322.8118
2006-01-19,326.5080,338.0077,326.0973,329.7936
2006-01-20,335.1328,342.1147,331.8472,335.5435
2006-01-23,323.2225,327.3295,320.3476,321.5797
2006-01-24,333.4899,334.7221,322.4010,324.4545
2006-01-25,332.6685,340.4719,331.8471,334.7220
2006-01-26,342.9361,346.2217,338.4184,341.2933
2006-01-27,357.7214,364.7033,353.2036,364.7033
2006-01-30,366.7568,374.1495,365.9354,368.3997
2006-01-31,369.2209,372.5066,366.3461,369.2209
2006-02-01,365.1140,367.1675,359.7748,359.7748
2006-02-02,367.5782,370.4531,358.5428,366.7568
2006-02-03,362.6498,380.7207,361.4177,377.0244
2006-02-06,372.5067,373.3281,364.2926,367.9889
2006-02-07,365.1141,368.8104,357.3107,358.1321
2006-02-08,354.0251,359.7749,348.6860,348.6860
2006-02-09,355.2573,360.5964,352.7931,356.4894
2006-02-10,360.5964,373.3282,354.0252,361.8285
2006-02-13,357.7215,364.7034,346.2218,347.0432
2006-02-14,342.9360,353.2036,338.8290,349.0966
2006-02-15,352.3824,352.3824,337.1864,337.5971
2006-02-16,335.9542,349.9181,334.7221,342.5255
2006-02-17,339.6506,347.8647,332.6687,333.0794
2006-02-20,328.9723,334.7221,326.5081,330.2044
2006-02-21,334.3115,335.1329,320.7583,332.2579
2006-02-22,322.4010,329.7937,321.5797,323.2225
2006-02-23,320.7583,326.9188,317.0619,323.2225
2006-02-24,319.1154,321.9903,317.4726,320.7582
2006-02-27,320.7583,333.4900,319.9369,332.2579
2006-02-28,333.0794,333.4901,318.2941,321.5797
2006-03-01,318.2941,321.1690,311.7229,314.1871
2006-03-02,319.9368,321.1689,313.3656,315.0084
2006-03-03,309.2585,315.4191,305.1515,308.4371
2006-03-06,304.3302,310.9014,299.4017,310.4907
2006-03-07,303.5088,304.7409,297.7590,299.8125
2006-03-08,297.3482,302.2766,295.7054,298.1696
2006-03-09,298.9911,313.3656,298.9911,310.0800
2006-03-10,307.2050,314.1869,303.0980,305.1515
2006-03-13,309.2586,317.8834,308.4372,316.2405
2006-03-14,320.3475,321.1689,310.0800,310.4907
2006-03-15,314.5977,318.2941,311.3121,312.5442
2006-03-16,314.1870,315.0084,302.2766,304.3301
2006-03-17,304.7408,312.9549,300.2231,308.4371
2006-03-20,306.7944,315.8298,305.1516,310.9014
2006-03-21,310.9014,310.9014,310.9014,310.9014
2006-03-22,307.6158,312.9549,306.7944,307.6158
2006-03-23,311.3122,312.1336,304.7409,305.9730
2006-03-24,307.2051,310.4907,305.1516,307.6158
2006-03-27,310.0800,313.7763,309.2586,310.0800
2006-03-28,311.7293,318.3268,310.0800,317.0898
2006-03-29,319.5638,330.6970,317.9144,327.8106
2006-03-30,331.9340,336.4698,331.9340,333.5834
2006-03-31,337.2943,338.1190,332.7586,334.8203
2006-04-03,337.7068,344.7166,336.0574,340.5932
2006-04-04,340.1809,340.5933,334.4082,335.2328
2006-04-05,334.4081,338.9439,331.5217,331.9341
2006-04-06,340.1809,345.1290,338.9439,344.7166
2006-04-07,350.4894,356.6745,350.0770,352.5511
2006-04-10,350.4894,350.4894,346.3660,348.0154
2006-04-11,342.6549,343.8919,333.9957,336.8821
2006-04-12,328.6353,331.5217,326.9859,328.6353
2006-04-13,338.9439,343.4796,337.7069,338.9439
2006-04-14,342.2425,343.0672,336.4697,341.4178
2006-04-17,340.1807,341.4177,334.8203,334.8203
2006-04-18,330.6971,343.4796,328.2230,341.8303
2006-04-19,349.6647,350.9017,346.7783,347.1906
2006-04-20,348.4276,349.2523,342.2425,344.3042
2006-04-21,344.3043,350.4894,343.0673,348.8401
2006-04-24,345.9536,349.6647,339.3562,341.8303
2006-04-25,345.9537,345.9537,335.2328,339.3563
2006-04-26,341.4178,347.1906,339.3562,345.5413
2006-04-27,345.9537,349.6647,340.5933,348.8401
2006-04-28,344.3042,346.3659,336.4698,338.1191
2006-05-01,341.0055,343.8919,336.4698,338.1191
2006-05-02,340.1808,346.3659,339.3561,344.3042
2006-05-03,344.3042,344.3042,344.3042,344.3042
2006-05-04,344.3042,344.3042,344.3042,344.3042
2006-05-05,344.3042,344.3042,344.3042,344.3042
2006-05-08,350.4894,353.7881,346.7783,350.9017
2006-05-09,352.5511,352.9634,348.4277,348.4277
2006-05-10,349.6648,355.8499,340.1809,343.4796
2006-05-11,342.2425,350.0770,341.8302,345.9536
2006-05-12,339.3563,341.8303,334.8205,341.0056
2006-05-15,337.7068,347.6029,337.2944,346.7783
2006-05-16,349.6646,355.0251,340.1808,342.6548
2006-05-17,350.4893,356.6744,348.4276,356.2621
2006-05-18,348.0153,355.0251,345.9536,355.0251
2006-05-19,357.4991,363.6842,356.6744,359.9731
2006-05-22,361.2102,365.7459,347.6030,349.6647
2006-05-23,340.5931,341.8301,334.8203,334.8203
2006-05-24,337.7069,348.8401,336.8822,348.8401
2006-05-25,346.3660,348.0154,338.1192,338.9439
2006-05-26,339.7686,342.2426,332.7588,339.7686
2006-05-29,340.5932,341.4178,330.6970,331.5217
2006-05-30,335.6450,339.7684,333.1710,336.4697
2006-05-31,332.3463,332.7586,321.6255,325.7489
2006-06-01,331.9340,335.2327,329.8723,332.7587
2006-06-02,334.8204,338.5314,328.2230,335.6451
2006-06-05,332.3464,334.4081,324.9243,326.9860
2006-06-06,320.3885,321.6255,313.3787,316.6775
2006-06-07,317.0898,319.1515,311.7294,311.7294
2006-06-08,310.0800,316.2651,302.2455,307.1936
2006-06-09,303.0703,313.7911,299.3592,308.0183
2006-06-12,305.1319,311.7293,304.3072,310.0800
2006-06-13,304.3073,304.7196,294.8234,295.2358
2006-06-14,291.1124,302.6579,289.8754,297.7098
2006-06-15,310.0800,312.1416,301.8331,303.0702
2006-06-16,312.9664,319.1515,311.7294,317.5021
2006-06-19,317.5022,318.3269,312.1418,315.8528
2006-06-20,316.2650,316.2650,302.2454,303.8948
2006-06-21,304.7196,304.7196,298.1221,302.2455
2006-06-22,306.3690,321.2132,305.9566,319.9762
2006-06-23,315.8528,320.8009,312.1417,319.9762
2006-06-26,320.3885,320.3885,314.6157,318.7391
2006-06-27,317.0898,322.4502,317.0898,319.5638
2006-06-28,312.5540,315.8527,311.3170,313.7910
2006-06-29,319.1515,322.8625,317.9144,320.8008
2006-06-30,331.5218,333.1711,328.2230,329.8724
2006-07-03,330.6971,332.3464,327.3983,328.2230
2006-07-04,331.5218,333.1711,328.6354,330.6971
2006-07-05,326.9859,330.6970,326.1612,329.0476
2006-07-06,327.8106,327.8106,322.8626,323.6872
2006-07-07,327.3983,331.1094,326.5736,329.4600
2006-07-10,329.4600,341.8303,326.5736,340.1809
2006-07-11,336.0574,337.2945,331.1093,336.8821
2006-07-12,335.2328,336.4698,319.1515,322.4502
2006-07-13,314.2034,316.6775,304.3073,308.0183
2006-07-14,301.4209,309.2553,299.7715,304.7196
2006-07-17,304.7196,304.7196,304.7196,304.7196
2006-07-18,304.3073,304.3073,296.4728,297.7098
2006-07-19,296.8851,301.0085,295.6481,297.2974
2006-07-20,303.4826,305.5443,298.5345,301.8332
2006-07-21,301.4208,307.6059,301.0084,305.1318
2006-07-24,298.1220,298.9467,292.7616,293.5863
2006-07-25,300.1838,306.3689,298.5344,303.0702
2006-07-26,303.4826,305.1320,291.9371,293.1741
2006-07-27,289.0506,297.2974,287.8136,295.6481
2006-07-28,295.2357,300.5961,294.4110,300.5961
2006-07-31,305.5442,305.9565,298.9468,300.5961
2006-08-01,304.7196,304.7196,298.1222,301.0085
2006-08-02,301.8332,302.6579,298.5345,301.4209
2006-08-03,304.7196,308.0183,301.8332,305.9566
2006-08-04,307.1936,308.8430,298.5345,302.2455
2006-08-07,304.3072,304.7195,295.6481,296.0604
2006-08-08,296.0605,301.0085,294.8234,301.0085
2006-08-09,300.1838,301.0085,293.9987,298.9468
2006-08-10,298.5345,301.0086,295.2358,299.7715
2006-08-11,301.4208,303.0702,296.4728,298.5345
2006-08-14,299.3590,307.6059,298.5344,306.3688
2006-08-15,307.1937,309.6677,306.3690,308.0183
2006-08-16,312.9664,316.6775,312.5541,315.4405
2006-08-17,319.1515,319.5638,313.3787,314.2034
2006-08-18,318.3268,326.1613,317.5021,323.2749
2006-08-21,321.2132,324.0996,317.5021,317.5021
2006-08-22,318.3268,320.8009,315.4404,318.7391
2006-08-23,316.6774,319.9762,312.9664,318.7391
2006-08-24,315.4404,316.2651,310.9047,313.3787
2006-08-25,312.1417,316.2651,308.8430,312.5541
2006-08-28,313.3787,315.0281,306.3689,308.8430
2006-08-29,311.3170,311.7293,306.3689,309.6676
2006-08-30,311.3171,311.7294,305.5443,308.0183
2006-08-31,309.2553,320.3885,308.4306,318.3268
2006-09-01,320.8009,324.0996,317.9145,323.2749
2006-09-04,333.1711,333.9958,329.4600,331.9341
2006-09-05,333.9957,338.9438,332.3463,338.1191
2006-09-06,337.7068,337.7068,330.6971,331.9341
2006-09-07,329.8724,333.9958,328.6354,333.9958
2006-09-08,325.7489,331.5217,322.4502,330.2847
2006-09-11,329.0476,334.8204,328.6353,328.6353
2006-09-12,330.6970,335.2327,327.3982,329.0476
2006-09-13,337.2945,346.3660,335.2328,342.2426
2006-09-14,345.1290,354.6128,343.8920,352.9635
2006-09-15,353.3757,360.3856,350.0770,359.1485
2006-09-18,359.1485,359.1485,359.1485,359.1485
2006-09-19,359.1485,365.7459,356.2621,357.0867
2006-09-20,348.8400,355.4375,348.0154,351.3141
2006-09-21,355.4375,358.7362,350.9017,352.5511
2006-09-22,350.4894,352.5511,348.0154,351.3141
2006-09-25,345.9536,353.3758,343.4796,351.3141
2006-09-26,353.8832,355.5407,344.3524,348.4962
2006-09-27,350.1538,355.1264,346.0100,355.1264
2006-09-28,356.3695,358.4415,353.0545,357.6127
2006-09-29,360.0990,363.8284,358.0271,361.7565
2006-10-02,362.1709,367.5578,358.8558,365.0715
2006-10-03,361.7566,368.8011,361.3422,366.7292
2006-10-04,366.3148,367.5579,359.2703,361.3422
2006-10-05,369.6299,381.2326,367.5579,379.1607
2006-10-06,382.4755,386.2050,380.8180,385.7906
2006-10-09,385.7906,385.7906,385.7906,385.7906
2006-10-10,382.4756,397.8078,382.4756,392.4208
2006-10-11,392.8352,394.0784,383.3044,383.3044
2006-10-12,383.7188,388.6914,377.9174,380.4037
2006-10-13,384.1332,394.0784,383.7188,392.8352
2006-10-16,394.0784,399.8798,390.7634,394.9072
2006-10-17,395.3215,399.0509,391.5920,393.6639
2006-10-18,389.1058,389.5202,379.5750,384.9620
2006-10-19,372.9449,378.3319,368.3867,373.3593
2006-10-20,372.5305,378.3319,371.2874,373.3593
2006-10-23,374.1880,376.2599,369.2154,372.1161
2006-10-24,378.3318,379.5749,375.0167,376.2598
2006-10-25,378.7461,381.6468,372.9448,375.0167
2006-10-26,375.8456,379.5750,375.4312,377.9175
2006-10-27,380.8181,381.2325,373.7736,375.8455
2006-10-30,368.3867,368.8011,356.3696,357.1984
2006-10-31,359.2701,364.6571,358.8557,362.1708
2006-11-01,362.1708,362.5852,357.6126,358.8557
2006-11-02,351.3969,353.8832,348.9106,352.6400
2006-11-03,352.6400,352.6400,352.6400,352.6400
2006-11-06,354.2975,355.1263,350.1537,352.2256
2006-11-07,356.3695,357.1983,349.3250,350.5682
2006-11-08,351.8113,352.6400,344.7668,347.6674
2006-11-09,348.9106,353.0544,346.0099,348.4962
2006-11-10,344.7668,350.5682,343.1093,343.5237
2006-11-13,341.0374,350.1538,341.0374,346.4243
2006-11-14,356.3694,365.0715,355.5407,362.9996
2006-11-15,369.2154,375.4311,367.9722,369.6298
2006-11-16,370.4586,371.7018,359.2703,360.0990
2006-11-17,360.5134,376.2599,360.5134,370.0442
2006-11-20,368.8010,369.2154,355.1264,355.1264
2006-11-21,358.4414,367.1434,355.1263,356.3694
2006-11-22,358.4415,365.9004,356.7840,365.9004
2006-11-23,365.9004,365.9004,365.9004,365.9004
2006-11-24,364.6573,367.5579,357.6127,360.9278
2006-11-27,356.7839,366.3147,356.7839,364.2428
2006-11-28,362.9997,367.9723,358.4415,367.5579
2006-11-29,371.2873,372.5305,367.5579,370.0442
2006-11-30,370.8730,372.1161,368.3867,370.4586
2006-12-01,368.3867,372.1161,366.7291,370.0442
2006-12-04,368.8010,371.7017,365.0716,370.4586
2006-12-05,375.0167,378.3318,373.3592,373.7736
2006-12-06,374.1881,376.6744,371.7018,374.6024
2006-12-07,380.4038,382.4757,378.7463,379.1607
2006-12-08,375.0167,379.5749,375.0167,376.2598
2006-12-11,375.0168,378.3318,371.7017,375.4312
2006-12-12,375.0168,376.2600,371.7018,374.6024
2006-12-13,372.9448,373.3592,369.6298,372.9448
2006-12-14,374.1881,384.5477,372.9450,384.5477
2006-12-15,387.4484,387.8628,381.6470,384.5477
2006-12-18,388.6914,390.3489,386.2051,387.0339
2006-12-19,383.7187,386.6194,379.9892,382.0612
2006-12-20,381.2324,389.5201,381.2324,387.8625
2006-12-21,386.6195,388.6914,384.5476,386.2051
2006-12-22,382.8901,383.7189,378.3319,380.8182
2006-12-25,380.4038,386.2051,380.4038,384.9620
2006-12-26,385.3764,387.8627,383.3045,386.2051
2006-12-27,388.6915,392.8353,387.0340,390.7634
2006-12-28,392.4210,394.4929,386.2052,389.5203
2006-12-29,388.6914,391.5921,388.6914,388.6914
2007-01-04,382.8900,384.5476,377.0887,377.0887
2007-01-05,377.5031,377.5031,362.9997,368.3867
2007-01-09,365.0716,367.9722,362.9997,364.6572
2007-01-10,365.0716,367.5579,358.8559,366.7292
2007-01-11,368.3866,375.0167,367.9722,371.2873
2007-01-12,375.4312,380.8182,373.3593,377.9175
2007-01-15,381.2326,383.3045,379.9894,380.8182
2007-01-16,382.4757,387.4483,382.0613,385.3764
2007-01-17,381.6470,388.2771,377.9176,384.1333
2007-01-18,381.6469,382.0613,377.9174,379.9893
2007-01-19,371.7017,372.9449,367.1435,370.4586
2007-01-22,372.9449,374.1880,368.3867,368.8010
2007-01-23,364.6572,368.3866,362.1709,365.0715
2007-01-24,364.2427,366.3146,361.3420,362.9996
2007-01-25,367.1436,367.1436,358.4415,359.6847
2007-01-26,356.3696,358.4415,355.5408,357.1984
2007-01-29,356.3696,357.6127,350.9826,353.0545
2007-01-30,351.3969,352.2257,347.2531,348.4962
2007-01-31,350.1538,354.7121,348.9107,353.4689
2007-02-01,355.5408,355.5408,347.6675,349.3250
2007-02-02,349.3251,349.3251,343.9381,343.9381
2007-02-05,343.9380,348.0818,343.1093,348.0818
2007-02-06,351.8113,356.7839,350.5682,356.7839
2007-02-07,360.5134,362.1709,346.0100,350.5682
2007-02-08,353.8832,359.6846,353.4689,359.2702
2007-02-09,356.7839,360.0989,349.3250,358.0270
2007-02-13,353.8833,354.2977,349.3251,350.9826
2007-02-14,355.9551,364.2428,355.1263,362.5852
2007-02-15,367.5578,368.3866,363.8284,365.4859
2007-02-16,365.4859,369.6298,364.6572,369.2154
2007-02-19,367.9723,371.2873,365.9004,370.4586
2007-02-20,366.3147,372.1161,366.3147,370.0442
2007-02-21,368.8010,370.4585,363.4140,365.4859
2007-02-22,367.9723,371.2873,366.3147,370.4586
2007-02-23,372.9448,378.7461,372.9448,375.0167
2007-02-26,374.1880,375.4312,365.9004,368.8010
2007-02-27,366.7292,368.8011,361.3422,361.3422
2007-02-28,348.9105,357.6126,348.0818,356.3694
2007-03-01,353.0544,355.5407,348.9106,352.6400
2007-03-02,348.4963,349.7394,344.3524,346.8387
2007-03-05,339.7941,344.3523,333.9927,336.4790
2007-03-06,340.6230,347.6675,336.0648,346.4243
2007-03-07,348.4961,348.9105,338.1365,338.9653
2007-03-08,338.5510,348.9106,338.5510,348.0818
2007-03-09,352.2258,356.3696,352.2258,354.7121
2007-03-12,360.0990,361.7566,356.7840,358.4415
2007-03-13,355.9551,357.1982,352.6400,354.2975
2007-03-14,346.0100,346.4243,341.0374,342.6949
2007-03-15,344.3524,351.8113,343.1092,348.4962
2007-03-16,346.4243,350.5682,342.6949,346.4243
2007-03-19,348.9107,353.8833,347.6675,353.0545
2007-03-20,357.1984,359.2703,354.7121,357.1984
2007-03-22,358.4414,360.0990,357.1983,359.2702
2007-03-23,360.0990,360.5134,353.0545,353.8832
2007-03-26,353.0545,356.3696,351.8114,353.4689
2007-03-27,350.5890,356.8495,349.3369,351.0064
2007-03-28,348.9195,351.8411,344.7459,346.8327
2007-03-29,342.6590,348.5022,342.2417,346.8327
2007-03-30,346.4153,348.5022,342.2417,343.9111
2007-04-02,344.3284,352.6757,340.5721,341.4068
2007-04-03,341.8243,348.9196,341.8243,347.6674
2007-04-04,352.6758,356.0148,351.8411,353.5106
2007-04-05,354.3454,357.6844,353.5107,356.0149
2007-04-06,355.1800,358.1016,355.1800,356.8495
2007-04-09,360.1885,368.9532,359.7712,368.5359
2007-04-10,364.7795,367.2837,361.8579,364.3622
2007-04-11,368.5358,368.5358,363.1100,364.7794
2007-04-12,361.0232,361.4406,355.1800,356.8495
2007-04-13,359.3537,359.7711,351.4237,353.0932
2007-04-16,356.8495,362.2753,356.4321,357.6842
2007-04-17,371.4573,376.0484,370.2052,370.6226
2007-04-18,370.6226,373.9616,364.7795,367.2837
2007-04-19,364.7795,365.1969,356.8495,360.1885
2007-04-20,361.4406,362.2753,357.2669,359.3538
2007-04-23,363.5275,366.8664,361.0233,362.6927
2007-04-24,360.6058,361.4405,357.2669,360.6058
2007-04-25,358.1016,358.5190,352.6759,353.0932
2007-04-26,353.9280,355.1801,350.1716,351.0064
2007-04-27,351.0064,353.5106,345.5806,348.9195
2007-05-01,351.0064,351.4238,342.2417,344.7459
2007-05-02,346.8327,348.0848,343.0764,347.6674
2007-05-07,352.6759,354.3454,352.2586,352.6759
2007-05-08,354.7628,355.5975,353.9280,355.5975
2007-05-09,349.7543,352.6758,349.3369,351.4237
2007-05-10,351.8411,352.2585,350.1716,351.0064
2007-05-11,343.4938,344.7459,340.9896,344.3285
2007-05-14,362.2754,363.5275,361.8580,362.6927
2007-05-15,368.1185,371.0401,368.1185,368.5359
2007-05-16,363.1100,365.1968,361.8579,365.1968
2007-05-17,368.1184,368.1184,363.9447,365.1968
2007-05-18,364.3621,364.7794,361.4405,363.1100
2007-05-21,365.1968,369.3705,363.9447,367.2837
2007-05-22,371.0400,375.2136,369.3705,372.7094
2007-05-23,374.7965,375.6312,371.4575,371.4575
2007-05-24,370.2054,373.9617,368.9533,371.4575
2007-05-25,363.1100,363.9448,361.0232,361.8579
2007-05-28,365.6142,367.2837,364.3621,367.2837
2007-05-29,366.0316,370.6226,365.1968,369.7879
2007-05-30,369.3706,369.3706,360.6059,362.2754
2007-05-31,363.1100,367.2837,362.2753,365.1968
2007-06-01,366.4489,369.3705,364.3621,367.2837
2007-06-04,368.1184,368.9531,365.6142,366.0316
2007-06-05,367.7010,371.0399,367.2836,371.0399
2007-06-06,368.1185,369.3706,367.2837,367.7011
2007-06-07,361.8579,365.6142,361.4405,364.7794
2007-06-08,353.5106,353.9279,351.4237,353.9279
2007-06-11,352.6759,353.9280,351.0064,353.0932
2007-06-12,351.8412,352.6759,350.1717,352.6759
2007-06-13,351.8411,359.7711,351.0064,358.1016
2007-06-14,360.6057,364.3621,360.1884,363.1100
2007-06-15,366.0316,366.4489,365.1968,365.1968
2007-06-18,369.3705,370.6226,368.1184,368.9531
2007-06-19,371.0400,371.0400,366.0316,367.2837
2007-06-20,369.7879,371.8747,368.9531,369.7879
2007-06-21,377.7180,379.3874,376.0485,376.8832
2007-06-22,379.8047,387.3174,379.8047,383.9784
2007-06-25,383.5611,392.7432,381.8916,386.9001
2007-06-26,382.3089,383.1437,378.9700,381.0568
2007-06-27,381.0568,381.0568,373.5442,377.7178
2007-06-28,376.4657,378.9699,374.7963,378.1352
2007-06-29,377.3004,381.8914,374.3788,378.9698
2007-07-02,377.3005,377.3005,373.9616,375.6310
2007-07-03,377.7179,378.5526,372.7094,372.7094
2007-07-04,371.4574,375.2137,370.6227,373.1269
2007-07-05,375.6310,380.6395,374.7963,375.6310
2007-07-06,374.3790,376.4658,369.3706,374.7964
2007-07-09,375.2137,381.8916,373.9616,381.8916
2007-07-10,384.8132,386.4827,380.2222,380.6396
2007-07-11,376.8832,378.9700,374.7963,375.2137
2007-07-12,366.0316,371.0400,364.3622,367.7011
2007-07-13,373.1268,381.0568,373.1268,379.3873
2007-07-17,376.8832,378.5527,375.2137,376.4659
2007-07-18,371.0400,373.1268,369.7879,372.7094
2007-07-19,374.7964,375.2137,372.2922,373.5443
2007-07-20,369.7880,371.0401,368.5359,370.2053
2007-07-23,377.7179,379.3874,371.4574,375.6310
2007-07-24,375.6311,377.3006,373.5443,374.3790
2007-07-25,370.2052,371.4573,368.5357,371.0399
2007-07-26,371.0400,373.5442,368.1184,368.9531
2007-07-27,361.8579,363.5273,360.6057,363.1100
2007-07-30,366.8664,366.8664,356.8495,364.3622
2007-07-31,361.8580,361.8580,358.5190,359.7711
2007-08-01,360.1885,360.1885,347.2501,351.0064
2007-08-02,352.2585,353.9279,343.0764,350.5890
2007-08-03,348.0848,353.0932,345.9980,349.3369
2007-08-06,337.2333,344.7459,336.8159,343.0764
2007-08-07,350.5890,351.4237,344.3285,345.9980
2007-08-08,338.0680,349.7543,338.0680,347.2501
2007-08-09,352.6758,353.9279,348.0848,348.0848
2007-08-10,339.7375,353.0932,339.7375,350.1716
2007-08-13,358.1016,361.4405,356.0148,357.6842
2007-08-14,356.8496,359.7711,356.4322,357.2669
2007-08-15,347.2501,348.5022,344.3285,346.8327
2007-08-16,338.0679,338.9027,330.9727,337.2332
2007-08-17,332.6422,345.9980,315.9475,317.6169
2007-08-20,325.5469,336.8159,323.8774,335.9811
2007-08-21,330.5554,337.2333,328.4686,330.9728
2007-08-22,326.7990,332.2248,325.1295,331.3900
2007-08-23,335.9811,338.9026,330.9726,335.1463
2007-08-24,335.5638,336.3985,330.1380,330.5554
2007-08-27,337.6506,338.9027,335.5637,337.2332
2007-08-28,333.0595,336.3985,333.0595,335.5638
2007-08-29,325.5469,328.0511,324.2948,328.0511
2007-08-30,335.5637,336.8158,334.3116,334.7290
2007-08-31,338.9027,347.2501,338.0679,345.5806
2007-09-03,345.9980,346.4153,340.9896,343.9111
2007-09-04,336.3985,339.3200,335.9811,337.2332
2007-09-05,343.4937,345.9979,337.2332,337.2332
2007-09-06,333.0595,340.9895,331.8074,340.1547
2007-09-07,336.3985,337.6506,328.8858,331.3900
2007-09-10,321.3733,326.3818,318.8692,323.4602
2007-09-11,321.3732,323.4601,313.8606,321.7906
2007-09-12,325.9643,326.7991,315.1128,318.0343
2007-09-13,310.1043,314.2780,309.6869,313.0258
2007-09-14,313.0259,320.5385,312.6086,318.0343
2007-09-18,316.3649,317.1996,313.8607,314.2780
2007-09-19,322.2080,323.4601,320.5385,322.2080
2007-09-20,310.1043,311.3564,305.5133,306.3480
2007-09-21,303.0091,307.1827,299.2528,305.0959
2007-09-25,301.3033,305.0960,300.0391,302.9890
2007-09-26,303.4103,308.0457,300.0390,300.4604
2007-09-27,304.2531,306.3601,300.0390,305.5173
2007-09-28,313.1026,313.5240,305.0960,306.7816
2007-10-01,307.6243,309.7313,303.4103,305.5173
2007-10-02,310.9956,319.0023,307.6244,318.5809
2007-10-03,327.0088,332.0657,325.3232,329.1159
2007-10-04,329.5372,334.5940,328.2730,333.3298
2007-10-05,324.9018,325.3232,321.9520,322.3734
2007-10-09,320.2665,323.2163,315.2096,316.4738
2007-10-10,315.2096,315.6311,308.4672,310.1528
2007-10-11,307.2030,312.2598,305.0960,311.4170
2007-10-12,311.9647,311.9647,307.6243,307.6243
2007-10-15,318.4123,318.4123,316.4738,316.4738
2007-10-16,316.4738,316.4738,312.6811,312.6811
2007-10-17,311.9151,311.9151,308.4671,308.4671
2007-10-18,313.5240,316.8952,311.8384,313.9454
2007-10-19,306.5287,308.0457,306.5287,308.0457
2007-10-22,297.5106,300.8819,295.4036,298.7748
2007-10-23,298.8170,298.8170,295.4037,295.4037
2007-10-24,295.6143,295.6143,289.9254,289.9254
2007-10-25,289.9253,289.9253,284.8685,284.8685
2007-10-26,284.8685,284.8685,281.9187,281.9187
2007-10-29,286.1327,288.2397,281.9187,283.1829
2007-10-30,284.0257,284.0257,281.4973,281.4973
2007-10-31,280.2331,287.3969,279.8117,282.7615
2007-11-01,283.7729,294.5609,283.7729,294.5609
2007-11-02,295.4458,295.4458,280.2331,280.2331
2007-11-05,278.5474,282.7615,277.2832,281.0759
2007-11-06,274.8353,276.8619,274.8353,276.8619
2007-11-07,276.4404,276.4404,265.4839,265.4839
2007-11-08,266.1582,266.1582,261.2700,261.2700
2007-11-09,261.0593,261.0593,253.6847,253.6847
2007-11-12,253.6848,253.6848,248.2065,248.2065
2007-11-13,248.2065,251.5777,248.2065,251.5777
2007-11-14,251.5777,263.3770,251.5777,263.3770
2007-11-15,263.3770,263.3770,254.5275,254.5275
2007-11-16,254.5275,257.0559,254.5275,257.0559
2007-11-19,257.0559,258.3201,257.0559,258.3201
2007-11-20,258.3202,258.3202,255.7918,255.7918
2007-11-21,254.9911,254.9911,252.8420,252.8420
2007-11-22,243.5711,261.6914,243.5711,261.6914
2007-11-26,263.3770,273.4907,260.4272,270.9622
2007-11-27,270.9623,273.4907,270.9623,273.4907
2007-11-28,273.4907,274.3335,273.4907,274.3335
2007-11-29,274.3334,286.1327,274.3334,286.1327
2007-11-30,288.0712,288.0712,286.9756,286.9756
2007-12-03,287.6076,287.6076,285.7113,285.7113
2007-12-04,285.7113,286.1327,285.7113,286.1327
2007-12-05,285.0793,285.0793,279.3904,279.3904
2007-12-06,280.3263,297.5107,280.3263,297.5107
2007-12-07,297.5949,297.5949,291.1896,291.1896
2007-12-10,292.1589,294.5609,292.1589,294.5609
2007-12-11,295.1508,296.6679,295.1508,296.6679
2007-12-12,288.9562,293.7180,288.9562,293.7180
2007-12-13,293.7179,293.7179,283.1829,283.1829
2007-12-14,283.6886,290.3468,283.6886,290.3468
2007-12-17,288.5768,288.5768,284.4471,284.4471
2007-12-18,280.2330,286.9755,279.8116,283.1829
2007-12-19,282.5086,282.5086,274.7548,274.7548
2007-12-20,274.7549,274.7549,273.4907,273.4907
2007-12-21,283.2251,286.9756,283.2251,286.9756
2007-12-25,290.3468,290.3468,289.5040,289.5040
2007-12-26,292.0325,294.5609,291.1897,294.5609
2007-12-27,294.4765,294.4765,292.4538,292.4538
2007-12-28,290.7682,292.0324,286.5542,289.0826
2008-01-04,275.5977,276.0191,267.1696,268.4338
2008-01-07,268.4338,268.4338,260.8486,260.8486
2008-01-08,260.8486,260.8486,257.0559,257.0559
2008-01-09,257.0560,257.0560,255.7918,255.7918
2008-01-10,255.7917,262.5342,255.7917,262.5342
2008-01-11,261.4806,261.4806,257.8987,257.8987
2008-01-15,263.5877,263.5877,260.4272,260.4272
2008-01-16,251.9991,257.0559,242.7282,243.9924
2008-01-17,243.9925,259.1630,243.9925,259.1630
2008-01-18,259.2472,271.8050,259.2472,271.8050
2008-01-21,271.8050,271.8050,257.8987,257.8987
2008-01-22,255.3703,259.1630,249.4707,254.1061
2008-01-23,255.3282,255.3703,255.3282,255.3703
2008-01-24,255.4547,256.2132,255.4547,256.2132
2008-01-25,256.2131,268.8552,256.2131,268.8552
2008-01-28,266.1161,266.1161,257.0559,257.0559
2008-01-29,257.0560,268.0125,257.0560,268.0125
2008-01-30,268.0125,268.0125,265.9055,265.9055
2008-01-31,265.0626,268.0125,265.0626,268.0125
2008-02-01,268.0546,277.2833,268.0546,277.2833
2008-02-04,277.3676,282.3401,277.3676,282.3401
2008-02-05,281.4130,281.4130,271.3836,271.3836
2008-02-06,261.3543,261.3543,257.0559,257.0559
2008-02-07,257.0559,257.0559,254.1061,254.1061
2008-02-08,254.1061,257.0559,254.1061,257.0559
2008-02-12,257.0560,265.9055,257.0560,265.9055
2008-02-13,273.4064,273.9121,273.4064,273.9121
2008-02-14,272.9429,290.7682,272.9429,290.7682
2008-02-15,282.7616,285.2900,282.7616,285.2900
2008-02-18,286.4699,287.3969,286.4699,287.3969
2008-02-19,289.0826,289.0826,289.0826,289.0826
2008-02-20,284.4050,284.4050,280.6545,280.6545
2008-02-21,280.6544,284.8685,280.6544,284.8685
2008-02-22,284.8685,284.8685,282.3401,282.3401
2008-02-25,282.3401,293.7180,282.3401,293.7180
2008-02-26,293.8023,298.3535,293.8023,298.3535
2008-02-27,298.3535,304.6745,298.3535,304.6745
2008-02-28,304.7167,304.7167,290.7682,290.7682
2008-02-29,291.0210,291.0210,278.1261,278.1261
2008-03-03,265.2311,265.2311,261.2700,261.2700
2008-03-04,262.3020,263.7984,262.3020,263.7984
2008-03-05,263.0398,263.0398,261.2700,261.2700
2008-03-06,261.2699,265.4839,261.2699,265.4839
2008-03-07,265.5261,265.5261,251.1563,251.1563
2008-03-10,251.1563,251.1563,243.9924,243.9924
2008-03-11,243.9925,243.9925,243.5711,243.5711
2008-03-12,244.7523,249.8920,244.7523,249.8920
2008-03-13,249.8921,249.8921,245.2566,245.2566
2008-03-14,245.2567,245.2567,239.7784,239.7784
2008-03-17,239.7784,239.7784,238.9356,238.9356
2008-03-18,238.1770,247.3636,238.1770,247.3636
2008-03-19,247.4059,255.7918,247.4059,255.7918
2008-03-21,254.5697,265.9055,254.5697,265.9055
2008-03-24,265.9054,265.9054,265.0626,265.0626
2008-03-25,265.0626,273.0693,265.0626,273.0693
2008-03-26,267.3317,267.3317,267.3317,267.3317
2008-03-27,252.8812,255.8563,252.8812,255.8563
2008-03-28,255.8563,261.3814,255.8563,261.3814
2008-03-31,261.3815,261.3815,257.5564,257.5564
2008-04-01,257.5564,257.5564,253.7313,253.7313
2008-04-02,253.7313,270.3067,253.7313,270.3067
2008-04-03,270.9017,275.4068,270.9017,275.4068
2008-04-04,264.6473,264.6473,263.0815,263.0815
2008-04-07,263.0815,269.8817,263.0815,269.8817
2008-04-08,269.9242,269.9242,259.6815,259.6815
2008-04-09,259.7665,259.7665,252.0313,252.0313
2008-04-10,255.2189,255.2189,250.7563,250.7563
2008-04-11,250.8837,252.8813,250.8837,252.8813
2008-04-14,252.1587,252.1587,246.0810,246.0810
2008-04-15,254.2328,254.5813,254.2328,254.5813
2008-04-16,254.6663,267.7566,254.6663,267.7566
2008-04-17,274.7190,275.4068,274.7190,275.4068
2008-04-18,281.3569,283.4819,281.3569,283.4819
2008-04-21,292.1097,292.1097,290.7072,290.7072
2008-04-22,290.8772,290.8772,283.0570,283.0570
2008-04-23,283.1985,283.1985,282.6320,282.6320
2008-04-24,282.9295,288.5821,282.9295,288.5821
2008-04-25,293.5547,295.3823,293.5547,295.3823
2008-04-28,295.3823,295.3823,287.3071,287.3071
2008-04-30,285.4938,286.8821,285.4938,286.8821
2008-05-01,286.3721,287.3071,286.3721,287.3071
2008-05-02,287.3071,289.8572,287.3071,289.8572
2008-05-07,289.8107,289.8107,287.7321,287.7321
2008-05-08,287.7321,291.9822,287.7321,291.9822
2008-05-09,291.9822,291.9822,290.7072,290.7072
2008-05-12,290.7072,294.1073,290.7072,294.1073
2008-05-13,290.7072,290.7072,290.2822,290.2822
2008-05-14,282.2069,286.4571,282.2069,286.4571
2008-05-15,287.4444,289.8572,287.4444,289.8572
2008-05-16,292.5577,292.5577,289.0071,289.0071
2008-05-19,287.9447,287.9447,286.0321,286.0321
2008-05-20,286.6696,286.6696,283.9070,283.9070
2008-05-21,280.9320,283.0570,280.9320,283.0570
2008-05-22,283.0570,283.9070,283.0570,283.9070
2008-05-23,282.9720,286.4571,282.9720,286.4571
2008-05-26,286.7545,286.7545,280.0818,280.0818
2008-05-27,280.0819,283.4819,280.0819,283.4819
2008-05-28,292.5347,292.5347,290.7072,290.7072
2008-05-29,290.7072,302.6075,290.7072,302.6075
2008-05-30,302.4800,306.4326,302.4800,306.4326
2008-06-02,306.4325,311.5327,306.4325,311.5327
2008-06-03,311.5327,311.5327,302.6075,302.6075
2008-06-04,302.6075,302.6075,300.4824,300.4824
2008-06-05,300.4825,300.4825,297.5074,297.5074
2008-06-06,297.5073,303.4575,297.5073,303.4575
2008-06-09,289.8571,289.8571,289.0071,289.0071
2008-06-10,289.0073,289.0073,284.7571,284.7571
2008-06-11,284.7570,285.1821,284.7570,285.1821
2008-06-12,285.9045,285.9045,276.2568,276.2568
2008-06-13,281.7821,281.7821,277.5320,277.5320
2008-06-16,277.6594,292.8323,277.6594,292.8323
2008-06-17,292.7047,292.7047,290.2822,290.2822
2008-06-18,290.2823,292.4073,290.2823,292.4073
2008-06-19,292.4073,292.4073,286.0321,286.0321
2008-06-20,286.0746,286.0746,280.9319,280.9319
2008-06-23,275.4918,277.9568,275.4918,277.9568
2008-06-24,277.9569,277.9569,269.0316,269.0316
2008-06-25,269.0318,269.0318,268.1818,268.1818
2008-06-26,268.1816,271.5817,268.1816,271.5817
2008-06-27,271.5817,271.5817,260.9565,260.9565
2008-06-30,260.9564,260.9564,260.1064,260.1064
2008-07-01,260.1065,261.8065,260.1065,261.8065
2008-07-02,261.8065,261.8065,256.2813,256.2813
2008-07-03,256.2814,256.2814,252.8813,252.8813
2008-07-04,252.8813,252.8813,249.9062,249.9062
2008-07-07,249.9062,252.4563,249.9062,252.4563
2008-07-08,250.2036,250.2036,246.0810,246.0810
2008-07-09,246.0811,246.5061,246.0811,246.5061
2008-07-10,246.5911,246.5911,242.2560,242.2560
2008-07-11,242.2559,251.1812,242.2559,251.1812
2008-07-14,251.1812,258.4063,251.1812,258.4063
2008-07-15,246.9311,246.9311,246.9311,246.9311
2008-07-16,246.9311,252.4563,246.9311,252.4563
2008-07-17,252.4562,265.2065,252.4562,265.2065
2008-07-18,265.2065,265.2065,260.5314,260.5314
2008-07-22,254.1562,263.0815,249.4811,263.0815
2008-07-23,254.5813,257.9814,254.5813,257.9814
2008-07-24,265.2066,269.0316,265.2066,269.0316
2008-07-25,268.0966,268.0966,260.9565,260.9565
2008-07-28,249.0562,249.0562,248.6311,248.6311
2008-07-29,244.5511,248.6311,244.5511,248.6311
2008-07-30,248.6311,255.8563,248.6311,255.8563
2008-07-31,255.8563,259.2563,255.8563,259.2563
2008-08-01,259.5115,259.5115,249.9062,249.9062
2008-08-04,249.9063,250.7563,249.9063,250.7563
2008-08-05,250.7562,259.2563,250.7562,259.2563
2008-08-06,259.1290,270.3067,259.1290,270.3067
2008-08-07,272.3059,272.3059,266.4815,266.4815
2008-08-08,272.0493,272.0493,269.8817,269.8817
2008-08-11,276.8094,280.5070,276.8094,280.5070
2008-08-12,280.5069,280.5069,272.4317,272.4317
2008-08-13,272.2194,272.2194,268.1818,268.1818
2008-08-14,267.6716,267.6716,260.5314,260.5314
2008-08-15,260.5314,269.4566,260.5314,269.4566
2008-08-18,270.6892,270.6892,267.7566,267.7566
2008-08-19,267.7568,267.7568,257.1315,257.1315
2008-08-20,257.1314,257.9814,257.1314,257.9814
2008-08-21,257.9814,257.9814,257.9814,257.9814
2008-08-22,258.1090,258.1090,257.1315,257.1315
2008-08-25,257.1313,257.1313,255.8563,255.8563
2008-08-26,255.8563,255.8563,255.4313,255.4313
2008-08-27,256.8338,256.8338,255.8563,255.8563
2008-08-28,255.8987,262.2314,255.8987,262.2314
2008-08-29,267.3316,267.3316,265.2065,265.2065
2008-09-01,265.2066,265.2066,256.2813,256.2813
2008-09-02,255.0834,255.0834,250.7563,250.7563
2008-09-03,250.7562,251.1812,250.7562,251.1812
2008-09-04,251.1813,251.1813,240.1310,240.1310
2008-09-05,231.8007,232.9058,231.8007,232.9058
2008-09-08,232.9058,246.9311,232.9058,246.9311
2008-09-09,246.9737,246.9737,240.5560,240.5560
2008-09-10,238.8559,241.4059,238.8559,241.4059
2008-09-11,241.4060,244.8061,241.4060,244.8061
2008-09-12,244.8060,256.7063,244.8060,256.7063
2008-09-16,256.7914,256.7914,242.6810,242.6810
2008-09-17,247.8661,247.8661,243.1060,243.1060
2008-09-18,243.1061,243.1061,236.3059,236.3059
2008-09-19,236.3058,246.5061,236.3058,246.5061
2008-09-22,246.5911,246.5911,238.0059,238.0059
2008-09-24,238.0059,239.7059,238.0059,239.7059
2008-09-25,239.7059,239.7059,235.0142,235.0142
2008-09-26,235.0142,235.0142,221.3654,221.3654
2008-09-29,221.4934,221.4934,210.7024,210.7024
2008-09-30,210.7877,210.7877,198.7598,198.7598
2008-10-01,198.7598,198.7598,198.3333,198.3333
2008-10-02,198.3332,198.3332,191.0823,191.0823
2008-10-03,191.6795,191.6795,187.2436,187.2436
2008-10-06,187.2436,187.2436,170.1826,170.1826
2008-10-07,159.5196,167.1971,159.5196,167.1971
2008-10-08,145.8709,145.8709,145.8709,145.8709
2008-10-09,149.4537,149.4537,146.7239,146.7239
2008-10-10,146.7666,146.7666,136.9139,136.9139
2008-10-14,136.9139,158.2401,136.9139,158.2401
2008-10-15,158.7519,158.7519,153.5483,153.5483
2008-10-16,153.5483,153.5483,132.2222,132.2222
2008-10-17,132.2222,132.6487,132.2222,132.6487
2008-10-20,132.6486,144.1648,132.6486,144.1648
2008-10-21,144.1648,150.9892,144.1648,150.9892
2008-10-22,150.9891,150.9891,144.1648,144.1648
2008-10-23,144.1648,144.1648,139.0465,139.0465
2008-10-24,139.0465,139.0465,124.3314,124.3314
2008-10-27,124.3315,124.3315,109.4032,109.4032
2008-10-28,110.5315,118.5734,110.5315,118.5734
2008-10-29,118.6160,129.6630,118.6160,129.6630
2008-10-30,129.7057,145.8709,129.7057,145.8709
2008-10-31,146.4680,146.4680,136.9139,136.9139
2008-11-04,136.9992,145.0178,136.9992,145.0178
2008-11-05,144.9325,157.8135,144.9325,157.8135
2008-11-06,157.9841,157.9841,145.8709,145.8709
2008-11-07,145.8709,145.8709,140.3261,140.3261
2008-11-10,140.3261,144.5913,140.3261,144.5913
2008-11-11,144.7193,144.7193,139.0465,139.0465
2008-11-12,139.0465,139.0465,133.9282,133.9282
2008-11-13,133.9283,133.9283,124.7580,124.7580
2008-11-14,124.7579,129.6630,124.7579,129.6630
2008-11-17,129.6631,129.6631,125.8243,125.8243
2008-11-18,125.8243,125.8243,124.3314,124.3314
2008-11-19,124.3315,124.3315,117.5071,117.5071
2008-11-20,117.5071,117.5071,104.0716,104.0716
2008-11-21,104.0716,107.4838,104.0716,107.4838
2008-11-25,107.4838,109.6164,107.4838,109.6164
2008-11-26,109.7017,109.7017,109.1899,109.1899
2008-11-27,109.1899,110.4695,109.1899,110.4695
2008-11-28,110.4695,110.6827,110.4695,110.6827
2008-12-01,110.6827,110.6827,109.4032,109.4032
2008-12-02,109.4032,109.4032,100.6594,100.6594
2008-12-03,100.6594,100.6594,100.6594,100.6594
2008-12-04,100.6594,102.3655,100.6594,102.3655
2008-12-05,102.3655,103.8584,102.3655,103.8584
2008-12-08,103.8584,107.4838,103.8584,107.4838
2008-12-09,107.4838,107.4838,104.2849,104.2849
2008-12-10,104.2849,115.8010,104.2849,115.8010
2008-12-11,114.3082,114.3082,114.0949,114.0949
2008-12-12,114.1802,114.1802,105.5644,105.5644
2008-12-15,110.8107,115.3745,110.8107,115.3745
2008-12-16,115.3745,115.3745,114.9480,114.9480
2008-12-17,114.9480,116.2275,114.9480,116.2275
2008-12-18,116.2275,122.8386,116.2275,122.8386
2008-12-19,122.9666,123.9049,122.9666,123.9049
2008-12-22,123.9049,130.5160,123.9049,130.5160
2008-12-24,130.6440,130.6440,124.5447,124.5447
2008-12-25,128.5114,128.5114,128.3834,128.3834
2008-12-26,131.7588,131.7956,131.7588,131.7956
2008-12-29,130.3028,131.7956,130.3028,131.7956
2008-12-30,129.6630,133.5017,128.8100,132.2222
2009-01-05,140.7526,142.0322,137.3404,140.3261
2009-01-06,147.1504,148.4300,147.1504,148.4300
2009-01-07,148.4300,164.2113,148.4300,164.2113
2009-01-08,164.2114,164.2114,142.8853,142.8853
2009-01-09,143.0558,143.0558,142.0322,142.0322
2009-01-13,142.6293,142.6293,131.7956,131.7956
2009-01-14,131.7956,133.0752,131.7956,133.0752
2009-01-15,133.0751,133.0751,122.6253,122.6253
2009-01-16,122.6254,133.0752,122.6254,133.0752
2009-01-19,133.0752,139.0465,133.0752,139.0465
2009-01-20,139.0465,139.0465,134.7813,134.7813
2009-01-21,134.7813,137.3404,134.7813,137.3404
2009-01-22,137.3404,142.4587,137.3404,142.4587
2009-01-23,142.4587,142.4587,129.2365,129.2365
2009-01-26,129.2365,129.2365,124.7580,124.7580
2009-01-27,132.6487,135.6344,132.6487,135.6344
2009-01-28,135.6343,146.2974,135.6343,146.2974
2009-01-29,146.2974,152.2687,146.2974,152.2687
2009-01-30,152.2687,152.2687,143.7382,143.7382
2009-02-02,143.7383,143.7383,143.3117,143.3117
2009-02-03,143.3117,145.8709,143.3117,145.8709
2009-02-04,145.8709,147.5770,145.8709,147.5770
2009-02-05,147.5770,147.5770,142.8853,142.8853
2009-02-06,142.8852,153.1218,142.8852,153.1218
2009-02-09,153.1217,153.1217,148.4300,148.4300
2009-02-10,153.5483,155.2544,150.5627,155.2544
2009-02-12,150.5626,150.5626,144.5913,144.5913
2009-02-13,144.5913,146.7239,144.5913,146.7239
2009-02-16,146.7239,148.4300,146.7239,148.4300
2009-02-17,148.4301,148.4301,142.8853,142.8853
2009-02-18,142.9705,142.9705,134.7813,134.7813
2009-02-19,134.7813,134.7813,134.7813,134.7813
2009-02-20,134.7813,134.7813,133.9282,133.9282
2009-02-23,134.1415,138.1935,134.1415,138.1935
2009-02-24,138.2361,138.2361,134.3548,134.3548
2009-02-25,134.3547,144.1648,134.3547,144.1648
2009-02-26,144.1648,144.1648,141.1791,141.1791
2009-02-27,141.1791,142.4587,141.1791,142.4587
2009-03-02,142.4587,142.4587,137.7669,137.7669
2009-03-03,137.7669,137.7669,135.2078,135.2078
2009-03-04,135.2078,136.0609,135.2078,136.0609
2009-03-05,136.0609,137.3404,136.0609,137.3404
2009-03-06,137.3404,137.3404,130.9426,130.9426
2009-03-09,130.9426,130.9426,124.7580,124.7580
2009-03-10,124.8433,130.0895,124.8433,130.0895
2009-03-11,130.0895,137.7669,130.0895,137.7669
2009-03-12,137.7669,137.7669,137.7669,137.7669
2009-03-13,137.7670,148.8566,137.7670,148.8566
2009-03-16,149.2404,151.4157,149.2404,151.4157
2009-03-17,152.1834,157.8135,152.1834,157.8135
2009-03-18,157.8135,162.5052,157.8135,162.5052
2009-03-19,162.5052,162.5052,162.5052,162.5052
2009-03-23,162.5053,165.9174,162.5053,165.9174
2009-03-24,172.7418,172.7418,172.7418,172.7418
2009-03-25,173.2537,173.2537,161.2257,161.2257
2009-03-26,161.3965,165.6662,161.3965,165.6662
2009-03-27,166.0078,168.6550,166.0078,168.6550
2009-03-30,168.6978,168.6978,156.6998,156.6998
2009-03-31,157.0414,157.0414,155.4189,155.4189
2009-04-01,155.4188,162.2504,155.4188,162.2504
2009-04-02,162.2505,175.4867,162.2505,175.4867
2009-04-03,181.5070,181.5070,175.4867,175.4867
2009-04-06,181.8913,181.8913,178.9025,178.9025
2009-04-07,178.8171,178.8171,175.0597,175.0597
2009-04-08,166.9472,166.9472,163.9584,163.9584
2009-04-09,166.4348,177.6216,166.4348,177.6216
2009-04-10,179.3294,180.6104,179.3294,180.6104
2009-04-13,182.4037,182.4037,178.9025,178.9025
2009-04-14,177.1092,177.1092,176.3407,176.3407
2009-04-15,176.3406,176.3406,169.0821,169.0821
2009-04-16,169.0820,173.7788,169.0820,173.7788
2009-04-17,173.7788,183.1722,173.7788,183.1722
2009-04-20,181.7205,182.3183,181.7205,182.3183
2009-04-21,176.4764,180.6104,176.4764,180.6104
2009-04-22,181.6940,187.0150,181.6940,187.0150
2009-04-23,186.0330,186.0330,184.8801,184.8801
2009-04-24,181.9767,181.9767,179.3295,179.3295
2009-04-27,179.8136,179.8136,178.9025,178.9025
2009-04-28,178.9025,178.9025,175.9137,175.9137
2009-04-30,175.9136,191.2847,175.9136,191.2847
2009-05-01,190.7723,199.8242,190.7723,199.8242
2009-05-07,199.1948,199.1948,193.8466,193.8466
2009-05-08,193.8466,193.8466,192.5657,192.5657
2009-05-11,192.6510,192.6510,183.5992,183.5992
2009-05-12,184.1775,185.7341,184.1775,185.7341
2009-05-13,185.7341,185.7341,178.0485,178.0485
2009-05-14,178.0485,178.0485,174.2057,174.2057
2009-05-15,174.2911,187.8689,174.2911,187.8689
2009-05-18,187.9116,187.9116,178.4755,178.4755
2009-05-19,178.4755,183.5992,178.4755,183.5992
2009-05-20,183.5992,185.7341,183.5992,185.7341
2009-05-21,185.7340,187.0150,185.7340,187.0150
2009-05-22,186.6734,187.4420,186.6734,187.4420
2009-05-25,187.0150,187.0150,186.5880,186.5880
2009-05-26,186.5880,186.5880,180.6104,180.6104
2009-05-27,180.6104,186.5880,180.6104,186.5880
2009-05-28,186.7161,191.2847,186.7161,191.2847
2009-05-29,191.3702,191.3702,186.1611,186.1611
2009-06-01,186.8442,189.5768,186.8442,189.5768
2009-06-02,189.6622,193.8466,189.6622,193.8466
2009-06-03,194.2737,197.6894,194.2737,197.6894
2009-06-04,198.9276,198.9703,198.9276,198.9703
2009-06-05,198.3615,209.2177,198.3615,209.2177
2009-06-08,203.9659,203.9659,201.1051,201.1051
2009-06-09,206.5705,206.5705,205.3749,205.3749
2009-06-10,206.2289,212.6335,206.2289,212.6335
2009-06-11,211.3526,212.6335,210.9256,210.9256
2009-06-12,211.7795,214.3413,210.0716,211.7795
2009-06-15,203.2400,203.6669,200.2511,200.2511
2009-06-16,193.4197,193.8466,192.1387,192.1387
2009-06-17,194.2736,195.9815,193.4196,194.7005
2009-06-18,188.2959,190.0038,188.2959,189.1498
2009-06-19,193.8466,194.7005,190.8578,194.7005
2009-06-22,190.4308,192.9926,189.5768,191.7117
2009-06-23,186.5880,188.7229,185.7341,187.4420
2009-06-24,185.7341,190.8578,185.7341,187.4420
2009-06-25,191.7117,197.6893,190.4308,195.1275
2009-06-26,197.2624,198.1164,194.2736,194.7005
2009-06-29,194.7005,199.8242,192.9926,193.8466
2009-06-30,198.1164,202.3861,197.6894,199.3973
2009-07-01,196.4085,204.9480,195.5545,200.6782
2009-07-02,201.9591,202.8131,198.5433,198.5433
2009-07-03,196.4084,204.9479,195.5545,204.9479
2009-07-06,202.8131,204.0940,198.5433,198.9703
2009-07-07,199.3973,201.1052,194.2736,195.5546
2009-07-08,189.1499,190.0038,184.0262,185.3071
2009-07-09,183.5992,187.8689,180.6104,181.0373
2009-07-10,187.0150,190.8578,181.0373,182.3183
2009-07-13,180.6103,184.0261,171.6439,173.3518
2009-07-14,178.9025,182.7452,176.7676,181.0373
2009-07-15,184.8801,185.7341,181.0373,182.7452
2009-07-16,190.4308,190.4308,184.4532,184.8801
2009-07-17,187.4420,188.2959,184.8801,187.4420
2009-07-21,189.5769,190.4308,184.4532,190.4308
2009-07-22,186.1611,187.8690,184.0262,186.5880
2009-07-23,188.2959,194.7005,187.8689,192.5657
2009-07-24,196.8354,198.9703,194.7005,197.2624
2009-07-27,199.3972,204.9479,198.1163,202.8130
2009-07-28,204.0940,204.5210,195.5545,198.1163
2009-07-29,197.6893,203.6670,196.4084,202.3861
2009-07-30,203.6670,204.0939,200.6782,203.2400
2009-07-31,207.0828,211.7795,206.6558,211.7795
2009-08-03,209.6447,210.9256,205.3749,206.6558
2009-08-04,211.3526,214.3414,210.0717,210.9256
2009-08-05,210.4986,212.2065,207.5098,207.9367
2009-08-06,208.3638,215.6223,207.0828,214.7684
2009-08-07,215.1953,217.3302,213.0604,216.9032
2009-08-10,221.1730,224.5888,220.3191,222.4539
2009-08-11,220.3191,222.4539,218.1842,222.4539
2009-08-12,226.2967,228.4315,222.4539,223.3078
2009-08-13,225.0157,226.7236,223.7348,224.5887
2009-08-14,226.2967,228.4315,222.4539,226.2967
2009-08-17,220.7460,221.1730,216.0493,216.0493
2009-08-18,211.7795,217.7571,211.3525,215.6223
2009-08-19,218.6112,219.0381,212.6335,213.0605
2009-08-20,215.1953,218.6111,210.9256,217.7572
2009-08-21,216.0492,216.4762,210.0716,211.7795
2009-08-24,218.6111,225.0157,217.7571,224.5887
2009-08-25,220.3190,223.3078,219.0381,219.4651
2009-08-26,219.4651,221.1730,216.0493,218.1842
2009-08-27,216.4763,216.9033,213.4875,213.4875
2009-08-28,218.1842,220.7460,215.6223,217.3302
2009-08-31,221.1730,222.8808,214.3413,216.0493
2009-09-02,210.0717,212.2066,209.6447,210.9256
2009-09-03,210.0716,211.7795,207.9367,208.3637
2009-09-04,210.0716,212.2065,205.8019,210.0716
2009-09-07,214.3414,215.1954,212.2065,213.4875
2009-09-08,215.1953,218.6111,213.9144,218.6111
2009-09-09,218.6112,222.0269,216.0493,217.3302
2009-09-10,220.7460,223.7348,219.4651,223.3078
2009-09-11,225.0158,227.5776,221.1730,225.0158
2009-09-14,223.3078,224.1618,219.8920,221.1730
2009-09-15,222.0269,226.2967,221.6000,225.8697
2009-09-16,230.1395,236.5441,229.7125,233.5553
2009-09-17,241.2408,243.3757,236.5441,242.5217
2009-09-18,240.8138,243.8026,236.9710,238.2520
2009-09-21,238.2520,238.2520,238.2520,238.2520
2009-09-24,241.2409,251.9153,239.9599,251.9153
2009-09-25,248.2407,250.3770,245.6771,248.6679
2009-09-28,240.1226,242.6862,234.9954,235.8500
2009-09-29,241.4044,243.9680,240.9772,242.6862
2009-09-30,244.3953,248.2407,243.5408,244.8226
2009-10-01,246.5316,246.5316,237.5591,237.5591
2009-10-02,231.5774,231.5774,225.1684,227.3047
2009-10-05,229.0138,229.8683,222.1776,222.6048
2009-10-06,227.7320,231.1501,224.3138,227.7320
2009-10-07,230.7228,233.2864,227.3047,227.7320
2009-10-08,230.7229,234.5683,229.0138,232.4319
2009-10-09,233.2864,243.9680,231.1500,243.9680
2009-10-13,244.3953,248.6679,243.9680,246.5316
2009-10-14,248.6679,248.6679,237.9863,245.2498
2009-10-15,249.5225,250.3770,246.1043,247.8134
2009-10-16,248.6679,248.6679,237.5591,239.6954
2009-10-19,240.1227,243.9680,236.7046,243.1135
2009-10-20,247.8134,249.0952,243.1135,246.5316
2009-10-21,242.2590,243.9680,240.5499,242.6862
2009-10-22,238.4136,242.2590,237.9863,240.9772
2009-10-23,244.8225,244.8225,240.1226,243.5407
2009-10-26,241.8317,245.6771,240.5499,241.8317
2009-10-27,240.9772,242.6862,239.2681,239.2681
2009-10-28,237.5591,238.8408,224.3139,224.7411
2009-10-29,216.1958,220.4685,215.3413,217.0503
2009-10-30,224.3139,225.5957,221.7503,223.8866
2009-11-02,215.3413,220.0412,214.0595,218.3322
2009-11-04,214.0596,215.3414,205.9415,207.2233
2009-11-05,208.0779,214.0596,206.7961,207.2233
2009-11-06,213.2050,214.9141,208.0778,209.7869
2009-11-09,209.7869,211.0687,205.9415,207.6506
2009-11-10,211.9232,214.9140,211.4959,212.7777
2009-11-11,210.6414,213.2050,206.3688,208.5051
2009-11-12,211.0687,214.4868,206.7961,207.2233
2009-11-13,206.7960,211.4959,205.5142,209.3596
2009-11-16,210.2141,210.2141,206.7960,208.5051
2009-11-17,209.7869,211.4960,205.9415,207.2233
2009-11-18,209.3597,214.4869,208.9324,213.2051
2009-11-19,217.0504,218.7595,211.9233,214.0596
2009-11-20,209.7869,212.7777,206.7960,207.6506
2009-11-24,209.7869,210.6414,205.9415,208.5051
2009-11-25,208.0778,210.2142,202.0961,205.5142
2009-11-26,202.0961,205.9415,200.8143,203.3779
2009-11-27,200.8143,203.3779,196.9689,196.9689
2009-11-30,201.6688,202.9506,199.9598,201.6688
2009-12-01,197.8235,207.6506,197.3962,207.6506
2009-12-02,211.9232,216.6231,211.0687,215.7686
2009-12-03,228.5865,231.1501,223.0320,231.1501
2009-12-04,231.5774,233.7137,229.0138,232.4319
2009-12-07,237.1318,242.2590,235.8500,240.9772
2009-12-08,237.1318,242.2590,237.1318,240.9772
2009-12-09,233.7136,234.1409,230.7228,233.2863
2009-12-10,229.4410,232.4319,225.5957,226.4502
2009-12-11,228.1593,230.7229,226.8775,229.8683
2009-12-14,230.7228,232.4319,227.7320,230.2956
2009-12-15,230.7228,232.8592,229.0138,231.5774
2009-12-16,232.8592,233.7137,227.7320,229.8683
2009-12-17,231.1501,233.7137,229.4410,229.4410
2009-12-18,229.8683,230.7229,224.3139,229.8683
2009-12-21,232.0046,236.7045,232.0046,235.8500
2009-12-22,239.6954,244.8226,238.4136,244.8226
2009-12-24,252.0860,257.2132,250.3770,255.5042
2009-12-25,255.0769,255.0769,250.8043,251.2316
2009-12-28,252.0861,258.4950,252.0861,257.2132
2009-12-29,255.5042,256.3587,254.2224,255.5042
2009-12-30,252.5134,255.0769,252.0861,252.9406
2010-01-04,255.5042,257.6405,252.9406,257.2132
2010-01-05,260.6313,261.9131,255.0769,255.9314
2010-01-06,257.6405,258.4950,254.2224,256.3587
2010-01-07,255.9315,255.9315,248.6680,251.2316
2010-01-08,255.0769,258.0678,252.5133,256.3587
2010-01-12,255.0769,257.6405,251.6588,256.3587
2010-01-13,252.0861,252.5133,249.0952,249.0952
2010-01-14,244.8225,253.3678,244.8225,252.5132
2010-01-15,261.0586,261.9131,256.3587,258.0677
2010-01-18,253.3679,253.7952,250.3770,253.3679
2010-01-19,254.2224,254.2224,248.2407,249.0952
2010-01-20,251.6588,252.9406,246.1044,246.9589
2010-01-21,245.2498,252.5133,243.9680,252.0860
2010-01-22,251.6587,252.0860,245.2498,246.5316
2010-01-25,243.9680,246.5316,239.2681,244.3953
2010-01-26,246.1044,246.9589,239.2681,239.2681
2010-01-27,237.5590,240.1226,232.0046,233.2863
2010-01-28,240.5500,247.8135,237.9864,241.4045
2010-01-29,239.2681,240.1226,234.5682,235.8500
2010-02-01,237.5590,237.5590,231.1501,233.7137
2010-02-02,237.9863,241.8317,237.5591,239.2681
2010-02-03,243.1135,243.5407,236.7045,238.8408
2010-02-04,235.8500,237.9863,232.8591,233.7137
2010-02-05,226.4502,229.8683,223.0321,227.3047
2010-02-08,226.0230,229.4411,224.7412,225.1684
2010-02-09,222.6048,229.4410,222.1775,228.1592
2010-02-10,235.8500,238.8409,233.7137,237.1318
2010-02-12,240.5499,242.6863,234.9955,237.5591
2010-02-15,240.5499,243.5408,239.2681,239.2681
2010-02-16,238.8409,241.8317,236.2773,239.2681
2010-02-17,242.6862,246.9588,242.6862,246.5316
2010-02-18,245.6770,246.1043,243.5407,245.2498
2010-02-19,245.2498,245.6771,239.2681,239.2681
2010-02-22,245.2498,248.2407,243.9680,247.8134
2010-02-23,245.2498,249.9498,244.8226,249.0952
2010-02-24,244.8225,245.2498,239.2681,241.8317
2010-02-25,242.2590,243.9680,233.7137,234.1410
2010-02-26,235.4227,237.9863,233.2864,234.5682
2010-03-01,236.2772,237.1318,234.1409,235.4227
2010-03-02,237.1318,242.2590,236.7045,240.5499
2010-03-03,237.9864,241.8318,237.5591,241.4045
2010-03-04,241.8318,244.3953,236.7046,237.1318
2010-03-05,240.9772,243.9680,239.6954,243.5407
2010-03-08,250.3770,250.8043,247.8134,249.0952
2010-03-09,250.8042,252.5133,249.9497,252.0860
2010-03-10,251.2316,252.5133,249.5225,251.6588
2010-03-11,252.9406,253.7951,250.8043,252.9406
2010-03-12,255.5042,255.5042,248.6680,251.6588
2010-03-15,251.6588,252.0861,248.6680,251.2316
2010-03-16,250.3770,250.8043,248.6680,249.0952
2010-03-17,250.8042,253.7950,250.3769,252.5132
2010-03-18,252.0861,252.5133,248.2407,249.0952
2010-03-19,250.3770,252.5133,249.9497,252.0860
2010-03-23,252.0861,252.0861,250.3770,251.2316
2010-03-24,252.5134,255.5042,252.5134,253.7952
2010-03-25,256.3587,258.9223,255.5042,258.0677
2010-03-26,260.6314,264.9041,260.2042,264.9041
2010-03-29,266.9575,269.0966,263.5350,264.3906
2010-03-30,265.6741,267.3854,263.5350,265.6741
2010-03-31,267.8131,267.8131,264.3905,265.2462
2010-04-01,269.0966,273.3748,265.6741,272.5192
2010-04-02,272.9470,274.2304,270.3801,272.0913
2010-04-05,272.9470,280.6477,270.3801,280.2198
2010-04-06,282.3590,282.3590,276.3695,279.3643
2010-04-07,280.2199,281.5033,278.9364,279.3643
2010-04-08,275.5138,278.0807,273.8025,274.2304
2010-04-09,273.3748,274.6582,270.3801,272.9470
2010-04-12,275.9417,277.2252,274.2305,275.0861
2010-04-13,272.5191,272.9470,269.5244,272.0913
2010-04-14,279.3642,285.3536,278.9363,281.9311
2010-04-15,284.4980,285.3536,279.7920,280.6476
2010-04-16,278.0808,278.0808,271.6635,272.9470
2010-04-19,268.6688,269.9522,267.3853,269.5244
2010-04-20,270.3801,270.8079,265.6741,266.5297
2010-04-21,272.5192,275.9417,272.0914,275.0861
2010-04-22,273.8026,273.8026,269.9522,272.0913
2010-04-23,270.8079,272.9470,266.9575,268.6688
2010-04-26,272.5191,276.7973,272.0913,275.9416
2010-04-27,273.3747,275.0860,272.5191,274.2304
2010-04-28,265.6740,267.3853,263.9628,263.9628
2010-04-30,266.5298,267.8132,265.2463,265.6741
2010-05-06,255.8342,259.2568,255.4064,255.4064
2010-05-07,243.4276,250.7004,242.9997,246.8501
2010-05-10,246.8502,254.5509,246.4224,248.5614
2010-05-11,252.8396,253.6952,242.9998,242.9998
2010-05-12,245.9945,248.9892,240.8607,242.9998
2010-05-13,255.8343,260.5403,254.9787,260.1125
2010-05-14,254.5508,255.4064,251.1283,252.4117
2010-05-17,245.9945,247.7058,241.7163,245.5667
2010-05-18,249.8449,252.8396,242.1442,243.8554
2010-05-19,237.4381,241.7163,233.5878,240.8607
2010-05-20,240.8607,240.8607,231.4487,232.3043
2010-05-21,224.1757,228.8817,223.3201,228.0261
2010-05-24,228.0261,231.0208,225.0314,228.0261
2010-05-25,224.1759,225.0315,216.9030,216.9030
2010-05-26,225.0314,226.3149,218.6142,223.3202
2010-05-27,219.0421,228.8819,218.1865,228.4541
2010-05-28,232.3043,234.0156,226.3149,230.1652
2010-05-31,228.0262,232.7322,225.0315,226.3150
2010-06-01,224.1759,225.8872,219.4699,222.8924
2010-06-02,221.6090,228.8818,221.1811,224.1759
2010-06-03,230.1653,235.2991,229.3097,235.2991
2010-06-04,234.8713,241.7164,234.8713,238.7217
2010-06-07,227.5985,228.8819,224.1759,225.4594
2010-06-08,223.3203,229.7375,223.3203,227.1706
2010-06-09,225.0315,225.4593,219.4699,222.4646
2010-06-10,224.1757,228.4539,221.6088,228.0261
2010-06-11,238.2938,238.7216,234.0156,237.8660
2010-06-14,241.7163,241.7163,239.5772,240.8607
2010-06-15,239.5772,241.7163,238.7216,241.2885
2010-06-16,246.4223,248.5614,245.5666,246.8501
2010-06-17,243.8554,246.4223,240.8607,242.1442
2010-06-18,242.5719,245.9945,241.2885,243.4276
2010-06-21,246.8501,249.8449,246.4223,249.4170
2010-06-22,246.4224,246.8502,240.0051,240.4329
2010-06-23,237.4382,240.4329,236.1548,237.4382
2010-06-24,238.2938,238.7216,235.7269,236.5825
2010-06-25,228.4540,229.7374,222.8924,223.3202
2010-06-28,222.8924,223.7480,217.3308,217.7586
2010-06-29,218.6143,222.4646,213.2666,214.3361
2010-06-30,207.0632,208.5605,204.7102,207.7049
2010-07-01,204.7102,206.8493,200.2181,201.2876
2010-07-02,202.7850,203.8546,198.2930,199.3625
2010-07-05,200.2182,202.7851,199.5765,202.3573
2010-07-06,198.5069,203.2129,194.6566,203.2129
2010-07-07,201.2877,202.3572,197.4373,199.3625
2010-07-08,207.4911,210.9136,207.0632,209.6301
2010-07-09,212.6248,212.6248,208.7745,210.2718
2010-07-12,205.3519,210.6996,204.9241,206.6354
2010-07-13,207.9189,211.5553,207.9189,210.0580
2010-07-14,217.7587,219.4700,216.4753,218.6143
2010-07-15,216.0473,218.1864,212.1969,212.1969
2010-07-16,209.2023,210.9135,205.3519,206.2076
2010-07-21,204.0685,204.0685,197.6512,199.3625
2010-07-22,196.3677,198.2929,192.5174,193.8008
2010-07-23,199.3625,201.2877,197.0095,199.7903
2010-07-26,202.7850,203.2128,199.7903,200.6460
2010-07-27,200.4321,202.3572,199.5764,199.7903
2010-07-28,202.7850,205.9937,202.5711,204.9241
2010-07-29,201.9294,205.1380,201.7155,204.0685
2010-07-30,203.2128,203.2128,197.4373,198.5069
2010-08-02,200.6460,205.1381,199.7904,203.2129
2010-08-03,206.8493,208.1328,202.1433,202.9990
2010-08-04,200.4321,201.0738,192.7314,192.9453
2010-08-05,198.0791,198.2930,192.7314,194.8705
2010-08-06,191.0201,193.5870,188.4532,191.0201
2010-08-09,189.9506,190.1645,186.9559,190.1645
2010-08-10,193.1592,196.3678,191.0201,191.8757
2010-08-11,188.2393,189.0949,185.0307,185.4585
2010-08-12,180.9664,183.3194,179.0412,183.3194
2010-08-13,182.6777,184.3890,180.1108,182.0360
2010-08-16,176.2604,180.9664,175.6187,179.8968
2010-08-17,176.9021,178.8273,176.4743,176.9021
2010-08-18,179.4690,179.6829,175.8326,177.5438
2010-08-19,181.6081,186.9558,181.3942,186.9558
2010-08-20,183.9611,189.0949,183.5333,186.9558
2010-08-23,186.3141,186.7419,181.8221,182.2499
2010-08-24,178.6134,179.0412,174.9770,175.4048
2010-08-25,173.4796,175.4048,171.1266,172.1962
2010-08-26,173.2657,174.1213,171.1266,171.7683
2010-08-27,170.2710,177.1161,169.6293,176.2604
2010-08-30,180.3247,182.4638,177.7578,178.8273
2010-08-31,173.9075,174.1214,168.3459,168.5598
2010-09-01,168.9875,170.6988,167.7041,168.1319
2010-09-02,173.0518,173.2657,167.7041,169.8431
2010-09-03,171.3406,171.9823,169.4154,171.3406
2010-09-06,173.2657,178.3995,172.8379,177.9717
2010-09-07,177.3300,182.4638,176.0465,177.1161
2010-09-08,173.6935,173.9074,171.1266,171.9822
2010-09-09,173.6935,173.9075,171.3406,171.3406
2010-09-10,174.3352,179.4690,173.6935,177.5438
2010-09-13,181.3941,184.6028,180.9663,181.8220
2010-09-14,182.2498,183.9611,179.6830,180.9664
2010-09-16,189.7366,190.5923,186.3141,186.5280
2010-09-17,187.8115,188.4532,185.4585,187.3837
2010-09-21,190.3784,191.2340,185.4585,187.1697
2010-09-22,185.4584,186.9558,183.7472,183.9611
2010-09-24,180.5385,185.2445,179.8968,181.8220
2010-09-27,184.3889,187.5976,184.1750,185.4585
2010-09-28,186.0196,186.4512,182.5668,182.9984
2010-09-29,183.8615,186.4511,182.9983,184.9405
2010-09-30,185.8037,186.0195,180.6245,180.6245
2010-10-01,181.9194,185.1564,181.7035,182.1352
2010-10-04,181.9193,185.8037,181.4877,183.8615
2010-10-05,183.6457,192.4936,183.2142,191.1988
2010-10-06,194.2200,200.9098,193.7884,200.9098
2010-10-07,200.0466,202.6362,197.8886,201.5572
2010-10-08,201.5572,202.2046,196.3780,197.4570
2010-10-12,199.3991,199.3991,193.1409,193.7883
2010-10-13,196.8096,198.3202,195.2990,196.3780
2010-10-14,199.8307,202.2045,199.6149,200.6939
2010-10-15,201.9887,206.9521,201.1255,205.6573
2010-10-18,206.7364,207.8154,202.2046,203.4994
2010-10-19,202.2046,206.3048,201.9888,204.1468
2010-10-20,201.1256,203.4994,200.4782,203.0678
2010-10-21,206.3048,207.1680,203.4994,205.2258
2010-10-22,206.0889,208.2469,205.4415,207.3837
2010-10-25,207.5995,208.8943,206.0889,206.7363
2010-10-26,204.3625,208.0312,204.1468,206.0890
2010-10-27,207.8153,208.8943,206.0889,207.1679
2010-10-28,206.9521,208.0311,203.7151,204.5783
2010-10-29,206.9521,208.0311,195.9463,196.1621
2010-11-01,194.4357,200.2623,194.2199,196.1621
2010-11-02,196.1622,196.3780,193.7884,195.5148
2010-11-04,202.8520,202.8520,199.3992,201.5572
2010-11-05,205.0099,212.7787,204.5783,212.3471
2010-11-08,213.2104,219.6844,213.2104,218.3896
2010-11-09,215.5842,218.3896,214.5052,218.3896
2010-11-10,219.6843,222.7055,217.5263,220.5475
2010-11-11,221.4107,222.7055,219.6843,220.1159
2010-11-12,216.6631,217.9579,212.3471,212.3471
2010-11-15,215.3683,219.2527,215.1525,218.8211
2010-11-16,220.9791,223.1371,217.9579,217.9579
2010-11-17,214.2893,219.6843,213.6419,218.8211
2010-11-18,217.9579,224.4319,216.6631,224.4319
2010-11-19,230.0428,230.4744,222.2740,223.1371
2010-11-22,226.5900,228.3164,225.7268,227.0216
2010-11-24,219.2527,223.5687,217.9579,222.2739
2010-11-25,226.5899,228.3163,224.4319,227.4532
2010-11-26,227.8847,228.3163,226.1583,226.5899
2010-11-29,227.0216,232.2008,226.5900,231.3376
2010-11-30,230.9059,231.3375,224.8635,226.5899
2010-12-01,226.5899,228.7480,225.7267,227.4532
2010-12-02,232.2007,234.3588,228.7480,229.6111
2010-12-03,232.6323,232.6323,227.0215,228.3163
2010-12-06,227.8847,227.8847,224.8636,227.4532
2010-12-07,227.0215,227.4531,223.5687,224.8635
2010-12-08,226.5899,227.8847,224.8635,226.5899
2010-12-09,228.7479,228.7479,227.4531,228.7479
2010-12-10,233.0640,233.0640,226.1584,227.0216
2010-12-13,225.7267,229.6111,224.4319,228.7479
2010-12-14,226.5900,227.4532,224.8636,225.7268
2010-12-15,227.0216,227.8848,225.2952,225.7268
2010-12-16,224.8635,226.1583,221.8423,222.2739
2010-12-17,222.2739,223.1371,220.5475,221.4107
2010-12-20,220.5475,221.8423,217.9579,219.6844
2010-12-21,220.1160,224.4319,220.1160,223.5688
2010-12-22,223.1371,224.4319,221.4107,222.2739
2010-12-24,221.4108,225.2951,220.1160,223.5688
2010-12-27,224.4319,226.1583,223.5687,225.2951
2010-12-28,223.5688,224.0004,223.1371,223.1371
2010-12-29,222.7055,225.2951,221.8423,224.8635
2010-12-30,222.7055,223.1371,220.1159,221.8423
2011-01-04,225.2951,225.2951,223.1371,224.4319
2011-01-05,222.7056,226.1584,221.8424,222.7056
2011-01-06,226.5900,231.3376,225.7268,230.9060
2011-01-07,230.0428,231.7692,229.6112,231.3376
2011-01-11,228.7480,231.3376,227.0216,230.0428
2011-01-12,231.3375,234.7903,230.9059,231.7691
2011-01-13,232.6323,234.3587,230.4743,232.2007
2011-01-14,232.2007,243.4223,232.2007,239.5379
2011-01-17,242.5592,248.1700,242.5592,247.7384
2011-01-18,246.4436,249.0332,245.1488,248.1700
2011-01-19,249.4648,249.4648,246.4436,248.1700
2011-01-20,243.4223,244.2855,237.8115,238.6747
2011-01-21,239.1064,239.9695,231.7691,233.0639
2011-01-24,231.7691,235.2220,231.3376,233.0639
2011-01-25,234.7904,236.9484,234.3588,235.2220
2011-01-26,233.4955,236.0850,233.4955,233.9271
2011-01-27,235.2220,236.0851,233.4955,236.0851
2011-01-28,236.0853,236.9485,233.4957,234.3589
2011-01-31,228.3164,231.3376,227.0216,230.9060
2011-02-01,232.2008,232.6324,229.1796,230.0428
2011-02-02,234.3588,236.9484,233.9272,234.7904
2011-02-03,233.0639,235.6535,232.6324,233.0639
2011-02-04,235.6535,236.9483,234.3587,236.5167
2011-02-07,239.5379,239.5379,235.6535,236.9483
2011-02-08,240.4011,243.4223,239.5379,243.4223
2011-02-09,243.8539,243.8539,239.5379,239.9695
2011-02-10,237.8115,238.6747,235.2219,235.6535
2011-02-14,237.3800,239.5380,237.3800,237.8116
2011-02-15,238.6747,240.8327,237.8115,239.1063
2011-02-16,239.9696,244.7172,239.5380,243.8540
2011-02-17,246.8752,249.4648,242.9908,243.8540
2011-02-18,242.1275,245.5803,242.1275,244.2855
2011-02-21,241.6959,242.5591,238.6747,239.1063
2011-02-22,235.6535,236.5168,233.0639,233.0639
2011-02-23,230.4743,232.6323,227.8847,228.7479
2011-02-24,227.4531,228.7479,224.4319,225.2951
2011-02-25,226.1584,228.3163,225.2951,227.4532
2011-02-28,227.4532,230.9059,225.7267,230.4743
2011-03-01,230.9059,233.0639,228.7479,232.6323
2011-03-02,228.3163,229.6111,224.8635,225.2951
2011-03-03,226.1584,227.8847,224.0003,227.4532
2011-03-04,231.7691,233.4955,230.0427,232.6323
2011-03-07,228.7479,229.1795,225.7267,228.3163
2011-03-08,226.5900,227.8848,224.8636,225.7268
2011-03-09,229.1796,230.4744,227.4532,227.8848
2011-03-10,225.2952,226.1584,222.2740,222.7056
2011-03-11,218.8211,222.7055,218.8211,218.8211
2011-03-14,202.4203,208.4628,199.3992,199.8307
2011-03-15,199.8307,200.6939,174.7979,194.2199
2011-03-16,198.1044,201.7730,187.3144,194.8674
2011-03-17,182.5667,186.2353,179.7613,183.2141
2011-03-18,184.2932,192.0619,184.2932,187.0986
2011-03-22,196.1622,201.7730,194.8674,201.5572
2011-03-23,198.5359,198.9675,192.9251,194.4357
2011-03-24,194.6516,196.8096,194.2200,195.7306
2011-03-25,198.7518,201.1256,195.7306,197.6728
2011-03-28,194.2199,194.2199,188.1775,190.9829
2011-03-29,190.3681,196.5161,189.7094,195.1987
2011-03-30,196.9553,201.7859,195.6379,201.5663
2011-03-31,202.0054,202.0054,198.9314,201.3467
2011-04-01,202.8837,206.6164,202.6641,203.3229
2011-04-04,202.2250,204.6403,201.1271,203.7620
2011-04-05,202.0055,202.2251,197.1749,198.0532
2011-04-06,199.5901,202.0054,198.7118,200.4684
2011-04-07,202.6642,203.1033,198.7119,199.1510
2011-04-08,199.3705,203.9815,196.2965,203.1033
2011-04-11,202.4446,202.4446,198.4923,199.1510
2011-04-12,196.9553,198.9314,194.1009,195.4183
2011-04-13,193.2226,195.6379,192.5639,195.6379
2011-04-14,193.0031,198.4923,191.9052,198.0532
2011-04-15,196.0770,197.3944,192.3443,192.5639
2011-04-18,192.5639,194.3204,190.5877,192.5639
2011-04-19,188.6116,189.9290,187.2941,188.8311
2011-04-20,193.0030,197.3944,192.5638,196.5161
2011-04-21,200.4685,202.4446,199.5902,200.0293
2011-04-22,199.1510,204.6403,199.1510,202.2250
2011-04-25,202.6641,204.2011,201.3467,202.8837
2011-04-26,202.6641,202.6641,198.0531,198.2727
2011-04-27,200.2489,201.7859,198.4924,200.0293
2011-04-28,202.0054,205.2990,200.4684,204.8598
2011-05-02,209.9100,209.9100,204.2012,205.7382
2011-05-06,201.1271,204.6403,200.2488,204.2011
2011-05-09,202.4445,203.3228,198.9314,199.5901
2011-05-10,199.5901,201.1271,198.2727,200.2488
2011-05-11,203.3229,205.2990,200.6880,200.9076
2011-05-12,198.4923,203.1033,198.4923,199.5901
2011-05-13,200.0293,201.7859,196.9553,198.9315
2011-05-16,198.0532,200.2489,196.9553,199.1510
2011-05-17,197.6140,201.1272,196.9553,200.6880
2011-05-18,200.0292,204.8598,200.0292,203.1033
2011-05-19,205.2990,205.7381,200.2488,202.0054
2011-05-20,201.3467,203.5425,200.2489,200.9076
2011-05-23,199.1511,199.8098,196.5162,198.0532
2011-05-24,196.9553,198.4923,196.5161,197.8336
2011-05-25,195.8575,196.5162,193.2227,193.6618
2011-05-26,194.7595,196.7357,193.6617,196.7357
2011-05-27,194.7595,196.9552,194.1008,196.0769
2011-05-30,194.7596,196.2966,194.1009,195.8575
2011-05-31,194.3204,198.4923,193.4421,196.7357
2011-06-01,198.0532,200.6880,196.9553,200.6880
2011-06-02,194.5400,196.2966,193.6617,193.8813
2011-06-03,194.1009,196.7357,193.0030,195.4183
2011-06-06,194.9791,195.1987,190.1485,190.8073
2011-06-07,191.0269,192.7834,190.8073,192.1247
2011-06-08,191.2465,191.9052,189.7095,191.2465
2011-06-09,191.0269,193.0030,190.1486,191.9052
2011-06-10,192.7834,194.5400,191.9052,192.7834
2011-06-13,191.0269,192.5639,190.3682,192.1247
2011-06-14,190.1485,191.0268,187.9528,190.8073
2011-06-15,191.2465,191.9052,189.9291,191.2465
2011-06-16,189.7094,189.9290,186.6354,187.0746
2011-06-17,186.8550,187.7333,184.0006,185.3180
2011-06-20,185.5375,186.1963,184.0006,184.4397
2011-06-21,186.1963,188.1724,185.7571,187.9529
2011-06-22,189.2703,191.2464,188.8312,191.0269
2011-06-23,189.2703,189.9290,186.6354,186.8550
2011-06-24,188.3920,192.1247,187.9529,191.6856
2011-06-27,189.9290,191.0268,189.0507,189.9290
2011-06-28,192.1247,193.2225,190.3681,190.8073
2011-06-29,194.1009,194.1009,192.1247,193.4421
2011-06-30,193.2226,193.2226,190.8073,191.9052
2011-07-01,194.3204,194.5400,191.6856,192.1247
2011-07-04,194.5400,195.8575,192.1247,192.7834
2011-07-05,193.8813,196.9553,193.6617,196.2965
2011-07-06,195.8574,197.1748,194.5400,196.9553
2011-07-07,196.2966,199.3706,196.2966,198.0532
2011-07-08,201.1271,202.4445,199.8097,200.4684
2011-07-11,196.9553,197.3944,194.1009,194.7596
2011-07-12,191.6856,193.0030,191.4660,191.9052
2011-07-13,189.7094,192.1247,187.5137,188.8311
2011-07-14,187.5137,189.2703,185.9767,187.9529
2011-07-15,186.8550,187.9528,186.6354,187.7333
2011-07-19,184.6593,185.0985,183.3419,184.0006
2011-07-20,186.6354,188.1724,185.5376,186.6354
2011-07-21,187.2941,188.3920,185.9767,187.7333
2011-07-22,189.7094,190.5877,187.9529,189.0507
2011-07-25,187.2941,188.1724,187.2941,187.7333
2011-07-26,187.0746,187.0746,181.5853,184.6593
2011-07-27,184.6593,185.3180,183.3418,183.7810
2011-07-28,180.9266,184.0006,180.0483,182.4636
2011-07-29,183.5615,184.2202,181.3658,182.6832
2011-08-01,184.6593,185.9767,183.5614,184.4397
2011-08-02,175.2177,175.2177,172.3633,173.0220
2011-08-03,169.9480,171.7046,167.9719,170.8263
2011-08-04,172.5829,176.3156,171.0459,173.6808
2011-08-05,165.1175,169.5089,163.5805,167.3132
2011-08-08,164.2392,167.5327,163.8000,164.8979
2011-08-09,158.0912,163.1413,156.1151,162.4826
2011-08-10,167.7523,167.9719,164.4587,164.8979
2011-08-11,160.7260,162.9217,159.8477,162.2630
2011-08-12,163.1413,164.2392,160.5065,161.3848
2011-08-15,163.5805,164.0196,162.4827,163.8001
2011-08-16,165.1175,167.5328,165.1175,166.8741
2011-08-17,164.8979,165.7762,162.4826,162.7022
2011-08-18,161.1652,161.6043,156.7738,157.2129
2011-08-19,151.7237,152.3824,149.0888,149.3084
2011-08-22,148.2105,151.9432,147.5518,148.6496
2011-08-23,150.6258,152.6019,149.5279,152.1628
2011-08-24,153.9194,154.5781,147.5518,148.2105
2011-08-25,149.5279,152.1628,149.0888,149.5279
2011-08-26,147.1126,151.5041,146.4539,151.0649
2011-08-29,152.3823,158.5303,151.7236,155.5002
2011-08-30,160.9457,162.7022,160.0674,162.3509
2011-08-31,163.3609,164.4587,159.4086,161.5597
2011-09-01,160.7261,164.6783,160.5065,162.5266
2011-09-02,160.7260,162.7022,158.9695,160.1359
2011-09-05,157.6521,158.3108,155.4564,158.3108
2011-09-06,155.2367,155.4563,153.2606,154.6219
2011-09-07,155.4563,158.5303,153.6997,155.5441
2011-09-08,158.5304,160.9457,158.0912,160.3309
2011-09-09,159.6282,161.1652,156.1151,157.3434
2011-09-12,152.1628,156.5542,151.5041,155.2807
2011-09-13,156.5542,161.1652,156.3346,160.9895
2011-09-14,161.6044,163.1414,157.4325,158.7500
2011-09-15,166.4349,167.3132,163.8001,165.9958
2011-09-16,167.3132,171.4851,167.0936,170.7385
2011-09-20,170.6067,173.0220,167.7523,170.3872
2011-09-21,168.1915,172.8025,167.3132,171.0459
2011-09-22,167.7523,168.8501,164.4587,165.5566
2011-09-26,165.9957,166.4349,156.9933,157.4324
2011-09-27,162.0435,163.8001,161.1652,163.1414
2011-09-28,166.6162,167.0617,159.9338,160.6020
2011-09-29,160.3792,163.2750,156.5925,163.0522
2011-09-30,160.8248,160.8248,155.4788,158.5973
2011-10-03,155.4788,156.8153,151.9148,153.6968
2011-10-04,149.2418,155.0333,148.1281,154.5878
2011-10-05,154.8105,156.5925,150.5783,151.4693
2011-10-06,156.1470,160.3793,156.1470,158.3745
2011-10-07,166.1707,168.6209,165.0570,167.2844
2011-10-11,172.4077,178.1992,171.2940,176.6399
2011-10-12,175.3034,177.9764,174.1897,176.6399
2011-10-13,178.6447,180.4266,178.1991,179.0901
2011-10-14,179.0902,180.8722,175.9717,176.6399
2011-10-17,182.4314,183.3224,180.8722,181.0949
2011-10-18,176.8627,181.9859,175.9717,179.0901
2011-10-19,182.2087,182.2087,176.1944,177.0854
2011-10-20,176.1944,176.4172,171.9622,173.0760
2011-10-21,173.7442,176.8627,172.8532,176.1944
2011-10-24,179.3129,181.9859,178.4219,180.8721
2011-10-25,183.9906,188.0001,183.3224,185.9954
2011-10-26,184.8816,190.2276,184.6589,190.0049
2011-10-27,190.0048,191.3413,186.8863,190.8958
2011-10-28,196.4646,196.6873,192.4551,194.2371
2011-10-31,197.3556,198.0238,189.7821,189.7821
2011-11-01,187.1091,190.2276,184.4362,184.8817
2011-11-02,180.8721,184.2134,180.6494,180.6494
2011-11-04,185.1044,189.3366,184.4362,188.6684
2011-11-07,188.8911,188.8911,184.4361,185.1044
2011-11-08,182.2087,182.4314,178.6447,181.0949
2011-11-09,183.5451,187.3319,183.0996,185.9954
2011-11-10,179.7584,179.7584,174.4124,175.0807
2011-11-11,175.3034,176.6399,171.7394,175.3034
2011-11-14,179.5357,181.0949,175.9717,176.1944
2011-11-15,173.7442,175.5262,172.6304,173.2987
2011-11-16,176.4172,178.4219,171.9622,172.8532
2011-11-17,171.7395,178.6447,171.2940,177.9764
2011-11-18,175.0807,177.3082,173.9670,176.4172
2011-11-21,175.5262,176.1944,172.8532,174.6352
2011-11-22,171.9622,177.5309,171.9622,176.6399
2011-11-24,173.0760,173.7442,170.6257,171.9622
2011-11-25,171.5167,175.7489,171.5167,174.8579
2011-11-28,178.8674,182.2087,178.1992,180.4267
2011-11-29,183.0996,187.5546,181.7631,186.2181
2011-11-30,184.6589,184.8816,180.4267,182.2086
2011-12-01,188.6684,190.6731,187.3319,189.5594
2011-12-02,189.5594,192.2324,189.5594,191.3414
2011-12-05,192.0096,193.3461,191.3414,191.3414
2011-12-06,190.2276,190.6731,184.8817,186.8864
2011-12-07,188.0001,193.7916,187.7773,192.6778
2011-12-08,190.2276,191.7869,189.1139,189.1139
2011-12-09,182.6541,186.2181,182.4314,185.5499
2011-12-12,187.7774,188.6684,185.1044,185.7726
2011-12-13,181.5404,184.2134,179.9812,183.3224
2011-12-14,181.7632,182.6542,179.0902,180.2039
2011-12-15,178.1991,178.8674,173.9669,174.8579
2011-12-16,175.0806,175.7489,173.2987,174.4124
2011-12-19,174.1897,174.4124,170.4029,170.8484
2011-12-20,172.1850,173.5215,171.7395,172.4077
2011-12-21,173.9669,177.9764,173.9669,177.5309
2011-12-22,175.7489,176.6399,174.8579,175.5261
2011-12-26,178.4219,180.2038,177.9764,178.8674
2011-12-27,176.6399,177.0854,174.6352,175.5261
2011-12-28,176.1944,176.6399,174.1896,174.8579
2011-12-29,171.9622,172.8532,170.4030,172.6305
2011-12-30,173.0759,174.8579,171.9622,174.4124
2012-01-04,174.8580,177.3082,174.4125,176.8627
2012-01-05,174.4125,176.4172,173.5215,173.7442
2012-01-06,173.2987,174.4124,170.8485,172.8532
2012-01-10,174.4124,177.9764,173.7442,177.3082
2012-01-11,178.1992,184.6589,178.1992,181.5404
2012-01-12,182.6542,184.6589,180.2039,181.7632
2012-01-13,182.6541,183.5451,180.4266,182.6541
2012-01-16,180.2038,180.2038,177.9764,179.3129
2012-01-17,182.4314,184.6589,181.3177,183.7679
2012-01-18,186.2182,189.1139,185.5499,188.4456
2012-01-19,194.6826,196.0191,192.9006,194.0144
2012-01-20,197.1328,197.8011,189.5593,193.1233
2012-01-23,190.8958,194.4598,189.5593,190.4503
2012-01-24,193.1233,193.7916,188.8911,189.3366
2012-01-25,191.3414,194.6826,190.8959,193.7916
2012-01-26,194.6826,194.9053,192.2323,193.3461
2012-01-27,195.3508,195.3508,192.2323,193.7916
2012-01-30,192.2323,196.0191,192.0096,195.1281
2012-01-31,195.3508,195.3508,192.2323,193.3461
2012-02-01,193.1234,195.5736,192.4551,194.9053
2012-02-02,195.7963,196.4646,193.3461,194.4598
2012-02-03,194.4599,197.5784,194.0144,196.0191
2012-02-06,186.6636,187.7774,178.4219,179.9812
2012-02-07,178.1992,181.9859,176.4172,179.9812
2012-02-08,182.2087,183.0997,179.5357,181.5404
2012-02-09,182.4314,186.6636,181.0949,184.6589
2012-02-10,184.6589,186.4409,183.9907,183.9907
2012-02-13,181.9859,184.4361,181.5404,183.0996
2012-02-14,181.5404,184.2134,180.6494,183.0996
2012-02-15,183.7679,188.4456,183.0997,186.8864
2012-02-16,186.6636,192.4551,186.2181,190.2276
2012-02-17,196.0191,199.1376,194.6826,195.3508
2012-02-20,199.1376,199.5831,194.9054,196.0191
2012-02-21,195.3508,198.2466,195.1281,195.7963
2012-02-22,194.4598,194.6826,189.5594,193.7916
2012-02-23,195.1281,197.5783,193.7916,196.6873
2012-02-24,199.1376,202.0333,198.4693,201.8106
2012-02-27,204.4835,205.1517,198.6920,198.9147
2012-02-28,195.1282,200.9196,192.6779,200.9196
2012-02-29,201.1424,204.2609,200.0286,200.9196
2012-03-01,201.3650,203.3698,196.4646,197.1328
2012-03-02,200.2513,200.4741,194.4599,195.5736
2012-03-05,191.1186,192.6779,187.3319,188.6684
2012-03-06,186.8864,187.3319,183.3224,185.9954
2012-03-07,183.0997,189.5594,182.8769,188.4456
2012-03-08,191.5641,194.2371,191.3414,194.2371
2012-03-09,199.5830,201.3650,197.1328,199.3603
2012-03-12,201.8105,202.4788,199.8058,200.2513
2012-03-13,199.8058,202.0333,198.0238,199.1375
2012-03-14,204.7063,209.1612,204.0380,206.7110
2012-03-15,208.2703,209.1613,206.2655,208.4930
2012-03-16,208.9385,212.5025,208.4930,212.5025
2012-03-19,210.9432,213.6162,210.7205,213.6162
2012-03-21,212.2798,213.8390,210.9433,211.8343
2012-03-22,212.9480,217.4030,212.5025,216.7348
2012-03-23,213.6163,214.9528,211.3888,211.8343
2012-03-26,213.3935,216.2892,212.0570,215.8437
2012-03-27,220.0760,220.5215,217.4030,218.7395
2012-03-28,218.8291,221.2929,217.7092,221.0689
2012-03-29,219.0530,219.0530,213.4535,214.3494
2012-03-30,213.2296,213.2296,210.0938,212.1097
2012-04-02,214.7974,216.3653,213.6775,214.7974
2012-04-03,215.4694,219.7250,214.7974,218.3811
2012-04-04,218.6051,219.2770,212.7816,212.7816
2012-04-05,208.9739,210.7658,206.7341,210.0938
2012-04-06,208.3020,211.6617,207.1821,211.4378
2012-04-09,207.6301,211.8857,207.1821,210.0938
2012-04-10,209.1979,211.2137,204.4943,205.3902
2012-04-11,202.0305,205.3902,201.8066,204.7183
2012-04-12,204.9422,204.9422,200.2386,204.2703
2012-04-13,204.4943,205.8382,200.4626,201.3586
2012-04-16,198.6708,199.3428,195.3111,195.5351
2012-04-17,196.2071,198.6708,194.4152,195.9831
2012-04-18,198.4468,201.8065,197.3269,201.3586
2012-04-19,198.8948,202.7025,198.4468,200.2387
2012-04-20,198.6708,199.3428,196.6550,198.4469
2012-04-23,198.6708,200.6866,196.8789,197.3269
2012-04-24,196.6550,199.1188,194.8631,196.2070
2012-04-25,198.6708,199.5667,197.7749,199.1188
2012-04-26,202.2545,203.1504,199.7907,201.3586
2012-04-27,202.2545,203.1505,197.7749,199.5668
2012-05-01,185.9039,187.2478,180.5284,182.9922
2012-05-02,182.7682,184.1121,180.9764,181.8723
2012-05-07,178.7366,180.7524,177.6167,178.0646
2012-05-08,183.4401,184.1121,178.2886,179.4085
2012-05-09,176.7207,178.7366,175.8248,178.7366
2012-05-10,178.7365,180.0804,176.9447,178.9605
2012-05-11,180.5283,182.3202,176.9447,177.3926
2012-05-14,179.4085,182.9921,179.4085,180.7523
2012-05-15,179.4085,182.3202,175.6008,181.6483
2012-05-16,181.4243,182.7682,179.1845,180.7523
2012-05-17,180.5284,182.7682,177.3926,182.7682
2012-05-18,177.3927,177.6166,171.3452,172.4651
2012-05-21,170.6732,172.6891,169.7773,170.4492
2012-05-22,172.9130,173.5850,171.3452,172.6890
2012-05-23,172.2411,172.4651,165.7456,166.8655
2012-05-24,164.1778,166.4176,161.7140,165.2977
2012-05-25,166.6416,166.8656,159.9222,160.5941
2012-05-28,159.9221,161.0421,157.6823,159.0262
2012-05-29,156.3385,161.0421,154.7706,160.8181
2012-05-30,160.1461,162.6099,159.4742,162.3859
2012-05-31,157.6824,158.8023,155.4425,158.5783
2012-06-01,155.4425,158.1303,154.5466,154.7706
2012-06-04,150.2910,153.4267,149.6191,152.3068
2012-06-05,152.5308,156.7864,152.5308,156.7864
2012-06-06,159.4742,162.1620,156.1145,161.2661
2012-06-07,167.9855,168.2095,162.3860,164.4018
2012-06-08,163.2819,163.5058,157.4584,158.5783
2012-06-11,163.0579,167.3135,162.6099,166.1936
2012-06-12,162.3859,167.5375,161.9380,165.9696
2012-06-13,166.8655,168.6574,165.7456,166.8655
2012-06-14,165.0737,167.7615,163.7298,167.0896
2012-06-15,168.8814,169.5533,165.2977,166.8655
2012-06-18,171.7932,172.2411,170.0013,170.2253
2012-06-19,168.6574,170.4493,167.5375,168.4334
2012-06-20,170.2252,171.1212,166.6416,167.7615
2012-06-21,168.4334,172.0171,168.4334,170.0013
2012-06-22,166.8656,171.1212,165.5217,170.4492
2012-06-25,171.5692,172.4651,168.2095,168.6574
2012-06-26,165.5217,166.6416,162.8339,163.7298
2012-06-27,163.5059,163.7298,159.0262,160.3701
2012-06-28,161.7140,164.1778,161.2660,163.9538
2012-06-29,161.2660,167.0895,161.0420,165.5217
2012-07-02,167.0896,167.9855,164.6258,164.8497
2012-07-03,164.8497,166.6416,163.5059,164.8497
2012-07-04,166.6416,169.3294,166.1936,166.4176
2012-07-05,165.9696,167.3135,164.8497,165.2977
2012-07-06,164.4017,165.7456,162.8339,165.0737
2012-07-09,158.8022,159.9221,154.7706,154.9946
2012-07-10,156.5624,159.2502,156.1145,157.4281
2012-07-11,154.7706,157.4584,154.0987,156.7174
2012-07-12,158.8023,159.9222,154.5467,155.5795
2012-07-13,154.7706,158.1303,154.7706,155.4439
2012-07-17,155.6665,157.6824,154.0987,156.3385
2012-07-18,157.4583,157.6823,155.8905,156.3456
2012-07-19,159.0263,162.1620,159.0263,161.4663
2012-07-20,163.9538,165.5216,159.6982,161.5796
2012-07-23,157.6823,160.8181,156.5624,157.6823
2012-07-24,157.6824,160.1461,156.7864,158.1303
2012-07-25,154.9946,154.9946,148.4992,149.1711
2012-07-26,150.5150,154.5467,148.0512,152.9900
2012-07-27,155.8905,159.4742,155.2186,158.8022
2012-07-30,161.2660,163.0579,156.5625,158.8918
2012-07-31,151.4109,167.7615,150.5150,164.6357
2012-08-01,162.1620,167.3135,161.9380,165.7457
2012-08-02,166.4176,169.7773,166.1936,168.8814
2012-08-03,165.7456,166.8655,164.1777,164.8945
2012-08-06,168.4334,170.0013,168.2094,169.5533
2012-08-07,168.8814,170.6732,167.5375,169.3733
2012-08-08,171.7931,176.0488,169.3293,170.0013
2012-08-09,170.0013,176.7207,169.7773,175.6008
2012-08-10,174.7049,175.8248,173.8090,174.6677
2012-08-13,174.7049,176.2728,173.5850,175.5728
2012-08-14,174.9289,176.2728,169.7773,172.8235
2012-08-15,173.3610,174.7049,170.6732,172.4651
2012-08-16,173.5850,178.2886,173.3610,178.2886
2012-08-17,180.3044,181.2003,177.8406,179.3637
2012-08-20,180.3044,181.2003,177.6166,178.6917
2012-08-21,178.9605,178.9605,176.9447,176.9447
2012-08-22,175.1528,175.3768,170.0013,172.2859
2012-08-23,173.5850,177.6166,172.4651,176.8809
2012-08-24,173.1370,174.0329,172.0171,172.4203
2012-08-27,173.1370,173.5850,171.3452,172.2411
2012-08-28,174.9289,174.9289,169.3294,170.2253
2012-08-29,172.4651,174.4809,172.0171,173.5850
2012-08-30,173.1370,173.1370,169.7773,170.4492
2012-08-31,167.5375,169.1053,164.6257,164.6257
2012-09-03,164.6258,167.0895,163.0579,163.9538
2012-09-04,163.2819,166.8656,162.6099,163.5058
2012-09-05,163.2819,163.2819,161.2660,161.9380
2012-09-06,162.6099,164.4018,160.1461,160.8181
2012-09-07,167.3135,168.4334,165.2977,167.9855
2012-09-10,167.0895,167.0895,161.2660,162.3859
2012-09-11,160.3701,161.7140,157.9063,158.5783
2012-09-12,158.1303,161.2661,157.2344,161.0421
2012-09-13,160.5941,161.9380,157.9063,158.5783
2012-09-14,160.1461,164.1778,159.4742,163.0579
2012-09-18,166.4176,169.7773,165.9696,166.1936
2012-09-19,166.4176,172.6890,165.2977,172.0171
2012-09-20,166.8655,167.5375,163.0579,163.2819
2012-09-21,162.6099,163.7298,159.6982,159.9221
2012-09-24,158.5783,161.0421,158.3543,159.2502
2012-09-25,158.8022,160.8181,156.5624,159.4742
2012-09-26,155.6396,156.7674,152.7073,154.5118
2012-09-27,154.5118,156.9930,152.2561,153.3840
2012-09-28,154.0607,154.2862,149.5494,150.0005
2012-10-01,150.0005,151.3539,147.7448,149.0982
2012-10-02,151.1283,153.1584,149.7749,150.6772
2012-10-03,148.1960,149.7749,145.2637,145.4892
2012-10-04,146.8426,148.4216,142.3313,147.9704
2012-10-05,149.3238,151.3539,146.6170,150.2261
2012-10-09,147.0681,149.7749,146.3915,147.2937
2012-10-10,144.3614,151.8050,144.1358,147.9704
2012-10-11,146.6170,153.3840,146.6170,150.9028
2012-10-12,152.0306,156.0907,151.8050,154.9629
2012-10-15,154.7373,159.0231,153.1584,158.1208
2012-10-16,159.6998,161.2787,156.7674,158.7975
2012-10-17,159.4742,160.1509,156.5419,158.3464
2012-10-18,159.9253,163.7599,158.1208,163.7599
2012-10-19,161.7298,164.2110,160.8276,163.5343
2012-10-22,160.6020,163.9855,158.7975,163.5343
2012-10-23,163.7599,163.9855,160.1509,160.1509
2012-10-24,157.6697,160.3765,155.6396,158.5719
2012-10-25,158.1208,160.8276,156.9930,160.6021
2012-10-26,160.8276,161.2787,157.4441,158.1208
2012-10-29,157.6697,160.3765,156.7674,159.6998
2012-10-30,160.3765,164.2111,159.0231,159.6998
2012-10-31,161.5043,163.9855,161.2787,161.7299
2012-11-01,159.2487,165.5645,158.7975,164.6622
2012-11-02,167.8201,169.8502,166.0156,166.2411
2012-11-05,164.8878,166.6923,164.6622,165.5645
2012-11-06,164.4366,165.7900,160.8276,160.8276
2012-11-07,161.0531,162.6321,159.4742,161.9554
2012-11-08,158.1208,158.7975,155.6396,155.8652
2012-11-09,154.0607,155.4141,153.3840,153.8351
2012-11-12,152.4817,154.0606,152.0305,152.4817
2012-11-13,154.2862,154.7373,151.5794,154.0607
2012-11-14,154.7373,155.4140,153.1584,154.9629
2012-11-15,156.3163,159.9253,153.8351,159.0231
2012-11-16,159.9254,163.9855,159.6998,161.5043
2012-11-19,165.7900,165.7900,160.1509,160.6021
2012-11-20,162.1810,163.3088,157.2186,157.4442
2012-11-21,158.3464,161.2787,156.7674,159.2486
2012-11-22,160.3765,163.3088,160.1509,163.3088
2012-11-26,165.5645,166.4667,162.8577,163.3088
2012-11-27,161.7298,163.0832,159.2486,160.1509
2012-11-28,158.5719,159.4742,157.6697,158.1208
2012-11-29,161.0531,162.4065,159.9253,161.2787
2012-11-30,162.6321,166.2412,161.5043,165.7900
2012-12-03,166.2412,166.6923,163.5344,165.7900
2012-12-04,164.8878,166.0156,163.5344,164.6622
2012-12-05,162.6321,167.8201,161.7298,166.0156
2012-12-06,166.4667,167.3690,164.4367,164.6622
2012-12-07,164.4366,166.0156,163.9855,165.1133
2012-12-10,166.4667,168.2712,162.8576,163.0832
2012-12-11,163.0833,165.7900,163.0833,165.5645
2012-12-12,167.8201,168.0456,166.4667,167.3689
2012-12-13,170.7524,172.7825,170.0758,171.4291
2012-12-14,173.6848,174.5870,170.5269,173.6848
2012-12-17,176.8427,176.8427,173.6848,174.3615
2012-12-18,173.0081,174.8126,170.7524,172.5570
2012-12-19,172.1058,173.6848,170.7524,173.6848
2012-12-20,174.3615,175.2637,170.9780,171.4291
2012-12-21,173.9104,175.9404,169.1735,169.3991
2012-12-25,173.0081,173.4593,170.7525,173.0081
2012-12-26,174.8126,177.5194,173.9103,177.5194
2012-12-27,180.0006,180.9029,178.6472,179.7750
2012-12-28,180.4517,181.8051,176.6171,177.5194
2013-01-04,180.6773,183.1585,180.6773,182.0307
2013-01-07,183.8352,184.0608,180.0006,180.2262
2013-01-08,179.3239,179.7750,174.5871,176.1660
2013-01-09,174.3614,177.5194,174.1359,175.9404
2013-01-10,176.8427,179.0984,176.3916,178.8728
2013-01-11,180.2262,181.3540,176.8427,178.8728
2013-01-15,180.4517,180.9029,177.7450,180.4517
2013-01-16,178.8728,178.8728,172.7826,173.0081
2013-01-17,173.6848,175.2637,168.2712,171.6547
2013-01-18,179.5495,186.5420,179.3239,186.0909
2013-01-21,186.5420,188.5721,183.8352,185.4142
2013-01-22,185.8653,187.2187,182.2563,183.8352
2013-01-23,180.4517,182.4818,176.3915,176.3915
2013-01-24,176.1660,179.0984,174.1360,176.8427
2013-01-25,181.8051,182.7074,178.8728,180.9029
2013-01-28,181.8051,182.0307,176.3915,176.6171
2013-01-29,175.2638,180.6773,175.2638,179.5495
2013-01-30,180.2262,182.0307,177.9705,180.6773
2013-01-31,177.5194,178.6472,174.5871,176.8427
2013-02-01,176.6171,177.9705,175.4893,176.6171
2013-02-04,174.1359,177.5193,173.6847,174.5870
2013-02-05,171.6547,175.0381,171.2035,173.9103
2013-02-06,178.8727,181.1284,169.1735,175.2637
2013-02-07,173.6848,178.1961,173.4592,176.1660
2013-02-08,173.0081,177.2938,173.0081,173.6848
2013-02-12,180.0006,181.1284,178.1961,179.7750
2013-02-13,180.0006,180.0006,175.9405,177.0683
2013-02-14,178.4217,184.5119,178.1961,183.6097
2013-02-15,184.0608,186.7676,181.3540,183.6097
2013-02-18,188.3466,192.4067,185.8653,191.5045
2013-02-19,189.4743,189.6998,186.5419,186.7675
2013-02-20,188.7976,189.4743,186.5419,188.7976
2013-02-21,187.8953,189.9254,186.3164,186.9931
2013-02-22,187.2186,189.9254,183.1585,185.8652
2013-02-25,191.0533,193.9856,188.1209,193.7601
2013-02-26,189.4743,191.7299,187.8953,188.7976
2013-02-27,189.4743,193.3088,188.7976,190.6021
2013-02-28,193.7600,197.3690,192.4066,193.9856
2013-03-01,190.3765,190.8277,187.6698,189.4743
2013-03-04,189.6999,190.1510,184.9630,185.6397
2013-03-05,186.7675,188.7976,186.0908,187.4442
2013-03-06,189.6999,192.6322,189.4743,191.9555
2013-03-07,195.3390,196.6924,193.0834,193.7601
2013-03-08,196.0157,200.5270,195.3390,198.9480
2013-03-11,200.5270,200.7526,192.8578,193.3089
2013-03-12,196.2412,198.9480,194.8879,197.8202
2013-03-13,198.4969,201.8804,196.4668,196.6924
2013-03-14,198.9480,200.0758,197.1435,199.3992
2013-03-15,200.9781,204.1360,200.3014,203.6849
2013-03-18,197.3690,197.3690,192.8577,192.8577
2013-03-19,196.6924,196.6924,193.3089,194.2112
2013-03-21,194.6623,196.0157,189.0232,190.8277
2013-03-22,186.3164,187.4442,184.2863,186.0909
2013-03-25,189.6999,191.0533,186.5420,186.5420
2013-03-26,184.9630,188.3465,182.2562,182.7074
2013-03-27,183.4339,185.2500,181.6177,184.7960
2013-03-28,185.2500,190.0175,180.4826,181.1636
2013-03-29,185.0230,192.0607,184.5690,189.1094
2013-04-01,191.3796,195.6930,190.0175,195.0120
2013-04-02,190.6985,191.1526,185.7040,187.7472
2013-04-03,188.8823,190.6985,185.7040,187.9742
2013-04-04,183.4339,188.4283,180.7096,188.4283
2013-04-05,192.5147,193.4228,185.7040,185.9311
2013-04-08,191.3796,191.3796,184.3419,185.9311
2013-04-09,187.0662,188.6554,184.7960,187.2932
2013-04-10,189.7905,200.2335,188.6554,199.0984
2013-04-11,203.8658,203.8658,196.6011,198.4173
2013-04-12,203.1848,203.1848,197.5092,200.9145
2013-04-15,197.7363,198.6443,193.4228,193.4228
2013-04-16,188.4283,192.7418,187.0662,190.9256
2013-04-17,192.2877,193.4228,188.2013,192.5147
2013-04-18,192.7417,194.7849,190.9256,192.2877
2013-04-19,201.8226,207.2711,200.0064,205.9090
2013-04-22,208.8603,214.0819,208.8603,212.4927
2013-04-23,211.8116,218.6223,210.2224,218.6223
2013-04-24,220.2115,230.6545,219.5304,230.2004
2013-04-25,230.6545,232.4706,225.2059,226.7951
2013-04-26,231.5625,231.5625,225.6599,228.3842
2013-04-30,223.8438,227.9302,220.6655,226.5680
2013-05-01,220.2114,222.0276,215.2169,217.2601
2013-05-02,216.3520,216.8061,211.1305,212.0386
2013-05-07,221.5736,227.9302,219.3033,226.3410
2013-05-08,229.2923,249.2703,228.8383,242.0056
2013-05-09,241.0975,244.7298,237.0111,237.0111
2013-05-10,246.0919,251.5405,245.1838,249.2702
2013-05-13,249.7244,254.7188,248.8163,250.6324
2013-05-14,249.7243,253.8107,246.5460,247.0000
2013-05-15,256.0809,258.8051,253.8106,256.9890
2013-05-16,259.2592,260.1673,250.1783,259.2592
2013-05-17,253.3567,254.7188,246.0920,252.9026
2013-05-20,255.1728,262.4375,253.8107,262.4375
2013-05-21,260.6213,273.7886,258.8051,271.5184
2013-05-22,269.7023,270.1563,261.0754,261.9835
2013-05-23,258.8052,261.9835,236.1029,236.5570
2013-05-24,241.5515,248.8162,231.5625,242.0056
2013-05-27,232.4706,236.1029,229.7463,233.8327
2013-05-28,229.2923,240.6434,228.8383,238.3732
2013-05-29,238.8273,241.5515,234.2868,238.3732
2013-05-30,229.7464,235.1949,222.7087,223.6168
2013-05-31,232.0166,236.5571,228.3843,231.5626
2013-06-03,230.2004,230.2004,218.6223,218.6223
2013-06-04,221.8006,227.9302,217.7142,226.3410
2013-06-05,224.2978,225.4329,212.4927,212.7197
2013-06-06,215.8980,231.5625,213.6277,221.1195
2013-06-07,214.7629,224.5249,212.7197,220.6655
2013-06-10,227.0221,230.6544,224.0708,230.6544
2013-06-11,230.2004,230.6544,222.7087,224.2978
2013-06-12,219.5303,228.8382,217.7141,227.4761
2013-06-13,220.6655,223.1627,212.4927,214.3089
2013-06-14,216.1250,220.8925,212.0386,212.7197
2013-06-17,208.8603,217.7141,208.8603,217.7141
2013-06-18,216.1250,220.2114,214.3088,216.1250
2013-06-19,219.3033,222.2546,217.7141,220.2114
2013-06-20,217.4872,220.2114,215.4440,215.4440
2013-06-21,212.2657,217.7142,209.7684,216.3521
2013-06-24,221.3465,223.8437,217.0331,221.5735
2013-06-25,226.3410,228.8382,219.5303,222.9357
2013-06-26,224.0708,225.4329,213.1737,213.4007
2013-06-27,215.6710,221.3466,215.2170,219.7574
2013-06-28,219.3033,230.2004,219.0763,227.9302
2013-07-01,226.5681,230.2004,222.7087,230.2004
2013-07-02,229.7464,230.2004,223.6168,226.5680
2013-07-03,226.5680,228.3842,218.3952,219.0763
2013-07-04,217.7142,220.2115,213.6278,215.6710
2013-07-05,217.9412,219.9844,216.8061,219.7574
2013-07-08,223.3897,225.6600,219.0763,219.3033
2013-07-09,220.4384,223.3897,217.7141,222.9357
2013-07-10,222.4816,227.9301,222.0276,224.9789
2013-07-11,222.4816,226.7950,221.8005,224.7518
2013-07-12,225.6600,231.1085,225.6600,227.9302
2013-07-16,231.1085,232.9247,228.8383,230.6544
2013-07-17,227.9301,230.2003,222.4816,225.4329
2013-07-18,224.9789,230.6544,224.2978,230.6544
2013-07-19,232.0166,232.0166,215.2169,217.4872
2013-07-22,217.7141,217.7141,208.4062,209.7684
2013-07-23,209.3143,212.9467,208.4062,210.6765
2013-07-24,210.6765,217.9412,210.4495,217.2601
2013-07-25,217.9412,219.3033,215.6709,216.5790
2013-07-26,212.4927,213.1737,206.3631,208.1792
2013-07-29,204.5469,207.0442,201.8227,202.2767
2013-07-30,197.9632,199.5524,193.1958,195.4660
2013-07-31,193.8768,206.5901,192.0606,202.7307
2013-08-01,201.8227,202.0497,196.6011,200.6875
2013-08-02,202.7307,209.5414,200.9145,209.5414
2013-08-05,206.3631,206.8171,203.1848,204.0929
2013-08-06,205.4551,210.4495,202.9578,210.2225
2013-08-07,204.3199,205.0010,195.9201,196.1471
2013-08-08,195.4660,198.8713,192.7417,193.1958
2013-08-09,193.4228,195.0120,185.7041,190.2445
2013-08-12,187.5203,190.9256,185.2500,188.4283
2013-08-13,193.1957,194.1038,189.1093,191.8336
2013-08-14,192.9688,192.9688,186.8392,190.0175
2013-08-15,186.8392,190.9256,186.3852,186.6122
2013-08-16,185.0230,188.8824,184.3419,186.1581
2013-08-19,189.3364,192.2877,188.4283,192.2877
2013-08-20,190.9256,191.8337,184.5690,185.4771
2013-08-21,190.9256,194.5579,187.9743,192.5147
2013-08-22,190.0175,190.9256,187.0662,189.3364
2013-08-23,194.1039,196.1471,192.7418,193.4228
2013-08-26,193.4228,193.6498,189.7904,190.6985
2013-08-27,188.6554,191.3796,187.9743,188.4283
2013-08-28,183.6609,185.4771,181.8447,184.5690
2013-08-29,187.0662,189.7904,185.9311,188.6553
2013-08-30,188.8824,190.0175,184.3419,185.9311
2013-09-02,185.2501,186.6122,182.9798,185.4771
2013-09-03,188.2014,193.1958,187.7473,192.7418
2013-09-04,189.5635,193.8769,189.3364,193.4228
2013-09-05,196.6011,199.0984,196.1471,197.9632
2013-09-06,197.9632,198.1902,192.5147,193.1958
2013-09-09,199.5524,199.5524,193.8768,195.0120
2013-09-10,197.5092,199.5524,195.9200,197.9632
2013-09-11,202.0496,202.0496,197.2822,197.7362
2013-09-12,195.2390,195.4660,191.1526,192.2877
2013-09-13,192.7417,194.5579,190.9255,193.1958
2013-09-17,195.2390,203.1848,194.7850,202.2767
2013-09-18,204.3199,215.6710,204.3199,212.9468
2013-09-19,213.1737,215.6710,210.2224,215.4440
2013-09-20,217.7142,220.4384,216.3520,219.3033
2013-09-24,217.0331,220.8925,215.8980,220.2114
2013-09-25,251.9945,251.9945,246.5460,249.2702
2013-09-26,244.9371,248.5861,238.0953,248.5861
2013-09-27,245.8494,248.1299,239.9198,244.4810
2013-09-30,237.6392,242.2004,237.1831,239.9198
2013-10-01,241.7443,243.1126,236.2708,237.6392
2013-10-02,237.1831,239.4637,232.6219,235.8147
2013-10-03,239.0075,239.9197,236.2708,239.0075
2013-10-04,235.3585,238.0952,234.9024,236.7269
2013-10-07,238.5513,242.2003,236.2708,238.5513
2013-10-08,241.7442,244.4809,238.5514,239.0075
2013-10-09,235.8146,238.5513,235.3585,238.5513
2013-10-10,238.5514,239.9198,236.2708,239.4637
2013-10-11,244.0248,247.6738,244.0248,245.8493
2013-10-15,249.9545,250.8667,247.6738,248.1300
2013-10-16,248.5861,251.3228,247.2178,250.4106
2013-10-17,249.4983,250.8666,244.9371,247.2177
2013-10-18,249.0422,251.7789,248.1299,250.8667
2013-10-21,253.1473,255.8840,252.6912,255.4279
2013-10-22,254.5157,255.4279,252.2351,253.6034
2013-10-23,255.4279,259.5330,252.6912,253.6034
2013-10-24,246.7616,249.9545,244.0249,248.5861
2013-10-25,249.9544,250.8667,242.2004,242.2004
2013-10-28,245.8493,247.6738,242.6564,247.6738
2013-10-29,244.4809,248.1299,243.5687,245.8493
2013-10-30,249.0422,250.8667,247.2177,249.9544
2013-10-31,249.9545,249.9545,244.9371,244.9371
2013-11-01,249.0422,249.4983,241.7443,242.6565
2013-11-05,247.2177,247.6739,239.9198,242.6565
2013-11-06,246.3055,249.0422,245.3932,248.5861
2013-11-07,248.5861,248.5861,245.8494,246.3055
2013-11-08,241.7442,243.5687,239.9198,242.2004
2013-11-11,246.3055,249.0422,245.8494,248.1300
2013-11-12,249.4983,253.1472,248.5860,253.1472
2013-11-13,249.0422,250.8667,247.6739,250.4106
2013-11-14,251.7790,257.7086,251.3229,256.3402
2013-11-15,254.5157,255.8840,253.1473,254.5157
2013-11-18,253.1473,253.6035,248.1300,251.3229
2013-11-19,244.9371,245.3932,241.7442,242.2004
2013-11-20,242.2003,244.0248,239.0075,239.0075
2013-11-21,242.6564,243.5687,240.8320,243.5687
2013-11-22,248.1299,249.4982,244.0248,245.8493
2013-11-25,249.9545,251.7790,248.5861,250.4106
2013-11-26,248.5861,249.9545,247.2177,248.5861
2013-11-27,250.8667,251.3228,248.5861,249.4983
2013-11-28,251.7789,253.6034,250.4105,253.1472
2013-11-29,251.7789,253.6034,250.4105,253.1472
2013-12-02,251.7789,253.1473,251.3228,251.7789
2013-12-03,253.1473,253.1473,249.9545,252.2351
2013-12-04,248.5860,251.3228,247.6738,249.0422
2013-12-05,245.3932,247.2177,243.5688,244.9371
2013-12-06,242.2003,249.9544,241.7442,249.0422
2013-12-09,250.8667,251.7789,249.4983,250.8667
2013-12-10,250.8667,251.3228,249.0422,250.8667
2013-12-11,248.1299,249.0422,244.0248,245.3932
2013-12-12,244.4810,246.7616,241.7443,244.4810
2013-12-13,246.3055,250.8667,245.8493,249.9544
2013-12-16,249.0422,249.4983,244.0249,244.9371
2013-12-17,249.4983,250.4105,247.2177,249.0422
2013-12-18,246.7616,250.8667,246.3054,250.8667
2013-12-19,250.8667,252.6912,249.0422,251.7789
2013-12-20,251.7789,252.6912,249.9545,252.2351
2013-12-24,258.6207,264.5503,257.2523,258.6207
2013-12-25,259.0768,261.8135,258.6207,261.3574
2013-12-26,261.3575,261.8136,259.0769,260.9014
2013-12-27,261.8135,261.8135,258.6207,260.4452
2013-12-30,261.8136,265.0064,259.9891,262.7258
2014-01-06,259.9891,261.8135,254.9717,258.6207
2014-01-07,257.2524,260.4452,255.8840,258.1646
2014-01-08,260.4452,262.7258,259.0768,262.2697
2014-01-09,259.9891,262.2697,259.0768,259.9891
2014-01-10,257.2523,261.8135,257.2523,261.8135
2014-01-14,252.6911,256.9330,252.4174,254.4699
2014-01-15,262.6802,265.4625,262.2697,265.1432
2014-01-16,265.4626,268.8379,265.4626,267.6520
2014-01-17,263.2731,264.1397,259.0312,261.3118
2014-01-20,258.3470,261.3118,257.7540,259.0768
2014-01-21,260.5365,262.9995,259.8067,261.2206
2014-01-22,261.3574,263.0907,258.8488,261.4943
2014-01-23,261.7680,264.5504,259.4418,259.6699
2014-01-24,256.7962,258.8031,252.7367,255.7015
2014-01-27,249.1335,249.7265,246.9897,248.9054
2014-01-28,244.3442,247.0809,243.4319,246.2599
2014-01-29,249.7264,251.2772,247.0353,250.8211
2014-01-30,243.1126,246.4423,242.4740,245.3932
2014-01-31,244.0249,246.0318,240.6496,242.5197
2014-02-03,241.7443,245.8494,241.7443,242.2916
2014-02-04,241.2425,241.6074,235.8603,235.9971
2014-02-05,238.3689,239.5548,234.5831,236.7725
2014-02-06,238.5058,241.2882,236.8638,237.8672
2014-02-07,241.7442,244.6178,241.2881,243.7056
2014-02-10,246.7616,248.4037,244.4810,246.4879
2014-02-12,255.6103,258.1190,255.5647,257.7085
2014-02-13,255.7928,258.1190,251.9157,253.3753
2014-02-14,267.0134,270.8904,264.3223,267.4239
2014-02-17,265.1433,265.4169,263.0907,264.0942
2014-02-18,265.7819,270.2062,265.0521,268.3817
2014-02-19,266.3748,267.1958,264.1854,264.8696
2014-02-20,264.5503,264.6871,259.2137,259.9891
2014-02-21,259.9891,263.4557,259.6243,262.0873
2014-02-24,266.1468,266.3292,261.4487,264.9608
2014-02-25,265.5537,266.5571,264.2765,264.4134
2014-02-26,262.2697,264.8696,261.2206,261.2206
2014-02-27,267.1958,267.9712,264.5047,266.3748
2014-02-28,267.6976,268.9291,265.1889,266.4660
2014-03-03,264.5503,265.5994,260.9014,264.9608
2014-03-04,263.1820,265.1889,261.1294,264.1398
2014-03-05,265.0976,268.7922,264.5503,267.9712
2014-03-06,270.4799,275.8622,270.4799,275.6341
2014-03-07,277.4129,281.4268,277.4129,279.9216
2014-03-10,278.3251,280.9706,277.6410,280.5145
2014-03-11,283.7530,284.9390,282.2022,283.3425
2014-03-12,275.3148,276.3639,274.3113,275.9077
2014-03-13,279.9672,283.3881,279.4199,280.9707
2014-03-14,271.3921,271.3921,266.8766,269.0203
2014-03-17,265.9187,268.1536,265.4625,267.2870
2014-03-18,271.0729,273.0798,268.7922,271.8483
2014-03-19,275.4972,279.0550,272.7149,276.2726
2014-03-20,277.3217,278.0971,275.3604,275.4516
2014-03-24,286.6265,295.4753,286.4441,294.3350
2014-03-25,289.7738,295.9771,288.7704,290.2755
2014-03-26,291.6896,293.0580,289.7283,291.9633
2014-03-27,289.6279,292.1922,286.4683,291.7800
2014-03-28,287.4299,288.9410,284.0871,287.8878
2014-03-31,291.5969,292.9706,288.6205,289.6279
2014-04-01,292.4211,293.7949,288.9868,289.9026
2014-04-02,297.7329,302.4952,297.7329,301.8083
2014-04-03,302.3120,306.2500,301.7167,305.0594
2014-04-04,302.6783,304.6931,302.3577,303.4109
2014-04-07,296.8628,299.6561,293.1995,295.5349
2014-04-08,293.5201,293.7033,289.9942,290.1774
2014-04-09,283.9498,285.8272,282.3929,282.5303
2014-04-10,284.3160,288.1625,280.8359,281.8891
2014-04-11,270.3498,271.8609,268.5182,269.0677
2014-04-14,272.2273,274.6542,271.4947,273.2347
2014-04-15,273.4179,274.0589,270.8078,271.6320
2014-04-16,271.9525,274.6999,270.6246,274.3794
2014-04-17,269.8461,269.8461,265.7706,266.1828
2014-04-18,270.7620,271.6320,268.8387,270.5788
2014-04-21,272.4562,274.1963,271.4030,271.8609
2014-04-22,276.3484,276.8063,273.1889,273.6468
2014-04-23,275.7074,276.8522,274.7458,276.1196
2014-04-24,275.0205,275.9363,271.9983,273.6010
2014-04-25,273.9215,276.2111,270.9451,274.4252
2014-04-28,267.8772,269.1136,265.7250,266.8240
2014-04-30,267.8771,268.5640,263.3438,265.7249
2014-05-01,266.5034,268.7930,265.6792,268.5640
2014-05-02,266.5034,270.0751,265.4502,265.9081
2014-05-07,267.5108,267.6024,264.0765,264.3512
2014-05-08,269.7088,271.9526,269.1593,270.9910
2014-05-09,273.6926,276.8522,273.4637,276.4401
2014-05-12,273.8300,276.1196,273.8300,274.7916
2014-05-13,279.3249,280.3323,277.3101,278.5464
2014-05-14,273.9674,276.1195,272.6852,275.1579
2014-05-15,270.5787,273.5094,270.5787,271.4030
2014-05-16,271.6777,272.3188,268.0602,268.9302
2014-05-19,285.7357,285.9188,282.9424,283.3087
2014-05-20,282.3471,285.3235,282.3471,283.4919
2014-05-21,280.3323,281.3397,278.7754,280.1491
2014-05-22,283.1713,285.9188,282.5303,284.4993
2014-05-23,283.5376,286.1477,283.4918,283.9497
2014-05-26,287.8420,288.4373,286.1935,287.3383
2014-05-27,286.4683,289.3989,286.4683,287.3841
2014-05-28,287.4757,289.7653,286.5141,288.4373
2014-05-29,283.9497,287.3840,283.9497,285.5524
2014-05-30,283.7209,284.4993,279.8286,279.9202
2014-06-02,282.3929,286.5599,281.2939,285.8272
2014-06-03,288.9868,293.2454,288.7121,293.0164
2014-06-04,301.7166,303.4109,300.0682,303.4109
2014-06-05,305.8836,307.3489,304.9219,306.2957
2014-06-06,309.9591,311.4244,308.4022,309.1348
2014-06-09,311.3785,316.8276,311.2869,316.1866
2014-06-10,314.2635,316.9193,314.2635,314.9045
2014-06-11,315.4082,317.7893,315.4082,317.2398
2014-06-12,314.2176,315.4997,312.7980,313.3017
2014-06-13,311.0580,313.9429,310.0964,312.6607
2014-06-16,320.0330,322.3225,318.5677,320.5367
2014-06-17,321.8189,323.2842,319.2088,319.6209
2014-06-18,322.3684,325.4364,322.0936,324.1542
2014-06-19,322.1394,325.2074,322.0936,325.1158
2014-06-20,323.7422,326.4438,323.7422,326.4438
2014-06-23,326.9017,328.6875,325.8943,326.8559
2014-06-24,326.2606,330.8397,325.1158,330.1528
2014-06-25,324.5206,327.3596,324.2916,324.7037
2014-06-26,324.9330,325.0706,319.2469,320.9894
2014-06-27,318.6508,320.0265,311.4973,313.6067
2014-06-30,317.0000,318.1005,312.5979,314.0194
2014-07-01,317.3210,320.1182,315.8995,317.8713
2014-07-02,320.5309,320.9895,318.5591,319.3846
2014-07-03,320.9894,323.2363,318.7884,319.6596
2014-07-04,324.2910,327.4551,323.3739,327.1341
2014-07-07,325.4374,326.4920,323.9700,325.5291
2014-07-08,328.0512,330.4357,327.3175,330.1606
2014-07-09,328.3263,330.0230,328.0053,329.5186
2014-07-10,330.1605,330.6191,328.6932,329.6561
2014-07-11,325.1164,328.6473,324.9788,325.8042
2014-07-14,328.1887,330.2981,327.0882,328.1429
2014-07-15,330.1606,331.9031,330.0230,331.4904
2014-07-16,327.8678,330.9860,327.6843,329.3810
2014-07-17,328.4180,329.3351,328.0053,328.4180
2014-07-18,324.2910,326.7214,321.4938,322.1816
2014-07-22,327.4092,331.0777,325.8043,327.5009
2014-07-23,316.4039,321.5856,316.3122,318.0089
2014-07-24,308.4250,311.8183,308.2416,309.9382
2014-07-25,310.3051,311.6349,309.0670,311.5891
2014-07-28,300.7671,303.5643,300.6295,303.2433
2014-07-29,305.4444,306.7742,302.5555,303.1057
2014-07-30,307.6914,311.2681,306.3157,307.8289
2014-07-31,309.5255,311.3139,307.3703,309.0670
2014-08-01,304.8483,308.1499,303.6101,305.6736
2014-08-04,304.9400,308.9753,304.7107,306.7283
2014-08-05,306.9576,307.1410,303.1057,303.7018
2014-08-06,302.1428,304.1146,301.8677,302.9682
2014-08-07,301.5007,305.6736,300.4002,305.6277
2014-08-08,298.0158,298.0158,289.5783,289.7159
2014-08-11,298.0616,299.3914,287.6065,298.1074
2014-08-12,303.2892,303.6102,300.3086,301.4550
2014-08-13,300.4461,302.3262,299.5749,301.6384
2014-08-14,299.8959,303.3809,299.4832,301.5467
2014-08-15,304.7107,307.2328,304.3439,306.5450
2014-08-18,322.3651,323.6491,319.3845,319.8430
2014-08-19,317.9171,320.5768,317.5961,319.8889
2014-08-20,320.0723,323.4656,319.2469,322.5944
2014-08-21,319.8431,322.2735,319.8431,321.9066
2014-08-22,323.1446,325.4374,323.1446,324.9330
2014-08-25,323.0529,328.7849,323.0529,327.6844
2014-08-26,321.4938,325.4374,321.4938,323.5115
2014-08-27,323.6032,326.6297,323.4198,326.3545
2014-08-28,326.6297,328.0971,326.5380,326.5838
2014-08-29,329.7020,330.1147,326.1253,326.9965
2014-09-01,333.5997,334.7002,329.3810,331.2152
2014-09-02,331.7655,335.3423,330.5733,334.2417
2014-09-03,334.6544,336.5345,332.8202,333.0036
2014-09-04,336.5804,337.2223,332.2241,334.5169
2014-09-05,335.1130,335.6633,332.4992,333.2329
2014-09-08,336.5803,337.5433,334.5627,335.2505
2014-09-09,337.4975,338.3687,334.6086,334.9296
2014-09-10,332.9118,335.3880,331.7654,334.7919
2014-09-11,334.2876,336.2136,333.5081,335.1130
2014-09-12,336.3510,340.1571,335.7549,338.3687
2014-09-16,332.4533,332.7285,327.3175,328.0512
2014-09-17,333.1412,334.0125,331.7197,331.7197
2014-09-18,338.5522,338.6897,336.6262,337.5433
2014-09-19,339.4234,344.2841,339.4234,343.5045
2014-09-22,336.6262,341.4410,334.1500,337.1765
2014-09-24,329.0600,332.4534,328.1888,330.2065
2014-09-25,334.5168,334.5168,330.5274,332.4074
2014-09-26,325.9149,329.5986,325.9149,328.3093
2014-09-29,330.4736,332.2234,328.8159,331.0722
2014-09-30,330.9801,332.6838,328.5396,329.5987
2014-10-01,330.1512,331.7168,326.2833,326.3294
2014-10-02,321.6787,322.8759,315.0020,315.1401
2014-10-03,310.5356,312.3774,308.6016,310.3514
2014-10-06,315.8769,317.9950,313.5285,316.1992
2014-10-07,311.5946,317.5346,311.5946,315.3243
2014-10-08,312.1932,312.5155,309.1542,311.9630
2014-10-09,319.6067,320.5276,316.7058,317.7188
2014-10-10,312.1932,314.3574,308.7858,311.1802
2014-10-14,287.7427,293.0380,286.2232,290.4134
2014-10-15,290.0910,292.6235,289.3542,291.4724
2014-10-16,282.2632,282.8157,279.0860,280.4213
2014-10-17,286.1771,288.8938,284.0590,284.8418
2014-10-20,290.5514,291.8407,288.7557,291.6566
2014-10-21,292.3933,293.3142,285.1641,285.3943
2014-10-22,296.9980,299.2082,296.5836,299.2082
2014-10-23,293.6827,294.3273,291.0120,291.7027
2014-10-24,299.3002,299.7607,294.0970,295.2021
2014-10-27,299.3003,299.3003,295.3403,297.5966
2014-10-28,302.0170,302.9840,300.3133,301.3264
2014-10-29,306.8518,307.0821,303.4905,305.0560
2014-10-30,311.5025,312.8839,306.2072,308.4174
2014-10-31,310.7658,323.4745,308.2332,320.0211
2014-11-04,336.8280,338.4396,332.3155,332.4536
2014-11-05,334.4796,337.9791,332.4536,336.1373
2014-11-06,340.7419,344.7939,338.4396,341.9851
2014-11-07,345.3465,346.7279,343.0442,346.6358
2014-11-10,343.0442,345.1163,340.8340,341.0642
2014-11-11,353.1743,357.6408,350.5958,356.1674
2014-11-12,359.1604,361.9692,355.9832,357.2725
2014-11-13,357.2724,365.0082,356.1673,364.9161
2014-11-14,358.0092,359.1603,350.0432,355.6147
2014-11-17,359.1603,360.9561,351.3785,353.5887
2014-11-18,357.0422,358.4236,353.3125,356.3976
2014-11-19,355.0162,356.9501,353.4046,353.5887
2014-11-20,357.3185,358.4697,351.4706,353.2204
2014-11-21,356.7660,357.2725,352.0693,356.1213
2014-11-25,363.3045,365.1463,358.4236,360.0352
2014-11-26,363.3045,363.7189,360.9101,361.4166
2014-11-27,375.5067,376.9802,369.9812,371.1323
2014-11-28,371.5929,373.3426,370.0273,372.3757
2014-12-01,377.5788,383.3346,377.5788,381.9072
2014-12-02,383.4266,386.7419,381.8610,383.9331
2014-12-03,392.0834,401.3387,391.8531,391.8531
2014-12-04,407.0482,408.1994,402.0292,403.8250
2014-12-05,397.1945,402.8122,397.1945,401.9833
2014-12-08,414.4159,417.5010,412.6201,413.4950
2014-12-09,406.3577,406.3577,397.1485,399.5889
2014-12-10,398.2996,402.3976,392.5898,395.8130
2014-12-11,394.1555,394.4317,382.1834,388.9062
2014-12-12,388.9522,392.8661,386.9262,390.3797
2014-12-15,379.6969,390.5178,379.6969,388.0773
2014-12-16,380.3416,383.7490,378.1314,382.9202
2014-12-17,388.6299,395.1685,388.3076,392.0834
2014-12-18,407.5088,407.9693,394.4778,396.2275
2014-12-19,415.5669,420.3557,412.6200,419.7571
2014-12-22,417.2245,419.8491,415.7971,418.3757
2014-12-24,431.9132,434.5839,430.6240,432.8342
2014-12-25,428.6901,432.2357,426.6180,430.4859
2014-12-26,435.0154,436.8179,429.5153,432.9355
2014-12-29,435.8473,435.8473,422.1664,425.7715
2014-12-30,430.7632,431.6876,426.0027,426.1875
2015-01-05,419.2547,427.9901,418.3303,423.6455
2015-01-06,407.1913,407.8846,401.8761,403.3089
2015-01-07,391.2457,392.6323,388.0104,392.2626
2015-01-08,394.0189,402.3384,393.7416,398.8257
2015-01-09,406.6830,408.1158,402.0611,403.2166
2015-01-13,394.7584,395.1744,389.9054,395.1282
2015-01-14,387.7331,390.5063,383.9893,385.7919
2015-01-15,382.1406,386.7163,381.6322,385.6994
2015-01-16,381.3086,383.5734,377.7035,381.9095
2015-01-19,391.0147,392.5861,385.7457,387.1323
2015-01-20,387.6406,393.7416,387.1322,391.1071
2015-01-21,390.5525,394.4811,387.4096,390.5063
2015-01-22,401.8300,402.8931,399.7964,401.3216
2015-01-23,406.6829,407.0989,402.7081,403.3551
2015-01-26,396.0987,396.4223,391.7541,393.6953
2015-01-27,402.5696,405.9436,400.6746,402.9855
2015-01-28,396.0988,398.0862,394.3887,395.4055
2015-01-29,388.4726,391.6155,386.0229,386.0229
2015-01-30,392.4475,394.0652,389.8130,391.7542
2015-02-02,380.8464,381.3086,374.6068,375.7623
2015-02-03,374.4682,378.4893,370.2622,371.8337
2015-02-04,379.9221,386.6239,379.9221,385.5146
2015-02-05,385.9306,388.2416,379.1363,380.2456
2015-02-06,392.8634,393.6491,386.4851,388.1490
2015-02-09,398.8720,401.1367,391.7542,394.7122
2015-02-10,388.8886,394.2500,380.5691,380.5691
2015-02-12,390.5525,391.8005,385.3297,388.6113
2015-02-13,387.6407,393.5567,386.8549,390.7373
2015-02-16,392.8635,395.0358,385.5146,385.9306
2015-02-17,384.0355,390.2289,383.1573,390.1826
2015-02-18,396.4685,399.5190,395.3593,399.2879
2015-02-19,400.2585,402.1073,397.3004,397.8551
2015-02-20,417.8218,419.2083,413.7544,418.5150
2015-02-23,418.7463,420.2715,413.8933,418.4690
2015-02-24,415.9730,418.2840,414.8638,417.7294
2015-02-25,421.9816,426.0489,421.1496,425.2169
2015-02-26,420.0403,423.4606,419.0698,422.4900
2015-02-27,421.1034,421.2420,413.2461,415.5108
2015-03-02,420.0403,424.5236,419.9017,422.1202
2015-03-03,430.1161,430.4396,424.3387,426.5110
2015-03-04,410.8889,412.9687,410.1493,411.3048
2015-03-05,407.1914,409.0402,405.0653,406.7292
2015-03-06,408.1158,410.2881,407.8847,408.8553
2015-03-09,401.9225,404.6494,399.9350,400.9056
2015-03-10,408.8091,411.4898,404.2797,406.0360
2015-03-11,401.1829,405.6661,398.3635,401.8762
2015-03-12,401.9224,406.6367,401.7375,404.0947
2015-03-13,410.1033,412.2756,405.1578,411.2126
2015-03-16,409.0401,415.2797,408.7628,413.2923
2015-03-17,420.5950,422.6749,419.9941,420.5950
2015-03-18,416.0655,418.4688,411.8133,414.2629
2015-03-19,415.0488,416.6664,411.6747,415.0488
2015-03-20,414.1242,415.3259,411.4435,415.2335
2015-03-23,412.6914,415.2335,412.1830,413.8007
2015-03-24,410.4729,411.2587,406.6367,406.6367
2015-03-25,408.3930,410.1031,406.2669,406.9602
2015-03-26,389.6281,389.6281,382.8801,383.4348
2015-03-27,391.4501,392.3821,382.6891,388.8870
2015-03-30,389.3531,392.0094,388.8871,389.8191
2015-03-31,394.8986,394.8986,389.8656,390.6112
2015-04-01,388.7939,389.4929,382.8290,384.5998
2015-04-02,388.5608,389.1201,383.9473,386.7434
2015-04-03,383.6211,387.6288,382.6425,386.2308
2015-04-06,383.4813,383.4813,378.1688,382.3163
2015-04-07,381.7572,386.5105,380.1261,386.3707
2015-04-08,382.1299,382.1299,380.1726,381.0580
2015-04-09,383.5280,385.7182,383.4814,383.7610
2015-04-10,387.9551,388.4677,383.1552,383.1552
2015-04-13,386.0911,387.4891,383.9474,384.6465
2015-04-14,378.4484,382.4095,378.0290,379.1940
2015-04-15,376.0718,376.3980,372.9029,375.8388
2015-04-16,377.5164,380.6852,372.8096,374.8601
2015-04-17,365.9127,366.8913,360.4604,360.4604
2015-04-20,359.4351,361.0661,356.5458,357.7108
2015-04-21,362.7438,366.9379,360.3671,366.5651
2015-04-22,370.9456,372.2970,368.6155,372.0174
2015-04-23,370.0136,370.0136,364.4681,367.2642
2015-04-24,364.5612,367.5902,363.0233,364.0486
2015-04-27,360.3205,360.3671,357.5244,358.6895
2015-04-28,316.8882,316.8882,302.8147,305.5641
2015-04-30,305.2378,309.8980,302.9544,307.5679
2015-05-01,307.4282,307.8010,303.3272,307.1020
2015-05-07,304.7719,307.8009,302.9078,306.8223
2015-05-08,309.2456,316.0028,309.1058,314.0455
2015-05-11,318.2862,331.5210,317.8202,330.0297
2015-05-12,332.6860,340.6548,329.2841,336.8335
2015-05-13,335.5286,343.1246,335.1558,340.5150
2015-05-14,341.0742,345.1751,337.9520,340.2354
2015-05-15,339.5830,340.1888,333.9908,335.4355
2015-05-18,335.8083,342.2858,334.7364,337.0199
2015-05-19,337.8587,340.1888,335.5753,339.4898
2015-05-20,342.5189,345.3150,341.2607,344.8024
2015-05-21,344.8489,346.4799,341.1208,341.4470
2015-05-22,344.4761,350.6740,342.8916,349.8818
2015-05-25,350.0217,352.3517,350.0217,351.4197
2015-05-26,354.6352,361.6720,353.8430,357.9905
2015-05-27,355.8002,361.9516,353.2371,357.9438
2015-05-28,362.0914,369.8738,360.5069,365.6797
2015-05-29,365.9126,373.1824,365.8660,370.3397
2015-06-01,370.2931,372.9028,366.5651,370.3397
2015-06-02,369.6874,371.7379,367.2175,367.4972
2015-06-03,365.4001,367.4505,361.6253,363.0234
2015-06-04,367.6835,375.6523,367.3573,372.3436
2015-06-05,366.7981,371.4116,362.7904,363.5826
2015-06-08,367.9165,369.7339,364.0952,367.9165
2015-06-09,364.0020,365.7728,359.2953,360.0875
2015-06-10,360.1341,362.6039,352.3983,354.3089
2015-06-11,355.2410,363.0700,354.6351,363.0700
2015-06-12,363.3962,365.7728,361.3457,365.4466
2015-06-15,358.8759,362.6972,356.0332,361.9516
2015-06-16,360.2273,366.0524,357.5710,358.3633
2015-06-17,358.2700,359.1089,355.2410,358.4565
2015-06-18,360.7865,361.2525,355.2876,356.9186
2015-06-19,363.4894,370.8990,361.1594,370.2932
2015-06-22,370.2931,370.4329,365.1670,367.2174
2015-06-23,372.3437,382.1299,371.6447,378.7746
2015-06-24,381.1512,384.9260,376.8173,378.2620
2015-06-25,375.8853,379.7998,374.3474,377.4697
2015-06-26,377.4698,381.0114,374.6737,377.2834
2015-06-29,361.9515,368.9417,360.7399,361.2525
2015-06-30,362.4176,362.7904,358.0836,361.0195
2015-07-01,361.3458,370.3864,361.1594,369.4544
2015-07-02,374.0678,379.2871,372.8562,376.9571
2015-07-03,376.7242,383.2949,375.5591,382.2697
2015-07-06,375.2794,377.5163,367.3106,371.2251
2015-07-07,372.6233,379.7999,371.4583,378.7746
2015-07-08,373.7418,376.2116,361.1594,361.1594
2015-07-09,349.5090,366.6583,348.2042,366.5651
2015-07-10,370.6660,371.3650,355.8002,360.0875
2015-07-13,367.0777,367.4505,353.2371,358.7361
2015-07-14,368.0563,376.7241,364.7010,374.9067
2015-07-15,377.4698,381.3843,375.5126,376.8640
2015-07-16,377.0037,377.0037,363.1166,364.7942
2015-07-17,363.4893,367.8233,355.1477,357.7574
2015-07-21,354.1692,356.7788,348.6236,348.6236
2015-07-22,345.1751,346.5731,342.7518,343.9169
2015-07-23,347.0392,348.5770,341.1674,343.8237
2015-07-24,341.4936,347.8314,341.0276,347.0392
2015-07-27,347.0392,350.7207,338.0918,344.4761
2015-07-28,343.3111,348.4838,342.1926,346.7596
2015-07-29,318.9853,320.5231,306.8689,307.1020
2015-07-30,307.5680,312.8339,307.2417,312.3679
2015-07-31,313.3932,321.7814,313.2534,318.7989
2015-08-03,316.4221,318.0998,311.9484,312.6941
2015-08-04,311.5290,312.2281,307.5680,308.0806
2015-08-05,309.2456,319.2183,308.9194,311.8553
2015-08-06,311.5291,314.3718,307.6146,311.8553
2015-08-07,312.2281,314.3251,310.8300,313.0203
2015-08-10,309.9912,312.1814,307.7543,309.0126
2015-08-11,313.6728,316.8417,310.1311,310.9699
2015-08-12,309.8981,310.2709,297.6886,298.0148
2015-08-13,300.1117,308.3601,298.7603,307.3349
2015-08-14,303.4670,303.9797,296.7565,298.5739
2015-08-17,300.0652,303.4671,299.7856,302.7215
2015-08-18,300.5778,304.8185,299.2264,302.1157
2015-08-19,301.6030,301.8360,297.7817,298.1079
2015-08-20,295.6847,299.3196,289.5799,295.7313
2015-08-21,284.7334,288.9275,284.6868,285.1994
2015-08-24,277.8830,284.8266,275.2733,277.9762
2015-08-25,270.2404,295.8711,269.4948,279.6072
2015-08-26,277.7898,290.7915,276.7179,290.4187
2015-08-27,294.0070,297.1293,291.3507,292.9352
2015-08-28,297.5953,305.4709,295.9176,301.8360
2015-08-31,299.0400,301.8827,293.7275,297.2226
2015-09-01,297.2225,297.7351,290.6051,290.9779
2015-09-02,287.9955,296.8963,287.0169,289.9527
2015-09-03,295.1255,297.2691,292.3760,293.5876
2015-09-04,295.6380,296.7099,283.3819,286.4576
2015-09-07,286.4576,294.5196,286.1314,291.0245
2015-09-08,292.8886,296.6633,288.2751,289.3935
2015-09-09,298.0613,307.1019,295.8244,306.8223
2015-09-10,294.9857,301.9758,294.6594,301.6496
2015-09-11,292.7488,297.0361,288.5547,290.0925
2015-09-14,288.9741,291.4440,288.6479,289.0673
2015-09-15,291.8633,294.7526,290.3721,290.4653
2015-09-16,295.4515,302.3951,295.0787,299.8320
2015-09-17,303.0943,305.2846,300.8109,301.3701
2015-09-18,296.7099,297.7351,289.8130,290.3722
2015-09-24,281.7042,283.7547,270.3801,276.6713
2015-09-25,278.1626,281.2849,270.4268,281.2849
2015-09-28,277.4779,282.0938,274.3372,276.5738
2015-09-29,271.0061,271.6247,262.6308,263.2019
2015-09-30,263.8205,270.5778,263.7253,267.1516
2015-10-01,268.6269,285.1870,267.2468,280.3808
2015-10-02,276.7166,285.4249,273.6710,282.8077
2015-10-05,285.7580,290.7546,283.6166,286.5194
2015-10-06,290.5167,294.3236,288.8987,291.1353
2015-10-07,289.7077,301.6044,289.2318,299.9388
2015-10-08,300.0816,310.4555,300.0816,305.0307
2015-10-09,311.6929,317.1653,307.3149,315.5474
2015-10-13,311.3121,312.2162,306.4582,306.9341
2015-10-14,305.9824,305.9824,296.3699,296.8457
2015-10-15,296.7505,300.9857,293.6098,298.1305
2015-10-16,301.9852,302.1279,295.5134,299.5582
2015-10-19,297.4643,299.5105,291.8967,292.8960
2015-10-20,295.4181,297.7023,294.1808,295.5609
2015-10-21,299.2727,309.2183,298.8920,307.4576
2015-10-22,303.7458,316.0231,303.5554,308.6472
2015-10-23,320.7342,322.5901,316.3563,316.5466
2015-10-26,327.0633,329.0143,323.2563,324.0177
2015-10-27,319.5446,321.1625,314.7383,320.9722
2015-10-28,333.5826,345.2414,333.1068,342.1006
2015-10-29,340.0068,346.5262,337.1992,342.7669
2015-10-30,342.7669,351.8559,340.7207,347.5731
2015-11-02,344.7179,350.3807,343.6710,348.4297
2015-11-04,352.1414,360.0408,351.2849,354.8063
2015-11-05,357.7567,360.5643,355.2822,358.0422
2015-11-06,356.4242,356.8049,348.9531,355.2821
2015-11-09,358.6608,367.0361,358.2325,364.8947
2015-11-10,359.8505,368.7968,359.8505,368.5113
2015-11-11,367.9879,370.6527,365.9416,368.6065
2015-11-12,368.0830,372.9368,368.0830,370.8430
2015-11-13,364.3712,371.5568,363.1815,371.3189
2015-11-16,362.2297,365.2753,359.8028,363.3242
2015-11-17,370.2720,375.6968,369.1775,371.6520
2015-11-18,368.7968,371.1761,365.2754,367.9402
2015-11-19,371.5092,375.9348,368.9395,375.0782
2015-11-20,374.9830,377.3148,370.3671,373.7458
2015-11-24,371.1761,373.5079,368.9871,372.4609
2015-11-25,370.2719,373.5078,369.9864,371.2712
2015-11-26,372.6989,379.2659,372.1755,372.7941
2015-11-27,377.2196,379.3610,374.6023,379.3610
2015-11-30,380.0273,391.0198,380.0273,390.1156
2015-12-01,394.0176,402.1074,393.6845,401.0129
2015-12-02,398.5861,399.3475,389.9253,393.3992
2015-12-03,392.3046,395.2074,388.1170,390.1632
2015-12-04,382.4067,386.6895,381.7880,384.7860
2015-12-07,394.0178,394.8268,387.5936,388.2598
2015-12-08,391.5908,393.0660,383.5011,385.0715
2015-12-09,385.1191,386.3087,380.3604,382.2639
2015-12-10,375.1259,375.6018,369.4630,371.0810
2015-12-11,370.9858,378.9328,370.7003,378.1714
2015-12-14,367.5119,370.1768,362.2298,368.1781
2015-12-15,364.5616,366.7982,361.9444,362.1347
2015-12-16,368.9872,371.1286,362.7533,363.7050
2015-12-17,372.1755,379.3135,362.6106,363.0865
2015-12-18,364.0381,370.6051,355.9960,356.9001
2015-12-21,352.9504,353.2835,345.0510,349.9049
2015-12-22,356.1862,356.7572,348.2392,350.8089
2015-12-24,352.1414,354.2828,346.4786,346.5738
2015-12-25,346.5738,346.5738,346.5738,346.5738
2015-12-28,346.9545,352.4746,346.7642,349.3814
2015-12-29,347.8587,349.4290,344.4800,348.6200
2015-12-30,350.5711,354.6159,347.9062,348.4297
2016-01-04,344.5751,348.3821,338.1509,339.1978
2016-01-05,338.3889,343.5758,332.3454,336.1523
2016-01-06,338.0558,339.8641,332.2027,334.8675
2016-01-07,333.5827,335.4861,320.4012,320.6391
2016-01-08,316.4990,337.9130,316.2611,332.6309
2016-01-12,329.7757,334.9151,326.0164,327.2061
2016-01-13,333.1544,341.1489,332.5833,340.5779
2016-01-14,329.4902,332.5833,321.0197,327.6343
2016-01-15,335.3433,336.9137,320.8770,322.4949
2016-01-18,314.4528,323.9701,312.7397,321.6860
2016-01-19,321.0197,326.4446,316.5466,326.3970
2016-01-20,327.7771,331.6317,313.1204,314.8336
2016-01-21,324.3508,335.9144,317.8790,318.0694
2016-01-22,332.3454,336.1048,325.3502,336.0572
2016-01-25,339.6737,340.0544,332.0599,336.1047
2016-01-26,329.4902,331.1557,325.8736,328.5385
2016-01-27,333.2971,339.5310,332.1550,336.2475
2016-01-28,336.1047,354.6635,335.8192,343.5282
2016-01-29,343.9089,358.7560,338.5316,355.6628
2016-02-01,375.9348,378.2666,362.9437,365.1326
2016-02-02,363.8954,368.7968,356.6146,358.5181
2016-02-03,356.2338,356.4717,335.7240,336.6281
2016-02-04,334.7723,334.7723,327.1584,327.7770
2016-02-05,323.0184,324.7315,316.4514,323.4467
2016-02-08,321.3529,327.3964,314.3577,325.5406
2016-02-09,312.1686,312.1686,304.0313,306.3630
2016-02-10,308.9803,308.9803,292.2774,298.0354
2016-02-12,285.5201,295.8940,283.8545,291.9443
2016-02-15,303.6030,314.3100,301.3189,311.1217
2016-02-16,304.5547,313.8341,303.6030,309.0754
2016-02-17,320.9722,323.5419,311.3597,317.7363
2016-02-18,324.0177,334.0585,321.5908,331.3937
2016-02-19,333.0593,333.0593,325.9688,329.8709
2016-02-22,328.3005,337.1516,324.9218,335.6288
2016-02-23,337.6275,342.1483,330.8702,333.0592
2016-02-24,328.3481,328.3481,320.4963,327.0157
2016-02-25,326.9205,332.1550,318.7356,323.1136
2016-02-26,324.9219,334.1537,324.7791,326.9205
2016-02-29,327.3964,335.4862,324.2557,324.2557
2016-03-01,330.0612,331.5364,319.2590,326.6826
2016-03-02,336.5806,346.5738,336.1999,343.3379
2016-03-03,343.3855,348.7628,342.1482,344.9558
2016-03-04,338.8172,343.2427,338.0558,340.3399
2016-03-07,343.4807,344.9083,338.8172,342.0531
2016-03-08,341.6723,342.5765,333.6302,339.0075
2016-03-09,337.9130,348.0014,334.9151,346.5262
2016-03-10,352.1415,352.6173,345.5269,347.5255
2016-03-11,340.6730,348.2393,337.2944,347.0497
2016-03-14,352.6173,356.3767,351.5704,356.0912
2016-03-15,353.0932,354.9015,347.9538,348.8104
2016-03-16,345.4793,346.3359,341.7200,342.3386
2016-03-17,344.8607,351.0470,339.3882,342.5765
2016-03-18,341.8627,343.8138,332.7737,336.8661
2016-03-22,345.4794,346.8594,337.7228,342.6718
2016-03-23,343.7186,348.8103,343.2427,346.3834
2016-03-24,347.6684,348.2870,341.5773,341.7200
2016-03-25,344.2896,348.4772,342.7668,347.6206
2016-03-28,350.9042,352.6174,345.1938,347.8111
2016-03-29,347.4728,352.1605,346.0230,349.2609
2016-03-30,351.3873,355.0118,347.5694,348.0527
2016-03-31,354.1419,357.4765,351.9189,354.5285
2016-04-01,355.8334,356.8966,337.2274,339.0638
2016-04-04,333.9411,336.8891,328.6734,332.7329
2016-04-05,329.1084,330.5582,320.4578,322.9225
2016-04-06,321.8594,325.6289,319.1047,322.2943
2016-04-07,321.7143,328.3351,319.6846,327.5619
2016-04-08,325.1939,344.5731,322.2459,339.6920
2016-04-11,336.9858,340.6586,331.3798,337.4690
2016-04-12,338.4838,346.7961,336.5024,344.2348
2016-04-13,350.5657,357.5732,349.5509,356.6066
2016-04-14,361.1494,364.0974,359.1680,361.2944
2016-04-15,362.6475,366.8036,358.9746,360.5694
2016-04-18,346.9896,352.9338,344.8148,347.4728
2016-04-19,361.9226,364.8705,359.1196,363.9523
2016-04-20,366.1755,367.6736,358.5398,359.3130
2016-04-21,369.7033,379.4170,364.9189,378.8854
2016-04-22,378.4988,381.6884,372.1196,380.4802
2016-04-25,381.5435,381.9301,370.1383,371.9747
2016-04-26,370.7665,372.1197,367.1903,369.4617
2016-04-27,364.8706,367.2869,355.3501,360.4728
2016-04-28,373.0862,379.4171,358.1048,358.1531
2016-05-02,341.6734,344.2348,336.4058,343.3649
2016-05-06,346.3613,349.4542,340.7553,343.8483
2016-05-09,348.2943,348.7293,342.7850,345.3464
2016-05-10,346.7479,348.8743,342.4951,345.5397
2016-05-11,352.7887,359.3612,350.1307,351.5805
2016-05-12,346.6513,353.2721,344.3316,352.7888
2016-05-13,371.1531,371.1531,348.3427,350.6140
2016-05-16,352.7405,361.3427,351.0007,357.1382
2016-05-17,359.5546,361.5360,354.9152,359.5546
2016-05-18,367.2870,371.1048,361.1011,365.2089
2016-05-19,372.4579,375.0192,367.6735,370.0899
2016-05-20,376.8557,381.3018,372.2163,376.9040
2016-05-23,379.3687,386.3761,376.8557,382.0750
2016-05-24,381.3018,383.1382,374.4877,375.0193
2016-05-25,387.5843,388.3092,381.9300,385.6512
2016-05-26,385.2163,388.2609,379.3687,379.9003
2016-05-27,386.1345,386.1345,381.3018,384.9746
2016-05-30,388.0676,394.8334,388.0676,394.6884
2016-05-31,395.0751,398.6996,392.7070,397.3465
2016-06-01,398.6513,400.0528,392.2721,393.8186
2016-06-02,389.5175,389.9041,379.4654,381.9785
2016-06-03,382.2684,385.6996,378.6438,381.2535
2016-06-06,371.8297,384.6847,369.9449,384.1531
2016-06-07,381.8335,385.1680,379.6104,382.7517
2016-06-08,383.3799,389.5174,382.7516,389.2275
2016-06-09,387.1978,389.2758,382.3167,386.0862
2016-06-10,386.8112,395.0268,385.3131,394.3019
2016-06-13,389.3242,389.3242,374.5361,374.5361
2016-06-14,377.5323,380.1903,370.3316,373.4245
2016-06-15,371.5881,378.4505,368.8334,376.2275
2016-06-16,375.9374,379.1270,365.0155,366.8519
2016-06-17,372.0230,378.8371,369.9449,375.9858
2016-06-20,383.2349,385.6513,380.8669,382.3167
2016-06-21,379.3687,389.4691,374.3427,388.4542
2016-06-22,382.4617,387.2461,382.1717,385.3613
2016-06-23,381.6401,391.3539,380.4803,390.5807
2016-06-24,394.1086,395.8000,362.4542,366.3204
2016-06-27,371.1531,392.6104,369.3167,390.1458
2016-06-28,381.7367,392.7070,380.4802,390.4356
2016-06-29,402.1308,411.3613,399.4728,407.2535
2016-06-30,411.1681,421.3651,410.5882,414.4060
2016-07-01,420.3019,425.1829,418.2721,419.4320
2016-07-04,417.5473,418.2239,412.3763,413.2945
2016-07-05,411.0714,415.4692,409.3800,413.1978
2016-07-06,404.9822,407.3985,393.4320,407.2052
2016-07-07,406.4319,406.4319,397.8780,402.6624
2016-07-08,408.7034,418.9005,408.4135,410.2982
2016-07-11,410.2982,410.2982,410.2982,410.2982
2016-07-12,431.7072,434.6551,424.7964,429.7257
2016-07-13,434.8968,436.3949,420.7369,421.8968
2016-07-14,423.0565,433.3985,417.6439,433.2536
2016-07-15,435.2350,436.1049,422.4283,423.4432
2016-07-19,427.1643,444.0305,427.0677,443.8372
2016-07-20,436.5882,450.5547,436.5882,446.8819
2016-07-21,447.2201,450.0231,441.9525,444.4171
2016-07-22,442.7740,447.3168,442.2424,444.3688
2016-07-25,442.4357,445.4803,437.2647,439.0045
2016-07-26,432.6737,438.9079,429.4358,434.9451
2016-07-27,435.1382,439.6327,431.8520,435.4282
2016-07-28,435.9600,440.3578,432.2871,434.9934
2016-07-29,435.4283,438.8112,421.9933,436.3465
2016-08-01,432.5287,432.5287,418.4171,419.9636
2016-08-02,419.3837,424.1197,414.7926,420.4952
2016-08-03,411.3130,414.4060,407.7368,408.6067
2016-08-04,413.1978,413.4394,398.9412,407.7368
2016-08-05,403.3391,408.9451,388.4060,396.9116
2016-08-08,413.1979,422.1867,412.3763,416.5808
2016-08-09,420.3986,421.0751,410.6848,417.6439
2016-08-10,417.6439,421.4134,413.7777,418.7554
2016-08-12,430.5957,436.3949,429.3875,433.8819
2016-08-15,431.3206,434.7035,430.0158,433.3020
2016-08-16,432.0938,434.6552,429.4358,429.4842
2016-08-17,428.4209,429.3874,421.2201,424.3614
2016-08-18,434.4618,436.2982,428.6625,429.9674
2016-08-19,437.8447,438.4247,430.3540,432.8187
2016-08-22,438.7145,440.8892,435.0899,439.9226
2016-08-23,437.2647,441.8075,434.4134,434.8484
2016-08-24,432.4321,445.2871,432.4321,444.5622
2016-08-25,444.0788,446.8818,438.5695,439.0045
2016-08-26,444.6105,446.7852,436.2016,443.2090
2016-08-29,450.8930,454.7592,449.9265,449.9265
2016-08-30,448.3800,451.7630,446.0603,451.3763
2016-08-31,460.0753,462.9749,457.9972,459.4953
2016-09-01,458.8187,459.3019,452.2462,456.5956
2016-09-02,457.0306,460.7034,455.1458,457.5622
2016-09-05,457.6105,458.9637,447.8484,448.1384
2016-09-06,442.5808,450.1199,439.3429,448.8150
2016-09-07,448.8633,454.1310,446.4469,449.3466
2016-09-08,447.9452,451.3280,443.2574,448.5734
2016-09-09,452.5845,452.5845,442.4841,444.8522
2016-09-12,438.7145,443.4506,436.7331,438.3762
2016-09-13,441.2759,442.0492,437.1198,439.7778
2016-09-14,437.0715,446.5436,436.7815,440.8893
2016-09-15,439.3428,445.5771,437.6031,439.1978
2016-09-16,446.4468,446.4468,436.0082,437.6030
2016-09-20,444.6106,450.8931,440.7444,443.3541
2016-09-21,441.9525,444.1756,432.9153,438.7146
2016-09-23,445.9637,450.7964,441.3242,443.9339
2016-09-26,439.2945,442.1458,436.4915,436.4915
2016-09-27,434.3652,440.9860,429.2425,440.7444
2016-09-28,440.8915,442.8030,436.2840,442.3129
2016-09-29,443.7343,448.1946,443.2441,444.8616
2016-09-30,438.6857,441.2835,433.6371,435.1076
2016-10-03,439.4211,440.4014,435.8429,436.1371
2016-10-04,441.1365,451.3806,437.5093,451.3806
2016-10-05,453.4882,453.6353,447.4104,447.7535
2016-10-06,449.6651,454.8608,447.9496,449.1259
2016-10-07,446.0379,452.2138,446.0379,451.7727
2016-10-11,447.8025,451.3315,446.3320,448.1946
2016-10-12,441.3326,444.2735,433.2941,434.1273
2016-10-13,434.3234,439.4700,433.6862,435.4507
2016-10-14,433.6861,434.5684,417.9523,428.9317
2016-10-17,428.9316,431.2843,426.6769,428.4414
2016-10-18,426.7260,429.9610,426.0398,429.7649
2016-10-19,431.3335,434.8626,429.7160,434.6665
2016-10-20,434.6665,436.9702,431.2844,434.1273
2016-10-21,438.4406,441.1365,434.1763,435.4017
2016-10-24,434.6174,434.9115,428.0494,431.9706
2016-10-25,436.1859,440.2052,432.7548,440.0091
2016-10-26,441.1364,445.8418,440.1561,442.6558
2016-10-27,439.8131,440.1072,435.7449,437.0193
2016-10-28,441.1365,444.6165,438.2936,443.7833
2016-10-31,455.3509,465.0559,454.3216,465.0559
2016-11-01,468.2418,478.1429,465.8891,477.9468
2016-11-02,473.9276,477.4077,470.2024,472.5552
2016-11-04,468.8300,469.8103,462.8011,469.3201
2016-11-07,475.0550,475.9863,464.2716,470.0554
2016-11-08,470.8396,474.1726,468.7319,469.7122
2016-11-09,474.6137,476.9174,444.0772,448.9788
2016-11-10,477.7997,481.7210,474.8588,479.7114
2016-11-11,489.1223,489.1223,477.4076,480.4466
2016-11-14,487.2108,497.5040,483.9268,492.8475
2016-11-15,494.3178,494.5629,485.0050,486.7695
2016-11-16,492.1122,494.8080,487.5538,488.7791
2016-11-17,485.2501,489.1713,480.8877,486.9166
2016-11-18,498.4841,510.2478,497.5038,500.6898
2016-11-21,497.9940,499.4644,491.3769,496.0334
2016-11-22,497.0139,497.7491,493.5828,495.0533
2016-11-24,504.8561,505.8364,498.2390,498.4841
2016-11-25,491.8671,502.8956,491.6221,497.7490
2016-11-28,494.8079,500.1995,491.3768,499.9545
2016-11-29,505.3463,508.0421,501.6702,507.3069
2016-11-30,509.2676,514.1691,508.7774,513.4338
2016-12-01,521.7664,522.0115,513.1887,513.9240
2016-12-02,499.7096,502.6505,490.1516,491.3770
2016-12-05,489.6125,493.8278,487.2598,490.1517
2016-12-06,495.0532,497.5040,487.4558,487.8480
2016-12-07,491.1319,492.1122,487.7499,488.7791
2016-12-08,497.2587,502.4053,490.6417,493.5826
2016-12-09,506.3266,506.8167,498.2391,500.1996
2016-12-12,503.1406,503.1406,491.8671,493.0925
2016-12-13,488.2399,498.7292,486.7695,498.7292
2016-12-14,499.7096,506.0816,497.0138,504.3661
2016-12-15,508.2872,510.9830,505.1012,508.7773
2016-12-16,514.4142,524.4623,513.1888,523.4820
2016-12-19,524.4622,525.4425,517.8451,524.4622
2016-12-20,523.9720,536.9610,522.5016,536.2258
2016-12-21,536.2258,546.0289,532.0596,536.4709
2016-12-22,529.3638,536.7161,529.1188,536.7161
2016-12-26,539.1667,545.2936,539.1667,542.1076
2016-12-27,547.0092,551.1755,543.3330,547.2542
2016-12-28,546.5191,554.8517,545.5388,551.9108
2016-12-29,547.9895,547.9895,535.0006,537.4513
2016-12-30,531.5695,543.0881,530.5893,541.3726
2017-01-04,547.9895,552.1558,542.8429,551.9108
2017-01-05,548.9698,548.9698,536.9611,539.9020
2017-01-06,534.5104,540.6373,531.0794,536.7161
2017-01-10,541.8626,553.1361,539.9020,545.2937
2017-01-11,546.7642,548.9698,544.3134,546.7642
2017-01-12,549.4601,554.3616,545.7840,551.4207
2017-01-13,548.7247,554.6065,546.5190,552.6459
2017-01-16,556.5673,557.7927,548.9700,551.4207
2017-01-17,552.4008,552.4008,540.6372,540.6372
2017-01-18,534.5103,545.5387,532.3046,543.3330
2017-01-19,550.4403,555.0967,546.5191,549.4600
2017-01-20,547.4993,550.6852,546.0288,548.9697
2017-01-23,544.5584,552.1557,543.5781,547.0092
2017-01-24,544.0685,548.2348,542.3530,542.8431
2017-01-25,547.7444,556.0770,547.7444,555.8319
2017-01-26,575.9281,588.1819,574.4577,587.4467
2017-01-27,587.2017,587.4468,578.8691,582.5452
2017-01-30,581.3199,586.4665,579.6043,583.5256
2017-01-31,575.9282,578.8691,572.0070,573.9676
2017-02-01,563.6744,568.5759,556.8122,566.1251
2017-02-02,576.1732,577.3986,558.2827,560.7335
2017-02-03,562.6940,563.9194,550.1951,550.9304
2017-02-06,554.6065,555.3417,539.6569,546.2739
2017-02-07,542.3529,555.8320,540.8824,553.3813
2017-02-08,553.1361,555.0967,547.9895,554.8516
2017-02-09,554.3614,558.5277,548.7246,548.9697
2017-02-10,561.2236,563.6744,557.3024,563.1842
2017-02-13,567.5957,569.5563,564.4097,568.8210
2017-02-14,571.5168,577.6438,570.2915,571.5168
2017-02-15,578.3789,578.8690,566.1251,566.1251
2017-02-16,558.7729,559.0180,546.2741,553.8714
2017-02-17,548.7247,552.8910,546.7642,550.1952
2017-02-20,550.1950,552.4007,547.2541,547.9893
2017-02-21,546.5191,548.9698,543.3331,547.4994
2017-02-22,553.6263,563.6745,551.6657,554.6066
2017-02-23,552.6459,561.9587,552.4008,556.5671
2017-02-24,552.6461,556.0771,548.7248,552.1559
2017-02-27,547.0091,550.6852,544.5584,547.7443
2017-02-28,549.4600,552.1558,547.0092,549.4600
2017-03-01,550.1953,560.9786,549.4601,559.2631
2017-03-02,571.0268,575.9283,567.3507,575.1931
2017-03-03,572.9872,574.4576,565.3898,567.3505
2017-03-06,564.1643,565.1446,560.4882,561.9586
2017-03-07,558.7729,561.7139,554.3616,556.3222
2017-03-08,556.3222,556.8123,552.8911,554.6066
2017-03-09,562.4490,570.0463,560.2433,569.3111
2017-03-10,575.6831,584.7509,571.2717,583.7706
2017-03-13,577.6437,582.5451,574.9478,575.9281
2017-03-14,578.1338,580.8296,574.7028,580.0944
2017-03-15,573.4774,574.9479,570.5365,573.9676
2017-03-16,568.5758,577.8887,564.4096,574.7028
2017-03-17,566.3701,572.7421,563.9194,568.3307
2017-03-21,568.3308,571.0266,562.6940,569.0660
2017-03-22,560.7334,564.6546,555.0967,557.0573
2017-03-23,559.5081,562.2039,557.3024,557.7925
2017-03-24,561.2236,569.5562,560.9785,567.5956
2017-03-27,563.6744,572.0070,562.6941,571.0267
2017-03-28,581.5650,589.6525,579.3593,587.6918
2017-03-29,601.6275,606.3725,597.3818,602.1270
2017-03-30,601.8771,613.3652,599.3797,608.6201
2017-03-31,609.6190,613.6149,602.1268,607.1216
2017-04-03,617.3610,624.3538,616.1123,621.6066
2017-04-04,631.3466,638.3393,614.6139,617.6108
2017-04-05,620.1083,622.1062,608.8699,614.3642
2017-04-06,605.1237,610.1185,603.1258,606.3724
2017-04-07,612.8658,614.8637,598.1310,604.3746
2017-04-10,609.6191,619.8585,604.6243,619.6088
2017-04-11,610.6181,613.6150,604.6243,608.6201
2017-04-12,602.3766,606.1227,591.3880,596.8823
2017-04-13,580.1496,588.6408,573.1568,587.3921
2017-04-14,591.3879,591.8874,577.1526,580.1495
2017-04-17,573.4065,582.1475,572.1578,575.6542
2017-04-18,586.6429,590.3890,574.6553,577.6522
2017-04-19,577.6523,587.6420,575.9041,585.3943
2017-04-20,590.3890,598.1310,588.8906,590.1393
2017-04-21,599.3797,615.6129,591.8875,614.3642
2017-04-24,629.0990,631.3467,619.3591,620.6078
2017-04-25,620.8575,637.8399,620.8575,634.3435
2017-04-26,649.3279,655.0719,645.0823,650.3268
2017-04-27,644.3333,652.8245,641.8359,650.0774
2017-04-28,653.8233,653.8233,642.3352,647.5798
2017-05-01,722.5022,737.2370,708.0172,733.9904
2017-05-02,719.0059,747.2267,719.0059,738.9852
2017-05-08,742.4815,756.7168,735.4888,753.9696
2017-05-09,744.2298,746.9770,734.7397,735.7386
2017-05-10,734.2401,741.2329,728.2463,737.7365
2017-05-11,748.9748,761.4618,747.9758,754.9686
2017-05-12,757.2163,763.2101,749.4743,753.4702
2017-05-15,742.2318,757.2163,741.9821,750.7230
2017-05-16,762.7106,764.7086,755.4681,763.9594
2017-05-17,769.2039,787.4351,766.9563,783.6890
2017-05-18,761.4620,775.1977,757.4661,771.4516
2017-05-19,779.6930,792.9294,778.4443,787.6848
2017-05-22,787.1854,791.4310,777.9450,783.1896
2017-05-23,774.1988,777.6952,763.7096,766.9563
2017-05-24,776.6961,784.4381,774.6982,784.1884
2017-05-25,782.9397,798.9232,782.4402,796.1760
2017-05-26,791.6806,791.9304,785.9366,789.4329
2017-05-29,794.4278,794.4278,785.1873,789.9324
2017-05-30,791.6806,791.6806,775.6972,781.6910
2017-05-31,783.4392,792.9294,775.6973,783.6890
2017-06-01,799.1729,822.8984,795.4268,817.9035
2017-06-02,819.4020,828.1430,816.4051,817.9035
2017-06-05,819.6517,841.3793,818.9025,836.8839
2017-06-06,844.1264,844.8756,830.3907,833.6373
2017-06-07,829.3916,843.1274,827.3937,839.8807
2017-06-08,843.1275,843.3772,831.8891,833.1378
2017-06-09,839.8808,849.1212,834.6362,844.3761
2017-06-12,816.1553,825.3957,806.4154,818.9025
2017-06-13,807.4144,817.1543,805.6662,817.1543
2017-06-14,829.1418,830.3906,806.6651,807.4143
2017-06-15,798.1740,804.6673,792.6797,795.9263
2017-06-16,793.4289,796.6755,784.4382,787.4351
2017-06-19,787.1853,801.9201,785.9367,800.4217
2017-06-20,818.1533,820.9004,814.9066,817.6538
2017-06-21,812.4092,818.1532,809.9117,809.9117
2017-06-22,814.1574,815.1564,802.1698,805.4164
2017-06-23,804.4175,805.1667,796.1761,797.6745
2017-06-26,797.6745,813.6580,797.6745,812.9088
2017-06-27,814.1573,814.9066,796.4257,803.9180
2017-06-28,789.1833,791.1812,768.9542,769.7034
2017-06-29,779.1936,779.6931,761.9614,764.2091
2017-06-30,734.2401,757.2163,727.2473,757.2163
2017-07-03,747.2266,756.7168,746.7271,755.2183
2017-07-04,755.2184,755.9677,735.2391,738.4858
2017-07-05,730.7437,758.2153,730.2443,757.4661
2017-07-06,766.7065,771.4516,747.4765,751.2226
2017-07-07,744.2296,763.9593,742.9810,760.7126
2017-07-10,780.4421,786.9355,772.2007,778.1945
2017-07-11,784.1883,784.1883,776.9458,782.6898
2017-07-12,779.1937,781.6912,770.7025,780.4424
2017-07-13,786.6858,806.1656,786.1863,804.1677
2017-07-14,804.4176,806.6653,791.9306,793.6788
2017-07-17,793.6788,793.6788,793.6788,793.6788
2017-07-18,791.1812,803.4186,783.4392,801.1709
2017-07-19,800.1718,806.9148,798.1739,805.9158
2017-07-20,814.6569,821.8994,813.6579,818.9025
2017-07-21,818.9025,826.1450,817.4041,821.1502
2017-07-24,817.9034,821.8993,812.1594,813.1584
2017-07-25,821.1502,828.3927,818.1533,821.8994
2017-07-26,825.6455,827.8932,818.1533,822.8984
2017-07-27,824.6467,845.6250,822.6488,844.8757
2017-07-28,811.6601,818.9026,784.1885,784.4382
2017-07-31,786.6859,794.1781,771.9511,777.9449
2017-08-01,764.2090,768.2049,752.7209,758.4650
2017-08-02,762.9604,778.9439,762.4610,777.9449
2017-08-03,766.7065,767.9552,758.4651,759.4641
2017-08-04,749.2245,752.7209,740.7333,741.2328
2017-08-07,747.9759,756.2173,745.4785,750.7230
2017-08-08,765.7075,765.7075,752.4712,753.9696
2017-08-09,744.2298,748.9749,734.9893,737.7365
2017-08-10,744.9791,747.7262,738.7356,741.9822
2017-08-11,741.9822,741.9822,741.9822,741.9822
2017-08-14,734.2401,747.4764,729.9944,743.9800
2017-08-15,758.4650,762.7106,752.4712,758.2153
2017-08-16,758.2154,760.7128,749.2247,749.4744
2017-08-17,749.2247,755.4683,746.2278,750.2237
2017-08-18,741.7324,759.7138,739.9842,756.7169
2017-08-21,758.4650,758.4650,743.7303,744.4796
2017-08-22,745.7282,756.4671,744.4795,754.4692
2017-08-23,763.4599,766.4568,757.4661,761.4619
2017-08-24,758.4650,763.2102,752.7210,753.2205
2017-08-25,754.2195,756.7169,750.7231,755.7180
2017-08-28,757.9656,759.9635,750.2236,752.7211
2017-08-29,749.7241,757.4661,747.7261,756.4671
2017-08-30,758.9645,760.9625,754.9687,757.7158
2017-08-31,767.2058,773.1996,764.9582,772.2006
2017-09-01,774.6982,777.1957,767.9552,773.6992
2017-09-04,771.9512,772.7004,764.2092,769.4537
2017-09-05,775.6973,777.4454,761.9615,767.9553
2017-09-06,755.2184,763.4599,752.9707,753.2205
2017-09-07,756.7167,767.2059,751.7219,760.9623
2017-09-08,758.7148,766.9563,758.2153,761.4619
2017-09-11,762.7107,769.9532,761.7118,769.9532
2017-09-12,781.6910,789.1833,781.4412,787.6848
2017-09-13,791.9304,793.4289,786.6858,789.6827
2017-09-14,793.6785,811.1603,793.6785,810.1614
2017-09-15,811.6602,831.3897,811.1606,831.3897
2017-09-18,831.3897,831.3897,831.3897,831.3897
2017-09-19,855.6144,861.1087,848.1221,860.6092
2017-09-20,861.1088,863.8559,854.3658,859.6104
2017-09-21,861.6083,861.6083,845.6249,848.8715
2017-09-22,850.8692,856.1138,847.1231,851.1190
2017-09-25,861.1087,867.8517,860.3595,863.6061
2017-09-26,853.1173,856.8634,833.6375,840.3805
2017-09-27,849.8768,860.5416,840.9896,856.2249
2017-09-28,881.1093,890.7584,869.4290,871.2064
2017-09-29,870.9526,882.6329,869.4290,877.5545
2017-10-02,886.6956,887.7113,881.1093,885.1721
2017-10-03,887.2034,888.7269,882.1250,884.9181
2017-10-04,885.4261,886.1879,878.8241,881.1094
2017-10-05,881.1094,885.4261,875.7770,877.5545
2017-10-06,881.6172,881.6172,863.5887,864.6044
2017-10-09,864.6044,864.6044,864.6044,864.6044
2017-10-10,876.0310,882.1251,873.9996,881.1094
2017-10-11,879.5859,886.4418,878.3164,881.6174
2017-10-12,888.9808,904.7240,888.9808,898.8838
2017-10-13,909.0407,914.1191,900.9152,914.1191
2017-10-16,916.6584,924.2760,911.3260,912.0878
2017-10-17,914.6269,923.2602,912.8495,921.9907
2017-10-18,924.2760,928.5927,912.3416,925.0378
2017-10-19,929.6085,946.1134,926.3075,944.5899
2017-10-20,949.4144,958.0477,946.8751,950.4300
2017-10-23,967.6965,975.8220,960.5867,974.0445
2017-10-24,974.0447,977.5997,960.8409,977.3458
2017-10-25,980.6469,989.7881,965.1576,968.4586
2017-10-26,960.8409,979.6311,959.0634,977.5997
2017-10-27,989.7880,990.2958,979.8851,990.0419
2017-10-30,993.8508,998.6753,990.8037,996.8978
2017-10-31,995.8820,1004.7693,989.5339,1003.2457
2017-11-01,1069.0115,1143.4107,1066.9801,1137.8243
2017-11-02,1127.6680,1149.2513,1109.1317,1144.4269
2017-11-03,1144.4269,1144.4269,1144.4269,1144.4269
2017-11-06,1152.8058,1156.3607,1124.6205,1133.2538
2017-11-07,1132.2380,1143.1566,1131.4763,1142.1410
2017-11-08,1142.6490,1154.8372,1135.0313,1149.5049
2017-11-09,1160.4236,1212.4775,1128.6833,1166.5177
2017-11-10,1143.1567,1165.2479,1134.0155,1148.2352
2017-11-13,1157.6305,1157.8845,1130.9687,1131.7305
2017-11-14,1133.7618,1169.0569,1131.9843,1145.4421
2017-11-15,1146.2040,1165.7560,1135.0314,1144.1726
2017-11-16,1128.6835,1169.8188,1127.1599,1164.9944
2017-11-17,1188.3551,1212.2238,1171.5962,1176.4208
2017-11-20,1155.3449,1172.3577,1148.2352,1153.3136
2017-11-21,1178.1979,1183.2764,1155.3450,1156.6146
2017-11-22,1177.1825,1177.9442,1157.3766,1160.1697
2017-11-23,1160.1697,1160.1697,1160.1697,1160.1697
2017-11-24,1155.3450,1186.0696,1150.7744,1185.5618
2017-11-27,1188.1010,1190.3862,1159.4078,1164.4862
2017-11-28,1144.9340,1145.4418,1103.0369,1131.4762
2017-11-29,1102.5293,1111.1626,1055.5537,1066.2184
2017-11-30,1013.6566,1061.3940,1012.3870,1054.2842
2017-12-01,1073.5820,1080.1840,1037.0173,1056.0614
2017-12-04,1047.4282,1058.6008,1046.1587,1051.2371
2017-12-05,1015.6880,1036.2556,1013.9105,1021.5281
2017-12-06,1021.7822,1038.5411,1014.4184,1017.7194
2017-12-07,1036.0018,1068.5038,1031.9390,1067.4882
2017-12-08,1092.8800,1106.3380,1079.4222,1097.7046
2017-12-11,1096.6893,1096.6893,1068.7579,1078.1531
2017-12-12,1084.5008,1095.4195,1074.5979,1076.8832
2017-12-13,1058.8551,1063.9335,1044.8893,1046.4128
2017-12-14,1043.6194,1065.7107,1041.3342,1049.9675
2017-12-15,1045.3967,1076.3751,1042.0957,1064.1869
2017-12-18,1083.7389,1088.8174,1077.1370,1082.7233
2017-12-19,1102.0214,1106.5920,1076.8831,1080.4381
2017-12-20,1080.4381,1085.5165,1065.7106,1075.6135
2017-12-21,1072.8206,1082.2156,1065.7107,1080.9460
2017-12-22,1061.3939,1066.7263,1044.1272,1056.3154
2017-12-25,1053.5223,1059.8704,1047.9360,1056.3154
2017-12-26,1051.2370,1053.5223,1042.8576,1043.6194
2017-12-27,1041.0802,1051.9989,1036.7636,1049.2058
2017-12-28,1053.7763,1057.3312,1041.0801,1044.1272
2017-12-29,1045.6508,1050.9832,1034.7323,1036.0018
2018-01-01,1036.0018,1036.0018,1036.0018,1036.0018
2018-01-02,1036.0018,1036.0018,1036.0018,1036.0018
2018-01-03,1036.0018,1036.0018,1036.0018,1036.0018
2018-01-04,1081.7076,1100.2439,1074.0899,1099.9900
2018-01-05,1116.7490,1120.3039,1098.4666,1110.9088
2018-01-08,1110.9088,1110.9088,1110.9088,1110.9088
2018-01-09,1142.6491,1142.9030,1125.8902,1129.9530
2018-01-10,1124.8745,1124.8745,1102.0215,1110.6549
2018-01-11,1099.4824,1122.8432,1099.4824,1110.4010
2018-01-12,1116.7488,1119.2881,1100.2439,1105.5763
2018-01-15,1112.1782,1113.9557,1098.2125,1101.7675
2018-01-16,1102.0217,1119.7963,1093.3884,1119.7963
2018-01-17,1116.2409,1134.5233,1112.4321,1129.1909
2018-01-18,1168.0414,1187.5933,1154.8374,1160.4237
2018-01-19,1173.1199,1173.1199,1157.3767,1164.9944
2018-01-22,1158.1385,1162.9630,1148.7434,1157.1228
2018-01-23,1159.9157,1166.0098,1154.5833,1164.2324
2018-01-24,1168.0413,1169.0569,1140.3638,1144.1726
2018-01-25,1118.7804,1140.3638,1118.7804,1131.7305
2018-01-26,1117.2567,1123.0970,1099.9901,1108.3695
2018-01-29,1122.5891,1134.5235,1112.9401,1122.8430
2018-01-30,1112.9401,1112.9401,1083.9930,1090.5950
2018-01-31,1039.8108,1064.4413,1036.0020,1039.0491
2018-02-01,1050.4752,1051.9987,1027.1144,1042.8575
2018-02-02,1028.8917,1037.7790,1018.2270,1020.2584
2018-02-05,995.3742,1007.5624,989.2801,1000.1987
2018-02-06,959.5713,978.3616,924.2762,953.9850
2018-02-07,1000.1988,1000.9605,951.4458,952.7153
2018-02-08,956.2704,973.2831,951.4458,965.9194
2018-02-09,932.1478,944.5900,925.2919,937.9881
2018-02-12,937.9881,937.9881,937.9881,937.9881
2018-02-13,970.9978,974.0448,933.4174,934.9409
2018-02-14,944.5900,976.5841,943.5742,973.7910
2018-02-15,993.3428,1030.4154,990.0418,1018.7350
2018-02-16,1030.1616,1049.2058,1024.3213,1037.2714
2018-02-19,1047.6821,1050.4752,1031.4310,1048.9517
2018-02-20,1044.8893,1046.4128,1023.8138,1028.8922
2018-02-21,1039.0488,1058.3469,1033.9704,1047.9360
2018-02-22,1033.9703,1043.3653,1025.3369,1038.5409
2018-02-23,1035.2399,1039.8105,1027.1144,1034.7321
2018-02-26,1052.7605,1058.0929,1041.0801,1048.6978
2018-02-27,1066.4725,1089.8333,1064.4412,1078.6608
2018-02-28,1079.1687,1083.7393,1069.5197,1069.5197
2018-03-01,1056.3157,1067.9961,1048.1902,1056.8236
2018-03-02,1021.2745,1049.4598,1020.7667,1039.0491
2018-03-05,1041.0802,1056.8234,1016.1959,1023.5596
2018-03-06,1048.9515,1062.4094,1048.9515,1052.7604
2018-03-07,1040.3185,1055.0460,1028.8920,1030.4155
2018-03-08,1056.3155,1087.0401,1056.0616,1080.4381
2018-03-09,1098.2126,1113.9559,1082.7235,1093.3882
2018-03-12,1134.0156,1138.8401,1112.9401,1127.6676
2018-03-13,1118.7802,1153.3136,1114.9713,1153.3136
2018-03-14,1135.0315,1150.2668,1121.5736,1131.7305
2018-03-15,1122.3356,1134.7777,1118.2728,1127.1600
2018-03-16,1126.9059,1129.4451,1104.5607,1111.4166
2018-03-19,1095.9275,1108.8776,1089.5796,1098.9746
2018-03-20,1083.9929,1088.0557,1075.3595,1086.2782
2018-03-21,1086.2782,1086.2782,1086.2782,1086.2782
2018-03-22,1075.6136,1091.6107,1069.2655,1083.9930
2018-03-23,1030.9234,1048.1901,1018.9890,1022.0361
2018-03-26,996.6438,1012.3870,973.0291,1011.8792
2018-03-27,1049.2059,1050.2215,1030.4156,1041.0803
2018-03-28,1008.1219,1020.0034,1001.1479,1011.9963
2018-03-29,1018.7118,1021.0364,984.6169,992.6241
2018-03-30,1015.0958,1036.7925,1012.5128,1033.9513
2018-04-02,1034.9842,1052.0317,1032.4014,1041.7000
2018-04-03,1012.5130,1032.9182,1006.3139,1028.0106
2018-04-04,1032.9183,1036.2762,991.3330,999.8567
2018-04-05,1014.0628,1020.7785,1000.6316,1010.9633
2018-04-06,1003.2144,1017.9372,1000.8898,1012.5130
2018-04-09,1000.1146,1017.9369,995.4653,1014.5791
2018-04-10,1014.5791,1045.8326,1003.9890,1040.4084
2018-04-11,1052.8066,1060.2972,1034.7261,1035.5010
2018-04-12,1035.5013,1042.2170,1024.3947,1026.2028
2018-04-13,1038.0841,1053.0651,1035.7594,1046.8661
2018-04-16,1047.3824,1055.6479,1044.7995,1047.8990
2018-04-17,1045.3161,1052.2900,1042.2165,1047.8990
2018-04-18,1047.8992,1049.9655,1021.2949,1042.7333
2018-04-19,1027.7523,1046.8660,1025.1693,1034.2096
2018-04-20,1006.3136,1013.8042,987.9748,1013.0294
2018-04-23,1007.6054,1016.6457,1004.2475,1015.0959
2018-04-24,1017.6787,1034.2095,1014.5792,1023.6194
2018-04-25,1014.0625,1025.6857,1000.3729,1002.9559
2018-04-26,1075.5365,1116.3470,1073.9868,1087.4181
2018-04-27,1103.9488,1108.8564,1076.0530,1087.6763
2018-04-30,1087.6763,1087.6763,1087.6763,1087.6763
2018-05-01,1101.8827,1102.6575,1066.2381,1073.4703
2018-05-02,1087.9347,1090.5176,1067.7877,1071.4038
2018-05-03,1071.4038,1071.4038,1071.4038,1071.4038
2018-05-04,1071.4038,1071.4038,1071.4038,1071.4038
2018-05-07,1080.9607,1092.0674,1075.0200,1085.6100
2018-05-08,1084.0602,1094.6502,1082.7687,1087.6763
2018-05-09,1084.8352,1099.8163,1083.8020,1090.0011
2018-05-10,1097.7499,1099.2997,1087.4182,1097.4917
2018-05-11,1110.1478,1130.0365,1104.4654,1124.6123
2018-05-14,1119.7050,1123.3211,1114.0225,1120.4799
2018-05-15,1127.1951,1133.1360,1110.1477,1118.4132
2018-05-16,1111.9559,1114.5389,1103.6905,1110.4061
2018-05-17,1120.4797,1123.5792,1114.5389,1120.9962
2018-05-18,1101.8828,1108.3402,1097.2335,1099.2998
2018-05-21,1095.1671,1095.1671,1066.7546,1077.8613
2018-05-22,1092.0674,1096.4584,1076.3115,1079.6693
2018-05-23,1083.8021,1095.6836,1076.0533,1083.2855
2018-05-24,1078.8946,1086.9016,1072.9537,1083.2855
2018-05-25,1082.2523,1107.0485,1072.6955,1101.8827
2018-05-28,1117.3802,1123.3209,1099.5579,1105.7570
2018-05-29,1111.9561,1116.3471,1085.0936,1093.8755
2018-05-30,1074.5036,1076.5700,1052.8069,1058.2311
2018-05-31,1068.3044,1068.3044,1050.2239,1053.8400
2018-06-01,1053.0649,1063.6550,1048.1573,1053.0649
2018-06-04,1068.3044,1078.8945,1061.3305,1077.8613
2018-06-05,1084.5769,1099.5580,1082.2522,1091.2926
2018-06-06,1097.7500,1098.2666,1078.3779,1083.0272
2018-06-07,1092.8424,1093.8755,1085.0936,1092.5841
2018-06-08,1092.5840,1096.4584,1065.4632,1069.8541
2018-06-11,1067.0131,1078.6363,1059.2642,1061.3306
2018-06-12,1061.8470,1067.0128,1046.6076,1053.0649
2018-06-13,1056.1643,1058.7473,1048.9320,1054.3562
2018-06-14,1047.3826,1053.3234,1036.0177,1036.0177
2018-06-15,1012.7710,1013.0293,982.8089,985.6501
2018-06-18,986.1669,986.6835,954.9134,967.5697
2018-06-19,968.0863,976.3516,950.5222,958.5294
2018-06-20,961.8871,981.5174,953.3634,980.4843
2018-06-21,1003.4726,1004.2474,966.2782,976.3517
2018-06-22,969.1195,980.4845,959.5626,979.1929
2018-06-25,975.3183,977.9013,960.3373,962.6620
2018-06-26,940.1905,976.0933,936.0578,975.5768
2018-06-27,982.5509,988.2334,971.9608,972.9940
2018-06-28,965.7615,986.4250,947.9392,981.5174
2018-06-29,985.9086,998.3067,969.8943,982.5507
2018-07-02,984.1005,997.5318,966.0199,967.8279
2018-07-03,966.0200,967.5697,943.5484,959.0460
2018-07-04,922.1100,934.2498,908.4204,916.4275
2018-07-05,905.5791,935.2829,905.0625,920.5602
2018-07-06,907.6457,939.9324,905.0627,935.7997
2018-07-09,938.1243,959.8210,931.6670,954.1386
2018-07-10,966.5367,977.1268,961.6291,971.7026
2018-07-11,960.8540,967.3114,945.0981,966.2782
2018-07-12,956.2048,959.5627,940.7072,953.8802
2018-07-13,962.4038,977.3849,958.7877,966.2782
2018-07-16,966.2782,966.2782,966.2782,966.2782
2018-07-17,968.6030,980.7428,961.1125,974.0272
2018-07-18,991.5911,993.3992,972.7357,972.9940
2018-07-19,992.6244,1008.1220,989.2665,998.5651
2018-07-20,983.0673,989.5247,963.9536,968.8612
2018-07-23,959.3044,964.7285,949.4892,963.1788
2018-07-24,965.7616,975.0602,953.1052,970.6691
2018-07-25,950.7806,966.0200,943.5484,964.7285
2018-07-26,978.6765,988.4917,972.7358,981.7761
2018-07-27,1007.3471,1010.9632,968.3446,980.2262
2018-07-30,980.2261,984.8754,974.2854,983.3256
2018-07-31,979.7093,998.8231,979.1927,989.5245
2018-08-01,999.0817,1021.5532,998.0484,1020.0035
2018-08-02,1016.6456,1030.8518,1014.8375,1020.7783
2018-08-03,1032.4016,1043.2499,1024.6528,1031.6267
2018-08-06,1028.0108,1029.5605,1008.3805,1011.7382
2018-08-07,1018.1953,1020.7783,1004.7640,1008.1218
2018-08-08,1006.0555,1015.8706,1003.4725,1014.8374
2018-08-09,1018.9703,1018.9703,1003.9892,1004.7641
2018-08-10,978.1599,985.6504,964.7286,969.1196
2018-08-13,951.2973,954.3968,937.8661,939.4158
2018-08-14,951.0389,960.8540,946.6478,960.3375
2018-08-15,957.2380,960.5958,948.9725,955.6882
2018-08-16,929.3422,964.2119,922.8848,957.2380
2018-08-17,953.3637,955.1717,937.3494,944.0651
2018-08-20,938.1243,941.9987,929.3424,934.2499
2018-08-21,924.6929,946.3896,922.8848,943.2901
2018-08-22,944.0650,970.1527,944.0650,965.5034
2018-08-23,970.4110,975.0603,965.5034,968.8612
2018-08-24,972.2188,972.7355,958.0127,969.3776
2018-08-27,976.8684,990.0414,971.1860,989.0083
2018-08-28,1002.1811,1005.7972,981.7758,982.5507
2018-08-29,986.6833,996.7568,983.5838,991.0743
2018-08-30,997.2737,1000.8897,987.4585,990.5580
2018-08-31,969.8941,978.6761,962.1453,975.0601
2018-09-03,976.6099,976.8681,954.3966,956.2047
2018-09-04,957.2378,966.2780,955.9462,956.4629
2018-09-05,959.5628,962.9206,940.7073,940.7073
2018-09-06,929.8588,938.1242,922.8849,929.0839
2018-09-07,878.2000,879.2331,860.3777,873.8090
2018-09-10,877.1668,886.4654,870.4512,873.0341
2018-09-11,883.1075,890.0814,876.9084,883.1075
2018-09-12,880.0079,881.5577,846.4298,854.1786
2018-09-13,823.4415,856.2449,821.8917,828.6074
2018-09-14,831.1904,848.7545,829.8990,841.5222
2018-09-17,841.5222,841.5222,841.5222,841.5222
2018-09-18,826.5409,843.3301,820.3419,838.9390
2018-09-19,852.3706,853.6620,839.7141,845.6550
2018-09-20,838.4226,838.6809,821.3752,821.8917
2018-09-21,821.3752,828.3492,807.6857,822.9250
2018-09-24,822.9250,822.9250,822.9250,822.9250
2018-09-25,832.9985,850.3043,826.7995,842.8137
2018-09-26,848.5378,853.5728,835.2877,849.0678
2018-09-27,840.3227,842.4427,818.8575,819.1226
2018-09-28,827.8676,831.5776,820.9775,827.3375
2018-10-01,836.3477,857.0179,836.0827,845.6228
2018-10-02,841.9127,846.9477,833.1676,840.0576
2018-10-03,844.2976,844.8276,832.3725,836.8775
2018-10-04,839.7927,841.6477,822.0375,827.3375
2018-10-05,817.5325,818.8574,799.2472,805.6073
2018-10-08,805.6073,805.6073,805.6073,805.6073
2018-10-09,768.7721,780.6972,763.4720,769.5671
2018-10-10,781.7570,783.0820,767.7119,778.5770
2018-10-11,737.2368,756.8470,731.4068,748.3669
2018-10-12,732.4668,784.6723,731.9368,780.6973
2018-10-15,773.0121,788.6473,759.7620,769.5671
2018-10-16,768.5070,774.0721,752.0769,772.2170
2018-10-17,796.0673,803.4874,788.6472,795.5373
2018-10-18,792.8872,794.4772,781.4921,782.0221
2018-10-19,770.0970,794.4771,769.0369,794.2122
2018-10-22,782.5521,816.2074,780.4322,811.4374
2018-10-23,808.2574,810.6425,782.0222,784.4072
2018-10-24,792.3572,792.6222,765.3270,776.1920
2018-10-25,736.7068,749.1619,732.9967,743.0668
2018-10-26,755.2568,770.6270,733.5267,746.2468
2018-10-29,746.2469,760.5570,745.9818,753.4019
2018-10-30,755.5219,804.0174,755.2569,802.6924
2018-10-31,842.7076,843.2376,804.8123,831.3125
2018-11-01,805.6073,809.0523,776.9870,779.1071
2018-11-02,795.0073,833.9626,791.8272,832.6376
2018-11-05,817.5325,841.1177,814.0874,836.6127
2018-11-06,832.1075,837.9376,820.9774,827.0725
2018-11-07,827.8676,836.6127,814.0875,818.5925
2018-11-08,838.7327,840.0576,821.7725,822.3026
2018-11-09,819.1226,826.8076,798.1873,801.3674
2018-11-12,793.9473,815.6775,787.3222,810.6425
2018-11-13,779.6373,799.5124,775.3972,796.0674
2018-11-14,804.5474,811.9674,797.3923,806.1374
2018-11-15,798.1872,806.4022,790.2371,797.1272
2018-11-16,779.9021,782.5521,758.1719,763.2070
2018-11-19,772.7471,797.1273,767.7121,790.7673
2018-11-20,767.4469,782.0221,764.7969,776.1920
2018-11-21,770.0970,819.6525,770.0970,813.8224
2018-11-22,813.8224,827.8676,801.3673,823.0975
2018-11-23,823.0975,823.0975,823.0975,823.0975
2018-11-26,824.1575,831.5776,816.2074,820.9775
2018-11-27,832.1075,838.9977,813.5574,835.8176
2018-11-28,828.6626,841.6476,820.1824,839.5276
2018-11-29,848.0077,850.3927,837.1426,839.7927
2018-11-30,840.0575,842.9726,832.6375,841.3826
2018-12-03,855.6928,858.3428,848.0077,848.8027
2018-12-04,846.6828,853.3079,824.6876,826.8076
2018-12-05,807.4624,821.7725,804.2824,811.9674
2018-12-06,800.3073,800.3073,762.9420,775.1321
2018-12-07,786.5271,794.7422,758.1719,769.8320
2018-12-10,749.1617,760.5569,744.1267,745.4517
2018-12-11,743.3319,748.8969,729.8167,735.9118
2018-12-12,739.3567,756.8468,732.2016,746.2468
2018-12-13,746.2467,753.4017,738.5616,748.1017
2018-12-14,735.1168,739.6218,707.2916,707.2916
2018-12-17,706.7614,729.8166,704.9064,720.0115
2018-12-18,709.4115,725.5767,701.4615,716.0366
2018-12-19,695.1015,701.7266,682.6464,684.5014
2018-12-20,669.6611,683.7062,653.2309,655.0859
2018-12-21,648.4609,673.1061,647.6659,666.2161
2018-12-24,666.2161,666.2161,666.2161,666.2161
2018-12-25,632.8257,645.2808,621.6956,621.9606
2018-12-26,636.0057,646.3408,625.1406,640.5108
2018-12-27,677.6111,679.4662,654.5559,660.9160
2018-12-28,652.7009,668.3361,651.9059,663.3010
2018-12-31,663.3010,663.3010,663.3010,663.3010
2019-01-04,637.0656,638.6557,614.5405,629.9106
2019-01-07,659.3259,675.4911,657.2059,669.9260
2019-01-08,673.1061,683.9712,664.8910,680.5262
2019-01-09,677.6112,691.9214,676.0212,691.6564
2019-01-10,693.2463,710.7365,691.1263,709.6765
2019-01-11,718.1565,722.1315,711.2664,716.8315
2019-01-15,711.5314,745.1867,710.2064,739.8867
2019-01-16,737.7667,742.2718,724.5166,737.2367
2019-01-17,740.4168,742.5368,720.2766,722.6616
2019-01-18,731.4066,754.4618,729.8166,750.2218
2019-01-21,767.1819,776.1920,752.6068,769.3019
2019-01-22,765.0619,768.7720,752.0768,755.7869
2019-01-23,742.5368,754.4619,736.7067,746.7768
2019-01-24,753.1370,783.8773,750.4870,780.6973
2019-01-25,788.9122,823.0976,788.9122,817.2675
2019-01-28,823.6275,827.0725,814.0874,822.5674
2019-01-29,800.0423,810.6425,788.1172,802.6924
2019-01-30,814.0874,819.1225,803.7523,810.9073
2019-01-31,832.1075,832.9025,817.5324,828.6625
2019-02-01,837.1426,850.1277,811.7024,816.4724
2019-02-04,820.4474,833.6975,817.7974,833.6975
2019-02-05,827.6025,833.6975,822.8324,828.3975
2019-02-06,829.4576,832.6377,821.5076,826.5425
2019-02-07,841.1177,849.0678,833.1676,840.5877
2019-02-08,816.2076,818.8576,793.4174,796.0674
2019-02-12,803.4874,833.1677,803.4874,831.0477
2019-02-13,851.7178,858.6078,841.9127,857.5478
2019-02-14,857.5478,870.2679,848.8027,854.1028
2019-02-15,848.8027,853.0428,839.5277,842.9727
2019-02-18,863.9079,864.1729,841.6477,842.4427
2019-02-19,836.3477,841.3827,824.9525,838.4677
2019-02-20,837.1425,841.6475,825.7474,830.2525
2019-02-21,827.8674,843.2375,824.9523,837.6724
2019-02-22,828.1325,828.6626,816.2074,820.9775
2019-02-25,835.5526,838.9977,827.3375,827.3375
2019-02-26,833.1676,833.1676,814.8825,820.4475
2019-02-27,824.1574,826.2775,814.3524,815.6774
2019-02-28,808.2573,810.6424,794.4772,802.9573
2019-03-01,806.4025,816.4726,804.8125,815.4125
2019-03-04,828.3976,845.3577,828.3976,842.9727
2019-03-05,829.7224,836.8775,819.3873,823.3624
2019-03-06,815.9426,821.7726,812.4975,816.7376
2019-03-07,792.3573,796.5973,782.2872,792.6223
2019-03-08,780.6972,782.5522,760.5570,763.7371
2019-03-11,771.1570,780.9621,752.6069,775.1321
2019-03-12,795.5373,800.5723,786.7922,796.8622
2019-03-13,787.0571,794.4772,777.7820,781.2271
2019-03-14,793.6821,797.3922,781.7570,786.7921
2019-03-15,796.0672,817.7974,795.2722,806.6674
2019-03-18,836.8775,841.9126,827.6025,832.1075
2019-03-19,821.5075,829.4576,813.2924,825.4825
2019-03-20,830.5175,837.6725,829.9875,832.1075
2019-03-22,870.2679,889.3481,865.2329,875.3030
2019-03-25,844.5626,857.8127,843.2375,857.2827
2019-03-26,863.9077,867.8827,853.3076,865.4977
2019-03-27,880.1168,884.9898,871.9952,879.8462
2019-03-28,863.6028,871.1830,852.7739,866.5807
2019-03-29,878.7633,880.6584,863.0614,866.3101
2019-04-01,884.7191,892.2993,877.6803,886.3434
2019-04-02,909.6257,917.7473,903.9405,915.8522
2019-04-03,917.7471,945.6315,913.9570,940.4877
2019-04-04,950.2337,970.8086,939.9463,948.0680
2019-04-05,947.7973,961.6042,944.2779,957.5433
2019-04-08,970.2672,974.8695,937.7805,942.3829
2019-04-09,941.0293,956.4605,940.4879,948.3388
2019-04-10,928.3052,944.2778,924.2444,942.9242
2019-04-11,939.1343,948.6095,932.6369,946.9852
2019-04-12,949.4216,950.5045,935.0734,946.7144
2019-04-15,962.4163,964.0406,950.5045,951.0460
2019-04-16,947.5264,955.9189,941.5706,953.4824
2019-04-17,963.7700,977.8476,961.0629,961.0629
2019-04-18,972.9744,980.8253,959.1675,960.7919
2019-04-19,973.5159,986.2399,968.6429,982.9912
2019-04-22,982.9912,983.8034,966.4772,971.6209
2019-04-23,980.0132,980.0132,960.7920,969.1844
2019-04-24,973.5157,973.5157,954.8359,957.0018
2019-04-25,967.8307,975.6817,958.8969,966.4771
2019-04-26,947.5264,955.9189,927.7638,955.3774
2019-05-07,940.7585,948.6094,928.8467,931.0125
2019-05-08,904.7525,919.3714,899.8795,908.5425
2019-05-09,896.3601,913.9570,894.1943,908.5425
2019-05-10,908.5427,926.1397,895.8188,904.4819
2019-05-13,892.5699,893.3821,879.0338,880.9288
2019-05-14,853.8569,889.3215,850.8789,881.1998
2019-05-15,890.6751,904.4819,882.8242,903.6697
2019-05-16,901.2332,903.3991,865.2273,874.7025
2019-05-17,894.1944,907.4598,878.2218,878.4925
2019-05-20,865.2271,877.6802,847.9009,850.8788
2019-05-21,838.9671,844.6522,814.8728,834.9062
2019-05-22,854.9397,857.3762,827.0553,827.5968
2019-05-23,815.4143,815.9557,804.0439,807.2926
2019-05-24,791.3200,797.2760,783.4691,787.2592
2019-05-27,783.7399,796.7346,782.3863,791.3201
2019-05-28,839.7793,843.0279,807.5633,812.7071
2019-05-29,801.3367,801.3367,786.9885,795.1101
2019-05-30,802.1489,821.9116,801.3367,821.3701
2019-05-31,812.4363,818.9336,799.1710,800.7953
2019-06-03,784.0106,790.7786,776.9718,784.2813
2019-06-04,789.4251,809.7292,789.1544,809.7292
2019-06-05,833.8233,837.3427,825.1603,828.9504
2019-06-06,825.7018,828.1383,808.9171,810.2707
2019-06-07,820.5581,835.4478,820.5581,833.0113
2019-06-10,847.6302,849.5253,837.0720,844.3815
2019-06-11,851.6909,866.3099,850.8787,864.9563
2019-06-12,858.1882,863.0612,842.2157,842.7571
2019-06-13,822.7237,825.7017,802.9611,807.2926
2019-06-14,799.1710,801.6075,783.4692,792.1323
2019-06-17,747.1923,775.6181,745.0265,772.3694
2019-06-18,761.8114,769.3916,758.5628,764.5186
2019-06-19,792.4030,798.6295,786.1764,796.4638
2019-06-20,796.4638,804.8562,781.0327,803.7733
2019-06-21,804.0439,816.2264,804.0439,815.4142
2019-06-24,801.0660,806.7512,791.5908,801.8782
2019-06-25,793.2152,797.0053,774.2646,775.3475
2019-06-26,779.4083,796.7345,777.5133,792.6737
2019-06-27,811.8948,827.3260,810.2705,816.2264
2019-06-28,814.8729,819.4752,806.4805,818.6630
2019-07-01,866.3100,867.3929,840.5914,857.6469
2019-07-02,858.1883,884.9898,856.2933,883.0948
2019-07-03,871.7245,879.8462,865.7686,875.5146
2019-07-04,878.4924,885.2605,871.1830,883.0948
2019-07-05,886.8848,908.5425,884.7191,908.5425
2019-07-08,905.8354,912.0619,903.1281,909.3547
2019-07-09,904.2111,905.2939,882.8240,890.1335
2019-07-10,890.1335,898.7966,884.1776,888.2384
2019-07-11,889.8630,903.9406,889.8630,902.0455
2019-07-12,909.3548,909.8964,892.0287,900.4210
2019-07-16,903.9403,910.4377,895.8187,899.6088
2019-07-17,884.4483,899.6087,875.5145,897.4429
2019-07-18,888.5092,901.5039,886.3435,893.3822
2019-07-19,915.0397,937.7804,913.9569,924.5151
2019-07-22,926.4103,937.7806,925.5982,935.0735
2019-07-23,955.9190,965.1235,950.5046,963.4992
2019-07-24,979.7425,985.1569,968.1015,969.1844
2019-07-25,984.8863,1004.3782,963.4993,1004.3782
2019-07-26,985.4277,994.0908,979.4718,990.5714
2019-07-29,970.2673,990.5714,960.2506,982.7205
2019-07-30,997.0685,1021.4335,994.6321,1012.4997
2019-07-31,1007.6270,1021.4339,1004.1077,1012.2294
2019-08-01,990.3006,1009.7926,987.8641,1006.0024
2019-08-02,971.8916,1001.4003,969.1844,998.9638
2019-08-05,977.5766,984.6155,959.4383,975.1401
2019-08-06,931.8247,989.4884,929.6588,985.4276
2019-08-07,984.0741,985.1570,967.5601,983.8034
2019-08-08,987.0521,1000.8589,984.3448,994.6322
2019-08-09,1001.9417,1009.2512,991.9250,994.6322
2019-08-13,980.0132,991.6543,977.3061,988.6764
2019-08-14,1012.4998,1014.9363,997.3394,999.5052
2019-08-15,977.8476,998.1517,974.5989,998.1517
2019-08-16,1013.5828,1024.4117,1006.2733,1017.9144
2019-08-19,1027.1187,1034.4282,1009.7926,1011.1462
2019-08-20,1015.7484,1027.1187,1011.9584,1024.9530
2019-08-21,1027.3896,1038.2185,1025.4945,1034.4283
2019-08-22,1045.2571,1059.0639,1042.5498,1044.9863
2019-08-23,1045.2573,1056.6276,1031.4505,1055.5447
2019-08-26,1028.7431,1033.0747,1020.3508,1024.1409
2019-08-27,1034.1576,1044.9864,1034.1576,1034.6990
2019-08-28,1034.1576,1034.6990,1020.8922,1020.8922
2019-08-29,1026.0359,1027.9308,1006.0024,1011.4169
2019-08-30,1026.8482,1033.8869,1018.7265,1029.0139
2019-09-02,1021.9749,1046.6105,1019.8091,1041.7375
2019-09-03,1045.5278,1049.8593,1029.5552,1029.5552
2019-09-04,1028.4725,1044.1743,1022.7873,1042.2793
2019-09-05,1055.8154,1090.7385,1055.2739,1085.5947
2019-09-06,1096.9650,1107.2525,1076.3902,1083.1582
2019-09-09,1083.1583,1107.7940,1083.1583,1103.7332
2019-09-10,1108.8768,1109.9596,1096.4236,1103.1917
2019-09-11,1103.1920,1105.8991,1089.9265,1104.5455
2019-09-12,1126.2029,1145.1535,1122.9543,1134.3246
2019-09-13,1142.4463,1142.4463,1123.4958,1132.9711
2019-09-17,1128.9104,1138.6564,1122.6838,1132.4298
2019-09-18,1134.3245,1138.9268,1123.7663,1124.8492
2019-09-19,1137.0320,1140.8220,1118.0814,1125.1202
2019-09-20,1121.3301,1132.9711,1111.8548,1124.5787
2019-09-24,1131.6175,1143.2585,1130.2639,1137.5734
2019-09-25,1127.8273,1135.9489,1126.7444,1134.3246
2019-09-26,1147.8608,1154.8995,1140.2806,1145.4243
2019-09-27,1135.3445,1140.8227,1115.6232,1136.9879
2019-09-30,1122.1968,1131.5097,1117.5404,1126.5793
2019-10-01,1140.0009,1155.0657,1138.0835,1152.8745
2019-10-02,1142.4659,1150.6831,1133.9747,1140.2745
2019-10-03,1130.4141,1151.5050,1127.1272,1142.4661
2019-10-04,1155.6134,1161.9133,1146.8483,1152.0526
2019-10-07,1154.5178,1156.9830,1135.0705,1141.9181
2019-10-08,1150.4093,1161.0917,1146.5747,1157.5309
2019-10-09,1145.2053,1163.8310,1140.8228,1162.7354
2019-10-10,1162.4612,1173.4176,1155.0658,1170.9524
2019-10-11,1178.3482,1181.0873,1166.5701,1178.0742
2019-10-15,1192.5911,1197.5215,1184.6478,1194.5084
2019-10-16,1207.9297,1219.7078,1207.6558,1210.6688
2019-10-17,1194.2345,1207.1081,1187.1129,1203.2734
2019-10-18,1203.2734,1205.4646,1187.1128,1191.4954
2019-10-21,1192.8649,1204.3690,1191.4954,1192.8649
2019-10-23,1177.5263,1178.3480,1140.0010,1143.8357
2019-10-24,1161.6393,1172.3217,1156.7090,1168.7610
2019-10-25,1194.2346,1206.5604,1191.7695,1198.6171
2019-10-28,1212.3125,1236.9641,1211.7646,1233.4033
2019-10-29,1247.9203,1253.3985,1226.2817,1232.5815
2019-10-30,1212.0384,1216.6947,1195.3300,1204.0951
2019-10-31,1214.5038,1218.8864,1188.7565,1209.2996
2019-11-01,1174.5133,1220.8035,1170.6785,1218.6123
2019-11-05,1245.4550,1252.3027,1214.5035,1216.4209
2019-11-06,1224.9118,1239.1550,1204.0950,1206.8340
2019-11-07,1206.8340,1221.3512,1205.4645,1213.9557
2019-11-08,1226.0075,1226.0075,1189.0301,1193.1387
2019-11-11,1197.2478,1205.1910,1192.5914,1197.7955
2019-11-12,1199.4389,1211.7647,1198.0694,1209.2996
2019-11-13,1209.5735,1219.9820,1202.4520,1212.3126
2019-11-14,1215.8730,1228.7467,1213.1340,1218.3381
2019-11-15,1219.9817,1246.2768,1208.2038,1246.0029
2019-11-18,1248.7418,1274.7630,1247.0984,1268.7371
2019-11-19,1262.7111,1263.2590,1245.7289,1252.8505
2019-11-20,1243.5378,1252.5767,1228.7468,1233.1293
2019-11-21,1210.6688,1210.6688,1174.2392,1190.6736
2019-11-22,1175.0612,1209.5735,1172.3221,1199.9868
2019-11-25,1216.1471,1222.9948,1206.5604,1216.1471
2019-11-26,1242.9900,1249.2899,1225.1861,1249.2899
2019-11-27,1239.1553,1250.1116,1238.6075,1246.8247
2019-11-28,1251.7550,1254.7680,1238.6075,1240.5248
2019-11-29,1245.4548,1249.5634,1233.1290,1238.0593
2019-12-02,1248.1942,1255.3157,1234.7727,1236.4161
2019-12-03,1219.1597,1238.8810,1213.1338,1238.8810
2019-12-04,1226.5552,1234.2247,1218.3380,1225.7335
2019-12-05,1234.7727,1236.6901,1217.7905,1229.0206
2019-12-06,1232.5814,1244.3594,1229.5684,1231.4857
2019-12-09,1241.3465,1242.9899,1227.3772,1227.3772
2019-12-10,1224.3643,1225.7338,1211.2168,1218.8862
2019-12-11,1227.1035,1236.4163,1223.5427,1228.4730
2019-12-12,1243.5378,1288.4585,1242.7161,1288.1846
2019-12-13,1335.2964,1367.3435,1333.1052,1363.7827
2019-12-16,1359.6744,1373.9176,1351.4572,1364.6047
2019-12-17,1369.5352,1373.3700,1348.7183,1349.5400
2019-12-18,1349.5399,1363.5092,1332.8316,1337.2141
2019-12-19,1335.0228,1335.2967,1309.2756,1309.8234
2019-12-20,1313.3840,1327.0793,1310.3710,1312.0144
2019-12-23,1327.6271,1333.3792,1310.0971,1310.3710
2019-12-24,1309.2755,1309.8233,1295.3063,1301.6061
2019-12-25,1296.1279,1299.9626,1287.9107,1297.2235
2019-12-26,1303.7973,1315.8493,1299.9626,1312.2885
2019-12-27,1320.2318,1322.9709,1307.6322,1307.9060
2019-12-30,1307.6320,1313.9318,1289.2802,1310.6449
2020-01-06,1293.1151,1297.4977,1278.0503,1279.4198
2020-01-07,1286.8151,1292.0193,1274.4893,1288.1846
2020-01-08,1264.0808,1285.7194,1253.1245,1275.8588
2020-01-09,1301.3320,1342.6920,1301.3320,1341.3225
2020-01-10,1352.8264,1375.0128,1345.1570,1360.7697
2020-01-14,1393.9127,1400.4865,1376.6566,1385.9694
2020-01-15,1384.3260,1391.7215,1363.5091,1369.5350
2020-01-16,1346.5269,1373.3698,1342.1444,1372.2742
2020-01-17,1403.4994,1406.7863,1368.4394,1370.9045
2020-01-20,1364.6045,1382.9563,1364.0568,1379.3955
2020-01-21,1373.9174,1376.1086,1345.4311,1347.6223
2020-01-22,1358.5785,1377.7520,1350.6352,1376.1085
2020-01-23,1368.7133,1383.7782,1364.3309,1369.8090
2020-01-24,1386.7912,1395.0084,1369.5351,1381.0392
2020-01-27,1345.7053,1360.2224,1339.6794,1341.5967
2020-01-28,1314.2058,1331.1880,1309.5493,1329.5446
2020-01-29,1342.1443,1361.5916,1332.0097,1357.4830
2020-01-30,1369.2610,1372.5479,1306.5363,1312.0144
2020-01-31,1347.6224,1350.9093,1299.6886,1342.1443
2020-02-03,1294.2107,1322.6970,1285.7195,1318.5884
2020-02-04,1318.0404,1346.5267,1307.9058,1341.3225
2020-02-05,1368.7132,1369.5349,1347.0746,1347.0746
2020-02-06,1355.5658,1359.6744,1339.9531,1344.8834
2020-02-07,1346.5267,1354.1961,1328.9967,1333.9270
2020-02-10,1314.7536,1341.5964,1312.5624,1332.5575
2020-02-12,1350.9093,1379.1217,1345.4311,1379.1217
2020-02-13,1391.4476,1417.4688,1385.4216,1408.1559
2020-02-14,1404.8690,1413.0862,1396.3779,1407.0603
2020-02-17,1395.0084,1403.2256,1380.7653,1392.2694
2020-02-18,1375.0132,1375.0132,1320.7796,1325.9838
2020-02-19,1357.2091,1379.1217,1339.9530,1377.2043
2020-02-20,1399.3907,1405.6905,1366.7958,1378.5737
2020-02-21,1372.8218,1387.0650,1359.9482,1361.0438
2020-02-25,1292.8411,1341.3226,1292.2932,1330.3663
2020-02-26,1323.5185,1328.7227,1299.6886,1322.9707
2020-02-27,1329.5446,1333.1054,1289.0063,1294.4845
2020-02-28,1255.8635,1261.3416,1207.3819,1222.9946
2020-03-02,1213.4078,1290.1018,1208.4775,1278.0499
2020-03-03,1305.4407,1305.9886,1252.0288,1253.3984
2020-03-04,1226.0077,1267.6415,1223.2686,1251.7550
2020-03-05,1267.0939,1277.7763,1244.3596,1257.7810
2020-03-06,1243.5378,1252.3028,1221.6251,1229.0206
2020-03-09,1183.2781,1186.2911,1152.0527,1162.4612
2020-03-10,1153.1485,1212.5862,1107.1321,1207.6559
2020-03-11,1195.3301,1206.2864,1140.0010,1141.3705
2020-03-12,1107.6801,1148.7662,1089.0545,1102.4758
2020-03-13,1007.9779,1102.4759,972.3701,1032.0818
2020-03-16,1040.8464,1061.3895,983.0521,996.4735
2020-03-17,978.1217,1034.2725,942.7877,983.5998
2020-03-18,1027.4251,1027.9729,977.0262,982.2305
2020-03-19,1004.1430,1007.4299,897.3192,904.4408
2020-03-23,907.1800,948.5399,896.7715,937.3097
2020-03-24,1040.8465,1106.3103,1026.3294,1106.3103
2020-03-25,1186.0172,1188.7562,1096.9974,1159.7222
2020-03-26,1137.2619,1176.1568,1103.8453,1113.1581
2020-03-27,1161.3657,1173.6915,1135.8923,1169.5829
2020-03-30,1116.5265,1154.6626,1112.3510,1129.8881
2020-03-31,1157.7246,1162.4568,1118.1966,1133.2284
2020-04-01,1122.0937,1134.8985,1077.2768,1088.9681
2020-04-02,1082.2874,1109.2890,1053.6157,1081.7307
2020-04-03,1121.8155,1134.8986,1070.5961,1091.4735
2020-04-06,1093.7005,1166.0757,1078.9471,1164.4055
2020-04-07,1245.6881,1252.0906,1191.4068,1230.6564
2020-04-08,1231.4914,1268.7925,1213.9543,1259.3280
2020-04-09,1271.8543,1277.1433,1247.6365,1277.1433
2020-04-10,1296.3509,1296.3509,1245.9666,1260.7200
2020-04-13,1244.0178,1262.3899,1212.5624,1213.1191
2020-04-14,1233.1617,1269.9060,1219.8001,1261.2767
2020-04-15,1264.6171,1275.7516,1240.1208,1244.5747
2020-04-16,1230.0997,1259.0497,1216.4597,1256.5444
2020-04-17,1291.6185,1311.1042,1281.5974,1304.9801
2020-04-20,1291.0619,1313.8880,1286.0513,1294.1239
2020-04-21,1276.5866,1279.9270,1243.7395,1252.3688
2020-04-22,1247.6367,1253.4824,1218.4083,1233.4401
2020-04-23,1237.6155,1246.8016,1219.5218,1224.8107
2020-04-24,1201.9848,1212.2843,1183.8909,1186.3962
2020-04-27,1191.4067,1222.0270,1191.1284,1218.4082
2020-04-28,1207.2739,1234.5538,1207.2739,1229.5432
2020-04-30,1269.3490,1286.8861,1245.4096,1277.1433
2020-05-01,1230.6564,1244.8530,1202.8198,1206.7169
2020-05-07,1201.4279,1251.2555,1200.3145,1244.8530
2020-05-08,1252.6474,1265.1739,1233.7185,1252.0907
2020-05-11,1266.0089,1284.9377,1253.7608,1264.8954
2020-05-12,1273.2463,1287.7214,1267.4007,1277.9786
2020-05-13,1258.2147,1268.2359,1245.6883,1266.8441
2020-05-14,1257.6578,1257.9362,1226.2025,1228.9861
2020-05-15,1267.1222,1277.1434,1237.8938,1254.0389
2020-05-18,1221.1922,1230.0998,1202.5416,1208.1089
2020-05-19,1241.7913,1244.0182,1214.2330,1214.2330
2020-05-20,1219.8001,1246.5232,1218.6867,1239.8424
2020-05-21,1247.0803,1253.4827,1223.6975,1229.5432
2020-05-22,1236.5020,1238.7290,1219.2433,1231.7698
2020-05-25,1248.4719,1251.2556,1236.5021,1249.3070
2020-05-26,1272.1329,1278.8137,1259.8847,1263.5035
2020-05-27,1235.6669,1242.9045,1209.5006,1218.6866
2020-05-28,1229.8215,1229.8215,1211.7277,1229.5432
2020-05-29,1218.6867,1225.9242,1196.9741,1196.9741
2020-06-01,1214.7896,1250.9772,1206.9954,1250.1421
2020-06-02,1247.0802,1263.7822,1239.2859,1262.3903
2020-06-03,1278.8139,1295.5158,1263.2253,1275.1951
2020-06-04,1297.1858,1304.1449,1285.2160,1290.7833
2020-06-05,1293.2885,1329.4762,1288.8348,1327.2493
2020-06-08,1351.1889,1356.1995,1339.4975,1346.7350
2020-06-09,1338.3842,1340.6112,1305.5371,1310.2693
2020-06-10,1308.3207,1342.2814,1304.9803,1329.4766
2020-06-11,1318.0634,1336.9923,1307.4854,1308.8773
2020-06-12,1270.1844,1292.7320,1243.7396,1289.6700
2020-06-15,1274.9164,1279.3703,1218.1298,1218.1298
2020-06-16,1258.2145,1287.9998,1254.8741,1284.3810
2020-06-17,1277.1437,1295.5158,1269.3494,1283.8245
2020-06-18,1290.5052,1295.7941,1276.3085,1291.8970
2020-06-19,1342.2813,1388.2117,1334.4871,1384.0363
2020-06-22,1397.3978,1417.1618,1375.1285,1396.5627
2020-06-23,1419.6669,1431.9150,1395.1707,1421.8938
2020-06-24,1414.3781,1426.9046,1410.2026,1419.3887
2020-06-25,1411.3161,1427.7397,1406.5839,1422.1724
2020-06-26,1433.5852,1479.2373,1428.0179,1468.9377
2020-06-29,1447.5035,1477.8453,1443.6063,1451.6790
2020-06-30,1485.3616,1486.4751,1466.4327,1472.0000
2020-07-01,1492.0423,1545.4886,1489.8154,1544.0968
2020-07-02,1569.9845,1569.9845,1530.1782,1554.9528
2020-07-03,1556.3447,1603.9453,1546.6019,1598.9347
2020-07-06,1603.3885,1645.9785,1603.3885,1642.3597
2020-07-07,1659.6187,1689.1255,1650.4326,1666.8562
2020-07-08,1653.7727,1672.9800,1650.9890,1659.6184
2020-07-09,1664.6290,1677.4338,1655.9997,1661.0103
2020-07-10,1661.0104,1693.5792,1647.6488,1648.4839
2020-07-13,1659.3403,1660.4538,1616.4719,1629.5552
2020-07-14,1601.7184,1621.4824,1592.2539,1605.8939
2020-07-15,1614.5234,1628.4417,1599.4916,1624.8229
2020-07-16,1586.6865,1591.9755,1568.8710,1583.3461
2020-07-17,1592.2540,1612.8532,1576.9440,1583.6248
2020-07-20,1602.2750,1633.1737,1596.9861,1621.2040
2020-07-21,1651.2676,1665.1859,1632.3386,1659.0618
2020-07-22,1643.7516,1659.8967,1636.2357,1651.2675
2020-07-27,1614.5230,1622.0389,1593.0887,1607.2854
2020-07-28,1625.3797,1635.1224,1603.3887,1612.2964
2020-07-29,1647.9273,1669.3615,1592.2540,1609.2344
2020-07-30,1619.5338,1628.7199,1599.7698,1599.7698
2020-07-31,1605.8940,1609.2344,1571.0982,1603.3887
2020-08-03,1614.5234,1622.8744,1592.8108,1612.2964
2020-08-04,1636.7927,1655.1649,1620.3691,1621.4825
2020-08-05,1620.3691,1626.7715,1606.7291,1624.8229
2020-08-06,1609.7911,1609.7911,1588.6353,1590.3055
2020-08-07,1571.0978,1573.8814,1534.3535,1555.5093
2020-08-11,1548.5505,1562.7471,1530.1783,1559.4067
2020-08-12,1542.1481,1551.3342,1531.2918,1549.9424
2020-08-13,1588.9135,1616.1935,1584.1813,1598.0996
2020-08-14,1602.8319,1604.5021,1579.7275,1597.2645
2020-08-17,1591.1405,1604.7804,1586.1299,1595.0376
2020-08-18,1610.3477,1628.9981,1601.4399,1613.4097
2020-08-19,1601.7184,1608.1208,1580.2843,1599.2131
2020-08-20,1587.2433,1590.0270,1544.3750,1546.0452
2020-08-21,1561.3552,1578.8923,1550.4989,1557.4581
2020-08-24,1533.7971,1556.0665,1531.0135,1549.9424
2020-08-25,1569.4280,1569.4280,1549.3857,1552.7261
2020-08-26,1557.1797,1563.8605,1551.0557,1556.3446
2020-08-27,1556.3447,1566.3658,1542.9831,1566.3658
2020-08-28,1543.8182,1548.5505,1498.7229,1511.8062
2020-08-31,1539.6428,1540.1996,1511.2494,1511.5278
2020-09-01,1536.5808,1544.0967,1523.2193,1531.8486
2020-09-02,1544.6534,1554.1179,1530.4567,1553.5612
2020-09-03,1581.3976,1593.3673,1565.8091,1568.8711
2020-09-04,1521.5490,1536.3024,1515.4250,1526.0029
2020-09-07,1498.1662,1501.7850,1468.6593,1469.7728
2020-09-08,1476.7320,1480.9075,1450.2872,1479.2373
2020-09-09,1434.6988,1450.5657,1432.1935,1448.8955
2020-09-10,1469.7728,1470.0512,1421.0587,1424.6775
2020-09-11,1423.8424,1435.2554,1406.5837,1424.6775
2020-09-14,1418.8320,1428.2965,1406.5839,1422.1724
2020-09-15,1444.1632,1459.7517,1434.4203,1438.5958
2020-09-16,1446.6686,1456.4114,1439.7094,1456.4114
2020-09-17,1467.5460,1468.3811,1447.2252,1456.9680
2020-09-18,1458.6383,1468.1028,1454.7413,1461.7004
2020-09-23,1466.1541,1501.2282,1466.1541,1498.7229
2020-09-24,1505.6820,1535.1889,1496.4959,1528.7864
2020-09-25,1542.1481,1543.8183,1522.6626,1531.2919
2020-09-28,1541.5913,1542.4264,1492.3205,1504.5686
2020-09-29,1519.8032,1575.6638,1516.6998,1568.6107
2020-09-30,1560.1470,1576.5102,1539.8341,1542.0911
2020-10-02,1550.5550,1584.4099,1550.5550,1555.3511
2020-10-05,1555.3509,1562.6862,1520.3676,1530.5240
2020-10-06,1538.9878,1539.5520,1520.3676,1526.2922
2020-10-07,1519.8032,1562.1219,1518.9569,1555.0688
2020-10-08,1560.1471,1613.7506,1560.1471,1612.6222
2020-10-09,1629.2677,1629.8319,1595.6950,1604.1587
2020-10-12,1605.5691,1619.3933,1600.2088,1603.0300
2020-10-13,1611.4936,1621.9323,1604.1584,1621.9323
2020-10-14,1627.8569,1667.3542,1627.2926,1663.4045
2020-10-15,1638.8595,1665.9435,1632.3706,1661.4294
2020-10-16,1658.0443,1667.3544,1627.8570,1637.1671
2020-10-19,1632.3709,1650.4269,1632.3709,1639.4241
2020-10-20,1647.6054,1671.0218,1642.2451,1654.0944
2020-10-21,1654.3766,1660.0191,1641.6810,1641.9631
2020-10-22,1631.8066,1650.4268,1630.3960,1650.4268
2020-10-23,1638.2953,1641.1166,1605.0047,1605.2867
2020-10-26,1616.2898,1619.3932,1594.0020,1603.3121
2020-10-27,1589.2059,1609.8010,1582.4349,1607.5441
2020-10-28,1590.0522,1624.4714,1590.0522,1623.9071
2020-10-29,1603.5944,1638.5778,1599.6447,1636.0387
2020-10-30,1652.9661,1653.2482,1573.4070,1574.2534
2020-11-02,1582.4351,1584.6922,1544.6305,1573.1250
2020-11-04,1594.0019,1602.4656,1570.8677,1574.8174
2020-11-05,1608.1082,1660.3012,1608.1082,1639.1418
2020-11-06,1615.4434,1647.6056,1614.0328,1638.0134
2020-11-09,1654.0944,1699.5164,1653.2480,1689.0778
2020-11-10,1687.3849,1699.5163,1654.3764,1662.8401
2020-11-11,1652.9660,1695.0024,1647.8877,1683.7175
2020-11-12,1707.4159,1715.3153,1689.3599,1705.1588
2020-11-13,1706.8518,1757.6343,1699.5166,1750.8633
2020-11-16,1790.3606,1849.0426,1785.2823,1837.7574
2020-11-17,1843.9643,1886.8470,1840.0144,1862.0201
2020-11-18,1825.9082,1851.2994,1814.0590,1826.4725
2020-11-19,1805.0311,1811.2378,1781.3327,1794.3103
2020-11-20,1797.1313,1821.9584,1794.3101,1813.4946
2020-11-24,1872.7408,1924.0873,1867.6626,1915.0594
2020-11-25,1921.2661,1943.2718,1906.0314,1912.2380
2020-11-26,1918.4449,1974.8696,1915.6235,1974.8696
2020-11-27,1972.0485,1988.4116,1947.7857,1986.7189
2020-11-30,2020.0096,2029.0374,1986.7188,2001.3894
2020-12-01,2018.8812,2079.8201,2017.1885,2071.9207
2020-12-02,2105.7757,2108.5969,2062.3286,2079.2561
2020-12-03,2079.2559,2129.4740,2076.4345,2118.7532
2020-12-04,2088.8481,2095.0547,2038.6300,2052.7361
2020-12-07,2080.3838,2100.1324,2060.0708,2081.5122
2020-12-08,2079.8200,2123.8314,2062.8926,2107.4683
2020-12-09,2100.6973,2120.4459,2080.9486,2097.3118
2020-12-10,2064.5851,2069.6633,2041.4510,2054.9929
2020-12-11,2035.8085,2064.0211,2035.8085,2051.0432
2020-12-14,2057.2495,2080.9480,2046.5288,2070.7915
2020-12-15,2042.0154,2062.8925,2034.1158,2056.6858
2020-12-16,2074.1772,2076.4340,2044.8362,2048.2217
2020-12-17,2056.6861,2103.5187,2053.8649,2101.8259
2020-12-18,2060.0713,2078.1272,2035.8085,2045.4009
2020-12-21,2058.9427,2070.2276,2036.3727,2056.1213
2020-12-22,2048.2222,2064.0213,2030.1664,2034.1160
2020-12-23,2050.4790,2062.8923,2034.6800,2062.8923
2020-12-24,2056.6854,2062.3280,2049.3501,2059.5066
2020-12-25,2065.1495,2065.1495,2052.7360,2053.3003
2020-12-28,2049.9150,2111.4182,2049.3507,2109.1611
2020-12-29,2115.9320,2189.2844,2110.8538,2181.3848
2020-12-30,2172.3572,2193.7985,2154.3011,2166.7146
2021-01-04,2149.7867,2161.6359,2117.0602,2139.0659
2021-01-05,2139.0657,2203.3900,2137.9373,2193.7979
2021-01-06,2195.4911,2205.6476,2152.6082,2159.3792
2021-01-07,2181.9488,2209.0327,2167.8425,2209.0327
2021-01-08,2256.9940,2309.4691,2250.7871,2295.3628
2021-01-12,2294.2344,2335.9887,2282.3852,2302.1338
2021-01-13,2339.3745,2443.1963,2330.9108,2423.4475
2021-01-14,2398.6208,2464.6379,2342.7602,2383.9504
2021-01-15,2484.3861,2519.9338,2443.7602,2477.0510
2021-01-18,2416.1118,2464.6371,2389.5920,2438.6816
2021-01-19,2449.9670,2496.7995,2447.7099,2490.0286
2021-01-20,2527.8331,2543.6319,2495.1066,2512.5984
2021-01-21,2516.5479,2525.0117,2459.5589,2494.5422
2021-01-22,2479.3075,2493.4137,2455.0449,2455.0449
2021-01-25,2473.6654,2481.5648,2449.9670,2481.0005
2021-01-26,2482.6933,2548.7104,2479.8721,2505.8276
2021-01-27,2461.2520,2513.7271,2423.4473,2477.0510
2021-01-28,2381.1287,2429.6543,2362.5085,2362.5085
2021-01-29,2402.0060,2418.9335,2236.1170,2246.2734
2021-02-01,2207.9047,2302.1341,2200.5694,2273.3574
2021-02-02,2313.4184,2340.5023,2274.4852,2321.8821
2021-02-03,2356.3018,2356.8661,2290.8490,2303.8267
2021-02-04,2246.2729,2276.1780,2232.7310,2244.0159
2021-02-05,2280.1281,2294.7984,2248.5302,2286.3347
2021-02-08,2278.9993,2338.2454,2250.7868,2321.8821
2021-02-09,2363.6367,2375.4859,2339.3739,2365.8936
2021-02-10,2359.1230,2372.1009,2327.5252,2339.9387
2021-02-12,2404.2627,2458.4306,2383.3855,2425.7041
2021-02-15,2455.0458,2462.9452,2433.0401,2457.8669
2021-02-16,2475.9221,2521.6262,2466.3299,2488.8999
2021-02-17,2463.5092,2465.2020,2407.0843,2434.1682
2021-02-18,2408.7770,2443.1962,2402.0060,2419.4978
2021-02-19,2394.1065,2471.4084,2392.9778,2456.7380
2021-02-22,2491.1571,2622.6272,2488.9003,2612.4707
2021-02-24,2546.4538,2603.4429,2525.5766,2540.8113
2021-02-25,2606.8283,2641.8117,2550.9677,2578.6160
2021-02-26,2475.3583,2522.1909,2454.4811,2457.3022
2021-03-01,2536.2964,2553.7880,2497.9274,2508.6482
2021-03-02,2548.1462,2566.7664,2483.8219,2490.0286
2021-03-03,2458.9950,2481.5650,2431.3470,2459.5593
2021-03-04,2398.6206,2437.5537,2385.6429,2399.7490
2021-03-05,2336.5533,2352.3521,2278.4357,2340.5029
2021-03-08,2386.7712,2397.4920,2312.2904,2313.9832
2021-03-09,2243.4523,2337.1174,2213.5469,2306.6479
2021-03-10,2369.8440,2391.2853,2291.4133,2293.6704
2021-03-11,2261.5082,2284.0782,2227.0890,2280.1284
2021-03-12,2319.6255,2387.3353,2310.0331,2382.2571
2021-03-15,2377.1790,2380.0002,2322.4468,2345.0168
2021-03-16,2373.2290,2413.8549,2368.7151,2381.1284
2021-03-17,2398.6202,2431.9108,2361.9441,2375.4861
2021-03-18,2429.6539,2486.6430,2426.2684,2440.3745
2021-03-19,2369.8437,2393.5421,2351.7878,2377.1790
2021-03-22,2358.5588,2370.4080,2337.6815,2341.6313
2021-03-23,2398.0561,2430.7826,2371.5365,2376.6147
2021-03-24,2427.9616,2530.0904,2424.0117,2496.7998
2021-03-25,2457.3023,2481.5650,2396.3634,2459.5593
2021-03-26,2499.0564,2526.1403,2464.6371,2497.9277
2021-03-29,2576.9230,2605.6996,2564.5094,2580.8726
2021-03-30,2619.6547,2656.6715,2613.9598,2650.9766
2021-03-31,2690.8409,2694.8274,2644.1426,2664.6443
2021-04-01,2733.5531,2801.8919,2730.1361,2789.3630
2021-04-02,2878.7733,2911.8038,2859.9802,2873.0784
2021-04-05,2921.4845,2921.4845,2877.0643,2883.3286
2021-04-06,2873.0778,2879.9117,2813.2813,2817.8374
2021-04-07,2777.9735,2838.3396,2775.1261,2804.7395
2021-04-08,2783.6680,2842.8949,2768.2918,2838.9084
2021-04-09,2850.8681,2871.3698,2823.5326,2832.0750
2021-04-12,2842.8951,2846.3121,2807.5868,2816.1292
2021-04-13,2796.7664,2845.1732,2768.8613,2816.1292
2021-04-14,2810.4338,2846.3117,2808.1558,2842.3252
2021-04-15,2784.8069,2805.8781,2769.4307,2787.0850
2021-04-16,2822.9632,2826.3802,2793.9192,2797.3362
2021-04-19,2807.5868,2854.2849,2801.8918,2850.2986
2021-04-20,2796.1966,2812.1424,2784.8069,2784.8069
2021-04-21,2742.0951,2763.7356,2697.6749,2701.0918
2021-04-22,2780.8205,2824.6714,2771.1392,2824.6714
2021-04-23,2779.1124,2783.6685,2736.4006,2783.6685
2021-04-26,2785.3768,2803.0309,2779.6819,2793.9192
2021-04-27,2829.7969,2850.2985,2792.2105,2795.6274
2021-04-28,2781.9599,2828.6580,2775.1260,2811.0039
2021-04-30,2801.8916,2809.8644,2734.6917,2751.7764
2021-05-06,2714.1906,2781.9601,2671.4789,2776.2651
2021-05-07,2801.8915,2855.9930,2778.5424,2842.3252
2021-05-10,2860.5496,2887.3156,2846.3123,2850.8682
2021-05-11,2771.7089,2784.8071,2719.3157,2733.5530
2021-05-12,2760.8884,2783.0986,2615.0989,2646.9905
2021-05-13,2554.1636,2578.6517,2518.2857,2522.8416
2021-05-14,2585.4857,2646.9907,2584.3466,2643.0042
2021-05-17,2682.2985,2684.0069,2526.8277,2545.6208
2021-05-18,2564.4140,2586.6242,2528.5362,2578.6514
2021-05-19,2523.9805,2575.8040,2505.7567,2559.8584
2021-05-20,2557.0106,2619.0851,2545.6209,2612.2512
2021-05-21,2664.0749,2669.7697,2618.5156,2646.4207
2021-05-24,2627.6276,2658.9497,2617.9464,2623.0718
2021-05-25,2662.9362,2682.8684,2637.3091,2669.2007
2021-05-26,2665.7841,2694.8281,2661.7976,2674.3264
2021-05-27,2660.0885,2689.1325,2650.9766,2683.4375
2021-05-28,2705.0788,2754.6244,2687.9941,2750.0684
2021-05-31,2752.3462,2771.7090,2748.9293,2771.1394
2021-06-01,2790.5021,2798.4749,2742.6650,2772.2783
2021-06-02,2766.0140,2768.2920,2735.2615,2752.9158
2021-06-03,2738.6785,2807.5869,2735.2615,2804.1699
2021-06-04,2779.1118,2792.7795,2752.3458,2759.1797
2021-06-07,2814.9898,2820.6847,2757.4713,2764.8748
2021-06-08,2790.5023,2796.7666,2746.0821,2748.9294
2021-06-09,2706.7867,2707.9256,2654.3935,2666.3528
2021-06-10,2653.8245,2720.4549,2648.1296,2709.0649
2021-06-11,2722.1634,2755.7632,2709.0650,2726.7192
2021-06-14,2747.7904,2772.2783,2730.1361,2772.2783
2021-06-15,2796.7660,2818.9761,2785.3762,2818.9761
2021-06-16,2796.1969,2801.3223,2771.1394,2789.3630
2021-06-17,2760.8886,2804.1699,2743.2343,2803.6003
2021-06-18,2832.6441,2853.7153,2813.2814,2822.3933
2021-06-21,2742.6650,2767.1529,2687.9939,2709.0649
2021-06-22,2739.2477,2756.3324,2718.7461,2751.7764
2021-06-23,2764.8754,2781.9601,2743.2346,2776.2651
2021-06-24,2784.2371,2792.2101,2759.1796,2769.4304
2021-06-25,2797.3358,2811.0036,2785.3765,2788.7935
2021-06-28,2775.6953,2779.1123,2742.0955,2743.2344
2021-06-29,2773.4177,2779.6820,2735.8313,2737.5398
2021-06-30,2736.9702,2752.3465,2734.6922,2738.1091
2021-07-01,2725.0106,2741.5257,2702.8005,2730.1360
2021-07-02,2693.6887,2703.3701,2662.3669,2672.6177
2021-07-05,2682.8685,2684.0074,2660.6584,2672.6177
2021-07-06,2669.2007,2684.0074,2658.3804,2672.6177
2021-07-07,2640.1566,2676.6038,2629.9057,2661.7971
2021-07-08,2629.9056,2639.5868,2585.4853,2600.8616
2021-07-09,2562.1367,2618.5163,2552.4554,2610.5435
2021-07-12,2648.1293,2660.0886,2632.1835,2660.0886
2021-07-13,2665.2140,2670.9090,2637.8785,2642.4343
2021-07-14,2626.4887,2662.3666,2605.4175,2641.2954
2021-07-15,2640.7257,2648.6987,2623.6410,2633.8918
2021-07-16,2600.2923,2614.5297,2551.8856,2591.1804
2021-07-19,2554.1636,2571.2483,2527.3976,2537.0789
2021-07-20,2520.5638,2575.2349,2517.7162,2527.3977
2021-07-21,2558.1503,2570.6789,2524.5502,2551.3164
2021-07-26,2626.4889,2626.4889,2578.6517,2583.7771
2021-07-27,2568.4010,2600.8619,2556.4417,2592.3196
2021-07-28,2552.4552,2557.0111,2512.5908,2527.3977
2021-07-29,2546.7600,2593.4582,2540.4956,2590.6108
2021-07-30,2595.7360,2598.5834,2555.3021,2558.1497
2021-08-02,2618.5156,2654.9631,2609.4039,2650.9766
2021-08-03,2656.1022,2668.6310,2629.3362,2647.5598
2021-08-04,2631.6142,2645.8513,2608.2650,2645.8513
2021-08-05,2668.0613,2704.5088,2666.9224,2704.5088
2021-08-06,2682.2988,2699.3835,2672.0480,2699.3835
2021-08-10,2699.3836,2717.0379,2673.1870,2687.9939
2021-08-11,2644.1432,2651.5467,2609.4045,2621.9331
2021-08-12,2566.6919,2599.1528,2546.7596,2582.0681
2021-08-13,2541.0651,2557.0107,2519.9939,2534.2312
2021-08-16,2566.6930,2574.0962,2537.6490,2558.7200
2021-08-17,2629.9054,2635.0308,2539.9258,2539.9258
2021-08-18,2506.3262,2538.7871,2482.9772,2524.5498
2021-08-19,2467.6014,2489.8115,2438.5574,2438.5574
2021-08-20,2459.6282,2481.2690,2430.0149,2445.3911
2021-08-23,2450.5165,2516.5773,2448.2385,2510.8823
2021-08-24,2562.7058,2576.3735,2544.4822,2560.9973
2021-08-25,2556.4413,2575.2344,2538.7870,2548.4683
2021-08-26,2568.9700,2612.8209,2566.6921,2601.4309
2021-08-27,2605.4175,2625.3496,2588.3328,2624.2107
2021-08-30,2676.6042,2684.5772,2637.3093,2652.1162
2021-08-31,2654.3938,2691.9802,2632.1837,2690.2717
2021-09-01,2689.1328,2711.3429,2674.3261,2703.9395
2021-09-02,2716.4683,2747.7903,2715.8987,2735.2615
2021-09-03,2768.2921,2806.4478,2755.7632,2789.9326
2021-09-06,2854.2847,2861.6882,2830.9357,2857.7017
2021-09-07,2883.3289,2904.4001,2875.9256,2885.0374
2021-09-08,2875.9252,2952.8064,2870.2303,2952.8064
2021-09-09,2924.9014,2983.5590,2918.0676,2961.3489
2021-09-10,3000.0741,3109.9858,2993.2402,3106.5688
2021-09-13,3176.6163,3190.2841,3115.1114,3153.2671
2021-09-14,3181.7419,3184.0198,3136.1826,3166.9351
2021-09-15,3160.6705,3225.5924,3160.6705,3215.9111
2021-09-16,3218.1889,3236.9821,3084.9282,3117.9587
2021-09-17,3117.3890,3181.1720,3116.2501,3156.6838
2021-09-21,3052.4672,3123.6536,3042.2164,3079.2334
2021-09-22,3078.0946,3100.3047,3063.2879,3067.2744
2021-09-24,3136.1826,3137.8911,3089.4845,3099.7354
2021-09-27,3092.3311,3102.5820,3066.1345,3098.5955
2021-09-28,3090.0541,3090.0541,3026.8407,3066.1355
2021-09-29,2955.6444,2993.6851,2932.0129,2939.5059
2021-09-30,2899.1597,2910.6873,2844.4043,2862.8481
2021-10-01,2839.2167,2922.2145,2802.9052,2818.4673
2021-10-04,2848.4390,2851.8973,2712.9911,2717.6021
2021-10-05,2636.9097,2673.7977,2577.5431,2658.2356
2021-10-06,2720.4838,2729.7056,2594.8342,2602.9036
2021-10-07,2634.6045,2689.3602,2617.8898,2644.9792
2021-10-08,2740.0805,2757.3717,2677.8321,2730.8586
2021-10-11,2703.7692,2746.4210,2659.9649,2698.0056
2021-10-12,2692.2419,2738.3517,2670.3398,2681.8672
2021-10-13,2632.2990,2687.0544,2600.5984,2636.9099
2021-10-14,2697.4289,2778.1212,2684.1724,2773.5103
2021-10-15,2854.2025,2861.6954,2808.0927,2855.9316
2021-10-18,2850.7442,2889.9378,2831.1476,2882.4448
2021-10-19,2905.5001,2961.4082,2900.8890,2936.0479
2021-10-20,2997.1434,3005.7891,2923.3675,2937.2004
2021-10-21,2839.2172,2885.3270,2795.9891,2801.7529
2021-10-22,2833.4530,2948.1515,2830.5712,2925.0964
2021-10-25,2864.0012,2899.1599,2843.8280,2889.3616
2021-10-26,2953.3388,2969.4774,2934.8950,2957.3735
2021-10-27,2933.7426,2963.1377,2904.9240,2963.1377
2021-10-28,2974.0885,3036.3368,2963.7138,3023.0803
2021-10-29,3020.1984,3059.9682,2977.5468,3046.1353
2021-11-01,3109.5360,3176.3953,3093.3975,3176.3953
2021-11-02,3170.0550,3207.5192,3158.5274,3183.3115
2021-11-04,3256.5117,3274.9556,3227.1166,3242.1023
2021-11-05,3285.3302,3317.6070,3260.5460,3262.2751
2021-11-08,3291.0939,3322.7943,3278.9901,3303.1978
2021-11-09,3322.7943,3338.9328,3288.2119,3296.2812
2021-11-10,3251.9006,3284.7539,3220.2002,3227.6929
2021-11-11,3170.0556,3269.7682,3151.0352,3257.6643
2021-11-12,3272.6500,3326.2528,3258.2408,3321.6418
2021-11-15,3400.6050,3410.4035,3337.7804,3353.9187
2021-11-16,3353.9187,3404.0632,3314.7254,3400.6050
2021-11-17,3442.6803,3523.3725,3442.6803,3512.9978
2021-11-18,3515.8799,3523.9491,3464.5825,3493.4014
2021-11-19,3547.5802,3694.5555,3530.8652,3620.7795
2021-11-22,3583.3152,3642.6820,3570.0589,3633.4597
2021-11-24,3563.1422,3627.1197,3547.0035,3568.3296
2021-11-25,3602.3354,3623.0848,3553.9200,3589.6553
2021-11-26,3587.9264,3598.3011,3459.3950,3506.6577
2021-11-29,3459.3950,3566.6007,3458.8187,3492.8247
2021-11-30,3573.5175,3616.7455,3449.0205,3449.0205
2021-12-01,3479.5681,3510.1158,3419.6251,3454.2075
2021-12-02,3457.6659,3491.0957,3406.9452,3434.0347
2021-12-03,3415.5909,3419.0491,3312.9963,3417.8962
2021-12-06,3413.8613,3481.2970,3372.9386,3461.7002
2021-12-07,3482.4503,3553.9206,3443.8332,3526.8311
2021-12-08,3631.1544,3670.3480,3591.9609,3625.9670
2021-12-09,3595.9956,3650.7509,3579.8569,3609.8286
2021-12-10,3566.0238,3612.7101,3559.1073,3564.2947
2021-12-13,3606.3704,3624.2378,3579.8569,3613.2869
2021-12-14,3573.5171,3602.9122,3532.5945,3547.0037
2021-12-15,3527.4073,3544.6985,3499.7413,3537.2056
2021-12-16,3637.4947,3647.8694,3602.9122,3647.2927
2021-12-17,3560.2605,3593.1138,3531.4419,3531.4419
2021-12-20,3500.8939,3525.6780,3410.4033,3435.1873
2021-12-21,3507.8101,3591.3844,3490.5189,3586.1970
2021-12-22,3628.2725,3630.5783,3587.9265,3612.7104
2021-12-23,3631.1546,3659.9734,3618.4745,3659.9734
2021-12-24,3687.6390,3732.0195,3680.1459,3703.7773
2021-12-27,3740.6648,3783.8928,3735.4774,3781.0112
2021-12-28,3840.9540,3861.1272,3805.2191,3849.5996
2021-12-29,3832.8852,3835.7668,3763.1437,3812.1357
2021-12-30,3817.3230,3838.0725,3763.1436,3820.2046
2022-01-04,3877.8420,3986.7766,3876.6891,3943.5486
2022-01-05,3889.9462,3936.0558,3881.8768,3888.2170
2022-01-06,3804.0664,3842.6833,3747.0054,3747.0054
2022-01-07,3809.2538,3819.0523,3723.9507,3741.8181
2022-01-11,3684.1808,3712.9992,3612.1340,3616.7451
2022-01-12,3695.7083,3766.0261,3692.8268,3752.1931
2022-01-13,3744.1236,3785.6225,3723.3741,3765.4497
2022-01-14,3747.5815,3770.0601,3700.3190,3759.1091
2022-01-17,3800.0327,3820.2055,3771.2138,3775.8250
2022-01-18,3786.1992,3867.4679,3755.0750,3778.7061
2022-01-19,3665.7366,3665.7366,3518.7613,3549.8855
2022-01-20,3458.2424,3552.7679,3444.9859,3533.7473
2022-01-21,3400.6050,3412.1326,3253.0534,3314.7253
2022-01-24,3228.8455,3375.8208,3216.1652,3368.3279
2022-01-25,3377.5505,3410.4038,3250.7481,3277.8376
2022-01-26,3228.2690,3276.1079,3179.8536,3251.3240
2022-01-27,3304.9272,3314.1490,3077.8358,3093.9744
2022-01-28,3111.8416,3119.9110,2978.1231,3053.0515
2022-01-31,3072.6485,3189.6523,3036.9134,3154.4937
2022-02-01,3311.8433,3317.0307,3163.7152,3191.3811
2022-02-02,3223.0817,3293.9757,3208.0961,3256.5115
2022-02-03,3206.9431,3226.5399,3145.8477,3181.5828
2022-02-04,3149.3060,3231.7274,3147.0005,3229.9983
2022-02-07,3216.1654,3216.1654,3151.6115,3185.6177
2022-02-08,3204.0612,3242.6783,3186.1935,3198.2974
2022-02-09,3237.4914,3255.9352,3204.6381,3235.1858
2022-02-10,3306.0799,3344.6970,3250.7480,3293.9761
2022-02-14,3178.7009,3288.2118,3170.0553,3261.1223
2022-02-15,3282.4484,3292.2467,3176.9720,3182.7356
2022-02-16,3298.0109,3345.8498,3269.7685,3338.9333
2022-02-17,3322.2184,3394.8415,3315.8782,3355.6479
2022-02-18,3298.0109,3304.9273,3225.9640,3274.3794
2022-02-21,3137.7783,3205.2140,3107.2305,3178.1245
2022-02-22,3062.8498,3095.1266,3015.5870,3049.5930
2022-02-24,3027.1148,3103.7726,3020.1984,3083.5996
2022-02-25,3198.8741,3263.4280,3167.1735,3262.2751
2022-02-28,3204.6382,3274.3793,3164.2920,3214.4365
2022-03-01,3273.8030,3325.1002,3247.2898,3322.7947
2022-03-02,3253.0532,3304.3504,3231.1509,3256.5115
2022-03-03,3319.3365,3322.2185,3253.6299,3271.4976
2022-03-04,3228.2695,3235.1859,3108.3836,3146.4243
2022-03-07,3003.4834,3059.3917,2982.7339,2993.1086
2022-03-08,2892.8197,3036.9132,2888.2088,2981.5813
2022-03-09,2994.2613,3035.1840,2947.5750,2982.1575
2022-03-10,3097.4324,3125.6746,3069.1900,3125.6746
2022-03-11,3122.7926,3123.3690,2997.1432,3042.1003
2022-03-14,3042.1006,3136.0494,3041.5241,3081.8704
2022-03-15,3040.9475,3111.8414,3026.5383,3081.2937
2022-03-16,3138.9312,3181.0063,3095.1267,3181.0063
2022-03-17,3296.2810,3348.1547,3278.9898,3335.4744
2022-03-18,3341.2387,3374.0920,3305.5034,3363.7173
2022-03-22,3395.4175,3440.9510,3363.7170,3428.2708
2022-03-23,3508.9634,3563.1426,3500.8940,3558.5315
2022-03-24,3512.9978,3636.9180,3487.6374,3636.3418
2022-03-25,3717.6104,3727.9851,3612.7102,3659.3965
2022-03-28,3621.3559,3665.7369,3604.6414,3611.5579
2022-03-29,3669.1952,3674.9588,3584.4683,3627.6963
2022-03-30,3664.4514,3680.7870,3562.3531,3623.0286
2022-03-31,3607.8598,3715.7924,3578.1057,3690.1218
2022-04-01,3664.4518,3665.6184,3586.2736,3598.5254
2022-04-04,3546.6011,3573.4382,3490.5929,3502.8447
2022-04-05,3558.8527,3574.6050,3503.4278,3533.7656
2022-04-06,3445.0862,3446.2529,3390.2448,3405.4136
2022-04-07,3288.7299,3307.3992,3210.5519,3219.8865
2022-04-08,3255.4753,3288.7301,3203.5511,3233.3054
2022-04-11,3195.9667,3229.2215,3149.2933,3212.8857
2022-04-12,3177.2973,3204.7179,3142.8755,3144.0425
2022-04-13,3152.2103,3264.2267,3146.3761,3249.0579
2022-04-14,3278.2283,3344.1545,3272.9776,3308.5662
2022-04-15,3190.1324,3234.4723,3138.7917,3143.4590
2022-04-18,3104.3698,3165.0454,3100.2860,3160.9614
2022-04-19,3214.6359,3236.8059,3178.4640,3233.3054
2022-04-20,3291.6471,3298.0649,3188.9656,3193.0496
2022-04-21,3220.4701,3315.5674,3209.3851,3306.2327
2022-04-22,3220.4699,3249.6407,3194.7995,3236.8057
2022-04-25,3188.3818,3274.7278,3185.4648,3228.6377
2022-04-26,3296.3143,3296.3143,3242.0564,3245.5569
2022-04-27,3187.2150,3197.1331,3130.6234,3197.1331
2022-04-28,3179.6305,3242.6397,3156.2939,3236.8057
2022-05-02,3307.9829,3308.5664,3163.2952,3196.5500
2022-05-06,3203.5509,3228.0544,3142.2919,3228.0544
2022-05-09,3169.7124,3217.5528,3162.7114,3162.7114
2022-05-10,3124.7893,3137.0411,3037.2766,3118.3716
2022-05-11,3116.6217,3219.3035,3099.1192,3204.1345
2022-05-12,3139.9587,3192.4663,3099.7028,3150.4602
2022-05-13,3244.9738,3348.2389,3205.3014,3324.9021
2022-05-16,3422.9161,3429.3339,3314.9838,3326.6521
2022-05-17,3344.1550,3383.8276,3299.8153,3386.1611
2022-05-18,3450.3369,3508.0954,3439.8354,3483.0083
2022-05-19,3354.6562,3403.0801,3344.1547,3363.9910
2022-05-20,3395.4955,3424.6664,3350.5724,3406.5806
2022-05-23,3427.5835,3452.6703,3386.7441,3424.6663
2022-05-24,3415.9154,3449.7538,3397.2461,3397.2461
2022-05-25,3418.8322,3450.9201,3393.7452,3423.4995
2022-05-26,3396.0792,3405.9973,3326.0690,3341.8213
2022-05-27,3415.9153,3453.2542,3403.0802,3449.1702
2022-05-30,3500.5111,3501.6778,3438.0854,3485.9255
2022-05-31,3476.0071,3484.7583,3426.9999,3441.0020
2022-06-01,3419.9994,3428.1672,3387.9113,3404.2471
2022-06-02,3383.2437,3425.2498,3370.9919,3416.4985
2022-06-03,3464.3389,3498.1770,3455.0041,3498.1770
2022-06-06,3466.6724,3548.9344,3463.1719,3539.5999
2022-06-07,3529.6818,3532.0156,3461.4219,3464.9224
2022-06-08,3484.7587,3506.9285,3413.5817,3430.5007
2022-06-09,3354.6563,3382.0771,3314.9839,3355.2397
2022-06-10,3310.3166,3316.1506,3242.6399,3247.3074
2022-06-13,3130.6239,3162.1285,3076.3660,3076.3660
2022-06-14,2984.1856,3062.3636,2962.0157,3016.8569
2022-06-15,3017.4405,3052.4456,2975.4343,2975.4343
2022-06-16,3048.3615,3076.9491,2948.0136,2951.5142
2022-06-17,2811.4940,2846.4991,2771.2381,2802.7427
2022-06-20,2774.1548,2774.1548,2589.7945,2656.8877
2022-06-21,2698.3104,2760.7363,2630.0504,2724.5642
2022-06-22,2765.4038,2765.9873,2599.1295,2619.5491
2022-06-23,2604.3803,2691.3095,2586.8777,2621.8828
2022-06-24,2596.2125,2734.4827,2595.6290,2726.3147
2022-06-27,2767.1537,2799.8251,2708.2285,2786.9900
2022-06-28,2765.4038,2791.0741,2722.8141,2774.1550
2022-06-29,2709.3954,2715.8129,2666.8057,2695.3933
2022-06-30,2641.7191,2666.8060,2578.7099,2584.5439
2022-07-01,2596.2124,2606.7139,2457.9422,2488.8633
2022-07-04,2427.0207,2506.9492,2411.8519,2474.2776
2022-07-05,2492.9473,2536.1202,2464.9432,2483.6125
2022-07-06,2476.6112,2512.1998,2451.5242,2451.5242
2022-07-07,2470.1942,2523.8686,2427.0210,2498.1982
2022-07-08,2550.7059,2596.7958,2525.0353,2540.7876
2022-07-11,2533.7866,2545.4551,2469.0271,2505.7825
2022-07-12,2497.0312,2500.5317,2416.5194,2433.4387
2022-07-13,2448.6071,2483.0287,2440.4393,2466.6931
2022-07-14,2466.6936,2555.9566,2455.0250,2548.9556
2022-07-15,2551.2891,2581.0434,2485.9463,2511.0332
2022-07-19,2502.8652,2544.8713,2482.4456,2508.6995
2022-07-20,2610.7975,2654.5539,2603.7965,2631.2173
2022-07-21,2625.9667,2642.3022,2575.7925,2605.5469
2022-07-22,2624.7999,2646.9700,2594.4623,2640.5522
2022-07-25,2599.7132,2642.8861,2586.8779,2626.5503
2022-07-26,2610.2142,2639.3850,2590.9614,2597.3789
2022-07-27,2596.7959,2687.2259,2596.2126,2677.8911
2022-07-28,2771.2376,2771.2376,2659.8045,2687.8086
2022-07-29,2726.3145,2727.4815,2665.6390,2684.3083
2022-08-01,2679.0576,2725.1478,2659.2215,2718.7302
2022-08-02,2698.3100,2709.3951,2645.2191,2664.4719
2022-08-03,2681.3915,2703.5614,2647.5532,2690.1428
2022-08-04,2758.4025,2810.9101,2751.9849,2773.5713
2022-08-05,2810.9104,2861.0843,2788.1571,2850.5828
2022-08-08,2868.0852,2910.6749,2854.6667,2899.5898
2022-08-09,2689.5593,2735.6494,2627.7171,2660.3884
2022-08-10,2567.6249,2610.7978,2537.8705,2590.9617
2022-08-12,2678.4744,2720.4805,2649.3033,2708.2288
2022-08-15,2742.0668,2753.7353,2709.3954,2727.4814
2022-08-16,2712.8963,2730.3988,2692.4767,2708.8123
2022-08-17,2712.3128,2721.0641,2672.6404,2700.6445
2022-08-18,2658.0548,2696.5604,2635.3015,2679.0579
2022-08-19,2719.8970,2732.7323,2695.3934,2718.7302
2022-08-22,2662.1384,2673.2234,2643.4691,2665.0554
2022-08-23,2635.3017,2659.2220,2634.1349,2644.0530
2022-08-24,2630.6338,2641.1354,2583.9604,2586.2939
2022-08-25,2581.6272,2627.1338,2577.5432,2617.7991
2022-08-26,2658.6378,2706.4782,2649.8866,2676.1404
2022-08-29,2553.6226,2580.4600,2537.8704,2539.6206
2022-08-30,2546.0384,2589.7947,2542.5378,2581.6270
2022-08-31,2527.3686,2587.4608,2521.5343,2576.3757
2022-09-01,2535.5367,2560.6237,2490.0300,2490.0300
2022-09-02,2500.5316,2508.6996,2471.3608,2481.8623
2022-09-05,2453.2747,2487.6965,2446.8572,2483.6125
2022-09-06,2494.1143,2524.4521,2484.1962,2491.1973
2022-09-07,2477.7779,2486.5292,2418.2693,2424.1035
2022-09-08,2462.6098,2492.9476,2439.8564,2476.6118
2022-09-09,2507.5325,2522.7015,2476.6114,2504.6155
2022-09-12,2549.5384,2558.8732,2523.8681,2534.9531
2022-09-13,2532.0362,2565.8746,2527.9524,2561.2073
2022-09-14,2439.2723,2497.0307,2431.1045,2466.6931
2022-09-15,2481.8625,2513.3671,2453.8584,2494.6978
2022-09-16,2450.3576,2452.6913,2386.7649,2386.7649
2022-09-20,2413.0187,2431.6882,2393.7659,2394.3494
2022-09-21,2362.8453,2384.4318,2351.7602,2356.4277
2022-09-22,2316.1718,2372.1800,2309.1708,2357.5945
2022-09-26,2298.0857,2305.6702,2257.8298,2257.8298
2022-09-27,2251.9955,2264.8307,2229.8256,2238.5769
2022-09-28,2234.4929,2275.3322,2178.4847,2207.6558
2022-09-29,2262.3948,2265.3794,2202.7010,2208.6704
2022-09-30,2148.9765,2156.1398,2093.4613,2131.0684
2022-10-03,2125.0993,2239.1146,2114.9515,2228.9666
2022-10-04,2312.5377,2314.3286,2259.4101,2288.6602
2022-10-05,2308.3588,2317.3129,2267.1701,2273.7363
2022-10-06,2291.6447,2349.5477,2286.2723,2336.4150
2022-10-07,2300.0020,2337.0121,2286.8693,2317.9102
2022-10-11,2214.6396,2234.3385,2179.4203,2190.7622
2022-10-12,2151.9613,2168.0786,2062.4206,2094.6553
2022-10-13,2098.8339,2156.7369,2080.3287,2134.6501
2022-10-14,2171.6602,2214.6397,2162.1093,2188.3745
2022-10-17,2140.0222,2192.5528,2138.2314,2191.9558
2022-10-18,2229.5632,2236.1295,2178.2267,2221.8030
2022-10-19,2215.2367,2258.2162,2205.6856,2242.0989
2022-10-20,2226.5785,2229.5631,2168.6754,2190.7622
2022-10-21,2230.1601,2302.3894,2226.5784,2291.6445
2022-10-24,2344.7724,2392.5274,2332.2367,2337.6091
2022-10-25,2322.6855,2367.4559,2307.1652,2354.9202
2022-10-26,2335.2214,2369.8438,2308.3591,2338.8030
2022-10-27,2331.6395,2390.1393,2325.0732,2363.2771
2022-10-28,2313.1345,2355.5173,2301.7929,2326.8643
2022-10-31,2397.8996,2416.4047,2349.5476,2357.3079
2022-11-01,2339.9967,2373.4254,2335.2213,2369.8438
2022-11-02,2357.3079,2369.8436,2320.2976,2320.2976
2022-11-04,2268.3640,2301.1957,2245.6804,2265.3794
2022-11-07,2309.5527,2365.6649,2302.3894,2351.3384
2022-11-08,2387.7517,2446.2516,2377.6036,2428.9404
2022-11-09,2470.7260,2491.0219,2445.0578,2468.3384
2022-11-10,2432.5225,2464.7572,2418.7928,2442.6704
2022-11-11,2568.0269,2680.2512,2561.4607,2648.6135
2022-11-14,2739.9452,2742.3330,2674.8789,2710.0984
2022-11-15,2707.7106,2740.5423,2676.0730,2725.0217
2022-11-16,2751.8836,2792.4755,2701.1440,2769.7917
2022-11-17,2677.2668,2714.8739,2661.1495,2688.0117
2022-11-18,2716.0673,2735.1695,2658.1645,2661.7461
2022-11-21,2686.8177,2692.7869,2659.9554,2671.2971
2022-11-22,2665.3280,2678.4605,2645.6290,2673.6851
2022-11-24,2751.8843,2776.9557,2746.5119,2768.5986
2022-11-25,2759.6443,2766.8076,2736.9608,2747.1086
2022-11-28,2711.8894,2725.0219,2697.5629,2704.1292
2022-11-29,2675.4757,2697.5624,2661.7462,2674.8787
2022-11-30,2659.3584,2691.5930,2643.8381,2691.5930
2022-12-01,2823.5168,2824.7108,2784.1189,2799.6394
2022-12-02,2766.2105,2806.8025,2761.4351,2790.0881
2022-12-05,2777.5522,2806.2052,2747.7054,2751.8838
2022-12-06,2736.3638,2788.2974,2730.9913,2780.5371
2022-12-07,2741.1392,2751.8841,2673.6853,2675.4761
2022-12-08,2662.3432,2682.6392,2631.8994,2650.4045
2022-12-09,2656.9708,2735.7666,2656.3740,2728.0066
2022-12-12,2686.2205,2713.0827,2677.2665,2701.1440
2022-12-13,2725.0215,2732.7818,2680.8482,2703.5317
2022-12-14,2737.5575,2775.1646,2723.8280,2754.8689
2022-12-15,2740.5420,2753.0777,2730.3939,2735.7664
2022-12-16,2652.1952,2661.7463,2608.0218,2613.3943
2022-12-19,2571.6086,2598.4708,2565.0424,2573.3994
2022-12-20,2548.9252,2568.6241,2456.3996,2482.6650
2022-12-21,2469.5321,2494.0065,2445.6545,2445.6545
2022-12-22,2468.3390,2482.0685,2427.7470,2429.5378
2022-12-23,2351.9355,2359.6955,2320.8946,2339.9966
2022-12-26,2328.6549,2399.0934,2328.6549,2391.9302
2022-12-27,2410.4354,2420.5833,2362.6804,2368.6497
2022-12-28,2328.0578,2347.1597,2321.4915,2345.3689
2022-12-29,2311.3439,2336.4153,2307.7623,2334.6245
2022-12-30,2369.2467,2378.2008,2316.7161,2320.8948
2023-01-04,2288.6597,2314.3281,2281.4965,2292.8384
2023-01-05,2334.6238,2402.6747,2313.1341,2384.7666
2023-01-06,2351.9355,2460.5781,2347.1598,2457.5935
2023-01-10,2541.1646,2544.7462,2502.9605,2533.4043
2023-01-11,2548.9252,2584.7415,2539.3741,2566.2363
2023-01-12,2617.5724,2625.3327,2585.3377,2612.2000
2023-01-13,2653.9859,2733.3787,2626.5267,2691.5930
2023-01-16,2649.8075,2674.2821,2619.3637,2627.7209
2023-01-17,2653.9860,2707.1134,2643.8382,2680.2512
2023-01-18,2686.8177,2748.3021,2669.5063,2726.2156
2023-01-19,2704.1287,2704.1287,2649.2105,2658.1646
2023-01-20,2616.3788,2658.1646,2602.6493,2653.3889
2023-01-23,2721.4399,2732.1848,2704.7258,2720.2461
2023-01-24,2795.4604,2836.6491,2775.7615,2775.7615
2023-01-25,2763.8232,2788.8946,2748.8997,2768.5986
2023-01-26,2743.5267,2754.8686,2699.3534,2718.4553
2023-01-27,2727.4092,2747.1082,2689.8021,2714.8735
2023-01-30,2692.7870,2733.3789,2683.2361,2733.3789
2023-01-31,2733.9755,2737.5571,2693.9808,2696.3684
2023-02-01,2729.7974,2770.3891,2725.0218,2753.6748
2023-02-02,2832.4704,2848.5877,2798.4450,2834.2612
2023-02-03,2858.1389,2867.6900,2834.8583,2835.4553
2023-02-06,2836.6490,2847.3939,2775.7613,2779.9399
2023-02-07,2790.6847,2821.1285,2779.3428,2788.2969
2023-02-08,2821.7256,2824.7104,2781.7309,2821.7256
2023-02-09,2779.9400,2787.1032,2754.2716,2761.4348
2023-02-10,2842.0218,2927.9808,2840.8280,2881.4197
2023-02-13,2839.6339,2852.1696,2736.3637,2754.8689
2023-02-14,2805.6082,2815.1593,2780.5368,2793.0725
2023-02-15,2823.5163,2833.6644,2769.1951,2779.9399
2023-02-16,2805.6083,2816.3531,2788.8942,2805.0115
2023-02-17,2775.7615,2799.0421,2744.7207,2757.2563
2023-02-20,2738.7511,2747.1082,2707.1133,2714.8735
2023-02-21,2716.0675,2722.0370,2688.6085,2707.7104
2023-02-22,2659.3583,2680.2510,2653.9858,2661.7461
2023-02-24,2745.3175,2852.7663,2744.1237,2851.5725
2023-02-27,2794.2665,2816.3531,2784.1184,2797.8481
2023-02-28,2832.4702,2833.0672,2782.3274,2788.2969
2023-03-01,2802.6237,2840.8278,2781.7310,2839.6338
2023-03-02,2827.0981,2831.8737,2782.3277,2795.4604
2023-03-03,2811.5776,2821.1287,2765.0164,2813.3684
2023-03-06,2854.5570,2910.6692,2845.6029,2901.1182
2023-03-07,2880.2257,2889.7765,2865.3022,2871.8684
2023-03-08,2845.6029,2888.5825,2844.4091,2867.6897
2023-03-09,2917.2356,2937.5316,2887.9856,2903.5061
2023-03-10,2901.1185,2916.6388,2865.8992,2867.0930
2023-03-13,2846.2000,2864.7050,2833.6643,2845.6030
2023-03-14,2815.1593,2837.2461,2786.5063,2787.1033
2023-03-15,2832.4706,2841.4246,2782.3278,2790.6851
2023-03-16,2757.8532,2873.0623,2742.3329,2816.3530
2023-03-17,2873.0623,2898.7305,2830.6795,2898.7305
2023-03-20,2898.7305,2909.4754,2821.7255,2823.5164
2023-03-22,2855.7511,2899.9246,2839.6337,2887.3889
2023-03-23,2868.2868,2935.1440,2862.9144,2930.9653
2023-03-24,2966.1843,3029.4595,2962.0056,2984.6892
2023-03-27,2960.8126,2963.7972,2907.0881,2910.0728
2023-03-28,2892.1647,2907.0882,2873.0627,2900.5217
2023-03-29,2874.2559,2885.0008,2851.5724,2884.4038
2023-03-30,2987.9515,2989.7745,2886.7731,2922.3223
2023-03-31,2962.4285,2966.0745,2862.1617,2924.1448
2023-04-03,2924.1450,2925.9680,2843.9315,2863.9849
2023-04-04,2894.9765,2905.0031,2857.6043,2881.3037
2023-04-05,2845.7548,2911.3840,2841.1972,2876.7463
2023-04-06,2803.8247,2803.8247,2721.7882,2746.3992
2023-04-07,2780.1252,2822.0550,2762.8064,2807.4707
2023-04-10,2821.1441,2829.3477,2782.8604,2793.7986
2023-04-11,2880.3923,2927.7911,2862.1619,2896.7996
2023-04-12,2866.7192,2915.9411,2855.7810,2906.8259
2023-04-13,2851.2238,2862.1620,2832.9935,2861.2505
2023-04-14,2835.7280,2875.8348,2795.6213,2810.2056
2023-04-17,2829.3472,2840.2854,2799.2671,2822.9666
2023-04-18,2798.3558,2803.8248,2753.6914,2758.2490
2023-04-19,2786.5060,2812.9400,2728.1690,2758.2490
2023-04-20,2721.7883,2806.5593,2699.9119,2806.5593
2023-04-21,2854.8699,2904.0918,2829.3474,2842.1086
2023-04-24,2809.2941,2829.3475,2781.0371,2787.4177
2023-04-25,2797.4445,2821.1440,2788.3294,2792.8870
2023-04-26,2776.4791,2808.3822,2771.0100,2781.9482
2023-04-27,2781.9482,2783.7712,2732.7263,2771.0100
2023-04-28,2814.7631,2828.4359,2760.9836,2824.7898
2023-05-01,2862.1623,2866.7199,2798.3562,2825.7017
2023-05-02,2855.7816,2873.1004,2828.4361,2867.6313
2023-05-08,2856.6928,2873.1001,2822.9667,2860.3389
2023-05-09,2898.6228,2915.9416,2873.1003,2911.3840
2023-05-10,2870.3655,2894.0649,2842.1085,2849.4006
2023-05-11,2867.6312,2908.6494,2848.4893,2895.8882
2023-05-12,2895.8879,2988.8625,2851.2236,2988.8625
2023-05-15,2982.4820,2991.5971,2925.9679,2948.7559
2023-05-16,3008.0046,3080.9259,3006.1816,3073.6338
2023-05-17,3104.6253,3204.8922,3101.8908,3175.7236
2023-05-18,3370.7885,3379.9037,3266.8756,3348.9121
2023-05-19,3409.0719,3449.1786,3338.8851,3378.0803
2023-05-22,3354.3812,3408.1606,3351.6466,3401.7800
2023-05-23,3409.0716,3416.3638,3302.4242,3314.2739
2023-05-24,3241.3531,3341.6199,3224.0343,3327.0356
2023-05-25,3399.9565,3441.8863,3374.4340,3427.3020
2023-05-26,3529.3925,3631.4823,3502.0470,3579.5259
2023-05-29,3753.6251,3755.4482,3558.5606,3595.0212
2023-05-30,3587.7289,3645.1544,3563.1180,3593.1980
2023-05-31,3589.5522,3596.8444,3507.5157,3521.1885
2023-06-01,3502.0461,3597.7554,3494.7540,3597.7554
2023-06-02,3590.4639,3594.1099,3472.8782,3513.8965
2023-06-05,3499.3121,3547.6225,3405.4259,3540.3303
2023-06-06,3500.2239,3582.2604,3482.9051,3579.5259
2023-06-07,3574.9680,3587.7292,3430.0369,3430.0369
2023-06-08,3410.8947,3469.2318,3377.1686,3427.3020
2023-06-09,3408.1603,3454.6476,3342.5311,3447.3555
2023-06-12,3481.9933,3493.8430,3417.2756,3455.5593
2023-06-13,3536.6840,3632.3933,3527.5689,3627.8357
2023-06-14,3655.1812,3660.6503,3593.1981,3627.8357
2023-06-15,3670.6768,3728.1023,3642.4198,3700.7568
2023-06-16,3664.2966,3726.2797,3611.4286,3718.9875
2023-06-19,3627.8357,3689.8188,3595.9326,3627.8357
2023-06-20,3605.0479,3659.7389,3596.8443,3646.0662
2023-06-21,3609.6055,3750.8906,3608.6940,3748.1560
2023-06-22,3657.0040,3686.1725,3576.7905,3576.7905
2023-06-23,3635.1281,3671.5888,3542.1535,3605.0481
2023-06-26,3564.0298,3605.0481,3550.3571,3574.9680
2023-06-27,3574.0563,3634.2163,3561.2950,3594.1096
2023-06-28,3667.0307,3689.8186,3618.7203,3689.8186
2023-06-29,3728.1027,3852.0690,3718.9876,3787.3513
2023-06-30,3719.8990,3771.8554,3704.4032,3748.1560
2023-07-03,3864.8300,3926.8131,3857.5378,3895.8215
2023-07-04,3883.0605,3943.2206,3868.4762,3899.4678
2023-07-05,3873.9457,3903.1142,3847.5117,3885.7954
2023-07-06,3749.9788,3801.0238,3719.8988,3733.5715
2023-07-07,3708.0494,3786.4398,3683.4385,3683.4385
2023-07-10,3682.5267,3698.0225,3613.2514,3627.8357
2023-07-11,3683.4383,3705.3147,3635.1279,3667.0310
2023-07-12,3650.6236,3656.0927,3531.2149,3544.8877
2023-07-13,3591.3750,3630.5702,3520.2767,3616.8975
2023-07-14,3646.0662,3721.7221,3641.5086,3680.7039
2023-07-18,3718.9876,3790.9974,3692.5536,3717.1646
2023-07-19,3770.9442,3790.9976,3728.1029,3778.2363
2023-07-20,3748.1561,3770.0325,3718.0761,3728.1028
2023-07-21,3564.0294,3584.9943,3506.6039,3518.4536
2023-07-24,3591.3754,3626.9245,3542.1535,3603.2251
2023-07-25,3655.1814,3655.1814,3538.5073,3584.9946
2023-07-26,3618.7209,3636.0397,3601.4021,3620.5439
2023-07-27,3551.2685,3730.8373,3551.2685,3718.9875
2023-07-28,3669.7656,3816.5197,3668.8541,3811.9622
2023-07-31,3900.3792,3934.1053,3863.0070,3873.0337
2023-08-01,3905.8481,3989.7077,3883.0602,3982.4155
2023-08-02,3919.5209,3951.4240,3829.2808,3854.8032
2023-08-03,3770.9439,3841.1307,3756.3596,3811.9622
2023-08-04,3835.6616,3877.5913,3816.5197,3845.6882
2023-08-07,3806.4926,3814.6962,3740.8634,3805.5811
2023-08-08,3829.2809,3852.9803,3751.8020,3772.7668
2023-08-09,3762.7401,3843.8650,3760.0055,3784.6165
2023-08-10,3739.0410,3747.2446,3677.9694,3728.1028
2023-08-14,3695.2881,3735.3948,3633.3050,3695.2881
2023-08-15,3825.6352,3849.3347,3742.6872,3757.2715
2023-08-16,3729.9255,3742.6867,3700.7569,3714.4297
2023-08-17,3701.6686,3759.0942,3684.3498,3730.8372
2023-08-18,3700.7574,3800.1127,3691.6422,3756.3599
2023-08-21,3783.7051,3802.8469,3742.6868,3790.0857
2023-08-22,3866.6534,3883.0607,3810.1394,3863.0073
2023-08-23,3844.7768,3852.0690,3819.2544,3840.2192
2023-08-24,3937.7517,3966.9202,3913.1407,3965.0972
2023-08-25,3820.1657,3827.4578,3724.4564,3729.9255
2023-08-28,3770.0328,3824.7238,3728.1031,3820.1663
2023-08-29,3846.5995,3885.7947,3823.8116,3847.5110
2023-08-30,3951.4245,3972.3894,3883.9723,3884.8838
2023-08-31,3924.0784,3966.9197,3906.7596,3933.1936
2023-09-01,3914.9633,3954.1585,3898.5560,3907.6711
2023-09-04,3911.3175,3931.3709,3888.5296,3916.7866
2023-09-05,3927.7243,3958.7159,3906.7595,3955.0698
2023-09-06,3983.3271,4037.1066,3955.9816,4031.6375
2023-09-07,4006.1154,4039.8415,3994.2657,4003.3809
2023-09-08,3919.5206,3928.6358,3816.5193,3850.2454
2023-09-11,3836.5734,3845.6885,3726.2799,3735.3950
2023-09-12,3761.8285,3790.9970,3698.0224,3780.0588
2023-09-13,3762.7406,3800.1128,3742.6872,3757.2715
2023-09-14,3791.9085,3888.5293,3782.7934,3871.2104
2023-09-15,3915.8749,4000.6459,3897.6446,3991.5308
2023-09-19,3847.5114,3856.6265,3770.9440,3782.7937
2023-09-20,3770.0327,3798.2897,3731.7490,3778.2363
2023-09-21,3726.2798,3769.1211,3708.9610,3737.2180
2023-09-22,3663.3850,3747.2445,3616.8977,3720.8105
2023-09-25,3739.0405,3817.4309,3727.1908,3817.4309
2023-09-26,3741.7754,3790.0858,3676.1462,3676.1462
2023-09-27,3615.0743,3700.7568,3605.9591,3700.7568
2023-09-28,3704.0626,3714.1630,3610.4051,3659.0703
2023-09-29,3722.4266,3772.0100,3688.4528,3753.6458
2023-10-02,3772.0104,3778.4378,3703.1445,3705.8992
2023-10-03,3681.1074,3711.4084,3651.7246,3668.2524
2023-10-04,3571.8403,3603.0595,3538.7847,3555.3125
2023-10-05,3617.7510,3630.6060,3566.3312,3627.8513
2023-10-06,3581.0224,3619.5873,3526.8480,3570.0039
2023-10-10,3635.1969,3699.4717,3617.7509,3691.2078
2023-10-11,3742.6275,3786.7016,3732.5272,3775.6831
2023-10-12,3828.9393,3909.7419,3822.5119,3886.7866
2023-10-13,3874.8501,3950.1434,3864.7498,3895.0508
2023-10-16,3764.6648,3795.8839,3729.7727,3745.3823
2023-10-17,3832.6121,3867.5041,3816.0843,3834.4485
2023-10-18,3792.2109,3913.4147,3789.4563,3888.6230
2023-10-19,3764.6647,3772.9286,3687.5350,3705.8992
2023-10-20,3647.1336,3720.5905,3624.1784,3688.4531
2023-10-23,3674.6800,3703.1445,3663.6614,3684.7803
2023-10-24,3732.5275,3740.7914,3611.3236,3676.5166
2023-10-25,3727.9363,3772.0104,3699.4718,3739.8730
2023-10-26,3574.5949,3597.5502,3549.8032,3551.6396
2023-10-27,3571.8406,3618.6694,3537.8668,3601.2234
2023-10-30,3598.4683,3654.4792,3591.1227,3636.1150
2023-10-31,3601.2232,3637.0334,3542.4577,3627.8513
2023-11-01,3716.9178,3744.4641,3682.9440,3744.4641
2023-11-02,3856.4856,3871.1770,3835.3668,3867.5042
2023-11-06,3987.7900,4003.3995,3933.6155,3950.1433
2023-11-07,3912.4963,3921.6784,3866.5858,3895.9685
2023-11-08,3939.1249,3942.7978,3895.9690,3904.2329
2023-11-09,3951.9799,4030.9460,3941.8795,4011.6636
2023-11-10,4010.7448,4082.3652,3989.6259,4075.0195
2023-11-13,4242.1343,4281.6174,4128.2762,4145.7222
2023-11-14,4194.3869,4284.3715,4180.6137,4266.0073
2023-11-15,4370.6840,4452.4047,4330.2827,4428.5312
2023-11-16,4416.5943,4445.0588,4365.1744,4423.9399
2023-11-17,4361.5019,4430.3677,4308.2456,4428.5312
2023-11-20,4452.4042,4493.7236,4379.8655,4389.9658
2023-11-21,4459.7507,4468.0146,4409.2491,4438.6318
2023-11-22,4379.8665,4429.4499,4322.9374,4397.3125
2023-11-24,4455.1598,4495.5611,4408.3311,4408.3311
2023-11-27,4408.3310,4432.2045,4381.7029,4397.3125
2023-11-28,4398.2304,4418.4311,4365.1749,4387.2119
2023-11-29,4355.9925,4433.1222,4347.7286,4399.1484
2023-11-30,4444.1408,4447.8136,4388.1299,4412.0034
2023-12-01,4343.1378,4403.7397,4319.2643,4379.8662
2023-12-04,4370.6836,4380.7839,4325.6912,4354.1558
2023-12-05,4297.2273,4302.7366,4181.5327,4181.5327
2023-12-06,4222.8519,4280.6992,4215.5062,4273.3535
2023-12-07,4150.3132,4184.2870,4102.5662,4120.0122
2023-12-08,4097.0566,4142.9672,4073.1831,4084.2017
2023-12-11,4174.1864,4238.4612,4151.2311,4224.6880
2023-12-12,4379.8658,4411.0849,4271.5169,4287.1265
2023-12-13,4347.7288,4538.7167,4343.1378,4489.1333
2023-12-14,4554.3256,4602.9908,4405.5755,4413.8394
2023-12-15,4474.4417,4583.7087,4459.7503,4475.3599
2023-12-18,4501.9877,4524.0248,4441.3858,4478.1143
2023-12-19,4523.1072,4642.4746,4478.1148,4642.4746
2023-12-20,4691.1395,4705.8309,4575.4450,4637.8833
2023-12-21,4576.3627,4620.4368,4513.9244,4535.9614
2023-12-22,4593.8090,4626.8646,4547.8985,4573.6084
2023-12-25,4610.3369,4615.8461,4567.1810,4595.6455
2023-12-26,4595.6454,4646.1470,4562.5898,4646.1470
2023-12-27,4711.3396,4771.0233,4681.9568,4704.9121
2023-12-28,4704.9128,4704.9128,4660.8387,4676.4482
2023-12-29,4646.1472,4668.1843,4614.9280,4637.8833
2024-01-04,4407.4128,4426.6953,4386.2940,4408.3311
2024-01-05,4407.4122,4453.3227,4346.8102,4429.4492
2024-01-09,4602.0727,4645.2286,4546.0618,4574.5264
2024-01-10,4652.5747,4679.2028,4602.9913,4661.7568
2024-01-11,4699.4030,4806.8337,4694.8120,4789.3877
2024-01-12,4973.0294,4974.8659,4761.8410,4820.6064
2024-01-15,4866.5180,4868.3544,4816.9346,4835.2988
2024-01-16,4866.5178,4868.3543,4734.2955,4760.0054
2024-01-17,4870.1909,4924.3653,4818.7711,4846.3174
2024-01-18,4813.2612,4925.2829,4811.4247,4889.4727
2024-01-19,5084.1342,5190.6467,5019.8595,5184.2192
2024-01-22,5367.8611,5378.8797,5227.3748,5270.5308
2024-01-23,5287.0584,5324.7050,5178.7095,5178.7095
2024-01-24,5196.1558,5247.5756,5128.2082,5210.8472
2024-01-25,5305.4225,5318.2775,5193.4008,5262.2666
2024-01-26,5127.2896,5216.3560,5108.0071,5136.4717
2024-01-29,5075.8703,5180.5463,5054.7514,5143.8179
2024-01-30,5200.7457,5200.7457,5116.2703,5139.2256
2024-01-31,5020.7768,5117.1890,5009.7583,5117.1890
2024-02-01,5046.4879,5108.0080,5046.4879,5075.8706
2024-02-02,5123.6168,5167.6909,5093.3158,5160.3452
2024-02-05,5209.0107,5225.5385,5109.8439,5179.6279
2024-02-06,5189.7277,5295.3219,5183.3002,5257.6753
2024-02-07,5183.3002,5230.1289,5117.1890,5230.1289
2024-02-08,5270.5303,5437.6447,5250.3297,5405.5073
2024-02-09,5471.6181,5538.6475,5412.8527,5464.2725
2024-02-13,5968.3711,6192.4146,5950.0069,6192.4146
2024-02-14,6073.0466,6300.7629,6069.3737,6157.5220
2024-02-15,6253.0156,6467.8769,6216.2872,6466.0405
2024-02-16,6723.1401,6809.4519,6385.2385,6491.7510
2024-02-19,6491.7508,6563.3712,6357.6920,6390.7476
2024-02-20,6390.7480,6500.9333,6337.4918,6363.2017
2024-02-21,6278.7262,6341.1645,6205.2693,6339.3281
2024-02-22,6758.0321,6758.0321,6491.7510,6717.6309
2024-02-26,6759.8683,6759.8683,6596.4268,6611.1182
2024-02-27,6647.8477,6710.2860,6552.3537,6658.8662
2024-02-28,6618.4640,6767.2142,6605.6091,6701.1030
2024-02-29,6592.7543,6774.5601,6556.0259,6770.8872
2024-03-01,6831.4892,7108.7889,6803.9429,7048.1870
2024-03-04,7305.2859,7343.8508,7160.2086,7215.3013
2024-03-05,7143.6809,7290.5946,7108.7889,7244.6841
2024-03-06,7116.1341,7283.2485,7116.1341,7272.2300
2024-03-07,7340.1774,7342.0139,6947.1832,6989.4209
2024-03-08,7162.0452,7209.7921,7018.8043,7044.5142
2024-03-11,6616.6274,6825.9795,6614.7910,6822.3066
2024-03-12,6693.7569,6752.5224,6603.7722,6704.7754
2024-03-13,6950.8568,6950.8568,6732.3226,6866.3813
2024-03-14,6794.7603,6842.5073,6658.8651,6835.1616
2024-03-15,6658.8654,6693.7574,6502.7695,6502.7695
2024-03-18,6502.7700,6748.8506,6502.7700,6747.0142
2024-03-19,6759.8688,6866.3813,6679.0663,6849.8535
2024-03-21,7053.6962,7224.4834,6926.9831,7224.4834
2024-03-22,7327.3230,7375.0700,7163.8815,7222.6470
2024-03-25,7252.0295,7274.0665,7106.9522,7110.6250
2024-03-26,7196.9369,7228.1561,7095.9337,7149.1899
2024-03-27,7162.0451,7294.2675,7119.8074,7255.7026
2024-03-28,7162.3843,7315.7584,7140.2097,7254.7783
2024-03-29,7243.6912,7315.7585,7206.7336,7313.9106
2024-04-01,7361.9559,7369.3474,7042.2726,7077.3823
2024-04-02,7186.4072,7332.3898,7156.8411,7319.4546
2024-04-03,7245.5391,7376.7387,7193.7985,7321.3022
2024-04-04,7428.4790,7550.4391,7295.4316,7295.4316
2024-04-05,7114.3401,7145.7541,6868.5720,6887.0508
2024-04-08,7016.4025,7031.1855,6920.3127,6959.1182
2024-04-09,7003.4673,7204.8862,6966.5096,7204.8862
2024-04-10,7188.2549,7297.2799,7138.3622,7260.3223
2024-04-11,7130.9706,7225.2125,7108.7961,7191.9507
2024-04-12,7360.1080,7400.7614,7262.1703,7299.1279
2024-04-15,7169.7761,7260.3223,7127.2749,7260.3223
2024-04-16,7079.2304,7088.4698,6931.4000,6959.1182
2024-04-17,7040.4249,7121.7317,6887.0508,6890.7466
2024-04-18,6809.4390,6853.7881,6669.0001,6789.1123
2024-04-19,6530.4092,6565.5189,6195.9429,6195.9429
2024-04-22,6066.5915,6190.3995,5911.3696,5996.3721
2024-04-23,6186.7036,6186.7036,5937.2398,6005.6113
2024-04-24,6207.0303,6432.4717,6160.8333,6432.4717
2024-04-25,6195.9433,6349.3173,6171.9208,6208.8784
2024-04-26,6328.9902,6426.9279,6232.9004,6325.2944
2024-04-30,6467.5813,6563.6711,6432.4716,6489.7559
2024-05-01,6458.3420,6524.8657,6380.7310,6456.4941
2024-05-02,6375.1873,6528.5614,6343.7733,6469.4292
2024-05-07,6837.1574,6839.0053,6669.0003,6807.5913
2024-05-08,6827.9183,6844.5493,6704.1104,6704.1104
2024-05-09,6674.5443,6694.8710,6486.0605,6506.3872
2024-05-10,6565.5187,6663.4564,6436.1671,6467.5811
2024-05-13,6467.5808,6585.8452,6328.9898,6401.0571
2024-05-14,6410.2972,6473.1251,6334.5341,6391.8184
2024-05-15,6500.8431,6615.4117,6478.6686,6510.0825
2024-05-16,6763.2421,6835.3095,6663.4566,6803.8955
2024-05-17,6680.0878,6733.6763,6615.4120,6669.0005
2024-05-20,6615.4122,6761.3948,6587.6940,6715.1978
2024-05-21,6770.6345,6820.5273,6746.6121,6768.7866
2024-05-22,6685.6313,6711.5017,6628.3471,6685.6313
2024-05-23,6924.0080,6938.7910,6731.8284,6805.7437
2024-05-24,6633.8906,6676.3919,6587.6936,6613.5640
2024-05-27,6637.5871,6646.8265,6556.2803,6583.9985
2024-05-28,6559.9761,6569.2155,6469.4299,6559.9761
2024-05-29,6633.8906,6639.4342,6517.4741,6537.8008
2024-05-30,6438.0149,6462.0374,6310.5112,6375.1870
2024-05-31,6273.5536,6299.4239,6140.5062,6214.4214
2024-06-03,6292.0330,6347.4694,6203.3348,6321.5991
2024-06-04,6321.5989,6388.1226,6275.4019,6367.7959
2024-06-05,6334.5342,6353.0130,6164.5292,6197.7910
2024-06-06,6467.5819,6513.7789,6375.1879,6412.1455
2024-06-07,6393.6662,6423.2323,6332.6862,6367.7959
2024-06-10,6347.4694,6428.7761,6325.2948,6426.9282
2024-06-11,6530.4091,6593.2371,6517.4740,6571.0625
2024-06-12,6510.0833,6572.9112,6498.9960,6559.9761
2024-06-13,6656.0649,6707.8056,6443.5587,6450.9502
2024-06-14,6443.5588,6513.7782,6415.8405,6458.3418
2024-06-17,6356.7088,6360.4046,6243.9881,6297.5767
2024-06-18,6393.6658,6474.9726,6360.4040,6467.5811
2024-06-19,6517.4740,6567.3668,6378.8830,6417.6885
2024-06-20,6380.7312,6447.2549,6340.0778,6447.2549
2024-06-21,6439.8637,6456.4946,6354.8612,6452.7988
2024-06-24,6369.6441,6489.7563,6314.2077,6465.7339
2024-06-25,6362.2526,6401.0581,6297.5768,6356.7090
2024-06-26,6484.2121,6615.4116,6430.6235,6587.6934
2024-06-27,6523.0180,6624.6515,6406.6016,6430.6240
2024-06-28,6493.4522,6556.2801,6449.1030,6449.1030
2024-07-01,6515.6266,6532.2575,6402.9059,6434.3198
2024-07-02,6404.7535,6482.3644,6332.6861,6476.8208
2024-07-03,6559.9755,6650.5217,6534.1052,6644.9780
2024-07-04,6689.3277,6711.5022,6622.8040,6624.6519
2024-07-05,6654.2170,6757.6983,6589.5412,6720.7407
2024-07-08,6696.7193,6754.0036,6644.9787,6659.7617
2024-07-09,6774.3301,6983.1406,6754.0034,6911.0732
2024-07-10,6879.6582,6997.9225,6809.4387,6988.6831
2024-07-11,7186.4065,7193.7980,6994.2270,7031.1846
2024-07-12,6772.4822,6820.5271,6547.0408,6596.9336
2024-07-16,6641.2830,6694.8715,6593.2381,6667.1533
2024-07-17,6596.9337,6604.3252,6116.4847,6170.0732
2024-07-18,5562.1201,5695.1675,5498.3682,5630.4917
2024-07-19,5580.5989,5806.0403,5580.5989,5759.8433
2024-07-22,5682.2326,5724.7339,5586.1429,5612.0132
2024-07-23,5741.3641,5820.8230,5621.2519,5685.9277
2024-07-24,5636.0356,5783.8660,5617.5568,5632.3398
2024-07-25,5351.4623,5427.2254,5284.9386,5360.7017
2024-07-26,5268.3069,5291.4054,5090.9104,5104.7695
2024-07-29,5284.9381,5348.6899,5227.6538,5292.3296
2024-07-30,5279.3944,5344.9942,5180.5328,5336.6787
2024-07-31,5151.8910,5950.1754,5122.3249,5732.1255
2024-08-01,5861.4771,5868.8686,5613.8611,5680.3848
2024-08-02,5052.1050,5187.0003,4943.0801,4999.4404
2024-08-05,4588.2873,4712.0953,4075.5005,4075.5005
2024-08-06,4537.4701,4845.1422,4448.7718,4751.8242
2024-08-07,4630.7883,4980.9616,4598.4504,4737.9653
2024-08-08,4616.0050,4860.8491,4483.8815,4736.1172
2024-08-09,5168.5210,5223.9574,4599.3739,4769.3789
2024-08-13,4954.1674,5103.8458,4935.6886,5063.1924
2024-08-14,5155.5864,5172.2173,4918.1338,5030.8545
2024-08-15,5000.3644,5153.7385,4991.1250,5103.8457
2024-08-16,5288.6336,5393.9628,5249.8281,5350.5376
2024-08-19,5318.2003,5383.8001,5151.8911,5184.2290
2024-08-20,5293.2534,5313.5801,5211.0227,5248.9043
2024-08-21,5188.8485,5210.0991,5101.9981,5174.0654
2024-08-22,5210.0986,5232.2731,5103.8455,5138.0312
2024-08-23,5112.1610,5130.6398,4977.2657,5008.6797
2024-08-26,4961.5589,5004.9841,4879.3282,4886.7197
2024-08-27,4799.8700,4856.2303,4737.9660,4841.4473
2024-08-28,4793.4021,4839.5991,4737.9657,4839.5991
2024-08-29,4679.7570,4835.9029,4670.5176,4754.5962
2024-08-30,4760.1396,4800.7930,4702.8553,4768.4551
2024-09-02,4886.7198,4886.7198,4678.8333,4716.7148
2024-09-03,4776.7712,4776.7712,4627.0929,4646.4956
2024-09-04,4359.1501,4402.5753,4203.0042,4249.2012
2024-09-05,4166.9706,4242.7337,4085.6638,4143.8721
2024-09-06,4178.9818,4212.2437,4030.2274,4065.3372
2024-09-09,3788.1551,3972.9431,3778.9157,3972.9431
2024-09-10,4065.3365,4152.1868,3906.4188,4113.3813
2024-09-11,4107.8383,4213.1675,4010.8246,4104.1426
2024-09-12,4368.3894,4421.0540,4233.4941,4301.8657
2024-09-13,4392.4117,4396.1074,4251.0488,4375.7808
2024-09-17,4314.8007,4336.9752,4069.9565,4146.6436
2024-09-18,4242.7333,4242.7333,4115.2295,4151.2632
2024-09-19,4259.3644,4298.1699,4187.2971,4253.8208
2024-09-20,4423.8262,4505.1329,4386.8686,4480.1865
2024-09-24,4560.5690,4626.1688,4420.1301,4438.6089
2024-09-25,4437.6849,4497.7410,4407.1948,4407.1948
2024-09-26,4603.9942,4761.9880,4590.1351,4760.1401
2024-09-27,4947.7822,5129.8232,4888.0354,5129.8232
2024-09-30,4854.4280,4886.1685,4714.3964,4721.8647
2024-10-01,4804.0168,4900.1718,4790.9472,4861.8965
2024-10-02,4676.1210,4749.8709,4647.1811,4682.6558
2024-10-03,4854.4283,4885.2352,4798.4156,4809.6182
2024-10-04,4785.3454,4798.4150,4705.0606,4734.0005
2024-10-07,4856.2952,4887.1022,4755.4725,4789.0801
2024-10-08,4811.4852,4846.9599,4686.3903,4753.6055
2024-10-09,4830.1562,4850.6942,4786.2797,4811.4854
2024-10-10,4870.2985,4881.5010,4752.6720,4763.8745
2024-10-11,4804.9500,4805.8836,4756.4057,4783.4785
2024-10-15,4893.6369,5031.8014,4880.5673,4998.1938
2024-10-16,4531.4218,4607.9724,4481.9440,4538.8901
2024-10-17,4501.5484,4510.8838,4387.6561,4393.2573
2024-10-18,4392.3240,4423.1309,4317.6405,4387.6562
2024-10-21,4396.9914,4467.9408,4340.9788,4428.7319
2024-10-22,4425.9313,4463.2731,4288.7004,4292.4346
2024-10-23,4276.5646,4290.5677,4221.4855,4251.3589
2024-10-24,4206.5484,4383.9217,4204.6813,4298.9692
2024-10-25,4304.5710,4361.5172,4297.1026,4335.3779
2024-10-28,4334.4444,4495.0140,4311.1058,4454.8716
2024-10-29,4388.5897,4478.2100,4375.5201,4478.2100
2024-10-30,4547.2920,4564.0958,4482.8774,4482.8774
2024-10-31,4408.1937,4474.4753,4368.9849,4368.9849
2024-11-01,4225.2193,4251.3585,4179.4756,4198.1465
2024-11-05,4270.0294,4347.5135,4227.0864,4281.2319
2024-11-06,4331.6437,4430.5994,4318.5741,4380.1880
2024-11-07,4407.2606,4419.3967,4218.6848,4304.5708
2024-11-08,4405.3930,4421.2633,4312.9722,4340.9785
2024-11-11,4292.4343,4353.1147,4271.8964,4342.8457
2024-11-12,4335.3777,4340.0454,4179.4758,4220.5518
2024-11-13,4462.3397,4516.4852,4256.9600,4257.8936
2024-11-14,4262.5611,4288.7004,4088.9220,4109.4600
2024-11-15,4107.5933,4256.0268,4103.8591,4163.6060
2024-11-18,4085.1881,4134.6660,4047.8464,4097.3242
2024-11-19,4070.2510,4121.5959,4069.3175,4107.5928
2024-11-20,4107.5934,4124.3972,4041.3118,4083.3213
2024-11-21,4101.9918,4115.0614,4015.1722,4066.5171
2024-11-22,4128.1303,4181.3423,4108.5259,4154.2695
2024-11-25,4214.9504,4354.0484,4213.0833,4319.5073
2024-11-26,4317.6408,4322.3085,4157.0712,4228.9541
2024-11-27,4159.8712,4203.7477,4134.6655,4152.4028
2024-11-28,4088.9226,4581.8338,4080.5207,4432.4668
2024-11-29,4350.3146,4401.6595,4316.7070,4352.1816
2024-12-02,4371.7859,4462.3397,4358.7163,4413.7954
2024-12-03,4533.2893,4628.5108,4522.0868,4602.3716
2024-12-04,4668.6533,4716.2640,4560.3622,4603.3052
2024-12-05,4721.8645,4721.8645,4565.0292,4590.2349
2024-12-06,4525.8208,4553.8272,4430.5994,4471.6753
2024-12-09,4518.3521,4524.8869,4406.3268,4436.2002
2024-12-10,4462.3400,4593.0361,4447.4033,4593.0361
2024-12-11,4518.3519,4582.7664,4493.1462,4570.6304
2024-12-12,4669.5860,4671.4531,4585.5671,4597.7031
2024-12-13,4529.5551,4588.3684,4446.4697,4454.8716
2024-12-16,4460.4732,4523.0207,4411.9290,4416.5967
2024-12-17,4439.0006,4474.4753,4403.5260,4451.1367
2024-12-18,4424.9979,4479.1435,4410.0612,4440.8682
2024-12-19,4322.3082,4397.9252,4276.5645,4378.3208
2024-12-20,4346.5803,4425.9315,4330.7100,4350.3145
2024-12-23,4410.0614,4428.7323,4356.8494,4407.2607
2024-12-24,4477.2764,4515.5517,4399.7923,4413.7954
2024-12-25,4431.5329,4444.6025,4385.7892,4424.9980
2024-12-26,4410.9947,4467.9409,4404.4599,4449.2700
2024-12-27,4481.0106,4558.4948,4454.8714,4551.9600
2024-12-30,4559.4283,4572.4979,4502.4821,4515.5518
2025-01-06,4570.6306,4599.5705,4506.2161,4548.2256
2025-01-07,4731.2002,5090.6146,4715.3299,5059.8076
2025-01-08,5001.9279,5166.2316,4983.2570,5141.9595
2025-01-09,5098.0828,5156.8960,5022.4657,5047.6714
2025-01-10,5046.7387,5152.2292,5037.4033,5045.8052
2025-01-14,4985.1241,5007.5291,4824.5545,4858.1621
2025-01-15,4918.8427,4935.6465,4770.4093,4790.0137
2025-01-16,4883.3677,5069.1430,4773.2096,4975.7886
2025-01-17,4966.4537,5046.7385,4915.1088,4976.7227
2025-01-20,5031.8012,5069.1430,4936.5797,4975.7886
2025-01-21,5048.6049,5105.5511,4968.3202,5047.6714
2025-01-22,5139.1588,5195.1715,5085.9468,5132.6240
2025-01-23,5227.8459,5301.5958,5071.0105,5121.4219
2025-01-24,5069.1434,5131.6908,5035.5358,5066.3428
2025-01-27,5003.7947,5021.5321,4804.9499,4818.0195
2025-01-28,4563.1629,4648.1154,4524.8876,4541.6914
2025-01-29,4630.3779,4675.1880,4515.5520,4648.1152
2025-01-30,4703.1936,4760.1398,4594.9025,4734.9341
2025-01-31,4828.2891,4914.1751,4828.2891,4892.7036
2025-02-03,4772.2763,4847.8934,4757.3396,4807.7510
2025-02-04,4909.5066,4981.3894,4805.8832,4859.0952
2025-02-05,4895.5039,4895.5039,4833.8900,4867.4976
2025-02-06,4906.7061,4984.1903,4871.2315,4962.7188
2025-02-07,4826.4213,4897.3706,4734.9340,4761.0732
2025-02-10,4793.7476,4848.8267,4717.1971,4786.2793
2025-02-12,4867.4978,4888.0357,4748.9377,4789.0801
2025-02-13,4798.4150,4815.2187,4733.0669,4733.0669
2025-02-14,4691.9916,4734.9346,4620.1087,4635.0454
2025-02-17,4575.2983,4654.6495,4561.2951,4628.5103
2025-02-18,4680.7882,4755.4717,4643.4464,4691.9907
2025-02-19,4686.3905,4873.0993,4669.5867,4857.2290
2025-02-20,4843.2255,4847.8932,4691.0579,4705.0610
2025-02-21,4667.7194,4755.4725,4664.9188,4752.6719
2025-02-25,4607.9728,4769.4759,4518.3525,4518.3525
2025-02-26,4312.9726,4313.9061,4197.2131,4284.0327
2025-02-27,4359.6494,4368.0513,4288.7001,4323.2412
2025-02-28,4163.6052,4194.4121,4067.4502,4130.9312
2025-03-03,4194.4127,4203.7482,4121.5963,4178.5425
2025-03-04,4057.1815,4213.0833,4033.8429,4191.6118
2025-03-05,4189.7445,4227.0862,4114.1274,4114.1274
2025-03-06,4143.0677,4165.4727,4023.5741,4066.5171
2025-03-07,3947.0232,3970.3618,3918.0833,3942.3555
2025-03-10,3920.8841,4047.8461,3920.8841,4009.5708
2025-03-11,3921.8178,3989.9666,3852.7356,3989.9666
2025-03-12,3967.5612,4020.7731,3945.1561,3983.4314
2025-03-13,4050.6464,4076.7856,3975.0294,3980.6306
2025-03-14,3923.6848,4024.5076,3914.3494,4010.5044
2025-03-17,4079.5865,4148.6687,4062.7827,4099.1909
2025-03-18,4184.1432,4193.4787,4139.3331,4169.2065
2025-03-19,4161.7384,4231.7541,4144.9346,4144.9346
2025-03-21,4120.6626,4219.6183,4120.6626,4175.7417
2025-03-24,4180.4096,4180.4096,4135.5995,4143.0679
2025-03-25,4251.3592,4296.1693,4154.2706,4165.4731
2025-03-26,4258.8272,4270.9633,4200.9475,4232.6880
2025-03-27,4184.1433,4217.7509,4139.3332,4161.7383
2025-03-28,4132.7469,4138.4316,4033.2654,4078.7427
2025-03-31,3895.8858,3912.9398,3808.7211,3810.6160
2025-04-01,3825.7752,3873.1474,3780.2979,3837.1445
2025-04-02,3856.0932,3950.8375,3849.4611,3911.0449
2025-04-03,3645.7610,3776.5081,3632.4968,3767.0337
2025-04-04,3702.6077,3732.9259,3524.4884,3592.7043
2025-04-07,3137.9317,3344.4743,3137.9317,3232.6760
2025-04-08,3357.7384,3574.7028,3350.1588,3515.0139
2025-04-09,3372.8975,3401.3208,3242.1504,3300.8918
2025-04-10,3831.4599,3837.1445,3659.0252,3726.2937
2025-04-11,3522.5936,3745.2427,3489.4331,3721.5566
2025-04-14,3835.2497,3914.8349,3734.8207,3771.7710
2025-04-15,3789.7723,3831.4598,3776.5081,3787.8774
2025-04-16,3768.9285,3789.7722,3680.8163,3731.0308
2025-04-17,3734.8207,3773.6658,3636.2866,3753.7695
2025-04-18,3713.9769,3741.4527,3659.0252,3697.8704
2025-04-21,3670.3946,3721.5565,3647.6560,3681.7639
2025-04-22,3664.7098,3692.1856,3617.3376,3634.3916
2025-04-23,3782.1926,3786.9299,3689.3432,3723.4512
2025-04-24,3824.8276,3894.9384,3811.5634,3862.7253
2025-04-25,4025.6854,4048.4240,3944.2053,4026.6328
2025-04-28,4098.6388,4101.4811,4000.1047,4017.1587
2025-04-30,3979.2608,4022.8432,3938.5208,4021.8958
2025-05-01,4079.6898,4086.3219,3897.7808,4019.0535
2025-05-02,4111.9029,4146.9583,3977.3660,4005.7893
2025-05-07,4084.4270,4157.3801,4038.0023,4150.7480
2025-05-08,4224.6487,4276.7581,4167.8022,4236.0181
2025-05-09,4306.1286,4310.8658,4198.1201,4273.9155
2025-05-12,4324.1303,4369.6076,4272.9684,4337.3945
2025-05-13,4547.7266,4596.0462,4474.7734,4547.7266
2025-05-14,4634.8916,4653.8405,4512.6715,4590.3618
2025-05-15,4539.1994,4589.4138,4510.7761,4572.3599
2025-05-16,4511.7242,4527.8307,4418.8747,4446.3506
2025-05-19,4369.6077,4416.9799,4348.7640,4370.5552
2025-05-20,4385.7141,4476.6686,4384.7666,4423.6118
2025-05-21,4405.6100,4443.5078,4387.6086,4404.6626
2025-05-22,4314.6555,4326.0249,4239.8075,4297.6016
2025-05-23,4358.2377,4359.1851,4302.3386,4311.8130
2025-05-26,4322.2351,4461.5092,4321.2876,4425.5063
2025-05-27,4424.5587,4424.5587,4348.7633,4395.1880
2025-05-28,4479.5105,4502.2491,4385.7136,4389.5034
2025-05-29,4553.4118,4576.1504,4474.7740,4576.1504
2025-05-30,4452.9821,4487.0900,4358.2378,4358.2378
2025-06-02,4362.0284,4367.7131,4266.3366,4283.3906
2025-06-03,4301.3915,4334.5520,4244.5449,4244.5449
2025-06-04,4308.0240,4324.1305,4256.8620,4263.4941
2025-06-05,4282.4431,4437.8238,4271.0738,4424.5596
2025-06-06,4471.9313,4495.6174,4435.9285,4481.4058
2025-06-09,4570.4650,4571.4124,4494.6695,4520.2505
2025-06-10,4547.7270,4587.5196,4481.4060,4498.4600
2025-06-11,4589.4146,4714.4771,4566.6759,4714.4771
2025-06-12,4677.5264,4746.6898,4660.4724,4737.2153
2025-06-13,4581.8348,4601.7311,4443.5081,4509.8291
2025-06-16,4514.5665,4558.1489,4498.4600,4550.5693
2025-06-17,4635.8391,4733.4257,4605.5209,4684.1587
2025-06-18,4633.9442,4706.8973,4619.7325,4687.0010
2025-06-19,4661.4197,4672.7890,4547.7266,4547.7266
2025-06-20,4556.2541,4603.6262,4525.9359,4544.8848
2025-06-23,4458.6676,4507.9347,4411.2955,4491.8281
2025-06-24,4621.6274,4720.1615,4616.8902,4655.7354
2025-06-25,4843.3290,4857.5407,4745.7424,4807.3262
2025-06-26,4866.0674,5008.1839,4827.2223,4998.7095
2025-06-27,5173.0392,5277.2580,5149.3532,5213.7793
2025-06-30,5305.6813,5408.0051,5191.0407,5245.0449
2025-07-01,5188.1980,5219.4636,5105.7705,5129.4565
2025-07-02,5002.4993,5095.3487,4974.0760,5037.5547
2025-07-03,5082.0846,5130.4042,5064.0832,5125.6670
2025-07-04,5188.1982,5214.7266,5129.4567,5149.3530
2025-07-07,5116.1928,5173.0394,5089.6644,5139.8789
2025-07-08,5082.0848,5222.3064,5080.1899,5166.4072
2025-07-09,5235.5703,5244.0973,5103.8758,5149.3530
2025-07-10,5149.3531,5149.3531,5070.7153,5070.7153
2025-07-11,5154.0906,5154.0906,5047.9770,5116.1929
2025-07-14,5050.8190,5059.3460,5009.1315,5018.6060
2025-07-15,5011.9742,5196.7256,4968.3918,5193.8833
2025-07-16,5247.8871,5407.0576,5223.2536,5284.8374
2025-07-17,5210.9367,5299.9964,5093.4538,5262.0986
2025-07-18,5263.0462,5330.3146,5221.3587,5277.2578
2025-07-22,5319.8925,5336.9465,5189.1454,5208.0942
2025-07-23,5188.1985,5341.6843,5151.2482,5309.4712
2025-07-24,5383.3718,5388.1090,5273.4684,5309.4712
2025-07-25,5267.7834,5326.5249,5248.8345,5298.1016
2025-07-28,5215.6744,5225.1488,5087.7696,5178.7241
2025-07-29,5154.0906,5184.4088,5104.8236,5116.1929
2025-07-30,5150.3007,5177.7765,5127.5621,5166.4072
2025-07-31,5154.0906,5248.8349,5112.4031,5178.7241
2025-08-01,4231.2805,4329.8146,4231.2805,4245.4922
2025-08-04,4068.3204,4276.7579,4058.8460,4260.6514
2025-08-05,4263.4940,4288.1275,4199.0678,4243.5977
2025-08-06,4121.3772,4152.6428,4058.8460,4083.4795
2025-08-07,3893.9911,4002.9471,3861.7781,3983.0508
2025-08-08,3986.8403,4080.6371,3958.4170,4034.2124
2025-08-12,4055.0563,4128.9568,4027.5804,4077.7949
2025-08-13,4112.8506,4183.9089,4075.9003,4110.0083
2025-08-14,4073.0578,4081.5848,4001.9996,4027.5806
2025-08-15,3984.9458,4089.1645,3984.9458,4074.9529
2025-08-18,4060.7407,4072.1100,3987.7876,3987.7876
2025-08-19,4022.8436,4074.0055,4009.5794,4020.9487
2025-08-20,3994.4198,4016.2110,3937.5732,3965.0491
2025-08-21,3875.0421,3911.9924,3862.7253,3869.3574
2025-08-22,3873.1473,3895.8859,3790.7197,3807.7737
2025-08-25,3816.3009,3860.8308,3803.9842,3832.4075
2025-08-26,3812.5112,3857.0410,3806.8265,3836.1973
2025-08-27,3861.7777,3874.0945,3820.0902,3853.2507
2025-08-28,3831.4597,3938.5208,3826.7225,3931.8887
2025-08-29,3912.9399,3928.0990,3846.6189,3915.7822
2025-09-01,3845.6715,3864.6204,3791.6672,3843.7766
2025-09-02,3867.4624,3892.0959,3840.9340,3853.2507
2025-09-03,3802.0892,3814.4060,3765.1389,3779.3506
2025-09-04,3787.8775,3816.3008,3781.2454,3805.8789
2025-09-05,3823.8802,3848.5137,3797.3518,3835.2495
2025-09-08,3880.7267,3940.4156,3857.0406,3903.4653
2025-09-09,3991.5778,4053.1616,3956.5224,3983.0508
2025-09-10,3997.2625,4029.4755,3975.4713,4007.6843
2025-09-11,4017.1585,4066.4255,4000.1045,4056.0037
2025-09-12,4168.7493,4283.3899,4136.5362,4279.6001
2025-09-16,4364.8703,4418.8746,4312.7610,4361.0806
2025-09-17,4452.9822,4652.8927,4444.4552,4595.0986
2025-09-18,4604.5733,4901.1229,4578.9923,4823.4326
2025-09-19,5040.3975,5040.3975,4592.2569,4852.8037
2025-09-22,4886.9112,5144.6157,4841.4339,5040.3970
2025-09-24,4945.6529,5176.8290,4933.3361,5164.5122
2025-09-25,5069.7680,5315.1558,5064.0833,5252.6245
2025-09-26,5157.8799,5180.6185,5024.2904,5029.9751
2025-09-29,4958.9694,5108.2552,4952.2706,5072.8477
2025-09-30,5129.3077,5155.1457,5035.5256,5045.0952
2025-10-01,5015.4295,5052.7509,4933.1309,4939.8296
2025-10-02,5158.0166,5343.6669,5148.4470,5329.3125
2025-10-03,5434.5785,5515.9201,5386.7305,5452.7607
2025-10-06,5531.2312,5912.1014,5476.6844,5850.8560
2025-10-07,5963.7773,6032.6785,5757.0739,5758.9878
2025-10-08,5625.0132,5734.1067,5575.2513,5599.1753
2025-10-09,5741.7628,5768.5577,5586.7352,5684.3452
2025-10-10,5741.7623,5762.8154,5567.5955,5603.9600
2025-10-14,5508.2642,5673.8184,5403.9555,5443.1909
2025-10-15,5363.7633,5669.0337,5345.5811,5563.7681
2025-10-16,5677.6465,5822.1475,5674.7756,5789.6108
2025-10-17,5787.6965,5837.4584,5733.1497,5757.0737
2025-10-20,5837.4587,6011.6255,5820.2334,6011.6255
2025-10-21,6070.9569,6076.6986,5868.0813,5877.6509
2025-10-22,5848.9419,5938.8961,5799.1799,5881.4785
2025-10-23,5669.0338,5698.6996,5613.5301,5690.0869
2025-10-24,5831.7169,5856.5979,5793.4385,5793.4385
2025-10-27,5892.9624,5908.2738,5824.0613,5860.4258
2025-10-28,5896.7898,6038.4200,5883.3924,6019.2808
2025-10-29,6067.1289,6268.0906,6013.5391,6218.3286
2025-10-30,6218.3289,6459.4829,6155.1695,6314.0249
2025-10-31,6447.9996,6541.7817,6342.7340,6541.7817
2025-11-04,6851.8368,7125.5275,6658.5308,6658.5308
2025-11-05,6524.5562,6601.1130,6235.5542,6386.7539
2025-11-06,6578.1463,6589.6298,6361.8732,6363.7871
2025-11-07,6250.8653,6319.7664,6181.9641,6277.6602
2025-11-10,6513.0727,6612.5966,6392.4957,6545.6094
2025-11-11,6576.2320,6633.6496,6495.8473,6543.6953
2025-11-12,6409.7212,6484.3641,6315.9390,6442.2578
2025-11-13,6421.2048,6507.3312,6386.7542,6490.1060
2025-11-14,6124.5467,6241.2959,6090.0961,6095.8379
2025-11-17,6187.7061,6373.3564,6153.2555,6373.3564
2025-11-18,6239.3816,6277.6600,6011.6250,6025.0225
2025-11-19,6028.8508,6061.3875,5904.4459,5906.3599
2025-11-20,6296.7995,6323.5944,6157.0833,6220.2427
2025-11-21,5894.8760,5940.8101,5766.6433,5776.2129
2025-11-25,5933.1547,5988.6584,5881.4789,5952.2939
2025-11-26,5971.4332,6044.1622,5942.7244,5965.6914
2025-11-27,6093.9242,6187.7064,6063.3015,6158.9976
2025-11-28,6158.9975,6162.8254,6028.8509,6086.2686
2025-12-01,6220.2431,6243.2101,6036.5066,6053.7319
2025-12-02,6076.6987,6113.0632,5973.3470,5990.5723
2025-12-03,6229.8123,6336.9919,6162.8251,6273.8325
2025-12-04,6287.2300,6472.8804,6268.0908,6472.8804
2025-12-05,6338.9060,6344.6478,6271.9188,6342.7339
2025-12-08,6350.3894,6432.6880,6252.7794,6346.5615
2025-12-09,6411.6351,6497.7615,6386.7541,6428.8604
2025-12-10,6465.2245,6514.9865,6291.0577,6338.9058
2025-12-11,6469.0523,6484.3637,6203.0173,6239.3818
2025-12-12,5996.3139,6218.3287,5996.3139,6028.8506
2025-12-15,5894.8764,6025.0230,5868.0815,5959.9497
2025-12-16,6011.6256,6019.2813,5856.5980,5927.4131
2025-12-17,5971.4333,5994.4004,5875.7373,5994.4004
2025-12-18,5783.8690,5875.7372,5753.2462,5801.0942
2025-12-19,5877.6510,6005.8837,5873.8231,5971.4331
2025-12-22,6277.6605,6400.1514,6214.5011,6348.4756
2025-12-23,6348.4756,6384.8401,6271.9188,6315.9390
2025-12-24,6333.1644,6480.5364,6298.7139,6358.0454
2025-12-25,6335.0777,6467.1382,6333.1637,6467.1382
2025-12-26,6472.8803,6581.9738,6469.0524,6570.4902
2025-12-29,6622.1661,6635.5636,6490.1056,6551.3511
2025-12-30,6463.3110,6603.0272,6461.3971,6568.5767
2026-01-05,6905.4261,7096.8182,6836.5250,7068.1094
2026-01-06,7119.7858,7196.3427,7008.7784,7148.4946
2026-01-07,7177.2033,7370.5093,7156.1502,7305.4360
2026-01-08,7115.9577,7171.4614,6974.3275,7012.6060
2026-01-09,7081.5070,7311.1775,6981.9832,7255.6738
2026-01-13,7847.0756,7915.9768,7657.5975,7852.8174
2026-01-14,7935.1160,8115.0246,7896.8376,8097.7993
2026-01-15,7847.0753,8229.8594,7783.9159,8151.3887
2026-01-16,8229.8595,8231.7735,7961.9106,8067.1763
2026-01-19,8042.2952,8120.7660,7973.3941,8072.9180
2026-01-20,7988.7055,8023.1561,7772.4324,7862.3867
2026-01-21,7697.7894,7954.2548,7697.7894,7887.2676
2026-01-22,8195.4085,8293.0185,8059.5202,8134.1631
2026-01-23,8097.7993,8141.8194,7948.5134,7984.8779
2026-01-26,7850.9033,8099.7130,7814.5388,7864.3008
2026-01-27,7921.7185,8076.7461,7843.2477,8063.3486
2026-01-28,8189.6676,8538.0012,8093.9716,8382.9736
2026-01-29,8499.7225,8503.5503,7864.3008,7910.2349
2026-01-30,7850.9035,8026.9842,7803.0555,7906.4072
2026-02-02,7709.2734,7917.8908,7582.9547,7590.6104
2026-02-03,7766.6911,7998.2756,7690.1343,7954.2554
2026-02-04,7766.6912,7847.0758,7644.2002,7789.6582
2026-02-05,7665.2531,7793.4858,7556.1596,7653.7695
2026-02-06,7686.3063,7914.0629,7621.2330,7852.8174
2026-02-09,7958.0828,8101.6269,7715.0149,7770.5186
2026-02-10,7986.7922,8109.2831,7799.2279,7942.7720
2026-02-12,8019.3284,8116.9384,7795.3997,7904.4932
2026-02-13,7898.7514,8168.6143,7848.9895,8036.5537
2026-02-16,7996.3610,8005.9306,7848.9891,7919.8042
2026-02-17,8028.8979,8195.4090,7959.9967,8067.1763
2026-02-18,8149.4753,8405.9407,8111.1969,8304.5029
2026-02-19,8564.7952,8698.7696,8505.4636,8541.8281
2026-02-20,8382.9730,8469.0994,8222.2036,8413.5957
2026-02-24,8360.0070,8493.9814,8300.6754,8493.9814
2026-02-25,8583.9346,8918.8707,8568.6232,8848.0557
2026-02-26,8918.8714,8918.8714,8559.0543,8671.9756
2026-02-27,8270.0523,8478.6697,8248.9992,8423.1660
2026-03-02,8170.5275,8381.0588,8162.8719,8331.2969
2026-03-03,8335.1252,8419.3377,8101.6269,8153.3027
2026-03-04,7917.8903,8097.7988,7678.6502,7787.7437
2026-03-05,8132.2498,8285.3635,7927.4603,7984.8779
2026-03-06,7850.9035,8044.2095,7814.5390,7998.2754
2026-03-09,7328.4030,7496.8280,7196.3424,7448.9800
2026-03-10,7801.1415,7885.3540,7494.9142,7661.4253
2026-03-11,7795.3995,7856.6450,7646.1137,7757.1211
2026-03-12,7655.6835,7713.1011,7527.4508,7607.8354
2026-03-13,7370.5093,7464.2914,7330.3170,7337.9727
2026-03-16,7353.2838,7493.0000,7240.3625,7493.0000
2026-03-17,7626.9746,7632.7164,7393.4762,7422.1851
2026-03-18,7556.1599,7711.1875,7510.2258,7711.1875
2026-03-19,7466.2052,7596.3518,7456.6356,7527.4507
2026-03-23,7259.5018,7376.2510,7173.3754,7330.3169
2026-03-24,7531.2781,7554.2452,7326.4886,7489.1719
2026-03-25,7778.1743,7931.2879,7724.5845,7724.5845
2026-03-26,7646.1137,7902.5791,7644.1998,7757.1211
2026-03-27,7489.1722,7538.9341,7401.1318,7519.7949
2026-03-30,7263.6362,7503.1816,7188.2953,7503.1816
2026-03-31,7138.0678,7383.4087,7054.9996,7192.1587
2026-04-01,7462.6135,7592.0453,7414.3180,7588.1816
2026-04-02,7669.3179,7671.2497,7333.1816,7344.7725
2026-04-03,7510.9090,7595.9090,7395.0000,7422.0454
2026-04-06,7379.5453,7584.3180,7379.5453,7412.3862
2026-04-07,7466.4769,7543.7496,7393.0678,7425.9087
2026-04-08,8017.0454,8192.8408,7932.0454,8192.8408
2026-04-09,8273.9772,8273.9772,8065.3408,8150.3408
2026-04-10,8275.9084,8507.7266,8233.4084,8507.7266
2026-04-13,8378.2955,8399.5455,8171.5909,8202.5000
2026-04-14,8337.7267,8465.2267,8285.5677,8442.0449
2026-04-15,8474.8865,8610.1137,8376.3637,8403.4092
2026-04-16,8538.6363,8915.3408,8519.3181,8851.5908
2026-04-17,8716.3635,8747.2725,8501.9316,8501.9316
2026-04-20,8474.8858,8594.6586,8426.5904,8548.2949
2026-04-21,8642.9542,8975.2269,8629.4315,8843.8633
2026-04-22,8726.0225,8797.4997,8697.0452,8789.7725
2026-04-23,8915.3410,8994.5455,8683.5228,8785.9092
2026-04-24,8780.1130,8907.6130,8772.3857,8857.3857
2026-04-27,8975.2269,9216.7042,8944.3178,9098.8633
2026-04-28,9056.3637,9073.7501,8695.1137,8722.1592
2026-04-30,8693.1817,8749.2045,8496.1363,8575.3408
2026-05-01,9079.5448,9309.4311,9023.5220,9166.4766
2026-05-07,9887.0451,10037.7269,9705.4542,9991.3633
2026-05-08,9991.3630,10171.0221,9894.7721,10132.3857
2026-05-11,10335.2274,10406.7046,10020.3410,10060.9092
2026-05-12,10238.6360,10238.6360,9973.9769,10076.3633
2026-05-13,9950.7950,10029.9996,9819.4314,9917.9541
2026-05-14,9966.2501,10186.4774,9890.9092,9890.9092
2026-05-15,10074.4314,10147.8405,9558.6360,9715.1133
2026-05-18,9774.9994,9832.9539,9429.2039,9516.1357
2026-05-19,9651.3632,9655.2268,9110.4541,9110.4541
2026-05-20,9021.5907,9122.0453,8698.9771,8905.6816
2026-05-21,9205.1134,9427.2725,9166.4770,9427.2725
2026-05-22,9475.5682,9701.5909,9413.7500,9626.2500
2026-05-25,9761.4766,10147.8402,9664.8857,10080.2266
2026-05-26,10273.4092,10275.3410,9782.7274,9933.4092
2026-05-27,10213.5222,10567.0449,10142.0449,10142.0449
2026-05-28,10045.4543,10186.4770,9881.2497,10107.2725
2026-05-29,10196.1363,10300.4545,10051.2499,10126.5908
2026-06-01,10308.1811,10574.7720,10230.9084,10250.2266
2026-06-02,10250.2267,10383.5222,10080.2268,10375.7949
2026-06-03,10955.3407,11865.2270,10893.5225,11764.7725
2026-06-04,11571.5905,12297.9541,11571.5905,12297.9541
2026-06-05,11977.2728,12017.8410,11349.4319,11484.6592
2026-06-08,10750.5678,10905.1133,10557.3860,10628.8633
2026-06-09,11049.9996,11757.0450,10966.9314,11575.4541
2026-06-10,11805.3407,12616.7044,11747.3862,11944.4316
2026-06-11,11784.0902,12377.1584,11631.4766,12247.7266
2026-06-12,13213.6360,13715.9087,13136.3633,13136.3633
2026-06-15,14450.0001,14450.0001,14055.9092,14055.9092
2026-06-16,13814.4315,14127.3860,13681.1360,13688.8633
2026-06-17,13516.9311,14144.7720,13493.7493,14032.7266
2026-06-18,14270.3407,14807.3861,14121.5907,14697.2725
2026-06-19,14987.0453,14990.9089,14279.9998,14558.1816
2026-06-22,14293.5222,15039.2040,14291.5904,15029.5449
2026-06-23,14971.5903,15415.9085,14094.5449,14094.5449
2026-06-24,13862.7274,14171.8183,13256.1365,13503.4092
2026-06-25,13986.3629,14652.8401,13889.7720,14554.3174
2026-06-26,14017.2719,14378.5219,13739.0901,14086.8174
2026-06-29,14198.8635,14430.6816,13652.1589,14430.6816
2026-06-30,14871.1357,15551.1356,14436.4766,14903.9766
2026-07-01,15193.7493,15697.9538,14815.1129,15222.7266
2026-07-02,14353.4089,14631.5907,14090.6816,14090.6816
2026-07-03,13511.1364,14262.6137,13323.7501,14140.9092
2026-07-06,14312.8410,14544.6592,13652.1592,13970.9092
2026-07-07,13853.0681,14119.6590,13354.6590,13420.3408
2026-07-08,13033.9767,13445.4540,12858.1813,13010.7949
2026-07-09,13503.4091,13820.2273,13387.5000,13727.5000
2026-07-10,14082.9544,14401.7044,13833.7498,14090.6816
2026-07-13,13889.7724,14386.2496,13511.1360,13773.8633
2026-07-14,13484.0906,13936.1361,13267.7270,13741.0225
2026-07-15,13889.7720,14451.9310,13673.4083,14341.8174
2026-07-16,13762.2728,13847.2728,13298.6364,13694.6592
2026-07-17,12943.1812,12958.6357,12199.4312,12576.1357
2026-07-21,12431.2497,12860.1133,12402.2724,12860.1133
2026-07-22,13439.6588,13480.2270,12663.0679,12742.2725
2026-07-23,12840.7954,13271.5908,12732.6135,12740.3408
2026-07-24,12547.1588,12636.0224,11824.6588,12104.7725
2026-07-27,12297.9537,12382.9537,11911.5901,12131.8174
2026-07-28,10920.5675,11129.2038,10702.2720,10802.7266
2026-07-29,10416.3635,10746.7044,9384.7726,9659.0908
2026-07-30,9465.9093,10397.0456,9398.2956,10091.8184
2026-07-31,11444.0908,11446.0226,10474.3181,10721.5908
2026-08-03,10412.5002,10731.2502,10151.7047,10623.0684
2026-08-04,10795.0001,10961.1365,10315.9092,10953.4092
2026-08-05,11397.7267,11532.9540,11262.4995,11310.7949
2026-08-06,10924.4318,10972.7273,10586.3636,10688.7500
2026-08-07,10881.9319,10982.3865,10286.9319,10528.4092
2026-08-10,10779.5456,10965.0002,10740.9093,10963.0684
2026-08-12,10885.7948,11262.4993,10802.7266,11248.9766
2026-08-13,11525.2270,11724.2043,11324.3179,11488.5225
2026-08-14,11880.6817,11909.6590,11397.7272,11422.8408
2026-08-17,11449.8858,11673.9767,11399.6586,11608.2949
2026-08-18,11612.1590,11648.8635,10891.5908,10891.5908
2026-08-19,10348.7502,10748.6365,10321.7047,10559.3184
2026-08-20,10435.6816,10466.5907,10254.0907,10435.6816
2026-08-21,10242.4999,10580.5681,10221.2499,10487.8408
2026-08-24,10663.6357,10808.5220,10476.2493,10653.9766
2026-08-25,10460.7950,10754.4314,10313.9768,10704.2041
2026-08-26,10530.3408,10738.9772,10371.9317,10721.5908
2026-08-27,11011.3635,11113.7498,10609.5453,10818.1816
2026-08-28,10995.9087,11111.8178,10798.8633,10862.6133
2026-08-31,10393.1816,10903.1816,10308.1817,10903.1816
2026-09-01,10516.8176,10665.5676,10337.1585,10621.1357
2026-09-02,10265.6812,10296.5903,10142.0448,10259.8857
2026-09-03,10453.0681,10483.9772,10145.9090,10296.5908
2026-09-04,10142.0450,10526.4768,10109.2041,10300.4541
2026-09-07,10686.8179,10955.3406,10657.8406,10787.2725
2026-09-08,10700.3411,10957.2729,10431.8184,10431.8184
2026-09-09,10445.3406,10507.1587,10242.4996,10373.8633
2026-09-10,10431.8180,10439.5453,10024.2044,10201.9316
2026-09-11,9657.1585,9941.1357,9655.2267,9941.1357
2026-09-14,9747.9545,9910.2273,9570.2273,9838.7500
2026-09-15,9510.3410,9885.1137,9465.9092,9784.6592
2026-09-16,9765.3411,9987.5002,9666.8184,9985.5684
2026-09-17,10142.0447,10145.9084,9717.0448,9846.4766
2026-09-18,10064.7721,10354.5448,10026.1358,10259.8857
2026-09-24,10453.0678,10541.9315,10221.2497,10416.3633
2026-09-25,10495.5676,10926.3630,10470.4539,10918.6357
2026-09-28,11032.6136,11127.2727,10847.1591,10880.0000
2026-09-29,11355.0000,11580.0000,11270.0000,11505.0000
2026-09-30,11970.0000,12060.0000,11690.0000,11720.0000
