Date,Open,High,Low,Close
2005-09-29,784.6393,795.3878,757.7681,779.2651
2005-09-30,784.6394,822.2591,763.1424,800.7621
2005-10-03,784.6393,790.0135,741.6454,763.1423
2005-10-04,768.5165,773.8908,741.6453,752.3938
2005-10-05,757.7680,773.8908,741.6453,752.3938
2005-10-06,736.2708,741.6450,709.3996,720.1481
2005-10-07,720.1481,741.6450,714.7738,720.1481
2005-10-10,720.1481,720.1481,720.1481,720.1481
2005-10-11,741.6454,779.2651,736.2711,779.2651
2005-10-12,784.6390,800.7618,763.1421,773.8906
2005-10-13,757.7681,800.7621,757.7681,795.3878
2005-10-14,795.3875,800.7618,763.1421,773.8906
2005-10-17,768.5166,768.5166,741.6454,741.6454
2005-10-18,741.6451,763.1421,736.2709,747.0193
2005-10-19,757.7680,763.1423,747.0196,752.3938
2005-10-20,757.7681,768.5166,752.3939,763.1423
2005-10-21,741.6454,763.1423,741.6454,763.1423
2005-10-24,757.7680,763.1423,747.0196,752.3938
2005-10-25,757.7681,763.1423,752.3938,757.7681
2005-10-26,752.3939,763.1423,747.0196,763.1423
2005-10-27,773.8906,779.2648,768.5163,773.8906
2005-10-28,773.8908,784.6393,768.5166,768.5166
2005-10-31,779.2651,784.6393,768.5166,779.2651
2005-11-01,795.3876,816.8846,795.3876,816.8846
2005-11-02,800.7619,859.8785,795.3877,849.1301
2005-11-03,849.1300,886.7497,849.1300,886.7497
2005-11-04,886.7497,897.4982,876.0012,886.7497
2005-11-07,897.4982,913.6209,881.3755,886.7497
2005-11-08,892.1239,897.4982,865.2527,870.6270
2005-11-09,843.7558,859.8785,838.3815,838.3815
2005-11-10,827.6330,843.7557,795.3876,833.0073
2005-11-11,854.5043,859.8785,833.0073,838.3815
2005-11-14,843.7559,843.7559,816.8847,822.2590
2005-11-15,816.8844,827.6329,806.1360,811.5102
2005-11-16,795.3876,822.2588,795.3876,816.8846
2005-11-17,822.2588,838.3815,811.5103,833.0073
2005-11-18,865.2528,870.6270,849.1300,854.5043
2005-11-21,854.5043,859.8785,827.6330,838.3815
2005-11-22,822.2587,827.6329,806.1360,811.5102
2005-11-23,811.5102,811.5102,811.5102,811.5102
2005-11-24,816.8848,827.6333,795.3878,800.7621
2005-11-25,800.7618,849.1300,790.0134,838.3815
2005-11-28,838.3817,843.7559,816.8847,822.2590
2005-11-29,822.2588,838.3815,811.5103,833.0073
2005-11-30,833.0072,838.3814,811.5102,811.5102
2005-12-01,822.2588,833.0073,811.5103,833.0073
2005-12-02,843.7558,854.5043,833.0073,838.3815
2005-12-05,838.3816,865.2528,827.6331,854.5043
2005-12-06,859.8784,881.3753,843.7557,876.0011
2005-12-07,892.1238,902.8723,870.6269,876.0011
2005-12-08,876.0013,886.7498,833.0073,849.1301
2005-12-09,849.1301,849.1301,849.1301,849.1301
2005-12-12,897.4982,913.6209,886.7497,886.7497
2005-12-13,886.7497,892.1239,876.0012,886.7497
2005-12-14,897.4982,913.6209,876.0012,881.3755
2005-12-15,870.6269,886.7496,865.2526,876.0011
2005-12-16,881.3755,886.7497,865.2528,881.3755
2005-12-19,881.3755,886.7497,870.6270,881.3755
2005-12-20,886.7498,902.8725,881.3755,902.8725
2005-12-21,902.8725,908.2468,892.1240,897.4983
2005-12-22,897.4983,897.4983,897.4983,897.4983
2005-12-23,897.4983,897.4983,897.4983,897.4983
2005-12-26,897.4983,897.4983,897.4983,897.4983
2005-12-27,886.7497,897.4982,881.3755,886.7497
2005-12-28,881.3755,886.7497,876.0012,886.7497
2005-12-29,886.7497,886.7497,870.6270,870.6270
2005-12-30,876.0014,876.0014,854.5045,859.8787
2006-01-02,859.8787,859.8787,859.8787,859.8787
2006-01-03,859.8787,859.8787,859.8787,859.8787
2006-01-04,881.3753,886.7496,870.6269,876.0011
2006-01-05,886.7497,886.7497,876.0012,881.3755
2006-01-06,876.0013,881.3755,865.2528,865.2528
2006-01-09,865.2528,865.2528,865.2528,865.2528
2006-01-10,870.6270,876.0013,816.8846,827.6331
2006-01-11,822.2588,833.0073,811.5103,833.0073
2006-01-12,827.6332,827.6332,811.5105,822.2590
2006-01-13,822.2588,827.6331,811.5103,816.8846
2006-01-16,816.8847,838.3817,811.5105,822.2590
2006-01-17,822.2588,843.7558,816.8846,816.8846
2006-01-18,806.1360,822.2587,784.6390,811.5102
2006-01-19,806.1362,827.6332,806.1362,822.2590
2006-01-20,833.0073,843.7558,811.5103,816.8846
2006-01-23,784.6392,806.1362,784.6392,806.1362
2006-01-24,811.5104,822.2589,800.7619,806.1362
2006-01-25,816.8846,833.0073,811.5103,816.8846
2006-01-26,827.6331,849.1301,827.6331,849.1301
2006-01-27,870.6272,897.4984,870.6272,892.1241
2006-01-30,913.6210,918.9952,892.1240,902.8725
2006-01-31,902.8723,918.9951,897.4981,908.2466
2006-02-01,897.4984,908.2469,892.1241,892.1241
2006-02-02,908.2466,913.6208,902.8723,908.2466
2006-02-03,908.2466,913.6208,897.4981,908.2466
2006-02-06,908.2467,913.6209,886.7497,886.7497
2006-02-07,897.4984,897.4984,886.7499,892.1241
2006-02-08,876.0013,881.3755,865.2528,865.2528
2006-02-09,881.3753,892.1238,865.2526,876.0011
2006-02-10,886.7498,886.7498,849.1301,865.2528
2006-02-13,854.5043,859.8785,838.3816,854.5043
2006-02-14,854.5043,870.6270,843.7558,865.2528
2006-02-15,881.3754,886.7497,865.2527,870.6270
2006-02-16,876.0012,886.7497,865.2527,886.7497
2006-02-17,881.3755,892.1240,876.0012,881.3755
2006-02-20,870.6269,876.0011,833.0072,843.7557
2006-02-21,854.5045,865.2530,849.1302,859.8787
2006-02-22,865.2528,870.6270,849.1300,854.5043
2006-02-23,870.6269,886.7496,865.2526,876.0011
2006-02-24,881.3757,897.4984,881.3757,892.1241
2006-02-27,902.8725,913.6210,897.4983,913.6210
2006-02-28,924.3695,940.4922,913.6210,940.4922
2006-03-01,935.1180,940.4922,913.6210,918.9952
2006-03-02,924.3695,929.7437,913.6210,918.9952
2006-03-03,918.9951,918.9951,897.4981,908.2466
2006-03-06,908.2467,913.6210,897.4983,902.8725
2006-03-07,902.8725,908.2468,892.1240,897.4983
2006-03-08,892.1239,897.4982,881.3755,886.7497
2006-03-09,886.7498,902.8725,886.7498,902.8725
2006-03-10,902.8723,924.3693,897.4981,908.2466
2006-03-13,918.9954,929.7438,913.6211,929.7438
2006-03-14,929.7437,935.1180,913.6210,918.9952
2006-03-15,918.9951,924.3693,908.2466,908.2466
2006-03-16,913.6209,913.6209,886.7497,886.7497
2006-03-17,897.4983,902.8725,886.7498,897.4983
2006-03-20,902.8723,913.6208,897.4981,908.2466
2006-03-21,908.2466,908.2466,908.2466,908.2466
2006-03-22,908.2467,913.6210,897.4983,902.8725
2006-03-23,908.2468,913.6210,897.4983,897.4983
2006-03-24,892.1239,908.2466,892.1239,908.2466
2006-03-27,908.2468,913.6210,902.8725,913.6210
2006-03-28,910.3886,910.3886,899.6148,905.0017
2006-03-29,905.0017,921.1624,899.6148,921.1624
2006-03-30,931.9363,969.6447,926.5494,958.8709
2006-03-31,969.6449,975.0318,953.4841,969.6449
2006-04-03,980.4186,991.1924,975.0316,991.1924
2006-04-04,985.8054,991.1924,969.6447,975.0316
2006-04-05,985.8059,1012.7405,980.4190,996.5798
2006-04-06,1007.3533,1039.6748,1007.3533,1034.2878
2006-04-07,1034.2879,1050.4486,1028.9010,1039.6748
2006-04-10,1028.9009,1039.6748,1023.5140,1034.2878
2006-04-11,1039.6750,1045.0619,1023.5142,1028.9011
2006-04-12,1018.1274,1023.5144,991.1929,996.5798
2006-04-13,996.5793,996.5793,975.0316,991.1924
2006-04-14,991.1924,996.5793,980.4186,991.1924
2006-04-17,991.1923,991.1923,975.0316,980.4185
2006-04-18,975.0321,996.5798,969.6452,996.5798
2006-04-19,1012.7400,1028.9008,991.1924,991.1924
2006-04-20,996.5793,1001.9662,975.0316,991.1924
2006-04-21,991.1924,1001.9662,980.4186,991.1924
2006-04-24,980.4187,985.8056,969.6449,969.6449
2006-04-25,975.0317,985.8055,964.2579,985.8055
2006-04-26,985.8054,991.1924,958.8709,975.0316
2006-04-27,980.4185,985.8054,969.6447,975.0316
2006-04-28,975.0317,980.4186,958.8710,964.2579
2006-05-01,958.8710,964.2579,953.4840,964.2579
2006-05-02,964.2580,975.0318,958.8711,969.6449
2006-05-03,969.6449,969.6449,969.6449,969.6449
2006-05-04,969.6449,969.6449,969.6449,969.6449
2006-05-05,969.6449,969.6449,969.6449,969.6449
2006-05-08,991.1924,996.5793,985.8055,991.1924
2006-05-09,991.1924,996.5793,985.8055,991.1924
2006-05-10,991.1923,991.1923,980.4185,980.4185
2006-05-11,969.6449,980.4187,964.2580,969.6449
2006-05-12,958.8710,964.2579,953.4841,953.4841
2006-05-15,942.7102,958.8709,937.3232,958.8709
2006-05-16,948.0970,953.4839,915.7755,921.1624
2006-05-17,926.5495,937.3233,899.6149,926.5495
2006-05-18,926.5495,926.5495,926.5495,926.5495
2006-05-19,926.5495,926.5495,926.5495,926.5495
2006-05-22,878.0671,878.0671,878.0671,878.0671
2006-05-23,818.8111,851.1326,818.8111,824.1981
2006-05-24,834.9719,840.3588,802.6504,824.1981
2006-05-25,808.0376,813.4245,791.8768,797.2637
2006-05-26,802.6506,818.8113,802.6506,808.0375
2006-05-29,808.0375,808.0375,808.0375,808.0375
2006-05-30,834.9721,840.3590,824.1983,834.9721
2006-05-31,813.4242,829.5850,813.4242,824.1981
2006-06-01,840.3590,851.1329,824.1983,834.9721
2006-06-02,840.3586,845.7455,824.1978,845.7455
2006-06-05,834.9722,840.3591,813.4245,829.5853
2006-06-06,813.4243,818.8112,813.4243,813.4243
2006-06-07,813.4243,818.8112,808.0374,813.4243
2006-06-08,813.4243,818.8112,808.0374,813.4243
2006-06-09,802.6506,808.0376,791.8768,802.6506
2006-06-12,791.8766,797.2635,791.8766,791.8766
2006-06-13,781.1031,791.8769,764.9423,770.3292
2006-06-14,748.7816,770.3292,748.7816,770.3292
2006-06-15,770.3291,799.9571,764.9421,764.9421
2006-06-16,802.6506,808.0376,791.8768,802.6506
2006-06-19,791.8767,797.2636,781.1028,786.4897
2006-06-20,775.7159,791.8766,775.7159,781.1028
2006-06-21,786.4897,791.8766,770.3290,781.1028
2006-06-22,791.8768,802.6506,786.4899,802.6506
2006-06-23,791.8767,818.8113,786.4898,808.0375
2006-06-26,808.0372,824.1979,802.6503,818.8110
2006-06-27,829.5853,845.7460,829.5853,829.5853
2006-06-28,824.1981,829.5850,808.0373,824.1981
2006-06-29,829.5847,845.7455,824.1978,845.7455
2006-06-30,861.9070,861.9070,851.1331,861.9070
2006-07-03,867.2934,872.6804,861.9065,872.6804
2006-07-04,878.0673,883.4542,872.6804,872.6804
2006-07-05,867.2939,867.2939,856.5201,861.9070
2006-07-06,845.7459,856.5198,834.9721,840.3590
2006-07-07,851.1329,851.1329,834.9721,834.9721
2006-07-10,856.5192,856.5192,856.5192,856.5192
2006-07-11,878.0673,888.8411,867.2935,883.4542
2006-07-12,883.4542,888.8411,872.6804,872.6804
2006-07-13,856.5196,883.4542,856.5196,872.6804
2006-07-14,861.9065,872.6803,845.7457,851.1326
2006-07-17,851.1329,851.1329,834.9721,834.9721
2006-07-18,834.9718,840.3587,813.4241,818.8110
2006-07-19,824.1981,829.5851,813.4243,813.4243
2006-07-20,829.5852,840.3590,824.1983,834.9721
2006-07-21,824.1983,840.3590,824.1983,840.3590
2006-07-24,829.5852,840.3590,818.8114,834.9721
2006-07-25,845.7459,851.1329,834.9721,834.9721
2006-07-26,834.9721,834.9721,834.9721,834.9721
2006-07-27,834.9721,834.9721,834.9721,834.9721
2006-07-28,856.5199,867.2937,845.7460,867.2937
2006-07-31,872.6804,878.0673,867.2934,872.6804
2006-08-01,861.9062,867.2931,840.3586,845.7455
2006-08-02,834.9721,845.7459,824.1983,840.3590
2006-08-03,845.7459,851.1329,834.9721,834.9721
2006-08-04,840.3588,851.1326,840.3588,851.1326
2006-08-07,845.7460,856.5199,829.5853,829.5853
2006-08-08,834.9721,845.7459,829.5852,834.9721
2006-08-09,834.9715,856.5192,829.5846,856.5192
2006-08-10,856.5199,867.2937,851.1329,867.2937
2006-08-11,856.5195,867.2934,840.3588,851.1326
2006-08-14,851.1331,861.9070,845.7462,861.9070
2006-08-15,861.9068,867.2937,856.5199,867.2937
2006-08-16,878.0671,883.4541,872.6802,878.0671
2006-08-17,883.4542,888.8411,878.0673,883.4542
2006-08-18,888.8412,888.8412,878.0674,888.8412
2006-08-21,888.8410,894.2279,878.0671,878.0671
2006-08-22,878.0671,878.0671,878.0671,878.0671
2006-08-23,883.4543,894.2282,883.4543,888.8412
2006-08-24,883.4542,883.4542,867.2934,872.6804
2006-08-25,872.6804,883.4542,867.2934,872.6804
2006-08-28,867.2934,872.6803,851.1326,851.1326
2006-08-29,851.1331,867.2939,851.1331,861.9070
2006-08-30,861.9061,867.2930,851.1323,856.5192
2006-08-31,861.9070,872.6808,856.5201,861.9070
2006-09-01,861.9068,867.2937,856.5199,867.2937
2006-09-04,872.6806,878.0675,856.5199,867.2937
2006-09-05,867.2937,872.6806,861.9068,867.2937
2006-09-06,861.9070,867.2939,856.5201,861.9070
2006-09-07,851.1324,861.9062,845.7455,845.7455
2006-09-08,840.3586,851.1324,834.9717,845.7455
2006-09-11,840.3591,845.7460,829.5853,829.5853
2006-09-12,829.5853,840.3591,818.8114,829.5853
2006-09-13,834.9720,840.3589,813.4243,813.4243
2006-09-14,813.4244,824.1982,808.0375,808.0375
2006-09-15,813.4244,818.8113,802.6506,808.0375
2006-09-18,808.0375,808.0375,808.0375,808.0375
2006-09-19,802.6507,818.8114,797.2637,797.2637
2006-09-20,791.8766,797.2635,770.3290,781.1028
2006-09-21,781.1028,791.8767,759.5552,786.4897
2006-09-22,786.4897,797.2636,775.7159,786.4897
2006-09-25,770.3292,775.7161,764.9423,770.3292
2006-09-26,778.4377,789.2493,767.6260,773.0319
2006-09-27,783.8433,810.8724,783.8433,805.4666
2006-09-28,810.8727,816.2785,805.4669,810.8727
2006-09-29,816.2784,827.0901,810.8726,821.6843
2006-10-02,827.0903,832.4961,821.6845,832.4961
2006-10-03,827.0901,832.4960,816.2785,816.2785
2006-10-04,821.6843,827.0901,805.4669,810.8727
2006-10-05,816.2782,827.0898,800.0607,827.0898
2006-10-06,837.9017,854.1192,837.9017,843.3076
2006-10-09,843.3076,843.3076,843.3076,843.3076
2006-10-10,843.3074,864.9307,837.9016,854.1190
2006-10-11,859.5248,859.5248,848.7132,854.1190
2006-10-12,848.7130,848.7130,827.0898,827.0898
2006-10-13,837.9018,843.3076,816.2785,816.2785
2006-10-16,827.0898,832.4956,821.6840,827.0898
2006-10-17,827.0901,827.0901,810.8727,816.2785
2006-10-18,805.4669,816.2785,800.0610,810.8727
2006-10-19,816.2782,821.6841,805.4666,805.4666
2006-10-20,800.0608,810.8724,794.6550,805.4666
2006-10-23,794.6552,816.2785,789.2494,816.2785
2006-10-24,827.0901,832.4960,816.2785,816.2785
2006-10-25,816.2785,821.6843,810.8727,816.2785
2006-10-26,816.2782,827.0898,816.2782,827.0898
2006-10-27,832.4960,837.9018,810.8727,816.2785
2006-10-30,805.4665,816.2782,800.0607,800.0607
2006-10-31,805.4667,810.8725,794.6550,794.6550
2006-11-01,794.6550,816.2782,789.2492,805.4666
2006-11-02,805.4667,810.8725,794.6550,794.6550
2006-11-03,794.6550,794.6550,794.6550,794.6550
2006-11-06,789.2493,794.6551,783.8435,789.2493
2006-11-07,794.6551,800.0610,783.8435,783.8435
2006-11-08,783.8434,789.2492,773.0317,778.4376
2006-11-09,767.6262,773.0320,762.2204,767.6262
2006-11-10,756.8144,767.6260,751.4086,762.2202
2006-11-13,756.8145,762.2203,751.4086,756.8145
2006-11-14,773.0317,783.8434,767.6259,778.4376
2006-11-15,789.2492,794.6550,783.8434,794.6550
2006-11-16,789.2493,789.2493,767.6260,773.0319
2006-11-17,778.4379,783.8437,762.2204,767.6262
2006-11-20,756.8143,767.6260,746.0027,746.0027
2006-11-21,746.0028,756.8144,746.0028,751.4086
2006-11-22,751.4088,767.6262,746.0029,767.6262
2006-11-23,767.6262,767.6262,767.6262,767.6262
2006-11-24,756.8143,762.2201,740.5969,746.0027
2006-11-27,735.1912,767.6261,735.1912,756.8145
2006-11-28,751.4088,767.6262,746.0029,767.6262
2006-11-29,778.4377,783.8435,773.0319,783.8435
2006-11-30,794.6549,805.4665,794.6549,800.0607
2006-12-01,805.4665,805.4665,794.6549,800.0607
2006-12-04,794.6549,805.4665,789.2491,800.0607
2006-12-05,800.0610,805.4668,789.2493,789.2493
2006-12-06,789.2491,805.4665,778.4375,800.0607
2006-12-07,794.6550,800.0608,789.2492,794.6550
2006-12-08,789.2493,794.6551,783.8435,789.2493
2006-12-11,794.6551,800.0610,783.8435,789.2493
2006-12-12,794.6549,805.4665,789.2491,800.0607
2006-12-13,789.2492,800.0608,789.2492,794.6550
2006-12-14,805.4669,810.8727,805.4669,810.8727
2006-12-15,816.2785,821.6843,810.8727,810.8727
2006-12-18,821.6843,821.6843,810.8727,816.2785
2006-12-19,816.2785,821.6843,805.4669,810.8727
2006-12-20,810.8727,821.6843,810.8727,816.2785
2006-12-21,821.6843,821.6843,810.8727,810.8727
2006-12-22,805.4665,810.8724,800.0607,800.0607
2006-12-25,794.6549,800.0607,794.6549,800.0607
2006-12-26,794.6550,800.0608,789.2492,794.6550
2006-12-27,794.6550,800.0608,789.2492,794.6550
2006-12-28,805.4665,805.4665,794.6549,800.0607
2006-12-29,800.0608,805.4667,794.6550,794.6550
2007-01-04,800.0608,805.4666,800.0608,805.4666
2007-01-05,805.4666,810.8724,800.0608,805.4666
2007-01-09,800.0610,821.6843,800.0610,816.2785
2007-01-10,821.6841,821.6841,805.4666,805.4666
2007-01-11,805.4667,810.8725,794.6550,794.6550
2007-01-12,800.0610,821.6843,794.6552,816.2785
2007-01-15,821.6840,837.9014,821.6840,827.0898
2007-01-16,832.4956,837.9014,827.0898,827.0898
2007-01-17,832.4956,837.9014,821.6840,827.0898
2007-01-18,821.6840,827.0898,816.2782,827.0898
2007-01-19,827.0901,827.0901,810.8727,816.2785
2007-01-22,821.6842,837.9017,816.2784,837.9017
2007-01-23,832.4956,837.9014,827.0898,827.0898
2007-01-24,832.4959,837.9017,821.6843,821.6843
2007-01-25,827.0901,832.4959,816.2784,821.6843
2007-01-26,816.2785,821.6843,810.8727,810.8727
2007-01-29,800.0608,805.4667,789.2492,794.6550
2007-01-30,800.0610,800.0610,789.2493,789.2493
2007-01-31,789.2493,794.6551,783.8435,789.2493
2007-02-01,789.2493,794.6551,783.8435,789.2493
2007-02-02,794.6551,800.0610,783.8435,783.8435
2007-02-05,783.8437,783.8437,762.2204,767.6262
2007-02-06,762.2202,767.6260,751.4086,762.2202
2007-02-07,762.2203,767.6261,756.8145,756.8145
2007-02-08,756.8145,762.2203,751.4086,756.8145
2007-02-09,756.8143,789.2492,751.4085,778.4376
2007-02-13,783.8435,800.0610,783.8435,789.2493
2007-02-14,800.0607,805.4665,794.6549,800.0607
2007-02-15,805.4669,810.8727,800.0610,810.8727
2007-02-16,800.0608,810.8724,794.6550,805.4666
2007-02-19,805.4669,810.8727,794.6552,810.8727
2007-02-20,810.8727,810.8727,800.0610,810.8727
2007-02-21,800.0610,827.0901,800.0610,816.2785
2007-02-22,827.0901,832.4959,816.2784,821.6843
2007-02-23,827.0901,832.4959,816.2784,821.6843
2007-02-26,827.0901,832.4960,810.8727,816.2785
2007-02-27,810.8724,816.2782,805.4666,805.4666
2007-02-28,773.0319,789.2493,767.6261,789.2493
2007-03-01,783.8435,794.6551,767.6260,773.0319
2007-03-02,773.0320,778.4379,762.2204,767.6262
2007-03-05,756.8143,762.2201,746.0027,746.0027
2007-03-06,746.0028,756.8144,746.0028,751.4086
2007-03-07,762.2201,762.2201,746.0027,746.0027
2007-03-08,751.4086,762.2203,746.0028,756.8145
2007-03-09,756.8145,762.2203,751.4086,756.8145
2007-03-12,762.2203,767.6261,751.4086,756.8145
2007-03-13,762.2202,762.2202,751.4086,751.4086
2007-03-14,746.0027,746.0027,735.1911,740.5969
2007-03-15,740.5970,746.0028,718.9737,729.7853
2007-03-16,718.9737,724.3795,691.9446,708.1620
2007-03-19,691.9448,702.7564,681.1331,697.3506
2007-03-20,708.1621,718.9737,708.1621,713.5679
2007-03-22,729.7853,740.5970,729.7853,729.7853
2007-03-23,740.5969,746.0027,735.1911,740.5969
2007-03-26,746.0027,746.0027,729.7853,740.5969
2007-03-27,738.4251,743.8547,727.5659,727.5659
2007-03-28,727.5661,738.4253,716.7069,722.1365
2007-03-29,711.2773,722.1365,705.8477,722.1365
2007-03-30,722.1365,738.4253,722.1365,722.1365
2007-04-02,732.9956,738.4252,716.7068,716.7068
2007-04-03,722.1363,738.4251,722.1363,738.4251
2007-04-04,743.8548,749.2844,738.4252,749.2844
2007-04-05,743.8547,749.2843,738.4251,738.4251
2007-04-06,743.8547,743.8547,732.9955,743.8547
2007-04-09,738.4251,749.2843,738.4251,743.8547
2007-04-10,738.4252,749.2844,732.9956,749.2844
2007-04-11,743.8548,749.2844,743.8548,749.2844
2007-04-12,743.8549,743.8549,732.9957,732.9957
2007-04-13,732.9957,738.4253,716.7069,722.1365
2007-04-16,727.5661,732.9957,722.1365,722.1365
2007-04-17,727.5661,732.9957,711.2773,722.1365
2007-04-18,722.1365,722.1365,711.2773,722.1365
2007-04-19,711.2774,716.7070,700.4182,705.8478
2007-04-20,700.4182,705.8478,694.9886,705.8478
2007-04-23,716.7067,716.7067,694.9883,700.4179
2007-04-24,689.5587,711.2771,689.5587,700.4179
2007-04-25,700.4178,705.8474,694.9882,694.9882
2007-04-26,694.9882,700.4178,689.5586,694.9882
2007-04-27,684.1292,694.9884,678.6996,678.6996
2007-05-01,684.1292,684.1292,673.2700,678.6996
2007-05-02,678.6994,684.1290,673.2698,684.1290
2007-05-07,700.4179,705.8475,694.9883,700.4179
2007-05-08,722.1364,727.5660,716.7068,716.7068
2007-05-09,727.5659,732.9955,722.1363,727.5659
2007-05-10,732.9955,738.4251,727.5659,727.5659
2007-05-11,716.7067,727.5659,716.7067,727.5659
2007-05-14,738.4251,738.4251,727.5659,727.5659
2007-05-15,727.5661,732.9957,722.1365,722.1365
2007-05-16,711.2773,716.7068,711.2773,716.7068
2007-05-17,716.7069,722.1365,711.2773,711.2773
2007-05-18,711.2774,716.7070,705.8478,705.8478
2007-05-21,711.2773,716.7068,705.8477,716.7068
2007-05-22,722.1363,738.4251,716.7067,738.4251
2007-05-23,754.7139,776.4323,754.7139,765.5731
2007-05-24,754.7139,765.5731,749.2843,765.5731
2007-05-25,749.2844,754.7140,743.8548,749.2844
2007-05-28,749.2844,749.2844,738.4252,749.2844
2007-05-29,749.2843,760.1435,749.2843,760.1435
2007-05-30,754.7136,760.1432,749.2840,754.7136
2007-05-31,760.1435,760.1435,754.7139,760.1435
2007-06-01,765.5731,765.5731,760.1435,760.1435
2007-06-04,765.5731,771.0027,760.1435,765.5731
2007-06-05,754.7136,760.1432,754.7136,754.7136
2007-06-06,760.1435,765.5731,760.1435,765.5731
2007-06-07,754.7139,771.0027,754.7139,765.5731
2007-06-08,760.1432,765.5728,754.7136,754.7136
2007-06-11,765.5731,771.0027,760.1435,760.1435
2007-06-12,765.5732,771.0028,765.5732,771.0028
2007-06-13,760.1435,771.0027,760.1435,760.1435
2007-06-14,771.0028,771.0028,765.5732,771.0028
2007-06-15,765.5731,776.4323,765.5731,776.4323
2007-06-18,776.4323,776.4323,765.5731,776.4323
2007-06-19,765.5731,771.0027,760.1435,765.5731
2007-06-20,765.5731,771.0027,765.5731,765.5731
2007-06-21,760.1435,765.5731,754.7139,760.1435
2007-06-22,743.8548,749.2844,738.4252,749.2844
2007-06-25,738.4251,743.8547,732.9955,738.4251
2007-06-26,743.8547,743.8547,738.4251,743.8547
2007-06-27,732.9955,738.4251,727.5659,727.5659
2007-06-28,732.9955,738.4251,732.9955,738.4251
2007-06-29,738.4251,743.8547,732.9955,738.4251
2007-07-02,738.4251,743.8547,732.9955,743.8547
2007-07-03,749.2844,754.7140,743.8548,749.2844
2007-07-04,749.2843,749.2843,738.4251,738.4251
2007-07-05,738.4251,749.2843,738.4251,743.8547
2007-07-06,743.8547,743.8547,732.9955,738.4251
2007-07-09,738.4252,749.2844,738.4252,749.2844
2007-07-10,738.4251,749.2843,732.9955,743.8547
2007-07-11,743.0371,743.0371,727.5659,727.5659
2007-07-12,732.9957,743.8549,732.9957,732.9957
2007-07-13,749.2843,749.2843,738.4251,743.8547
2007-07-17,732.9957,738.4253,727.5661,732.9957
2007-07-18,716.7069,727.5661,716.7069,722.1365
2007-07-19,716.7068,722.1364,711.2773,716.7068
2007-07-20,716.7069,722.1365,711.2773,711.2773
2007-07-23,700.4182,705.8478,700.4182,705.8478
2007-07-24,711.2773,722.1365,705.8477,711.2773
2007-07-25,722.1365,732.9957,716.7069,722.1365
2007-07-26,722.1365,727.5661,716.7069,722.1365
2007-07-27,700.4179,711.2771,694.9883,700.4179
2007-07-30,689.5588,700.4180,689.5588,689.5588
2007-07-31,689.5588,694.9884,689.5588,689.5588
2007-08-01,673.2700,673.2700,651.5516,656.9812
2007-08-02,656.9812,662.4108,635.2628,646.1220
2007-08-03,656.9812,662.4108,640.6924,646.1220
2007-08-06,618.9741,629.8333,613.5445,629.8333
2007-08-07,635.2629,640.6925,624.4037,629.8333
2007-08-08,640.6924,656.9812,635.2628,651.5516
2007-08-09,667.8405,673.2701,662.4109,662.4109
2007-08-10,635.2629,640.6925,629.8333,640.6925
2007-08-13,640.6925,646.1221,629.8333,629.8333
2007-08-14,624.4037,629.8333,608.1149,618.9741
2007-08-15,586.3965,586.3965,580.9669,586.3965
2007-08-16,570.1078,602.6854,553.8190,602.6854
2007-08-17,608.1149,629.8333,570.1077,575.5373
2007-08-20,597.2557,608.1149,586.3965,591.8261
2007-08-21,602.6850,613.5442,586.3962,597.2554
2007-08-22,597.2557,602.6853,575.5373,586.3965
2007-08-23,618.9738,618.9738,608.1147,613.5443
2007-08-24,613.5443,624.4034,602.6851,613.5443
2007-08-27,629.8330,629.8330,613.5443,613.5443
2007-08-28,602.6854,613.5446,597.2558,602.6854
2007-08-29,580.9666,597.2554,575.5370,597.2554
2007-08-30,597.2557,597.2557,580.9669,591.8261
2007-08-31,586.3966,602.6854,586.3966,602.6854
2007-09-03,608.1146,608.1146,597.2554,597.2554
2007-09-04,597.2557,602.6853,586.3965,591.8261
2007-09-05,602.6853,608.1149,580.9669,591.8261
2007-09-06,580.9669,586.3965,570.1077,586.3965
2007-09-07,575.5373,580.9669,570.1077,575.5373
2007-09-10,553.8189,564.6781,548.3893,559.2485
2007-09-11,548.3892,575.5372,548.3892,564.6780
2007-09-12,564.6780,570.1076,548.3893,553.8188
2007-09-13,548.3893,553.8189,542.9597,542.9597
2007-09-14,548.3892,570.1076,548.3892,564.6780
2007-09-18,553.8190,559.2486,537.5302,537.5302
2007-09-19,575.5372,580.9668,564.6780,570.1076
2007-09-20,564.6780,570.1076,559.2484,570.1076
2007-09-21,548.3893,553.8189,542.9597,548.3893
2007-09-25,548.3893,548.3893,548.3893,548.3893
2007-09-26,548.3893,548.3893,548.3893,548.3893
2007-09-27,548.3893,548.3893,548.3893,548.3893
2007-09-28,548.3893,548.3893,548.3893,548.3893
2007-10-01,599.7837,602.5175,569.1658,576.8203
2007-10-02,598.6901,616.1861,590.4889,609.0784
2007-10-03,598.1434,636.4159,598.1434,633.1354
2007-10-04,623.2938,653.3650,622.7471,640.2430
2007-10-05,643.5237,652.2717,642.9770,648.9912
2007-10-09,655.5521,663.7534,647.3509,649.5379
2007-10-10,660.4729,660.4729,641.8834,647.8976
2007-10-11,640.7898,657.7390,634.2288,644.0703
2007-10-12,644.0705,644.0705,639.6965,639.6965
2007-10-15,630.9483,634.2287,616.1860,616.1860
2007-10-16,546.7490,579.0071,546.7490,579.0071
2007-10-17,558.2308,558.2308,556.0438,556.0438
2007-10-18,577.9137,580.6474,563.6982,568.6190
2007-10-19,568.0722,568.0722,561.5112,561.5112
2007-10-22,546.7490,570.2592,542.3750,561.5112
2007-10-23,571.8996,571.8996,571.8996,571.8996
2007-10-24,578.4606,586.6618,562.0581,567.5256
2007-10-25,567.5254,567.5254,556.5905,556.5905
2007-10-26,556.5905,569.7125,556.5905,569.7125
2007-10-29,584.4746,603.6108,583.3811,596.5031
2007-10-30,598.1434,607.4381,598.1434,607.4381
2007-10-31,593.7694,625.4808,592.6759,622.7471
2007-11-01,613.4523,613.4523,611.8120,611.8120
2007-11-02,613.4524,613.4524,575.1800,575.1800
2007-11-05,575.1800,575.1800,554.9503,556.0438
2007-11-06,556.0438,557.6840,556.0438,557.6840
2007-11-07,557.6840,557.6840,545.6555,545.6555
2007-11-08,545.6555,545.6555,528.1595,528.1595
2007-11-09,527.6128,527.6128,503.0091,503.0091
2007-11-12,503.0092,503.0092,493.7144,493.7144
2007-11-13,493.7144,497.5416,493.7144,497.5416
2007-11-14,522.6921,528.7063,522.6921,528.7063
2007-11-15,541.8282,544.5619,525.9725,525.9725
2007-11-16,525.9727,525.9727,510.6638,510.6638
2007-11-19,510.6637,518.3182,510.6637,518.3182
2007-11-20,505.8291,511.2102,505.8291,511.2102
2007-11-21,511.7570,511.7570,503.0091,503.0091
2007-11-22,503.0092,507.3832,503.0092,507.3832
2007-11-26,517.7713,556.0437,514.4908,541.8282
2007-11-27,541.8283,563.1516,541.8283,563.1516
2007-11-28,560.4179,560.4179,554.4036,554.4036
2007-11-29,554.4037,588.3022,554.4037,588.3022
2007-11-30,594.8630,595.4098,594.8630,595.4098
2007-12-03,611.2654,611.2654,611.2654,611.2654
2007-12-04,611.2656,613.4526,611.2656,613.4526
2007-12-05,613.4524,629.8549,613.4524,629.8549
2007-12-06,631.4952,671.4078,631.4952,671.4078
2007-12-07,671.4079,674.1416,656.6456,656.6456
2007-12-10,666.4872,667.0339,666.4872,667.0339
2007-12-11,674.6883,677.9688,671.4078,671.4078
2007-12-12,658.8327,669.7677,657.1925,669.7677
2007-12-13,636.5777,636.5777,616.7328,616.7328
2007-12-14,618.9197,618.9197,587.2083,587.2083
2007-12-17,589.3954,589.3954,562.0580,562.0580
2007-12-18,548.3893,582.2877,547.8425,569.7125
2007-12-19,569.7125,569.7125,563.6983,563.6983
2007-12-20,576.2735,576.2735,576.2735,576.2735
2007-12-21,569.1656,569.1656,569.1656,569.1656
2007-12-25,567.5255,590.4890,567.5255,590.4890
2007-12-26,600.3305,600.3305,598.6902,598.6902
2007-12-27,592.6759,592.6759,591.0356,591.0356
2007-12-28,579.5540,580.1008,565.8853,572.4463
2008-01-04,557.1372,558.2307,541.8283,544.0153
2008-01-07,539.6412,540.7347,539.6412,540.7347
2008-01-08,540.7348,557.6840,540.7348,557.6840
2008-01-09,557.6841,572.4463,557.6841,572.4463
2008-01-10,572.4464,572.4464,559.8712,559.8712
2008-01-11,553.8569,553.8569,553.3101,553.3101
2008-01-15,548.5302,548.5302,546.2023,546.2023
2008-01-16,529.7997,546.7490,518.8648,520.5050
2008-01-17,522.6921,531.4401,522.6921,531.4401
2008-01-18,519.9583,533.0803,519.4116,533.0803
2008-01-21,513.9441,518.8648,500.2754,500.2754
2008-01-22,488.2468,493.1675,471.8443,471.8443
2008-01-23,471.2977,490.4340,471.2977,490.4340
2008-01-24,521.8105,527.0660,521.8105,527.0660
2008-01-25,556.5905,568.6190,550.0295,568.6190
2008-01-28,562.6047,562.6047,538.5478,538.5478
2008-01-29,538.5478,563.1516,538.5478,563.1516
2008-01-30,563.1516,563.1516,562.6049,562.6049
2008-01-31,557.6840,564.7917,551.1230,564.7917
2008-02-01,553.8567,553.8567,544.0153,544.0153
2008-02-04,566.4320,568.6190,562.6048,565.3385
2008-02-05,552.7632,559.8710,552.7632,558.7775
2008-02-06,558.7775,558.7775,534.1738,534.1738
2008-02-07,513.9441,530.3465,513.9441,528.1595
2008-02-08,511.7571,516.1311,511.7571,511.7571
2008-02-12,511.7571,515.5844,511.7571,515.5844
2008-02-13,527.6128,527.6128,513.3973,513.3973
2008-02-14,517.7715,525.9727,517.7715,524.8792
2008-02-15,517.2245,517.2245,511.7570,516.1310
2008-02-18,506.8363,506.8363,506.8363,506.8363
2008-02-19,523.2389,525.4259,516.1312,525.4259
2008-02-20,503.5559,503.5559,502.4624,502.4624
2008-02-21,502.4624,514.4908,502.4624,514.4908
2008-02-22,508.4766,512.3038,506.8363,512.3038
2008-02-25,512.3039,533.0803,512.3039,533.0803
2008-02-26,541.2815,544.5620,538.5478,538.5478
2008-02-27,547.2959,549.4829,542.9219,545.1089
2008-02-28,531.9868,539.0945,531.9868,539.0945
2008-02-29,522.1453,523.2388,517.2245,517.2245
2008-03-03,498.0882,498.0882,493.1675,493.1675
2008-03-04,495.1155,495.1155,493.1675,493.1675
2008-03-05,482.7794,482.7794,481.6859,481.6859
2008-03-06,489.8869,492.0739,489.8869,492.0739
2008-03-07,492.0743,492.0743,471.2978,471.2978
2008-03-10,464.7366,467.4704,461.4561,464.7366
2008-03-11,459.8160,472.9379,455.9887,472.9379
2008-03-12,472.9380,495.3547,472.9380,495.3547
2008-03-13,459.2692,461.4562,459.2692,461.4562
2008-03-14,456.5355,467.4705,453.2550,453.2550
2008-03-17,430.2916,441.7733,429.1981,431.3851
2008-03-18,431.3851,442.3201,431.3851,442.3201
2008-03-19,444.9076,466.3770,444.9076,466.3770
2008-03-21,480.5924,487.7001,476.7652,487.7001
2008-03-24,498.4486,499.7285,498.4486,499.7285
2008-03-25,492.0742,505.7429,492.0742,502.4624
2008-03-26,493.6472,493.6472,493.6472,493.6472
2008-03-27,481.5265,488.6887,480.4246,483.1793
2008-03-28,488.1378,488.1378,488.1378,488.1378
2008-03-31,488.1378,488.1378,473.8132,473.8132
2008-04-01,482.6284,482.6284,482.6284,482.6284
2008-04-02,482.6282,530.0095,482.6282,530.0095
2008-04-03,530.0097,546.5380,530.0097,546.5380
2008-04-04,549.8437,549.8437,543.7833,543.7833
2008-04-07,543.7832,545.9869,543.7832,545.9869
2008-04-08,545.9871,545.9871,533.3154,533.3154
2008-04-09,534.9682,534.9682,518.9908,518.9908
2008-04-10,527.2548,527.2548,521.7454,521.7454
2008-04-11,522.2964,530.5606,522.2964,530.5606
2008-04-14,528.9079,528.9079,510.7267,510.7267
2008-04-15,511.2774,517.8888,511.2774,517.8888
2008-04-16,540.4778,540.4778,538.8250,538.8250
2008-04-17,559.2964,559.2964,553.1492,553.1492
2008-04-18,554.8021,556.4550,554.8021,556.4550
2008-04-21,571.3305,575.7381,571.3305,575.7381
2008-04-22,576.2892,576.2892,563.0665,563.0665
2008-04-23,563.6295,563.6295,554.2513,554.2513
2008-04-24,560.8627,561.4137,548.7419,548.7419
2008-04-25,563.6174,572.9835,563.6174,572.9835
2008-04-28,572.9833,630.2817,572.9833,630.2817
2008-04-30,630.2817,630.2817,630.2817,630.2817
2008-05-01,610.4477,610.4477,606.5911,606.5911
2008-05-02,623.1194,623.1194,623.1194,623.1194
2008-05-07,639.4146,639.4146,639.0968,639.0968
2008-05-08,639.0968,639.0968,615.4062,615.4062
2008-05-09,615.4063,615.4063,599.4288,599.4288
2008-05-12,599.4289,599.4289,589.5118,589.5118
2008-05-13,595.2961,595.2961,593.3683,593.3683
2008-05-14,593.3685,593.3685,581.2477,581.2477
2008-05-15,588.9984,595.0213,588.9984,595.0213
2008-05-16,598.8779,600.5308,598.8779,600.5308
2008-05-19,600.5308,600.5308,597.2252,597.2252
2008-05-20,587.8590,587.8590,581.2477,581.2477
2008-05-21,553.1494,555.3531,553.1494,555.3531
2008-05-22,555.3531,560.3116,555.3531,560.3116
2008-05-23,557.5569,557.5569,557.5569,557.5569
2008-05-26,558.6588,558.6588,537.7228,537.7228
2008-05-27,537.7230,558.1080,537.7230,558.1080
2008-05-28,552.0473,552.0473,545.9869,545.9869
2008-05-29,553.7002,556.4550,553.7002,556.4550
2008-05-30,593.9193,593.9193,593.9193,593.9193
2008-06-02,593.9195,622.0177,593.9195,622.0177
2008-06-03,622.0176,622.0176,615.9572,615.9572
2008-06-04,615.9573,633.5875,615.9573,633.5875
2008-06-05,633.5874,633.5874,615.4062,615.4062
2008-06-06,615.4062,619.8138,615.4062,619.8138
2008-06-09,598.3270,598.3270,598.3270,598.3270
2008-06-10,598.3270,598.3270,587.3080,587.3080
2008-06-11,581.2475,581.7985,581.2475,581.7985
2008-06-12,576.2892,576.2892,574.0854,574.0854
2008-06-13,571.3306,580.6967,571.3306,580.6967
2008-06-16,580.6966,596.1230,580.6966,596.1230
2008-06-17,595.5722,595.5722,595.0213,595.0213
2008-06-18,595.0211,595.0211,593.3683,593.3683
2008-06-19,593.3683,593.3683,571.8815,571.8815
2008-06-20,571.8816,571.8816,553.7004,553.7004
2008-06-23,544.8853,544.8853,544.3344,544.3344
2008-06-24,544.3342,544.8852,544.3342,544.8852
2008-06-25,544.8853,544.8853,532.7645,532.7645
2008-06-26,532.7644,532.7644,531.6625,531.6625
2008-06-27,531.6624,531.6624,514.0321,514.0321
2008-06-30,514.0322,518.4398,514.0322,518.4398
2008-07-01,518.4397,518.4397,511.8284,511.8284
2008-07-02,511.8285,511.8285,506.8700,506.8700
2008-07-03,506.8699,522.8473,506.8699,522.8473
2008-07-04,522.8473,522.8473,516.2360,516.2360
2008-07-07,516.2361,532.7645,516.2361,532.7645
2008-07-08,520.0928,520.0928,514.5833,514.5833
2008-07-09,514.5832,526.1531,514.5832,526.1531
2008-07-10,526.1531,544.3344,526.1531,544.3344
2008-07-11,544.3342,546.5380,544.3342,546.5380
2008-07-14,546.5382,546.5382,538.8250,538.8250
2008-07-15,517.8888,517.8888,510.1755,510.1755
2008-07-16,510.1757,510.7267,510.1757,510.7267
2008-07-17,510.7266,526.1531,510.7266,526.1531
2008-07-18,526.1529,526.1529,523.9492,523.9492
2008-07-22,529.4587,543.2323,525.6020,543.2323
2008-07-23,564.7191,564.7191,556.4550,556.4550
2008-07-24,566.9230,568.5758,566.9230,568.5758
2008-07-25,537.7228,537.7228,537.7228,537.7228
2008-07-28,537.7230,537.7230,536.6211,536.6211
2008-07-29,521.7453,527.8057,521.7453,527.8057
2008-07-30,527.8060,536.6211,527.8060,536.6211
2008-07-31,536.6211,536.6211,534.9683,534.9683
2008-08-01,536.0700,536.0700,511.8284,511.8284
2008-08-04,500.8096,506.8700,496.4021,496.4021
2008-08-05,496.4021,504.1153,496.4021,504.1153
2008-08-06,504.1151,504.1151,498.0547,498.0547
2008-08-07,481.5046,481.5046,478.7718,478.7718
2008-08-08,458.3867,465.5490,458.3867,465.5490
2008-08-11,479.3227,482.6284,479.3227,482.6284
2008-08-12,482.6284,483.7303,482.6284,483.7303
2008-08-13,467.7528,467.7528,463.3452,463.3452
2008-08-14,467.2020,467.2020,451.7755,451.7755
2008-08-15,451.7752,451.7752,450.6733,450.6733
2008-08-18,450.6735,465.5490,450.6735,465.5490
2008-08-19,465.5490,465.5490,456.7338,456.7338
2008-08-20,456.7339,456.7339,450.1225,450.1225
2008-08-21,450.1225,450.1225,446.2659,446.2659
2008-08-22,446.2659,446.2659,436.8998,436.8998
2008-08-25,436.8998,457.8357,436.8998,457.8357
2008-08-26,457.8359,457.8359,451.7755,451.7755
2008-08-27,452.8773,452.8773,450.1225,450.1225
2008-08-28,450.1225,450.1225,446.2659,446.2659
2008-08-29,446.8169,462.2434,446.8169,462.2434
2008-09-01,462.2433,462.2433,453.9792,453.9792
2008-09-02,453.9792,453.9792,446.8169,446.8169
2008-09-03,446.8169,450.1225,446.8169,450.1225
2008-09-04,450.1225,450.1225,436.8998,436.8998
2008-09-05,415.4130,415.4130,413.2092,413.2092
2008-09-08,413.2091,468.3036,413.2091,468.3036
2008-09-09,468.8548,468.8548,462.7944,462.7944
2008-09-10,469.9565,478.8635,469.9565,477.6697
2008-09-11,477.6698,477.6698,453.4282,453.4282
2008-09-12,458.9377,472.7114,458.9377,472.7114
2008-09-16,473.2624,473.2624,436.3490,436.3490
2008-09-17,443.5113,443.5113,440.7565,440.7565
2008-09-18,440.7564,440.7564,425.8808,425.8808
2008-09-19,425.8810,474.9152,425.8810,474.9152
2008-09-22,474.9151,494.7491,474.9151,494.7491
2008-09-24,509.5524,515.6851,509.5524,515.6851
2008-09-25,515.6852,515.6852,509.0240,509.0240
2008-09-26,509.0239,516.7953,509.0239,516.7953
2008-09-29,517.3505,520.1260,517.3505,520.1260
2008-09-30,496.8117,496.8117,495.7015,495.7015
2008-10-01,512.3546,512.3546,512.3546,512.3546
2008-10-02,512.3545,512.3545,497.3669,497.3669
2008-10-03,527.3421,527.3421,492.9261,492.9261
2008-10-06,492.9261,492.9261,447.4081,447.4081
2008-10-07,430.7553,450.1837,430.7553,450.1837
2008-10-08,450.1836,450.1836,423.5390,423.5390
2008-10-09,438.5266,438.5266,430.7553,430.7553
2008-10-10,430.7552,430.7552,394.1188,394.1188
2008-10-14,450.7388,450.7388,449.6286,449.6286
2008-10-15,450.7387,455.7346,450.7387,455.7346
2008-10-16,455.7345,455.7345,411.3268,411.3268
2008-10-17,411.3269,421.8737,411.3269,421.8737
2008-10-20,421.8737,444.0775,421.8737,444.0775
2008-10-21,444.0775,471.2773,444.0775,471.2773
2008-10-22,471.2773,471.2773,429.6450,429.6450
2008-10-23,429.6451,429.6451,413.5473,413.5473
2008-10-24,379.1312,379.1312,379.1312,379.1312
2008-10-27,331.9480,331.9480,323.6215,323.6215
2008-10-28,293.1874,305.8584,293.1874,305.8584
2008-10-29,305.8584,329.7276,305.8584,329.7276
2008-10-30,350.8213,350.8213,350.8213,350.8213
2008-10-31,352.4865,352.4865,331.9479,331.9479
2008-11-04,331.9479,348.0457,331.9479,348.0457
2008-11-05,378.0211,387.4577,378.0211,387.4577
2008-11-06,388.5679,388.5679,360.8130,360.8130
2008-11-07,360.8131,360.8131,354.7070,354.7070
2008-11-10,354.7070,361.9233,354.7070,361.9233
2008-11-11,363.0334,363.0334,351.3764,351.3764
2008-11-12,351.3763,351.3763,341.3846,341.3846
2008-11-13,341.3847,341.3847,328.6175,328.6175
2008-11-14,328.6173,330.2826,328.6173,330.2826
2008-11-17,330.2827,330.2827,324.7317,324.7317
2008-11-18,324.7318,324.7318,303.0830,303.0830
2008-11-19,303.0829,303.0829,283.6545,283.6545
2008-11-20,283.6545,283.6545,266.4465,266.4465
2008-11-21,266.4466,273.1077,266.4466,273.1077
2008-11-25,273.1077,280.8790,273.1077,280.8790
2008-11-26,281.9893,281.9893,276.4383,276.4383
2008-11-27,276.4383,287.5403,276.4383,287.5403
2008-11-28,287.5402,289.2055,287.5402,289.2055
2008-12-01,289.2055,289.2055,282.5443,282.5443
2008-12-02,282.5444,282.5444,263.1160,263.1160
2008-12-03,263.1160,263.1160,260.8956,260.8956
2008-12-04,260.8955,260.8955,255.3446,255.3446
2008-12-05,255.3446,255.3446,241.4671,241.4671
2008-12-08,238.6917,238.6917,238.6917,238.6917
2008-12-09,253.1243,254.2345,253.1243,254.2345
2008-12-10,254.2343,259.7853,254.2343,259.7853
2008-12-11,271.9975,277.5485,271.9975,277.5485
2008-12-12,277.5485,277.5485,268.6669,268.6669
2008-12-15,264.2262,286.9851,264.2262,286.9851
2008-12-16,281.9892,281.9892,281.9892,281.9892
2008-12-17,281.9893,288.0953,281.9893,288.0953
2008-12-18,288.0954,300.8626,288.0954,300.8626
2008-12-19,301.4177,310.8543,301.4177,310.8543
2008-12-22,310.8543,319.7359,310.8543,319.7359
2008-12-24,320.8460,320.8460,295.8667,295.8667
2008-12-25,297.5320,302.5279,297.5320,302.5279
2008-12-26,305.8585,310.8543,303.6381,310.8543
2008-12-29,304.1933,308.6340,304.1933,308.6340
2008-12-30,310.2992,311.4094,304.7482,304.7482
2009-01-05,320.8460,321.4011,315.2951,316.9604
2009-01-06,318.6257,318.6257,316.4053,316.4053
2009-01-07,316.4053,324.1766,316.4053,324.1766
2009-01-08,324.1767,324.1767,310.8543,310.8543
2009-01-09,312.5196,312.5196,311.4094,311.4094
2009-01-13,315.2951,315.2951,291.9810,291.9810
2009-01-14,291.9810,291.9810,290.8708,290.8708
2009-01-15,290.8709,290.8709,286.4301,286.4301
2009-01-16,286.4300,290.3156,286.4300,290.3156
2009-01-19,290.3157,290.3157,286.9851,286.9851
2009-01-20,286.9851,286.9851,278.6586,278.6586
2009-01-21,278.6587,278.6587,268.1118,268.1118
2009-01-22,268.1118,270.3322,268.1118,270.3322
2009-01-23,270.3322,270.3322,263.1160,263.1160
2009-01-26,263.1160,263.1160,254.2345,254.2345
2009-01-27,275.8832,275.8832,275.8832,275.8832
2009-01-28,275.8832,279.2137,275.8832,279.2137
2009-01-29,279.2137,292.5361,279.2137,292.5361
2009-01-30,292.5361,292.5361,283.0995,283.0995
2009-02-02,283.0994,283.0994,269.2220,269.2220
2009-02-03,269.2220,269.2220,267.0016,267.0016
2009-02-04,267.0016,269.2220,267.0016,269.2220
2009-02-05,269.2220,269.2220,264.7812,264.7812
2009-02-06,264.7812,266.4465,264.7812,266.4465
2009-02-09,266.4465,266.4465,265.8914,265.8914
2009-02-10,274.2179,274.2179,262.5609,271.4424
2009-02-12,269.2220,269.2220,259.7853,259.7853
2009-02-13,259.7853,262.0057,259.7853,262.0057
2009-02-16,262.0058,262.0058,260.8956,260.8956
2009-02-17,260.8956,260.8956,250.3488,250.3488
2009-02-18,250.3487,250.3487,242.5773,242.5773
2009-02-19,245.3528,245.3528,243.6875,243.6875
2009-02-20,243.6876,243.6876,238.1366,238.1366
2009-02-23,238.6917,240.3570,231.4755,237.0264
2009-02-24,237.5815,238.1366,237.5815,238.1366
2009-02-25,238.1366,247.0182,238.1366,247.0182
2009-02-26,245.3529,245.3529,245.3529,245.3529
2009-02-27,245.3528,252.0140,245.3528,252.0140
2009-03-02,252.0140,252.0140,234.8060,234.8060
2009-03-03,234.8060,234.8060,233.6958,233.6958
2009-03-04,233.6959,236.4714,233.6959,236.4714
2009-03-05,236.4713,236.4713,233.6958,233.6958
2009-03-06,233.6958,233.6958,222.5938,222.5938
2009-03-09,219.6895,219.6895,211.4919,211.4919
2009-03-10,211.4919,219.2632,211.4919,219.2632
2009-03-11,232.0305,232.0305,228.1448,228.1448
2009-03-12,228.1448,228.1448,219.8184,219.8184
2009-03-13,219.8184,232.5856,219.8184,232.5856
2009-03-16,232.6554,244.7978,232.6554,244.7978
2009-03-17,253.6793,264.7812,253.6793,264.7812
2009-03-18,264.7812,265.3363,264.7812,265.3363
2009-03-19,265.3363,271.4424,265.3363,271.4424
2009-03-23,271.4425,284.2097,271.4425,284.2097
2009-03-24,284.2096,296.9769,284.2096,296.9769
2009-03-25,298.0871,298.0871,295.3116,295.3116
2009-03-26,294.1909,302.5964,294.1909,302.5964
2009-03-27,302.0360,302.0360,295.3116,295.3116
2009-03-30,295.8720,295.8720,273.4574,273.4574
2009-03-31,273.4574,273.4574,266.7330,266.7330
2009-04-01,266.7330,277.3799,266.7330,277.3799
2009-04-02,277.3800,295.8719,277.3800,295.8719
2009-04-03,295.3116,295.3116,294.7512,294.7512
2009-04-06,298.6737,298.6737,287.4665,287.4665
2009-04-07,287.4665,287.4665,284.1043,284.1043
2009-04-08,284.6647,284.6647,273.4574,273.4574
2009-04-09,277.3800,292.5098,277.3800,292.5098
2009-04-10,283.5439,289.7079,283.5439,289.7079
2009-04-13,296.4322,297.5529,296.4322,297.5529
2009-04-14,299.7946,300.9153,299.7946,300.9153
2009-04-15,291.9494,291.9494,291.9494,291.9494
2009-04-16,291.9494,291.9494,282.9836,282.9836
2009-04-17,282.9836,287.4665,282.9836,287.4665
2009-04-20,282.4232,282.4232,277.9403,277.9403
2009-04-21,269.3239,275.1385,269.3239,275.1385
2009-04-22,273.4876,273.4876,268.4141,268.4141
2009-04-23,266.5870,267.8537,266.5870,267.8537
2009-04-24,268.6038,276.8196,268.6038,276.8196
2009-04-27,276.0722,284.6647,276.0722,284.6647
2009-04-28,284.6646,284.6646,282.9836,282.9836
2009-04-30,282.9836,299.7945,282.9836,299.7945
2009-05-01,298.6738,298.6738,298.6738,298.6738
2009-05-07,297.7329,345.7443,297.7329,345.7443
2009-05-08,365.9174,367.0381,365.9174,367.0381
2009-05-11,367.0382,377.6851,367.0382,377.6851
2009-05-12,376.4953,376.4953,358.6327,358.6327
2009-05-13,358.6327,358.6327,350.2272,350.2272
2009-05-14,350.2272,350.2272,329.4937,329.4937
2009-05-15,329.4938,343.5029,329.4938,343.5029
2009-05-18,343.5028,343.5028,331.7352,331.7352
2009-05-19,349.6668,349.6668,345.7443,345.7443
2009-05-20,345.7443,346.8651,345.7443,346.8651
2009-05-21,346.8650,346.8650,341.2614,341.2614
2009-05-22,340.1406,341.2614,340.1406,341.2614
2009-05-25,340.1406,342.3821,340.1406,342.3821
2009-05-26,342.3822,342.3822,341.8218,341.8218
2009-05-27,350.2273,350.2273,347.9858,349.1066
2009-05-28,349.1065,350.2272,349.1065,350.2272
2009-05-29,349.1065,349.1065,335.0974,335.0974
2009-06-01,340.2482,345.1839,340.2482,345.1839
2009-06-02,345.1840,347.9858,345.1840,347.9858
2009-06-03,347.9858,347.9858,344.0633,344.0633
2009-06-04,344.0632,348.5461,344.0632,348.5461
2009-06-05,349.1065,349.6669,349.1065,349.6669
2009-06-08,353.5894,360.8741,353.5894,360.8741
2009-06-09,360.8742,360.8742,349.6669,349.6669
2009-06-10,351.3480,358.6327,351.3480,358.6327
2009-06-11,358.6327,361.4345,358.0724,359.1931
2009-06-12,369.2795,371.5210,362.5552,365.3570
2009-06-15,362.5552,363.1155,350.7875,353.5894
2009-06-16,339.5803,339.5803,336.2181,336.7784
2009-06-17,337.8992,341.2614,336.7785,338.4596
2009-06-18,328.3730,331.7352,326.1316,331.7352
2009-06-19,344.6235,346.3046,341.8217,345.1839
2009-06-22,344.6236,348.5462,343.5029,344.6236
2009-06-23,331.7352,337.8992,331.1748,336.7784
2009-06-24,332.2956,335.6577,330.6145,332.2956
2009-06-25,335.6579,342.9426,332.2957,339.0201
2009-06-26,344.6236,345.1840,339.5804,342.9425
2009-06-29,342.9424,344.6235,331.7352,333.4163
2009-06-30,337.8992,340.1407,332.2956,335.0974
2009-07-01,333.4163,343.5028,332.2955,337.3388
2009-07-02,341.2613,341.8216,333.4162,333.9766
2009-07-03,329.4937,336.2181,328.3730,336.2181
2009-07-06,333.4163,336.7784,331.1748,333.4163
2009-07-07,333.4163,335.0974,328.9334,330.0541
2009-07-08,325.0109,325.5713,317.1658,318.8469
2009-07-09,312.1226,315.4847,306.5189,307.6396
2009-07-10,308.2000,311.5622,300.9153,301.4756
2009-07-13,296.4324,311.0018,295.8720,298.6738
2009-07-14,305.9585,311.5622,304.2774,308.7603
2009-07-15,308.2000,308.7604,299.7946,301.4756
2009-07-16,309.3207,310.4415,297.5531,298.6738
2009-07-17,304.2775,305.3983,300.3550,300.9153
2009-07-21,306.5189,312.6829,305.3982,311.5622
2009-07-22,311.0017,316.0450,308.7603,312.1225
2009-07-23,312.6829,316.0451,309.3207,311.5622
2009-07-24,315.4847,316.0451,304.8378,308.2000
2009-07-27,309.8811,315.4847,309.3207,309.8811
2009-07-28,312.6829,316.0450,309.8810,311.0018
2009-07-29,309.3207,310.4414,303.1567,304.8378
2009-07-30,306.5189,307.6396,299.2342,303.7171
2009-07-31,311.5622,321.6487,310.4414,317.1658
2009-08-03,327.8126,336.2181,325.0108,336.2181
2009-08-04,346.8650,346.8650,335.0974,336.2181
2009-08-05,336.7785,340.1407,332.8560,334.5371
2009-08-06,339.0199,340.1407,334.5370,337.8992
2009-08-07,336.2181,337.8992,328.9334,335.0974
2009-08-10,342.9424,344.6235,339.5803,341.2614
2009-08-11,341.8217,344.0632,340.1406,341.2614
2009-08-12,336.2181,339.0199,333.9766,336.2181
2009-08-13,341.2614,341.8217,337.8992,337.8992
2009-08-14,339.0199,341.2614,338.4595,340.1406
2009-08-17,337.3387,338.4595,330.6144,331.1747
2009-08-18,325.5712,333.4163,325.0108,332.2956
2009-08-19,331.1748,331.7352,325.5712,327.2523
2009-08-20,327.2523,332.8559,327.2523,330.6145
2009-08-21,333.9766,333.9766,326.6919,329.4937
2009-08-24,333.4163,337.3388,333.4163,335.0974
2009-08-25,331.7352,333.9767,330.0541,331.7352
2009-08-26,332.2955,335.0974,330.6144,333.4163
2009-08-27,330.6145,332.2956,327.8127,332.2956
2009-08-28,333.4163,334.5370,330.6144,333.4163
2009-08-31,335.0974,339.5804,331.7353,332.8560
2009-09-02,325.0108,326.6919,321.6486,325.0108
2009-09-03,321.0884,321.6488,315.4848,315.4848
2009-09-04,316.6055,317.1658,307.6396,309.8811
2009-09-07,312.6829,315.4847,309.8811,309.8811
2009-09-08,306.5188,307.0792,300.3548,304.2774
2009-09-09,299.7945,300.9153,293.0702,295.3116
2009-09-10,300.3549,308.7603,299.7945,308.2000
2009-09-11,308.2000,312.6829,302.5963,305.9585
2009-09-14,305.3983,306.5190,299.7946,300.9153
2009-09-15,302.5963,305.3982,297.5531,299.7945
2009-09-16,301.4756,304.8377,293.6305,294.7512
2009-09-17,296.4323,298.6738,285.2251,289.1476
2009-09-18,287.4665,297.5531,279.0611,296.4323
2009-09-21,296.4323,296.4323,296.4323,296.4323
2009-09-24,296.4323,302.5963,290.8287,295.3116
2009-09-25,282.2749,286.2426,278.8739,279.4408
2009-09-28,269.8049,277.1735,269.2380,274.3394
2009-09-29,276.6067,279.4407,270.9385,272.6389
2009-09-30,278.3070,280.5743,270.9384,273.2057
2009-10-01,270.3717,270.9385,257.3349,258.4685
2009-10-02,252.8004,256.7681,248.8326,252.2336
2009-10-05,257.9016,262.4362,255.6344,257.9016
2009-10-06,267.5376,269.2380,261.3026,269.2380
2009-10-07,280.5743,287.3761,278.3071,282.8416
2009-10-08,284.5421,287.9430,281.7080,282.8416
2009-10-09,282.8416,285.6757,278.8739,283.4084
2009-10-13,289.6434,290.2102,283.9752,283.9752
2009-10-14,282.2748,282.8416,271.5053,274.9062
2009-10-15,280.0075,283.4084,274.9062,274.9062
2009-10-16,273.2057,273.2057,260.7357,266.4039
2009-10-19,260.7358,273.2058,260.1690,272.0722
2009-10-20,276.0399,279.4408,270.3717,277.7403
2009-10-21,274.3393,277.7402,272.6389,276.0398
2009-10-22,269.2380,270.3717,264.1367,267.5376
2009-10-23,270.3716,270.9385,260.7357,260.7357
2009-10-26,264.7034,266.9707,261.8694,266.4039
2009-10-27,264.1366,268.1043,260.7357,263.5698
2009-10-28,261.8694,268.1044,261.8694,264.7035
2009-10-29,263.5698,279.4407,261.8694,276.6066
2009-10-30,282.2749,282.8417,276.6067,280.5744
2009-11-02,274.9062,279.4407,272.0721,277.1734
2009-11-04,274.9063,278.8740,270.3717,272.0722
2009-11-05,272.0721,279.4407,272.0721,275.4730
2009-11-06,275.4730,276.6066,271.5052,275.4730
2009-11-09,275.4731,278.3071,270.3717,277.7403
2009-11-10,281.1411,288.5097,280.5743,285.1088
2009-11-11,282.8416,293.0443,281.7080,289.0766
2009-11-12,293.6111,296.4452,287.9430,290.2102
2009-11-13,290.7770,294.1779,286.8093,287.9429
2009-11-16,274.3394,278.8740,269.2381,272.0722
2009-11-17,274.3393,277.1734,271.5053,276.0398
2009-11-18,270.3717,274.9062,266.9708,274.3394
2009-11-19,273.7726,274.3394,258.4685,264.1367
2009-11-20,263.5698,269.8048,260.7357,266.9707
2009-11-24,264.1368,270.3718,257.9018,259.6022
2009-11-25,257.9016,263.5698,255.6344,257.9016
2009-11-26,256.7680,263.0029,255.0675,257.3348
2009-11-27,252.2335,256.7681,249.9663,251.6667
2009-11-30,263.5698,273.2057,263.5698,273.2057
2009-12-01,270.3717,283.4085,265.8371,281.7080
2009-12-02,278.8739,282.8416,273.7725,275.4730
2009-12-03,283.4085,285.6757,278.8739,281.7080
2009-12-04,283.4085,283.4085,279.4408,281.1412
2009-12-07,285.1089,287.3761,282.2748,283.9752
2009-12-08,281.1411,285.6756,281.1411,285.1088
2009-12-09,279.4407,280.0076,269.8049,270.3717
2009-12-10,265.2703,268.1044,260.7358,261.8694
2009-12-11,262.4362,262.4362,255.0676,257.9016
2009-12-14,257.9016,257.9016,248.8326,250.5330
2009-12-15,249.3994,256.2012,247.6990,253.9340
2009-12-16,273.7725,273.7725,262.4362,266.4039
2009-12-17,268.1044,268.1044,259.6022,263.0031
2009-12-18,260.7358,263.0030,257.3349,261.8694
2009-12-21,264.7035,269.8049,264.1367,268.1044
2009-12-22,266.4038,268.6711,262.4361,268.6711
2009-12-24,268.1044,268.6712,263.5699,264.1367
2009-12-25,264.7035,264.7035,260.1689,261.3026
2009-12-28,261.3027,264.7036,259.6022,259.6022
2009-12-29,259.0352,259.0352,253.3671,257.3348
2009-12-30,255.6344,260.1690,254.5008,256.2012
2010-01-04,259.6022,259.6022,255.6345,255.6345
2010-01-05,257.9017,261.8694,255.0676,256.2012
2010-01-06,260.7358,267.5376,260.7358,265.8371
2010-01-07,270.9384,272.0721,268.6712,269.8048
2010-01-08,271.5053,273.2057,268.1044,270.9385
2010-01-12,269.8048,277.1734,268.6712,276.6066
2010-01-13,273.7726,279.4407,270.3717,271.5053
2010-01-14,274.3393,278.8739,273.7725,277.1734
2010-01-15,280.0076,286.8094,279.4407,286.8094
2010-01-18,283.9752,286.2425,281.1411,282.2748
2010-01-19,281.7079,282.2748,274.3393,275.4730
2010-01-20,278.8738,279.4406,270.9384,273.2057
2010-01-21,270.3717,281.1412,268.6712,278.8739
2010-01-22,274.3394,280.5744,273.2058,279.4408
2010-01-25,275.4730,279.4407,274.9062,276.0398
2010-01-26,277.7403,278.8739,266.4040,267.5376
2010-01-27,269.2381,270.9385,266.4040,268.1044
2010-01-28,269.8049,272.6389,267.5376,269.2380
2010-01-29,266.9707,268.6711,265.2702,265.2702
2010-02-01,269.2381,270.9385,263.5699,268.1044
2010-02-02,270.9385,272.0721,269.2380,270.9385
2010-02-03,272.6389,273.2058,269.2380,269.2380
2010-02-04,269.8049,270.9385,258.4685,261.8694
2010-02-05,253.9340,259.0354,252.8004,259.0354
2010-02-08,257.9016,263.0030,256.7680,257.9016
2010-02-09,257.3349,260.7358,255.6345,258.4685
2010-02-10,259.6021,261.3026,256.7680,256.7680
2010-02-12,258.4684,259.6020,256.2011,257.3348
2010-02-15,257.3349,257.3349,251.6667,252.2336
2010-02-16,252.8004,254.5008,251.0999,251.6667
2010-02-17,254.5008,256.2013,253.3672,255.6345
2010-02-18,260.1690,262.4363,257.9017,258.4685
2010-02-19,259.0353,259.6021,254.5008,255.0676
2010-02-22,258.4685,260.7358,257.3349,258.4685
2010-02-23,259.0354,260.1690,256.7681,259.0354
2010-02-24,256.2012,256.7680,253.9340,255.0676
2010-02-25,255.6345,255.6345,253.9340,255.6345
2010-02-26,253.9340,255.6344,252.8003,254.5008
2010-03-01,257.3349,260.7358,256.7681,258.4685
2010-03-02,258.4685,259.6021,256.7680,257.9016
2010-03-03,258.4685,259.0354,256.7681,258.4685
2010-03-04,257.9016,258.4684,256.7680,257.3348
2010-03-05,258.4686,261.3027,257.9018,259.6022
2010-03-08,264.1367,264.7035,261.3026,261.8694
2010-03-09,262.4362,263.5698,261.3026,261.3026
2010-03-10,260.1690,261.3026,259.0354,259.0354
2010-03-11,261.8694,263.0030,260.1689,261.3026
2010-03-12,262.4362,265.2703,261.3026,264.7035
2010-03-15,265.8371,269.2380,265.2703,266.4039
2010-03-16,266.4038,270.3716,266.4038,268.6711
2010-03-17,271.5053,272.0721,269.2380,269.8048
2010-03-18,270.9385,271.5053,267.5376,268.1044
2010-03-19,269.2380,269.2380,266.9708,269.2380
2010-03-23,269.2381,269.2381,267.5376,268.1044
2010-03-24,268.6712,269.8048,265.8371,266.9707
2010-03-25,269.2380,269.2380,266.4039,266.9707
2010-03-26,268.6713,272.0722,267.5376,272.0722
2010-03-29,273.7941,284.1259,273.2201,282.9779
2010-03-30,287.5699,289.2919,284.6999,285.2739
2010-03-31,284.7000,284.7000,280.6821,281.2561
2010-04-01,281.8299,282.9779,277.2380,277.8120
2010-04-02,281.2560,282.4040,278.3860,280.1080
2010-04-05,281.2560,282.4040,278.3860,280.1080
2010-04-06,279.5341,281.2561,277.2381,281.2561
2010-04-07,281.8300,289.8659,281.8300,288.7179
2010-04-08,288.1438,292.7358,287.5698,289.2918
2010-04-09,291.0138,292.1618,287.5698,289.2918
2010-04-12,291.0139,296.7538,290.4399,293.8839
2010-04-13,293.8838,295.0318,289.2919,291.5879
2010-04-14,292.7357,296.1797,292.1617,292.1617
2010-04-15,297.3278,298.4758,295.6058,296.7538
2010-04-16,295.6058,297.3278,293.8838,295.0318
2010-04-19,288.1438,289.2918,284.6999,285.8479
2010-04-20,286.9958,289.8658,285.8479,286.4218
2010-04-21,291.0139,295.0318,291.0139,295.0318
2010-04-22,293.8838,294.4578,289.8659,291.5879
2010-04-23,288.1439,291.0139,286.9959,287.5699
2010-04-26,292.1618,294.4578,291.0138,292.7358
2010-04-27,291.5877,292.7357,290.4397,292.1617
2010-04-28,285.2739,288.7178,284.6999,286.4218
2010-04-30,290.4399,291.5879,282.4040,283.5520
2010-05-06,271.4981,273.2201,269.7761,270.9241
2010-05-07,260.5922,265.7581,260.0182,264.0362
2010-05-10,265.7582,270.9241,265.1842,268.6281
2010-05-11,273.2200,275.5160,262.3142,264.0362
2010-05-12,261.1661,264.0361,256.0002,257.7222
2010-05-13,261.1662,268.6281,260.5922,265.1841
2010-05-14,264.0362,265.7582,258.8703,263.4622
2010-05-17,260.0183,261.1663,257.7223,260.0183
2010-05-18,261.7401,262.3141,257.1482,257.7222
2010-05-19,254.8523,259.4443,252.5564,259.4443
2010-05-20,258.8702,260.5922,256.5742,257.7222
2010-05-21,252.5564,256.5743,251.4084,254.8524
2010-05-24,255.4264,258.2963,253.1304,254.2784
2010-05-25,254.2783,254.8523,249.6864,250.8344
2010-05-26,251.9823,253.1303,249.6863,252.5563
2010-05-27,250.2604,256.5743,249.6864,255.4263
2010-05-28,258.2963,259.4443,254.2784,254.8524
2010-05-31,255.4263,257.1483,253.1304,253.1304
2010-06-01,253.7044,257.1483,252.5564,256.0004
2010-06-02,251.9823,257.1482,251.4083,252.5563
2010-06-03,255.4264,257.7223,254.8524,256.0004
2010-06-04,256.0003,256.5743,254.8523,255.4263
2010-06-07,250.2604,251.4084,245.0945,245.6685
2010-06-08,242.7986,243.3726,238.7806,240.5026
2010-06-09,238.7806,241.6505,235.3366,236.4846
2010-06-10,238.2066,239.3546,236.4846,238.7806
2010-06-11,243.9465,247.9644,243.3725,246.2424
2010-06-14,246.8164,247.3904,245.0944,246.2424
2010-06-15,246.8165,247.9645,245.0945,245.6685
2010-06-16,248.5384,249.1124,246.2425,247.3904
2010-06-17,244.5205,246.2425,242.7985,244.5205
2010-06-18,243.9465,244.5205,238.7806,241.0766
2010-06-21,243.9465,247.9645,242.7985,245.6685
2010-06-22,246.2425,250.2604,244.5205,247.3904
2010-06-23,244.5205,247.9645,243.9465,245.6685
2010-06-24,246.2424,246.8164,241.0765,241.6505
2010-06-25,239.9286,244.5206,238.7806,240.5026
2010-06-28,239.3545,239.9285,234.1886,235.9106
2010-06-29,234.7626,237.6325,232.4666,233.6146
2010-06-30,230.7447,232.4667,229.0227,232.4667
2010-07-01,230.7447,231.8927,230.1707,230.1707
2010-07-02,230.7447,231.8927,228.4487,230.7447
2010-07-05,233.0406,235.9106,231.3187,233.0406
2010-07-06,230.7447,239.9286,229.5967,239.9286
2010-07-07,239.3545,242.7985,235.9106,237.6326
2010-07-08,243.3725,246.8165,243.3725,245.6685
2010-07-09,246.8164,246.8164,242.2245,244.5205
2010-07-12,242.2245,243.9465,237.6326,239.3546
2010-07-13,239.3546,241.6506,236.4846,241.0766
2010-07-14,245.0945,246.8164,241.6505,242.7985
2010-07-15,241.0765,241.6505,235.3366,236.4846
2010-07-16,235.9106,237.6325,231.8926,233.6146
2010-07-21,230.1706,231.3186,227.3007,229.5966
2010-07-22,229.0227,230.7446,227.8747,229.5966
2010-07-23,231.3186,234.7626,231.3186,233.6146
2010-07-26,236.4846,237.0586,234.1886,234.1886
2010-07-27,235.9106,242.7985,235.3366,239.9286
2010-07-28,245.6684,251.9823,245.6684,248.5383
2010-07-29,250.8343,252.5563,247.3904,248.5383
2010-07-30,248.5384,248.5384,242.2245,246.2424
2010-08-02,247.3904,249.1124,243.9465,245.0945
2010-08-03,250.2604,251.9824,245.0945,245.0945
2010-08-04,245.0944,248.5384,243.9464,246.8164
2010-08-05,249.1123,250.8343,246.2424,248.5383
2010-08-06,247.3904,249.6864,246.8164,249.1124
2010-08-09,247.9645,248.5385,246.2425,247.9645
2010-08-10,250.2603,250.2603,245.0944,246.8164
2010-08-11,245.0945,245.6685,239.9286,240.5026
2010-08-12,235.3366,238.2066,233.6146,237.0586
2010-08-13,236.4846,238.2066,235.3366,238.2066
2010-08-16,235.3366,239.3546,235.3366,238.7806
2010-08-17,236.4846,238.7806,235.9106,237.0586
2010-08-18,241.0765,245.6685,240.5025,242.7985
2010-08-19,242.7985,247.3904,241.6505,246.2424
2010-08-20,242.7985,245.6684,240.5025,241.6505
2010-08-23,240.5026,242.2246,239.3546,241.0766
2010-08-24,237.6326,239.3546,236.4846,238.7806
2010-08-25,235.3366,235.9106,232.4667,234.1886
2010-08-26,234.7626,235.9106,233.0406,235.9106
2010-08-27,233.0407,235.9107,231.8927,235.3367
2010-08-30,237.6327,240.5026,234.1887,235.3367
2010-08-31,233.6146,233.6146,229.0227,230.1707
2010-09-01,230.1707,230.7447,227.8747,230.7447
2010-09-02,232.4666,233.6146,228.4487,229.5966
2010-09-03,230.7447,231.8927,229.5967,231.3187
2010-09-06,232.4667,234.1886,230.7447,234.1886
2010-09-07,233.6147,237.6326,233.0407,234.1886
2010-09-08,231.8927,231.8927,229.0227,230.1707
2010-09-09,230.7447,231.3187,229.5967,230.7447
2010-09-10,231.3187,234.7626,230.7447,231.3187
2010-09-13,234.1886,238.7806,234.1886,236.4846
2010-09-14,234.1886,241.0765,234.1886,237.6326
2010-09-16,241.6505,242.2245,236.4846,237.0586
2010-09-17,238.2066,239.9285,237.0586,237.6326
2010-09-21,239.9286,240.5026,234.1887,234.7626
2010-09-22,234.1886,234.7626,231.8927,232.4667
2010-09-24,230.1707,233.0407,230.1707,230.7447
2010-09-27,231.3186,234.1886,230.1706,233.6146
2010-09-28,234.7798,236.5276,234.1972,234.7798
2010-09-29,234.7798,236.5275,233.6146,235.3623
2010-09-30,235.3624,235.3624,224.8759,226.6237
2010-10-01,226.6237,230.7017,222.5456,228.3714
2010-10-04,226.6237,227.2063,220.2153,222.5456
2010-10-05,221.3804,229.5365,220.2152,227.7888
2010-10-06,231.2843,235.9449,223.7108,233.6146
2010-10-07,234.7798,238.8578,233.6146,235.9449
2010-10-08,237.6928,240.0231,235.9450,236.5276
2010-10-12,238.2753,238.8579,232.4495,234.1973
2010-10-13,233.6147,234.7798,227.2063,229.5366
2010-10-14,228.9540,234.1972,228.3714,230.7017
2010-10-15,228.3714,228.9540,223.1282,224.2934
2010-10-18,221.3805,224.8759,220.2153,222.5456
2010-10-19,224.2934,227.7888,224.2934,226.0411
2010-10-20,223.1282,225.4585,221.3804,225.4585
2010-10-21,223.7108,224.8760,221.3805,223.1283
2010-10-22,223.1283,224.8760,221.9631,223.1283
2010-10-25,224.2934,225.4586,221.9631,223.1283
2010-10-26,223.1282,223.7108,221.3805,221.3805
2010-10-27,220.7979,221.9630,214.3895,217.3024
2010-10-28,216.7198,218.4676,214.9721,215.5547
2010-10-29,216.7198,219.6328,214.9721,218.4676
2010-11-01,216.1373,217.8850,212.0592,213.8069
2010-11-02,214.9721,215.5547,212.6418,213.8069
2010-11-04,217.8850,219.0502,214.9721,216.1373
2010-11-05,219.6327,222.5456,218.4675,219.6327
2010-11-08,221.9630,222.5456,217.8850,220.7979
2010-11-09,219.6327,221.3804,217.8850,219.6327
2010-11-10,223.1282,231.8669,223.1282,228.9540
2010-11-11,231.2843,234.1972,230.7018,232.4495
2010-11-12,230.1191,231.2843,227.7888,228.3714
2010-11-15,231.2843,231.8668,226.6236,227.7888
2010-11-16,230.7017,230.7017,226.0410,227.7888
2010-11-17,225.4585,231.2843,224.8759,230.1191
2010-11-18,231.8669,240.6056,231.2844,240.0231
2010-11-19,244.6837,244.6837,240.0231,241.1882
2010-11-22,243.5185,243.5185,240.0230,240.6056
2010-11-24,233.6146,237.1101,233.0320,235.9449
2010-11-25,237.6927,237.6927,233.6147,234.7798
2010-11-26,234.7798,236.5275,233.0320,233.6146
2010-11-29,233.6146,236.5275,231.8669,235.9449
2010-11-30,233.6146,235.3624,230.7017,230.7017
2010-12-01,230.7017,231.8669,227.7888,231.2843
2010-12-02,235.3624,235.3624,233.6146,233.6146
2010-12-03,235.9450,236.5276,233.0321,234.1973
2010-12-06,234.1972,235.3624,232.4495,233.6146
2010-12-07,232.4495,233.0321,230.7017,231.8669
2010-12-08,232.4495,234.1973,231.8669,234.1973
2010-12-09,238.2753,244.1011,237.6927,242.9360
2010-12-10,243.5185,244.6837,241.1882,244.1011
2010-12-13,241.7708,251.6747,241.7708,251.0921
2010-12-14,251.0920,252.8397,249.3442,252.2571
2010-12-15,252.8398,253.4224,249.9269,249.9269
2010-12-16,248.1791,256.3353,248.1791,253.4224
2010-12-17,254.5875,258.0830,254.5875,256.3352
2010-12-20,257.5004,259.2482,252.8398,254.5875
2010-12-21,254.5875,258.0830,254.0049,255.1701
2010-12-22,255.1701,259.8307,254.5875,258.0830
2010-12-24,256.9178,258.0830,254.0049,256.3352
2010-12-27,256.3352,258.0830,255.1701,256.9178
2010-12-28,258.0830,259.2482,257.5004,258.0830
2010-12-29,257.5005,259.2482,256.9179,259.2482
2010-12-30,258.0831,258.6656,253.4224,255.7527
2011-01-04,259.8308,260.4134,258.0830,259.2482
2011-01-05,258.6656,258.6656,255.1702,255.7527
2011-01-06,257.5005,260.4134,256.3353,259.8308
2011-01-07,259.2481,260.9959,257.5004,258.6656
2011-01-11,258.6656,259.8307,256.9178,257.5004
2011-01-12,259.8308,267.9869,259.2482,266.8217
2011-01-13,271.4824,272.6476,269.1521,270.3172
2011-01-14,269.1521,273.2301,266.2392,266.2392
2011-01-17,269.7346,270.3172,263.9088,266.2392
2011-01-18,265.6566,269.7346,263.9088,266.2392
2011-01-19,267.9868,269.7346,265.6565,267.9868
2011-01-20,267.4043,269.1521,263.9088,265.0740
2011-01-21,265.0740,265.6565,256.3353,258.0830
2011-01-24,259.2481,259.2481,252.2572,256.9178
2011-01-25,257.5004,264.4914,256.9178,264.4914
2011-01-26,263.9088,264.4914,260.4133,261.5785
2011-01-27,261.5785,262.7437,258.0830,259.8308
2011-01-28,258.6656,258.6656,251.0921,252.8398
2011-01-31,246.4315,250.5095,245.8489,248.1792
2011-02-01,249.9269,250.5095,245.2663,247.5966
2011-02-02,249.9269,259.2481,249.3443,258.6656
2011-02-03,258.0831,258.6656,252.8398,254.0050
2011-02-04,257.5004,259.8307,255.7527,256.3352
2011-02-07,260.4133,262.7436,258.0830,260.4133
2011-02-08,262.7436,266.2391,260.4133,265.6565
2011-02-09,267.4043,269.1520,265.0739,265.6565
2011-02-10,264.4914,267.9869,263.3263,266.8217
2011-02-14,266.8217,274.3953,266.8217,272.6475
2011-02-15,273.2300,273.8126,271.4823,272.0649
2011-02-16,272.6475,277.3082,272.6475,273.8127
2011-02-17,276.1430,277.3082,274.9778,276.1430
2011-02-18,274.9778,277.3081,273.2301,274.3952
2011-02-21,272.6475,274.9778,271.4824,273.8127
2011-02-22,270.3172,272.0650,262.7437,263.9088
2011-02-23,259.2482,266.2392,258.6656,260.9959
2011-02-24,260.9959,266.2391,259.8307,260.4133
2011-02-25,261.5785,263.3262,259.8308,262.1611
2011-02-28,262.7437,264.4914,260.4134,263.9088
2011-03-01,266.2391,272.6475,265.6566,272.6475
2011-03-02,266.8217,267.9869,263.9088,263.9088
2011-03-03,263.9088,265.0740,262.1611,263.9088
2011-03-04,268.5694,269.1520,263.9088,264.4914
2011-03-07,262.7436,263.3262,259.2481,260.4133
2011-03-08,259.8307,260.4133,256.9178,258.0830
2011-03-09,261.5785,263.3262,259.8307,261.5785
2011-03-10,260.4133,260.4133,256.3353,257.5004
2011-03-11,252.8398,255.7527,251.0921,251.0921
2011-03-14,232.4495,239.4404,230.7017,233.0321
2011-03-15,225.4585,226.6236,187.0082,212.6417
2011-03-16,224.8759,226.6236,215.5546,221.9630
2011-03-17,209.1463,215.5546,207.3985,211.4766
2011-03-18,215.5547,219.6328,214.3895,217.8850
2011-03-22,231.2843,237.1101,227.2062,235.9449
2011-03-23,233.6147,237.6927,230.7018,234.1973
2011-03-24,232.4495,233.6146,227.2062,228.3714
2011-03-25,231.2843,231.8669,224.2934,227.2063
2011-03-28,229.5365,231.8669,227.2062,230.1191
2011-03-29,230.7107,230.7107,221.8372,223.6119
2011-03-30,224.7951,225.3866,220.6541,221.2457
2011-03-31,225.3867,228.3445,223.6120,227.1614
2011-04-01,229.5276,235.4432,228.9360,230.7107
2011-04-04,232.4855,233.6686,226.5698,227.7529
2011-04-05,230.1192,230.7108,223.0204,225.9782
2011-04-06,222.4288,224.2035,218.8794,220.0626
2011-04-07,224.2035,228.3445,223.6119,225.3866
2011-04-08,223.6120,232.4855,221.2457,232.4855
2011-04-11,230.7107,233.6685,228.9360,230.7107
2011-04-12,228.3444,231.3023,227.7529,230.7107
2011-04-13,230.7108,234.8517,230.7108,234.8517
2011-04-14,234.8517,236.0348,231.8939,235.4433
2011-04-15,236.0349,237.8095,230.1192,231.3023
2011-04-18,231.3023,231.8939,224.7951,225.3866
2011-04-19,222.4289,225.3867,220.6542,223.0204
2011-04-20,224.2035,224.7951,222.4288,224.7951
2011-04-21,224.2035,224.7951,220.0625,221.2457
2011-04-22,221.2457,223.6119,217.1047,221.8372
2011-04-25,221.2457,226.5698,221.2457,224.2035
2011-04-26,224.2035,224.7951,221.8372,224.2035
2011-04-27,227.1613,228.3445,224.2035,224.7951
2011-04-28,227.7529,229.5276,225.3866,228.9360
2011-05-02,234.8517,234.8517,231.8939,233.6686
2011-05-06,229.5276,233.0770,228.9361,232.4855
2011-05-09,234.2601,235.4433,233.0770,233.6686
2011-05-10,234.2602,237.2180,233.6686,236.0349
2011-05-11,238.4011,238.9927,233.6686,234.8517
2011-05-12,233.0770,236.0349,231.3023,233.0770
2011-05-13,236.0349,237.2180,220.0626,226.5698
2011-05-16,226.5698,226.5698,221.8373,223.0204
2011-05-17,222.4289,225.3867,220.6542,223.0204
2011-05-18,224.7950,230.1191,224.2035,228.3444
2011-05-19,228.9360,229.5276,223.0203,223.6119
2011-05-20,223.6119,226.5698,221.2457,221.8372
2011-05-23,219.4710,221.8372,217.6963,219.4710
2011-05-24,217.1047,220.0626,217.1047,218.8794
2011-05-25,220.0625,222.4288,219.4709,220.6541
2011-05-26,221.2457,222.4288,219.4710,221.2457
2011-05-27,221.8373,225.9782,220.0626,223.0204
2011-05-30,221.2456,221.8372,217.6962,220.6541
2011-05-31,218.8794,221.8372,218.2878,221.8372
2011-06-01,222.4288,225.3866,219.4710,224.7951
2011-06-02,221.2457,222.4288,218.2878,221.2457
2011-06-03,219.4710,220.6541,217.6963,218.8794
2011-06-06,216.5131,217.1047,210.5974,212.3721
2011-06-07,211.1891,213.5554,210.0060,212.9638
2011-06-08,215.3300,217.1047,213.5553,214.7385
2011-06-09,214.7384,214.7384,210.5975,214.1469
2011-06-10,217.6963,220.0626,214.7385,215.3300
2011-06-13,213.5553,215.9216,211.7806,215.3300
2011-06-14,214.7385,221.8373,214.7385,220.0626
2011-06-15,222.4288,222.4288,218.8794,219.4710
2011-06-16,216.5131,219.4710,215.9216,216.5131
2011-06-17,216.5131,217.1047,212.3722,214.1469
2011-06-20,214.1469,215.9216,212.3722,213.5553
2011-06-21,214.7384,215.3300,211.7806,214.1469
2011-06-22,215.3300,220.6541,215.3300,219.4710
2011-06-23,218.8794,221.8372,217.6963,219.4710
2011-06-24,219.4710,223.0204,219.4710,222.4288
2011-06-27,221.2457,224.2035,219.4710,222.4288
2011-06-28,224.7950,225.9782,221.2456,223.6119
2011-06-29,225.3867,226.5698,223.6120,225.9782
2011-06-30,229.5276,232.4854,228.9360,230.7107
2011-07-01,234.2602,236.6264,233.0770,235.4433
2011-07-04,240.1758,242.5421,239.5842,241.9505
2011-07-05,242.5421,244.9083,241.3589,243.7252
2011-07-06,242.5421,243.1336,239.5842,242.5421
2011-07-07,242.5421,246.0915,241.3589,244.9083
2011-07-08,247.2747,247.8662,244.3168,245.5000
2011-07-11,242.5421,244.3167,240.7674,241.9505
2011-07-12,237.2180,238.4011,234.2602,234.8517
2011-07-13,232.4855,238.4011,232.4855,235.4433
2011-07-14,234.8517,236.0349,230.1192,231.8939
2011-07-15,231.3023,233.6686,230.7108,232.4855
2011-07-19,226.5698,227.1614,225.3867,226.5698
2011-07-20,231.3022,232.4854,228.9360,230.1191
2011-07-21,232.4855,234.2602,231.8939,233.0770
2011-07-22,240.7673,243.7251,240.1757,240.7673
2011-07-25,240.1758,240.7674,235.4433,236.0349
2011-07-26,237.8095,241.3589,237.2180,240.1758
2011-07-27,238.4011,240.1758,236.0349,238.4011
2011-07-28,233.6686,235.4433,233.6686,234.8517
2011-07-29,234.2602,237.8096,231.8939,231.8939
2011-08-01,240.1757,245.4998,238.4010,241.3588
2011-08-02,238.9926,240.1758,234.8517,236.6264
2011-08-03,231.8939,232.4855,230.1192,231.8939
2011-08-04,232.4855,234.2602,230.1192,231.8939
2011-08-05,221.8373,225.9782,221.8373,225.9782
2011-08-08,221.2457,221.8373,218.2879,220.0626
2011-08-09,210.5975,214.7385,205.8650,214.7385
2011-08-10,214.7385,214.7385,214.7385,214.7385
2011-08-11,209.4144,212.3722,208.8228,211.1891
2011-08-12,213.5553,213.5553,213.5553,213.5553
2011-08-15,212.3722,212.9638,209.4144,211.1891
2011-08-16,214.1469,215.3301,210.0060,211.7807
2011-08-17,210.0059,215.3300,210.0059,214.1469
2011-08-18,214.1469,214.1469,214.1469,214.1469
2011-08-19,207.0481,209.4143,206.4565,208.2312
2011-08-22,206.4565,208.2312,204.0902,205.2733
2011-08-23,204.0903,205.8650,199.9493,202.3156
2011-08-24,202.3155,204.0902,194.6252,196.3999
2011-08-25,195.8084,199.3578,194.6252,196.9915
2011-08-26,196.3999,198.1746,195.2168,198.1746
2011-08-29,199.3577,200.5408,196.3999,199.9493
2011-08-30,201.7240,205.2734,201.1324,202.8587
2011-08-31,202.3155,203.4987,201.1324,202.8037
2011-09-01,205.2734,207.0481,204.6819,206.4566
2011-09-02,203.4987,205.2734,201.7240,203.4987
2011-09-05,199.3578,199.3578,196.9915,198.1746
2011-09-06,194.0337,195.2168,190.4843,192.8078
2011-09-07,194.0336,195.8083,192.8505,194.6252
2011-09-08,196.9915,198.1746,193.4421,194.0336
2011-09-09,193.4421,197.5830,193.4421,196.3999
2011-09-12,190.4843,192.2590,190.4843,191.6674
2011-09-13,192.8505,197.5830,191.0758,196.3999
2011-09-14,195.2168,196.9915,191.0758,192.2589
2011-09-15,194.6252,196.3999,194.0336,195.2168
2011-09-16,199.9493,204.6818,198.7662,203.4987
2011-09-20,199.9493,201.1325,197.5831,198.1746
2011-09-21,198.1746,199.9493,197.5830,199.3577
2011-09-22,195.2168,196.9915,193.4421,196.3999
2011-09-26,195.8083,196.3999,192.2589,194.6252
2011-09-27,199.3577,204.0902,198.7661,202.9071
2011-09-28,205.9176,209.5302,205.3155,208.9281
2011-09-29,205.3155,213.7449,205.3155,213.7449
2011-09-30,214.3470,216.1533,210.1323,213.1428
2011-10-03,207.1219,208.3261,202.3051,207.1219
2011-10-04,201.1008,201.7029,196.8861,199.2945
2011-10-05,199.8966,200.4987,195.0798,195.6819
2011-10-06,197.4883,201.1008,195.6820,196.2841
2011-10-07,200.4988,201.7030,197.4883,197.4883
2011-10-11,204.1113,204.7134,201.1008,202.3050
2011-10-12,201.1009,202.3051,199.8967,200.4988
2011-10-13,204.7134,205.3155,202.3050,204.7134
2011-10-14,201.7029,204.1113,201.1008,201.7029
2011-10-17,203.5092,206.5197,202.3050,205.3155
2011-10-18,201.1008,202.3050,200.4987,201.7029
2011-10-19,203.5092,205.3155,202.3050,203.5092
2011-10-20,205.9176,205.9176,201.7029,202.9071
2011-10-21,202.9071,203.5092,200.4987,201.7029
2011-10-24,203.5092,205.3155,201.7029,203.5092
2011-10-25,202.9072,203.5093,199.2946,201.1009
2011-10-26,199.8966,201.7029,198.6924,199.2945
2011-10-27,200.4988,211.9386,198.6925,210.7345
2011-10-28,216.1533,217.9596,211.9386,212.5407
2011-10-31,212.5407,214.9491,207.7239,207.7239
2011-11-01,206.5197,208.9281,205.3155,205.9176
2011-11-02,204.1114,204.1114,199.8967,201.1009
2011-11-04,204.7134,206.5197,201.7029,204.1113
2011-11-07,205.3155,207.1218,204.1113,205.9176
2011-11-08,206.5198,207.1219,199.2946,201.1009
2011-11-09,202.9071,205.3155,200.4987,203.5092
2011-11-10,196.8862,198.0903,194.4778,198.0903
2011-11-11,198.0904,198.6925,195.6820,197.4883
2011-11-14,201.7030,202.9072,199.8967,201.1009
2011-11-15,201.7030,204.1114,200.4988,201.1009
2011-11-16,201.1008,201.7029,198.6924,199.2945
2011-11-17,196.8861,199.2945,196.2840,199.2945
2011-11-18,196.8861,197.4882,195.0798,195.6819
2011-11-21,193.8757,195.6820,193.8757,194.4778
2011-11-22,192.6715,196.2841,192.6715,195.0799
2011-11-24,192.6715,195.0799,192.0694,192.6715
2011-11-25,191.4673,194.4778,191.4673,192.6715
2011-11-28,195.6820,196.8862,193.2736,196.2841
2011-11-29,196.8861,199.2945,195.6820,199.2945
2011-11-30,196.2841,199.2946,195.6820,197.4883
2011-12-01,205.3155,206.5197,202.3050,203.5092
2011-12-02,202.9071,204.1113,202.9071,203.5092
2011-12-05,205.3155,208.3260,204.7134,207.7239
2011-12-06,207.1219,210.1324,206.5198,207.1219
2011-12-07,207.7239,211.3365,207.1218,209.5302
2011-12-08,208.9281,212.5407,208.3260,208.3260
2011-12-09,204.7134,208.3260,204.7134,205.9176
2011-12-12,207.7239,210.1323,207.1218,209.5302
2011-12-13,205.3155,205.9176,202.9071,203.5092
2011-12-14,202.3051,202.3051,199.8967,200.4988
2011-12-15,199.2945,200.4987,197.4882,198.0903
2011-12-16,198.6924,199.2945,196.8862,198.0903
2011-12-19,196.8861,197.4882,195.6819,195.6819
2011-12-20,196.8862,196.8862,195.0799,195.0799
2011-12-21,198.0903,198.6924,195.6819,196.8861
2011-12-22,196.2841,196.8862,195.6820,196.2841
2011-12-26,196.2841,197.4883,195.6820,196.2841
2011-12-27,196.2841,196.8862,195.6820,196.2841
2011-12-28,196.2841,196.2841,194.4778,194.4778
2011-12-29,194.4778,195.6820,193.8757,194.4778
2011-12-30,195.0798,196.8861,194.4777,196.8861
2012-01-04,199.2945,204.7134,198.6924,203.5092
2012-01-05,204.1114,204.7135,200.4988,201.1009
2012-01-06,201.7030,203.5093,199.2946,200.4988
2012-01-10,201.7029,204.1113,199.2945,199.8966
2012-01-11,201.7029,202.9071,200.4987,202.3050
2012-01-12,202.3051,202.9072,199.2946,200.4988
2012-01-13,201.7030,202.9072,200.4988,201.1009
2012-01-16,199.2945,199.2945,195.6819,195.6819
2012-01-17,196.8862,198.6924,196.2841,198.0903
2012-01-18,197.4883,200.4988,196.8862,197.4883
2012-01-19,201.1009,202.3051,199.8967,200.4988
2012-01-20,207.1219,211.9386,206.5198,210.7345
2012-01-23,211.9386,214.9491,210.7344,213.7449
2012-01-24,215.5512,216.1533,213.1428,214.9491
2012-01-25,213.7449,217.9596,212.5407,216.1533
2012-01-26,214.9491,216.1533,213.7449,214.3470
2012-01-27,213.1428,214.3470,211.3365,211.3365
2012-01-30,211.9386,213.1428,210.1323,211.9386
2012-01-31,211.3366,214.3471,209.5303,210.1324
2012-02-01,211.9386,216.7554,211.3365,216.1533
2012-02-02,219.7659,224.5827,219.7659,221.5722
2012-02-03,220.3680,223.9806,220.3680,222.1743
2012-02-06,228.7974,229.3995,225.1848,225.7869
2012-02-07,225.7869,228.7974,225.1848,228.7974
2012-02-08,230.0015,234.8183,229.3994,234.8183
2012-02-09,236.6246,239.6351,232.4099,238.4309
2012-02-10,237.2268,237.8289,230.6037,231.8079
2012-02-13,230.6036,236.0225,230.6036,233.0120
2012-02-14,231.8078,237.2267,230.6037,236.0225
2012-02-15,237.8288,247.4624,237.2267,245.6561
2012-02-16,242.6456,246.2582,240.8393,241.4414
2012-02-17,249.2688,249.2688,243.2478,244.4520
2012-02-20,248.0645,249.2687,246.2582,247.4624
2012-02-21,247.4624,249.2687,243.8498,245.0540
2012-02-22,243.8498,248.0645,242.6456,247.4624
2012-02-23,243.2477,248.0645,240.8393,246.2582
2012-02-24,244.4519,252.2792,244.4519,250.4729
2012-02-27,255.2897,258.3002,252.8813,252.8813
2012-02-28,249.2687,254.6876,247.4624,254.0855
2012-02-29,258.3002,259.5044,251.6771,252.8813
2012-03-01,252.8813,255.8918,248.0645,249.8708
2012-03-02,252.2792,253.4834,249.2687,249.8708
2012-03-05,250.4728,251.6770,247.4624,248.6665
2012-03-06,248.6666,249.8708,245.6561,245.6561
2012-03-07,240.8394,244.4520,240.8394,243.2478
2012-03-08,246.8603,251.6771,245.6561,249.8708
2012-03-09,252.8813,258.3002,250.4729,255.8918
2012-03-12,256.4939,258.3002,251.6772,252.2793
2012-03-13,253.4834,257.6981,252.8813,254.0855
2012-03-14,260.1065,260.7086,258.3002,260.7086
2012-03-15,262.5149,263.1170,258.3002,260.7086
2012-03-16,260.7085,264.3211,259.5044,264.3211
2012-03-19,264.9233,269.7401,263.1170,267.9338
2012-03-21,266.7294,268.5357,260.7084,261.3105
2012-03-22,260.7086,264.3212,260.1065,261.9128
2012-03-23,257.6981,259.5044,255.8918,256.4939
2012-03-26,258.3001,258.9022,254.0855,255.2897
2012-03-27,259.5044,266.1275,258.9023,266.1275
2012-03-28,266.7379,266.7379,261.8548,262.4652
2012-03-29,261.8548,263.0755,255.1405,256.3613
2012-03-30,256.3613,256.3613,250.2574,251.4782
2012-04-02,256.9717,260.6340,255.7509,260.0236
2012-04-03,258.8029,258.8029,253.3094,255.1406
2012-04-04,254.5302,256.3613,249.0367,250.8679
2012-04-05,245.9848,249.6471,244.1536,247.8159
2012-04-06,245.3744,247.8159,244.1536,245.3744
2012-04-09,241.1017,241.7121,238.6602,238.6602
2012-04-10,240.4913,243.5432,239.8809,240.4913
2012-04-11,236.2186,239.2705,234.9978,238.0497
2012-04-12,238.6602,239.2706,234.3875,236.8290
2012-04-13,242.9328,246.5951,241.7121,245.3744
2012-04-16,241.7121,242.3225,236.8290,236.8290
2012-04-17,237.4394,239.8809,234.9979,235.6083
2012-04-18,243.5432,244.1536,241.1017,242.3225
2012-04-19,243.5432,245.3744,242.3225,244.1536
2012-04-20,242.9329,243.5432,240.4913,241.7121
2012-04-23,242.3225,243.5432,239.2705,239.2705
2012-04-24,235.6083,236.2186,233.7771,233.7771
2012-04-25,236.8290,238.6601,236.2186,236.2186
2012-04-26,239.8809,240.4913,236.2186,236.8290
2012-04-27,235.6082,244.1536,234.3874,236.2186
2012-05-01,230.7252,230.7252,230.7252,230.7252
2012-05-02,231.3356,231.3356,228.2837,229.5045
2012-05-07,220.9590,223.4005,220.3486,222.1798
2012-05-08,225.2317,225.2317,222.1798,223.4005
2012-05-09,222.1798,222.1798,219.1279,219.7383
2012-05-10,219.1279,220.9591,217.2968,217.9071
2012-05-11,217.9071,219.1279,213.6345,214.2448
2012-05-14,215.4656,217.2967,214.2448,215.4656
2012-05-15,212.4137,213.0241,209.3618,213.0241
2012-05-16,213.6345,214.8552,206.9202,209.9722
2012-05-17,209.3618,216.0760,207.5306,214.2448
2012-05-18,207.5306,208.7513,205.0890,206.9202
2012-05-21,206.9202,208.7514,204.4787,205.0891
2012-05-22,207.5306,210.5825,205.6994,208.7513
2012-05-23,209.3617,210.5825,206.3098,206.9202
2012-05-24,205.6994,210.5825,205.0890,208.7513
2012-05-25,209.9721,210.5825,206.9202,208.7513
2012-05-28,208.1410,209.9721,207.5306,209.3617
2012-05-29,208.7514,213.0241,206.9202,213.0241
2012-05-30,210.5825,212.4136,208.1410,208.7513
2012-05-31,205.6994,207.5306,205.0890,207.5306
2012-06-01,205.0890,207.5306,205.0890,205.6994
2012-06-04,201.4267,202.6475,200.2060,202.0371
2012-06-05,203.2579,207.5306,202.6475,205.6994
2012-06-06,206.9202,212.4137,205.0891,210.5825
2012-06-07,214.8552,214.8552,214.8552,214.8552
2012-06-08,215.4656,216.0760,209.3618,211.8033
2012-06-11,216.0760,216.6864,213.6345,214.2448
2012-06-12,209.3618,211.8033,208.7514,211.8033
2012-06-13,213.6345,213.6345,209.3618,212.4137
2012-06-14,211.1929,216.6864,211.1929,213.6345
2012-06-15,216.0760,217.9071,214.2448,217.2967
2012-06-18,224.6214,225.2318,221.5695,221.5695
2012-06-19,219.1279,221.5694,217.9071,219.7383
2012-06-20,223.4005,227.0628,222.7902,225.8421
2012-06-21,228.2837,228.8940,225.8421,227.0629
2012-06-22,224.0110,227.6733,223.4006,224.6214
2012-06-25,225.2317,225.8421,221.5694,222.1798
2012-06-26,219.1279,221.5694,214.8552,217.2967
2012-06-27,217.9071,221.5694,216.6863,220.9590
2012-06-28,224.0110,229.5044,224.0110,227.0629
2012-06-29,227.0629,232.5563,224.6213,230.7252
2012-07-02,234.9979,235.6083,231.3356,231.9460
2012-07-03,235.6082,239.8809,234.9979,239.2705
2012-07-04,240.4913,241.7121,237.4394,239.2705
2012-07-05,238.6602,242.9328,238.0498,242.3225
2012-07-06,239.8809,242.9329,238.6602,240.4913
2012-07-09,236.8290,238.0498,235.6083,235.6083
2012-07-10,235.6082,238.6601,233.7770,235.9004
2012-07-11,232.5563,236.2186,231.3356,233.7771
2012-07-12,236.2186,236.2186,230.1148,230.7252
2012-07-13,228.8940,230.1148,226.4525,228.8940
2012-07-17,229.5043,233.1666,228.2836,230.6655
2012-07-18,230.7252,232.5563,227.0629,228.2837
2012-07-19,230.7252,233.1667,230.1148,232.3944
2012-07-20,231.9459,232.5563,222.7902,224.0109
2012-07-23,220.9591,222.1798,218.5175,219.1279
2012-07-24,217.2968,220.3487,216.0760,219.1279
2012-07-25,216.0760,217.2967,213.6344,215.4656
2012-07-26,217.9071,226.4525,216.6864,224.6214
2012-07-27,229.5044,231.9460,227.6733,231.9460
2012-07-30,235.6083,236.2187,232.5564,234.9979
2012-07-31,233.1667,236.2187,229.5044,232.5564
2012-08-01,228.8940,230.1148,224.6214,227.0629
2012-08-02,225.8421,230.7252,225.8421,228.7328
2012-08-03,224.0110,226.4525,222.7902,225.3890
2012-08-06,230.7252,231.9460,228.8940,230.0872
2012-08-07,228.8940,231.9459,228.2836,230.2412
2012-08-08,233.1667,234.3875,226.4525,228.8883
2012-08-09,225.8422,228.8941,225.2318,227.0362
2012-08-10,224.0109,226.4524,221.5694,223.4005
2012-08-13,224.6213,224.6213,222.1798,224.0793
2012-08-14,225.2317,225.8421,217.2967,220.2970
2012-08-15,219.7382,220.3486,217.2967,218.4709
2012-08-16,221.5694,222.7902,220.3487,220.3487
2012-08-17,224.0109,226.4525,222.7902,225.8421
2012-08-20,228.8940,228.8940,224.0110,224.6214
2012-08-21,225.2317,228.2837,224.6214,227.0629
2012-08-22,227.6733,228.2837,225.2317,226.4525
2012-08-23,226.4525,228.8940,225.2317,227.4718
2012-08-24,226.4525,227.0629,224.0110,224.6214
2012-08-27,226.4525,227.0629,224.0110,224.6214
2012-08-28,222.7902,224.0109,219.1278,220.9590
2012-08-29,220.9590,224.0109,219.7383,222.7902
2012-08-30,222.7902,224.0109,220.9590,222.1798
2012-08-31,219.7383,221.5694,217.2967,217.2967
2012-09-03,217.2967,221.5694,216.6863,217.2967
2012-09-04,219.7383,219.7383,215.4656,218.5175
2012-09-05,216.0760,216.6864,214.2448,214.2448
2012-09-06,214.2448,217.2968,213.0241,216.0760
2012-09-07,220.9591,221.5695,217.9072,221.5695
2012-09-10,222.1798,224.0109,220.3486,223.4005
2012-09-11,220.3486,221.5694,218.5175,220.9590
2012-09-12,220.9590,225.2317,220.9590,224.0109
2012-09-13,224.6213,226.4525,222.7902,225.2317
2012-09-14,228.8940,235.6083,228.2836,233.7771
2012-09-18,233.7771,239.2706,232.5563,237.4394
2012-09-19,236.8290,242.9329,234.9979,236.8290
2012-09-20,234.3875,237.4394,230.1148,231.3355
2012-09-21,231.3356,231.9459,228.2836,228.8940
2012-09-24,228.8941,231.9460,227.6733,229.5045
2012-09-25,228.8940,231.3355,227.6732,231.3355
2012-09-26,230.0951,231.3355,228.2345,228.8547
2012-09-27,227.6144,232.5760,226.9942,230.0952
2012-09-28,230.7154,231.9558,225.7537,226.9941
2012-10-01,225.7536,226.3738,222.6526,225.1334
2012-10-02,225.7537,226.9941,223.8931,224.5133
2012-10-03,223.8932,225.1336,222.6527,223.2729
2012-10-04,223.8931,230.7154,223.8931,228.2346
2012-10-05,229.4750,230.0952,225.1336,227.6144
2012-10-09,226.3739,227.6143,222.0324,222.6526
2012-10-10,219.5517,221.4123,218.3113,220.7921
2012-10-11,218.3113,222.0325,218.3113,220.1719
2012-10-12,220.7922,222.0326,218.9315,221.4124
2012-10-15,221.4124,223.2730,219.5517,221.4124
2012-10-16,224.5134,226.3740,223.2730,223.8932
2012-10-17,226.3739,227.6143,225.1335,225.7537
2012-10-18,228.2346,232.5760,228.2346,230.7154
2012-10-19,230.0952,232.5760,228.8548,231.3356
2012-10-22,227.6144,231.3356,227.6144,231.3356
2012-10-23,231.9557,232.5760,226.9941,228.8547
2012-10-24,225.7538,230.0952,225.7538,226.3740
2012-10-25,224.5133,227.6143,223.8931,226.9941
2012-10-26,226.9941,228.2346,223.2729,224.5133
2012-10-29,225.1335,226.3739,223.8931,224.5133
2012-10-30,224.5134,226.9942,223.2729,223.2729
2012-10-31,224.5134,225.7538,220.1719,223.8932
2012-11-01,223.2729,223.8931,220.7921,222.0325
2012-11-02,224.5133,225.1335,223.2729,224.5133
2012-11-05,223.2730,225.1336,222.6528,223.8932
2012-11-06,222.0325,222.6527,221.4123,222.0325
2012-11-07,223.8931,224.5133,222.0324,222.6526
2012-11-08,220.1719,221.4123,220.1719,220.7921
2012-11-09,219.5517,220.1719,218.3113,220.1719
2012-11-12,218.3113,218.9315,217.0709,217.0709
2012-11-13,217.0709,218.3113,215.8305,217.0709
2012-11-14,216.4507,216.4507,213.9699,213.9699
2012-11-15,215.8305,222.0325,214.5901,220.7921
2012-11-16,223.2729,230.0952,222.6527,226.9941
2012-11-19,232.5760,233.1962,228.8547,228.8547
2012-11-20,231.9557,231.9557,226.9941,228.8547
2012-11-21,231.3356,232.5760,228.8548,230.0952
2012-11-22,232.5760,233.8164,230.7154,233.1962
2012-11-26,235.0568,238.7780,233.8164,233.8164
2012-11-27,234.4365,237.5376,233.8163,235.0567
2012-11-28,235.0568,235.0568,231.3356,231.3356
2012-11-29,233.8164,235.0568,232.5760,233.1962
2012-11-30,235.0568,237.5376,232.5760,233.8164
2012-12-03,235.6769,236.2972,233.8163,235.0567
2012-12-04,234.4366,234.4366,230.7154,232.5760
2012-12-05,230.7154,233.8164,230.0951,232.5760
2012-12-06,235.6770,236.2972,234.4366,234.4366
2012-12-07,235.6770,238.7780,234.4366,237.5376
2012-12-10,236.9174,237.5376,234.4365,235.0567
2012-12-11,233.1962,235.0568,231.9558,233.8164
2012-12-12,234.4366,235.6770,233.8164,234.4366
2012-12-13,236.9174,241.2588,236.9174,236.9174
2012-12-14,235.6769,241.8790,235.6769,240.6386
2012-12-17,245.6002,246.8406,243.7396,244.9800
2012-12-18,246.2204,256.7639,246.2204,254.2831
2012-12-19,266.6871,271.0285,263.5861,269.7881
2012-12-20,269.7881,279.0912,268.5477,272.8892
2012-12-21,279.0912,280.3316,266.0669,271.6487
2012-12-25,279.0912,280.3316,275.9902,276.6104
2012-12-26,279.0911,280.3315,277.2305,278.4709
2012-12-27,280.3316,284.6730,279.0912,279.7114
2012-12-28,282.1922,286.5336,277.8508,285.9134
2013-01-04,295.8367,300.7983,293.9760,300.1781
2013-01-07,302.0386,302.6588,294.5962,295.2164
2013-01-08,290.8750,292.1155,283.4326,286.5336
2013-01-09,279.7114,292.7356,278.4709,290.8750
2013-01-10,293.9760,300.1781,292.7356,293.9760
2013-01-11,298.9377,300.7983,295.2164,297.0771
2013-01-15,302.0387,302.6589,298.3175,299.5579
2013-01-16,297.0770,298.9376,289.0144,290.8750
2013-01-17,293.3558,293.9760,285.9134,292.1154
2013-01-18,300.1781,300.7983,295.8367,300.1781
2013-01-21,298.3174,298.9376,293.3558,293.3558
2013-01-22,293.3558,299.5578,290.2548,292.7356
2013-01-23,289.6347,293.3559,287.7740,287.7740
2013-01-24,285.9133,293.9760,285.2931,293.3558
2013-01-25,296.4569,298.9377,295.8367,297.0771
2013-01-28,298.9377,300.1781,297.0771,297.0771
2013-01-29,297.6972,310.1013,297.0770,308.2407
2013-01-30,310.1013,312.5821,306.3801,311.9619
2013-01-31,315.6831,326.2265,313.8225,323.1255
2013-02-01,326.2266,328.0872,318.1639,319.4043
2013-02-04,320.0245,330.5680,318.1639,328.7074
2013-02-05,321.8851,331.8083,320.0245,322.5053
2013-02-06,331.8084,333.0488,329.3276,330.5680
2013-02-07,329.9478,339.2508,328.7074,333.6690
2013-02-08,333.6690,333.6690,326.2266,329.3276
2013-02-12,335.5296,339.8710,334.2892,336.7700
2013-02-13,337.3902,338.6306,328.7074,330.5680
2013-02-14,329.3276,333.0488,321.2649,324.3659
2013-02-15,319.4042,320.0244,309.4810,315.0628
2013-02-18,320.6448,333.0488,320.0245,330.5680
2013-02-19,328.0872,331.8084,327.4670,331.1882
2013-02-20,334.2892,334.9094,328.0872,330.5680
2013-02-21,326.2265,328.0871,320.0245,322.5053
2013-02-22,315.0628,319.4043,311.3416,318.1638
2013-02-25,325.6064,326.8468,323.1256,326.8468
2013-02-26,318.1639,327.4669,318.1639,321.8851
2013-02-27,323.1255,323.7457,313.2023,313.2023
2013-02-28,318.1638,321.2649,317.5436,318.1638
2013-03-01,318.1639,325.6063,315.6831,324.3659
2013-03-04,327.4670,331.8084,326.8468,329.3276
2013-03-05,332.4286,334.9094,326.2266,326.8468
2013-03-06,333.0488,333.6690,329.3276,331.8084
2013-03-07,334.2892,334.2892,326.2266,326.8468
2013-03-08,328.0872,334.2893,328.0872,331.8084
2013-03-11,336.7699,352.8952,335.5295,352.8952
2013-03-12,363.4387,367.1599,349.7942,351.0346
2013-03-13,351.6548,360.3376,351.0346,356.6164
2013-03-14,360.3377,361.5781,352.8953,359.7175
2013-03-15,361.5781,362.8185,357.2367,357.2367
2013-03-18,350.4145,354.1357,344.2125,346.0731
2013-03-19,352.2751,354.1357,347.9336,352.2751
2013-03-21,358.4771,359.7175,355.3761,357.8569
2013-03-22,354.1357,355.9963,349.1741,349.1741
2013-03-25,354.7559,357.2367,352.2751,354.7559
2013-03-26,351.0346,354.1357,348.5538,348.5538
2013-03-27,356.0902,357.3462,352.3220,354.2061
2013-03-28,354.2061,354.8341,344.7857,354.2061
2013-03-29,352.9501,353.5781,347.9259,350.4380
2013-04-01,350.4379,350.4379,333.4813,334.1093
2013-04-02,325.9449,344.7857,323.4328,341.6456
2013-04-03,342.2737,344.7858,335.3655,344.1578
2013-04-04,340.3895,363.6264,336.6214,362.9984
2013-04-05,401.9360,404.4481,377.4430,381.2112
2013-04-08,395.6556,401.9359,390.6314,401.9359
2013-04-09,401.9360,407.5882,390.6315,391.8876
2013-04-10,390.0035,414.4964,390.0035,411.3563
2013-04-11,416.3806,422.6608,411.3564,422.0328
2013-04-12,419.5208,426.4290,415.7526,422.6609
2013-04-15,419.5207,422.0328,411.3564,416.3806
2013-04-16,400.0519,408.2163,398.7959,401.3080
2013-04-17,407.5882,417.0085,405.7041,411.9843
2013-04-18,407.5881,422.6607,405.7041,408.8442
2013-04-19,413.2404,413.8684,401.9360,403.8200
2013-04-22,413.2404,417.6365,410.1003,410.1003
2013-04-23,408.2162,409.4723,402.5640,403.8200
2013-04-24,408.8443,409.4724,401.9361,405.7042
2013-04-25,408.2163,415.7526,405.7042,414.4965
2013-04-26,417.6366,418.2647,410.7284,414.4965
2013-04-30,415.7525,418.8927,415.1245,416.3806
2013-05-01,414.4964,415.7525,410.1002,410.7283
2013-05-02,408.2162,413.2404,408.2162,410.1003
2013-05-07,420.7767,420.7767,417.0086,419.5207
2013-05-08,419.5207,422.6608,417.6366,418.2646
2013-05-09,418.8926,422.0327,411.3563,411.9843
2013-05-10,421.4048,422.6609,416.3806,422.6609
2013-05-13,427.0569,457.8301,426.4289,457.2021
2013-05-14,460.3422,460.9702,445.2696,445.8976
2013-05-15,455.9461,471.0187,452.8059,459.7142
2013-05-16,450.9219,456.5741,438.3614,443.3856
2013-05-17,435.8493,442.1296,435.2213,439.6175
2013-05-20,444.6417,445.2697,438.3614,438.9894
2013-05-21,437.1055,440.8736,432.7093,433.3373
2013-05-22,437.1054,447.1538,435.2213,438.9894
2013-05-23,437.7334,438.9895,392.5156,398.1678
2013-05-24,409.4722,417.6365,369.9066,390.6314
2013-05-27,379.9551,393.7717,373.6749,373.6749
2013-05-28,371.7908,388.1194,367.3946,381.2112
2013-05-29,392.5156,394.3996,381.8392,385.6073
2013-05-30,379.3271,389.3755,373.0468,373.6749
2013-05-31,381.2112,381.8392,373.6749,373.6749
2013-06-03,372.4188,374.9309,348.5538,353.5780
2013-06-04,356.0902,383.0953,353.5781,379.9552
2013-06-05,375.5590,381.2112,361.1144,363.6265
2013-06-06,357.3462,371.1628,356.0902,359.2303
2013-06-07,352.9500,366.7665,346.6697,357.9742
2013-06-10,371.7908,379.9551,369.2787,378.6991
2013-06-11,379.9552,392.5157,374.3030,386.2354
2013-06-12,378.0710,383.0952,369.2787,379.3271
2013-06-13,369.9067,371.1627,359.2303,362.3704
2013-06-14,370.5348,372.4189,356.0902,356.0902
2013-06-17,352.3220,366.1386,351.6940,365.5106
2013-06-18,364.2545,366.1386,360.4864,363.6265
2013-06-19,371.1627,375.5589,368.6506,372.4187
2013-06-20,371.7908,376.1870,365.5106,365.5106
2013-06-21,357.3462,366.7665,354.2060,366.7665
2013-06-24,368.0226,373.0468,362.3704,362.9984
2013-06-25,361.1143,368.6506,359.2302,361.1143
2013-06-26,367.3946,369.2787,362.3704,362.9984
2013-06-27,368.0226,369.9067,362.3704,369.2786
2013-06-28,375.5590,391.2596,373.6749,384.3513
2013-07-01,390.6316,397.5399,385.6074,396.2838
2013-07-02,398.7959,401.3080,395.0277,401.3080
2013-07-03,401.9360,406.9602,399.4239,404.4481
2013-07-04,401.9359,403.1919,400.6798,401.9359
2013-07-05,406.3322,408.2163,402.5641,405.7042
2013-07-08,411.3564,413.2405,400.0519,400.6800
2013-07-09,406.9601,412.6123,405.7041,410.7283
2013-07-10,411.3563,416.3805,406.9601,410.1003
2013-07-11,405.7041,411.3563,405.0761,410.1003
2013-07-12,410.7283,413.8684,410.1003,411.3563
2013-07-16,417.0085,417.6365,413.8684,415.7525
2013-07-17,412.6123,416.3805,411.9843,415.7525
2013-07-18,417.6366,422.0327,417.0085,420.1487
2013-07-19,423.9169,425.1730,412.6125,423.2889
2013-07-22,422.6608,423.2888,417.6366,422.0328
2013-07-23,417.6365,423.9168,417.6365,420.7767
2013-07-24,421.4047,422.0328,418.2646,419.5207
2013-07-25,420.7768,420.7768,411.9844,413.8685
2013-07-26,403.1920,403.8200,391.8876,394.3997
2013-07-29,381.8392,386.2354,375.5590,378.6991
2013-07-30,381.8390,386.8632,378.0709,382.4671
2013-07-31,382.4672,386.8633,377.4430,377.4430
2013-08-01,381.2111,392.5156,378.6990,392.5156
2013-08-02,398.7958,405.0761,398.1678,403.8200
2013-08-05,398.7959,399.4239,393.7717,398.1678
2013-08-06,395.6557,399.4238,390.6315,399.4238
2013-08-07,392.5156,393.7717,383.0952,383.7233
2013-08-08,381.2112,391.8876,380.5831,381.2112
2013-08-09,386.2352,387.4913,381.2110,382.4671
2013-08-12,379.9552,381.8392,376.1870,378.0711
2013-08-13,381.2110,384.9792,379.3269,382.4671
2013-08-14,386.2354,387.4914,379.3271,384.3513
2013-08-15,381.2112,382.4673,378.0711,379.9552
2013-08-16,374.9309,376.8150,372.4188,374.9309
2013-08-19,374.9309,377.4430,372.4188,374.9309
2013-08-20,373.0468,378.0710,368.0226,369.2786
2013-08-21,368.0226,370.5347,364.8825,368.0226
2013-08-22,368.6506,371.7907,366.1385,369.2786
2013-08-23,375.5590,381.2112,373.6749,378.0711
2013-08-26,379.3270,379.9551,374.9309,376.1869
2013-08-27,375.5590,378.6991,373.6749,374.3029
2013-08-28,364.2544,368.0226,361.7423,366.7665
2013-08-29,364.8825,368.0227,364.2545,365.5106
2013-08-30,368.0227,373.0469,361.7425,361.7425
2013-09-02,362.9984,364.2545,361.1143,362.9984
2013-09-03,369.2787,384.3513,369.2787,381.2112
2013-09-04,378.6992,391.2597,374.9310,389.3756
2013-09-05,391.2595,391.8875,384.9792,388.1194
2013-09-06,387.4913,389.3754,383.0952,384.9792
2013-09-09,395.6557,395.6557,389.3755,391.2596
2013-09-10,395.0277,403.8200,393.7716,398.7958
2013-09-11,402.5640,403.1920,394.3997,396.9118
2013-09-12,395.0277,396.9118,393.1436,396.9118
2013-09-13,395.0278,401.9360,394.3997,396.2838
2013-09-17,398.1679,400.0520,395.0278,396.2838
2013-09-18,397.5399,407.5883,395.6558,403.1921
2013-09-19,408.2162,410.7283,403.1920,410.1003
2013-09-20,412.6123,415.7525,408.8442,410.7283
2013-09-24,406.3321,409.4722,404.4480,407.5881
2013-09-25,406.3321,410.1002,405.0760,409.4722
2013-09-26,408.2025,414.5509,405.0283,414.5509
2013-09-27,414.5510,416.4555,406.9329,408.8374
2013-09-30,400.5845,401.8542,397.4103,398.0452
2013-10-01,399.3148,401.2193,396.1406,396.7754
2013-10-02,396.7755,399.3148,389.7922,391.0619
2013-10-03,392.3316,394.8709,391.0619,391.0619
2013-10-04,387.8877,390.4270,384.7135,387.8877
2013-10-07,393.6012,396.7754,384.0786,384.0786
2013-10-08,384.0785,387.8875,379.6346,386.6179
2013-10-09,382.8090,395.5058,380.2696,394.8709
2013-10-10,393.6013,397.4103,390.4271,394.2361
2013-10-11,399.9497,405.0284,399.3149,403.7588
2013-10-15,405.6632,406.2981,400.5845,401.8542
2013-10-16,400.5845,402.4890,398.6800,399.9496
2013-10-17,406.2980,408.8374,401.8541,404.3935
2013-10-18,409.4722,410.1071,404.3935,405.0284
2013-10-21,406.9328,408.8373,403.1238,403.1238
2013-10-22,404.3935,406.2980,403.7587,405.6632
2013-10-23,407.5678,409.4723,398.6800,399.3148
2013-10-24,397.4103,398.6800,392.3316,398.0452
2013-10-25,397.4102,397.4102,390.4270,390.4270
2013-10-28,394.8710,399.9497,392.9664,399.3148
2013-10-29,396.1406,398.0451,394.2361,394.8709
2013-10-30,399.3148,401.8542,398.0452,399.3148
2013-10-31,398.6800,401.2193,393.6013,393.6013
2013-11-01,398.0452,398.0452,390.4271,391.6968
2013-11-05,394.2360,394.8709,389.1573,390.4270
2013-11-06,389.1573,393.6012,389.1573,392.3315
2013-11-07,393.6013,394.2361,388.5225,391.0619
2013-11-08,386.6181,389.1574,384.7135,385.9832
2013-11-11,390.4270,391.6967,387.2528,389.1573
2013-11-12,389.7922,397.4103,389.7922,397.4103
2013-11-13,401.8541,404.3935,398.6799,403.1238
2013-11-14,409.4722,412.0116,405.6632,409.4722
2013-11-15,413.9161,418.9949,411.3768,417.7252
2013-11-18,422.1691,424.7084,418.3600,421.5342
2013-11-19,420.2646,420.8994,415.8207,417.7252
2013-11-20,420.2645,420.2645,413.2813,414.5509
2013-11-21,417.0903,421.5342,415.8206,419.6296
2013-11-22,424.0735,424.7083,415.1857,416.4554
2013-11-25,419.6297,422.1691,417.0904,418.9949
2013-11-26,418.3601,421.5343,415.8207,420.8994
2013-11-27,418.3600,419.6297,414.5510,415.1858
2013-11-28,418.9949,419.6297,416.4555,418.3600
2013-11-29,417.0903,418.3600,415.8207,418.3600
2013-12-02,418.9948,423.4387,418.3600,419.6296
2013-12-03,421.5343,427.8827,418.9949,420.8994
2013-12-04,415.8207,418.3600,410.7419,411.3768
2013-12-05,410.1070,413.9161,406.9328,408.2025
2013-12-06,408.8374,409.4722,404.3935,408.2025
2013-12-09,413.2813,415.8206,411.3767,412.6464
2013-12-10,412.0117,414.5510,408.8375,413.2813
2013-12-11,410.7419,411.3768,405.6632,408.8374
2013-12-12,406.2980,408.2025,403.7587,406.9329
2013-12-13,406.9328,408.8373,400.5844,403.1238
2013-12-16,400.5845,403.1238,399.9496,400.5845
2013-12-17,403.1239,404.3935,400.5845,401.8542
2013-12-18,401.2194,412.0117,401.2194,412.0117
2013-12-19,420.2646,421.5343,416.4555,418.9949
2013-12-20,417.0903,418.9949,415.1858,415.1858
2013-12-24,417.7252,418.9949,414.5510,415.1858
2013-12-25,414.5510,415.8207,412.6465,415.1858
2013-12-26,417.7253,427.2479,417.0905,424.7086
2013-12-27,429.1523,430.4220,423.4387,429.7871
2013-12-30,432.3265,441.8491,430.4220,440.5794
2014-01-06,437.4052,442.4839,430.4219,435.5007
2014-01-07,432.3265,434.8659,427.8826,429.7871
2014-01-08,432.9613,439.3097,429.7871,439.3097
2014-01-09,438.0401,438.6749,430.4220,432.3265
2014-01-10,432.3265,437.4052,431.0568,435.5007
2014-01-14,424.0736,425.9781,422.1691,423.4388
2014-01-15,428.5175,431.0569,425.3433,428.5175
2014-01-16,432.9613,434.2310,427.2478,427.2478
2014-01-17,429.1524,432.9614,427.2479,431.0569
2014-01-20,433.5963,434.2311,428.5175,429.1524
2014-01-21,429.1524,431.0569,425.9782,425.9782
2014-01-22,427.2479,433.5963,426.6130,431.0569
2014-01-23,432.9613,438.0401,427.2478,427.2478
2014-01-24,421.5343,422.8039,418.3601,418.9949
2014-01-27,406.2980,408.2025,403.1238,404.3935
2014-01-28,406.9328,407.5677,403.1238,403.1238
2014-01-29,407.5677,415.1858,406.9329,413.9161
2014-01-30,405.0284,406.2981,396.7754,399.9496
2014-01-31,405.6633,406.2982,395.5059,395.5059
2014-02-03,395.5058,398.0452,383.4438,385.3484
2014-02-04,372.6515,380.2696,370.1122,370.7470
2014-02-05,377.7302,379.6347,370.7470,376.4605
2014-02-06,375.1909,376.4606,372.0167,372.6516
2014-02-07,379.6347,383.4437,375.1908,382.1740
2014-02-10,387.2529,387.8877,380.2696,383.4438
2014-02-12,391.6967,394.2361,387.2528,387.8877
2014-02-13,389.1574,390.4271,382.1741,383.4438
2014-02-14,383.4438,385.9832,373.2864,375.1909
2014-02-17,375.8257,378.9999,368.8425,378.3651
2014-02-18,380.9045,401.2194,380.2696,397.4103
2014-02-19,394.2361,397.4103,391.0619,394.2361
2014-02-20,392.3316,392.9664,381.5393,382.8090
2014-02-21,385.9831,389.1573,382.8089,387.8877
2014-02-24,386.6180,391.6967,379.6348,382.8090
2014-02-25,385.3482,391.6967,384.0786,390.4270
2014-02-26,385.9831,388.5224,384.0785,384.7134
2014-02-27,382.8090,384.7135,377.7302,378.3651
2014-02-28,377.0954,379.0000,371.3819,372.6516
2014-03-03,367.5728,374.5560,363.7637,373.2863
2014-03-04,369.4773,375.1908,368.2076,372.0166
2014-03-05,375.8257,378.3650,372.0166,372.0166
2014-03-06,372.6514,383.4437,372.6514,382.1740
2014-03-07,386.6179,387.2528,380.2695,382.1740
2014-03-10,380.2697,383.4439,378.3651,380.2697
2014-03-11,380.9044,384.7135,379.6347,380.9044
2014-03-12,377.0954,377.7303,371.3819,372.6516
2014-03-13,371.3818,373.2863,369.4773,369.4773
2014-03-14,359.9547,361.8592,355.5108,356.1456
2014-03-17,354.8759,358.0502,351.0669,356.1456
2014-03-18,361.2244,363.1289,354.2411,354.8759
2014-03-19,356.7805,363.7637,352.9714,354.8759
2014-03-20,355.5108,359.9547,345.9882,346.6230
2014-03-24,347.2579,350.4321,337.1004,340.9095
2014-03-25,335.8307,343.4488,329.4823,343.4488
2014-03-26,345.3533,347.8927,339.6398,344.7185
2014-03-27,346.0096,350.5284,339.5542,349.2373
2014-03-28,349.2373,360.2115,348.5917,358.2748
2014-03-31,362.7936,367.3124,360.8570,366.0213
2014-04-01,371.1857,371.1857,365.3758,366.6669
2014-04-02,370.5400,378.9321,369.8945,373.7677
2014-04-03,375.0590,378.2867,373.1223,374.4134
2014-04-04,373.1223,375.7044,371.8312,375.7044
2014-04-07,371.1857,372.4768,367.3124,367.3124
2014-04-08,361.5025,364.7302,358.2748,360.2115
2014-04-09,353.7561,356.3383,345.3641,349.8829
2014-04-10,355.6927,356.9838,349.2373,349.8829
2014-04-11,338.9086,349.2373,337.6175,342.1363
2014-04-14,342.1363,352.4650,341.4908,346.6551
2014-04-15,351.1739,356.3382,349.8828,352.4650
2014-04-16,356.3383,367.3124,355.0472,365.3758
2014-04-17,365.3759,367.9580,360.8571,364.7303
2014-04-18,369.8946,369.8946,362.7937,365.3758
2014-04-21,367.3124,369.2490,361.5025,362.1480
2014-04-22,363.4392,363.4392,353.1106,353.7561
2014-04-23,357.6293,362.7936,357.6293,362.7936
2014-04-24,361.5026,362.7937,356.3383,357.6293
2014-04-25,358.2749,360.2115,354.4017,355.0472
2014-04-28,350.5284,351.8195,347.3007,350.5284
2014-04-30,355.0472,355.0472,349.2373,349.8829
2014-05-01,353.1106,359.5660,351.1739,357.6293
2014-05-02,356.9838,366.0214,356.9838,365.3758
2014-05-07,360.8570,361.5026,352.4650,353.7561
2014-05-08,355.6927,362.7936,355.0472,359.5659
2014-05-09,356.3382,365.3757,356.3382,362.1480
2014-05-12,362.1480,367.9579,361.5025,363.4391
2014-05-13,370.5401,374.4133,369.8946,373.1223
2014-05-14,371.8311,372.4767,366.6668,370.5401
2014-05-15,373.1223,374.4134,365.3759,374.4134
2014-05-16,365.3757,366.6668,358.9203,363.4391
2014-05-19,361.5025,362.1481,354.4016,356.9837
2014-05-20,356.9837,358.2748,351.8194,353.1105
2014-05-21,350.5284,356.9838,349.8829,354.4016
2014-05-22,356.9838,364.0847,353.7561,359.5659
2014-05-23,362.1481,371.1856,361.5025,367.9579
2014-05-26,376.3499,378.2865,373.1222,373.7677
2014-05-27,374.4134,378.2867,371.8313,372.4768
2014-05-28,374.4133,375.7043,369.2489,369.8945
2014-05-29,368.6036,373.7679,367.9580,372.4768
2014-05-30,373.7677,375.7043,369.8945,369.8945
2014-06-02,373.1222,377.6410,373.1222,376.3499
2014-06-03,380.8687,386.0331,378.2866,384.0964
2014-06-04,387.3241,387.9697,382.8054,385.3875
2014-06-05,385.3875,386.6786,383.4509,384.0964
2014-06-06,386.0330,388.6152,386.0330,387.3241
2014-06-09,389.9063,390.5518,383.4509,384.0964
2014-06-10,388.6152,392.4885,387.3242,388.6152
2014-06-11,390.5518,394.4251,389.2608,394.4251
2014-06-12,391.8429,400.2349,391.8429,398.2983
2014-06-13,394.4252,400.2351,393.1341,398.9440
2014-06-16,398.2984,401.5261,394.4252,396.3618
2014-06-17,395.7162,398.2983,391.1974,393.1340
2014-06-18,395.0706,400.8805,394.4251,399.5894
2014-06-19,400.8804,409.9180,398.9438,409.2724
2014-06-20,413.1456,414.4367,407.3358,411.8546
2014-06-23,413.1457,413.7912,407.9814,409.2724
2014-06-24,405.3993,407.3359,402.1716,405.3993
2014-06-25,403.4627,406.0449,401.5261,401.5261
2014-06-26,403.4627,405.3993,401.5261,401.5261
2014-06-27,401.5261,403.4628,395.7163,398.9440
2014-06-30,398.2984,401.5261,395.7162,400.8805
2014-07-01,402.1716,407.9815,400.2350,406.0448
2014-07-02,410.5636,411.8547,407.9814,409.9180
2014-07-03,411.2092,411.2092,404.7537,406.0448
2014-07-04,409.9180,410.5636,405.3993,406.6903
2014-07-07,404.7538,406.6904,402.8172,403.4627
2014-07-08,401.5261,405.3993,398.9439,403.4627
2014-07-09,398.2984,400.8806,396.3618,397.6529
2014-07-10,397.0072,397.6527,387.9696,390.5518
2014-07-11,385.3876,387.3242,382.8054,386.6786
2014-07-14,386.6786,388.6152,383.4509,387.3241
2014-07-15,389.9062,395.0706,389.2607,391.1973
2014-07-16,390.5518,395.0706,388.6152,390.5518
2014-07-17,392.4885,393.7796,387.9697,389.9063
2014-07-18,386.0331,386.6786,384.0964,386.0331
2014-07-22,384.7420,385.9040,382.1599,383.7092
2014-07-23,384.0965,385.3230,382.2244,383.1282
2014-07-24,381.5144,384.3548,380.8688,383.1927
2014-07-25,379.6421,386.3557,379.6421,384.3546
2014-07-28,382.6762,392.6821,382.6117,391.7138
2014-07-29,391.1974,391.9721,389.0026,390.4228
2014-07-30,389.2607,395.9743,389.2607,393.7795
2014-07-31,400.2349,403.0753,397.2655,397.3945
2014-08-01,394.6188,401.7197,392.5531,399.1376
2014-08-04,396.2972,396.9427,390.5519,390.8101
2014-08-05,390.8746,393.1985,386.7431,387.7115
2014-08-06,386.1622,386.4204,378.2866,380.4169
2014-08-07,380.2233,382.2890,374.5425,382.2244
2014-08-08,376.7372,377.5765,368.6034,369.7009
2014-08-11,375.7044,378.1575,374.0260,376.2854
2014-08-12,379.0613,383.3218,378.9322,380.3524
2014-08-13,378.1575,383.7737,377.7056,382.1599
2014-08-14,384.0964,384.5483,380.8687,382.8699
2014-08-15,381.5142,381.5787,378.4801,380.1586
2014-08-18,381.0625,381.9662,379.3841,380.8688
2014-08-19,383.1926,383.7091,381.1269,381.3206
2014-08-20,382.4827,383.8383,378.8676,380.7397
2014-08-21,381.8371,390.2936,381.5788,388.4861
2014-08-22,393.3922,393.4568,387.9697,388.6152
2014-08-25,390.7454,392.4239,388.6152,389.8417
2014-08-26,389.1317,390.9392,385.3876,385.9040
2014-08-27,385.5166,389.7772,384.8711,386.6141
2014-08-28,387.2596,388.2924,383.9028,385.3230
2014-08-29,383.5154,388.2924,383.3863,386.1621
2014-09-01,387.3241,388.4215,385.7748,387.3241
2014-09-02,387.3242,393.1341,386.7432,391.6494
2014-09-03,395.7161,399.0730,395.0706,396.8781
2014-09-04,396.9428,397.5883,393.3923,394.6834
2014-09-05,396.9426,397.0072,390.8745,391.3264
2014-09-08,393.8441,394.4251,391.1974,394.0378
2014-09-09,396.8135,396.8781,391.1973,391.1973
2014-09-10,388.6151,393.9731,388.5506,393.5858
2014-09-11,397.0072,399.9767,395.9744,399.3312
2014-09-12,399.3312,402.7526,398.8147,401.4615
2014-09-16,400.2350,400.2350,395.8453,396.7490
2014-09-17,395.7806,398.2983,393.4567,393.5858
2014-09-18,398.6211,402.6235,398.0401,401.0096
2014-09-19,405.7220,409.2079,405.0764,406.2384
2014-09-22,407.2068,412.1775,406.0449,410.8219
2014-09-24,406.4321,407.9169,403.6563,407.2068
2014-09-25,411.8546,413.0166,409.1433,413.0166
2014-09-26,407.1239,411.1834,406.9275,409.3501
2014-09-29,411.8382,411.8382,406.1418,406.9930
2014-09-30,406.1417,406.7965,396.4514,406.0763
2014-10-01,405.4216,409.8738,403.5883,405.9453
2014-10-02,397.0408,399.0705,391.2789,392.5884
2014-10-03,393.5051,397.9574,392.7194,394.0944
2014-10-06,398.8085,406.7965,398.6776,401.4275
2014-10-07,400.7073,406.8620,399.3978,399.3978
2014-10-08,394.7491,397.7610,392.9158,396.5169
2014-10-09,397.4991,400.0526,393.5051,393.8979
2014-10-10,384.0767,386.4338,383.0291,385.9100
2014-10-14,379.7553,381.6541,375.4994,378.0530
2014-10-15,381.3921,381.3921,374.5827,378.8386
2014-10-16,369.9340,369.9995,363.4520,366.6602
2014-10-17,366.0709,367.1186,357.6247,360.7675
2014-10-20,370.5888,377.4637,368.3626,373.4697
2014-10-21,377.2018,380.3446,368.8210,371.1126
2014-10-22,376.4815,380.2136,374.5828,378.3803
2014-10-23,378.0529,382.3742,373.9279,379.1005
2014-10-24,386.3029,386.9576,381.2613,381.8506
2014-10-27,383.9458,385.4517,381.2613,384.4041
2014-10-28,383.4875,387.4160,382.7673,386.3029
2014-10-29,390.2314,393.7016,389.1183,392.1956
2014-10-30,393.2431,398.0883,392.4575,398.0883
2014-10-31,402.0169,416.4214,399.1360,413.9333
2014-11-04,430.1711,430.8259,416.8142,417.9928
2014-11-05,418.0582,418.3856,411.8381,416.7487
2014-11-06,418.3856,419.0403,407.2548,408.3679
2014-11-07,410.8560,414.1952,408.8918,411.5108
2014-11-10,409.2191,413.0822,407.5168,413.0822
2014-11-11,413.8024,417.2726,411.8382,415.5703
2014-11-12,418.3201,420.2844,414.5226,415.1773
2014-11-13,415.7010,421.1355,414.7189,421.1355
2014-11-14,425.3914,425.5224,416.4213,422.3795
2014-11-17,435.4091,439.3376,430.3021,431.4806
2014-11-18,437.3079,441.6292,434.7544,438.6174
2014-11-19,440.9090,443.9209,437.8317,439.3376
2014-11-20,441.9565,443.6589,438.5518,438.8138
2014-11-21,438.8793,440.1888,433.6413,439.3376
2014-11-25,444.5756,447.8493,443.5280,445.5577
2014-11-26,446.5398,447.3255,443.2660,444.3791
2014-11-27,442.3494,446.2125,438.8792,438.8792
2014-11-28,439.9925,449.4209,439.4032,449.4209
2014-12-01,448.5696,452.0398,447.4565,451.7779
2014-12-02,449.6171,452.0397,448.7005,450.8611
2014-12-03,451.7779,452.9564,449.8791,451.6469
2014-12-04,453.7422,455.6410,450.4685,451.1232
2014-12-05,451.1231,457.0158,449.6826,456.2956
2014-12-08,457.6706,458.5218,453.4802,455.3135
2014-12-09,453.7420,457.2777,452.4980,457.2777
2014-12-10,451.7779,453.6767,444.1173,445.4923
2014-12-11,438.0282,443.0698,434.2307,438.6830
2014-12-12,435.5400,447.1946,435.4745,439.2721
2014-12-15,435.2127,440.8435,433.1829,435.8019
2014-12-16,430.6294,431.9389,424.6057,424.9985
2014-12-17,421.4629,430.1056,420.6772,421.0046
2014-12-18,433.4448,437.3733,424.5402,424.8676
2014-12-19,438.5519,443.9208,435.4091,442.8733
2014-12-22,445.8197,446.6054,436.0639,438.5519
2014-12-24,445.8851,446.5398,441.9566,442.8733
2014-12-25,441.9566,442.2839,437.6352,439.2721
2014-12-26,439.3376,441.5637,437.7007,440.7780
2014-12-29,443.5280,443.9209,434.5580,437.5698
2014-12-30,437.6352,439.0102,434.2960,435.0817
2015-01-05,431.0878,431.7425,423.4927,428.5997
2015-01-06,418.3855,419.6950,414.4570,415.1118
2015-01-07,411.1832,413.0165,406.1417,407.9749
2015-01-08,413.8023,414.3261,410.2012,410.5941
2015-01-09,412.6237,414.3261,408.4988,414.3261
2015-01-13,407.2547,413.4094,402.7369,412.2963
2015-01-14,408.0405,410.9214,403.5227,403.9156
2015-01-15,403.6537,406.4691,400.3799,405.1596
2015-01-16,396.7788,402.4751,395.4693,402.4751
2015-01-19,403.9157,404.6359,396.6479,398.6122
2015-01-20,402.8026,409.3501,400.3145,409.2191
2015-01-21,409.6774,411.1178,404.3739,406.3381
2015-01-22,405.1596,405.4215,399.7252,402.4751
2015-01-23,407.9095,410.7249,405.4869,407.3857
2015-01-26,402.6716,407.7132,400.7074,407.7132
2015-01-27,412.4927,421.0045,411.3142,420.8735
2015-01-28,416.4868,420.2189,415.4392,419.1058
2015-01-29,414.1952,417.3380,412.1655,413.0167
2015-01-30,415.8976,419.0404,413.9988,413.9988
2015-02-02,408.1715,410.0703,404.2430,409.2191
2015-02-03,412.7548,416.2905,406.7966,407.2549
2015-02-04,415.1118,435.3436,414.7844,428.2723
2015-02-05,432.0699,437.3079,423.9510,430.1057
2015-02-06,436.7841,440.5162,433.3795,439.8615
2015-02-09,445.2304,448.8970,440.8436,445.1649
2015-02-10,443.5280,447.5220,442.0876,447.3910
2015-02-12,455.0516,460.7480,454.7897,459.6349
2015-02-13,461.9920,464.4145,459.1111,462.9741
2015-02-16,468.1467,481.7000,468.0812,477.3132
2015-02-17,473.9085,479.9977,468.5395,471.6824
2015-02-18,478.5573,487.7892,478.2299,486.6761
2015-02-19,493.8782,504.8126,491.6521,504.2888
2015-02-20,506.7114,506.7114,496.3009,501.2115
2015-02-23,506.7769,510.0507,484.5154,492.8307
2015-02-24,490.7355,495.0568,488.1165,492.4378
2015-02-25,499.7712,503.5033,492.9618,499.3784
2015-02-26,499.5746,515.8124,496.9556,515.2231
2015-02-27,517.2529,518.5624,503.5686,509.1995
2015-03-02,513.1935,513.1935,500.6878,502.5866
2015-03-03,506.5151,506.6460,492.1761,497.2831
2015-03-04,491.2593,492.3724,481.3726,487.7892
2015-03-05,487.1344,496.1699,486.2832,495.7116
2015-03-06,496.0390,509.7887,494.6640,509.7233
2015-03-09,504.8127,512.3423,501.4735,511.3602
2015-03-10,513.3244,513.4554,491.9141,494.9259
2015-03-11,490.4081,496.3008,488.1164,490.4735
2015-03-12,495.7770,507.3006,493.2890,506.3840
2015-03-13,511.3602,520.7886,509.3959,516.9255
2015-03-16,521.9017,530.0206,517.2530,521.8362
2015-03-17,528.3838,531.0028,518.8899,519.3483
2015-03-18,518.6278,529.6276,515.2886,528.1216
2015-03-19,525.7647,527.4670,511.4911,513.9792
2015-03-20,513.1279,517.2528,508.7411,517.2528
2015-03-23,517.5803,521.6398,515.3542,515.6161
2015-03-24,515.3541,515.9434,509.8542,513.8482
2015-03-25,512.0149,515.2886,509.1995,512.8006
2015-03-26,508.7412,509.1995,498.2652,500.9496
2015-03-27,500.8834,513.7368,494.9205,498.3658
2015-03-30,496.5769,504.1961,489.3551,501.2147
2015-03-31,509.4965,511.4179,492.7342,492.7342
2015-04-01,492.0053,502.2747,487.3675,496.0468
2015-04-02,496.0469,517.9108,495.4505,512.1467
2015-04-03,514.7306,516.6520,505.5875,511.0866
2015-04-06,504.5272,508.7012,501.1483,506.5811
2015-04-07,514.1342,524.0724,513.2729,522.0848
2015-04-08,526.0599,527.7163,520.7596,526.0599
2015-04-09,524.6024,526.3913,517.6457,520.6271
2015-04-10,518.7721,521.9523,514.9956,514.9956
2015-04-13,516.7845,517.2483,509.1652,511.0866
2015-04-14,508.8338,517.4469,508.1713,516.7844
2015-04-15,513.9355,521.2235,512.4779,519.2358
2015-04-16,518.1757,533.5468,516.8506,533.5468
2015-04-17,535.3358,547.7916,530.4329,544.6114
2015-04-20,535.9983,554.3507,532.4868,547.5266
2015-04-21,553.8869,566.7403,553.4231,565.8127
2015-04-22,568.5291,588.2067,568.3967,582.5089
2015-04-23,589.5981,592.9770,563.6263,570.9143
2015-04-24,568.1978,577.7385,566.1439,567.6678
2015-04-27,568.1979,571.7756,557.9947,563.8914
2015-04-28,570.7817,571.7755,564.1562,566.9389
2015-04-30,563.2951,568.9929,557.5309,567.0716
2015-05-01,561.8375,564.4877,550.6405,557.9948
2015-05-07,555.8746,558.1935,550.0443,554.1520
2015-05-08,557.1998,585.4904,554.8146,584.8941
2015-05-11,596.2898,603.9753,575.4859,577.7385
2015-05-12,575.0883,579.0636,566.4752,572.9019
2015-05-13,569.1917,575.6846,564.9514,573.2332
2015-05-14,567.5354,572.0407,558.4585,559.1873
2015-05-15,565.2164,584.1652,556.7359,577.6723
2015-05-18,585.0265,604.1078,585.0265,604.1078
2015-05-19,601.5901,602.2526,594.0371,595.6934
2015-05-20,600.5962,604.7702,594.1695,595.4283
2015-05-21,596.7536,609.3419,595.9585,600.7951
2015-05-22,598.0124,601.1926,590.7244,595.9585
2015-05-25,601.5900,602.3850,598.2772,599.8674
2015-05-26,600.0001,602.1202,596.8199,596.8199
2015-05-27,593.5732,599.9336,590.3930,594.0370
2015-05-28,601.5901,613.9134,597.0848,607.7518
2015-05-29,613.1183,617.0272,605.4327,610.3356
2015-06-01,603.9751,620.6712,602.3850,619.4786
2015-06-02,619.4788,619.5450,604.1740,605.5654
2015-06-03,605.6317,610.7333,601.6564,605.3667
2015-06-04,606.9567,617.7562,605.1678,612.3895
2015-06-05,606.2280,606.8905,596.2898,600.5301
2015-06-08,608.2157,608.2157,593.7722,596.8199
2015-06-09,590.9894,598.6749,585.8216,585.8878
2015-06-10,585.0266,592.5133,580.4550,581.0513
2015-06-11,587.4115,598.4760,587.0140,590.9230
2015-06-12,590.1943,592.7782,583.9001,589.6642
2015-06-15,586.4842,591.7846,584.0328,589.3331
2015-06-16,586.6830,587.5443,577.2749,580.0576
2015-06-17,583.3701,584.0327,572.5044,575.0221
2015-06-18,575.3534,576.8110,563.8251,566.1440
2015-06-19,576.7446,577.9372,567.0052,569.7879
2015-06-22,576.4134,590.8569,575.2871,589.0018
2015-06-23,600.2650,605.2341,596.0247,600.5963
2015-06-24,604.6377,607.0891,599.6024,604.3727
2015-06-25,599.4700,604.5054,598.5425,599.6025
2015-06-26,599.0724,607.1554,595.0971,606.5591
2015-06-29,583.0389,592.2483,581.5813,586.8817
2015-06-30,584.1653,586.8155,573.4983,582.9064
2015-07-01,583.1050,592.5131,579.7260,588.3391
2015-07-02,595.9585,597.4824,591.3870,591.4532
2015-07-03,594.2357,601.3249,591.7180,598.6085
2015-07-06,586.3516,589.6643,576.6785,580.5875
2015-07-07,586.3515,591.2544,581.7137,583.1713
2015-07-08,579.7261,581.5812,556.8683,556.8683
2015-07-09,539.9735,557.7297,532.4868,555.3445
2015-07-10,556.1396,575.0883,555.6095,567.9991
2015-07-13,576.4134,579.4611,569.5230,577.7385
2015-07-14,589.0018,589.4656,583.6352,586.5504
2015-07-15,589.0017,589.5980,581.5150,585.0264
2015-07-16,588.3392,590.6581,586.4841,590.6581
2015-07-17,592.9770,601.5901,590.7243,597.6810
2015-07-21,602.9151,603.9089,597.0185,602.8489
2015-07-22,592.5132,592.8444,586.1528,588.5379
2015-07-23,592.0494,594.6334,588.8692,593.9046
2015-07-24,592.9770,594.1033,584.3639,586.1528
2015-07-27,581.6475,587.2792,576.6122,586.7491
2015-07-28,577.1421,585.5564,570.9142,579.8586
2015-07-29,584.4964,589.3992,580.5212,582.2438
2015-07-30,588.3392,593.8383,586.6828,591.7844
2015-07-31,593.9708,596.2897,586.6828,596.2897
2015-08-03,598.2774,598.6087,580.2562,585.6891
2015-08-04,584.3639,591.9832,579.7261,586.0865
2015-08-05,583.3701,590.5256,579.7924,587.0141
2015-08-06,591.9170,599.6025,587.0804,587.3455
2015-08-07,587.0804,592.9108,584.0327,592.7120
2015-08-10,591.5857,591.6519,584.0327,589.0680
2015-08-11,595.6273,597.5487,587.8093,590.7244
2015-08-12,592.3806,598.5423,577.3409,582.7075
2015-08-13,577.3410,583.0388,571.1130,573.5645
2015-08-14,573.4319,578.8648,570.0530,572.4381
2015-08-17,575.8170,584.8276,570.4504,572.6368
2015-08-18,574.4920,581.6475,572.6368,579.8586
2015-08-19,577.0760,585.0928,574.0946,575.0884
2015-08-20,571.1131,572.3720,563.0301,563.0301
2015-08-21,536.7270,545.5389,534.8057,539.9073
2015-08-24,516.1219,521.4222,493.7941,494.8542
2015-08-25,475.0442,528.9090,474.3816,493.1316
2015-08-26,496.9082,511.4179,485.6449,509.8940
2015-08-27,522.5485,533.8118,519.6333,521.3560
2015-08-28,539.9735,547.7253,536.7933,543.3525
2015-08-31,538.6485,539.1785,530.1016,530.1016
2015-09-01,528.1140,531.8905,514.7969,514.7969
2015-09-02,496.9081,521.8860,495.7817,508.2375
2015-09-03,516.7845,517.7121,504.3949,504.3949
2015-09-04,504.5274,505.9188,485.0486,488.9576
2015-09-07,481.8021,493.4628,477.8930,490.0176
2015-09-08,489.6201,491.9390,481.0070,482.7296
2015-09-09,501.5459,518.7721,494.9867,518.5733
2015-09-10,499.5583,509.1652,497.0406,505.5874
2015-09-11,502.2083,514.7967,500.0882,511.3514
2015-09-14,510.1589,510.1589,497.1068,499.1607
2015-09-15,500.8833,509.6952,495.0530,495.5830
2015-09-16,503.5335,509.2976,501.6121,504.5273
2015-09-17,510.2253,511.5503,500.4859,509.0327
2015-09-18,503.6661,503.8649,491.0778,492.9329
2015-09-24,484.3860,488.8913,479.2181,479.2181
2015-09-25,482.0671,498.8957,479.2844,498.0344
2015-09-28,498.2357,507.6237,494.6816,497.5651
2015-09-29,486.1652,486.2323,464.1704,469.0656
2015-09-30,478.1184,488.5123,477.8502,480.3984
2015-10-01,489.9877,504.0026,483.8184,497.4981
2015-10-02,494.2122,501.7226,492.2675,501.3873
2015-10-05,505.1426,506.2155,499.9792,501.7227
2015-10-06,510.6413,516.1400,508.1601,509.9707
2015-10-07,511.5800,520.2304,509.7023,518.4869
2015-10-08,519.3587,524.1868,513.9941,515.5364
2015-10-09,519.6270,523.7174,512.1165,521.7728
2015-10-13,517.4810,519.4928,506.8189,509.4342
2015-10-14,503.2648,503.9354,488.9816,491.3957
2015-10-15,486.2994,499.5767,484.0865,497.3639
2015-10-16,499.0402,508.0930,496.8944,506.2824
2015-10-19,506.4166,507.8918,497.3638,498.3026
2015-10-20,504.0024,510.8423,503.1307,507.7577
2015-10-21,507.2884,517.3469,505.6119,516.0058
2015-10-22,510.3059,521.2362,509.9706,515.2010
2015-10-23,528.7466,533.0383,525.8631,527.0031
2015-10-26,536.3912,539.0064,529.4172,529.6184
2015-10-27,531.0937,532.5689,522.4433,522.5774
2015-10-28,523.5833,528.0762,523.1139,525.2598
2015-10-29,532.4348,532.9713,518.6881,523.6503
2015-10-30,525.1254,538.0675,521.0350,530.1547
2015-11-02,521.3704,522.1751,510.1718,513.2565
2015-11-04,520.9681,529.0820,519.0904,521.3033
2015-11-05,523.5162,528.0090,520.4315,525.4608
2015-11-06,529.9538,530.0879,523.5163,528.8138
2015-11-09,537.7993,555.1001,537.1288,551.3449
2015-11-10,545.8463,559.6600,545.5110,555.9048
2015-11-11,552.8873,558.9224,552.5520,555.5025
2015-11-12,550.5403,553.9602,546.5839,547.7239
2015-11-13,538.4699,564.4881,537.4641,555.9719
2015-11-16,550.6073,555.7037,543.8345,549.1321
2015-11-17,559.1907,559.3248,552.5520,553.8931
2015-11-18,556.1060,558.9224,553.8931,554.5637
2015-11-19,559.9284,563.6166,557.9837,560.1296
2015-11-20,556.5754,557.4472,551.7473,556.1060
2015-11-24,553.8261,554.8990,548.5956,551.0767
2015-11-25,547.6568,547.7910,534.5807,539.6770
2015-11-26,542.5605,548.3274,541.0853,543.3652
2015-11-27,543.3651,545.4439,536.9276,538.8052
2015-11-30,537.7993,539.4087,529.7524,529.7524
2015-12-01,532.3008,540.8841,530.6914,539.6100
2015-12-02,539.4088,545.0416,538.2018,542.2252
2015-12-03,543.3651,546.2485,538.4699,545.5109
2015-12-04,529.7525,541.7558,529.7525,538.8723
2015-12-07,543.8346,546.5169,538.8723,538.8723
2015-12-08,538.8723,539.3417,532.8371,533.7759
2015-12-09,526.6008,531.4290,525.5279,527.3385
2015-12-10,523.0467,527.5396,519.6938,522.7114
2015-12-11,517.4140,524.5891,514.5976,520.2975
2015-12-14,505.8130,512.3176,504.0025,511.1106
2015-12-15,507.7578,508.0931,498.0345,498.2356
2015-12-16,509.8366,520.8340,506.7520,516.6094
2015-12-17,527.7409,534.7149,519.4929,520.6329
2015-12-18,519.0234,532.4348,507.8248,508.4283
2015-12-21,503.0637,508.7636,500.5156,502.1249
2015-12-22,506.4166,512.0494,503.3320,507.2213
2015-12-24,512.9882,513.2565,505.6790,506.1484
2015-12-25,506.1484,506.1484,506.1484,506.1484
2015-12-28,500.2473,505.2095,499.0402,503.7343
2015-12-29,501.5885,510.5742,500.2473,509.4342
2015-12-30,510.9764,514.2622,507.6235,507.6906
2016-01-04,502.1248,511.9823,498.3026,500.3143
2016-01-05,498.2356,503.6001,497.0285,499.2414
2016-01-06,499.9121,503.8685,487.2383,491.1276
2016-01-07,490.0546,492.5357,475.2349,478.3195
2016-01-08,471.0773,485.6288,470.0715,474.5643
2016-01-12,464.7069,466.7187,453.9778,453.9778
2016-01-13,468.0599,478.6549,466.0481,469.4010
2016-01-14,450.0214,459.2082,447.3391,458.0012
2016-01-15,465.4446,465.9140,448.1438,450.6249
2016-01-18,437.2135,444.4556,432.2512,442.1757
2016-01-19,437.4816,440.1639,424.7408,433.7264
2016-01-20,431.7148,432.3854,415.0846,416.5599
2016-01-21,416.6939,421.7903,398.9908,398.9908
2016-01-22,413.0729,419.7786,406.7695,418.9069
2016-01-25,425.6126,425.8808,418.7727,420.6503
2016-01-26,412.5364,412.8717,402.6790,405.0260
2016-01-27,418.4374,427.1549,416.8280,425.1432
2016-01-28,420.2480,425.8138,417.7669,420.4492
2016-01-29,421.2539,429.5019,383.5677,408.6471
2016-02-01,388.9322,394.9003,378.8736,386.3170
2016-02-02,388.2616,396.3085,375.5208,387.8593
2016-02-03,381.1536,382.1594,369.4856,370.0220
2016-02-04,365.5964,384.3724,363.6517,374.0456
2016-02-05,362.7798,365.6633,354.2636,360.9023
2016-02-08,350.7095,363.4504,345.3450,360.9023
2016-02-09,338.6393,339.9804,327.2396,329.3854
2016-02-10,325.2279,327.1725,304.2389,306.0495
2016-02-12,292.1015,316.5104,289.6204,299.2096
2016-02-15,318.5221,329.2512,312.2187,325.0937
2016-02-16,325.0266,345.9485,324.2890,335.8228
2016-02-17,332.3359,342.6627,322.5455,327.9101
2016-02-18,340.6510,342.1933,331.5982,337.2981
2016-02-19,333.2746,333.8782,325.6301,326.0325
2016-02-22,319.3268,325.1608,315.1022,320.0645
2016-02-23,323.2832,326.5690,317.3151,317.8516
2016-02-24,310.6093,328.3795,309.8716,320.9361
2016-02-25,320.1314,329.6535,317.9185,326.8371
2016-02-26,333.9453,335.8229,327.4407,327.7090
2016-02-29,334.8841,337.7005,326.3008,326.3008
2016-03-01,323.5513,329.4523,322.1431,323.8866
2016-03-02,334.6158,343.4674,334.1464,342.5956
2016-03-03,351.9166,374.1796,350.7096,369.6868
2016-03-04,370.8938,379.5442,368.8821,375.4537
2016-03-07,375.0513,376.3925,370.4244,370.9608
2016-03-08,368.7480,373.6432,355.6719,361.3047
2016-03-09,352.0507,357.4153,349.5026,351.7825
2016-03-10,356.8118,359.9635,349.3684,359.1588
2016-03-11,356.6107,372.0338,354.3307,371.6985
2016-03-14,382.2265,388.7981,380.2148,387.8593
2016-03-15,383.6347,391.2793,378.5384,382.0924
2016-03-16,377.5325,381.1536,366.9375,368.3457
2016-03-17,371.8997,378.8066,368.0774,371.2962
2016-03-18,368.6809,376.1913,360.5670,367.2727
2016-03-22,370.4914,375.1854,367.0044,370.8267
2016-03-23,371.7656,374.0455,365.7975,366.4010
2016-03-24,362.0423,365.3951,353.2578,354.3977
2016-03-25,350.3073,361.9082,349.0331,359.2259
2016-03-28,362.1093,362.5117,355.5377,360.8352
2016-03-29,359.4031,365.3363,357.5617,363.4268
2016-03-30,361.4490,362.8130,348.2186,349.3098
2016-03-31,353.0608,364.3134,352.6516,355.6523
2016-04-01,354.6293,356.6752,346.3091,346.9229
2016-04-04,340.9897,352.8561,338.9437,347.1957
2016-04-05,340.3759,342.5582,331.6466,332.1240
2016-04-06,332.1239,338.7391,328.2366,330.4872
2016-04-07,330.8281,337.7843,324.8267,329.2595
2016-04-08,323.9402,340.1031,318.5525,334.2381
2016-04-11,329.7370,330.0780,319.3709,325.7815
2016-04-12,326.4635,347.5367,326.1226,344.8770
2016-04-13,357.0843,362.7448,350.6737,360.0851
2016-04-14,373.7247,374.0657,365.2681,370.4512
2016-04-15,364.3134,370.8604,361.9265,364.0406
2016-04-18,350.4010,352.4469,345.4225,348.3550
2016-04-19,361.9946,374.7477,360.9717,371.6106
2016-04-20,375.4296,381.0901,365.4728,367.4505
2016-04-21,378.1575,378.4985,364.6543,370.7239
2016-04-22,364.8588,401.1401,364.8588,395.0705
2016-04-25,399.6398,404.4137,386.2730,396.6391
2016-04-26,381.9765,387.0914,376.5207,382.5222
2016-04-27,378.7713,384.7044,374.2020,377.1345
2016-04-28,383.2724,389.2056,350.1964,354.6974
2016-05-02,337.5798,346.5819,334.3063,343.7858
2016-05-06,341.4670,342.2854,334.1698,336.0112
2016-05-09,339.2848,343.3767,336.1477,338.1254
2016-05-10,343.0356,347.6049,334.6472,346.9911
2016-05-11,354.2200,356.8116,343.9903,345.7635
2016-05-12,341.0578,348.9006,339.1483,347.8776
2016-05-13,350.4691,353.6062,339.4892,340.2394
2016-05-16,336.8978,343.5812,334.5109,339.2848
2016-05-17,344.3996,349.1734,340.5123,343.7858
2016-05-18,344.0585,363.9723,343.6493,358.3801
2016-05-19,372.0197,373.7246,359.8122,361.3126
2016-05-20,362.1310,364.8589,356.9480,363.5632
2016-05-23,360.0851,366.3593,355.6522,365.3363
2016-05-24,360.5625,362.6766,358.3801,359.4713
2016-05-25,367.5868,367.8596,363.2904,365.6091
2016-05-26,369.4963,373.8610,364.5179,364.9271
2016-05-27,367.2459,370.8604,364.5180,370.1102
2016-05-30,373.3155,373.5883,369.8374,372.3607
2016-05-31,373.3837,378.4985,370.7922,377.6801
2016-06-01,375.0886,378.9759,369.8373,371.4741
2016-06-02,367.3822,367.3822,358.8574,359.5394
2016-06-03,358.8576,364.1088,358.7893,362.2675
2016-06-06,350.2645,357.2889,349.2416,356.8116
2016-06-07,357.0844,364.2451,355.1066,363.6314
2016-06-08,368.1325,371.0650,362.3356,371.0650
2016-06-09,367.7232,368.1324,358.2437,358.8575
2016-06-10,358.7893,361.9946,354.3564,359.8123
2016-06-13,350.3327,351.7649,344.1949,344.1949
2016-06-14,339.4893,342.3537,333.4879,336.6932
2016-06-15,332.8060,341.6035,329.2597,335.6021
2016-06-16,333.6243,338.3299,328.5094,331.2374
2016-06-17,336.4204,338.0571,329.3960,333.3515
2016-06-20,338.8073,344.2631,335.2610,340.8532
2016-06-21,335.5338,346.5137,331.8511,345.0815
2016-06-22,343.0355,344.0585,336.5567,341.3988
2016-06-23,340.0349,351.8331,338.9437,350.5374
2016-06-24,355.5840,356.8798,313.0285,320.5303
2016-06-27,319.1663,319.9165,307.1635,310.9143
2016-06-28,306.2087,310.3006,296.6610,306.0041
2016-06-29,314.3243,315.7564,307.9137,312.6875
2016-06-30,319.1663,319.5073,310.9143,310.9143
2016-07-01,314.9380,316.3702,310.9144,313.6423
2016-07-04,311.8691,314.3924,308.9366,310.5052
2016-07-05,308.9366,309.3458,302.6623,306.8906
2016-07-06,299.3889,299.5253,291.9553,295.8426
2016-07-07,293.9331,302.1168,293.7285,296.1154
2016-07-08,297.2065,300.7528,290.3867,292.3645
2016-07-11,292.3645,292.3645,292.3645,292.3645
2016-07-12,313.7105,329.1232,312.0055,322.3034
2016-07-13,338.8755,345.8317,329.6006,339.3529
2016-07-14,339.2166,347.0593,333.2151,339.2848
2016-07-15,343.0356,361.3808,341.7398,353.8109
2016-07-19,364.8589,365.0635,350.6055,355.7204
2016-07-20,353.9472,355.8568,345.0815,348.4232
2016-07-21,354.6292,359.8804,348.7642,356.0613
2016-07-22,345.7635,352.3787,345.0133,351.1512
2016-07-25,350.5374,356.6752,345.8317,347.0593
2016-07-26,340.3077,343.4448,335.3293,337.8526
2016-07-27,337.8526,345.0133,332.3285,339.1483
2016-07-28,335.7384,336.5568,327.5546,330.4872
2016-07-29,331.3056,358.5166,328.9868,355.9932
2016-08-01,355.9932,374.1338,350.4009,371.4059
2016-08-02,364.1770,366.7685,349.3780,349.3780
2016-08-03,335.3974,342.8992,334.1017,335.7384
2016-08-04,339.0119,348.6278,335.7384,345.8317
2016-08-05,347.3321,349.7872,342.8310,343.8540
2016-08-08,352.5833,364.5180,350.8784,362.4038
2016-08-09,366.1546,369.4963,360.7670,365.5408
2016-08-10,361.4490,367.2458,359.5395,365.6091
2016-08-12,368.2688,368.5416,358.1755,360.7670
2016-08-15,360.7670,363.4268,357.5617,357.9709
2016-08-16,359.6078,362.6767,353.2654,353.2654
2016-08-17,353.8108,366.2911,353.4699,365.4727
2016-08-18,362.9494,369.9056,358.7893,359.1985
2016-08-19,362.4038,365.7455,360.8352,362.9494
2016-08-22,362.7448,364.4497,356.0614,360.4942
2016-08-23,360.0169,362.6766,356.1978,357.2207
2016-08-24,359.0621,363.9041,357.6981,357.9709
2016-08-25,357.9710,358.3801,353.6063,357.4254
2016-08-26,356.6751,356.6751,352.9924,353.7426
2016-08-29,362.1310,367.8596,360.0169,365.0635
2016-08-30,364.5179,369.9738,363.4950,369.2236
2016-08-31,375.8387,385.8638,375.8387,384.7045
2016-09-01,387.3641,396.5709,385.5228,391.4560
2016-09-02,394.9343,395.3435,387.5007,392.4792
2016-09-05,401.5494,403.7318,384.9773,386.7505
2016-09-06,390.4331,393.2292,384.2271,386.8186
2016-09-07,375.4978,379.1805,372.0879,375.9752
2016-09-08,374.8158,376.4526,367.9960,370.9968
2016-09-09,373.1108,376.0434,371.2695,372.4971
2016-09-12,366.6321,371.0649,360.4942,363.0176
2016-09-13,363.9042,364.4498,355.3112,357.4254
2016-09-14,350.3327,350.4009,344.8087,346.1045
2016-09-15,340.9896,342.4218,336.6249,339.4211
2016-09-16,342.8310,352.6515,341.0579,348.6278
2016-09-20,346.1046,355.5159,345.9682,351.4922
2016-09-21,355.3112,378.3621,346.5819,377.3392
2016-09-23,373.7246,374.7476,367.3140,371.5423
2016-09-26,368.9508,371.1331,362.8130,363.9041
2016-09-27,353.9473,360.0851,348.4914,358.8575
2016-09-28,360.1065,361.0779,351.9885,353.3068
2016-09-29,359.2045,361.6329,354.1394,358.0249
2016-09-30,346.9234,354.2087,346.9234,350.4620
2016-10-03,354.8332,356.7760,350.9477,351.9191
2016-10-04,353.5149,362.0492,353.5149,358.4412
2016-10-05,362.1186,362.8124,356.7066,362.8124
2016-10-06,367.3918,370.8610,365.7960,365.7960
2016-10-07,366.4898,367.3918,361.5635,365.3796
2016-10-11,367.5306,371.8324,361.7022,362.8818
2016-10-12,356.7760,358.3718,353.2374,354.1393
2016-10-13,354.5557,359.6208,351.7803,352.7517
2016-10-14,351.5028,354.2781,350.1151,353.6537
2016-10-17,354.5557,358.6494,354.0700,355.5271
2016-10-18,353.0292,355.5964,348.5192,355.2495
2016-10-19,357.0535,358.3719,354.2088,356.2209
2016-10-20,356.2209,363.7145,355.3189,363.2288
2016-10-21,364.9634,367.4612,361.8411,363.7145
2016-10-24,364.1307,364.6164,359.1350,361.0084
2016-10-25,363.8532,370.0978,363.5757,368.0857
2016-10-26,369.1264,370.2366,366.3510,369.7509
2016-10-27,368.4325,373.0813,367.8775,370.9998
2016-10-28,377.4526,379.5341,375.0241,377.3832
2016-10-31,375.9261,381.4769,374.0527,377.8689
2016-11-01,379.6035,381.4769,375.2323,379.5341
2016-11-02,371.9019,374.8160,368.7102,370.5836
2016-11-04,364.2696,367.0449,357.6780,360.3840
2016-11-07,367.2531,372.1794,366.1429,367.3225
2016-11-08,369.6122,372.8039,367.1144,369.8204
2016-11-09,373.2895,376.8976,341.3726,347.8947
2016-11-10,380.9218,390.9826,377.9383,386.8195
2016-11-11,408.6759,424.9119,407.7045,421.7896
2016-11-14,430.1850,433.6542,425.3280,428.1034
2016-11-15,440.5926,453.0125,437.3315,446.1434
2016-11-16,462.1019,476.8808,462.0325,473.7585
2016-11-17,459.8815,467.1669,454.7471,467.0976
2016-11-18,478.7542,479.4480,456.2736,459.4653
2016-11-21,461.0611,472.2321,453.9839,470.8444
2016-11-22,468.3465,473.4116,464.5997,472.3014
2016-11-24,481.5296,483.6112,468.8323,469.7343
2016-11-25,466.0568,471.3300,454.5389,459.1183
2016-11-28,452.1799,468.3465,451.4166,465.7792
2016-11-29,460.9919,469.5955,459.6042,467.5834
2016-11-30,469.7342,470.4280,461.4774,464.7385
2016-12-01,478.7543,482.0848,473.1342,476.7421
2016-12-02,485.0683,505.5367,482.7092,503.8021
2016-12-05,496.1004,499.4309,487.3580,491.7292
2016-12-06,501.4430,501.6512,494.2270,496.9330
2016-12-07,501.6512,509.9774,498.6677,509.5611
2016-12-08,513.4464,517.6789,510.8098,517.6789
2016-12-09,518.9974,531.6254,518.7892,529.2663
2016-12-12,534.6089,536.5517,510.3243,522.1890
2016-12-13,511.7813,522.1890,510.7405,518.7892
2016-12-14,520.9401,521.7033,514.4873,519.6912
2016-12-15,525.2420,532.1805,518.2342,523.8543
2016-12-16,533.5683,535.9967,528.8501,532.9438
2016-12-19,530.7926,532.4579,522.5358,527.0458
2016-12-20,521.3564,523.1604,514.1404,519.6912
2016-12-21,522.4665,528.2255,513.4465,519.6912
2016-12-22,514.8343,517.8872,503.9409,517.1240
2016-12-26,510.2549,512.6833,507.2019,510.8099
2016-12-27,510.0466,517.6096,508.0345,512.1282
2016-12-28,514.3486,514.4180,508.3121,509.6304
2016-12-29,504.2184,504.2184,496.5167,498.4595
2016-12-30,490.6190,500.1248,489.7865,499.7085
2017-01-04,513.4465,521.4257,510.6711,517.0545
2017-01-05,520.9401,522.3278,515.9444,519.2055
2017-01-06,512.3365,513.2384,510.1855,512.0589
2017-01-10,509.0753,511.0180,504.2184,504.2184
2017-01-11,507.6876,512.4058,506.3693,511.8507
2017-01-12,506.5080,510.2548,503.5245,506.7856
2017-01-13,504.2878,507.4101,503.2470,506.1612
2017-01-16,508.9366,511.7120,503.7328,503.7328
2017-01-17,496.7943,500.3329,492.6312,495.9617
2017-01-18,486.3866,495.4760,482.9173,493.6720
2017-01-19,501.7207,507.5490,499.3616,503.9410
2017-01-20,505.6755,509.8385,502.4838,507.2713
2017-01-23,500.9573,507.2019,499.9166,503.5939
2017-01-24,496.7942,498.1125,488.4681,490.2027
2017-01-25,498.1820,499.0840,491.1742,493.4639
2017-01-26,503.8715,515.1812,503.6633,514.8342
2017-01-27,522.3972,526.0746,517.1240,522.3972
2017-01-30,517.9566,518.6504,514.1404,518.4423
2017-01-31,506.5775,511.2956,505.1204,507.1326
2017-02-01,497.4186,505.1203,494.9207,504.7040
2017-02-02,506.6469,509.4917,498.9452,500.7492
2017-02-03,505.4673,517.6096,502.5531,506.5080
2017-02-06,532.8741,532.9435,522.8134,523.6460
2017-02-07,518.2342,525.7971,514.2098,521.2177
2017-02-08,521.7727,524.5481,518.0953,523.1604
2017-02-09,515.8750,518.7892,513.4465,513.4465
2017-02-10,524.5481,531.6253,523.8542,530.1682
2017-02-13,539.4658,539.7433,530.3764,530.5845
2017-02-14,535.0947,535.2334,523.0217,524.2706
2017-02-15,533.5681,540.3678,531.4866,533.2212
2017-02-16,534.2620,540.3678,531.1397,534.7477
2017-02-17,530.7928,533.9844,526.2134,529.9601
2017-02-20,524.5482,533.9151,524.5482,532.7356
2017-02-21,534.2621,538.0089,532.2499,537.0375
2017-02-22,539.8127,539.8127,535.2333,535.5803
2017-02-23,534.9559,535.2334,526.7685,530.2377
2017-02-24,526.6297,530.4458,524.6869,526.2134
2017-02-27,520.3156,521.0788,510.5323,512.6833
2017-02-28,515.4587,518.3034,512.3364,512.3364
2017-03-01,518.2341,519.6911,510.3936,519.1360
2017-03-02,534.2620,538.4250,529.4050,529.4050
2017-03-03,526.4215,528.6418,523.3686,526.2827
2017-03-06,523.7156,528.5725,521.1484,526.6298
2017-03-07,524.5482,525.5196,522.8136,523.9931
2017-03-08,523.7154,524.6868,521.2870,523.2991
2017-03-09,525.9357,526.7683,523.9929,525.1725
2017-03-10,534.1926,534.2619,527.4622,533.9844
2017-03-13,533.2212,535.3028,531.6948,532.8049
2017-03-14,533.2213,533.9845,531.4867,532.6662
2017-03-15,530.7928,539.8128,530.0989,537.1068
2017-03-16,530.7928,534.8171,529.2663,530.7928
2017-03-17,528.7113,531.0704,526.4910,526.6298
2017-03-21,520.4544,521.9115,516.0832,517.4015
2017-03-22,496.5861,499.2921,494.3658,495.1984
2017-03-23,492.6312,496.5167,489.5782,491.4516
2017-03-24,492.9782,501.5125,492.3537,497.5575
2017-03-27,489.4395,491.3822,486.2478,488.8844
2017-03-28,493.6720,496.5168,492.2149,495.3372
2017-03-29,505.8778,505.8778,498.0075,500.5372
2017-03-30,496.3209,500.8885,494.2831,496.6722
2017-03-31,501.6615,504.4724,491.6831,491.6831
2017-04-03,491.4020,491.4723,482.9695,487.8885
2017-04-04,478.2615,481.1426,476.5047,480.1588
2017-04-05,483.2506,483.8127,471.5856,475.5911
2017-04-06,467.4398,471.7966,464.9803,467.5804
2017-04-07,470.0398,476.4345,466.1047,469.1966
2017-04-10,473.2722,479.5965,471.5154,477.1371
2017-04-11,473.0614,474.1857,469.1965,473.4830
2017-04-12,463.7856,466.5965,461.1154,466.3857
2017-04-13,457.8127,461.3965,455.9154,460.0614
2017-04-14,453.9478,460.6937,451.8397,458.3046
2017-04-17,456.4073,458.5856,451.2775,456.8992
2017-04-18,466.4560,467.2992,459.9911,460.9046
2017-04-19,455.4234,465.6126,452.6126,460.5532
2017-04-20,463.7857,473.9749,462.9424,468.4235
2017-04-21,477.8398,479.8073,473.9749,476.7155
2017-04-24,484.1642,488.5209,483.2507,483.4615
2017-04-25,484.3048,494.7751,483.4615,494.0724
2017-04-26,503.1372,505.9480,499.8345,505.9480
2017-04-27,503.6291,508.0561,500.6777,507.1426
2017-04-28,503.8399,505.2453,496.1101,498.3588
2017-05-01,495.4778,500.1157,493.5805,500.1157
2017-05-02,500.5372,505.0345,500.4669,503.0669
2017-05-08,512.2724,515.9967,510.2345,515.9967
2017-05-09,515.0831,515.4345,509.8128,511.8507
2017-05-10,513.0454,514.1697,510.4454,511.3589
2017-05-11,513.1859,519.7211,510.8670,519.5806
2017-05-12,515.2237,516.3480,510.7264,512.9750
2017-05-15,505.9481,508.1265,501.8022,507.0022
2017-05-16,513.7481,515.2238,502.7859,505.7372
2017-05-17,500.1859,503.3480,495.1264,498.5696
2017-05-18,480.4398,481.2128,477.8398,478.4019
2017-05-19,480.3696,487.0453,478.9641,484.7966
2017-05-22,488.3803,490.3479,487.0451,488.8019
2017-05-23,485.2182,487.8885,483.0398,485.7804
2017-05-24,493.7210,495.4075,490.6291,492.5966
2017-05-25,492.8777,495.2669,490.2074,492.9479
2017-05-26,492.7371,493.6506,488.5209,488.5209
2017-05-29,488.5208,492.7370,487.4668,490.4181
2017-05-30,490.4884,491.0506,487.2560,489.4344
2017-05-31,484.8669,485.8507,483.0399,485.4993
2017-06-01,481.4236,488.6615,480.7912,485.7804
2017-06-02,491.8940,507.3535,490.9805,507.0724
2017-06-05,501.4507,504.8940,499.3426,499.9750
2017-06-06,500.4670,506.4400,498.2886,499.4129
2017-06-07,498.2183,502.7859,496.1804,502.0832
2017-06-08,507.0723,517.0507,505.8075,508.0561
2017-06-09,514.3103,518.5968,511.6399,516.2778
2017-06-12,521.4076,525.8347,514.3806,515.2941
2017-06-13,514.7318,518.0345,512.5534,515.7858
2017-06-14,520.6345,521.3372,512.4831,512.4831
2017-06-15,506.2994,511.4994,502.4345,502.4345
2017-06-16,506.6507,512.9751,505.9480,507.7751
2017-06-19,505.8778,511.2885,504.7534,509.6021
2017-06-20,515.7859,519.9319,512.6940,512.6940
2017-06-21,510.5154,511.5695,504.8236,505.8073
2017-06-22,506.7913,510.8670,506.0183,508.1967
2017-06-23,508.7588,510.0939,505.3155,508.6885
2017-06-26,508.1967,512.7643,506.1589,510.7968
2017-06-27,513.3264,516.3480,511.5696,511.7804
2017-06-28,518.5967,526.3265,517.8940,525.0616
2017-06-29,546.1429,546.4942,529.8401,530.6833
2017-06-30,530.5427,534.7589,527.4508,530.4022
2017-07-03,530.4022,533.2130,526.3265,532.0184
2017-07-04,541.0833,541.5752,532.0184,533.5643
2017-07-05,532.7211,538.6238,532.0887,538.4130
2017-07-06,539.0454,539.0454,533.1427,534.8995
2017-07-07,531.3157,534.6184,528.5049,529.8400
2017-07-10,532.5103,533.0022,524.0076,526.5373
2017-07-11,526.3264,528.7156,523.7967,528.0129
2017-07-12,523.3752,524.0779,518.8076,518.8779
2017-07-13,519.9319,520.1427,510.4453,510.9372
2017-07-14,514.3102,517.4021,512.2724,514.2399
2017-07-17,514.2399,514.2399,514.2399,514.2399
2017-07-18,504.7535,507.4237,501.5210,507.0724
2017-07-19,501.3805,506.6508,500.5373,504.5427
2017-07-20,505.5966,506.4399,502.4345,505.0345
2017-07-21,502.2940,502.9265,499.6237,501.4507
2017-07-24,494.4236,497.3750,491.6831,495.6885
2017-07-25,495.9696,500.5371,494.7749,495.1966
2017-07-26,502.9263,504.4020,498.4290,500.0452
2017-07-27,496.1101,500.3966,495.1966,497.5858
2017-07-28,494.0020,495.6885,492.6668,493.5804
2017-07-31,492.4560,495.8993,491.4020,491.8939
2017-08-01,494.7047,503.3480,493.5804,502.7155
2017-08-02,507.3534,510.5859,503.4183,503.6994
2017-08-03,502.7858,504.3318,498.1480,500.8885
2017-08-04,497.6561,499.5534,497.0236,498.3588
2017-08-07,504.5425,505.9480,501.2398,501.3101
2017-08-08,501.3102,501.8724,497.5156,499.3426
2017-08-09,496.4615,498.4994,492.0345,494.0021
2017-08-10,491.8939,492.3155,486.9750,489.5750
2017-08-11,489.5750,489.5750,489.5750,489.5750
2017-08-14,479.2453,484.3048,478.1210,483.8129
2017-08-15,491.0507,496.6723,489.8561,491.9642
2017-08-16,491.8237,493.5101,491.1912,491.6831
2017-08-17,490.8399,490.9804,486.7642,487.0452
2017-08-18,479.3154,479.4560,475.7316,477.4182
2017-08-21,476.5749,477.4182,469.5479,471.2343
2017-08-22,468.7748,472.1478,468.0018,469.4775
2017-08-23,475.1695,475.5209,463.7857,467.5100
2017-08-24,465.1911,469.6181,463.7856,463.7856
2017-08-25,464.4883,469.1965,463.0829,466.8073
2017-08-28,466.8073,467.6506,461.6776,462.0992
2017-08-29,456.5478,461.9586,453.3856,461.1856
2017-08-30,463.7857,465.8236,460.7641,464.1371
2017-08-31,468.7748,478.4019,468.1424,473.6938
2017-09-01,477.0668,477.5586,471.3046,474.7478
2017-09-04,471.5155,473.8344,468.2831,469.1966
2017-09-05,469.6884,471.9370,466.4560,468.7749
2017-09-06,461.1154,463.0830,458.5856,462.3100
2017-09-07,465.6829,466.2451,461.3964,461.6072
2017-09-08,460.1316,462.3802,458.3748,459.2883
2017-09-11,464.5586,469.2667,463.8559,464.6289
2017-09-12,474.3263,475.1695,472.0776,472.5695
2017-09-13,478.3316,481.6344,478.3316,479.6667
2017-09-14,480.7210,482.6886,474.4669,475.1696
2017-09-15,470.8127,481.2128,470.8127,478.9641
2017-09-18,478.9641,478.9641,478.9641,478.9641
2017-09-19,493.0182,498.5696,489.2939,498.1480
2017-09-20,494.9154,500.2560,494.9154,497.0235
2017-09-21,508.4074,510.4452,504.4020,505.5263
2017-09-22,508.7587,511.0777,505.0344,508.5479
2017-09-25,510.8670,511.3589,504.1913,505.2454
2017-09-26,502.4345,507.2129,501.9426,505.7372
2017-09-27,509.0106,512.9956,508.2990,512.7821
2017-09-28,523.0292,523.5985,516.6247,518.6884
2017-09-29,515.9842,520.1827,513.4936,519.9692
2017-10-02,517.0517,518.2614,513.6360,515.5573
2017-10-03,518.4748,520.3250,516.1977,517.7632
2017-10-04,519.2576,519.2576,511.5723,512.9955
2017-10-05,514.4900,514.4900,509.2241,509.8645
2017-10-06,514.3476,523.3850,513.7784,522.8869
2017-10-09,522.8869,522.8869,522.8869,522.8869
2017-10-10,519.4712,519.4712,513.3514,517.5499
2017-10-11,517.4787,519.9693,516.3401,518.3326
2017-10-12,519.7557,519.8980,512.7820,512.9955
2017-10-13,512.2128,514.7034,506.0930,513.6360
2017-10-16,512.3550,523.4560,511.3587,521.3924
2017-10-17,525.1641,529.9318,517.7634,519.2578
2017-10-18,520.1827,520.3962,514.4899,516.5535
2017-10-19,523.0292,525.9468,520.8944,522.1753
2017-10-20,520.1829,520.9657,516.5537,517.9058
2017-10-23,526.5873,528.5086,524.2390,526.2315
2017-10-24,526.0180,534.6996,525.6622,534.6284
2017-10-25,540.8193,552.7031,540.6770,544.2350
2017-10-26,543.5233,549.8566,543.0964,547.7218
2017-10-27,555.0514,565.5832,554.3398,562.8079
2017-10-30,561.3134,561.5981,550.7817,556.9015
2017-10-31,548.0065,548.5046,542.4560,542.5983
2017-11-01,547.9354,551.4934,545.0178,546.5833
2017-11-02,551.4935,553.6283,546.3700,550.6396
2017-11-03,550.6396,550.6396,550.6396,550.6396
2017-11-06,553.2013,553.2725,535.4112,541.8868
2017-11-07,537.8305,547.5795,535.1264,546.1563
2017-11-08,539.0403,543.4522,538.2575,541.1039
2017-11-09,542.9542,550.1414,534.2726,538.6846
2017-11-10,533.3474,535.9804,530.5010,531.2838
2017-11-13,532.2089,532.3511,525.5198,528.1527
2017-11-14,530.8570,531.4262,526.6585,527.9394
2017-11-15,530.1452,530.8568,521.3213,523.8831
2017-11-16,523.8832,531.0704,522.3177,525.6622
2017-11-17,529.5759,533.9878,526.8718,528.7931
2017-11-20,524.4524,526.4449,519.8982,523.1716
2017-11-21,525.1640,531.7819,524.8793,529.3625
2017-11-22,533.0628,542.7407,532.6359,540.7482
2017-11-23,540.7482,540.7482,540.7482,540.7482
2017-11-24,537.4748,543.6658,536.1939,542.5272
2017-11-27,544.5908,546.1564,542.3849,542.8118
2017-11-28,543.0252,547.4371,542.3136,543.2387
2017-11-29,552.3474,558.9653,551.9916,558.2537
2017-11-30,566.4370,573.7665,563.1637,563.6617
2017-12-01,574.3359,576.8977,563.2349,568.0026
2017-12-04,574.9763,575.9725,568.8565,569.9239
2017-12-05,569.8528,573.1974,567.0064,571.1337
2017-12-06,567.1487,567.8603,555.4783,558.9652
2017-12-07,562.1674,562.6655,552.9165,554.6244
2017-12-08,543.9503,558.0400,543.9503,557.4708
2017-12-11,559.1075,565.7254,558.8229,565.6543
2017-12-12,566.5794,578.4632,566.4371,578.3920
2017-12-13,587.0737,591.1298,581.8790,590.6317
2017-12-14,575.1185,581.3095,573.4818,576.1147
2017-12-15,572.6990,572.7702,563.5905,568.2159
2017-12-18,577.8227,587.9987,577.1111,584.6541
2017-12-19,585.6504,588.7103,581.2384,581.8789
2017-12-20,588.2122,596.1110,586.0774,594.1897
2017-12-21,594.1896,595.8975,588.2833,590.5604
2017-12-22,591.2719,602.9422,591.2007,601.9460
2017-12-25,599.9537,601.1634,594.9725,597.6054
2017-12-26,596.3244,600.5229,594.4742,594.9012
2017-12-27,597.7477,598.2458,592.4107,594.5455
2017-12-28,591.4143,591.9836,580.6691,581.3096
2017-12-29,584.1561,591.4144,584.1561,588.0699
2018-01-01,588.0699,588.0699,588.0699,588.0699
2018-01-02,588.0699,588.0699,588.0699,588.0699
2018-01-03,588.0699,588.0699,588.0699,588.0699
2018-01-04,598.8151,602.9424,596.6803,602.8000
2018-01-05,610.4855,619.0959,610.4855,616.8187
2018-01-08,616.8187,616.8187,616.8187,616.8187
2018-01-09,623.3654,624.2905,611.4816,614.3992
2018-01-10,619.8075,626.7812,619.2382,623.9348
2018-01-11,626.2118,628.3466,620.8747,627.5638
2018-01-12,626.4254,627.4928,620.5191,621.3019
2018-01-15,629.0582,635.4627,625.9272,632.4739
2018-01-16,635.4627,636.4589,630.2680,632.8297
2018-01-17,626.2118,630.2680,621.4441,626.8523
2018-01-18,633.9684,634.7511,621.3018,621.4441
2018-01-19,627.9198,630.6950,624.4329,626.7100
2018-01-22,629.6988,631.0508,622.9385,625.4291
2018-01-23,625.5002,631.1219,620.5901,631.0507
2018-01-24,626.8523,627.9908,614.1145,617.7437
2018-01-25,609.9161,614.1145,604.8637,607.2120
2018-01-26,609.0621,609.9872,598.3169,598.3881
2018-01-29,594.8300,606.0022,591.4143,602.0172
2018-01-30,606.5717,607.3544,594.4032,597.1073
2018-01-31,590.7029,597.9612,584.0850,584.0850
2018-02-01,594.1184,612.4778,592.1971,609.8448
2018-02-02,611.1258,612.6913,596.1110,601.5903
2018-02-05,584.9389,588.0700,578.8902,584.1561
2018-02-06,555.0514,562.8079,548.0777,562.5944
2018-02-07,579.9575,581.2384,563.3060,563.5906
2018-02-08,568.9988,572.7704,560.8154,569.7104
2018-02-09,550.7818,558.1825,549.5009,554.1975
2018-02-12,554.1975,554.1975,554.1975,554.1975
2018-02-13,561.7406,562.0252,544.3774,546.0853
2018-02-14,548.9317,550.7819,540.1078,540.1790
2018-02-15,551.4934,556.8304,549.5720,549.9990
2018-02-16,553.3435,557.7555,550.7106,552.5608
2018-02-19,557.5419,565.5831,556.7592,564.7291
2018-02-20,560.5308,562.0963,551.4934,558.3248
2018-02-21,558.3247,558.6093,547.0813,547.2948
2018-02-22,542.2424,545.5158,538.3286,544.0926
2018-02-23,540.1078,545.1601,538.9692,544.6620
2018-02-26,550.2837,552.6320,545.5159,547.6508
2018-02-27,551.4222,555.4783,549.3585,554.4821
2018-02-28,550.3548,551.7068,542.4559,542.4559
2018-03-01,536.4785,536.7631,528.3662,531.1415
2018-03-02,519.4712,524.4524,517.9056,523.9543
2018-03-05,517.3365,521.4638,514.4901,516.9807
2018-03-06,527.2988,529.7895,518.2615,519.6135
2018-03-07,514.4900,516.9806,508.9395,509.2953
2018-03-08,515.9843,518.4038,510.0780,512.2840
2018-03-09,516.6248,519.9693,508.4413,510.2915
2018-03-12,518.0480,521.8907,516.6248,521.0367
2018-03-13,517.4074,525.0216,516.4112,524.9504
2018-03-14,518.0480,521.4636,517.3364,520.3962
2018-03-15,516.3401,517.9057,512.7110,515.1304
2018-03-16,515.5574,515.9844,509.7935,510.2204
2018-03-19,507.2315,507.8008,500.6848,502.6061
2018-03-20,500.2578,507.3739,499.6886,505.3102
2018-03-21,505.3102,505.3102,505.3102,505.3102
2018-03-22,498.1230,506.8046,497.3403,506.0218
2018-03-23,491.7187,494.2093,486.3105,487.8760
2018-03-26,480.7599,489.6550,480.0483,489.5127
2018-03-27,498.0519,505.4525,496.0593,505.4525
2018-03-28,499.4619,507.3291,494.1930,506.9682
2018-03-29,509.7110,510.9380,498.4514,502.5655
2018-03-30,505.2360,509.1336,501.1941,503.0707
2018-04-02,504.3698,508.2674,498.9566,499.0288
2018-04-03,495.7810,502.4934,493.1104,501.1942
2018-04-04,498.7402,499.3898,491.1617,495.5644
2018-04-05,499.1732,509.7110,496.6471,505.0196
2018-04-06,502.3490,505.6691,499.3176,500.0394
2018-04-09,499.5341,507.8344,498.8123,506.6796
2018-04-10,502.3490,511.2267,500.5446,508.4119
2018-04-11,511.7319,514.8355,508.6284,510.4328
2018-04-12,510.2884,511.0823,503.2872,503.8646
2018-04-13,509.5666,520.1766,508.9170,516.3513
2018-04-16,515.5572,518.5886,510.4326,514.2580
2018-04-17,511.7319,513.1754,507.4734,508.9892
2018-04-18,505.3082,509.7110,503.8647,509.2057
2018-04-19,511.5154,526.8890,510.8658,515.6295
2018-04-20,518.9497,523.2803,515.4852,517.0009
2018-04-23,523.2801,530.2090,522.7027,527.1776
2018-04-24,537.7155,541.9739,533.0961,540.2416
2018-04-25,536.0555,541.6853,534.1067,541.5409
2018-04-26,545.0776,545.4385,534.9729,538.2208
2018-04-27,534.1066,537.8598,527.4664,529.1986
2018-04-30,529.1986,529.1986,529.1986,529.1986
2018-05-01,525.4456,525.5177,512.8147,513.6086
2018-05-02,513.8973,515.9182,510.2884,512.5981
2018-05-03,512.5981,512.5981,512.5981,512.5981
2018-05-04,512.5981,512.5981,512.5981,512.5981
2018-05-07,514.3302,514.6189,507.9065,511.7318
2018-05-08,513.0310,520.1043,511.7318,516.0624
2018-05-09,515.3406,518.8773,511.2266,517.3616
2018-05-10,522.4863,523.5689,517.3617,518.9496
2018-05-11,519.6713,522.2697,516.5677,521.8366
2018-05-14,520.0322,524.7237,519.1661,523.0637
2018-05-15,530.4979,535.0450,527.6109,532.0136
2018-05-16,517.2895,520.5375,503.7925,519.4548
2018-05-17,524.7237,537.7155,522.2697,525.8064
2018-05-18,525.8064,527.5387,520.5375,522.1976
2018-05-21,520.6097,524.2907,519.6714,519.8879
2018-05-22,518.9496,518.9496,513.1755,518.6609
2018-05-23,514.2581,518.5887,512.4537,514.6190
2018-05-24,506.5353,507.3292,503.0708,504.7309
2018-05-25,501.2664,503.3596,498.0906,499.7507
2018-05-28,498.0183,500.7610,495.6365,500.1836
2018-05-29,496.5747,497.0078,492.6050,493.9042
2018-05-30,479.2525,480.8404,475.3549,477.0872
2018-05-31,478.5308,479.3969,473.2619,473.3340
2018-06-01,473.9114,486.6867,472.3236,480.8404
2018-06-04,487.1920,494.6261,483.9440,492.6052
2018-06-05,494.4096,494.6261,487.4807,490.8729
2018-06-06,487.2641,490.5842,484.3770,485.6762
2018-06-07,494.0486,497.9462,491.0894,492.4607
2018-06-08,488.2024,492.8939,487.6972,488.2746
2018-06-11,486.6144,492.6772,485.0987,488.4189
2018-06-12,492.6052,493.6878,487.1919,487.4084
2018-06-13,487.1919,490.4399,486.1093,488.2746
2018-06-14,483.5831,491.0895,478.6029,483.5831
2018-06-15,483.5831,484.4492,473.4783,475.4271
2018-06-18,471.0965,475.4993,468.6425,471.4574
2018-06-19,468.8591,471.3131,461.9302,462.1467
2018-06-20,460.7752,462.3631,451.2479,459.8369
2018-06-21,456.8777,457.1664,449.2992,449.7322
2018-06-22,443.1642,451.8254,438.5449,451.3202
2018-06-25,453.1967,456.8777,450.1653,451.1035
2018-06-26,448.6495,459.0430,446.5564,455.4341
2018-06-27,454.9289,457.3829,449.0826,455.4341
2018-06-28,456.9499,458.9709,454.1351,454.8568
2018-06-29,456.9499,456.9499,451.1758,455.5063
2018-07-02,451.8975,455.5785,447.9277,448.6495
2018-07-03,447.3504,449.5879,443.8860,448.2166
2018-07-04,444.7521,451.3923,444.6077,448.4330
2018-07-05,445.2573,446.0513,440.5659,444.3190
2018-07-06,446.6287,451.4645,445.7625,446.4843
2018-07-09,447.9277,455.7949,447.2781,453.7740
2018-07-10,464.7450,468.6425,459.4039,459.4039
2018-07-11,452.1863,457.4552,449.2993,456.8056
2018-07-12,461.2083,463.0127,456.4447,457.5995
2018-07-13,461.9301,463.9511,458.6822,460.7031
2018-07-16,460.7031,460.7031,460.7031,460.7031
2018-07-17,465.5389,476.8706,463.5180,473.7671
2018-07-18,475.6437,476.2211,470.0861,471.8183
2018-07-19,476.2933,479.6856,473.1897,478.6029
2018-07-20,475.4271,481.5621,474.9219,478.2420
2018-07-23,497.2966,503.2150,492.8216,495.6365
2018-07-24,501.6994,503.0708,495.8531,498.3793
2018-07-25,495.2756,500.4723,494.7704,496.2860
2018-07-26,500.1836,502.1324,496.2861,497.8740
2018-07-27,496.5749,504.6587,496.5749,499.4619
2018-07-30,500.8333,509.8554,499.6785,507.5457
2018-07-31,509.8553,518.5887,493.3990,497.5853
2018-08-01,501.1942,512.3093,493.6878,509.5666
2018-08-02,511.6598,515.4851,505.2360,507.0404
2018-08-03,510.2884,510.2884,500.2558,500.2558
2018-08-06,494.4095,497.6575,486.8310,488.7798
2018-08-07,488.6355,491.3782,481.7065,485.8206
2018-08-08,488.6354,495.2756,487.3362,490.8007
2018-08-09,487.1918,490.3676,484.9544,488.4189
2018-08-10,486.1815,488.2746,482.7170,483.2222
2018-08-13,472.0348,472.9009,466.6937,469.7973
2018-08-14,469.9417,473.8393,466.9825,471.8183
2018-08-15,476.3654,476.8707,464.9615,469.3643
2018-08-16,463.0849,479.9743,462.6519,475.2828
2018-08-17,479.9742,486.1814,477.9532,484.3048
2018-08-20,480.4073,487.0476,480.1908,485.8928
2018-08-21,482.1394,486.6144,480.9846,482.2116
2018-08-22,481.3456,484.4492,478.6029,483.7996
2018-08-23,483.2221,485.0265,480.3350,482.2116
2018-08-24,483.8718,485.1710,481.5622,482.5726
2018-08-27,483.5830,486.3979,482.2117,484.8822
2018-08-28,488.6354,494.3374,485.6762,486.6145
2018-08-29,490.1511,496.2139,490.1511,494.9148
2018-08-30,498.0185,498.5959,489.5016,493.1826
2018-08-31,485.9649,487.1919,483.7996,484.1605
2018-09-03,482.1395,486.5423,480.4795,482.1395
2018-09-04,486.3981,486.9033,482.2118,484.0884
2018-09-05,483.2222,484.0161,478.9637,481.5621
2018-09-06,481.7065,485.6762,480.4073,483.7996
2018-09-07,481.7786,483.3665,478.6028,482.2838
2018-09-10,480.6960,488.3467,479.4690,485.3154
2018-09-11,485.3154,488.4911,484.0884,487.0476
2018-09-12,486.1091,486.6144,479.6132,480.6959
2018-09-13,480.7681,490.8007,480.1186,486.4701
2018-09-14,488.6354,493.9765,488.2745,491.2337
2018-09-17,491.2337,491.2337,491.2337,491.2337
2018-09-18,489.3573,503.0708,489.2851,499.7507
2018-09-19,504.8031,510.5772,504.5144,507.1849
2018-09-20,514.6189,522.5583,514.6189,515.4128
2018-09-21,522.9192,523.9297,517.5781,521.1870
2018-09-24,521.1870,521.1870,521.1870,521.1870
2018-09-25,521.9088,525.8063,519.7435,525.2289
2018-09-26,530.3588,532.4840,521.7845,524.9357
2018-09-27,520.6853,521.7113,515.0424,516.8012
2018-09-28,523.9832,529.3330,519.5862,519.6594
2018-10-01,516.7280,522.8839,516.7280,522.8839
2018-10-02,525.4490,530.3590,521.4916,523.2504
2018-10-03,520.8319,523.2503,514.3829,514.3829
2018-10-04,530.5786,533.1436,526.9144,530.5054
2018-10-05,535.7086,539.2996,532.7773,536.9545
2018-10-08,536.9545,536.9545,536.9545,536.9545
2018-10-09,539.0796,542.9638,525.1556,530.7985
2018-10-10,532.9238,536.3682,531.0917,533.2169
2018-10-11,510.7919,518.4867,507.2743,508.6666
2018-10-12,503.4635,504.1964,496.4282,502.4375
2018-10-15,497.6007,498.1870,488.8066,492.4708
2018-10-16,492.4708,498.6267,492.4708,497.6740
2018-10-17,505.6620,509.8392,502.1443,505.5154
2018-10-18,509.3262,512.2576,505.7352,507.2742
2018-10-19,500.4588,504.6359,499.4328,503.1703
2018-10-22,499.7993,507.4942,499.7261,504.3430
2018-10-23,498.6268,501.3383,491.5182,492.2511
2018-10-24,497.5274,497.6007,481.4781,486.6813
2018-10-25,472.6108,478.1804,469.0931,476.4948
2018-10-26,483.6767,484.6294,472.0244,478.6200
2018-10-29,482.5775,484.4096,473.1238,475.7621
2018-10-30,478.4735,488.2936,477.6674,486.4615
2018-10-31,486.6081,501.9978,486.0219,501.8513
2018-11-01,501.1917,501.6314,493.5701,498.9198
2018-11-02,498.9199,499.6528,489.9792,498.1138
2018-11-05,494.7426,497.6740,493.4968,493.7167
2018-11-06,494.6694,500.0925,494.3030,496.4283
2018-11-07,497.6007,506.8345,490.0524,493.5700
2018-11-08,501.9978,509.2530,499.7993,501.8513
2018-11-09,499.7992,506.4680,499.4328,502.2909
2018-11-12,498.6267,500.0190,494.7425,498.3335
2018-11-13,488.8067,489.9792,482.2111,488.4403
2018-11-14,493.7166,498.9198,491.5181,495.6220
2018-11-15,489.6860,489.8326,475.3223,479.9392
2018-11-16,481.4781,482.5041,475.9085,477.6673
2018-11-19,476.3483,479.1331,461.6914,468.5801
2018-11-20,463.2304,475.6155,460.6655,468.0672
2018-11-21,460.7388,467.9206,458.3937,465.9420
2018-11-22,454.3630,461.1052,450.2591,459.2731
2018-11-23,459.2731,459.2731,459.2731,459.2731
2018-11-26,449.9659,456.0485,445.7887,454.5096
2018-11-27,460.0059,464.8427,458.2471,462.6442
2018-11-28,461.6915,464.8427,455.0959,457.5876
2018-11-29,461.6182,465.3557,459.4929,460.3723
2018-11-30,458.9066,460.0059,454.5095,457.6608
2018-12-03,461.8380,467.1145,459.2731,461.6915
2018-12-04,456.5615,458.8333,449.9659,451.6514
2018-12-05,440.3657,448.7201,438.2405,447.6942
2018-12-06,443.3703,447.1078,440.5122,443.0038
2018-12-07,443.0039,443.3703,437.1411,441.3183
2018-12-10,433.1104,439.0465,432.4509,437.1411
2018-12-11,433.3303,434.7960,425.0492,428.4203
2018-12-12,428.4203,434.2098,427.7608,430.3257
2018-12-13,432.3778,437.9474,430.1792,433.4038
2018-12-14,428.8600,431.0585,424.6095,427.3210
2018-12-17,427.6875,433.1838,426.5882,427.9073
2018-12-18,425.0493,425.3424,420.5056,421.6782
2018-12-19,417.7208,419.8461,414.6429,416.4750
2018-12-20,412.8107,415.3757,404.4563,406.2885
2018-12-21,400.4257,402.3311,393.5370,397.2744
2018-12-24,397.2744,397.2744,397.2744,397.2744
2018-12-25,380.3458,383.4237,378.6602,381.1519
2018-12-26,383.7901,387.5276,377.1945,381.2252
2018-12-27,400.8654,402.2578,392.5843,394.2698
2018-12-28,388.1140,396.9814,387.2346,394.1966
2018-12-31,394.1966,394.1966,394.1966,394.1966
2019-01-04,386.8681,394.7828,385.7688,394.0499
2019-01-07,404.8961,408.7069,399.4730,403.1372
2019-01-08,407.6808,413.1771,406.8014,408.4137
2019-01-09,414.0566,414.7161,407.3877,410.3923
2019-01-10,406.3617,413.8367,406.2151,411.7115
2019-01-11,417.4277,417.8674,410.1726,413.7635
2019-01-15,417.5009,420.7254,414.4962,418.6735
2019-01-16,415.9619,416.2550,410.0259,414.7161
2019-01-17,422.0446,423.1439,416.6215,418.0872
2019-01-18,422.4843,422.9239,418.4536,419.8460
2019-01-21,424.3164,429.6661,423.2171,426.0752
2019-01-22,425.7821,427.3210,420.0659,422.9240
2019-01-23,422.8507,425.6355,421.3850,421.6049
2019-01-24,423.5836,426.8814,422.7775,425.9287
2019-01-25,425.0492,429.0066,424.9760,427.9073
2019-01-28,427.5409,428.7134,424.2431,425.8553
2019-01-29,425.7820,427.3943,423.2904,426.0752
2019-01-30,426.9545,427.9073,422.9972,425.1957
2019-01-31,429.2997,429.8860,426.0752,427.6875
2019-02-01,424.3164,424.9027,417.9406,419.1132
2019-02-04,420.7988,425.8554,420.5789,424.1698
2019-02-05,424.7561,429.0799,422.8507,425.3424
2019-02-06,426.2218,428.3470,425.1225,425.7821
2019-02-07,424.1698,426.5882,422.0446,423.6568
2019-02-08,421.0919,421.6782,416.1819,418.4537
2019-02-12,419.1865,426.7348,418.3071,425.7088
2019-02-13,430.1791,432.7440,426.3683,427.1011
2019-02-14,425.0492,426.8813,421.6782,425.1225
2019-02-15,419.2597,420.7987,415.3757,419.0399
2019-02-18,427.5409,433.9166,426.2950,428.7867
2019-02-19,425.8553,430.0326,424.6095,429.2997
2019-02-20,432.4510,434.3564,428.6402,430.1792
2019-02-21,430.9120,434.8694,429.1531,430.4723
2019-02-22,425.0492,427.1745,423.2171,425.3424
2019-02-25,430.0326,430.4723,426.2218,426.8813
2019-02-26,426.3684,427.3944,422.4843,425.7088
2019-02-27,425.0493,426.2951,423.2171,424.3897
2019-02-28,424.6828,424.9027,420.8720,422.6309
2019-03-01,425.2691,426.5882,421.1651,423.8767
2019-03-04,426.9546,427.2478,424.2431,425.7821
2019-03-05,424.9027,428.3470,424.5362,427.9806
2019-03-06,427.1012,427.3944,423.8767,426.3684
2019-03-07,422.0446,422.6309,417.1345,419.4796
2019-03-08,412.1512,415.1558,408.4870,410.0259
2019-03-11,407.7541,413.1771,407.2411,411.9313
2019-03-12,413.3237,419.3331,413.1039,418.6002
2019-03-13,413.6168,416.2551,410.8320,412.0779
2019-03-14,416.6216,420.1392,414.7895,415.0093
2019-03-15,416.6948,420.6522,416.4750,419.1865
2019-03-18,419.2597,420.1391,415.8154,418.3803
2019-03-19,420.5789,421.9713,417.9406,421.5316
2019-03-20,419.4063,421.3117,418.7468,420.1392
2019-03-22,416.5483,418.3071,414.4963,417.8674
2019-03-25,407.5343,408.1939,403.6502,406.5083
2019-03-26,407.0213,411.7848,405.1159,410.3923
2019-03-27,411.8127,413.7563,410.8409,413.0087
2019-03-28,411.1399,412.0369,408.0003,410.6166
2019-03-29,415.4008,415.6250,410.5418,411.1399
2019-04-01,416.0736,423.1751,415.2513,418.6899
2019-04-02,425.4176,427.7350,424.4458,425.1186
2019-04-03,426.8379,427.2864,423.1003,426.0904
2019-04-04,423.8479,426.8380,423.1751,424.5954
2019-04-05,423.8478,428.1835,423.8478,427.4359
2019-04-08,426.4641,426.7631,420.4092,423.5487
2019-04-09,422.4275,422.8761,419.1384,422.0538
2019-04-10,417.6434,419.0637,415.4755,418.5404
2019-04-11,413.3825,414.8028,409.1215,414.2047
2019-04-12,417.0454,418.1667,414.4291,415.1018
2019-04-15,423.9226,426.1651,420.7830,421.2315
2019-04-16,417.8676,422.5023,417.7181,421.1567
2019-04-17,423.9226,430.2018,423.6236,428.4077
2019-04-18,429.1552,434.9112,425.5671,426.0157
2019-04-19,424.8196,425.1187,420.9325,422.8013
2019-04-22,418.6151,420.1102,416.2230,419.0636
2019-04-23,419.4374,420.1849,417.4938,418.4656
2019-04-24,417.2696,417.4939,409.6448,412.2612
2019-04-25,411.4390,412.7845,406.2063,410.6914
2019-04-26,407.1033,411.5884,405.6082,411.0652
2019-05-07,409.7195,410.0186,402.0200,405.0101
2019-05-08,398.8804,400.8987,397.0864,400.8987
2019-05-09,396.0398,396.5631,391.7789,393.2740
2019-05-10,391.8537,394.9185,388.7888,391.3304
2019-05-13,381.2388,384.6027,381.2388,383.1823
2019-05-14,374.5110,383.6309,373.9130,383.5561
2019-05-15,381.3883,384.0047,377.8002,383.6309
2019-05-16,373.7635,374.5110,368.6803,369.8763
2019-05-17,375.8566,378.0992,373.6141,375.2586
2019-05-20,377.5760,381.6126,375.6324,377.0527
2019-05-21,377.7254,380.2670,374.2868,379.6690
2019-05-22,382.7338,384.4531,380.3417,381.2388
2019-05-23,378.6224,379.8932,375.4828,377.6507
2019-05-24,373.6140,378.0992,372.7170,377.6507
2019-05-27,378.2487,380.3418,376.3799,378.7720
2019-05-28,378.3235,384.6027,377.8002,383.4814
2019-05-29,378.6225,378.6225,374.5111,377.8750
2019-05-30,377.4264,380.5660,376.7536,380.5660
2019-05-31,376.7536,377.8749,374.1373,374.5858
2019-06-03,370.2501,371.7451,368.5308,371.5209
2019-06-04,372.2685,375.0343,371.3714,372.7170
2019-06-05,378.2487,381.9863,377.6507,378.6225
2019-06-06,375.7819,379.2205,375.2586,377.8750
2019-06-07,377.5011,379.5942,375.0343,379.5942
2019-06-10,377.9497,381.4631,377.0527,380.2671
2019-06-11,382.3601,386.9948,381.5378,385.8735
2019-06-12,384.2289,384.9764,382.5843,383.4814
2019-06-13,379.6690,380.1923,374.2121,378.4730
2019-06-14,379.3700,379.3700,375.6323,377.8002
2019-06-17,376.0061,378.3235,374.8849,376.5294
2019-06-18,375.8566,377.9497,373.5393,374.8101
2019-06-19,379.1458,381.4631,377.9497,379.2953
2019-06-20,377.5012,380.1923,376.8284,379.2205
2019-06-21,377.1274,379.0710,375.1091,376.5294
2019-06-24,376.0062,378.0992,374.9596,376.9779
2019-06-25,375.7819,378.3982,375.4829,376.5294
2019-06-26,375.0343,377.9497,374.5858,377.3516
2019-06-27,378.9962,382.7339,378.6972,382.7339
2019-06-28,381.9863,383.4066,380.1175,382.7339
2019-07-01,390.2091,391.9284,388.3403,391.9284
2019-07-02,391.0314,393.5730,389.7607,392.1527
2019-07-03,388.7888,389.3121,385.5744,388.0413
2019-07-04,389.3868,391.7789,388.2656,390.8819
2019-07-05,390.7324,394.8438,390.3586,393.4983
2019-07-08,396.1893,398.2076,393.3487,393.7225
2019-07-09,396.1894,398.3572,393.1992,394.6196
2019-07-10,394.3953,394.3953,391.7789,393.4983
2019-07-11,391.7042,394.0963,390.7324,393.4235
2019-07-12,395.5913,395.8156,391.9284,394.3952
2019-07-16,389.9101,391.8537,388.7888,390.8819
2019-07-17,391.0314,393.9468,389.8354,391.2557
2019-07-18,389.3121,390.4334,384.4532,385.8735
2019-07-19,387.1443,391.7042,385.6492,390.8819
2019-07-22,391.3304,393.7972,391.2557,392.3770
2019-07-23,391.1808,395.1427,390.8819,394.0962
2019-07-24,397.6097,399.3290,394.7690,395.5913
2019-07-25,395.8155,396.1893,393.7972,395.2923
2019-07-26,396.1893,396.8621,393.3487,396.2641
2019-07-29,396.3389,397.0116,394.5448,395.7409
2019-07-30,395.7408,398.5814,394.2458,395.4418
2019-07-31,392.4517,393.5729,390.7323,391.8536
2019-08-01,396.1893,406.5052,395.6660,402.9918
2019-08-02,394.6943,395.2175,388.3403,390.1344
2019-08-05,386.4715,387.5180,381.5378,384.7522
2019-08-06,374.5858,383.3318,374.0625,382.8086
2019-08-07,384.2289,384.8269,381.3135,383.1823
2019-08-08,381.3136,382.3601,379.6690,381.5378
2019-08-09,383.1823,383.4066,379.2204,381.1640
2019-08-13,376.8284,377.7254,374.1373,376.9031
2019-08-14,378.8467,379.8933,376.1556,377.1274
2019-08-15,371.2219,373.7635,367.9328,373.0160
2019-08-16,371.5209,373.3150,369.5026,372.8665
2019-08-19,375.8567,377.9498,375.6324,377.7255
2019-08-20,378.9962,379.5942,377.7254,379.0710
2019-08-21,374.8101,375.6324,373.7636,375.1091
2019-08-22,375.2586,375.8566,373.3898,374.1373
2019-08-23,373.9878,376.9779,373.9130,375.5576
2019-08-26,368.5308,371.5209,366.6620,370.5492
2019-08-27,374.8100,375.7818,371.0724,371.6704
2019-08-28,370.7734,373.4645,370.4744,372.5675
2019-08-29,374.6606,375.5576,373.0908,374.1373
2019-08-30,378.9215,381.6126,377.5012,381.5378
2019-09-02,379.1457,383.3319,379.0710,382.5844
2019-09-03,381.5378,383.1076,380.9398,382.1359
2019-09-04,380.1175,381.1641,377.9497,380.1175
2019-09-05,381.9863,387.8918,381.9863,385.5744
2019-09-06,390.9567,393.7225,388.4151,388.5646
2019-09-09,389.3868,392.7507,389.2373,392.4517
2019-09-10,399.9270,408.8226,399.9270,408.0002
2019-09-11,422.9507,427.0621,419.8859,426.0904
2019-09-12,426.6137,426.9874,419.2131,424.8196
2019-09-13,424.8196,424.9691,419.2131,424.2216
2019-09-17,423.8479,431.9211,423.1751,427.3612
2019-09-18,422.7265,424.9691,420.4840,423.1003
2019-09-19,429.0805,431.4726,422.0537,422.4275
2019-09-20,423.1003,425.1186,421.7547,423.6983
2019-09-24,423.7731,425.4176,422.1285,423.2498
2019-09-25,419.6617,423.6983,418.0919,422.7265
2019-09-26,425.7914,426.5389,422.7265,423.9225
2019-09-27,426.5215,427.1330,419.9479,423.5404
2019-09-30,423.5404,423.9226,416.8139,419.1835
2019-10-01,420.7887,424.6870,420.7887,422.5468
2019-10-02,415.0558,420.8651,414.7501,420.4065
2019-10-03,413.5272,416.5082,410.2404,414.2151
2019-10-04,411.3868,411.6161,409.0172,411.0046
2019-10-07,411.4632,411.9983,405.1953,407.2592
2019-10-08,409.7816,410.6989,408.3293,409.2466
2019-10-09,403.5902,406.6477,403.2080,406.3419
2019-10-10,402.5965,404.9661,399.0804,404.8896
2019-10-11,410.4696,411.9219,408.4058,409.1702
2019-10-15,416.4317,417.9605,414.2915,415.2087
2019-10-16,421.9353,424.7635,419.4129,420.6358
2019-10-17,421.4766,421.9353,417.8841,418.0370
2019-10-18,419.6421,420.9416,417.0432,418.1134
2019-10-21,423.3876,425.9100,421.4767,424.4577
2019-10-23,426.5215,428.3560,423.6933,427.7445
2019-10-24,429.9612,432.4072,428.9675,431.2607
2019-10-25,431.2606,433.0951,429.0439,431.7957
2019-10-28,435.6175,436.0762,432.8658,432.9422
2019-10-29,436.8405,442.8027,436.6112,440.6624
2019-10-30,437.7577,440.2802,437.3756,440.0509
2019-10-31,437.9871,439.9745,431.4135,435.5411
2019-11-01,429.7319,433.4009,429.2732,432.5601
2019-11-05,440.2038,442.5733,435.3118,441.1975
2019-11-06,448.1533,448.7648,443.7964,445.2487
2019-11-07,443.0320,446.6246,442.7263,444.4079
2019-11-08,451.7459,452.7395,448.0004,451.3637
2019-11-11,454.0389,455.4913,452.2809,453.0453
2019-11-12,451.8987,453.4274,448.9176,453.0453
2019-11-13,451.6695,452.7396,448.0005,448.6120
2019-11-14,448.6883,450.9050,440.4331,441.8090
2019-11-15,439.5923,447.6183,439.5159,445.2487
2019-11-18,444.8665,446.2423,442.8791,444.9429
2019-11-19,444.9429,445.2487,441.6561,443.4142
2019-11-20,442.4205,443.9493,436.7641,437.3756
2019-11-21,436.7640,439.5157,430.1903,437.1462
2019-11-22,437.1463,440.3566,436.0761,437.7578
2019-11-25,441.9619,442.5733,439.6687,441.1975
2019-11-26,443.3377,444.4079,440.2802,440.2802
2019-11-27,441.0446,442.8791,440.2038,442.6498
2019-11-28,442.6498,444.1786,441.4268,442.8792
2019-11-29,444.2550,444.7901,441.7326,441.8854
2019-12-02,444.4079,446.2423,443.4142,444.9429
2019-12-03,440.5860,444.4079,440.1273,444.1021
2019-12-04,441.0446,442.6497,438.9808,442.4204
2019-12-05,445.6309,448.0769,445.0958,446.7774
2019-12-06,447.0067,449.1469,445.1722,446.9303
2019-12-09,449.4528,450.3700,447.6183,449.0706
2019-12-10,449.4527,450.5229,447.3125,448.5355
2019-12-11,448.5355,448.6884,442.3441,444.6372
2019-12-12,446.3953,446.6246,442.1912,443.4142
2019-12-13,450.9815,458.4724,450.0642,455.3384
2019-12-16,452.8924,455.2620,451.7459,453.2746
2019-12-17,456.6379,458.6252,454.1918,458.6252
2019-12-18,458.3959,460.7654,456.9436,458.0137
2019-12-19,460.1539,460.9183,456.5614,457.8608
2019-12-20,457.1729,458.7781,455.4148,458.0137
2019-12-23,456.5614,456.7143,453.1217,454.8033
2019-12-24,456.1029,456.4086,452.2045,452.5103
2019-12-25,451.0578,452.5866,450.3699,451.1343
2019-12-26,450.9815,454.1919,450.7522,453.8861
2019-12-27,455.6442,458.3195,455.3385,456.8672
2019-12-30,454.8033,455.1855,452.3573,453.4274
2020-01-06,447.0067,447.3125,441.1975,444.9429
2020-01-07,444.1022,446.6246,443.7964,446.4717
2020-01-08,438.8279,440.1273,436.1525,438.7514
2020-01-09,447.9240,448.0768,442.2676,443.3377
2020-01-10,443.8728,444.6372,441.5797,441.9619
2020-01-14,445.4780,445.4780,440.6625,442.5734
2020-01-15,439.2865,442.7262,438.9043,442.4969
2020-01-16,440.2802,441.7325,439.8980,439.8980
2020-01-17,442.0384,445.4016,441.1976,445.3252
2020-01-20,446.9303,447.6947,445.6309,445.7073
2020-01-21,445.2487,445.4780,442.7263,445.3252
2020-01-22,439.5159,444.8665,439.5159,444.8665
2020-01-23,441.8854,442.4969,440.2038,440.8917
2020-01-24,440.2038,440.5095,437.9106,438.7514
2020-01-27,431.8721,434.6238,430.3433,433.0186
2020-01-28,429.7319,433.4009,428.6617,432.8658
2020-01-29,431.3370,435.5411,430.7255,434.1652
2020-01-30,431.1077,432.9422,429.5025,432.2543
2020-01-31,435.0825,438.7515,434.0124,434.5475
2020-02-03,428.0502,433.4773,427.6680,431.7957
2020-02-04,428.2795,434.3181,428.1266,434.1652
2020-02-05,433.3245,438.2929,433.1716,436.1526
2020-02-06,444.4844,445.6309,442.7263,444.0258
2020-02-07,443.2614,443.7200,440.9682,442.8792
2020-02-10,438.5222,443.1848,438.4457,441.1210
2020-02-12,437.9871,438.2928,434.0123,437.6049
2020-02-13,435.8469,437.5285,435.0825,437.4520
2020-02-14,435.4647,437.4520,434.2416,437.4520
2020-02-17,433.5537,436.0762,432.7894,435.2354
2020-02-18,433.4009,435.6176,430.8020,432.4836
2020-02-19,431.6428,432.1779,428.2031,428.5088
2020-02-20,429.0439,433.3244,428.9674,430.1904
2020-02-21,431.4899,435.3882,431.1077,432.8658
2020-02-25,416.9668,426.9801,416.8139,425.2220
2020-02-26,420.0243,422.0881,416.9668,421.7059
2020-02-27,416.9668,420.4829,415.2852,416.2789
2020-02-28,405.1190,406.5713,399.7683,406.5713
2020-03-02,399.3862,405.2719,395.0292,402.3672
2020-03-03,406.2655,407.0299,397.5516,397.5516
2020-03-04,386.7740,391.4366,385.7038,388.6085
2020-03-05,389.7550,390.1372,384.7101,386.6975
2020-03-06,376.0727,378.2894,371.2571,372.5565
2020-03-09,351.6127,355.2817,326.6176,330.5160
2020-03-10,330.5159,342.7459,314.9991,336.0959
2020-03-11,335.5608,345.4977,333.1148,338.3126
2020-03-12,329.4458,330.2102,317.2158,319.8147
2020-03-13,294.8196,314.3112,292.6029,303.5335
2020-03-16,304.2214,314.9227,294.6667,301.5461
2020-03-17,294.2845,303.7627,290.7684,299.7880
2020-03-18,303.6864,311.6359,294.2845,294.2845
2020-03-19,299.8644,303.9921,292.7558,293.1379
2020-03-23,290.4627,305.9031,290.4627,303.7628
2020-03-24,314.9226,323.2543,312.0945,321.7256
2020-03-25,333.9556,343.9689,330.5159,342.9753
2020-03-26,336.0194,340.2999,333.4969,335.7137
2020-03-27,340.3000,343.9690,332.8855,343.9690
2020-03-30,330.2102,336.8144,324.9425,335.0061
2020-03-31,331.1536,333.0405,316.4514,316.8445
2020-04-01,314.4859,323.0556,310.5548,314.3286
2020-04-02,308.0389,308.9038,304.5010,307.8031
2020-04-03,307.4886,311.8127,301.7492,304.1078
2020-04-06,305.0513,319.8322,301.4347,317.1590
2020-04-07,331.7826,334.0626,316.8445,326.7509
2020-04-08,326.2005,326.5936,314.4859,319.9894
2020-04-09,324.0777,324.9425,316.1369,320.7756
2020-04-10,322.3480,336.1854,320.7756,334.9275
2020-04-13,330.7605,339.3303,330.1316,330.8391
2020-04-14,329.1095,337.6006,327.4584,336.4213
2020-04-15,330.9964,334.1412,324.7853,327.8515
2020-04-16,321.9549,322.2694,317.0804,321.0114
2020-04-17,325.8860,329.7384,322.8984,324.6281
2020-04-20,325.4929,331.7040,324.2350,329.1881
2020-04-21,326.2791,328.9522,325.0211,327.4584
2020-04-22,323.9205,325.0212,321.0115,322.2695
2020-04-23,321.6404,329.1095,321.0901,329.1095
2020-04-24,326.1219,329.5026,322.5839,325.4929
2020-04-27,325.5715,335.0847,323.6846,332.9619
2020-04-28,337.9937,338.3082,331.8613,334.2199
2020-04-30,342.0820,346.9565,341.4530,341.4530
2020-05-01,336.4999,336.6572,323.5274,326.2791
2020-05-07,321.9549,324.4708,320.7756,323.2915
2020-05-08,325.0211,330.7605,323.7632,329.5812
2020-05-11,330.9963,335.2419,330.3674,333.1977
2020-05-12,330.2101,330.8391,325.7287,327.8515
2020-05-13,323.9205,330.6820,323.5274,328.6378
2020-05-14,325.8073,326.5936,319.2818,319.2818
2020-05-15,322.3481,322.5840,316.8446,317.5522
2020-05-18,321.5618,322.8984,319.3604,320.3039
2020-05-19,329.3453,334.3770,327.6942,333.2763
2020-05-20,329.9743,334.6130,329.3453,332.5688
2020-05-21,336.5785,337.0502,331.6253,332.0971
2020-05-22,332.0971,333.1191,322.9770,323.9991
2020-05-25,328.6377,330.8391,327.8515,329.9743
2020-05-26,332.5688,337.4433,332.0971,337.2075
2020-05-27,345.3055,352.8531,342.6323,349.4724
2020-05-28,359.3788,367.8699,351.4381,359.4575
2020-05-29,351.6738,356.8628,349.2366,349.2366
2020-06-01,349.8655,350.1014,343.4186,343.5758
2020-06-02,347.1138,350.8876,346.3276,348.2931
2020-06-03,356.1553,357.7277,347.3497,349.5511
2020-06-04,360.0863,361.2657,350.7304,354.5042
2020-06-05,357.0201,364.0174,355.4477,363.7029
2020-06-08,376.2823,382.2576,374.2382,379.8989
2020-06-09,382.4149,384.6163,374.0024,376.2038
2020-06-10,373.4520,373.6878,368.1057,368.7347
2020-06-11,356.1552,357.0987,349.3938,350.5731
2020-06-12,333.0406,346.4849,331.9399,345.5414
2020-06-15,343.0254,348.9221,337.3647,337.3647
2020-06-16,348.6076,355.5263,345.9345,353.7966
2020-06-17,351.0449,352.6173,346.9566,351.3594
2020-06-18,347.2710,348.6076,343.7331,347.8214
2020-06-19,349.7870,349.9442,344.2048,345.3055
2020-06-22,345.1483,346.4848,343.5758,343.9689
2020-06-23,345.7773,347.9787,342.0034,345.5414
2020-06-24,343.5758,346.5634,342.7110,343.9689
2020-06-25,338.7799,340.1165,333.8268,335.4778
2020-06-26,338.8585,343.4972,338.0723,339.8806
2020-06-29,331.7826,333.9054,330.2888,332.1757
2020-06-30,337.9151,338.1510,330.9178,331.4681
2020-07-01,332.8047,333.4337,326.6722,328.4019
2020-07-02,327.9302,334.7702,327.3012,331.0750
2020-07-03,332.5688,334.2985,328.4805,331.7826
2020-07-06,331.7826,338.1509,330.2102,337.5219
2020-07-07,337.6792,338.7013,331.6254,334.6130
2020-07-08,331.7826,334.8488,330.3674,330.3674
2020-07-09,328.7163,329.8170,326.4363,327.8515
2020-07-10,324.4708,325.8074,321.5618,322.3481
2020-07-13,329.4240,332.4116,328.5591,331.8612
2020-07-14,327.6156,335.9495,327.6156,333.7481
2020-07-15,335.2419,336.8930,332.0970,333.8267
2020-07-16,339.4875,342.1607,334.2199,337.0503
2020-07-17,339.3303,339.3303,333.6695,334.1412
2020-07-20,334.1412,334.2199,330.6033,332.9619
2020-07-21,330.2102,330.3674,325.0998,327.1439
2020-07-22,327.9302,331.1537,325.6502,325.7288
2020-07-27,320.8542,327.0653,318.6528,326.9081
2020-07-28,325.6501,327.4584,322.5839,323.2915
2020-07-29,324.8640,326.1219,323.2129,324.1564
2020-07-30,325.2571,325.4143,318.0239,318.4170
2020-07-31,315.8225,316.7659,308.8251,309.1396
2020-08-03,314.4859,317.0018,314.0142,316.5301
2020-08-04,318.8101,324.2350,318.5742,324.2350
2020-08-05,317.6307,324.7066,317.6307,323.6846
2020-08-06,323.9204,326.8294,323.1342,324.5494
2020-08-07,325.2570,326.5149,323.9204,325.5715
2020-08-11,330.9964,338.0723,330.2888,338.0723
2020-08-12,340.9813,346.7993,340.8240,345.4627
2020-08-13,350.5732,350.8877,344.5979,346.5635
2020-08-14,345.1483,345.3841,340.8241,342.3965
2020-08-17,339.6447,342.9469,338.5441,339.8020
2020-08-18,336.4999,337.4434,331.3895,335.9496
2020-08-19,332.5688,337.3648,331.4681,336.1068
2020-08-20,334.9275,338.1510,334.2199,335.4778
2020-08-21,338.0723,340.4309,334.4557,334.6916
2020-08-24,336.3427,337.3648,335.0061,335.2420
2020-08-25,342.3178,348.2931,342.2392,345.1482
2020-08-26,343.5758,346.0917,342.0820,345.9344
2020-08-27,344.3620,344.3620,338.4654,339.5661
2020-08-28,346.4062,353.3249,342.7110,346.4062
2020-08-31,352.6959,353.3249,347.3497,347.9000
2020-09-01,346.3276,347.8214,343.8903,347.2711
2020-09-02,349.0793,349.3152,345.7772,346.7207
2020-09-03,350.6518,351.2808,345.9345,346.5635
2020-09-04,344.3620,349.7083,344.3620,349.3938
2020-09-07,352.2242,352.8531,347.0351,348.6076
2020-09-08,349.7869,349.7869,345.2269,348.4504
2020-09-09,342.5537,342.7896,338.2296,339.5661
2020-09-10,341.6103,343.8903,339.8020,343.8903
2020-09-11,340.7455,346.1703,340.4310,344.9910
2020-09-14,346.7207,351.3593,346.3276,351.2021
2020-09-15,353.4821,353.4821,349.1579,351.8310
2020-09-16,349.1579,349.3938,345.7772,347.3496
2020-09-17,349.0793,350.4945,347.1138,347.2711
2020-09-18,347.2711,349.0793,345.6200,347.0352
2020-09-23,342.7896,347.0352,339.6448,345.8559
2020-09-24,343.5758,344.1261,342.0034,342.8682
2020-09-25,346.1704,346.6421,344.5979,346.2490
2020-09-28,347.6641,350.2586,345.9344,350.2586
2020-09-29,353.3325,355.4356,352.2809,352.7662
2020-09-30,349.3688,349.3688,336.4263,336.5880
2020-10-02,342.0887,344.1109,338.5295,339.6619
2020-10-05,343.9492,348.8027,343.8683,346.8613
2020-10-06,349.9351,351.7956,348.8835,350.7440
2020-10-07,347.7510,351.7955,346.6185,350.9866
2020-10-08,351.8765,353.0898,350.4204,351.3102
2020-10-09,351.3102,351.4720,347.7510,348.3173
2020-10-12,346.2141,346.4568,342.9785,345.4861
2020-10-13,348.1555,348.6408,343.9492,345.8905
2020-10-14,341.5224,342.8167,338.4485,342.4122
2020-10-15,339.4192,341.8460,338.9339,339.7428
2020-10-16,342.5740,342.8975,339.4192,339.4192
2020-10-19,340.5518,342.1696,339.4193,340.7944
2020-10-20,340.2282,340.8753,336.5881,337.8014
2020-10-21,341.9269,344.5963,340.4708,343.7065
2020-10-22,341.1988,343.2211,340.9562,341.5224
2020-10-23,345.4052,346.4567,341.6033,344.4344
2020-10-26,343.2211,344.0300,340.9561,342.4931
2020-10-27,340.4708,340.4708,337.6396,339.2574
2020-10-28,335.7791,336.1026,331.7345,333.1906
2020-10-29,327.6091,334.8085,327.4474,332.9480
2020-10-30,333.5142,334.7276,331.5728,331.8155
2020-11-02,334.9702,342.0886,334.8893,341.1179
2020-11-04,348.2364,349.8542,340.9562,341.5224
2020-11-05,338.9339,341.4415,335.6173,341.1988
2020-11-06,341.2797,345.7287,339.7428,345.2434
2020-11-09,345.4052,347.3466,343.7874,346.2141
2020-11-10,364.0101,367.5694,354.6268,360.6936
2020-11-11,368.0547,374.6878,367.8121,371.2904
2020-11-12,369.5107,371.2904,361.6643,364.8191
2020-11-13,360.7745,364.5763,358.0242,360.4509
2020-11-16,367.8120,376.5482,367.7311,372.9890
2020-11-17,383.0195,388.6010,378.9750,387.7921
2020-11-18,386.8214,386.9023,376.1438,378.7323
2020-11-19,375.9820,378.2469,369.5107,372.9890
2020-11-20,369.6725,376.1438,368.9445,375.4158
2020-11-24,386.7406,387.1451,380.5929,381.3209
2020-11-25,388.2775,389.7335,381.2399,382.6151
2020-11-26,377.5190,382.2106,375.6584,381.2399
2020-11-27,379.0559,379.7030,373.3935,374.7686
2020-11-30,375.0922,375.0922,362.3923,362.7967
2020-12-01,363.5248,367.6503,360.0465,363.8484
2020-12-02,367.2458,369.6725,363.6057,367.8120
2020-12-03,371.0477,371.2903,363.4439,364.7381
2020-12-04,363.1203,364.4146,361.1790,364.4146
2020-12-07,365.5470,365.9515,361.8260,362.7967
2020-12-08,362.3924,363.0395,359.3994,359.3994
2020-12-09,357.5388,361.5025,357.3770,359.8847
2020-12-10,360.0465,361.5834,357.3771,357.3771
2020-12-11,358.3477,362.9585,356.8108,362.2305
2020-12-14,361.9879,366.1133,361.5025,364.0910
2020-12-15,363.1203,363.2821,359.6420,360.4509
2020-12-16,362.4732,364.4955,361.3407,361.9070
2020-12-17,364.8191,366.2751,360.2892,360.2892
2020-12-18,360.3700,362.7967,360.0465,362.2305
2020-12-21,369.5107,374.6878,367.2458,370.4005
2020-12-22,369.1872,370.2388,363.2012,364.1719
2020-12-23,364.0102,364.1720,358.7523,360.8554
2020-12-24,364.9809,367.8929,364.6573,366.0324
2020-12-25,364.0102,367.4076,363.9293,366.5987
2020-12-28,367.1650,369.8344,366.5987,369.8344
2020-12-29,371.5330,373.1508,369.8343,372.0992
2020-12-30,370.3196,371.3712,367.9738,368.9445
2021-01-04,369.0254,369.2681,362.3923,364.8191
2021-01-05,364.5764,365.7897,363.2012,364.5764
2021-01-06,365.6280,378.4896,365.3044,375.2540
2021-01-07,388.1966,391.1896,384.3138,388.2775
2021-01-08,390.7042,394.3443,387.2259,393.4545
2021-01-12,396.2857,401.7863,393.5354,399.8449
2021-01-13,397.7417,401.7054,396.6092,400.9774
2021-01-14,398.2271,410.6843,398.2271,405.3455
2021-01-15,411.1697,413.8391,402.7570,402.7570
2021-01-18,396.8519,401.7054,395.1532,397.3373
2021-01-19,398.1462,402.9997,397.6609,400.0876
2021-01-20,402.9188,403.6468,392.9691,396.1239
2021-01-21,397.1754,400.4111,392.3220,392.3220
2021-01-22,390.2188,390.7851,387.7921,390.7042
2021-01-25,389.7335,390.2189,385.7699,388.2775
2021-01-26,387.3877,388.4393,385.6890,386.0125
2021-01-27,388.2775,388.6011,384.4756,386.4170
2021-01-28,380.1884,386.6597,378.6515,386.4170
2021-01-29,388.1157,388.3584,379.5413,379.6221
2021-02-01,379.3795,386.2552,379.2986,384.4756
2021-02-02,385.6889,388.6010,383.5858,387.4685
2021-02-03,393.9399,403.8895,392.3220,402.8379
2021-02-04,404.4558,408.8239,402.5953,405.1838
2021-02-05,410.9270,413.5155,407.5296,408.5003
2021-02-08,411.7359,420.3103,411.5741,420.3103
2021-02-09,422.5754,425.7301,415.7805,418.2072
2021-02-10,415.9423,422.9798,412.3831,418.4499
2021-02-12,419.7442,428.1568,417.3983,427.5906
2021-02-15,435.1944,440.6950,434.5473,438.0256
2021-02-16,441.6657,460.1089,441.0186,454.4465
2021-02-17,457.8439,460.6751,452.1006,457.9247
2021-02-18,456.3878,460.2706,446.1955,447.7325
2021-02-19,443.3643,450.4019,442.6363,444.9013
2021-02-22,455.4172,460.9987,453.7993,455.6598
2021-02-24,463.2636,463.5062,452.9904,453.3948
2021-02-25,462.0502,462.4547,457.0350,459.5426
2021-02-26,455.4980,460.2706,450.6445,451.3725
2021-03-01,453.0713,456.3879,450.6446,454.6082
2021-03-02,456.8732,458.3293,450.0784,454.2038
2021-03-03,457.0349,457.8438,452.6668,457.8438
2021-03-04,460.5132,460.9986,452.5050,457.8438
2021-03-05,458.6528,459.0573,453.7185,457.0350
2021-03-08,463.7489,478.8756,462.2929,469.9775
2021-03-09,478.0667,482.3539,474.4266,478.6329
2021-03-10,473.2132,478.6330,471.9999,478.4712
2021-03-11,482.9201,485.1042,479.2800,479.9271
2021-03-12,481.0597,481.5450,474.0222,480.9788
2021-03-15,485.3469,503.0620,485.3469,500.7971
2021-03-16,497.4805,500.3925,493.8404,497.0760
2021-03-17,494.7302,500.3926,494.0022,497.7232
2021-03-18,501.4442,525.0644,500.7161,523.3657
2021-03-19,525.7925,533.3962,521.2626,533.3962
2021-03-22,528.6236,534.1241,525.9542,528.9471
2021-03-23,527.0867,528.6236,510.5040,511.7983
2021-03-24,495.6201,499.9882,485.5087,488.9870
2021-03-25,495.0538,503.0620,492.2226,501.1206
2021-03-26,513.0926,515.1149,506.2169,509.6952
2021-03-29,516.2474,517.1372,493.4361,500.3118
2021-03-30,495.9361,509.0630,492.0558,508.1549
2021-03-31,497.8349,501.1373,484.6254,488.5057
2021-04-01,495.2756,498.6605,489.1662,491.3127
2021-04-02,492.8813,495.6883,484.6253,489.1661
2021-04-05,490.2395,506.7514,489.5790,504.1095
2021-04-06,499.8990,500.7246,487.2674,493.7070
2021-04-07,492.4686,496.6791,489.1662,492.8814
2021-04-08,490.1570,490.4046,476.7823,480.4975
2021-04-09,479.5067,485.0382,478.6811,480.9928
2021-04-12,483.9649,487.0196,478.6811,481.4055
2021-04-13,483.7997,488.3405,483.5521,484.2125
2021-04-14,478.8462,483.2219,476.6171,481.9835
2021-04-15,491.2302,495.9361,487.1022,488.4232
2021-04-16,486.4416,489.7440,483.2218,487.3498
2021-04-19,485.8637,488.4230,483.3044,487.0196
2021-04-20,485.5336,486.8546,481.6533,482.9742
2021-04-21,471.4984,473.0671,466.6274,471.6635
2021-04-22,477.6078,478.2683,470.3426,470.9205
2021-04-23,468.9391,472.4892,468.8566,472.4066
2021-04-26,475.5438,477.3601,471.9937,472.6542
2021-04-27,472.9018,478.3508,471.2506,475.2135
2021-04-28,480.0846,485.2858,479.1764,481.9009
2021-04-30,485.8638,486.9371,477.1125,477.1950
2021-05-06,490.4871,501.3850,489.9918,497.1745
2021-05-07,502.6234,503.2838,497.1744,498.0826
2021-05-10,498.0827,502.8711,495.7710,501.8804
2021-05-11,500.8071,500.9722,490.8999,493.2942
2021-05-12,492.0557,492.7162,485.5334,491.9731
2021-05-13,488.5057,502.5408,486.8545,494.6977
2021-05-14,501.9629,503.6141,497.7524,501.7153
2021-05-17,503.6967,506.9991,498.0826,505.6781
2021-05-18,515.9980,521.1992,511.6223,517.3189
2021-05-19,515.0900,530.0332,513.8516,523.7587
2021-05-20,523.4284,524.0889,518.0621,521.6947
2021-05-21,513.4388,513.6864,507.8247,512.2829
2021-05-24,512.6956,523.9237,512.5304,520.2911
2021-05-25,520.1261,522.6029,517.8970,522.6029
2021-05-26,516.7411,517.8144,513.8515,516.2457
2021-05-27,515.5852,518.6400,509.2281,511.3747
2021-05-28,518.4749,521.6121,515.0900,521.1993
2021-05-31,517.8144,519.7958,511.8701,511.8701
2021-06-01,514.3469,516.4109,510.3014,516.2457
2021-06-02,520.1260,526.1529,517.5667,523.1807
2021-06-03,519.7959,524.6669,518.8877,523.5110
2021-06-04,526.7309,528.3821,522.3553,525.4100
2021-06-07,523.0156,523.6761,518.4748,519.3004
2021-06-08,520.5388,523.9237,519.0527,523.5935
2021-06-09,520.3737,520.7865,513.9340,515.1724
2021-06-10,509.4757,515.1724,507.2467,513.7689
2021-06-11,508.8154,511.2096,501.3850,504.2746
2021-06-14,501.9629,503.5315,497.6697,499.2384
2021-06-15,497.8349,503.2013,496.3489,502.6234
2021-06-16,501.4676,506.3386,500.6420,504.2746
2021-06-17,517.3190,520.8691,509.4758,510.2189
2021-06-18,497.8351,500.6421,495.9362,497.5048
2021-06-21,485.2033,487.5150,480.4974,483.9649
2021-06-22,495.3582,502.1281,493.9547,499.7339
2021-06-23,497.0094,498.9908,494.1198,496.1838
2021-06-24,496.8442,500.6420,496.5140,498.2477
2021-06-25,501.9630,503.2014,499.9815,501.8804
2021-06-28,506.3385,507.9897,503.2838,504.3571
2021-06-29,497.9174,499.2384,495.5232,496.6790
2021-06-30,499.6512,500.1466,495.4407,495.4407
2021-07-01,498.4128,498.7430,494.0371,495.2755
2021-07-02,497.0094,501.7978,495.6059,501.2199
2021-07-05,496.8443,497.8350,494.7803,496.1013
2021-07-06,497.3396,500.6420,495.6884,498.4954
2021-07-07,490.6523,491.0651,487.9278,488.5883
2021-07-08,487.1021,489.0836,484.3777,484.3777
2021-07-09,478.0206,486.1940,476.0391,484.4602
2021-07-12,493.7069,494.1197,489.0010,489.6615
2021-07-13,495.3582,497.0919,493.1291,497.0094
2021-07-14,490.5697,494.2849,489.0837,492.7163
2021-07-15,488.7533,490.4045,485.8637,486.7719
2021-07-16,485.2858,489.8266,483.8823,486.7719
2021-07-19,479.7543,481.4055,476.7822,478.7636
2021-07-20,471.4159,471.7461,465.9670,469.2693
2021-07-21,475.5438,478.7637,471.4159,471.4159
2021-07-26,479.0113,481.3230,477.1950,478.8462
2021-07-27,482.1486,487.5975,481.5707,486.1941
2021-07-28,482.0660,486.1940,481.9834,484.7079
2021-07-29,485.6161,486.4417,481.3230,482.7265
2021-07-30,482.3137,483.5521,477.6078,477.6078
2021-08-02,481.3230,485.9463,478.8462,485.2033
2021-08-03,481.3230,482.1486,476.2043,479.0114
2021-08-04,480.0846,480.9928,478.0206,478.1858
2021-08-05,479.6718,480.4974,477.6078,478.7636
2021-08-06,479.0114,482.9742,478.6811,482.3138
2021-08-10,488.7534,494.9453,487.8452,489.6615
2021-08-11,497.6698,508.4025,497.6698,505.7606
2021-08-12,513.8516,514.0167,505.9258,506.9991
2021-08-13,509.4758,510.2189,503.7792,504.0269
2021-08-16,499.4862,499.9816,493.9547,496.0187
2021-08-17,498.0001,499.6513,493.7895,494.3674
2021-08-18,494.1197,497.9174,491.6429,496.5965
2021-08-19,494.4500,495.1930,488.2580,488.2580
2021-08-20,487.9279,490.6523,483.9650,486.6069
2021-08-23,485.6161,491.7255,484.2125,489.7440
2021-08-24,488.8359,489.4964,486.3591,488.2580
2021-08-25,490.3220,491.6429,487.2673,487.6801
2021-08-26,492.5512,493.0465,488.9186,491.8907
2021-08-27,488.5057,490.4046,487.3499,488.5883
2021-08-30,489.5789,491.6429,486.9370,487.3498
2021-08-31,486.1115,492.8814,484.5429,490.7348
2021-09-01,492.1383,501.5501,491.8906,501.5501
2021-09-02,497.8350,499.8164,494.5326,496.1838
2021-09-03,496.1838,502.5409,495.3582,502.4583
2021-09-06,507.8247,510.7142,506.5863,507.3293
2021-09-07,511.8701,513.9341,506.9165,511.1270
2021-09-08,513.1085,525.4099,511.4573,522.8505
2021-09-09,519.6307,521.9424,515.1725,515.2550
2021-09-10,513.7690,525.2448,513.6865,522.0250
2021-09-13,518.1446,525.4099,517.1540,524.9971
2021-09-14,528.2995,533.9136,526.5657,533.9136
2021-09-15,530.7763,531.1066,526.8960,527.9693
2021-09-16,531.5192,531.7669,521.9423,523.4284
2021-09-17,526.4832,530.1158,524.5018,530.1158
2021-09-21,515.9981,524.0064,515.9981,522.1901
2021-09-22,531.6018,535.7298,528.2994,529.6204
2021-09-24,546.1323,551.8289,542.5822,551.7463
2021-09-27,562.2314,563.7175,556.0394,558.5162
2021-09-28,565.6990,568.7537,560.7454,568.5886
2021-09-29,571.4517,571.4517,560.5886,565.3886
2021-09-30,562.6096,568.4201,553.6833,554.0201
2021-10-01,545.5991,551.2412,536.9254,538.9465
2021-10-04,542.9043,545.6833,529.6833,532.3781
2021-10-05,531.5360,535.9992,526.5676,534.4834
2021-10-06,545.3465,558.6518,541.7255,555.7886
2021-10-07,553.1782,554.3571,544.9255,548.0413
2021-10-08,550.9045,550.9887,545.3466,548.0413
2021-10-11,552.2518,561.1781,551.1570,558.9886
2021-10-12,554.9465,558.7359,554.7780,556.6307
2021-10-13,556.6307,557.4728,549.4728,551.9149
2021-10-14,544.0833,548.1255,541.5570,546.5255
2021-10-15,550.2307,553.3464,545.6833,553.3464
2021-10-18,556.9677,558.7361,554.1045,556.1255
2021-10-19,553.5993,555.7045,549.6414,551.8308
2021-10-20,555.7887,566.1466,555.2834,559.1571
2021-10-21,559.4939,560.5886,550.9886,551.4097
2021-10-22,553.2623,554.9465,548.6308,549.6413
2021-10-25,547.1992,548.8834,541.5571,541.7255
2021-10-26,542.4834,543.9992,538.9466,539.1150
2021-10-27,538.1043,538.9465,533.5570,538.1885
2021-10-28,530.6097,531.7045,525.3045,528.0834
2021-10-29,528.4203,529.7676,520.3361,524.2098
2021-11-01,531.7886,539.0307,528.9255,539.0307
2021-11-02,535.8308,540.2939,535.3255,539.1150
2021-11-04,547.3676,550.1465,544.2518,544.9255
2021-11-05,536.5045,537.4308,534.2308,536.2518
2021-11-08,537.5150,540.2939,535.9150,537.2623
2021-11-09,543.1571,543.5781,530.5255,530.5255
2021-11-10,531.7887,534.3992,529.6834,530.5255
2021-11-11,534.8202,538.0202,532.1255,534.5676
2021-11-12,538.1044,541.4728,536.7571,541.1360
2021-11-15,548.3781,550.2308,542.1465,543.3255
2021-11-16,548.9676,552.2517,543.7465,546.0202
2021-11-17,547.2833,548.1254,537.3465,537.7675
2021-11-18,535.8307,535.9992,527.1571,534.4834
2021-11-19,534.7360,536.7571,531.6202,536.5887
2021-11-22,530.6940,531.3677,526.3151,529.9361
2021-11-24,537.2623,540.2938,532.0412,533.8939
2021-11-25,530.7781,536.6729,530.6940,534.6519
2021-11-26,531.6202,532.1255,523.8728,524.6307
2021-11-29,510.3992,517.8098,508.6308,513.7676
2021-11-30,516.2097,522.2729,506.4413,506.4413
2021-12-01,507.0307,515.2834,506.9465,514.4413
2021-12-02,509.2202,517.8097,508.2097,517.0518
2021-12-03,515.6202,525.6413,514.6097,524.7992
2021-12-06,520.7570,524.3781,517.8939,524.2938
2021-12-07,527.2412,534.8201,524.7149,534.8201
2021-12-08,539.7887,541.9781,533.3887,534.3150
2021-12-09,531.1991,533.2202,529.6833,530.6938
2021-12-10,532.2097,532.9676,527.4097,527.9992
2021-12-13,529.0939,532.9676,526.8202,528.8412
2021-12-14,527.1571,531.1992,526.8202,530.5255
2021-12-15,531.5361,537.2624,531.5361,536.5887
2021-12-16,538.9464,542.9043,538.5254,542.5674
2021-12-17,541.8939,543.6623,535.6623,536.5044
2021-12-20,528.8413,529.8519,518.3150,519.9150
2021-12-21,525.7255,528.1676,523.1150,524.6307
2021-12-22,526.9045,527.1571,523.0307,525.0518
2021-12-23,526.3149,530.0202,525.1360,530.0202
2021-12-24,529.5992,530.6939,524.8834,525.7255
2021-12-27,525.4727,527.4096,522.2727,522.6096
2021-12-28,525.4728,526.3149,523.6202,526.3149
2021-12-29,527.1571,529.5149,525.0518,526.8202
2021-12-30,526.8202,528.4202,524.4623,526.2308
2022-01-04,533.9781,544.6728,530.6097,544.5886
2022-01-05,552.4203,559.7466,548.2097,558.9045
2022-01-06,561.6833,563.7044,552.7570,558.3149
2022-01-07,563.3674,584.5885,562.9464,577.5148
2022-01-11,584.1676,590.6518,570.2729,590.6518
2022-01-12,591.1570,596.2097,586.2728,592.8412
2022-01-13,591.9990,601.5990,589.5569,601.4306
2022-01-14,598.7359,598.9886,590.7360,596.0412
2022-01-17,598.0622,610.1043,598.0622,602.5253
2022-01-18,606.3148,611.1990,581.4727,592.7570
2022-01-19,584.0832,591.9149,579.3675,581.6412
2022-01-20,577.6834,585.1781,573.0518,576.2518
2022-01-21,570.8622,571.6201,558.9043,568.1675
2022-01-24,566.6517,580.7990,566.1464,577.5148
2022-01-25,569.0938,570.9464,562.6938,567.2411
2022-01-26,572.7148,579.0306,571.6201,574.3990
2022-01-27,582.8202,588.7991,567.6623,574.3149
2022-01-28,582.7358,590.6516,579.0306,589.9779
2022-01-31,581.1359,584.5043,576.9254,581.9780
2022-02-01,581.8937,590.6516,580.7989,588.2936
2022-02-02,595.1148,605.4727,594.4412,605.4727
2022-02-03,602.1885,606.8201,596.7148,605.7253
2022-02-04,610.5254,612.7148,606.0622,611.1149
2022-02-07,613.4727,625.8516,608.9253,623.4095
2022-02-08,625.9358,635.7042,624.0831,632.9252
2022-02-09,640.8411,648.6727,628.6306,633.5991
2022-02-10,627.7885,636.0411,620.0412,628.2938
2022-02-14,624.5885,634.8622,621.8095,634.6937
2022-02-15,633.2622,635.3674,615.9990,618.1885
2022-02-16,633.0937,634.0200,622.9043,628.0411
2022-02-17,627.9569,628.3780,620.8832,622.1464
2022-02-18,614.3990,616.7569,609.0937,611.6201
2022-02-21,607.5781,623.9149,607.2412,622.3991
2022-02-22,613.0516,616.8411,606.9043,614.7358
2022-02-24,623.1570,623.4096,601.3465,608.5886
2022-02-25,598.8201,602.3569,593.2622,595.7043
2022-02-28,583.8307,600.2517,583.5781,600.2517
2022-03-01,597.6412,603.1148,589.7254,590.1464
2022-03-02,572.6307,581.6412,571.0307,573.8939
2022-03-03,590.7360,599.4939,587.7886,597.3044
2022-03-04,592.2517,595.8728,584.6728,585.8517
2022-03-07,575.7465,579.5360,566.1465,571.7044
2022-03-08,559.9992,566.5676,551.7466,553.0098
2022-03-09,556.2939,575.4939,555.8728,568.2518
2022-03-10,586.5254,594.4412,585.7675,589.6412
2022-03-11,585.2622,595.0306,583.9991,592.7570
2022-03-14,597.8938,615.9990,597.8938,609.4306
2022-03-15,614.9043,621.0517,610.6938,618.6938
2022-03-16,617.0095,625.0937,614.7358,623.1569
2022-03-17,631.5780,642.5254,631.4938,639.2411
2022-03-18,633.5148,640.9253,633.5148,640.9253
2022-03-22,646.7358,677.0516,646.5674,677.0516
2022-03-23,686.3147,697.5147,678.8200,679.2410
2022-03-24,666.6094,673.8515,664.9252,672.7568
2022-03-25,673.6831,675.3673,667.1989,669.6410
2022-03-28,676.7989,678.3147,657.8516,663.7463
2022-03-29,665.2622,670.6517,659.1990,670.1464
2022-03-30,669.0313,675.9789,659.4246,665.4288
2022-03-31,655.1360,665.2573,651.8767,652.1340
2022-04-01,645.4436,664.4853,644.4143,661.0543
2022-04-04,656.1653,660.0251,653.4205,659.0816
2022-04-05,658.2239,658.9958,643.4709,645.7867
2022-04-06,647.6737,653.9352,645.1863,646.8160
2022-04-07,643.2993,644.9290,631.0337,636.5232
2022-04-08,639.0106,641.6696,631.3768,635.4940
2022-04-11,638.1528,651.5334,637.8097,651.5334
2022-04-12,651.1904,660.2824,645.2721,649.5607
2022-04-13,645.7868,646.0441,633.8643,640.4689
2022-04-14,640.4688,645.0148,637.9814,642.7847
2022-04-15,640.7261,650.1612,640.2115,645.1005
2022-04-18,639.0106,646.3014,636.7806,645.1005
2022-04-19,653.5920,654.1067,644.8432,647.8452
2022-04-20,652.7344,664.2280,652.3913,664.2280
2022-04-21,666.4581,673.7488,661.8263,664.3138
2022-04-22,660.5398,662.1695,652.8202,656.0796
2022-04-25,643.2136,647.7595,642.5273,644.2428
2022-04-26,639.6111,645.6152,636.1801,638.3245
2022-04-27,629.5756,634.2074,626.4020,631.8915
2022-04-28,631.9773,647.6738,630.7765,646.9876
2022-05-02,644.9290,650.4185,641.1550,648.6172
2022-05-06,659.5961,669.8031,657.2802,668.6023
2022-05-09,668.2593,668.9455,653.1632,654.3641
2022-05-10,650.6758,651.8767,639.6968,643.4709
2022-05-11,639.8684,640.3830,624.9438,624.9438
2022-05-12,630.4333,633.7785,624.9438,625.6301
2022-05-13,624.4291,626.9166,619.2827,626.8307
2022-05-16,634.7220,636.4374,622.3706,625.2012
2022-05-17,633.0065,634.1216,615.1657,615.0799
2022-05-18,622.3707,624.3435,616.1951,623.5715
2022-05-19,610.7055,615.5088,607.4461,613.7076
2022-05-20,621.3414,622.7995,611.6490,622.5422
2022-05-23,622.9709,630.2617,622.1990,629.4897
2022-05-24,636.6948,643.2994,633.4355,633.8643
2022-05-25,630.4333,637.8956,628.8036,629.0610
2022-05-26,634.1216,637.9814,633.8642,635.4940
2022-05-27,639.4394,640.0399,630.8621,633.6926
2022-05-30,631.2911,635.4940,628.2890,633.2639
2022-05-31,628.7178,632.9207,623.1426,625.8873
2022-06-01,630.4333,641.7554,630.4333,639.5253
2022-06-02,636.7806,640.5545,633.0923,635.4940
2022-06-03,637.0379,638.9249,631.8057,634.4647
2022-06-06,633.4353,634.5504,630.4333,633.6926
2022-06-07,640.2115,648.8746,639.6111,642.7847
2022-06-08,635.5797,637.2951,631.3768,636.8663
2022-06-09,636.2659,647.8453,635.6655,641.4981
2022-06-10,640.7261,643.4708,636.7805,639.0106
2022-06-13,628.7179,632.4061,626.3162,631.2053
2022-06-14,628.2889,635.1508,626.3162,628.3747
2022-06-15,628.8036,639.7826,628.5463,634.8935
2022-06-16,634.0358,644.1570,633.2638,640.9834
2022-06-17,634.2074,635.9228,623.6572,627.0881
2022-06-20,627.7743,634.1215,621.9417,626.8307
2022-06-21,631.8057,646.5587,629.6614,644.3286
2022-06-22,648.4457,648.4457,641.2408,642.6132
2022-06-23,642.4416,649.9039,641.4981,643.7282
2022-06-24,634.5504,635.1508,629.3183,631.6342
2022-06-27,637.2952,640.8119,629.4040,631.1195
2022-06-28,633.7785,637.1236,631.8915,635.4081
2022-06-29,634.1215,640.7261,632.0630,635.9228
2022-06-30,630.9480,631.6342,622.4564,625.6301
2022-07-01,624.1718,629.9186,621.8559,624.4291
2022-07-04,626.1446,630.3475,624.8580,630.2617
2022-07-05,634.1215,637.6383,632.0630,637.2952
2022-07-06,626.1446,628.6321,607.4461,608.9900
2022-07-07,611.5632,613.5360,603.4148,612.1636
2022-07-08,612.9355,624.6007,611.9063,621.5128
2022-07-11,629.9187,634.4647,625.4585,634.2932
2022-07-12,632.1488,633.0065,623.2283,625.3727
2022-07-13,625.3726,628.7178,622.7137,627.6028
2022-07-14,619.6260,620.3121,615.4230,616.5381
2022-07-15,608.9900,610.4481,597.4963,601.0988
2022-07-19,608.5612,615.3373,606.1595,615.2515
2022-07-20,624.6006,625.8014,617.9961,623.9144
2022-07-21,617.6530,626.8308,617.0526,623.1425
2022-07-22,620.9983,627.6029,618.9398,627.5171
2022-07-25,622.7137,632.5776,622.4564,631.0337
2022-07-26,632.9207,639.9540,632.5776,634.3788
2022-07-27,634.3789,640.2972,632.5777,639.5253
2022-07-28,641.3265,641.3265,634.5504,638.5817
2022-07-29,636.7806,641.4981,633.6069,639.3538
2022-08-01,639.4394,642.8703,636.6089,642.4415
2022-08-02,637.2952,637.3809,629.1467,630.8622
2022-08-03,627.0881,627.8601,616.0234,619.4543
2022-08-04,614.1364,615.5088,606.5884,608.3038
2022-08-05,599.5549,607.1888,597.8395,606.7599
2022-08-08,611.5632,619.5401,611.1344,619.1971
2022-08-09,609.5046,612.0778,606.5026,608.3038
2022-08-10,613.1070,614.4794,610.3623,611.9920
2022-08-12,616.9669,624.3434,615.5945,623.6572
2022-08-15,621.7702,624.0860,618.5108,622.9710
2022-08-16,625.2869,626.0589,621.0840,622.1133
2022-08-17,625.9731,630.6049,624.2576,629.8329
2022-08-18,629.4899,629.4899,622.9711,624.0004
2022-08-19,627.3454,627.3454,620.6551,624.4291
2022-08-22,624.6866,628.2033,624.0862,628.2033
2022-08-23,624.6865,624.9438,619.5401,620.2263
2022-08-24,621.8559,626.9165,621.2555,624.5148
2022-08-25,624.1720,629.0610,624.1720,627.4313
2022-08-26,627.0023,629.3182,625.8015,627.8600
2022-08-29,618.5966,623.7430,616.0234,621.9417
2022-08-30,624.4292,626.1446,622.9710,624.6865
2022-08-31,618.9396,624.4291,618.5107,618.5107
2022-09-01,619.2827,621.4271,613.7932,613.8790
2022-09-02,614.4795,615.9377,610.8771,615.4230
2022-09-05,617.9105,621.2556,615.9376,616.0234
2022-09-06,616.7096,619.7117,614.3937,616.1092
2022-09-07,616.1092,622.7137,608.9900,610.2766
2022-09-08,614.9941,623.1426,614.4795,622.9710
2022-09-09,618.5108,625.4585,617.6531,624.2576
2022-09-12,626.1446,626.7451,620.3121,622.1133
2022-09-13,623.1426,624.0861,620.6552,624.0004
2022-09-14,616.0234,624.0003,615.4230,622.1133
2022-09-15,620.6551,622.3706,618.0819,620.6551
2022-09-16,621.8559,628.6320,620.3120,627.2596
2022-09-20,631.1195,632.4919,627.4313,629.4041
2022-09-21,630.3476,636.7805,627.7744,627.7744
2022-09-22,625.7159,626.9167,619.3686,620.5695
2022-09-26,614.1364,614.3080,589.0048,589.4337
2022-09-27,592.0068,601.9565,591.2349,594.0654
2022-09-28,588.4045,588.6618,578.0260,586.0029
2022-09-29,588.4619,593.8195,580.9964,587.8471
2022-09-30,581.6113,585.5636,568.8759,572.2134
2022-10-03,563.4304,569.1393,555.6135,569.1393
2022-10-04,580.7329,588.1106,580.5573,586.8810
2022-10-05,590.1307,593.5561,582.4895,584.4218
2022-10-06,584.7731,589.8672,584.4218,586.4419
2022-10-07,577.2198,577.6590,569.5786,573.2675
2022-10-11,565.8019,571.9501,564.6602,570.9839
2022-10-12,570.9838,572.2134,567.1193,567.6462
2022-10-13,568.3489,569.0516,564.7479,567.3828
2022-10-14,578.7128,583.1043,575.6388,578.9763
2022-10-17,587.7593,598.1233,586.7054,593.1169
2022-10-18,601.5488,604.8863,596.7181,598.9139
2022-10-19,598.9138,604.8862,597.3328,604.8862
2022-10-20,604.1836,609.8926,603.0418,608.6630
2022-10-21,604.2714,613.2301,603.3931,610.6830
2022-10-24,619.2026,621.5740,614.2841,619.4661
2022-10-25,625.3507,630.4448,623.0671,623.6819
2022-10-26,624.9116,629.3031,623.0672,623.0672
2022-10-27,623.1549,623.6819,606.9063,606.9941
2022-10-28,612.1761,613.9327,603.8322,603.8322
2022-10-31,609.8926,615.2502,608.0481,614.3719
2022-11-01,619.5539,621.1349,615.8651,617.7095
2022-11-02,616.5677,621.3105,615.3381,616.8312
2022-11-04,614.5477,622.6281,614.0207,616.5677
2022-11-07,621.8374,622.7157,617.7094,618.1486
2022-11-08,621.2227,627.1073,619.1148,624.2968
2022-11-09,623.5941,625.8777,620.4323,622.2767
2022-11-10,621.2227,624.7359,620.4323,624.2090
2022-11-11,627.9856,629.2153,620.1687,624.2968
2022-11-14,624.2967,624.6481,616.8312,617.7095
2022-11-15,623.6818,634.7484,622.1009,634.5728
2022-11-16,632.1136,633.9580,626.7559,631.9379
2022-11-17,628.8639,632.5527,628.6882,630.3570
2022-11-18,631.4987,635.8024,626.4046,626.4046
2022-11-21,627.9856,632.4649,627.6343,632.1136
2022-11-22,633.6946,648.2743,633.5189,645.9908
2022-11-24,651.6997,664.3473,650.9092,659.7801
2022-11-25,654.3347,666.3674,652.7538,666.3674
2022-11-28,672.4276,674.2720,654.1589,660.3949
2022-11-29,663.4689,671.3736,657.4964,671.3736
2022-11-30,669.5293,671.7250,661.4489,663.2055
2022-12-01,671.9005,672.2519,656.7059,656.9694
2022-12-02,653.4564,655.8278,645.1125,648.8014
2022-12-05,647.3082,651.7875,644.8489,651.6119
2022-12-06,651.6997,659.9557,651.3483,657.4086
2022-12-07,657.0574,666.0161,654.5981,663.8203
2022-12-08,658.7262,659.8680,646.6934,656.4426
2022-12-09,656.5303,667.2456,656.4425,662.9419
2022-12-12,661.0976,667.2457,659.3410,663.5568
2022-12-13,665.4890,668.8266,663.2933,665.7525
2022-12-14,660.8341,665.4012,659.6922,665.4012
2022-12-15,664.9621,670.5833,664.5229,669.0023
2022-12-16,669.2658,679.8054,666.8066,668.5632
2022-12-19,673.1303,685.7779,672.7790,678.2245
2022-12-20,678.2245,743.4823,676.5557,718.8021
2022-12-21,755.3392,783.8840,745.5901,746.9954
2022-12-22,750.9479,763.6832,743.7458,763.6832
2022-12-23,768.5138,788.7148,767.9869,788.7148
2022-12-26,777.2969,782.9180,771.2366,773.8715
2022-12-27,778.8777,790.4713,776.5063,788.5390
2022-12-28,790.4713,800.8353,786.0798,788.2756
2022-12-29,790.2957,790.3835,766.1424,774.2228
2022-12-30,765.7911,786.9581,759.8186,780.8100
2023-01-04,785.2015,815.9421,784.7624,813.4828
2023-01-05,819.5431,820.3336,796.6195,801.0110
2023-01-06,801.8015,808.3009,785.6407,792.5793
2023-01-10,786.0799,789.2418,775.8038,784.5868
2023-01-11,790.4714,797.9370,786.6068,797.4978
2023-01-12,791.8766,837.5483,791.8766,837.5483
2023-01-13,838.7780,874.6127,833.5082,858.1884
2023-01-16,871.3629,871.4508,832.2785,833.5081
2023-01-17,837.0213,850.7228,821.3875,834.9133
2023-01-18,831.5758,835.0012,792.4036,828.3260
2023-01-19,827.6234,840.6223,812.9558,813.3071
2023-01-20,813.3071,826.3060,803.2945,823.4954
2023-01-23,820.2457,836.1430,816.1177,822.7928
2023-01-24,827.3601,844.8383,824.7252,843.4330
2023-01-25,841.7643,848.7907,839.5685,845.1018
2023-01-26,849.3175,853.2699,832.9811,836.1430
2023-01-27,843.1695,860.5598,836.5822,858.9789
2023-01-30,855.4657,861.6138,850.5472,860.7355
2023-01-31,862.4042,862.9312,835.7038,836.7578
2023-02-01,841.4129,849.1419,833.0690,833.0690
2023-02-02,831.7516,832.1907,817.7865,821.7389
2023-02-03,816.8204,834.3864,809.4426,815.5029
2023-02-06,811.9898,817.4353,787.1338,798.3761
2023-02-07,808.0374,831.1367,798.8152,823.9346
2023-02-08,822.9685,832.4541,819.6309,828.5018
2023-02-09,824.8129,837.8996,823.6711,829.9071
2023-02-10,837.6362,853.9726,835.3526,841.2372
2023-02-13,847.5610,863.3704,840.7102,848.7028
2023-02-14,851.9524,859.2423,851.4254,854.2360
2023-02-15,860.7354,868.2010,854.2360,861.7015
2023-02-16,864.1609,866.1810,853.7091,856.2562
2023-02-17,859.4181,864.8636,857.3980,861.6138
2023-02-20,863.4582,877.8624,861.7895,876.8084
2023-02-21,876.5449,876.8084,862.5799,863.5461
2023-02-22,868.3767,868.9915,852.4794,856.5197
2023-02-24,855.4656,861.7894,837.8996,845.8043
2023-02-27,851.5134,858.8912,848.2637,848.2637
2023-02-28,853.7090,856.6953,844.1355,847.6487
2023-03-01,845.5409,845.8044,831.3124,839.1293
2023-03-02,840.9737,849.3176,827.5357,830.6097
2023-03-03,835.7039,844.0477,833.4203,843.1694
2023-03-06,850.1958,860.4720,849.5810,854.1482
2023-03-07,857.2223,863.4582,851.6011,863.4582
2023-03-08,865.1270,867.6741,856.9588,861.5260
2023-03-09,861.5259,875.4031,859.5936,872.6803
2023-03-10,856.7831,858.6275,819.1918,819.1918
2023-03-13,797.8491,812.7803,779.9318,790.7349
2023-03-14,730.9225,752.4409,722.4908,722.8421
2023-03-15,759.9943,764.8249,744.2727,756.6567
2023-03-16,708.7893,738.4759,707.0327,735.6653
2023-03-17,744.5363,750.4209,731.0983,738.5638
2023-03-20,736.8950,753.9340,722.1395,724.9501
2023-03-22,748.3129,760.7848,743.0431,747.2589
2023-03-23,731.1860,741.5499,727.2336,737.0706
2023-03-24,728.9903,734.1723,725.5649,728.9903
2023-03-27,728.9902,729.6050,717.1331,725.1257
2023-03-28,738.3003,745.9415,732.9427,737.4220
2023-03-29,730.8347,742.1648,730.7469,741.2865
2023-03-30,747.5534,752.9251,740.4807,740.8389
2023-03-31,754.2680,765.7275,748.8963,759.1025
2023-04-03,756.5956,772.8896,756.5061,770.8305
2023-04-04,768.1448,773.3373,765.8171,773.1583
2023-04-05,760.0873,763.5789,750.6869,752.9251
2023-04-06,750.5078,752.0298,743.7933,746.3896
2023-04-07,755.1632,762.5045,752.6565,756.9538
2023-04-10,762.4150,768.5029,760.0873,762.4150
2023-04-11,762.5045,769.3085,754.8946,763.7578
2023-04-12,767.9656,770.2038,760.8035,765.3694
2023-04-13,759.2814,761.8778,754.3574,761.6092
2023-04-14,765.3694,766.5333,758.2967,759.1920
2023-04-17,770.5620,779.7833,767.1599,778.7089
2023-04-18,787.8408,791.0637,781.6633,786.1397
2023-04-19,784.7072,796.5248,784.4386,796.5248
2023-04-20,795.5400,800.8221,787.5721,793.5704
2023-04-21,784.3491,785.5130,775.3069,775.9336
2023-04-24,778.4402,778.7088,766.8017,767.2493
2023-04-25,771.8153,776.3813,767.3390,769.1295
2023-04-26,758.0281,760.2663,749.6125,754.8947
2023-04-27,760.0872,770.0247,757.8490,770.0247
2023-04-28,774.6803,790.7952,745.0467,763.5789
2023-05-01,771.2783,778.2614,767.3391,778.2614
2023-05-02,775.0383,776.5602,764.6531,772.2629
2023-05-08,767.3389,769.7562,758.3862,759.4605
2023-05-09,763.5788,772.7106,756.0585,772.7106
2023-05-10,774.5011,779.6042,770.2038,772.6210
2023-05-11,768.1447,779.6042,766.9809,779.0671
2023-05-12,778.8880,778.8880,770.1143,777.5451
2023-05-15,780.7681,792.2276,780.6785,792.2276
2023-05-16,814.6990,815.7733,804.4033,814.2513
2023-05-17,815.7733,834.6635,815.2361,831.9777
2023-05-18,850.4204,854.0910,843.7058,846.6602
2023-05-19,843.2582,846.7497,827.4119,829.8291
2023-05-22,834.3950,840.3933,824.9946,826.7852
2023-05-23,835.3798,837.4390,820.6078,824.7261
2023-05-24,827.4118,836.3646,827.2328,832.6939
2023-05-25,826.3375,826.8746,817.0266,817.0266
2023-05-26,817.0266,819.8915,810.3121,811.5655
2023-05-29,824.9945,832.2462,820.5181,830.8138
2023-05-30,841.5572,841.5572,831.3511,836.0961
2023-05-31,836.1855,848.4508,833.2311,834.8426
2023-06-01,832.6044,865.1924,829.3815,862.9542
2023-06-02,866.6249,868.2363,857.4930,867.7887
2023-06-05,881.9339,884.5302,868.9524,873.0707
2023-06-06,863.9390,868.3259,854.2701,867.7887
2023-06-07,871.9965,879.8749,856.5083,857.2245
2023-06-08,868.2362,874.2346,856.5977,859.1044
2023-06-09,867.2515,870.7430,859.6417,866.5353
2023-06-12,868.4153,868.6839,857.2244,860.3578
2023-06-13,863.9390,869.3106,859.5521,862.3275
2023-06-14,874.0555,884.7093,873.7869,884.7093
2023-06-15,885.4256,902.8834,877.0100,886.2313
2023-06-16,890.7972,897.5117,869.4897,882.5607
2023-06-19,891.6925,895.0050,881.2177,887.1266
2023-06-20,887.2162,887.2162,874.0557,880.0540
2023-06-21,881.8444,891.5134,878.1738,891.5134
2023-06-22,899.7499,928.3987,899.3023,925.2652
2023-06-23,930.1892,931.9797,897.0641,910.4932
2023-06-26,900.6452,906.0168,891.3343,901.0928
2023-06-27,908.2550,914.0743,900.6452,911.8361
2023-06-28,915.8649,929.7416,912.7314,925.7129
2023-06-29,932.8751,964.2096,932.8751,954.8093
2023-06-30,953.0187,959.2856,945.8565,953.4663
2023-07-03,958.8380,972.2671,951.6758,971.8195
2023-07-04,979.8770,998.2301,972.2671,994.6490
2023-07-05,989.7248,997.3346,978.0862,981.2197
2023-07-06,978.5340,982.1151,961.0762,962.8668
2023-07-07,953.9140,961.0761,943.1707,946.7518
2023-07-10,952.5710,960.6285,939.1419,947.1994
2023-07-11,955.2569,955.2569,938.2467,941.8278
2023-07-12,957.0474,970.4765,944.0660,957.4951
2023-07-13,957.4950,960.6285,945.4088,950.7805
2023-07-14,952.5710,954.3616,941.3801,947.1994
2023-07-18,947.6472,978.0865,945.4090,969.5814
2023-07-19,980.3245,981.2198,963.3143,971.3718
2023-07-20,967.3431,975.4005,956.5998,958.8380
2023-07-21,966.0002,966.4478,952.5711,961.9714
2023-07-24,935.1132,950.3328,930.1892,942.7230
2023-07-25,942.7230,960.6285,942.7230,958.8380
2023-07-26,955.2568,960.6285,949.8852,956.5997
2023-07-27,954.8093,967.7908,953.0188,966.0002
2023-07-28,986.1438,1019.7166,964.2096,1017.0308
2023-07-31,1030.4598,1041.2030,1008.0779,1025.9834
2023-08-01,1018.8213,1023.2976,1007.1827,1014.3449
2023-08-02,1019.2689,1028.6693,1003.1540,1009.8685
2023-08-03,1018.8212,1023.2976,1003.6016,1006.7350
2023-08-04,1013.4497,1024.6406,1009.4210,1024.6406
2023-08-07,1020.6118,1023.7453,1012.5544,1014.7925
2023-08-08,1020.6118,1026.4311,1010.7638,1011.2114
2023-08-09,1004.4970,1004.4970,970.9242,980.3246
2023-08-10,988.3821,1006.7352,983.9057,1004.0494
2023-08-14,1007.1826,1007.1826,991.0677,993.7535
2023-08-15,1000.4683,1004.4970,997.3348,1004.0494
2023-08-16,981.2197,986.1437,974.0575,974.5051
2023-08-17,966.8955,984.3533,955.2569,983.9057
2023-08-18,974.0576,982.5627,970.9242,979.8769
2023-08-21,975.4005,985.6962,974.0576,978.9816
2023-08-22,988.3821,1011.6592,986.5915,1010.3163
2023-08-23,998.2301,1010.7639,994.6490,1010.7639
2023-08-24,1011.6592,1022.4025,1008.5257,1021.5072
2023-08-25,1009.8685,1020.6118,1006.7351,1017.4783
2023-08-28,1021.9547,1036.2791,1021.5071,1034.4885
2023-08-29,1040.3078,1048.3653,1030.0122,1034.4885
2023-08-30,1040.3079,1048.8130,1040.3079,1045.2319
2023-08-31,1039.8601,1048.8128,1037.1743,1041.6506
2023-09-01,1038.0698,1063.5851,1035.8316,1059.1088
2023-09-04,1068.0613,1087.3097,1067.1660,1087.3097
2023-09-05,1105.6629,1107.4534,1077.4618,1089.9956
2023-09-06,1095.3672,1109.6916,1093.5767,1101.1865
2023-09-07,1101.6339,1107.9008,1095.3670,1099.3958
2023-09-08,1086.4146,1101.6342,1079.7000,1085.0717
2023-09-11,1105.6628,1132.0734,1104.7675,1131.6257
2023-09-12,1143.7119,1144.1596,1125.3588,1143.2643
2023-09-13,1151.3217,1189.8185,1147.7406,1179.0752
2023-09-14,1192.5043,1196.0854,1176.3894,1181.3134
2023-09-15,1190.7138,1198.3236,1145.9501,1156.2457
2023-09-19,1157.5888,1187.1328,1157.5888,1185.7899
2023-09-20,1191.1614,1192.9520,1162.0650,1164.7509
2023-09-21,1185.3421,1203.2476,1179.9705,1179.9705
2023-09-22,1172.8084,1196.5331,1155.7982,1191.6091
2023-09-25,1180.4179,1181.7608,1159.8266,1161.6172
2023-09-26,1163.8555,1180.8657,1155.7980,1172.8082
2023-09-27,1163.8556,1175.4941,1158.4839,1175.4941
2023-09-28,1186.8626,1195.9573,1170.4920,1180.0415
2023-09-29,1172.3112,1177.3133,1152.3028,1153.6670
2023-10-02,1155.9404,1189.5910,1155.9404,1171.4015
2023-10-03,1167.7638,1170.9469,1152.3027,1159.5785
2023-10-04,1127.7468,1138.2057,1092.2773,1097.2794
2023-10-05,1111.3762,1143.2077,1098.1888,1141.3888
2023-10-06,1127.7468,1137.2962,1115.4689,1126.8373
2023-10-10,1140.4796,1150.4838,1135.4775,1145.9364
2023-10-11,1144.1174,1146.3911,1135.4774,1140.0248
2023-10-12,1147.7553,1158.6690,1143.2080,1148.6648
2023-10-13,1148.6646,1151.8477,1125.0183,1125.4730
2023-10-16,1120.0162,1132.7489,1110.9215,1124.5636
2023-10-17,1137.7510,1145.0268,1116.8331,1127.7468
2023-10-18,1132.2942,1150.9384,1129.1111,1142.7532
2023-10-19,1128.2016,1140.4795,1120.0164,1126.3827
2023-10-20,1124.5637,1133.6584,1114.1047,1123.1995
2023-10-23,1119.5615,1128.6563,1112.7405,1112.7405
2023-10-24,1110.9216,1113.1952,1077.7258,1105.4647
2023-10-25,1117.2880,1134.1132,1114.1048,1126.3827
2023-10-26,1125.0186,1129.1112,1111.8312,1115.4691
2023-10-27,1114.1046,1146.3909,1113.1952,1140.9341
2023-10-30,1130.4751,1140.9341,1115.0141,1118.6520
2023-10-31,1145.9363,1157.7595,1105.9195,1143.2079
2023-11-01,1159.5782,1176.8582,1145.4814,1175.4940
2023-11-02,1186.8625,1193.2288,1166.8541,1176.8583
2023-11-06,1180.4963,1181.4058,1150.0289,1154.5763
2023-11-07,1158.6690,1166.8543,1144.1175,1145.9364
2023-11-08,1148.2100,1148.6647,1080.9090,1098.1890
2023-11-09,1091.3679,1116.3784,1062.7195,1111.8311
2023-11-10,1106.8288,1133.2036,1105.0099,1131.8394
2023-11-13,1138.6604,1151.3930,1134.1130,1139.5698
2023-11-14,1166.8542,1169.5826,1158.2142,1167.7637
2023-11-15,1186.4078,1186.4078,1138.6604,1145.0267
2023-11-16,1145.0269,1169.5826,1145.0269,1149.5742
2023-11-17,1136.3869,1149.5742,1126.8374,1149.5742
2023-11-20,1147.7552,1168.2183,1147.7552,1160.4878
2023-11-21,1162.3067,1165.4898,1140.4793,1141.3888
2023-11-22,1137.2963,1151.8479,1134.1131,1150.0289
2023-11-24,1151.8478,1156.8499,1142.7531,1150.9384
2023-11-27,1155.9405,1177.3131,1151.8479,1177.3131
2023-11-28,1177.3131,1183.2247,1165.4899,1173.2205
2023-11-29,1163.6711,1170.0374,1140.0248,1140.0248
2023-11-30,1145.9362,1150.9383,1137.2962,1141.3888
2023-12-01,1150.4835,1157.7593,1145.9361,1157.7593
2023-12-04,1154.5763,1156.8500,1130.9300,1131.3848
2023-12-05,1129.5657,1137.2962,1115.4689,1124.5636
2023-12-06,1127.7469,1131.8395,1117.7427,1131.3848
2023-12-07,1118.6523,1140.4796,1111.3765,1140.4796
2023-12-08,1144.5721,1170.9468,1140.9342,1143.2079
2023-12-11,1150.0289,1166.8541,1145.4815,1164.5804
2023-12-12,1148.6648,1154.5764,1144.1175,1145.9364
2023-12-13,1138.2057,1156.8499,1137.7509,1156.8499
2023-12-14,1132.2942,1139.1153,1111.3763,1115.9237
2023-12-15,1110.4669,1123.1995,1091.8227,1095.4606
2023-12-18,1083.6373,1094.5510,1063.6289,1090.0037
2023-12-19,1089.5490,1092.7321,1065.9027,1077.7258
2023-12-20,1061.3553,1092.2774,1058.6269,1079.9995
2023-12-21,1070.4500,1079.0900,1064.5384,1074.5426
2023-12-22,1079.0899,1106.3740,1079.0899,1105.9193
2023-12-25,1109.5574,1115.4690,1095.9153,1097.7343
2023-12-26,1093.1867,1096.3698,1087.7299,1094.5509
2023-12-27,1094.5509,1100.9172,1094.0961,1100.0077
2023-12-28,1095.9151,1100.9172,1090.9130,1094.5509
2023-12-29,1095.9152,1104.1005,1094.0963,1101.8268
2024-01-04,1102.2815,1114.1046,1090.9130,1114.1046
2024-01-05,1120.9259,1144.1174,1120.9259,1144.1174
2024-01-09,1155.4858,1155.4858,1138.6605,1145.4816
2024-01-10,1139.1154,1152.7575,1137.2964,1145.9364
2024-01-11,1157.7595,1170.9469,1152.3027,1165.0353
2024-01-12,1164.1256,1168.2182,1150.9383,1152.7572
2024-01-15,1161.8520,1167.3088,1158.6688,1165.9446
2024-01-16,1161.8521,1177.3131,1158.6689,1168.2184
2024-01-17,1176.8583,1185.0436,1170.9467,1175.9489
2024-01-18,1179.1318,1184.5887,1172.7655,1181.4055
2024-01-19,1187.3172,1187.3172,1175.0393,1176.8583
2024-01-22,1182.3152,1189.5909,1176.8583,1189.5909
2024-01-23,1189.5911,1207.3258,1181.8606,1195.9574
2024-01-24,1196.8668,1259.1657,1194.5931,1258.7109
2024-01-25,1265.9866,1270.0793,1249.6161,1258.2561
2024-01-26,1239.6120,1242.7952,1219.6036,1219.6036
2024-01-29,1245.5235,1251.8898,1237.3383,1244.1593
2024-01-30,1244.1594,1244.6141,1237.7931,1240.0668
2024-01-31,1245.9784,1268.7152,1241.4310,1268.7152
2024-02-01,1253.2540,1272.3529,1253.2540,1263.2582
2024-02-02,1258.7109,1265.9867,1250.9804,1265.9867
2024-02-05,1282.3573,1310.0962,1277.3552,1306.9131
2024-02-06,1284.6308,1299.1823,1272.8076,1272.8076
2024-02-07,1276.9004,1276.9004,1276.9004,1276.9004
2024-02-08,1277.8099,1278.2646,1257.3467,1258.7109
2024-02-09,1264.1678,1268.7152,1248.7068,1260.5299
2024-02-13,1277.3551,1283.7214,1268.2603,1282.8119
2024-02-14,1282.8118,1290.5424,1277.8097,1281.4476
2024-02-15,1290.9972,1292.3614,1275.9909,1276.9004
2024-02-16,1287.8140,1313.2793,1284.1761,1311.4603
2024-02-19,1318.7362,1362.3909,1318.2814,1361.9362
2024-02-20,1368.7572,1388.7656,1347.3846,1352.8414
2024-02-21,1349.2035,1353.2961,1339.1993,1341.9277
2024-02-22,1357.8435,1360.5720,1349.2035,1355.1151
2024-02-26,1364.2098,1387.8561,1361.4814,1377.8519
2024-02-27,1379.6709,1409.6835,1371.9404,1397.4056
2024-02-28,1401.0434,1411.5024,1374.2140,1383.3087
2024-02-29,1384.2180,1402.4075,1376.9422,1402.4075
2024-03-01,1386.4920,1429.6920,1384.2183,1428.3278
2024-03-04,1432.4203,1433.3298,1417.4140,1426.9635
2024-03-05,1429.2373,1451.9741,1423.7804,1451.9741
2024-03-06,1447.8814,1463.7972,1442.4246,1462.4330
2024-03-07,1469.7087,1495.1740,1455.6119,1470.1635
2024-03-08,1470.1634,1496.5381,1461.5234,1484.2603
2024-03-11,1477.4392,1478.3487,1406.0455,1426.0540
2024-03-12,1395.5867,1410.1382,1371.9404,1395.5867
2024-03-13,1428.3278,1434.6941,1383.3089,1391.9489
2024-03-14,1383.7635,1391.9488,1368.7572,1382.3993
2024-03-15,1366.9382,1396.4960,1365.1192,1368.3024
2024-03-18,1385.1277,1396.9508,1371.9403,1394.6771
2024-03-19,1391.4941,1412.4120,1345.1110,1389.2205
2024-03-21,1404.2265,1431.5107,1389.6749,1430.1465
2024-03-22,1438.7866,1458.7950,1430.6014,1456.9761
2024-03-25,1452.4288,1452.8835,1435.6035,1437.4225
2024-03-26,1443.3341,1443.3341,1420.5972,1423.7804
2024-03-27,1427.8729,1447.4265,1424.6897,1428.7823
2024-03-28,1420.0281,1446.2908,1414.4991,1414.4991
2024-03-29,1427.4002,1438.4581,1424.6357,1428.3217
2024-04-01,1434.7721,1440.7619,1372.1103,1377.6393
2024-04-02,1391.4618,1408.5095,1374.4141,1377.1786
2024-04-03,1372.5709,1395.6084,1364.7382,1391.9224
2024-04-04,1407.5879,1438.9189,1396.9907,1427.4001
2024-04-05,1395.1478,1405.7450,1390.5403,1405.7450
2024-04-08,1413.1170,1426.0179,1407.5880,1426.0179
2024-04-09,1427.8609,1433.3899,1411.2740,1426.0179
2024-04-10,1414.4993,1420.0283,1410.3525,1415.4208
2024-04-11,1411.7346,1440.7618,1411.2739,1439.8403
2024-04-12,1442.1441,1442.6049,1418.1852,1428.3217
2024-04-15,1405.2843,1421.4105,1396.9908,1421.4105
2024-04-16,1415.8814,1430.6254,1388.6972,1391.0010
2024-04-17,1400.6768,1400.6768,1362.8954,1375.3356
2024-04-18,1367.5028,1403.9020,1367.0421,1397.9122
2024-04-19,1401.1374,1406.2056,1364.7382,1382.2467
2024-04-22,1407.1272,1432.0076,1402.0589,1424.6356
2024-04-23,1438.4582,1448.1340,1426.0180,1432.4685
2024-04-24,1442.6050,1448.5947,1431.0862,1446.7517
2024-04-25,1441.2227,1448.5947,1428.3217,1429.7040
2024-04-26,1428.3217,1444.4480,1405.2843,1430.6255
2024-04-30,1421.8712,1455.5059,1418.6459,1455.5059
2024-05-01,1444.9086,1448.5946,1426.9394,1440.7618
2024-05-02,1434.7721,1436.6151,1421.8711,1432.0076
2024-05-07,1444.9086,1444.9086,1421.8711,1436.6151
2024-05-08,1437.5366,1442.6049,1424.1749,1429.2432
2024-05-09,1445.3694,1467.9461,1442.1442,1459.1919
2024-05-10,1462.4171,1485.9153,1458.7311,1467.9460
2024-05-13,1473.9358,1489.6013,1464.7208,1474.8573
2024-05-14,1474.3966,1486.3761,1466.1031,1479.4648
2024-05-15,1490.0620,1497.8948,1465.6423,1465.6423
2024-05-16,1428.7825,1437.9975,1384.0899,1402.9806
2024-05-17,1408.0488,1454.1237,1403.4413,1431.5470
2024-05-20,1431.0862,1449.5161,1429.7039,1440.3011
2024-05-21,1432.9293,1436.6153,1414.9601,1430.1648
2024-05-22,1441.2227,1443.0657,1427.4003,1431.5470
2024-05-23,1436.6151,1441.6833,1423.7141,1440.7618
2024-05-24,1421.8713,1449.9770,1420.9498,1447.6732
2024-05-27,1447.6731,1465.6423,1443.9871,1465.6423
2024-05-28,1469.7889,1500.1984,1464.2600,1500.1984
2024-05-29,1502.0415,1534.2939,1501.5807,1508.4919
2024-05-30,1493.7481,1518.1678,1486.3761,1501.5808
2024-05-31,1497.8946,1532.9115,1495.5908,1527.8433
2024-06-03,1552.2632,1567.9287,1549.9595,1562.8605
2024-06-04,1558.7135,1588.2015,1547.1948,1551.3416
2024-06-05,1530.6078,1535.2153,1510.3349,1514.0209
2024-06-06,1514.0210,1540.7445,1503.8845,1520.9323
2024-06-07,1506.6490,1519.0892,1479.0040,1495.1302
2024-06-10,1511.2564,1521.8536,1502.5022,1520.0106
2024-06-11,1522.3144,1530.1472,1504.3452,1504.3452
2024-06-12,1487.2976,1494.2088,1479.0041,1491.4443
2024-06-13,1495.5911,1496.5126,1469.7892,1473.0144
2024-06-14,1451.8199,1477.1610,1445.3694,1454.5844
2024-06-17,1439.3796,1450.4376,1414.9599,1423.2534
2024-06-18,1431.0861,1438.4581,1418.1852,1423.2534
2024-06-19,1437.5367,1453.2022,1430.1647,1446.7517
2024-06-20,1442.1442,1450.8984,1420.0283,1425.5573
2024-06-21,1447.2125,1453.2022,1422.7928,1425.5573
2024-06-24,1427.8609,1466.1031,1424.6357,1455.5059
2024-06-25,1477.1610,1517.2462,1472.5535,1512.6387
2024-06-26,1511.2564,1530.6078,1505.7274,1522.3143
2024-06-27,1528.7650,1543.0482,1525.5398,1533.8333
2024-06-28,1548.1164,1601.5633,1544.4304,1593.2698
2024-07-01,1605.2493,1611.6998,1585.8979,1611.6998
2024-07-02,1631.0512,1675.2831,1626.4437,1668.8326
2024-07-03,1663.3038,1671.1365,1650.4028,1659.6178
2024-07-04,1664.6858,1687.7232,1646.2558,1684.0372
2024-07-05,1693.7131,1704.3103,1666.5289,1673.9009
2024-07-08,1678.9692,1684.4982,1650.8635,1650.8635
2024-07-09,1650.4026,1650.4026,1622.2969,1627.8259
2024-07-10,1654.0886,1662.8428,1635.6586,1652.2456
2024-07-11,1672.9794,1674.8224,1649.4812,1651.3242
2024-07-12,1623.2184,1625.5222,1607.0922,1612.6212
2024-07-16,1621.8362,1645.7952,1616.7680,1637.5017
2024-07-17,1657.7746,1658.6961,1627.3652,1631.0511
2024-07-18,1618.1502,1654.0886,1616.3072,1635.6587
2024-07-19,1647.6381,1649.0203,1623.2184,1635.1979
2024-07-22,1640.2662,1643.4915,1606.6316,1609.8568
2024-07-23,1624.6007,1639.8054,1616.3072,1630.1296
2024-07-24,1621.3755,1627.3652,1606.1708,1606.1708
2024-07-25,1573.9185,1591.8877,1541.6660,1543.5090
2024-07-26,1553.1847,1579.9081,1542.5875,1553.1847
2024-07-29,1569.7716,1578.0651,1555.9491,1572.0753
2024-07-30,1544.4304,1556.8706,1537.9799,1548.5771
2024-07-31,1566.5463,1623.6792,1557.3313,1612.6212
2024-08-01,1605.2493,1615.8465,1560.5566,1590.0446
2024-08-02,1442.6049,1481.7685,1391.4617,1396.9907
2024-08-05,1138.9714,1242.6399,1105.7974,1147.7256
2024-08-06,1336.1719,1341.7009,1173.5275,1214.5342
2024-08-07,1207.1622,1367.5029,1201.6332,1320.5065
2024-08-08,1271.6670,1330.6428,1269.3632,1284.1072
2024-08-09,1312.2129,1314.0559,1277.1960,1299.7727
2024-08-13,1301.6158,1326.4962,1295.6260,1325.5747
2024-08-14,1363.8167,1369.8064,1330.6428,1343.0830
2024-08-15,1361.0524,1404.8236,1351.8374,1385.0114
2024-08-16,1451.3591,1451.3591,1417.7245,1431.0862
2024-08-19,1432.9291,1447.6731,1415.4207,1422.3319
2024-08-20,1437.5366,1437.9973,1413.5776,1422.7926
2024-08-21,1400.6768,1418.1853,1398.3731,1417.2638
2024-08-22,1415.8813,1417.2636,1384.0897,1394.6869
2024-08-23,1403.4413,1408.9703,1390.5403,1405.2843
2024-08-26,1394.2261,1403.9018,1371.1887,1380.8644
2024-08-27,1377.6392,1397.4514,1373.4925,1386.3934
2024-08-28,1374.8748,1391.0010,1369.3458,1391.0010
2024-08-29,1398.3730,1403.4412,1387.7758,1393.7655
2024-08-30,1400.6767,1411.7347,1393.3047,1408.0487
2024-09-02,1430.1648,1439.3798,1418.1853,1426.9396
2024-09-03,1436.6152,1473.4751,1431.5469,1473.4751
2024-09-04,1427.4002,1433.3899,1386.8543,1390.5403
2024-09-05,1362.8953,1394.6869,1345.3868,1368.8850
2024-09-06,1373.0318,1384.0898,1351.8374,1361.0524
2024-09-09,1299.3120,1335.7112,1296.0868,1329.7214
2024-09-10,1329.2607,1359.2093,1328.7999,1332.0251
2024-09-11,1316.3596,1334.7896,1302.9979,1315.4381
2024-09-12,1343.0831,1356.4448,1329.2606,1344.4653
2024-09-13,1338.0150,1347.6907,1329.7215,1337.0935
2024-09-17,1341.2401,1349.5336,1282.2643,1307.6055
2024-09-18,1324.1924,1327.8783,1301.6157,1306.2231
2024-09-19,1345.3869,1349.9944,1329.7214,1329.7214
2024-09-20,1366.5814,1385.0114,1357.8272,1365.6599
2024-09-24,1382.2468,1383.1683,1361.0524,1366.1206
2024-09-25,1350.9158,1355.5233,1328.3391,1331.1036
2024-09-26,1339.3973,1365.1992,1332.4860,1365.1992
2024-09-27,1381.1335,1381.1335,1348.7962,1360.0439
2024-09-30,1404.0977,1404.0977,1352.5454,1362.3872
2024-10-01,1370.8229,1407.8468,1358.6378,1386.7572
2024-10-02,1366.6052,1398.4739,1354.4201,1359.1067
2024-10-03,1378.7900,1379.7273,1350.2019,1357.7004
2024-10-04,1363.7931,1392.3812,1359.5752,1387.2260
2024-10-07,1437.8410,1452.8380,1426.5932,1435.0291
2024-10-08,1434.0916,1443.4648,1400.8169,1409.7214
2024-10-09,1423.7812,1425.1872,1400.3483,1407.3782
2024-10-10,1431.2798,1435.0290,1419.0947,1429.8738
2024-10-11,1442.9963,1461.2740,1439.7157,1454.7128
2024-10-15,1495.0172,1498.7665,1476.7396,1487.0500
2024-10-16,1478.1455,1494.5485,1470.6470,1490.3306
2024-10-17,1499.7037,1525.4799,1492.2052,1518.9187
2024-10-18,1529.6979,1555.9427,1522.6680,1540.9457
2024-10-21,1539.0710,1539.5397,1510.4829,1511.8889
2024-10-22,1502.9844,1510.4829,1480.0201,1491.7366
2024-10-23,1489.8619,1492.6739,1465.9604,1468.7723
2024-10-24,1452.8380,1477.6768,1445.3395,1466.8977
2024-10-25,1443.4650,1457.9933,1436.9037,1451.4321
2024-10-28,1420.5007,1480.4888,1420.5007,1464.0858
2024-10-29,1469.2411,1516.5755,1468.7724,1508.1396
2024-10-30,1516.5754,1526.8859,1505.7963,1526.8859
2024-10-31,1514.2321,1535.3217,1510.9515,1526.4172
2024-11-01,1509.0769,1542.8202,1507.2023,1518.9187
2024-11-05,1527.8232,1529.2291,1512.8261,1521.2620
2024-11-06,1534.3844,1607.9636,1530.6351,1607.9636
2024-11-07,1682.9489,1696.0714,1627.6474,1656.2355
2024-11-08,1672.1696,1672.6383,1649.6741,1657.6412
2024-11-11,1672.6384,1681.0742,1641.7070,1652.4861
2024-11-12,1686.6981,1700.7578,1679.1996,1679.1996
2024-11-13,1691.8533,1695.1339,1660.4532,1674.0443
2024-11-14,1677.3251,1704.0385,1673.5758,1685.2922
2024-11-15,1715.2861,1722.7846,1688.5726,1709.6622
2024-11-18,1715.7548,1721.8474,1695.6026,1697.0085
2024-11-19,1697.9459,1727.9399,1696.5399,1727.9399
2024-11-20,1719.9728,1720.9101,1697.9459,1702.1638
2024-11-21,1703.1010,1709.6622,1685.2920,1692.7905
2024-11-22,1703.1011,1715.2862,1696.5399,1710.5996
2024-11-25,1717.1609,1727.9400,1706.8504,1711.5370
2024-11-26,1709.6624,1714.3490,1666.0772,1682.0116
2024-11-27,1673.1070,1684.8234,1638.8950,1657.1726
2024-11-28,1630.9278,1667.4830,1628.1158,1657.6412
2024-11-29,1662.7967,1683.4176,1653.8922,1679.6683
2024-12-02,1691.3847,1712.4743,1682.4802,1712.0056
2024-12-03,1715.2862,1730.7519,1712.4743,1725.1281
2024-12-04,1734.0325,1742.4683,1696.0713,1696.5399
2024-12-05,1722.3160,1723.2533,1689.9786,1705.4443
2024-12-06,1687.1667,1697.9458,1682.4801,1696.0712
2024-12-09,1698.4144,1707.3189,1669.8263,1700.2891
2024-12-10,1709.6622,1712.9428,1692.3219,1692.7905
2024-12-11,1704.0384,1727.0026,1700.2891,1726.5339
2024-12-12,1735.9070,1751.8414,1734.5010,1735.4384
2024-12-13,1734.0323,1742.4681,1718.0979,1733.5636
2024-12-16,1742.4684,1750.9042,1729.3460,1740.5938
2024-12-17,1737.7816,1740.1249,1703.1010,1706.8502
2024-12-18,1697.4772,1725.5967,1696.5399,1698.8832
2024-12-19,1687.1668,1732.6266,1675.4504,1719.5042
2024-12-20,1701.2265,1705.4444,1657.6413,1661.8593
2024-12-23,1662.7966,1687.1667,1657.6413,1687.1667
2024-12-24,1694.6653,1701.6951,1686.2294,1694.6653
2024-12-25,1688.5727,1691.8533,1675.9190,1687.1667
2024-12-26,1687.1667,1697.4772,1680.6055,1697.4772
2024-12-27,1705.9131,1724.1907,1702.1638,1717.6295
2024-12-30,1729.3458,1749.0294,1723.7219,1730.2831
2025-01-06,1743.4057,1752.3102,1719.9728,1741.0624
2025-01-07,1755.5908,1812.7670,1750.9042,1798.2386
2025-01-08,1805.7371,1825.8894,1786.5222,1798.7073
2025-01-09,1786.5221,1810.8923,1784.6475,1797.3013
2025-01-10,1790.7400,1796.8326,1772.4624,1784.1788
2025-01-14,1790.2714,1795.4266,1728.4086,1742.9370
2025-01-15,1762.1519,1776.2116,1754.1847,1773.8683
2025-01-16,1786.5222,1806.6745,1758.4027,1771.5251
2025-01-17,1762.6205,1763.0892,1713.8801,1750.4354
2025-01-20,1779.9608,1796.3638,1766.8384,1795.4265
2025-01-21,1803.8626,1810.4238,1767.7759,1797.7700
2025-01-22,1814.6415,1815.5788,1786.5221,1786.9907
2025-01-23,1785.5847,1792.6146,1766.8384,1787.4594
2025-01-24,1787.4594,1802.4564,1768.7131,1787.4594
2025-01-27,1806.2058,1840.4178,1797.7700,1800.5819
2025-01-28,1806.2056,1857.7579,1801.0504,1846.0415
2025-01-29,1851.1967,1856.8206,1839.0116,1846.0415
2025-01-30,1853.5402,1866.6626,1831.9820,1841.3551
2025-01-31,1845.1043,1855.8834,1829.1699,1854.4774
2025-02-03,1824.0146,1828.7012,1798.7071,1805.2683
2025-02-04,1818.3907,1831.5131,1810.8921,1819.7966
2025-02-05,1827.7640,1847.4476,1799.6446,1809.0177
2025-02-06,1818.3908,1821.2027,1784.1788,1792.6146
2025-02-07,1796.8324,1801.5190,1774.8055,1791.2085
2025-02-10,1798.7071,1808.0803,1779.4922,1781.3668
2025-02-12,1780.8982,1786.9907,1765.9011,1786.9907
2025-02-13,1802.9251,1822.1400,1801.9877,1820.2654
2025-02-14,1809.0176,1824.9520,1804.3311,1821.6714
2025-02-17,1829.6386,1858.2267,1827.7640,1858.2267
2025-02-18,1873.6925,1905.0925,1868.0686,1895.2507
2025-02-19,1895.2507,1911.1851,1878.3791,1885.4089
2025-02-20,1866.1937,1877.9102,1837.1370,1848.8534
2025-02-21,1837.1372,1847.9163,1819.3282,1827.2954
2025-02-25,1803.3938,1842.7611,1795.8953,1837.6058
2025-02-26,1827.7640,1832.4506,1788.3968,1799.6445
2025-02-27,1796.3639,1819.7968,1788.8654,1818.8595
2025-02-28,1808.0804,1810.4237,1769.6505,1783.7102
2025-03-03,1812.7670,1831.0446,1800.1132,1826.3580
2025-03-04,1812.2982,1816.5161,1783.7101,1810.8922
2025-03-05,1790.2714,1811.3610,1784.6475,1806.6744
2025-03-06,1813.7043,1838.0745,1813.2356,1831.9819
2025-03-07,1802.4565,1813.2356,1795.8952,1801.9878
2025-03-10,1810.4237,1816.5162,1797.7699,1799.6445
2025-03-11,1762.1519,1777.1490,1713.4116,1774.3370
2025-03-12,1782.7729,1820.7341,1781.3669,1809.0177
2025-03-13,1829.6385,1844.6355,1823.0773,1834.3251
2025-03-14,1846.5103,1880.7223,1828.7013,1875.0984
2025-03-17,1893.3760,1911.6536,1890.5641,1902.7491
2025-03-18,1922.9013,1984.2954,1922.9013,1973.9850
2025-03-19,1977.7344,1986.1702,1962.7374,1973.5165
2025-03-21,1991.7941,2099.1166,1989.4508,2086.4629
2025-03-24,2062.0925,2085.5254,2044.7522,2044.7522
2025-03-25,2062.0925,2064.4358,2015.6954,2027.8805
2025-03-26,2044.2836,2044.2836,2006.3224,2023.6627
2025-03-27,2023.6628,2045.2210,2011.0090,2041.9404
2025-03-28,2053.8703,2058.1651,2009.0135,2012.3539
2025-03-31,1923.5949,1953.1813,1904.9840,1919.3000
2025-04-01,1949.8407,1956.0443,1888.2819,1903.0751
2025-04-02,1900.2120,1901.1664,1853.4463,1873.9659
2025-04-03,1723.6479,1780.4347,1704.0827,1739.8727
2025-04-04,1618.1865,1637.2746,1527.0413,1592.4177
2025-04-07,1258.3773,1462.6191,1250.2649,1427.3063
2025-04-08,1601.4845,1611.0285,1548.0381,1582.3965
2025-04-09,1527.0412,1549.4696,1481.2300,1498.4092
2025-04-10,1734.1462,1734.1462,1632.5025,1632.9797
2025-04-11,1532.2905,1586.6913,1521.7920,1569.5121
2025-04-14,1575.7157,1626.2989,1566.6489,1571.8981
2025-04-15,1597.6669,1623.9130,1584.7825,1607.2109
2025-04-16,1622.4813,1631.0710,1558.0593,1567.1261
2025-04-17,1571.8981,1603.3933,1559.4909,1603.3933
2025-04-18,1612.4602,1620.5726,1595.7582,1608.6426
2025-04-21,1597.6669,1600.0529,1567.1261,1577.6245
2025-04-22,1569.9893,1583.3509,1556.1505,1558.5365
2025-04-23,1621.5269,1630.5937,1602.4389,1610.5513
2025-04-24,1628.6850,1652.0678,1622.9586,1643.0010
2025-04-25,1663.9978,1664.9522,1637.7518,1655.8854
2025-04-28,1670.2013,1702.1737,1670.2013,1691.1981
2025-04-30,1717.9213,1737.0093,1701.2193,1721.2617
2025-05-01,1737.0094,1739.3954,1679.7454,1700.7422
2025-05-02,1676.8821,1708.3773,1643.9552,1658.2712
2025-05-07,1670.2014,1679.2682,1646.8186,1670.6786
2025-05-08,1663.9977,1686.9033,1662.0889,1683.0857
2025-05-09,1705.9914,1729.8514,1702.1738,1728.4198
2025-05-12,1749.8937,1758.4833,1731.2829,1755.6201
2025-05-13,1853.4462,1860.6042,1820.0422,1820.5194
2025-05-14,1855.8324,1886.8504,1834.8356,1856.3096
2025-05-15,1856.3095,1859.1727,1829.5863,1841.9935
2025-05-16,1865.8535,1903.0751,1850.5831,1858.2183
2025-05-19,1852.9690,1892.5767,1833.4038,1879.6923
2025-05-20,1886.8504,1906.8928,1882.0784,1884.4644
2025-05-21,1901.1664,1931.7072,1880.1696,1880.1696
2025-05-22,1879.2152,1880.1696,1846.7656,1856.3096
2025-05-23,1861.0815,1870.1483,1847.7199,1853.9235
2025-05-26,1853.9235,1868.7167,1845.8111,1865.8535
2025-05-27,1856.3095,1886.8503,1849.1515,1886.8503
2025-05-28,1913.5735,1917.3911,1871.5798,1873.4886
2025-05-29,1891.6224,1913.5736,1883.9872,1913.5736
2025-05-30,1895.4400,1943.1600,1890.1908,1933.1388
2025-06-02,1908.3244,1911.6648,1887.8048,1899.2576
2025-06-03,1901.6436,1903.0752,1878.7379,1886.8503
2025-06-04,1892.5768,1904.9840,1887.3276,1890.1908
2025-06-05,1875.3975,1875.8747,1855.3551,1863.9447
2025-06-06,1875.8746,1885.4187,1866.3306,1873.4886
2025-06-09,1890.6680,1895.9172,1883.9872,1892.5768
2025-06-10,1892.5768,1896.8716,1868.7168,1874.9204
2025-06-11,1875.3975,1886.3731,1860.1271,1866.8079
2025-06-12,1875.3975,1881.1239,1863.4675,1873.9659
2025-06-13,1868.2395,1872.5344,1833.4039,1846.2883
2025-06-16,1856.7867,1866.8079,1847.2427,1863.9447
2025-06-17,1862.0359,1869.6711,1850.1059,1862.5131
2025-06-18,1852.4919,1865.8535,1846.2883,1865.8535
2025-06-19,1871.5799,1874.4431,1858.2183,1861.5587
2025-06-20,1862.5131,1884.9415,1858.2183,1868.2395
2025-06-23,1868.2395,1869.6711,1834.3583,1851.0603
2025-06-24,1878.2606,1886.8503,1861.5586,1882.0782
2025-06-25,1886.8504,1888.2820,1854.4008,1875.3976
2025-06-26,1854.4006,1887.3274,1854.4006,1886.3730
2025-06-27,1887.8047,1912.1419,1875.8747,1893.5311
2025-06-30,1908.8016,1912.1420,1875.8748,1892.5768
2025-07-01,1881.1239,1884.4643,1858.2183,1879.2151
2025-07-02,1879.2151,1893.0539,1870.6255,1883.5099
2025-07-03,1889.7135,1895.9171,1874.4431,1895.9171
2025-07-04,1912.1419,1930.2755,1909.7559,1923.5947
2025-07-07,1917.3911,1927.4123,1875.3975,1879.2151
2025-07-08,1866.8079,1888.7591,1866.8079,1877.3063
2025-07-09,1889.7136,1893.5312,1874.4431,1888.7592
2025-07-10,1885.8958,1891.6222,1873.9658,1882.5554
2025-07-11,1889.7135,1936.0019,1887.8047,1915.9595
2025-07-14,1897.3488,1912.6192,1888.2819,1901.6436
2025-07-15,1913.0964,1942.2056,1901.6436,1907.3700
2025-07-16,1898.3032,1901.1664,1878.2608,1880.1696
2025-07-17,1882.0783,1889.7135,1876.3519,1881.6011
2025-07-18,1890.6680,1893.0540,1877.3063,1878.2607
2025-07-22,1890.6679,1917.8683,1885.8959,1908.8015
2025-07-23,1951.2725,2021.4209,1946.9777,2001.8557
2025-07-24,2045.2810,2079.6395,2039.0774,2072.4814
2025-07-25,2055.3022,2067.7094,2044.3266,2058.6426
2025-07-28,2051.9617,2057.6881,2005.1960,2009.4908
2025-07-29,2002.3329,2003.7645,1972.7465,1977.0413
2025-07-30,1985.1537,1996.6065,1969.8833,1993.7433
2025-07-31,1988.9713,2016.6489,1982.2905,2014.2629
2025-08-01,1985.1537,2041.9405,1976.5641,2030.0105
2025-08-04,1951.7496,1956.0444,1928.8440,1953.6584
2025-08-05,1956.5216,1975.1324,1937.4336,1965.5884
2025-08-06,1971.3148,1989.9256,1966.0656,1982.7676
2025-08-07,1983.7219,2025.2384,1980.8587,2019.5120
2025-08-08,2030.9649,2054.8249,2019.5121,2032.3965
2025-08-12,2065.8005,2134.9945,2060.0741,2122.1101
2025-08-13,2137.8578,2145.9702,2097.7730,2122.5874
2025-08-14,2105.8854,2151.2194,2100.6362,2137.3806
2025-08-15,2166.4899,2266.2248,2165.5355,2265.7476
2025-08-18,2245.2280,2249.0456,2208.0063,2208.0063
2025-08-19,2208.4835,2209.4379,2145.4930,2149.7878
2025-08-20,2156.9459,2179.8516,2126.8823,2158.8547
2025-08-21,2155.9913,2169.3529,2141.6753,2151.6965
2025-08-22,2175.5566,2186.5322,2159.8090,2186.5322
2025-08-25,2216.1189,2217.5505,2174.1253,2184.1465
2025-08-26,2174.1248,2187.4865,2160.2860,2168.3984
2025-08-27,2166.4895,2171.2615,2144.5383,2146.9243
2025-08-28,2133.0857,2165.0582,2128.7909,2164.1038
2025-08-29,2153.6052,2165.5352,2139.2892,2155.9912
2025-09-01,2148.3559,2174.1247,2134.5171,2147.8787
2025-09-02,2147.4016,2169.8300,2136.9032,2168.3984
2025-09-03,2162.6719,2164.1035,2092.0463,2100.1587
2025-09-04,2113.9978,2154.0827,2111.1346,2145.0159
2025-09-05,2156.9457,2176.0337,2152.1737,2165.0581
2025-09-08,2168.8757,2181.7602,2144.5385,2181.2830
2025-09-09,2185.5776,2197.5076,2148.3560,2156.9456
2025-09-10,2183.6692,2221.8452,2180.3288,2218.0276
2025-09-11,2199.8939,2201.8027,2170.7847,2179.3743
2025-09-12,2193.2129,2193.6901,2179.3741,2184.6233
2025-09-16,2180.8057,2193.2129,2169.3529,2186.0549
2025-09-17,2172.6932,2187.9636,2157.9000,2175.5564
2025-09-18,2187.4866,2195.1218,2169.3530,2177.9426
2025-09-19,2190.3496,2251.9085,2187.9636,2234.7292
2025-09-22,2258.5893,2268.1333,2234.2521,2260.9753
2025-09-24,2257.6347,2267.1787,2241.8871,2253.8171
2025-09-25,2261.9300,2288.6532,2248.0912,2264.7932
2025-09-26,2266.7019,2295.3340,2259.0667,2285.3127
2025-09-29,2276.1113,2277.5641,2249.9602,2253.8345
2025-09-30,2266.4257,2328.4134,2246.0859,2318.7278
2025-10-01,2283.8598,2291.6082,2238.3375,2245.1174
2025-10-02,2227.6834,2246.5703,2202.0166,2202.0166
2025-10-03,2191.3625,2243.1803,2189.9096,2240.2747
2025-10-06,2191.8468,2257.2245,2165.2115,2243.1804
2025-10-07,2256.7401,2256.7401,2217.0292,2221.3877
2025-10-08,2234.9477,2285.7970,2234.4634,2271.7529
2025-10-09,2286.7657,2293.5456,2262.5517,2285.7971
2025-10-10,2266.4260,2267.8788,2207.3439,2213.1553
2025-10-14,2175.8656,2207.3438,2162.7901,2170.5386
2025-10-15,2187.9727,2224.7779,2187.0041,2218.9666
2025-10-16,2234.4634,2249.4761,2213.6394,2228.6521
2025-10-17,2180.2240,2186.0353,2160.3685,2162.3057
2025-10-20,2205.4067,2251.8975,2184.5827,2251.8975
2025-10-21,2265.9416,2279.5014,2223.8093,2234.9478
2025-10-22,2217.9981,2221.8723,2206.3754,2208.3125
2025-10-23,2198.6268,2200.0796,2179.7399,2190.3940
2025-10-24,2198.6266,2199.5952,2163.7585,2163.7585
2025-10-27,2188.9412,2215.0923,2186.5198,2201.5325
2025-10-28,2201.0480,2211.2179,2187.4882,2202.0166
2025-10-29,2198.6268,2225.2621,2185.0670,2208.7966
2025-10-30,2223.3252,2252.8662,2221.3880,2248.9919
2025-10-31,2264.0044,2264.4887,2229.1363,2256.7402
2025-11-04,2245.6017,2277.0798,2230.5891,2258.6772
2025-11-05,2242.2118,2243.1803,2167.6328,2221.8721
2025-11-06,2239.7905,2256.7402,2233.9791,2256.7402
2025-11-07,2231.5577,2259.6459,2217.9979,2241.7275
2025-11-10,2256.7402,2265.4573,2247.5389,2256.7402
2025-11-11,2276.1115,2283.8599,2245.6019,2248.5076
2025-11-12,2276.1114,2324.5393,2271.7529,2324.5393
2025-11-13,2353.5959,2388.4640,2352.6273,2372.9670
2025-11-14,2348.2690,2388.4642,2343.9105,2373.9358
2025-11-17,2347.3004,2375.8728,2329.8663,2350.2061
2025-11-18,2325.5078,2327.9292,2271.2686,2271.2686
2025-11-19,2278.0485,2298.3882,2248.5075,2266.4258
2025-11-20,2323.0866,2335.6778,2305.6525,2311.4639
2025-11-21,2271.2687,2317.7595,2262.5516,2310.0110
2025-11-25,2324.5394,2333.2564,2285.7971,2302.7468
2025-11-26,2321.6336,2370.0615,2304.6839,2370.0615
2025-11-27,2372.9672,2393.7912,2336.6462,2339.0676
2025-11-28,2331.8036,2355.0490,2326.4765,2347.3005
2025-12-01,2372.9671,2419.9422,2369.5771,2385.5583
2025-12-02,2421.3951,2463.5274,2399.6026,2444.1562
2025-12-03,2436.4078,2437.3763,2390.4013,2392.3384
2025-12-04,2383.1372,2435.9236,2377.8101,2435.9236
2025-12-05,2431.0806,2454.3260,2404.9296,2449.9675
2025-12-08,2429.1437,2440.2821,2414.6153,2419.9424
2025-12-09,2430.5963,2435.4391,2404.4453,2407.8352
2025-12-10,2372.9671,2399.1181,2364.2501,2390.4011
2025-12-11,2402.9926,2415.0996,2361.8289,2361.8289
2025-12-12,2380.2314,2425.2693,2380.2314,2420.4265
2025-12-15,2433.9864,2477.5715,2433.5021,2477.5715
2025-12-16,2491.6157,2495.0057,2399.1184,2399.1184
2025-12-17,2373.9355,2388.9482,2346.3316,2376.3569
2025-12-18,2357.4702,2379.2628,2349.2375,2352.6274
2025-12-19,2348.7532,2392.3383,2341.4891,2372.4829
2025-12-22,2420.4267,2436.8922,2404.9298,2416.5525
2025-12-23,2421.3952,2447.5463,2413.1625,2435.9236
2025-12-24,2433.0177,2440.7662,2398.6339,2402.9924
2025-12-25,2411.7094,2411.7094,2392.8225,2406.3823
2025-12-26,2410.7410,2418.9738,2400.0869,2407.3511
2025-12-29,2407.8353,2433.0178,2395.7283,2418.0051
2025-12-30,2410.2565,2428.1748,2403.9609,2414.6150
2026-01-05,2439.3134,2476.6029,2437.3763,2464.9802
2026-01-06,2508.5653,2543.9177,2507.5968,2542.4648
2026-01-07,2573.4588,2574.4273,2516.7981,2536.6536
2026-01-08,2509.5337,2535.6848,2496.9425,2522.1250
2026-01-09,2535.2007,2594.2828,2531.8108,2558.9304
2026-01-13,2655.7860,2695.4969,2634.4777,2694.5283
2026-01-14,2711.9625,2788.9629,2696.4656,2788.9629
2026-01-15,2789.4473,2882.9131,2777.3403,2870.8062
2026-01-16,2886.3029,2920.2025,2871.7746,2895.9885
2026-01-19,2878.0702,2881.4601,2832.0637,2860.1519
2026-01-20,2871.2903,2871.7746,2829.1580,2841.7493
2026-01-21,2782.6673,2789.4472,2739.0822,2742.4722
2026-01-22,2791.8686,2804.9442,2728.9124,2728.9124
2026-01-23,2735.2080,2778.3089,2726.9753,2746.3464
2026-01-26,2652.8806,2700.3399,2644.1636,2644.1636
2026-01-27,2648.0377,2684.3586,2626.7294,2684.3586
2026-01-28,2658.6919,2681.4530,2642.2264,2663.5347
2026-01-29,2684.3586,2701.7927,2640.2892,2689.2014
2026-01-30,2697.4342,2722.6167,2670.3145,2716.3210
2026-02-02,2764.7488,2765.2331,2657.7231,2657.7231
2026-02-03,2733.7549,2791.8684,2721.6480,2791.8684
2026-02-04,2793.3214,2859.1834,2772.4974,2856.7620
2026-02-05,2854.8248,2855.3091,2764.2647,2788.9629
2026-02-06,2724.5537,2858.6990,2714.8681,2858.6990
2026-02-09,2954.1019,2954.1019,2859.6675,2864.5103
2026-02-10,2905.6740,2960.8818,2899.3784,2938.6050
2026-02-12,2931.8253,2989.9388,2913.4227,2988.0017
2026-02-13,2920.2025,2949.2593,2898.8943,2908.5798
2026-02-16,2905.6741,2906.6426,2814.6296,2819.4724
2026-02-17,2819.4724,2853.3719,2786.0571,2786.0571
2026-02-18,2849.9820,2876.1330,2833.5165,2858.6990
2026-02-19,2867.9003,2914.3911,2862.0890,2914.3911
2026-02-20,2885.8185,2886.3028,2834.0006,2849.4976
2026-02-24,2816.0827,2820.9255,2790.4159,2797.1958
2026-02-25,2797.1956,2798.1642,2720.6795,2741.9878
2026-02-26,2789.4474,2836.4224,2786.5417,2833.0325
2026-02-27,2842.2336,2875.1646,2821.4096,2875.1646
2026-03-02,2733.7551,2774.9189,2699.3713,2731.3337
2026-03-03,2720.1952,2756.5162,2684.8429,2687.7485
2026-03-04,2607.3581,2653.8488,2516.7979,2561.3516
2026-03-05,2658.6919,2700.3399,2626.7295,2649.0063
2026-03-06,2611.2324,2672.7358,2608.8110,2672.7358
2026-03-09,2497.9110,2592.3454,2491.1311,2581.2070
2026-03-10,2629.6350,2666.4402,2607.8425,2635.9307
2026-03-11,2651.9118,2676.1258,2600.0940,2600.0940
2026-03-12,2592.8301,2594.2829,2524.0624,2570.5532
2026-03-13,2510.5025,2576.3645,2509.5340,2572.4902
2026-03-16,2541.9806,2559.8989,2519.7037,2551.1819
2026-03-17,2586.0500,2610.2639,2553.6033,2575.8801
2026-03-18,2610.2640,2649.9749,2599.1256,2645.1321
2026-03-19,2605.4211,2631.0879,2586.0499,2601.5469
2026-03-23,2470.7914,2496.9425,2441.7347,2483.8669
2026-03-24,2532.2950,2561.3517,2514.8609,2556.0247
2026-03-25,2632.5409,2647.0692,2609.2955,2633.0251
2026-03-26,2652.8806,2653.8491,2594.2828,2615.5911
2026-03-27,2596.2198,2637.8678,2592.3455,2629.6350
2026-03-30,2565.4735,2598.0478,2538.8218,2587.1897
2026-03-31,2541.7832,2648.3900,2539.8090,2566.4607
2026-04-01,2675.0418,2777.2066,2656.2869,2771.7776
2026-04-02,2804.3518,2807.3132,2696.7579,2724.3967
2026-04-03,2745.1259,2754.0098,2717.4871,2725.8774
2026-04-06,2742.6580,2779.1807,2734.2677,2755.9839
2026-04-07,2763.8807,2790.5324,2751.5419,2774.7388
2026-04-08,2892.2037,2894.6714,2828.0422,2847.7842
2026-04-09,2858.6424,2865.5521,2793.9873,2805.8325
2026-04-10,2814.2228,2845.3164,2805.3389,2805.3389
2026-04-13,2810.7679,2854.2003,2792.5066,2823.1067
2026-04-14,2852.2261,2852.2261,2788.5581,2813.2356
2026-04-15,2829.0292,2881.3456,2828.0421,2875.9165
2026-04-16,2897.1393,2928.2330,2894.1780,2908.4910
2026-04-17,2882.3328,2888.2554,2810.2745,2832.9778
2026-04-20,2847.7841,2857.1616,2829.0292,2833.4712
2026-04-21,2842.3552,2843.3423,2793.9873,2793.9873
2026-04-22,2783.6226,2787.5710,2736.2418,2757.9580
2026-04-23,2757.9580,2771.2838,2692.8094,2716.4998
2026-04-24,2746.6065,2747.1001,2704.6548,2719.9548
2026-04-27,2709.5901,2760.4258,2679.9771,2752.0354
2026-04-28,2784.6097,2848.7712,2760.4257,2837.9131
2026-04-30,2831.0035,2831.0035,2749.0742,2780.6614
2026-05-01,2763.8807,2776.7130,2718.4741,2761.9065
2026-05-07,2813.2358,2854.2005,2781.1551,2826.0681
2026-05-08,2780.1679,2791.0260,2752.0355,2770.2969
2026-05-11,2773.7517,2819.6519,2765.3613,2819.6519
2026-05-12,2848.2777,2861.6035,2809.2872,2848.7712
2026-05-13,2838.4067,2901.0875,2826.0679,2888.7488
2026-05-14,2882.8263,2885.7876,2837.9133,2839.8875
2026-05-15,2872.9552,2913.4263,2840.3809,2891.2166
2026-05-18,2940.5716,3023.4881,2934.6490,2956.3652
2026-05-19,2990.9137,3069.8817,2986.9653,3067.9075
2026-05-20,3121.2111,3129.1079,2984.9912,2990.9138
2026-05-21,3050.1398,3107.3916,3027.4365,3027.4365
2026-05-22,3058.0367,3099.4949,3033.3591,3051.1270
2026-05-25,3050.1399,3055.0754,3003.7462,3026.4495
2026-05-26,3001.7719,3048.1656,2972.1589,3021.5139
2026-05-27,3021.5139,3026.4494,2978.0815,2991.9009
2026-05-28,2971.1718,2972.1589,2925.7652,2943.5330
2026-05-29,2956.3653,2994.8622,2945.5072,2960.3137
2026-06-01,2956.3653,3000.7849,2938.1040,2984.0042
2026-06-02,2974.1330,3007.6944,2934.1554,3006.7073
2026-06-03,3022.5009,3108.3787,3012.6299,3096.5334
2026-06-04,3096.5334,3166.6175,3041.2558,3128.1206
2026-06-05,3168.5917,3230.7790,3160.6949,3177.4756
2026-06-08,3158.7208,3175.5015,3094.5592,3127.1335
2026-06-09,3155.7595,3207.0887,3127.1336,3138.9788
2026-06-10,3188.3339,3262.3664,3130.0950,3141.9402
2026-06-11,3072.8431,3107.3916,3040.2688,3100.4819
2026-06-12,3100.4818,3163.6562,3088.6366,3121.2109
2026-06-15,3189.3209,3284.0825,3183.3983,3200.1790
2026-06-16,3183.3983,3194.2564,3144.9014,3186.3596
2026-06-17,3223.8694,3269.2760,3217.9468,3229.7920
2026-06-18,3281.1213,3350.2183,3274.2116,3330.4763
2026-06-19,3326.5278,3327.5149,3215.9726,3235.7146
2026-06-22,3200.1790,3291.9793,3197.2177,3290.0051
2026-06-23,3292.9664,3299.8761,3222.8822,3224.8564
2026-06-24,3248.5469,3249.5340,3159.7078,3163.6562
2026-06-25,3232.7534,3233.7405,3169.5790,3191.2952
2026-06-26,3198.2049,3242.6244,3178.4629,3203.1404
2026-06-29,3203.1403,3224.8565,3138.9788,3169.5789
2026-06-30,3196.2305,3214.9854,3165.6304,3165.6304
2026-07-01,3173.5273,3224.8565,3173.5273,3205.1145
2026-07-02,3239.6631,3294.9407,3213.0114,3263.3535
2026-07-03,3282.1084,3293.9536,3255.4567,3283.0955
2026-07-06,3271.2502,3326.5278,3251.5082,3326.5278
2026-07-07,3385.7538,3472.6186,3381.8054,3401.5474
2026-07-08,3410.4313,3429.1862,3357.1279,3388.7151
2026-07-09,3355.1537,3379.8312,3337.3859,3369.9602
2026-07-10,3423.2637,3433.1347,3366.0119,3416.3540
2026-07-13,3442.0186,3518.0253,3441.0315,3495.3220
2026-07-14,3465.7089,3553.5608,3455.8379,3553.5608
2026-07-15,3608.8385,3684.8452,3595.0191,3649.3096
2026-07-16,3630.5547,3649.3096,3578.2384,3582.1868
2026-07-17,3567.3804,3571.3288,3366.9990,3428.1992
2026-07-21,3473.6057,3533.8188,3428.1991,3533.8188
2026-07-22,3552.5737,3637.4643,3526.9091,3620.6836
2026-07-23,3579.2255,3729.2648,3578.2384,3701.6260
2026-07-24,3632.5288,3725.3162,3628.5804,3705.5742
2026-07-27,3721.3680,3763.8133,3711.4970,3749.9939
2026-07-28,3711.4968,3721.3679,3583.1738,3613.7739
2026-07-29,3597.9804,3626.6063,3514.0769,3599.9546
2026-07-30,3514.0768,3534.8059,3468.6702,3479.5283
2026-07-31,3548.6255,3568.3675,3477.5542,3524.9351
2026-08-03,3484.4639,3526.9092,3381.8054,3520.9866
2026-08-04,3420.3023,3482.4896,3399.5732,3425.2378
2026-08-05,3435.1089,3512.1027,3404.5088,3495.3220
2026-08-06,3495.3219,3556.5221,3492.3606,3527.8962
2026-08-07,3554.5479,3556.5221,3500.2573,3518.0251
2026-08-10,3504.2059,3505.1930,3434.1218,3464.7219
2026-08-12,3520.9865,3569.3544,3500.2574,3559.4834
2026-08-13,3609.8256,3661.1548,3580.2126,3661.1548
2026-08-14,3624.6320,3686.8193,3610.8126,3638.4514
2026-08-17,3657.2063,3693.7290,3601.9287,3601.9287
2026-08-18,3594.0320,3661.1548,3590.0836,3606.8643
2026-08-19,3553.5608,3556.5221,3444.9798,3449.9153
2026-08-20,3405.4958,3438.0701,3370.9473,3419.3152
2026-08-21,3415.3667,3478.5412,3399.5731,3462.7476
2026-08-24,3495.3220,3496.3091,3430.1733,3436.0959
2026-08-25,3444.9799,3483.4768,3427.2121,3483.4768
2026-08-26,3509.1414,3541.7157,3494.3349,3532.8318
2026-08-27,3543.6900,3569.3546,3511.1157,3561.4578
2026-08-28,3536.7802,3630.5547,3528.8834,3610.8127
2026-08-31,3593.0448,3634.5030,3538.7543,3632.5288
2026-09-01,3603.9031,3679.9098,3573.3030,3652.2710
2026-09-02,3632.5289,3665.1032,3600.9417,3636.4773
2026-09-03,3640.4256,3745.0582,3637.4643,3705.5742
2026-09-04,3741.1098,3741.1098,3653.2579,3736.1743
2026-09-07,3711.4968,3746.0453,3658.1934,3663.1289
2026-09-08,3614.7610,3679.9096,3580.2125,3608.8384
2026-09-09,3554.5481,3616.7354,3538.7545,3554.5481
2026-09-10,3543.6898,3633.5159,3533.8188,3614.7610
2026-09-11,3535.7930,3636.4772,3528.8833,3613.7739
2026-09-14,3612.7869,3674.9742,3580.2126,3672.0129
2026-09-15,3665.1031,3684.8451,3595.0190,3620.6836
2026-09-16,3620.6836,3668.0644,3606.8642,3607.8513
2026-09-17,3590.0836,3643.3870,3587.1223,3604.8901
2026-09-18,3601.9289,3619.6967,3539.7416,3573.3030
2026-09-24,3554.5480,3558.4964,3508.1543,3526.9092
2026-09-25,3563.4319,3671.0258,3561.4577,3666.0903
2026-09-28,3662.1419,3691.7549,3645.3612,3673.0000
2026-09-29,3650.0000,3663.0000,3592.0000,3592.0000
2026-09-30,3610.0000,3705.0000,3589.0000,3700.0000
2026-10-01,3653.0000,3668.0000,3577.0000,3586.0000
2026-10-02,3569.0000,3604.0000,3541.0000,3544.0000
2026-10-05,3548.0000,3615.0000,3545.0000,3615.0000
2026-10-06,3615.0000,3682.0000,3606.0000,3671.0000
2026-10-07,3657.0000,3703.0000,3622.0000,3622.0000
2026-10-08,3591.0000,3598.0000,3529.0000,3532.0000
