Date,Open,High,Low,Close
2000-01-04,1233.4446,1235.6832,1226.7289,1233.4446
2000-01-05,1231.2063,1251.3533,1226.7291,1251.3533
2000-01-06,1273.7387,1273.7387,1231.2062,1231.2062
2000-01-07,1231.2061,1235.6832,1220.0132,1233.4446
2000-01-10,1233.4446,1233.4446,1233.4446,1233.4446
2000-01-11,1224.4901,1231.2057,1197.6274,1211.0587
2000-01-12,1208.8204,1215.5361,1197.6277,1197.6277
2000-01-13,1186.4345,1195.3887,1164.0490,1170.7646
2000-01-14,1170.7652,1170.7652,1143.9025,1164.0496
2000-01-17,1143.9023,1190.9120,1143.9023,1175.2421
2000-01-18,1186.4345,1190.9116,1170.7646,1170.7646
2000-01-19,1173.0032,1173.0032,1139.4249,1159.5719
2000-01-20,1141.6636,1148.3792,1130.4708,1141.6636
2000-01-21,1141.6641,1148.3797,1128.2327,1130.4713
2000-01-24,1125.9940,1141.6639,1125.9940,1134.9482
2000-01-25,1146.1405,1190.9116,1143.9020,1170.7646
2000-01-26,1164.0492,1170.7648,1146.1407,1152.8563
2000-01-27,1150.6182,1150.6182,1130.4711,1146.1410
2000-01-28,1146.1408,1157.3337,1137.1867,1155.0951
2000-01-31,1141.6639,1148.3796,1134.9482,1134.9482
2000-02-01,1137.1870,1137.1870,1128.2327,1130.4713
2000-02-02,1141.6635,1177.4805,1128.2322,1173.0033
2000-02-03,1168.5262,1173.0033,1152.8563,1161.8105
2000-02-04,1164.0496,1177.4809,1159.5724,1164.0496
2000-02-07,1164.0491,1186.4346,1161.8105,1186.4346
2000-02-08,1164.0496,1175.2423,1161.8110,1164.0496
2000-02-09,1161.8108,1175.2421,1152.8565,1155.0951
2000-02-10,1148.3794,1157.3337,1141.6638,1143.9023
2000-02-11,1143.9023,1143.9023,1143.9023,1143.9023
2000-02-14,1141.6636,1143.9022,1125.9937,1141.6636
2000-02-15,1128.2321,1141.6634,1105.8465,1125.9935
2000-02-16,1103.6078,1114.8005,1083.4608,1087.9379
2000-02-17,1085.6998,1155.0951,1083.4613,1155.0951
2000-02-18,1092.4153,1094.6539,1065.5526,1076.7455
2000-02-21,1061.0755,1065.5526,1000.6345,1000.6345
2000-02-22,993.9191,1000.6347,962.5793,964.8178
2000-02-23,1043.1676,1117.0399,1007.3506,1074.5073
2000-02-24,1074.5070,1105.8467,1074.5070,1090.1769
2000-02-25,1119.2785,1130.4713,1114.8014,1130.4713
2000-02-28,1119.2781,1130.4709,1101.3697,1108.0853
2000-02-29,1119.2784,1123.7556,1101.3700,1110.3242
2000-03-01,1121.5170,1121.5170,1085.7000,1110.3242
2000-03-02,1119.2779,1123.7550,1101.3694,1114.8008
2000-03-03,1103.6083,1117.0396,1094.6541,1094.6541
2000-03-06,1105.8466,1121.5165,1105.8466,1112.5623
2000-03-07,1117.0397,1155.0951,1112.5625,1155.0951
2000-03-08,1152.8565,1208.8204,1132.7095,1197.6277
2000-03-09,1179.7189,1186.4346,1146.1406,1186.4346
2000-03-10,1119.2780,1152.8563,1096.8924,1119.2780
2000-03-13,1096.8923,1110.3236,1052.1211,1078.9838
2000-03-14,1101.3695,1141.6635,1078.9839,1119.2780
2000-03-15,1052.1211,1076.7453,1009.5886,1063.3140
2000-03-16,1063.3140,1128.2321,1063.3140,1125.9935
2000-03-17,1141.6637,1141.6637,1094.6540,1108.0853
2000-03-20,1108.0853,1108.0853,1108.0853,1108.0853
2000-03-21,1096.8923,1103.6080,1038.6898,1047.6440
2000-03-22,1047.6440,1078.9838,1047.6440,1078.9838
2000-03-23,1067.7909,1092.4149,1061.0752,1087.9379
2000-03-24,1096.8921,1101.3692,1054.3595,1087.9379
2000-03-27,1119.2781,1119.2781,1096.8926,1099.1311
2000-03-28,1125.0060,1226.2566,1125.0060,1206.0065
2000-03-29,1206.0068,1219.5068,1170.0066,1215.0068
2000-03-30,1192.5070,1192.5070,1111.5066,1113.7566
2000-03-31,1170.0069,1215.0072,1161.0068,1197.0071
2000-04-03,1197.0070,1284.7575,1188.0069,1278.0074
2000-04-04,1323.0074,1350.0076,1300.5073,1318.5074
2000-04-05,1273.5068,1316.2571,1260.0067,1280.2568
2000-04-06,1278.0074,1278.0074,1208.2569,1255.5072
2000-04-07,1233.0069,1251.0071,1212.7568,1215.0068
2000-04-10,1212.7566,1221.7567,1203.7566,1212.7566
2000-04-11,1194.7565,1203.7565,1188.0064,1190.2565
2000-04-12,1192.5068,1239.7571,1192.5068,1228.5071
2000-04-13,1206.0069,1260.0072,1199.2569,1255.5072
2000-04-14,1248.7572,1248.7572,1219.5070,1237.5072
2000-04-17,1244.2571,1318.5075,1194.7568,1311.7574
2000-04-18,1311.7574,1334.2575,1284.7573,1318.5074
2000-04-19,1341.0076,1345.5077,1314.0075,1338.7577
2000-04-20,1336.5077,1347.7578,1325.2577,1345.5078
2000-04-21,1343.2580,1388.2583,1343.2580,1370.2582
2000-04-24,1329.7577,1363.5079,1329.7577,1345.5078
2000-04-25,1341.0076,1356.7577,1329.7575,1356.7577
2000-04-26,1372.5077,1431.0080,1356.7576,1428.7581
2000-04-27,1406.2579,1415.2580,1377.0078,1395.0079
2000-04-28,1428.7582,1453.5083,1406.2580,1440.0082
2000-05-01,1395.0076,1401.7577,1374.7575,1390.5076
2000-05-02,1395.0081,1422.0083,1388.2581,1406.2581
2000-05-03,1406.2581,1406.2581,1406.2581,1406.2581
2000-05-04,1406.2581,1406.2581,1406.2581,1406.2581
2000-05-05,1406.2581,1406.2581,1406.2581,1406.2581
2000-05-08,1361.2572,1381.5073,1347.7572,1354.5072
2000-05-09,1354.5072,1354.5072,1354.5072,1354.5072
2000-05-10,1329.7576,1417.5081,1329.7576,1417.5081
2000-05-11,1401.7580,1413.0079,1383.7578,1395.0079
2000-05-12,1397.2576,1408.5077,1374.7574,1408.5077
2000-05-15,1363.5072,1388.2574,1361.2572,1368.0072
2000-05-16,1372.5075,1426.5077,1370.2574,1426.5077
2000-05-17,1404.0077,1404.0077,1370.2575,1392.7576
2000-05-18,1370.2579,1390.5080,1305.0075,1320.7576
2000-05-19,1305.0075,1338.7577,1296.0074,1338.7577
2000-05-22,1293.7572,1307.2573,1273.5071,1289.2572
2000-05-23,1327.5074,1417.5080,1311.7574,1401.7579
2000-05-24,1352.2575,1359.0076,1338.7575,1359.0076
2000-05-25,1404.0073,1417.5074,1377.0072,1415.2574
2000-05-26,1392.7579,1413.0080,1372.5078,1397.2579
2000-05-29,1395.0080,1397.2579,1379.2579,1397.2579
2000-05-30,1397.2579,1397.2579,1397.2579,1397.2579
2000-05-31,1372.5079,1381.5079,1338.7577,1381.5079
2000-06-01,1359.0072,1372.5073,1350.0071,1368.0072
2000-06-02,1323.0076,1338.7577,1275.7573,1282.5073
2000-06-05,1275.7571,1293.7572,1248.7570,1269.0071
2000-06-06,1260.0071,1266.7572,1242.0070,1244.2571
2000-06-07,1251.0072,1302.7574,1251.0072,1282.5073
2000-06-08,1282.5070,1327.5072,1275.7569,1327.5072
2000-06-09,1338.7578,1345.5078,1316.2576,1345.5078
2000-06-12,1345.5071,1370.2572,1345.5071,1368.0072
2000-06-13,1368.0079,1410.7581,1368.0079,1406.2581
2000-06-14,1368.0076,1368.0076,1327.5074,1336.5074
2000-06-15,1314.0072,1320.7573,1287.0071,1287.0071
2000-06-16,1287.0074,1354.5078,1287.0074,1345.5078
2000-06-19,1361.2573,1381.5074,1352.2573,1372.5074
2000-06-20,1395.0080,1399.5079,1383.7579,1397.2579
2000-06-21,1399.5079,1399.5079,1372.5078,1397.2579
2000-06-22,1397.2577,1397.2577,1379.2576,1386.0076
2000-06-23,1392.7575,1406.2576,1374.7575,1390.5076
2000-06-26,1377.0075,1406.2576,1377.0075,1390.5076
2000-06-27,1406.2579,1413.0079,1390.5078,1401.7579
2000-06-28,1399.5073,1417.5074,1395.0073,1415.2574
2000-06-29,1417.5080,1419.7579,1395.0079,1419.7579
2000-06-30,1413.0077,1417.5078,1386.0076,1386.0076
2000-07-03,1431.0082,1444.5083,1419.7581,1440.0082
2000-07-04,1462.5078,1467.0077,1451.2577,1451.2577
2000-07-05,1464.7582,1467.0081,1440.0080,1455.7582
2000-07-06,1433.2586,1462.5089,1401.7585,1462.5089
2000-07-07,1455.7581,1462.5081,1431.0079,1458.0081
2000-07-10,1451.2584,1471.5085,1451.2584,1471.5085
2000-07-11,1471.5082,1473.7582,1460.2581,1473.7582
2000-07-12,1451.2585,1462.5087,1446.7585,1460.2585
2000-07-13,1442.2577,1442.2577,1401.7575,1410.7574
2000-07-14,1401.7575,1410.7575,1356.7572,1365.7573
2000-07-17,1320.7575,1350.0077,1318.5076,1323.0076
2000-07-18,1343.2577,1363.5078,1314.0075,1320.7576
2000-07-19,1343.2577,1363.5078,1314.0075,1320.7576
2000-07-20,1320.7576,1320.7576,1320.7576,1320.7576
2000-07-21,1440.0080,1440.0080,1350.0076,1350.0076
2000-07-24,1372.5075,1440.0078,1356.7574,1431.0078
2000-07-25,1410.7574,1417.5074,1399.5073,1415.2574
2000-07-26,1392.7580,1404.0081,1377.0079,1381.5079
2000-07-27,1404.0080,1428.7582,1383.7579,1417.5081
2000-07-28,1422.0078,1440.0078,1413.0076,1426.5077
2000-07-31,1422.0076,1433.2576,1399.5074,1433.2576
2000-08-01,1404.0080,1404.0080,1361.2577,1374.7578
2000-08-02,1352.2576,1370.2577,1345.5076,1350.0076
2000-08-03,1361.2575,1361.2575,1343.2575,1359.0076
2000-08-04,1350.0076,1410.7579,1350.0076,1401.7579
2000-08-07,1379.2580,1406.2581,1291.5075,1406.2581
2000-08-08,1415.2576,1415.2576,1365.7573,1365.7573
2000-08-09,1365.7577,1383.7578,1365.7577,1379.2578
2000-08-10,1356.7576,1381.5077,1356.7576,1361.2576
2000-08-11,1359.0074,1377.0074,1359.0074,1372.5074
2000-08-14,1350.0076,1372.5078,1332.0075,1347.7576
2000-08-15,1336.5077,1347.7577,1327.5076,1332.0077
2000-08-16,1323.0072,1329.7573,1305.0072,1316.2572
2000-08-17,1293.7575,1298.2576,1257.7573,1262.2573
2000-08-18,1275.7569,1329.7572,1273.5069,1327.5072
2000-08-21,1327.5074,1338.7575,1282.5071,1300.5072
2000-08-22,1300.5071,1316.2572,1282.5070,1316.2572
2000-08-23,1327.5074,1327.5074,1282.5071,1300.5072
2000-08-24,1345.5072,1372.5074,1327.5071,1354.5072
2000-08-25,1332.0076,1350.0077,1311.7575,1323.0076
2000-08-28,1307.2570,1316.2571,1291.5070,1305.0071
2000-08-29,1305.0073,1341.0074,1293.7572,1341.0074
2000-08-30,1338.7577,1338.7577,1318.5076,1323.0076
2000-08-31,1316.2571,1329.7572,1305.0071,1305.0071
2000-09-01,1327.5071,1329.7572,1284.7570,1305.0071
2000-09-04,1296.0075,1305.0076,1289.2574,1293.7574
2000-09-05,1284.7571,1291.5071,1260.0069,1284.7571
2000-09-06,1273.5069,1284.7570,1271.2570,1271.2570
2000-09-07,1271.2574,1300.5075,1271.2574,1293.7574
2000-09-08,1291.5075,1320.7576,1280.2573,1320.7576
2000-09-11,1296.0070,1298.2571,1262.2568,1266.7568
2000-09-12,1262.2573,1289.2575,1262.2573,1262.2573
2000-09-13,1284.7572,1289.2572,1266.7570,1289.2572
2000-09-14,1271.2573,1284.7574,1266.7572,1282.5073
2000-09-15,1282.5073,1282.5073,1282.5073,1282.5073
2000-09-18,1264.5071,1291.5072,1257.7570,1291.5072
2000-09-19,1269.0071,1298.2573,1264.5071,1298.2573
2000-09-20,1305.0076,1345.5079,1298.2576,1343.2578
2000-09-21,1311.7571,1374.7574,1311.7571,1372.5074
2000-09-22,1370.2574,1374.7574,1350.0073,1372.5074
2000-09-25,1386.0078,1388.2579,1361.2577,1379.2578
2000-09-26,1396.2019,1396.2019,1378.1282,1380.3873
2000-09-27,1323.9065,1335.2026,1299.0549,1299.0549
2000-09-28,1317.1288,1321.6472,1308.0918,1310.3511
2000-09-29,1323.9066,1357.7950,1319.3881,1357.7950
2000-10-02,1357.7954,1357.7954,1321.6477,1355.5361
2000-10-03,1353.2767,1382.6467,1344.2399,1371.3506
2000-10-04,1382.6465,1387.1649,1366.8319,1378.1281
2000-10-05,1387.1652,1396.2021,1378.1284,1396.2021
2000-10-06,1396.2019,1400.7204,1391.6833,1391.6833
2000-10-09,1391.6833,1391.6833,1391.6833,1391.6833
2000-10-10,1396.2017,1412.0162,1389.4240,1412.0162
2000-10-11,1409.7572,1412.0164,1366.8319,1366.8319
2000-10-12,1393.9430,1405.2390,1387.1652,1393.9430
2000-10-13,1398.4612,1405.2389,1382.6467,1402.9797
2000-10-16,1402.9797,1402.9797,1402.9797,1402.9797
2000-10-17,1391.6834,1407.4981,1382.6465,1389.4242
2000-10-18,1369.0913,1400.7205,1348.7583,1398.4612
2000-10-19,1396.2019,1396.2019,1366.8319,1389.4242
2000-10-20,1389.4242,1389.4242,1366.8319,1389.4242
2000-10-23,1375.8691,1398.4614,1371.3507,1375.8691
2000-10-24,1375.8689,1391.6834,1375.8689,1380.3873
2000-10-25,1389.4245,1398.4613,1375.8691,1393.9430
2000-10-26,1382.6468,1405.2390,1380.3876,1400.7207
2000-10-27,1400.7207,1400.7207,1400.7207,1400.7207
2000-10-30,1409.7571,1409.7571,1396.2017,1407.4979
2000-10-31,1402.9794,1418.7940,1402.9794,1416.5348
2000-11-01,1407.4977,1421.0531,1391.6831,1421.0531
2000-11-02,1423.3127,1427.8312,1418.7942,1427.8312
2000-11-03,1427.8312,1427.8312,1427.8312,1427.8312
2000-11-06,1423.3123,1427.8308,1414.2754,1421.0531
2000-11-07,1421.0536,1423.3127,1382.6467,1398.4612
2000-11-08,1396.2019,1398.4611,1369.0912,1369.0912
2000-11-09,1378.1281,1389.4242,1303.5736,1303.5736
2000-11-10,1355.5358,1405.2387,1355.5358,1382.6465
2000-11-13,1389.4243,1423.3127,1382.6467,1423.3127
2000-11-14,1400.7204,1409.7572,1371.3504,1391.6833
2000-11-15,1400.7207,1400.7207,1373.6099,1375.8691
2000-11-16,1380.3868,1382.6461,1364.5723,1373.6091
2000-11-17,1393.9425,1412.0162,1391.6832,1412.0162
2000-11-20,1418.7942,1434.6089,1412.0165,1427.8312
2000-11-21,1432.3499,1432.3499,1412.0168,1432.3499
2000-11-22,1427.8310,1430.0902,1416.5348,1425.5717
2000-11-23,1425.5717,1425.5717,1425.5717,1425.5717
2000-11-24,1425.5722,1445.9052,1414.2761,1432.3499
2000-11-27,1423.3123,1434.6085,1407.4977,1421.0531
2000-11-28,1412.0164,1414.2757,1375.8688,1378.1281
2000-11-29,1400.7202,1418.7939,1393.9425,1412.0162
2000-11-30,1423.3127,1445.9049,1416.5350,1441.3866
2000-12-01,1445.9050,1473.0157,1445.9050,1454.9420
2000-12-04,1468.4975,1473.0158,1454.9421,1459.4604
2000-12-05,1470.7566,1470.7566,1459.4604,1459.4604
2000-12-06,1450.4233,1463.9787,1425.5718,1452.6825
2000-12-07,1434.6090,1448.1644,1434.6090,1434.6090
2000-12-08,1468.4975,1468.4975,1457.2013,1459.4604
2000-12-11,1452.6819,1470.7558,1450.4228,1457.2004
2000-12-12,1473.0157,1482.0527,1466.2380,1475.2750
2000-12-13,1470.7565,1482.0527,1457.2011,1479.7933
2000-12-14,1459.4601,1477.5340,1459.4601,1473.0155
2000-12-15,1479.7935,1488.8305,1470.7566,1486.5712
2000-12-18,1491.0895,1506.9041,1486.5710,1506.9041
2000-12-19,1504.6450,1506.9042,1491.0897,1504.6450
2000-12-20,1504.6445,1518.1999,1495.6077,1513.6814
2000-12-21,1518.1998,1518.1998,1504.6445,1518.1998
2000-12-22,1518.1998,1518.1998,1495.6076,1518.1998
2000-12-25,1518.2001,1534.0146,1509.1633,1534.0146
2000-12-26,1540.7927,1549.8297,1527.2374,1540.7927
2000-12-27,1545.3108,1554.3477,1534.0147,1549.8293
2000-12-28,1534.0146,1534.0146,1500.1262,1515.9409
2000-12-29,1511.4222,1518.1999,1509.1631,1513.6814
2001-01-01,1513.6814,1513.6814,1513.6814,1513.6814
2001-01-02,1513.6814,1513.6814,1513.6814,1513.6814
2001-01-03,1513.6814,1513.6814,1513.6814,1513.6814
2001-01-04,1479.7930,1509.1631,1457.2008,1509.1631
2001-01-05,1479.7933,1484.3118,1463.9788,1479.7933
2001-01-08,1479.7933,1479.7933,1479.7933,1479.7933
2001-01-09,1407.4981,1443.6456,1407.4981,1443.6456
2001-01-10,1421.0534,1443.6456,1416.5349,1443.6456
2001-01-11,1402.9794,1418.7939,1389.4240,1412.0162
2001-01-12,1389.4245,1400.7207,1375.8691,1396.2021
2001-01-15,1362.3130,1373.6091,1346.4984,1373.6091
2001-01-16,1351.0171,1355.5355,1337.4617,1348.7578
2001-01-17,1355.5358,1355.5358,1319.3881,1323.9066
2001-01-18,1283.2404,1321.6472,1283.2404,1321.6472
2001-01-19,1299.0553,1308.0922,1285.4999,1287.7592
2001-01-22,1292.2773,1332.9433,1290.0181,1321.6472
2001-01-23,1321.6474,1346.4989,1321.6474,1337.4620
2001-01-24,1328.4255,1341.9808,1323.9070,1339.7216
2001-01-25,1332.9435,1355.5358,1303.5736,1314.8698
2001-01-26,1314.8698,1344.2398,1308.0921,1332.9436
2001-01-29,1332.9437,1375.8691,1332.9437,1362.3137
2001-01-30,1351.0177,1351.0177,1310.3517,1335.2031
2001-01-31,1317.1287,1348.7578,1314.8694,1348.7578
2001-02-01,1341.9808,1346.4993,1321.6478,1346.4993
2001-02-02,1346.4993,1364.5731,1339.7216,1346.4993
2001-02-05,1323.9071,1366.8323,1323.9071,1346.4993
2001-02-06,1346.4989,1360.0543,1335.2028,1353.2766
2001-02-07,1353.2767,1375.8690,1353.2767,1371.3506
2001-02-08,1357.7954,1364.5731,1351.0177,1355.5361
2001-02-09,1357.7954,1373.6099,1355.5361,1355.5361
2001-02-12,1355.5361,1355.5361,1355.5361,1355.5361
2001-02-13,1332.9435,1348.7581,1314.8697,1337.4620
2001-02-14,1348.7581,1398.4610,1346.4989,1391.6833
2001-02-15,1412.0168,1443.6460,1391.6838,1432.3499
2001-02-16,1454.9419,1473.0156,1443.6457,1445.9049
2001-02-19,1445.9051,1445.9051,1407.4983,1414.2760
2001-02-20,1416.5349,1463.9787,1416.5349,1452.6825
2001-02-21,1459.4604,1477.5343,1457.2012,1468.4974
2001-02-22,1468.4976,1497.8675,1450.4237,1477.5344
2001-02-23,1470.7566,1477.5343,1454.9421,1468.4974
2001-02-26,1473.0159,1502.3860,1473.0159,1502.3860
2001-02-27,1491.0891,1495.6076,1463.9784,1488.8300
2001-02-28,1466.2376,1502.3853,1463.9784,1488.8300
2001-03-01,1491.0896,1520.4594,1473.0157,1475.2750
2001-03-02,1475.2748,1506.9039,1468.4972,1473.0155
2001-03-05,1475.2753,1515.9413,1473.0159,1502.3860
2001-03-06,1513.6814,1520.4591,1504.6445,1513.6814
2001-03-07,1491.0895,1497.8672,1459.4603,1479.7933
2001-03-08,1457.2007,1497.8668,1450.4231,1488.8300
2001-03-09,1488.8301,1513.6814,1488.8301,1509.1631
2001-03-12,1486.5710,1518.2002,1486.5710,1500.1263
2001-03-13,1500.1266,1513.6820,1482.0529,1502.3860
2001-03-14,1502.3860,1502.3860,1502.3860,1502.3860
2001-03-15,1468.4973,1500.1264,1463.9788,1479.7933
2001-03-16,1457.2012,1479.7934,1454.9420,1454.9420
2001-03-19,1454.9419,1486.5709,1454.9419,1484.3118
2001-03-20,1484.3118,1484.3118,1484.3118,1484.3118
2001-03-21,1493.3487,1524.9779,1491.0895,1524.9779
2001-03-22,1502.3860,1515.9413,1477.5344,1477.5344
2001-03-23,1432.3496,1506.9041,1432.3496,1479.7933
2001-03-26,1475.2750,1524.9779,1450.4234,1524.9779
2001-03-27,1519.3088,1539.7174,1507.9708,1537.4498
2001-03-28,1521.5767,1535.1824,1483.0270,1526.1118
2001-03-29,1519.3083,1535.1818,1514.7732,1523.8436
2001-03-30,1535.1824,1546.5204,1526.1118,1526.1118
2001-04-02,1526.1115,1530.6468,1473.9562,1478.4913
2001-04-03,1510.2381,1541.9849,1510.2381,1539.7172
2001-04-04,1537.4501,1546.5205,1528.3796,1546.5205
2001-04-05,1544.2528,1555.5910,1537.4499,1541.9852
2001-04-06,1551.0552,1553.3227,1526.1113,1551.0552
2001-04-09,1548.7878,1548.7878,1530.6467,1539.7172
2001-04-10,1532.9145,1532.9145,1494.3650,1501.1678
2001-04-11,1501.1682,1514.7739,1476.2243,1507.9711
2001-04-12,1507.9705,1521.5762,1487.5618,1519.3085
2001-04-13,1521.5765,1521.5765,1485.2944,1487.5621
2001-04-16,1487.5623,1523.8443,1487.5623,1510.2385
2001-04-17,1530.6470,1539.7174,1514.7736,1537.4498
2001-04-18,1519.3091,1539.7178,1517.0416,1535.1826
2001-04-19,1537.4496,1546.5200,1521.5763,1539.7172
2001-04-20,1507.9707,1528.3793,1485.2944,1501.1678
2001-04-23,1523.8442,1544.2528,1521.5766,1541.9852
2001-04-24,1539.7176,1553.3234,1526.1119,1544.2529
2001-04-25,1553.3231,1553.3231,1537.4498,1537.4498
2001-04-26,1553.3231,1553.3231,1537.4498,1537.4498
2001-04-27,1553.3232,1560.1261,1544.2528,1560.1261
2001-04-30,1560.1261,1560.1261,1560.1261,1560.1261
2001-05-01,1560.1258,1564.6611,1553.3230,1564.6611
2001-05-02,1564.6610,1575.9991,1546.5199,1575.9991
2001-05-03,1575.9991,1575.9991,1575.9991,1575.9991
2001-05-04,1575.9991,1575.9991,1575.9991,1575.9991
2001-05-07,1580.5340,1607.7455,1562.3931,1607.7455
2001-05-08,1585.0701,1600.9434,1553.3233,1569.1968
2001-05-09,1523.8444,1566.9292,1512.5062,1562.3940
2001-05-10,1494.3652,1551.0558,1494.3652,1544.2529
2001-05-11,1521.5761,1535.1818,1514.7732,1523.8436
2001-05-14,1541.9848,1541.9848,1505.7027,1519.3085
2001-05-15,1505.7035,1514.7741,1496.6330,1503.4359
2001-05-16,1498.9002,1507.9708,1485.2944,1485.2944
2001-05-17,1528.3793,1566.9288,1514.7736,1566.9288
2001-05-18,1521.5762,1539.7171,1503.4352,1519.3085
2001-05-21,1498.9001,1541.9851,1498.9001,1512.5059
2001-05-22,1539.7175,1546.5204,1528.3795,1528.3795
2001-05-23,1537.4499,1553.3232,1526.1117,1541.9852
2001-05-24,1541.9854,1555.5911,1530.6472,1546.5205
2001-05-25,1546.5205,1546.5205,1523.8443,1546.5205
2001-05-28,1564.6612,1575.9994,1548.7879,1571.4641
2001-05-29,1575.9997,1585.0701,1569.1968,1580.5348
2001-05-30,1578.2666,1594.1399,1562.3933,1591.8723
2001-05-31,1603.2115,1610.0144,1591.8734,1603.2115
2001-06-01,1594.1396,1596.4074,1580.5339,1582.8016
2001-06-04,1564.6610,1587.3371,1564.6610,1585.0696
2001-06-05,1566.9288,1569.1966,1541.9851,1555.5908
2001-06-06,1555.5906,1562.3935,1546.5200,1557.8582
2001-06-07,1535.1820,1555.5907,1501.1677,1521.5763
2001-06-08,1453.5477,1521.5765,1451.2800,1505.7030
2001-06-11,1483.0268,1523.8440,1483.0268,1501.1678
2001-06-12,1512.5056,1541.9848,1503.4352,1519.3085
2001-06-13,1519.3092,1526.1121,1503.4359,1503.4359
2001-06-14,1519.3085,1541.9849,1503.4352,1539.7172
2001-06-15,1537.4498,1578.2670,1519.3087,1566.9288
2001-06-18,1587.3369,1607.7455,1580.5340,1607.7455
2001-06-19,1582.8025,1594.1405,1571.4643,1580.5348
2001-06-20,1585.0698,1594.1403,1571.4641,1594.1403
2001-06-21,1589.6054,1605.4788,1580.5348,1605.4788
2001-06-22,1605.4780,1616.8162,1598.6751,1616.8162
2001-06-25,1610.0133,1616.8162,1607.7456,1610.0133
2001-06-26,1616.8166,1632.6900,1612.2813,1625.8871
2001-06-27,1625.8870,1632.6899,1619.0841,1619.0841
2001-06-28,1623.6194,1625.8870,1600.9431,1619.0841
2001-06-29,1625.8872,1632.6901,1614.5490,1632.6901
2001-07-02,1630.4222,1632.6898,1612.2812,1630.4222
2001-07-03,1632.6903,1641.7607,1630.4227,1641.7607
2001-07-04,1632.6898,1637.2251,1619.0840,1637.2251
2001-07-05,1639.4926,1655.3660,1632.6898,1644.0280
2001-07-06,1632.6892,1644.0274,1616.8159,1634.9568
2001-07-09,1632.6900,1639.4928,1625.8871,1625.8871
2001-07-10,1646.2950,1646.2950,1625.8863,1634.9568
2001-07-11,1632.6902,1644.0284,1621.3520,1628.1549
2001-07-12,1644.0282,1653.0986,1630.4224,1650.8311
2001-07-13,1644.0280,1646.2955,1630.4222,1644.0280
2001-07-16,1632.6902,1639.4930,1630.4226,1639.4930
2001-07-17,1628.1545,1632.6898,1610.0136,1630.4222
2001-07-18,1625.8868,1632.6897,1589.6049,1600.9429
2001-07-19,1578.2673,1587.3377,1537.4500,1548.7882
2001-07-20,1548.7882,1548.7882,1548.7882,1548.7882
2001-07-23,1548.7877,1548.7877,1510.2380,1514.7733
2001-07-24,1560.1263,1562.3940,1523.8443,1544.2529
2001-07-25,1537.4496,1539.7172,1507.9705,1539.7172
2001-07-26,1539.7174,1539.7174,1487.5621,1501.1678
2001-07-27,1501.1681,1512.5061,1487.5623,1510.2385
2001-07-30,1537.4499,1573.7318,1528.3795,1560.1261
2001-07-31,1553.3230,1553.3230,1514.7734,1517.0410
2001-08-01,1519.3086,1523.8439,1492.0971,1517.0410
2001-08-02,1521.5770,1521.5770,1498.9006,1503.4359
2001-08-03,1498.8998,1517.0408,1492.0969,1496.6322
2001-08-06,1496.6325,1514.7736,1492.0972,1512.5059
2001-08-07,1489.8300,1512.5062,1489.8300,1507.9711
2001-08-08,1507.9709,1557.8586,1507.9709,1526.1118
2001-08-09,1537.4495,1562.3935,1519.3085,1519.3085
2001-08-10,1507.9704,1517.0409,1498.8998,1514.7733
2001-08-13,1537.4495,1587.3372,1526.1113,1575.9991
2001-08-14,1598.6751,1621.3513,1578.2665,1610.0133
2001-08-15,1571.4640,1589.6051,1569.1964,1573.7316
2001-08-16,1596.4081,1623.6196,1585.0699,1614.5490
2001-08-17,1614.5490,1616.8167,1591.8728,1614.5490
2001-08-20,1591.8722,1623.6190,1591.8722,1616.8162
2001-08-21,1628.1542,1632.6895,1610.0133,1610.0133
2001-08-22,1587.3375,1628.1547,1587.3375,1614.5490
2001-08-23,1614.5487,1657.6337,1607.7458,1653.0984
2001-08-24,1653.0986,1664.4368,1637.2253,1650.8311
2001-08-27,1644.0284,1682.5779,1634.9578,1662.1693
2001-08-28,1655.3660,1657.6337,1634.9573,1655.3660
2001-08-29,1610.0141,1616.8170,1582.8026,1598.6759
2001-08-30,1575.9991,1605.4782,1564.6609,1600.9429
2001-08-31,1578.2666,1621.3514,1578.2666,1591.8723
2001-09-03,1575.9993,1610.0137,1571.4640,1573.7316
2001-09-04,1575.9998,1616.8170,1573.7320,1612.2817
2001-09-05,1598.6759,1605.4788,1591.8730,1598.6759
2001-09-06,1589.6047,1632.6895,1589.6047,1610.0133
2001-09-07,1587.3381,1605.4791,1580.5352,1603.2115
2001-09-10,1594.1409,1632.6906,1591.8734,1603.2115
2001-09-11,1591.8730,1596.4083,1573.7319,1587.3376
2001-09-12,1541.9849,1616.8166,1519.3086,1564.6611
2001-09-13,1557.8581,1585.0696,1553.3228,1585.0696
2001-09-14,1598.6753,1607.7457,1571.4638,1600.9429
2001-09-17,1605.4789,1607.7465,1587.3378,1596.4084
2001-09-18,1573.7313,1600.9428,1573.7313,1591.8723
2001-09-19,1587.3377,1616.8170,1575.9997,1598.6759
2001-09-20,1553.3233,1575.9997,1539.7175,1569.1968
2001-09-21,1537.4497,1589.6052,1528.3793,1571.4641
2001-09-24,1571.4641,1571.4641,1571.4641,1571.4641
2001-09-25,1552.1192,1579.4292,1547.5676,1556.6709
2001-09-26,1547.5679,1549.8437,1504.3269,1524.8094
2001-09-27,1522.5346,1552.1204,1520.2588,1540.7413
2001-09-28,1540.7413,1540.7413,1540.7413,1540.7413
2001-10-01,1636.3250,1665.9108,1634.0491,1640.8766
2001-10-02,1643.1528,1688.6694,1638.6011,1688.6694
2001-10-03,1684.1184,1684.1184,1645.4292,1647.7050
2001-10-04,1670.4628,1672.7386,1640.8769,1661.3594
2001-10-05,1652.2554,1659.0829,1606.7387,1613.5662
2001-10-08,1613.5662,1613.5662,1613.5662,1613.5662
2001-10-09,1595.3607,1613.5672,1561.2231,1561.2231
2001-10-10,1590.8087,1649.9804,1583.9812,1638.6012
2001-10-11,1649.9803,1649.9803,1593.0843,1615.8428
2001-10-12,1609.0161,1609.0161,1565.7751,1609.0161
2001-10-15,1570.3260,1606.7393,1570.3260,1606.7393
2001-10-16,1604.4638,1636.3255,1593.0845,1624.9463
2001-10-17,1634.0495,1638.6012,1609.0154,1636.3254
2001-10-18,1604.4644,1611.2919,1590.8094,1609.0161
2001-10-19,1572.6019,1593.0845,1570.3262,1586.2570
2001-10-22,1570.3258,1588.5325,1570.3258,1579.4291
2001-10-23,1581.7058,1611.2916,1568.0508,1611.2916
2001-10-24,1611.2919,1638.6019,1599.9127,1609.0161
2001-10-25,1627.2222,1649.9807,1618.1189,1629.4982
2001-10-26,1620.3945,1629.4980,1581.7054,1590.8087
2001-10-29,1588.5330,1588.5330,1547.5680,1547.5680
2001-10-30,1568.0504,1590.8087,1563.4987,1577.1537
2001-10-31,1577.1532,1622.6699,1570.3257,1622.6699
2001-11-01,1622.6705,1624.9462,1561.2229,1590.8087
2001-11-02,1558.9472,1561.2232,1481.5689,1517.9822
2001-11-05,1472.4657,1483.8448,1442.8798,1442.8798
2001-11-06,1456.5346,1477.0171,1422.3970,1424.6730
2001-11-07,1447.4317,1497.5001,1433.7767,1456.5350
2001-11-08,1502.0512,1517.9820,1481.5687,1515.7062
2001-11-09,1515.7062,1515.7062,1515.7062,1515.7062
2001-11-12,1481.5687,1499.7754,1474.7412,1477.0170
2001-11-13,1479.2933,1479.2933,1451.9833,1461.0865
2001-11-14,1451.9825,1465.6375,1438.3275,1447.4308
2001-11-15,1436.0516,1461.0858,1420.1208,1447.4308
2001-11-16,1310.8809,1333.6392,1310.8809,1315.4325
2001-11-19,1335.9153,1356.3978,1317.7087,1333.6395
2001-11-20,1347.2943,1397.3626,1347.2943,1376.8801
2001-11-21,1399.6390,1449.7073,1390.5356,1433.7765
2001-11-22,1404.1904,1413.2937,1376.8803,1397.3628
2001-11-23,1397.3628,1397.3628,1397.3628,1397.3628
2001-11-26,1465.6377,1497.4993,1445.1552,1481.5685
2001-11-27,1436.0520,1447.4313,1417.8455,1424.6730
2001-11-28,1451.9826,1465.6376,1424.6726,1440.6034
2001-11-29,1472.4654,1499.7755,1454.2587,1465.6379
2001-11-30,1477.0170,1486.1205,1440.6037,1472.4655
2001-12-03,1490.6716,1492.9476,1458.8101,1458.8101
2001-12-04,1465.6384,1467.9142,1433.7766,1454.2592
2001-12-05,1467.9140,1486.1207,1449.7072,1479.2932
2001-12-06,1467.9135,1467.9135,1420.1210,1420.1210
2001-12-07,1399.6385,1426.9485,1397.3626,1426.9485
2001-12-10,1388.2587,1388.2587,1338.1903,1340.4662
2001-12-11,1365.5009,1383.7076,1319.9843,1342.7426
2001-12-12,1315.4326,1376.8801,1306.3293,1374.6044
2001-12-13,1351.8462,1360.9495,1322.2603,1338.1912
2001-12-14,1383.7075,1417.8451,1347.2942,1383.7075
2001-12-17,1367.7772,1381.4322,1319.9846,1335.9154
2001-12-18,1335.9153,1367.7770,1313.1570,1338.1912
2001-12-19,1365.5003,1381.4312,1313.1562,1340.4662
2001-12-20,1372.3283,1395.0866,1356.3974,1390.5349
2001-12-21,1385.9836,1404.1904,1360.9495,1385.9836
2001-12-24,1385.9836,1385.9836,1385.9836,1385.9836
2001-12-25,1365.5011,1383.7078,1351.8461,1360.9495
2001-12-26,1365.5008,1365.5008,1335.9149,1349.5699
2001-12-27,1372.3286,1411.0179,1365.5011,1399.6387
2001-12-28,1424.6726,1442.8792,1411.0176,1440.6034
2001-12-31,1440.6034,1440.6034,1440.6034,1440.6034
2002-01-01,1440.6034,1440.6034,1440.6034,1440.6034
2002-01-02,1440.6034,1440.6034,1440.6034,1440.6034
2002-01-03,1440.6034,1440.6034,1440.6034,1440.6034
2002-01-04,1456.5350,1456.5350,1401.9150,1456.5350
2002-01-07,1411.0181,1426.9489,1392.8114,1408.7422
2002-01-08,1399.6390,1406.4665,1354.1223,1365.5015
2002-01-09,1342.7424,1349.5699,1292.6741,1308.6049
2002-01-10,1329.0881,1335.9156,1297.2264,1297.2264
2002-01-11,1274.4676,1319.9844,1265.3643,1317.7085
2002-01-14,1317.7085,1317.7085,1317.7085,1317.7085
2002-01-15,1274.4675,1315.4325,1274.4675,1315.4325
2002-01-16,1335.9152,1360.9495,1324.5361,1360.9495
2002-01-17,1367.7769,1395.0869,1349.5701,1374.6044
2002-01-18,1411.0177,1426.9485,1392.8110,1426.9485
2002-01-21,1404.1906,1420.1214,1388.2598,1415.5697
2002-01-22,1401.9146,1401.9146,1354.1222,1356.3979
2002-01-23,1333.6395,1374.6045,1319.9845,1319.9845
2002-01-24,1342.7426,1356.3976,1319.9843,1342.7426
2002-01-25,1365.5009,1365.5009,1335.9150,1342.7426
2002-01-28,1342.7426,1388.2594,1326.8119,1388.2594
2002-01-29,1367.7769,1367.7769,1313.1568,1322.2601
2002-01-30,1324.5361,1333.6395,1310.8811,1319.9845
2002-01-31,1319.9845,1319.9845,1319.9845,1319.9845
2002-02-01,1301.7773,1308.6048,1274.4673,1290.3982
2002-02-04,1274.4676,1281.2951,1238.0543,1247.1576
2002-02-05,1235.7786,1253.9853,1187.9861,1194.8136
2002-02-06,1194.8133,1219.8475,1165.2275,1181.1583
2002-02-07,1183.4344,1228.9511,1172.0552,1194.8136
2002-02-08,1228.9513,1265.3647,1217.5721,1219.8479
2002-02-11,1219.8479,1219.8479,1219.8479,1219.8479
2002-02-12,1272.1919,1301.7777,1272.1919,1288.1227
2002-02-13,1274.4679,1322.2605,1272.1921,1294.9504
2002-02-14,1297.2260,1329.0877,1265.3644,1274.4677
2002-02-15,1228.9508,1247.1575,1213.0200,1238.0542
2002-02-18,1219.8475,1238.0542,1208.4683,1238.0542
2002-02-19,1215.2963,1219.8479,1183.4346,1197.0896
2002-02-20,1219.8475,1244.8817,1208.4683,1231.2267
2002-02-21,1240.3300,1263.0884,1226.6750,1258.5367
2002-02-22,1258.5368,1263.0885,1240.3301,1253.9851
2002-02-25,1251.7091,1274.4674,1244.8816,1272.1917
2002-02-26,1290.3983,1290.3983,1219.8474,1244.8816
2002-02-27,1244.8817,1274.4675,1219.8474,1224.3992
2002-02-28,1224.3992,1228.9508,1160.6758,1160.6758
2002-03-01,1183.4338,1190.2613,1167.5029,1178.8821
2002-03-04,1183.4342,1194.8133,1172.0550,1181.1583
2002-03-05,1194.8129,1213.0196,1174.3304,1178.8821
2002-03-06,1199.3648,1267.6399,1197.0891,1244.8816
2002-03-07,1267.6406,1276.7440,1231.2273,1269.9165
2002-03-08,1272.1916,1333.6391,1272.1916,1308.6049
2002-03-11,1308.6051,1326.8119,1267.6401,1317.7085
2002-03-12,1294.9503,1308.6053,1251.7095,1251.7095
2002-03-13,1249.4339,1256.2614,1224.3998,1226.6755
2002-03-14,1210.7440,1226.6748,1201.6406,1208.4681
2002-03-15,1222.1235,1235.7786,1213.0202,1228.9510
2002-03-18,1274.4681,1285.8474,1258.5374,1269.9165
2002-03-19,1285.8468,1322.2601,1279.0193,1322.2601
2002-03-20,1326.8121,1326.8121,1283.5712,1304.0537
2002-03-21,1304.0537,1304.0537,1304.0537,1304.0537
2002-03-22,1326.8122,1338.1914,1304.0538,1310.8813
2002-03-25,1333.6395,1333.6395,1313.1570,1319.9845
2002-03-26,1321.1276,1321.1276,1284.5567,1302.8422
2002-03-27,1257.1281,1275.4135,1254.8423,1259.4137
2002-03-28,1268.5567,1286.8422,1252.5569,1273.1281
2002-03-29,1266.2703,1284.5559,1254.8419,1254.8419
2002-04-01,1247.9851,1259.4135,1241.1281,1241.1281
2002-04-02,1261.6994,1261.6994,1236.5569,1252.5566
2002-04-03,1236.5565,1277.6988,1231.9850,1254.8419
2002-04-04,1273.1278,1323.4129,1270.8421,1311.9845
2002-04-05,1325.6987,1327.9843,1302.8418,1323.4130
2002-04-08,1323.4128,1325.6985,1311.9844,1321.1271
2002-04-09,1325.6989,1327.9845,1298.2706,1300.5563
2002-04-10,1300.5560,1332.5557,1300.5560,1327.9843
2002-04-11,1334.8415,1334.8415,1305.1276,1307.4132
2002-04-12,1318.8413,1318.8413,1289.1274,1314.2699
2002-04-15,1302.8418,1323.4130,1282.2706,1323.4130
2002-04-16,1300.5564,1314.2706,1289.1280,1302.8422
2002-04-17,1311.9848,1311.9848,1284.5565,1300.5563
2002-04-18,1330.2702,1346.2700,1323.4131,1341.6986
2002-04-19,1316.5560,1337.1271,1309.6989,1325.6987
2002-04-22,1341.6983,1343.9840,1311.9844,1330.2699
2002-04-23,1321.1273,1332.5558,1314.2702,1325.6987
2002-04-24,1325.6988,1332.5558,1295.9848,1298.2705
2002-04-25,1291.4130,1295.9844,1261.6991,1268.5562
2002-04-26,1261.6995,1261.6995,1229.6999,1234.2712
2002-04-29,1234.2712,1234.2712,1234.2712,1234.2712
2002-04-30,1243.4138,1250.2708,1227.4139,1241.1281
2002-05-01,1257.1278,1257.1278,1241.1279,1247.9850
2002-05-02,1241.1279,1254.8420,1241.1279,1247.9850
2002-05-03,1247.9850,1247.9850,1247.9850,1247.9850
2002-05-06,1247.9850,1247.9850,1247.9850,1247.9850
2002-05-07,1293.6990,1300.5561,1268.5565,1289.1277
2002-05-08,1302.8417,1330.2699,1295.9846,1330.2699
2002-05-09,1321.1272,1330.2700,1314.2701,1318.8416
2002-05-10,1318.8413,1321.1270,1307.4128,1314.2699
2002-05-13,1314.2701,1314.2701,1289.1276,1311.9845
2002-05-14,1323.4130,1327.9843,1316.5559,1323.4130
2002-05-15,1330.2700,1332.5557,1311.9845,1311.9845
2002-05-16,1307.4131,1323.4130,1302.8418,1323.4130
2002-05-17,1321.1272,1332.5557,1316.5559,1323.4130
2002-05-20,1330.2702,1332.5559,1307.4133,1309.6990
2002-05-21,1309.6989,1316.5560,1302.8419,1307.4132
2002-05-22,1325.6990,1382.8411,1316.5562,1371.4127
2002-05-23,1371.4123,1394.2692,1355.4125,1382.8407
2002-05-24,1382.8408,1382.8408,1339.4128,1366.8411
2002-05-27,1366.8413,1366.8413,1348.5557,1350.8414
2002-05-28,1348.5554,1359.9839,1339.4127,1359.9839
2002-05-29,1359.9838,1369.1265,1353.1267,1355.4124
2002-05-30,1348.5554,1348.5554,1305.1274,1327.9843
2002-05-31,1337.1270,1378.2694,1327.9843,1327.9843
2002-06-03,1332.5558,1366.8411,1332.5558,1366.8411
2002-06-04,1371.4123,1394.2692,1366.8409,1382.8407
2002-06-05,1394.2693,1417.1262,1382.8408,1417.1262
2002-06-06,1414.8403,1417.1261,1387.4121,1394.2692
2002-06-07,1380.5550,1401.1262,1378.2693,1394.2692
2002-06-10,1394.2695,1423.9834,1391.9838,1405.6979
2002-06-11,1403.4119,1410.2690,1382.8407,1389.6978
2002-06-12,1396.5546,1396.5546,1382.8404,1396.5546
2002-06-13,1389.6977,1391.9834,1348.5553,1348.5553
2002-06-14,1307.4132,1343.9842,1295.9848,1305.1276
2002-06-17,1300.5556,1302.8413,1254.8419,1254.8419
2002-06-18,1259.4135,1330.2699,1259.4135,1321.1271
2002-06-19,1325.6988,1327.9844,1289.1277,1305.1276
2002-06-20,1300.5560,1348.5554,1300.5560,1327.9843
2002-06-21,1282.2706,1291.4134,1257.1281,1257.1281
2002-06-24,1257.1283,1282.2708,1243.4142,1273.1281
2002-06-25,1279.9849,1289.1276,1275.4135,1286.8419
2002-06-26,1277.6996,1279.9852,1263.9855,1270.8425
2002-06-27,1270.8425,1277.6996,1266.2711,1270.8425
2002-06-28,1284.5559,1284.5559,1270.8417,1282.2701
2002-07-01,1291.4134,1293.6990,1277.6993,1289.1277
2002-07-02,1279.9846,1291.4131,1275.4133,1291.4131
2002-07-03,1289.1277,1318.8417,1286.8420,1298.2705
2002-07-04,1314.2702,1316.5559,1291.4133,1293.6990
2002-07-05,1305.1271,1305.1271,1293.6987,1295.9844
2002-07-08,1311.9845,1311.9845,1275.4135,1286.8419
2002-07-09,1293.6990,1293.6990,1277.6992,1293.6990
2002-07-10,1291.4134,1309.6989,1289.1277,1305.1276
2002-07-11,1305.1276,1307.4132,1289.1277,1298.2705
2002-07-12,1302.8419,1311.9846,1298.2705,1298.2705
2002-07-15,1300.5560,1300.5560,1279.9849,1279.9849
2002-07-16,1279.9847,1298.2703,1277.6991,1277.6991
2002-07-17,1282.2703,1293.6987,1270.8419,1291.4131
2002-07-18,1293.6994,1298.2708,1270.8425,1270.8425
2002-07-19,1275.4132,1277.6989,1268.5562,1268.5562
2002-07-22,1261.6994,1289.1276,1259.4137,1286.8419
2002-07-23,1279.9846,1284.5560,1257.1277,1268.5562
2002-07-24,1268.5568,1282.2709,1261.6997,1270.8425
2002-07-25,1284.5563,1286.8419,1275.4135,1279.9849
2002-07-26,1293.6987,1302.8415,1279.9846,1291.4131
2002-07-29,1300.5558,1314.2699,1295.9844,1314.2699
2002-07-30,1314.2704,1314.2704,1289.1279,1300.5563
2002-07-31,1289.1276,1291.4134,1279.9849,1279.9849
2002-08-01,1302.8415,1321.1270,1300.5558,1314.2699
2002-08-02,1321.1274,1346.2700,1314.2703,1337.1272
2002-08-05,1348.5556,1357.6984,1334.8415,1343.9843
2002-08-06,1346.2701,1357.6985,1343.9844,1353.1272
2002-08-07,1341.6977,1348.5548,1334.8407,1346.2692
2002-08-08,1348.5553,1355.4124,1343.9840,1348.5553
2002-08-09,1353.1271,1353.1271,1339.4130,1341.6986
2002-08-12,1346.2699,1348.5555,1334.8414,1339.4128
2002-08-13,1341.6987,1355.4128,1341.6987,1350.8414
2002-08-14,1341.6985,1346.2700,1334.8415,1337.1272
2002-08-15,1346.2700,1364.5554,1343.9842,1357.6984
2002-08-16,1364.5553,1364.5553,1357.6982,1364.5553
2002-08-19,1362.2694,1364.5551,1350.8410,1355.4124
2002-08-20,1350.8415,1357.6985,1343.9844,1353.1272
2002-08-21,1343.9842,1350.8413,1318.8417,1325.6987
2002-08-22,1309.6989,1325.6987,1307.4132,1325.6987
2002-08-23,1325.6987,1325.6987,1325.6987,1325.6987
2002-08-26,1302.8418,1311.9846,1293.6991,1305.1276
2002-08-27,1309.6989,1318.8417,1295.9848,1307.4132
2002-08-28,1307.4134,1316.5562,1302.8420,1316.5562
2002-08-29,1314.2702,1316.5559,1293.6990,1293.6990
2002-08-30,1302.8422,1316.5563,1295.9851,1302.8422
2002-09-02,1307.4132,1314.2703,1300.5561,1305.1276
2002-09-03,1318.8420,1327.9847,1302.8422,1302.8422
2002-09-04,1300.5561,1321.1273,1289.1277,1289.1277
2002-09-05,1289.1280,1309.6992,1275.4139,1302.8422
2002-09-06,1302.8414,1302.8414,1282.2703,1295.9844
2002-09-09,1266.2710,1284.5566,1250.2712,1266.2710
2002-09-10,1257.1279,1266.2706,1252.5565,1263.9850
2002-09-11,1266.2708,1268.5565,1252.5566,1259.4137
2002-09-12,1261.6994,1270.8422,1259.4137,1259.4137
2002-09-13,1245.6993,1254.8420,1227.4138,1247.9850
2002-09-16,1247.9850,1247.9850,1247.9850,1247.9850
2002-09-17,1247.9852,1247.9852,1229.6997,1229.6997
2002-09-18,1234.2716,1236.5573,1215.9861,1231.9858
2002-09-19,1245.6994,1282.2705,1245.6994,1263.9850
2002-09-20,1279.9849,1293.6990,1259.4137,1259.4137
2002-09-23,1259.4137,1259.4137,1259.4137,1259.4137
2002-09-24,1289.1280,1302.8422,1273.1282,1302.8422
2002-09-25,1284.4270,1335.0675,1279.8233,1332.7656
2002-09-26,1312.0493,1323.5585,1277.5217,1286.7291
2002-09-27,1295.9359,1321.2562,1293.6341,1312.0488
2002-09-30,1312.0492,1321.2566,1293.6345,1307.4456
2002-10-01,1298.2381,1298.2381,1272.9178,1272.9178
2002-10-02,1289.0307,1293.6344,1266.0123,1266.0123
2002-10-03,1275.2199,1298.2383,1263.7107,1286.7291
2002-10-04,1291.3328,1321.2567,1284.4272,1321.2567
2002-10-07,1298.2382,1305.1437,1284.4271,1298.2382
2002-10-08,1318.9546,1335.0675,1309.7472,1332.7656
2002-10-09,1323.5580,1323.5580,1305.1433,1312.0488
2002-10-10,1314.3511,1325.8602,1302.8418,1309.7473
2002-10-11,1312.0488,1316.6525,1293.6341,1312.0488
2002-10-14,1312.0488,1312.0488,1312.0488,1312.0488
2002-10-15,1300.5400,1300.5400,1286.7290,1293.6345
2002-10-16,1291.3327,1295.9363,1275.2197,1279.8235
2002-10-17,1302.8422,1302.8422,1284.4275,1302.8422
2002-10-18,1279.8235,1295.9363,1279.8235,1279.8235
2002-10-21,1272.9178,1284.4270,1268.3141,1272.9178
2002-10-22,1270.6164,1272.9182,1242.9943,1242.9943
2002-10-23,1254.5029,1277.5214,1249.8993,1275.2195
2002-10-24,1270.6161,1275.2197,1259.1069,1268.3142
2002-10-25,1270.6158,1284.4269,1270.6158,1275.2195
2002-10-28,1279.8232,1279.8232,1254.5029,1275.2195
2002-10-29,1277.5216,1277.5216,1266.0124,1270.6161
2002-10-30,1279.8235,1312.0492,1277.5216,1307.4456
2002-10-31,1307.4452,1309.7470,1279.8231,1284.4268
2002-11-01,1298.2382,1314.3511,1291.3326,1307.4456
2002-11-04,1307.4456,1307.4456,1307.4456,1307.4456
2002-11-05,1309.7471,1309.7471,1291.3324,1291.3324
2002-11-06,1298.2379,1312.0490,1284.4269,1291.3324
2002-11-07,1282.1250,1309.7471,1282.1250,1305.1434
2002-11-08,1293.6345,1302.8418,1293.6345,1298.2382
2002-11-11,1289.0305,1295.9360,1275.2195,1275.2195
2002-11-12,1289.0305,1293.6343,1277.5214,1291.3324
2002-11-13,1298.2379,1307.4453,1289.0305,1305.1434
2002-11-14,1289.0314,1300.5406,1272.9185,1282.1259
2002-11-15,1305.1440,1309.7477,1284.4275,1302.8422
2002-11-18,1312.0488,1325.8599,1307.4452,1312.0488
2002-11-19,1325.8602,1364.9915,1323.5583,1358.0859
2002-11-20,1348.8787,1348.8787,1325.8602,1335.0676
2002-11-21,1323.5586,1341.9734,1323.5586,1328.1624
2002-11-22,1328.1615,1348.8780,1309.7467,1339.6707
2002-11-25,1346.5765,1362.6895,1339.6710,1355.7839
2002-11-26,1358.0861,1358.0861,1335.0677,1351.1805
2002-11-27,1353.4819,1367.2930,1351.1801,1360.3875
2002-11-28,1355.7843,1358.0861,1341.9732,1351.1805
2002-11-29,1330.4637,1358.0858,1328.1620,1330.4637
2002-12-02,1330.4637,1330.4637,1330.4637,1330.4637
2002-12-03,1302.8422,1321.2569,1295.9366,1302.8422
2002-12-04,1316.6528,1323.5584,1291.3326,1316.6528
2002-12-05,1312.0493,1312.0493,1286.7291,1286.7291
2002-12-06,1289.0306,1298.2380,1284.4270,1289.0306
2002-12-09,1309.7476,1312.0494,1295.9365,1295.9365
2002-12-10,1289.0304,1328.1617,1289.0304,1312.0488
2002-12-11,1328.1622,1328.1622,1307.4457,1314.3512
2002-12-12,1316.6528,1323.5584,1302.8418,1309.7473
2002-12-13,1312.0493,1321.2567,1309.7475,1314.3512
2002-12-16,1321.2566,1330.4639,1314.3510,1323.5583
2002-12-17,1323.5584,1323.5584,1300.5400,1307.4456
2002-12-18,1312.0492,1316.6529,1289.0308,1293.6345
2002-12-19,1298.2385,1305.1440,1289.0311,1302.8422
2002-12-20,1312.0493,1325.8604,1312.0493,1314.3512
2002-12-23,1314.3512,1314.3512,1314.3512,1314.3512
2002-12-24,1305.1434,1312.0490,1298.2379,1305.1434
2002-12-25,1298.2382,1314.3511,1298.2382,1307.4456
2002-12-26,1341.9731,1344.2749,1323.5583,1344.2749
2002-12-27,1339.6714,1348.8788,1328.1622,1346.5769
2002-12-30,1344.2747,1355.7839,1337.3692,1355.7839
2002-12-31,1355.7839,1355.7839,1355.7839,1355.7839
2003-01-01,1355.7839,1355.7839,1355.7839,1355.7839
2003-01-02,1355.7839,1355.7839,1355.7839,1355.7839
2003-01-03,1355.7839,1355.7839,1355.7839,1355.7839
2003-01-06,1358.0858,1381.1042,1348.8785,1378.8024
2003-01-07,1376.5008,1378.8025,1330.4639,1335.0676
2003-01-08,1316.6530,1328.1622,1307.4457,1314.3512
2003-01-09,1316.6529,1346.5769,1312.0493,1346.5769
2003-01-10,1346.5769,1348.8788,1312.0493,1318.9548
2003-01-13,1318.9548,1318.9548,1318.9548,1318.9548
2003-01-14,1330.4639,1337.3694,1316.6528,1316.6528
2003-01-15,1314.3512,1321.2567,1302.8419,1321.2567
2003-01-16,1305.1437,1312.0492,1293.6345,1309.7473
2003-01-17,1295.9362,1307.4454,1295.9362,1300.5399
2003-01-20,1300.5400,1323.5583,1293.6345,1323.5583
2003-01-21,1325.8599,1337.3690,1312.0488,1325.8599
2003-01-22,1314.3508,1330.4636,1298.2379,1305.1434
2003-01-23,1305.1437,1309.7473,1291.3326,1309.7473
2003-01-24,1300.5398,1305.1434,1289.0305,1291.3324
2003-01-27,1284.4273,1291.3328,1277.5217,1286.7291
2003-01-28,1298.2382,1328.1621,1295.9363,1307.4456
2003-01-29,1309.7477,1316.6532,1291.3330,1302.8422
2003-01-30,1321.2572,1321.2572,1282.1259,1282.1259
2003-01-31,1282.1253,1282.1253,1263.7106,1268.3142
2003-02-03,1272.9176,1295.9359,1256.8047,1284.4268
2003-02-04,1282.1251,1293.6344,1277.5215,1289.0306
2003-02-05,1291.3328,1307.4457,1284.4273,1286.7291
2003-02-06,1293.6345,1295.9363,1277.5216,1279.8235
2003-02-07,1268.3142,1279.8235,1268.3142,1279.8235
2003-02-10,1282.1249,1291.3323,1282.1249,1284.4268
2003-02-11,1284.4268,1284.4268,1284.4268,1284.4268
2003-02-12,1286.7292,1295.9365,1286.7292,1295.9365
2003-02-13,1279.8232,1291.3324,1275.2195,1275.2195
2003-02-14,1266.0123,1282.1252,1263.7105,1272.9178
2003-02-17,1270.6161,1275.2197,1259.1069,1263.7106
2003-02-18,1254.5029,1263.7103,1245.2956,1247.5974
2003-02-19,1263.7103,1266.0122,1256.8048,1261.4084
2003-02-20,1252.2014,1275.2197,1252.2014,1270.6161
2003-02-21,1279.8232,1282.1250,1256.8048,1261.4084
2003-02-24,1256.8050,1270.6161,1256.8050,1270.6161
2003-02-25,1254.5029,1259.1067,1231.4846,1247.5974
2003-02-26,1254.5031,1254.5031,1245.2958,1249.8994
2003-02-27,1249.8991,1259.1064,1233.7862,1252.2009
2003-02-28,1263.7106,1268.3142,1242.9940,1254.5032
2003-03-03,1256.8046,1256.8046,1240.6917,1252.2009
2003-03-04,1247.5974,1254.5029,1242.9938,1247.5974
2003-03-05,1240.6921,1245.2959,1229.1830,1233.7866
2003-03-06,1224.5795,1233.7868,1213.0702,1213.0702
2003-03-07,1203.8628,1210.7683,1171.6370,1171.6370
2003-03-10,1173.9389,1206.1647,1169.3353,1206.1647
2003-03-11,1187.7494,1226.8806,1187.7494,1203.8623
2003-03-12,1208.4666,1219.9757,1196.9574,1210.7684
2003-03-13,1210.7681,1222.2772,1180.8441,1187.7496
2003-03-14,1190.0519,1201.5610,1167.0334,1178.5426
2003-03-17,1187.7496,1206.1643,1173.9386,1190.0515
2003-03-18,1213.0702,1219.9757,1206.1647,1206.1647
2003-03-19,1185.4481,1192.3536,1171.6371,1178.5426
2003-03-20,1190.0519,1210.7684,1180.8445,1210.7684
2003-03-21,1210.7684,1210.7684,1210.7684,1210.7684
2003-03-24,1233.7869,1242.9943,1219.9758,1242.9943
2003-03-25,1242.9940,1247.5977,1201.5609,1201.5609
2003-03-26,1210.8393,1234.0355,1210.8393,1220.1178
2003-03-27,1210.8395,1227.0768,1210.8395,1210.8395
2003-03-28,1210.8394,1224.7571,1206.2002,1208.5198
2003-03-31,1224.7571,1224.7571,1199.2414,1201.5609
2003-04-01,1201.5604,1240.9939,1189.9624,1231.7155
2003-04-02,1243.3137,1247.9529,1220.1176,1245.6333
2003-04-03,1245.6337,1245.6337,1227.0768,1234.0356
2003-04-04,1238.6743,1252.5920,1231.7155,1231.7155
2003-04-07,1240.9945,1259.5514,1240.9945,1252.5925
2003-04-08,1245.6333,1257.2313,1238.6745,1245.6333
2003-04-09,1252.5924,1264.1904,1247.9532,1261.8708
2003-04-10,1264.1904,1264.1904,1247.9531,1254.9120
2003-04-11,1257.2319,1275.7889,1252.5927,1259.5515
2003-04-14,1247.9534,1261.8711,1224.7572,1243.3141
2003-04-15,1245.6333,1259.5510,1236.3548,1238.6744
2003-04-16,1240.9943,1245.6335,1196.9216,1206.2001
2003-04-17,1210.8394,1254.9121,1203.8805,1247.9532
2003-04-18,1250.2729,1254.9122,1238.6749,1243.3141
2003-04-21,1247.9535,1273.4692,1245.6338,1259.5515
2003-04-22,1264.1903,1268.8296,1254.9119,1257.2314
2003-04-23,1264.1905,1264.1905,1238.6748,1247.9532
2003-04-24,1252.5926,1254.9122,1234.0357,1243.3141
2003-04-25,1240.9943,1240.9943,1206.2001,1206.2001
2003-04-28,1224.7570,1240.9944,1222.4374,1227.0767
2003-04-29,1227.0767,1227.0767,1227.0767,1227.0767
2003-04-30,1250.2729,1252.5925,1240.9945,1252.5925
2003-05-01,1254.9119,1264.1903,1243.3138,1257.2314
2003-05-02,1254.9120,1254.9120,1243.3139,1250.2727
2003-05-05,1250.2727,1250.2727,1250.2727,1250.2727
2003-05-06,1240.9945,1250.2729,1238.6749,1243.3141
2003-05-07,1240.9942,1243.3137,1220.1176,1224.7568
2003-05-08,1224.7570,1234.0355,1220.1178,1227.0767
2003-05-09,1236.3548,1250.2725,1227.0764,1245.6333
2003-05-12,1243.3137,1252.5922,1236.3549,1236.3549
2003-05-13,1240.9941,1252.5922,1231.7157,1236.3549
2003-05-14,1245.6335,1261.8708,1238.6747,1250.2727
2003-05-15,1264.1907,1268.8300,1254.9123,1259.5515
2003-05-16,1264.1904,1266.5100,1254.9120,1254.9120
2003-05-19,1254.9120,1257.2316,1247.9531,1250.2727
2003-05-20,1259.5511,1287.3865,1257.2314,1287.3865
2003-05-21,1289.7060,1292.0256,1268.8295,1271.1490
2003-05-22,1285.0672,1298.9848,1282.7476,1292.0260
2003-05-23,1301.3040,1322.1805,1301.3040,1308.2628
2003-05-26,1322.1806,1331.4591,1312.9021,1317.5414
2003-05-27,1312.9019,1315.2215,1289.7058,1294.3450
2003-05-28,1315.2217,1317.5413,1296.6648,1308.2628
2003-05-29,1319.8611,1336.0984,1315.2219,1336.0984
2003-05-30,1315.2220,1333.7789,1298.9847,1333.7789
2003-06-02,1310.5825,1312.9020,1285.0666,1289.7059
2003-06-03,1278.1077,1298.9842,1273.4685,1296.6647
2003-06-04,1298.9842,1301.3039,1287.3862,1296.6647
2003-06-05,1273.4689,1287.3866,1257.2316,1268.8297
2003-06-06,1264.1902,1273.4687,1259.5510,1271.1490
2003-06-09,1266.5101,1278.1081,1257.2316,1268.8297
2003-06-10,1268.8296,1287.3865,1266.5099,1287.3865
2003-06-11,1278.1083,1282.7476,1261.8711,1266.5103
2003-06-12,1252.5922,1254.9118,1229.3960,1236.3549
2003-06-13,1213.1589,1238.6746,1213.1589,1229.3961
2003-06-16,1229.3960,1243.3137,1222.4372,1236.3549
2003-06-17,1245.6333,1254.9118,1238.6745,1240.9941
2003-06-18,1250.2727,1254.9120,1240.9943,1250.2727
2003-06-19,1247.9531,1254.9120,1243.3139,1254.9120
2003-06-20,1257.2316,1271.1493,1257.2316,1268.8297
2003-06-23,1261.8708,1273.4689,1257.2315,1273.4689
2003-06-24,1264.1903,1268.8296,1252.5922,1257.2314
2003-06-25,1259.5511,1264.1903,1252.5922,1257.2314
2003-06-26,1259.5515,1266.5104,1250.2730,1259.5515
2003-06-27,1259.5512,1264.1904,1243.3139,1250.2727
2003-06-30,1257.2313,1257.2313,1234.0352,1238.6744
2003-07-01,1238.6748,1257.2317,1236.3551,1247.9532
2003-07-02,1254.9122,1266.5103,1240.9945,1266.5103
2003-07-03,1250.2729,1266.5102,1224.7571,1252.5925
2003-07-04,1254.9120,1268.8297,1250.2727,1261.8708
2003-07-07,1273.4689,1275.7885,1250.2727,1254.9120
2003-07-08,1231.7163,1245.6340,1213.1594,1217.7986
2003-07-09,1220.1174,1238.6743,1220.1174,1231.7155
2003-07-10,1222.4378,1229.3966,1206.2005,1217.7986
2003-07-11,1222.4371,1234.0352,1210.8391,1215.4783
2003-07-14,1220.1177,1222.4373,1203.8804,1203.8804
2003-07-15,1206.2003,1208.5199,1187.6433,1199.2415
2003-07-16,1201.5607,1210.8392,1192.2823,1203.8804
2003-07-17,1203.8807,1210.8396,1196.9219,1196.9219
2003-07-18,1203.8804,1215.4785,1201.5608,1206.2001
2003-07-21,1206.2001,1206.2001,1206.2001,1206.2001
2003-07-22,1215.4786,1217.7983,1206.2002,1208.5198
2003-07-23,1215.4783,1227.0764,1215.4783,1222.4371
2003-07-24,1224.7568,1229.3960,1217.7979,1222.4371
2003-07-25,1222.4378,1227.0771,1215.4789,1217.7986
2003-07-28,1229.3960,1229.3960,1217.7979,1222.4371
2003-07-29,1227.0767,1234.0355,1224.7570,1227.0767
2003-07-30,1231.7163,1238.6751,1217.7986,1217.7986
2003-07-31,1227.0767,1227.0767,1215.4785,1227.0767
2003-08-01,1229.3964,1229.3964,1213.1592,1213.1592
2003-08-04,1210.8395,1213.1592,1199.2415,1199.2415
2003-08-05,1196.9219,1206.2004,1187.6434,1196.9219
2003-08-06,1199.2408,1203.8800,1187.6427,1192.2820
2003-08-07,1189.9625,1194.6017,1185.3233,1187.6428
2003-08-08,1183.0037,1185.3234,1173.7252,1180.6841
2003-08-11,1171.4057,1180.6841,1169.0860,1173.7252
2003-08-12,1178.3645,1192.2822,1176.0449,1180.6841
2003-08-13,1180.6840,1196.9213,1176.0448,1187.6428
2003-08-14,1185.3235,1206.2000,1183.0038,1203.8804
2003-08-15,1196.9213,1196.9213,1183.0036,1187.6428
2003-08-18,1187.6434,1194.6022,1178.3650,1178.3650
2003-08-19,1185.3238,1185.3238,1162.1276,1164.4473
2003-08-20,1162.1274,1178.3647,1162.1274,1176.0450
2003-08-21,1180.6841,1189.9626,1176.0449,1183.0038
2003-08-22,1180.6845,1185.3238,1171.4061,1178.3650
2003-08-25,1171.4055,1176.0447,1166.7662,1169.0858
2003-08-26,1169.0865,1173.7257,1164.4473,1164.4473
2003-08-27,1162.1275,1162.1275,1136.6117,1138.9313
2003-08-28,1145.8900,1150.5293,1129.6528,1134.2920
2003-08-29,1138.9310,1145.8899,1129.6526,1143.5703
2003-09-01,1159.8077,1176.0450,1152.8489,1176.0450
2003-09-02,1173.7252,1178.3645,1162.1272,1162.1272
2003-09-03,1171.4060,1173.7256,1155.1687,1166.7667
2003-09-04,1162.1271,1194.6017,1157.4879,1187.6428
2003-09-05,1199.2414,1208.5198,1187.6432,1201.5609
2003-09-08,1199.2412,1199.2412,1173.7254,1176.0450
2003-09-09,1185.3236,1192.2824,1176.0451,1189.9628
2003-09-10,1189.9626,1189.9626,1176.0449,1180.6841
2003-09-11,1183.0037,1187.6429,1173.7252,1173.7252
2003-09-12,1196.9214,1196.9214,1178.3645,1180.6841
2003-09-15,1180.6841,1180.6841,1180.6841,1180.6841
2003-09-16,1194.6019,1234.0354,1192.2823,1229.3961
2003-09-17,1245.6331,1245.6331,1231.7155,1231.7155
2003-09-18,1231.7160,1243.3141,1229.3964,1234.0356
2003-09-19,1250.2729,1261.8710,1234.0356,1234.0356
2003-09-22,1257.2316,1264.1904,1240.9943,1250.2727
2003-09-23,1250.2727,1250.2727,1250.2727,1250.2727
2003-09-24,1261.8711,1280.4280,1257.2318,1275.7888
2003-09-25,1275.7883,1278.1206,1254.7973,1264.1266
2003-09-26,1266.4595,1268.7919,1254.7979,1259.4625
2003-09-29,1261.7946,1271.1239,1257.1299,1266.4592
2003-09-30,1266.4590,1275.7883,1259.4619,1261.7943
2003-10-01,1238.4711,1264.1268,1238.4711,1254.7975
2003-10-02,1257.1299,1266.4592,1247.8006,1266.4592
2003-10-03,1271.1241,1285.1181,1266.4595,1280.4535
2003-10-06,1292.1148,1292.1148,1271.1237,1278.1207
2003-10-07,1268.7919,1280.4536,1259.4625,1273.4565
2003-10-08,1273.4565,1289.7829,1264.1272,1273.4565
2003-10-09,1275.7888,1285.1181,1273.4565,1280.4535
2003-10-10,1282.7857,1289.7827,1275.7887,1275.7887
2003-10-13,1275.7887,1275.7887,1275.7887,1275.7887
2003-10-14,1268.7915,1271.1238,1243.1357,1243.1357
2003-10-15,1245.4679,1257.1295,1229.1415,1229.1415
2003-10-16,1229.1418,1233.8065,1205.8184,1217.4801
2003-10-17,1194.1570,1208.1511,1175.4984,1187.1600
2003-10-20,1196.4891,1236.1388,1191.8244,1222.1448
2003-10-21,1231.4739,1231.4739,1198.8212,1212.8152
2003-10-22,1212.8155,1215.1478,1194.1567,1208.1508
2003-10-23,1198.8211,1208.1504,1173.1653,1177.8301
2003-10-24,1189.4923,1189.4923,1163.8366,1170.8336
2003-10-27,1180.1623,1184.8271,1175.4977,1175.4977
2003-10-28,1177.8305,1191.8245,1177.8305,1184.8275
2003-10-29,1189.4920,1191.8243,1170.8333,1180.1626
2003-10-30,1170.8337,1196.4894,1170.8337,1191.8247
2003-10-31,1184.8273,1187.1596,1161.5039,1161.5039
2003-11-03,1161.5039,1161.5039,1161.5039,1161.5039
2003-11-04,1170.8333,1173.1656,1156.8393,1163.8363
2003-11-05,1161.5041,1163.8364,1140.5130,1149.8424
2003-11-06,1149.8423,1168.5010,1140.5129,1140.5129
2003-11-07,1142.8453,1145.1776,1131.1835,1138.1805
2003-11-10,1145.1776,1145.1776,1135.8483,1135.8483
2003-11-11,1135.8484,1154.5071,1133.5160,1149.8424
2003-11-12,1177.8301,1194.1564,1175.4977,1177.8301
2003-11-13,1187.1599,1187.1599,1168.5012,1173.1659
2003-11-14,1168.5012,1182.4953,1161.5042,1173.1659
2003-11-17,1170.8336,1180.1629,1149.8426,1173.1659
2003-11-18,1177.8305,1177.8305,1159.1718,1159.1718
2003-11-19,1161.5041,1173.1657,1154.5071,1168.5011
2003-11-20,1161.5041,1166.1688,1147.5101,1159.1718
2003-11-21,1161.5042,1182.4953,1156.8396,1173.1659
2003-11-24,1173.1659,1173.1659,1173.1659,1173.1659
2003-11-25,1180.1626,1184.8273,1161.5039,1163.8363
2003-11-26,1163.8360,1177.8300,1161.5037,1175.4977
2003-11-27,1175.4983,1175.4983,1166.1689,1170.8336
2003-11-28,1170.8334,1170.8334,1163.8364,1166.1687
2003-12-01,1159.1720,1187.1600,1152.1750,1187.1600
2003-12-02,1168.5013,1182.4953,1163.8366,1170.8336
2003-12-03,1175.4983,1175.4983,1166.1689,1170.8336
2003-12-04,1170.8331,1177.8301,1170.8331,1177.8301
2003-12-05,1173.1659,1182.4952,1170.8336,1182.4952
2003-12-08,1177.8303,1180.1626,1161.5039,1163.8363
2003-12-09,1168.5009,1170.8333,1161.5039,1161.5039
2003-12-10,1159.1716,1159.1716,1131.1835,1138.1805
2003-12-11,1145.1775,1166.1686,1142.8453,1163.8363
2003-12-12,1166.1686,1170.8333,1156.8393,1163.8363
2003-12-15,1173.1656,1173.1656,1152.1745,1161.5039
2003-12-16,1156.8395,1166.1688,1147.5101,1156.8395
2003-12-17,1161.5041,1170.8334,1159.1717,1166.1687
2003-12-18,1170.8331,1187.1594,1168.5007,1177.8301
2003-12-19,1189.4916,1201.1533,1184.8270,1196.4886
2003-12-22,1189.4918,1203.4858,1182.4948,1189.4918
2003-12-23,1189.4918,1189.4918,1189.4918,1189.4918
2003-12-24,1194.1565,1194.1565,1180.1624,1189.4918
2003-12-25,1184.8275,1184.8275,1180.1628,1184.8275
2003-12-26,1189.4924,1194.1570,1177.8307,1187.1600
2003-12-29,1194.1565,1194.1565,1187.1595,1189.4918
2003-12-30,1189.4917,1191.8241,1173.1653,1177.8301
2003-12-31,1177.8301,1177.8301,1177.8301,1177.8301
2004-01-01,1177.8301,1177.8301,1177.8301,1177.8301
2004-01-02,1177.8301,1177.8301,1177.8301,1177.8301
2004-01-05,1194.1563,1208.1504,1189.4917,1203.4857
2004-01-06,1212.8155,1219.8125,1203.4861,1217.4801
2004-01-07,1222.1451,1226.8098,1217.4804,1224.4774
2004-01-08,1226.8093,1236.1386,1222.1445,1233.8063
2004-01-09,1236.1386,1236.1386,1212.8153,1231.4740
2004-01-12,1231.4740,1231.4740,1231.4740,1231.4740
2004-01-13,1210.4835,1222.1451,1201.1541,1219.8129
2004-01-14,1219.8125,1219.8125,1203.4861,1205.8185
2004-01-15,1201.1540,1205.8187,1191.8247,1191.8247
2004-01-16,1194.1567,1205.8185,1184.8274,1205.8185
2004-01-19,1194.1566,1203.4859,1191.8243,1201.1536
2004-01-20,1196.4886,1201.1533,1191.8240,1196.4886
2004-01-21,1196.4890,1210.4830,1191.8243,1194.1566
2004-01-22,1196.4891,1205.8185,1187.1597,1205.8185
2004-01-23,1222.1448,1229.1418,1205.8185,1222.1448
2004-01-26,1229.1416,1238.4710,1224.4770,1231.4740
2004-01-27,1238.4715,1238.4715,1217.4805,1219.8129
2004-01-28,1229.1416,1236.1386,1224.4770,1231.4740
2004-01-29,1229.1415,1236.1385,1222.1445,1229.1415
2004-01-30,1238.4709,1240.8032,1217.4798,1229.1415
2004-02-02,1229.1416,1238.4710,1226.8094,1231.4740
2004-02-03,1236.1386,1252.4650,1231.4739,1252.4650
2004-02-04,1243.1358,1252.4652,1236.1388,1238.4712
2004-02-05,1236.1391,1245.4685,1233.8068,1240.8038
2004-02-06,1231.4742,1236.1388,1217.4801,1222.1448
2004-02-09,1229.1421,1240.8038,1222.1451,1224.4774
2004-02-10,1215.1478,1229.1418,1203.4861,1222.1448
2004-02-11,1222.1448,1222.1448,1222.1448,1222.1448
2004-02-12,1231.4742,1238.4712,1224.4772,1238.4712
2004-02-13,1240.8033,1245.4679,1233.8063,1233.8063
2004-02-16,1233.8062,1243.1355,1229.1415,1229.1415
2004-02-17,1231.4742,1238.4712,1226.8096,1226.8096
2004-02-18,1219.8124,1222.1447,1189.4920,1194.1566
2004-02-19,1198.8217,1208.1510,1191.8247,1191.8247
2004-02-20,1198.8213,1201.1536,1187.1596,1194.1566
2004-02-23,1177.8306,1182.4953,1170.8336,1170.8336
2004-02-24,1177.8306,1187.1599,1173.1659,1173.1659
2004-02-25,1177.8307,1191.8248,1175.4984,1187.1600
2004-02-26,1184.8272,1194.1565,1182.4948,1189.4918
2004-02-27,1196.4888,1217.4799,1189.4918,1189.4918
2004-03-01,1212.8152,1215.1475,1203.4858,1212.8152
2004-03-02,1215.1476,1231.4740,1208.1506,1231.4740
2004-03-03,1219.8125,1229.1418,1198.8215,1205.8185
2004-03-04,1196.4890,1208.1506,1194.1566,1194.1566
2004-03-05,1194.1569,1196.4893,1177.8306,1182.4952
2004-03-08,1187.1600,1196.4894,1184.8277,1191.8247
2004-03-09,1201.1537,1219.8125,1198.8214,1217.4801
2004-03-10,1224.4770,1238.4710,1215.1476,1231.4740
2004-03-11,1231.4744,1243.1361,1219.8127,1236.1390
2004-03-12,1208.1502,1219.8120,1196.4886,1198.8209
2004-03-15,1201.1533,1205.8180,1189.4916,1196.4886
2004-03-16,1201.1537,1224.4771,1198.8214,1217.4801
2004-03-17,1205.8188,1250.1331,1205.8188,1240.8038
2004-03-18,1264.1267,1289.7825,1254.7974,1278.1207
2004-03-19,1278.1205,1317.7703,1273.4558,1306.1085
2004-03-22,1329.4321,1362.0848,1320.1027,1343.4261
2004-03-23,1329.4319,1334.0965,1306.1085,1329.4319
2004-03-24,1299.1115,1329.4319,1294.4468,1329.4319
2004-03-25,1306.1090,1352.7559,1306.1090,1352.7559
2004-03-26,1359.7890,1364.4779,1329.3110,1348.0667
2004-03-29,1324.6218,1336.3441,1303.5216,1312.8994
2004-03-30,1324.6219,1324.6219,1289.4549,1303.5217
2004-03-31,1298.8331,1303.5221,1275.3885,1282.4219
2004-04-01,1291.7997,1303.5221,1287.1108,1301.1776
2004-04-02,1301.1774,1305.8663,1291.7996,1291.7996
2004-04-05,1291.7992,1294.1437,1273.0436,1275.3881
2004-04-06,1280.0771,1296.4884,1275.3882,1284.7660
2004-04-07,1291.7997,1305.8665,1287.1108,1289.4553
2004-04-08,1291.7999,1303.5223,1289.4555,1296.4889
2004-04-09,1291.7999,1301.1778,1284.7665,1296.4889
2004-04-12,1294.1444,1303.5223,1289.4555,1296.4889
2004-04-13,1301.1778,1305.8667,1294.1444,1296.4889
2004-04-14,1296.4887,1312.8999,1296.4887,1301.1776
2004-04-15,1310.5552,1322.2775,1301.1773,1310.5552
2004-04-16,1319.9333,1326.9667,1308.2111,1319.9333
2004-04-19,1336.3439,1336.3439,1317.5883,1329.3105
2004-04-20,1338.6890,1350.4113,1326.9666,1345.7224
2004-04-21,1329.3110,1336.3444,1324.6221,1331.6555
2004-04-22,1336.3444,1338.6889,1322.2776,1336.3444
2004-04-23,1326.9664,1348.0666,1324.6220,1341.0332
2004-04-26,1348.0668,1371.5115,1343.3779,1369.1670
2004-04-27,1378.5448,1394.9561,1373.8559,1390.2671
2004-04-28,1366.8221,1373.8555,1352.7553,1355.0997
2004-04-29,1355.0997,1355.0997,1355.0997,1355.0997
2004-04-30,1326.9665,1333.9999,1312.8997,1322.2776
2004-05-03,1322.2776,1322.2776,1322.2776,1322.2776
2004-05-04,1322.2776,1322.2776,1322.2776,1322.2776
2004-05-05,1322.2776,1322.2776,1322.2776,1322.2776
2004-05-06,1326.9661,1366.8220,1324.6216,1329.3105
2004-05-07,1345.7224,1355.1002,1324.6223,1326.9667
2004-05-10,1322.2778,1322.2778,1249.5994,1256.6328
2004-05-11,1280.0770,1319.9328,1263.6657,1312.8994
2004-05-12,1333.9999,1357.4446,1322.2776,1357.4446
2004-05-13,1352.7552,1352.7552,1319.9327,1329.3105
2004-05-14,1336.3445,1338.6890,1319.9332,1324.6222
2004-05-17,1331.6556,1338.6890,1324.6222,1324.6222
2004-05-18,1312.8997,1326.9665,1303.5219,1322.2776
2004-05-19,1298.8329,1322.2775,1289.4551,1317.5886
2004-05-20,1319.9333,1334.0001,1303.5222,1319.9333
2004-05-21,1334.0000,1352.7557,1322.2777,1352.7557
2004-05-24,1336.3446,1359.7893,1334.0001,1359.7893
2004-05-25,1341.0332,1348.0666,1303.5219,1315.2441
2004-05-26,1326.9666,1345.7224,1324.6222,1345.7224
2004-05-27,1322.2778,1334.0001,1308.2110,1326.9667
2004-05-28,1336.3442,1350.4110,1333.9997,1338.6887
2004-05-31,1336.3443,1348.0666,1331.6554,1343.3777
2004-06-01,1331.6555,1341.0333,1329.3110,1336.3444
2004-06-02,1341.0331,1341.0331,1331.6553,1338.6887
2004-06-03,1341.0331,1348.0665,1319.9330,1333.9998
2004-06-04,1333.9999,1338.6889,1322.2776,1336.3444
2004-06-07,1343.3779,1359.7892,1343.3779,1345.7224
2004-06-08,1355.1000,1355.1000,1343.3778,1348.0667
2004-06-09,1348.0664,1366.8222,1343.3775,1362.1332
2004-06-10,1357.4447,1373.8560,1352.7558,1366.8226
2004-06-11,1390.2668,1392.6113,1378.5445,1385.5779
2004-06-14,1387.9229,1394.9563,1380.8895,1392.6118
2004-06-15,1394.9563,1394.9563,1385.5784,1392.6118
2004-06-16,1383.2338,1390.2672,1359.7892,1369.1670
2004-06-17,1364.4776,1366.8221,1350.4108,1355.0997
2004-06-18,1350.4111,1359.7890,1343.3777,1343.3777
2004-06-21,1366.8224,1392.6115,1362.1334,1380.8892
2004-06-22,1371.5114,1392.6116,1371.5114,1390.2671
2004-06-23,1392.6116,1418.4007,1387.9227,1416.0563
2004-06-24,1416.0562,1430.1229,1413.7117,1427.7784
2004-06-25,1406.6779,1418.4002,1401.9890,1413.7113
2004-06-28,1416.0562,1418.4006,1401.9894,1418.4006
2004-06-29,1418.4005,1432.4673,1418.4005,1430.1229
2004-06-30,1432.4673,1444.1896,1430.1229,1434.8118
2004-07-01,1441.8452,1451.2230,1420.7451,1427.7784
2004-07-02,1446.5343,1469.9789,1446.5343,1460.6011
2004-07-05,1462.9451,1467.6341,1418.4003,1420.7448
2004-07-06,1448.8784,1460.6008,1420.7448,1425.4337
2004-07-07,1427.7784,1427.7784,1406.6782,1406.6782
2004-07-08,1406.6783,1411.3672,1394.9560,1397.3004
2004-07-09,1404.3334,1420.7447,1401.9890,1413.7113
2004-07-12,1423.0895,1427.7784,1406.6782,1406.6782
2004-07-13,1406.6782,1439.5007,1406.6782,1434.8118
2004-07-14,1416.0561,1425.4339,1394.9559,1406.6782
2004-07-15,1418.4006,1430.1229,1406.6783,1427.7784
2004-07-16,1427.7781,1427.7781,1404.3334,1413.7113
2004-07-19,1413.7113,1413.7113,1413.7113,1413.7113
2004-07-20,1418.4005,1418.4005,1390.2669,1406.6782
2004-07-21,1406.6789,1406.6789,1392.6121,1401.9900
2004-07-22,1387.9229,1394.9562,1385.5784,1387.9229
2004-07-23,1392.6113,1397.3002,1385.5779,1385.5779
2004-07-26,1401.9891,1406.6780,1385.5778,1394.9557
2004-07-27,1406.6784,1425.4341,1406.6784,1416.0563
2004-07-28,1418.4006,1423.0896,1411.3672,1423.0896
2004-07-29,1413.7116,1434.8118,1401.9894,1430.1229
2004-07-30,1418.4006,1441.8453,1418.4006,1423.0896
2004-08-02,1427.7786,1448.8788,1427.7786,1448.8788
2004-08-03,1453.5678,1460.6012,1439.5009,1458.2566
2004-08-04,1458.2565,1469.9789,1441.8453,1460.6011
2004-08-05,1465.2901,1474.6680,1458.2567,1467.6346
2004-08-06,1448.8788,1460.6012,1444.1898,1458.2566
2004-08-09,1434.8118,1458.2564,1430.1229,1455.9120
2004-08-10,1444.1897,1465.2899,1444.1897,1460.6011
2004-08-11,1462.9454,1469.9788,1432.4673,1441.8452
2004-08-12,1427.7788,1453.5680,1425.4343,1439.5011
2004-08-13,1434.8119,1455.9121,1427.7785,1444.1897
2004-08-16,1455.9121,1455.9121,1434.8119,1444.1897
2004-08-17,1446.5346,1448.8790,1434.8122,1439.5011
2004-08-18,1430.1227,1430.1227,1404.3335,1425.4337
2004-08-19,1434.8115,1434.8115,1416.0559,1420.7448
2004-08-20,1416.0562,1434.8119,1411.3672,1418.4006
2004-08-23,1430.1230,1434.8119,1418.4006,1418.4006
2004-08-24,1420.7451,1427.7784,1411.3672,1427.7784
2004-08-25,1420.7450,1439.5007,1420.7450,1434.8118
2004-08-26,1441.8452,1441.8452,1432.4673,1441.8452
2004-08-27,1441.8453,1462.9455,1439.5008,1460.6011
2004-08-30,1460.6007,1460.6007,1448.8783,1453.5673
2004-08-31,1441.8456,1453.5680,1432.4677,1439.5011
2004-09-01,1441.8452,1451.2230,1434.8118,1434.8118
2004-09-02,1434.8119,1444.1897,1420.7451,1423.0896
2004-09-03,1425.4340,1430.1230,1418.4006,1418.4006
2004-09-06,1423.0895,1432.4673,1418.4005,1430.1229
2004-09-07,1420.7451,1425.4340,1399.6450,1418.4006
2004-09-08,1409.0227,1413.7116,1399.6448,1406.6782
2004-09-09,1409.0227,1411.3671,1401.9893,1404.3337
2004-09-10,1409.0227,1413.7116,1399.6448,1406.6782
2004-09-13,1406.6780,1409.0225,1392.6112,1394.9557
2004-09-14,1392.6116,1397.3005,1378.5448,1390.2671
2004-09-15,1385.5782,1392.6116,1378.5448,1378.5448
2004-09-16,1369.1669,1397.3004,1366.8225,1383.2336
2004-09-17,1385.5784,1394.9562,1376.2005,1387.9229
2004-09-20,1387.9229,1387.9229,1387.9229,1387.9229
2004-09-21,1392.6117,1392.6117,1362.1336,1369.1670
2004-09-22,1366.8222,1371.5111,1355.0998,1362.1332
2004-09-23,1362.1332,1362.1332,1362.1332,1362.1332
2004-09-24,1348.0666,1380.8892,1343.3777,1380.8892
2004-09-27,1385.6020,1385.6020,1345.5421,1345.5421
2004-09-28,1338.4727,1357.3244,1336.1162,1345.5421
2004-09-29,1362.0374,1362.0374,1336.1163,1336.1163
2004-09-30,1331.4036,1347.8988,1321.9777,1343.1859
2004-10-01,1343.1860,1362.0377,1338.4731,1362.0377
2004-10-04,1364.3941,1371.4635,1343.1859,1343.1859
2004-10-05,1350.2551,1383.2456,1350.2551,1364.3939
2004-10-06,1369.1067,1390.3149,1366.7503,1383.2455
2004-10-07,1383.2455,1387.9585,1354.9679,1354.9679
2004-10-08,1364.3940,1371.4634,1352.6117,1357.3246
2004-10-11,1357.3246,1357.3246,1357.3246,1357.3246
2004-10-12,1359.6810,1369.1068,1357.3245,1364.3939
2004-10-13,1376.1765,1385.6024,1362.0377,1362.0377
2004-10-14,1373.8201,1373.8201,1354.9683,1359.6813
2004-10-15,1354.9681,1362.0375,1347.8987,1357.3246
2004-10-18,1362.0374,1369.1068,1359.6810,1364.3939
2004-10-19,1362.0377,1376.1765,1359.6812,1369.1071
2004-10-20,1373.8200,1373.8200,1364.3942,1369.1071
2004-10-21,1373.8200,1376.1765,1366.7506,1369.1071
2004-10-22,1366.7507,1380.8895,1362.0377,1376.1765
2004-10-25,1333.7597,1364.3938,1324.3339,1354.9679
2004-10-26,1340.8294,1345.5423,1324.3341,1326.6906
2004-10-27,1333.7605,1343.1864,1326.6911,1331.4041
2004-10-28,1333.7602,1336.1167,1324.3344,1324.3344
2004-10-29,1307.8386,1319.6209,1307.8386,1312.5515
2004-11-01,1314.9083,1326.6906,1312.5518,1321.9777
2004-11-02,1324.3339,1350.2550,1319.6209,1345.5421
2004-11-03,1345.5421,1345.5421,1345.5421,1345.5421
2004-11-04,1345.5420,1347.8984,1329.0467,1333.7596
2004-11-05,1329.0468,1331.4033,1310.1951,1317.2645
2004-11-08,1314.9081,1317.2646,1305.4822,1305.4822
2004-11-09,1303.1260,1312.5518,1303.1260,1307.8389
2004-11-10,1312.5518,1326.6906,1312.5518,1321.9777
2004-11-11,1319.6212,1319.6212,1307.8389,1307.8389
2004-11-12,1296.0563,1307.8386,1286.6304,1298.4127
2004-11-15,1305.4821,1340.8290,1305.4821,1333.7596
2004-11-16,1333.7597,1333.7597,1305.4821,1312.5515
2004-11-17,1321.9776,1333.7600,1317.2647,1326.6906
2004-11-18,1333.7602,1333.7602,1317.2650,1324.3344
2004-11-19,1319.6212,1331.4036,1317.2648,1329.0471
2004-11-22,1305.4821,1312.5515,1296.0563,1312.5515
2004-11-23,1312.5515,1312.5515,1312.5515,1312.5515
2004-11-24,1305.4822,1324.3340,1305.4822,1305.4822
2004-11-25,1319.6213,1347.8989,1314.9084,1340.8295
2004-11-26,1347.8988,1357.3247,1329.0471,1329.0471
2004-11-29,1336.1166,1347.8990,1329.0472,1338.4731
2004-11-30,1338.4726,1340.8290,1329.0467,1333.7596
2004-12-01,1319.6209,1326.6903,1310.1951,1312.5515
2004-12-02,1317.2645,1321.9774,1310.1951,1317.2645
2004-12-03,1317.2647,1324.3341,1317.2647,1319.6211
2004-12-06,1314.9081,1314.9081,1298.4128,1305.4822
2004-12-07,1296.0565,1298.4129,1279.5612,1281.9177
2004-12-08,1284.2738,1293.6997,1284.2738,1288.9868
2004-12-09,1293.6999,1296.0564,1277.2046,1277.2046
2004-12-10,1291.3436,1312.5518,1286.6307,1293.7001
2004-12-13,1312.5516,1324.3340,1310.1952,1314.9081
2004-12-14,1319.6212,1329.0470,1314.9082,1326.6906
2004-12-15,1321.9774,1324.3339,1312.5515,1317.2645
2004-12-16,1319.6214,1329.0473,1310.1955,1324.3344
2004-12-17,1326.6905,1329.0470,1314.9082,1319.6211
2004-12-20,1324.3341,1331.4035,1310.1953,1310.1953
2004-12-21,1319.6214,1333.7602,1317.2650,1324.3344
2004-12-22,1319.6211,1331.4035,1312.5517,1319.6211
2004-12-23,1319.6211,1319.6211,1319.6211,1319.6211
2004-12-24,1321.9775,1336.1163,1321.9775,1336.1163
2004-12-27,1345.5422,1354.9680,1343.1857,1352.6116
2004-12-28,1350.2554,1350.2554,1338.4731,1340.8295
2004-12-29,1347.8984,1347.8984,1329.0467,1333.7596
2004-12-30,1331.4036,1343.1859,1331.4036,1343.1859
2004-12-31,1343.1859,1343.1859,1343.1859,1343.1859
2005-01-03,1343.1859,1343.1859,1343.1859,1343.1859
2005-01-04,1336.1162,1354.9679,1336.1162,1354.9679
2005-01-05,1357.3242,1357.3242,1347.8983,1350.2548
2005-01-06,1357.3247,1380.8893,1352.6117,1373.8199
2005-01-07,1371.4636,1378.5330,1366.7507,1376.1765
2005-01-10,1376.1765,1376.1765,1376.1765,1376.1765
2005-01-11,1383.2459,1385.6024,1366.7507,1376.1765
2005-01-12,1369.1068,1373.8198,1357.3245,1371.4633
2005-01-13,1359.6810,1366.7504,1340.8292,1352.6116
2005-01-14,1333.7602,1343.1860,1321.9778,1338.4731
2005-01-17,1336.1170,1338.4735,1324.3347,1331.4041
2005-01-18,1326.6906,1331.4036,1314.9083,1321.9777
2005-01-19,1326.6908,1350.2554,1319.6214,1338.4731
2005-01-20,1336.1165,1350.2553,1333.7600,1343.1859
2005-01-21,1343.1858,1359.6811,1340.8293,1357.3246
2005-01-24,1359.6810,1373.8198,1357.3245,1371.4633
2005-01-25,1373.8194,1376.1759,1345.5419,1350.2548
2005-01-26,1359.6813,1366.7507,1354.9683,1362.0377
2005-01-27,1364.3938,1364.3938,1338.4727,1345.5421
2005-01-28,1321.9777,1333.7600,1312.5518,1321.9777
2005-01-31,1321.9774,1324.3339,1312.5515,1317.2645
2005-02-01,1312.5515,1317.2645,1296.0563,1300.7692
2005-02-02,1300.7692,1305.4821,1296.0563,1298.4127
2005-02-03,1300.7692,1303.1257,1293.6998,1296.0563
2005-02-04,1291.3433,1296.0563,1288.9869,1296.0563
2005-02-07,1300.7695,1312.5518,1296.0566,1307.8389
2005-02-08,1310.1953,1317.2647,1305.4823,1310.1953
2005-02-09,1312.5517,1314.9082,1307.8388,1310.1953
2005-02-10,1298.4127,1303.1257,1291.3433,1296.0563
2005-02-11,1296.0563,1296.0563,1296.0563,1296.0563
2005-02-14,1291.3432,1293.6997,1281.9174,1288.9868
2005-02-15,1293.6999,1321.9775,1293.6999,1314.9081
2005-02-16,1307.8391,1324.3344,1307.8391,1324.3344
2005-02-17,1314.9080,1326.6903,1307.8386,1312.5515
2005-02-18,1317.2647,1324.3341,1312.5517,1319.6211
2005-02-21,1324.3339,1326.6903,1317.2645,1317.2645
2005-02-22,1314.9080,1317.2645,1307.8386,1312.5515
2005-02-23,1300.7692,1312.5515,1300.7692,1300.7692
2005-02-24,1303.1258,1312.5516,1303.1258,1305.4822
2005-02-25,1314.9080,1319.6209,1310.1951,1317.2645
2005-02-28,1324.3339,1326.6903,1310.1951,1312.5515
2005-03-01,1314.9081,1317.2646,1310.1952,1314.9081
2005-03-02,1314.9081,1336.1163,1314.9081,1336.1163
2005-03-03,1331.4036,1336.1165,1319.6212,1321.9777
2005-03-04,1321.9776,1324.3341,1317.2647,1319.6211
2005-03-07,1319.6209,1319.6209,1310.1951,1312.5515
2005-03-08,1317.2648,1329.0471,1314.9083,1321.9777
2005-03-09,1317.2645,1324.3339,1312.5515,1317.2645
2005-03-10,1319.6217,1340.8299,1319.6217,1331.4041
2005-03-11,1343.1857,1347.8986,1336.1163,1336.1163
2005-03-14,1340.8290,1345.5420,1333.7596,1333.7596
2005-03-15,1343.1856,1354.9679,1343.1856,1345.5421
2005-03-16,1352.6113,1352.6113,1333.7595,1350.2548
2005-03-17,1350.2554,1354.9683,1338.4731,1347.8989
2005-03-18,1352.6118,1380.8894,1350.2554,1369.1071
2005-03-21,1369.1071,1369.1071,1369.1071,1369.1071
2005-03-22,1380.8891,1390.3149,1373.8197,1383.2455
2005-03-23,1383.2456,1383.2456,1357.3245,1378.5327
2005-03-24,1380.8894,1385.6024,1366.7506,1369.1071
2005-03-25,1378.5327,1383.2456,1362.0374,1364.3939
2005-03-28,1367.9500,1370.3208,1353.7253,1360.8376
2005-03-29,1353.7254,1356.0961,1334.7590,1344.2422
2005-03-30,1330.0173,1372.6916,1330.0173,1348.9836
2005-03-31,1339.5007,1365.5795,1334.7591,1365.5795
2005-04-01,1365.5797,1370.3213,1356.0965,1367.9506
2005-04-04,1372.6917,1377.4333,1360.8378,1363.2085
2005-04-05,1356.0960,1360.8377,1348.9836,1348.9836
2005-04-06,1348.9836,1363.2084,1346.6129,1360.8376
2005-04-07,1360.8376,1363.2084,1346.6129,1360.8376
2005-04-08,1351.3547,1358.4671,1348.9839,1351.3547
2005-04-11,1341.8715,1344.2424,1325.2760,1330.0176
2005-04-12,1330.0174,1337.1298,1322.9050,1322.9050
2005-04-13,1325.2758,1327.6465,1311.0510,1311.0510
2005-04-14,1308.6802,1318.1634,1303.9386,1308.6802
2005-04-15,1303.9383,1308.6799,1296.8259,1296.8259
2005-04-18,1284.9722,1289.7138,1254.1519,1263.6350
2005-04-19,1287.3427,1306.3091,1277.8595,1303.9384
2005-04-20,1303.9383,1303.9383,1287.3427,1296.8259
2005-04-21,1280.2305,1289.7137,1263.6349,1282.6013
2005-04-22,1292.0844,1294.4553,1275.4889,1282.6013
2005-04-25,1280.2306,1287.3430,1277.8598,1284.9722
2005-04-26,1294.4553,1294.4553,1254.1518,1282.6013
2005-04-27,1280.2306,1284.9722,1270.7474,1280.2306
2005-04-28,1289.7140,1299.1971,1284.9723,1294.4556
2005-04-29,1294.4556,1294.4556,1294.4556,1294.4556
2005-05-02,1287.3430,1313.4217,1287.3430,1308.6802
2005-05-03,1308.6802,1308.6802,1308.6802,1308.6802
2005-05-04,1308.6802,1308.6802,1308.6802,1308.6802
2005-05-05,1308.6802,1308.6802,1308.6802,1308.6802
2005-05-06,1313.4218,1315.7926,1306.3094,1313.4218
2005-05-09,1292.0846,1313.4218,1289.7138,1311.0510
2005-05-10,1311.0510,1313.4218,1306.3094,1313.4218
2005-05-11,1308.6802,1311.0510,1296.8262,1308.6802
2005-05-12,1311.0507,1313.4215,1303.9384,1303.9384
2005-05-13,1292.0846,1294.4554,1284.9722,1284.9722
2005-05-16,1282.6014,1287.3430,1280.2306,1284.9722
2005-05-17,1292.0845,1296.8262,1273.1182,1280.2306
2005-05-18,1280.2306,1284.9721,1273.1182,1275.4890
2005-05-19,1277.8600,1280.2308,1266.0060,1277.8600
2005-05-20,1277.8598,1280.2307,1261.2643,1268.3767
2005-05-23,1268.3767,1268.3767,1256.5227,1268.3767
2005-05-24,1263.6349,1287.3429,1254.1518,1282.6013
2005-05-25,1277.8600,1282.6016,1266.0060,1277.8600
2005-05-26,1273.1180,1287.3428,1263.6348,1273.1180
2005-05-27,1275.4892,1280.2308,1266.0060,1277.8600
2005-05-30,1280.2308,1282.6016,1273.1184,1277.8600
2005-05-31,1275.4892,1282.6016,1270.7476,1277.8600
2005-06-01,1270.7476,1280.2308,1270.7476,1277.8600
2005-06-02,1284.9722,1296.8262,1280.2306,1280.2306
2005-06-03,1280.2306,1282.6014,1273.1182,1280.2306
2005-06-06,1284.9716,1296.8256,1282.6009,1292.0840
2005-06-07,1292.0847,1296.8264,1287.3432,1294.4556
2005-06-08,1301.5675,1308.6799,1299.1967,1303.9384
2005-06-09,1303.9388,1303.9388,1287.3432,1301.5680
2005-06-10,1303.9386,1313.4218,1299.1970,1311.0510
2005-06-13,1299.1967,1313.4215,1294.4551,1303.9384
2005-06-14,1306.3093,1313.4217,1306.3093,1308.6802
2005-06-15,1308.6802,1327.6466,1306.3094,1322.9050
2005-06-16,1318.1637,1325.2761,1311.0513,1315.7928
2005-06-17,1320.5344,1334.7592,1320.5344,1334.7592
2005-06-20,1334.7590,1337.1298,1325.2759,1325.2759
2005-06-21,1322.9049,1327.6465,1318.1633,1318.1633
2005-06-22,1315.7927,1332.3883,1313.4218,1325.2759
2005-06-23,1320.5344,1330.0176,1320.5344,1330.0176
2005-06-24,1322.9051,1339.5007,1322.9051,1337.1299
2005-06-27,1332.3887,1337.1302,1327.6470,1332.3887
2005-06-28,1332.3886,1339.5010,1327.6469,1339.5010
2005-06-29,1339.5006,1348.9838,1332.3882,1344.2422
2005-06-30,1346.6132,1351.3547,1339.5008,1351.3547
2005-07-01,1351.3548,1360.8380,1348.9839,1353.7256
2005-07-04,1353.7256,1356.0963,1344.2423,1351.3547
2005-07-05,1348.9842,1351.3550,1325.2763,1332.3887
2005-07-06,1334.7590,1337.1298,1320.5342,1322.9050
2005-07-07,1327.6470,1341.8718,1325.2763,1332.3887
2005-07-08,1339.5007,1341.8714,1325.2759,1325.2759
2005-07-11,1334.7590,1337.1298,1322.9051,1325.2759
2005-07-12,1322.9050,1322.9050,1311.0510,1311.0510
2005-07-13,1311.0507,1313.4215,1299.1967,1303.9384
2005-07-14,1306.3093,1315.7926,1306.3093,1308.6802
2005-07-15,1320.5343,1320.5343,1301.5680,1301.5680
2005-07-18,1301.5680,1301.5680,1301.5680,1301.5680
2005-07-19,1299.1964,1301.5672,1292.0840,1292.0840
2005-07-20,1289.7138,1294.4554,1282.6014,1284.9722
2005-07-21,1294.4556,1306.3095,1289.7140,1299.1971
2005-07-22,1301.5680,1303.9388,1287.3432,1299.1971
2005-07-25,1289.7142,1296.8266,1287.3434,1287.3434
2005-07-26,1287.3429,1294.4553,1280.2305,1282.6013
2005-07-27,1289.7140,1306.3095,1289.7140,1299.1971
2005-07-28,1296.8262,1299.1970,1282.6014,1284.9722
2005-07-29,1313.4217,1322.9050,1308.6802,1308.6802
2005-08-01,1315.7926,1351.3546,1315.7926,1344.2422
2005-08-02,1337.1298,1346.6130,1337.1298,1344.2422
2005-08-03,1351.3548,1356.0964,1337.1301,1346.6133
2005-08-04,1344.2425,1353.7257,1339.5009,1346.6133
2005-08-05,1344.2420,1346.6128,1315.7924,1327.6464
2005-08-08,1311.0512,1330.0176,1308.6804,1330.0176
2005-08-09,1339.5008,1353.7256,1337.1299,1351.3547
2005-08-10,1356.0960,1360.8376,1348.9836,1360.8376
2005-08-11,1358.4670,1384.5457,1358.4670,1377.4333
2005-08-12,1379.8042,1389.2874,1377.4334,1384.5458
2005-08-15,1394.0287,1401.1411,1382.1747,1391.6578
2005-08-16,1396.3998,1398.7705,1389.2874,1394.0289
2005-08-17,1391.6581,1391.6581,1375.0626,1375.0626
2005-08-18,1382.1751,1389.2875,1377.4334,1386.9166
2005-08-19,1386.9168,1394.0292,1370.3212,1370.3212
2005-08-22,1375.0630,1377.4337,1365.5797,1367.9506
2005-08-23,1372.6918,1391.6582,1372.6918,1382.1750
2005-08-24,1386.9166,1389.2874,1377.4334,1384.5458
2005-08-25,1384.5458,1389.2874,1382.1750,1382.1750
2005-08-26,1386.9166,1389.2875,1379.8042,1386.9166
2005-08-29,1379.8040,1384.5455,1372.6916,1379.8040
2005-08-30,1379.8042,1391.6582,1379.8042,1386.9166
2005-08-31,1384.5459,1412.9955,1384.5459,1410.6248
2005-09-01,1412.9951,1422.4784,1410.6244,1415.3660
2005-09-02,1417.7369,1422.4785,1405.8829,1417.7369
2005-09-05,1420.1075,1431.9615,1420.1075,1431.9615
2005-09-06,1441.4446,1450.9278,1431.9615,1439.0739
2005-09-07,1436.7034,1439.0743,1412.9954,1422.4786
2005-09-08,1424.8491,1431.9615,1415.3659,1424.8491
2005-09-09,1431.9618,1436.7033,1424.8494,1429.5909
2005-09-12,1443.8154,1453.2986,1434.3322,1436.7030
2005-09-13,1439.0741,1446.1865,1427.2201,1427.2201
2005-09-14,1420.1074,1424.8491,1417.7367,1420.1074
2005-09-15,1422.4785,1448.5573,1420.1077,1448.5573
2005-09-16,1458.0404,1460.4111,1439.0740,1446.1864
2005-09-19,1446.1864,1446.1864,1446.1864,1446.1864
2005-09-20,1453.2989,1481.7484,1448.5573,1472.2653
2005-09-21,1474.6360,1486.4901,1465.1529,1479.3777
2005-09-22,1481.7484,1493.6025,1479.3777,1479.3777
2005-09-23,1479.3777,1479.3777,1479.3777,1479.3777
2005-09-26,1503.0856,1517.3104,1495.9732,1517.3104
2005-09-27,1526.8532,1526.8532,1498.2247,1505.3818
2005-09-28,1498.2247,1514.9248,1495.8391,1505.3818
2005-09-29,1522.0818,1548.3245,1500.6105,1543.5532
2005-09-30,1553.0960,1562.6387,1534.0102,1545.9388
2005-10-03,1543.5534,1543.5534,1505.3819,1531.6248
2005-10-04,1541.1672,1550.7102,1534.0101,1548.3243
2005-10-05,1550.7101,1550.7101,1526.8529,1538.7815
2005-10-06,1534.0105,1541.1676,1517.3106,1522.0820
2005-10-07,1526.8530,1531.6245,1486.2961,1500.6104
2005-10-10,1500.6104,1500.6104,1500.6104,1500.6104
2005-10-11,1493.4536,1536.3964,1493.4536,1536.3964
2005-10-12,1538.7820,1562.6390,1526.8534,1536.3964
2005-10-13,1531.6249,1548.3248,1519.6963,1536.3964
2005-10-14,1545.9387,1550.7102,1517.3102,1548.3243
2005-10-17,1550.7105,1591.2674,1550.7105,1579.3390
2005-10-18,1588.8819,1612.7389,1562.6390,1562.6390
2005-10-19,1550.7103,1562.6387,1524.4675,1545.9388
2005-10-20,1550.7106,1562.6390,1543.5534,1550.7106
2005-10-21,1550.7101,1579.3386,1536.3959,1572.1815
2005-10-24,1584.1104,1584.1104,1557.8677,1562.6390
2005-10-25,1586.4961,1586.4961,1574.5675,1576.9531
2005-10-26,1574.5674,1581.7245,1553.0960,1581.7245
2005-10-27,1586.4964,1610.3534,1579.3392,1610.3534
2005-10-28,1593.6532,1607.9674,1581.7246,1607.9674
2005-10-31,1627.0529,1662.8386,1627.0529,1646.1387
2005-11-01,1669.9953,1681.9238,1667.6096,1674.7667
2005-11-02,1677.1531,1722.4817,1674.7675,1698.6245
2005-11-03,1698.6245,1698.6245,1698.6245,1698.6245
2005-11-04,1717.7104,1734.4103,1698.6247,1727.2532
2005-11-07,1736.7958,1743.9529,1715.3244,1736.7958
2005-11-08,1734.4102,1736.7961,1710.5532,1722.4818
2005-11-09,1712.9388,1717.7102,1691.4674,1698.6245
2005-11-10,1689.0818,1703.3960,1669.9961,1693.8533
2005-11-11,1705.7817,1736.7960,1703.3960,1734.4102
2005-11-14,1732.0245,1732.0245,1691.4674,1705.7816
2005-11-15,1693.8532,1712.9388,1686.6961,1698.6245
2005-11-16,1681.9247,1698.6246,1669.9961,1693.8533
2005-11-17,1684.3098,1722.4813,1681.9242,1720.0955
2005-11-18,1739.1813,1760.6527,1732.0242,1755.8812
2005-11-21,1763.0378,1784.5092,1753.4951,1774.9664
2005-11-22,1774.9664,1774.9664,1763.0378,1774.9664
2005-11-23,1774.9664,1774.9664,1774.9664,1774.9664
2005-11-24,1803.5958,1844.1529,1801.2102,1803.5958
2005-11-25,1789.2812,1803.5955,1784.5098,1801.2098
2005-11-28,1791.6670,1810.7527,1784.5098,1810.7527
2005-11-29,1817.9099,1827.4527,1813.1384,1817.9099
2005-11-30,1825.0667,1829.8382,1798.8239,1798.8239
2005-12-01,1798.8240,1813.1383,1770.1955,1801.2098
2005-12-02,1813.1384,1820.2956,1808.3671,1817.9099
2005-12-05,1815.5243,1825.0670,1803.5957,1817.9099
2005-12-06,1822.6814,1825.0671,1808.3672,1808.3672
2005-12-07,1836.9954,1839.3811,1825.0668,1834.6096
2005-12-08,1844.1525,1846.5382,1798.8239,1813.1382
2005-12-09,1789.2812,1820.2953,1786.8955,1813.1382
2005-12-12,1836.9958,1841.7671,1803.5959,1827.4529
2005-12-13,1829.8381,1894.2522,1827.4522,1884.7092
2005-12-14,1894.2526,1894.2526,1827.4526,1832.2241
2005-12-15,1856.0808,1901.4094,1848.9237,1860.8523
2005-12-16,1884.7095,1899.0237,1865.6239,1877.5524
2005-12-19,1884.7092,1889.4806,1865.6236,1879.9379
2005-12-20,1884.7091,1970.5945,1879.9378,1961.0518
2005-12-21,1965.8237,1977.7521,1946.7380,1963.4379
2005-12-22,1965.8236,1994.4521,1956.2806,1972.9807
2005-12-23,1972.9807,1972.9807,1972.9807,1972.9807
2005-12-26,1949.1241,1961.0527,1934.8098,1946.7384
2005-12-27,1946.7388,1968.2102,1932.4246,1932.4246
2005-12-28,1927.6525,1953.8954,1913.3383,1953.8954
2005-12-29,1953.8953,1963.4381,1941.9667,1944.3525
2005-12-30,1944.3524,1946.7380,1913.3381,1934.8094
2006-01-02,1934.8094,1934.8094,1934.8094,1934.8094
2006-01-03,1934.8094,1934.8094,1934.8094,1934.8094
2006-01-04,1977.7523,2003.9951,1951.5096,2001.6095
2006-01-05,2020.6948,2020.6948,1970.5949,1994.4521
2006-01-06,1980.1382,1982.5238,1963.4381,1968.2096
2006-01-09,1968.2096,1968.2096,1968.2096,1968.2096
2006-01-10,1968.2096,1970.5953,1918.1098,1953.8954
2006-01-11,1944.3525,1961.0524,1925.2668,1944.3525
2006-01-12,1934.8102,1937.1960,1913.3388,1932.4246
2006-01-13,1915.7236,1930.0379,1910.9521,1922.8807
2006-01-16,1910.9525,1913.3381,1887.0954,1894.2526
2006-01-17,1865.6238,1891.8664,1841.7666,1860.8523
2006-01-18,1825.0666,1851.3095,1743.9526,1784.5095
2006-01-19,1784.5099,1839.3812,1784.5099,1832.2241
2006-01-20,1839.3813,1851.3099,1796.4386,1808.3672
2006-01-23,1789.2812,1829.8383,1786.8955,1813.1382
2006-01-24,1822.6807,1846.5377,1813.1378,1844.1521
2006-01-25,1853.6952,1875.1666,1827.4523,1853.6952
2006-01-26,1844.1524,1868.0094,1844.1524,1860.8523
2006-01-27,1877.5522,1889.4808,1853.6951,1863.2379
2006-01-30,1889.4805,1932.4232,1884.7090,1896.6376
2006-01-31,1903.7954,1949.1238,1903.7954,1944.3525
2006-02-01,1944.3516,1963.4371,1920.4944,1925.2659
2006-02-02,1949.1237,1951.5095,1920.4952,1927.6523
2006-02-03,1930.0383,1951.5097,1927.6525,1944.3525
2006-02-06,1953.8954,1953.8954,1927.6525,1949.1239
2006-02-07,1956.2809,1965.8238,1946.7381,1956.2809
2006-02-08,1961.0520,1961.0520,1922.8807,1922.8807
2006-02-09,1946.7379,1968.2093,1941.9664,1965.8236
2006-02-10,1968.2095,1984.9094,1930.0382,1937.1953
2006-02-13,1951.5097,1956.2810,1937.1954,1944.3525
2006-02-14,1927.6517,1946.7374,1884.7090,1896.6376
2006-02-15,1908.5665,1913.3378,1865.6237,1875.1665
2006-02-16,1879.9386,1939.5813,1875.1672,1939.5813
2006-02-17,1939.5811,1956.2810,1920.4954,1949.1239
2006-02-20,1932.4238,1951.5095,1920.4952,1927.6523
2006-02-21,1949.1238,1949.1238,1930.0383,1944.3525
2006-02-22,1953.8952,1968.2095,1949.1238,1956.2809
2006-02-23,1944.3524,1949.1237,1920.4952,1927.6523
2006-02-24,1934.8095,1937.1953,1913.3381,1927.6523
2006-02-27,1918.1096,1956.2809,1918.1096,1956.2809
2006-02-28,1956.2809,1975.3666,1941.9666,1975.3666
2006-03-01,1956.2807,1972.9808,1944.3523,1963.4379
2006-03-02,1968.2098,1970.5954,1946.7384,1946.7384
2006-03-03,1953.8946,1968.2088,1939.5803,1951.5089
2006-03-06,1953.8946,1965.8232,1941.9660,1951.5089
2006-03-07,1951.5094,1970.5950,1951.5094,1963.4379
2006-03-08,1949.1242,1961.0528,1944.3529,1958.6671
2006-03-09,1961.0524,1994.4524,1958.6667,1992.0665
2006-03-10,1982.5230,2013.5371,1980.1374,1999.2229
2006-03-13,2023.0811,2087.4953,2020.6953,2080.3381
2006-03-14,2077.9520,2077.9520,2054.0950,2054.0950
2006-03-15,2051.7095,2056.4808,2020.6952,2032.6238
2006-03-16,2035.0086,2051.7087,2020.6943,2037.3944
2006-03-17,2037.3951,2068.4092,2035.0093,2058.8665
2006-03-20,2063.6369,2113.7368,2061.2513,2101.8083
2006-03-21,2101.8083,2101.8083,2101.8083,2101.8083
2006-03-22,2082.7238,2094.6524,2054.0953,2066.0239
2006-03-23,2061.2521,2085.1091,2061.2521,2068.4092
2006-03-24,2075.5661,2154.2945,2073.1805,2139.9802
2006-03-27,2128.0512,2144.7513,2106.5798,2111.3513
2006-03-28,2096.9727,2106.5588,2080.1968,2104.1624
2006-03-29,2099.3686,2132.9203,2089.7825,2120.9375
2006-03-30,2125.7314,2125.7314,2073.0074,2075.4041
2006-03-31,2084.9901,2094.5762,2068.2143,2089.7832
2006-04-03,2094.5755,2132.9203,2077.7998,2120.9375
2006-04-04,2132.9203,2140.1099,2116.1444,2123.3340
2006-04-05,2147.3005,2183.2486,2144.9039,2168.8694
2006-04-06,2178.4560,2228.7834,2173.6629,2219.1973
2006-04-07,2219.1967,2257.5413,2192.8347,2214.4036
2006-04-10,2190.4378,2197.6275,2159.2827,2180.8516
2006-04-11,2180.8520,2207.2140,2161.6797,2195.2312
2006-04-12,2173.6624,2185.6451,2144.9039,2147.3005
2006-04-13,2164.0758,2166.4723,2128.1277,2149.6965
2006-04-14,2164.0751,2180.8508,2130.5235,2176.0579
2006-04-17,2178.4547,2180.8512,2140.1101,2144.9031
2006-04-18,2128.1274,2152.0927,2125.7309,2144.9031
2006-04-19,2142.5068,2164.0756,2132.9207,2132.9207
2006-04-20,2156.8855,2188.0404,2149.6959,2176.0579
2006-04-21,2183.2481,2219.1962,2180.8515,2212.0066
2006-04-24,2207.2132,2212.0064,2173.6616,2173.6616
2006-04-25,2149.6964,2173.6618,2140.1103,2161.6792
2006-04-26,2161.6786,2197.6267,2156.8855,2176.0579
2006-04-27,2185.6444,2190.4375,2164.0755,2171.2651
2006-04-28,2161.6786,2164.0750,2096.9720,2130.5234
2006-05-01,2120.9373,2130.5234,2096.9719,2101.7649
2006-05-02,2096.9726,2118.5414,2092.1794,2113.7483
2006-05-03,2113.7483,2113.7483,2113.7483,2113.7483
2006-05-04,2113.7483,2113.7483,2113.7483,2113.7483
2006-05-05,2113.7483,2113.7483,2113.7483,2113.7483
2006-05-08,2152.0929,2152.0929,2101.7656,2118.5415
2006-05-09,2120.9375,2137.7132,2111.3514,2123.3340
2006-05-10,2142.5072,2144.9037,2099.3695,2108.9556
2006-05-11,2104.1620,2113.7481,2053.8346,2070.6104
2006-05-12,2046.6461,2058.6287,2003.5084,2015.4910
2006-05-15,1967.5595,2003.5076,1967.5595,2003.5076
2006-05-16,1981.9386,1991.5247,1945.9905,1945.9905
2006-05-17,1972.3525,2022.6798,1965.1629,2010.6973
2006-05-18,1962.7669,1979.5426,1943.5945,1967.5601
2006-05-19,1960.3703,1965.1633,1941.1979,1955.5771
2006-05-22,1965.1631,1989.1286,1955.5770,1962.7666
2006-05-23,1938.8010,1957.9732,1926.8182,1936.4043
2006-05-24,1974.7489,1974.7489,1926.8180,1974.7489
2006-05-25,1965.1627,1989.1282,1936.4043,1943.5939
2006-05-26,1953.1805,1965.1631,1936.4046,1957.9735
2006-05-29,1965.1623,1972.3520,1948.3866,1960.3694
2006-05-30,1955.5776,1957.9741,1938.8019,1941.1984
2006-05-31,1919.6288,1955.5769,1919.6288,1919.6288
2006-06-01,1941.1973,1948.3869,1922.0249,1931.6112
2006-06-02,1936.4045,1957.9733,1907.6460,1950.7837
2006-06-05,1948.3876,1955.5772,1926.8187,1948.3876
2006-06-06,1938.8019,1962.7672,1936.4052,1941.1984
2006-06-07,1936.4046,1948.3874,1907.6461,1907.6461
2006-06-08,1883.6805,1890.8701,1802.1982,1814.1808
2006-06-09,1826.1637,1859.7153,1818.9741,1845.3361
2006-06-12,1845.3359,1854.9220,1821.3704,1850.1289
2006-06-13,1823.7669,1840.5426,1799.8014,1799.8014
2006-06-14,1797.4052,1823.7672,1771.0432,1785.4225
2006-06-15,1799.8015,1816.5774,1785.4222,1802.1981
2006-06-16,1850.1288,1888.4736,1830.9566,1886.0769
2006-06-19,1890.8701,1905.2494,1881.2840,1893.2666
2006-06-20,1893.2674,1900.4570,1869.3021,1895.6641
2006-06-21,1898.0600,1898.0600,1857.3187,1890.8704
2006-06-22,1914.8354,1936.4043,1895.6632,1936.4043
2006-06-23,1929.2150,1962.7666,1905.2496,1962.7666
2006-06-26,1965.1633,1969.9564,1931.6118,1955.5771
2006-06-27,1953.1799,1955.5764,1907.6455,1917.2318
2006-06-28,1905.2501,1922.0258,1890.8708,1910.0432
2006-06-29,1941.1978,1996.3183,1934.0081,1977.1459
2006-06-30,2022.6790,2037.0582,2003.5068,2037.0582
2006-07-03,2039.4558,2056.2315,2032.2662,2041.8523
2006-07-04,2056.2314,2056.2314,2029.8694,2053.8350
2006-07-05,2029.8690,2046.6449,2025.0760,2025.0760
2006-07-06,2027.4731,2044.2488,2022.6800,2032.2662
2006-07-07,2049.0418,2094.5760,2046.6453,2077.8003
2006-07-10,2053.8345,2123.3340,2053.8345,2120.9375
2006-07-11,2128.1275,2149.6964,2116.1448,2132.9207
2006-07-12,2120.9380,2125.7312,2073.0072,2077.8003
2006-07-13,2063.4215,2101.7661,2056.2318,2073.0076
2006-07-14,2041.8522,2061.0245,2003.5076,2003.5076
2006-07-17,2113.7483,2113.7483,2113.7483,2113.7483
2006-07-18,1979.5419,2049.0417,1972.3523,1981.9386
2006-07-19,1972.3528,1981.9390,1957.9735,1957.9735
2006-07-20,1993.9209,2025.0760,1991.5244,2025.0760
2006-07-21,2020.2825,2049.0410,2013.0929,2037.0582
2006-07-24,2061.0243,2084.9896,2032.2658,2070.6104
2006-07-25,2092.1790,2092.1790,2073.0067,2080.1963
2006-07-26,2096.9728,2101.7658,2056.2316,2068.2144
2006-07-27,2044.2491,2084.9903,2034.6630,2073.0076
2006-07-28,2070.6107,2073.0072,2032.2661,2053.8350
2006-07-31,2049.0423,2080.1973,2039.4562,2044.2491
2006-08-01,1996.3179,2037.0589,1996.3179,2022.6797
2006-08-02,2013.0938,2037.0591,1996.3181,2005.9042
2006-08-03,2010.6969,2039.4554,2003.5073,2034.6622
2006-08-04,2039.4562,2063.4215,2037.0595,2044.2491
2006-08-07,2049.0414,2051.4379,1996.3176,1996.3176
2006-08-08,2010.6961,2070.6095,2005.9030,2061.0234
2006-08-09,2058.6281,2068.2144,2022.6800,2068.2144
2006-08-10,2068.2131,2082.5923,2046.6442,2061.0234
2006-08-11,2049.0407,2075.4027,2049.0407,2061.0234
2006-08-14,2070.6110,2118.5418,2063.4214,2108.9556
2006-08-15,2118.5407,2120.9372,2108.9544,2111.3511
2006-08-16,2123.3346,2142.5070,2113.7485,2137.7139
2006-08-17,2140.1101,2140.1101,2094.5758,2096.9724
2006-08-18,2094.5760,2099.3692,2070.6107,2077.8003
2006-08-21,2080.1958,2082.5925,2053.8340,2058.6270
2006-08-22,2053.8354,2082.5938,2046.6457,2073.0076
2006-08-23,2061.0246,2073.0072,2049.0418,2053.8350
2006-08-24,2051.4382,2065.8175,2046.6453,2051.4382
2006-08-25,2051.4372,2082.5923,2051.4372,2061.0234
2006-08-28,2070.6107,2077.8003,2046.6453,2053.8350
2006-08-29,2070.6108,2073.0072,2056.2315,2065.8176
2006-08-30,2058.6275,2058.6275,2020.2829,2025.0760
2006-08-31,2039.4557,2080.1968,2032.2661,2077.8003
2006-09-01,2061.0234,2070.6095,2049.0407,2061.0234
2006-09-04,2075.4035,2075.4035,2065.8172,2070.6104
2006-09-05,2056.2308,2063.4204,2044.2480,2046.6447
2006-09-06,2051.4383,2065.8175,2046.6453,2053.8350
2006-09-07,2056.2313,2058.6278,2017.8867,2022.6797
2006-09-08,2015.4903,2056.2315,2013.0938,2041.8523
2006-09-11,2029.8691,2034.6622,1996.3176,1996.3176
2006-09-12,2020.2827,2037.0584,2017.8862,2027.4723
2006-09-13,2027.4725,2046.6449,2022.6794,2025.0760
2006-09-14,2027.4724,2049.0413,2027.4724,2049.0413
2006-09-15,2034.6630,2053.8354,2020.2838,2044.2491
2006-09-18,2044.2491,2044.2491,2044.2491,2044.2491
2006-09-19,2037.0592,2058.6281,2027.4731,2032.2662
2006-09-20,2022.6792,2025.0758,1991.5242,2008.2999
2006-09-21,2013.0933,2022.6794,1986.7313,2020.2830
2006-09-22,2001.1108,2015.4900,1986.7316,1986.7316
2006-09-25,1993.9213,2003.5076,1960.3699,1984.3352
2006-09-26,1997.5881,2019.2748,1973.4918,1985.5400
2006-09-27,1985.5400,2016.8652,1973.4918,2016.8652
2006-09-28,2019.2745,2021.6842,1992.7686,1997.5878
2006-09-29,1995.1788,1997.5884,1980.7210,1990.3595
2006-10-02,1985.5402,2028.9137,1980.7209,2028.9137
2006-10-03,2009.6362,2014.4556,1990.3591,2009.6362
2006-10-04,2012.0459,2019.2748,1978.3111,1985.5400
2006-10-05,2002.4075,2033.7327,1995.1785,2033.7327
2006-10-06,2062.6481,2067.4674,2045.7807,2060.2385
2006-10-09,2060.2385,2060.2385,2060.2385,2060.2385
2006-10-10,2062.6484,2101.2027,2060.2388,2081.9255
2006-10-11,2089.1542,2118.0699,2086.7447,2103.6121
2006-10-12,2074.6971,2079.5164,2055.4199,2055.4199
2006-10-13,2060.2392,2074.6970,2024.0946,2024.0946
2006-10-16,2028.9138,2028.9138,2004.8174,2012.0463
2006-10-17,2009.6363,2012.0459,1983.1303,1985.5400
2006-10-18,1975.9013,1985.5399,1959.0339,1980.7206
2006-10-19,1975.9016,1983.1306,1966.2632,1973.4921
2006-10-20,1973.4919,1987.9497,1971.0823,1983.1304
2006-10-23,1985.5403,2002.4077,1983.1306,1990.3595
2006-10-24,1992.7692,1992.7692,1966.2631,1975.9016
2006-10-25,1975.9018,1983.1307,1963.8537,1968.6729
2006-10-26,1971.0824,1975.9015,1954.2148,1961.4437
2006-10-27,1956.6242,1959.0338,1925.2989,1927.7086
2006-10-30,1934.9375,1949.3953,1927.7086,1927.7086
2006-10-31,1937.3467,1983.1297,1932.5274,1971.0817
2006-11-01,1990.3596,2007.2271,1966.2633,2004.8174
2006-11-02,1995.1781,1999.9974,1975.9010,1999.9974
2006-11-03,1999.9974,1999.9974,1999.9974,1999.9974
2006-11-06,1995.1784,1997.5880,1959.0338,1992.7688
2006-11-07,1999.9984,1999.9984,1963.8539,1966.2634
2006-11-08,1963.8530,1968.6721,1927.7084,1932.5276
2006-11-09,1925.2993,1944.5764,1922.8897,1937.3475
2006-11-10,1927.7084,1939.7565,1918.0698,1939.7565
2006-11-13,1942.1667,1946.9858,1915.6606,1934.9377
2006-11-14,1961.4439,1975.9018,1946.9861,1968.6729
2006-11-15,1961.4442,1961.4442,1918.0707,1920.4805
2006-11-16,1934.9372,1959.0335,1934.9372,1944.5757
2006-11-17,1939.7570,1971.0824,1937.3474,1961.4437
2006-11-20,1954.2147,1975.9014,1932.5280,1934.9377
2006-11-21,1930.1184,1939.7569,1910.8413,1930.1184
2006-11-22,1918.0706,1927.7092,1906.0225,1918.0706
2006-11-23,1918.0706,1918.0706,1918.0706,1918.0706
2006-11-24,1906.0218,1946.9855,1906.0218,1922.8892
2006-11-27,1932.5281,1963.8535,1922.8896,1954.2148
2006-11-28,1930.1180,1944.5758,1913.2506,1939.7565
2006-11-29,1939.7570,1966.2631,1934.9378,1961.4437
2006-11-30,1944.5763,1956.6245,1932.5280,1956.6245
2006-12-01,1946.9855,1954.2144,1918.0698,1922.8892
2006-12-04,1922.8895,1922.8895,1884.3354,1889.1545
2006-12-05,1896.3839,1898.7936,1881.9261,1884.3358
2006-12-06,1896.3830,1942.1662,1884.3350,1939.7565
2006-12-07,1949.3961,1954.2153,1939.7575,1949.3961
2006-12-08,1954.2145,1961.4434,1922.8893,1927.7086
2006-12-11,1927.7094,1932.5285,1910.8418,1920.4805
2006-12-12,1920.4796,1932.5276,1915.6603,1922.8892
2006-12-13,1925.2987,1942.1663,1915.6603,1922.8892
2006-12-14,1927.7084,1939.7565,1920.4795,1939.7565
2006-12-15,1942.1663,1942.1663,1920.4796,1922.8892
2006-12-18,1920.4800,1922.8895,1910.8413,1910.8413
2006-12-19,1910.8413,1918.0702,1889.1545,1889.1545
2006-12-20,1906.0216,1918.0696,1893.9733,1915.6600
2006-12-21,1913.2510,1937.3473,1901.2028,1930.1184
2006-12-22,1920.4794,1932.5274,1915.6600,1915.6600
2006-12-25,1918.0702,1925.2991,1908.4317,1910.8413
2006-12-26,1908.4317,1910.8413,1898.7932,1910.8413
2006-12-27,1915.6611,1927.7094,1906.0226,1920.4805
2006-12-28,1927.7092,1927.7092,1913.2514,1918.0706
2006-12-29,1915.6600,1922.8889,1913.2505,1915.6600
2007-01-04,1927.7090,1944.5764,1925.2993,1937.3475
2007-01-05,1946.9856,1990.3591,1944.5760,1980.7206
2007-01-09,1999.9983,2028.9139,1997.5885,2024.0946
2007-01-10,2024.0940,2026.5036,1983.1301,1992.7688
2007-01-11,1992.7690,1997.5882,1963.8534,1983.1304
2007-01-12,1990.3592,2019.2748,1975.9014,2016.8652
2007-01-15,2021.6846,2048.1905,2019.2748,2045.7809
2007-01-16,2045.7810,2060.2388,2036.1425,2040.9617
2007-01-17,2048.1910,2057.8297,2021.6851,2055.4199
2007-01-18,2057.8283,2077.1053,2048.1897,2072.2861
2007-01-19,2072.2868,2074.6963,2053.0096,2060.2385
2007-01-22,2067.4674,2074.6963,2060.2385,2074.6963
2007-01-23,2069.8770,2069.8770,2050.6000,2060.2385
2007-01-24,2065.0586,2069.8777,2055.4199,2055.4199
2007-01-25,2053.0098,2055.4193,2007.2267,2016.8652
2007-01-26,2009.6362,2026.5036,2002.4073,2009.6362
2007-01-29,2014.4560,2036.1428,2014.4560,2021.6849
2007-01-30,2014.4555,2038.5518,2004.8168,2031.3229
2007-01-31,2053.0098,2055.4193,2012.0459,2016.8652
2007-02-01,2024.0943,2093.9738,2024.0943,2081.9255
2007-02-02,2084.3351,2159.0340,2079.5160,2139.7568
2007-02-05,2130.1188,2130.1188,2086.7453,2101.2031
2007-02-06,2098.7931,2118.0702,2079.5161,2110.8413
2007-02-07,2113.2506,2161.4434,2108.4314,2156.6240
2007-02-08,2156.6242,2175.9014,2115.6605,2144.5762
2007-02-09,2146.9855,2173.4916,2127.7084,2166.2627
2007-02-13,2163.8523,2192.7679,2151.8042,2187.9487
2007-02-14,2192.7684,2226.5033,2183.1299,2214.4551
2007-02-15,2231.3223,2250.5993,2209.6356,2248.1897
2007-02-16,2248.1903,2265.0577,2212.0458,2219.2747
2007-02-19,2204.8168,2212.0458,2166.2627,2178.3108
2007-02-20,2183.1302,2185.5398,2142.1663,2163.8530
2007-02-21,2139.7567,2187.9495,2132.5278,2173.4917
2007-02-22,2197.5881,2212.0459,2183.1303,2192.7688
2007-02-23,2192.7689,2212.0461,2180.7208,2209.6365
2007-02-26,2209.6361,2253.0095,2209.6361,2253.0095
2007-02-27,2255.4190,2274.6962,2233.7323,2267.4673
2007-02-28,2149.3945,2207.2257,2125.2982,2187.9487
2007-03-01,2187.9497,2187.9497,2142.1665,2161.4436
2007-03-02,2151.8041,2187.9486,2146.9848,2175.9004
2007-03-05,2166.2629,2185.5399,2132.5279,2139.7568
2007-03-06,2132.5273,2175.9008,2125.2984,2168.6719
2007-03-07,2159.0334,2178.3104,2146.9852,2168.6719
2007-03-08,2168.6726,2253.0099,2168.6726,2245.7810
2007-03-09,2265.0575,2279.5153,2243.3708,2267.4673
2007-03-12,2284.3342,2286.7438,2236.1415,2248.1897
2007-03-13,2248.1910,2267.4681,2228.9138,2233.7332
2007-03-14,2185.5395,2209.6360,2173.4914,2199.9973
2007-03-15,2212.0457,2236.1420,2204.8168,2216.8650
2007-03-16,2199.9979,2233.7329,2178.3112,2212.0461
2007-03-19,2187.9494,2216.8650,2185.5396,2216.8650
2007-03-20,2224.0946,2250.6005,2214.4559,2231.3235
2007-03-22,2240.9615,2245.7808,2214.4554,2221.6843
2007-03-23,2224.0944,2274.6968,2224.0944,2269.8774
2007-03-26,2253.0098,2272.2867,2228.9133,2243.3711
2007-03-27,2247.0034,2254.2674,2217.9473,2232.4753
2007-03-28,2234.8973,2276.0600,2222.7906,2247.0039
2007-03-29,2239.7394,2261.5314,2217.9473,2232.4753
2007-03-30,2237.3181,2259.1101,2222.7900,2222.7900
2007-04-02,2227.6331,2244.5825,2164.6782,2164.6782
2007-04-03,2188.8904,2232.4745,2186.4691,2225.2104
2007-04-04,2244.5826,2254.2679,2230.0546,2247.0039
2007-04-05,2237.3179,2239.7392,2196.1551,2205.8406
2007-04-06,2203.4184,2232.4745,2203.4184,2215.5251
2007-04-09,2227.6323,2263.9524,2227.6323,2259.1096
2007-04-10,2259.1090,2259.1090,2242.1597,2251.8450
2007-04-11,2283.3235,2358.3851,2280.9022,2351.1211
2007-04-12,2343.8571,2346.2784,2309.9583,2329.3291
2007-04-13,2341.4358,2363.2278,2312.3797,2326.9077
2007-04-16,2351.1197,2445.5519,2336.5917,2421.3384
2007-04-17,2409.2329,2414.0755,2358.3848,2392.2834
2007-04-18,2389.8628,2445.5536,2372.9134,2416.4976
2007-04-19,2392.2833,2414.0753,2365.6487,2401.9688
2007-04-20,2397.1257,2418.9178,2387.4404,2397.1257
2007-04-23,2416.4966,2445.5527,2382.5978,2389.8618
2007-04-24,2375.3346,2411.6547,2365.6493,2382.5986
2007-04-25,2372.9133,2375.3346,2341.4358,2341.4358
2007-04-26,2353.5417,2409.2326,2351.1204,2389.8618
2007-04-27,2392.2835,2421.3395,2355.9634,2355.9634
2007-05-01,2351.1208,2358.3848,2331.7500,2331.7500
2007-05-02,2334.1716,2351.1211,2324.4863,2346.2783
2007-05-07,2363.2274,2372.9129,2348.6994,2355.9634
2007-05-08,2370.4919,2399.5480,2370.4919,2382.5986
2007-05-09,2382.5983,2389.8623,2377.7555,2385.0195
2007-05-10,2370.4913,2377.7554,2355.9633,2358.3848
2007-05-11,2336.5929,2346.2782,2329.3289,2339.0142
2007-05-14,2351.1213,2360.8066,2341.4358,2341.4358
2007-05-15,2341.4355,2353.5422,2312.3794,2312.3794
2007-05-16,2293.0085,2309.9579,2288.1658,2293.0085
2007-05-17,2314.8010,2314.8010,2293.0089,2300.2729
2007-05-18,2324.4858,2324.4858,2302.6937,2319.6431
2007-05-21,2326.9072,2331.7499,2302.6938,2302.6938
2007-05-22,2305.1148,2341.4349,2283.3228,2334.1709
2007-05-23,2336.5922,2360.8056,2309.9575,2322.0642
2007-05-24,2283.3236,2285.7450,2259.1102,2266.3743
2007-05-25,2232.4750,2242.1605,2230.0537,2234.8965
2007-05-28,2256.6885,2261.5311,2247.0031,2254.2671
2007-05-29,2239.7392,2263.9527,2237.3179,2256.6887
2007-05-30,2254.2663,2273.6370,2232.4742,2251.8450
2007-05-31,2263.9527,2283.3233,2261.5313,2276.0593
2007-06-01,2300.2727,2312.3792,2295.4299,2295.4299
2007-06-04,2295.4299,2312.3793,2295.4299,2305.1152
2007-06-05,2309.9589,2312.3802,2293.0096,2307.5376
2007-06-06,2276.0593,2278.4808,2263.9527,2276.0593
2007-06-07,2259.1098,2285.7446,2259.1098,2280.9019
2007-06-08,2249.4241,2256.6881,2242.1601,2249.4241
2007-06-11,2256.6883,2285.7444,2249.4243,2285.7444
2007-06-12,2288.1657,2288.1657,2251.8456,2259.1096
2007-06-13,2239.7390,2239.7390,2213.1044,2230.0537
2007-06-14,2234.8959,2234.8959,2215.5252,2225.2104
2007-06-15,2222.7892,2232.4745,2220.3679,2225.2104
2007-06-18,2251.8456,2273.6377,2247.0029,2263.9524
2007-06-19,2232.4750,2232.4750,2220.3684,2230.0537
2007-06-20,2232.4745,2239.7385,2225.2104,2225.2104
2007-06-21,2210.6826,2217.9466,2208.2613,2210.6826
2007-06-22,2186.4696,2198.5764,2186.4696,2193.7336
2007-06-25,2200.9975,2208.2615,2196.1548,2196.1548
2007-06-26,2198.5764,2220.3685,2196.1550,2217.9470
2007-06-27,2213.1044,2217.9470,2188.8909,2193.7336
2007-06-28,2242.1605,2251.8458,2234.8965,2244.5818
2007-06-29,2242.1608,2305.1155,2234.8968,2300.2729
2007-07-02,2302.6945,2307.5373,2283.3238,2297.8518
2007-07-03,2297.8511,2312.3791,2268.7950,2278.4805
2007-07-04,2297.8510,2297.8510,2254.2669,2259.1096
2007-07-05,2249.4237,2271.2157,2237.3169,2251.8450
2007-07-06,2273.6379,2273.6379,2244.5818,2254.2671
2007-07-09,2263.9526,2263.9526,2227.6325,2234.8965
2007-07-10,2263.9526,2263.9526,2198.5764,2203.4189
2007-07-11,2205.8403,2205.8403,2186.4695,2191.3123
2007-07-12,2188.8908,2213.1043,2181.6268,2191.3123
2007-07-13,2200.9971,2200.9971,2184.0478,2188.8904
2007-07-17,2198.5766,2208.2619,2198.5766,2205.8406
2007-07-18,2198.5759,2215.5252,2188.8905,2198.5759
2007-07-19,2217.9473,2232.4753,2215.5260,2222.7900
2007-07-20,2225.2106,2237.3174,2210.6826,2227.6321
2007-07-23,2193.7336,2200.9977,2191.3124,2193.7336
2007-07-24,2169.5203,2193.7336,2167.0988,2193.7336
2007-07-25,2179.2055,2198.5763,2179.2055,2191.3123
2007-07-26,2205.8399,2230.0532,2188.8904,2188.8904
2007-07-27,2164.6781,2174.3634,2150.1501,2171.9421
2007-07-30,2147.7280,2157.4133,2125.9359,2142.8853
2007-07-31,2157.4142,2162.2569,2133.2008,2140.4648
2007-08-01,2138.0424,2154.9919,2130.7784,2145.3064
2007-08-02,2133.2008,2145.3074,2108.9873,2140.4648
2007-08-03,2125.9365,2142.8858,2111.4085,2130.7791
2007-08-06,2116.2505,2176.7841,2099.3012,2162.2561
2007-08-07,2174.3635,2179.2063,2162.2569,2164.6782
2007-08-08,2164.6773,2179.2053,2142.8852,2179.2053
2007-08-09,2184.0481,2186.4694,2135.6212,2142.8853
2007-08-10,2118.6721,2140.4642,2099.3013,2118.6721
2007-08-13,2084.7742,2099.3022,2082.3529,2094.4595
2007-08-14,2092.0378,2094.4591,2062.9817,2087.1951
2007-08-15,2087.1944,2104.1439,2075.0878,2082.3518
2007-08-16,2089.6169,2108.9875,2077.5101,2094.4595
2007-08-17,2167.0990,2198.5765,2142.8856,2150.1497
2007-08-20,2135.6211,2164.6772,2135.6211,2145.3064
2007-08-21,2157.4133,2174.3626,2140.4640,2142.8853
2007-08-22,2176.7843,2210.6830,2171.9416,2203.4189
2007-08-23,2198.5760,2213.1041,2196.1546,2210.6826
2007-08-24,2193.7337,2220.3685,2193.7337,2213.1045
2007-08-27,2191.3124,2193.7336,2181.6269,2193.7336
2007-08-28,2196.1550,2222.7898,2186.4697,2213.1045
2007-08-29,2220.3688,2237.3181,2215.5260,2232.4753
2007-08-30,2215.5258,2217.9471,2200.9977,2213.1045
2007-08-31,2217.9470,2234.8965,2208.2617,2234.8965
2007-09-03,2203.4193,2222.7900,2203.4193,2222.7900
2007-09-04,2205.8401,2232.4747,2205.8401,2210.6826
2007-09-05,2220.3686,2222.7899,2162.2565,2169.5205
2007-09-06,2167.0994,2191.3129,2150.1501,2171.9421
2007-09-07,2154.9929,2179.2063,2150.1502,2164.6782
2007-09-10,2133.2000,2174.3627,2128.3573,2162.2561
2007-09-11,2164.6770,2227.6319,2147.7277,2215.5251
2007-09-12,2217.9476,2217.9476,2184.0490,2200.9983
2007-09-13,2167.0990,2171.9417,2150.1497,2150.1497
2007-09-14,2145.3070,2147.7284,2111.4083,2138.0430
2007-09-18,2125.9361,2135.6214,2108.9866,2113.8293
2007-09-19,2176.7845,2176.7845,2152.5710,2154.9924
2007-09-20,2174.3629,2181.6269,2162.2563,2167.0989
2007-09-21,2142.8851,2159.8344,2130.7784,2145.3064
2007-09-25,2120.9568,2152.6130,2120.9568,2140.4375
2007-09-26,2169.6576,2179.3978,2157.4821,2164.7874
2007-09-27,2159.9177,2203.7492,2159.9177,2172.0930
2007-09-28,2176.9626,2206.1836,2169.6574,2206.1836
2007-10-01,2181.8330,2211.0540,2176.9628,2211.0540
2007-10-02,2225.6649,2237.8402,2220.7946,2230.5349
2007-10-03,2232.9706,2252.4511,2230.5354,2250.0161
2007-10-04,2240.2758,2250.0161,2230.5354,2250.0161
2007-10-05,2254.8855,2259.7555,2232.9697,2232.9697
2007-10-09,2218.3591,2237.8396,2211.0538,2225.6643
2007-10-10,2228.0999,2235.4051,2220.7946,2230.5349
2007-10-11,2232.9703,2264.6263,2225.6650,2257.3210
2007-10-12,2259.0798,2259.7566,2259.0798,2259.7566
2007-10-15,2293.8460,2301.1512,2279.2355,2296.2810
2007-10-16,2296.2829,2296.2829,2220.7954,2220.7954
2007-10-17,2220.7943,2232.9697,2220.7943,2232.9697
2007-10-18,2235.4046,2286.5413,2232.9696,2276.8010
2007-10-19,2250.7197,2252.4509,2250.7197,2252.4509
2007-10-22,2203.7486,2230.5344,2191.5731,2225.6643
2007-10-23,2226.1100,2232.9697,2226.1100,2232.9697
2007-10-24,2218.3595,2228.0998,2191.5736,2203.7490
2007-10-25,2203.7489,2218.3594,2203.7489,2218.3594
2007-10-26,2218.3585,2264.6250,2218.3585,2264.6250
2007-10-29,2288.9770,2293.8472,2276.8017,2286.5420
2007-10-30,2296.9107,2296.9107,2279.2368,2279.2368
2007-10-31,2279.2363,2310.8923,2269.4960,2306.0222
2007-11-01,2306.2538,2337.6785,2306.2538,2337.6785
2007-11-02,2330.6652,2330.6652,2330.3730,2330.3730
2007-11-05,2337.6782,2376.6394,2337.6782,2366.8992
2007-11-06,2366.8997,2366.8997,2357.1594,2357.1594
2007-11-07,2357.1598,2357.1598,2320.6335,2320.6335
2007-11-08,2320.6319,2320.6319,2264.6250,2264.6250
2007-11-09,2262.8140,2262.8140,2240.2749,2240.2749
2007-11-12,2240.2755,2240.2755,2194.0088,2194.0088
2007-11-13,2194.0088,2194.0088,2191.5737,2191.5737
2007-11-14,2191.5724,2198.8777,2191.5724,2198.8777
2007-11-15,2194.0088,2201.3140,2181.8335,2181.8335
2007-11-16,2181.8333,2203.7490,2181.8333,2203.7490
2007-11-19,2203.7487,2211.0540,2203.7487,2211.0540
2007-11-20,2211.0538,2276.8010,2211.0538,2276.8010
2007-11-21,2269.5085,2269.5085,2269.4963,2269.4963
2007-11-22,2269.4963,2269.4963,2228.0999,2228.0999
2007-11-26,2247.5799,2303.5867,2230.5343,2262.1904
2007-11-27,2262.1911,2298.7173,2262.1911,2298.7173
2007-11-28,2298.7168,2298.7168,2276.8010,2276.8010
2007-11-29,2276.8019,2276.8019,2252.4509,2252.4509
2007-11-30,2252.4505,2252.4505,2235.4050,2235.4050
2007-12-03,2225.4575,2245.1455,2225.4575,2245.1455
2007-12-04,2274.3671,2274.3671,2254.8865,2259.7566
2007-12-05,2252.5179,2335.2424,2252.5179,2335.2424
2007-12-06,2327.4201,2332.8079,2327.4201,2332.8079
2007-12-07,2344.9841,2347.4192,2325.5034,2325.5034
2007-12-10,2317.8789,2317.8789,2298.7173,2298.7173
2007-12-11,2292.0448,2347.4185,2292.0448,2347.4185
2007-12-12,2339.6623,2339.6623,2301.1516,2301.1516
2007-12-13,2301.1512,2301.1512,2264.6250,2264.6250
2007-12-14,2286.5420,2293.8472,2269.4964,2284.1069
2007-12-17,2292.1031,2292.1031,2281.6711,2281.6711
2007-12-18,2267.0612,2286.5420,2235.4052,2284.1069
2007-12-19,2284.1060,2284.1060,2237.8394,2237.8394
2007-12-20,2257.3216,2259.7566,2250.0163,2259.7566
2007-12-21,2260.1623,2260.1623,2247.5803,2247.5803
2007-12-25,2269.4963,2269.4963,2269.4963,2269.4963
2007-12-26,2279.2361,2284.1063,2279.2361,2281.6711
2007-12-27,2285.3221,2285.3221,2279.2368,2279.2368
2007-12-28,2254.8860,2259.7560,2215.9245,2245.1455
2008-01-04,2220.7947,2228.1000,2155.0475,2191.5737
2008-01-07,2167.2475,2184.2688,2167.2475,2184.2688
2008-01-08,2184.2683,2288.9768,2184.2683,2288.9768
2008-01-09,2288.9773,2310.8931,2288.9773,2310.8931
2008-01-10,2310.8919,2310.8919,2262.1904,2262.1904
2008-01-11,2263.5474,2269.4963,2263.5474,2269.4963
2008-01-15,2259.5710,2267.0608,2259.5710,2267.0608
2008-01-16,2247.5811,2286.5423,2247.5811,2250.0161
2008-01-17,2216.5064,2230.5349,2216.5064,2230.5349
2008-01-18,2223.2292,2223.2292,2223.2292,2223.2292
2008-01-21,2223.2298,2223.2298,2215.9246,2215.9246
2008-01-22,2150.1778,2152.6130,2140.4375,2140.4375
2008-01-23,2130.8038,2130.8038,2111.2161,2111.2161
2008-01-24,2111.7440,2111.7440,2108.7805,2108.7805
2008-01-25,2108.7809,2116.0862,2108.7809,2116.0862
2008-01-28,2094.7447,2094.7447,2081.9946,2081.9946
2008-01-29,2094.3827,2130.6965,2094.3827,2130.6965
2008-01-30,2142.9484,2142.9484,2128.2617,2128.2617
2008-01-31,2106.9268,2140.4375,2106.9268,2140.4375
2008-02-01,2106.3459,2141.1043,2106.3459,2123.3916
2008-02-04,2123.9900,2155.0471,2123.9900,2155.0471
2008-02-05,2147.8243,2201.3132,2147.8243,2201.3132
2008-02-06,2174.9879,2174.9879,2164.7874,2164.7874
2008-02-07,2155.6881,2186.7036,2155.6881,2186.7036
2008-02-08,2186.7030,2223.2292,2186.7030,2223.2292
2008-02-12,2223.2292,2240.2749,2223.2292,2240.2749
2008-02-13,2195.7828,2198.8777,2195.7828,2198.8777
2008-02-14,2191.1785,2201.3132,2191.1785,2201.3132
2008-02-15,2194.0083,2223.2292,2194.0083,2223.2292
2008-02-18,2213.6424,2213.6424,2211.0540,2211.0540
2008-02-19,2191.5732,2191.5732,2167.2224,2167.2224
2008-02-20,2121.5914,2121.5914,2108.7805,2108.7805
2008-02-21,2108.7814,2123.3919,2106.3462,2106.3462
2008-02-22,2115.2970,2115.2970,2060.0786,2060.0786
2008-02-25,2068.2161,2081.9946,2068.2161,2081.9946
2008-02-26,2090.5441,2090.5441,2028.4227,2028.4227
2008-02-27,2028.4228,2057.6438,2028.4228,2057.6438
2008-02-28,2023.5525,2038.1630,2021.1175,2028.4227
2008-02-29,2039.2764,2043.0337,2039.2764,2043.0337
2008-03-03,2040.5985,2056.1293,2035.7284,2043.0337
2008-03-04,2034.9636,2034.9636,2008.9423,2008.9423
2008-03-05,2008.9421,2018.6824,2008.9421,2018.6824
2008-03-06,2018.6825,2038.1632,2018.6825,2038.1632
2008-03-07,2038.1634,2038.1634,1994.3319,1994.3319
2008-03-10,1994.3324,1994.3324,1972.4166,1972.4166
2008-03-11,1940.7606,1969.9816,1933.4553,1969.9816
2008-03-12,1933.4543,1950.4998,1933.4543,1935.8893
2008-03-13,1896.9287,1928.5847,1896.9287,1921.2794
2008-03-14,1921.2790,1921.2790,1913.9738,1913.9738
2008-03-17,1913.9735,1913.9735,1833.6158,1833.6158
2008-03-18,1828.1155,1909.1039,1828.1155,1909.1039
2008-03-19,1909.1034,1945.6296,1909.1034,1945.6296
2008-03-21,1945.6297,1991.8964,1945.6297,1991.8964
2008-03-24,1991.8969,1991.8969,1948.0654,1948.0654
2008-03-25,1948.0650,1952.9351,1948.0650,1952.9351
2008-03-26,1961.0404,1962.7369,1961.0404,1962.7369
2008-03-27,1970.1977,2014.1940,1970.1977,2014.1940
2008-03-28,2014.1946,2023.9960,2014.1946,2023.9960
2008-03-31,2015.1909,2031.3464,2015.1909,2031.3464
2008-04-01,2031.3472,2112.2090,2031.3472,2112.2090
2008-04-02,2112.2090,2112.2090,2085.2551,2085.2551
2008-04-03,2089.6361,2089.6361,2063.2017,2063.2017
2008-04-04,2073.6597,2073.6597,2070.5527,2070.5527
2008-04-07,2070.5522,2102.4067,2070.5522,2102.4067
2008-04-08,2102.7422,2104.8567,2102.7422,2104.8567
2008-04-09,2105.4676,2105.4676,2097.5063,2097.5063
2008-04-10,2064.4856,2064.4856,2063.2017,2063.2017
2008-04-11,2064.3996,2077.9036,2064.3996,2077.9036
2008-04-14,2072.0306,2072.0306,2016.6450,2016.6450
2008-04-15,2019.4681,2019.4681,2001.9431,2001.9431
2008-04-16,2002.7437,2026.4460,2002.7437,2026.4460
2008-04-17,2028.0477,2028.0477,2023.9960,2023.9960
2008-04-18,2029.8646,2029.8646,2021.5457,2021.5457
2008-04-21,1995.0448,1995.0448,1987.2404,1987.2404
2008-04-22,1988.3336,2023.9960,1988.3336,2023.9960
2008-04-23,2023.5673,2023.5673,2006.8436,2006.8436
2008-04-24,2008.8506,2008.8506,1999.4927,1999.4927
2008-04-25,2032.7512,2032.7512,2011.7443,2011.7443
2008-04-28,2011.7440,2043.5986,2011.7440,2043.5986
2008-04-30,2031.3464,2031.3464,2031.3464,2031.3464
2008-05-01,2008.2600,2016.6450,2008.2600,2016.6450
2008-05-02,2016.6450,2028.8969,2016.6450,2028.8969
2008-05-07,2043.2624,2043.2624,1997.0416,1997.0416
2008-05-08,1997.0422,1997.0422,1982.3401,1982.3401
2008-05-09,1982.3404,1982.3404,1970.0885,1970.0885
2008-05-12,1970.0884,1999.4927,1970.0884,1999.4927
2008-05-13,1997.0414,2004.3925,1997.0414,2004.3925
2008-05-14,2004.3933,2006.8436,2004.3933,2006.8436
2008-05-15,2034.4150,2034.4150,2028.8969,2028.8969
2008-05-16,2034.7799,2046.0490,2034.7799,2046.0490
2008-05-19,2046.0489,2046.0489,2033.7972,2033.7972
2008-05-20,2053.0522,2053.0522,2043.5986,2043.5986
2008-05-21,2023.9957,2046.0490,2023.9957,2046.0490
2008-05-22,2046.0488,2046.0488,2041.1482,2041.1482
2008-05-23,2051.7682,2063.2017,2051.7682,2063.2017
2008-05-26,2065.2651,2065.2651,2028.8969,2028.8969
2008-05-27,2028.8967,2028.8967,2021.5457,2021.5457
2008-05-28,1999.4919,1999.4919,1967.6373,1967.6373
2008-05-29,1967.6382,1984.7906,1967.6382,1984.7906
2008-05-30,1983.8562,1994.5912,1983.8562,1994.5912
2008-06-02,1994.5918,1994.5918,1982.3401,1982.3401
2008-06-03,1982.3395,1982.3395,1967.6373,1967.6373
2008-06-04,1967.6379,1982.3401,1967.6379,1982.3401
2008-06-05,1982.3400,1982.3400,1972.5385,1972.5385
2008-06-06,1972.5385,1972.5385,1972.5385,1972.5385
2008-06-09,1950.4851,1950.4851,1943.1340,1943.1340
2008-06-10,1943.1340,1943.1340,1940.6837,1940.6837
2008-06-11,1940.6837,1955.3859,1940.6837,1955.3859
2008-06-12,1973.9666,1973.9666,1945.5842,1945.5842
2008-06-13,1930.8821,1945.5842,1930.8821,1945.5842
2008-06-16,1946.4595,2006.8436,1946.4595,2006.8436
2008-06-17,2006.0595,2006.8436,2006.0595,2006.8436
2008-06-18,2006.8436,2016.6450,2006.8436,2016.6450
2008-06-19,2016.6454,2016.6454,1992.1418,1992.1418
2008-06-20,1992.5382,1992.5382,1989.6909,1989.6909
2008-06-23,2001.9425,2001.9425,1987.2404,1987.2404
2008-06-24,1987.2407,2028.8969,1987.2407,2028.8969
2008-06-25,2028.8965,2080.3540,2028.8965,2080.3540
2008-06-26,2080.3541,2080.3541,2075.4534,2075.4534
2008-06-27,2075.4533,2075.4533,2070.5527,2070.5527
2008-06-30,2070.5537,2119.5608,2070.5537,2119.5608
2008-07-01,2119.5596,2119.5596,2097.5063,2097.5063
2008-07-02,2097.5065,2097.5065,2065.6519,2065.6519
2008-07-03,2065.6516,2109.7581,2065.6516,2109.7581
2008-07-04,2109.7587,2109.7587,2085.2551,2085.2551
2008-07-07,2085.2540,2104.8567,2085.2540,2104.8567
2008-07-08,2074.3113,2077.9036,2074.3113,2077.9036
2008-07-09,2077.9036,2077.9036,2041.1482,2041.1482
2008-07-10,2041.7611,2041.7611,2036.2478,2036.2478
2008-07-11,2036.2475,2036.2475,2033.7972,2033.7972
2008-07-14,2033.7972,2033.7972,2033.7972,2033.7972
2008-07-15,2026.4466,2028.8969,2026.4466,2028.8969
2008-07-16,2028.8965,2046.0490,2028.8965,2046.0490
2008-07-17,2046.0493,2046.0493,2028.8969,2028.8969
2008-07-18,2028.8972,2028.8972,1992.1418,1992.1418
2008-07-22,1984.7900,2046.0489,1984.7900,2043.5986
2008-07-23,2058.3010,2058.3010,2038.6981,2038.6981
2008-07-24,2014.1941,2019.0948,2014.1941,2019.0948
2008-07-25,2019.0956,2019.0956,1999.4927,1999.4927
2008-07-28,2001.9432,2001.9432,1992.1418,1992.1418
2008-07-29,1959.6990,1970.0885,1959.6990,1970.0885
2008-07-30,1970.0878,2041.1482,1970.0878,2041.1482
2008-07-31,2041.1483,2073.0029,2041.1483,2073.0029
2008-08-01,2075.0752,2104.8567,2075.0752,2104.8567
2008-08-04,2104.8574,2104.8574,2099.9568,2099.9568
2008-08-05,2099.9571,2134.2620,2099.9571,2134.2620
2008-08-06,2134.2622,2134.2622,2122.0105,2122.0105
2008-08-07,2068.2750,2073.0029,2068.2750,2073.0029
2008-08-08,2098.7559,2107.3076,2098.7559,2107.3076
2008-08-11,2108.4054,2109.7581,2108.4054,2109.7581
2008-08-12,2109.7579,2109.7579,2068.1018,2068.1018
2008-08-13,2066.4480,2066.4480,2026.4460,2026.4460
2008-08-14,2030.2956,2046.0490,2030.2956,2046.0490
2008-08-15,2046.0489,2046.0489,2033.7972,2033.7972
2008-08-18,2033.7973,2065.6519,2033.7973,2065.6519
2008-08-19,2065.6521,2065.6521,2038.6981,2038.6981
2008-08-20,2038.6980,2070.5527,2038.6980,2070.5527
2008-08-21,2070.5526,2070.5526,2050.9497,2050.9497
2008-08-22,2051.8121,2051.8121,2041.1482,2041.1482
2008-08-25,2041.1485,2075.4534,2041.1485,2075.4534
2008-08-26,2075.4532,2075.4532,2065.6519,2065.6519
2008-08-27,2072.6502,2072.6502,2070.5527,2070.5527
2008-08-28,2070.7608,2095.0562,2070.7608,2095.0562
2008-08-29,2096.8261,2131.8123,2096.8261,2131.8123
2008-09-01,2131.8124,2131.8124,2090.1562,2090.1562
2008-09-02,2090.1554,2090.1554,2080.3540,2080.3540
2008-09-03,2080.3531,2092.6050,2080.3531,2092.6050
2008-09-04,2092.6059,2092.6059,2087.7051,2087.7051
2008-09-05,2070.5526,2073.0029,2070.5526,2073.0029
2008-09-08,2073.0023,2082.8037,2073.0023,2082.8037
2008-09-09,2083.0124,2083.0124,2019.0948,2019.0948
2008-09-10,1997.0416,2006.8430,1989.6906,1997.0416
2008-09-11,1997.0420,1997.0420,1962.7369,1962.7369
2008-09-12,1962.7368,1987.2404,1962.7368,1987.2404
2008-09-16,1987.9367,1987.9367,1901.4783,1901.4783
2008-09-17,1890.9806,1899.0275,1890.9806,1899.0275
2008-09-18,1899.0277,1899.0277,1869.6234,1869.6234
2008-09-19,1869.6233,1896.5773,1869.6233,1896.5773
2008-09-22,1857.0261,1862.2722,1857.0261,1862.2722
2008-09-24,1886.9644,1903.9282,1886.9644,1903.9282
2008-09-25,1905.1627,1905.1627,1880.4845,1880.4845
2008-09-26,1880.4840,1892.8232,1880.4840,1892.8232
2008-09-29,1893.8647,1922.4374,1893.8647,1922.4374
2008-09-30,1923.3994,1939.7118,1923.3994,1939.7118
2008-10-01,1939.7118,1974.2615,1939.7118,1974.2615
2008-10-02,1974.2611,1974.2611,1956.9862,1956.9862
2008-10-03,1954.8714,1986.6002,1954.8714,1986.6002
2008-10-06,1986.6004,1986.6004,1949.5830,1949.5830
2008-10-07,1944.6469,1959.4539,1944.6469,1959.4539
2008-10-08,1866.2838,1866.2838,1806.4489,1806.4489
2008-10-09,1731.0152,1731.0152,1695.3970,1695.3970
2008-10-10,1695.9127,1695.9127,1483.1638,1483.1638
2008-10-14,1717.7950,1717.7950,1712.6716,1712.6716
2008-10-15,1718.6217,1754.6248,1718.6217,1754.6248
2008-10-16,1754.6250,1754.6250,1705.2684,1705.2684
2008-10-17,1725.0105,1725.0105,1725.0105,1725.0105
2008-10-20,1725.0111,1749.6893,1725.0111,1749.6893
2008-10-21,1749.6892,1749.6892,1722.5432,1722.5432
2008-10-22,1744.7538,1749.6893,1705.2684,1705.2684
2008-10-23,1705.2684,1707.7363,1705.2684,1707.7363
2008-10-24,1707.7358,1707.7358,1683.0574,1683.0574
2008-10-27,1740.5233,1740.5233,1685.5258,1685.5258
2008-10-28,1685.5253,1685.5253,1683.0574,1683.0574
2008-10-29,1683.8990,1683.8990,1650.9757,1650.9757
2008-10-30,1696.5494,1766.9640,1696.5494,1766.9640
2008-10-31,1774.0294,1774.0294,1710.2040,1710.2040
2008-11-04,1711.0606,1752.1573,1711.0606,1752.1573
2008-11-05,1751.2811,1751.2811,1747.2214,1747.2214
2008-11-06,1748.9659,1757.0924,1748.9659,1757.0924
2008-11-07,1757.0925,1757.0925,1720.0751,1720.0751
2008-11-10,1720.0752,1739.8179,1720.0752,1739.8179
2008-11-11,1727.4789,1727.4789,1727.4789,1727.4789
2008-11-12,1727.4786,1796.5779,1727.4786,1796.5779
2008-11-13,1796.5781,1863.2095,1796.5781,1863.2095
2008-11-14,1863.2091,1863.2091,1833.5952,1833.5952
2008-11-17,1833.5951,1858.2733,1833.5951,1858.2733
2008-11-18,1858.2735,1915.0336,1858.2735,1915.0336
2008-11-19,1915.0338,1915.0338,1860.7415,1860.7415
2008-11-20,1860.7411,1860.7411,1840.9987,1840.9987
2008-11-21,1840.9988,1840.9988,1789.1744,1789.1744
2008-11-25,1789.1746,1836.0632,1789.1746,1836.0632
2008-11-26,1837.7139,1837.7139,1831.1272,1831.1272
2008-11-27,1831.1277,1831.1277,1808.9172,1808.9172
2008-11-28,1808.9169,1813.8527,1808.9169,1813.8527
2008-12-01,1813.8526,1813.8526,1786.7064,1786.7064
2008-12-02,1787.3408,1813.8527,1787.3408,1813.8527
2008-12-03,1813.8525,1813.8525,1801.5133,1801.5133
2008-12-04,1801.5132,1801.5132,1742.2854,1742.2854
2008-12-05,1742.2858,1742.2858,1707.7363,1707.7363
2008-12-08,1707.7362,1707.7362,1695.3970,1695.3970
2008-12-09,1695.3968,1695.3968,1655.9116,1655.9116
2008-12-10,1655.9115,1655.9115,1604.0872,1604.0872
2008-12-11,1566.2855,1611.4912,1566.2855,1611.4912
2008-12-12,1612.9095,1612.9095,1604.0872,1604.0872
2008-12-15,1577.6200,1646.0404,1577.6200,1646.0404
2008-12-16,1646.0406,1646.0406,1616.4266,1616.4266
2008-12-17,1616.4266,1692.9293,1616.4266,1692.9293
2008-12-18,1692.9290,1692.9290,1687.9933,1687.9933
2008-12-19,1689.4297,1689.4297,1680.5900,1680.5900
2008-12-22,1680.5898,1687.9933,1680.5898,1687.9933
2008-12-24,1689.6473,1700.3330,1689.6473,1700.3330
2008-12-25,1700.3330,1700.3330,1700.3330,1700.3330
2008-12-26,1700.3330,1700.3330,1700.3330,1700.3330
2008-12-29,1700.3330,1700.3330,1700.3330,1700.3330
2008-12-30,1700.3330,1700.3330,1700.3330,1700.3330
2009-01-05,1799.0453,1801.5130,1707.7358,1725.0105
2009-01-06,1732.4143,1732.4143,1715.1395,1715.1395
2009-01-07,1715.1394,1715.1394,1633.7012,1633.7012
2009-01-08,1633.7013,1633.7013,1609.0229,1609.0229
2009-01-09,1610.7507,1628.7657,1610.7507,1628.7657
2009-01-13,1635.6757,1635.6757,1589.2806,1589.2806
2009-01-14,1589.2804,1591.7482,1589.2804,1591.7482
2009-01-15,1591.7484,1613.9589,1591.7484,1613.9589
2009-01-16,1613.9585,1633.7012,1613.9585,1633.7012
2009-01-19,1633.7014,1633.7014,1596.6840,1596.6840
2009-01-20,1596.6840,1596.6840,1596.6840,1596.6840
2009-01-21,1596.6840,1596.6840,1581.8771,1581.8771
2009-01-22,1581.8771,1581.8771,1581.8771,1581.8771
2009-01-23,1581.8768,1581.8768,1562.1342,1562.1342
2009-01-26,1562.1342,1584.3446,1562.1342,1584.3446
2009-01-27,1606.5551,1606.5551,1606.5551,1606.5551
2009-01-28,1606.5554,1606.5554,1554.7311,1554.7311
2009-01-29,1554.7308,1554.7308,1532.5204,1532.5204
2009-01-30,1532.5203,1532.5203,1517.7134,1517.7134
2009-02-02,1517.7137,1517.7137,1458.4858,1458.4858
2009-02-03,1458.4853,1458.4853,1431.3392,1431.3392
2009-02-04,1431.3394,1451.0820,1431.3394,1451.0820
2009-02-05,1451.0821,1451.0821,1428.8717,1428.8717
2009-02-06,1428.8716,1428.8716,1419.0002,1419.0002
2009-02-09,1419.0002,1419.0002,1359.7723,1359.7723
2009-02-10,1357.3046,1406.6611,1322.7550,1401.7255
2009-02-12,1372.1114,1431.3392,1372.1114,1431.3392
2009-02-13,1431.3394,1431.3394,1401.7255,1401.7255
2009-02-16,1401.7255,1460.9534,1401.7255,1460.9534
2009-02-17,1460.9533,1460.9533,1423.9359,1423.9359
2009-02-18,1424.6758,1424.6758,1377.0468,1377.0468
2009-02-19,1382.4769,1382.4769,1364.7085,1364.7085
2009-02-20,1364.7085,1364.7085,1342.4980,1342.4980
2009-02-23,1344.7189,1357.3048,1344.7189,1357.3048
2009-02-24,1357.5509,1377.0468,1357.5509,1377.0468
2009-02-25,1377.0474,1377.0474,1354.8369,1354.8369
2009-02-26,1388.6462,1388.6462,1381.9830,1381.9830
2009-02-27,1381.9829,1443.6786,1381.9829,1443.6786
2009-03-02,1443.6785,1443.6785,1401.7255,1401.7255
2009-03-03,1401.7253,1401.7253,1389.3861,1389.3861
2009-03-04,1389.3866,1389.3866,1374.5796,1374.5796
2009-03-05,1374.5797,1374.5797,1342.4980,1342.4980
2009-03-06,1342.4977,1344.9655,1342.4977,1344.9655
2009-03-09,1344.9656,1344.9656,1310.4160,1310.4160
2009-03-10,1311.4032,1311.4032,1283.2700,1283.2700
2009-03-11,1261.3060,1261.3060,1238.8489,1238.8489
2009-03-12,1240.0828,1240.0828,1191.9602,1191.9602
2009-03-13,1191.9603,1231.4456,1191.9603,1231.4456
2009-03-16,1234.4067,1234.4067,1201.8314,1201.8314
2009-03-17,1203.8058,1246.2524,1203.8058,1246.2524
2009-03-18,1246.2526,1246.2526,1226.5099,1226.5099
2009-03-19,1226.5100,1236.3813,1226.5100,1236.3813
2009-03-23,1236.3813,1265.9952,1236.3813,1265.9952
2009-03-24,1267.4756,1335.0941,1267.4756,1335.0941
2009-03-25,1335.0943,1354.8369,1335.0943,1354.8369
2009-03-26,1356.0833,1356.0833,1338.6337,1338.6337
2009-03-27,1341.1265,1341.1265,1338.6337,1338.6337
2009-03-30,1338.8827,1338.8827,1331.1550,1331.1550
2009-03-31,1331.1552,1331.1552,1278.8064,1278.8064
2009-04-01,1278.8069,1278.8069,1273.8213,1273.8213
2009-04-02,1273.8209,1286.2849,1273.8209,1286.2849
2009-04-03,1289.2761,1289.2761,1241.4143,1241.4143
2009-04-06,1241.4145,1241.4145,1211.5009,1211.5009
2009-04-07,1207.7616,1281.2992,1207.7616,1281.2992
2009-04-08,1316.1986,1316.1986,1308.7202,1308.7202
2009-04-09,1328.4130,1336.1406,1328.4130,1336.1406
2009-04-10,1353.5903,1353.5903,1336.1406,1336.1406
2009-04-13,1311.9604,1311.9604,1288.7773,1288.7773
2009-04-14,1284.0415,1311.2130,1284.0415,1311.2130
2009-04-15,1311.2130,1323.6770,1311.2130,1323.6770
2009-04-16,1323.6770,1326.1698,1323.6770,1326.1698
2009-04-17,1326.1698,1326.1698,1308.7202,1308.7202
2009-04-20,1267.5888,1271.3280,1267.5888,1271.3280
2009-04-21,1275.0674,1306.2274,1275.0674,1306.2274
2009-04-22,1298.3899,1328.6625,1298.3899,1328.6625
2009-04-23,1325.1726,1326.1698,1325.1726,1326.1698
2009-04-24,1322.4565,1322.4565,1311.2130,1311.2130
2009-04-27,1311.2133,1311.2133,1273.8213,1273.8213
2009-04-28,1273.8210,1371.0402,1273.8210,1371.0402
2009-04-30,1371.0397,1385.9965,1371.0397,1385.9965
2009-05-01,1410.9246,1410.9246,1410.9246,1410.9246
2009-05-07,1406.4805,1406.4805,1398.4609,1398.4609
2009-05-08,1398.4608,1398.4608,1395.9680,1395.9680
2009-05-11,1396.4666,1396.4666,1390.9824,1390.9824
2009-05-12,1391.2316,1425.8815,1391.2316,1425.8815
2009-05-13,1422.1426,1473.2450,1422.1426,1473.2450
2009-05-14,1473.2447,1473.2447,1460.7808,1460.7808
2009-05-15,1461.5285,1483.2158,1461.5285,1483.2158
2009-05-18,1483.4657,1483.4657,1418.4036,1418.4036
2009-05-19,1418.4031,1430.8672,1418.4031,1430.8672
2009-05-20,1430.8671,1430.8671,1425.8815,1425.8815
2009-05-21,1425.8815,1430.8672,1425.8815,1430.8672
2009-05-22,1428.1252,1428.3745,1428.1252,1428.3745
2009-05-25,1424.8845,1424.8845,1415.9104,1415.9104
2009-05-26,1415.9104,1430.8672,1415.9104,1430.8672
2009-05-27,1430.8672,1445.8240,1430.8672,1445.8240
2009-05-28,1446.8210,1446.8210,1438.3456,1438.3456
2009-05-29,1434.6064,1434.6064,1415.9104,1415.9104
2009-06-01,1433.3601,1433.3601,1433.3601,1433.3601
2009-06-02,1429.4898,1429.4898,1408.4319,1408.4319
2009-06-03,1413.4176,1413.4176,1395.9680,1395.9680
2009-06-04,1395.9682,1395.9682,1393.4755,1393.4755
2009-06-05,1397.7393,1397.7393,1358.5760,1358.5760
2009-06-08,1375.2776,1376.0254,1375.2776,1376.0254
2009-06-09,1376.0256,1405.9392,1376.0256,1405.9392
2009-06-10,1411.9219,1411.9219,1405.9392,1405.9392
2009-06-11,1383.5038,1385.9966,1373.5326,1376.0254
2009-06-12,1403.4465,1428.3745,1403.4465,1428.3745
2009-06-15,1453.3024,1465.7663,1450.8095,1460.7808
2009-06-16,1478.2302,1483.2158,1470.7518,1483.2158
2009-06-17,1448.3169,1450.8097,1433.3601,1443.3313
2009-06-18,1410.9246,1418.4030,1403.4462,1408.4319
2009-06-19,1450.8097,1470.7521,1445.8241,1463.2737
2009-06-22,1445.8240,1458.2879,1438.3456,1438.3456
2009-06-23,1445.8244,1458.2884,1443.3316,1448.3171
2009-06-24,1455.7953,1463.2737,1443.3313,1443.3313
2009-06-25,1463.2739,1463.2739,1433.3603,1448.3171
2009-06-26,1450.8098,1473.2450,1440.8385,1468.2594
2009-06-29,1468.2592,1475.7376,1460.7808,1460.7808
2009-06-30,1473.2452,1475.7380,1445.8244,1448.3171
2009-07-01,1465.7666,1485.7090,1460.7810,1473.2450
2009-07-02,1485.7092,1503.1589,1480.7236,1493.1876
2009-07-03,1483.2165,1485.7092,1470.7524,1478.2308
2009-07-06,1470.7524,1483.2165,1465.7669,1478.2308
2009-07-07,1480.7232,1525.5936,1478.2303,1500.6655
2009-07-08,1503.1589,1525.5941,1493.1876,1493.1876
2009-07-09,1518.1150,1518.1150,1473.2446,1483.2158
2009-07-10,1490.6947,1490.6947,1463.2739,1475.7379
2009-07-13,1468.2591,1498.1727,1453.3023,1455.7950
2009-07-14,1458.2878,1470.7517,1400.9534,1413.4174
2009-07-15,1398.4609,1408.4321,1373.5328,1381.0112
2009-07-16,1383.5043,1415.9107,1381.0115,1388.4899
2009-07-17,1410.9249,1433.3601,1395.9681,1398.4609
2009-07-21,1413.4177,1430.8674,1376.0257,1398.4609
2009-07-22,1393.4749,1403.4460,1383.5036,1385.9965
2009-07-23,1376.0259,1378.5187,1346.1123,1353.5907
2009-07-24,1363.5619,1378.5187,1348.6051,1378.5187
2009-07-27,1403.4462,1403.4462,1371.0398,1376.0254
2009-07-28,1373.5331,1390.9827,1361.0691,1388.4899
2009-07-29,1388.4896,1398.4609,1368.5473,1373.5328
2009-07-30,1361.0690,1368.5474,1348.6050,1351.0978
2009-07-31,1358.5763,1358.5763,1346.1123,1353.5907
2009-08-03,1356.0833,1371.0401,1351.0976,1366.0544
2009-08-04,1378.5181,1388.4892,1368.5468,1385.9965
2009-08-05,1395.9682,1408.4323,1388.4898,1393.4755
2009-08-06,1405.9395,1410.9250,1378.5187,1378.5187
2009-08-07,1388.4897,1403.4465,1383.5041,1398.4609
2009-08-10,1413.4180,1423.3892,1408.4324,1418.4036
2009-08-11,1410.9248,1415.9104,1395.9680,1405.9392
2009-08-12,1413.4178,1413.4178,1381.0113,1383.5042
2009-08-13,1400.9539,1400.9539,1378.5187,1393.4755
2009-08-14,1403.4467,1405.9396,1388.4899,1400.9540
2009-08-17,1398.4609,1398.4609,1371.0401,1373.5328
2009-08-18,1371.0401,1383.5041,1368.5473,1381.0112
2009-08-19,1376.0257,1376.0257,1353.5905,1358.5760
2009-08-20,1366.0540,1385.9965,1363.5613,1385.9965
2009-08-21,1395.9683,1413.4180,1385.9972,1400.9540
2009-08-24,1415.9106,1455.7954,1410.9250,1450.8098
2009-08-25,1458.2879,1475.7375,1453.3023,1455.7950
2009-08-26,1465.7666,1490.6946,1463.2738,1485.7090
2009-08-27,1488.2018,1495.6802,1445.8242,1485.7090
2009-08-28,1488.2020,1505.6516,1473.2452,1503.1588
2009-08-31,1520.6082,1538.0579,1498.1730,1515.6226
2009-09-02,1505.6512,1510.6368,1480.7232,1505.6512
2009-09-03,1513.1298,1538.0579,1508.1442,1535.5649
2009-09-04,1538.0578,1540.5506,1498.1730,1510.6370
2009-09-07,1520.6080,1525.5936,1498.1728,1505.6512
2009-09-08,1513.1299,1513.1299,1490.6947,1495.6803
2009-09-09,1503.1588,1523.1012,1500.6660,1523.1012
2009-09-10,1530.5795,1595.3923,1528.0868,1595.3923
2009-09-11,1597.8850,1597.8850,1558.0000,1570.4641
2009-09-14,1565.4783,1577.9423,1543.0431,1565.4783
2009-09-15,1567.9716,1590.4068,1555.5075,1585.4211
2009-09-16,1582.9284,1587.9138,1550.5218,1558.0002
2009-09-17,1575.4499,1580.4354,1530.5794,1548.0291
2009-09-18,1557.9998,1610.3486,1553.0144,1610.3486
2009-09-21,1610.3486,1610.3486,1610.3486,1610.3486
2009-09-24,1612.8416,1627.7984,1577.9424,1607.8560
2009-09-25,1594.0275,1596.5418,1561.3424,1586.4847
2009-09-28,1573.9142,1611.6278,1556.3144,1596.5424
2009-09-29,1573.9138,1581.4565,1541.2286,1546.2571
2009-09-30,1561.3424,1624.1984,1558.8283,1624.1984
2009-10-01,1626.7127,1641.7982,1609.1129,1624.1984
2009-10-02,1611.6274,1621.6843,1576.4280,1581.4565
2009-10-05,1576.4278,1601.5702,1571.3993,1578.9420
2009-10-06,1576.4282,1576.4282,1526.1435,1561.3428
2009-10-07,1536.1999,1541.2285,1508.5433,1511.0576
2009-10-08,1521.1151,1551.2861,1521.1151,1526.1437
2009-10-09,1526.1436,1526.1436,1495.9728,1506.0297
2009-10-13,1523.6292,1523.6292,1485.9156,1485.9156
2009-10-14,1516.0863,1558.8285,1513.5721,1541.2288
2009-10-15,1531.1719,1543.7430,1503.5152,1513.5721
2009-10-16,1498.4864,1513.5718,1490.9436,1511.0576
2009-10-19,1511.0579,1533.6860,1506.0293,1528.6575
2009-10-20,1531.1716,1553.7998,1528.6574,1546.2571
2009-10-21,1548.7718,1576.4285,1546.2576,1566.3716
2009-10-22,1561.3429,1563.8570,1523.6293,1536.2004
2009-10-23,1533.6861,1546.2573,1523.6292,1523.6292
2009-10-26,1548.7718,1568.8858,1541.2292,1566.3716
2009-10-27,1568.8857,1586.4853,1528.6579,1538.7148
2009-10-28,1526.1434,1536.2003,1516.0864,1518.6007
2009-10-29,1478.3730,1498.4869,1463.2876,1463.2876
2009-10-30,1506.0296,1506.0296,1445.6879,1460.7733
2009-11-02,1397.9171,1443.1734,1395.4029,1433.1165
2009-11-04,1433.1164,1468.3157,1420.5452,1458.2588
2009-11-05,1480.8872,1488.4299,1465.8018,1480.8872
2009-11-06,1488.4299,1488.4299,1428.0881,1435.6309
2009-11-09,1435.6311,1435.6311,1405.4602,1413.0029
2009-11-10,1435.6308,1443.1736,1418.0311,1418.0311
2009-11-11,1423.0596,1433.1166,1413.0027,1418.0311
2009-11-12,1438.1447,1445.6874,1418.0308,1425.5735
2009-11-13,1430.6022,1445.6876,1415.5167,1433.1165
2009-11-16,1425.5739,1440.6593,1418.0312,1435.6309
2009-11-17,1428.0883,1463.2876,1420.5456,1463.2876
2009-11-18,1473.3440,1513.5718,1468.3155,1511.0576
2009-11-19,1508.5439,1511.0582,1460.7733,1463.2876
2009-11-20,1443.1734,1465.8015,1438.1448,1458.2588
2009-11-24,1443.1736,1463.2875,1430.6023,1455.7448
2009-11-25,1465.8018,1495.9727,1463.2875,1488.4299
2009-11-26,1490.9438,1498.4866,1455.7445,1458.2588
2009-11-27,1450.7159,1473.3441,1443.1732,1450.7159
2009-11-30,1488.4296,1536.2001,1488.4296,1533.6859
2009-12-01,1508.5437,1521.1149,1490.9440,1518.6007
2009-12-02,1493.4583,1531.1719,1488.4298,1523.6292
2009-12-03,1528.6574,1566.3711,1523.6289,1563.8567
2009-12-04,1538.7148,1561.3430,1506.0297,1526.1437
2009-12-07,1538.7148,1546.2576,1523.6294,1526.1437
2009-12-08,1538.7150,1571.4000,1536.2007,1553.8004
2009-12-09,1561.3426,1578.9423,1538.7145,1541.2288
2009-12-10,1561.3424,1561.3424,1508.5433,1511.0576
2009-12-11,1511.0579,1528.6575,1501.0009,1528.6575
2009-12-14,1543.7427,1543.7427,1495.9722,1511.0576
2009-12-15,1516.0863,1516.0863,1463.2873,1473.3442
2009-12-16,1490.9441,1533.6863,1488.4300,1531.1720
2009-12-17,1553.8002,1556.3143,1531.1720,1531.1720
2009-12-18,1546.2571,1546.2571,1521.1147,1533.6859
2009-12-21,1533.6860,1536.2002,1495.9724,1501.0009
2009-12-22,1495.9727,1511.0581,1488.4299,1488.4299
2009-12-24,1483.4012,1490.9440,1473.3443,1483.4012
2009-12-25,1485.9156,1501.0011,1475.8586,1475.8586
2009-12-28,1483.4012,1498.4867,1483.4012,1483.4012
2009-12-29,1480.8872,1503.5154,1480.8872,1498.4868
2009-12-30,1485.9156,1490.9441,1475.8586,1475.8586
2010-01-04,1470.8302,1490.9441,1470.8302,1488.4299
2010-01-05,1498.4867,1503.5152,1458.2589,1478.3728
2010-01-06,1478.3728,1478.3728,1478.3728,1478.3728
2010-01-07,1473.3445,1485.9157,1463.2875,1480.8872
2010-01-08,1493.4583,1528.6576,1485.9156,1523.6292
2010-01-12,1503.5152,1543.7429,1493.4582,1541.2288
2010-01-13,1538.7146,1553.8000,1511.0580,1513.5721
2010-01-14,1521.1149,1538.7146,1513.5721,1521.1149
2010-01-15,1528.6577,1548.7716,1528.6577,1543.7432
2010-01-18,1558.8284,1581.4565,1553.7998,1581.4565
2010-01-19,1576.4282,1576.4282,1551.2859,1561.3428
2010-01-20,1568.8852,1576.4279,1556.3140,1563.8567
2010-01-21,1583.9712,1591.5139,1563.8572,1566.3716
2010-01-22,1556.3146,1566.3717,1538.7150,1553.8004
2010-01-25,1541.2286,1576.4279,1538.7144,1563.8567
2010-01-26,1556.3143,1563.8571,1543.7432,1543.7432
2010-01-27,1563.8572,1578.9427,1551.2861,1566.3716
2010-01-28,1561.3428,1576.4282,1553.8001,1558.8286
2010-01-29,1561.3430,1568.8857,1526.1437,1526.1437
2010-02-01,1528.6577,1546.2574,1511.0581,1536.2004
2010-02-02,1531.1717,1538.7145,1511.0579,1528.6575
2010-02-03,1533.6864,1561.3430,1528.6578,1556.3145
2010-02-04,1551.2856,1568.8852,1536.2001,1546.2571
2010-02-05,1538.7147,1551.2860,1513.5723,1516.0865
2010-02-08,1521.1149,1521.1149,1498.4867,1503.5153
2010-02-09,1495.9726,1495.9726,1473.3445,1475.8586
2010-02-10,1475.8584,1480.8869,1468.3157,1468.3157
2010-02-12,1470.8301,1485.9155,1458.2589,1483.4012
2010-02-15,1488.4297,1490.9439,1470.8300,1473.3442
2010-02-16,1478.3728,1495.9725,1475.8585,1483.4012
2010-02-17,1495.9727,1533.6863,1493.4584,1531.1720
2010-02-18,1526.1436,1528.6578,1495.9728,1506.0297
2010-02-19,1511.0581,1521.1150,1485.9156,1485.9156
2010-02-22,1506.0296,1536.2004,1503.5154,1516.0865
2010-02-23,1501.0009,1511.0578,1493.4581,1501.0009
2010-02-24,1490.9439,1498.4866,1478.3727,1493.4581
2010-02-25,1493.4583,1518.6007,1485.9156,1518.6007
2010-02-26,1526.1437,1538.7148,1521.1151,1538.7148
2010-03-01,1543.7429,1548.7714,1538.7145,1541.2288
2010-03-02,1531.1717,1553.7998,1526.1432,1551.2856
2010-03-03,1538.7148,1551.2861,1531.1721,1538.7148
2010-03-04,1528.6574,1548.7713,1528.6574,1533.6859
2010-03-05,1541.2289,1568.8855,1538.7146,1558.8286
2010-03-08,1563.8572,1573.9143,1558.8289,1566.3716
2010-03-09,1558.8287,1563.8570,1536.2004,1536.2004
2010-03-10,1533.6863,1546.2574,1531.1720,1531.1720
2010-03-11,1541.2288,1548.7714,1533.6860,1541.2288
2010-03-12,1561.3430,1561.3430,1546.2576,1556.3145
2010-03-15,1556.3142,1566.3713,1541.2289,1548.7715
2010-03-16,1546.2573,1568.8855,1538.7146,1561.3428
2010-03-17,1563.8572,1566.3715,1546.2576,1556.3145
2010-03-18,1556.3141,1561.3426,1536.2002,1541.2288
2010-03-19,1546.2571,1553.7998,1536.2001,1551.2856
2010-03-23,1558.8286,1578.9424,1548.7715,1561.3428
2010-03-24,1568.8858,1573.9143,1558.8289,1566.3716
2010-03-25,1568.8857,1571.3999,1553.8003,1556.3145
2010-03-26,1543.7431,1558.8286,1536.2004,1558.8286
2010-03-29,1557.5602,1580.3910,1552.4868,1570.2439
2010-03-30,1585.4642,1610.8318,1577.8540,1610.8318
2010-03-31,1631.1257,1659.0300,1631.1257,1648.8831
2010-04-01,1656.4933,1664.1035,1641.2728,1648.8831
2010-04-02,1646.3458,1648.8827,1626.0520,1638.7356
2010-04-05,1633.6622,1646.3458,1628.5887,1638.7356
2010-04-06,1641.2723,1681.8601,1641.2723,1681.8601
2010-04-07,1684.3973,1712.3015,1684.3973,1712.3015
2010-04-08,1699.6178,1699.6178,1653.9564,1661.5667
2010-04-09,1653.9558,1684.3967,1648.8825,1679.3234
2010-04-12,1679.3238,1697.0809,1674.2502,1674.2502
2010-04-13,1669.1764,1671.7133,1646.3458,1651.4193
2010-04-14,1661.5666,1676.7870,1656.4932,1666.6401
2010-04-15,1686.9343,1686.9343,1664.1036,1671.7139
2010-04-16,1653.9564,1666.6402,1646.3462,1648.8831
2010-04-19,1641.2726,1648.8828,1618.4419,1626.0521
2010-04-20,1648.8831,1666.6402,1636.1993,1661.5667
2010-04-21,1656.4932,1686.9341,1648.8829,1684.3972
2010-04-22,1661.5666,1674.2504,1641.2728,1666.6401
2010-04-23,1648.8832,1679.3241,1638.7361,1671.7139
2010-04-26,1694.5447,1704.6916,1689.4711,1694.5447
2010-04-27,1694.5447,1702.1549,1676.7873,1694.5447
2010-04-28,1623.5155,1628.5890,1567.7072,1585.4644
2010-04-30,1605.7582,1613.3684,1588.0010,1598.1479
2010-05-06,1572.7809,1572.7809,1544.8766,1549.9501
2010-05-07,1516.9719,1562.6332,1514.4352,1547.4128
2010-05-10,1522.0460,1557.5604,1511.8990,1552.4869
2010-05-11,1552.4868,1590.5379,1537.2663,1570.2439
2010-05-12,1572.7806,1600.6846,1552.4866,1590.5377
2010-05-13,1575.3172,1590.5377,1572.7805,1588.0010
2010-05-14,1570.2437,1605.7582,1565.1704,1590.5377
2010-05-17,1572.7808,1590.5380,1562.6337,1575.3175
2010-05-18,1570.2437,1593.0743,1567.7070,1588.0010
2010-05-19,1577.8538,1590.5376,1547.4130,1555.0232
2010-05-20,1539.8026,1555.0231,1537.2658,1547.4128
2010-05-21,1522.0460,1542.3399,1516.9725,1516.9725
2010-05-24,1511.8987,1527.1191,1489.0680,1514.4354
2010-05-25,1501.7519,1511.8988,1491.6049,1504.2886
2010-05-26,1473.8477,1476.3845,1445.9436,1461.1641
2010-05-27,1445.9435,1463.7007,1435.7965,1458.6272
2010-05-28,1471.3107,1478.9209,1445.9432,1471.3107
2010-05-31,1481.4579,1501.7519,1471.3109,1491.6049
2010-06-01,1473.8476,1499.2151,1456.0905,1491.6049
2010-06-02,1489.0681,1491.6049,1466.2374,1476.3844
2010-06-03,1486.5313,1499.2149,1478.9210,1494.1415
2010-06-04,1504.2883,1509.3618,1486.5311,1486.5311
2010-06-07,1486.5316,1499.2152,1468.7743,1473.8478
2010-06-08,1448.4803,1453.5537,1435.7965,1445.9435
2010-06-09,1435.7965,1471.3109,1433.2598,1453.5537
2010-06-10,1476.3841,1489.0678,1463.7004,1471.3107
2010-06-11,1509.3618,1509.3618,1478.9209,1486.5311
2010-06-14,1489.0682,1501.7520,1489.0682,1499.2152
2010-06-15,1504.2885,1506.8253,1489.0681,1501.7518
2010-06-16,1506.8253,1522.0458,1499.2151,1504.2886
2010-06-17,1506.8252,1516.9722,1481.4578,1489.0680
2010-06-18,1499.2152,1509.3622,1491.6050,1499.2152
2010-06-21,1501.7519,1532.1928,1496.6783,1522.0458
2010-06-22,1524.5826,1539.8031,1522.0459,1539.8031
2010-06-23,1527.1191,1534.7293,1509.3620,1514.4354
2010-06-24,1496.6779,1516.9719,1494.1412,1509.3617
2010-06-25,1489.0680,1514.4354,1486.5313,1514.4354
2010-06-28,1529.6560,1539.8030,1516.9723,1522.0458
2010-06-29,1532.1930,1534.7297,1519.5092,1529.6562
2010-06-30,1532.1928,1534.7295,1501.7519,1504.2886
2010-07-01,1496.6783,1499.2151,1483.9946,1491.6049
2010-07-02,1499.2149,1499.2149,1483.9945,1494.1415
2010-07-05,1509.3621,1516.9724,1501.7519,1511.8988
2010-07-06,1511.8989,1532.1929,1499.2152,1532.1929
2010-07-07,1527.1194,1529.6562,1509.3623,1516.9725
2010-07-08,1532.1929,1534.7296,1524.5826,1532.1929
2010-07-09,1532.1930,1539.8033,1524.5828,1529.6562
2010-07-12,1532.1928,1534.7295,1519.5090,1519.5090
2010-07-13,1504.2885,1506.8253,1473.8476,1478.9211
2010-07-14,1494.1415,1499.2149,1486.5313,1494.1415
2010-07-15,1473.8474,1489.0679,1471.3107,1481.4576
2010-07-16,1471.3108,1471.3108,1458.6270,1463.7006
2010-07-21,1448.4801,1463.7006,1443.4066,1456.0903
2010-07-22,1440.8700,1448.4803,1435.7965,1445.9435
2010-07-23,1458.6270,1463.7006,1445.9433,1456.0903
2010-07-26,1471.3107,1473.8474,1463.7005,1466.2372
2010-07-27,1468.7739,1483.9944,1466.2371,1471.3107
2010-07-28,1481.4579,1496.6783,1478.9212,1496.6783
2010-07-29,1473.8473,1476.3841,1448.4799,1451.0166
2010-07-30,1448.4804,1451.0171,1412.9659,1412.9659
2010-08-02,1425.6494,1430.7229,1415.5024,1415.5024
2010-08-03,1423.1128,1428.1863,1415.5026,1428.1863
2010-08-04,1428.1865,1430.7232,1412.9660,1418.0396
2010-08-05,1418.0395,1428.1864,1412.9659,1420.5762
2010-08-06,1418.0392,1440.8699,1412.9656,1440.8699
2010-08-09,1428.1862,1448.4803,1425.6496,1445.9435
2010-08-10,1438.3330,1445.9432,1425.6493,1433.2595
2010-08-11,1418.0394,1425.6497,1390.1352,1402.8190
2010-08-12,1379.9881,1412.9657,1379.9881,1400.2820
2010-08-13,1400.2822,1412.9659,1385.0617,1402.8190
2010-08-16,1390.1350,1405.3555,1390.1350,1405.3555
2010-08-17,1392.6718,1397.7452,1390.1350,1392.6718
2010-08-18,1397.7453,1402.8188,1385.0616,1395.2086
2010-08-19,1392.6718,1400.2820,1387.5983,1392.6718
2010-08-20,1387.5984,1400.2821,1374.9146,1377.4514
2010-08-23,1374.9148,1374.9148,1362.2311,1367.3046
2010-08-24,1357.1577,1372.3781,1357.1577,1367.3046
2010-08-25,1359.6940,1390.1349,1359.6940,1379.9880
2010-08-26,1387.5984,1387.5984,1372.3780,1385.0616
2010-08-27,1367.3044,1395.2086,1367.3044,1385.0616
2010-08-30,1402.8188,1410.4290,1387.5983,1400.2820
2010-08-31,1387.5983,1390.1349,1369.8410,1379.9880
2010-09-01,1374.9144,1400.2819,1369.8410,1397.7451
2010-09-02,1402.8189,1428.1863,1397.7454,1428.1863
2010-09-03,1428.1865,1433.2600,1415.5028,1425.6498
2010-09-06,1423.1129,1423.1129,1405.3557,1420.5762
2010-09-07,1410.4292,1415.5027,1405.3557,1407.8925
2010-09-08,1407.8922,1415.5024,1395.2085,1400.2820
2010-09-09,1405.3557,1410.4292,1400.2822,1407.8925
2010-09-10,1410.4290,1412.9657,1400.2820,1400.2820
2010-09-13,1400.2820,1407.8922,1387.5983,1392.6718
2010-09-14,1374.9144,1377.4512,1357.1573,1359.6940
2010-09-16,1354.6208,1359.6943,1314.0329,1319.1064
2010-09-17,1326.7163,1329.2530,1303.8856,1311.4958
2010-09-21,1321.6432,1334.3270,1316.5698,1326.7168
2010-09-22,1319.1061,1324.1796,1314.0326,1316.5693
2010-09-24,1311.4961,1319.1064,1306.4226,1308.9594
2010-09-27,1324.1797,1324.1797,1291.2020,1303.8857
2010-09-28,1305.1678,1330.8096,1279.5260,1325.6813
2010-09-29,1328.2452,1330.8094,1310.2960,1312.8601
2010-09-30,1310.2963,1320.5530,1292.3470,1292.3470
2010-10-01,1302.6040,1320.5532,1300.0398,1320.5532
2010-10-04,1315.4247,1317.9889,1284.6545,1287.2188
2010-10-05,1289.7827,1307.7320,1284.6543,1302.6036
2010-10-06,1305.1680,1323.1173,1289.7830,1315.4248
2010-10-07,1320.5530,1346.1948,1315.4246,1323.1172
2010-10-08,1317.9888,1320.5529,1294.9111,1294.9111
2010-10-12,1300.0396,1325.6814,1297.4753,1297.4753
2010-10-13,1312.8603,1312.8603,1276.9618,1278.2439
2010-10-14,1282.0902,1294.9112,1278.2439,1284.6544
2010-10-15,1282.0905,1287.2189,1269.2696,1271.8339
2010-10-18,1279.5260,1307.7320,1276.9618,1300.0394
2010-10-19,1302.6038,1325.6814,1302.6038,1323.1172
2010-10-20,1320.5531,1323.1173,1297.4754,1307.7322
2010-10-21,1315.4246,1320.5530,1287.2187,1297.4753
2010-10-22,1300.0398,1302.6040,1284.6548,1289.7831
2010-10-25,1292.3469,1302.6037,1292.3469,1294.9111
2010-10-26,1300.0396,1302.6038,1289.7828,1292.3470
2010-10-27,1294.9111,1294.9111,1276.9618,1278.2439
2010-10-28,1289.7831,1302.6040,1284.6548,1289.7831
2010-10-29,1289.7830,1302.6040,1259.0128,1275.6801
2010-11-01,1269.2694,1278.2440,1246.1918,1248.7560
2010-11-02,1269.2697,1278.2443,1237.2174,1255.1666
2010-11-04,1265.4232,1271.8337,1256.4486,1261.5769
2010-11-05,1271.8338,1284.6547,1266.7054,1270.5516
2010-11-08,1279.5262,1294.9113,1274.3978,1292.3470
2010-11-09,1282.0903,1289.7828,1265.4231,1269.2694
2010-11-10,1264.1411,1284.6545,1262.8589,1280.8082
2010-11-11,1280.8081,1307.7320,1279.5260,1302.6036
2010-11-12,1305.1681,1307.7323,1275.6801,1275.6801
2010-11-15,1278.2440,1279.5261,1260.2948,1262.8589
2010-11-16,1259.0127,1259.0127,1233.3709,1238.4993
2010-11-17,1232.0889,1239.7814,1228.2426,1237.2173
2010-11-18,1246.1919,1270.5516,1241.0636,1270.5516
2010-11-19,1275.6801,1276.9622,1253.8846,1255.1666
2010-11-22,1270.5514,1289.7827,1266.7051,1284.6544
2010-11-24,1275.6799,1282.0903,1266.7052,1266.7052
2010-11-25,1276.9620,1279.5262,1267.9874,1267.9874
2010-11-26,1271.8335,1292.3470,1270.5514,1284.6544
2010-11-29,1294.9113,1315.4247,1284.6546,1305.1680
2010-11-30,1320.5532,1323.1174,1282.0905,1282.0905
2010-12-01,1287.2187,1302.6038,1280.8082,1297.4753
2010-12-02,1307.7323,1317.9890,1302.6039,1315.4248
2010-12-03,1317.9889,1320.5531,1300.0396,1305.1680
2010-12-06,1305.1680,1315.4247,1302.6038,1307.7322
2010-12-07,1297.4752,1310.2962,1294.9111,1302.6036
2010-12-08,1315.4246,1341.0664,1312.8604,1338.5022
2010-12-09,1341.0665,1353.8873,1335.9380,1351.3231
2010-12-10,1366.7083,1366.7083,1343.6307,1353.8875
2010-12-13,1364.1441,1369.2725,1356.4516,1369.2725
2010-12-14,1371.8366,1384.6575,1371.8366,1382.0933
2010-12-15,1394.9143,1397.4784,1374.4008,1376.9650
2010-12-16,1382.0932,1394.9142,1376.9649,1389.7858
2010-12-17,1374.4007,1389.7858,1364.1440,1366.7081
2010-12-20,1374.4010,1376.9652,1353.8875,1361.5801
2010-12-21,1374.4008,1387.2217,1371.8366,1376.9650
2010-12-22,1379.5292,1379.5292,1366.7082,1369.2725
2010-12-24,1376.9650,1379.5292,1369.2724,1376.9650
2010-12-27,1387.2217,1392.3500,1376.9649,1382.0933
2010-12-28,1376.9649,1382.0932,1361.5798,1366.7081
2010-12-29,1364.1441,1369.2725,1356.4516,1369.2725
2010-12-30,1364.1442,1369.2725,1353.8875,1353.8875
2011-01-04,1364.1440,1366.7082,1353.8873,1359.0156
2011-01-05,1353.8872,1356.4515,1335.9380,1343.6305
2011-01-06,1348.7592,1366.7084,1338.5024,1364.1443
2011-01-07,1364.1439,1379.5290,1359.0155,1371.8364
2011-01-11,1356.4515,1364.1440,1353.8873,1359.0156
2011-01-12,1356.4517,1361.5800,1353.8874,1356.4517
2011-01-13,1366.7081,1389.7858,1364.1440,1389.7858
2011-01-14,1384.6575,1392.3500,1371.8366,1382.0933
2011-01-17,1379.5294,1379.5294,1361.5801,1364.1443
2011-01-18,1374.4008,1384.6575,1371.8366,1376.9650
2011-01-19,1387.2217,1387.2217,1371.8366,1376.9650
2011-01-20,1374.4005,1392.3498,1371.8364,1387.2214
2011-01-21,1389.7858,1402.6068,1371.8366,1376.9650
2011-01-24,1382.0931,1382.0931,1369.2722,1371.8364
2011-01-25,1376.9648,1389.7857,1366.7081,1384.6573
2011-01-26,1389.7859,1402.6068,1389.7859,1394.9143
2011-01-27,1400.0427,1400.0427,1376.9651,1379.5293
2011-01-28,1384.6574,1384.6574,1369.2723,1374.4006
2011-01-31,1376.9649,1400.0425,1374.4007,1389.7858
2011-02-01,1389.7860,1389.7860,1374.4009,1379.5293
2011-02-02,1384.6575,1397.4783,1382.0933,1382.0933
2011-02-03,1379.5290,1382.0931,1369.2722,1371.8364
2011-02-04,1382.0933,1382.0933,1366.7082,1369.2725
2011-02-07,1376.9649,1376.9649,1364.1440,1366.7081
2011-02-08,1369.2724,1382.0933,1369.2724,1376.9650
2011-02-09,1379.5293,1384.6576,1376.9651,1379.5293
2011-02-10,1376.9649,1392.3500,1374.4007,1389.7858
2011-02-14,1407.7354,1430.8130,1405.1712,1423.1205
2011-02-15,1425.6842,1430.8125,1415.4275,1425.6842
2011-02-16,1417.9921,1435.9413,1417.9921,1433.3772
2011-02-17,1435.9412,1448.7622,1430.8129,1446.1980
2011-02-18,1435.9411,1461.5830,1433.3770,1443.6337
2011-02-21,1435.9413,1443.6338,1425.6846,1438.5055
2011-02-22,1435.9410,1459.0186,1435.9410,1453.8903
2011-02-23,1459.0189,1482.0965,1453.8905,1469.2756
2011-02-24,1469.2753,1479.5321,1448.7619,1453.8903
2011-02-25,1448.7620,1464.1471,1425.6844,1461.5829
2011-02-28,1453.8907,1461.5833,1438.5056,1459.0190
2011-03-01,1474.4039,1497.4815,1471.8397,1492.3531
2011-03-02,1494.9175,1497.4816,1459.0189,1464.1473
2011-03-03,1479.5324,1500.0459,1476.9682,1484.6608
2011-03-04,1505.1741,1512.8667,1487.2249,1489.7891
2011-03-07,1479.5323,1482.0964,1461.5830,1471.8397
2011-03-08,1471.8400,1474.4041,1456.4549,1459.0190
2011-03-09,1456.4548,1476.9682,1453.8906,1464.1473
2011-03-10,1451.3262,1456.4546,1425.6844,1430.8127
2011-03-11,1420.5556,1438.5049,1392.3497,1397.4780
2011-03-14,1141.0607,1141.0607,1141.0607,1141.0607
2011-03-15,1123.1112,1146.1889,1055.1604,1069.2634
2011-03-16,1117.9826,1166.7020,1091.0587,1123.1110
2011-03-17,1100.0335,1156.4455,1093.6230,1129.5216
2011-03-18,1166.7023,1196.1904,1148.7531,1171.8307
2011-03-22,1243.6276,1262.8589,1237.2172,1248.7560
2011-03-23,1266.7053,1267.9875,1225.6785,1243.6277
2011-03-24,1241.0635,1241.0635,1182.0873,1200.0366
2011-03-25,1217.9857,1217.9857,1166.7020,1178.2408
2011-03-28,1183.3695,1194.9083,1161.5739,1176.9590
2011-03-29,1193.8282,1195.1258,1158.7919,1166.5778
2011-03-30,1169.1734,1221.0791,1163.9829,1204.2097
2011-03-31,1240.5435,1253.5199,1184.7450,1200.3167
2011-04-01,1201.6142,1201.6142,1182.1496,1186.0425
2011-04-04,1193.8282,1196.4234,1176.9588,1182.1494
2011-04-05,1175.6614,1204.2094,1170.4709,1176.9590
2011-04-06,1169.1732,1188.6378,1167.8756,1170.4709
2011-04-07,1192.5306,1200.3165,1182.1496,1186.0425
2011-04-08,1175.6612,1201.6141,1163.9825,1189.9353
2011-04-11,1188.6377,1219.7810,1180.8518,1217.1858
2011-04-12,1199.0186,1208.1020,1176.9587,1183.4469
2011-04-13,1178.2565,1193.8282,1173.0659,1182.1494
2011-04-14,1174.3633,1182.1491,1165.2797,1171.7679
2011-04-15,1175.6612,1191.2329,1175.6612,1189.9353
2011-04-18,1189.9353,1189.9353,1167.8754,1167.8754
2011-04-19,1165.2804,1173.0662,1154.8993,1163.9828
2011-04-20,1167.8757,1176.9592,1161.3875,1163.9828
2011-04-21,1166.5779,1173.0660,1147.1133,1152.3038
2011-04-22,1152.3036,1152.3036,1127.6485,1136.7319
2011-04-25,1141.9226,1143.2203,1128.9462,1132.8391
2011-04-26,1136.7317,1136.7317,1118.5648,1126.3506
2011-04-27,1128.9461,1132.8390,1115.9697,1117.2673
2011-04-28,1134.1367,1169.1729,1128.9461,1161.3871
2011-05-02,1187.3399,1210.6975,1186.0423,1201.6140
2011-05-06,1205.5070,1219.7809,1189.9353,1191.2329
2011-05-09,1180.8518,1184.7447,1169.1730,1175.6613
2011-05-10,1193.8281,1205.5068,1189.9351,1202.9115
2011-05-11,1218.4834,1231.4597,1214.5904,1230.1621
2011-05-12,1224.9713,1231.4594,1205.5067,1205.5067
2011-05-13,1215.8880,1219.7809,1178.2565,1191.2329
2011-05-16,1179.5541,1179.5541,1169.1730,1169.1730
2011-05-17,1167.8754,1180.8517,1161.3871,1167.8754
2011-05-18,1183.4474,1218.4836,1183.4474,1200.3167
2011-05-19,1201.6141,1209.3999,1183.4471,1191.2329
2011-05-20,1191.2331,1205.5072,1187.3402,1188.6378
2011-05-23,1188.6376,1202.9117,1179.5542,1196.4235
2011-05-24,1197.7213,1226.2694,1195.1260,1218.4835
2011-05-25,1222.3761,1228.8643,1215.8879,1221.0785
2011-05-26,1224.9714,1231.4596,1221.0785,1226.2690
2011-05-27,1221.0784,1222.3760,1201.6138,1205.5067
2011-05-30,1221.0788,1223.6740,1205.5071,1209.4000
2011-05-31,1213.2928,1231.4597,1210.6975,1230.1621
2011-06-01,1232.7572,1243.1383,1217.1855,1219.7808
2011-06-02,1206.8046,1213.2928,1189.9353,1210.6975
2011-06-03,1218.4833,1218.4833,1195.1258,1197.7211
2011-06-06,1193.8283,1205.5070,1173.0660,1178.2566
2011-06-07,1174.3635,1189.9351,1170.4705,1183.4469
2011-06-08,1176.9587,1189.9351,1175.6611,1183.4469
2011-06-09,1175.6612,1180.8517,1162.6848,1169.1730
2011-06-10,1179.5539,1196.4232,1175.6610,1187.3397
2011-06-13,1169.1732,1174.3639,1165.2803,1170.4709
2011-06-14,1170.4707,1184.7446,1167.8754,1182.1494
2011-06-15,1175.6609,1176.9585,1167.8750,1171.7679
2011-06-16,1167.8755,1175.6613,1162.6849,1162.6849
2011-06-17,1167.8757,1167.8757,1149.7087,1154.8993
2011-06-20,1157.4944,1162.6850,1148.4109,1152.3038
2011-06-21,1158.7919,1170.4707,1147.1132,1169.1730
2011-06-22,1169.1732,1178.2568,1163.9827,1173.0662
2011-06-23,1169.1732,1189.9355,1165.2803,1184.7449
2011-06-24,1188.6374,1202.9115,1184.7445,1202.9115
2011-06-27,1211.9951,1211.9951,1193.8282,1196.4235
2011-06-28,1206.8044,1214.5903,1197.7210,1202.9115
2011-06-29,1217.1859,1223.6740,1209.4001,1218.4835
2011-06-30,1221.0787,1222.3763,1187.3400,1193.8282
2011-07-01,1205.5070,1210.6975,1199.0188,1210.6975
2011-07-04,1221.0785,1228.8644,1217.1856,1226.2690
2011-07-05,1224.9716,1235.3526,1221.0787,1231.4597
2011-07-06,1236.6503,1269.0913,1234.0550,1262.6030
2011-07-07,1265.1981,1282.0674,1263.9005,1280.7698
2011-07-08,1282.0675,1282.0675,1249.6266,1249.6266
2011-07-11,1258.7101,1265.1983,1253.5196,1262.6030
2011-07-12,1262.6033,1262.6033,1235.3528,1241.8411
2011-07-13,1240.5437,1260.0083,1235.3531,1247.0319
2011-07-14,1249.6269,1253.5198,1236.6505,1240.5435
2011-07-15,1247.0314,1269.0913,1244.4362,1269.0913
2011-07-19,1275.5795,1276.8771,1266.4960,1269.0913
2011-07-20,1274.2817,1279.4724,1266.4959,1271.6865
2011-07-21,1269.0914,1269.0914,1252.2221,1256.1150
2011-07-22,1267.7937,1269.0914,1253.5197,1256.1150
2011-07-25,1257.4125,1270.3889,1257.4125,1265.1984
2011-07-26,1280.7700,1300.2346,1279.4724,1292.4487
2011-07-27,1283.3653,1283.3653,1262.6030,1271.6865
2011-07-28,1272.9839,1272.9839,1235.3523,1243.1382
2011-07-29,1261.3055,1287.2583,1253.5197,1256.1150
2011-08-01,1241.8408,1248.3290,1224.9715,1232.7573
2011-08-02,1230.1623,1230.1623,1219.7812,1222.3765
2011-08-03,1219.7809,1222.3762,1196.4234,1201.6140
2011-08-04,1202.9117,1210.6975,1189.9353,1191.2329
2011-08-05,1167.8756,1183.4473,1157.4945,1170.4709
2011-08-08,1160.0896,1170.4707,1151.0062,1158.7920
2011-08-09,1131.5415,1138.0297,1104.2911,1135.4344
2011-08-10,1151.0060,1151.0060,1151.0060,1151.0060
2011-08-11,1141.9225,1166.5778,1141.9225,1166.5778
2011-08-12,1166.5778,1166.5778,1166.5778,1166.5778
2011-08-15,1176.9589,1183.4471,1162.6849,1175.6613
2011-08-16,1187.3400,1206.8046,1179.5542,1191.2329
2011-08-17,1178.2566,1187.3400,1170.4708,1178.2566
2011-08-18,1197.7211,1197.7211,1197.7211,1197.7211
2011-08-19,1186.0422,1219.7808,1186.0422,1219.7808
2011-08-22,1211.9956,1217.1862,1200.3168,1204.2097
2011-08-23,1191.2329,1193.8282,1154.8990,1156.1967
2011-08-24,1165.2801,1175.6612,1158.7919,1167.8754
2011-08-25,1173.0659,1187.3400,1165.2801,1169.1730
2011-08-26,1179.5543,1193.8283,1178.2566,1186.0425
2011-08-29,1184.7444,1184.7444,1162.6846,1170.9895
2011-08-30,1178.2564,1184.7445,1165.2800,1172.2129
2011-08-31,1166.5775,1188.6373,1163.9822,1187.3397
2011-09-01,1192.5306,1202.9117,1186.0424,1193.0497
2011-09-02,1183.4470,1199.0187,1183.4470,1190.1947
2011-09-05,1188.6375,1204.2091,1186.0423,1195.3853
2011-09-06,1193.8279,1219.7806,1192.5302,1213.2925
2011-09-07,1223.6741,1223.6741,1195.1260,1216.4073
2011-09-08,1204.2093,1219.7810,1201.6141,1218.7429
2011-09-09,1222.3760,1236.6501,1218.4831,1229.6428
2011-09-12,1219.7812,1223.6741,1211.9953,1222.3765
2011-09-13,1227.5669,1240.5434,1223.6740,1236.1313
2011-09-14,1232.7572,1239.2453,1224.9714,1234.0548
2011-09-15,1235.3528,1236.6505,1206.8047,1209.4000
2011-09-16,1215.8885,1215.8885,1199.0192,1204.2097
2011-09-20,1191.2329,1193.8282,1180.8517,1182.1494
2011-09-21,1183.4470,1184.7446,1178.2565,1180.8517
2011-09-22,1182.1495,1196.4235,1174.3637,1193.8282
2011-09-26,1199.0188,1199.0188,1154.8990,1156.1967
2011-09-27,1170.4709,1188.6378,1170.4709,1188.6378
2011-09-28,1200.4587,1212.2794,1197.8318,1204.3989
2011-09-29,1199.1450,1224.0999,1193.8913,1224.0999
2011-09-30,1242.4876,1242.4876,1228.0402,1237.2340
2011-10-03,1218.8459,1249.0544,1213.5923,1249.0544
2011-10-04,1259.5619,1266.1289,1224.0998,1229.3534
2011-10-05,1234.6069,1246.4276,1230.6667,1239.8606
2011-10-06,1245.1147,1259.5623,1238.5476,1255.6221
2011-10-07,1254.3084,1254.3084,1241.1743,1245.1145
2011-10-11,1246.4276,1255.6215,1229.3533,1249.0544
2011-10-12,1239.8606,1251.6813,1230.6667,1247.7411
2011-10-13,1249.0546,1249.0546,1230.6668,1233.2937
2011-10-14,1217.5323,1220.1592,1204.3983,1207.0250
2011-10-17,1210.9660,1224.1001,1203.0855,1218.8464
2011-10-18,1214.9060,1225.4134,1208.3390,1213.5927
2011-10-19,1213.5927,1220.1597,1208.3390,1213.5927
2011-10-20,1205.7119,1217.5326,1205.7119,1216.2192
2011-10-21,1216.2190,1217.5324,1201.7715,1210.9653
2011-10-24,1208.3389,1217.5328,1203.0852,1212.2792
2011-10-25,1201.7718,1204.3987,1191.2645,1193.8914
2011-10-26,1193.8912,1196.5180,1179.4436,1188.6376
2011-10-27,1191.2644,1210.9655,1188.6376,1205.7119
2011-10-28,1224.0999,1238.5474,1208.3390,1226.7267
2011-10-31,1242.4875,1258.2484,1238.5472,1251.6814
2011-11-01,1252.9948,1264.8155,1245.1143,1252.9948
2011-11-02,1237.2339,1245.1143,1220.1595,1220.1595
2011-11-04,1230.6669,1238.5474,1214.9060,1237.2340
2011-11-07,1235.9206,1237.2340,1216.2195,1226.7267
2011-11-08,1228.0401,1247.7413,1224.0999,1241.1742
2011-11-09,1255.6217,1300.2776,1250.3680,1296.3374
2011-11-10,1274.0098,1289.7707,1262.1891,1262.1891
2011-11-11,1266.1287,1293.7104,1264.8154,1291.0836
2011-11-14,1285.8303,1295.0242,1268.7560,1270.0693
2011-11-15,1263.5019,1270.0689,1259.5617,1266.1287
2011-11-16,1270.0692,1275.3229,1255.6218,1260.8754
2011-11-17,1262.1889,1283.2035,1249.0548,1280.5767
2011-11-18,1270.0691,1283.2033,1263.5021,1276.6362
2011-11-21,1266.1289,1289.7703,1260.8753,1276.6362
2011-11-22,1258.2482,1266.1287,1245.1141,1256.9348
2011-11-24,1247.7414,1259.5621,1238.5474,1245.1145
2011-11-25,1237.2339,1249.0546,1225.4132,1229.3534
2011-11-28,1233.2935,1234.6069,1208.3387,1217.5326
2011-11-29,1218.8461,1230.6668,1208.3389,1222.7864
2011-11-30,1209.6523,1233.2937,1209.6523,1233.2937
2011-12-01,1233.2936,1250.3679,1225.4131,1231.9802
2011-12-02,1234.6069,1247.7411,1233.2935,1247.7411
2011-12-05,1255.6217,1255.6217,1226.7266,1233.2937
2011-12-06,1234.6070,1241.1741,1224.0998,1229.3534
2011-12-07,1238.5472,1264.8155,1234.6070,1263.5021
2011-12-08,1251.6813,1258.2483,1247.7411,1254.3081
2011-12-09,1239.8606,1258.2483,1239.8606,1247.7411
2011-12-12,1266.1286,1270.0689,1255.6214,1259.5616
2011-12-13,1252.9946,1272.6957,1247.7409,1268.7555
2011-12-14,1267.4421,1272.6957,1260.8750,1268.7555
2011-12-15,1280.5764,1291.0837,1275.3228,1284.5166
2011-12-16,1289.7702,1289.7702,1268.7557,1274.0093
2011-12-19,1268.7560,1276.6364,1259.5621,1270.0693
2011-12-20,1262.1886,1262.1886,1249.0545,1254.3081
2011-12-21,1263.5021,1267.4423,1255.6216,1264.8154
2011-12-22,1258.2482,1266.1287,1255.6214,1266.1287
2011-12-26,1283.2035,1285.8303,1277.9498,1280.5767
2011-12-27,1281.8897,1284.5166,1272.6959,1274.0093
2011-12-28,1277.9495,1284.5166,1262.1886,1264.8154
2011-12-29,1268.7558,1283.2033,1266.1289,1276.6362
2011-12-30,1275.3228,1287.1436,1272.6960,1287.1436
2012-01-04,1293.7105,1296.3374,1275.3228,1285.8301
2012-01-05,1275.3230,1283.2034,1267.4425,1267.4425
2012-01-06,1264.8154,1270.0690,1262.1886,1264.8154
2012-01-10,1270.0690,1283.2032,1264.8154,1264.8154
2012-01-11,1264.8157,1272.6962,1263.5023,1270.0693
2012-01-12,1268.7558,1272.6961,1252.9949,1260.8754
2012-01-13,1264.8159,1266.1293,1254.3086,1262.1891
2012-01-16,1264.8155,1264.8155,1252.9947,1263.5021
2012-01-17,1268.7556,1272.6958,1258.2482,1272.6958
2012-01-18,1267.4423,1267.4423,1251.6813,1254.3081
2012-01-19,1247.7410,1249.0543,1226.7263,1228.0398
2012-01-20,1239.8605,1241.1739,1226.7263,1228.0398
2012-01-23,1228.0402,1231.9804,1222.7864,1226.7267
2012-01-24,1224.0996,1234.6068,1217.5325,1228.0398
2012-01-25,1228.0399,1243.8009,1228.0399,1235.9204
2012-01-26,1234.6069,1239.8606,1226.7264,1239.8606
2012-01-27,1241.1739,1243.8008,1233.2934,1234.6068
2012-01-30,1246.4277,1254.3081,1239.8607,1252.9948
2012-01-31,1266.1289,1297.6508,1264.8155,1296.3374
2012-02-01,1281.8896,1285.8298,1267.4421,1268.7555
2012-02-02,1280.5766,1291.0839,1267.4425,1275.3230
2012-02-03,1280.5764,1284.5166,1271.3825,1274.0093
2012-02-06,1283.2035,1287.1438,1276.6364,1280.5767
2012-02-07,1285.8299,1292.3970,1281.8897,1291.0836
2012-02-08,1281.8897,1291.0837,1275.3228,1284.5166
2012-02-09,1287.1436,1305.5313,1284.5167,1301.5911
2012-02-10,1302.9045,1316.0386,1291.0838,1293.7106
2012-02-13,1305.5314,1313.4118,1301.5911,1306.8448
2012-02-14,1310.7848,1323.9189,1309.4713,1318.6653
2012-02-15,1313.4119,1337.0533,1309.4717,1329.1729
2012-02-16,1331.7995,1350.1873,1329.1727,1334.4264
2012-02-17,1405.3506,1413.2311,1355.4409,1365.9482
2012-02-20,1373.8286,1379.0823,1363.3213,1371.2018
2012-02-21,1379.0827,1386.9632,1365.9486,1373.8291
2012-02-22,1384.3361,1407.9775,1379.0825,1402.7239
2012-02-23,1384.3358,1384.3358,1360.6944,1363.3213
2012-02-24,1376.4554,1389.5896,1368.5749,1371.2018
2012-02-27,1379.0825,1379.0825,1358.0679,1360.6947
2012-02-28,1360.6944,1371.2018,1355.4408,1363.3213
2012-02-29,1373.8282,1386.9623,1365.9477,1368.5745
2012-03-01,1379.0823,1392.2164,1371.2018,1389.5896
2012-03-02,1392.2160,1421.1111,1386.9624,1418.4843
2012-03-05,1413.2311,1431.6188,1405.3506,1413.2311
2012-03-06,1407.9774,1415.8579,1400.0969,1410.6042
2012-03-07,1410.6042,1431.6187,1394.8432,1397.4701
2012-03-08,1410.6041,1431.6187,1410.6041,1428.9919
2012-03-09,1444.7528,1444.7528,1421.1114,1423.7382
2012-03-12,1428.9920,1434.2456,1410.6042,1413.2311
2012-03-13,1415.8577,1434.2455,1410.6041,1421.1115
2012-03-14,1421.1111,1428.9915,1400.0964,1400.0964
2012-03-15,1405.3502,1421.1111,1400.0965,1418.4843
2012-03-16,1405.3506,1410.6042,1402.7237,1405.3506
2012-03-19,1400.0970,1410.6043,1397.4703,1402.7239
2012-03-21,1394.8433,1418.4847,1394.8433,1413.2311
2012-03-22,1410.6042,1421.1115,1400.0969,1413.2311
2012-03-23,1418.4847,1421.1116,1410.6042,1410.6042
2012-03-26,1407.9774,1407.9774,1392.2164,1392.2164
2012-03-27,1394.8432,1423.7382,1394.8432,1421.1115
2012-03-28,1422.4383,1422.4383,1403.8617,1419.7845
2012-03-29,1409.1695,1411.8233,1398.5543,1403.8619
2012-03-30,1395.9006,1398.5543,1382.6315,1382.6315
2012-04-02,1395.9004,1401.2080,1382.6313,1385.2852
2012-04-03,1393.2465,1401.2079,1379.9775,1393.2465
2012-04-04,1387.9389,1387.9389,1364.0547,1364.0547
2012-04-05,1358.7471,1382.6313,1348.1320,1374.6699
2012-04-06,1369.3625,1387.9391,1366.7087,1382.6315
2012-04-09,1372.0163,1395.9005,1369.3624,1377.3239
2012-04-10,1364.0547,1369.3623,1342.8242,1361.4009
2012-04-11,1334.8632,1348.1322,1322.9210,1334.8632
2012-04-12,1342.8239,1366.7081,1340.1702,1348.1316
2012-04-13,1334.8626,1345.4779,1321.5937,1322.9205
2012-04-16,1324.2479,1337.5169,1314.9596,1332.2094
2012-04-17,1334.8629,1353.4396,1326.9015,1350.7858
2012-04-18,1348.1320,1361.4010,1345.4782,1350.7858
2012-04-19,1332.2089,1337.5165,1318.9398,1322.9205
2012-04-20,1322.9210,1332.2094,1317.6134,1332.2094
2012-04-23,1318.9399,1320.2669,1306.9978,1310.9785
2012-04-24,1300.3632,1312.3054,1295.0556,1306.9977
2012-04-25,1310.9791,1317.6136,1305.6715,1316.2867
2012-04-26,1329.5552,1332.2090,1318.9399,1329.5552
2012-04-27,1342.8243,1342.8243,1318.9400,1321.5939
2012-05-01,1322.9208,1326.9015,1297.7097,1305.6711
2012-05-02,1309.6517,1312.3056,1297.7096,1301.6903
2012-05-07,1273.8254,1309.6518,1264.5371,1303.0172
2012-05-08,1312.3056,1313.6324,1293.7289,1301.6903
2012-05-09,1295.0563,1297.7101,1283.1141,1287.0948
2012-05-10,1279.1331,1285.7676,1269.8448,1279.1331
2012-05-11,1275.1525,1279.1332,1267.1911,1268.5181
2012-05-14,1273.8252,1310.9784,1273.8252,1304.3440
2012-05-15,1309.6516,1314.9592,1283.1136,1295.0557
2012-05-16,1292.4021,1293.7290,1259.2295,1271.1716
2012-05-17,1261.8832,1264.5370,1249.9411,1257.9025
2012-05-18,1247.2872,1260.5563,1240.6528,1253.9218
2012-05-21,1239.3261,1249.9414,1237.9992,1240.6531
2012-05-22,1235.3452,1247.2873,1234.0184,1239.3259
2012-05-23,1243.3070,1249.9415,1230.0380,1231.3649
2012-05-24,1222.0762,1232.6914,1220.7493,1228.7107
2012-05-25,1220.7496,1228.7110,1202.1729,1227.3840
2012-05-28,1228.7110,1234.0186,1220.7496,1223.4033
2012-05-29,1222.0763,1222.0763,1212.7880,1219.4225
2012-05-30,1220.7497,1231.3649,1212.7883,1231.3649
2012-05-31,1215.4417,1239.3259,1214.1148,1237.9990
2012-06-01,1207.4802,1218.0955,1207.4802,1211.4609
2012-06-04,1192.8841,1207.4800,1188.9034,1207.4800
2012-06-05,1204.8266,1222.0763,1199.5190,1219.4225
2012-06-06,1214.1149,1218.0956,1208.8073,1214.1149
2012-06-07,1214.1149,1214.1149,1214.1149,1214.1149
2012-06-08,1230.0376,1230.0376,1218.0954,1224.7300
2012-06-11,1234.0184,1244.6337,1230.0377,1230.0377
2012-06-12,1231.3644,1235.3451,1220.7493,1232.6914
2012-06-13,1223.4032,1239.3260,1220.7494,1236.6722
2012-06-14,1236.6724,1243.3068,1231.3647,1240.6531
2012-06-15,1245.9606,1247.2875,1234.0185,1235.3453
2012-06-18,1241.9797,1243.3066,1232.6914,1232.6914
2012-06-19,1235.3452,1264.5371,1234.0184,1251.2681
2012-06-20,1251.2681,1272.4986,1251.2681,1271.1716
2012-06-21,1273.8255,1296.3828,1272.4986,1293.7290
2012-06-22,1279.1331,1291.0752,1272.4987,1272.4987
2012-06-25,1260.5565,1271.1717,1257.9027,1260.5565
2012-06-26,1259.2294,1276.4791,1255.2486,1265.8639
2012-06-27,1268.5178,1292.4020,1263.2101,1292.4020
2012-06-28,1296.3826,1324.2475,1295.0556,1322.9205
2012-06-29,1324.2476,1340.1704,1312.3055,1326.9014
2012-07-02,1337.5167,1337.5167,1316.2863,1337.5167
2012-07-03,1340.1706,1350.7858,1329.5554,1350.7858
2012-07-04,1353.4399,1361.4013,1345.4785,1356.0938
2012-07-05,1361.4007,1364.0546,1342.8241,1345.4779
2012-07-06,1345.4783,1345.4783,1325.5748,1332.2094
2012-07-09,1332.2088,1350.7853,1322.9204,1348.1316
2012-07-10,1350.7856,1361.4009,1340.1705,1348.6952
2012-07-11,1348.1319,1350.7857,1334.8629,1341.5068
2012-07-12,1348.1319,1350.7857,1332.2091,1344.1512
2012-07-13,1340.1704,1350.7856,1329.5552,1329.5552
2012-07-17,1342.8244,1356.0935,1337.5169,1346.7488
2012-07-18,1345.4783,1356.0935,1334.8630,1341.4976
2012-07-19,1337.5167,1350.7857,1332.2091,1337.9280
2012-07-20,1326.9015,1332.2092,1296.3828,1301.9558
2012-07-23,1291.0749,1318.9398,1289.7480,1304.3440
2012-07-24,1303.0175,1329.5556,1303.0175,1321.8596
2012-07-25,1309.6515,1312.3054,1299.0363,1306.9977
2012-07-26,1316.2865,1317.6134,1292.4023,1297.7098
2012-07-27,1303.0173,1324.2478,1295.0559,1324.2478
2012-07-30,1332.2092,1353.4396,1322.9208,1350.7858
2012-07-31,1348.1319,1356.0933,1332.2091,1337.7821
2012-08-01,1329.5553,1358.7471,1326.9015,1355.2972
2012-08-02,1348.1317,1379.9773,1345.4778,1369.3621
2012-08-03,1366.7089,1374.6703,1356.0938,1356.0938
2012-08-06,1364.0550,1374.6701,1353.4397,1364.2867
2012-08-07,1361.4011,1377.3239,1356.0935,1372.8237
2012-08-08,1379.9774,1398.5540,1369.3622,1372.0160
2012-08-09,1377.3237,1387.9390,1372.0161,1381.5698
2012-08-10,1379.9777,1387.9391,1372.0162,1376.7931
2012-08-13,1372.0159,1379.9773,1366.7083,1370.3004
2012-08-14,1377.3238,1403.8618,1374.6699,1394.0427
2012-08-15,1403.8616,1414.4767,1395.9002,1411.8230
2012-08-16,1417.1307,1422.4383,1395.9003,1398.5541
2012-08-17,1398.5545,1406.5159,1393.2469,1402.5352
2012-08-20,1409.1693,1417.1307,1401.2079,1403.5963
2012-08-21,1401.2082,1411.8234,1390.5929,1403.3312
2012-08-22,1409.1697,1414.4773,1398.5545,1406.5159
2012-08-23,1406.5154,1419.7845,1403.8617,1416.8652
2012-08-24,1403.8616,1409.1692,1395.9002,1404.1270
2012-08-27,1417.1309,1419.7848,1401.2081,1401.2081
2012-08-28,1406.5155,1406.5155,1393.2466,1395.9004
2012-08-29,1403.8621,1406.5159,1395.9007,1406.5159
2012-08-30,1409.1693,1419.7846,1393.2465,1417.1307
2012-08-31,1403.8617,1409.1693,1379.9775,1390.5927
2012-09-03,1382.6312,1395.9003,1372.0160,1387.9388
2012-09-04,1379.9775,1382.6313,1356.0933,1361.4009
2012-09-05,1361.4013,1377.3241,1353.4399,1356.0938
2012-09-06,1364.0547,1369.3623,1353.4395,1361.4009
2012-09-07,1369.3622,1372.0160,1356.0932,1366.7084
2012-09-10,1369.3624,1377.3239,1364.0549,1377.3239
2012-09-11,1361.4009,1366.7085,1342.8242,1361.4009
2012-09-12,1366.7084,1393.2465,1361.4009,1390.5927
2012-09-13,1387.9390,1395.9004,1385.2852,1385.2852
2012-09-14,1382.6317,1387.9394,1350.7861,1356.0938
2012-09-18,1358.7469,1361.4007,1332.2090,1342.8241
2012-09-19,1334.8628,1342.8242,1324.2476,1326.9014
2012-09-20,1326.9017,1340.1708,1324.2480,1334.8632
2012-09-21,1350.7857,1379.9776,1340.1705,1374.6699
2012-09-24,1377.3236,1387.9389,1358.7470,1366.7084
2012-09-25,1364.0549,1377.3239,1364.0549,1377.3239
2012-09-26,1371.9539,1406.8568,1371.9539,1406.8568
2012-09-27,1404.1721,1409.5417,1393.4327,1409.5417
2012-09-28,1404.1720,1404.1720,1377.3236,1388.0630
2012-10-01,1361.2148,1393.4329,1353.1603,1390.7480
2012-10-02,1388.0628,1396.1174,1382.6931,1393.4325
2012-10-03,1382.6935,1396.1178,1380.0087,1390.7480
2012-10-04,1393.4327,1409.5417,1390.7478,1409.5417
2012-10-05,1406.8568,1412.2266,1398.8023,1406.8568
2012-10-09,1406.8571,1412.2268,1388.0633,1390.7480
2012-10-10,1385.3781,1417.5962,1382.6932,1406.8568
2012-10-11,1417.5962,1441.7598,1412.2266,1436.3901
2012-10-12,1428.3356,1444.4447,1420.2811,1436.3901
2012-10-15,1425.6510,1455.1842,1425.6510,1439.0752
2012-10-16,1436.3901,1455.1839,1431.0204,1452.4991
2012-10-17,1452.4992,1473.9779,1444.4446,1465.9233
2012-10-18,1452.4991,1460.5537,1441.7597,1452.4991
2012-10-19,1455.1842,1476.6630,1449.8146,1468.6085
2012-10-22,1455.1842,1471.2933,1449.8146,1468.6085
2012-10-23,1457.8692,1463.2389,1447.1298,1455.1843
2012-10-24,1455.1840,1465.9234,1449.8143,1449.8143
2012-10-25,1463.2384,1482.0323,1460.5536,1479.3474
2012-10-26,1495.4568,1508.8811,1476.6630,1476.6630
2012-10-29,1484.7172,1506.1959,1484.7172,1498.1414
2012-10-30,1503.5111,1503.5111,1449.8143,1449.8143
2012-10-31,1463.2387,1482.0326,1460.5539,1471.2932
2012-11-01,1463.2388,1465.9237,1447.1298,1447.1298
2012-11-02,1455.1838,1479.3474,1452.4991,1479.3474
2012-11-05,1476.6628,1492.7719,1473.9779,1492.7719
2012-11-06,1482.0323,1484.7172,1463.2384,1479.3474
2012-11-07,1487.4023,1487.4023,1465.9236,1476.6630
2012-11-08,1460.5537,1465.9233,1449.8143,1452.4991
2012-11-09,1439.0751,1444.4448,1431.0206,1433.7054
2012-11-12,1431.0204,1433.7053,1404.1720,1406.8568
2012-11-13,1409.5419,1412.2268,1396.1177,1404.1722
2012-11-14,1406.8568,1406.8568,1396.1175,1398.8022
2012-11-15,1398.8026,1428.3359,1390.7480,1425.6510
2012-11-16,1433.7052,1433.7052,1396.1175,1398.8022
2012-11-19,1398.8021,1431.0202,1398.8021,1428.3354
2012-11-20,1441.7601,1452.4995,1433.7056,1447.1298
2012-11-21,1449.8146,1449.8146,1428.3359,1439.0752
2012-11-22,1455.1842,1455.1842,1422.9661,1431.0206
2012-11-26,1444.4450,1457.8692,1436.3905,1447.1298
2012-11-27,1455.1842,1484.7175,1455.1842,1471.2932
2012-11-28,1471.2930,1476.6628,1463.2385,1463.2385
2012-11-29,1457.8690,1473.9781,1447.1296,1471.2932
2012-11-30,1471.2930,1471.2930,1449.8143,1452.4991
2012-12-03,1473.9781,1482.0326,1449.8145,1457.8690
2012-12-04,1452.4994,1473.9781,1449.8145,1471.2932
2012-12-05,1471.2930,1476.6628,1460.5537,1463.2385
2012-12-06,1476.6626,1490.0868,1473.9778,1479.3474
2012-12-07,1482.0325,1495.4567,1482.0325,1490.0870
2012-12-10,1490.0872,1490.0872,1460.5540,1468.6085
2012-12-11,1471.2934,1471.2934,1439.0753,1455.1843
2012-12-12,1463.2387,1476.6630,1455.1842,1471.2932
2012-12-13,1479.3475,1479.3475,1455.1839,1465.9233
2012-12-14,1457.8689,1473.9779,1455.1840,1463.2385
2012-12-17,1471.2930,1473.9779,1460.5537,1465.9233
2012-12-18,1468.6084,1468.6084,1455.1841,1457.8690
2012-12-19,1455.1838,1482.0323,1449.8142,1479.3474
2012-12-20,1487.4020,1503.5110,1482.0323,1498.1414
2012-12-21,1506.1961,1519.6203,1487.4022,1490.0870
2012-12-25,1498.1417,1500.8266,1465.9236,1468.6085
2012-12-26,1487.4023,1490.0872,1465.9236,1484.7175
2012-12-27,1492.7719,1527.6748,1484.7174,1508.8810
2012-12-28,1511.5655,1511.5655,1490.0868,1498.1414
2013-01-04,1530.3597,1530.3597,1498.1416,1503.5112
2013-01-07,1514.2506,1524.9899,1506.1960,1516.9354
2013-01-08,1519.6205,1551.8386,1511.5660,1538.4144
2013-01-09,1551.8385,1551.8385,1516.9357,1535.7295
2013-01-10,1538.4144,1549.1538,1530.3599,1543.7841
2013-01-11,1549.1537,1565.2627,1541.0991,1554.5233
2013-01-15,1576.0020,1597.4808,1570.6323,1581.3717
2013-01-16,1589.4262,1589.4262,1576.0019,1578.6868
2013-01-17,1586.7414,1592.1110,1573.3172,1581.3717
2013-01-18,1589.4262,1589.4262,1578.6868,1586.7413
2013-01-21,1605.5351,1605.5351,1592.1108,1597.4806
2013-01-22,1597.4810,1618.9597,1594.7962,1608.2203
2013-01-23,1605.5353,1616.2746,1589.4263,1602.8505
2013-01-24,1589.4263,1608.2202,1586.7415,1605.5354
2013-01-25,1613.5895,1648.4924,1613.5895,1640.4379
2013-01-28,1643.1227,1651.1773,1635.0682,1640.4379
2013-01-29,1637.7533,1659.2320,1637.7533,1651.1775
2013-01-30,1651.1778,1688.7656,1651.1778,1664.6021
2013-01-31,1675.3415,1675.3415,1645.8082,1659.2324
2013-02-01,1672.6565,1691.4504,1661.9170,1680.7111
2013-02-04,1688.7656,1694.1352,1680.7111,1683.3959
2013-02-05,1683.3956,1686.0804,1648.4926,1651.1775
2013-02-06,1659.2319,1688.7653,1653.8622,1688.7653
2013-02-07,1694.1350,1745.1471,1691.4502,1729.0381
2013-02-08,1718.2987,1745.1472,1702.1896,1715.6139
2013-02-12,1745.1469,1782.7346,1739.7772,1761.2560
2013-02-13,1761.2559,1817.6375,1750.5164,1780.0497
2013-02-14,1806.8988,1809.5838,1745.1475,1755.8868
2013-02-15,1763.9405,1769.3103,1737.0922,1750.5162
2013-02-18,1753.2015,1796.1589,1750.5166,1796.1589
2013-02-19,1793.4742,1812.2680,1788.1044,1798.8438
2013-02-20,1817.6377,1849.8558,1814.9527,1836.4315
2013-02-21,1833.7466,1852.5404,1809.5830,1833.7466
2013-02-22,1814.9526,1860.5949,1812.2678,1833.7466
2013-02-25,1839.1161,1863.2797,1828.3768,1833.7466
2013-02-26,1828.3768,1847.1707,1817.6375,1833.7466
2013-02-27,1828.3773,1831.0621,1796.1592,1809.5835
2013-02-28,1809.5832,1844.4860,1809.5832,1836.4315
2013-03-01,1844.4856,1908.9218,1839.1159,1895.4976
2013-03-04,1903.5529,1992.1527,1895.4984,1973.3589
2013-03-05,1976.0434,1981.4131,1903.5527,1935.7708
2013-03-06,1930.4012,1962.6193,1892.8133,1957.2495
2013-03-07,1949.1943,1970.6731,1938.4550,1970.6731
2013-03-08,1978.7285,1986.7830,1954.5649,1978.7285
2013-03-11,2013.6310,2096.8610,2002.8917,2091.4915
2013-03-12,2102.2305,2102.2305,2051.2185,2053.9033
2013-03-13,2043.1642,2064.6428,2019.0006,2021.6854
2013-03-14,2037.7950,2064.6433,2032.4252,2045.8495
2013-03-15,2045.8490,2099.5459,2043.1642,2099.5459
2013-03-18,2088.8064,2091.4914,2013.6309,2021.6854
2013-03-19,2067.3282,2115.6554,2061.9585,2107.6008
2013-03-21,2147.8735,2163.9825,2115.6554,2131.7644
2013-03-22,2094.1757,2121.0240,2075.3819,2078.0667
2013-03-25,2102.2310,2118.3400,2080.7522,2080.7522
2013-03-26,2091.4917,2104.9158,2080.7522,2094.1765
2013-03-27,2113.1160,2113.1160,2072.5312,2102.2935
2013-03-28,2102.2937,2107.7051,2059.0033,2091.4712
2013-03-29,2075.2372,2094.1768,2050.8863,2088.7654
2013-04-01,2067.1200,2072.5311,1964.3050,1967.0106
2013-04-02,1950.7767,2026.5351,1883.1354,1980.5389
2013-04-03,1975.1279,2102.2937,1964.3054,2091.4712
2013-04-04,2102.2932,2196.9912,2056.2970,2194.2854
2013-04-05,2432.3830,2432.3830,2294.3947,2329.5681
2013-04-08,2340.3908,2394.5039,2307.9229,2380.9756
2013-04-09,2340.3907,2345.8020,2288.9833,2329.5681
2013-04-10,2299.8063,2345.8025,2299.8063,2324.1572
2013-04-11,2343.0968,2380.9759,2326.8629,2378.2703
2013-04-12,2348.5081,2367.4478,2321.4516,2324.1572
2013-04-15,2307.9235,2372.8592,2302.5123,2353.9197
2013-04-16,2316.0398,2348.5076,2294.3947,2329.5681
2013-04-17,2332.2745,2345.8028,2307.9236,2326.8633
2013-04-18,2316.0404,2324.1574,2278.1614,2278.1614
2013-04-19,2272.7496,2291.6891,2210.5194,2261.9270
2013-04-22,2270.0444,2307.9234,2267.3386,2286.2783
2013-04-23,2275.4556,2291.6895,2261.9274,2278.1614
2013-04-24,2275.4556,2288.9839,2251.1047,2278.1614
2013-04-25,2286.2783,2307.9234,2280.8669,2299.8064
2013-04-26,2272.7501,2291.6896,2251.1048,2253.8105
2013-04-30,2256.5157,2280.8666,2221.3423,2224.0479
2013-05-01,2261.9277,2288.9842,2232.1654,2264.6333
2013-05-02,2267.3384,2286.2781,2234.8706,2256.5159
2013-05-07,2288.9842,2297.1012,2245.6938,2264.6333
2013-05-08,2278.1616,2294.3956,2264.6333,2272.7502
2013-05-09,2278.1612,2283.5723,2251.1045,2256.5159
2013-05-10,2291.6896,2294.3954,2251.1048,2253.8105
2013-05-13,2261.9272,2278.1612,2234.8705,2270.0442
2013-05-14,2286.2784,2299.8065,2251.1048,2253.8105
2013-05-15,2272.7500,2286.2783,2261.9274,2278.1614
2013-05-16,2297.1007,2299.8063,2256.5159,2270.0442
2013-05-17,2272.7500,2302.5122,2267.3386,2283.5725
2013-05-20,2299.8068,2310.6295,2259.2219,2264.6333
2013-05-21,2267.3382,2272.7496,2221.3422,2226.7534
2013-05-22,2267.3386,2305.2179,2245.6935,2278.1614
2013-05-23,2299.8065,2302.5123,2161.8181,2161.8181
2013-05-24,2172.6400,2186.1681,2021.1233,2118.5269
2013-05-27,2013.0069,2121.2330,2013.0069,2072.5312
2013-05-28,2050.8860,2077.9424,2031.9463,2053.5916
2013-05-29,2083.3537,2123.9385,2061.7084,2086.0593
2013-05-30,2056.2973,2069.8256,2002.1843,2010.3013
2013-05-31,2072.5313,2080.6483,2026.5353,2050.8862
2013-06-03,2042.7692,2069.8257,1972.4221,1977.8335
2013-06-04,1950.7766,2056.2971,1950.7766,2053.5916
2013-06-05,2048.1802,2083.3538,1991.3615,1991.3615
2013-06-06,1961.5998,2007.5958,1939.9545,1969.7168
2013-06-07,1923.7205,2007.5957,1888.5470,1964.3053
2013-06-10,2004.8900,2031.9465,1964.3052,2007.5956
2013-06-11,2015.7127,2023.8296,1958.8939,1964.3053
2013-06-12,1934.5430,1999.4787,1910.1921,1983.2448
2013-06-13,1961.5991,1969.7161,1893.9576,1899.3690
2013-06-14,1934.5430,1975.1278,1902.0751,1937.2488
2013-06-17,1939.9543,1980.5391,1923.7203,1977.8335
2013-06-18,1969.7167,1969.7167,1934.5431,1948.0714
2013-06-19,1975.1279,1975.1279,1942.6600,1964.3053
2013-06-20,1953.4828,1961.5998,1934.5431,1948.0714
2013-06-21,1929.1315,1999.4784,1929.1315,1991.3615
2013-06-24,2015.7125,2029.2409,1996.7730,2007.5956
2013-06-25,2002.1842,2029.2407,1967.0106,1996.7728
2013-06-26,2010.3011,2048.1802,1996.7728,2013.0067
2013-06-27,2004.8895,2037.3573,1994.0669,2031.9459
2013-06-28,2037.3576,2107.7046,2021.1236,2086.0593
2013-07-01,2150.9953,2199.6971,2134.7614,2188.8745
2013-07-02,2218.6366,2218.6366,2156.4067,2178.0518
2013-07-03,2178.0518,2188.8745,2150.9953,2178.0518
2013-07-04,2178.0515,2218.6363,2172.6403,2202.4023
2013-07-05,2213.2258,2215.9314,2194.2861,2210.5200
2013-07-08,2218.6366,2229.4593,2178.0518,2178.0518
2013-07-09,2218.6367,2253.8103,2210.5197,2245.6934
2013-07-10,2264.6326,2280.8665,2242.9873,2259.2212
2013-07-11,2245.6938,2272.7502,2240.2824,2267.3389
2013-07-12,2267.3382,2270.0439,2251.1042,2259.2212
2013-07-16,2270.0439,2283.5720,2261.9269,2275.4551
2013-07-17,2272.7500,2294.3953,2259.2216,2294.3953
2013-07-18,2291.6892,2299.8062,2286.2780,2291.6892
2013-07-19,2286.2777,2286.2777,2232.1645,2242.9871
2013-07-22,2251.1048,2256.5162,2213.2257,2240.2822
2013-07-23,2229.4597,2248.3992,2215.9313,2240.2822
2013-07-24,2237.5762,2242.9874,2215.9309,2224.0479
2013-07-25,2226.7530,2234.8700,2180.7570,2199.6965
2013-07-26,2202.4025,2202.4025,2142.8781,2159.1121
2013-07-29,2140.1727,2140.1727,2096.8821,2102.2935
2013-07-30,2115.8217,2167.2291,2094.1764,2142.8782
2013-07-31,2183.4630,2188.8744,2121.2329,2134.7612
2013-08-01,2145.5834,2205.1079,2145.5834,2205.1079
2013-08-02,2213.2257,2253.8105,2207.8143,2253.8105
2013-08-05,2218.6363,2221.3421,2194.2854,2202.4023
2013-08-06,2178.0519,2213.2256,2153.7011,2213.2256
2013-08-07,2161.8182,2167.2296,2118.5278,2123.9392
2013-08-08,2110.4109,2140.1732,2091.4714,2096.8826
2013-08-09,2096.8819,2107.7046,2064.4140,2086.0593
2013-08-12,2067.1203,2096.8823,2059.0033,2088.7654
2013-08-13,2102.2934,2123.9387,2091.4708,2121.2329
2013-08-14,2121.2336,2153.7015,2096.8827,2148.2903
2013-08-15,2140.1726,2140.1726,2104.9990,2121.2329
2013-08-16,2072.5317,2102.2939,2067.1205,2096.8826
2013-08-19,2099.5876,2129.3496,2086.0592,2126.6440
2013-08-20,2102.2937,2123.9390,2086.0598,2091.4712
2013-08-21,2094.1770,2113.1165,2056.2977,2096.8826
2013-08-22,2099.5877,2113.1158,2077.9424,2086.0593
2013-08-23,2126.6443,2129.3499,2099.5879,2115.8218
2013-08-26,2118.5276,2121.2332,2096.8823,2107.7051
2013-08-27,2088.7654,2094.1768,2075.2373,2080.6484
2013-08-28,2056.2973,2088.7652,2042.7692,2072.5312
2013-08-29,2059.0026,2072.5308,2048.1799,2064.4138
2013-08-30,2067.1203,2072.5315,2034.6524,2040.0636
2013-09-02,2048.1804,2094.1766,2045.4748,2083.3540
2013-09-03,2104.9994,2164.5239,2104.9994,2164.5239
2013-09-04,2159.1122,2180.7575,2142.8783,2178.0518
2013-09-05,2186.1687,2194.2857,2169.9348,2188.8745
2013-09-06,2188.8746,2188.8746,2137.4670,2156.4067
2013-09-09,2259.2215,2286.2782,2240.2820,2245.6934
2013-09-10,2264.6330,2305.2178,2261.9274,2297.1008
2013-09-11,2313.3348,2313.3348,2261.9274,2278.1614
2013-09-12,2267.3389,2278.1616,2245.6938,2272.7502
2013-09-13,2259.2214,2278.1612,2245.6933,2270.0442
2013-09-17,2272.7500,2299.8065,2270.0444,2286.2783
2013-09-18,2288.9838,2318.7461,2278.1613,2299.8064
2013-09-19,2313.3342,2329.5681,2302.5116,2329.5681
2013-09-20,2334.9795,2345.8020,2321.4512,2329.5681
2013-09-24,2302.5122,2318.7461,2291.6894,2299.8064
2013-09-25,2294.3943,2310.6282,2286.2773,2310.6282
2013-09-26,2316.0784,2340.6016,2272.4817,2340.6016
2013-09-27,2340.6020,2343.3269,2316.0788,2329.7029
2013-09-30,2291.5556,2324.2532,2277.9317,2299.7300
2013-10-01,2313.3541,2321.5285,2291.5557,2291.5557
2013-10-02,2302.4545,2307.9040,2247.9585,2261.5825
2013-10-03,2280.6559,2302.4543,2267.0318,2297.0046
2013-10-04,2280.6559,2294.2799,2267.0318,2277.9312
2013-10-07,2272.4821,2277.9318,2239.7845,2242.5093
2013-10-08,2242.5085,2250.6829,2226.1597,2231.6094
2013-10-09,2223.4356,2264.3076,2215.2612,2264.3076
2013-10-10,2264.3072,2272.4816,2247.9584,2269.7568
2013-10-11,2291.5551,2329.7023,2288.8304,2324.2527
2013-10-15,2326.9776,2329.7023,2316.0783,2324.2527
2013-10-16,2316.0792,2326.9786,2305.1801,2313.3545
2013-10-17,2318.8031,2329.7022,2294.2799,2316.0781
2013-10-18,2321.5281,2356.9504,2318.8034,2356.9504
2013-10-21,2356.9504,2376.0242,2348.7760,2356.9504
2013-10-22,2367.8491,2370.5739,2351.5003,2367.8491
2013-10-23,2370.5743,2376.0240,2310.6288,2318.8032
2013-10-24,2324.2534,2365.1254,2313.3543,2362.4006
2013-10-25,2362.3999,2362.3999,2321.5280,2324.2527
2013-10-28,2348.7761,2389.6481,2340.6017,2386.9233
2013-10-29,2389.6485,2405.9973,2365.1253,2395.0981
2013-10-30,2354.2255,2373.2991,2329.7024,2348.7759
2013-10-31,2351.5008,2356.9503,2313.3536,2318.8032
2013-11-01,2316.0784,2318.8033,2261.5826,2272.4817
2013-11-05,2297.0051,2302.4547,2256.1331,2267.0322
2013-11-06,2272.4820,2310.6293,2267.0324,2288.8308
2013-11-07,2291.5557,2299.7301,2264.3077,2291.5557
2013-11-08,2258.8576,2261.5826,2234.3344,2247.9585
2013-11-11,2280.6565,2288.8308,2247.9589,2275.2068
2013-11-12,2269.7578,2313.3545,2264.3081,2313.3545
2013-11-13,2307.9042,2307.9042,2258.8578,2267.0322
2013-11-14,2283.3806,2313.3534,2269.7567,2310.6287
2013-11-15,2316.0783,2367.8496,2310.6288,2348.7759
2013-11-18,2343.3264,2351.5008,2316.0783,2318.8032
2013-11-19,2310.6286,2313.3533,2283.3805,2294.2798
2013-11-20,2310.6286,2310.6286,2277.9311,2286.1055
2013-11-21,2299.7300,2321.5285,2291.5556,2305.1797
2013-11-22,2324.2524,2326.9774,2277.9310,2294.2798
2013-11-25,2299.7299,2299.7299,2277.9317,2288.8308
2013-11-26,2299.7297,2313.3537,2288.8305,2307.9041
2013-11-27,2302.4543,2332.4269,2297.0046,2310.6287
2013-11-28,2324.2532,2329.7029,2283.3813,2291.5557
2013-11-29,2299.7293,2299.7293,2275.2061,2286.1055
2013-12-02,2286.1061,2291.5555,2253.4085,2264.3076
2013-12-03,2267.0320,2269.7569,2242.5088,2247.9585
2013-12-04,2239.7842,2247.9586,2220.7107,2226.1602
2013-12-05,2231.6096,2237.0593,2204.3617,2207.0864
2013-12-06,2215.2609,2226.1600,2204.3618,2223.4353
2013-12-09,2253.4082,2256.1329,2239.7841,2247.9585
2013-12-10,2261.5826,2264.3073,2245.2338,2247.9585
2013-12-11,2253.4086,2261.5830,2237.0598,2256.1333
2013-12-12,2250.6833,2250.6833,2212.5363,2226.1602
2013-12-13,2220.7109,2247.9588,2201.6371,2228.8853
2013-12-16,2231.6103,2237.0600,2193.4631,2196.1880
2013-12-17,2223.4349,2239.7837,2217.9852,2239.7837
2013-12-18,2237.0593,2269.7568,2234.3343,2269.7568
2013-12-19,2288.8304,2291.5551,2258.8575,2269.7568
2013-12-20,2250.6828,2261.5821,2239.7837,2253.4077
2013-12-24,2261.5824,2267.0319,2239.7840,2250.6831
2013-12-25,2220.7109,2237.0596,2215.2612,2228.8853
2013-12-26,2247.9585,2256.1329,2231.6097,2247.9585
2013-12-27,2247.9588,2258.8579,2237.0597,2258.8579
2013-12-30,2280.6556,2283.3804,2267.0316,2283.3804
2014-01-06,2283.3808,2291.5552,2256.1329,2261.5825
2014-01-07,2264.3074,2267.0321,2217.9858,2226.1602
2014-01-08,2220.7103,2242.5085,2220.7103,2231.6094
2014-01-09,2217.9858,2231.6098,2209.8114,2226.1602
2014-01-10,2207.0863,2228.8848,2201.6367,2215.2607
2014-01-14,2198.9123,2203.8169,2156.4054,2163.4900
2014-01-15,2205.7245,2236.5148,2182.0187,2235.9697
2014-01-16,2253.4082,2260.7652,2238.4217,2246.0513
2014-01-17,2251.2279,2258.8572,2234.6067,2246.3232
2014-01-20,2261.0375,2264.0349,2214.9885,2220.4380
2014-01-21,2221.2552,2233.2444,2200.0018,2200.2744
2014-01-22,2199.7288,2209.5381,2177.1130,2202.1812
2014-01-23,2196.7318,2197.0044,2166.2141,2166.2141
2014-01-24,2158.3124,2170.3015,2133.5168,2142.7810
2014-01-27,2100.5471,2114.4436,2080.6559,2099.4570
2014-01-28,2101.3642,2111.9909,2085.8329,2097.0044
2014-01-29,2113.6259,2170.8467,2108.1763,2147.6858
2014-01-30,2122.0732,2137.3322,2091.0105,2098.6399
2014-01-31,2098.0944,2111.9908,2073.5712,2079.5657
2014-02-03,2079.2933,2116.8955,2078.7483,2078.7483
2014-02-04,2022.8902,2052.0454,2005.7239,2006.5414
2014-02-05,2031.3371,2084.4707,2020.7104,2073.5715
2014-02-06,2080.3837,2086.3782,2046.0512,2049.0486
2014-02-07,2075.4788,2080.1111,2053.4080,2066.2146
2014-02-10,2094.8245,2102.7263,2076.0234,2095.0969
2014-02-12,2122.8897,2131.6092,2072.7535,2076.5681
2014-02-13,2058.5850,2081.4733,2040.0565,2044.4161
2014-02-14,2066.4872,2103.5444,2034.0620,2055.3154
2014-02-17,2047.1410,2076.2965,2020.1655,2031.3373
2014-02-18,2044.9610,2094.8248,2029.4296,2092.0999
2014-02-19,2099.1848,2099.1848,2057.7678,2067.0322
2014-02-20,2057.7675,2079.5659,2050.1381,2059.4023
2014-02-21,2084.4711,2107.0870,2080.6563,2104.3621
2014-02-24,2095.6424,2096.1872,2044.6886,2066.2146
2014-02-25,2084.4704,2132.1543,2076.2960,2126.7048
2014-02-26,2125.0704,2149.8660,2116.0786,2145.7788
2014-02-27,2146.5959,2174.1164,2139.7839,2150.4106
2014-02-28,2159.6746,2168.1214,2120.1651,2164.0342
2014-03-03,2150.9555,2161.5822,2101.0917,2135.6968
2014-03-04,2108.9940,2146.3238,2101.3647,2135.1521
2014-03-05,2144.1443,2152.0463,2124.2533,2125.8882
2014-03-06,2113.3536,2117.1684,2087.1956,2109.5391
2014-03-07,2121.5279,2144.1438,2114.4436,2144.1438
2014-03-10,2128.0674,2134.8795,2108.1764,2120.4380
2014-03-11,2138.6942,2146.8686,2119.6207,2143.5989
2014-03-12,2118.8028,2122.6176,2099.4567,2102.9990
2014-03-13,2104.0895,2123.9805,2098.3675,2114.4438
2014-03-14,2069.2111,2072.7534,2025.0694,2025.6144
2014-03-17,2025.0699,2025.6149,1986.9229,2009.8112
2014-03-18,2036.7863,2040.8735,2008.7208,2011.1731
2014-03-19,2014.9883,2028.8848,1989.1026,2001.6368
2014-03-20,2005.4513,2006.2688,1945.7782,1951.2279
2014-03-24,1935.9687,2007.6310,1935.9687,2000.0016
2014-03-25,2029.7023,2067.5770,2029.1573,2045.5061
2014-03-26,2056.1321,2065.1239,2006.2683,2030.5190
2014-03-27,2019.5319,2029.4208,1968.1645,2026.1245
2014-03-28,2019.2566,2057.4388,2011.2907,2056.6147
2014-03-31,2097.8198,2098.3690,2062.9338,2089.3042
2014-04-01,2080.7878,2087.1058,2050.5717,2070.6243
2014-04-02,2060.1859,2099.7414,2047.8248,2063.4822
2014-04-03,2065.9544,2102.4883,2060.4605,2098.3679
2014-04-04,2094.5227,2125.8376,2084.9085,2122.5413
2014-04-07,2094.5230,2105.5106,2079.4148,2100.2915
2014-04-08,2079.9641,2086.5567,2050.8469,2071.4487
2014-04-09,2051.9453,2060.1861,2021.4546,2029.6953
2014-04-10,2034.3650,2045.3526,2018.4327,2029.4205
2014-04-11,1988.2174,2024.2019,1980.2513,2007.9952
2014-04-14,2000.5774,2040.1330,2000.5774,2018.7070
2014-04-15,2028.5970,2032.7174,1994.2605,1997.8314
2014-04-16,2016.7847,2039.8588,2009.6428,2036.2878
2014-04-17,2041.7821,2079.1401,2037.1123,2066.2295
2014-04-18,2068.4272,2071.1741,2051.3963,2058.5383
2014-04-21,2061.8343,2082.4362,2055.5164,2062.3838
2014-04-22,2065.9553,2086.8318,2061.8349,2064.5818
2014-04-23,2070.3502,2080.7886,2060.7361,2070.8997
2014-04-24,2062.9338,2062.9338,2018.4338,2034.0912
2014-04-25,2045.6277,2059.3623,2029.4210,2041.7821
2014-04-28,2032.7170,2038.2107,2001.6768,2029.6953
2014-04-30,2032.7171,2047.2756,2014.3127,2047.2756
2014-05-01,2046.1762,2065.6793,2012.6638,2033.2656
2014-05-02,2021.7298,2036.2885,2007.9954,2035.1898
2014-05-07,2021.7293,2024.4764,1983.2726,1997.5565
2014-05-08,2000.3037,2039.8593,2000.3037,2032.7174
2014-05-09,2028.8707,2080.5127,2026.6731,2076.6670
2014-05-12,2063.4823,2097.8188,2063.4823,2082.4360
2014-05-13,2109.6310,2127.4861,2104.4120,2110.7297
2014-05-14,2106.6089,2115.1245,2087.1060,2096.9949
2014-05-15,2076.6677,2108.2572,2055.2418,2107.4331
2014-05-16,2060.1863,2065.4053,2024.4764,2042.6061
2014-05-19,2042.6063,2073.9211,2042.6063,2057.1648
2014-05-20,2067.6025,2081.6118,2042.8803,2059.0872
2014-05-21,2057.4391,2078.3156,2056.6151,2071.1736
2014-05-22,2075.0202,2085.1837,2071.1745,2078.8660
2014-05-23,2084.0845,2108.5321,2079.1400,2092.3252
2014-05-26,2115.1248,2115.1248,2100.5660,2115.1248
2014-05-27,2115.3986,2136.5499,2111.8277,2125.8369
2014-05-28,2100.5666,2112.3782,2087.9308,2093.1499
2014-05-29,2087.6554,2118.6956,2072.2728,2113.4766
2014-05-30,2111.2784,2137.0994,2094.2475,2132.9790
2014-06-02,2109.6304,2157.9762,2109.6304,2156.0532
2014-06-03,2170.0629,2177.2049,2164.5692,2170.6123
2014-06-04,2176.1055,2190.6640,2170.8862,2190.3894
2014-06-05,2193.4115,2193.9607,2159.6244,2164.5688
2014-06-06,2164.8439,2169.2389,2128.8592,2129.4087
2014-06-09,2154.9548,2155.2294,2134.0783,2139.5720
2014-06-10,2152.4831,2167.3165,2150.0109,2164.8442
2014-06-11,2169.2384,2175.0070,2154.9546,2172.8096
2014-06-12,2141.7696,2145.0659,2121.4423,2143.4177
2014-06-13,2117.5968,2145.8899,2115.1245,2139.0227
2014-06-16,2133.5292,2135.4519,2112.1032,2123.0908
2014-06-17,2123.0904,2138.7478,2114.0256,2117.8713
2014-06-18,2123.3654,2155.2295,2122.2665,2148.0876
2014-06-19,2136.5504,2197.8066,2136.2756,2195.8838
2014-06-20,2193.4118,2209.8933,2184.6216,2201.6526
2014-06-23,2196.7077,2196.7077,2180.2262,2182.4236
2014-06-24,2184.3466,2191.7633,2167.3157,2182.6985
2014-06-25,2182.4243,2189.0169,2178.3040,2183.7979
2014-06-26,2183.5221,2196.7073,2172.8091,2173.3584
2014-06-27,2169.5130,2184.0715,2146.9882,2165.6672
2014-06-30,2168.6901,2191.7642,2140.9462,2191.7642
2014-07-01,2197.5323,2219.2329,2189.0168,2209.3440
2014-07-02,2225.0009,2229.3959,2216.7602,2223.3528
2014-07-03,2235.9892,2244.2300,2217.5850,2223.0789
2014-07-04,2245.6029,2245.6029,2233.2418,2240.6584
2014-07-07,2241.2082,2247.8007,2231.8685,2242.0322
2014-07-08,2237.6372,2245.8779,2220.3316,2235.9890
2014-07-09,2215.3870,2242.3069,2205.2235,2242.3069
2014-07-10,2252.4700,2252.4700,2225.8250,2227.1985
2014-07-11,2205.7730,2215.9365,2194.7852,2213.1897
2014-07-14,2213.1893,2232.1430,2205.2232,2224.7263
2014-07-15,2238.7353,2254.1179,2234.0655,2235.7136
2014-07-16,2223.0790,2232.1438,2218.1345,2226.6499
2014-07-17,2240.3840,2274.1710,2232.9673,2269.2266
2014-07-18,2268.9514,2349.1614,2246.1521,2348.0625
2014-07-22,2347.7890,2389.8168,2347.2395,2366.7427
2014-07-23,2362.3475,2367.5666,2351.6346,2356.3042
2014-07-24,2356.3037,2371.4119,2331.5815,2343.9426
2014-07-25,2334.3285,2354.1062,2332.9549,2350.2605
2014-07-28,2350.2606,2358.2267,2338.1741,2343.9426
2014-07-29,2342.0193,2342.0193,2321.4175,2326.9114
2014-07-30,2312.9027,2324.4397,2302.4643,2314.8254
2014-07-31,2301.9142,2302.4637,2282.1364,2285.9822
2014-08-01,2256.5902,2291.4761,2252.7446,2274.9946
2014-08-04,2252.7451,2282.4118,2245.8777,2263.7327
2014-08-05,2252.4705,2260.4366,2227.1990,2230.2205
2014-08-06,2211.2671,2216.7610,2187.0944,2208.7949
2014-08-07,2228.8470,2237.9118,2198.0814,2237.6370
2014-08-08,2220.3310,2233.2416,2190.1151,2193.4114
2014-08-11,2228.5720,2240.6585,2206.8715,2234.0659
2014-08-12,2238.7361,2256.5909,2234.6157,2249.9983
2014-08-13,2258.5134,2272.5226,2251.0967,2269.5010
2014-08-14,2278.5665,2281.8628,2270.6004,2277.4678
2014-08-15,2268.9524,2279.1162,2249.9987,2266.4802
2014-08-18,2264.8318,2268.6775,2254.1188,2260.7114
2014-08-19,2278.5661,2289.0044,2260.9859,2285.1587
2014-08-20,2290.1032,2292.3008,2253.5693,2258.7883
2014-08-21,2265.1062,2275.8192,2259.3377,2273.6216
2014-08-22,2279.9388,2306.0344,2271.4233,2305.7598
2014-08-25,2307.4085,2315.3746,2295.3220,2299.1677
2014-08-26,2297.5195,2297.7942,2246.9764,2251.6460
2014-08-27,2239.2851,2244.2295,2213.1895,2227.7480
2014-08-28,2227.7478,2228.2973,2209.8930,2223.6274
2014-08-29,2214.2874,2232.6917,2214.2874,2220.3306
2014-09-01,2219.5077,2230.2207,2217.3103,2223.0789
2014-09-02,2228.5724,2254.6681,2215.1125,2249.9983
2014-09-03,2258.2387,2260.7109,2244.2294,2248.0752
2014-09-04,2248.0751,2249.9978,2224.1769,2230.4949
2014-09-05,2230.7695,2237.9116,2207.1460,2212.6399
2014-09-08,2226.9242,2232.6928,2213.4644,2225.0015
2014-09-09,2235.7148,2238.7364,2208.5203,2208.7949
2014-09-10,2200.2787,2217.0348,2196.9824,2216.2107
2014-09-11,2232.9672,2233.2418,2212.6399,2228.0227
2014-09-12,2218.9588,2229.6718,2212.0914,2219.5081
2014-09-16,2215.9366,2230.2204,2208.7945,2221.7051
2014-09-17,2222.2543,2234.8900,2199.4548,2199.4548
2014-09-18,2216.7613,2218.1348,2202.7520,2204.4001
2014-09-19,2214.0138,2237.6372,2204.3995,2227.4736
2014-09-22,2237.3628,2243.1313,2209.3442,2226.1003
2014-09-24,2226.3750,2255.2176,2225.8255,2249.9983
2014-09-25,2261.5347,2273.8958,2252.4699,2271.4236
2014-09-26,2241.2644,2245.4149,2234.3469,2242.9246
2014-09-29,2257.8658,2281.3851,2251.5016,2276.6814
2014-09-30,2281.1081,2286.6421,2246.7974,2274.4673
2014-10-01,2249.2882,2296.3269,2247.9046,2285.5356
2014-10-02,2268.6572,2270.8709,2233.5165,2238.2202
2014-10-03,2236.8369,2265.0602,2232.9630,2238.2202
2014-10-06,2262.0166,2263.4001,2239.8806,2241.5408
2014-10-07,2260.0794,2288.8560,2250.3949,2255.3755
2014-10-08,2241.2640,2257.3125,2232.1329,2250.1184
2014-10-09,2255.0986,2262.2926,2234.0693,2237.1130
2014-10-10,2207.5062,2246.5208,2207.5062,2234.3462
2014-10-14,2202.5261,2222.1718,2167.1087,2172.9194
2014-10-15,2188.6917,2193.9489,2157.4246,2177.3469
2014-10-16,2135.8416,2159.6378,2130.8611,2143.0359
2014-10-17,2160.7446,2163.5115,2109.2785,2111.7688
2014-10-20,2172.0892,2228.2590,2166.8318,2217.4678
2014-10-21,2213.5938,2230.7490,2148.2927,2157.7004
2014-10-22,2199.2055,2232.6863,2186.7541,2232.1328
2014-10-23,2231.5789,2247.9042,2211.9334,2242.0935
2014-10-24,2268.9339,2268.9339,2244.0309,2258.4194
2014-10-27,2267.8269,2294.9435,2260.3560,2289.4094
2014-10-28,2284.9825,2306.2882,2268.9338,2293.2834
2014-10-29,2281.3848,2293.2830,2259.8023,2291.6228
2014-10-30,2282.2148,2304.6275,2266.7198,2283.3218
2014-10-31,2309.3316,2400.3657,2304.9044,2392.0647
2014-11-04,2448.5117,2480.3320,2432.4630,2450.4485
2014-11-05,2447.1280,2454.8755,2427.2057,2454.3223
2014-11-06,2451.5549,2455.4288,2390.1277,2390.6812
2014-11-07,2398.9830,2425.8228,2388.4684,2394.5559
2014-11-10,2373.2492,2406.7297,2371.3124,2406.7297
2014-11-11,2406.1765,2432.4627,2393.7250,2428.3123
2014-11-12,2434.9535,2462.6235,2426.0992,2442.7012
2014-11-13,2432.1863,2460.4096,2429.1425,2453.7688
2014-11-14,2465.9436,2487.2493,2449.0648,2475.6279
2014-11-17,2453.4925,2462.6236,2389.0215,2398.4292
2014-11-18,2444.6377,2470.9241,2444.3610,2467.0503
2014-11-19,2477.8421,2491.6772,2465.6673,2483.9294
2014-11-20,2490.2928,2498.5937,2455.1520,2457.0889
2014-11-21,2450.1718,2478.3951,2442.4241,2472.3076
2014-11-25,2490.2936,2494.7207,2466.4973,2485.5896
2014-11-26,2480.3320,2488.3563,2461.7932,2461.7932
2014-11-27,2468.1572,2473.1378,2424.1620,2429.4194
2014-11-28,2437.7204,2465.3902,2423.8853,2461.7932
2014-12-01,2482.8224,2508.2788,2465.6670,2477.5652
2014-12-02,2455.9824,2495.2736,2452.3851,2489.4629
2014-12-03,2490.2931,2492.2299,2453.2153,2463.1765
2014-12-04,2475.0748,2478.6718,2453.2154,2461.2397
2014-12-05,2464.8372,2477.5655,2439.6576,2453.2158
2014-12-08,2447.1283,2455.1526,2432.4631,2442.9778
2014-12-09,2454.3223,2475.3514,2450.1718,2462.6233
2014-12-10,2428.3129,2465.3907,2377.6769,2402.0266
2014-12-11,2376.8465,2410.6039,2374.6331,2404.7932
2014-12-12,2415.3080,2424.9924,2386.5312,2386.8079
2014-12-15,2367.7151,2400.0889,2366.6084,2387.9143
2014-12-16,2377.4001,2403.9632,2371.3127,2391.5117
2014-12-17,2400.9192,2416.6911,2380.4436,2390.1279
2014-12-18,2437.9966,2464.8364,2433.2927,2457.0889
2014-12-19,2490.2931,2504.1282,2476.4581,2504.1282
2014-12-22,2506.8947,2516.3024,2483.3754,2499.1472
2014-12-24,2517.9635,2560.2985,2517.6869,2554.4878
2014-12-25,2542.8659,2550.0602,2532.9048,2545.6331
2014-12-26,2559.4680,2564.1719,2536.5021,2540.3757
2014-12-29,2556.7011,2561.6817,2513.5360,2550.3369
2014-12-30,2559.1910,2564.4482,2523.7734,2524.3269
2015-01-05,2505.7880,2519.3462,2471.4772,2499.1472
2015-01-06,2458.7494,2472.5845,2440.7639,2441.3174
2015-01-07,2416.6917,2435.7839,2410.0509,2427.2063
2015-01-08,2468.4340,2481.9922,2449.0649,2462.6233
2015-01-09,2485.8662,2487.5264,2446.0215,2456.8127
2015-01-13,2421.3953,2462.9001,2411.9875,2462.9001
2015-01-14,2444.3612,2482.2689,2444.3612,2478.6719
2015-01-15,2488.0800,2503.0217,2471.2014,2492.7839
2015-01-16,2451.0020,2491.9534,2430.8028,2491.1233
2015-01-19,2502.7443,2504.1279,2467.6036,2475.3511
2015-01-20,2487.5265,2520.4536,2481.4390,2520.4536
2015-01-21,2527.3711,2550.3370,2515.4728,2548.6768
2015-01-22,2545.9096,2548.1233,2512.4291,2537.0552
2015-01-23,2545.6328,2545.6328,2515.4725,2533.4580
2015-01-26,2512.1518,2527.3704,2506.8946,2526.8169
2015-01-27,2544.8028,2572.7493,2540.0989,2571.3660
2015-01-28,2532.3518,2569.7062,2532.0749,2565.5557
2015-01-29,2545.6328,2570.8123,2540.3753,2547.5696
2015-01-30,2573.0270,2573.3036,2520.7308,2526.2646
2015-02-02,2517.9633,2599.5897,2510.2158,2593.5022
2015-02-03,2600.9735,2620.0657,2508.2793,2526.2646
2015-02-04,2572.7498,2614.2547,2567.7692,2603.1868
2015-02-05,2614.8080,2635.0070,2564.7255,2578.5603
2015-02-06,2580.2205,2582.7108,2536.7788,2566.9390
2015-02-09,2589.9053,2589.9053,2520.1770,2529.0315
2015-02-10,2540.3754,2578.0066,2536.7784,2576.0696
2015-02-12,2614.5317,2672.6385,2612.5947,2666.5510
2015-02-13,2659.9103,2669.0413,2641.3715,2655.7598
2015-02-16,2678.4485,2704.7348,2667.3804,2686.4727
2015-02-17,2690.0699,2744.5795,2690.0699,2718.0164
2015-02-18,2750.6676,2775.2937,2744.5801,2766.4395
2015-02-19,2764.2256,2784.9781,2750.6674,2763.9490
2015-02-20,2766.9924,2794.6624,2758.6914,2780.8274
2015-02-23,2782.2110,2815.4149,2780.8275,2798.8130
2015-02-24,2793.2787,2840.3176,2784.9777,2840.3176
2015-02-25,2832.0168,2838.9342,2775.2933,2780.8274
2015-02-26,2778.0606,2834.7839,2766.9925,2826.4829
2015-02-27,2815.4150,2816.7983,2776.6770,2776.6770
2015-03-02,2778.0602,2807.1137,2769.7593,2800.1960
2015-03-03,2815.4148,2818.1818,2780.8274,2812.6477
2015-03-04,2793.2791,2797.4296,2763.1189,2782.2112
2015-03-05,2768.3762,2786.3617,2765.6092,2782.2112
2015-03-06,2780.8274,2815.4149,2775.2934,2809.8809
2015-03-09,2800.1958,2802.9629,2769.7590,2779.4434
2015-03-10,2797.4298,2812.6481,2780.8278,2804.3472
2015-03-11,2794.6626,2832.0170,2791.8955,2814.0315
2015-03-12,2815.4147,2850.0020,2808.4971,2840.3176
2015-03-13,2869.3717,2877.6727,2841.7016,2844.4688
2015-03-16,2830.6325,2859.6859,2830.6325,2834.7830
2015-03-17,2872.1387,2891.5076,2854.1532,2879.0562
2015-03-18,2877.6728,2895.6581,2859.6873,2890.1243
2015-03-19,2902.5748,2955.1476,2879.0552,2888.7397
2015-03-20,2905.3416,2905.3416,2862.4532,2881.8223
2015-03-23,2872.1380,2919.1770,2867.9875,2910.8760
2015-03-24,2895.6580,2909.4930,2865.2212,2874.9055
2015-03-25,2884.5901,2915.0271,2869.3717,2915.0271
2015-03-26,2894.2739,2912.2592,2837.5505,2852.7690
2015-03-27,2843.0280,2875.0346,2792.9306,2826.3289
2015-03-30,2852.7693,2865.2937,2788.7559,2792.9307
2015-03-31,2792.9307,2799.8886,2681.6032,2682.9946
2015-04-01,2697.7454,2743.3898,2685.7778,2720.8459
2015-04-02,2753.4094,2865.2936,2752.5744,2826.3289
2015-04-03,2813.8048,2848.5947,2804.0636,2834.6787
2015-04-06,2808.2383,2827.7208,2787.3644,2820.7627
2015-04-07,2841.6361,2876.4260,2834.6782,2866.6848
2015-04-08,2880.6008,2893.1251,2854.1604,2881.9924
2015-04-09,2897.3008,2911.2168,2880.6017,2891.7344
2015-04-10,2870.8601,2890.3426,2852.7695,2875.0349
2015-04-13,2866.6855,2870.8603,2827.7210,2844.4202
2015-04-14,2855.5521,2877.8177,2845.8109,2870.8596
2015-04-15,2888.9511,2993.3208,2888.9511,2984.9712
2015-04-16,3005.8450,3030.8937,2929.3072,2951.5728
2015-04-17,2983.5791,3018.3691,2955.7473,2969.6633
2015-04-20,2929.3066,2994.7117,2886.1673,2957.1387
2015-04-21,2966.8798,3019.7605,2950.1806,3019.7605
2015-04-22,3033.6767,3042.0262,2986.3626,2990.5374
2015-04-23,2983.5790,3014.1941,2941.8311,2968.2715
2015-04-24,2989.1460,3001.6704,2962.7056,2993.3208
2015-04-27,2964.0969,3005.8447,2950.1809,3005.8447
2015-04-28,3005.8448,3046.2010,2987.7540,3040.6348
2015-04-30,3058.7249,3068.4661,2944.6143,2948.7891
2015-05-01,2937.6562,2979.4040,2901.4748,2939.0479
2015-05-07,2939.0479,2998.8865,2930.6983,2975.2292
2015-05-08,3004.4520,3014.1933,2978.0119,2997.4941
2015-05-11,3057.3332,3061.5080,3025.3264,3053.1584
2015-05-12,3048.9842,3048.9842,2989.1456,3037.8513
2015-05-13,3032.2852,3050.3758,3007.2365,3040.6348
2015-05-14,3016.9774,3022.5438,2957.1390,2987.7539
2015-05-15,3008.6282,3048.9846,2993.3208,3048.9846
2015-05-18,3060.1170,3136.6548,3055.9422,3136.6548
2015-05-19,3172.8362,3206.2345,3164.4866,3172.8362
2015-05-20,3200.6676,3211.8005,3168.6610,3185.3601
2015-05-21,3185.3609,3193.7104,3131.0887,3153.3542
2015-05-22,3158.9198,3172.8358,3121.3467,3157.5283
2015-05-25,3167.2699,3206.2346,3160.3120,3192.3186
2015-05-26,3171.4444,3199.2764,3168.6613,3197.8848
2015-05-27,3197.8845,3214.5836,3183.9685,3193.7097
2015-05-28,3200.6676,3200.6676,3170.0526,3185.3601
2015-05-29,3153.3539,3195.1018,3150.5706,3163.0950
2015-06-01,3125.5219,3164.4866,3112.9975,3154.7454
2015-06-02,3136.6547,3160.3117,3115.7808,3115.7808
2015-06-03,3106.0391,3128.3046,3092.1230,3106.0391
2015-06-04,3089.3402,3096.2982,3055.9420,3072.6411
2015-06-05,3078.2076,3154.7452,3074.0328,3149.1790
2015-06-08,3139.4372,3153.3532,3111.6054,3135.2625
2015-06-09,3092.1232,3115.7805,3083.7737,3083.7737
2015-06-10,3061.5086,3067.0748,3030.8934,3042.0261
2015-06-11,3075.4238,3156.1364,3072.6407,3135.2625
2015-06-12,3122.7382,3139.4373,3079.5987,3092.1230
2015-06-15,3069.8579,3106.0393,3057.3335,3097.6897
2015-06-16,3079.5997,3111.6065,3058.7257,3069.8586
2015-06-17,3080.9909,3089.3405,3050.3758,3058.7253
2015-06-18,3054.5504,3054.5504,3018.3690,3021.1521
2015-06-19,3061.5087,3074.0331,3043.4179,3044.8096
2015-06-22,3032.2852,3096.2984,3026.7187,3090.7322
2015-06-23,3131.0891,3158.9209,3126.9143,3158.9209
2015-06-24,3164.4868,3165.8785,3136.6550,3146.3960
2015-06-25,3140.8295,3164.4865,3133.8714,3138.0461
2015-06-26,3114.3893,3115.7810,3072.6415,3093.5154
2015-06-29,3000.2782,3071.2496,3000.2782,3033.6765
2015-06-30,3061.5081,3097.6895,3050.3752,3064.2913
2015-07-01,3062.8993,3069.8574,3036.4592,3046.2002
2015-07-02,3089.3403,3094.9068,3053.1589,3085.1655
2015-07-03,3089.3403,3106.0394,3074.0328,3080.9907
2015-07-06,3037.8514,3072.6413,3014.1943,3050.3757
2015-07-07,3090.7315,3124.1297,3076.8155,3117.1716
2015-07-08,3126.9137,3143.6129,3074.0332,3074.0332
2015-07-09,3033.6761,3108.8222,3014.1939,3064.2913
2015-07-10,3089.3408,3154.7457,3074.0334,3107.4316
2015-07-13,3142.2212,3199.2767,3117.1725,3192.3186
2015-07-14,3217.3664,3238.2403,3188.1429,3214.5833
2015-07-15,3252.1568,3281.3803,3236.8493,3278.5972
2015-07-16,3339.8274,3362.0930,3306.4291,3353.7434
2015-07-17,3353.7433,3360.7012,3303.6459,3332.8694
2015-07-21,3311.9952,3339.8271,3284.1632,3337.0439
2015-07-22,3346.7856,3398.2747,3341.2193,3348.1772
2015-07-23,3395.4916,3417.7570,3373.2261,3405.2327
2015-07-24,3385.7502,3409.4072,3353.7436,3359.3098
2015-07-27,3320.3454,3356.5268,3270.2480,3293.9050
2015-07-28,3275.8137,3307.8205,3263.2893,3277.2053
2015-07-29,3317.5620,3324.5201,3273.0310,3295.2966
2015-07-30,3359.3096,3417.7566,3344.0021,3367.6592
2015-07-31,3388.5331,3417.7566,3380.1835,3409.4070
2015-08-03,3409.4070,3409.4070,3356.5265,3399.6660
2015-08-04,3441.4142,3476.2043,3421.9321,3476.2043
2015-08-05,3478.9874,3566.6578,3472.0297,3491.5117
2015-08-06,3548.5671,3549.9586,3463.6800,3470.6377
2015-08-07,3456.7211,3459.5045,3385.7498,3421.9314
2015-08-10,3401.0570,3469.2452,3384.3579,3466.4619
2015-08-11,3491.5111,3515.1683,3389.9248,3440.0222
2015-08-12,3406.6238,3487.3361,3403.8407,3428.8892
2015-08-13,3417.7567,3428.8894,3384.3584,3416.3652
2015-08-14,3423.3228,3477.5950,3420.5395,3431.6724
2015-08-17,3455.3297,3483.1614,3444.1968,3478.9866
2015-08-18,3491.5111,3491.5111,3431.6726,3440.0222
2015-08-19,3409.4067,3438.6304,3364.8757,3364.8757
2015-08-20,3364.8765,3428.8898,3353.7438,3377.4009
2015-08-21,3328.6947,3353.7434,3284.1635,3331.4778
2015-08-24,3206.2342,3247.9820,3068.4663,3068.4663
2015-08-25,2978.0126,3074.0327,2894.5170,2937.6562
2015-08-26,3021.1521,3100.4730,2957.1389,3085.1655
2015-08-27,3145.0040,3179.7937,3083.7737,3097.6897
2015-08-28,3181.1851,3195.1011,3111.6054,3135.2625
2015-08-31,3136.6548,3139.4379,3094.9069,3118.5640
2015-09-01,3106.0395,3122.7387,2987.7539,2987.7539
2015-09-02,2907.0420,3030.8939,2905.6504,2965.4890
2015-09-03,2993.3205,3012.8027,2936.2652,2940.4399
2015-09-04,3003.0611,3022.5434,2877.8176,2919.5654
2015-09-07,2897.2997,2927.9148,2852.7687,2904.2576
2015-09-08,2905.6497,2908.4328,2790.1474,2795.7136
2015-09-09,2877.8184,2913.9998,2845.8116,2912.6082
2015-09-10,2844.4195,2861.1187,2799.8884,2837.4614
2015-09-11,2836.0700,2887.5589,2822.1540,2873.6431
2015-09-14,2908.4330,2909.8246,2849.9860,2856.9441
2015-09-15,2887.5589,2934.8732,2858.3354,2877.8179
2015-09-16,2925.1318,2936.2646,2891.7335,2922.3486
2015-09-17,2950.1813,2954.3561,2893.1260,2901.4756
2015-09-18,2873.6437,2873.6437,2820.7630,2824.9377
2015-09-24,2847.2025,2877.8176,2806.8463,2831.8950
2015-09-25,2833.2874,2915.3917,2813.8052,2914.0000
2015-09-28,2911.1988,2936.4039,2870.5905,2895.7957
2015-09-29,2843.9850,2849.5862,2794.6948,2799.4558
2015-09-30,2836.9841,2843.9854,2792.7349,2815.9797
2015-10-01,2845.3850,2901.3964,2803.3764,2877.5916
2015-10-02,2862.1887,2909.7984,2855.1872,2895.7957
2015-10-05,2940.6053,2965.8104,2905.5980,2942.0056
2015-10-06,3007.8189,3010.6194,2974.2120,2996.6167
2015-10-07,3010.6194,3054.0284,2978.4129,3045.6267
2015-10-08,3080.6333,3103.0378,3056.8283,3065.2300
2015-10-09,3082.0334,3089.0350,3016.2200,3065.2300
2015-10-13,3037.2248,3094.6365,3026.0225,3079.2334
2015-10-14,3030.2239,3049.8279,2985.4146,3002.2180
2015-10-15,2944.8053,3072.2316,2936.4036,3065.2300
2015-10-16,3093.2366,3128.2437,3089.0357,3112.8406
2015-10-19,3096.0371,3117.0414,3068.0314,3096.0371
2015-10-20,3107.2392,3112.8405,3069.4315,3090.4358
2015-10-21,3080.6344,3145.0475,3075.0332,3140.8467
2015-10-22,3149.2479,3173.0529,3132.4444,3135.2451
2015-10-23,3198.2582,3224.8635,3192.6570,3208.0601
2015-10-26,3279.4750,3285.0762,3202.4593,3206.6602
2015-10-27,3196.8579,3230.4648,3167.4519,3182.8550
2015-10-28,3182.8549,3194.0573,3156.2495,3175.8535
2015-10-29,3279.4749,3279.4749,3185.6558,3187.0559
2015-10-30,3187.0560,3265.4723,3170.2525,3240.2671
2015-11-02,3195.4570,3206.6595,3164.6508,3177.2534
2015-11-04,3226.2639,3236.0660,3189.8564,3189.8564
2015-11-05,3210.8605,3243.0671,3181.4545,3223.4631
2015-11-06,3243.0673,3272.4733,3216.4617,3237.4661
2015-11-09,3259.8707,3307.4806,3243.0673,3282.2754
2015-11-10,3268.2723,3308.8806,3248.6683,3303.2795
2015-11-11,3293.4774,3383.0959,3289.2766,3366.2925
2015-11-12,3369.0927,3412.5017,3356.4901,3378.8948
2015-11-13,3360.6918,3385.8970,3343.8884,3373.2944
2015-11-16,3300.4790,3364.8923,3296.2781,3331.2854
2015-11-17,3378.8951,3408.3011,3360.6913,3366.2925
2015-11-18,3392.8978,3419.5034,3377.4947,3384.4961
2015-11-19,3419.5035,3458.7114,3418.1031,3437.7073
2015-11-20,3392.8983,3427.9056,3373.2943,3415.3030
2015-11-24,3399.9000,3420.9043,3376.0950,3409.7019
2015-11-25,3373.2936,3392.8975,3352.2893,3364.8918
2015-11-26,3376.0948,3378.8955,3352.2899,3360.6917
2015-11-27,3364.8920,3369.0929,3325.6839,3346.6882
2015-11-30,3327.0843,3335.4861,3254.2693,3254.2693
2015-12-01,3289.2769,3315.8825,3262.6714,3276.6743
2015-12-02,3279.4745,3311.6813,3261.2709,3303.2795
2015-12-03,3304.6794,3322.8832,3271.0725,3287.8760
2015-12-04,3215.0614,3226.2637,3195.4573,3226.2637
2015-12-07,3282.2754,3311.6814,3278.0745,3283.6755
2015-12-08,3303.2790,3310.2804,3234.6648,3236.0652
2015-12-09,3209.4608,3224.8639,3195.4579,3202.4595
2015-12-10,3184.2548,3205.2591,3153.4484,3177.2534
2015-12-11,3157.6497,3188.4561,3157.6497,3174.4531
2015-12-14,3118.4419,3154.8493,3089.0358,3150.6484
2015-12-15,3161.8508,3185.6558,3091.8365,3094.6370
2015-12-16,3157.6495,3174.4529,3129.6438,3160.4502
2015-12-17,3240.2667,3259.8706,3194.0571,3229.0642
2015-12-18,3240.2669,3304.6801,3182.8550,3182.8550
2015-12-21,3156.2494,3212.2608,3114.2408,3164.6511
2015-12-22,3168.8520,3254.2694,3167.4516,3229.0642
2015-12-24,3229.0643,3234.6655,3185.6555,3185.6555
2015-12-25,3185.6555,3185.6555,3185.6555,3185.6555
2015-12-28,3195.4573,3195.4573,3131.0441,3160.4502
2015-12-29,3157.6498,3188.4562,3125.4432,3182.8550
2015-12-30,3196.8581,3219.2628,3175.8537,3206.6602
2016-01-04,3181.4548,3195.4575,3108.6397,3115.6411
2016-01-05,3108.6396,3164.6512,3090.4358,3138.0457
2016-01-06,3157.6493,3192.6566,3096.0367,3118.4414
2016-01-07,3152.0489,3166.0517,3091.8365,3094.6370
2016-01-08,3066.6310,3131.0444,3040.0255,3045.6267
2016-01-12,3006.4181,3040.0250,2899.9963,2899.9963
2016-01-13,2957.4089,2984.0144,2929.4032,2984.0144
2016-01-14,2919.6006,2935.0037,2876.1916,2921.0010
2016-01-15,2985.4145,3005.0186,2904.1979,2930.8032
2016-01-18,2898.5969,2937.8050,2887.3947,2914.0000
2016-01-19,2915.3993,2942.0048,2894.3949,2922.4006
2016-01-20,2915.3999,2918.2004,2783.7727,2785.1731
2016-01-21,2800.5759,2839.7841,2700.0354,2700.0354
2016-01-22,2772.5707,2838.3842,2724.6808,2831.3828
2016-01-25,2869.1906,2873.3915,2792.1747,2848.1863
2016-01-26,2846.7857,2846.7857,2801.9766,2818.7800
2016-01-27,2860.7888,2901.3971,2859.3884,2892.9954
2016-01-28,2894.3949,2942.0048,2877.5915,2904.1970
2016-01-29,2933.6037,3080.6340,2905.5978,3077.8333
2016-02-01,3220.6626,3220.6626,3091.8362,3171.6526
2016-02-02,3157.6497,3222.0630,3142.2466,3222.0630
2016-02-03,3150.6479,3194.0569,3111.4398,3181.4543
2016-02-04,3110.0397,3117.0411,3054.0281,3087.6350
2016-02-05,2978.4130,3031.6238,2960.2091,3017.6211
2016-02-08,2970.0111,3066.6310,2970.0111,3045.6267
2016-02-09,2940.6056,2974.2125,2897.1966,2932.2039
2016-02-10,2970.0113,2982.6138,2752.1265,2785.7334
2016-02-12,2702.8355,2716.2783,2574.0091,2577.0896
2016-02-15,2750.1662,2869.1908,2723.8408,2841.1851
2016-02-16,2815.9794,2824.3812,2754.6468,2761.6482
2016-02-17,2770.3304,2782.3730,2651.8660,2689.3938
2016-02-18,2772.5704,2776.2111,2696.6749,2703.6763
2016-02-19,2685.1921,2739.2432,2668.1087,2715.9985
2016-02-22,2708.1571,2808.9779,2697.7951,2787.4136
2016-02-23,2794.9754,2813.1790,2746.8053,2766.9695
2016-02-24,2724.9605,2772.2904,2691.3536,2754.9268
2016-02-25,2772.5704,2843.9851,2757.4473,2825.7812
2016-02-26,2874.7914,2892.9950,2807.5776,2822.9807
2016-02-29,2881.7934,2881.7934,2777.0518,2777.0518
2016-03-01,2789.6537,2877.5919,2778.7315,2850.9863
2016-03-02,2912.5988,2915.3993,2852.3864,2877.5916
2016-03-03,2871.9913,2880.3930,2794.9755,2841.1851
2016-03-04,2800.5764,2824.3815,2758.8480,2817.3799
2016-03-07,2800.0159,2806.1771,2751.8458,2761.3679
2016-03-08,2726.9216,2735.8834,2680.1519,2723.2808
2016-03-09,2724.9604,2763.8885,2690.2333,2705.0764
2016-03-10,2722.7205,2759.4079,2703.6765,2747.6455
2016-03-11,2710.6776,2775.6511,2702.5561,2761.6482
2016-03-14,2785.4526,2811.7781,2759.1272,2800.5757
2016-03-15,2814.5795,2841.1850,2790.4945,2807.5781
2016-03-16,2794.4148,2846.7855,2792.4545,2806.1772
2016-03-17,2818.7798,2827.1815,2753.2463,2773.6904
2016-03-18,2781.2521,2784.0529,2729.1614,2774.5308
2016-03-22,2803.3765,2856.5874,2785.1727,2855.1870
2016-03-23,2835.5832,2878.9922,2811.7784,2866.3896
2016-03-24,2866.3902,2897.1964,2836.9842,2842.5852
2016-03-25,2836.9837,2863.5890,2817.3795,2824.3811
2016-03-28,2855.1871,2891.5947,2845.3852,2891.5947
2016-03-29,2869.0481,2881.7305,2835.2283,2857.7749
2016-03-30,2832.4099,2839.4557,2781.6802,2786.1895
2016-03-31,2792.1081,2811.8365,2731.5144,2737.4329
2016-04-01,2705.5861,2709.8136,2644.9922,2656.5474
2016-04-04,2670.0745,2711.2221,2663.3106,2679.9387
2016-04-05,2656.5473,2670.0752,2582.1437,2585.5256
2016-04-06,2587.2166,2623.2911,2582.4254,2591.7258
2016-04-07,2593.9802,2652.3194,2593.9802,2651.1921
2016-04-08,2632.3093,2756.0336,2632.3093,2722.7773
2016-04-11,2721.6505,2733.4874,2694.8764,2719.6777
2016-04-12,2708.4039,2742.2237,2686.7030,2695.7214
2016-04-13,2731.2318,2739.4050,2696.0030,2716.5767
2016-04-14,2766.1793,2821.1365,2759.1333,2821.1365
2016-04-15,2797.1815,2836.6381,2792.1085,2817.1917
2016-04-18,2754.9063,2775.7619,2735.7418,2737.7146
2016-04-19,2800.8449,2866.2299,2794.0810,2857.7749
2016-04-20,2874.6854,2898.6411,2866.2305,2888.7771
2016-04-21,2916.9597,2921.1872,2874.6849,2911.3230
2016-04-22,2856.3656,2919.7778,2853.5474,2909.9138
2016-04-25,2911.3233,2911.3233,2856.3661,2870.4578
2016-04-26,2870.4575,2885.9581,2850.7293,2883.1399
2016-04-27,2885.9581,2890.1856,2813.2455,2832.4102
2016-04-28,2877.5033,2895.8224,2736.5875,2768.7163
2016-05-02,2657.6743,2678.8117,2614.2722,2636.8188
2016-05-06,2721.3686,2723.6231,2691.2125,2710.0952
2016-05-09,2717.1412,2731.2327,2699.9494,2714.0410
2016-05-10,2710.6591,2778.0170,2704.7406,2774.9167
2016-05-11,2790.1351,2800.8448,2728.6957,2737.1506
2016-05-12,2725.8776,2790.6990,2721.0864,2789.2898
2016-05-13,2807.3273,2809.8638,2758.5705,2759.6978
2016-05-16,2762.5163,2795.4906,2746.7338,2758.8525
2016-05-17,2787.3174,2808.1728,2764.4890,2798.5906
2016-05-18,2763.6430,2810.1452,2763.6430,2798.8718
2016-05-19,2812.6822,2825.3646,2781.9624,2794.3630
2016-05-20,2781.6809,2788.7266,2755.4706,2781.1172
2016-05-23,2757.4423,2776.0432,2709.5311,2753.4968
2016-05-24,2732.9233,2743.9147,2712.0679,2716.8589
2016-05-25,2741.0969,2755.1886,2728.1327,2747.5791
2016-05-26,2789.2907,2807.8916,2771.5353,2779.4265
2016-05-27,2807.8906,2825.3643,2788.1625,2801.9722
2016-05-30,2825.3641,2843.6830,2804.2267,2840.8647
2016-05-31,2810.7094,2862.0029,2801.4090,2856.3662
2016-06-01,2821.1372,2838.0471,2771.8165,2776.6077
2016-06-02,2760.5429,2761.9521,2695.7215,2700.5127
2016-06-03,2704.4583,2755.7515,2704.4583,2755.1880
2016-06-06,2729.2600,2791.8267,2719.6778,2791.8267
2016-06-07,2789.8543,2807.8915,2770.9714,2804.7913
2016-06-08,2818.0370,2839.4561,2792.6721,2826.7737
2016-06-09,2795.4903,2807.6093,2764.2070,2776.0439
2016-06-10,2733.7687,2760.8245,2696.0033,2725.3137
2016-06-13,2671.7659,2692.0578,2668.1022,2670.3567
2016-06-14,2663.0289,2694.3122,2650.0645,2672.0474
2016-06-15,2672.0480,2683.0394,2640.7646,2652.6016
2016-06-16,2652.6013,2665.2837,2590.5983,2597.3623
2016-06-17,2603.8443,2616.8085,2573.9700,2574.2520
2016-06-20,2608.0724,2638.7920,2595.1079,2617.3728
2016-06-21,2593.4168,2655.9835,2584.6801,2648.9377
2016-06-22,2648.6559,2660.2108,2621.8818,2640.4827
2016-06-23,2640.7642,2660.7744,2635.1277,2651.1921
2016-06-24,2677.4031,2683.8851,2440.3824,2478.9934
2016-06-27,2540.4326,2624.7002,2529.7229,2619.0637
2016-06-28,2576.7889,2651.1925,2561.0063,2624.7002
2016-06-29,2664.1568,2670.0753,2626.9550,2668.3843
2016-06-30,2668.3837,2676.8387,2641.3279,2658.5195
2016-07-01,2684.1669,2686.1397,2628.3642,2663.3113
2016-07-04,2665.0020,2701.0765,2653.7288,2697.9763
2016-07-05,2708.4041,2724.7505,2681.9120,2696.2854
2016-07-06,2670.9206,2712.9136,2646.9650,2711.5044
2016-07-07,2714.0409,2720.8049,2673.1753,2683.3213
2016-07-08,2696.8490,2702.7674,2631.7458,2632.0276
2016-07-11,2632.0276,2632.0276,2632.0276,2632.0276
2016-07-12,2747.8604,2757.4426,2687.5484,2690.3667
2016-07-13,2732.6416,2732.9234,2651.7558,2658.2380
2016-07-14,2621.3178,2663.0291,2614.2721,2639.0732
2016-07-15,2656.8290,2680.7848,2646.4013,2671.4844
2016-07-19,2648.3740,2663.3112,2627.5186,2659.6475
2016-07-20,2652.8837,2751.2429,2634.5645,2751.2429
2016-07-21,2739.4060,2747.8609,2691.4945,2717.4231
2016-07-22,2685.2935,2716.8586,2668.9474,2683.6025
2016-07-25,2668.3839,2715.1679,2666.6929,2700.5127
2016-07-26,2709.8134,2729.5416,2664.7204,2699.6675
2016-07-27,2723.6228,2736.8690,2679.6571,2683.0391
2016-07-28,2681.9119,2694.3125,2647.8103,2659.3652
2016-07-29,2645.8375,2690.6487,2629.7730,2673.1753
2016-08-01,2625.8279,2649.2198,2598.2083,2631.4644
2016-08-02,2607.5080,2619.3449,2581.2976,2581.2976
2016-08-03,2539.8688,2545.7873,2489.9846,2490.8301
2016-08-04,2494.2121,2518.1677,2453.3465,2484.6299
2016-08-05,2485.1933,2506.3307,2471.3836,2497.8757
2016-08-08,2520.9860,2522.3950,2464.0558,2495.6211
2016-08-09,2481.5301,2506.8949,2477.8663,2486.0393
2016-08-10,2486.8840,2533.6682,2477.0200,2522.9585
2016-08-12,2538.4591,2542.9685,2495.9025,2503.2302
2016-08-15,2503.2303,2507.1758,2485.7567,2489.7024
2016-08-16,2501.8215,2516.7586,2475.3293,2475.3293
2016-08-17,2473.6382,2473.6382,2453.3463,2455.6008
2016-08-18,2447.4276,2453.6278,2422.0627,2422.3445
2016-08-19,2414.7352,2414.7352,2364.0055,2388.8066
2016-08-22,2408.5349,2485.1930,2400.6435,2469.9741
2016-08-23,2449.6830,2497.8763,2443.7645,2485.7576
2016-08-24,2495.0570,2559.3146,2490.2658,2549.1687
2016-08-25,2536.2047,2544.3777,2508.5851,2532.8228
2016-08-26,2547.1961,2550.5781,2506.6123,2506.6123
2016-08-29,2545.2228,2548.8868,2507.7393,2513.0940
2016-08-30,2498.4395,2499.0032,2466.5924,2470.2563
2016-08-31,2494.2118,2506.8942,2463.2102,2497.0300
2016-09-01,2506.6128,2528.0319,2477.3022,2518.4497
2016-09-02,2516.7588,2549.1694,2514.7859,2543.8147
2016-09-05,2567.4886,2575.3798,2548.8877,2560.4426
2016-09-06,2558.1888,2568.8982,2545.2243,2562.6980
2016-09-07,2544.9418,2563.5427,2537.3324,2562.9790
2016-09-08,2544.9414,2568.3335,2531.6952,2557.0601
2016-09-09,2545.7872,2570.8703,2543.8145,2553.6785
2016-09-12,2530.8504,2532.2596,2506.0492,2524.6501
2016-09-13,2541.5598,2555.6515,2529.1591,2536.2051
2016-09-14,2522.3951,2547.1964,2515.0676,2538.1777
2016-09-15,2518.7309,2530.2860,2482.0928,2486.6021
2016-09-16,2486.8845,2531.1322,2480.9660,2522.1135
2016-09-20,2514.2220,2546.0688,2504.9215,2529.1589
2016-09-21,2545.2240,2603.2814,2523.2411,2599.3357
2016-09-23,2621.0361,2649.2192,2602.9989,2644.4282
2016-09-26,2640.7651,2641.6106,2584.9624,2590.8809
2016-09-27,2534.2317,2586.3707,2509.7124,2584.6797
2016-09-28,2602.2781,2605.4005,2564.8108,2574.7454
2016-09-29,2598.3043,2610.7935,2577.3001,2599.7236
2016-09-30,2540.4002,2598.0206,2512.0159,2577.3000
2016-10-03,2593.7632,2612.4969,2583.2611,2590.6409
2016-10-04,2606.5360,2608.5228,2578.7192,2589.5054
2016-10-05,2591.2084,2591.4922,2569.0686,2580.7063
2016-10-06,2582.4096,2590.3572,2563.1082,2579.5710
2016-10-07,2579.5708,2582.6931,2550.3350,2572.7585
2016-10-11,2576.7324,2616.1866,2565.6625,2612.7805
2016-10-12,2588.6533,2626.4044,2585.5309,2593.7625
2016-10-13,2599.7240,2613.0647,2565.9465,2573.8943
2016-10-14,2582.6931,2603.4136,2575.8809,2585.5315
2016-10-17,2578.1511,2593.7625,2567.3650,2584.9634
2016-10-18,2567.3654,2586.3829,2533.3042,2582.1252
2016-10-19,2557.4306,2586.6667,2557.4306,2578.1514
2016-10-20,2549.7675,2636.9077,2549.4837,2635.2046
2016-10-21,2626.1213,2632.6498,2612.4968,2621.2959
2016-10-24,2622.9987,2652.5186,2622.7150,2652.5186
2016-10-25,2659.6144,2693.1081,2657.9113,2675.7935
2016-10-26,2681.4704,2681.4704,2644.2868,2670.1167
2016-10-27,2669.8328,2700.4879,2657.3438,2674.6582
2016-10-28,2682.3225,2682.6063,2643.4359,2656.7766
2016-10-31,2657.0601,2672.9554,2616.1866,2627.5405
2016-11-01,2635.2046,2635.2046,2607.1041,2630.0955
2016-11-02,2601.7107,2604.2653,2562.5403,2570.4880
2016-11-04,2570.2043,2572.7589,2524.7894,2544.0908
2016-11-07,2586.6673,2588.0864,2556.5797,2579.5710
2016-11-08,2582.9765,2583.5443,2557.4306,2564.5269
2016-11-09,2587.5185,2615.9028,2469.7233,2504.3523
2016-11-10,2625.5536,2632.3658,2571.3396,2610.5100
2016-11-11,2631.2301,2655.3567,2611.0771,2629.8108
2016-11-14,2651.0999,2670.9691,2636.6239,2666.7114
2016-11-15,2655.3564,2655.6404,2631.7976,2643.7190
2016-11-16,2668.1298,2685.4444,2649.3961,2678.3481
2016-11-17,2670.1171,2710.4229,2669.5494,2708.4360
2016-11-18,2724.8988,2752.4316,2708.1520,2750.7285
2016-11-21,2743.9162,2762.9338,2728.0211,2754.9861
2016-11-22,2751.0126,2789.8990,2750.7286,2767.1917
2016-11-24,2767.4754,2786.4929,2760.9470,2780.8162
2016-11-25,2779.1125,2806.3615,2778.2610,2797.8462
2016-11-28,2789.6154,2804.6592,2775.9909,2802.6721
2016-11-29,2764.6371,2804.6591,2763.5016,2781.6677
2016-11-30,2778.8291,2788.4799,2760.9469,2772.0168
2016-12-01,2790.1828,2805.2264,2748.1738,2760.9468
2016-12-02,2755.8375,2778.8288,2724.6149,2730.0078
2016-12-05,2724.8984,2746.1867,2722.6276,2728.0208
2016-12-06,2733.6981,2737.6720,2704.4622,2710.9907
2016-12-07,2710.9904,2730.2917,2687.9991,2725.7502
2016-12-08,2768.3268,2771.1652,2730.0079,2746.1870
2016-12-09,2732.8463,2797.2789,2724.3310,2795.8596
2016-12-12,2812.8902,2872.4974,2806.9295,2837.0171
2016-12-13,2812.0388,2851.2092,2804.3750,2848.3708
2016-12-14,2851.2094,2872.4977,2836.4496,2845.5327
2016-12-15,2852.6283,2869.6589,2831.9078,2856.8860
2016-12-16,2885.2701,2890.9470,2863.9818,2875.3357
2016-12-19,2883.8516,2912.2359,2879.5940,2905.1399
2016-12-20,2922.1701,2960.4889,2909.3971,2951.9736
2016-12-21,2951.9734,2959.0694,2920.7506,2929.2659
2016-12-22,2916.4932,2954.8121,2916.4932,2947.7161
2016-12-26,2862.5626,2927.8464,2862.5626,2912.2351
2016-12-27,2895.2055,2933.5243,2895.2055,2909.3977
2016-12-28,2912.2360,2923.5897,2902.3014,2913.6553
2016-12-29,2917.9119,2919.3310,2871.0777,2882.4314
2016-12-30,2875.3361,2883.8514,2858.3055,2866.8208
2017-01-04,2892.3663,2934.9428,2886.6893,2929.2659
2017-01-05,2930.6852,2959.0694,2923.5889,2944.8772
2017-01-06,2926.4275,2993.1306,2912.2352,2983.1960
2017-01-10,3007.3231,3021.5152,2944.8774,2951.9736
2017-01-11,2976.1001,2981.7771,2951.9735,2978.9385
2017-01-12,2964.7464,2973.2617,2937.7812,2944.8772
2017-01-13,2943.4582,2986.0347,2933.5236,2978.9385
2017-01-16,2980.3583,2988.8736,2943.4587,2953.3931
2017-01-17,2933.5234,2964.7462,2919.3311,2922.1697
2017-01-18,2937.7812,2944.8773,2899.4624,2937.7812
2017-01-19,2963.3274,2983.1964,2950.5544,2973.2620
2017-01-20,2963.3276,2969.0045,2940.6200,2954.8123
2017-01-23,2937.7814,2951.9737,2912.2355,2926.4277
2017-01-24,2917.9126,2917.9126,2882.4320,2899.4626
2017-01-25,2951.9735,2963.3272,2907.9777,2915.0737
2017-01-26,2940.6203,2971.8432,2925.0090,2960.4895
2017-01-27,2981.7773,3000.2270,2969.0044,2981.7773
2017-01-30,2988.8734,2991.7118,2960.4891,2990.2927
2017-01-31,2905.1395,2933.5238,2861.1437,2903.7202
2017-02-01,2888.1086,2936.3619,2885.2700,2929.2659
2017-02-02,2953.3925,2953.3925,2882.4317,2888.1086
2017-02-03,2859.7244,2885.2704,2838.4362,2852.6284
2017-02-06,2878.1744,2879.5937,2839.8555,2848.3708
2017-02-07,2834.1785,2862.5630,2833.6110,2837.0171
2017-02-08,2844.1131,2865.4014,2835.8816,2849.7900
2017-02-09,2851.2090,2876.7550,2848.3707,2856.8860
2017-02-10,2912.2358,2956.2316,2896.6245,2953.3931
2017-02-13,2976.1004,2977.5196,2946.2968,2963.3274
2017-02-14,2973.2618,2973.2618,2922.1699,2925.0083
2017-02-15,2946.2969,2957.6506,2934.9432,2946.2969
2017-02-16,2944.8776,2949.1353,2912.2357,2923.5894
2017-02-17,2919.3313,2940.6196,2898.0430,2916.4929
2017-02-20,2903.7200,2937.7812,2896.6239,2916.4929
2017-02-21,2916.4930,2930.6853,2898.0431,2927.8467
2017-02-22,2920.7504,2929.2657,2899.4621,2922.1697
2017-02-23,2900.8818,2912.2355,2882.4319,2903.7202
2017-02-24,2890.9472,2920.7508,2886.6895,2895.2048
2017-02-27,2881.0124,2903.7200,2871.0780,2888.1086
2017-02-28,2909.3966,2926.4272,2882.4314,2882.4314
2017-03-01,2900.8819,2900.8819,2873.9167,2893.7856
2017-03-02,2920.7509,2920.7509,2886.6896,2893.7856
2017-03-03,2889.5279,2896.6241,2859.7243,2863.9819
2017-03-06,2854.0480,2863.9824,2844.1134,2845.5327
2017-03-07,2838.4361,2848.3707,2832.4754,2841.2747
2017-03-08,2824.5278,2827.9339,2810.3355,2820.8379
2017-03-09,2830.4885,2831.9078,2784.2221,2806.0779
2017-03-10,2833.3271,2852.6285,2829.9209,2848.3708
2017-03-13,2832.7597,2888.1092,2828.5021,2886.6899
2017-03-14,2872.4972,2876.7549,2861.1436,2863.9819
2017-03-15,2854.0477,2861.1437,2845.5324,2855.4668
2017-03-16,2834.1789,2881.0131,2830.2052,2872.4978
2017-03-17,2862.5633,2872.4977,2823.9605,2834.7466
2017-03-21,2792.1697,2834.1784,2792.1697,2813.7417
2017-03-22,2781.6677,2795.2922,2768.0432,2768.0432
2017-03-23,2753.2824,2773.7191,2749.5925,2760.6624
2017-03-24,2760.9468,2791.8859,2760.9468,2782.2351
2017-03-27,2786.2093,2794.7246,2746.7551,2771.4495
2017-03-28,2783.3703,2803.5230,2769.4618,2800.4009
2017-03-29,2817.2595,2831.5457,2796.4014,2814.4021
2017-03-30,2817.8306,2830.9741,2784.9722,2785.8293
2017-03-31,2813.5447,2831.8313,2769.8286,2769.8286
2017-04-03,2778.1147,2795.2583,2771.5430,2777.5432
2017-04-04,2794.6865,2808.4014,2761.5425,2795.2581
2017-04-05,2810.6873,2813.8303,2796.1152,2809.8301
2017-04-06,2808.1155,2819.8303,2761.2563,2762.9707
2017-04-07,2777.2576,2802.9729,2755.2566,2785.8293
2017-04-10,2813.5442,2826.1162,2788.6861,2799.2581
2017-04-11,2801.5442,2814.6877,2791.2581,2812.1162
2017-04-12,2797.2588,2802.9734,2774.4008,2797.8303
2017-04-13,2786.4009,2794.9727,2756.3996,2766.3999
2017-04-14,2756.1133,2758.1135,2717.5403,2729.8267
2017-04-17,2721.8266,2771.2573,2721.8266,2767.2571
2017-04-18,2777.2573,2794.1152,2762.6853,2781.8289
2017-04-19,2773.2571,2776.4002,2731.8269,2732.3984
2017-04-20,2751.5417,2754.1133,2725.8264,2726.9692
2017-04-21,2757.2575,2776.6868,2748.3999,2769.5437
2017-04-24,2796.1155,2813.2590,2782.1150,2806.4016
2017-04-25,2806.9731,2849.5462,2806.4016,2839.5459
2017-04-26,2849.8318,2857.2605,2824.9736,2857.2605
2017-04-27,2860.1184,2872.9761,2842.6890,2854.9753
2017-04-28,2868.6899,2875.8330,2843.5459,2844.1174
2017-05-01,2870.1184,2892.9766,2841.8315,2888.6907
2017-05-02,2885.8332,2898.6909,2878.6899,2882.9758
2017-05-08,2900.1191,2954.4072,2898.6907,2945.8354
2017-05-09,2958.6938,2977.2659,2935.8357,2942.9788
2017-05-10,2957.2649,2958.6936,2924.4065,2930.1208
2017-05-11,2945.8357,2951.5501,2925.8347,2934.4065
2017-05-12,2935.8352,2967.2651,2932.9780,2965.8364
2017-05-15,2955.8362,2985.8374,2950.1218,2985.8374
2017-05-16,3000.1235,3028.6961,2992.9804,3011.5525
2017-05-17,3011.5525,3021.5530,2985.8372,3018.6958
2017-05-18,3015.8389,3034.4111,3002.9812,3034.4111
2017-05-19,3017.2676,3022.9822,2981.5517,3021.5535
2017-05-22,3044.4116,3044.4116,3020.1248,3034.4111
2017-05-23,3052.9831,3068.6980,3038.6968,3045.8398
2017-05-24,3058.6975,3062.9834,3041.5540,3050.1257
2017-05-25,3050.1255,3077.2695,3047.2683,3065.8406
2017-05-26,3065.8406,3074.4123,3041.5537,3041.5537
2017-05-29,3048.6968,3065.8403,3048.6968,3057.2686
2017-05-30,3057.2686,3060.1257,3035.8391,3057.2686
2017-05-31,3041.5537,3054.4114,3020.1243,3032.9819
2017-06-01,3054.4114,3092.9844,3050.1255,3088.6985
2017-06-02,3092.9844,3121.5571,3078.6982,3114.4138
2017-06-05,3104.4140,3140.1296,3091.5563,3131.5579
2017-06-06,3131.5574,3131.5574,3100.1277,3101.5562
2017-06-07,3088.6990,3112.9858,3071.5554,3090.1277
2017-06-08,3095.8423,3105.8425,3067.2695,3075.8413
2017-06-09,3075.8411,3084.4129,3037.2681,3050.1257
2017-06-12,3050.1262,3092.9851,3050.1262,3080.1274
2017-06-13,3074.4126,3112.9856,3074.4126,3107.2710
2017-06-14,3114.4143,3165.8450,3101.5566,3154.4160
2017-06-15,3150.1299,3198.7034,3144.4153,3177.2739
2017-06-16,3177.2742,3187.2744,3158.7019,3172.9883
2017-06-19,3170.1304,3208.7034,3170.1304,3205.8462
2017-06-20,3211.5610,3225.8472,3191.5601,3194.4175
2017-06-21,3182.9885,3211.5613,3181.5600,3192.9890
2017-06-22,3188.7034,3200.1323,3155.8449,3170.1311
2017-06-23,3137.2722,3158.7017,3131.5576,3152.9871
2017-06-26,3142.9871,3165.8450,3131.5579,3138.7012
2017-06-27,3137.2725,3154.4160,3124.4148,3131.5579
2017-06-28,3131.5574,3164.4160,3127.2715,3140.1292
2017-06-29,3162.9876,3162.9876,3125.8433,3134.4150
2017-06-30,3104.4133,3105.8418,3061.5544,3070.1262
2017-07-03,3082.9841,3127.2715,3081.5554,3121.5571
2017-07-04,3131.5579,3150.1302,3088.6990,3111.5571
2017-07-05,3098.6992,3107.2710,3058.6975,3081.5557
2017-07-06,3085.8413,3098.6990,3062.9832,3068.6978
2017-07-07,3058.6973,3062.9832,3035.8393,3042.9824
2017-07-10,3068.6980,3095.8420,3061.5549,3081.5557
2017-07-11,3100.1279,3122.9858,3085.8415,3110.1282
2017-07-12,3102.9849,3115.8425,3074.4123,3077.2695
2017-07-13,3087.2700,3092.9844,3045.8396,3054.4114
2017-07-14,3070.1272,3080.1275,3058.6980,3061.5554
2017-07-17,3061.5554,3061.5554,3061.5554,3061.5554
2017-07-18,3060.1262,3068.6980,3024.4104,3037.2681
2017-07-19,3024.4102,3041.5537,3014.4099,3018.6958
2017-07-20,3028.6960,3065.8406,3024.4102,3055.8401
2017-07-21,3024.4104,3035.8396,3021.5532,3025.8391
2017-07-24,3002.9807,3007.2666,2978.6941,2995.8376
2017-07-25,2990.1228,2998.6946,2975.8366,2977.2651
2017-07-26,3004.4097,3004.4097,2964.4080,2972.9797
2017-07-27,2971.5510,3002.9807,2968.6936,2980.1228
2017-07-28,2985.8372,3004.4094,2967.2651,2984.4087
2017-07-31,2965.8362,2974.4080,2935.8350,2957.2644
2017-08-01,2965.8364,3008.6953,2961.5505,2990.1230
2017-08-02,3002.9810,3005.8384,2961.5508,2988.6948
2017-08-03,2977.2661,2995.8384,2961.5513,2974.4089
2017-08-04,2970.1223,2990.1231,2967.2651,2980.1228
2017-08-07,2990.1231,2995.8377,2961.5505,2964.4077
2017-08-08,2972.9795,2984.4087,2958.6933,2968.6936
2017-08-09,2940.1214,2948.6931,2907.2629,2918.6919
2017-08-10,2955.8362,2962.9795,2935.8354,2944.4072
2017-08-11,2944.4072,2944.4072,2944.4072,2944.4072
2017-08-14,2942.9785,2952.9790,2912.9773,2914.4060
2017-08-15,2932.9778,2972.9793,2924.4060,2957.2644
2017-08-16,3000.1238,3002.9810,2971.5513,2971.5513
2017-08-17,2952.9780,2968.6929,2937.2632,2938.6917
2017-08-18,2904.4060,2924.4070,2901.5488,2917.2637
2017-08-21,2924.4065,2927.2637,2908.6914,2922.9778
2017-08-22,2928.6921,2935.8352,2881.5474,2884.4045
2017-08-23,2904.4055,2907.2629,2872.9758,2887.2620
2017-08-24,2871.5471,2878.6902,2855.5464,2860.1182
2017-08-25,2858.6892,2865.8323,2843.5456,2857.2605
2017-08-28,2867.2610,2874.4041,2848.4031,2868.6897
2017-08-29,2851.5464,2870.1184,2846.6889,2870.1184
2017-08-30,2885.8335,2885.8335,2862.9753,2870.1184
2017-08-31,2882.9759,2885.8333,2862.9751,2881.5474
2017-09-01,2897.2627,2898.6914,2872.9761,2885.8337
2017-09-04,2870.1184,2877.2617,2853.2607,2860.1182
2017-09-05,2861.5474,2871.5479,2839.5466,2840.1179
2017-09-06,2848.9748,2874.4043,2848.9748,2867.2612
2017-09-07,2867.2612,2881.5476,2855.8322,2865.8325
2017-09-08,2882.9758,2894.4050,2875.8327,2882.9758
2017-09-11,2917.2630,2924.4062,2898.6909,2901.5481
2017-09-12,2931.5498,2931.5498,2905.8345,2910.1204
2017-09-13,2920.1203,2937.2639,2915.8344,2934.4065
2017-09-14,2928.6926,2934.4070,2907.2632,2910.1204
2017-09-15,2910.1199,2920.1204,2874.4040,2882.9758
2017-09-18,2882.9758,2882.9758,2882.9758,2882.9758
2017-09-19,2888.6906,2920.1206,2870.1184,2912.9773
2017-09-20,2901.5481,2910.1199,2890.1191,2900.1194
2017-09-21,2908.6914,2940.1213,2905.8342,2922.9778
2017-09-22,2940.1213,2974.4085,2931.5496,2967.2654
2017-09-25,2984.4087,2984.4087,2945.8357,2968.6936
2017-09-26,2988.6948,3001.5525,2971.5512,2987.2661
2017-09-27,3005.9635,3007.4018,2968.5688,2985.8279
2017-09-28,2997.3341,3000.2107,2975.7602,2993.0193
2017-09-29,2987.2661,3000.2105,2974.3218,2987.2661
2017-10-02,2978.6368,2980.0749,2939.8037,2945.5566
2017-10-03,3020.3460,3031.8520,2978.6366,2990.1426
2017-10-04,2990.1429,2995.8960,2975.7602,2982.9517
2017-10-05,2978.6364,2990.1424,2961.3773,2962.8154
2017-10-06,2975.7598,2980.0745,2952.7478,2962.8154
2017-10-09,2962.8154,2962.8154,2962.8154,2962.8154
2017-10-10,2948.4335,2955.6248,2934.0509,2955.6248
2017-10-11,2964.2533,3001.6479,2954.1854,3001.6479
2017-10-12,3005.9636,3016.0315,2993.0193,3016.0315
2017-10-13,3020.3460,3062.0555,3014.5929,3057.7407
2017-10-16,3083.6297,3144.0366,3076.4384,3112.3950
2017-10-17,3136.8449,3144.0361,3099.4502,3115.2710
2017-10-18,3135.4064,3164.1717,3131.0916,3159.8569
2017-10-19,3158.4189,3168.4868,3142.5981,3162.7336
2017-10-20,3155.5423,3162.7335,3141.1596,3158.4187
2017-10-23,3169.9253,3175.6784,3142.5985,3144.0366
2017-10-24,3138.2836,3164.1723,3136.8453,3161.2957
2017-10-25,3149.7898,3152.6663,3118.1480,3126.7776
2017-10-26,3139.7213,3141.1597,3116.7093,3128.2153
2017-10-27,3144.0363,3146.9130,3112.3948,3138.2834
2017-10-30,3149.7896,3162.7340,3136.8453,3148.3513
2017-10-31,3115.2714,3161.2956,3095.1358,3155.5427
2017-11-01,3164.1720,3205.8815,3161.2954,3197.2520
2017-11-02,3208.7577,3211.6344,3172.8013,3207.3196
2017-11-03,3207.3196,3207.3196,3207.3196,3207.3196
2017-11-06,3182.8695,3217.3878,3182.8695,3210.1965
2017-11-07,3213.0728,3234.6467,3185.7460,3234.6467
2017-11-08,3250.4676,3299.3683,3250.4676,3297.9302
2017-11-09,3306.5599,3328.1338,3244.7147,3276.3564
2017-11-10,3231.7701,3270.6031,3223.1405,3240.3997
2017-11-13,3218.8258,3228.8936,3198.6902,3198.6902
2017-11-14,3184.3075,3191.4988,3146.9129,3162.7336
2017-11-15,3142.5978,3161.2951,3100.8882,3108.0796
2017-11-16,3085.0675,3133.9684,3085.0675,3119.5857
2017-11-17,3144.0365,3144.0365,3080.7531,3085.0679
2017-11-20,3077.8768,3095.1359,3069.2473,3079.3149
2017-11-21,3121.0248,3125.3396,3083.6299,3083.6299
2017-11-22,3109.5183,3113.8331,3075.0000,3077.8767
2017-11-23,3077.8767,3077.8767,3077.8767,3077.8767
2017-11-24,3082.1911,3113.8327,3077.8763,3099.4502
2017-11-27,3110.9562,3138.2832,3106.6414,3128.2153
2017-11-28,3092.2591,3095.1358,3027.5374,3049.1113
2017-11-29,3049.1113,3077.8767,3031.8522,3075.0000
2017-11-30,3073.5615,3138.2832,3070.6848,3125.3389
2017-12-01,3136.8445,3145.4740,3113.8323,3136.8445
2017-12-04,3149.7893,3149.7893,3100.8883,3105.2031
2017-12-05,3102.3275,3158.4196,3100.8891,3152.6665
2017-12-06,3164.1720,3172.8016,3116.7095,3142.5981
2017-12-07,3192.9373,3217.3876,3162.7338,3208.7581
2017-12-08,3220.2642,3287.8623,3211.6346,3274.9180
2017-12-11,3270.6031,3274.9179,3218.8257,3237.5232
2017-12-12,3250.4679,3250.4679,3213.0730,3223.1409
2017-12-13,3211.6342,3234.6462,3192.9368,3221.7019
2017-12-14,3250.4676,3270.6032,3238.9614,3251.9058
2017-12-15,3226.0168,3231.7699,3185.7457,3207.3196
2017-12-18,3220.2646,3241.8385,3205.8819,3230.3323
2017-12-19,3214.5111,3230.3319,3178.5545,3184.3076
2017-12-20,3179.9930,3187.1842,3165.6103,3172.8018
2017-12-21,3161.2953,3169.9249,3141.1597,3146.9128
2017-12-22,3161.2955,3190.0609,3161.2955,3185.7461
2017-12-25,3187.1840,3210.1962,3181.4311,3201.5667
2017-12-26,3221.7030,3226.0178,3194.3762,3204.4438
2017-12-27,3210.1966,3210.1966,3184.3079,3192.9375
2017-12-28,3198.6904,3204.4433,3168.4869,3177.1165
2017-12-29,3177.1163,3181.4311,3155.5424,3162.7336
2018-01-01,3162.7336,3162.7336,3162.7336,3162.7336
2018-01-02,3162.7336,3162.7336,3162.7336,3162.7336
2018-01-03,3162.7336,3162.7336,3162.7336,3162.7336
2018-01-04,3210.1964,3254.7826,3203.0052,3253.3442
2018-01-05,3273.4801,3287.8628,3253.3445,3287.8628
2018-01-08,3287.8628,3287.8628,3287.8628,3287.8628
2018-01-09,3293.6159,3299.3688,3261.9741,3287.8628
2018-01-10,3289.3005,3322.3804,3287.8622,3315.1892
2018-01-11,3300.8065,3302.2449,3259.0971,3302.2449
2018-01-12,3293.6153,3302.2449,3270.6031,3302.2449
2018-01-15,3319.5047,3341.0786,3316.6281,3331.0107
2018-01-16,3309.4368,3332.4490,3306.5603,3312.3132
2018-01-17,3320.9423,3331.0102,3309.4363,3328.1338
2018-01-18,3339.6403,3339.6403,3287.8630,3292.1777
2018-01-19,3306.5600,3306.5600,3259.0974,3272.0417
2018-01-22,3264.8499,3295.0534,3264.8499,3286.4238
2018-01-23,3293.6155,3302.2450,3279.2328,3293.6155
2018-01-24,3277.7943,3309.4361,3277.7943,3295.0535
2018-01-25,3286.4243,3319.5044,3270.6035,3309.4365
2018-01-26,3331.0097,3332.4480,3257.6585,3260.5349
2018-01-29,3224.5789,3243.2762,3213.0727,3220.2642
2018-01-30,3237.5239,3249.0299,3182.8699,3195.8142
2018-01-31,3198.6901,3207.3196,3113.8326,3119.5857
2018-02-01,3116.7096,3139.7216,3108.0801,3133.9688
2018-02-02,3115.2710,3115.2710,3079.3144,3099.4502
2018-02-05,3057.7406,3092.2589,3053.4259,3062.0554
2018-02-06,2997.3338,3046.2347,2954.1860,2990.1426
2018-02-07,3074.9999,3106.6417,3008.8401,3008.8401
2018-02-08,3013.1546,3041.9198,2987.2659,2995.8955
2018-02-09,2962.8155,2984.3894,2923.9825,2984.3894
2018-02-12,2984.3894,2984.3894,2984.3894,2984.3894
2018-02-13,2985.8274,2995.8953,2928.2969,2934.0500
2018-02-14,2938.3653,2957.0627,2892.3410,2902.4087
2018-02-15,2916.7911,2922.5442,2858.3977,2873.6433
2018-02-16,2902.4087,2959.9391,2890.9027,2938.3652
2018-02-19,2959.9394,2972.8837,2936.9272,2967.1306
2018-02-20,2967.1303,2994.4573,2951.3095,2984.3894
2018-02-21,2981.5132,2987.2663,2954.1862,2965.6924
2018-02-22,2934.0506,2934.0506,2889.4644,2895.2175
2018-02-23,2883.7107,2903.8463,2879.3959,2899.5315
2018-02-26,2934.0502,2958.5006,2908.1615,2912.4763
2018-02-27,2929.7357,2941.2417,2919.6678,2925.4209
2018-02-28,2925.4211,2941.2419,2893.7793,2893.7793
2018-03-01,2879.3965,2885.1494,2843.4400,2846.3164
2018-03-02,2818.9897,2827.0439,2772.6777,2792.8132
2018-03-05,2772.9647,2806.9078,2767.2118,2802.5930
2018-03-06,2825.0304,2839.9883,2790.5122,2795.6899
2018-03-07,2789.9366,2812.9488,2779.2935,2793.1008
2018-03-08,2813.2366,2813.2366,2783.8961,2790.5122
2018-03-09,2833.6601,2842.8648,2795.9776,2804.3196
2018-03-12,2841.1387,2862.1374,2827.3314,2833.3721
2018-03-13,2825.8937,2848.6182,2816.1134,2838.2627
2018-03-14,2825.0301,2851.7817,2814.9622,2841.1384
2018-03-15,2835.9609,2847.7547,2824.7425,2835.9609
2018-03-16,2818.9901,2823.8801,2796.2655,2812.6616
2018-03-19,2800.2927,2800.5803,2753.6931,2795.4026
2018-03-20,2802.5939,2821.5789,2770.6645,2819.5652
2018-03-21,2819.5652,2819.5652,2819.5652,2819.5652
2018-03-22,2785.0470,2815.2505,2781.5952,2812.6616
2018-03-23,2769.5132,2786.4847,2750.2405,2761.1714
2018-03-26,2753.1172,2770.9517,2724.0645,2770.9517
2018-03-27,2781.3073,2871.9176,2770.0888,2871.0547
2018-03-28,2859.4674,2878.5866,2810.8006,2875.1104
2018-03-29,2885.8284,2886.9870,2830.2091,2859.7568
2018-03-30,2876.2691,2876.2691,2842.9553,2856.8601
2018-04-02,2850.4865,2857.7285,2818.0420,2818.0420
2018-04-03,2813.4072,2834.2645,2811.0899,2825.8638
2018-04-04,2827.0231,2845.5628,2805.8763,2835.7136
2018-04-05,2849.6186,2902.6307,2846.1424,2892.4917
2018-04-06,2882.6420,2892.2016,2868.7372,2872.2134
2018-04-09,2878.8762,2894.5191,2874.2411,2882.9316
2018-04-10,2862.0746,2893.6502,2855.9912,2872.5032
2018-04-11,2855.1216,2867.2883,2836.2923,2848.1692
2018-04-12,2849.6185,2873.6623,2847.3009,2862.9438
2018-04-13,2893.9397,2921.4597,2881.1935,2899.7334
2018-04-16,2889.8842,2893.9398,2865.8406,2889.0151
2018-04-17,2895.0986,2906.9757,2882.3526,2887.2771
2018-04-18,2877.1385,2906.9759,2876.2695,2902.6306
2018-04-19,2924.3558,2954.7725,2918.5620,2920.0105
2018-04-20,2954.7732,2960.5670,2934.4954,2951.8765
2018-04-23,2967.8086,2967.8086,2933.0466,2938.8403
2018-04-24,2953.3245,2972.1541,2917.1142,2972.1541
2018-04-25,2963.4639,2995.3292,2950.4281,2985.1902
2018-04-26,3001.1230,3011.2620,2975.0515,3004.0200
2018-04-27,3021.4010,3053.2660,3017.0557,3038.7820
2018-04-30,3038.7820,3038.7820,3038.7820,3038.7820
2018-05-01,3099.6150,3105.4086,3051.8172,3095.2698
2018-05-02,3099.6150,3099.6150,3009.8130,3040.2297
2018-05-03,3040.2297,3040.2297,3040.2297,3040.2297
2018-05-04,3040.2297,3040.2297,3040.2297,3040.2297
2018-05-07,3024.2978,3085.1314,3022.8493,3080.7861
2018-05-08,3105.4088,3134.3773,3085.1310,3096.7183
2018-05-09,3096.7184,3125.6869,3072.0953,3085.1311
2018-05-10,3085.1305,3108.3052,3082.2337,3102.5115
2018-05-11,3102.5120,3124.2383,3096.7183,3118.4446
2018-05-14,3109.7537,3134.3770,3090.9244,3130.0317
2018-05-15,3119.8934,3145.9649,3119.8934,3138.7229
2018-05-16,3124.2384,3134.3774,3109.7541,3111.2026
2018-05-17,3127.1350,3128.5835,3093.8214,3106.8572
2018-05-18,3106.8573,3121.3416,3102.5121,3114.0994
2018-05-21,3114.0995,3122.7900,3099.6154,3101.0637
2018-05-22,3102.5118,3111.2023,3093.8212,3099.6150
2018-05-23,3090.9250,3105.4091,3082.2345,3093.8218
2018-05-24,3088.0282,3108.3062,3079.3376,3080.7861
2018-05-25,3085.1311,3116.9963,3082.2343,3114.0994
2018-05-28,3125.6869,3134.3774,3099.6154,3111.2026
2018-05-29,3108.3058,3119.8931,3093.8216,3114.0994
2018-05-30,3059.0594,3089.4762,3046.0237,3073.5437
2018-05-31,3079.3376,3122.7901,3074.9923,3115.5481
2018-06-01,3092.3734,3109.7544,3076.4409,3080.7861
2018-06-04,3099.6154,3121.3416,3098.1669,3109.7542
2018-06-05,3098.1668,3122.7899,3098.1668,3116.9963
2018-06-06,3102.5121,3144.5161,3101.0636,3144.5161
2018-06-07,3145.9643,3148.8611,3115.5475,3124.2380
2018-06-08,3124.2381,3151.7581,3115.5476,3119.8928
2018-06-11,3114.0994,3127.1352,3102.5121,3109.7542
2018-06-12,3143.0671,3208.2459,3140.1701,3202.4521
2018-06-13,3186.5201,3228.5242,3183.6231,3203.9011
2018-06-14,3202.4525,3228.5240,3189.4167,3189.4167
2018-06-15,3208.2468,3224.1793,3195.2110,3209.6951
2018-06-18,3195.2108,3199.5561,3159.0003,3179.2781
2018-06-19,3159.0004,3159.0004,3112.6511,3114.0994
2018-06-20,3103.9604,3147.4130,3102.5119,3132.9287
2018-06-21,3143.0676,3143.0676,3093.8213,3095.2698
2018-06-22,3054.7141,3137.2740,3046.0236,3132.9287
2018-06-25,3102.5118,3102.5118,3040.2297,3043.1267
2018-06-26,3056.1623,3089.4759,3037.3328,3086.5791
2018-06-27,3108.3054,3124.2379,3064.8529,3082.2339
2018-06-28,3095.2699,3099.6152,3056.1626,3074.9919
2018-06-29,3085.1309,3092.3730,3028.6426,3074.9919
2018-07-02,3056.1627,3073.5437,2990.9839,2992.4321
2018-07-03,2992.4321,3014.1584,2967.8091,2993.8806
2018-07-04,3001.1224,3031.5392,2990.9836,3018.5034
2018-07-05,3006.9163,3009.8131,2970.7058,2977.9480
2018-07-06,2989.5350,2999.6740,2975.0507,2979.3960
2018-07-09,3005.4677,3005.4677,2977.9479,2989.5352
2018-07-10,3006.9162,3006.9162,2954.7732,2956.2217
2018-07-11,2933.0471,2946.0829,2902.6303,2906.9756
2018-07-12,2924.3563,2946.0826,2912.7690,2917.1143
2018-07-13,2927.2529,2947.5309,2909.8719,2934.4951
2018-07-16,2934.4951,2934.4951,2934.4951,2934.4951
2018-07-17,2934.4960,3006.9168,2934.4960,2996.7778
2018-07-18,3015.6072,3050.3692,3008.3652,3015.6072
2018-07-19,3032.9879,3032.9879,2993.8806,2993.8806
2018-07-20,2999.6745,3030.0913,2992.4322,3006.9165
2018-07-23,2992.4326,3018.5041,2992.4326,2996.7778
2018-07-24,3008.3650,3012.7102,2982.2934,2983.7417
2018-07-25,2973.6027,2992.4320,2956.2217,2956.2217
2018-07-26,2988.0869,3025.7459,2979.3964,3019.9521
2018-07-27,3028.6427,3063.4047,3011.2616,3047.4722
2018-07-30,3070.6466,3079.3371,3018.5035,3031.5393
2018-07-31,3032.9879,3061.9562,3017.0553,3024.2974
2018-08-01,3025.7462,3027.1945,2985.1904,2990.9841
2018-08-02,2993.8807,3031.5395,2959.1186,2962.0154
2018-08-03,2972.1543,2977.9481,2931.5986,2940.2891
2018-08-06,2960.5670,2970.7058,2935.9438,2946.0828
2018-08-07,2969.2576,2989.5354,2946.0829,2988.0869
2018-08-08,2989.5358,3021.4011,2970.7063,2970.7063
2018-08-09,2960.5675,2985.1906,2956.2223,2970.7063
2018-08-10,2969.2575,2973.6027,2941.7375,2951.8765
2018-08-13,2940.2888,2943.1858,2886.4076,2895.0981
2018-08-14,2909.8722,2954.7732,2909.8722,2951.8765
2018-08-15,2969.2572,2979.3960,2947.5309,2954.7729
2018-08-16,2940.2889,2959.1184,2909.8721,2930.1501
2018-08-17,2922.9079,2944.6342,2920.0112,2928.7017
2018-08-20,2915.6661,2931.5986,2909.8723,2909.8723
2018-08-21,2908.4237,2918.5625,2892.7808,2892.7808
2018-08-22,2896.8368,2912.7696,2887.2772,2889.3052
2018-08-23,2895.9675,2909.8723,2889.5945,2896.2573
2018-08-24,2915.6663,2931.5988,2905.5273,2915.6663
2018-08-27,2938.8408,2950.4281,2931.5986,2941.7375
2018-08-28,2948.9801,2951.8771,2928.7023,2935.9443
2018-08-29,2930.1499,2941.7372,2917.1142,2924.3562
2018-08-30,2925.8051,2925.8051,2890.1740,2904.0789
2018-08-31,2896.8368,2914.2178,2892.2019,2912.7695
2018-09-03,2890.1739,2894.8087,2878.8762,2891.3325
2018-09-04,2893.9395,2896.5467,2868.7371,2886.6975
2018-09-05,2901.1814,2947.5309,2901.1814,2934.4951
2018-09-06,2925.8053,2931.5988,2880.3248,2882.6423
2018-09-07,2879.1656,2920.0110,2876.5585,2917.1143
2018-09-10,2911.3207,2920.0112,2890.1738,2890.1738
2018-09-11,2896.8366,2918.5629,2892.2017,2906.9756
2018-09-12,2922.9075,2947.5308,2901.1812,2947.5308
2018-09-13,2959.1185,3009.8131,2950.4280,2998.2258
2018-09-14,2993.8804,3005.4677,2951.8764,2959.1184
2018-09-17,2959.1184,2959.1184,2959.1184,2959.1184
2018-09-18,2931.5982,3047.4718,2928.7015,3028.6423
2018-09-19,3070.6463,3093.8211,3056.1623,3090.9243
2018-09-20,3093.8212,3093.8212,3047.4718,3056.1624
2018-09-21,3069.1981,3069.1981,3028.6423,3053.2654
2018-09-24,3053.2654,3053.2654,3053.2654,3053.2654
2018-09-25,3057.6107,3127.1348,3054.7139,3127.1348
2018-09-26,3121.3005,3131.5102,3084.8366,3124.2175
2018-09-27,3125.6766,3135.8863,3077.5444,3080.4614
2018-09-28,3087.7538,3124.2176,3074.6268,3079.0024
2018-10-01,3060.0416,3062.9586,3008.9921,3014.8264
2018-10-02,3023.5776,3046.9145,3017.7433,3039.6216
2018-10-03,3025.0365,3043.9976,2997.3240,2997.3240
2018-10-04,3025.0361,3026.4945,2971.0697,2975.4453
2018-10-05,2975.4456,3004.6165,2960.8600,2985.6555
2018-10-08,2985.6555,2985.6555,2985.6555,2985.6555
2018-10-09,2992.9482,3010.4508,2963.7773,2972.5286
2018-10-10,2991.4893,3013.3676,2972.5283,2975.4453
2018-10-11,2928.7723,2953.5676,2906.0189,2907.4773
2018-10-12,2902.5178,2905.7265,2847.6762,2855.8440
2018-10-15,2837.4662,2849.7181,2797.5020,2800.1274
2018-10-16,2797.5021,2815.5880,2785.2503,2814.7129
2018-10-17,2844.4678,2869.8466,2828.4238,2867.8047
2018-10-18,2866.3455,2884.7232,2860.2195,2880.6394
2018-10-19,2862.2620,2880.6398,2838.0500,2858.7615
2018-10-22,2858.7616,2880.0564,2846.8014,2872.7637
2018-10-23,2850.0106,2853.8027,2778.2498,2786.1260
2018-10-24,2797.5025,2809.1708,2772.1237,2791.6682
2018-10-25,2743.5364,2755.2047,2727.7840,2731.5762
2018-10-26,2773.5816,2791.6677,2729.8251,2779.1243
2018-10-29,2796.0439,2826.9651,2779.9999,2804.2117
2018-10-30,2815.0049,2852.3437,2804.2115,2839.5085
2018-10-31,2843.0088,2882.6813,2822.5889,2880.6394
2018-11-01,2899.6008,2916.8118,2849.7183,2854.0940
2018-11-02,2868.3880,2868.3880,2805.6702,2835.7163
2018-11-05,2829.0074,2864.5959,2818.7975,2854.9695
2018-11-06,2876.8476,2915.9368,2870.4300,2908.3523
2018-11-07,2908.3527,2924.3969,2864.8879,2876.2646
2018-11-08,2910.3946,2921.4795,2895.8091,2911.2698
2018-11-09,2922.9376,2956.4842,2913.6028,2921.4790
2018-11-12,2905.4348,2968.1526,2905.4348,2962.3184
2018-11-13,2933.1476,2949.1916,2906.8937,2928.7720
2018-11-14,2927.3135,2947.7332,2917.1036,2924.3965
2018-11-15,2911.2697,2933.1479,2895.2255,2933.1479
2018-11-16,2944.8158,2998.7823,2937.5231,2979.8210
2018-11-19,2966.6943,2988.5726,2943.3574,2966.6943
2018-11-20,2952.1085,3017.7433,2949.1915,3016.2849
2018-11-21,2979.8210,2990.0309,2953.5670,2962.3184
2018-11-22,2979.8214,3008.9923,2959.4017,3007.5339
2018-11-23,3007.5339,3007.5339,3007.5339,3007.5339
2018-11-26,3019.2022,3023.5779,2990.0313,3010.4509
2018-11-27,3025.0361,3036.7045,3011.9092,3022.1189
2018-11-28,3003.1584,3006.0754,2965.2359,2982.7385
2018-11-29,3006.0752,3006.0752,2972.5286,2972.5286
2018-11-30,2969.6114,3016.2852,2968.1530,3010.4509
2018-12-03,3042.5391,3046.9147,3016.2852,3026.4949
2018-12-04,3014.8262,3022.1189,2949.1914,2949.1914
2018-12-05,2931.6886,2991.4892,2920.0203,2963.7769
2018-12-06,2943.3570,2972.5282,2943.3570,2963.7769
2018-12-07,3004.6164,3019.2019,2979.8210,3016.2849
2018-12-10,2998.7826,3007.5339,2965.2358,2984.1970
2018-12-11,2994.4071,2995.8655,2968.1531,2982.7385
2018-12-12,2973.9870,2984.1970,2912.7278,2966.6943
2018-12-13,2966.6945,2969.6115,2925.8549,2931.6892
2018-12-14,2922.9376,2957.9428,2918.5620,2937.5232
2018-12-17,2960.8597,2982.7380,2949.1913,2981.2795
2018-12-18,2971.0696,2978.3623,2934.6057,2944.8157
2018-12-19,2946.2746,2959.4015,2896.9754,2904.8516
2018-12-20,2869.2628,2917.1032,2800.7108,2806.8367
2018-12-21,2822.2973,2829.0067,2753.4536,2765.4138
2018-12-24,2765.4138,2765.4138,2765.4138,2765.4138
2018-12-25,2744.7027,2744.7027,2643.7710,2670.0249
2018-12-26,2691.6114,2749.0782,2657.4813,2702.6963
2018-12-27,2799.2525,2863.4287,2794.0017,2852.0520
2018-12-28,2820.8396,2849.4273,2812.9634,2832.7998
2018-12-31,2832.7998,2832.7998,2832.7998,2832.7998
2019-01-04,2822.2975,2864.5954,2808.2954,2838.6333
2019-01-07,2893.1832,2936.0647,2892.3081,2925.8547
2019-01-08,2914.1863,2924.3962,2853.2188,2854.3857
2019-01-09,2887.6408,2890.8495,2859.3447,2871.3049
2019-01-10,2872.1804,2936.0650,2871.8888,2933.1479
2019-01-11,2930.2300,2934.6057,2897.2669,2901.0591
2019-01-15,2861.3869,2927.3133,2859.0531,2903.1013
2019-01-16,2902.8101,2921.4795,2890.8499,2911.8530
2019-01-17,2917.1035,2922.9378,2899.0176,2917.1035
2019-01-18,2920.0205,2957.9428,2913.3111,2943.3572
2019-01-21,2955.0261,2957.9431,2920.0208,2924.3965
2019-01-22,2937.5236,2943.3577,2925.8550,2933.1479
2019-01-23,2933.1479,2943.3577,2924.3966,2933.1479
2019-01-24,2904.2686,2918.5624,2873.3472,2907.4773
2019-01-25,2902.5178,2921.4788,2889.0990,2916.8115
2019-01-28,2916.5207,2916.5207,2874.5144,2876.2646
2019-01-29,2890.2665,2920.0209,2886.4741,2915.0618
2019-01-30,2922.9378,2924.3965,2899.3093,2913.6030
2019-01-31,2968.1522,2995.8646,2934.6054,2940.4397
2019-02-01,2933.1476,2965.2356,2933.1476,2952.1086
2019-02-04,2973.9867,3013.3676,2969.6111,2998.7822
2019-02-05,3010.4506,3030.8702,2991.4893,2998.7822
2019-02-06,2994.4067,3016.2850,2978.3625,3004.6165
2019-02-07,2987.1135,2997.3235,2940.4400,2963.7769
2019-02-08,2940.4402,2953.5672,2918.5619,2927.3132
2019-02-12,2938.9821,2975.4460,2931.6895,2965.2361
2019-02-13,2978.3623,2979.8209,2955.0256,2968.1526
2019-02-14,2973.9872,2988.5728,2966.6945,2982.7385
2019-02-15,2968.1533,2992.9486,2955.0263,2991.4900
2019-02-18,3016.2853,3029.4122,3004.6167,3027.9536
2019-02-19,3048.3731,3089.2126,3046.9147,3089.2126
2019-02-20,3097.9644,3108.1743,3077.5447,3097.9644
2019-02-21,3100.8809,3111.0908,3076.0856,3100.8809
2019-02-22,3096.5053,3111.0909,3074.6271,3076.0857
2019-02-25,3070.2512,3087.7538,3060.0415,3083.3782
2019-02-26,3080.4612,3095.0468,3076.0856,3090.6711
2019-02-27,3096.5056,3115.4668,3093.5885,3102.3398
2019-02-28,3102.3396,3134.4278,3102.3396,3109.6323
2019-03-01,3131.5109,3140.2622,3111.0913,3127.1353
2019-03-04,3149.0127,3151.9300,3102.3391,3112.5491
2019-03-05,3106.7156,3121.3012,3090.6716,3106.7156
2019-03-06,3105.2566,3112.5495,3093.5882,3105.2566
2019-03-07,3081.9204,3103.7986,3068.7934,3097.9644
2019-03-08,3077.5443,3102.3396,3064.4173,3065.8757
2019-03-11,3065.8757,3100.8809,3061.5000,3095.0469
2019-03-12,3106.7154,3127.1351,3093.5884,3111.0911
2019-03-13,3119.8420,3125.6763,3068.7928,3083.3782
2019-03-14,3109.6323,3127.1349,3097.9640,3109.6323
2019-03-15,3127.1345,3143.1787,3109.6319,3130.0518
2019-03-18,3121.3009,3128.5936,3112.5496,3122.7593
2019-03-19,3115.4662,3121.3005,3090.6709,3103.7979
2019-03-20,3099.4222,3124.2175,3099.4222,3124.2175
2019-03-22,3127.1347,3147.5546,3111.0907,3146.0959
2019-03-25,3119.8427,3122.7597,3065.8762,3071.7104
2019-03-26,3115.4665,3191.3113,3103.7982,3178.1843
2019-03-27,3173.7784,3203.1516,3166.4350,3201.6829
2019-03-28,3186.9960,3191.4020,3103.2823,3112.0942
2019-03-29,3151.7485,3156.1544,3131.1870,3137.0618
2019-04-01,3172.3098,3209.0265,3166.4351,3179.6531
2019-04-02,3210.4947,3211.9634,3115.0318,3116.5005
2019-04-03,3113.5632,3117.9692,3085.6587,3094.4707
2019-04-04,3078.3150,3081.2525,3013.6940,3037.1926
2019-04-05,3037.1927,3066.5659,3028.3807,3050.4106
2019-04-08,3054.8171,3056.2856,3032.7872,3056.2856
2019-04-09,3041.5988,3047.4733,3016.6314,3025.4434
2019-04-10,3010.7571,3019.5690,3000.4764,3009.2883
2019-04-11,2994.6018,3015.1633,2988.7273,3003.4138
2019-04-12,3000.4758,3006.3506,2978.4459,3001.9446
2019-04-15,3053.3480,3066.5660,3031.3181,3031.3181
2019-04-16,3021.0375,3022.5063,3003.4136,3007.8196
2019-04-17,3021.0370,3023.9745,2993.1326,3001.9446
2019-04-18,3012.2260,3012.2260,2985.7901,2994.6021
2019-04-19,2996.0699,2997.5386,2946.1353,2960.8220
2019-04-22,2954.9481,2981.3840,2950.5421,2976.9780
2019-04-23,2987.2579,3013.6938,2975.5087,3001.9446
2019-04-24,3031.3181,3035.7241,2971.1030,2972.5715
2019-04-25,3022.5061,3041.5988,2994.6015,3031.3181
2019-04-26,3097.4078,3104.7511,3040.1300,3073.9092
2019-05-07,3043.0674,3053.3481,2984.3211,3000.4763
2019-05-08,2963.7594,2978.4461,2921.4620,2938.7922
2019-05-09,2934.0926,2934.0926,2875.3461,2886.2141
2019-05-10,2891.2076,2920.2871,2882.3957,2909.1252
2019-05-13,2888.5643,2902.0759,2875.9339,2897.6699
2019-05-14,2855.0783,2906.1878,2852.1411,2899.1382
2019-05-15,2918.5253,2936.7368,2908.2446,2935.2681
2019-05-16,2931.4494,2987.2585,2924.9872,2985.7898
2019-05-17,3016.6314,3029.8493,3004.8822,3019.5688
2019-05-20,3019.5689,3043.0674,3019.5689,3040.1301
2019-05-21,3034.2555,3069.5034,3034.2555,3066.5662
2019-05-22,3078.3154,3078.3154,3015.1631,3016.6316
2019-05-23,3034.2555,3051.8794,3025.4435,3051.8794
2019-05-24,3054.8172,3075.3784,3048.9425,3069.5037
2019-05-27,3076.8466,3076.8466,3060.6912,3073.9092
2019-05-28,3079.7839,3095.9391,3068.0347,3072.4407
2019-05-29,3066.5657,3079.7837,3050.4105,3070.9717
2019-05-30,3038.6614,3043.0674,3009.2882,3035.7241
2019-05-31,3032.7871,3051.8796,3023.9751,3028.3811
2019-06-03,2991.6646,3053.3484,2991.6646,3053.3484
2019-06-04,3046.0050,3047.4735,3001.9451,3016.6316
2019-06-05,3032.7869,3050.4109,3026.9122,3047.4734
2019-06-06,3066.5662,3084.1902,3051.8795,3079.7842
2019-06-07,3072.4405,3081.2524,3041.5986,3076.8464
2019-06-10,3090.0647,3110.6259,3078.3153,3101.8140
2019-06-11,3087.1269,3094.4704,3069.5030,3078.3149
2019-06-12,3070.9719,3085.6586,3070.9719,3073.9092
2019-06-13,3062.1598,3066.5658,3023.9747,3041.5986
2019-06-14,3043.0674,3056.2854,3028.3809,3047.4734
2019-06-17,3044.5363,3050.4110,3015.1631,3015.1631
2019-06-18,3013.6947,3018.1006,2969.6348,2976.9780
2019-06-19,3006.3511,3022.5063,3000.4763,3007.8196
2019-06-20,3026.9123,3043.0675,3016.6316,3018.1003
2019-06-21,3007.8196,3009.2884,2966.6973,2968.1658
2019-06-24,2946.1358,2962.2912,2931.4493,2947.6045
2019-06-25,2957.8850,2981.3835,2952.0103,2963.7595
2019-06-26,2938.7926,2960.8225,2924.3997,2953.4792
2019-06-27,2960.8221,2982.8521,2949.0729,2982.8521
2019-06-28,2982.8519,2982.8519,2940.2608,2960.8220
2019-07-01,2991.6646,3004.8826,2976.9779,3003.4138
2019-07-02,2996.0701,3006.3508,2994.6014,2997.5388
2019-07-03,2974.0406,2990.1958,2972.5718,2981.3838
2019-07-04,3004.8824,3034.2556,2991.6644,3022.5063
2019-07-05,3026.9120,3034.2553,3003.4134,3013.6941
2019-07-08,3013.6947,3013.6947,2971.1035,2976.9780
2019-07-09,3000.4766,3018.1005,2993.1333,3003.4138
2019-07-10,3003.4134,3019.5688,2975.5090,3010.7568
2019-07-11,3004.8823,3023.9750,3004.8823,3007.8196
2019-07-12,2999.0078,3003.4138,2994.6018,2999.0078
2019-07-16,2975.5090,2979.9149,2953.4790,2963.7595
2019-07-17,2974.0406,2990.1958,2968.1658,2981.3838
2019-07-18,2959.3533,2969.6340,2905.0129,2912.0625
2019-07-19,2926.4554,2963.7593,2914.1186,2962.2908
2019-07-22,2946.1354,2950.5414,2918.2310,2919.9934
2019-07-23,2905.8946,2936.1490,2893.2640,2926.4558
2019-07-24,2925.5744,2926.1620,2902.3696,2906.7756
2019-07-25,2934.9738,2935.8550,2909.1252,2914.7063
2019-07-26,2923.5187,2940.2614,2915.8815,2928.5120
2019-07-29,2936.7364,2941.7297,2925.2809,2941.7297
2019-07-30,2944.6677,2950.5422,2933.2121,2943.1990
2019-07-31,2946.1355,2950.5415,2918.2310,2938.7922
2019-08-01,2927.6304,2941.7296,2912.6501,2933.5051
2019-08-02,2911.1818,2919.6999,2883.5708,2895.0264
2019-08-05,2869.7652,2882.1019,2839.8045,2880.0457
2019-08-06,2845.0920,2907.6570,2830.4054,2903.8384
2019-08-07,2904.7195,2949.0732,2894.1451,2944.6672
2019-08-08,2927.0435,2944.6674,2917.3503,2937.3240
2019-08-09,2950.5418,2957.8852,2938.7925,2952.0105
2019-08-13,2943.1983,2963.7595,2935.8551,2957.8850
2019-08-14,2981.3834,2982.8521,2930.5678,2938.7922
2019-08-15,2900.6077,2936.4429,2896.4954,2935.2681
2019-08-16,2926.4558,2953.4792,2923.5185,2944.6672
2019-08-19,2962.2908,2969.6340,2944.6668,2962.2908
2019-08-20,2960.8221,2978.4460,2957.8848,2975.5088
2019-08-21,2953.4792,2960.8225,2943.1985,2952.0105
2019-08-22,2963.7593,2963.7593,2938.7921,2962.2908
2019-08-23,2966.6970,2982.8522,2957.8851,2972.5715
2019-08-26,2929.0993,2952.0105,2915.0002,2946.1357
2019-08-27,2975.5087,2978.4460,2963.7593,2966.6968
2019-08-28,2971.1028,2990.1953,2968.1654,2982.8521
2019-08-29,2972.5715,2978.4463,2956.4163,2972.5715
2019-08-30,2987.2582,2987.2582,2959.3536,2971.1030
2019-09-02,2947.6045,2959.3537,2940.2613,2944.6672
2019-09-03,2943.1985,2950.5417,2932.3305,2946.1357
2019-09-04,2940.2613,2950.5418,2934.3866,2949.0732
2019-09-05,2954.9474,2997.5387,2949.0729,2975.5088
2019-09-06,2976.9774,2982.8521,2937.3235,2938.7922
2019-09-09,2950.5413,2962.2908,2943.1981,2960.8220
2019-09-10,2960.8228,2962.2916,2928.5122,2934.0933
2019-09-11,2946.1356,2971.1030,2934.9739,2971.1030
2019-09-12,2972.5712,3013.6938,2959.3532,3001.9446
2019-09-13,3007.8192,3078.3150,2996.0700,3076.8464
2019-09-17,3053.3477,3072.4404,3040.1298,3063.6284
2019-09-18,3072.4408,3076.8468,3046.0049,3051.8794
2019-09-19,3070.9716,3098.8762,3060.6909,3098.8762
2019-09-20,3110.6261,3113.5633,3044.5363,3075.3782
2019-09-24,3094.4708,3134.1246,3088.5961,3113.5632
2019-09-25,3103.2825,3128.2497,3091.5331,3122.3750
2019-09-26,3167.9041,3181.1220,3104.7515,3115.0322
2019-09-27,3117.2517,3127.6130,3072.8464,3105.4104
2019-09-30,3068.4064,3086.1685,3040.2830,3052.1245
2019-10-01,3078.7672,3103.9301,3074.3267,3074.3267
2019-10-02,3086.1685,3106.8909,3081.7279,3106.8909
2019-10-03,3059.5257,3072.8473,3026.9617,3046.2041
2019-10-04,3028.4412,3071.3662,3028.4412,3071.3662
2019-10-07,3066.9256,3084.6877,3066.9256,3084.6877
2019-10-08,3108.3706,3108.3706,3066.9256,3084.6877
2019-10-09,3074.3266,3099.4895,3068.4058,3098.0093
2019-10-10,3077.2874,3095.0495,3049.1639,3075.8071
2019-10-11,3087.6492,3106.8914,3075.8077,3096.5303
2019-10-15,3095.0496,3105.4109,3056.5651,3103.9307
2019-10-16,3103.9301,3124.6525,3056.5645,3065.4456
2019-10-17,3059.5253,3071.3666,3029.9218,3032.8821
2019-10-18,3022.5210,3031.4021,2984.0365,2989.9573
2019-10-21,2979.5956,2988.4767,2960.3533,2960.3533
2019-10-23,2960.0574,3019.5605,2959.7615,3019.5605
2019-10-24,3046.2042,3050.6447,3009.1997,3012.1602
2019-10-25,3013.6402,3015.1205,2994.3981,3009.1997
2019-10-28,3010.6793,3010.6793,2958.2810,2958.2810
2019-10-29,2947.0317,2951.4722,2931.3420,2935.4863
2019-10-30,2945.5520,2954.1369,2935.7829,2941.4075
2019-10-31,2936.6712,2941.4077,2912.1002,2915.6526
2019-11-01,2917.7247,2943.4798,2917.7247,2941.7036
2019-11-05,2964.7941,2981.0762,2948.8082,2978.1157
2019-11-06,2985.5166,2985.5166,2944.0716,2963.3140
2019-11-07,2994.3980,3015.1204,2966.2746,2979.5962
2019-11-08,2992.9171,2992.9171,2955.9126,2964.7937
2019-11-11,2986.9969,2997.3582,2978.1158,2995.8779
2019-11-12,2985.5170,2988.4773,2969.2350,2976.6360
2019-11-13,2991.4369,3003.2784,2978.1153,2986.9963
2019-11-14,2985.5166,2989.9571,2954.1367,2963.3140
2019-11-15,2973.6751,2978.1156,2958.5773,2963.3140
2019-11-18,2960.3532,2973.6748,2949.6959,2973.6748
2019-11-19,2979.5959,3000.3183,2973.6751,2994.3977
2019-11-20,2979.5959,2994.3977,2970.7148,2994.3977
2019-11-21,2998.8383,3003.2788,2961.8338,3001.7986
2019-11-22,3004.7583,3006.2385,2984.0359,2984.0359
2019-11-25,3000.3182,3018.0803,2995.8777,3018.0803
2019-11-26,3032.8821,3053.6045,3024.0011,3041.7632
2019-11-27,3056.5650,3056.5650,3018.0802,3032.8821
2019-11-28,3018.0805,3018.0805,2995.8778,3000.3184
2019-11-29,3010.6794,3010.6794,2981.0759,2981.0759
2019-12-02,2970.7148,3009.1993,2969.2345,2985.5166
2019-12-03,2951.4724,2961.8337,2927.1976,2947.6240
2019-12-04,2931.0458,2961.8335,2931.0458,2956.5049
2019-12-05,2956.5050,2957.3931,2934.0064,2944.0715
2019-12-06,2944.3677,2945.5520,2929.2699,2931.3423
2019-12-09,2961.8338,2961.8338,2934.0065,2947.3281
2019-12-10,2937.2624,2940.2229,2920.6846,2921.8687
2019-12-11,2912.3956,2927.7895,2896.7058,2918.6123
2019-12-12,2933.7102,2935.7826,2911.2116,2911.5076
2019-12-13,2955.9127,2979.5956,2941.1111,2948.8079
2019-12-16,2937.2625,2957.0971,2931.6379,2931.6379
2019-12-17,2943.1836,2945.2558,2920.6850,2943.1836
2019-12-18,2923.9408,2933.1180,2923.9408,2927.1973
2019-12-19,2916.2444,2931.9341,2916.2444,2924.2373
2019-12-20,2932.5266,2934.8950,2915.3566,2915.6526
2019-12-23,2914.7642,2921.8691,2907.0672,2919.5007
2019-12-24,2926.9016,2934.3024,2910.6195,2913.8760
2019-12-25,2912.9881,2917.1327,2910.3238,2912.3960
2019-12-26,2921.8687,2922.7568,2912.9877,2921.5728
2019-12-27,2929.8621,2938.1510,2926.0137,2926.0137
2019-12-30,2926.6056,2933.1185,2918.3167,2918.3167
2020-01-06,2896.7060,2905.8830,2862.6618,2864.4380
2020-01-07,2879.5362,2901.4429,2871.8394,2893.4500
2020-01-08,2877.7594,2898.1858,2867.1021,2887.8247
2020-01-09,2911.2116,2914.1718,2899.3702,2905.2908
2020-01-10,2928.6777,2933.4142,2919.7966,2927.4934
2020-01-14,2945.5520,2950.8807,2928.9740,2947.9202
2020-01-15,2947.9202,2947.9202,2925.1256,2942.5916
2020-01-16,2937.5589,2942.5913,2927.4935,2932.2302
2020-01-17,2945.5519,2946.4400,2938.1509,2943.4795
2020-01-20,2957.6892,2966.2743,2955.6170,2957.6892
2020-01-21,2969.2343,2970.7146,2956.5049,2960.3533
2020-01-22,2957.6892,2963.3140,2952.3606,2957.6892
2020-01-23,2949.4003,2956.5051,2937.5590,2938.1509
2020-01-24,2960.3539,2972.1954,2949.9928,2966.2747
2020-01-27,2936.0786,2945.8477,2923.3491,2933.7102
2020-01-28,2930.1576,2933.4140,2911.5073,2920.6846
2020-01-29,2936.6710,2959.4656,2934.5986,2954.4331
2020-01-30,2932.8220,2947.6238,2913.2837,2918.6123
2020-01-31,2904.9950,2915.3563,2871.5430,2871.5430
2020-02-03,2828.6179,2833.9466,2804.6391,2822.1052
2020-02-04,2819.1444,2857.0370,2811.1515,2848.4519
2020-02-05,2861.1815,2889.8969,2858.5172,2881.3118
2020-02-06,2914.4678,2924.8288,2903.8105,2907.9548
2020-02-07,2915.3558,2920.0923,2875.9829,2886.3442
2020-02-10,2861.4780,2875.3917,2850.5247,2854.0771
2020-02-12,2850.8201,2853.1884,2829.8015,2829.8015
2020-02-13,2847.8598,2849.6360,2815.5918,2818.2561
2020-02-14,2815.5922,2823.2892,2790.1333,2793.9817
2020-02-17,2768.5225,2770.2987,2725.8934,2726.7815
2020-02-18,2708.7234,2726.7815,2688.0010,2690.6653
2020-02-19,2713.7558,2744.5434,2705.7629,2719.0845
2020-02-20,2716.4206,2719.0849,2668.4629,2668.4629
2020-02-21,2668.7586,2702.2107,2658.6935,2690.6653
2020-02-25,2583.2043,2652.1803,2572.2508,2612.2156
2020-02-26,2605.1112,2605.1112,2558.9296,2581.4285
2020-02-27,2548.2723,2558.9296,2521.3331,2524.5896
2020-02-28,2471.8955,2496.7625,2429.5626,2462.7185
2020-03-02,2415.9443,2485.2166,2406.7673,2452.3567
2020-03-03,2481.0722,2485.2165,2419.2007,2421.5691
2020-03-04,2406.4714,2449.3965,2382.1964,2431.0422
2020-03-05,2463.3103,2481.9605,2451.4687,2473.9675
2020-03-06,2427.4898,2441.1076,2382.7886,2395.8142
2020-03-09,2341.9354,2352.0005,2284.5045,2304.9309
2020-03-10,2269.9989,2378.6438,2220.2650,2360.2898
2020-03-11,2359.6979,2406.1754,2338.6793,2370.6511
2020-03-12,2332.1664,2358.8096,2280.3603,2310.5559
2020-03-13,2190.6616,2251.6447,2090.0094,2169.9390
2020-03-16,2161.3542,2299.8987,2158.0977,2219.0811
2020-03-17,2211.3843,2368.8751,2182.9649,2352.8892
2020-03-18,2368.5794,2493.2103,2345.1927,2422.7539
2020-03-19,2467.1585,2578.7639,2417.7205,2452.6528
2020-03-23,2397.8861,2477.5197,2345.4879,2450.5803
2020-03-24,2539.3911,2545.9040,2390.1893,2439.3313
2020-03-25,2483.7370,2501.4991,2379.2364,2486.6973
2020-03-26,2417.4245,2450.2844,2391.3734,2438.7390
2020-03-27,2469.5271,2560.4099,2442.2918,2560.4099
2020-03-30,2489.7232,2547.1094,2481.6533,2547.1094
2020-03-31,2547.1089,2570.4220,2442.7974,2443.6941
2020-04-01,2376.1464,2391.0908,2297.2404,2315.4724
2020-04-02,2313.3801,2313.3801,2259.5806,2265.5583
2020-04-03,2300.5276,2335.7961,2230.8870,2250.6135
2020-04-06,2235.6698,2348.6489,2226.7032,2344.7634
2020-04-07,2415.0013,2450.8676,2376.1461,2409.6213
2020-04-08,2422.7726,2543.2237,2422.7726,2540.5337
2020-04-09,2532.7623,2538.4411,2431.4399,2474.7783
2020-04-10,2474.1809,2497.4941,2424.2671,2493.3098
2020-04-13,2448.4768,2480.1587,2435.9236,2458.0410
2020-04-14,2469.6973,2495.4016,2455.0520,2495.4016
2020-04-15,2459.8340,2517.8180,2454.4541,2516.6226
2020-04-16,2480.7565,2501.3797,2471.7899,2492.7119
2020-04-17,2510.6447,2517.8180,2431.7388,2437.7166
2020-04-20,2405.4370,2443.9934,2404.5404,2431.1411
2020-04-21,2391.0910,2443.0972,2390.7919,2434.1306
2020-04-22,2434.1304,2455.3512,2424.2672,2438.3147
2020-04-23,2428.4511,2444.5910,2397.0681,2437.1189
2020-04-24,2430.2444,2430.8422,2393.1826,2408.1270
2020-04-27,2444.5914,2461.9270,2408.4263,2461.9270
2020-04-28,2450.2696,2452.0629,2413.8054,2432.0374
2020-04-30,2450.8679,2450.8679,2353.1321,2353.1321
2020-05-01,2334.9003,2351.0401,2293.0561,2295.7461
2020-05-07,2262.5690,2280.5022,2211.7585,2217.1384
2020-05-08,2241.6474,2335.4977,2234.1753,2334.6011
2020-05-11,2346.5566,2465.8123,2346.5566,2453.2590
2020-05-12,2419.1863,2440.4073,2385.4121,2406.9319
2020-05-13,2370.7662,2403.0460,2364.1908,2391.0906
2020-05-14,2385.7110,2432.0383,2380.0320,2380.6299
2020-05-15,2385.1126,2393.1826,2336.6930,2348.3496
2020-05-18,2337.2911,2357.3164,2318.7601,2325.9333
2020-05-19,2391.9878,2408.1277,2362.9957,2379.7334
2020-05-20,2398.8614,2426.0602,2373.7549,2417.9902
2020-05-21,2415.0017,2415.8984,2361.2021,2361.2021
2020-05-22,2367.1795,2375.5483,2334.6010,2343.2686
2020-05-25,2382.1239,2459.8342,2367.4783,2459.5354
2020-05-26,2504.3686,2571.6180,2480.7566,2559.6626
2020-05-27,2560.2603,2560.2603,2485.2400,2507.3574
2020-05-28,2541.1316,2543.5228,2508.8519,2528.8772
2020-05-29,2507.6567,2539.3385,2494.8044,2525.5898
2020-06-01,2494.8042,2497.4942,2463.7202,2473.2844
2020-06-02,2495.7009,2548.6038,2490.0221,2523.4973
2020-06-03,2546.5114,2569.2267,2529.4749,2561.1567
2020-06-04,2570.4227,2606.2890,2542.0284,2549.2017
2020-06-05,2531.5672,2597.0233,2530.0729,2595.2300
2020-06-08,2608.0826,2636.1779,2583.2750,2631.3958
2020-06-09,2640.9593,2654.4092,2582.3777,2600.9087
2020-06-10,2594.3331,2598.8163,2566.5366,2575.8022
2020-06-11,2540.5338,2575.5035,2522.6006,2522.6006
2020-06-12,2473.2840,2506.1615,2443.3954,2501.6782
2020-06-15,2473.8821,2499.8853,2431.1413,2436.8203
2020-06-16,2430.2449,2477.7678,2424.8649,2471.4912
2020-06-17,2471.7897,2477.7673,2420.0823,2420.0823
2020-06-18,2416.4959,2435.3258,2393.1828,2423.9680
2020-06-19,2441.9011,2441.9011,2395.8727,2397.6660
2020-06-22,2397.0678,2402.4477,2360.9026,2360.9026
2020-06-23,2361.2016,2390.4925,2344.4641,2369.2715
2020-06-24,2340.2795,2365.3859,2325.6341,2330.1174
2020-06-25,2301.4244,2305.9077,2254.7982,2271.5356
2020-06-26,2306.2069,2318.7601,2286.4804,2301.4248
2020-06-29,2270.9384,2270.9384,2236.8654,2241.9463
2020-06-30,2271.5364,2275.4221,2232.6812,2233.8767
2020-07-01,2256.2920,2258.9820,2205.7803,2209.0681
2020-07-02,2209.9654,2248.2227,2204.8842,2220.1274
2020-07-03,2228.7952,2234.7728,2189.0432,2207.5742
2020-07-06,2196.8149,2235.3712,2192.6304,2233.8767
2020-07-07,2211.7590,2215.3456,2170.2137,2173.8003
2020-07-08,2178.8813,2203.3899,2160.6493,2162.4426
2020-07-09,2167.2246,2180.3756,2131.0594,2144.8081
2020-07-10,2143.0146,2148.3946,2108.9416,2126.8748
2020-07-13,2151.9814,2165.4313,2132.8527,2160.6492
2020-07-14,2165.7304,2170.2137,2135.8418,2139.4285
2020-07-15,2166.9261,2212.9545,2165.1327,2189.3425
2020-07-16,2211.7586,2240.1527,2187.8477,2200.4009
2020-07-17,2190.2389,2196.5156,2171.4091,2180.0767
2020-07-20,2153.4761,2154.3728,2118.2074,2138.5317
2020-07-21,2120.5987,2129.8641,2103.5622,2111.9309
2020-07-22,2091.6069,2092.2045,2049.7627,2050.3606
2020-07-27,2020.4713,2086.8241,2002.5381,2085.0308
2020-07-28,2079.6504,2093.6981,2039.8986,2048.2673
2020-07-29,2026.4493,2026.4493,1984.0075,1984.6051
2020-07-30,1960.9928,1983.4093,1891.3522,1895.2379
2020-07-31,1838.4497,1888.6626,1811.5500,1814.5388
2020-08-03,1827.9884,1863.8549,1759.8423,1776.2811
2020-08-04,1794.8124,1929.3113,1780.4658,1925.1268
2020-08-05,1911.3780,1912.8723,1848.6119,1878.2017
2020-08-06,1863.2573,1867.7406,1827.3910,1831.8743
2020-08-07,1816.0331,1893.4447,1810.0553,1874.3158
2020-08-11,1898.5256,1975.6382,1898.5256,1957.4062
2020-08-12,1963.9820,2027.3460,1940.3701,2019.8739
2020-08-13,2040.1981,2053.3491,1986.0997,2025.2539
2020-08-14,2009.7118,2015.0918,1980.1221,1994.4686
2020-08-17,1972.6493,1988.4903,1955.3140,1955.3140
2020-08-18,1932.5989,1949.0378,1916.4590,1943.6578
2020-08-19,1940.9677,1983.7083,1929.6099,1980.7195
2020-08-20,1987.8927,2029.1390,1984.0073,1995.9626
2020-08-21,1993.2730,2035.4160,1992.9742,2021.0695
2020-08-24,2032.4269,2033.9212,1987.2949,1999.8481
2020-08-25,2035.4158,2052.7511,2018.0805,2034.2203
2020-08-26,2031.5309,2035.1176,2003.7345,2035.1176
2020-08-27,2027.6449,2027.6449,1982.2143,1983.1110
2020-08-28,2002.5384,2086.2268,2001.9408,2030.6339
2020-08-31,2078.1564,2096.9862,2053.3488,2061.4187
2020-09-01,2034.2205,2057.2346,2012.9995,2041.0947
2020-09-02,2041.6927,2046.4748,2018.6784,2029.7373
2020-09-03,2045.5779,2051.8545,2025.8514,2033.0247
2020-09-04,2040.4975,2042.5896,2007.0221,2031.5309
2020-09-07,2032.4271,2055.7402,2032.4271,2052.1536
2020-09-08,2068.2931,2105.9528,2033.3234,2037.5077
2020-09-09,2017.1841,2058.4304,2002.8376,2058.4304
2020-09-10,2062.3158,2082.0423,2045.2793,2079.9502
2020-09-11,2077.5589,2143.9116,2063.5111,2137.6350
2020-09-14,2160.9478,2173.7999,2133.7493,2143.3135
2020-09-15,2098.4808,2104.4586,2071.2822,2083.8354
2020-09-16,2077.2598,2087.1231,2055.7400,2062.3154
2020-09-17,2013.5975,2032.4274,1956.2113,1966.0746
2020-09-18,1968.1665,2023.4606,1960.6944,2013.8961
2020-09-23,1994.1698,2049.1648,1987.8931,2047.3715
2020-09-24,2061.1201,2070.0867,2039.8991,2064.4077
2020-09-25,2052.7510,2055.1422,1994.4682,2005.5271
2020-09-28,2015.6894,2027.6448,1966.6720,2024.9548
2020-09-29,2009.5978,2021.6421,1992.1334,2001.7689
2020-09-30,1992.7365,2000.5653,1951.1835,1951.1835
2020-10-02,1949.9789,1951.1833,1894.5748,1902.4037
2020-10-05,1942.7521,1986.1118,1936.1276,1973.4652
2020-10-06,1986.4125,1987.9181,1947.2685,1978.5836
2020-10-07,1968.3462,1977.3794,1943.9564,1973.7661
2020-10-08,1954.1939,1962.6251,1936.4287,1942.1497
2020-10-09,1940.9458,1947.8712,1908.4261,1912.9427
2020-10-12,1904.5113,1924.3844,1897.5859,1919.2657
2020-10-13,1924.0836,1943.9568,1922.5780,1942.7524
2020-10-14,1933.1163,1933.1163,1911.7375,1918.0608
2020-10-15,1917.4590,1921.6743,1891.5636,1895.4779
2020-10-16,1890.9617,1890.9617,1851.8176,1851.8176
2020-10-19,1850.0106,1882.8313,1847.3006,1857.5382
2020-10-20,1838.8699,1838.8699,1772.6261,1772.6261
2020-10-21,1773.2281,1808.4578,1762.9904,1780.1536
2020-10-22,1761.7861,1766.9049,1719.6308,1725.3519
2020-10-23,1734.3851,1764.4960,1727.7607,1757.8716
2020-10-26,1759.3771,1775.9381,1743.1172,1759.3771
2020-10-27,1758.7751,1758.7751,1726.2554,1744.0208
2020-10-28,1726.2552,1741.9129,1716.3187,1727.7607
2020-10-29,1671.1524,1709.3932,1665.1302,1686.8101
2020-10-30,1690.7242,1695.2408,1639.8369,1643.1490
2020-11-02,1663.6246,1712.7053,1662.1190,1700.3599
2020-11-04,1707.8876,1719.6309,1684.7023,1699.1555
2020-11-05,1701.2632,1707.2853,1669.9478,1704.8765
2020-11-06,1703.9731,1718.7274,1686.5088,1704.2742
2020-11-09,1703.0700,1704.8767,1662.7214,1664.8292
2020-11-10,1896.9835,1922.8789,1842.7840,1922.8789
2020-11-11,1972.2610,1995.7474,1912.9427,1953.8934
2020-11-12,1924.9868,1938.5367,1886.4448,1912.0392
2020-11-13,1852.1184,1866.2706,1823.5132,1848.8063
2020-11-16,1856.3342,1886.7462,1845.4943,1884.9396
2020-11-17,1956.9044,1966.5400,1931.6113,1961.7223
2020-11-18,1957.5064,1990.9295,1942.1499,1965.6364
2020-11-19,1948.1722,1975.8740,1936.7300,1974.9707
2020-11-20,1960.2167,1981.2942,1950.8824,1958.7111
2020-11-24,1997.8554,2048.7426,1996.6508,2033.6871
2020-11-25,2071.0240,2072.8307,2008.0923,2010.8022
2020-11-26,2002.3717,2034.5902,1993.3384,2022.5459
2020-11-27,2030.9771,2037.9027,2015.6206,2023.7505
2020-11-30,2047.2369,2047.5381,1953.5923,1953.5923
2020-12-01,1969.2496,1996.3494,1939.1388,1993.0371
2020-12-02,2030.9769,2077.3478,2018.6316,2050.8501
2020-12-03,2074.3365,2119.5028,2073.1322,2104.4475
2020-12-04,2092.7038,2131.8478,2088.4882,2098.7258
2020-12-07,2109.2653,2119.2019,2065.9057,2080.9612
2020-12-08,2077.6484,2098.1238,2065.6041,2084.2727
2020-12-09,2088.1873,2090.5960,2059.5819,2079.4551
2020-12-10,2086.9830,2109.5661,2080.0576,2080.0576
2020-12-11,2092.4030,2106.2542,2074.9388,2104.4475
2020-12-14,2105.9530,2118.5996,2086.3811,2087.2844
2020-12-15,2062.8951,2099.6302,2054.4639,2097.2214
2020-12-16,2106.5553,2116.4919,2085.4778,2087.2844
2020-12-17,2064.7015,2068.3148,2006.8887,2009.5986
2020-12-18,2007.4905,2039.4081,2002.9739,2026.4603
2020-12-21,2019.5349,2024.6536,1981.2940,1998.1561
2020-12-22,1971.6585,1972.5619,1952.0864,1957.2053
2020-12-23,1972.2610,1986.7142,1955.7001,1965.9377
2020-12-24,1985.8105,2008.9959,1984.6061,1996.3494
2020-12-25,1986.4130,2001.1672,1982.7997,2001.1672
2020-12-28,2014.7166,2043.0209,2000.8656,2036.3964
2020-12-29,2049.0435,2089.0911,2045.4302,2086.3811
2020-12-30,2084.2733,2087.2845,2057.7758,2073.1323
2021-01-04,2063.1950,2063.1950,1983.1001,2001.7689
2021-01-05,1972.2607,1999.3605,1956.0008,1963.5287
2021-01-06,1957.2055,1980.0897,1946.3656,1969.8521
2021-01-07,1982.1974,1998.1563,1953.5923,1953.5923
2021-01-08,1956.9040,1989.4237,1948.1720,1987.0150
2021-01-12,1987.0154,2001.7697,1973.1643,2000.5653
2021-01-13,1993.9403,1996.3492,1974.9705,1995.7469
2021-01-14,1988.8220,2024.0517,1974.0675,2018.6317
2021-01-15,2015.3195,2034.2893,1998.4573,2028.2671
2021-01-18,2057.4749,2064.0992,2043.3227,2055.0659
2021-01-19,2055.0654,2065.6043,2026.1590,2058.0764
2021-01-20,2062.5934,2065.3034,2030.9770,2040.9136
2021-01-21,2045.1293,2061.0881,2036.0960,2047.5382
2021-01-22,2042.1179,2045.1290,2024.3525,2035.4934
2021-01-25,2048.1401,2068.0132,2035.4935,2059.5823
2021-01-26,2052.6570,2052.6570,2021.3419,2027.3639
2021-01-27,2020.7397,2043.6239,2019.5353,2031.2786
2021-01-28,2002.3718,2086.3811,1993.9406,2086.3811
2021-01-29,2083.6710,2104.4474,2070.4221,2074.6377
2021-02-01,2012.6096,2017.7285,1961.1200,1975.5732
2021-02-02,1983.7031,2040.0104,1978.2832,2040.0104
2021-02-03,2055.6679,2151.7214,2053.8612,2151.7214
2021-02-04,2162.5614,2217.9653,2124.0195,2136.3650
2021-02-05,2178.8214,2209.8355,2159.2492,2208.6311
2021-02-08,2259.2172,2321.2456,2254.3995,2315.8257
2021-02-09,2336.6025,2336.6025,2291.7372,2308.5994
2021-02-10,2292.0377,2339.3119,2266.7446,2321.5464
2021-02-12,2325.4606,2349.5493,2314.0186,2347.4417
2021-02-15,2350.7537,2364.9059,2332.0851,2345.3337
2021-02-16,2363.7021,2363.7021,2319.1379,2332.3867
2021-02-17,2317.9331,2351.9584,2315.5241,2321.5464
2021-02-18,2331.4831,2345.3340,2287.5212,2298.9634
2021-02-19,2291.7371,2306.7926,2233.6233,2238.4409
2021-02-22,2307.9967,2321.2455,2283.9079,2295.9524
2021-02-24,2327.8700,2346.8398,2297.7592,2314.3201
2021-02-25,2359.4862,2384.7793,2330.5798,2378.7571
2021-02-26,2359.7876,2392.3073,2338.1078,2365.8098
2021-03-01,2387.7907,2392.3073,2339.6134,2358.8843
2021-03-02,2369.4231,2376.3487,2342.6244,2368.8208
2021-03-03,2371.2297,2417.2993,2364.0031,2417.2993
2021-03-04,2413.3849,2421.8159,2372.7352,2389.5972
2021-03-05,2389.2965,2407.3630,2373.0367,2407.0620
2021-03-08,2413.6856,2425.1278,2388.0915,2399.2324
2021-03-09,2438.9789,2500.7061,2436.5700,2500.1040
2021-03-10,2469.6921,2518.7728,2461.8632,2512.1484
2021-03-11,2512.1482,2513.6538,2459.1530,2469.0896
2021-03-12,2469.0897,2471.1976,2438.9789,2454.3354
2021-03-15,2473.9076,2488.6619,2453.7332,2487.4575
2021-03-16,2493.4794,2559.1211,2485.3495,2557.0134
2021-03-17,2544.9689,2571.4666,2529.3113,2564.8420
2021-03-18,2565.4447,2597.3621,2537.1406,2541.3560
2021-03-19,2554.6048,2559.1214,2527.8061,2541.9583
2021-03-22,2541.6572,2559.7237,2523.2894,2541.9583
2021-03-23,2524.1928,2530.2151,2451.6257,2452.5291
2021-03-24,2407.3624,2410.3734,2331.4831,2344.7319
2021-03-25,2376.9504,2420.3100,2376.9504,2392.6082
2021-03-26,2423.9231,2465.1751,2404.3512,2460.6584
2021-03-29,2489.8664,2493.1787,2430.8492,2454.6367
2021-03-30,2457.9690,2469.7847,2431.3080,2441.3059
2021-03-31,2423.7340,2428.5814,2374.9563,2374.9563
2021-04-01,2387.6814,2401.6178,2346.4780,2363.1411
2021-04-02,2369.8056,2383.4391,2332.8438,2343.4475
2021-04-05,2339.5091,2376.7740,2337.0853,2367.3821
2021-04-06,2396.7699,2401.9204,2337.3885,2344.6597
2021-04-07,2354.9603,2358.8988,2293.7611,2294.9729
2021-04-08,2286.4903,2287.3992,2234.6830,2249.5283
2021-04-09,2243.4690,2283.7638,2225.8970,2257.1025
2021-04-12,2271.3415,2307.3946,2269.2208,2283.1572
2021-04-13,2271.9481,2292.5497,2254.0729,2257.1025
2021-04-14,2238.3186,2282.8547,2234.6830,2275.5835
2021-04-15,2297.6997,2320.1193,2278.6127,2291.9434
2021-04-16,2285.8844,2296.7912,2254.3758,2293.4585
2021-04-19,2302.8503,2305.8799,2242.5598,2245.5896
2021-04-20,2226.1995,2235.5916,2203.7801,2215.8987
2021-04-21,2183.1783,2193.1762,2160.1529,2177.1189
2021-04-22,2184.3901,2201.0534,2160.7587,2185.9050
2021-04-23,2160.1527,2220.7459,2152.8815,2219.2312
2021-04-26,2251.0428,2302.5469,2224.9875,2295.5789
2021-04-27,2293.7611,2294.9729,2257.4051,2270.4326
2021-04-28,2263.7677,2268.3122,2230.7441,2230.7441
2021-04-30,2267.4031,2317.3926,2263.7675,2265.8882
2021-05-06,2317.6950,2334.3581,2299.8199,2329.5107
2021-05-07,2323.1489,2323.1489,2285.8840,2307.0916
2021-05-10,2314.9690,2346.4776,2311.6363,2327.6936
2021-05-11,2310.7272,2320.7251,2266.1911,2276.1890
2021-05-12,2256.4964,2272.8566,2230.7441,2240.1362
2021-05-13,2212.8689,2231.3498,2183.1780,2184.9958
2021-05-14,2210.7482,2269.2209,2208.6275,2258.0110
2021-05-17,2284.9752,2303.1532,2275.2802,2285.2781
2021-05-18,2301.0324,2320.1193,2287.3989,2315.2717
2021-05-19,2284.9752,2311.6362,2274.3712,2301.0325
2021-05-20,2304.6686,2308.9099,2289.2172,2297.0942
2021-05-21,2262.5553,2273.7653,2237.4092,2262.2524
2021-05-24,2280.7338,2296.1851,2260.7380,2281.9458
2021-05-25,2287.3991,2298.0028,2268.6151,2280.1279
2021-05-26,2279.8245,2341.3268,2275.2800,2337.0852
2021-05-27,2336.4798,2364.6557,2311.0306,2311.9395
2021-05-28,2341.3273,2376.7744,2317.9988,2358.5964
2021-05-31,2357.0812,2362.5346,2303.4560,2317.6956
2021-06-01,2351.0217,2354.3542,2313.4537,2326.4814
2021-06-02,2348.9012,2466.7554,2341.9331,2466.7554
2021-06-03,2496.1432,2592.7897,2489.7809,2551.2832
2021-06-04,2515.2301,2543.4060,2495.8403,2507.6560
2021-06-07,2526.4397,2546.7384,2491.5984,2539.1643
2021-06-08,2544.9208,2565.8255,2541.2852,2548.5564
2021-06-09,2560.0693,2593.0926,2557.9483,2568.5522
2021-06-10,2576.1259,2596.1217,2550.6767,2579.7615
2021-06-11,2567.3400,2567.3400,2519.4712,2533.7107
2021-06-14,2549.4652,2576.1262,2525.2278,2525.2278
2021-06-15,2519.4716,2548.2536,2508.5648,2532.8022
2021-06-16,2547.3446,2561.5839,2497.0519,2499.1729
2021-06-17,2490.0837,2523.4099,2454.3335,2496.4460
2021-06-18,2478.8739,2486.7511,2436.1556,2436.4587
2021-06-21,2381.6214,2429.4902,2376.4711,2427.0664
2021-06-22,2484.3274,2508.2619,2460.6960,2507.3530
2021-06-23,2484.9329,2494.6279,2466.4520,2480.3884
2021-06-24,2469.7849,2470.9969,2421.3103,2423.7341
2021-06-25,2447.9710,2453.7275,2414.6448,2429.7930
2021-06-28,2441.6091,2452.8190,2424.6431,2431.9143
2021-06-29,2393.4374,2413.4332,2373.4416,2401.9207
2021-06-30,2422.2192,2430.7022,2391.9226,2401.6174
2021-07-01,2419.1894,2422.8250,2392.5282,2407.9795
2021-07-02,2401.6175,2417.9777,2388.8929,2401.9207
2021-07-05,2405.2529,2417.0686,2387.9838,2407.3738
2021-07-06,2423.7344,2469.1795,2409.1920,2461.3022
2021-07-07,2435.8525,2470.3907,2409.7973,2437.3674
2021-07-08,2417.6749,2450.6982,2400.1029,2433.7322
2021-07-09,2424.9458,2462.8167,2396.1639,2457.3633
2021-07-12,2484.3273,2488.8718,2438.5794,2453.7278
2021-07-13,2468.8759,2475.2382,2448.8801,2457.3633
2021-07-14,2447.9716,2455.5459,2426.1580,2432.5203
2021-07-15,2414.9481,2414.9481,2375.5625,2377.0771
2021-07-16,2357.0808,2393.1340,2343.1444,2351.6274
2021-07-19,2326.4815,2343.4475,2301.0323,2310.7271
2021-07-20,2265.2824,2285.5813,2218.0196,2253.7698
2021-07-21,2291.9435,2295.8820,2255.5875,2263.1616
2021-07-26,2304.0622,2310.1216,2269.5240,2276.7952
2021-07-27,2280.4305,2321.9370,2261.3436,2317.0894
2021-07-28,2272.2512,2300.4271,2269.2216,2275.2808
2021-07-29,2275.2802,2282.2485,2247.4074,2255.8904
2021-07-30,2217.7165,2247.4073,2201.6592,2205.5979
2021-08-02,2181.3610,2197.1152,2128.0388,2169.2424
2021-08-03,2153.7911,2172.2720,2131.9775,2146.2168
2021-08-04,2143.4895,2158.9408,2129.5531,2135.6125
2021-08-05,2122.8877,2144.0953,2121.0699,2134.7034
2021-08-06,2122.5852,2145.6108,2111.3755,2123.1912
2021-08-10,2128.6441,2202.2651,2125.9174,2181.3604
2021-08-11,2211.6575,2258.6174,2205.2951,2246.4988
2021-08-12,2245.8926,2259.8290,2221.3523,2225.2908
2021-08-13,2218.3228,2225.8969,2189.8438,2200.1448
2021-08-16,2198.9328,2198.9328,2173.7867,2187.7231
2021-08-17,2191.3582,2205.5977,2172.2712,2184.9958
2021-08-18,2178.3309,2187.1168,2166.8181,2183.4812
2021-08-19,2175.3011,2176.8160,2156.2141,2157.1230
2021-08-20,2135.9158,2186.2082,2134.0980,2165.3035
2021-08-23,2168.6358,2206.8097,2160.1529,2200.7502
2021-08-24,2230.1385,2248.3165,2216.2019,2241.6511
2021-08-25,2251.0429,2274.9772,2232.5618,2242.2568
2021-08-26,2271.6448,2285.5814,2252.8610,2282.8547
2021-08-27,2280.4305,2294.3669,2262.5554,2270.4326
2021-08-30,2293.4586,2319.8167,2269.5243,2278.6133
2021-08-31,2245.8921,2264.9790,2221.9578,2251.3455
2021-09-01,2236.8035,2264.3734,2231.6530,2248.0132
2021-09-02,2090.7736,2111.0725,2054.1147,2092.8945
2021-09-03,2105.0131,2117.7377,2084.7144,2087.1379
2021-09-06,2110.1636,2110.1636,2090.4707,2095.9241
2021-09-07,2111.6781,2162.5765,2101.0744,2160.4558
2021-09-08,2181.6633,2188.9345,2139.2481,2158.3350
2021-09-09,2145.0043,2161.3645,2142.2776,2147.7310
2021-09-10,2137.4306,2161.6678,2137.4306,2149.2463
2021-09-13,2152.5787,2154.0936,2127.4326,2135.3096
2021-09-14,2139.8545,2147.4288,2117.1319,2130.1597
2021-09-15,2107.7395,2113.7989,2083.1992,2083.1992
2021-09-16,2084.4114,2099.2570,2078.3522,2094.1064
2021-09-17,2107.7398,2111.3754,2084.1084,2108.0427
2021-09-21,2086.8346,2149.5487,2085.0168,2147.4280
2021-09-22,2146.8222,2162.5763,2122.8879,2131.3708
2021-09-24,2168.6359,2169.8477,2147.4283,2161.9707
2021-09-27,2194.0853,2268.6151,2191.0557,2234.0769
2021-09-28,2270.4328,2274.6744,2226.8056,2231.3501
2021-09-29,2238.3662,2298.4587,2227.3849,2298.4587
2021-09-30,2311.5753,2421.3888,2307.6099,2392.1052
2021-10-01,2353.0599,2367.0917,2309.4396,2331.4023
2021-10-04,2406.1367,2415.5930,2354.5854,2400.9512
2021-10-05,2382.0387,2390.8849,2322.5564,2358.8560
2021-10-06,2363.1264,2363.4316,2245.0768,2264.2942
2021-10-07,2258.4983,2262.4637,2212.1325,2225.5542
2021-10-08,2234.0951,2263.9889,2224.6390,2229.2146
2021-10-11,2248.7371,2260.0237,2218.5384,2260.0237
2021-10-12,2260.9387,2266.7343,2233.4853,2243.2463
2021-10-13,2241.7219,2254.5334,2208.4726,2212.1331
2021-10-14,2195.9659,2213.6580,2174.3081,2204.2019
2021-10-15,2220.6736,2232.8750,2201.4562,2217.9282
2021-10-18,2235.0106,2243.5518,2195.3557,2204.2019
2021-10-19,2198.7109,2209.6923,2163.6315,2177.3582
2021-10-20,2177.6634,2281.3761,2155.0905,2261.5486
2021-10-21,2255.7530,2264.5992,2217.9284,2233.7903
2021-10-22,2224.3343,2249.3473,2208.4722,2217.6233
2021-10-25,2214.2677,2237.1455,2206.0316,2213.3525
2021-10-26,2228.2999,2243.8568,2211.5229,2220.9790
2021-10-27,2216.4034,2216.4034,2173.3931,2197.7961
2021-10-28,2168.2072,2217.0133,2167.5972,2196.8809
2021-10-29,2165.4615,2177.6631,2132.2124,2162.1062
2021-11-01,2173.3929,2216.4032,2161.1915,2214.8779
2021-11-02,2226.7742,2253.3125,2221.5888,2225.8591
2021-11-04,2251.4822,2257.8880,2218.8434,2226.4692
2021-11-05,2215.4881,2216.7081,2183.1541,2194.1355
2021-11-08,2238.3660,2256.3633,2222.1989,2238.0610
2021-11-09,2244.7722,2244.7722,2191.3907,2193.8308
2021-11-10,2196.8809,2205.1169,2162.1066,2166.6821
2021-11-11,2160.5814,2185.8996,2159.0562,2171.2578
2021-11-12,2165.7674,2199.0164,2164.8522,2177.6638
2021-11-15,2192.9151,2207.8621,2184.3741,2192.3052
2021-11-16,2188.9501,2192.0004,2170.6478,2175.5283
2021-11-17,2173.3926,2183.1538,2148.3796,2149.2947
2021-11-18,2146.5501,2166.3774,2136.1787,2160.8867
2021-11-19,2150.5152,2162.7166,2132.8231,2140.7539
2021-11-22,2132.2128,2149.5999,2111.1652,2145.3293
2021-11-24,2162.4116,2187.4246,2158.4462,2171.5627
2021-11-25,2180.1033,2229.8245,2172.1725,2228.6042
2021-11-26,2227.9947,2227.9947,2152.3453,2175.2231
2021-11-29,2128.2477,2159.3615,2085.2374,2090.4229
2021-11-30,2134.9581,2185.2893,2129.1625,2130.9927
2021-12-01,2108.1146,2138.9233,2098.9635,2112.3850
2021-12-02,2081.5770,2084.6273,2039.1766,2039.1766
2021-12-03,2058.0888,2123.9770,2050.4630,2122.1467
2021-12-06,2138.0084,2144.7194,2110.8602,2137.0933
2021-12-07,2176.1381,2207.2520,2157.8359,2203.8965
2021-12-08,2204.5070,2213.6581,2175.8336,2181.0190
2021-12-09,2192.9151,2203.8965,2170.3425,2173.6978
2021-12-10,2163.3272,2179.1891,2146.8552,2162.7170
2021-12-13,2195.6602,2215.1827,2181.9335,2189.2544
2021-12-14,2177.3585,2182.2393,2144.7196,2157.8362
2021-12-15,2140.7538,2193.2205,2137.3986,2193.2205
2021-12-16,2200.2362,2222.5041,2198.4059,2220.6738
2021-12-17,2199.0166,2210.9131,2172.4783,2184.0698
2021-12-20,2155.0904,2173.0877,2135.2629,2141.9739
2021-12-21,2169.4274,2173.6978,2144.1092,2155.0906
2021-12-22,2169.7327,2176.4435,2149.6003,2159.6665
2021-12-23,2159.6664,2167.5974,2151.7353,2167.2922
2021-12-24,2174.3082,2176.7486,2135.5685,2136.1785
2021-12-27,2145.9395,2152.9554,2127.0271,2145.3293
2021-12-28,2154.7858,2164.8520,2150.8202,2161.8015
2021-12-29,2176.4433,2194.1357,2169.7326,2185.8997
2021-12-30,2162.7165,2173.0879,2144.7194,2157.5310
2022-01-04,2187.1197,2187.1197,2145.3295,2155.3958
2022-01-05,2160.2763,2183.4591,2151.4302,2172.7827
2022-01-06,2144.7196,2151.1254,2108.1151,2119.0964
2022-01-07,2113.9109,2127.3326,2075.1712,2080.6619
2022-01-11,2074.2555,2078.8311,2040.7013,2057.1733
2022-01-12,2077.6112,2122.4518,2069.3752,2115.1309
2022-01-13,2099.8791,2099.8791,2064.4946,2064.4946
2022-01-14,2045.5822,2049.8528,2024.2296,2043.7520
2022-01-17,2059.6137,2073.6453,2040.7013,2048.6323
2022-01-18,2059.3091,2079.4415,2051.3782,2062.6646
2022-01-19,2033.3809,2055.6486,2022.3996,2024.8400
2022-01-20,2011.4181,2037.3462,2008.3678,2026.9750
2022-01-21,2015.0787,2062.9695,2009.8930,2062.6646
2022-01-24,2061.7494,2075.7811,2040.0917,2062.6646
2022-01-25,2049.8526,2050.7677,2024.8396,2044.3619
2022-01-26,2046.1924,2057.4787,2027.8901,2032.7706
2022-01-27,2029.1102,2030.3305,1950.7157,1955.5962
2022-01-28,1972.3731,1997.9962,1965.0522,1997.9962
2022-01-31,1987.0148,2003.7920,1973.8982,1996.1659
2022-02-01,2000.4369,2107.8101,1988.8454,2107.8101
2022-02-02,2107.8102,2145.9400,2095.9137,2145.6350
2022-02-03,2141.3642,2145.0246,2100.1841,2112.0806
2022-02-04,2112.0804,2158.7512,2080.6616,2140.7539
2022-02-07,2133.7383,2135.8735,2106.5899,2121.5366
2022-02-08,2135.8731,2184.9842,2133.4327,2180.7136
2022-02-09,2197.7962,2210.6078,2156.6161,2182.2393
2022-02-10,2196.2704,2204.2014,2170.0371,2191.6948
2022-02-14,2150.8204,2188.9502,2149.9053,2182.5444
2022-02-15,2190.1702,2194.4408,2169.1226,2181.0190
2022-02-16,2214.5733,2223.4195,2191.6955,2217.0137
2022-02-17,2217.9285,2247.5171,2197.7960,2220.0637
2022-02-18,2202.3716,2221.2838,2195.3557,2217.3184
2022-02-21,2193.2199,2195.9652,2174.0025,2188.0342
2022-02-22,2147.1600,2151.7355,2120.9269,2134.6536
2022-02-24,2121.8417,2137.7036,2059.3088,2089.5076
2022-02-25,2104.7592,2125.8068,2092.8628,2105.0642
2022-02-28,2102.9293,2112.3854,2065.4097,2077.3062
2022-03-01,2074.2560,2094.0833,2069.3752,2069.6804
2022-03-02,2047.7174,2055.0383,2019.9589,2036.7361
2022-03-03,2061.4444,2094.9984,2047.1076,2063.5796
2022-03-04,2037.6515,2061.7494,2028.8053,2048.3276
2022-03-07,2022.3993,2025.1446,1990.9805,2010.1979
2022-03-08,1979.6941,2017.5189,1959.2566,1979.9993
2022-03-09,1992.8106,1995.5560,1944.0045,1944.6146
2022-03-10,1993.7259,2015.0785,1973.5935,2001.3518
2022-03-11,1978.4738,2004.0969,1978.4738,2004.0969
2022-03-14,2030.9405,2081.2717,2029.4154,2063.8845
2022-03-15,2076.6961,2101.7093,2059.3089,2079.7466
2022-03-16,2104.4546,2138.3137,2086.1523,2129.1626
2022-03-17,2116.0455,2127.6370,2066.6294,2090.7275
2022-03-18,2099.8791,2134.3482,2089.5076,2131.2979
2022-03-22,2153.5652,2187.4244,2138.0083,2180.4087
2022-03-23,2202.3719,2235.3159,2191.6955,2235.3159
2022-03-24,2217.0134,2248.1272,2212.1326,2235.6206
2022-03-25,2242.0266,2242.9417,2205.7271,2223.7244
2022-03-28,2225.2493,2229.8248,2202.3714,2213.0476
2022-03-29,2242.0262,2242.0262,2187.4244,2198.4058
2022-03-30,2197.1774,2228.8159,2189.4983,2216.5291
2022-03-31,2190.1124,2201.4776,2179.6686,2183.9690
2022-04-01,2167.9961,2176.2897,2144.3441,2175.3682
2022-04-04,2156.6307,2162.4671,2132.0574,2137.5864
2022-04-05,2137.8935,2151.1017,2125.6068,2140.9651
2022-04-06,2123.1495,2163.6957,2117.9275,2148.6445
2022-04-07,2122.8422,2128.9855,2086.9035,2095.5042
2022-04-08,2115.4706,2124.3783,2090.2826,2110.8630
2022-04-11,2100.1123,2112.7063,2093.3547,2107.4844
2022-04-12,2093.0471,2120.0781,2091.8185,2098.2690
2022-04-13,2108.4055,2119.1565,2091.2040,2119.1565
2022-04-14,2144.0370,2207.9280,2134.8220,2186.7334
2022-04-15,2181.8187,2193.4910,2166.1531,2184.5833
2022-04-18,2173.8324,2185.8119,2150.4876,2161.8528
2022-04-19,2166.4603,2167.9962,2148.9517,2156.3237
2022-04-20,2164.9249,2173.8329,2147.1092,2162.1604
2022-04-21,2162.1598,2174.4467,2140.9652,2148.6445
2022-04-22,2140.6582,2148.0303,2113.9346,2124.6855
2022-04-25,2089.6684,2095.5046,2061.7159,2069.7024
2022-04-26,2097.9620,2122.5353,2078.6103,2112.7061
2022-04-27,2082.6032,2130.5215,2076.4597,2114.2415
2022-04-28,2126.5289,2129.6005,2073.0815,2094.5833
2022-05-02,2122.5355,2122.8428,2083.2180,2101.3408
2022-05-06,2101.9551,2142.8085,2075.8459,2129.2932
2022-05-09,2098.5764,2108.4059,2075.2317,2075.2317
2022-05-10,2059.8726,2066.0160,2021.7838,2030.3844
2022-05-11,2025.7773,2030.3848,2008.2686,2020.5555
2022-05-12,2008.2686,2021.7841,1999.6680,2000.5895
2022-05-13,2017.4835,2051.2722,2016.2549,2045.4360
2022-05-16,2060.1804,2063.2520,2029.7707,2033.1494
2022-05-17,2030.9992,2037.1426,2016.8695,2020.5555
2022-05-18,2046.6643,2060.7940,2030.6916,2052.1934
2022-05-19,2007.6544,2035.6067,2006.7329,2035.6067
2022-05-20,2035.2995,2054.0367,2027.9274,2044.5145
2022-05-23,2058.0298,2070.0093,2042.9786,2050.6577
2022-05-24,2057.7232,2059.2591,2021.7844,2022.7059
2022-05-25,2015.0261,2029.1558,2007.9612,2016.8691
2022-05-26,2028.5418,2088.7470,2028.5418,2066.9380
2022-05-27,2091.5117,2091.5117,2050.3510,2057.1086
2022-05-30,2063.8661,2070.9308,2054.0366,2055.5725
2022-05-31,2054.0368,2058.9514,2023.6271,2031.6135
2022-06-01,2039.2929,2076.4603,2034.0710,2074.9246
2022-06-02,2083.8323,2100.7268,2069.7027,2075.2317
2022-06-03,2097.9622,2097.9622,2059.8731,2067.5525
2022-06-06,2074.9241,2158.4738,2073.3882,2157.8596
2022-06-07,2150.7947,2161.8528,2140.3510,2141.8867
2022-06-08,2139.4295,2156.9381,2131.7501,2138.2007
2022-06-09,2140.9651,2175.9824,2137.5864,2164.6172
2022-06-10,2160.3166,2175.6751,2150.1800,2163.3884
2022-06-13,2127.1429,2136.3579,2114.2418,2123.7642
2022-06-14,2087.5181,2089.3611,2072.1598,2087.5181
2022-06-15,2088.7470,2116.0849,2079.5320,2079.5320
2022-06-16,2086.2895,2103.4910,2061.1018,2062.6375
2022-06-17,2028.8490,2079.5319,2015.3335,2060.7944
2022-06-20,2065.7091,2070.9309,2038.3711,2052.5007
2022-06-21,2074.0027,2115.4705,2067.5522,2103.1836
2022-06-22,2099.8053,2099.8053,2063.8665,2064.4807
2022-06-23,2067.2448,2104.7194,2067.2448,2091.5112
2022-06-24,2094.8897,2098.5758,2075.5381,2095.5042
2022-06-27,2123.1498,2125.2999,2078.3031,2084.7537
2022-06-28,2086.2894,2099.8049,2082.9105,2099.8049
2022-06-29,2096.4258,2134.5147,2088.1323,2127.4500
2022-06-30,2133.2861,2160.3169,2112.0915,2131.1360
2022-07-01,2121.6140,2132.3650,2080.1462,2090.5901
2022-07-04,2119.1565,2126.5285,2088.1324,2097.6545
2022-07-05,2108.7130,2109.0203,2070.6242,2087.8257
2022-07-06,2071.2385,2081.3750,2036.2212,2049.1223
2022-07-07,2067.2448,2070.0094,2004.2753,2038.0640
2022-07-08,2036.2208,2042.3640,2015.9477,2025.4698
2022-07-11,2045.4360,2067.2448,2023.0125,2055.8796
2022-07-12,2074.3097,2076.7672,2044.2071,2048.5076
2022-07-13,2045.4358,2064.4801,2040.8283,2049.4290
2022-07-14,2042.6712,2071.8520,2036.5277,2044.8213
2022-07-15,2036.8351,2058.0298,2025.7771,2058.0298
2022-07-19,2071.8524,2073.0813,2051.5793,2060.1802
2022-07-20,2079.5316,2106.2553,2071.8522,2096.4258
2022-07-21,2087.5184,2092.7403,2073.6958,2082.6038
2022-07-22,2061.1017,2062.0232,2038.3711,2053.1152
2022-07-25,2044.2073,2101.9551,2043.2858,2101.9551
2022-07-26,2107.1770,2123.4568,2083.8320,2087.2109
2022-07-27,2090.2826,2132.9792,2090.2826,2129.2932
2022-07-28,2137.5868,2137.5868,2105.6412,2118.8494
2022-07-29,2117.9279,2132.3649,2101.9552,2131.7505
2022-08-01,2120.9993,2171.6821,2100.7262,2171.6821
2022-08-02,2164.9243,2171.0678,2144.3441,2163.0813
2022-08-03,2161.2388,2203.9354,2148.6451,2152.6382
2022-08-04,2162.4672,2193.1840,2151.7162,2152.9448
2022-08-05,2149.5661,2183.0474,2148.0302,2167.3818
2022-08-08,2160.6244,2169.8394,2155.4024,2166.7676
2022-08-09,2166.4605,2197.4846,2157.2454,2166.7676
2022-08-10,2170.1464,2173.2180,2149.2588,2167.3818
2022-08-12,2187.6551,2187.6551,2160.3170,2179.0544
2022-08-15,2183.9688,2187.6548,2160.3167,2169.8391
2022-08-16,2157.2457,2165.2322,2148.0307,2152.6382
2022-08-17,2164.0030,2168.6105,2146.1872,2155.0952
2022-08-18,2149.2589,2164.3103,2139.7367,2142.8083
2022-08-19,2134.8220,2146.1872,2128.9856,2141.8867
2022-08-22,2122.5350,2144.6511,2114.8558,2144.6511
2022-08-23,2142.8083,2165.8459,2135.4362,2165.5388
2022-08-24,2180.8973,2208.8496,2151.7162,2181.5115
2022-08-25,2183.0475,2183.6619,2167.9963,2176.5969
2022-08-26,2171.0679,2187.0406,2164.0029,2167.3818
2022-08-29,2142.5015,2142.8086,2122.8427,2131.7505
2022-08-30,2147.4159,2217.4504,2144.9587,2202.7063
2022-08-31,2188.2694,2243.2525,2173.8324,2223.5938
2022-09-01,2200.2487,2219.6003,2187.6547,2203.0132
2022-09-02,2207.0065,2210.0781,2186.1189,2200.8630
2022-09-05,2190.1122,2202.3989,2162.1597,2164.3101
2022-09-06,2162.4672,2170.4534,2151.1018,2156.3237
2022-09-07,2150.4877,2168.6105,2138.2008,2150.1804
2022-09-08,2165.2319,2191.3411,2161.2385,2179.3616
2022-09-09,2165.5387,2185.1974,2152.6376,2153.5591
2022-09-12,2184.5834,2222.0578,2178.7470,2216.2217
2022-09-13,2236.1880,2310.8300,2233.4234,2309.9084
2022-09-14,2266.2901,2319.1232,2261.6825,2315.1299
2022-09-15,2319.7373,2388.8502,2311.4438,2359.3621
2022-09-16,2380.5570,2383.6289,2334.4817,2359.9768
2022-09-20,2368.5779,2372.5713,2325.8815,2341.8542
2022-09-21,2350.7616,2351.0687,2305.6078,2306.5293
2022-09-22,2306.2222,2345.2326,2277.6555,2339.0891
2022-09-26,2353.8329,2366.7340,2321.5802,2324.3447
2022-09-27,2299.1575,2340.6253,2245.7102,2330.1816
2022-09-28,2309.9086,2312.6732,2242.9458,2280.7275
2022-09-29,2291.8602,2339.1756,2260.9351,2335.4646
2022-09-30,2300.8286,2312.5802,2276.0884,2294.9529
2022-10-03,2272.9959,2276.0884,2221.0417,2252.8945
2022-10-04,2295.8802,2334.5364,2274.8510,2316.2908
2022-10-05,2317.2185,2339.1752,2297.7357,2303.3022
2022-10-06,2300.8283,2339.4848,2295.2618,2325.8777
2022-10-07,2319.3839,2393.9133,2318.7653,2369.7917
2022-10-11,2407.5203,2446.1768,2392.9855,2423.6013
2022-10-12,2432.8784,2475.5550,2410.3031,2455.4539
2022-10-13,2467.2056,2479.5758,2414.9422,2421.4365
2022-10-14,2434.7340,2472.4627,2426.0751,2456.6909
2022-10-17,2470.9163,2490.7085,2454.2167,2470.9163
2022-10-18,2515.7582,2560.5996,2512.3564,2522.8708
2022-10-19,2506.4811,2538.9525,2503.3885,2535.8599
2022-10-20,2531.2205,2542.9722,2512.9749,2531.8391
2022-10-21,2514.5212,2524.4173,2463.8042,2469.0613
2022-10-24,2480.8129,2482.0499,2436.2808,2443.0842
2022-10-25,2458.5470,2478.0298,2431.3329,2461.6394
2022-10-26,2466.2778,2483.5960,2435.0436,2446.4858
2022-10-27,2467.2056,2481.7405,2452.0524,2452.3616
2022-10-28,2470.9168,2494.7292,2451.7434,2457.9282
2022-10-31,2473.6998,2486.3792,2449.5782,2486.3792
2022-11-01,2421.7459,2459.4746,2405.0463,2441.5381
2022-11-02,2437.8272,2459.4747,2432.2607,2448.6509
2022-11-04,2461.6390,2468.1333,2427.9307,2443.3933
2022-11-07,2442.7748,2473.3907,2439.9916,2457.6189
2022-11-08,2467.5149,2479.8848,2439.6823,2440.9192
2022-11-09,2448.9596,2454.8353,2395.4591,2411.5400
2022-11-10,2409.0668,2436.5900,2406.9019,2416.1794
2022-11-11,2439.0636,2439.9914,2349.0716,2371.3376
2022-11-14,2379.6876,2396.0780,2361.1325,2380.3062
2022-11-15,2399.7890,2402.8814,2369.4823,2375.9766
2022-11-16,2379.3786,2383.0896,2339.4852,2360.8235
2022-11-17,2364.2252,2435.6622,2364.2252,2430.0957
2022-11-18,2425.1473,2430.0952,2392.6759,2392.9851
2022-11-21,2395.4594,2418.6532,2381.8522,2396.6963
2022-11-22,2415.8698,2421.4363,2392.9851,2399.7888
2022-11-24,2402.8812,2412.1588,2390.2018,2392.9851
2022-11-25,2400.7167,2418.0346,2393.6038,2405.3555
2022-11-28,2420.8176,2430.0952,2391.4389,2407.8291
2022-11-29,2409.0666,2430.7141,2394.8409,2425.4568
2022-11-30,2432.5693,2462.5666,2411.8495,2415.5605
2022-12-01,2411.5403,2429.4770,2389.2742,2389.8928
2022-12-02,2393.2946,2394.8407,2364.2249,2383.0894
2022-12-05,2368.2456,2376.2859,2351.5460,2366.6992
2022-12-06,2359.5863,2370.4101,2340.1035,2354.9475
2022-12-07,2357.1119,2405.0457,2355.2564,2396.3867
2022-12-08,2376.5955,2404.1187,2363.9161,2403.1909
2022-12-09,2416.1789,2441.8469,2405.9737,2409.3755
2022-12-12,2416.1794,2416.1794,2394.8411,2406.9019
2022-12-13,2410.3032,2417.1067,2401.3348,2411.2310
2022-12-14,2405.9737,2416.1790,2388.0372,2393.6038
2022-12-15,2398.8613,2420.1996,2394.5317,2405.0461
2022-12-16,2395.7686,2402.5723,2386.1819,2388.6560
2022-12-19,2369.4825,2382.4710,2361.4419,2362.3696
2022-12-20,2386.8005,2391.7485,2318.7651,2330.8259
2022-12-21,2303.9210,2318.1467,2271.7590,2296.8083
2022-12-22,2301.7563,2321.8577,2294.9528,2308.8691
2022-12-23,2297.7360,2310.4152,2290.6232,2296.1897
2022-12-26,2314.7452,2327.1152,2296.1901,2317.8376
2022-12-27,2336.3923,2377.2134,2336.3923,2346.9070
2022-12-28,2343.8145,2348.7626,2324.0225,2336.0833
2022-12-29,2329.2801,2335.7744,2319.0748,2324.6414
2022-12-30,2317.8372,2337.3200,2315.3633,2325.5686
2023-01-04,2328.6607,2339.7938,2294.3339,2299.9004
2023-01-05,2291.5507,2291.5507,2260.0071,2274.5420
2023-01-06,2269.9035,2275.7792,2260.6260,2260.6260
2023-01-10,2259.0793,2285.6750,2254.4406,2255.6775
2023-01-11,2252.8946,2266.8109,2235.2673,2235.5767
2023-01-12,2231.2471,2234.6489,2208.3624,2222.5881
2023-01-13,2221.9696,2232.4841,2214.2384,2231.8657
2023-01-16,2220.7325,2234.0303,2207.7440,2227.2268
2023-01-17,2228.1548,2234.9583,2213.3108,2216.7124
2023-01-18,2220.1139,2256.2963,2200.9402,2250.7297
2023-01-19,2246.7097,2273.9237,2244.2356,2252.8945
2023-01-20,2253.2036,2283.2009,2234.9577,2272.0679
2023-01-23,2283.5105,2291.8603,2255.9873,2268.0481
2023-01-24,2269.5941,2288.4586,2263.7184,2288.1492
2023-01-25,2292.4786,2301.1376,2283.2011,2285.9844
2023-01-26,2282.5825,2291.2417,2264.6460,2264.6460
2023-01-27,2257.5332,2261.8628,2240.2153,2255.0593
2023-01-30,2255.3687,2262.1721,2230.9379,2242.3801
2023-01-31,2251.9671,2258.4613,2233.4120,2238.9785
2023-02-01,2226.6083,2228.7730,2168.4690,2170.9431
2023-02-02,2167.8510,2180.5301,2137.5443,2139.7090
2023-02-03,2135.0696,2138.1623,2123.0088,2134.1418
2023-02-06,2133.8329,2134.7607,2120.5352,2130.7405
2023-02-07,2147.1304,2151.7692,2125.4829,2125.4829
2023-02-08,2133.8329,2153.6249,2123.3185,2153.0066
2023-02-09,2148.3677,2152.6971,2132.2865,2133.5237
2023-02-10,2133.8331,2135.6886,2120.8446,2124.8647
2023-02-13,2124.8650,2132.9056,2114.0413,2125.7927
2023-02-14,2121.7719,2129.8125,2118.9886,2121.1533
2023-02-15,2121.1535,2128.2664,2115.5870,2123.0090
2023-02-16,2127.9574,2146.8216,2124.8647,2134.4517
2023-02-17,2127.6479,2131.0497,2111.2577,2116.8242
2023-02-20,2126.1019,2139.0904,2119.2982,2135.3794
2023-02-21,2131.9774,2134.1420,2109.0927,2109.4021
2023-02-22,2092.3933,2095.4860,2073.8383,2091.4656
2023-02-24,2091.1561,2124.5552,2085.8987,2124.5552
2023-02-27,2131.6681,2135.0697,2116.5146,2133.8328
2023-02-28,2133.2144,2151.1511,2130.4311,2135.6885
2023-03-01,2125.7925,2132.2867,2115.5872,2131.0498
2023-03-02,2134.4518,2138.7812,2129.1945,2134.7610
2023-03-03,2145.2748,2151.4598,2139.0899,2144.9656
2023-03-06,2159.8100,2167.2320,2152.6971,2159.1914
2023-03-07,2169.7060,2194.7554,2169.3966,2191.3535
2023-03-08,2188.5706,2233.7213,2187.6428,2230.6287
2023-03-09,2252.5852,2279.7992,2250.1111,2275.7791
2023-03-10,2230.0105,2252.2766,2227.5364,2245.4729
2023-03-13,2248.8746,2266.5020,2238.0508,2262.1724
2023-03-14,2269.5942,2315.9818,2253.8224,2312.8894
2023-03-15,2286.9122,2296.4989,2247.6374,2258.1519
2023-03-16,2243.6171,2251.9669,2212.0735,2222.2788
2023-03-17,2234.0302,2279.7993,2232.1747,2273.9236
2023-03-20,2273.9237,2273.9237,2239.2877,2239.9060
2023-03-22,2242.9987,2272.3774,2235.5767,2235.5767
2023-03-23,2235.8860,2253.2041,2226.6085,2230.6287
2023-03-24,2226.9173,2237.4320,2217.6398,2234.3394
2023-03-27,2256.6054,2290.0045,2252.8943,2274.2327
2023-03-28,2264.9554,2277.0162,2240.2155,2261.2444
2023-03-29,2257.5333,2289.6955,2257.5333,2287.2214
2023-03-30,2271.3425,2291.5805,2267.2947,2286.9102
2023-03-31,2295.3167,2299.9871,2272.8991,2283.7966
2023-04-03,2290.0237,2323.9614,2289.0896,2322.7161
2023-04-04,2324.5842,2345.7563,2317.1117,2342.6428
2023-04-05,2342.6429,2348.5586,2320.2253,2330.5000
2023-04-06,2328.0091,2340.7748,2309.3277,2315.5549
2023-04-07,2322.0931,2333.9247,2312.7524,2312.7524
2023-04-10,2319.6026,2349.8043,2318.0460,2327.0752
2023-04-11,2336.7272,2342.0201,2318.6684,2329.5659
2023-04-12,2328.9431,2333.6135,2313.9980,2329.2546
2023-04-13,2326.1409,2330.5000,2310.2618,2330.5000
2023-04-14,2334.8591,2338.5954,2316.1777,2332.9910
2023-04-17,2344.5114,2353.8521,2330.8117,2340.1523
2023-04-18,2341.7088,2376.2693,2336.7272,2362.5696
2023-04-19,2365.9947,2387.1670,2355.7200,2387.1670
2023-04-20,2382.4965,2398.3757,2374.7124,2377.2034
2023-04-21,2379.6944,2385.9214,2372.5331,2383.4307
2023-04-24,2394.6392,2429.8223,2394.3277,2414.2546
2023-04-25,2434.8042,2450.3719,2417.0570,2422.0386
2023-04-26,2426.3979,2447.2587,2405.2256,2422.9729
2023-04-27,2419.2362,2427.0201,2399.3095,2412.3865
2023-04-28,2442.2769,2444.7676,2390.2804,2429.8225
2023-05-01,2428.2656,2479.3278,2427.3315,2473.1008
2023-05-02,2475.2809,2475.5921,2432.0024,2448.8157
2023-05-08,2437.6065,2465.3170,2428.5771,2458.7786
2023-05-09,2451.3058,2463.4486,2438.8516,2457.2217
2023-05-10,2461.8922,2474.9691,2451.6174,2466.8738
2023-05-11,2460.6470,2475.2808,2456.2881,2475.2808
2023-05-12,2489.2917,2526.6545,2485.8668,2521.9841
2023-05-15,2516.6905,2532.8812,2501.1229,2523.2290
2023-05-16,2523.2294,2535.9951,2515.1343,2533.5042
2023-05-17,2525.0972,2574.6028,2519.8043,2574.6028
2023-05-18,2587.6802,2592.0392,2553.7424,2553.7424
2023-05-19,2556.2332,2559.6580,2506.7276,2510.7751
2023-05-22,2507.3502,2554.0536,2506.4161,2543.7788
2023-05-23,2523.2292,2529.7676,2489.9142,2500.1890
2023-05-24,2496.1414,2496.1414,2430.4453,2430.4453
2023-05-25,2410.2071,2428.8885,2396.5076,2398.3757
2023-05-26,2421.4156,2467.1850,2416.4340,2460.0239
2023-05-29,2458.7789,2463.7608,2436.3613,2449.1270
2023-05-30,2442.5883,2448.1927,2414.5662,2420.4819
2023-05-31,2395.8845,2403.6683,2379.0713,2393.7051
2023-06-01,2398.9980,2417.0568,2382.8076,2395.2617
2023-06-02,2384.9871,2405.2253,2381.2508,2401.1777
2023-06-05,2416.7456,2430.7566,2405.2255,2430.1340
2023-06-06,2430.1341,2457.2221,2413.6322,2454.1084
2023-06-07,2459.7125,2473.7235,2419.2363,2430.7563
2023-06-08,2441.3430,2473.7239,2437.6067,2458.1562
2023-06-09,2466.8741,2468.1194,2439.1633,2455.6653
2023-06-12,2456.5994,2458.1562,2433.2477,2458.1562
2023-06-13,2459.7126,2482.1303,2452.2401,2457.8445
2023-06-14,2458.4673,2469.6761,2453.4856,2457.8445
2023-06-15,2452.8630,2462.2037,2410.5186,2433.5588
2023-06-16,2427.3319,2433.5588,2410.8299,2433.5588
2023-06-19,2439.4747,2442.5882,2415.5002,2429.8225
2023-06-20,2418.3022,2423.9066,2397.1299,2412.3865
2023-06-21,2406.7822,2461.2695,2406.4707,2457.8445
2023-06-22,2464.3830,2483.0644,2454.7311,2461.5808
2023-06-23,2464.3830,2501.1232,2460.6467,2478.0828
2023-06-26,2482.1302,2482.1302,2436.9836,2468.1191
2023-06-27,2479.3280,2492.4049,2465.9397,2485.8665
2023-06-28,2485.8665,2504.5479,2476.5258,2504.5479
2023-06-29,2505.4821,2526.3431,2488.9804,2501.4346
2023-06-30,2496.1415,2502.0574,2468.4309,2486.8008
2023-07-03,2490.8482,2498.9433,2484.6210,2494.2729
2023-07-04,2489.2917,2500.1892,2479.6397,2482.4419
2023-07-05,2476.8374,2483.0643,2448.8153,2457.8445
2023-07-06,2464.0717,2471.5442,2436.3609,2442.5881
2023-07-07,2434.4928,2468.1193,2429.5112,2444.1450
2023-07-10,2448.8155,2454.7312,2429.5114,2439.7861
2023-07-11,2464.6947,2465.3173,2445.3905,2456.2881
2023-07-12,2471.2330,2475.5918,2432.9362,2441.3428
2023-07-13,2436.3608,2436.3608,2413.9431,2431.6904
2023-07-14,2428.5772,2442.8996,2399.6211,2402.1121
2023-07-18,2388.4122,2399.3098,2379.0716,2380.6284
2023-07-19,2404.9140,2415.5000,2394.9505,2414.8772
2023-07-20,2428.2657,2432.3133,2410.2069,2418.9250
2023-07-21,2416.7455,2418.6136,2403.3572,2407.7163
2023-07-24,2410.8296,2430.7563,2406.4705,2425.4634
2023-07-25,2429.8226,2458.4675,2424.2182,2454.1084
2023-07-26,2464.3830,2478.7056,2441.6541,2478.3940
2023-07-27,2478.0830,2509.8413,2465.6288,2507.6619
2023-07-28,2487.4236,2529.1453,2478.7057,2518.5591
2023-07-31,2537.5518,2564.9510,2491.1597,2507.3501
2023-08-01,2507.3500,2534.4380,2500.1890,2534.1267
2023-08-02,2526.9656,2531.3247,2477.4600,2482.1304
2023-08-03,2465.6284,2475.9031,2443.5220,2447.8811
2023-08-04,2444.1449,2447.2584,2427.9542,2434.8042
2023-08-07,2428.5770,2455.0422,2422.0385,2452.5515
2023-08-08,2462.8260,2488.9800,2457.5329,2487.7344
2023-08-09,2498.0095,2533.8156,2487.7347,2511.0864
2023-08-10,2521.9839,2540.3540,2514.8227,2540.3540
2023-08-14,2536.9289,2550.9399,2511.7090,2515.7566
2023-08-15,2514.5111,2530.3903,2501.7455,2523.5405
2023-08-16,2493.9621,2507.6618,2486.1782,2503.6140
2023-08-17,2514.8229,2518.5591,2485.2442,2505.7937
2023-08-18,2491.7827,2502.0574,2479.0170,2488.9805
2023-08-21,2495.5189,2519.8047,2492.0939,2501.7458
2023-08-22,2492.4050,2506.4161,2487.4234,2492.0938
2023-08-23,2506.4158,2545.0241,2502.0570,2523.5405
2023-08-24,2518.8702,2522.2950,2507.0386,2509.8408
2023-08-25,2514.5115,2527.5884,2508.2843,2514.5115
2023-08-28,2522.2952,2527.8996,2488.6687,2507.9729
2023-08-29,2523.5409,2537.2404,2520.7386,2529.4565
2023-08-30,2532.2585,2540.9764,2523.5407,2531.9473
2023-08-31,2536.6176,2568.6872,2527.2769,2563.0828
2023-09-01,2547.5149,2579.5847,2545.6468,2579.5847
2023-09-04,2576.7824,2576.7824,2550.9398,2559.3464
2023-09-05,2563.3942,2583.3211,2559.9694,2570.5554
2023-09-06,2584.2550,2604.1817,2569.3099,2576.4709
2023-09-07,2592.9734,2659.2923,2587.0578,2646.5266
2023-09-08,2633.4494,2647.1491,2604.8048,2609.7864
2023-09-11,2629.0904,2648.3943,2593.5958,2602.0024
2023-09-12,2611.3429,2640.6103,2607.9179,2638.7422
2023-09-13,2652.7531,2735.2624,2648.7056,2730.9036
2023-09-14,2728.7239,2751.7643,2718.4492,2746.7827
2023-09-15,2750.2079,2786.3253,2734.9515,2774.1824
2023-09-19,2771.0687,2773.2482,2735.8854,2748.0283
2023-09-20,2764.5301,2778.8524,2742.1125,2768.8889
2023-09-21,2759.2372,2760.4826,2731.8380,2738.6877
2023-09-22,2724.3653,2747.7170,2716.8927,2728.4128
2023-09-25,2731.5262,2739.3103,2710.6654,2721.2515
2023-09-26,2738.6876,2757.0577,2719.0722,2748.0283
2023-09-27,2738.0650,2756.7463,2725.2995,2755.1897
2023-09-28,2743.9104,2750.4897,2688.1425,2692.2153
2023-09-29,2705.0614,2718.2202,2662.1388,2680.3105
2023-10-02,2676.5507,2679.9969,2599.4781,2600.4180
2023-10-03,2593.5251,2593.5251,2539.9503,2541.8301
2023-10-04,2541.5166,2552.4823,2474.7830,2474.7830
2023-10-05,2479.4826,2509.2465,2463.5041,2498.2808
2023-10-06,2498.9075,2524.5983,2476.3497,2508.3066
2023-10-10,2533.0574,2541.8298,2515.8258,2518.0188
2023-10-11,2515.8258,2520.5253,2493.8944,2497.0276
2023-10-12,2485.1224,2489.8219,2453.1654,2479.1697
2023-10-13,2481.9889,2502.0403,2466.6369,2472.5898
2023-10-16,2452.2257,2453.1656,2382.3591,2388.6250
2023-10-17,2421.8349,2437.1867,2387.0582,2390.5044
2023-10-18,2392.0713,2433.7406,2373.5864,2430.6077
2023-10-19,2412.4360,2467.5772,2408.3629,2440.0066
2023-10-20,2434.3671,2451.9122,2421.8351,2424.6548
2023-10-23,2434.3671,2444.7061,2386.4317,2395.2041
2023-10-24,2387.3714,2416.8218,2368.5732,2409.9292
2023-10-25,2411.8091,2434.0537,2404.2898,2412.4358
2023-10-26,2411.8093,2422.1483,2401.4703,2417.1355
2023-10-27,2425.9079,2458.8047,2415.5689,2453.1653
2023-10-30,2443.1393,2444.7059,2409.6160,2412.1223
2023-10-31,2433.7403,2466.9507,2414.9421,2466.3240
2023-11-01,2487.0018,2526.4780,2477.6027,2518.0188
2023-11-02,2525.2253,2559.0621,2518.3325,2547.1565
2023-11-06,2553.4225,2565.6414,2517.3925,2528.9849
2023-11-07,2518.3322,2526.7913,2464.4441,2470.7102
2023-11-08,2455.0450,2458.4914,2408.3627,2420.5815
2023-11-09,2409.3029,2446.8993,2393.0112,2442.1997
2023-11-10,2437.4997,2464.1306,2430.9203,2456.2979
2023-11-13,2455.9847,2464.1307,2436.8733,2459.1177
2023-11-14,2474.4701,2479.1697,2454.1053,2479.1697
2023-11-15,2496.7141,2500.7872,2464.4440,2482.6155
2023-11-16,2479.7959,2486.3752,2451.2853,2456.6116
2023-11-17,2456.9247,2496.7141,2456.9247,2496.7141
2023-11-20,2503.9202,2517.0789,2487.0018,2505.1733
2023-11-21,2493.5810,2545.2761,2492.3279,2544.3362
2023-11-22,2539.3234,2566.5808,2527.1046,2536.8169
2023-11-24,2536.1905,2539.0103,2497.3410,2502.6672
2023-11-27,2506.1136,2510.8131,2475.4100,2485.4355
2023-11-28,2483.2422,2494.5211,2472.2765,2491.0747
2023-11-29,2484.1822,2492.9546,2471.0234,2478.8560
2023-11-30,2468.8303,2515.1991,2441.2595,2504.8601
2023-12-01,2510.8130,2512.0664,2491.3884,2497.6543
2023-12-04,2496.7143,2508.3066,2471.9634,2501.4138
2023-12-05,2506.4271,2544.3367,2502.9806,2537.4441
2023-12-06,2518.9592,2549.9762,2508.9334,2547.1565
2023-12-07,2552.1689,2569.0873,2544.0232,2566.5811
2023-12-08,2562.5079,2562.5079,2525.5382,2536.5039
2023-12-11,2562.8214,2569.4008,2544.9631,2565.6411
2023-12-12,2568.1476,2571.9072,2543.0835,2557.4954
2023-12-13,2561.2548,2605.4306,2555.3021,2588.1990
2023-12-14,2600.4179,2604.8040,2584.4394,2604.8040
2023-12-15,2584.7527,2586.0058,2559.3751,2576.9202
2023-12-18,2558.7485,2558.7485,2506.7402,2549.6628
2023-12-19,2537.7568,2545.9028,2502.6669,2514.8857
2023-12-20,2497.0274,2523.3449,2489.1947,2507.3665
2023-12-21,2507.6800,2525.2250,2490.7616,2523.0317
2023-12-22,2528.3580,2539.6369,2520.2120,2531.1777
2023-12-25,2537.7574,2538.6973,2523.6588,2532.7446
2023-12-26,2529.6108,2531.4907,2507.9929,2514.8857
2023-12-27,2522.0921,2545.2766,2514.2596,2544.9634
2023-12-28,2527.1048,2542.4565,2519.8987,2542.4565
2023-12-29,2547.7827,2561.2546,2528.9845,2546.8428
2024-01-04,2547.1562,2582.2461,2517.7058,2582.2461
2024-01-05,2579.7396,2609.5033,2566.5809,2605.4304
2024-01-09,2606.9971,2612.3231,2577.8599,2599.4778
2024-01-10,2598.2245,2622.3489,2588.5122,2616.3962
2024-01-11,2625.4821,2657.7525,2624.2290,2644.5938
2024-01-12,2648.6667,2662.7653,2622.3492,2661.1987
2024-01-15,2663.0781,2664.9580,2646.1598,2648.3530
2024-01-16,2663.0784,2696.2887,2646.1600,2664.3318
2024-01-17,2666.5245,2695.6617,2654.3056,2667.7776
2024-01-18,2655.2459,2666.8380,2627.3618,2627.3618
2024-01-19,2640.2072,2642.7137,2594.4648,2601.6709
2024-01-22,2601.6711,2652.1130,2588.1992,2652.1130
2024-01-23,2654.6190,2656.4988,2609.8167,2612.6365
2024-01-24,2606.9973,2617.6495,2573.7870,2584.4395
2024-01-25,2594.1519,2644.2804,2584.4396,2639.8943
2024-01-26,2637.3876,2637.3876,2603.5508,2604.8040
2024-01-29,2614.5166,2628.3018,2608.2504,2628.3018
2024-01-30,2634.8809,2653.6791,2605.7437,2612.9497
2024-01-31,2597.2848,2645.5337,2595.7184,2644.5938
2024-02-01,2716.0272,2818.4774,2706.3146,2756.1299
2024-02-02,2755.5030,2806.8846,2730.4387,2803.1250
2024-02-05,2816.5969,2818.1633,2779.9404,2809.3909
2024-02-06,2819.7298,2921.5533,2819.4166,2866.0986
2024-02-07,2863.5925,2869.5452,2806.5712,2819.7300
2024-02-08,2815.0305,2825.6827,2771.4814,2799.9919
2024-02-09,2804.0648,2826.3094,2782.1336,2805.6313
2024-02-13,2831.0090,2842.6012,2796.5456,2838.2151
2024-02-14,2805.6315,2826.3095,2778.0609,2788.0864
2024-02-15,2777.4341,2778.0608,2738.8978,2762.7087
2024-02-16,2772.7347,2806.8847,2761.1425,2789.0264
2024-02-19,2789.0262,2836.3352,2782.1336,2835.7085
2024-02-20,2826.6228,2827.8761,2781.1939,2803.7517
2024-02-21,2822.8630,2822.8630,2795.2923,2805.6313
2024-02-22,2811.8979,2841.6616,2807.5116,2825.9966
2024-02-26,2834.1421,2862.6528,2824.7430,2833.2021
2024-02-27,2812.8374,2824.1164,2778.0608,2792.1594
2024-02-28,2772.7346,2793.7259,2759.5759,2772.7346
2024-02-29,2773.0478,2790.9060,2756.1294,2777.4341
2024-03-01,2763.6487,2799.0520,2755.8162,2792.7859
2024-03-04,2772.7349,2780.5674,2745.7907,2752.0569
2024-03-05,2745.1638,2758.9490,2727.3055,2753.3096
2024-03-06,2752.6832,2769.9148,2742.9706,2754.8762
2024-03-07,2755.5029,2795.6056,2755.5029,2792.1594
2024-03-08,2768.9746,2768.9746,2728.5585,2739.2107
2024-03-11,2744.5371,2760.8288,2714.4600,2745.7903
2024-03-12,2745.7905,2746.7304,2700.0483,2736.3914
2024-03-13,2751.7435,2772.1080,2724.4861,2746.1040
2024-03-14,2737.0179,2784.6401,2727.9320,2783.7002
2024-03-15,2785.2666,2807.8245,2774.6144,2785.8933
2024-03-18,2781.1939,2812.2110,2771.1681,2805.3184
2024-03-19,2805.0049,2848.8675,2799.0523,2843.2280
2024-03-21,2835.3954,2841.3481,2805.9447,2816.5972
2024-03-22,2818.4771,2855.1336,2818.1636,2827.2495
2024-03-25,2839.1549,2868.9186,2820.0433,2850.7471
2024-03-26,2834.4554,2839.7814,2808.4511,2828.1892
2024-03-27,2823.1765,2855.1335,2823.1765,2838.5283
2024-03-28,2846.4349,2854.9742,2751.0793,2751.0793
2024-03-29,2765.7861,2792.3529,2747.2843,2771.4790
2024-04-01,2773.8507,2783.3389,2730.6798,2743.4888
2024-04-02,2751.5538,2761.0419,2695.0995,2707.4341
2024-04-03,2732.5776,2755.8234,2717.8710,2750.6050
2024-04-04,2768.6326,2770.0559,2727.8337,2739.2195
2024-04-05,2732.5777,2759.1444,2715.4991,2748.7075
2024-04-08,2731.6287,2749.1817,2720.2430,2748.2329
2024-04-09,2758.6696,2768.1577,2740.1678,2768.1577
2024-04-10,2774.7996,2779.5436,2756.7721,2766.2603
2024-04-11,2752.0282,2783.3390,2734.9496,2770.5300
2024-04-12,2775.2740,2794.2502,2762.9394,2777.6460
2024-04-15,2767.6834,2817.0216,2759.1441,2815.1240
2024-04-16,2796.6225,2798.0457,2738.2705,2746.3354
2024-04-17,2769.1068,2777.6461,2736.3728,2742.0657
2024-04-18,2746.8099,2789.0320,2741.1170,2763.4141
2024-04-19,2760.0933,2762.9397,2671.3794,2711.7039
2024-04-22,2759.1443,2774.7997,2740.6425,2770.0557
2024-04-23,2770.5302,2778.5951,2757.2468,2774.3254
2024-04-24,2755.3494,2777.1720,2751.5541,2772.4280
2024-04-25,2761.0422,2765.7863,2724.5129,2733.0522
2024-04-26,2743.9633,2744.4377,2697.4715,2730.6799
2024-04-30,2752.9773,2753.4517,2712.1783,2744.9124
2024-05-01,2789.5066,2841.6912,2769.5815,2841.2168
2024-05-02,2865.4113,2898.6197,2852.1279,2860.6672
2024-05-07,2887.2335,2888.1824,2826.5096,2836.9465
2024-05-08,2828.4075,2834.5748,2736.3728,2736.3728
2024-05-09,2746.8097,2751.5537,2716.9221,2719.7686
2024-05-10,2734.9496,2769.5812,2725.9359,2733.5264
2024-05-13,2718.3454,2744.9121,2717.3966,2733.5264
2024-05-14,2723.0896,2777.1718,2722.6152,2774.7998
2024-05-15,2773.3768,2781.9161,2726.4106,2726.4106
2024-05-16,2727.3590,2731.6286,2664.2630,2675.1743
2024-05-17,2647.1847,2683.7139,2638.6454,2668.5330
2024-05-20,2692.2530,2713.1268,2671.8535,2697.4714
2024-05-21,2679.9184,2699.3690,2676.1231,2683.7136
2024-05-22,2668.0581,2670.9045,2639.5938,2653.8259
2024-05-23,2654.7752,2699.8437,2654.7752,2683.2395
2024-05-24,2669.0070,2703.6386,2664.2629,2695.5737
2024-05-27,2703.1644,2730.6799,2687.9834,2730.6799
2024-05-28,2739.6937,2752.5026,2715.4990,2721.6663
2024-05-29,2702.2154,2704.1130,2653.3516,2653.3516
2024-05-30,2625.3620,2643.8638,2600.2185,2614.4507
2024-05-31,2620.1437,2644.3384,2589.7817,2589.7817
2024-06-03,2638.6453,2658.0960,2606.8601,2617.7715
2024-06-04,2603.5393,2610.6554,2581.7167,2605.9114
2024-06-05,2594.0511,2642.4405,2585.9862,2632.9524
2024-06-06,2618.7200,2634.8498,2604.9623,2609.2319
2024-06-07,2596.8977,2603.5394,2568.4334,2574.1262
2024-06-10,2583.1398,2606.8601,2579.8189,2595.9487
2024-06-11,2603.5395,2614.4508,2561.7917,2561.7917
2024-06-12,2542.8154,2545.6619,2482.0915,2485.8867
2024-06-13,2490.6307,2500.1188,2429.4324,2429.4324
2024-06-14,2409.9817,2448.4086,2409.9817,2432.2788
2024-06-17,2429.9069,2429.9069,2376.7734,2377.2478
2024-06-18,2391.4795,2404.2885,2377.2474,2385.3123
2024-06-19,2424.6884,2464.0640,2421.3675,2454.5759
2024-06-20,2465.4871,2465.4871,2398.5959,2425.1626
2024-06-21,2441.2924,2478.2960,2438.4459,2454.1013
2024-06-24,2479.7194,2483.5146,2457.4223,2472.6033
2024-06-25,2489.2074,2520.9926,2482.0913,2516.2485
2024-06-26,2532.3782,2532.3782,2496.3234,2509.1323
2024-06-27,2509.1324,2521.4669,2494.4258,2502.9651
2024-06-28,2514.3511,2528.1089,2506.2862,2528.1089
2024-07-01,2546.6105,2549.9313,2471.6544,2473.5520
2024-07-02,2473.0776,2493.4770,2451.7293,2476.3984
2024-07-03,2476.3987,2489.2076,2463.5897,2470.7058
2024-07-04,2484.4632,2511.5043,2484.4632,2492.0537
2024-07-05,2504.8628,2525.7367,2490.6307,2498.6956
2024-07-08,2481.6171,2500.5933,2458.3712,2465.9617
2024-07-09,2473.5523,2495.3750,2460.2689,2481.6172
2024-07-10,2492.0538,2514.8252,2477.8216,2511.5044
2024-07-11,2532.3780,2579.8186,2528.5827,2571.7537
2024-07-12,2578.8702,2584.5631,2553.2523,2563.6892
2024-07-16,2561.7916,2562.7404,2534.2761,2548.9827
2024-07-17,2550.4056,2573.1771,2539.9687,2566.5354
2024-07-18,2548.0337,2576.9724,2544.2384,2554.2009
2024-07-19,2553.7268,2568.4334,2544.7131,2561.7917
2024-07-22,2590.2560,2656.6728,2584.0887,2637.2222
2024-07-23,2655.7238,2678.9697,2631.0547,2650.9797
2024-07-24,2637.6964,2641.4916,2584.0885,2590.7302
2024-07-25,2562.2657,2601.1670,2551.3544,2598.3206
2024-07-26,2598.3204,2601.1668,2562.2655,2571.7537
2024-07-29,2597.8466,2636.7479,2579.3448,2621.5669
2024-07-30,2620.6179,2635.7989,2601.6417,2629.1572
2024-07-31,2645.2866,2685.1366,2642.9145,2680.3926
2024-08-01,2700.3181,2726.4104,2569.8565,2595.0000
2024-08-02,2547.5596,2556.5734,2493.9518,2503.9143
2024-08-05,2397.1727,2481.1425,2232.5539,2316.0493
2024-08-06,2498.2211,2522.8902,2425.6370,2488.2585
2024-08-07,2425.1626,2542.3408,2413.3024,2454.1013
2024-08-08,2454.1014,2509.6069,2431.8043,2461.6919
2024-08-09,2467.3846,2479.2448,2403.3399,2440.3435
2024-08-13,2429.9066,2447.4596,2393.8517,2437.4971
2024-08-14,2473.0777,2510.5558,2463.1152,2506.2861
2024-08-15,2504.8630,2506.2862,2469.2825,2480.1938
2024-08-16,2527.6342,2529.0574,2506.2859,2520.5181
2024-08-19,2556.0987,2580.7678,2535.2248,2552.7778
2024-08-20,2572.2284,2609.2321,2568.9076,2598.7952
2024-08-21,2578.8704,2618.7205,2569.8567,2610.1812
2024-08-22,2590.2557,2606.3855,2587.4093,2606.3855
2024-08-23,2592.6281,2645.2871,2586.4608,2645.2871
2024-08-26,2641.4918,2694.6252,2631.0549,2694.6252
2024-08-27,2693.6762,2701.7411,2676.1232,2694.1506
2024-08-28,2700.3180,2708.8573,2687.0347,2689.8811
2024-08-29,2685.1367,2689.8808,2645.2866,2653.8259
2024-08-30,2648.6076,2662.3654,2617.2968,2658.0957
2024-09-02,2642.9150,2646.7102,2611.1298,2617.7715
2024-09-03,2627.7339,2683.2394,2620.6178,2673.2769
2024-09-04,2625.8365,2670.4307,2625.8365,2659.0449
2024-09-05,2659.0448,2721.6663,2650.5055,2706.4854
2024-09-06,2694.6253,2743.0147,2683.2395,2705.5366
2024-09-09,2671.8535,2702.6899,2650.0309,2686.0857
2024-09-10,2708.8573,2745.8610,2699.3692,2726.8848
2024-09-11,2704.1134,2711.7039,2653.3520,2674.2258
2024-09-12,2678.0209,2726.8847,2671.3792,2713.1270
2024-09-13,2710.2804,2717.3965,2672.3280,2679.9185
2024-09-17,2694.6251,2742.0657,2694.6251,2742.0657
2024-09-18,2746.8098,2764.3628,2696.5228,2724.0383
2024-09-19,2759.1443,2798.0455,2748.2329,2779.5437
2024-09-20,2784.7623,2814.6499,2780.4927,2814.6499
2024-09-24,2797.0969,2804.2130,2721.1919,2729.2568
2024-09-25,2737.3217,2746.8098,2713.6014,2735.8984
2024-09-26,2735.8986,2745.3867,2697.9461,2745.3867
2024-09-27,2740.5995,2793.2573,2733.4189,2792.7786
2024-09-30,2700.8667,2770.2792,2700.3879,2727.1956
2024-10-01,2743.4715,2748.7373,2716.6639,2743.9502
2024-10-02,2710.4409,2730.0679,2682.1972,2694.6436
2024-10-03,2709.4835,2746.3440,2704.2178,2742.0356
2024-10-04,2757.3540,2782.2468,2754.0030,2781.7681
2024-10-07,2788.9489,2810.0120,2774.5877,2792.7786
2024-10-08,2767.4073,2816.7141,2767.4073,2803.3103
2024-10-09,2803.3103,2809.0548,2760.7053,2785.1194
2024-10-10,2795.6511,2824.3735,2772.6731,2824.3735
2024-10-11,2805.2251,2837.7772,2786.5555,2809.5334
2024-10-15,2831.0754,2857.8830,2820.0651,2846.3940
2024-10-16,2829.1602,2896.1792,2824.3731,2847.3511
2024-10-17,2862.6697,2907.6682,2853.0955,2869.3716
2024-10-18,2876.0736,2877.0310,2849.2659,2858.8401
2024-10-21,2856.9254,2898.0943,2842.0855,2882.7756
2024-10-22,2886.6052,2916.2851,2866.4995,2886.6052
2024-10-23,2878.9457,2894.2644,2858.3613,2871.7651
2024-10-24,2852.6170,2877.9885,2841.1280,2862.1912
2024-10-25,2872.2439,2877.0309,2821.5009,2836.3408
2024-10-28,2826.2881,2883.7330,2819.5862,2877.9885
2024-10-29,2900.9665,2928.7315,2890.4349,2926.8167
2024-10-30,2935.4332,2949.7945,2913.4127,2934.4758
2024-10-31,2934.4759,2951.7093,2921.0721,2939.2629
2024-11-01,2853.0957,2941.1778,2853.0957,2915.3276
2024-11-05,2933.5187,2934.4761,2893.3072,2927.7742
2024-11-06,2924.9019,2961.2837,2914.3704,2927.7742
2024-11-07,2927.7739,2935.4332,2867.4568,2876.0735
2024-11-08,2880.8606,2906.7108,2864.5846,2872.2439
2024-11-11,2873.2015,2894.2646,2864.5848,2882.7756
2024-11-12,2891.3923,2905.7535,2878.9459,2886.6052
2024-11-13,2861.7125,2872.2440,2803.3102,2817.6714
2024-11-14,2815.2776,2819.5860,2765.0133,2766.4495
2024-11-15,2793.2570,2799.4802,2772.6726,2772.6726
2024-11-18,2772.6728,2809.0545,2766.9283,2787.5127
2024-11-19,2795.6508,2832.0326,2787.5128,2815.2778
2024-11-20,2796.1295,2811.9269,2748.7375,2750.6523
2024-11-21,2738.2061,2752.0886,2642.9433,2660.6555
2024-11-22,2653.9535,2669.7508,2633.3691,2661.6128
2024-11-25,2680.7610,2771.7154,2674.5379,2721.4512
2024-11-26,2707.5686,2731.5040,2683.6333,2709.9622
2024-11-27,2736.2911,2746.3439,2705.6538,2719.0576
2024-11-28,2735.8125,2801.8741,2717.1429,2795.6509
2024-11-29,2799.0018,2814.7992,2783.2045,2795.6509
2024-12-02,2810.0120,2816.7139,2772.6728,2810.4907
2024-12-03,2853.0959,2881.8184,2840.1708,2864.1062
2024-12-04,2908.6256,2912.4553,2764.0560,2807.1396
2024-12-05,2804.7462,2806.6610,2757.3541,2760.7051
2024-12-06,2757.3544,2784.1620,2740.5996,2756.3970
2024-12-09,2720.4937,2734.3762,2685.0694,2707.5686
2024-12-10,2727.1956,2728.6317,2674.0591,2674.0591
2024-12-11,2709.0048,2709.0048,2673.5805,2681.7185
2024-12-12,2720.0151,2740.5995,2711.3983,2728.1531
2024-12-13,2685.0694,2708.0474,2684.5907,2708.0474
2024-12-16,2699.9094,2699.9094,2645.8154,2645.8154
2024-12-17,2646.2940,2673.1016,2642.4644,2642.4644
2024-12-18,2648.2090,2681.7185,2639.5922,2659.2192
2024-12-19,2613.7421,2658.7406,2602.2531,2639.5923
2024-12-20,2639.1133,2651.0809,2623.3159,2623.3159
2024-12-23,2648.2090,2651.5600,2619.9653,2635.2839
2024-12-24,2632.8903,2648.2090,2630.9755,2641.5071
2024-12-25,2634.8049,2637.6771,2615.1779,2630.0178
2024-12-26,2632.8905,2660.6555,2630.9757,2660.6555
2024-12-27,2673.1019,2685.5483,2663.0490,2682.6760
2024-12-30,2699.4305,2699.4305,2668.3146,2675.9739
2025-01-06,2685.5483,2689.3779,2645.3368,2649.1665
2025-01-07,2634.3264,2642.4644,2611.8271,2636.2412
2025-01-08,2623.7946,2623.7946,2589.8063,2602.7314
2025-01-09,2608.4765,2611.3487,2575.9244,2587.4133
2025-01-10,2597.9445,2614.2206,2577.3601,2577.3601
2025-01-14,2586.9346,2592.2004,2538.1065,2560.6057
2025-01-15,2592.2001,2596.0298,2566.8286,2575.9241
2025-01-16,2548.1591,2581.6686,2544.8081,2544.8081
2025-01-17,2545.7657,2559.1695,2514.6497,2517.5220
2025-01-20,2518.0006,2544.3295,2518.0006,2532.3618
2025-01-21,2551.5105,2562.0420,2540.0215,2553.4253
2025-01-22,2576.4028,2584.0621,2549.5951,2560.1267
2025-01-23,2568.2648,2602.7318,2561.0842,2587.8918
2025-01-24,2599.8596,2600.8170,2565.8713,2565.8713
2025-01-27,2594.1149,2630.9754,2593.1575,2620.4438
2025-01-28,2609.9125,2667.8361,2609.4338,2651.0813
2025-01-29,2644.8578,2653.4746,2626.1882,2646.2939
2025-01-30,2634.8050,2664.9636,2634.8050,2657.7830
2025-01-31,2644.8582,2668.3149,2634.8053,2656.3472
2025-02-03,2631.4541,2641.5070,2608.9549,2616.1355
2025-02-04,2604.1679,2619.4866,2568.2649,2581.6687
2025-02-05,2575.9242,2586.9344,2558.2120,2570.1797
2025-02-06,2582.1474,2629.0607,2582.1474,2612.7847
2025-02-07,2616.1356,2620.9227,2590.7641,2614.6995
2025-02-10,2624.2735,2640.0708,2619.4864,2620.4438
2025-02-12,2626.1882,2634.8049,2608.9548,2623.7947
2025-02-13,2641.5070,2656.3469,2633.8476,2651.5598
2025-02-14,2646.7730,2653.4749,2630.0183,2645.3369
2025-02-17,2646.2940,2663.0487,2640.0708,2657.7830
2025-02-18,2679.8036,2711.8770,2674.0591,2698.9519
2025-02-19,2704.6964,2714.7492,2678.8462,2700.8667
2025-02-20,2707.5686,2742.0355,2694.6435,2718.5789
2025-02-21,2741.0780,2771.7152,2735.3335,2743.9502
2025-02-25,2744.4293,2779.3749,2734.3764,2771.7156
2025-02-26,2805.2249,2836.3409,2796.1295,2834.9048
2025-02-27,2838.2556,2872.2438,2832.0324,2851.6594
2025-02-28,2852.1383,2875.1162,2809.5333,2841.6067
2025-03-03,2857.4041,2895.2220,2855.4892,2893.3071
2025-03-04,2913.4128,2945.9649,2901.9238,2908.6257
2025-03-05,2924.9017,2958.4112,2918.1998,2919.1572
2025-03-06,2900.9664,2901.9239,2846.3938,2879.9033
2025-03-07,2848.3087,2890.4349,2845.9151,2877.9885
2025-03-10,2872.2440,2900.0090,2870.3292,2870.8079
2025-03-11,2839.6921,2882.7758,2839.6921,2864.1062
2025-03-12,2833.9473,2843.5215,2806.6610,2843.5215
2025-03-13,2865.0635,2937.3483,2854.0532,2927.7742
2025-03-14,2916.2852,2936.3909,2900.0091,2900.9666
2025-03-17,2899.0517,2946.9224,2893.3072,2943.0928
2025-03-18,2939.2628,2961.2833,2913.4126,2913.4126
2025-03-19,2924.9016,2940.2202,2904.7959,2913.4126
2025-03-21,2886.6050,2932.5609,2882.7754,2891.3921
2025-03-24,2900.9664,2917.2425,2883.7330,2908.6257
2025-03-25,2908.6258,2922.9870,2890.4349,2900.0090
2025-03-26,2920.1150,2941.1781,2910.5408,2922.0298
2025-03-27,2910.5407,2955.5392,2907.6685,2952.6670
2025-03-28,2951.6989,2960.4117,2893.6137,2918.7839
2025-03-31,2894.5818,2899.4222,2837.4646,2857.7944
2025-04-01,2887.8051,2917.8158,2861.6667,2873.7678
2025-04-02,2900.3902,2900.3902,2828.7517,2845.2092
2025-04-03,2805.5176,2897.0019,2778.8952,2885.8689
2025-04-04,2970.0925,3052.3799,2938.1456,2987.5181
2025-04-07,2755.1770,2927.4966,2754.2090,2847.6294
2025-04-08,2836.4964,2855.3741,2782.2835,2845.2092
2025-04-09,2824.3952,2880.5443,2790.0281,2860.6985
2025-04-10,2846.1771,3004.9434,2826.3313,3003.9753
2025-04-11,2952.6666,2976.8688,2932.3368,2950.7305
2025-04-14,2965.2521,3010.7522,2956.5393,3010.7522
2025-04-15,3010.7520,3029.1457,2963.3157,2969.1243
2025-04-16,2978.8053,3008.8160,2968.1563,3007.8479
2025-04-17,3031.0818,3044.6350,3007.8477,3040.7627
2025-04-18,3049.4758,3084.3269,3043.6672,3084.3269
2025-04-21,3086.2629,3126.9226,3080.4544,3124.0183
2025-04-22,3146.2844,3171.4547,3134.6674,3153.0610
2025-04-23,3166.6140,3197.5928,3152.0927,3156.9331
2025-04-24,3098.8479,3111.4331,2952.6667,2976.8689
2025-04-25,2967.1881,2992.3583,2934.2731,2979.7732
2025-04-28,2962.3479,3010.7523,2951.6989,3009.7842
2025-04-30,3008.8158,3019.4647,2966.2199,2997.1987
2025-05-01,3020.4331,3124.0185,2967.1883,3118.2100
2025-05-02,3115.3054,3170.4864,3098.8480,3152.0928
2025-05-07,3201.4656,3207.2741,3112.4015,3120.1462
2025-05-08,3119.1778,3123.0502,3066.9011,3121.1140
2025-05-09,3145.3162,3145.3162,3094.9757,3127.8906
2025-05-12,3097.8801,3097.8801,3065.9332,3077.5503
2025-05-13,3009.7842,3049.4758,3008.8161,3036.8906
2025-05-14,2999.1351,3003.0075,2972.9968,2987.5181
2025-05-15,2993.3264,3032.0499,2992.3583,3024.3052
2025-05-16,3034.9545,3044.6353,2990.4224,3030.1140
2025-05-19,3010.7521,3052.3799,3004.9436,3029.1458
2025-05-20,3051.4116,3052.3797,2989.4540,2990.4221
2025-05-21,3001.0713,3032.0501,2972.0286,2977.8372
2025-05-22,2962.3479,2982.6777,2934.2733,2959.4436
2025-05-23,2973.9647,2983.6456,2948.7945,2965.2520
2025-05-26,2962.3476,2987.5179,2961.3795,2976.8689
2025-05-27,2953.6350,2974.9329,2926.5285,2964.2839
2025-05-28,2976.8687,2980.7411,2948.7942,2948.7942
2025-05-29,2938.1455,2946.8583,2913.9433,2921.6880
2025-05-30,2921.6881,2937.1775,2908.1349,2933.3052
2025-06-02,2928.4646,2930.4007,2869.8953,2884.9006
2025-06-03,2880.0602,2897.4858,2865.5389,2879.5762
2025-06-04,2867.9591,2888.2890,2867.4751,2874.2517
2025-06-05,2873.2836,2886.3528,2865.0549,2879.5762
2025-06-06,2894.5817,2922.6562,2892.6455,2912.9753
2025-06-09,2923.6242,2938.1455,2917.8157,2917.8157
2025-06-10,2917.8157,2927.4965,2899.4220,2917.8157
2025-06-11,2899.4220,2912.9752,2889.7411,2911.0391
2025-06-12,2904.2624,2908.1348,2883.4485,2901.3582
2025-06-13,2917.8156,2919.7518,2891.1932,2914.9114
2025-06-16,2943.9540,2976.8690,2936.2093,2944.9221
2025-06-17,2944.9224,2969.1246,2943.9543,2954.6033
2025-06-18,2956.5391,2976.8690,2954.6030,2969.1243
2025-06-19,2982.6773,3009.7838,2973.9646,3004.9434
2025-06-20,3004.9437,3008.8161,2948.7946,2952.6670
2025-06-23,2955.5711,2973.9648,2953.6350,2964.2839
2025-06-24,2982.6776,2984.6138,2955.5711,2984.6138
2025-06-25,2984.6135,2989.4540,2943.9539,2943.9539
2025-06-26,2952.6669,2974.9329,2930.4009,2953.6350
2025-06-27,2974.9329,3030.1138,2972.0286,2995.2627
2025-06-30,3018.4970,3019.4651,2986.5501,3008.8162
2025-07-01,3018.4970,3049.4758,3002.0395,3030.1140
2025-07-02,3097.8797,3177.2629,3080.4542,3093.0393
2025-07-03,3066.9012,3072.7098,3033.0182,3068.8374
2025-07-04,3061.0924,3087.2308,3045.6030,3045.6030
2025-07-07,3060.1247,3073.6779,3053.3481,3070.7737
2025-07-08,3070.7735,3076.5820,3038.8266,3056.2522
2025-07-09,3070.7734,3102.7203,3062.0606,3097.8799
2025-07-10,3114.3375,3130.7950,3095.9438,3123.0503
2025-07-11,3123.0505,3140.4761,3104.6568,3120.1462
2025-07-14,3100.7842,3124.9864,3083.3587,3099.8162
2025-07-15,3111.4332,3118.2098,3056.2522,3056.2522
2025-07-16,3049.4755,3054.3159,3027.2095,3040.7627
2025-07-17,3025.2734,3071.7416,3021.4011,3065.9331
2025-07-18,3064.9650,3072.7097,3040.7628,3046.5713
2025-07-22,3040.7627,3059.1564,3023.3371,3047.5393
2025-07-23,3059.1564,3100.7841,3057.2202,3088.1990
2025-07-24,3097.8800,3106.5928,3072.7097,3099.8162
2025-07-25,3087.2310,3102.7204,3068.8373,3087.2310
2025-07-28,3076.5820,3096.9119,3057.2203,3076.5820
2025-07-29,3061.0926,3066.9011,3030.1138,3050.4436
2025-07-30,3097.8800,3107.5608,3057.2203,3103.6885
2025-07-31,3107.5607,3118.2097,3082.3904,3115.3054
2025-08-01,3089.1673,3237.2847,3080.4545,3237.2847
2025-08-04,3219.8589,3225.6674,3168.5503,3199.5291
2025-08-05,3194.6886,3260.5186,3175.3269,3260.5186
2025-08-06,3323.4445,3359.2637,3317.6360,3344.7424
2025-08-07,3339.9018,3371.8487,3313.7635,3357.3274
2025-08-08,3373.7849,3440.5830,3369.9126,3403.7957
2025-08-12,3409.6039,3452.1998,3397.9869,3430.9019
2025-08-13,3405.7319,3422.1894,3365.0722,3409.6042
2025-08-14,3407.6677,3412.5081,3356.3591,3391.2102
2025-08-15,3417.3490,3454.1363,3408.6362,3453.1682
2025-08-18,3434.7744,3496.7320,3434.7744,3468.6575
2025-08-19,3476.4024,3520.9345,3475.4344,3505.4451
2025-08-20,3541.2642,3591.6048,3532.5514,3533.5195
2025-08-21,3501.5725,3514.1576,3466.7213,3485.1150
2025-08-22,3510.2851,3535.4554,3490.9234,3534.4873
2025-08-25,3527.7108,3530.6151,3478.3384,3478.3384
2025-08-26,3465.7533,3484.1469,3406.6999,3420.2532
2025-08-27,3440.5829,3460.9128,3421.2212,3448.3276
2025-08-28,3494.7957,3540.2958,3477.3701,3528.6787
2025-08-29,3533.5194,3549.0088,3495.7640,3498.6682
2025-09-01,3513.1894,3557.7214,3502.5405,3557.7214
2025-09-02,3557.7214,3572.2427,3519.9660,3571.2747
2025-09-03,3615.8068,3634.2004,3568.3705,3600.3174
2025-09-04,3599.3494,3615.8069,3575.1472,3615.8069
2025-09-05,3642.9133,3653.5623,3600.3175,3629.3601
2025-09-08,3654.5303,3687.4453,3630.3282,3673.8921
2025-09-09,3683.5730,3693.2539,3629.3601,3629.3601
2025-09-10,3630.3280,3681.6367,3606.1258,3608.0620
2025-09-11,3613.8705,3615.8067,3558.6895,3578.0513
2025-09-12,3600.3174,3604.1898,3556.7535,3562.5620
2025-09-16,3556.7535,3588.7004,3536.4236,3576.1152
2025-09-17,3557.7216,3572.2429,3537.3918,3565.4663
2025-09-18,3581.9236,3598.3811,3542.2320,3544.1682
2025-09-19,3525.7747,3565.4663,3506.4129,3521.9023
2025-09-22,3487.0513,3530.6153,3485.1152,3513.1897
2025-09-24,3580.9556,3604.1897,3553.8491,3597.4131
2025-09-25,3627.4240,3627.4240,3568.3707,3574.1792
2025-09-26,3595.4769,3629.3599,3578.0513,3608.0620
2025-09-29,3604.1532,3613.9258,3542.5855,3551.3809
2025-09-30,3528.9038,3543.5628,3500.5631,3537.6992
2025-10-01,3518.1538,3541.6082,3490.7904,3518.1538
2025-10-02,3476.1315,3490.7905,3417.4956,3448.7681
2025-10-03,3460.4950,3536.7217,3454.6314,3513.2673
2025-10-06,3610.9941,3612.9487,3536.7220,3538.6765
2025-10-07,3552.3581,3552.3581,3506.4266,3509.3584
2025-10-08,3517.1765,3555.2898,3497.6312,3515.2219
2025-10-09,3513.2675,3518.1538,3485.9041,3502.5176
2025-10-10,3480.0403,3497.6311,3452.6769,3480.0403
2025-10-14,3454.6316,3524.9946,3440.9498,3524.9946
2025-10-15,3524.9946,3573.8578,3520.1082,3530.8582
2025-10-16,3537.6990,3545.5172,3502.5175,3516.1992
2025-10-17,3524.9945,3526.9490,3485.9039,3513.2673
2025-10-20,3555.2899,3568.9716,3533.7901,3551.3809
2025-10-21,3567.0170,3573.8579,3534.7673,3557.2444
2025-10-22,3573.8580,3609.0396,3559.1990,3609.0396
2025-10-23,3615.8804,3628.5848,3590.4715,3608.0623
2025-10-24,3610.0167,3615.8803,3583.6305,3588.5168
2025-10-27,3611.9712,3626.6301,3589.4941,3603.1758
2025-10-28,3603.1758,3610.0166,3567.0170,3578.7441
2025-10-29,3602.1985,3602.1985,3542.5854,3547.4717
2025-10-30,3526.9491,3531.8354,3475.1540,3514.2446
2025-10-31,3664.7436,3704.8115,3618.8121,3670.6072
2025-11-04,3664.7433,3664.7433,3573.8577,3589.4939
2025-11-05,3618.8120,3684.2888,3594.3804,3682.3342
2025-11-06,3636.4027,3696.9932,3630.5392,3696.9932
2025-11-07,3756.6064,3784.9471,3705.7886,3770.2881
2025-11-10,3778.1063,3817.1969,3751.7202,3789.8335
2025-11-11,3740.9702,3755.6291,3699.9250,3707.7432
2025-11-12,3730.2203,3757.5837,3648.1300,3677.4480
2025-11-13,3724.3567,3724.3567,3669.6299,3716.5386
2025-11-14,3739.0157,3742.9248,3681.3571,3717.5159
2025-11-17,3696.9932,3708.7204,3659.8571,3682.3342
2025-11-18,3817.1970,3824.0379,3672.5618,3713.6069
2025-11-19,3728.2658,3745.8565,3696.9933,3725.3340
2025-11-20,3713.6067,3773.2199,3713.6067,3731.1975
2025-11-21,3773.2201,3871.9238,3762.4702,3871.9238
2025-11-25,3845.5374,3909.0596,3818.1739,3909.0596
2025-11-26,3885.6055,3950.1050,3836.7422,3949.1277
2025-11-27,3927.6280,4001.9001,3924.6962,3984.3093
2025-11-28,3953.0367,3957.9230,3913.9461,3954.0139
2025-12-01,3952.0593,3971.6046,3909.0596,3911.0142
2025-12-02,3921.7641,3945.2185,3887.5599,3945.2185
2025-12-03,3896.3552,3905.1506,3825.9922,3849.4465
2025-12-04,3834.7874,3873.8780,3819.1512,3861.1736
2025-12-05,3818.1742,3831.8559,3761.4928,3773.2200
2025-12-08,3835.7648,3862.1510,3805.4696,3849.4465
2025-12-09,3844.5603,3859.2192,3810.3560,3859.2192
2025-12-10,3821.1060,3886.5828,3817.1970,3886.5828
2025-12-11,3909.0599,3909.0599,3831.8560,3831.8560
2025-12-12,3882.6736,3936.4232,3859.2192,3914.9233
2025-12-15,3948.1503,4104.5127,3943.2640,4104.5127
2025-12-16,4060.5359,4084.9675,4018.5135,4044.8997
2025-12-17,4032.1950,4049.7858,3932.5140,3951.0820
2025-12-18,4001.8998,4035.1268,3986.2636,4006.7861
2025-12-19,3981.3772,4036.1041,3974.5364,4022.4224
2025-12-22,3993.1047,4000.9228,3903.1963,3928.6052
2025-12-23,3962.8093,3987.2410,3936.4232,3987.2410
2025-12-24,4003.8542,4051.7402,3994.0816,4035.1267
2025-12-25,4055.6496,4072.2631,4024.3771,4054.6724
2025-12-26,4053.6949,4089.8537,4042.9450,4064.4448
2025-12-29,4055.6497,4096.6948,4035.1272,4057.6042
2025-12-30,4056.6266,4077.1492,4038.0586,4038.0586
2026-01-05,4079.1037,4103.5354,4031.2178,4062.4902
2026-01-06,4060.5356,4099.6262,4050.7629,4089.8535
2026-01-07,4046.8539,4062.4901,4018.5132,4027.3086
2026-01-08,4028.2862,4048.8088,4004.8319,4039.0361
2026-01-09,4034.1497,4061.5131,4003.8545,4051.7405
2026-01-13,4085.9450,4115.2629,4065.4224,4098.6494
2026-01-14,4030.2406,4045.8769,3986.2637,4042.9451
2026-01-15,4036.1042,4040.9905,3951.0821,3977.4683
2026-01-16,3929.5822,3957.9228,3835.7647,3869.9690
2026-01-19,3870.9463,3872.9008,3814.2649,3839.6738
2026-01-20,3853.3555,3946.1957,3827.9466,3917.8550
2026-01-21,3916.8779,3917.8552,3862.1511,3900.2644
2026-01-22,3909.0598,3909.0598,3863.1284,3877.7874
2026-01-23,3906.1278,3930.5594,3868.9918,3870.9463
2026-01-26,3889.5145,3889.5145,3834.7877,3877.7874
2026-01-27,3868.0145,3868.9918,3821.1058,3832.8330
2026-01-28,3776.1518,3787.8790,3706.7660,3719.4705
2026-01-29,3693.0840,3755.6290,3643.2435,3750.7427
2026-01-30,3800.5831,3807.4240,3748.7881,3804.4922
2026-02-02,3802.5379,3803.5152,3709.6978,3709.6978
2026-02-03,3708.7206,3725.3341,3629.5621,3656.9255
2026-02-04,3645.1983,3684.2889,3593.4032,3678.4253
2026-02-05,3759.5382,3782.0153,3728.2658,3772.2427
2026-02-06,3840.6513,3887.5601,3811.3334,3887.5601
2026-02-09,3909.0598,3915.9007,3807.4243,3837.7195
2026-02-10,3803.5150,3803.5150,3743.9018,3798.6287
2026-02-12,3747.8109,3765.4016,3661.8115,3686.2432
2026-02-13,3664.7435,3729.2430,3664.7435,3723.3794
2026-02-16,3697.9704,3712.6293,3659.8570,3702.8567
2026-02-17,3726.3112,3727.2884,3666.6980,3675.4934
2026-02-18,3717.5156,3753.6744,3703.8339,3748.7881
2026-02-19,3750.7428,3761.4927,3709.6977,3746.8337
2026-02-20,3734.1294,3742.9248,3687.2207,3727.2886
2026-02-24,3747.8111,3756.6065,3690.1524,3740.9702
2026-02-25,3703.8341,3748.7883,3670.6071,3732.1748
2026-02-26,3696.9930,3772.2424,3696.0158,3756.6062
2026-02-27,3775.1745,3775.1745,3739.9929,3772.2427
2026-03-02,3762.4699,3817.1967,3725.3338,3791.7878
2026-03-03,3731.1975,3740.9701,3678.4252,3682.3342
2026-03-04,3666.6981,3668.6526,3592.4259,3620.7666
2026-03-05,3688.1977,3700.9021,3627.6072,3645.1980
2026-03-06,3631.5164,3662.7889,3594.3803,3624.6755
2026-03-09,3596.3348,3722.4020,3559.1987,3702.8567
2026-03-10,3688.1979,3723.3794,3654.9709,3668.6526
2026-03-11,3710.6749,3771.2653,3699.9250,3730.2202
2026-03-12,3687.2206,3712.6295,3653.0163,3676.4707
2026-03-13,3651.0618,3720.4476,3636.4028,3636.4028
2026-03-16,3636.4028,3678.4252,3622.7211,3636.4028
2026-03-17,3625.6530,3694.0615,3623.6985,3670.6072
2026-03-18,3645.1981,3673.5388,3601.2212,3617.8347
2026-03-19,3559.1988,3578.7441,3524.9945,3528.9036
2026-03-23,3525.9719,3528.9037,3474.1768,3476.1313
2026-03-24,3476.1313,3535.7445,3476.1313,3507.4038
2026-03-25,3544.5400,3557.2445,3518.1539,3552.3582
2026-03-26,3568.9715,3577.7669,3539.6536,3564.0852
2026-03-27,3609.0394,3614.9030,3570.9260,3587.5396
2026-03-30,3506.5434,3606.3070,3489.7515,3575.6865
2026-03-31,3614.2090,3637.9152,3573.7109,3580.6252
2026-04-01,3621.1234,3644.8296,3580.6253,3638.9031
2026-04-02,3637.9153,3682.3644,3592.4784,3630.0132
2026-04-03,3565.8089,3612.2335,3565.8089,3595.4417
2026-04-06,3588.5273,3598.4049,3532.2251,3532.2251
2026-04-07,3548.0292,3567.7843,3498.6412,3530.2495
2026-04-08,3576.6744,3592.4785,3547.0416,3563.8335
2026-04-09,3516.4211,3589.5152,3506.5435,3535.1885
2026-04-10,3562.8455,3572.7231,3501.6045,3515.4331
2026-04-13,3516.4209,3590.5028,3515.4331,3557.9067
2026-04-14,3536.1762,3540.1272,3462.0943,3470.9841
2026-04-15,3489.7514,3540.1271,3481.8494,3538.1516
2026-04-16,3515.4332,3546.0537,3481.8494,3481.8494
2026-04-17,3476.9107,3486.7883,3432.4615,3435.4248
2026-04-20,3457.1554,3491.7269,3448.2655,3473.9473
2026-04-21,3473.9472,3500.6167,3444.3145,3500.6167
2026-04-22,3484.8128,3501.6047,3468.0209,3478.8862
2026-04-23,3457.1556,3469.0087,3433.4493,3458.1433
2026-04-24,3431.4737,3442.3390,3376.1592,3418.6328
2026-04-27,3360.3551,3418.6329,3349.4898,3385.0491
2026-04-28,3417.6452,3421.5962,3373.1961,3408.7554
2026-04-30,3339.6121,3408.7552,3236.8852,3346.5264
2026-05-01,3623.0990,3738.6668,3557.9069,3654.7073
2026-05-07,3529.2618,3663.5969,3523.3352,3565.8088
2026-05-08,3603.3436,3621.1233,3555.9312,3600.3804
2026-05-11,3581.6130,3644.8296,3566.7966,3594.4539
2026-05-12,3596.4295,3652.7318,3544.0783,3647.7930
2026-05-13,3706.0707,3755.4587,3698.1687,3717.9238
2026-05-14,3670.5112,3678.4133,3616.1845,3634.9519
2026-05-15,3630.0131,3726.8135,3612.2335,3719.8992
2026-05-18,3745.5809,3749.5320,3636.9275,3636.9275
2026-05-19,3700.1440,3772.2504,3684.3399,3741.6299
2026-05-20,3792.9934,3796.9444,3683.3522,3728.7891
2026-05-21,3753.4831,3796.9445,3646.8052,3646.8052
2026-05-22,3600.3805,3625.0745,3558.8946,3561.8579
2026-05-25,3547.0415,3552.9681,3474.9351,3526.2986
2026-05-26,3520.3721,3526.2987,3480.8618,3507.5312
2026-05-27,3488.7638,3491.7271,3415.6696,3484.8127
2026-05-28,3472.9597,3487.7761,3401.8411,3401.8411
2026-05-29,3395.9144,3457.1554,3370.2327,3370.2327
2026-06-01,3398.8776,3423.5716,3284.2976,3312.9426
2026-06-02,3294.1751,3323.8079,3252.6893,3304.0527
2026-06-03,3254.6649,3292.1998,3222.0689,3272.4446
2026-06-04,3276.3957,3277.3835,3203.3016,3239.8486
2026-06-05,3251.7015,3357.3917,3238.8607,3324.7957
2026-06-08,3358.3797,3376.1593,3304.0530,3338.6245
2026-06-09,3401.8409,3416.6573,3335.6611,3341.5876
2026-06-10,3371.2204,3420.6083,3331.7100,3417.6450
2026-06-11,3457.1554,3469.9962,3372.2081,3417.6450
2026-06-12,3407.7675,3424.5594,3347.5142,3362.3306
2026-06-15,3368.2572,3400.8532,3320.8448,3335.6611
2026-06-16,3343.5632,3358.3796,3314.9182,3356.4041
2026-06-17,3402.8286,3412.7062,3295.1629,3304.0527
2026-06-18,3321.8326,3358.3796,3272.4446,3351.4653
2026-06-19,3326.7714,3373.1960,3279.3590,3373.1960
2026-06-22,3306.0283,3340.5998,3273.4322,3283.3098
2026-06-23,3281.3345,3331.7102,3265.5303,3309.9795
2026-06-24,3353.4408,3365.2939,3310.9672,3321.8325
2026-06-25,3329.7346,3351.4653,3291.2120,3302.0774
2026-06-26,3339.6122,3346.5265,3297.1386,3344.5510
2026-06-29,3372.2081,3433.4491,3358.3795,3409.7429
2026-06-30,3391.9635,3429.4983,3366.2817,3366.2817
2026-07-01,3338.6243,3352.4529,3254.6648,3254.6648
2026-07-02,3318.8691,3400.8531,3297.1385,3368.2571
2026-07-03,3492.7146,3500.6167,3408.7552,3416.6572
2026-07-06,3429.4981,3475.9228,3417.6450,3459.1309
2026-07-07,3458.1432,3522.3475,3446.2901,3510.4944
2026-07-08,3506.5434,3544.0782,3492.7148,3497.6536
2026-07-09,3436.4124,3487.7759,3431.4736,3473.9473
2026-07-10,3484.8127,3484.8127,3414.6819,3435.4248
2026-07-13,3459.1309,3495.6779,3426.5348,3487.7759
2026-07-14,3526.2986,3569.7600,3514.4455,3520.3721
2026-07-15,3557.9067,3560.8700,3487.7759,3536.1760
2026-07-16,3575.6864,3604.3314,3548.0291,3556.9189
2026-07-17,3593.4661,3631.9887,3549.0169,3579.6375
2026-07-21,3615.1969,3662.6093,3586.5519,3605.3193
2026-07-22,3546.0537,3604.3314,3511.4821,3572.7231
2026-07-23,3533.2128,3552.9679,3506.5433,3522.3474
2026-07-24,3528.2740,3587.5396,3504.5678,3587.5396
2026-07-27,3595.4417,3723.8504,3594.4540,3710.0217
2026-07-28,3737.6788,3799.9076,3708.0460,3782.1279
2026-07-29,3765.3362,3917.4511,3755.4587,3886.8306
2026-07-30,3862.1366,3896.7081,3733.7279,3773.2383
2026-07-31,3634.9520,3702.1196,3605.3193,3631.0010
2026-08-03,3555.9314,3555.9314,3365.2940,3380.1104
2026-08-04,3418.6330,3421.5962,3340.6000,3366.2817
2026-08-05,3370.2327,3404.8042,3309.9794,3327.7590
2026-08-06,3349.4898,3405.7920,3338.6244,3386.0369
2026-08-07,3407.7675,3469.9963,3387.0245,3418.6328
2026-08-10,3413.6940,3425.5471,3377.1469,3410.7307
2026-08-12,3437.4002,3454.1921,3409.7430,3411.7185
2026-08-13,3412.7063,3442.3391,3399.8655,3427.5227
2026-08-14,3457.1554,3474.9351,3433.4492,3468.0208
2026-08-17,3479.8738,3479.8738,3417.6450,3417.6450
2026-08-18,3388.0123,3428.5104,3364.3061,3410.7307
2026-08-19,3440.3636,3441.3514,3350.4776,3358.3796
2026-08-20,3395.9143,3460.1187,3392.9511,3460.1187
2026-08-21,3505.5556,3536.1761,3474.9350,3495.6780
2026-08-24,3486.7881,3520.3719,3475.9227,3493.7024
2026-08-25,3575.6865,3621.1234,3569.7599,3580.6252
2026-08-26,3577.6620,3581.6131,3528.2741,3540.1272
2026-08-27,3530.2496,3559.8823,3511.4821,3559.8823
2026-08-28,3501.6046,3553.9559,3499.6291,3534.2007
2026-08-31,3541.1149,3549.0169,3518.3964,3537.1638
2026-09-01,3513.4578,3590.5029,3511.4822,3562.8457
2026-09-02,3542.1026,3569.7598,3501.6045,3501.6045
2026-09-03,3495.6780,3537.1639,3491.7270,3511.4822
2026-09-04,3494.6903,3507.5312,3469.0086,3476.9106
2026-09-07,3457.1555,3496.6658,3435.4248,3435.4248
2026-09-08,3420.6083,3478.8861,3404.8042,3474.9351
2026-09-09,3474.9350,3496.6657,3447.2778,3494.6902
2026-09-10,3493.7024,3517.4086,3484.8126,3487.7759
2026-09-11,3437.4003,3484.8128,3437.4003,3450.2412
2026-09-14,3534.2006,3549.0170,3507.5311,3545.0659
2026-09-15,3550.9926,3564.8212,3484.8127,3484.8127
2026-09-16,3481.8495,3504.5679,3456.1677,3456.1677
2026-09-17,3441.3513,3517.4087,3439.3758,3517.4087
2026-09-18,3496.6657,3501.6045,3417.6450,3417.6450
2026-09-24,3385.0491,3435.4248,3379.1225,3420.6084
2026-09-25,3420.6083,3440.3635,3407.7674,3417.6450
2026-09-28,3444.3145,3456.1676,3389.0000,3389.0000
2026-09-29,3384.0000,3388.0000,3331.0000,3337.0000
2026-09-30,3343.0000,3378.0000,3314.0000,3350.0000
2026-10-01,3338.0000,3350.0000,3310.0000,3315.0000
