Date,Open,High,Low,Close
1965-01-05,1257.7200,1257.7200,1257.7200,1257.7200
1965-01-06,1263.9900,1263.9900,1263.9900,1263.9900
1965-01-07,1274.2700,1274.2700,1274.2700,1274.2700
1965-01-08,1286.4301,1286.4301,1286.4301,1286.4301
1965-01-12,1288.5400,1288.5400,1288.5400,1288.5400
1965-01-13,1281.6700,1281.6700,1281.6700,1281.6700
1965-01-14,1289.5000,1289.5000,1289.5000,1289.5000
1965-01-18,1271.6801,1271.6801,1271.6801,1271.6801
1965-01-19,1270.3400,1270.3400,1270.3400,1270.3400
1965-01-20,1268.8800,1268.8800,1268.8800,1268.8800
1965-01-21,1270.4600,1270.4600,1270.4600,1270.4600
1965-01-22,1261.8300,1261.8300,1261.8300,1261.8300
1965-01-25,1249.7200,1249.7200,1249.7200,1249.7200
1965-01-26,1248.0500,1248.0500,1248.0500,1248.0500
1965-01-27,1258.2100,1258.2100,1258.2100,1258.2100
1965-01-28,1247.2000,1247.2000,1247.2000,1247.2000
1965-01-29,1242.2700,1242.2700,1242.2700,1242.2700
1965-02-01,1242.8300,1242.8300,1242.8300,1242.8300
1965-02-02,1238.7500,1238.7500,1238.7500,1238.7500
1965-02-03,1248.0300,1248.0300,1248.0300,1248.0300
1965-02-04,1261.6000,1261.6000,1261.6000,1261.6000
1965-02-05,1263.5900,1263.5900,1263.5900,1263.5900
1965-02-08,1258.9301,1258.9301,1258.9301,1258.9301
1965-02-09,1251.6801,1251.6801,1251.6801,1251.6801
1965-02-10,1248.6100,1248.6100,1248.6100,1248.6100
1965-02-12,1257.9399,1257.9399,1257.9399,1257.9399
1965-02-15,1249.5000,1249.5000,1249.5000,1249.5000
1965-02-16,1247.0100,1247.0100,1247.0100,1247.0100
1965-02-17,1237.0800,1237.0800,1237.0800,1237.0800
1965-02-18,1241.4100,1241.4100,1241.4100,1241.4100
1965-02-19,1237.3500,1237.3500,1237.3500,1237.3500
1965-02-22,1224.8199,1224.8199,1224.8199,1224.8199
1965-02-23,1223.5900,1223.5900,1223.5900,1223.5900
1965-02-24,1219.1000,1219.1000,1219.1000,1219.1000
1965-02-25,1216.7100,1216.7100,1216.7100,1216.7100
1965-02-26,1213.0699,1213.0699,1213.0699,1213.0699
1965-03-01,1206.4800,1206.4800,1206.4800,1206.4800
1965-03-02,1202.5400,1202.5400,1202.5400,1202.5400
1965-03-03,1207.8199,1207.8199,1207.8199,1207.8199
1965-03-04,1213.0300,1213.0300,1213.0300,1213.0300
1965-03-05,1209.6400,1209.6400,1209.6400,1209.6400
1965-03-08,1190.9800,1190.9800,1190.9800,1190.9800
1965-03-09,1178.4301,1178.4301,1178.4301,1178.4301
1965-03-10,1173.3400,1173.3400,1173.3400,1173.3400
1965-03-11,1164.6300,1164.6300,1164.6300,1164.6300
1965-03-12,1175.8600,1175.8600,1175.8600,1175.8600
1965-03-15,1188.4900,1188.4900,1188.4900,1188.4900
1965-03-16,1181.2200,1181.2200,1181.2200,1181.2200
1965-03-17,1175.8000,1175.8000,1175.8000,1175.8000
1965-03-18,1182.6899,1182.6899,1182.6899,1182.6899
1965-03-19,1175.8800,1175.8800,1175.8800,1175.8800
1965-03-23,1167.7900,1167.7900,1167.7900,1167.7900
1965-03-24,1157.0500,1157.0500,1157.0500,1157.0500
1965-03-25,1157.0699,1157.0699,1157.0699,1157.0699
1965-03-26,1162.7700,1162.7700,1162.7700,1162.7700
1965-03-29,1188.7900,1188.7900,1188.7900,1188.7900
1965-03-30,1139.8000,1139.8000,1139.8000,1139.8000
1965-03-31,1132.7700,1132.7700,1132.7700,1132.7700
1965-04-01,1127.5800,1127.5800,1127.5800,1127.5800
1965-04-02,1128.5699,1128.5699,1128.5699,1128.5699
1965-04-05,1124.4500,1124.4500,1124.4500,1124.4500
1965-04-06,1154.3900,1154.3900,1154.3900,1154.3900
1965-04-07,1159.9800,1159.9800,1159.9800,1159.9800
1965-04-08,1183.1200,1183.1200,1183.1200,1183.1200
1965-04-09,1180.5699,1180.5699,1180.5699,1180.5699
1965-04-12,1163.0000,1163.0000,1163.0000,1163.0000
1965-04-13,1149.4100,1149.4100,1149.4100,1149.4100
1965-04-14,1142.2300,1142.2300,1142.2300,1142.2300
1965-04-15,1161.7300,1161.7300,1161.7300,1161.7300
1965-04-16,1148.2100,1148.2100,1148.2100,1148.2100
1965-04-19,1136.1300,1136.1300,1136.1300,1136.1300
1965-04-20,1131.1700,1131.1700,1131.1700,1131.1700
1965-04-21,1119.8600,1119.8600,1119.8600,1119.8600
1965-04-22,1144.5500,1144.5500,1144.5500,1144.5500
1965-04-23,1133.3000,1133.3000,1133.3000,1133.3000
1965-04-26,1144.2200,1144.2200,1144.2200,1144.2200
1965-04-27,1150.0800,1150.0800,1150.0800,1150.0800
1965-04-28,1171.0601,1171.0601,1171.0601,1171.0601
1965-04-30,1176.6400,1176.6400,1176.6400,1176.6400
1965-05-06,1163.5100,1163.5100,1163.5100,1163.5100
1965-05-07,1162.6300,1162.6300,1162.6300,1162.6300
1965-05-10,1162.5000,1162.5000,1162.5000,1162.5000
1965-05-11,1163.8700,1163.8700,1163.8700,1163.8700
1965-05-12,1157.1700,1157.1700,1157.1700,1157.1700
1965-05-13,1159.8600,1159.8600,1159.8600,1159.8600
1965-05-14,1150.4700,1150.4700,1150.4700,1150.4700
1965-05-17,1149.0000,1149.0000,1149.0000,1149.0000
1965-05-18,1147.2500,1147.2500,1147.2500,1147.2500
1965-05-19,1140.7900,1140.7900,1140.7900,1140.7900
1965-05-20,1141.2300,1141.2300,1141.2300,1141.2300
1965-05-21,1142.6899,1142.6899,1142.6899,1142.6899
1965-05-24,1133.6300,1133.6300,1133.6300,1133.6300
1965-05-25,1124.8300,1124.8300,1124.8300,1124.8300
1965-05-26,1117.6600,1117.6600,1117.6600,1117.6600
1965-05-27,1101.0000,1101.0000,1101.0000,1101.0000
1965-05-28,1081.5100,1081.5100,1081.5100,1081.5100
1965-05-31,1096.6000,1096.6000,1096.6000,1096.6000
1965-06-01,1092.8500,1092.8500,1092.8500,1092.8500
1965-06-02,1119.2600,1119.2600,1119.2600,1119.2600
1965-06-03,1131.3199,1131.3199,1131.3199,1131.3199
1965-06-04,1120.5300,1120.5300,1120.5300,1120.5300
1965-06-07,1114.5200,1114.5200,1114.5200,1114.5200
1965-06-08,1109.4200,1109.4200,1109.4200,1109.4200
1965-06-09,1101.3500,1101.3500,1101.3500,1101.3500
1965-06-10,1090.3800,1090.3800,1090.3800,1090.3800
1965-06-11,1093.1400,1093.1400,1093.1400,1093.1400
1965-06-14,1080.2900,1080.2900,1080.2900,1080.2900
1965-06-15,1069.0699,1069.0699,1069.0699,1069.0699
1965-06-16,1062.6801,1062.6801,1062.6801,1062.6801
1965-06-17,1055.6000,1055.6000,1055.6000,1055.6000
1965-06-18,1080.2100,1080.2100,1080.2100,1080.2100
1965-06-21,1075.6000,1075.6000,1075.6000,1075.6000
1965-06-22,1104.0300,1104.0300,1104.0300,1104.0300
1965-06-23,1091.1700,1091.1700,1091.1700,1091.1700
1965-06-24,1090.6600,1090.6600,1090.6600,1090.6600
1965-06-25,1096.5601,1096.5601,1096.5601,1096.5601
1965-06-28,1072.4100,1072.4100,1072.4100,1072.4100
1965-06-29,1067.7200,1067.7200,1067.7200,1067.7200
1965-06-30,1060.1100,1060.1100,1060.1100,1060.1100
1965-07-01,1064.5900,1064.5900,1064.5900,1064.5900
1965-07-02,1065.8900,1065.8900,1065.8900,1065.8900
1965-07-05,1049.0699,1049.0699,1049.0699,1049.0699
1965-07-06,1046.9800,1046.9800,1046.9800,1046.9800
1965-07-07,1037.5200,1037.5200,1037.5200,1037.5200
1965-07-08,1038.4500,1038.4500,1038.4500,1038.4500
1965-07-09,1032.9500,1032.9500,1032.9500,1032.9500
1965-07-12,1020.4900,1020.4900,1020.4900,1020.4900
1965-07-13,1026.7700,1026.7700,1026.7700,1026.7700
1965-07-14,1033.1400,1033.1400,1033.1400,1033.1400
1965-07-15,1024.6801,1024.6801,1024.6801,1024.6801
1965-07-16,1037.9700,1037.9700,1037.9700,1037.9700
1965-07-19,1037.5200,1037.5200,1037.5200,1037.5200
1965-07-21,1045.6899,1045.6899,1045.6899,1045.6899
1965-07-22,1036.0699,1036.0699,1036.0699,1036.0699
1965-07-23,1027.8500,1027.8500,1027.8500,1027.8500
1965-07-26,1034.3400,1034.3400,1034.3400,1034.3400
1965-07-27,1052.0601,1052.0601,1052.0601,1052.0601
1965-07-28,1066.1899,1066.1899,1066.1899,1066.1899
1965-07-29,1085.4100,1085.4100,1085.4100,1085.4100
1965-07-30,1097.2000,1097.2000,1097.2000,1097.2000
1965-08-02,1120.5900,1120.5900,1120.5900,1120.5900
1965-08-03,1111.6899,1111.6899,1111.6899,1111.6899
1965-08-04,1135.3101,1135.3101,1135.3101,1135.3101
1965-08-05,1153.7100,1153.7100,1153.7100,1153.7100
1965-08-06,1145.8700,1145.8700,1145.8700,1145.8700
1965-08-09,1150.5699,1150.5699,1150.5699,1150.5699
1965-08-10,1133.0000,1133.0000,1133.0000,1133.0000
1965-08-11,1122.0900,1122.0900,1122.0900,1122.0900
1965-08-12,1130.3300,1130.3300,1130.3300,1130.3300
1965-08-13,1146.6600,1146.6600,1146.6600,1146.6600
1965-08-16,1158.3500,1158.3500,1158.3500,1158.3500
1965-08-17,1151.7700,1151.7700,1151.7700,1151.7700
1965-08-18,1157.0200,1157.0200,1157.0200,1157.0200
1965-08-19,1168.6200,1168.6200,1168.6200,1168.6200
1965-08-20,1165.8101,1165.8101,1165.8101,1165.8101
1965-08-23,1170.9200,1170.9200,1170.9200,1170.9200
1965-08-24,1183.3400,1183.3400,1183.3400,1183.3400
1965-08-25,1198.9100,1198.9100,1198.9100,1198.9100
1965-08-26,1198.3800,1198.3800,1198.3800,1198.3800
1965-08-27,1214.9500,1214.9500,1214.9500,1214.9500
1965-08-30,1245.4900,1245.4900,1245.4900,1245.4900
1965-08-31,1255.5800,1255.5800,1255.5800,1255.5800
1965-09-01,1249.7200,1249.7200,1249.7200,1249.7200
1965-09-02,1240.0699,1240.0699,1240.0699,1240.0699
1965-09-03,1256.2200,1256.2200,1256.2200,1256.2200
1965-09-06,1235.7800,1235.7800,1235.7800,1235.7800
1965-09-07,1239.9800,1239.9800,1239.9800,1239.9800
1965-09-08,1260.0200,1260.0200,1260.0200,1260.0200
1965-09-09,1277.1500,1277.1500,1277.1500,1277.1500
1965-09-10,1273.2300,1273.2300,1273.2300,1273.2300
1965-09-13,1250.2900,1250.2900,1250.2900,1250.2900
1965-09-14,1250.1000,1250.1000,1250.1000,1250.1000
1965-09-16,1242.9500,1242.9500,1242.9500,1242.9500
1965-09-17,1266.4000,1266.4000,1266.4000,1266.4000
1965-09-20,1271.7600,1271.7600,1271.7600,1271.7600
1965-09-21,1253.2500,1253.2500,1253.2500,1253.2500
1965-09-22,1252.1600,1252.1600,1252.1600,1252.1600
1965-09-24,1243.4000,1243.4000,1243.4000,1243.4000
1965-09-27,1233.4100,1233.4100,1233.4100,1233.4100
1965-09-28,1251.8800,1251.8800,1251.8800,1251.8800
1965-09-29,1235.8101,1235.8101,1235.8101,1235.8101
1965-09-30,1223.7400,1223.7400,1223.7400,1223.7400
1965-10-01,1210.1100,1210.1100,1210.1100,1210.1100
1965-10-04,1204.4800,1204.4800,1204.4800,1204.4800
1965-10-05,1191.8900,1191.8900,1191.8900,1191.8900
1965-10-06,1201.9000,1201.9000,1201.9000,1201.9000
1965-10-07,1207.4600,1207.4600,1207.4600,1207.4600
1965-10-08,1198.1100,1198.1100,1198.1100,1198.1100
1965-10-12,1233.7700,1233.7700,1233.7700,1233.7700
1965-10-13,1258.3400,1258.3400,1258.3400,1258.3400
1965-10-14,1243.5500,1243.5500,1243.5500,1243.5500
1965-10-15,1253.8700,1253.8700,1253.8700,1253.8700
1965-10-18,1248.8400,1248.8400,1248.8400,1248.8400
1965-10-19,1253.3400,1253.3400,1253.3400,1253.3400
1965-10-20,1242.7700,1242.7700,1242.7700,1242.7700
1965-10-21,1242.2400,1242.2400,1242.2400,1242.2400
1965-10-22,1240.8600,1240.8600,1240.8600,1240.8600
1965-10-25,1222.8300,1222.8300,1222.8300,1222.8300
1965-10-26,1234.7400,1234.7400,1234.7400,1234.7400
1965-10-27,1247.4200,1247.4200,1247.4200,1247.4200
1965-10-28,1250.3700,1250.3700,1250.3700,1250.3700
1965-10-29,1250.6801,1250.6801,1250.6801,1250.6801
1965-11-01,1268.0000,1268.0000,1268.0000,1268.0000
1965-11-02,1264.6000,1264.6000,1264.6000,1264.6000
1965-11-04,1268.6400,1268.6400,1268.6400,1268.6400
1965-11-05,1262.8000,1262.8000,1262.8000,1262.8000
1965-11-08,1284.3101,1284.3101,1284.3101,1284.3101
1965-11-09,1295.4200,1295.4200,1295.4200,1295.4200
1965-11-10,1300.9700,1300.9700,1300.9700,1300.9700
1965-11-11,1304.9000,1304.9000,1304.9000,1304.9000
1965-11-12,1323.1100,1323.1100,1323.1100,1323.1100
1965-11-15,1304.2200,1304.2200,1304.2200,1304.2200
1965-11-16,1319.8700,1319.8700,1319.8700,1319.8700
1965-11-17,1313.8101,1313.8101,1313.8101,1313.8101
1965-11-18,1340.4700,1340.4700,1340.4700,1340.4700
1965-11-19,1329.2800,1329.2800,1329.2800,1329.2800
1965-11-22,1343.6700,1343.6700,1343.6700,1343.6700
1965-11-24,1354.4200,1354.4200,1354.4200,1354.4200
1965-11-25,1325.5601,1325.5601,1325.5601,1325.5601
1965-11-26,1335.9301,1335.9301,1335.9301,1335.9301
1965-11-29,1359.8101,1359.8101,1359.8101,1359.8101
1965-11-30,1373.1600,1373.1600,1373.1600,1373.1600
1965-12-01,1377.6700,1377.6700,1377.6700,1377.6700
1965-12-02,1409.0699,1409.0699,1409.0699,1409.0699
1965-12-03,1376.5601,1376.5601,1376.5601,1376.5601
1965-12-06,1315.2600,1315.2600,1315.2600,1315.2600
1965-12-07,1349.3000,1349.3000,1349.3000,1349.3000
1965-12-08,1357.7800,1357.7800,1357.7800,1357.7800
1965-12-09,1330.0800,1330.0800,1330.0800,1330.0800
1965-12-10,1334.9399,1334.9399,1334.9399,1334.9399
1965-12-13,1340.0500,1340.0500,1340.0500,1340.0500
1965-12-14,1347.8300,1347.8300,1347.8300,1347.8300
1965-12-15,1362.8101,1362.8101,1362.8101,1362.8101
1965-12-16,1373.6200,1373.6200,1373.6200,1373.6200
1965-12-17,1369.8400,1369.8400,1369.8400,1369.8400
1965-12-20,1367.4200,1367.4200,1367.4200,1367.4200
1965-12-21,1364.9700,1364.9700,1364.9700,1364.9700
1965-12-22,1373.7900,1373.7900,1373.7900,1373.7900
1965-12-24,1389.2900,1389.2900,1389.2900,1389.2900
1965-12-27,1412.7700,1412.7700,1412.7700,1412.7700
1965-12-28,1417.8300,1417.8300,1417.8300,1417.8300
1965-12-29,1417.8300,1417.8300,1417.8300,1417.8300
1965-12-30,1417.8300,1417.8300,1417.8300,1417.8300
1966-01-04,1430.1300,1430.1300,1430.1300,1430.1300
1966-01-05,1414.8700,1414.8700,1414.8700,1414.8700
1966-01-06,1434.9399,1434.9399,1434.9399,1434.9399
1966-01-07,1428.5300,1428.5300,1428.5300,1428.5300
1966-01-11,1410.4301,1410.4301,1410.4301,1410.4301
1966-01-12,1418.4600,1418.4600,1418.4600,1418.4600
1966-01-13,1416.2500,1416.2500,1416.2500,1416.2500
1966-01-14,1416.1200,1416.1200,1416.1200,1416.1200
1966-01-17,1421.1000,1421.1000,1421.1000,1421.1000
1966-01-18,1414.0100,1414.0100,1414.0100,1414.0100
1966-01-19,1414.5500,1414.5500,1414.5500,1414.5500
1966-01-20,1421.5601,1421.5601,1421.5601,1421.5601
1966-01-21,1435.3400,1435.3400,1435.3400,1435.3400
1966-01-24,1451.6801,1451.6801,1451.6801,1451.6801
1966-01-25,1445.3400,1445.3400,1445.3400,1445.3400
1966-01-26,1457.1899,1457.1899,1457.1899,1457.1899
1966-01-27,1454.7600,1454.7600,1454.7600,1454.7600
1966-01-28,1465.8300,1465.8300,1465.8300,1465.8300
1966-01-31,1470.3800,1470.3800,1470.3800,1470.3800
1966-02-01,1485.2400,1485.2400,1485.2400,1485.2400
1966-02-02,1492.4200,1492.4200,1492.4200,1492.4200
1966-02-03,1482.7000,1482.7000,1482.7000,1482.7000
1966-02-04,1487.0900,1487.0900,1487.0900,1487.0900
1966-02-07,1498.8900,1498.8900,1498.8900,1498.8900
1966-02-08,1503.9100,1503.9100,1503.9100,1503.9100
1966-02-09,1505.7000,1505.7000,1505.7000,1505.7000
1966-02-10,1489.1100,1489.1100,1489.1100,1489.1100
1966-02-14,1464.2700,1464.2700,1464.2700,1464.2700
1966-02-15,1453.1000,1453.1000,1453.1000,1453.1000
1966-02-16,1464.6700,1464.6700,1464.6700,1464.6700
1966-02-17,1442.0200,1442.0200,1442.0200,1442.0200
1966-02-18,1459.6300,1459.6300,1459.6300,1459.6300
1966-02-21,1465.7900,1465.7900,1465.7900,1465.7900
1966-02-22,1465.4200,1465.4200,1465.4200,1465.4200
1966-02-23,1480.4700,1480.4700,1480.4700,1480.4700
1966-02-24,1490.7800,1490.7800,1490.7800,1490.7800
1966-02-25,1491.7600,1491.7600,1491.7600,1491.7600
1966-02-28,1507.4100,1507.4100,1507.4100,1507.4100
1966-03-01,1520.7100,1520.7100,1520.7100,1520.7100
1966-03-02,1514.6200,1514.6200,1514.6200,1514.6200
1966-03-03,1517.8400,1517.8400,1517.8400,1517.8400
1966-03-04,1524.9900,1524.9900,1524.9900,1524.9900
1966-03-07,1533.7500,1533.7500,1533.7500,1533.7500
1966-03-08,1545.7800,1545.7800,1545.7800,1545.7800
1966-03-09,1542.7200,1542.7200,1542.7200,1542.7200
1966-03-10,1529.9301,1529.9301,1529.9301,1529.9301
1966-03-11,1512.1899,1512.1899,1512.1899,1512.1899
1966-03-14,1535.0400,1535.0400,1535.0400,1535.0400
1966-03-15,1540.5900,1540.5900,1540.5900,1540.5900
1966-03-16,1560.0900,1560.0900,1560.0900,1560.0900
1966-03-17,1551.2500,1551.2500,1551.2500,1551.2500
1966-03-18,1558.7700,1558.7700,1558.7700,1558.7700
1966-03-22,1568.2800,1568.2800,1568.2800,1568.2800
1966-03-23,1562.6500,1562.6500,1562.6500,1562.6500
1966-03-24,1571.8300,1571.8300,1571.8300,1571.8300
1966-03-25,1550.2100,1550.2100,1550.2100,1550.2100
1966-03-28,1566.6000,1566.6000,1566.6000,1566.6000
1966-03-29,1579.5699,1579.5699,1579.5699,1579.5699
1966-03-30,1577.1300,1577.1300,1577.1300,1577.1300
1966-03-31,1584.2800,1584.2800,1584.2800,1584.2800
1966-04-01,1588.7300,1588.7300,1588.7300,1588.7300
1966-04-04,1573.8700,1573.8700,1573.8700,1573.8700
1966-04-05,1573.0699,1573.0699,1573.0699,1573.0699
1966-04-06,1564.6600,1564.6600,1564.6600,1564.6600
1966-04-07,1540.4600,1540.4600,1540.4600,1540.4600
1966-04-08,1548.0000,1548.0000,1548.0000,1548.0000
1966-04-11,1536.8800,1536.8800,1536.8800,1536.8800
1966-04-12,1551.5100,1551.5100,1551.5100,1551.5100
1966-04-13,1555.7100,1555.7100,1555.7100,1555.7100
1966-04-14,1537.9000,1537.9000,1537.9000,1537.9000
1966-04-15,1535.2000,1535.2000,1535.2000,1535.2000
1966-04-18,1531.5300,1531.5300,1531.5300,1531.5300
1966-04-19,1508.0400,1508.0400,1508.0400,1508.0400
1966-04-20,1486.9301,1486.9301,1486.9301,1486.9301
1966-04-21,1502.8000,1502.8000,1502.8000,1502.8000
1966-04-22,1503.0900,1503.0900,1503.0900,1503.0900
1966-04-25,1530.1600,1530.1600,1530.1600,1530.1600
1966-04-26,1523.0000,1523.0000,1523.0000,1523.0000
1966-04-27,1557.0699,1557.0699,1557.0699,1557.0699
1966-04-28,1553.6801,1553.6801,1553.6801,1553.6801
1966-05-02,1565.5500,1565.5500,1565.5500,1565.5500
1966-05-06,1581.5800,1581.5800,1581.5800,1581.5800
1966-05-09,1572.9399,1572.9399,1572.9399,1572.9399
1966-05-10,1568.3700,1568.3700,1568.3700,1568.3700
1966-05-11,1575.2900,1575.2900,1575.2900,1575.2900
1966-05-12,1582.7300,1582.7300,1582.7300,1582.7300
1966-05-13,1571.1000,1571.1000,1571.1000,1571.1000
1966-05-16,1558.1500,1558.1500,1558.1500,1558.1500
1966-05-17,1559.6700,1559.6700,1559.6700,1559.6700
1966-05-18,1564.9399,1564.9399,1564.9399,1564.9399
1966-05-19,1556.8400,1556.8400,1556.8400,1556.8400
1966-05-20,1552.7500,1552.7500,1552.7500,1552.7500
1966-05-23,1561.1400,1561.1400,1561.1400,1561.1400
1966-05-24,1574.0601,1574.0601,1574.0601,1574.0601
1966-05-25,1568.9301,1568.9301,1568.9301,1568.9301
1966-05-26,1572.9700,1572.9700,1572.9700,1572.9700
1966-05-27,1550.0601,1550.0601,1550.0601,1550.0601
1966-05-30,1512.6300,1512.6300,1512.6300,1512.6300
1966-05-31,1514.1500,1514.1500,1514.1500,1514.1500
1966-06-01,1490.8500,1490.8500,1490.8500,1490.8500
1966-06-02,1502.6700,1502.6700,1502.6700,1502.6700
1966-06-03,1517.8101,1517.8101,1517.8101,1517.8101
1966-06-06,1524.5000,1524.5000,1524.5000,1524.5000
1966-06-07,1516.9000,1516.9000,1516.9000,1516.9000
1966-06-08,1511.8000,1511.8000,1511.8000,1511.8000
1966-06-09,1507.0300,1507.0300,1507.0300,1507.0300
1966-06-10,1515.0100,1515.0100,1515.0100,1515.0100
1966-06-13,1526.5000,1526.5000,1526.5000,1526.5000
1966-06-14,1543.1000,1543.1000,1543.1000,1543.1000
1966-06-15,1545.7700,1545.7700,1545.7700,1545.7700
1966-06-16,1530.3500,1530.3500,1530.3500,1530.3500
1966-06-17,1519.4200,1519.4200,1519.4200,1519.4200
1966-06-20,1514.9399,1514.9399,1514.9399,1514.9399
1966-06-21,1522.7100,1522.7100,1522.7100,1522.7100
1966-06-22,1513.9500,1513.9500,1513.9500,1513.9500
1966-06-23,1504.1400,1504.1400,1504.1400,1504.1400
1966-06-24,1513.3800,1513.3800,1513.3800,1513.3800
1966-06-27,1521.0000,1521.0000,1521.0000,1521.0000
1966-06-28,1510.1400,1510.1400,1510.1400,1510.1400
1966-06-29,1514.5200,1514.5200,1514.5200,1514.5200
1966-06-30,1494.9000,1494.9000,1494.9000,1494.9000
1966-07-01,1509.1600,1509.1600,1509.1600,1509.1600
1966-07-04,1532.6600,1532.6600,1532.6600,1532.6600
1966-07-05,1525.5601,1525.5601,1525.5601,1525.5601
1966-07-06,1512.7800,1512.7800,1512.7800,1512.7800
1966-07-07,1524.9500,1524.9500,1524.9500,1524.9500
1966-07-08,1507.1100,1507.1100,1507.1100,1507.1100
1966-07-11,1480.5000,1480.5000,1480.5000,1480.5000
1966-07-12,1451.9200,1451.9200,1451.9200,1451.9200
1966-07-13,1443.8300,1443.8300,1443.8300,1443.8300
1966-07-14,1445.8500,1445.8500,1445.8500,1445.8500
1966-07-15,1465.2100,1465.2100,1465.2100,1465.2100
1966-07-18,1434.6801,1434.6801,1434.6801,1434.6801
1966-07-19,1460.5500,1460.5500,1460.5500,1460.5500
1966-07-21,1472.3300,1472.3300,1472.3300,1472.3300
1966-07-22,1475.3900,1475.3900,1475.3900,1475.3900
1966-07-25,1470.9800,1470.9800,1470.9800,1470.9800
1966-07-26,1468.2300,1468.2300,1468.2300,1468.2300
1966-07-27,1486.0100,1486.0100,1486.0100,1486.0100
1966-07-28,1486.0200,1486.0200,1486.0200,1486.0200
1966-07-29,1499.0000,1499.0000,1499.0000,1499.0000
1966-08-01,1495.8800,1495.8800,1495.8800,1495.8800
1966-08-02,1494.0400,1494.0400,1494.0400,1494.0400
1966-08-03,1490.7900,1490.7900,1490.7900,1490.7900
1966-08-04,1479.0800,1479.0800,1479.0800,1479.0800
1966-08-05,1479.8500,1479.8500,1479.8500,1479.8500
1966-08-08,1475.0500,1475.0500,1475.0500,1475.0500
1966-08-09,1487.6200,1487.6200,1487.6200,1487.6200
1966-08-10,1486.6100,1486.6100,1486.6100,1486.6100
1966-08-11,1483.5800,1483.5800,1483.5800,1483.5800
1966-08-12,1486.3800,1486.3800,1486.3800,1486.3800
1966-08-15,1496.9399,1496.9399,1496.9399,1496.9399
1966-08-16,1497.3500,1497.3500,1497.3500,1497.3500
1966-08-17,1494.1300,1494.1300,1494.1300,1494.1300
1966-08-18,1486.2100,1486.2100,1486.2100,1486.2100
1966-08-19,1466.4301,1466.4301,1466.4301,1466.4301
1966-08-22,1463.6899,1463.6899,1463.6899,1463.6899
1966-08-23,1469.5500,1469.5500,1469.5500,1469.5500
1966-08-24,1450.6100,1450.6100,1450.6100,1450.6100
1966-08-25,1456.2400,1456.2400,1456.2400,1456.2400
1966-08-26,1459.0000,1459.0000,1459.0000,1459.0000
1966-08-29,1456.6300,1456.6300,1456.6300,1456.6300
1966-08-30,1468.2900,1468.2900,1468.2900,1468.2900
1966-08-31,1463.0400,1463.0400,1463.0400,1463.0400
1966-09-01,1472.8600,1472.8600,1472.8600,1472.8600
1966-09-02,1470.9500,1470.9500,1470.9500,1470.9500
1966-09-05,1456.7700,1456.7700,1456.7700,1456.7700
1966-09-06,1453.3199,1453.3199,1453.3199,1453.3199
1966-09-07,1441.2400,1441.2400,1441.2400,1441.2400
1966-09-08,1449.8800,1449.8800,1449.8800,1449.8800
1966-09-09,1436.1500,1436.1500,1436.1500,1436.1500
1966-09-12,1442.3700,1442.3700,1442.3700,1442.3700
1966-09-13,1440.6200,1440.6200,1440.6200,1440.6200
1966-09-14,1431.2400,1431.2400,1431.2400,1431.2400
1966-09-16,1422.1700,1422.1700,1422.1700,1422.1700
1966-09-19,1435.8900,1435.8900,1435.8900,1435.8900
1966-09-20,1454.3600,1454.3600,1454.3600,1454.3600
1966-09-21,1451.4800,1451.4800,1451.4800,1451.4800
1966-09-22,1461.4399,1461.4399,1461.4399,1461.4399
1966-09-26,1467.6899,1467.6899,1467.6899,1467.6899
1966-09-27,1471.1500,1471.1500,1471.1500,1471.1500
1966-09-28,1466.7600,1466.7600,1466.7600,1466.7600
1966-09-29,1464.5900,1464.5900,1464.5900,1464.5900
1966-09-30,1464.5900,1464.5900,1464.5900,1464.5900
1966-10-03,1469.2400,1469.2400,1469.2400,1469.2400
1966-10-04,1459.3300,1459.3300,1459.3300,1459.3300
1966-10-05,1461.6000,1461.6000,1461.6000,1461.6000
1966-10-06,1450.3400,1450.3400,1450.3400,1450.3400
1966-10-07,1444.8900,1444.8900,1444.8900,1444.8900
1966-10-11,1442.2200,1442.2200,1442.2200,1442.2200
1966-10-12,1436.7100,1436.7100,1436.7100,1436.7100
1966-10-13,1445.0300,1445.0300,1445.0300,1445.0300
1966-10-14,1448.1700,1448.1700,1448.1700,1448.1700
1966-10-17,1432.9200,1432.9200,1432.9200,1432.9200
1966-10-18,1432.9200,1432.9200,1432.9200,1432.9200
1966-10-19,1433.4600,1433.4600,1433.4600,1433.4600
1966-10-20,1426.9900,1426.9900,1426.9900,1426.9900
1966-10-21,1420.2600,1420.2600,1420.2600,1420.2600
1966-10-24,1413.7800,1413.7800,1413.7800,1413.7800
1966-10-25,1418.5601,1418.5601,1418.5601,1418.5601
1966-10-26,1412.2000,1412.2000,1412.2000,1412.2000
1966-10-27,1408.0900,1408.0900,1408.0900,1408.0900
1966-10-28,1430.0400,1430.0400,1430.0400,1430.0400
1966-10-31,1441.0200,1441.0200,1441.0200,1441.0200
1966-11-01,1431.9200,1431.9200,1431.9200,1431.9200
1966-11-02,1431.9200,1431.9200,1431.9200,1431.9200
1966-11-04,1438.5800,1438.5800,1438.5800,1438.5800
1966-11-07,1445.0800,1445.0800,1445.0800,1445.0800
1966-11-08,1443.6000,1443.6000,1443.6000,1443.6000
1966-11-09,1428.7700,1428.7700,1428.7700,1428.7700
1966-11-10,1425.3900,1425.3900,1425.3900,1425.3900
1966-11-11,1418.5000,1418.5000,1418.5000,1418.5000
1966-11-14,1415.0200,1415.0200,1415.0200,1415.0200
1966-11-15,1418.0601,1418.0601,1418.0601,1418.0601
1966-11-16,1414.6000,1414.6000,1414.6000,1414.6000
1966-11-17,1426.5800,1426.5800,1426.5800,1426.5800
1966-11-18,1426.5800,1426.5800,1426.5800,1426.5800
1966-11-21,1431.2700,1431.2700,1431.2700,1431.2700
1966-11-22,1424.9800,1424.9800,1424.9800,1424.9800
1966-11-24,1416.2200,1416.2200,1416.2200,1416.2200
1966-11-25,1405.5800,1405.5800,1405.5800,1405.5800
1966-11-28,1391.7700,1391.7700,1391.7700,1391.7700
1966-11-29,1392.2400,1392.2400,1392.2400,1392.2400
1966-11-30,1390.2100,1390.2100,1390.2100,1390.2100
1966-12-01,1392.0699,1392.0699,1392.0699,1392.0699
1966-12-02,1378.3400,1378.3400,1378.3400,1378.3400
1966-12-05,1364.3400,1364.3400,1364.3400,1364.3400
1966-12-06,1364.3400,1364.3400,1364.3400,1364.3400
1966-12-07,1375.4301,1375.4301,1375.4301,1375.4301
1966-12-08,1380.3600,1380.3600,1380.3600,1380.3600
1966-12-09,1393.6400,1393.6400,1393.6400,1393.6400
1966-12-12,1391.4900,1391.4900,1391.4900,1391.4900
1966-12-13,1387.1000,1387.1000,1387.1000,1387.1000
1966-12-14,1386.2500,1386.2500,1386.2500,1386.2500
1966-12-15,1379.3500,1379.3500,1379.3500,1379.3500
1966-12-16,1376.4900,1376.4900,1376.4900,1376.4900
1966-12-19,1394.2300,1394.2300,1394.2300,1394.2300
1966-12-20,1404.3000,1404.3000,1404.3000,1404.3000
1966-12-21,1404.3000,1404.3000,1404.3000,1404.3000
1966-12-22,1417.9800,1417.9800,1417.9800,1417.9800
1966-12-26,1449.6000,1449.6000,1449.6000,1449.6000
1966-12-27,1444.9100,1444.9100,1444.9100,1444.9100
1966-12-28,1452.1000,1452.1000,1452.1000,1452.1000
1966-12-29,1452.1000,1452.1000,1452.1000,1452.1000
1966-12-30,1452.1000,1452.1000,1452.1000,1452.1000
1967-01-04,1441.3500,1441.3500,1441.3500,1441.3500
1967-01-05,1419.9700,1419.9700,1419.9700,1419.9700
1967-01-06,1413.9301,1413.9301,1413.9301,1413.9301
1967-01-09,1424.0200,1424.0200,1424.0200,1424.0200
1967-01-11,1416.9301,1416.9301,1416.9301,1416.9301
1967-01-12,1416.0100,1416.0100,1416.0100,1416.0100
1967-01-13,1418.2300,1418.2300,1418.2300,1418.2300
1967-01-17,1447.1400,1447.1400,1447.1400,1447.1400
1967-01-18,1440.4800,1440.4800,1440.4800,1440.4800
1967-01-19,1444.0100,1444.0100,1444.0100,1444.0100
1967-01-20,1441.9700,1441.9700,1441.9700,1441.9700
1967-01-23,1443.2700,1443.2700,1443.2700,1443.2700
1967-01-24,1446.4800,1446.4800,1446.4800,1446.4800
1967-01-25,1444.0900,1444.0900,1444.0900,1444.0900
1967-01-26,1444.0900,1444.0900,1444.0900,1444.0900
1967-01-27,1429.1400,1429.1400,1429.1400,1429.1400
1967-01-30,1457.5000,1457.5000,1457.5000,1457.5000
1967-01-31,1463.1100,1463.1100,1463.1100,1463.1100
1967-02-01,1463.6400,1463.6400,1463.6400,1463.6400
1967-02-02,1472.2400,1472.2400,1472.2400,1472.2400
1967-02-03,1480.5100,1480.5100,1480.5100,1480.5100
1967-02-06,1481.8101,1481.8101,1481.8101,1481.8101
1967-02-07,1483.4800,1483.4800,1483.4800,1483.4800
1967-02-08,1488.7800,1488.7800,1488.7800,1488.7800
1967-02-09,1446.6600,1446.6600,1446.6600,1446.6600
1967-02-10,1446.6600,1446.6600,1446.6600,1446.6600
1967-02-13,1460.3800,1460.3800,1460.3800,1460.3800
1967-02-14,1454.8600,1454.8600,1454.8600,1454.8600
1967-02-15,1467.5100,1467.5100,1467.5100,1467.5100
1967-02-16,1476.2100,1476.2100,1476.2100,1476.2100
1967-02-17,1468.1500,1468.1500,1468.1500,1468.1500
1967-02-20,1476.0100,1476.0100,1476.0100,1476.0100
1967-02-21,1472.2100,1472.2100,1472.2100,1472.2100
1967-02-22,1478.2400,1478.2400,1478.2400,1478.2400
1967-02-23,1482.2300,1482.2300,1482.2300,1482.2300
1967-02-24,1484.9500,1484.9500,1484.9500,1484.9500
1967-02-27,1484.9500,1484.9500,1484.9500,1484.9500
1967-02-28,1494.8199,1494.8199,1494.8199,1494.8199
1967-03-01,1506.2700,1506.2700,1506.2700,1506.2700
1967-03-02,1502.6400,1502.6400,1502.6400,1502.6400
1967-03-03,1485.0699,1485.0699,1485.0699,1485.0699
1967-03-06,1487.4100,1487.4100,1487.4100,1487.4100
1967-03-07,1480.4399,1480.4399,1480.4399,1480.4399
1967-03-08,1468.5000,1468.5000,1468.5000,1468.5000
1967-03-09,1473.1801,1473.1801,1473.1801,1473.1801
1967-03-10,1468.4000,1468.4000,1468.4000,1468.4000
1967-03-13,1460.6200,1460.6200,1460.6200,1460.6200
1967-03-14,1460.6200,1460.6200,1460.6200,1460.6200
1967-03-15,1466.9399,1466.9399,1466.9399,1466.9399
1967-03-16,1459.3600,1459.3600,1459.3600,1459.3600
1967-03-17,1467.1200,1467.1200,1467.1200,1467.1200
1967-03-20,1467.7400,1467.7400,1467.7400,1467.7400
1967-03-22,1462.9900,1462.9900,1462.9900,1462.9900
1967-03-23,1455.4500,1455.4500,1455.4500,1455.4500
1967-03-24,1456.6100,1456.6100,1456.6100,1456.6100
1967-03-27,1450.3101,1450.3101,1450.3101,1450.3101
1967-03-28,1438.0000,1438.0000,1438.0000,1438.0000
1967-03-29,1456.4700,1456.4700,1456.4700,1456.4700
1967-03-30,1456.4700,1456.4700,1456.4700,1456.4700
1967-03-31,1455.5800,1455.5800,1455.5800,1455.5800
1967-04-03,1439.1200,1439.1200,1439.1200,1439.1200
1967-04-04,1426.4700,1426.4700,1426.4700,1426.4700
1967-04-05,1434.4700,1434.4700,1434.4700,1434.4700
1967-04-06,1428.1600,1428.1600,1428.1600,1428.1600
1967-04-07,1425.7100,1425.7100,1425.7100,1425.7100
1967-04-10,1432.6300,1432.6300,1432.6300,1432.6300
1967-04-11,1428.7800,1428.7800,1428.7800,1428.7800
1967-04-12,1418.0200,1418.0200,1418.0200,1418.0200
1967-04-13,1420.7200,1420.7200,1420.7200,1420.7200
1967-04-14,1420.7200,1420.7200,1420.7200,1420.7200
1967-04-17,1431.8500,1431.8500,1431.8500,1431.8500
1967-04-18,1436.2200,1436.2200,1436.2200,1436.2200
1967-04-19,1438.2200,1438.2200,1438.2200,1438.2200
1967-04-20,1438.5900,1438.5900,1438.5900,1438.5900
1967-04-21,1445.4600,1445.4600,1445.4600,1445.4600
1967-04-24,1436.6801,1436.6801,1436.6801,1436.6801
1967-04-25,1438.9700,1438.9700,1438.9700,1438.9700
1967-04-26,1443.4301,1443.4301,1443.4301,1443.4301
1967-04-27,1438.2300,1438.2300,1438.2300,1438.2300
1967-04-28,1437.2400,1437.2400,1437.2400,1437.2400
1967-05-01,1437.2400,1437.2400,1437.2400,1437.2400
1967-05-02,1448.7400,1448.7400,1448.7400,1448.7400
1967-05-08,1457.4900,1457.4900,1457.4900,1457.4900
1967-05-09,1451.6400,1451.6400,1451.6400,1451.6400
1967-05-10,1461.6200,1461.6200,1461.6200,1461.6200
1967-05-11,1476.5200,1476.5200,1476.5200,1476.5200
1967-05-12,1476.5800,1476.5800,1476.5800,1476.5800
1967-05-15,1480.8101,1480.8101,1480.8101,1480.8101
1967-05-16,1477.4399,1477.4399,1477.4399,1477.4399
1967-05-17,1480.5300,1480.5300,1480.5300,1480.5300
1967-05-18,1480.5300,1480.5300,1480.5300,1480.5300
1967-05-19,1480.7400,1480.7400,1480.7400,1480.7400
1967-05-22,1474.7700,1474.7700,1474.7700,1474.7700
1967-05-23,1485.6200,1485.6200,1485.6200,1485.6200
1967-05-24,1479.5900,1479.5900,1479.5900,1479.5900
1967-05-25,1481.5800,1481.5800,1481.5800,1481.5800
1967-05-26,1474.7500,1474.7500,1474.7500,1474.7500
1967-05-29,1490.8199,1490.8199,1490.8199,1490.8199
1967-05-30,1495.5699,1495.5699,1495.5699,1495.5699
1967-05-31,1505.9399,1505.9399,1505.9399,1505.9399
1967-06-01,1502.7800,1502.7800,1502.7800,1502.7800
1967-06-02,1502.7800,1502.7800,1502.7800,1502.7800
1967-06-05,1488.6899,1488.6899,1488.6899,1488.6899
1967-06-06,1483.0400,1483.0400,1483.0400,1483.0400
1967-06-07,1476.9000,1476.9000,1476.9000,1476.9000
1967-06-08,1490.5800,1490.5800,1490.5800,1490.5800
1967-06-09,1487.7900,1487.7900,1487.7900,1487.7900
1967-06-12,1487.8000,1487.8000,1487.8000,1487.8000
1967-06-13,1479.0400,1479.0400,1479.0400,1479.0400
1967-06-14,1480.3600,1480.3600,1480.3600,1480.3600
1967-06-15,1475.2500,1475.2500,1475.2500,1475.2500
1967-06-16,1478.4800,1478.4800,1478.4800,1478.4800
1967-06-19,1478.4800,1478.4800,1478.4800,1478.4800
1967-06-20,1470.7100,1470.7100,1470.7100,1470.7100
1967-06-21,1477.4500,1477.4500,1477.4500,1477.4500
1967-06-22,1474.2900,1474.2900,1474.2900,1474.2900
1967-06-23,1474.0300,1474.0300,1474.0300,1474.0300
1967-06-26,1489.4500,1489.4500,1489.4500,1489.4500
1967-06-27,1490.6300,1490.6300,1490.6300,1490.6300
1967-06-28,1486.1600,1486.1600,1486.1600,1486.1600
1967-06-29,1494.4200,1494.4200,1494.4200,1494.4200
1967-06-30,1494.1801,1494.1801,1494.1801,1494.1801
1967-07-03,1494.4399,1494.4399,1494.4399,1494.4399
1967-07-04,1494.4399,1494.4399,1494.4399,1494.4399
1967-07-05,1489.2800,1489.2800,1489.2800,1489.2800
1967-07-06,1486.7400,1486.7400,1486.7400,1486.7400
1967-07-07,1477.1600,1477.1600,1477.1600,1477.1600
1967-07-10,1481.9900,1481.9900,1481.9900,1481.9900
1967-07-11,1475.6600,1475.6600,1475.6600,1475.6600
1967-07-12,1477.7500,1477.7500,1477.7500,1477.7500
1967-07-13,1482.6500,1482.6500,1482.6500,1482.6500
1967-07-14,1480.8199,1480.8199,1480.8199,1480.8199
1967-07-17,1481.5500,1481.5500,1481.5500,1481.5500
1967-07-18,1481.2400,1481.2400,1481.2400,1481.2400
1967-07-19,1481.2400,1481.2400,1481.2400,1481.2400
1967-07-21,1494.0699,1494.0699,1494.0699,1494.0699
1967-07-24,1494.2100,1494.2100,1494.2100,1494.2100
1967-07-25,1489.3400,1489.3400,1489.3400,1489.3400
1967-07-26,1488.1100,1488.1100,1488.1100,1488.1100
1967-07-27,1486.4800,1486.4800,1486.4800,1486.4800
1967-07-28,1483.6300,1483.6300,1483.6300,1483.6300
1967-07-31,1476.3300,1476.3300,1476.3300,1476.3300
1967-08-01,1461.7300,1461.7300,1461.7300,1461.7300
1967-08-02,1446.0200,1446.0200,1446.0200,1446.0200
1967-08-03,1446.0200,1446.0200,1446.0200,1446.0200
1967-08-04,1446.7400,1446.7400,1446.7400,1446.7400
1967-08-07,1429.3400,1429.3400,1429.3400,1429.3400
1967-08-08,1435.3900,1435.3900,1435.3900,1435.3900
1967-08-09,1430.8700,1430.8700,1430.8700,1430.8700
1967-08-10,1429.4800,1429.4800,1429.4800,1429.4800
1967-08-11,1414.4800,1414.4800,1414.4800,1414.4800
1967-08-14,1369.4500,1369.4500,1369.4500,1369.4500
1967-08-15,1383.7300,1383.7300,1383.7300,1383.7300
1967-08-16,1354.2100,1354.2100,1354.2100,1354.2100
1967-08-17,1360.9000,1360.9000,1360.9000,1360.9000
1967-08-18,1360.9000,1360.9000,1360.9000,1360.9000
1967-08-21,1321.5400,1321.5400,1321.5400,1321.5400
1967-08-22,1340.3101,1340.3101,1340.3101,1340.3101
1967-08-23,1337.0300,1337.0300,1337.0300,1337.0300
1967-08-24,1350.9000,1350.9000,1350.9000,1350.9000
1967-08-25,1342.1700,1342.1700,1342.1700,1342.1700
1967-08-28,1335.1500,1335.1500,1335.1500,1335.1500
1967-08-29,1336.8400,1336.8400,1336.8400,1336.8400
1967-08-30,1336.8400,1336.8400,1336.8400,1336.8400
1967-08-31,1342.6801,1342.6801,1342.6801,1342.6801
1967-09-01,1352.5400,1352.5400,1352.5400,1352.5400
1967-09-04,1352.5400,1352.5400,1352.5400,1352.5400
1967-09-05,1371.3700,1371.3700,1371.3700,1371.3700
1967-09-06,1364.2300,1364.2300,1364.2300,1364.2300
1967-09-07,1353.9100,1353.9100,1353.9100,1353.9100
1967-09-08,1337.4900,1337.4900,1337.4900,1337.4900
1967-09-11,1331.6700,1331.6700,1331.6700,1331.6700
1967-09-12,1329.7200,1329.7200,1329.7200,1329.7200
1967-09-13,1333.8300,1333.8300,1333.8300,1333.8300
1967-09-14,1334.6600,1334.6600,1334.6600,1334.6600
1967-09-18,1344.1200,1344.1200,1344.1200,1344.1200
1967-09-19,1342.5200,1342.5200,1342.5200,1342.5200
1967-09-20,1342.5200,1342.5200,1342.5200,1342.5200
1967-09-21,1339.1899,1339.1899,1339.1899,1339.1899
1967-09-22,1350.2700,1350.2700,1350.2700,1350.2700
1967-09-25,1340.3800,1340.3800,1340.3800,1340.3800
1967-09-26,1336.1801,1336.1801,1336.1801,1336.1801
1967-09-27,1317.8101,1317.8101,1317.8101,1317.8101
1967-09-28,1320.0000,1320.0000,1320.0000,1320.0000
1967-09-29,1323.9100,1323.9100,1323.9100,1323.9100
1967-10-02,1312.2800,1312.2800,1312.2800,1312.2800
1967-10-03,1330.4000,1330.4000,1330.4000,1330.4000
1967-10-04,1348.5800,1348.5800,1348.5800,1348.5800
1967-10-05,1348.5800,1348.5800,1348.5800,1348.5800
1967-10-06,1363.0100,1363.0100,1363.0100,1363.0100
1967-10-09,1380.4301,1380.4301,1380.4301,1380.4301
1967-10-11,1367.3600,1367.3600,1367.3600,1367.3600
1967-10-12,1365.1801,1365.1801,1365.1801,1365.1801
1967-10-13,1362.6600,1362.6600,1362.6600,1362.6600
1967-10-16,1372.9900,1372.9900,1372.9900,1372.9900
1967-10-17,1366.0000,1366.0000,1366.0000,1366.0000
1967-10-18,1372.1899,1372.1899,1372.1899,1372.1899
1967-10-19,1375.1400,1375.1400,1375.1400,1375.1400
1967-10-20,1378.7000,1378.7000,1378.7000,1378.7000
1967-10-23,1378.7000,1378.7000,1378.7000,1378.7000
1967-10-24,1385.4301,1385.4301,1385.4301,1385.4301
1967-10-25,1382.3600,1382.3600,1382.3600,1382.3600
1967-10-26,1384.1700,1384.1700,1384.1700,1384.1700
1967-10-27,1376.0900,1376.0900,1376.0900,1376.0900
1967-10-30,1385.6100,1385.6100,1385.6100,1385.6100
1967-10-31,1376.0500,1376.0500,1376.0500,1376.0500
1967-11-01,1378.0699,1378.0699,1378.0699,1378.0699
1967-11-02,1364.6100,1364.6100,1364.6100,1364.6100
1967-11-06,1368.9200,1368.9200,1368.9200,1368.9200
1967-11-07,1360.7400,1360.7400,1360.7400,1360.7400
1967-11-08,1360.7400,1360.7400,1360.7400,1360.7400
1967-11-09,1361.2500,1361.2500,1361.2500,1361.2500
1967-11-10,1344.6899,1344.6899,1344.6899,1344.6899
1967-11-13,1342.0400,1342.0400,1342.0400,1342.0400
1967-11-14,1351.9600,1351.9600,1351.9600,1351.9600
1967-11-15,1344.4200,1344.4200,1344.4200,1344.4200
1967-11-16,1349.3000,1349.3000,1349.3000,1349.3000
1967-11-17,1343.7900,1343.7900,1343.7900,1343.7900
1967-11-20,1273.3300,1273.3300,1273.3300,1273.3300
1967-11-21,1265.2400,1265.2400,1265.2400,1265.2400
1967-11-22,1282.4000,1282.4000,1282.4000,1282.4000
1967-11-24,1282.4000,1282.4000,1282.4000,1282.4000
1967-11-27,1269.0500,1269.0500,1269.0500,1269.0500
1967-11-28,1275.7700,1275.7700,1275.7700,1275.7700
1967-11-29,1285.6801,1285.6801,1285.6801,1285.6801
1967-11-30,1277.2700,1277.2700,1277.2700,1277.2700
1967-12-01,1284.8800,1284.8800,1284.8800,1284.8800
1967-12-04,1294.9301,1294.9301,1294.9301,1294.9301
1967-12-05,1279.3400,1279.3400,1279.3400,1279.3400
1967-12-06,1274.6100,1274.6100,1274.6100,1274.6100
1967-12-07,1277.0300,1277.0300,1277.0300,1277.0300
1967-12-08,1260.6300,1260.6300,1260.6300,1260.6300
1967-12-11,1260.6300,1260.6300,1260.6300,1260.6300
1967-12-12,1263.2500,1263.2500,1263.2500,1263.2500
1967-12-13,1264.2000,1264.2000,1264.2000,1264.2000
1967-12-14,1258.2400,1258.2400,1258.2400,1258.2400
1967-12-15,1258.3700,1258.3700,1258.3700,1258.3700
1967-12-18,1259.5699,1259.5699,1259.5699,1259.5699
1967-12-19,1274.3900,1274.3900,1274.3900,1274.3900
1967-12-20,1279.5900,1279.5900,1279.5900,1279.5900
1967-12-21,1279.8600,1279.8600,1279.8600,1279.8600
1967-12-22,1291.0800,1291.0800,1291.0800,1291.0800
1967-12-25,1290.2900,1290.2900,1290.2900,1290.2900
1967-12-26,1290.2900,1290.2900,1290.2900,1290.2900
1967-12-27,1279.2900,1279.2900,1279.2900,1279.2900
1967-12-28,1283.4700,1283.4700,1283.4700,1283.4700
1967-12-29,1283.4700,1283.4700,1283.4700,1283.4700
1968-01-04,1266.2700,1266.2700,1266.2700,1266.2700
1968-01-05,1282.3800,1282.3800,1282.3800,1282.3800
1968-01-08,1283.5300,1283.5300,1283.5300,1283.5300
1968-01-09,1305.9399,1305.9399,1305.9399,1305.9399
1968-01-11,1316.8900,1316.8900,1316.8900,1316.8900
1968-01-12,1314.4700,1314.4700,1314.4700,1314.4700
1968-01-16,1314.9800,1314.9800,1314.9800,1314.9800
1968-01-17,1314.9800,1314.9800,1314.9800,1314.9800
1968-01-18,1322.9900,1322.9900,1322.9900,1322.9900
1968-01-19,1312.7400,1312.7400,1312.7400,1312.7400
1968-01-22,1306.4900,1306.4900,1306.4900,1306.4900
1968-01-23,1307.5500,1307.5500,1307.5500,1307.5500
1968-01-24,1304.4500,1304.4500,1304.4500,1304.4500
1968-01-25,1305.2300,1305.2300,1305.2300,1305.2300
1968-01-26,1313.1801,1313.1801,1313.1801,1313.1801
1968-01-29,1306.6100,1306.6100,1306.6100,1306.6100
1968-01-30,1306.6700,1306.6700,1306.6700,1306.6700
1968-01-31,1312.2000,1312.2000,1312.2000,1312.2000
1968-02-01,1312.2000,1312.2000,1312.2000,1312.2000
1968-02-02,1318.1100,1318.1100,1318.1100,1318.1100
1968-02-05,1320.5800,1320.5800,1320.5800,1320.5800
1968-02-06,1329.3600,1329.3600,1329.3600,1329.3600
1968-02-07,1331.7700,1331.7700,1331.7700,1331.7700
1968-02-08,1329.0200,1329.0200,1329.0200,1329.0200
1968-02-09,1330.7300,1330.7300,1330.7300,1330.7300
1968-02-13,1337.5900,1337.5900,1337.5900,1337.5900
1968-02-14,1340.0800,1340.0800,1340.0800,1340.0800
1968-02-15,1334.2200,1334.2200,1334.2200,1334.2200
1968-02-16,1334.2200,1334.2200,1334.2200,1334.2200
1968-02-19,1345.0100,1345.0100,1345.0100,1345.0100
1968-02-20,1341.6400,1341.6400,1341.6400,1341.6400
1968-02-21,1342.6700,1342.6700,1342.6700,1342.6700
1968-02-22,1352.0300,1352.0300,1352.0300,1352.0300
1968-02-23,1348.6600,1348.6600,1348.6600,1348.6600
1968-02-26,1341.0300,1341.0300,1341.0300,1341.0300
1968-02-27,1351.1300,1351.1300,1351.1300,1351.1300
1968-02-28,1344.6600,1344.6600,1344.6600,1344.6600
1968-02-29,1349.7700,1349.7700,1349.7700,1349.7700
1968-03-01,1355.4900,1355.4900,1355.4900,1355.4900
1968-03-04,1355.4900,1355.4900,1355.4900,1355.4900
1968-03-05,1331.8600,1331.8600,1331.8600,1331.8600
1968-03-06,1322.0100,1322.0100,1322.0100,1322.0100
1968-03-07,1327.0000,1327.0000,1327.0000,1327.0000
1968-03-08,1321.4100,1321.4100,1321.4100,1321.4100
1968-03-11,1326.6801,1326.6801,1326.6801,1326.6801
1968-03-12,1328.0900,1328.0900,1328.0900,1328.0900
1968-03-13,1335.0699,1335.0699,1335.0699,1335.0699
1968-03-14,1318.0100,1318.0100,1318.0100,1318.0100
1968-03-15,1340.5400,1340.5400,1340.5400,1340.5400
1968-03-18,1373.0000,1373.0000,1373.0000,1373.0000
1968-03-19,1373.0000,1373.0000,1373.0000,1373.0000
1968-03-20,1373.0000,1373.0000,1373.0000,1373.0000
1968-03-22,1350.6400,1350.6400,1350.6400,1350.6400
1968-03-25,1356.7200,1356.7200,1356.7200,1356.7200
1968-03-26,1364.6899,1364.6899,1364.6899,1364.6899
1968-03-27,1354.6899,1354.6899,1354.6899,1354.6899
1968-03-28,1369.7200,1369.7200,1369.7200,1369.7200
1968-03-29,1361.1500,1361.1500,1361.1500,1361.1500
1968-04-01,1367.3600,1367.3600,1367.3600,1367.3600
1968-04-02,1380.7700,1380.7700,1380.7700,1380.7700
1968-04-03,1378.6899,1378.6899,1378.6899,1378.6899
1968-04-04,1378.6899,1378.6899,1378.6899,1378.6899
1968-04-05,1393.3199,1393.3199,1393.3199,1393.3199
1968-04-08,1406.3199,1406.3199,1406.3199,1406.3199
1968-04-09,1404.0699,1404.0699,1404.0699,1404.0699
1968-04-10,1402.1899,1402.1899,1402.1899,1402.1899
1968-04-11,1403.5500,1403.5500,1403.5500,1403.5500
1968-04-12,1415.0000,1415.0000,1415.0000,1415.0000
1968-04-15,1443.6500,1443.6500,1443.6500,1443.6500
1968-04-16,1433.9399,1433.9399,1433.9399,1433.9399
1968-04-17,1435.0800,1435.0800,1435.0800,1435.0800
1968-04-18,1437.3000,1437.3000,1437.3000,1437.3000
1968-04-19,1437.3000,1437.3000,1437.3000,1437.3000
1968-04-22,1440.4800,1440.4800,1440.4800,1440.4800
1968-04-23,1444.8101,1444.8101,1444.8101,1444.8101
1968-04-24,1450.3199,1450.3199,1450.3199,1450.3199
1968-04-25,1449.6700,1449.6700,1449.6700,1449.6700
1968-04-26,1438.2400,1438.2400,1438.2400,1438.2400
1968-04-30,1456.0699,1456.0699,1456.0699,1456.0699
1968-05-01,1464.7600,1464.7600,1464.7600,1464.7600
1968-05-02,1464.8199,1464.8199,1464.8199,1464.8199
1968-05-07,1480.1600,1480.1600,1480.1600,1480.1600
1968-05-08,1480.1600,1480.1600,1480.1600,1480.1600
1968-05-09,1478.1700,1478.1700,1478.1700,1478.1700
1968-05-10,1473.5000,1473.5000,1473.5000,1473.5000
1968-05-13,1469.5000,1469.5000,1469.5000,1469.5000
1968-05-14,1466.3700,1466.3700,1466.3700,1466.3700
1968-05-15,1469.9100,1469.9100,1469.9100,1469.9100
1968-05-16,1476.3500,1476.3500,1476.3500,1476.3500
1968-05-17,1485.8600,1485.8600,1485.8600,1485.8600
1968-05-20,1500.4100,1500.4100,1500.4100,1500.4100
1968-05-21,1476.6700,1476.6700,1476.6700,1476.6700
1968-05-22,1466.0900,1466.0900,1466.0900,1466.0900
1968-05-23,1466.0900,1466.0900,1466.0900,1466.0900
1968-05-24,1460.1000,1460.1000,1460.1000,1460.1000
1968-05-27,1460.0200,1460.0200,1460.0200,1460.0200
1968-05-28,1465.6000,1465.6000,1465.6000,1465.6000
1968-05-29,1452.3199,1452.3199,1452.3199,1452.3199
1968-05-30,1454.9301,1454.9301,1454.9301,1454.9301
1968-05-31,1462.3400,1462.3400,1462.3400,1462.3400
1968-06-03,1496.5601,1496.5601,1496.5601,1496.5601
1968-06-04,1509.4900,1509.4900,1509.4900,1509.4900
1968-06-05,1518.6600,1518.6600,1518.6600,1518.6600
1968-06-06,1510.5100,1510.5100,1510.5100,1510.5100
1968-06-07,1510.5100,1510.5100,1510.5100,1510.5100
1968-06-10,1522.5900,1522.5900,1522.5900,1522.5900
1968-06-11,1531.4600,1531.4600,1531.4600,1531.4600
1968-06-12,1519.0601,1519.0601,1519.0601,1519.0601
1968-06-13,1523.2000,1523.2000,1523.2000,1523.2000
1968-06-14,1524.0300,1524.0300,1524.0300,1524.0300
1968-06-17,1532.0000,1532.0000,1532.0000,1532.0000
1968-06-18,1515.1899,1515.1899,1515.1899,1515.1899
1968-06-19,1481.2400,1481.2400,1481.2400,1481.2400
1968-06-20,1484.7000,1484.7000,1484.7000,1484.7000
1968-06-21,1482.5400,1482.5400,1482.5400,1482.5400
1968-06-24,1482.5400,1482.5400,1482.5400,1482.5400
1968-06-25,1501.7100,1501.7100,1501.7100,1501.7100
1968-06-26,1518.1801,1518.1801,1518.1801,1518.1801
1968-06-27,1527.7800,1527.7800,1527.7800,1527.7800
1968-06-28,1531.1801,1531.1801,1531.1801,1531.1801
1968-07-01,1548.9000,1548.9000,1548.9000,1548.9000
1968-07-02,1542.9600,1542.9600,1542.9600,1542.9600
1968-07-03,1548.6899,1548.6899,1548.6899,1548.6899
1968-07-04,1540.4200,1540.4200,1540.4200,1540.4200
1968-07-05,1547.0900,1547.0900,1547.0900,1547.0900
1968-07-08,1552.7600,1552.7600,1552.7600,1552.7600
1968-07-09,1552.7600,1552.7600,1552.7600,1552.7600
1968-07-10,1549.8700,1549.8700,1549.8700,1549.8700
1968-07-11,1554.9600,1554.9600,1554.9600,1554.9600
1968-07-12,1564.4800,1564.4800,1564.4800,1564.4800
1968-07-15,1581.5601,1581.5601,1581.5601,1581.5601
1968-07-16,1564.2400,1564.2400,1564.2400,1564.2400
1968-07-17,1561.6600,1561.6600,1561.6600,1561.6600
1968-07-18,1561.9399,1561.9399,1561.9399,1561.9399
1968-07-19,1565.8700,1565.8700,1565.8700,1565.8700
1968-07-22,1573.8000,1573.8000,1573.8000,1573.8000
1968-07-23,1577.8000,1577.8000,1577.8000,1577.8000
1968-07-24,1577.8000,1577.8000,1577.8000,1577.8000
1968-07-25,1570.0699,1570.0699,1570.0699,1570.0699
1968-07-26,1582.8300,1582.8300,1582.8300,1582.8300
1968-07-29,1592.1100,1592.1100,1592.1100,1592.1100
1968-07-30,1583.0000,1583.0000,1583.0000,1583.0000
1968-07-31,1602.9700,1602.9700,1602.9700,1602.9700
1968-08-01,1601.5800,1601.5800,1601.5800,1601.5800
1968-08-02,1601.8400,1601.8400,1601.8400,1601.8400
1968-08-05,1604.5699,1604.5699,1604.5699,1604.5699
1968-08-06,1598.4399,1598.4399,1598.4399,1598.4399
1968-08-07,1617.9000,1617.9000,1617.9000,1617.9000
1968-08-08,1617.9000,1617.9000,1617.9000,1617.9000
1968-08-09,1622.8600,1622.8600,1622.8600,1622.8600
1968-08-12,1627.8199,1627.8199,1627.8199,1627.8199
1968-08-13,1631.2400,1631.2400,1631.2400,1631.2400
1968-08-14,1630.0300,1630.0300,1630.0300,1630.0300
1968-08-15,1617.9600,1617.9600,1617.9600,1617.9600
1968-08-16,1612.2600,1612.2600,1612.2600,1612.2600
1968-08-19,1623.1899,1623.1899,1623.1899,1623.1899
1968-08-20,1636.7300,1636.7300,1636.7300,1636.7300
1968-08-21,1641.0300,1641.0300,1641.0300,1641.0300
1968-08-22,1648.1700,1648.1700,1648.1700,1648.1700
1968-08-23,1648.1700,1648.1700,1648.1700,1648.1700
1968-08-26,1655.6801,1655.6801,1655.6801,1655.6801
1968-08-27,1666.3500,1666.3500,1666.3500,1666.3500
1968-08-28,1672.7200,1672.7200,1672.7200,1672.7200
1968-08-29,1691.6300,1691.6300,1691.6300,1691.6300
1968-08-30,1691.9100,1691.9100,1691.9100,1691.9100
1968-09-02,1717.6000,1717.6000,1717.6000,1717.6000
1968-09-03,1723.4700,1723.4700,1723.4700,1723.4700
1968-09-04,1705.1500,1705.1500,1705.1500,1705.1500
1968-09-05,1727.9200,1727.9200,1727.9200,1727.9200
1968-09-06,1736.9399,1736.9399,1736.9399,1736.9399
1968-09-09,1736.9399,1736.9399,1736.9399,1736.9399
1968-09-10,1753.7100,1753.7100,1753.7100,1753.7100
1968-09-11,1766.1200,1766.1200,1766.1200,1766.1200
1968-09-12,1766.2200,1766.2200,1766.2200,1766.2200
1968-09-13,1764.4100,1764.4100,1764.4100,1764.4100
1968-09-17,1792.1000,1792.1000,1792.1000,1792.1000
1968-09-18,1796.4900,1796.4900,1796.4900,1796.4900
1968-09-19,1793.8300,1793.8300,1793.8300,1793.8300
1968-09-20,1801.6200,1801.6200,1801.6200,1801.6200
1968-09-24,1802.9800,1802.9800,1802.9800,1802.9800
1968-09-25,1805.6100,1805.6100,1805.6100,1805.6100
1968-09-26,1820.2300,1820.2300,1820.2300,1820.2300
1968-09-27,1826.6801,1826.6801,1826.6801,1826.6801
1968-09-30,1826.6801,1826.6801,1826.6801,1826.6801
1968-10-01,1835.1200,1835.1200,1835.1200,1835.1200
1968-10-02,1851.4900,1851.4900,1851.4900,1851.4900
1968-10-03,1809.6100,1809.6100,1809.6100,1809.6100
1968-10-04,1803.2400,1803.2400,1803.2400,1803.2400
1968-10-07,1830.6400,1830.6400,1830.6400,1830.6400
1968-10-08,1827.6700,1827.6700,1827.6700,1827.6700
1968-10-09,1827.6700,1827.6700,1827.6700,1827.6700
1968-10-11,1715.4700,1715.4700,1715.4700,1715.4700
1968-10-14,1747.0601,1747.0601,1747.0601,1747.0601
1968-10-15,1707.7200,1707.7200,1707.7200,1707.7200
1968-10-16,1700.4800,1700.4800,1700.4800,1700.4800
1968-10-17,1724.7300,1724.7300,1724.7300,1724.7300
1968-10-18,1741.9301,1741.9301,1741.9301,1741.9301
1968-10-21,1746.8300,1746.8300,1746.8300,1746.8300
1968-10-22,1726.6200,1726.6200,1726.6200,1726.6200
1968-10-23,1739.6500,1739.6500,1739.6500,1739.6500
1968-10-24,1749.3300,1749.3300,1749.3300,1749.3300
1968-10-25,1749.3300,1749.3300,1749.3300,1749.3300
1968-10-28,1755.5100,1755.5100,1755.5100,1755.5100
1968-10-29,1768.9399,1768.9399,1768.9399,1768.9399
1968-10-30,1762.5300,1762.5300,1762.5300,1762.5300
1968-10-31,1745.2900,1745.2900,1745.2900,1745.2900
1968-11-01,1741.9200,1741.9200,1741.9200,1741.9200
1968-11-05,1709.8101,1709.8101,1709.8101,1709.8101
1968-11-06,1705.7100,1705.7100,1705.7100,1705.7100
1968-11-07,1679.5900,1679.5900,1679.5900,1679.5900
1968-11-08,1668.0900,1668.0900,1668.0900,1668.0900
1968-11-11,1668.0900,1668.0900,1668.0900,1668.0900
1968-11-12,1659.1801,1659.1801,1659.1801,1659.1801
1968-11-13,1678.5500,1678.5500,1678.5500,1678.5500
1968-11-14,1695.0500,1695.0500,1695.0500,1695.0500
1968-11-15,1697.0800,1697.0800,1697.0800,1697.0800
1968-11-18,1705.0100,1705.0100,1705.0100,1705.0100
1968-11-19,1712.2900,1712.2900,1712.2900,1712.2900
1968-11-20,1710.1500,1710.1500,1710.1500,1710.1500
1968-11-21,1696.2000,1696.2000,1696.2000,1696.2000
1968-11-22,1693.0400,1693.0400,1693.0400,1693.0400
1968-11-25,1668.5500,1668.5500,1668.5500,1668.5500
1968-11-26,1668.5500,1668.5500,1668.5500,1668.5500
1968-11-27,1688.6801,1688.6801,1688.6801,1688.6801
1968-11-28,1695.9100,1695.9100,1695.9100,1695.9100
1968-11-29,1716.6899,1716.6899,1716.6899,1716.6899
1968-12-02,1743.2100,1743.2100,1743.2100,1743.2100
1968-12-03,1736.2100,1736.2100,1736.2100,1736.2100
1968-12-04,1725.7900,1725.7900,1725.7900,1725.7900
1968-12-05,1718.4200,1718.4200,1718.4200,1718.4200
1968-12-06,1718.0900,1718.0900,1718.0900,1718.0900
1968-12-09,1690.9800,1690.9800,1690.9800,1690.9800
1968-12-10,1710.9700,1710.9700,1710.9700,1710.9700
1968-12-11,1710.9700,1710.9700,1710.9700,1710.9700
1968-12-12,1725.4301,1725.4301,1725.4301,1725.4301
1968-12-13,1712.0000,1712.0000,1712.0000,1712.0000
1968-12-16,1722.3300,1722.3300,1722.3300,1722.3300
1968-12-17,1711.5699,1711.5699,1711.5699,1711.5699
1968-12-18,1692.9301,1692.9301,1692.9301,1692.9301
1968-12-19,1696.1400,1696.1400,1696.1400,1696.1400
1968-12-20,1702.4500,1702.4500,1702.4500,1702.4500
1968-12-24,1701.6700,1701.6700,1701.6700,1701.6700
1968-12-25,1701.3800,1701.3800,1701.3800,1701.3800
1968-12-26,1701.3800,1701.3800,1701.3800,1701.3800
1968-12-27,1699.0800,1699.0800,1699.0800,1699.0800
1968-12-30,1699.0800,1699.0800,1699.0800,1699.0800
1969-01-06,1755.1500,1755.1500,1755.1500,1755.1500
1969-01-07,1761.9301,1761.9301,1761.9301,1761.9301
1969-01-08,1759.2600,1759.2600,1759.2600,1759.2600
1969-01-09,1753.3101,1753.3101,1753.3101,1753.3101
1969-01-13,1767.3500,1767.3500,1767.3500,1767.3500
1969-01-14,1771.2400,1771.2400,1771.2400,1771.2400
1969-01-16,1782.0500,1782.0500,1782.0500,1782.0500
1969-01-17,1779.6300,1779.6300,1779.6300,1779.6300
1969-01-20,1779.6300,1779.6300,1779.6300,1779.6300
1969-01-21,1803.9000,1803.9000,1803.9000,1803.9000
1969-01-22,1820.2500,1820.2500,1820.2500,1820.2500
1969-01-23,1830.8700,1830.8700,1830.8700,1830.8700
1969-01-24,1825.8000,1825.8000,1825.8000,1825.8000
1969-01-27,1833.2900,1833.2900,1833.2900,1833.2900
1969-01-28,1820.6200,1820.6200,1820.6200,1820.6200
1969-01-29,1831.7700,1831.7700,1831.7700,1831.7700
1969-01-30,1826.1200,1826.1200,1826.1200,1826.1200
1969-01-31,1830.2600,1830.2600,1830.2600,1830.2600
1969-02-03,1828.0400,1828.0400,1828.0400,1828.0400
1969-02-04,1828.0400,1828.0400,1828.0400,1828.0400
1969-02-05,1833.7500,1833.7500,1833.7500,1833.7500
1969-02-06,1840.7000,1840.7000,1840.7000,1840.7000
1969-02-07,1845.9500,1845.9500,1845.9500,1845.9500
1969-02-10,1851.0500,1851.0500,1851.0500,1851.0500
1969-02-12,1852.3800,1852.3800,1852.3800,1852.3800
1969-02-13,1843.0699,1843.0699,1843.0699,1843.0699
1969-02-14,1826.1400,1826.1400,1826.1400,1826.1400
1969-02-17,1824.2700,1824.2700,1824.2700,1824.2700
1969-02-18,1828.8500,1828.8500,1828.8500,1828.8500
1969-02-19,1819.4200,1819.4200,1819.4200,1819.4200
1969-02-20,1819.4200,1819.4200,1819.4200,1819.4200
1969-02-21,1775.4301,1775.4301,1775.4301,1775.4301
1969-02-24,1765.9000,1765.9000,1765.9000,1765.9000
1969-02-25,1771.8500,1771.8500,1771.8500,1771.8500
1969-02-26,1777.9700,1777.9700,1777.9700,1777.9700
1969-02-27,1762.9700,1762.9700,1762.9700,1762.9700
1969-02-28,1758.5400,1758.5400,1758.5400,1758.5400
1969-03-03,1769.5500,1769.5500,1769.5500,1769.5500
1969-03-04,1748.8800,1748.8800,1748.8800,1748.8800
1969-03-05,1764.2500,1764.2500,1764.2500,1764.2500
1969-03-06,1766.8900,1766.8900,1766.8900,1766.8900
1969-03-07,1766.8900,1766.8900,1766.8900,1766.8900
1969-03-10,1789.3199,1789.3199,1789.3199,1789.3199
1969-03-11,1778.9900,1778.9900,1778.9900,1778.9900
1969-03-12,1785.2500,1785.2500,1785.2500,1785.2500
1969-03-13,1803.1100,1803.1100,1803.1100,1803.1100
1969-03-14,1795.5800,1795.5800,1795.5800,1795.5800
1969-03-17,1806.6400,1806.6400,1806.6400,1806.6400
1969-03-18,1798.2100,1798.2100,1798.2100,1798.2100
1969-03-19,1791.8199,1791.8199,1791.8199,1791.8199
1969-03-20,1783.2000,1783.2000,1783.2000,1783.2000
1969-03-24,1815.7400,1815.7400,1815.7400,1815.7400
1969-03-25,1815.7400,1815.7400,1815.7400,1815.7400
1969-03-26,1832.8600,1832.8600,1832.8600,1832.8600
1969-03-27,1819.8400,1819.8400,1819.8400,1819.8400
1969-03-28,1824.0699,1824.0699,1824.0699,1824.0699
1969-03-31,1841.0200,1841.0200,1841.0200,1841.0200
1969-04-01,1827.4399,1827.4399,1827.4399,1827.4399
1969-04-02,1859.1300,1859.1300,1859.1300,1859.1300
1969-04-03,1844.9700,1844.9700,1844.9700,1844.9700
1969-04-04,1868.1200,1868.1200,1868.1200,1868.1200
1969-04-07,1872.1000,1872.1000,1872.1000,1872.1000
1969-04-08,1870.9700,1870.9700,1870.9700,1870.9700
1969-04-09,1870.9700,1870.9700,1870.9700,1870.9700
1969-04-10,1893.0200,1893.0200,1893.0200,1893.0200
1969-04-11,1893.5000,1893.5000,1893.5000,1893.5000
1969-04-14,1900.2600,1900.2600,1900.2600,1900.2600
1969-04-15,1889.2100,1889.2100,1889.2100,1889.2100
1969-04-16,1871.8400,1871.8400,1871.8400,1871.8400
1969-04-17,1899.7900,1899.7900,1899.7900,1899.7900
1969-04-18,1880.8300,1880.8300,1880.8300,1880.8300
1969-04-21,1878.4500,1878.4500,1878.4500,1878.4500
1969-04-22,1890.1300,1890.1300,1890.1300,1890.1300
1969-04-23,1877.2500,1877.2500,1877.2500,1877.2500
1969-04-24,1877.2500,1877.2500,1877.2500,1877.2500
1969-04-25,1896.0900,1896.0900,1896.0900,1896.0900
1969-04-28,1901.0300,1901.0300,1901.0300,1901.0300
1969-04-30,1904.9399,1904.9399,1904.9399,1904.9399
1969-05-01,1911.5400,1911.5400,1911.5400,1911.5400
1969-05-02,1906.4399,1906.4399,1906.4399,1906.4399
1969-05-06,1925.1400,1925.1400,1925.1400,1925.1400
1969-05-07,1924.2900,1924.2900,1924.2900,1924.2900
1969-05-08,1917.4399,1917.4399,1917.4399,1917.4399
1969-05-09,1919.0699,1919.0699,1919.0699,1919.0699
1969-05-12,1938.9800,1938.9800,1938.9800,1938.9800
1969-05-13,1938.9800,1938.9800,1938.9800,1938.9800
1969-05-14,1938.6100,1938.6100,1938.6100,1938.6100
1969-05-15,1937.2300,1937.2300,1937.2300,1937.2300
1969-05-16,1937.0500,1937.0500,1937.0500,1937.0500
1969-05-19,1939.8300,1939.8300,1939.8300,1939.8300
1969-05-20,1928.2900,1928.2900,1928.2900,1928.2900
1969-05-21,1930.3400,1930.3400,1930.3400,1930.3400
1969-05-22,1929.5800,1929.5800,1929.5800,1929.5800
1969-05-23,1932.2000,1932.2000,1932.2000,1932.2000
1969-05-26,1939.3700,1939.3700,1939.3700,1939.3700
1969-05-27,1939.3700,1939.3700,1939.3700,1939.3700
1969-05-28,1959.5699,1959.5699,1959.5699,1959.5699
1969-05-29,1959.5699,1959.5699,1959.5699,1959.5699
1969-05-30,1990.5300,1990.5300,1990.5300,1990.5300
1969-06-02,2007.6100,2007.6100,2007.6100,2007.6100
1969-06-03,2000.4700,2000.4700,2000.4700,2000.4700
1969-06-04,2001.7700,2001.7700,2001.7700,2001.7700
1969-06-05,2000.9600,2000.9600,2000.9600,2000.9600
1969-06-06,2009.1801,2009.1801,2009.1801,2009.1801
1969-06-09,2029.1000,2029.1000,2029.1000,2029.1000
1969-06-10,2029.5900,2029.5900,2029.5900,2029.5900
1969-06-11,2014.6400,2014.6400,2014.6400,2014.6400
1969-06-12,1926.0100,1926.0100,1926.0100,1926.0100
1969-06-13,1926.0100,1926.0100,1926.0100,1926.0100
1969-06-16,1955.6899,1955.6899,1955.6899,1955.6899
1969-06-17,1938.7200,1938.7200,1938.7200,1938.7200
1969-06-18,1884.8199,1884.8199,1884.8199,1884.8199
1969-06-19,1907.4100,1907.4100,1907.4100,1907.4100
1969-06-20,1883.5000,1883.5000,1883.5000,1883.5000
1969-06-23,1867.3101,1867.3101,1867.3101,1867.3101
1969-06-24,1925.8800,1925.8800,1925.8800,1925.8800
1969-06-25,1915.3101,1915.3101,1915.3101,1915.3101
1969-06-26,1938.0601,1938.0601,1938.0601,1938.0601
1969-06-27,1953.5200,1953.5200,1953.5200,1953.5200
1969-06-30,1953.5200,1953.5200,1953.5200,1953.5200
1969-07-01,1969.6700,1969.6700,1969.6700,1969.6700
1969-07-02,1990.3500,1990.3500,1990.3500,1990.3500
1969-07-03,1998.0000,1998.0000,1998.0000,1998.0000
1969-07-04,1992.8101,1992.8101,1992.8101,1992.8101
1969-07-07,1983.1400,1983.1400,1983.1400,1983.1400
1969-07-08,1987.6000,1987.6000,1987.6000,1987.6000
1969-07-09,1979.1300,1979.1300,1979.1300,1979.1300
1969-07-10,1930.5601,1930.5601,1930.5601,1930.5601
1969-07-11,1948.6400,1948.6400,1948.6400,1948.6400
1969-07-14,1911.1200,1911.1200,1911.1200,1911.1200
1969-07-15,1911.1200,1911.1200,1911.1200,1911.1200
1969-07-16,1919.4600,1919.4600,1919.4600,1919.4600
1969-07-17,1898.8800,1898.8800,1898.8800,1898.8800
1969-07-18,1906.0000,1906.0000,1906.0000,1906.0000
1969-07-22,1921.5300,1921.5300,1921.5300,1921.5300
1969-07-23,1888.0400,1888.0400,1888.0400,1888.0400
1969-07-24,1900.1899,1900.1899,1900.1899,1900.1899
1969-07-25,1888.4200,1888.4200,1888.4200,1888.4200
1969-07-28,1875.0000,1875.0000,1875.0000,1875.0000
1969-07-29,1845.4000,1845.4000,1845.4000,1845.4000
1969-07-30,1845.4000,1845.4000,1845.4000,1845.4000
1969-07-31,1865.5900,1865.5900,1865.5900,1865.5900
1969-08-01,1879.4100,1879.4100,1879.4100,1879.4100
1969-08-04,1878.1400,1878.1400,1878.1400,1878.1400
1969-08-05,1878.7000,1878.7000,1878.7000,1878.7000
1969-08-06,1867.7900,1867.7900,1867.7900,1867.7900
1969-08-07,1860.4100,1860.4100,1860.4100,1860.4100
1969-08-08,1844.0300,1844.0300,1844.0300,1844.0300
1969-08-11,1877.2000,1877.2000,1877.2000,1877.2000
1969-08-12,1900.8900,1900.8900,1900.8900,1900.8900
1969-08-13,1910.8700,1910.8700,1910.8700,1910.8700
1969-08-14,1910.8700,1910.8700,1910.8700,1910.8700
1969-08-15,1896.0900,1896.0900,1896.0900,1896.0900
1969-08-18,1896.8300,1896.8300,1896.8300,1896.8300
1969-08-19,1897.7500,1897.7500,1897.7500,1897.7500
1969-08-20,1890.3800,1890.3800,1890.3800,1890.3800
1969-08-21,1891.2900,1891.2900,1891.2900,1891.2900
1969-08-22,1871.7900,1871.7900,1871.7900,1871.7900
1969-08-25,1880.4301,1880.4301,1880.4301,1880.4301
1969-08-26,1890.6700,1890.6700,1890.6700,1890.6700
1969-08-27,1890.2400,1890.2400,1890.2400,1890.2400
1969-08-28,1909.2600,1909.2600,1909.2600,1909.2600
1969-08-29,1909.2600,1909.2600,1909.2600,1909.2600
1969-09-01,1951.5400,1951.5400,1951.5400,1951.5400
1969-09-02,1964.8101,1964.8101,1964.8101,1964.8101
1969-09-03,1972.6801,1972.6801,1972.6801,1972.6801
1969-09-04,1971.4700,1971.4700,1971.4700,1971.4700
1969-09-05,1984.6899,1984.6899,1984.6899,1984.6899
1969-09-08,1983.9500,1983.9500,1983.9500,1983.9500
1969-09-09,1964.4600,1964.4600,1964.4600,1964.4600
1969-09-10,1988.5000,1988.5000,1988.5000,1988.5000
1969-09-11,1987.9100,1987.9100,1987.9100,1987.9100
1969-09-12,1987.6200,1987.6200,1987.6200,1987.6200
1969-09-16,1987.6200,1987.6200,1987.6200,1987.6200
1969-09-17,2016.7100,2016.7100,2016.7100,2016.7100
1969-09-18,1995.2600,1995.2600,1995.2600,1995.2600
1969-09-19,2000.4301,2000.4301,2000.4301,2000.4301
1969-09-22,2016.8500,2016.8500,2016.8500,2016.8500
1969-09-24,2012.2700,2012.2700,2012.2700,2012.2700
1969-09-25,2012.9600,2012.9600,2012.9600,2012.9600
1969-09-26,1988.9200,1988.9200,1988.9200,1988.9200
1969-09-29,1995.9600,1995.9600,1995.9600,1995.9600
1969-09-30,2016.1500,2016.1500,2016.1500,2016.1500
1969-10-01,2036.8000,2036.8000,2036.8000,2036.8000
1969-10-02,2036.8000,2036.8000,2036.8000,2036.8000
1969-10-03,2027.9399,2027.9399,2027.9399,2027.9399
1969-10-06,2038.7200,2038.7200,2038.7200,2038.7200
1969-10-07,2033.8101,2033.8101,2033.8101,2033.8101
1969-10-08,2022.7000,2022.7000,2022.7000,2022.7000
1969-10-09,2033.5200,2033.5200,2033.5200,2033.5200
1969-10-13,2068.3201,2068.3201,2068.3201,2068.3201
1969-10-14,2062.8501,2062.8501,2062.8501,2062.8501
1969-10-15,2074.1101,2074.1101,2074.1101,2074.1101
1969-10-16,2098.6499,2098.6499,2098.6499,2098.6499
1969-10-17,2097.4900,2097.4900,2097.4900,2097.4900
1969-10-20,2097.4900,2097.4900,2097.4900,2097.4900
1969-10-21,2099.3899,2099.3899,2099.3899,2099.3899
1969-10-22,2110.2700,2110.2700,2110.2700,2110.2700
1969-10-23,2092.8999,2092.8999,2092.8999,2092.8999
1969-10-24,2120.9399,2120.9399,2120.9399,2120.9399
1969-10-27,2117.1201,2117.1201,2117.1201,2117.1201
1969-10-28,2136.8000,2136.8000,2136.8000,2136.8000
1969-10-29,2150.1001,2150.1001,2150.1001,2150.1001
1969-10-30,2145.1599,2145.1599,2145.1599,2145.1599
1969-10-31,2130.3000,2130.3000,2130.3000,2130.3000
1969-11-04,2133.9700,2133.9700,2133.9700,2133.9700
1969-11-05,2133.9700,2133.9700,2133.9700,2133.9700
1969-11-06,2121.9900,2121.9900,2121.9900,2121.9900
1969-11-07,2102.5801,2102.5801,2102.5801,2102.5801
1969-11-10,2118.2600,2118.2600,2118.2600,2118.2600
1969-11-11,2104.5200,2104.5200,2104.5200,2104.5200
1969-11-12,2118.1499,2118.1499,2118.1499,2118.1499
1969-11-13,2147.5200,2147.5200,2147.5200,2147.5200
1969-11-14,2148.6599,2148.6599,2148.6599,2148.6599
1969-11-17,2168.2100,2168.2100,2168.2100,2168.2100
1969-11-18,2168.2100,2168.2100,2168.2100,2168.2100
1969-11-19,2210.6001,2210.6001,2210.6001,2210.6001
1969-11-20,2201.5200,2201.5200,2201.5200,2201.5200
1969-11-21,2196.0200,2196.0200,2196.0200,2196.0200
1969-11-25,2230.5801,2230.5801,2230.5801,2230.5801
1969-11-26,2201.4099,2201.4099,2201.4099,2201.4099
1969-11-27,2211.8999,2211.8999,2211.8999,2211.8999
1969-11-28,2211.8999,2211.8999,2211.8999,2211.8999
1969-12-01,2251.3701,2251.3701,2251.3701,2251.3701
1969-12-02,2252.6101,2252.6101,2252.6101,2252.6101
1969-12-03,2252.6101,2252.6101,2252.6101,2252.6101
1969-12-04,2171.7900,2171.7900,2171.7900,2171.7900
1969-12-05,2170.1499,2170.1499,2170.1499,2170.1499
1969-12-08,2198.9800,2198.9800,2198.9800,2198.9800
1969-12-09,2193.0400,2193.0400,2193.0400,2193.0400
1969-12-10,2219.1899,2219.1899,2219.1899,2219.1899
1969-12-11,2225.0500,2225.0500,2225.0500,2225.0500
1969-12-12,2253.5901,2253.5901,2253.5901,2253.5901
1969-12-15,2261.8999,2261.8999,2261.8999,2261.8999
1969-12-16,2261.4299,2261.4299,2261.4299,2261.4299
1969-12-17,2268.5500,2268.5500,2268.5500,2268.5500
1969-12-18,2268.5500,2268.5500,2268.5500,2268.5500
1969-12-19,2278.8301,2278.8301,2278.8301,2278.8301
1969-12-22,2258.2600,2258.2600,2258.2600,2258.2600
1969-12-24,2287.0701,2287.0701,2287.0701,2287.0701
1969-12-25,2324.0601,2324.0601,2324.0601,2324.0601
1969-12-26,2348.0300,2348.0300,2348.0300,2348.0300
1969-12-29,2348.0300,2348.0300,2348.0300,2348.0300
1969-12-30,2348.0300,2348.0300,2348.0300,2348.0300
1970-01-05,2402.8501,2402.8501,2402.8501,2402.8501
1970-01-06,2406.2200,2406.2200,2406.2200,2406.2200
1970-01-07,2394.9600,2394.9600,2394.9600,2394.9600
1970-01-08,2283.6799,2283.6799,2283.6799,2283.6799
1970-01-09,2283.6799,2283.6799,2283.6799,2283.6799
1970-01-12,2324.2400,2324.2400,2324.2400,2324.2400
1970-01-13,2297.6899,2297.6899,2297.6899,2297.6899
1970-01-14,2288.1399,2288.1399,2288.1399,2288.1399
1970-01-16,2286.4500,2286.4500,2286.4500,2286.4500
1970-01-19,2309.3799,2309.3799,2309.3799,2309.3799
1970-01-20,2309.9399,2309.9399,2309.9399,2309.9399
1970-01-21,2325.3601,2325.3601,2325.3601,2325.3601
1970-01-22,2322.5801,2322.5801,2322.5801,2322.5801
1970-01-23,2312.0000,2312.0000,2312.0000,2312.0000
1970-01-26,2316.7100,2316.7100,2316.7100,2316.7100
1970-01-27,2316.7100,2316.7100,2316.7100,2316.7100
1970-01-28,2324.7700,2324.7700,2324.7700,2324.7700
1970-01-29,2328.6001,2328.6001,2328.6001,2328.6001
1970-01-30,2296.4299,2296.4299,2296.4299,2296.4299
1970-02-02,2310.4500,2310.4500,2310.4500,2310.4500
1970-02-03,2296.6799,2296.6799,2296.6799,2296.6799
1970-02-04,2313.3101,2313.3101,2313.3101,2313.3101
1970-02-05,2306.7800,2306.7800,2306.7800,2306.7800
1970-02-06,2302.9299,2302.9299,2302.9299,2302.9299
1970-02-09,2306.3999,2306.3999,2306.3999,2306.3999
1970-02-10,2306.2500,2306.2500,2306.2500,2306.2500
1970-02-12,2306.2500,2306.2500,2306.2500,2306.2500
1970-02-13,2298.6499,2298.6499,2298.6499,2298.6499
1970-02-16,2293.9299,2293.9299,2293.9299,2293.9299
1970-02-17,2294.7100,2294.7100,2294.7100,2294.7100
1970-02-18,2313.2300,2313.2300,2313.2300,2313.2300
1970-02-19,2324.3999,2324.3999,2324.3999,2324.3999
1970-02-20,2322.9800,2322.9800,2322.9800,2322.9800
1970-02-23,2361.4700,2361.4700,2361.4700,2361.4700
1970-02-24,2375.4600,2375.4600,2375.4600,2375.4600
1970-02-25,2383.1799,2383.1799,2383.1799,2383.1799
1970-02-26,2385.0701,2385.0701,2385.0701,2385.0701
1970-02-27,2385.0701,2385.0701,2385.0701,2385.0701
1970-03-02,2399.7600,2399.7600,2399.7600,2399.7600
1970-03-03,2396.6399,2396.6399,2396.6399,2396.6399
1970-03-04,2422.7300,2422.7300,2422.7300,2422.7300
1970-03-05,2423.3701,2423.3701,2423.3701,2423.3701
1970-03-06,2452.2600,2452.2600,2452.2600,2452.2600
1970-03-09,2455.1699,2455.1699,2455.1699,2455.1699
1970-03-10,2470.2200,2470.2200,2470.2200,2470.2200
1970-03-11,2458.1299,2458.1299,2458.1299,2458.1299
1970-03-12,2433.1201,2433.1201,2433.1201,2433.1201
1970-03-13,2446.3601,2446.3601,2446.3601,2446.3601
1970-03-16,2446.3601,2446.3601,2446.3601,2446.3601
1970-03-17,2468.8401,2468.8401,2468.8401,2468.8401
1970-03-18,2484.6201,2484.6201,2484.6201,2484.6201
1970-03-19,2490.4700,2490.4700,2490.4700,2490.4700
1970-03-20,2491.1799,2491.1799,2491.1799,2491.1799
1970-03-23,2495.1799,2495.1799,2495.1799,2495.1799
1970-03-24,2484.1499,2484.1499,2484.1499,2484.1499
1970-03-25,2481.0100,2481.0100,2481.0100,2481.0100
1970-03-26,2504.8401,2504.8401,2504.8401,2504.8401
1970-03-27,2485.3601,2485.3601,2485.3601,2485.3601
1970-03-30,2510.2400,2510.2400,2510.2400,2510.2400
1970-03-31,2510.2400,2510.2400,2510.2400,2510.2400
1970-04-01,2521.4199,2521.4199,2521.4199,2521.4199
1970-04-02,2522.8401,2522.8401,2522.8401,2522.8401
1970-04-03,2500.0901,2500.0901,2500.0901,2500.0901
1970-04-06,2534.4500,2534.4500,2534.4500,2534.4500
1970-04-07,2524.1299,2524.1299,2524.1299,2524.1299
1970-04-08,2529.6499,2529.6499,2529.6499,2529.6499
1970-04-09,2515.0500,2515.0500,2515.0500,2515.0500
1970-04-10,2513.9399,2513.9399,2513.9399,2513.9399
1970-04-13,2508.1599,2508.1599,2508.1599,2508.1599
1970-04-14,2502.0300,2502.0300,2502.0300,2502.0300
1970-04-15,2502.0300,2502.0300,2502.0300,2502.0300
1970-04-16,2502.6499,2502.6499,2502.6499,2502.6499
1970-04-17,2471.2100,2471.2100,2471.2100,2471.2100
1970-04-20,2470.6699,2470.6699,2470.6699,2470.6699
1970-04-21,2469.6399,2469.6399,2469.6399,2469.6399
1970-04-22,2436.3999,2436.3999,2436.3999,2436.3999
1970-04-23,2415.6699,2415.6699,2415.6699,2415.6699
1970-04-24,2422.8601,2422.8601,2422.8601,2422.8601
1970-04-27,2386.0601,2386.0601,2386.0601,2386.0601
1970-04-28,2315.4299,2315.4299,2315.4299,2315.4299
1970-04-30,2114.3201,2114.3201,2114.3201,2114.3201
1970-05-01,2114.3201,2114.3201,2114.3201,2114.3201
1970-05-06,2191.3899,2191.3899,2191.3899,2191.3899
1970-05-07,2209.6101,2209.6101,2209.6101,2209.6101
1970-05-08,2190.5400,2190.5400,2190.5400,2190.5400
1970-05-11,2139.0701,2139.0701,2139.0701,2139.0701
1970-05-12,2149.4299,2149.4299,2149.4299,2149.4299
1970-05-13,2096.7500,2096.7500,2096.7500,2096.7500
1970-05-14,2048.7200,2048.7200,2048.7200,2048.7200
1970-05-15,2018.7100,2018.7100,2018.7100,2018.7100
1970-05-18,2047.9000,2047.9000,2047.9000,2047.9000
1970-05-19,2047.9000,2047.9000,2047.9000,2047.9000
1970-05-20,1983.7800,1983.7800,1983.7800,1983.7800
1970-05-21,1982.3300,1982.3300,1982.3300,1982.3300
1970-05-22,1989.3400,1989.3400,1989.3400,1989.3400
1970-05-25,1933.3300,1933.3300,1933.3300,1933.3300
1970-05-26,1946.4800,1946.4800,1946.4800,1946.4800
1970-05-27,1929.6400,1929.6400,1929.6400,1929.6400
1970-05-28,2009.1000,2009.1000,2009.1000,2009.1000
1970-05-29,2026.1000,2026.1000,2026.1000,2026.1000
1970-06-01,2082.3701,2082.3701,2082.3701,2082.3701
1970-06-02,2082.3701,2082.3701,2082.3701,2082.3701
1970-06-03,2109.2300,2109.2300,2109.2300,2109.2300
1970-06-04,2133.8501,2133.8501,2133.8501,2133.8501
1970-06-05,2123.8201,2123.8201,2123.8201,2123.8201
1970-06-08,2109.5801,2109.5801,2109.5801,2109.5801
1970-06-09,2091.8301,2091.8301,2091.8301,2091.8301
1970-06-10,2109.4700,2109.4700,2109.4700,2109.4700
1970-06-11,2029.4100,2029.4100,2029.4100,2029.4100
1970-06-12,2048.9399,2048.9399,2048.9399,2048.9399
1970-06-15,2072.8000,2072.8000,2072.8000,2072.8000
1970-06-16,2054.3701,2054.3701,2054.3701,2054.3701
1970-06-17,2054.3701,2054.3701,2054.3701,2054.3701
1970-06-18,2082.0200,2082.0200,2082.0200,2082.0200
1970-06-19,2113.2200,2113.2200,2113.2200,2113.2200
1970-06-22,2149.2800,2149.2800,2149.2800,2149.2800
1970-06-23,2131.8899,2131.8899,2131.8899,2131.8899
1970-06-24,2140.4700,2140.4700,2140.4700,2140.4700
1970-06-25,2143.4500,2143.4500,2143.4500,2143.4500
1970-06-26,2135.8799,2135.8799,2135.8799,2135.8799
1970-06-29,2131.8101,2131.8101,2131.8101,2131.8101
1970-06-30,2138.1101,2138.1101,2138.1101,2138.1101
1970-07-01,2148.7900,2148.7900,2148.7900,2148.7900
1970-07-02,2148.7900,2148.7900,2148.7900,2148.7900
1970-07-03,2135.2500,2135.2500,2135.2500,2135.2500
1970-07-06,2117.6499,2117.6499,2117.6499,2117.6499
1970-07-07,2116.8601,2116.8601,2116.8601,2116.8601
1970-07-08,2121.5100,2121.5100,2121.5100,2121.5100
1970-07-09,2111.1001,2111.1001,2111.1001,2111.1001
1970-07-10,2102.2200,2102.2200,2102.2200,2102.2200
1970-07-13,2110.0100,2110.0100,2110.0100,2110.0100
1970-07-14,2110.8701,2110.8701,2110.8701,2110.8701
1970-07-15,2087.9900,2087.9900,2087.9900,2087.9900
1970-07-16,2067.7600,2067.7600,2067.7600,2067.7600
1970-07-17,2067.7600,2067.7600,2067.7600,2067.7600
1970-07-21,2148.9399,2148.9399,2148.9399,2148.9399
1970-07-22,2132.1899,2132.1899,2132.1899,2132.1899
1970-07-23,2125.6201,2125.6201,2125.6201,2125.6201
1970-07-24,2128.3501,2128.3501,2128.3501,2128.3501
1970-07-27,2130.0500,2130.0500,2130.0500,2130.0500
1970-07-28,2138.5601,2138.5601,2138.5601,2138.5601
1970-07-29,2132.4299,2132.4299,2132.4299,2132.4299
1970-07-30,2140.5000,2140.5000,2140.5000,2140.5000
1970-07-31,2159.1599,2159.1599,2159.1599,2159.1599
1970-08-03,2159.1599,2159.1599,2159.1599,2159.1599
1970-08-04,2164.2100,2164.2100,2164.2100,2164.2100
1970-08-05,2169.7800,2169.7800,2169.7800,2169.7800
1970-08-06,2147.7300,2147.7300,2147.7300,2147.7300
1970-08-07,2143.0901,2143.0901,2143.0901,2143.0901
1970-08-10,2141.3799,2141.3799,2141.3799,2141.3799
1970-08-11,2123.5200,2123.5200,2123.5200,2123.5200
1970-08-12,2122.8301,2122.8301,2122.8301,2122.8301
1970-08-13,2142.8501,2142.8501,2142.8501,2142.8501
1970-08-14,2136.1499,2136.1499,2136.1499,2136.1499
1970-08-17,2140.6399,2140.6399,2140.6399,2140.6399
1970-08-18,2140.6399,2140.6399,2140.6399,2140.6399
1970-08-19,2155.9900,2155.9900,2155.9900,2155.9900
1970-08-20,2161.4299,2161.4299,2161.4299,2161.4299
1970-08-21,2164.2800,2164.2800,2164.2800,2164.2800
1970-08-24,2168.1499,2168.1499,2168.1499,2168.1499
1970-08-25,2153.1799,2153.1799,2153.1799,2153.1799
1970-08-26,2153.3601,2153.3601,2153.3601,2153.3601
1970-08-27,2163.5000,2163.5000,2163.5000,2163.5000
1970-08-28,2157.8401,2157.8401,2157.8401,2157.8401
1970-08-31,2132.2100,2132.2100,2132.2100,2132.2100
1970-09-01,2130.5400,2130.5400,2130.5400,2130.5400
1970-09-02,2130.5400,2130.5400,2130.5400,2130.5400
1970-09-03,2139.0500,2139.0500,2139.0500,2139.0500
1970-09-04,2144.9600,2144.9600,2144.9600,2144.9600
1970-09-07,2150.5400,2150.5400,2150.5400,2150.5400
1970-09-08,2165.1799,2165.1799,2165.1799,2165.1799
1970-09-09,2176.9900,2176.9900,2176.9900,2176.9900
1970-09-10,2165.4700,2165.4700,2165.4700,2165.4700
1970-09-11,2157.2600,2157.2600,2157.2600,2157.2600
1970-09-14,2168.3999,2168.3999,2168.3999,2168.3999
1970-09-15,2168.3999,2168.3999,2168.3999,2168.3999
1970-09-16,2139.8999,2139.8999,2139.8999,2139.8999
1970-09-17,2136.8000,2136.8000,2136.8000,2136.8000
1970-09-18,2136.8000,2136.8000,2136.8000,2136.8000
1970-09-21,2076.9900,2076.9900,2076.9900,2076.9900
1970-09-22,2089.3601,2089.3601,2089.3601,2089.3601
1970-09-24,2094.0000,2094.0000,2094.0000,2094.0000
1970-09-25,2065.0200,2065.0200,2065.0200,2065.0200
1970-09-28,2020.8800,2020.8800,2020.8800,2020.8800
1970-09-29,2065.4399,2065.4399,2065.4399,2065.4399
1970-09-30,2065.4399,2065.4399,2065.4399,2065.4399
1970-10-01,2061.6499,2061.6499,2061.6499,2061.6499
1970-10-02,2065.5901,2065.5901,2065.5901,2065.5901
1970-10-05,2065.5901,2065.5901,2065.5901,2065.5901
1970-10-06,2094.3601,2094.3601,2094.3601,2094.3601
1970-10-07,2083.1599,2083.1599,2083.1599,2083.1599
1970-10-08,2079.9299,2079.9299,2079.9299,2079.9299
1970-10-09,2081.3201,2081.3201,2081.3201,2081.3201
1970-10-12,2092.4600,2092.4600,2092.4600,2092.4600
1970-10-13,2094.4800,2094.4800,2094.4800,2094.4800
1970-10-14,2096.1201,2096.1201,2096.1201,2096.1201
1970-10-15,2118.3999,2118.3999,2118.3999,2118.3999
1970-10-16,2114.2100,2114.2100,2114.2100,2114.2100
1970-10-19,2133.0300,2133.0300,2133.0300,2133.0300
1970-10-20,2133.0300,2133.0300,2133.0300,2133.0300
1970-10-21,2106.8401,2106.8401,2106.8401,2106.8401
1970-10-22,2107.1599,2107.1599,2107.1599,2107.1599
1970-10-23,2101.6799,2101.6799,2101.6799,2101.6799
1970-10-26,2094.8999,2094.8999,2094.8999,2094.8999
1970-10-27,2095.1899,2095.1899,2095.1899,2095.1899
1970-10-28,2104.4700,2104.4700,2104.4700,2104.4700
1970-10-29,2117.2600,2117.2600,2117.2600,2117.2600
1970-10-30,2114.2000,2114.2000,2114.2000,2114.2000
1970-11-02,2139.3201,2139.3201,2139.3201,2139.3201
1970-11-04,2143.7200,2143.7200,2143.7200,2143.7200
1970-11-05,2143.7200,2143.7200,2143.7200,2143.7200
1970-11-06,2136.5901,2136.5901,2136.5901,2136.5901
1970-11-09,2147.9800,2147.9800,2147.9800,2147.9800
1970-11-10,2142.7300,2142.7300,2142.7300,2142.7300
1970-11-11,2122.5500,2122.5500,2122.5500,2122.5500
1970-11-12,2109.9900,2109.9900,2109.9900,2109.9900
1970-11-13,2111.0901,2111.0901,2111.0901,2111.0901
1970-11-16,2098.4500,2098.4500,2098.4500,2098.4500
1970-11-17,2075.6599,2075.6599,2075.6599,2075.6599
1970-11-18,2087.8799,2087.8799,2087.8799,2087.8799
1970-11-19,2075.1599,2075.1599,2075.1599,2075.1599
1970-11-20,2075.1599,2075.1599,2075.1599,2075.1599
1970-11-24,2060.0300,2060.0300,2060.0300,2060.0300
1970-11-25,2056.9299,2056.9299,2056.9299,2056.9299
1970-11-26,2041.1500,2041.1500,2041.1500,2041.1500
1970-11-27,2012.1300,2012.1300,2012.1300,2012.1300
1970-11-30,1990.4700,1990.4700,1990.4700,1990.4700
1970-12-01,2027.3700,2027.3700,2027.3700,2027.3700
1970-12-02,2017.1200,2017.1200,2017.1200,2017.1200
1970-12-03,1992.7200,1992.7200,1992.7200,1992.7200
1970-12-04,1989.6899,1989.6899,1989.6899,1989.6899
1970-12-07,1969.5699,1969.5699,1969.5699,1969.5699
1970-12-08,1963.4000,1963.4000,1963.4000,1963.4000
1970-12-09,1965.7800,1965.7800,1965.7800,1965.7800
1970-12-10,1973.1600,1973.1600,1973.1600,1973.1600
1970-12-11,2018.1700,2018.1700,2018.1700,2018.1700
1970-12-14,2015.9100,2015.9100,2015.9100,2015.9100
1970-12-15,1997.1100,1997.1100,1997.1100,1997.1100
1970-12-16,1973.4100,1973.4100,1973.4100,1973.4100
1970-12-17,1972.7800,1972.7800,1972.7800,1972.7800
1970-12-18,1977.5601,1977.5601,1977.5601,1977.5601
1970-12-21,1988.9600,1988.9600,1988.9600,1988.9600
1970-12-22,1979.7100,1979.7100,1979.7100,1979.7100
1970-12-24,1987.9600,1987.9600,1987.9600,1987.9600
1970-12-25,1982.6100,1982.6100,1982.6100,1982.6100
1970-12-28,1987.1400,1987.1400,1987.1400,1987.1400
1970-12-29,1987.1400,1987.1400,1987.1400,1987.1400
1970-12-30,1987.1400,1987.1400,1987.1400,1987.1400
1971-01-05,1989.4399,1989.4399,1989.4399,1989.4399
1971-01-06,1981.7400,1981.7400,1981.7400,1981.7400
1971-01-07,2000.9600,2000.9600,2000.9600,2000.9600
1971-01-08,2040.9301,2040.9301,2040.9301,2040.9301
1971-01-12,2092.3301,2092.3301,2092.3301,2092.3301
1971-01-13,2089.2200,2089.2200,2089.2200,2089.2200
1971-01-14,2093.8999,2093.8999,2093.8999,2093.8999
1971-01-18,2097.3999,2097.3999,2097.3999,2097.3999
1971-01-19,2115.2500,2115.2500,2115.2500,2115.2500
1971-01-20,2102.3701,2102.3701,2102.3701,2102.3701
1971-01-21,2112.5000,2112.5000,2112.5000,2112.5000
1971-01-22,2113.7300,2113.7300,2113.7300,2113.7300
1971-01-25,2105.0100,2105.0100,2105.0100,2105.0100
1971-01-26,2109.2000,2109.2000,2109.2000,2109.2000
1971-01-27,2099.0801,2099.0801,2099.0801,2099.0801
1971-01-28,2102.3601,2102.3601,2102.3601,2102.3601
1971-01-29,2100.8999,2100.8999,2100.8999,2100.8999
1971-02-01,2104.8799,2104.8799,2104.8799,2104.8799
1971-02-02,2113.5500,2113.5500,2113.5500,2113.5500
1971-02-03,2129.7300,2129.7300,2129.7300,2129.7300
1971-02-04,2133.3401,2133.3401,2133.3401,2133.3401
1971-02-05,2125.1599,2125.1599,2125.1599,2125.1599
1971-02-08,2128.2500,2128.2500,2128.2500,2128.2500
1971-02-09,2122.6599,2122.6599,2122.6599,2122.6599
1971-02-10,2139.2900,2139.2900,2139.2900,2139.2900
1971-02-12,2149.8799,2149.8799,2149.8799,2149.8799
1971-02-15,2166.6399,2166.6399,2166.6399,2166.6399
1971-02-16,2173.2800,2173.2800,2173.2800,2173.2800
1971-02-17,2166.6899,2166.6899,2166.6899,2166.6899
1971-02-18,2202.8899,2202.8899,2202.8899,2202.8899
1971-02-19,2213.3899,2213.3899,2213.3899,2213.3899
1971-02-22,2230.0901,2230.0901,2230.0901,2230.0901
1971-02-23,2204.3301,2204.3301,2204.3301,2204.3301
1971-02-24,2184.5000,2184.5000,2184.5000,2184.5000
1971-02-25,2216.6499,2216.6499,2216.6499,2216.6499
1971-02-26,2232.4199,2232.4199,2232.4199,2232.4199
1971-03-01,2256.0500,2256.0500,2256.0500,2256.0500
1971-03-02,2246.6101,2246.6101,2246.6101,2246.6101
1971-03-03,2268.5901,2268.5901,2268.5901,2268.5901
1971-03-04,2275.2800,2275.2800,2275.2800,2275.2800
1971-03-05,2256.4299,2256.4299,2256.4299,2256.4299
1971-03-08,2273.3799,2273.3799,2273.3799,2273.3799
1971-03-09,2271.1599,2271.1599,2271.1599,2271.1599
1971-03-10,2305.5901,2305.5901,2305.5901,2305.5901
1971-03-11,2309.1001,2309.1001,2309.1001,2309.1001
1971-03-12,2316.2100,2316.2100,2316.2100,2316.2100
1971-03-15,2301.3999,2301.3999,2301.3999,2301.3999
1971-03-16,2320.0100,2320.0100,2320.0100,2320.0100
1971-03-17,2317.3601,2317.3601,2317.3601,2317.3601
1971-03-18,2319.5400,2319.5400,2319.5400,2319.5400
1971-03-19,2341.8999,2341.8999,2341.8999,2341.8999
1971-03-23,2345.2700,2345.2700,2345.2700,2345.2700
1971-03-24,2364.0601,2364.0601,2364.0601,2364.0601
1971-03-25,2372.2400,2372.2400,2372.2400,2372.2400
1971-03-26,2390.0200,2390.0200,2390.0200,2390.0200
1971-03-29,2404.6499,2404.6499,2404.6499,2404.6499
1971-03-30,2401.3301,2401.3301,2401.3301,2401.3301
1971-03-31,2403.3000,2403.3000,2403.3000,2403.3000
1971-04-01,2414.0400,2414.0400,2414.0400,2414.0400
1971-04-02,2415.7300,2415.7300,2415.7300,2415.7300
1971-04-05,2373.4199,2373.4199,2373.4199,2373.4199
1971-04-06,2404.6599,2404.6599,2404.6599,2404.6599
1971-04-07,2416.9199,2416.9199,2416.9199,2416.9199
1971-04-08,2413.9299,2413.9299,2413.9299,2413.9299
1971-04-09,2401.4399,2401.4399,2401.4399,2401.4399
1971-04-12,2435.3201,2435.3201,2435.3201,2435.3201
1971-04-13,2428.4800,2428.4800,2428.4800,2428.4800
1971-04-14,2437.5300,2437.5300,2437.5300,2437.5300
1971-04-15,2457.3601,2457.3601,2457.3601,2457.3601
1971-04-16,2464.1001,2464.1001,2464.1001,2464.1001
1971-04-19,2439.9500,2439.9500,2439.9500,2439.9500
1971-04-20,2374.6699,2374.6699,2374.6699,2374.6699
1971-04-21,2431.7300,2431.7300,2431.7300,2431.7300
1971-04-22,2416.9900,2416.9900,2416.9900,2416.9900
1971-04-23,2433.3301,2433.3301,2433.3301,2433.3301
1971-04-26,2436.9299,2436.9299,2436.9299,2436.9299
1971-04-27,2445.9299,2445.9299,2445.9299,2445.9299
1971-04-28,2450.7400,2450.7400,2450.7400,2450.7400
1971-04-30,2468.1799,2468.1799,2468.1799,2468.1799
1971-05-06,2481.6699,2481.6699,2481.6699,2481.6699
1971-05-07,2444.8101,2444.8101,2444.8101,2444.8101
1971-05-10,2390.2200,2390.2200,2390.2200,2390.2200
1971-05-11,2402.3701,2402.3701,2402.3701,2402.3701
1971-05-12,2431.2800,2431.2800,2431.2800,2431.2800
1971-05-13,2428.0100,2428.0100,2428.0100,2428.0100
1971-05-14,2415.2000,2415.2000,2415.2000,2415.2000
1971-05-17,2417.6201,2417.6201,2417.6201,2417.6201
1971-05-18,2391.2200,2391.2200,2391.2200,2391.2200
1971-05-19,2365.9199,2365.9199,2365.9199,2365.9199
1971-05-20,2388.5100,2388.5100,2388.5100,2388.5100
1971-05-21,2385.2100,2385.2100,2385.2100,2385.2100
1971-05-24,2398.4800,2398.4800,2398.4800,2398.4800
1971-05-25,2404.7700,2404.7700,2404.7700,2404.7700
1971-05-26,2408.8000,2408.8000,2408.8000,2408.8000
1971-05-27,2420.1799,2420.1799,2420.1799,2420.1799
1971-05-28,2432.7200,2432.7200,2432.7200,2432.7200
1971-05-31,2456.3301,2456.3301,2456.3301,2456.3301
1971-06-01,2455.9500,2455.9500,2455.9500,2455.9500
1971-06-02,2475.9299,2475.9299,2475.9299,2475.9299
1971-06-03,2473.9099,2473.9099,2473.9099,2473.9099
1971-06-04,2490.3899,2490.3899,2490.3899,2490.3899
1971-06-07,2506.0601,2506.0601,2506.0601,2506.0601
1971-06-08,2504.3101,2504.3101,2504.3101,2504.3101
1971-06-09,2508.9399,2508.9399,2508.9399,2508.9399
1971-06-10,2523.8401,2523.8401,2523.8401,2523.8401
1971-06-11,2528.7900,2528.7900,2528.7900,2528.7900
1971-06-14,2531.4900,2531.4900,2531.4900,2531.4900
1971-06-15,2542.1299,2542.1299,2542.1299,2542.1299
1971-06-16,2555.0500,2555.0500,2555.0500,2555.0500
1971-06-17,2581.0300,2581.0300,2581.0300,2581.0300
1971-06-18,2584.4900,2584.4900,2584.4900,2584.4900
1971-06-21,2587.5801,2587.5801,2587.5801,2587.5801
1971-06-22,2586.5801,2586.5801,2586.5801,2586.5801
1971-06-23,2600.4900,2600.4900,2600.4900,2600.4900
1971-06-24,2584.5100,2584.5100,2584.5100,2584.5100
1971-06-25,2600.3201,2600.3201,2600.3201,2600.3201
1971-06-28,2628.4600,2628.4600,2628.4600,2628.4600
1971-06-29,2625.1399,2625.1399,2625.1399,2625.1399
1971-06-30,2637.3501,2637.3501,2637.3501,2637.3501
1971-07-01,2651.0601,2651.0601,2651.0601,2651.0601
1971-07-02,2647.2000,2647.2000,2647.2000,2647.2000
1971-07-05,2630.4399,2630.4399,2630.4399,2630.4399
1971-07-06,2571.3701,2571.3701,2571.3701,2571.3701
1971-07-07,2637.1499,2637.1499,2637.1499,2637.1499
1971-07-08,2638.7400,2638.7400,2638.7400,2638.7400
1971-07-09,2659.5701,2659.5701,2659.5701,2659.5701
1971-07-12,2686.4199,2686.4199,2686.4199,2686.4199
1971-07-13,2675.8501,2675.8501,2675.8501,2675.8501
1971-07-14,2685.3501,2685.3501,2685.3501,2685.3501
1971-07-15,2664.2000,2664.2000,2664.2000,2664.2000
1971-07-16,2670.8799,2670.8799,2670.8799,2670.8799
1971-07-19,2692.6299,2692.6299,2692.6299,2692.6299
1971-07-21,2643.1399,2643.1399,2643.1399,2643.1399
1971-07-22,2669.0300,2669.0300,2669.0300,2669.0300
1971-07-23,2671.3701,2671.3701,2671.3701,2671.3701
1971-07-26,2673.8401,2673.8401,2673.8401,2673.8401
1971-07-27,2678.0000,2678.0000,2678.0000,2678.0000
1971-07-28,2681.2500,2681.2500,2681.2500,2681.2500
1971-07-29,2683.2400,2683.2400,2683.2400,2683.2400
1971-07-30,2661.5901,2661.5901,2661.5901,2661.5901
1971-08-02,2640.6799,2640.6799,2640.6799,2640.6799
1971-08-03,2640.4500,2640.4500,2640.4500,2640.4500
1971-08-04,2630.0901,2630.0901,2630.0901,2630.0901
1971-08-05,2634.1799,2634.1799,2634.1799,2634.1799
1971-08-06,2648.5300,2648.5300,2648.5300,2648.5300
1971-08-09,2698.2700,2698.2700,2698.2700,2698.2700
1971-08-10,2690.1399,2690.1399,2690.1399,2690.1399
1971-08-11,2699.4199,2699.4199,2699.4199,2699.4199
1971-08-12,2704.8999,2704.8999,2704.8999,2704.8999
1971-08-13,2727.8000,2727.8000,2727.8000,2727.8000
1971-08-16,2530.4800,2530.4800,2530.4800,2530.4800
1971-08-17,2440.8201,2440.8201,2440.8201,2440.8201
1971-08-18,2328.2800,2328.2800,2328.2800,2328.2800
1971-08-19,2190.1599,2190.1599,2190.1599,2190.1599
1971-08-20,2283.8799,2283.8799,2283.8799,2283.8799
1971-08-23,2163.7900,2163.7900,2163.7900,2163.7900
1971-08-24,2162.8201,2162.8201,2162.8201,2162.8201
1971-08-25,2233.8999,2233.8999,2233.8999,2233.8999
1971-08-26,2282.3401,2282.3401,2282.3401,2282.3401
1971-08-27,2267.1899,2267.1899,2267.1899,2267.1899
1971-08-30,2303.9099,2303.9099,2303.9099,2303.9099
1971-08-31,2297.0601,2297.0601,2297.0601,2297.0601
1971-09-01,2348.0100,2348.0100,2348.0100,2348.0100
1971-09-02,2352.2700,2352.2700,2352.2700,2352.2700
1971-09-03,2346.7700,2346.7700,2346.7700,2346.7700
1971-09-06,2365.5801,2365.5801,2365.5801,2365.5801
1971-09-07,2341.7300,2341.7300,2341.7300,2341.7300
1971-09-08,2325.5200,2325.5200,2325.5200,2325.5200
1971-09-09,2341.1899,2341.1899,2341.1899,2341.1899
1971-09-10,2321.7900,2321.7900,2321.7900,2321.7900
1971-09-13,2351.1499,2351.1499,2351.1499,2351.1499
1971-09-14,2364.6499,2364.6499,2364.6499,2364.6499
1971-09-16,2347.3501,2347.3501,2347.3501,2347.3501
1971-09-17,2352.3101,2352.3101,2352.3101,2352.3101
1971-09-20,2377.0500,2377.0500,2377.0500,2377.0500
1971-09-21,2372.9900,2372.9900,2372.9900,2372.9900
1971-09-22,2360.8601,2360.8601,2360.8601,2360.8601
1971-09-24,2363.9700,2363.9700,2363.9700,2363.9700
1971-09-27,2351.9600,2351.9600,2351.9600,2351.9600
1971-09-28,2393.5601,2393.5601,2393.5601,2393.5601
1971-09-29,2420.3601,2420.3601,2420.3601,2420.3601
1971-09-30,2428.2500,2428.2500,2428.2500,2428.2500
1971-10-01,2429.3101,2429.3101,2429.3101,2429.3101
1971-10-04,2412.6499,2412.6499,2412.6499,2412.6499
1971-10-05,2407.8401,2407.8401,2407.8401,2407.8401
1971-10-06,2401.9700,2401.9700,2401.9700,2401.9700
1971-10-07,2401.6799,2401.6799,2401.6799,2401.6799
1971-10-08,2372.4800,2372.4800,2372.4800,2372.4800
1971-10-12,2352.6001,2352.6001,2352.6001,2352.6001
1971-10-13,2312.6899,2312.6899,2312.6899,2312.6899
1971-10-14,2305.8601,2305.8601,2305.8601,2305.8601
1971-10-15,2254.9399,2254.9399,2254.9399,2254.9399
1971-10-18,2255.1799,2255.1799,2255.1799,2255.1799
1971-10-19,2228.3301,2228.3301,2228.3301,2228.3301
1971-10-20,2227.2500,2227.2500,2227.2500,2227.2500
1971-10-21,2240.4500,2240.4500,2240.4500,2240.4500
1971-10-22,2259.5200,2259.5200,2259.5200,2259.5200
1971-10-25,2253.6899,2253.6899,2253.6899,2253.6899
1971-10-26,2236.8899,2236.8899,2236.8899,2236.8899
1971-10-27,2229.3501,2229.3501,2229.3501,2229.3501
1971-10-28,2253.2800,2253.2800,2253.2800,2253.2800
1971-10-29,2278.4600,2278.4600,2278.4600,2278.4600
1971-11-01,2279.0400,2279.0400,2279.0400,2279.0400
1971-11-02,2254.9299,2254.9299,2254.9299,2254.9299
1971-11-04,2228.7800,2228.7800,2228.7800,2228.7800
1971-11-05,2234.1101,2234.1101,2234.1101,2234.1101
1971-11-08,2236.2400,2236.2400,2236.2400,2236.2400
1971-11-09,2252.1799,2252.1799,2252.1799,2252.1799
1971-11-10,2282.2000,2282.2000,2282.2000,2282.2000
1971-11-11,2298.2600,2298.2600,2298.2600,2298.2600
1971-11-12,2307.8201,2307.8201,2307.8201,2307.8201
1971-11-15,2329.1399,2329.1399,2329.1399,2329.1399
1971-11-16,2326.5400,2326.5400,2326.5400,2326.5400
1971-11-17,2371.7400,2371.7400,2371.7400,2371.7400
1971-11-18,2391.8999,2391.8999,2391.8999,2391.8999
1971-11-19,2378.7900,2378.7900,2378.7900,2378.7900
1971-11-22,2408.1101,2408.1101,2408.1101,2408.1101
1971-11-24,2404.6799,2404.6799,2404.6799,2404.6799
1971-11-25,2418.6799,2418.6799,2418.6799,2418.6799
1971-11-26,2413.7500,2413.7500,2413.7500,2413.7500
1971-11-29,2450.7400,2450.7400,2450.7400,2450.7400
1971-11-30,2442.7100,2442.7100,2442.7100,2442.7100
1971-12-01,2455.7900,2455.7900,2455.7900,2455.7900
1971-12-02,2480.5601,2480.5601,2480.5601,2480.5601
1971-12-03,2441.5801,2441.5801,2441.5801,2441.5801
1971-12-06,2475.7100,2475.7100,2475.7100,2475.7100
1971-12-07,2481.6899,2481.6899,2481.6899,2481.6899
1971-12-08,2453.6899,2453.6899,2453.6899,2453.6899
1971-12-09,2477.9299,2477.9299,2477.9299,2477.9299
1971-12-10,2482.4700,2482.4700,2482.4700,2482.4700
1971-12-13,2496.7200,2496.7200,2496.7200,2496.7200
1971-12-14,2490.7900,2490.7900,2490.7900,2490.7900
1971-12-15,2491.0000,2491.0000,2491.0000,2491.0000
1971-12-16,2468.1101,2468.1101,2468.1101,2468.1101
1971-12-17,2480.2500,2480.2500,2480.2500,2480.2500
1971-12-20,2487.5901,2487.5901,2487.5901,2487.5901
1971-12-21,2554.0200,2554.0200,2554.0200,2554.0200
1971-12-22,2586.3301,2586.3301,2586.3301,2586.3301
1971-12-24,2658.7100,2658.7100,2658.7100,2658.7100
1971-12-27,2693.4900,2693.4900,2693.4900,2693.4900
1971-12-28,2713.7400,2713.7400,2713.7400,2713.7400
1971-12-29,2713.7400,2713.7400,2713.7400,2713.7400
1971-12-30,2713.7400,2713.7400,2713.7400,2713.7400
1972-01-04,2712.3101,2712.3101,2712.3101,2712.3101
1972-01-05,2727.8701,2727.8701,2727.8701,2727.8701
1972-01-06,2754.8899,2754.8899,2754.8899,2754.8899
1972-01-07,2762.4900,2762.4900,2762.4900,2762.4900
1972-01-11,2769.6201,2769.6201,2769.6201,2769.6201
1972-01-12,2799.4800,2799.4800,2799.4800,2799.4800
1972-01-13,2812.8601,2812.8601,2812.8601,2812.8601
1972-01-14,2823.5300,2823.5300,2823.5300,2823.5300
1972-01-17,2799.7400,2799.7400,2799.7400,2799.7400
1972-01-18,2805.4299,2805.4299,2805.4299,2805.4299
1972-01-19,2820.9800,2820.9800,2820.9800,2820.9800
1972-01-20,2840.8601,2840.8601,2840.8601,2840.8601
1972-01-21,2822.5400,2822.5400,2822.5400,2822.5400
1972-01-24,2800.0601,2800.0601,2800.0601,2800.0601
1972-01-25,2814.3799,2814.3799,2814.3799,2814.3799
1972-01-26,2832.8899,2832.8899,2832.8899,2832.8899
1972-01-27,2839.0400,2839.0400,2839.0400,2839.0400
1972-01-28,2862.3999,2862.3999,2862.3999,2862.3999
1972-01-31,2856.5000,2856.5000,2856.5000,2856.5000
1972-02-01,2852.3201,2852.3201,2852.3201,2852.3201
1972-02-02,2863.5701,2863.5701,2863.5701,2863.5701
1972-02-03,2879.6699,2879.6699,2879.6699,2879.6699
1972-02-04,2857.2900,2857.2900,2857.2900,2857.2900
1972-02-07,2883.4700,2883.4700,2883.4700,2883.4700
1972-02-08,2889.8401,2889.8401,2889.8401,2889.8401
1972-02-09,2870.7700,2870.7700,2870.7700,2870.7700
1972-02-10,2871.7800,2871.7800,2871.7800,2871.7800
1972-02-14,2890.6599,2890.6599,2890.6599,2890.6599
1972-02-15,2876.4199,2876.4199,2876.4199,2876.4199
1972-02-16,2888.6599,2888.6599,2888.6599,2888.6599
1972-02-17,2931.8101,2931.8101,2931.8101,2931.8101
1972-02-18,2932.2200,2932.2200,2932.2200,2932.2200
1972-02-21,2959.2900,2959.2900,2959.2900,2959.2900
1972-02-22,2966.6499,2966.6499,2966.6499,2966.6499
1972-02-23,2960.9199,2960.9199,2960.9199,2960.9199
1972-02-24,2975.1599,2975.1599,2975.1599,2975.1599
1972-02-25,2995.5500,2995.5500,2995.5500,2995.5500
1972-02-28,3027.4900,3027.4900,3027.4900,3027.4900
1972-02-29,3021.9800,3021.9800,3021.9800,3021.9800
1972-03-01,3011.3000,3011.3000,3011.3000,3011.3000
1972-03-02,3023.6499,3023.6499,3023.6499,3023.6499
1972-03-03,3015.1399,3015.1399,3015.1399,3015.1399
1972-03-06,3028.9900,3028.9900,3028.9900,3028.9900
1972-03-07,3038.6201,3038.6201,3038.6201,3038.6201
1972-03-08,3040.2200,3040.2200,3040.2200,3040.2200
1972-03-09,3030.0200,3030.0200,3030.0200,3030.0200
1972-03-10,3027.4199,3027.4199,3027.4199,3027.4199
1972-03-13,2976.1499,2976.1499,2976.1499,2976.1499
1972-03-14,2996.3701,2996.3701,2996.3701,2996.3701
1972-03-15,2981.1799,2981.1799,2981.1799,2981.1799
1972-03-16,3012.6001,3012.6001,3012.6001,3012.6001
1972-03-17,3022.9299,3022.9299,3022.9299,3022.9299
1972-03-20,3022.9299,3022.9299,3022.9299,3022.9299
1972-03-22,3050.8401,3050.8401,3050.8401,3050.8401
1972-03-23,3067.3000,3067.3000,3067.3000,3067.3000
1972-03-24,3073.2300,3073.2300,3073.2300,3073.2300
1972-03-27,3102.4800,3102.4800,3102.4800,3102.4800
1972-03-28,3107.4099,3107.4099,3107.4099,3107.4099
1972-03-29,3144.2600,3144.2600,3144.2600,3144.2600
1972-03-30,3146.1799,3146.1799,3146.1799,3146.1799
1972-03-31,3187.6201,3187.6201,3187.6201,3187.6201
1972-04-03,3187.6201,3187.6201,3187.6201,3187.6201
1972-04-04,3187.6201,3187.6201,3187.6201,3187.6201
1972-04-05,3187.6201,3187.6201,3187.6201,3187.6201
1972-04-06,3187.6201,3187.6201,3187.6201,3187.6201
1972-04-07,3187.6201,3187.6201,3187.6201,3187.6201
1972-04-10,3187.6201,3187.6201,3187.6201,3187.6201
1972-04-11,3187.6201,3187.6201,3187.6201,3187.6201
1972-04-12,3187.6201,3187.6201,3187.6201,3187.6201
1972-04-13,3187.6201,3187.6201,3187.6201,3187.6201
1972-04-14,3187.6201,3187.6201,3187.6201,3187.6201
1972-04-17,3187.6201,3187.6201,3187.6201,3187.6201
1972-04-18,3187.6201,3187.6201,3187.6201,3187.6201
1972-04-19,3187.6201,3187.6201,3187.6201,3187.6201
1972-04-20,3187.6201,3187.6201,3187.6201,3187.6201
1972-04-21,3187.6201,3187.6201,3187.6201,3187.6201
1972-04-24,3187.6201,3187.6201,3187.6201,3187.6201
1972-04-25,3187.6201,3187.6201,3187.6201,3187.6201
1972-04-26,3187.6201,3187.6201,3187.6201,3187.6201
1972-04-27,3187.6201,3187.6201,3187.6201,3187.6201
1972-04-28,3187.6201,3187.6201,3187.6201,3187.6201
1972-05-01,3353.3799,3353.3799,3353.3799,3353.3799
1972-05-02,3359.4099,3359.4099,3359.4099,3359.4099
1972-05-08,3362.8000,3362.8000,3362.8000,3362.8000
1972-05-09,3342.9199,3342.9199,3342.9199,3342.9199
1972-05-10,3358.4199,3358.4199,3358.4199,3358.4199
1972-05-11,3398.5100,3398.5100,3398.5100,3398.5100
1972-05-12,3408.0901,3408.0901,3408.0901,3408.0901
1972-05-15,3424.9399,3424.9399,3424.9399,3424.9399
1972-05-16,3416.4299,3416.4299,3416.4299,3416.4299
1972-05-17,3436.7400,3436.7400,3436.7400,3436.7400
1972-05-18,3438.1899,3438.1899,3438.1899,3438.1899
1972-05-19,3420.5601,3420.5601,3420.5601,3420.5601
1972-05-22,3446.6599,3446.6599,3446.6599,3446.6599
1972-05-23,3468.1101,3468.1101,3468.1101,3468.1101
1972-05-24,3477.1201,3477.1201,3477.1201,3477.1201
1972-05-25,3506.4800,3506.4800,3506.4800,3506.4800
1972-05-26,3535.8799,3535.8799,3535.8799,3535.8799
1972-05-29,3572.6201,3572.6201,3572.6201,3572.6201
1972-05-30,3594.9500,3594.9500,3594.9500,3594.9500
1972-05-31,3636.7900,3636.7900,3636.7900,3636.7900
1972-06-01,3626.9199,3626.9199,3626.9199,3626.9199
1972-06-02,3667.1699,3667.1699,3667.1699,3667.1699
1972-06-05,3678.9099,3678.9099,3678.9099,3678.9099
1972-06-06,3650.0300,3650.0300,3650.0300,3650.0300
1972-06-07,3656.8301,3656.8301,3656.8301,3656.8301
1972-06-08,3667.2500,3667.2500,3667.2500,3667.2500
1972-06-09,3615.8000,3615.8000,3615.8000,3615.8000
1972-06-12,3651.3501,3651.3501,3651.3501,3651.3501
1972-06-13,3647.7700,3647.7700,3647.7700,3647.7700
1972-06-14,3640.3701,3640.3701,3640.3701,3640.3701
1972-06-15,3669.5901,3669.5901,3669.5901,3669.5901
1972-06-16,3680.7800,3680.7800,3680.7800,3680.7800
1972-06-19,3722.6299,3722.6299,3722.6299,3722.6299
1972-06-20,3718.4600,3718.4600,3718.4600,3718.4600
1972-06-21,3716.4099,3716.4099,3716.4099,3716.4099
1972-06-22,3687.3101,3687.3101,3687.3101,3687.3101
1972-06-23,3663.1599,3663.1599,3663.1599,3663.1599
1972-06-26,3369.6399,3369.6399,3369.6399,3369.6399
1972-06-27,3548.9500,3548.9500,3548.9500,3548.9500
1972-06-28,3611.3101,3611.3101,3611.3101,3611.3101
1972-06-29,3670.8101,3670.8101,3670.8101,3670.8101
1972-06-30,3710.7000,3710.7000,3710.7000,3710.7000
1972-07-03,3751.3201,3751.3201,3751.3201,3751.3201
1972-07-04,3722.7700,3722.7700,3722.7700,3722.7700
1972-07-05,3645.3799,3645.3799,3645.3799,3645.3799
1972-07-06,3682.7200,3682.7200,3682.7200,3682.7200
1972-07-07,3695.3101,3695.3101,3695.3101,3695.3101
1972-07-10,3710.5300,3710.5300,3710.5300,3710.5300
1972-07-11,3719.0901,3719.0901,3719.0901,3719.0901
1972-07-12,3707.3701,3707.3701,3707.3701,3707.3701
1972-07-13,3712.3201,3712.3201,3712.3201,3712.3201
1972-07-14,3727.5000,3727.5000,3727.5000,3727.5000
1972-07-17,3693.8401,3693.8401,3693.8401,3693.8401
1972-07-18,3722.0601,3722.0601,3722.0601,3722.0601
1972-07-19,3760.7300,3760.7300,3760.7300,3760.7300
1972-07-21,3807.1499,3807.1499,3807.1499,3807.1499
1972-07-24,3815.3101,3815.3101,3815.3101,3815.3101
1972-07-25,3837.4299,3837.4299,3837.4299,3837.4299
1972-07-26,3850.2500,3850.2500,3850.2500,3850.2500
1972-07-27,3867.8501,3867.8501,3867.8501,3867.8501
1972-07-28,3913.8101,3913.8101,3913.8101,3913.8101
1972-07-31,3913.8101,3913.8101,3913.8101,3913.8101
1972-08-01,3951.6499,3951.6499,3951.6499,3951.6499
1972-08-02,3870.3000,3870.3000,3870.3000,3870.3000
1972-08-03,3954.1201,3954.1201,3954.1201,3954.1201
1972-08-04,3954.3899,3954.3899,3954.3899,3954.3899
1972-08-07,3946.3301,3946.3301,3946.3301,3946.3301
1972-08-08,3940.8101,3940.8101,3940.8101,3940.8101
1972-08-09,3922.2800,3922.2800,3922.2800,3922.2800
1972-08-10,3908.0100,3908.0100,3908.0100,3908.0100
1972-08-11,3929.8000,3929.8000,3929.8000,3929.8000
1972-08-14,3957.6899,3957.6899,3957.6899,3957.6899
1972-08-15,3974.7100,3974.7100,3974.7100,3974.7100
1972-08-16,4007.6599,4007.6599,4007.6599,4007.6599
1972-08-17,4006.4099,4006.4099,4006.4099,4006.4099
1972-08-18,4014.3501,4014.3501,4014.3501,4014.3501
1972-08-21,4013.9600,4013.9600,4013.9600,4013.9600
1972-08-22,4010.6101,4010.6101,4010.6101,4010.6101
1972-08-23,4029.0601,4029.0601,4029.0601,4029.0601
1972-08-24,4041.7800,4041.7800,4041.7800,4041.7800
1972-08-25,4010.4600,4010.4600,4010.4600,4010.4600
1972-08-28,3996.8999,3996.8999,3996.8999,3996.8999
1972-08-29,4016.2800,4016.2800,4016.2800,4016.2800
1972-08-30,4026.2500,4026.2500,4026.2500,4026.2500
1972-08-31,4066.7800,4066.7800,4066.7800,4066.7800
1972-09-01,4090.3899,4090.3899,4090.3899,4090.3899
1972-09-04,4137.7598,4137.7598,4137.7598,4137.7598
1972-09-05,4137.4800,4137.4800,4137.4800,4137.4800
1972-09-06,4143.0200,4143.0200,4143.0200,4143.0200
1972-09-07,4168.6401,4168.6401,4168.6401,4168.6401
1972-09-08,4181.8901,4181.8901,4181.8901,4181.8901
1972-09-11,4203.2202,4203.2202,4203.2202,4203.2202
1972-09-12,4160.3101,4160.3101,4160.3101,4160.3101
1972-09-13,4190.9702,4190.9702,4190.9702,4190.9702
1972-09-14,4174.7998,4174.7998,4174.7998,4174.7998
1972-09-18,4178.8398,4178.8398,4178.8398,4178.8398
1972-09-19,4157.5000,4157.5000,4157.5000,4157.5000
1972-09-20,4178.2798,4178.2798,4178.2798,4178.2798
1972-09-21,4204.2202,4204.2202,4204.2202,4204.2202
1972-09-22,4231.2100,4231.2100,4231.2100,4231.2100
1972-09-25,4254.6099,4254.6099,4254.6099,4254.6099
1972-09-26,4273.2002,4273.2002,4273.2002,4273.2002
1972-09-27,4251.2900,4251.2900,4251.2900,4251.2900
1972-09-28,4291.8101,4291.8101,4291.8101,4291.8101
1972-09-29,4320.6299,4320.6299,4320.6299,4320.6299
1972-10-02,4393.6699,4393.6699,4393.6699,4393.6699
1972-10-03,4363.3799,4363.3799,4363.3799,4363.3799
1972-10-04,4424.2998,4424.2998,4424.2998,4424.2998
1972-10-05,4425.4902,4425.4902,4425.4902,4425.4902
1972-10-06,4355.2798,4355.2798,4355.2798,4355.2798
1972-10-09,4422.0801,4422.0801,4422.0801,4422.0801
1972-10-11,4443.0898,4443.0898,4443.0898,4443.0898
1972-10-12,4480.0601,4480.0601,4480.0601,4480.0601
1972-10-13,4472.7300,4472.7300,4472.7300,4472.7300
1972-10-16,4433.6299,4433.6299,4433.6299,4433.6299
1972-10-17,4401.0801,4401.0801,4401.0801,4401.0801
1972-10-18,4444.3198,4444.3198,4444.3198,4444.3198
1972-10-19,4452.1699,4452.1699,4452.1699,4452.1699
1972-10-20,4324.7998,4324.7998,4324.7998,4324.7998
1972-10-23,4415.0601,4415.0601,4415.0601,4415.0601
1972-10-24,4424.3398,4424.3398,4424.3398,4424.3398
1972-10-25,4442.4199,4442.4199,4442.4199,4442.4199
1972-10-26,4439.2002,4439.2002,4439.2002,4439.2002
1972-10-27,4455.0601,4455.0601,4455.0601,4455.0601
1972-10-30,4522.1802,4522.1802,4522.1802,4522.1802
1972-10-31,4537.9902,4537.9902,4537.9902,4537.9902
1972-11-01,4541.7700,4541.7700,4541.7700,4541.7700
1972-11-02,4547.9199,4547.9199,4547.9199,4547.9199
1972-11-06,4543.8799,4543.8799,4543.8799,4543.8799
1972-11-07,4538.8301,4538.8301,4538.8301,4538.8301
1972-11-08,4555.9502,4555.9502,4555.9502,4555.9502
1972-11-09,4564.4600,4564.4600,4564.4600,4564.4600
1972-11-10,4540.1001,4540.1001,4540.1001,4540.1001
1972-11-13,4553.7700,4553.7700,4553.7700,4553.7700
1972-11-14,4555.0098,4555.0098,4555.0098,4555.0098
1972-11-15,4602.7798,4602.7798,4602.7798,4602.7798
1972-11-16,4589.2500,4589.2500,4589.2500,4589.2500
1972-11-17,4585.9102,4585.9102,4585.9102,4585.9102
1972-11-20,4591.0698,4591.0698,4591.0698,4591.0698
1972-11-21,4618.2700,4618.2700,4618.2700,4618.2700
1972-11-22,4667.7100,4667.7100,4667.7100,4667.7100
1972-11-24,4731.3999,4731.3999,4731.3999,4731.3999
1972-11-27,4742.1602,4742.1602,4742.1602,4742.1602
1972-11-28,4816.7202,4816.7202,4816.7202,4816.7202
1972-11-29,4879.1802,4879.1802,4879.1802,4879.1802
1972-11-30,4868.9600,4868.9600,4868.9600,4868.9600
1972-12-01,4781.4800,4781.4800,4781.4800,4781.4800
1972-12-04,4872.4600,4872.4600,4872.4600,4872.4600
1972-12-05,4881.3701,4881.3701,4881.3701,4881.3701
1972-12-06,4902.8198,4902.8198,4902.8198,4902.8198
1972-12-07,4838.7598,4838.7598,4838.7598,4838.7598
1972-12-08,4862.3999,4862.3999,4862.3999,4862.3999
1972-12-11,4859.3999,4859.3999,4859.3999,4859.3999
1972-12-12,4866.7002,4866.7002,4866.7002,4866.7002
1972-12-13,4869.7700,4869.7700,4869.7700,4869.7700
1972-12-14,4892.0200,4892.0200,4892.0200,4892.0200
1972-12-15,4909.2402,4909.2402,4909.2402,4909.2402
1972-12-18,4923.3901,4923.3901,4923.3901,4923.3901
1972-12-19,4920.8398,4920.8398,4920.8398,4920.8398
1972-12-20,4959.2100,4959.2100,4959.2100,4959.2100
1972-12-21,4965.0498,4965.0498,4965.0498,4965.0498
1972-12-22,5025.5400,5025.5400,5025.5400,5025.5400
1972-12-25,5031.2300,5031.2300,5031.2300,5031.2300
1972-12-26,5106.7100,5106.7100,5106.7100,5106.7100
1972-12-27,5194.4199,5194.4199,5194.4199,5194.4199
1972-12-28,5207.9399,5207.9399,5207.9399,5207.9399
1972-12-29,5207.9399,5207.9399,5207.9399,5207.9399
1973-01-04,5232.8599,5232.8599,5232.8599,5232.8599
1973-01-05,5253.1802,5253.1802,5253.1802,5253.1802
1973-01-08,5307.1899,5307.1899,5307.1899,5307.1899
1973-01-09,5278.1001,5278.1001,5278.1001,5278.1001
1973-01-11,5244.2900,5244.2900,5244.2900,5244.2900
1973-01-12,5251.6699,5251.6699,5251.6699,5251.6699
1973-01-16,5188.3999,5188.3999,5188.3999,5188.3999
1973-01-17,5215.4199,5215.4199,5215.4199,5215.4199
1973-01-18,5188.9102,5188.9102,5188.9102,5188.9102
1973-01-19,5230.8701,5230.8701,5230.8701,5230.8701
1973-01-22,5270.5400,5270.5400,5270.5400,5270.5400
1973-01-23,5267.6802,5267.6802,5267.6802,5267.6802
1973-01-24,5359.7402,5359.7402,5359.7402,5359.7402
1973-01-25,5329.2300,5329.2300,5329.2300,5329.2300
1973-01-26,5256.8198,5256.8198,5256.8198,5256.8198
1973-01-29,5349.5098,5349.5098,5349.5098,5349.5098
1973-01-30,5232.0000,5232.0000,5232.0000,5232.0000
1973-01-31,5165.2402,5165.2402,5165.2402,5165.2402
1973-02-01,5066.1699,5066.1699,5066.1699,5066.1699
1973-02-02,4820.5200,4820.5200,4820.5200,4820.5200
1973-02-05,4949.7598,4949.7598,4949.7598,4949.7598
1973-02-06,4891.3398,4891.3398,4891.3398,4891.3398
1973-02-07,4832.4702,4832.4702,4832.4702,4832.4702
1973-02-08,4903.1401,4903.1401,4903.1401,4903.1401
1973-02-09,4843.5400,4843.5400,4843.5400,4843.5400
1973-02-13,4993.7300,4993.7300,4993.7300,4993.7300
1973-02-14,4984.8799,4984.8799,4984.8799,4984.8799
1973-02-15,5113.5298,5113.5298,5113.5298,5113.5298
1973-02-16,5187.2998,5187.2998,5187.2998,5187.2998
1973-02-19,5277.7402,5277.7402,5277.7402,5277.7402
1973-02-20,5334.6899,5334.6899,5334.6899,5334.6899
1973-02-21,5298.9800,5298.9800,5298.9800,5298.9800
1973-02-22,5278.2500,5278.2500,5278.2500,5278.2500
1973-02-23,5215.0298,5215.0298,5215.0298,5215.0298
1973-02-26,5129.3101,5129.3101,5129.3101,5129.3101
1973-02-27,5194.8799,5194.8799,5194.8799,5194.8799
1973-02-28,5121.3198,5121.3198,5121.3198,5121.3198
1973-03-01,5139.9502,5139.9502,5139.9502,5139.9502
1973-03-02,5024.1001,5024.1001,5024.1001,5024.1001
1973-03-05,4771.6299,4771.6299,4771.6299,4771.6299
1973-03-06,4888.8799,4888.8799,4888.8799,4888.8799
1973-03-07,4950.7598,4950.7598,4950.7598,4950.7598
1973-03-08,4964.5098,4964.5098,4964.5098,4964.5098
1973-03-09,4987.4302,4987.4302,4987.4302,4987.4302
1973-03-12,5003.5498,5003.5498,5003.5498,5003.5498
1973-03-13,5050.6401,5050.6401,5050.6401,5050.6401
1973-03-14,5096.2598,5096.2598,5096.2598,5096.2598
1973-03-15,5133.4502,5133.4502,5133.4502,5133.4502
1973-03-16,5095.2998,5095.2998,5095.2998,5095.2998
1973-03-19,5123.5400,5123.5400,5123.5400,5123.5400
1973-03-20,5131.0098,5131.0098,5131.0098,5131.0098
1973-03-22,5101.3599,5101.3599,5101.3599,5101.3599
1973-03-23,5060.1802,5060.1802,5060.1802,5060.1802
1973-03-26,5066.0200,5066.0200,5066.0200,5066.0200
1973-03-27,5081.9902,5081.9902,5081.9902,5081.9902
1973-03-28,5116.7900,5116.7900,5116.7900,5116.7900
1973-03-29,5177.5000,5177.5000,5177.5000,5177.5000
1973-03-30,5233.7900,5233.7900,5233.7900,5233.7900
1973-04-02,5181.6802,5181.6802,5181.6802,5181.6802
1973-04-03,5162.6899,5162.6899,5162.6899,5162.6899
1973-04-04,5090.1699,5090.1699,5090.1699,5090.1699
1973-04-05,5013.0098,5013.0098,5013.0098,5013.0098
1973-04-06,5023.1001,5023.1001,5023.1001,5023.1001
1973-04-09,4988.6299,4988.6299,4988.6299,4988.6299
1973-04-10,4915.9600,4915.9600,4915.9600,4915.9600
1973-04-11,4906.5400,4906.5400,4906.5400,4906.5400
1973-04-12,4793.6401,4793.6401,4793.6401,4793.6401
1973-04-13,4735.5898,4735.5898,4735.5898,4735.5898
1973-04-16,4539.3999,4539.3999,4539.3999,4539.3999
1973-04-17,4599.9102,4599.9102,4599.9102,4599.9102
1973-04-18,4735.5498,4735.5498,4735.5498,4735.5498
1973-04-19,4727.5098,4727.5098,4727.5098,4727.5098
1973-04-20,4654.8501,4654.8501,4654.8501,4654.8501
1973-04-23,4495.1802,4495.1802,4495.1802,4495.1802
1973-04-24,4435.8301,4435.8301,4435.8301,4435.8301
1973-04-25,4374.7700,4374.7700,4374.7700,4374.7700
1973-04-26,4499.3901,4499.3901,4499.3901,4499.3901
1973-04-27,4570.3301,4570.3301,4570.3301,4570.3301
1973-05-01,4594.6499,4594.6499,4594.6499,4594.6499
1973-05-02,4601.8901,4601.8901,4601.8901,4601.8901
1973-05-07,4671.0698,4671.0698,4671.0698,4671.0698
1973-05-08,4669.5698,4669.5698,4669.5698,4669.5698
1973-05-09,4637.0601,4637.0601,4637.0601,4637.0601
1973-05-10,4663.3301,4663.3301,4663.3301,4663.3301
1973-05-11,4694.1899,4694.1899,4694.1899,4694.1899
1973-05-14,4767.8501,4767.8501,4767.8501,4767.8501
1973-05-15,4701.1401,4701.1401,4701.1401,4701.1401
1973-05-16,4772.9702,4772.9702,4772.9702,4772.9702
1973-05-17,4740.1699,4740.1699,4740.1699,4740.1699
1973-05-18,4774.9502,4774.9502,4774.9502,4774.9502
1973-05-21,4667.5400,4667.5400,4667.5400,4667.5400
1973-05-22,4675.2700,4675.2700,4675.2700,4675.2700
1973-05-23,4646.3901,4646.3901,4646.3901,4646.3901
1973-05-24,4593.5698,4593.5698,4593.5698,4593.5698
1973-05-25,4627.4102,4627.4102,4627.4102,4627.4102
1973-05-28,4627.5801,4627.5801,4627.5801,4627.5801
1973-05-29,4626.2202,4626.2202,4626.2202,4626.2202
1973-05-30,4613.4399,4613.4399,4613.4399,4613.4399
1973-05-31,4557.3599,4557.3599,4557.3599,4557.3599
1973-06-01,4546.7402,4546.7402,4546.7402,4546.7402
1973-06-04,4500.5498,4500.5498,4500.5498,4500.5498
1973-06-05,4542.5801,4542.5801,4542.5801,4542.5801
1973-06-06,4599.8701,4599.8701,4599.8701,4599.8701
1973-06-07,4623.7202,4623.7202,4623.7202,4623.7202
1973-06-08,4625.7900,4625.7900,4625.7900,4625.7900
1973-06-11,4606.1001,4606.1001,4606.1001,4606.1001
1973-06-12,4571.4502,4571.4502,4571.4502,4571.4502
1973-06-13,4611.1602,4611.1602,4611.1602,4611.1602
1973-06-14,4587.8701,4587.8701,4587.8701,4587.8701
1973-06-15,4581.9502,4581.9502,4581.9502,4581.9502
1973-06-18,4542.9902,4542.9902,4542.9902,4542.9902
1973-06-19,4553.7100,4553.7100,4553.7100,4553.7100
1973-06-20,4582.8501,4582.8501,4582.8501,4582.8501
1973-06-21,4597.0298,4597.0298,4597.0298,4597.0298
1973-06-22,4668.8599,4668.8599,4668.8599,4668.8599
1973-06-25,4687.2402,4687.2402,4687.2402,4687.2402
1973-06-26,4637.7700,4637.7700,4637.7700,4637.7700
1973-06-27,4677.0098,4677.0098,4677.0098,4677.0098
1973-06-28,4681.3701,4681.3701,4681.3701,4681.3701
1973-06-29,4675.1201,4675.1201,4675.1201,4675.1201
1973-07-02,4688.7700,4688.7700,4688.7700,4688.7700
1973-07-03,4722.9600,4722.9600,4722.9600,4722.9600
1973-07-04,4774.5801,4774.5801,4774.5801,4774.5801
1973-07-05,4748.4502,4748.4502,4748.4502,4748.4502
1973-07-06,4754.2002,4754.2002,4754.2002,4754.2002
1973-07-09,4778.0200,4778.0200,4778.0200,4778.0200
1973-07-10,4792.4702,4792.4702,4792.4702,4792.4702
1973-07-11,4863.3599,4863.3599,4863.3599,4863.3599
1973-07-12,4912.3301,4912.3301,4912.3301,4912.3301
1973-07-13,4943.5000,4943.5000,4943.5000,4943.5000
1973-07-16,4965.3398,4965.3398,4965.3398,4965.3398
1973-07-17,4972.9600,4972.9600,4972.9600,4972.9600
1973-07-18,4962.5601,4962.5601,4962.5601,4962.5601
1973-07-19,4989.7900,4989.7900,4989.7900,4989.7900
1973-07-23,5000.2002,5000.2002,5000.2002,5000.2002
1973-07-24,5007.1401,5007.1401,5007.1401,5007.1401
1973-07-25,5035.9102,5035.9102,5035.9102,5035.9102
1973-07-26,5089.6201,5089.6201,5089.6201,5089.6201
1973-07-27,5123.2500,5123.2500,5123.2500,5123.2500
1973-07-30,5108.4600,5108.4600,5108.4600,5108.4600
1973-07-31,5041.1802,5041.1802,5041.1802,5041.1802
1973-08-01,4972.8101,4972.8101,4972.8101,4972.8101
1973-08-02,5021.0601,5021.0601,5021.0601,5021.0601
1973-08-03,4983.9600,4983.9600,4983.9600,4983.9600
1973-08-06,4946.0698,4946.0698,4946.0698,4946.0698
1973-08-07,4956.4399,4956.4399,4956.4399,4956.4399
1973-08-08,4972.1401,4972.1401,4972.1401,4972.1401
1973-08-09,4972.9502,4972.9502,4972.9502,4972.9502
1973-08-10,4926.0801,4926.0801,4926.0801,4926.0801
1973-08-13,4908.2798,4908.2798,4908.2798,4908.2798
1973-08-14,4915.4102,4915.4102,4915.4102,4915.4102
1973-08-15,4912.2402,4912.2402,4912.2402,4912.2402
1973-08-16,4857.0298,4857.0298,4857.0298,4857.0298
1973-08-17,4834.4502,4834.4502,4834.4502,4834.4502
1973-08-20,4828.7300,4828.7300,4828.7300,4828.7300
1973-08-21,4874.3198,4874.3198,4874.3198,4874.3198
1973-08-22,4893.9102,4893.9102,4893.9102,4893.9102
1973-08-23,4865.2998,4865.2998,4865.2998,4865.2998
1973-08-24,4828.0698,4828.0698,4828.0698,4828.0698
1973-08-27,4829.7100,4829.7100,4829.7100,4829.7100
1973-08-28,4832.4102,4832.4102,4832.4102,4832.4102
1973-08-29,4870.8999,4870.8999,4870.8999,4870.8999
1973-08-30,4889.1899,4889.1899,4889.1899,4889.1899
1973-08-31,4882.0898,4882.0898,4882.0898,4882.0898
1973-09-03,4838.2500,4838.2500,4838.2500,4838.2500
1973-09-04,4785.8501,4785.8501,4785.8501,4785.8501
1973-09-05,4678.6602,4678.6602,4678.6602,4678.6602
1973-09-06,4657.7100,4657.7100,4657.7100,4657.7100
1973-09-07,4671.6401,4671.6401,4671.6401,4671.6401
1973-09-10,4696.4902,4696.4902,4696.4902,4696.4902
1973-09-11,4587.3999,4587.3999,4587.3999,4587.3999
1973-09-12,4646.3701,4646.3701,4646.3701,4646.3701
1973-09-13,4620.9102,4620.9102,4620.9102,4620.9102
1973-09-14,4644.1201,4644.1201,4644.1201,4644.1201
1973-09-17,4623.7900,4623.7900,4623.7900,4623.7900
1973-09-18,4557.9199,4557.9199,4557.9199,4557.9199
1973-09-19,4516.1802,4516.1802,4516.1802,4516.1802
1973-09-20,4444.7798,4444.7798,4444.7798,4444.7798
1973-09-21,4393.4199,4393.4199,4393.4199,4393.4199
1973-09-25,4472.7798,4472.7798,4472.7798,4472.7798
1973-09-26,4515.3799,4515.3799,4515.3799,4515.3799
1973-09-27,4622.5601,4622.5601,4622.5601,4622.5601
1973-09-28,4617.3301,4617.3301,4617.3301,4617.3301
1973-10-01,4617.3301,4617.3301,4617.3301,4617.3301
1973-10-02,4606.5298,4606.5298,4606.5298,4606.5298
1973-10-03,4643.6899,4643.6899,4643.6899,4643.6899
1973-10-04,4619.0200,4619.0200,4619.0200,4619.0200
1973-10-05,4562.1299,4562.1299,4562.1299,4562.1299
1973-10-08,4509.2900,4509.2900,4509.2900,4509.2900
1973-10-09,4493.0298,4493.0298,4493.0298,4493.0298
1973-10-11,4487.9302,4487.9302,4487.9302,4487.9302
1973-10-12,4452.6001,4452.6001,4452.6001,4452.6001
1973-10-15,4468.4102,4468.4102,4468.4102,4468.4102
1973-10-16,4477.5801,4477.5801,4477.5801,4477.5801
1973-10-17,4482.8301,4482.8301,4482.8301,4482.8301
1973-10-18,4516.0200,4516.0200,4516.0200,4516.0200
1973-10-19,4552.2202,4552.2202,4552.2202,4552.2202
1973-10-22,4549.5000,4549.5000,4549.5000,4549.5000
1973-10-23,4595.5400,4595.5400,4595.5400,4595.5400
1973-10-24,4661.5898,4661.5898,4661.5898,4661.5898
1973-10-25,4667.1099,4667.1099,4667.1099,4667.1099
1973-10-26,4628.5801,4628.5801,4628.5801,4628.5801
1973-10-29,4630.3799,4630.3799,4630.3799,4630.3799
1973-10-30,4702.9199,4702.9199,4702.9199,4702.9199
1973-10-31,4699.7300,4699.7300,4699.7300,4699.7300
1973-11-01,4634.8301,4634.8301,4634.8301,4634.8301
1973-11-02,4665.9800,4665.9800,4665.9800,4665.9800
1973-11-05,4676.9600,4676.9600,4676.9600,4676.9600
1973-11-06,4616.6201,4616.6201,4616.6201,4616.6201
1973-11-07,4632.4302,4632.4302,4632.4302,4632.4302
1973-11-08,4660.6602,4660.6602,4660.6602,4660.6602
1973-11-09,4649.0000,4649.0000,4649.0000,4649.0000
1973-11-12,4510.3198,4510.3198,4510.3198,4510.3198
1973-11-13,4428.3901,4428.3901,4428.3901,4428.3901
1973-11-14,4473.7500,4473.7500,4473.7500,4473.7500
1973-11-15,4444.8701,4444.8701,4444.8701,4444.8701
1973-11-16,4388.1001,4388.1001,4388.1001,4388.1001
1973-11-19,4450.8901,4450.8901,4450.8901,4450.8901
1973-11-20,4441.8901,4441.8901,4441.8901,4441.8901
1973-11-21,4371.5498,4371.5498,4371.5498,4371.5498
1973-11-22,4293.5000,4293.5000,4293.5000,4293.5000
1973-11-26,4371.7100,4371.7100,4371.7100,4371.7100
1973-11-27,4288.7500,4288.7500,4288.7500,4288.7500
1973-11-28,4352.6802,4352.6802,4352.6802,4352.6802
1973-11-29,4411.4399,4411.4399,4411.4399,4411.4399
1973-11-30,4641.8398,4641.8398,4641.8398,4641.8398
1973-12-03,4510.5200,4510.5200,4510.5200,4510.5200
1973-12-04,4447.8999,4447.8999,4447.8999,4447.8999
1973-12-05,4434.1499,4434.1499,4434.1499,4434.1499
1973-12-06,4335.2900,4335.2900,4335.2900,4335.2900
1973-12-07,4283.5601,4283.5601,4283.5601,4283.5601
1973-12-10,4165.1299,4165.1299,4165.1299,4165.1299
1973-12-11,4135.9502,4135.9502,4135.9502,4135.9502
1973-12-12,4097.1001,4097.1001,4097.1001,4097.1001
1973-12-13,4033.0901,4033.0901,4033.0901,4033.0901
1973-12-14,4037.9199,4037.9199,4037.9199,4037.9199
1973-12-17,4041.4700,4041.4700,4041.4700,4041.4700
1973-12-18,3958.5701,3958.5701,3958.5701,3958.5701
1973-12-19,3988.9399,3988.9399,3988.9399,3988.9399
1973-12-20,4165.2300,4165.2300,4165.2300,4165.2300
1973-12-21,4157.0801,4157.0801,4157.0801,4157.0801
1973-12-25,4038.2100,4038.2100,4038.2100,4038.2100
1973-12-26,4194.7900,4194.7900,4194.7900,4194.7900
1973-12-27,4289.4102,4289.4102,4289.4102,4289.4102
1973-12-28,4306.7998,4306.7998,4306.7998,4306.7998
1974-01-04,4259.2002,4259.2002,4259.2002,4259.2002
1974-01-07,4180.7002,4180.7002,4180.7002,4180.7002
1974-01-08,4194.1802,4194.1802,4194.1802,4194.1802
1974-01-09,4195.2202,4195.2202,4195.2202,4195.2202
1974-01-11,4171.1099,4171.1099,4171.1099,4171.1099
1974-01-14,4274.7500,4274.7500,4274.7500,4274.7500
1974-01-16,4314.1299,4314.1299,4314.1299,4314.1299
1974-01-17,4311.8599,4311.8599,4311.8599,4311.8599
1974-01-18,4369.6699,4369.6699,4369.6699,4369.6699
1974-01-21,4352.6499,4352.6499,4352.6499,4352.6499
1974-01-22,4371.1602,4371.1602,4371.1602,4371.1602
1974-01-23,4453.9800,4453.9800,4453.9800,4453.9800
1974-01-24,4487.9702,4487.9702,4487.9702,4487.9702
1974-01-25,4473.9902,4473.9902,4473.9902,4473.9902
1974-01-28,4536.8501,4536.8501,4536.8501,4536.8501
1974-01-29,4516.1699,4516.1699,4516.1699,4516.1699
1974-01-30,4510.6201,4510.6201,4510.6201,4510.6201
1974-01-31,4449.8999,4449.8999,4449.8999,4449.8999
1974-02-01,4489.9399,4489.9399,4489.9399,4489.9399
1974-02-04,4551.8799,4551.8799,4551.8799,4551.8799
1974-02-05,4555.0498,4555.0498,4555.0498,4555.0498
1974-02-06,4586.7202,4586.7202,4586.7202,4586.7202
1974-02-07,4651.5498,4651.5498,4651.5498,4651.5498
1974-02-08,4576.6001,4576.6001,4576.6001,4576.6001
1974-02-12,4601.2002,4601.2002,4601.2002,4601.2002
1974-02-13,4556.5601,4556.5601,4556.5601,4556.5601
1974-02-14,4525.2798,4525.2798,4525.2798,4525.2798
1974-02-15,4552.2202,4552.2202,4552.2202,4552.2202
1974-02-18,4546.8701,4546.8701,4546.8701,4546.8701
1974-02-19,4523.3599,4523.3599,4523.3599,4523.3599
1974-02-20,4520.2500,4520.2500,4520.2500,4520.2500
1974-02-21,4481.8999,4481.8999,4481.8999,4481.8999
1974-02-22,4460.4702,4460.4702,4460.4702,4460.4702
1974-02-25,4453.0698,4453.0698,4453.0698,4453.0698
1974-02-26,4474.2300,4474.2300,4474.2300,4474.2300
1974-02-27,4468.4600,4468.4600,4468.4600,4468.4600
1974-02-28,4486.5801,4486.5801,4486.5801,4486.5801
1974-03-01,4538.6899,4538.6899,4538.6899,4538.6899
1974-03-04,4610.6899,4610.6899,4610.6899,4610.6899
1974-03-05,4597.1602,4597.1602,4597.1602,4597.1602
1974-03-06,4580.5898,4580.5898,4580.5898,4580.5898
1974-03-07,4550.8701,4550.8701,4550.8701,4550.8701
1974-03-08,4527.0400,4527.0400,4527.0400,4527.0400
1974-03-11,4514.6899,4514.6899,4514.6899,4514.6899
1974-03-12,4484.0498,4484.0498,4484.0498,4484.0498
1974-03-13,4456.9399,4456.9399,4456.9399,4456.9399
1974-03-14,4465.3901,4465.3901,4465.3901,4465.3901
1974-03-15,4465.5898,4465.5898,4465.5898,4465.5898
1974-03-18,4446.1099,4446.1099,4446.1099,4446.1099
1974-03-19,4420.0698,4420.0698,4420.0698,4420.0698
1974-03-20,4405.7402,4405.7402,4405.7402,4405.7402
1974-03-22,4403.1499,4403.1499,4403.1499,4403.1499
1974-03-25,4389.8901,4389.8901,4389.8901,4389.8901
1974-03-26,4427.9702,4427.9702,4427.9702,4427.9702
1974-03-27,4460.1499,4460.1499,4460.1499,4460.1499
1974-03-28,4470.3398,4470.3398,4470.3398,4470.3398
1974-03-29,4466.1401,4466.1401,4466.1401,4466.1401
1974-04-01,4466.3198,4466.3198,4466.3198,4466.3198
1974-04-02,4454.4702,4454.4702,4454.4702,4454.4702
1974-04-03,4443.9600,4443.9600,4443.9600,4443.9600
1974-04-04,4403.6499,4403.6499,4403.6499,4403.6499
1974-04-05,4424.1401,4424.1401,4424.1401,4424.1401
1974-04-08,4448.4600,4448.4600,4448.4600,4448.4600
1974-04-09,4427.8999,4427.8999,4427.8999,4427.8999
1974-04-10,4444.8599,4444.8599,4444.8599,4444.8599
1974-04-11,4461.8799,4461.8799,4461.8799,4461.8799
1974-04-12,4539.1899,4539.1899,4539.1899,4539.1899
1974-04-15,4573.5698,4573.5698,4573.5698,4573.5698
1974-04-16,4533.7202,4533.7202,4533.7202,4533.7202
1974-04-17,4583.0000,4583.0000,4583.0000,4583.0000
1974-04-18,4600.4102,4600.4102,4600.4102,4600.4102
1974-04-19,4613.5898,4613.5898,4613.5898,4613.5898
1974-04-22,4608.3198,4608.3198,4608.3198,4608.3198
1974-04-23,4585.2202,4585.2202,4585.2202,4585.2202
1974-04-24,4571.2598,4571.2598,4571.2598,4571.2598
1974-04-25,4554.2998,4554.2998,4554.2998,4554.2998
1974-04-26,4576.4399,4576.4399,4576.4399,4576.4399
1974-04-30,4622.3501,4622.3501,4622.3501,4622.3501
1974-05-01,4644.2598,4644.2598,4644.2598,4644.2598
1974-05-02,4684.6802,4684.6802,4684.6802,4684.6802
1974-05-07,4690.7798,4690.7798,4690.7798,4690.7798
1974-05-08,4706.4702,4706.4702,4706.4702,4706.4702
1974-05-09,4694.3101,4694.3101,4694.3101,4694.3101
1974-05-10,4693.5400,4693.5400,4693.5400,4693.5400
1974-05-13,4704.4199,4704.4199,4704.4199,4704.4199
1974-05-14,4684.9102,4684.9102,4684.9102,4684.9102
1974-05-15,4666.0601,4666.0601,4666.0601,4666.0601
1974-05-16,4677.3198,4677.3198,4677.3198,4677.3198
1974-05-17,4703.9102,4703.9102,4703.9102,4703.9102
1974-05-20,4680.5801,4680.5801,4680.5801,4680.5801
1974-05-21,4717.8599,4717.8599,4717.8599,4717.8599
1974-05-22,4752.2900,4752.2900,4752.2900,4752.2900
1974-05-23,4754.1899,4754.1899,4754.1899,4754.1899
1974-05-24,4709.6099,4709.6099,4709.6099,4709.6099
1974-05-27,4743.3301,4743.3301,4743.3301,4743.3301
1974-05-28,4748.9800,4748.9800,4748.9800,4748.9800
1974-05-29,4778.3599,4778.3599,4778.3599,4778.3599
1974-05-30,4778.3599,4778.3599,4778.3599,4778.3599
1974-05-31,4750.4399,4750.4399,4750.4399,4750.4399
1974-06-03,4771.8599,4771.8599,4771.8599,4771.8599
1974-06-04,4747.0098,4747.0098,4747.0098,4747.0098
1974-06-05,4781.4902,4781.4902,4781.4902,4781.4902
1974-06-06,4782.2700,4782.2700,4782.2700,4782.2700
1974-06-07,4729.1602,4729.1602,4729.1602,4729.1602
1974-06-10,4640.4502,4640.4502,4640.4502,4640.4502
1974-06-11,4698.4902,4698.4902,4698.4902,4698.4902
1974-06-12,4720.6001,4720.6001,4720.6001,4720.6001
1974-06-13,4692.4702,4692.4702,4692.4702,4692.4702
1974-06-14,4685.1201,4685.1201,4685.1201,4685.1201
1974-06-17,4686.0400,4686.0400,4686.0400,4686.0400
1974-06-18,4688.5298,4688.5298,4688.5298,4688.5298
1974-06-19,4709.4800,4709.4800,4709.4800,4709.4800
1974-06-20,4705.2402,4705.2402,4705.2402,4705.2402
1974-06-21,4666.7402,4666.7402,4666.7402,4666.7402
1974-06-24,4659.8999,4659.8999,4659.8999,4659.8999
1974-06-25,4650.4600,4650.4600,4650.4600,4650.4600
1974-06-26,4671.8198,4671.8198,4671.8198,4671.8198
1974-06-27,4643.2002,4643.2002,4643.2002,4643.2002
1974-06-28,4602.8701,4602.8701,4602.8701,4602.8701
1974-07-01,4622.1499,4622.1499,4622.1499,4622.1499
1974-07-02,4599.5098,4599.5098,4599.5098,4599.5098
1974-07-03,4573.7700,4573.7700,4573.7700,4573.7700
1974-07-04,4573.6201,4573.6201,4573.6201,4573.6201
1974-07-05,4626.7002,4626.7002,4626.7002,4626.7002
1974-07-08,4562.4600,4562.4600,4562.4600,4562.4600
1974-07-09,4506.9800,4506.9800,4506.9800,4506.9800
1974-07-10,4580.5200,4580.5200,4580.5200,4580.5200
1974-07-11,4576.4102,4576.4102,4576.4102,4576.4102
1974-07-12,4527.6299,4527.6299,4527.6299,4527.6299
1974-07-15,4479.8799,4479.8799,4479.8799,4479.8799
1974-07-16,4524.9800,4524.9800,4524.9800,4524.9800
1974-07-17,4522.0898,4522.0898,4522.0898,4522.0898
1974-07-18,4492.8599,4492.8599,4492.8599,4492.8599
1974-07-19,4516.7900,4516.7900,4516.7900,4516.7900
1974-07-22,4529.1602,4529.1602,4529.1602,4529.1602
1974-07-23,4518.2300,4518.2300,4518.2300,4518.2300
1974-07-24,4536.5400,4536.5400,4536.5400,4536.5400
1974-07-25,4552.4302,4552.4302,4552.4302,4552.4302
1974-07-26,4545.0298,4545.0298,4545.0298,4545.0298
1974-07-29,4498.2202,4498.2202,4498.2202,4498.2202
1974-07-30,4465.0601,4465.0601,4465.0601,4465.0601
1974-07-31,4492.4199,4492.4199,4492.4199,4492.4199
1974-08-01,4491.5200,4491.5200,4491.5200,4491.5200
1974-08-02,4396.1001,4396.1001,4396.1001,4396.1001
1974-08-05,4262.9199,4262.9199,4262.9199,4262.9199
1974-08-06,4196.0698,4196.0698,4196.0698,4196.0698
1974-08-07,4288.9600,4288.9600,4288.9600,4288.9600
1974-08-08,4297.3999,4297.3999,4297.3999,4297.3999
1974-08-09,4285.1299,4285.1299,4285.1299,4285.1299
1974-08-12,4290.5298,4290.5298,4290.5298,4290.5298
1974-08-13,4228.5298,4228.5298,4228.5298,4228.5298
1974-08-14,4179.8198,4179.8198,4179.8198,4179.8198
1974-08-15,4189.4600,4189.4600,4189.4600,4189.4600
1974-08-16,4250.5200,4250.5200,4250.5200,4250.5200
1974-08-19,4237.6201,4237.6201,4237.6201,4237.6201
1974-08-20,4211.2500,4211.2500,4211.2500,4211.2500
1974-08-21,4116.2402,4116.2402,4116.2402,4116.2402
1974-08-22,4041.2800,4041.2800,4041.2800,4041.2800
1974-08-23,4100.6299,4100.6299,4100.6299,4100.6299
1974-08-26,3994.9900,3994.9900,3994.9900,3994.9900
1974-08-27,4017.1101,4017.1101,4017.1101,4017.1101
1974-08-28,3973.1399,3973.1399,3973.1399,3973.1399
1974-08-29,3987.6201,3987.6201,3987.6201,3987.6201
1974-08-30,4069.6799,4069.6799,4069.6799,4069.6799
1974-09-02,4134.3501,4134.3501,4134.3501,4134.3501
1974-09-03,4094.2700,4094.2700,4094.2700,4094.2700
1974-09-04,4052.6799,4052.6799,4052.6799,4052.6799
1974-09-05,4134.0298,4134.0298,4134.0298,4134.0298
1974-09-06,4080.8101,4080.8101,4080.8101,4080.8101
1974-09-09,4091.8201,4091.8201,4091.8201,4091.8201
1974-09-10,4070.6101,4070.6101,4070.6101,4070.6101
1974-09-11,4088.4600,4088.4600,4088.4600,4088.4600
1974-09-12,4080.0000,4080.0000,4080.0000,4080.0000
1974-09-13,4035.5000,4035.5000,4035.5000,4035.5000
1974-09-17,3965.6201,3965.6201,3965.6201,3965.6201
1974-09-18,3991.9800,3991.9800,3991.9800,3991.9800
1974-09-19,4017.3000,4017.3000,4017.3000,4017.3000
1974-09-20,4048.4700,4048.4700,4048.4700,4048.4700
1974-09-24,4036.6201,4036.6201,4036.6201,4036.6201
1974-09-25,4037.6399,4037.6399,4037.6399,4037.6399
1974-09-26,4018.4199,4018.4199,4018.4199,4018.4199
1974-09-27,3961.3999,3961.3999,3961.3999,3961.3999
1974-09-30,3950.0000,3950.0000,3950.0000,3950.0000
1974-10-01,3854.1101,3854.1101,3854.1101,3854.1101
1974-10-02,3803.9399,3803.9399,3803.9399,3803.9399
1974-10-03,3755.1299,3755.1299,3755.1299,3755.1299
1974-10-04,3668.1899,3668.1899,3668.1899,3668.1899
1974-10-07,3605.8701,3605.8701,3605.8701,3605.8701
1974-10-08,3546.9099,3546.9099,3546.9099,3546.9099
1974-10-09,3355.1299,3355.1299,3355.1299,3355.1299
1974-10-11,3513.2300,3513.2300,3513.2300,3513.2300
1974-10-14,3601.8899,3601.8899,3601.8899,3601.8899
1974-10-15,3670.6599,3670.6599,3670.6599,3670.6599
1974-10-16,3715.2500,3715.2500,3715.2500,3715.2500
1974-10-17,3699.5200,3699.5200,3699.5200,3699.5200
1974-10-18,3748.7200,3748.7200,3748.7200,3748.7200
1974-10-21,3696.5701,3696.5701,3696.5701,3696.5701
1974-10-22,3657.1299,3657.1299,3657.1299,3657.1299
1974-10-23,3678.5300,3678.5300,3678.5300,3678.5300
1974-10-24,3627.4900,3627.4900,3627.4900,3627.4900
1974-10-25,3580.3301,3580.3301,3580.3301,3580.3301
1974-10-28,3403.6101,3403.6101,3403.6101,3403.6101
1974-10-29,3513.6899,3513.6899,3513.6899,3513.6899
1974-10-30,3478.4299,3478.4299,3478.4299,3478.4299
1974-10-31,3594.5500,3594.5500,3594.5500,3594.5500
1974-11-01,3547.5801,3547.5801,3547.5801,3547.5801
1974-11-05,3558.3101,3558.3101,3558.3101,3558.3101
1974-11-06,3578.0801,3578.0801,3578.0801,3578.0801
1974-11-07,3612.5200,3612.5200,3612.5200,3612.5200
1974-11-08,3648.8201,3648.8201,3648.8201,3648.8201
1974-11-11,3732.2300,3732.2300,3732.2300,3732.2300
1974-11-12,3773.1001,3773.1001,3773.1001,3773.1001
1974-11-13,3775.9099,3775.9099,3775.9099,3775.9099
1974-11-14,3795.1299,3795.1299,3795.1299,3795.1299
1974-11-15,3765.7800,3765.7800,3765.7800,3765.7800
1974-11-18,3738.5601,3738.5601,3738.5601,3738.5601
1974-11-19,3707.2300,3707.2300,3707.2300,3707.2300
1974-11-20,3694.9900,3694.9900,3694.9900,3694.9900
1974-11-21,3665.1001,3665.1001,3665.1001,3665.1001
1974-11-22,3759.8601,3759.8601,3759.8601,3759.8601
1974-11-25,3823.0701,3823.0701,3823.0701,3823.0701
1974-11-26,3860.5801,3860.5801,3860.5801,3860.5801
1974-11-27,3929.3701,3929.3701,3929.3701,3929.3701
1974-11-28,3918.5500,3918.5500,3918.5500,3918.5500
1974-11-29,3927.4900,3927.4900,3927.4900,3927.4900
1974-12-02,3974.7200,3974.7200,3974.7200,3974.7200
1974-12-03,3953.7100,3953.7100,3953.7100,3953.7100
1974-12-04,3908.2500,3908.2500,3908.2500,3908.2500
1974-12-05,3904.9399,3904.9399,3904.9399,3904.9399
1974-12-06,3850.1699,3850.1699,3850.1699,3850.1699
1974-12-09,3970.6599,3970.6599,3970.6599,3970.6599
1974-12-10,3943.4299,3943.4299,3943.4299,3943.4299
1974-12-11,3931.3799,3931.3799,3931.3799,3931.3799
1974-12-12,3920.3501,3920.3501,3920.3501,3920.3501
1974-12-13,3886.1799,3886.1799,3886.1799,3886.1799
1974-12-16,3902.2000,3902.2000,3902.2000,3902.2000
1974-12-17,3903.0801,3903.0801,3903.0801,3903.0801
1974-12-18,3916.6201,3916.6201,3916.6201,3916.6201
1974-12-19,3903.5901,3903.5901,3903.5901,3903.5901
1974-12-20,3886.5400,3886.5400,3886.5400,3886.5400
1974-12-24,3834.2100,3834.2100,3834.2100,3834.2100
1974-12-25,3896.0100,3896.0100,3896.0100,3896.0100
1974-12-26,3889.8899,3889.8899,3889.8899,3889.8899
1974-12-27,3836.9299,3836.9299,3836.9299,3836.9299
1974-12-30,3836.9299,3836.9299,3836.9299,3836.9299
1975-01-06,3717.5801,3717.5801,3717.5801,3717.5801
1975-01-07,3742.5801,3742.5801,3742.5801,3742.5801
1975-01-08,3676.0200,3676.0200,3676.0200,3676.0200
1975-01-09,3652.5300,3652.5300,3652.5300,3652.5300
1975-01-13,3657.8201,3657.8201,3657.8201,3657.8201
1975-01-14,3721.7500,3721.7500,3721.7500,3721.7500
1975-01-16,3741.2000,3741.2000,3741.2000,3741.2000
1975-01-17,3829.3701,3829.3701,3829.3701,3829.3701
1975-01-20,3823.3201,3823.3201,3823.3201,3823.3201
1975-01-21,3791.6201,3791.6201,3791.6201,3791.6201
1975-01-22,3765.9600,3765.9600,3765.9600,3765.9600
1975-01-23,3752.1599,3752.1599,3752.1599,3752.1599
1975-01-24,3747.0100,3747.0100,3747.0100,3747.0100
1975-01-27,3781.0901,3781.0901,3781.0901,3781.0901
1975-01-28,3841.9800,3841.9800,3841.9800,3841.9800
1975-01-29,3886.0901,3886.0901,3886.0901,3886.0901
1975-01-30,3949.1101,3949.1101,3949.1101,3949.1101
1975-01-31,3957.5300,3957.5300,3957.5300,3957.5300
1975-02-03,3998.5901,3998.5901,3998.5901,3998.5901
1975-02-04,4003.7500,4003.7500,4003.7500,4003.7500
1975-02-05,4037.7800,4037.7800,4037.7800,4037.7800
1975-02-06,4038.3501,4038.3501,4038.3501,4038.3501
1975-02-07,4036.4099,4036.4099,4036.4099,4036.4099
1975-02-10,4092.3000,4092.3000,4092.3000,4092.3000
1975-02-12,4094.3101,4094.3101,4094.3101,4094.3101
1975-02-13,4120.8901,4120.8901,4120.8901,4120.8901
1975-02-14,4107.6299,4107.6299,4107.6299,4107.6299
1975-02-17,4139.5098,4139.5098,4139.5098,4139.5098
1975-02-18,4084.9299,4084.9299,4084.9299,4084.9299
1975-02-19,4053.5300,4053.5300,4053.5300,4053.5300
1975-02-20,4095.3899,4095.3899,4095.3899,4095.3899
1975-02-21,4105.0498,4105.0498,4105.0498,4105.0498
1975-02-24,4182.8599,4182.8599,4182.8599,4182.8599
1975-02-25,4185.5000,4185.5000,4185.5000,4185.5000
1975-02-26,4206.3198,4206.3198,4206.3198,4206.3198
1975-02-27,4246.5898,4246.5898,4246.5898,4246.5898
1975-02-28,4273.3901,4273.3901,4273.3901,4273.3901
1975-03-03,4302.0400,4302.0400,4302.0400,4302.0400
1975-03-04,4265.7900,4265.7900,4265.7900,4265.7900
1975-03-05,4257.4199,4257.4199,4257.4199,4257.4199
1975-03-06,4260.2998,4260.2998,4260.2998,4260.2998
1975-03-07,4281.0400,4281.0400,4281.0400,4281.0400
1975-03-10,4330.1401,4330.1401,4330.1401,4330.1401
1975-03-11,4320.9502,4320.9502,4320.9502,4320.9502
1975-03-12,4348.0698,4348.0698,4348.0698,4348.0698
1975-03-13,4301.3198,4301.3198,4301.3198,4301.3198
1975-03-14,4260.5601,4260.5601,4260.5601,4260.5601
1975-03-17,4273.2998,4273.2998,4273.2998,4273.2998
1975-03-18,4293.4600,4293.4600,4293.4600,4293.4600
1975-03-19,4274.3799,4274.3799,4274.3799,4274.3799
1975-03-20,4246.9800,4246.9800,4246.9800,4246.9800
1975-03-24,4226.8701,4226.8701,4226.8701,4226.8701
1975-03-25,4247.4902,4247.4902,4247.4902,4247.4902
1975-03-26,4260.5200,4260.5200,4260.5200,4260.5200
1975-03-27,4320.5698,4320.5698,4320.5698,4320.5698
1975-03-28,4392.6201,4392.6201,4392.6201,4392.6201
1975-03-31,4484.9702,4484.9702,4484.9702,4484.9702
1975-04-01,4478.9702,4478.9702,4478.9702,4478.9702
1975-04-02,4492.2900,4492.2900,4492.2900,4492.2900
1975-04-03,4494.0298,4494.0298,4494.0298,4494.0298
1975-04-04,4442.9102,4442.9102,4442.9102,4442.9102
1975-04-07,4394.6802,4394.6802,4394.6802,4394.6802
1975-04-08,4405.1201,4405.1201,4405.1201,4405.1201
1975-04-09,4450.9600,4450.9600,4450.9600,4450.9600
1975-04-10,4461.8599,4461.8599,4461.8599,4461.8599
1975-04-11,4461.1602,4461.1602,4461.1602,4461.1602
1975-04-14,4473.1802,4473.1802,4473.1802,4473.1802
1975-04-15,4443.5698,4443.5698,4443.5698,4443.5698
1975-04-16,4421.6499,4421.6499,4421.6499,4421.6499
1975-04-17,4422.7100,4422.7100,4422.7100,4422.7100
1975-04-18,4421.4399,4421.4399,4421.4399,4421.4399
1975-04-21,4398.6201,4398.6201,4398.6201,4398.6201
1975-04-22,4355.1099,4355.1099,4355.1099,4355.1099
1975-04-23,4371.9702,4371.9702,4371.9702,4371.9702
1975-04-24,4365.3398,4365.3398,4365.3398,4365.3398
1975-04-25,4391.9902,4391.9902,4391.9902,4391.9902
1975-04-28,4474.5000,4474.5000,4474.5000,4474.5000
1975-04-30,4484.8398,4484.8398,4484.8398,4484.8398
1975-05-01,4504.3101,4504.3101,4504.3101,4504.3101
1975-05-02,4548.0400,4548.0400,4548.0400,4548.0400
1975-05-06,4548.3999,4548.3999,4548.3999,4548.3999
1975-05-07,4546.4600,4546.4600,4546.4600,4546.4600
1975-05-08,4552.6099,4552.6099,4552.6099,4552.6099
1975-05-09,4534.8701,4534.8701,4534.8701,4534.8701
1975-05-12,4564.5200,4564.5200,4564.5200,4564.5200
1975-05-13,4515.1602,4515.1602,4515.1602,4515.1602
1975-05-14,4522.6299,4522.6299,4522.6299,4522.6299
1975-05-15,4551.6001,4551.6001,4551.6001,4551.6001
1975-05-16,4544.9800,4544.9800,4544.9800,4544.9800
1975-05-19,4511.3599,4511.3599,4511.3599,4511.3599
1975-05-20,4518.7700,4518.7700,4518.7700,4518.7700
1975-05-21,4504.6802,4504.6802,4504.6802,4504.6802
1975-05-22,4521.4800,4521.4800,4521.4800,4521.4800
1975-05-23,4473.6499,4473.6499,4473.6499,4473.6499
1975-05-26,4457.3799,4457.3799,4457.3799,4457.3799
1975-05-27,4469.5898,4469.5898,4469.5898,4469.5898
1975-05-28,4459.1602,4459.1602,4459.1602,4459.1602
1975-05-29,4423.3999,4423.3999,4423.3999,4423.3999
1975-05-30,4407.7300,4407.7300,4407.7300,4407.7300
1975-06-02,4378.5098,4378.5098,4378.5098,4378.5098
1975-06-03,4399.9399,4399.9399,4399.9399,4399.9399
1975-06-04,4466.6401,4466.6401,4466.6401,4466.6401
1975-06-05,4486.7798,4486.7798,4486.7798,4486.7798
1975-06-06,4534.6602,4534.6602,4534.6602,4534.6602
1975-06-09,4489.0200,4489.0200,4489.0200,4489.0200
1975-06-10,4476.0000,4476.0000,4476.0000,4476.0000
1975-06-11,4490.4600,4490.4600,4490.4600,4490.4600
1975-06-12,4473.9199,4473.9199,4473.9199,4473.9199
1975-06-13,4468.8198,4468.8198,4468.8198,4468.8198
1975-06-16,4506.2002,4506.2002,4506.2002,4506.2002
1975-06-17,4510.2300,4510.2300,4510.2300,4510.2300
1975-06-18,4498.1899,4498.1899,4498.1899,4498.1899
1975-06-19,4496.9902,4496.9902,4496.9902,4496.9902
1975-06-20,4488.5498,4488.5498,4488.5498,4488.5498
1975-06-23,4500.2500,4500.2500,4500.2500,4500.2500
1975-06-24,4523.6899,4523.6899,4523.6899,4523.6899
1975-06-25,4515.6099,4515.6099,4515.6099,4515.6099
1975-06-26,4485.0000,4485.0000,4485.0000,4485.0000
1975-06-27,4498.1099,4498.1099,4498.1099,4498.1099
1975-06-30,4532.5400,4532.5400,4532.5400,4532.5400
1975-07-01,4541.2500,4541.2500,4541.2500,4541.2500
1975-07-02,4531.4399,4531.4399,4531.4399,4531.4399
1975-07-03,4491.4702,4491.4702,4491.4702,4491.4702
1975-07-04,4445.7202,4445.7202,4445.7202,4445.7202
1975-07-07,4410.6001,4410.6001,4410.6001,4410.6001
1975-07-08,4389.9302,4389.9302,4389.9302,4389.9302
1975-07-09,4413.1699,4413.1699,4413.1699,4413.1699
1975-07-10,4408.3701,4408.3701,4408.3701,4408.3701
1975-07-11,4427.3198,4427.3198,4427.3198,4427.3198
1975-07-14,4427.5400,4427.5400,4427.5400,4427.5400
1975-07-15,4432.0200,4432.0200,4432.0200,4432.0200
1975-07-16,4435.2500,4435.2500,4435.2500,4435.2500
1975-07-17,4395.7300,4395.7300,4395.7300,4395.7300
1975-07-18,4377.3701,4377.3701,4377.3701,4377.3701
1975-07-22,4302.2900,4302.2900,4302.2900,4302.2900
1975-07-23,4321.4800,4321.4800,4321.4800,4321.4800
1975-07-24,4306.7998,4306.7998,4306.7998,4306.7998
1975-07-25,4322.9399,4322.9399,4322.9399,4322.9399
1975-07-28,4290.9600,4290.9600,4290.9600,4290.9600
1975-07-29,4329.9502,4329.9502,4329.9502,4329.9502
1975-07-30,4311.3101,4311.3101,4311.3101,4311.3101
1975-07-31,4333.0400,4333.0400,4333.0400,4333.0400
1975-08-01,4292.5498,4292.5498,4292.5498,4292.5498
1975-08-04,4305.0098,4305.0098,4305.0098,4305.0098
1975-08-05,4259.2300,4259.2300,4259.2300,4259.2300
1975-08-06,4238.9600,4238.9600,4238.9600,4238.9600
1975-08-07,4215.8799,4215.8799,4215.8799,4215.8799
1975-08-08,4244.8101,4244.8101,4244.8101,4244.8101
1975-08-11,4240.6201,4240.6201,4240.6201,4240.6201
1975-08-12,4217.4902,4217.4902,4217.4902,4217.4902
1975-08-13,4194.4902,4194.4902,4194.4902,4194.4902
1975-08-14,4205.7300,4205.7300,4205.7300,4205.7300
1975-08-15,4229.6699,4229.6699,4229.6699,4229.6699
1975-08-18,4238.6001,4238.6001,4238.6001,4238.6001
1975-08-19,4224.8599,4224.8599,4224.8599,4224.8599
1975-08-20,4183.9702,4183.9702,4183.9702,4183.9702
1975-08-21,4159.7900,4159.7900,4159.7900,4159.7900
1975-08-22,4134.9902,4134.9902,4134.9902,4134.9902
1975-08-25,4098.5898,4098.5898,4098.5898,4098.5898
1975-08-26,4051.0400,4051.0400,4051.0400,4051.0400
1975-08-27,4036.3401,4036.3401,4036.3401,4036.3401
1975-08-28,4007.1399,4007.1399,4007.1399,4007.1399
1975-08-29,4060.5701,4060.5701,4060.5701,4060.5701
1975-09-01,4045.9800,4045.9800,4045.9800,4045.9800
1975-09-02,4047.8201,4047.8201,4047.8201,4047.8201
1975-09-03,4011.3501,4011.3501,4011.3501,4011.3501
1975-09-04,3949.5300,3949.5300,3949.5300,3949.5300
1975-09-05,3887.8899,3887.8899,3887.8899,3887.8899
1975-09-08,3972.8000,3972.8000,3972.8000,3972.8000
1975-09-09,3947.1201,3947.1201,3947.1201,3947.1201
1975-09-10,3963.0200,3963.0200,3963.0200,3963.0200
1975-09-11,4002.8899,4002.8899,4002.8899,4002.8899
1975-09-12,4027.8301,4027.8301,4027.8301,4027.8301
1975-09-16,4031.7500,4031.7500,4031.7500,4031.7500
1975-09-17,4024.9399,4024.9399,4024.9399,4024.9399
1975-09-18,3992.9099,3992.9099,3992.9099,3992.9099
1975-09-19,3973.7100,3973.7100,3973.7100,3973.7100
1975-09-22,3934.1799,3934.1799,3934.1799,3934.1799
1975-09-24,3942.3000,3942.3000,3942.3000,3942.3000
1975-09-25,3933.3201,3933.3201,3933.3201,3933.3201
1975-09-26,3895.0500,3895.0500,3895.0500,3895.0500
1975-09-29,3814.0200,3814.0200,3814.0200,3814.0200
1975-09-30,3886.3899,3886.3899,3886.3899,3886.3899
1975-10-01,3870.1101,3870.1101,3870.1101,3870.1101
1975-10-02,3891.0901,3891.0901,3891.0901,3891.0901
1975-10-03,3981.5300,3981.5300,3981.5300,3981.5300
1975-10-06,4101.6802,4101.6802,4101.6802,4101.6802
1975-10-07,4100.8198,4100.8198,4100.8198,4100.8198
1975-10-08,4149.5000,4149.5000,4149.5000,4149.5000
1975-10-09,4201.6201,4201.6201,4201.6201,4201.6201
1975-10-13,4180.6401,4180.6401,4180.6401,4180.6401
1975-10-14,4213.8101,4213.8101,4213.8101,4213.8101
1975-10-15,4234.9702,4234.9702,4234.9702,4234.9702
1975-10-16,4233.1499,4233.1499,4233.1499,4233.1499
1975-10-17,4257.8599,4257.8599,4257.8599,4257.8599
1975-10-20,4289.2002,4289.2002,4289.2002,4289.2002
1975-10-21,4260.5898,4260.5898,4260.5898,4260.5898
1975-10-22,4294.1499,4294.1499,4294.1499,4294.1499
1975-10-23,4296.6602,4296.6602,4296.6602,4296.6602
1975-10-24,4311.1201,4311.1201,4311.1201,4311.1201
1975-10-27,4332.7900,4332.7900,4332.7900,4332.7900
1975-10-28,4320.1001,4320.1001,4320.1001,4320.1001
1975-10-29,4360.4199,4360.4199,4360.4199,4360.4199
1975-10-30,4322.3301,4322.3301,4322.3301,4322.3301
1975-10-31,4352.0498,4352.0498,4352.0498,4352.0498
1975-11-04,4339.4800,4339.4800,4339.4800,4339.4800
1975-11-05,4306.8999,4306.8999,4306.8999,4306.8999
1975-11-06,4282.2598,4282.2598,4282.2598,4282.2598
1975-11-07,4322.8501,4322.8501,4322.8501,4322.8501
1975-11-10,4354.9600,4354.9600,4354.9600,4354.9600
1975-11-11,4335.3901,4335.3901,4335.3901,4335.3901
1975-11-12,4337.6499,4337.6499,4337.6499,4337.6499
1975-11-13,4309.8799,4309.8799,4309.8799,4309.8799
1975-11-14,4313.7700,4313.7700,4313.7700,4313.7700
1975-11-17,4312.0698,4312.0698,4312.0698,4312.0698
1975-11-18,4318.3599,4318.3599,4318.3599,4318.3599
1975-11-19,4282.3901,4282.3901,4282.3901,4282.3901
1975-11-20,4307.7700,4307.7700,4307.7700,4307.7700
1975-11-21,4287.9302,4287.9302,4287.9302,4287.9302
1975-11-25,4245.3901,4245.3901,4245.3901,4245.3901
1975-11-26,4301.7202,4301.7202,4301.7202,4301.7202
1975-11-27,4323.2202,4323.2202,4323.2202,4323.2202
1975-11-28,4329.7700,4329.7700,4329.7700,4329.7700
1975-12-01,4306.7500,4306.7500,4306.7500,4306.7500
1975-12-02,4305.2002,4305.2002,4305.2002,4305.2002
1975-12-03,4331.8799,4331.8799,4331.8799,4331.8799
1975-12-04,4307.1699,4307.1699,4307.1699,4307.1699
1975-12-05,4310.0000,4310.0000,4310.0000,4310.0000
1975-12-08,4267.4902,4267.4902,4267.4902,4267.4902
1975-12-09,4233.0200,4233.0200,4233.0200,4233.0200
1975-12-10,4249.1201,4249.1201,4249.1201,4249.1201
1975-12-11,4249.5498,4249.5498,4249.5498,4249.5498
1975-12-12,4230.2100,4230.2100,4230.2100,4230.2100
1975-12-15,4225.0498,4225.0498,4225.0498,4225.0498
1975-12-16,4212.1602,4212.1602,4212.1602,4212.1602
1975-12-17,4177.1201,4177.1201,4177.1201,4177.1201
1975-12-18,4181.5400,4181.5400,4181.5400,4181.5400
1975-12-19,4220.2500,4220.2500,4220.2500,4220.2500
1975-12-22,4235.0098,4235.0098,4235.0098,4235.0098
1975-12-24,4258.2998,4258.2998,4258.2998,4258.2998
1975-12-25,4310.2500,4310.2500,4310.2500,4310.2500
1975-12-26,4342.0601,4342.0601,4342.0601,4342.0601
1975-12-29,4342.0601,4342.0601,4342.0601,4342.0601
1975-12-30,4342.0601,4342.0601,4342.0601,4342.0601
1976-01-05,4403.0601,4403.0601,4403.0601,4403.0601
1976-01-06,4449.7002,4449.7002,4449.7002,4449.7002
1976-01-07,4469.1001,4469.1001,4469.1001,4469.1001
1976-01-08,4485.7700,4485.7700,4485.7700,4485.7700
1976-01-09,4484.0498,4484.0498,4484.0498,4484.0498
1976-01-12,4580.7700,4580.7700,4580.7700,4580.7700
1976-01-13,4588.4600,4588.4600,4588.4600,4588.4600
1976-01-14,4605.1899,4605.1899,4605.1899,4605.1899
1976-01-16,4629.5601,4629.5601,4629.5601,4629.5601
1976-01-19,4609.2598,4609.2598,4609.2598,4609.2598
1976-01-20,4627.0200,4627.0200,4627.0200,4627.0200
1976-01-21,4617.3999,4617.3999,4617.3999,4617.3999
1976-01-22,4568.1602,4568.1602,4568.1602,4568.1602
1976-01-23,4582.5898,4582.5898,4582.5898,4582.5898
1976-01-26,4639.6201,4639.6201,4639.6201,4639.6201
1976-01-27,4660.4600,4660.4600,4660.4600,4660.4600
1976-01-28,4637.4102,4637.4102,4637.4102,4637.4102
1976-01-29,4626.8501,4626.8501,4626.8501,4626.8501
1976-01-30,4656.8599,4656.8599,4656.8599,4656.8599
1976-02-02,4670.2900,4670.2900,4670.2900,4670.2900
1976-02-03,4631.4199,4631.4199,4631.4199,4631.4199
1976-02-04,4649.6899,4649.6899,4649.6899,4649.6899
1976-02-05,4633.9502,4633.9502,4633.9502,4633.9502
1976-02-06,4587.7700,4587.7700,4587.7700,4587.7700
1976-02-09,4519.0200,4519.0200,4519.0200,4519.0200
1976-02-10,4520.5000,4520.5000,4520.5000,4520.5000
1976-02-12,4537.7900,4537.7900,4537.7900,4537.7900
1976-02-13,4568.1299,4568.1299,4568.1299,4568.1299
1976-02-16,4539.5000,4539.5000,4539.5000,4539.5000
1976-02-17,4540.5498,4540.5498,4540.5498,4540.5498
1976-02-18,4506.6602,4506.6602,4506.6602,4506.6602
1976-02-19,4461.6299,4461.6299,4461.6299,4461.6299
1976-02-20,4489.2300,4489.2300,4489.2300,4489.2300
1976-02-23,4496.3701,4496.3701,4496.3701,4496.3701
1976-02-24,4500.5298,4500.5298,4500.5298,4500.5298
1976-02-25,4554.3301,4554.3301,4554.3301,4554.3301
1976-02-26,4599.3999,4599.3999,4599.3999,4599.3999
1976-02-27,4628.7598,4628.7598,4628.7598,4628.7598
1976-03-01,4630.5298,4630.5298,4630.5298,4630.5298
1976-03-02,4622.7100,4622.7100,4622.7100,4622.7100
1976-03-03,4618.4800,4618.4800,4618.4800,4618.4800
1976-03-04,4610.2798,4610.2798,4610.2798,4610.2798
1976-03-05,4612.5898,4612.5898,4612.5898,4612.5898
1976-03-08,4592.5000,4592.5000,4592.5000,4592.5000
1976-03-09,4587.4399,4587.4399,4587.4399,4587.4399
1976-03-10,4607.5000,4607.5000,4607.5000,4607.5000
1976-03-11,4611.2202,4611.2202,4611.2202,4611.2202
1976-03-12,4598.7900,4598.7900,4598.7900,4598.7900
1976-03-15,4607.2998,4607.2998,4607.2998,4607.2998
1976-03-16,4590.9102,4590.9102,4590.9102,4590.9102
1976-03-17,4582.9399,4582.9399,4582.9399,4582.9399
1976-03-18,4601.8701,4601.8701,4601.8701,4601.8701
1976-03-19,4610.6899,4610.6899,4610.6899,4610.6899
1976-03-23,4626.4702,4626.4702,4626.4702,4626.4702
1976-03-24,4635.4502,4635.4502,4635.4502,4635.4502
1976-03-25,4622.7002,4622.7002,4622.7002,4622.7002
1976-03-26,4670.7798,4670.7798,4670.7798,4670.7798
1976-03-29,4566.7002,4566.7002,4566.7002,4566.7002
1976-03-30,4552.5298,4552.5298,4552.5298,4552.5298
1976-03-31,4596.4800,4596.4800,4596.4800,4596.4800
1976-04-01,4581.8198,4581.8198,4581.8198,4581.8198
1976-04-02,4574.3599,4574.3599,4574.3599,4574.3599
1976-04-05,4511.8799,4511.8799,4511.8799,4511.8799
1976-04-06,4479.9702,4479.9702,4479.9702,4479.9702
1976-04-07,4522.5298,4522.5298,4522.5298,4522.5298
1976-04-08,4500.5098,4500.5098,4500.5098,4500.5098
1976-04-09,4464.2500,4464.2500,4464.2500,4464.2500
1976-04-12,4423.1001,4423.1001,4423.1001,4423.1001
1976-04-13,4408.2100,4408.2100,4408.2100,4408.2100
1976-04-14,4413.1899,4413.1899,4413.1899,4413.1899
1976-04-15,4457.7300,4457.7300,4457.7300,4457.7300
1976-04-16,4475.1001,4475.1001,4475.1001,4475.1001
1976-04-19,4477.4199,4477.4199,4477.4199,4477.4199
1976-04-20,4508.7998,4508.7998,4508.7998,4508.7998
1976-04-21,4535.8198,4535.8198,4535.8198,4535.8198
1976-04-22,4553.0801,4553.0801,4553.0801,4553.0801
1976-04-23,4573.3101,4573.3101,4573.3101,4573.3101
1976-04-26,4566.0698,4566.0698,4566.0698,4566.0698
1976-04-27,4614.9399,4614.9399,4614.9399,4614.9399
1976-04-28,4641.7598,4641.7598,4641.7598,4641.7598
1976-04-30,4656.9600,4656.9600,4656.9600,4656.9600
1976-05-06,4581.7100,4581.7100,4581.7100,4581.7100
1976-05-07,4614.8301,4614.8301,4614.8301,4614.8301
1976-05-10,4631.1802,4631.1802,4631.1802,4631.1802
1976-05-11,4625.9800,4625.9800,4625.9800,4625.9800
1976-05-12,4615.1099,4615.1099,4615.1099,4615.1099
1976-05-13,4648.0601,4648.0601,4648.0601,4648.0601
1976-05-14,4633.1899,4633.1899,4633.1899,4633.1899
1976-05-17,4630.6299,4630.6299,4630.6299,4630.6299
1976-05-18,4573.2900,4573.2900,4573.2900,4573.2900
1976-05-19,4587.7998,4587.7998,4587.7998,4587.7998
1976-05-20,4602.6201,4602.6201,4602.6201,4602.6201
1976-05-21,4581.7002,4581.7002,4581.7002,4581.7002
1976-05-24,4589.8999,4589.8999,4589.8999,4589.8999
1976-05-25,4569.0801,4569.0801,4569.0801,4569.0801
1976-05-26,4588.1499,4588.1499,4588.1499,4588.1499
1976-05-27,4570.7202,4570.7202,4570.7202,4570.7202
1976-05-28,4608.9502,4608.9502,4608.9502,4608.9502
1976-05-31,4659.4600,4659.4600,4659.4600,4659.4600
1976-06-01,4686.0000,4686.0000,4686.0000,4686.0000
1976-06-02,4706.5000,4706.5000,4706.5000,4706.5000
1976-06-03,4727.7100,4727.7100,4727.7100,4727.7100
1976-06-04,4717.3398,4717.3398,4717.3398,4717.3398
1976-06-07,4733.9502,4733.9502,4733.9502,4733.9502
1976-06-08,4699.9600,4699.9600,4699.9600,4699.9600
1976-06-09,4705.8799,4705.8799,4705.8799,4705.8799
1976-06-10,4689.3501,4689.3501,4689.3501,4689.3501
1976-06-11,4688.5200,4688.5200,4688.5200,4688.5200
1976-06-14,4707.0498,4707.0498,4707.0498,4707.0498
1976-06-15,4737.7002,4737.7002,4737.7002,4737.7002
1976-06-16,4753.4399,4753.4399,4753.4399,4753.4399
1976-06-17,4737.3301,4737.3301,4737.3301,4737.3301
1976-06-18,4696.2998,4696.2998,4696.2998,4696.2998
1976-06-21,4739.2598,4739.2598,4739.2598,4739.2598
1976-06-22,4700.8501,4700.8501,4700.8501,4700.8501
1976-06-23,4703.1699,4703.1699,4703.1699,4703.1699
1976-06-24,4708.5298,4708.5298,4708.5298,4708.5298
1976-06-25,4725.4502,4725.4502,4725.4502,4725.4502
1976-06-28,4794.6802,4794.6802,4794.6802,4794.6802
1976-06-29,4823.9199,4823.9199,4823.9199,4823.9199
1976-06-30,4852.1299,4852.1299,4852.1299,4852.1299
1976-07-01,4865.5498,4865.5498,4865.5498,4865.5498
1976-07-02,4853.6802,4853.6802,4853.6802,4853.6802
1976-07-05,4846.5000,4846.5000,4846.5000,4846.5000
1976-07-06,4843.2798,4843.2798,4843.2798,4843.2798
1976-07-07,4854.5400,4854.5400,4854.5400,4854.5400
1976-07-08,4814.1699,4814.1699,4814.1699,4814.1699
1976-07-09,4839.0000,4839.0000,4839.0000,4839.0000
1976-07-12,4808.0298,4808.0298,4808.0298,4808.0298
1976-07-13,4775.3999,4775.3999,4775.3999,4775.3999
1976-07-14,4746.3901,4746.3901,4746.3901,4746.3901
1976-07-15,4695.6802,4695.6802,4695.6802,4695.6802
1976-07-16,4708.4800,4708.4800,4708.4800,4708.4800
1976-07-19,4688.4902,4688.4902,4688.4902,4688.4902
1976-07-21,4697.0898,4697.0898,4697.0898,4697.0898
1976-07-22,4705.2402,4705.2402,4705.2402,4705.2402
1976-07-23,4721.4800,4721.4800,4721.4800,4721.4800
1976-07-26,4667.1001,4667.1001,4667.1001,4667.1001
1976-07-27,4679.5098,4679.5098,4679.5098,4679.5098
1976-07-28,4678.2202,4678.2202,4678.2202,4678.2202
1976-07-29,4646.6001,4646.6001,4646.6001,4646.6001
1976-07-30,4641.8301,4641.8301,4641.8301,4641.8301
1976-08-02,4640.8901,4640.8901,4640.8901,4640.8901
1976-08-03,4651.5801,4651.5801,4651.5801,4651.5801
1976-08-04,4693.9702,4693.9702,4693.9702,4693.9702
1976-08-05,4707.8999,4707.8999,4707.8999,4707.8999
1976-08-06,4717.8701,4717.8701,4717.8701,4717.8701
1976-08-09,4711.8901,4711.8901,4711.8901,4711.8901
1976-08-10,4725.9800,4725.9800,4725.9800,4725.9800
1976-08-11,4743.9302,4743.9302,4743.9302,4743.9302
1976-08-12,4730.7798,4730.7798,4730.7798,4730.7798
1976-08-13,4736.9302,4736.9302,4736.9302,4736.9302
1976-08-16,4722.8301,4722.8301,4722.8301,4722.8301
1976-08-17,4729.8999,4729.8999,4729.8999,4729.8999
1976-08-18,4732.6299,4732.6299,4732.6299,4732.6299
1976-08-19,4734.0601,4734.0601,4734.0601,4734.0601
1976-08-20,4716.8701,4716.8701,4716.8701,4716.8701
1976-08-23,4696.6401,4696.6401,4696.6401,4696.6401
1976-08-24,4697.3101,4697.3101,4697.3101,4697.3101
1976-08-25,4695.0298,4695.0298,4695.0298,4695.0298
1976-08-26,4682.2998,4682.2998,4682.2998,4682.2998
1976-08-27,4689.6099,4689.6099,4689.6099,4689.6099
1976-08-30,4696.8398,4696.8398,4696.8398,4696.8398
1976-08-31,4738.1401,4738.1401,4738.1401,4738.1401
1976-09-01,4786.1499,4786.1499,4786.1499,4786.1499
1976-09-02,4781.8101,4781.8101,4781.8101,4781.8101
1976-09-03,4764.8398,4764.8398,4764.8398,4764.8398
1976-09-06,4739.3398,4739.3398,4739.3398,4739.3398
1976-09-07,4700.8101,4700.8101,4700.8101,4700.8101
1976-09-08,4699.4502,4699.4502,4699.4502,4699.4502
1976-09-09,4676.5698,4676.5698,4676.5698,4676.5698
1976-09-10,4707.7002,4707.7002,4707.7002,4707.7002
1976-09-13,4729.7002,4729.7002,4729.7002,4729.7002
1976-09-14,4702.8398,4702.8398,4702.8398,4702.8398
1976-09-16,4710.9702,4710.9702,4710.9702,4710.9702
1976-09-17,4722.8901,4722.8901,4722.8901,4722.8901
1976-09-20,4726.5498,4726.5498,4726.5498,4726.5498
1976-09-21,4738.6001,4738.6001,4738.6001,4738.6001
1976-09-22,4744.5000,4744.5000,4744.5000,4744.5000
1976-09-24,4730.6602,4730.6602,4730.6602,4730.6602
1976-09-27,4722.0601,4722.0601,4722.0601,4722.0601
1976-09-28,4781.7900,4781.7900,4781.7900,4781.7900
1976-09-29,4834.0898,4834.0898,4834.0898,4834.0898
1976-09-30,4830.3999,4830.3999,4830.3999,4830.3999
1976-10-01,4815.5400,4815.5400,4815.5400,4815.5400
1976-10-04,4835.2700,4835.2700,4835.2700,4835.2700
1976-10-05,4829.9399,4829.9399,4829.9399,4829.9399
1976-10-06,4825.3101,4825.3101,4825.3101,4825.3101
1976-10-07,4804.6099,4804.6099,4804.6099,4804.6099
1976-10-08,4778.7798,4778.7798,4778.7798,4778.7798
1976-10-12,4693.2402,4693.2402,4693.2402,4693.2402
1976-10-13,4704.5000,4704.5000,4704.5000,4704.5000
1976-10-14,4703.3701,4703.3701,4703.3701,4703.3701
1976-10-15,4703.3701,4703.3701,4703.3701,4703.3701
1976-10-18,4684.3701,4684.3701,4684.3701,4684.3701
1976-10-19,4645.3198,4645.3198,4645.3198,4645.3198
1976-10-20,4626.9902,4626.9902,4626.9902,4626.9902
1976-10-21,4637.9102,4637.9102,4637.9102,4637.9102
1976-10-22,4618.8101,4618.8101,4618.8101,4618.8101
1976-10-25,4615.5000,4615.5000,4615.5000,4615.5000
1976-10-26,4618.5298,4618.5298,4618.5298,4618.5298
1976-10-27,4633.2002,4633.2002,4633.2002,4633.2002
1976-10-28,4641.0298,4641.0298,4641.0298,4641.0298
1976-10-29,4646.2700,4646.2700,4646.2700,4646.2700
1976-11-01,4645.5400,4645.5400,4645.5400,4645.5400
1976-11-02,4619.0400,4619.0400,4619.0400,4619.0400
1976-11-04,4575.7402,4575.7402,4575.7402,4575.7402
1976-11-05,4522.1499,4522.1499,4522.1499,4522.1499
1976-11-08,4528.6099,4528.6099,4528.6099,4528.6099
1976-11-09,4558.8999,4558.8999,4558.8999,4558.8999
1976-11-10,4598.9399,4598.9399,4598.9399,4598.9399
1976-11-11,4586.9199,4586.9199,4586.9199,4586.9199
1976-11-12,4565.3901,4565.3901,4565.3901,4565.3901
1976-11-15,4553.1602,4553.1602,4553.1602,4553.1602
1976-11-16,4518.7100,4518.7100,4518.7100,4518.7100
1976-11-17,4514.1899,4514.1899,4514.1899,4514.1899
1976-11-18,4459.9102,4459.9102,4459.9102,4459.9102
1976-11-19,4451.6201,4451.6201,4451.6201,4451.6201
1976-11-22,4478.1401,4478.1401,4478.1401,4478.1401
1976-11-24,4534.1699,4534.1699,4534.1699,4534.1699
1976-11-25,4561.6699,4561.6699,4561.6699,4561.6699
1976-11-26,4571.2798,4571.2798,4571.2798,4571.2798
1976-11-29,4541.6099,4541.6099,4541.6099,4541.6099
1976-11-30,4506.6001,4506.6001,4506.6001,4506.6001
1976-12-01,4504.7798,4504.7798,4504.7798,4504.7798
1976-12-02,4496.5000,4496.5000,4496.5000,4496.5000
1976-12-03,4542.9199,4542.9199,4542.9199,4542.9199
1976-12-06,4585.9399,4585.9399,4585.9399,4585.9399
1976-12-07,4650.6201,4650.6201,4650.6201,4650.6201
1976-12-08,4717.5801,4717.5801,4717.5801,4717.5801
1976-12-09,4765.6201,4765.6201,4765.6201,4765.6201
1976-12-10,4765.2998,4765.2998,4765.2998,4765.2998
1976-12-13,4751.4902,4751.4902,4751.4902,4751.4902
1976-12-14,4731.0498,4731.0498,4731.0498,4731.0498
1976-12-15,4764.0298,4764.0298,4764.0298,4764.0298
1976-12-16,4765.0698,4765.0698,4765.0698,4765.0698
1976-12-17,4793.8501,4793.8501,4793.8501,4793.8501
1976-12-20,4820.1099,4820.1099,4820.1099,4820.1099
1976-12-21,4863.5298,4863.5298,4863.5298,4863.5298
1976-12-22,4911.8301,4911.8301,4911.8301,4911.8301
1976-12-24,4900.1899,4900.1899,4900.1899,4900.1899
1976-12-27,4973.6899,4973.6899,4973.6899,4973.6899
1976-12-28,4990.8501,4990.8501,4990.8501,4990.8501
1976-12-29,4990.8501,4990.8501,4990.8501,4990.8501
1976-12-30,4990.8501,4990.8501,4990.8501,4990.8501
1977-01-04,4998.8501,4998.8501,4998.8501,4998.8501
1977-01-05,4983.5698,4983.5698,4983.5698,4983.5698
1977-01-06,4950.7700,4950.7700,4950.7700,4950.7700
1977-01-07,4960.2202,4960.2202,4960.2202,4960.2202
1977-01-11,4937.0698,4937.0698,4937.0698,4937.0698
1977-01-12,4928.0200,4928.0200,4928.0200,4928.0200
1977-01-13,4958.0098,4958.0098,4958.0098,4958.0098
1977-01-14,4994.8198,4994.8198,4994.8198,4994.8198
1977-01-17,4983.0098,4983.0098,4983.0098,4983.0098
1977-01-18,4942.8101,4942.8101,4942.8101,4942.8101
1977-01-19,4989.5098,4989.5098,4989.5098,4989.5098
1977-01-20,4992.2598,4992.2598,4992.2598,4992.2598
1977-01-21,5011.9302,5011.9302,5011.9302,5011.9302
1977-01-24,5054.1099,5054.1099,5054.1099,5054.1099
1977-01-25,5044.5498,5044.5498,5044.5498,5044.5498
1977-01-26,5073.0000,5073.0000,5073.0000,5073.0000
1977-01-27,5046.0000,5046.0000,5046.0000,5046.0000
1977-01-28,5041.0098,5041.0098,5041.0098,5041.0098
1977-01-31,4962.4702,4962.4702,4962.4702,4962.4702
1977-02-01,5008.3198,5008.3198,5008.3198,5008.3198
1977-02-02,5071.9702,5071.9702,5071.9702,5071.9702
1977-02-03,5046.6001,5046.6001,5046.6001,5046.6001
1977-02-04,5065.2798,5065.2798,5065.2798,5065.2798
1977-02-07,5078.7500,5078.7500,5078.7500,5078.7500
1977-02-08,5086.7002,5086.7002,5086.7002,5086.7002
1977-02-09,5068.1099,5068.1099,5068.1099,5068.1099
1977-02-10,5053.9199,5053.9199,5053.9199,5053.9199
1977-02-14,4979.0298,4979.0298,4979.0298,4979.0298
1977-02-15,4987.7998,4987.7998,4987.7998,4987.7998
1977-02-16,5014.1699,5014.1699,5014.1699,5014.1699
1977-02-17,5056.5000,5056.5000,5056.5000,5056.5000
1977-02-18,5037.9302,5037.9302,5037.9302,5037.9302
1977-02-21,5037.9302,5037.9302,5037.9302,5037.9302
1977-02-22,5023.5200,5023.5200,5023.5200,5023.5200
1977-02-23,5024.5801,5024.5801,5024.5801,5024.5801
1977-02-24,5037.9102,5037.9102,5037.9102,5037.9102
1977-02-25,5041.7100,5041.7100,5041.7100,5041.7100
1977-02-28,5041.7100,5041.7100,5041.7100,5041.7100
1977-03-01,5044.1602,5044.1602,5044.1602,5044.1602
1977-03-02,5073.6499,5073.6499,5073.6499,5073.6499
1977-03-03,5057.6499,5057.6499,5057.6499,5057.6499
1977-03-04,5056.8901,5056.8901,5056.8901,5056.8901
1977-03-07,5056.8901,5056.8901,5056.8901,5056.8901
1977-03-08,5034.5200,5034.5200,5034.5200,5034.5200
1977-03-09,5009.5400,5009.5400,5009.5400,5009.5400
1977-03-10,5011.1401,5011.1401,5011.1401,5011.1401
1977-03-11,5111.5200,5111.5200,5111.5200,5111.5200
1977-03-14,5111.5200,5111.5200,5111.5200,5111.5200
1977-03-15,4962.6001,4962.6001,4962.6001,4962.6001
1977-03-16,4997.0601,4997.0601,4997.0601,4997.0601
1977-03-17,4998.6099,4998.6099,4998.6099,4998.6099
1977-03-18,4988.8501,4988.8501,4988.8501,4988.8501
1977-03-22,4988.8501,4988.8501,4988.8501,4988.8501
1977-03-23,4989.0898,4989.0898,4989.0898,4989.0898
1977-03-24,4978.3398,4978.3398,4978.3398,4978.3398
1977-03-25,4961.7998,4961.7998,4961.7998,4961.7998
1977-03-28,4961.7998,4961.7998,4961.7998,4961.7998
1977-03-29,4978.2500,4978.2500,4978.2500,4978.2500
1977-03-30,4987.9902,4987.9902,4987.9902,4987.9902
1977-03-31,5011.7500,5011.7500,5011.7500,5011.7500
1977-04-01,5008.3799,5008.3799,5008.3799,5008.3799
1977-04-04,5008.3799,5008.3799,5008.3799,5008.3799
1977-04-05,4970.6802,4970.6802,4970.6802,4970.6802
1977-04-06,4879.5298,4879.5298,4879.5298,4879.5298
1977-04-07,4893.3198,4893.3198,4893.3198,4893.3198
1977-04-08,4870.2402,4870.2402,4870.2402,4870.2402
1977-04-11,4870.2402,4870.2402,4870.2402,4870.2402
1977-04-12,4926.5601,4926.5601,4926.5601,4926.5601
1977-04-13,4969.0000,4969.0000,4969.0000,4969.0000
1977-04-14,5011.6001,5011.6001,5011.6001,5011.6001
1977-04-15,5021.1299,5021.1299,5021.1299,5021.1299
1977-04-18,5021.1299,5021.1299,5021.1299,5021.1299
1977-04-19,5034.7700,5034.7700,5034.7700,5034.7700
1977-04-20,5075.4302,5075.4302,5075.4302,5075.4302
1977-04-21,5118.4399,5118.4399,5118.4399,5118.4399
1977-04-22,5157.0698,5157.0698,5157.0698,5157.0698
1977-04-25,5157.0698,5157.0698,5157.0698,5157.0698
1977-04-26,5102.8999,5102.8999,5102.8999,5102.8999
1977-04-27,5092.8999,5092.8999,5092.8999,5092.8999
1977-04-28,5091.9600,5091.9600,5091.9600,5091.9600
1977-05-02,5099.0498,5099.0498,5099.0498,5099.0498
1977-05-06,5141.8599,5141.8599,5141.8599,5141.8599
1977-05-09,5141.8599,5141.8599,5141.8599,5141.8599
1977-05-10,5124.2100,5124.2100,5124.2100,5124.2100
1977-05-11,5088.5698,5088.5698,5088.5698,5088.5698
1977-05-12,5079.6099,5079.6099,5079.6099,5079.6099
1977-05-13,5048.9902,5048.9902,5048.9902,5048.9902
1977-05-16,5048.9902,5048.9902,5048.9902,5048.9902
1977-05-17,5044.5098,5044.5098,5044.5098,5044.5098
1977-05-18,5036.0801,5036.0801,5036.0801,5036.0801
1977-05-19,5032.8599,5032.8599,5032.8599,5032.8599
1977-05-20,5024.3799,5024.3799,5024.3799,5024.3799
1977-05-23,5024.3799,5024.3799,5024.3799,5024.3799
1977-05-24,5027.6099,5027.6099,5027.6099,5027.6099
1977-05-25,5023.8799,5023.8799,5023.8799,5023.8799
1977-05-26,5022.0400,5022.0400,5022.0400,5022.0400
1977-05-27,4989.2700,4989.2700,4989.2700,4989.2700
1977-05-30,4989.2700,4989.2700,4989.2700,4989.2700
1977-05-31,4986.2998,4986.2998,4986.2998,4986.2998
1977-06-01,5053.3999,5053.3999,5053.3999,5053.3999
1977-06-02,5014.5000,5014.5000,5014.5000,5014.5000
1977-06-03,4992.1602,4992.1602,4992.1602,4992.1602
1977-06-06,4992.1602,4992.1602,4992.1602,4992.1602
1977-06-07,5012.0601,5012.0601,5012.0601,5012.0601
1977-06-08,4965.4302,4965.4302,4965.4302,4965.4302
1977-06-09,4954.8301,4954.8301,4954.8301,4954.8301
1977-06-10,4955.2998,4955.2998,4955.2998,4955.2998
1977-06-13,4955.2998,4955.2998,4955.2998,4955.2998
1977-06-14,4926.4902,4926.4902,4926.4902,4926.4902
1977-06-15,4913.6802,4913.6802,4913.6802,4913.6802
1977-06-16,4918.5698,4918.5698,4918.5698,4918.5698
1977-06-17,4970.1899,4970.1899,4970.1899,4970.1899
1977-06-20,4970.1899,4970.1899,4970.1899,4970.1899
1977-06-21,4973.9199,4973.9199,4973.9199,4973.9199
1977-06-22,4956.6401,4956.6401,4956.6401,4956.6401
1977-06-23,4935.2500,4935.2500,4935.2500,4935.2500
1977-06-24,4950.5498,4950.5498,4950.5498,4950.5498
1977-06-27,4950.5498,4950.5498,4950.5498,4950.5498
1977-06-28,4999.5298,4999.5298,4999.5298,4999.5298
1977-06-29,5006.7900,5006.7900,5006.7900,5006.7900
1977-06-30,4989.0898,4989.0898,4989.0898,4989.0898
1977-07-01,4969.1499,4969.1499,4969.1499,4969.1499
1977-07-04,4969.1499,4969.1499,4969.1499,4969.1499
1977-07-05,4977.9800,4977.9800,4977.9800,4977.9800
1977-07-06,4942.5098,4942.5098,4942.5098,4942.5098
1977-07-07,4972.4902,4972.4902,4972.4902,4972.4902
1977-07-08,4985.4600,4985.4600,4985.4600,4985.4600
1977-07-11,4985.4600,4985.4600,4985.4600,4985.4600
1977-07-12,5079.2700,5079.2700,5079.2700,5079.2700
1977-07-13,5057.9502,5057.9502,5057.9502,5057.9502
1977-07-14,5054.5400,5054.5400,5054.5400,5054.5400
1977-07-15,5028.7798,5028.7798,5028.7798,5028.7798
1977-07-18,5028.7798,5028.7798,5028.7798,5028.7798
1977-07-19,5001.0200,5001.0200,5001.0200,5001.0200
1977-07-21,4963.4502,4963.4502,4963.4502,4963.4502
1977-07-22,4970.5801,4970.5801,4970.5801,4970.5801
1977-07-25,4970.5801,4970.5801,4970.5801,4970.5801
1977-07-26,4936.3901,4936.3901,4936.3901,4936.3901
1977-07-27,4916.5698,4916.5698,4916.5698,4916.5698
1977-07-28,4903.9399,4903.9399,4903.9399,4903.9399
1977-07-29,4849.3501,4849.3501,4849.3501,4849.3501
1977-08-01,4975.5000,4975.5000,4975.5000,4975.5000
1977-08-02,4970.7100,4970.7100,4970.7100,4970.7100
1977-08-03,5011.7402,5011.7402,5011.7402,5011.7402
1977-08-04,5059.1299,5059.1299,5059.1299,5059.1299
1977-08-05,5061.3398,5061.3398,5061.3398,5061.3398
1977-08-08,5061.3398,5061.3398,5061.3398,5061.3398
1977-08-09,5076.0898,5076.0898,5076.0898,5076.0898
1977-08-10,5066.6401,5066.6401,5066.6401,5066.6401
1977-08-11,5092.7900,5092.7900,5092.7900,5092.7900
1977-08-12,5133.9902,5133.9902,5133.9902,5133.9902
1977-08-15,5133.9902,5133.9902,5133.9902,5133.9902
1977-08-16,5202.0098,5202.0098,5202.0098,5202.0098
1977-08-17,5231.5801,5231.5801,5231.5801,5231.5801
1977-08-18,5216.0200,5216.0200,5216.0200,5216.0200
1977-08-19,5220.2598,5220.2598,5220.2598,5220.2598
1977-08-22,5220.2598,5220.2598,5220.2598,5220.2598
1977-08-23,5165.0400,5165.0400,5165.0400,5165.0400
1977-08-24,5183.6001,5183.6001,5183.6001,5183.6001
1977-08-25,5150.2402,5150.2402,5150.2402,5150.2402
1977-08-26,5180.3599,5180.3599,5180.3599,5180.3599
1977-08-29,5180.3599,5180.3599,5180.3599,5180.3599
1977-08-30,5234.1802,5234.1802,5234.1802,5234.1802
1977-08-31,5242.9302,5242.9302,5242.9302,5242.9302
1977-09-01,5148.6802,5148.6802,5148.6802,5148.6802
1977-09-02,5238.6001,5238.6001,5238.6001,5238.6001
1977-09-05,5238.6001,5238.6001,5238.6001,5238.6001
1977-09-06,5287.6499,5287.6499,5287.6499,5287.6499
1977-09-07,5270.7700,5270.7700,5270.7700,5270.7700
1977-09-08,5280.3101,5280.3101,5280.3101,5280.3101
1977-09-09,5251.3301,5251.3301,5251.3301,5251.3301
1977-09-12,5251.3301,5251.3301,5251.3301,5251.3301
1977-09-13,5203.1602,5203.1602,5203.1602,5203.1602
1977-09-14,5201.9302,5201.9302,5201.9302,5201.9302
1977-09-16,5206.1699,5206.1699,5206.1699,5206.1699
1977-09-19,5206.1699,5206.1699,5206.1699,5206.1699
1977-09-20,5177.7100,5177.7100,5177.7100,5177.7100
1977-09-21,5196.0898,5196.0898,5196.0898,5196.0898
1977-09-22,5188.4902,5188.4902,5188.4902,5188.4902
1977-09-26,5157.2998,5157.2998,5157.2998,5157.2998
1977-09-27,5159.7700,5159.7700,5159.7700,5159.7700
1977-09-28,5185.0000,5185.0000,5185.0000,5185.0000
1977-09-29,5222.4502,5222.4502,5222.4502,5222.4502
1977-09-30,5264.7402,5264.7402,5264.7402,5264.7402
1977-10-03,5264.7402,5264.7402,5264.7402,5264.7402
1977-10-04,5262.2598,5262.2598,5262.2598,5262.2598
1977-10-05,5223.0898,5223.0898,5223.0898,5223.0898
1977-10-06,5246.4902,5246.4902,5246.4902,5246.4902
1977-10-07,5237.4302,5237.4302,5237.4302,5237.4302
1977-10-11,5237.4302,5237.4302,5237.4302,5237.4302
1977-10-12,5138.0601,5138.0601,5138.0601,5138.0601
1977-10-13,5188.3901,5188.3901,5188.3901,5188.3901
1977-10-14,5152.8599,5152.8599,5152.8599,5152.8599
1977-10-17,5152.8599,5152.8599,5152.8599,5152.8599
1977-10-18,5108.2798,5108.2798,5108.2798,5108.2798
1977-10-19,5110.7998,5110.7998,5110.7998,5110.7998
1977-10-20,5142.5801,5142.5801,5142.5801,5142.5801
1977-10-21,5150.0498,5150.0498,5150.0498,5150.0498
1977-10-24,5150.0498,5150.0498,5150.0498,5150.0498
1977-10-25,5134.1499,5134.1499,5134.1499,5134.1499
1977-10-26,5127.5601,5127.5601,5127.5601,5127.5601
1977-10-27,5121.5400,5121.5400,5121.5400,5121.5400
1977-10-28,5120.5200,5120.5200,5120.5200,5120.5200
1977-10-31,5120.5200,5120.5200,5120.5200,5120.5200
1977-11-01,5155.3301,5155.3301,5155.3301,5155.3301
1977-11-02,5021.0801,5021.0801,5021.0801,5021.0801
1977-11-04,5024.8198,5024.8198,5024.8198,5024.8198
1977-11-07,5024.8198,5024.8198,5024.8198,5024.8198
1977-11-08,5024.2798,5024.2798,5024.2798,5024.2798
1977-11-09,4976.4302,4976.4302,4976.4302,4976.4302
1977-11-10,4974.6499,4974.6499,4974.6499,4974.6499
1977-11-11,4941.2100,4941.2100,4941.2100,4941.2100
1977-11-14,4941.2100,4941.2100,4941.2100,4941.2100
1977-11-15,4996.3501,4996.3501,4996.3501,4996.3501
1977-11-16,4951.7900,4951.7900,4951.7900,4951.7900
1977-11-17,4903.5000,4903.5000,4903.5000,4903.5000
1977-11-18,4836.5200,4836.5200,4836.5200,4836.5200
1977-11-21,4836.5200,4836.5200,4836.5200,4836.5200
1977-11-22,4829.2300,4829.2300,4829.2300,4829.2300
1977-11-24,4723.7402,4723.7402,4723.7402,4723.7402
1977-11-25,4597.2598,4597.2598,4597.2598,4597.2598
1977-11-28,4597.2598,4597.2598,4597.2598,4597.2598
1977-11-29,4822.5000,4822.5000,4822.5000,4822.5000
1977-11-30,4849.5601,4849.5601,4849.5601,4849.5601
1977-12-01,4898.0098,4898.0098,4898.0098,4898.0098
1977-12-02,4913.1201,4913.1201,4913.1201,4913.1201
1977-12-05,4913.1201,4913.1201,4913.1201,4913.1201
1977-12-06,4904.3999,4904.3999,4904.3999,4904.3999
1977-12-07,4886.6802,4886.6802,4886.6802,4886.6802
1977-12-08,4815.9199,4815.9199,4815.9199,4815.9199
1977-12-09,4843.3301,4843.3301,4843.3301,4843.3301
1977-12-12,4843.3301,4843.3301,4843.3301,4843.3301
1977-12-13,4808.9702,4808.9702,4808.9702,4808.9702
1977-12-14,4778.5298,4778.5298,4778.5298,4778.5298
1977-12-15,4808.9702,4808.9702,4808.9702,4808.9702
1977-12-16,4797.0400,4797.0400,4797.0400,4797.0400
1977-12-19,4797.0400,4797.0400,4797.0400,4797.0400
1977-12-20,4910.5400,4910.5400,4910.5400,4910.5400
1977-12-21,4901.1899,4901.1899,4901.1899,4901.1899
1977-12-22,4896.5601,4896.5601,4896.5601,4896.5601
1977-12-26,4878.9399,4878.9399,4878.9399,4878.9399
1977-12-27,4884.7598,4884.7598,4884.7598,4884.7598
1977-12-28,4863.0098,4863.0098,4863.0098,4863.0098
1977-12-29,4863.0098,4863.0098,4863.0098,4863.0098
1977-12-30,4863.0098,4863.0098,4863.0098,4863.0098
1978-01-04,4867.9102,4867.9102,4867.9102,4867.9102
1978-01-05,4941.1802,4941.1802,4941.1802,4941.1802
1978-01-06,4974.6499,4974.6499,4974.6499,4974.6499
1978-01-09,4994.7300,4994.7300,4994.7300,4994.7300
1978-01-11,5007.2300,5007.2300,5007.2300,5007.2300
1978-01-12,4995.9800,4995.9800,4995.9800,4995.9800
1978-01-13,5030.9800,5030.9800,5030.9800,5030.9800
1978-01-17,5038.9199,5038.9199,5038.9199,5038.9199
1978-01-18,5063.1099,5063.1099,5063.1099,5063.1099
1978-01-19,5066.1499,5066.1499,5066.1499,5066.1499
1978-01-20,5064.1001,5064.1001,5064.1001,5064.1001
1978-01-23,5046.2402,5046.2402,5046.2402,5046.2402
1978-01-24,5025.8901,5025.8901,5025.8901,5025.8901
1978-01-25,5007.2300,5007.2300,5007.2300,5007.2300
1978-01-26,5021.5098,5021.5098,5021.5098,5021.5098
1978-01-27,5028.4102,5028.4102,5028.4102,5028.4102
1978-01-30,5077.5400,5077.5400,5077.5400,5077.5400
1978-01-31,5111.6699,5111.6699,5111.6699,5111.6699
1978-02-01,5138.4702,5138.4702,5138.4702,5138.4702
1978-02-02,5135.3398,5135.3398,5135.3398,5135.3398
1978-02-03,5129.0000,5129.0000,5129.0000,5129.0000
1978-02-06,5133.0200,5133.0200,5133.0200,5133.0200
1978-02-07,5131.3198,5131.3198,5131.3198,5131.3198
1978-02-08,5144.6299,5144.6299,5144.6299,5144.6299
1978-02-09,5148.1201,5148.1201,5148.1201,5148.1201
1978-02-10,5144.5400,5144.5400,5144.5400,5144.5400
1978-02-13,5158.2998,5158.2998,5158.2998,5158.2998
1978-02-14,5136.2300,5136.2300,5136.2300,5136.2300
1978-02-15,5124.6201,5124.6201,5124.6201,5124.6201
1978-02-16,5131.9502,5131.9502,5131.9502,5131.9502
1978-02-17,5086.2998,5086.2998,5086.2998,5086.2998
1978-02-20,5086.2998,5086.2998,5086.2998,5086.2998
1978-02-21,5061.8198,5061.8198,5061.8198,5061.8198
1978-02-22,5085.3999,5085.3999,5085.3999,5085.3999
1978-02-23,5104.2500,5104.2500,5104.2500,5104.2500
1978-02-24,5121.7998,5121.7998,5121.7998,5121.7998
1978-02-27,5222.1201,5222.1201,5222.1201,5222.1201
1978-02-28,5222.6602,5222.6602,5222.6602,5222.6602
1978-03-01,5210.5801,5210.5801,5210.5801,5210.5801
1978-03-02,5213.8901,5213.8901,5213.8901,5213.8901
1978-03-03,5237.9600,5237.9600,5237.9600,5237.9600
1978-03-06,5197.8701,5197.8701,5197.8701,5197.8701
1978-03-07,5209.2402,5209.2402,5209.2402,5209.2402
1978-03-08,5190.6201,5190.6201,5190.6201,5190.6201
1978-03-09,5177.4702,5177.4702,5177.4702,5177.4702
1978-03-10,5211.7402,5211.7402,5211.7402,5211.7402
1978-03-13,5275.5498,5275.5498,5275.5498,5275.5498
1978-03-14,5269.2002,5269.2002,5269.2002,5269.2002
1978-03-15,5278.9502,5278.9502,5278.9502,5278.9502
1978-03-16,5297.6602,5297.6602,5297.6602,5297.6602
1978-03-17,5290.6699,5290.6699,5290.6699,5290.6699
1978-03-20,5269.7300,5269.7300,5269.7300,5269.7300
1978-03-22,5273.6699,5273.6699,5273.6699,5273.6699
1978-03-23,5266.7798,5266.7798,5266.7798,5266.7798
1978-03-24,5262.4800,5262.4800,5262.4800,5262.4800
1978-03-27,5317.0801,5317.0801,5317.0801,5317.0801
1978-03-28,5360.3398,5360.3398,5360.3398,5360.3398
1978-03-29,5400.7700,5400.7700,5400.7700,5400.7700
1978-03-30,5411.2798,5411.2798,5411.2798,5411.2798
1978-03-31,5447.7598,5447.7598,5447.7598,5447.7598
1978-04-03,5430.3301,5430.3301,5430.3301,5430.3301
1978-04-04,5479.7402,5479.7402,5479.7402,5479.7402
1978-04-05,5527.8999,5527.8999,5527.8999,5527.8999
1978-04-06,5498.2500,5498.2500,5498.2500,5498.2500
1978-04-07,5485.2202,5485.2202,5485.2202,5485.2202
1978-04-10,5464.8301,5464.8301,5464.8301,5464.8301
1978-04-11,5449.8198,5449.8198,5449.8198,5449.8198
1978-04-12,5464.6499,5464.6499,5464.6499,5464.6499
1978-04-13,5466.1802,5466.1802,5466.1802,5466.1802
1978-04-14,5503.5498,5503.5498,5503.5498,5503.5498
1978-04-17,5544.6099,5544.6099,5544.6099,5544.6099
1978-04-18,5534.7202,5534.7202,5534.7202,5534.7202
1978-04-19,5555.8398,5555.8398,5555.8398,5555.8398
1978-04-20,5548.5601,5548.5601,5548.5601,5548.5601
1978-04-21,5502.2900,5502.2900,5502.2900,5502.2900
1978-04-24,5514.7798,5514.7798,5514.7798,5514.7798
1978-04-25,5521.7002,5521.7002,5521.7002,5521.7002
1978-04-26,5540.5601,5540.5601,5540.5601,5540.5601
1978-04-27,5516.3398,5516.3398,5516.3398,5516.3398
1978-04-28,5534.1802,5534.1802,5534.1802,5534.1802
1978-05-01,5532.9302,5532.9302,5532.9302,5532.9302
1978-05-02,5541.1001,5541.1001,5541.1001,5541.1001
1978-05-08,5526.6401,5526.6401,5526.6401,5526.6401
1978-05-09,5490.2500,5490.2500,5490.2500,5490.2500
1978-05-10,5486.1201,5486.1201,5486.1201,5486.1201
1978-05-11,5489.2598,5489.2598,5489.2598,5489.2598
1978-05-12,5497.9800,5497.9800,5497.9800,5497.9800
1978-05-15,5499.5098,5499.5098,5499.5098,5499.5098
1978-05-16,5418.8301,5418.8301,5418.8301,5418.8301
1978-05-17,5440.1201,5440.1201,5440.1201,5440.1201
1978-05-18,5406.8799,5406.8799,5406.8799,5406.8799
1978-05-19,5404.1899,5404.1899,5404.1899,5404.1899
1978-05-22,5408.2300,5408.2300,5408.2300,5408.2300
1978-05-23,5417.4800,5417.4800,5417.4800,5417.4800
1978-05-24,5455.3101,5455.3101,5455.3101,5455.3101
1978-05-25,5455.9302,5455.9302,5455.9302,5455.9302
1978-05-26,5439.3999,5439.3999,5439.3999,5439.3999
1978-05-29,5439.9399,5439.9399,5439.9399,5439.9399
1978-05-30,5438.5098,5438.5098,5438.5098,5438.5098
1978-05-31,5469.7700,5469.7700,5469.7700,5469.7700
1978-06-01,5476.2402,5476.2402,5476.2402,5476.2402
1978-06-02,5480.5498,5480.5498,5480.5498,5480.5498
1978-06-05,5495.2798,5495.2798,5495.2798,5495.2798
1978-06-06,5489.7998,5489.7998,5489.7998,5489.7998
1978-06-07,5490.4302,5490.4302,5490.4302,5490.4302
1978-06-08,5504.7202,5504.7202,5504.7202,5504.7202
1978-06-09,5500.6699,5500.6699,5500.6699,5500.6699
1978-06-12,5511.9902,5511.9902,5511.9902,5511.9902
1978-06-13,5493.6699,5493.6699,5493.6699,5493.6699
1978-06-14,5502.1099,5502.1099,5502.1099,5502.1099
1978-06-15,5495.9102,5495.9102,5495.9102,5495.9102
1978-06-16,5491.5098,5491.5098,5491.5098,5491.5098
1978-06-19,5477.3198,5477.3198,5477.3198,5477.3198
1978-06-20,5474.7998,5474.7998,5474.7998,5474.7998
1978-06-21,5478.8398,5478.8398,5478.8398,5478.8398
1978-06-22,5483.8701,5483.8701,5483.8701,5483.8701
1978-06-23,5481.3599,5481.3599,5481.3599,5481.3599
1978-06-26,5481.2700,5481.2700,5481.2700,5481.2700
1978-06-27,5472.1001,5472.1001,5472.1001,5472.1001
1978-06-28,5501.0400,5501.0400,5501.0400,5501.0400
1978-06-29,5533.3101,5533.3101,5533.3101,5533.3101
1978-06-30,5543.1401,5543.1401,5543.1401,5543.1401
1978-07-03,5562.9702,5562.9702,5562.9702,5562.9702
1978-07-04,5562.0098,5562.0098,5562.0098,5562.0098
1978-07-05,5576.3398,5576.3398,5576.3398,5576.3398
1978-07-06,5588.1299,5588.1299,5588.1299,5588.1299
1978-07-07,5616.8901,5616.8901,5616.8901,5616.8901
1978-07-10,5631.3999,5631.3999,5631.3999,5631.3999
1978-07-11,5628.3198,5628.3198,5628.3198,5628.3198
1978-07-12,5627.2598,5627.2598,5627.2598,5627.2598
1978-07-13,5624.1899,5624.1899,5624.1899,5624.1899
1978-07-14,5629.2002,5629.2002,5629.2002,5629.2002
1978-07-17,5636.8501,5636.8501,5636.8501,5636.8501
1978-07-18,5636.1499,5636.1499,5636.1499,5636.1499
1978-07-19,5640.6299,5640.6299,5640.6299,5640.6299
1978-07-21,5614.2500,5614.2500,5614.2500,5614.2500
1978-07-24,5578.0098,5578.0098,5578.0098,5578.0098
1978-07-25,5562.4502,5562.4502,5562.4502,5562.4502
1978-07-26,5575.2900,5575.2900,5575.2900,5575.2900
1978-07-27,5575.1099,5575.1099,5575.1099,5575.1099
1978-07-28,5578.0200,5578.0200,5578.0200,5578.0200
1978-07-31,5601.3398,5601.3398,5601.3398,5601.3398
1978-08-01,5585.4102,5585.4102,5585.4102,5585.4102
1978-08-02,5550.8198,5550.8198,5550.8198,5550.8198
1978-08-03,5556.7202,5556.7202,5556.7202,5556.7202
1978-08-04,5576.6099,5576.6099,5576.6099,5576.6099
1978-08-07,5557.9502,5557.9502,5557.9502,5557.9502
1978-08-08,5492.2100,5492.2100,5492.2100,5492.2100
1978-08-09,5480.7700,5480.7700,5480.7700,5480.7700
1978-08-10,5496.7900,5496.7900,5496.7900,5496.7900
1978-08-11,5502.6001,5502.6001,5502.6001,5502.6001
1978-08-14,5508.1401,5508.1401,5508.1401,5508.1401
1978-08-15,5493.9702,5493.9702,5493.9702,5493.9702
1978-08-16,5497.9302,5497.9302,5497.9302,5497.9302
1978-08-17,5489.6602,5489.6602,5489.6602,5489.6602
1978-08-18,5495.5601,5495.5601,5495.5601,5495.5601
1978-08-21,5513.3301,5513.3301,5513.3301,5513.3301
1978-08-22,5518.8799,5518.8799,5518.8799,5518.8799
1978-08-23,5520.7300,5520.7300,5520.7300,5520.7300
1978-08-24,5503.7402,5503.7402,5503.7402,5503.7402
1978-08-25,5510.4302,5510.4302,5510.4302,5510.4302
1978-08-28,5506.1201,5506.1201,5506.1201,5506.1201
1978-08-29,5527.7700,5527.7700,5527.7700,5527.7700
1978-08-30,5557.4199,5557.4199,5557.4199,5557.4199
1978-08-31,5585.4102,5585.4102,5585.4102,5585.4102
1978-09-01,5599.5801,5599.5801,5599.5801,5599.5801
1978-09-04,5637.6802,5637.6802,5637.6802,5637.6802
1978-09-05,5641.3799,5641.3799,5641.3799,5641.3799
1978-09-06,5637.2402,5637.2402,5637.2402,5637.2402
1978-09-07,5651.2402,5651.2402,5651.2402,5651.2402
1978-09-08,5610.3101,5610.3101,5610.3101,5610.3101
1978-09-11,5640.2402,5640.2402,5640.2402,5640.2402
1978-09-12,5662.0601,5662.0601,5662.0601,5662.0601
1978-09-13,5661.8901,5661.8901,5661.8901,5661.8901
1978-09-14,5660.2998,5660.2998,5660.2998,5660.2998
1978-09-18,5672.3599,5672.3599,5672.3599,5672.3599
1978-09-19,5652.9102,5652.9102,5652.9102,5652.9102
1978-09-20,5622.1099,5622.1099,5622.1099,5622.1099
1978-09-21,5623.5098,5623.5098,5623.5098,5623.5098
1978-09-22,5637.1602,5637.1602,5637.1602,5637.1602
1978-09-25,5662.0601,5662.0601,5662.0601,5662.0601
1978-09-26,5693.9199,5693.9199,5693.9199,5693.9199
1978-09-27,5738.2700,5738.2700,5738.2700,5738.2700
1978-09-28,5754.2100,5754.2100,5754.2100,5754.2100
1978-09-29,5772.3599,5772.3599,5772.3599,5772.3599
1978-10-02,5780.8599,5780.8599,5780.8599,5780.8599
1978-10-03,5779.5298,5779.5298,5779.5298,5779.5298
1978-10-04,5787.8501,5787.8501,5787.8501,5787.8501
1978-10-05,5790.7700,5790.7700,5790.7700,5790.7700
1978-10-06,5792.5400,5792.5400,5792.5400,5792.5400
1978-10-09,5758.8999,5758.8999,5758.8999,5758.8999
1978-10-11,5757.5698,5757.5698,5757.5698,5757.5698
1978-10-12,5731.8901,5731.8901,5731.8901,5731.8901
1978-10-13,5727.9102,5727.9102,5727.9102,5727.9102
1978-10-16,5797.0601,5797.0601,5797.0601,5797.0601
1978-10-17,5837.6299,5837.6299,5837.6299,5837.6299
1978-10-18,5857.9102,5857.9102,5857.9102,5857.9102
1978-10-19,5872.5298,5872.5298,5872.5298,5872.5298
1978-10-20,5873.4199,5873.4199,5873.4199,5873.4199
1978-10-23,5860.2202,5860.2202,5860.2202,5860.2202
1978-10-24,5811.3198,5811.3198,5811.3198,5811.3198
1978-10-25,5834.8599,5834.8599,5834.8599,5834.8599
1978-10-26,5836.9800,5836.9800,5836.9800,5836.9800
1978-10-27,5887.3198,5887.3198,5887.3198,5887.3198
1978-10-30,5926.8198,5926.8198,5926.8198,5926.8198
1978-10-31,5902.9302,5902.9302,5902.9302,5902.9302
1978-11-01,5872.4199,5872.4199,5872.4199,5872.4199
1978-11-02,5895.8701,5895.8701,5895.8701,5895.8701
1978-11-06,5936.1699,5936.1699,5936.1699,5936.1699
1978-11-07,5943.9302,5943.9302,5943.9302,5943.9302
1978-11-08,5957.9399,5957.9399,5957.9399,5957.9399
1978-11-09,5948.2500,5948.2500,5948.2500,5948.2500
1978-11-10,5968.2598,5968.2598,5968.2598,5968.2598
1978-11-13,5973.3701,5973.3701,5973.3701,5973.3701
1978-11-14,5942.8701,5942.8701,5942.8701,5942.8701
1978-11-15,5900.1802,5900.1802,5900.1802,5900.1802
1978-11-16,5919.6802,5919.6802,5919.6802,5919.6802
1978-11-17,5933.8901,5933.8901,5933.8901,5933.8901
1978-11-20,5945.9800,5945.9800,5945.9800,5945.9800
1978-11-21,5955.3398,5955.3398,5955.3398,5955.3398
1978-11-22,5978.8198,5978.8198,5978.8198,5978.8198
1978-11-24,5985.4399,5985.4399,5985.4399,5985.4399
1978-11-27,5979.4399,5979.4399,5979.4399,5979.4399
1978-11-28,5945.2798,5945.2798,5945.2798,5945.2798
1978-11-29,5946.7798,5946.7798,5946.7798,5946.7798
1978-11-30,5967.4302,5967.4302,5967.4302,5967.4302
1978-12-01,6002.7402,6002.7402,6002.7402,6002.7402
1978-12-04,6056.5801,6056.5801,6056.5801,6056.5801
1978-12-05,6052.6899,6052.6899,6052.6899,6052.6899
1978-12-06,6050.9302,6050.9302,6050.9302,6050.9302
1978-12-07,6060.3701,6060.3701,6060.3701,6060.3701
1978-12-08,6074.9302,6074.9302,6074.9302,6074.9302
1978-12-11,6097.0000,6097.0000,6097.0000,6097.0000
1978-12-12,6079.2598,6079.2598,6079.2598,6079.2598
1978-12-13,6097.2598,6097.2598,6097.2598,6097.2598
1978-12-14,6083.9399,6083.9399,6083.9399,6083.9399
1978-12-15,6030.3599,6030.3599,6030.3599,6030.3599
1978-12-18,5978.4600,5978.4600,5978.4600,5978.4600
1978-12-19,5983.3198,5983.3198,5983.3198,5983.3198
1978-12-20,5974.6699,5974.6699,5974.6699,5974.6699
1978-12-21,5873.1699,5873.1699,5873.1699,5873.1699
1978-12-22,5884.2900,5884.2900,5884.2900,5884.2900
1978-12-25,5888.3501,5888.3501,5888.3501,5888.3501
1978-12-26,5925.6001,5925.6001,5925.6001,5925.6001
1978-12-27,5979.0801,5979.0801,5979.0801,5979.0801
1978-12-28,6001.8501,6001.8501,6001.8501,6001.8501
1978-12-29,6001.8501,6001.8501,6001.8501,6001.8501
1979-01-04,6041.5698,6041.5698,6041.5698,6041.5698
1979-01-05,6072.2900,6072.2900,6072.2900,6072.2900
1979-01-08,6076.8799,6076.8799,6076.8799,6076.8799
1979-01-09,6081.0898,6081.0898,6081.0898,6081.0898
1979-01-10,6100.3501,6100.3501,6100.3501,6100.3501
1979-01-11,6116.3701,6116.3701,6116.3701,6116.3701
1979-01-12,6113.4902,6113.4902,6113.4902,6113.4902
1979-01-16,6118.0400,6118.0400,6118.0400,6118.0400
1979-01-17,6111.8198,6111.8198,6111.8198,6111.8198
1979-01-18,6106.5698,6106.5698,6106.5698,6106.5698
1979-01-19,6106.1299,6106.1299,6106.1299,6106.1299
1979-01-22,6107.6201,6107.6201,6107.6201,6107.6201
1979-01-23,6126.0098,6126.0098,6126.0098,6126.0098
1979-01-24,6150.9600,6150.9600,6150.9600,6150.9600
1979-01-25,6157.7100,6157.7100,6157.7100,6157.7100
1979-01-26,6160.7100,6160.7100,6160.7100,6160.7100
1979-01-29,6192.2900,6192.2900,6192.2900,6192.2900
1979-01-30,6186.0801,6186.0801,6186.0801,6186.0801
1979-01-31,6212.7798,6212.7798,6212.7798,6212.7798
1979-02-01,6200.0000,6200.0000,6200.0000,6200.0000
1979-02-02,6187.2998,6187.2998,6187.2998,6187.2998
1979-02-05,6148.8599,6148.8599,6148.8599,6148.8599
1979-02-06,6095.1802,6095.1802,6095.1802,6095.1802
1979-02-07,6106.0400,6106.0400,6106.0400,6106.0400
1979-02-08,6100.7002,6100.7002,6100.7002,6100.7002
1979-02-09,6036.6001,6036.6001,6036.6001,6036.6001
1979-02-13,6023.6401,6023.6401,6023.6401,6023.6401
1979-02-14,6061.0298,6061.0298,6061.0298,6061.0298
1979-02-15,6101.9302,6101.9302,6101.9302,6101.9302
1979-02-16,6128.8999,6128.8999,6128.8999,6128.8999
1979-02-19,6124.9600,6124.9600,6124.9600,6124.9600
1979-02-20,6116.1099,6116.1099,6116.1099,6116.1099
1979-02-21,6097.3701,6097.3701,6097.3701,6097.3701
1979-02-22,6105.8301,6105.8301,6105.8301,6105.8301
1979-02-23,6080.9399,6080.9399,6080.9399,6080.9399
1979-02-26,6089.1201,6089.1201,6089.1201,6089.1201
1979-02-27,6065.2900,6065.2900,6065.2900,6065.2900
1979-02-28,6072.8799,6072.8799,6072.8799,6072.8799
1979-03-01,5975.5601,5975.5601,5975.5601,5975.5601
1979-03-02,5972.9399,5972.9399,5972.9399,5972.9399
1979-03-05,6014.2300,6014.2300,6014.2300,6014.2300
1979-03-06,5992.8398,5992.8398,5992.8398,5992.8398
1979-03-07,6017.2798,6017.2798,6017.2798,6017.2798
1979-03-08,6026.0098,6026.0098,6026.0098,6026.0098
1979-03-09,6042.9399,6042.9399,6042.9399,6042.9399
1979-03-12,6062.5801,6062.5801,6062.5801,6062.5801
1979-03-13,6058.2998,6058.2998,6058.2998,6058.2998
1979-03-14,6048.0098,6048.0098,6048.0098,6048.0098
1979-03-15,6024.5298,6024.5298,6024.5298,6024.5298
1979-03-16,6025.7500,6025.7500,6025.7500,6025.7500
1979-03-19,6029.8501,6029.8501,6029.8501,6029.8501
1979-03-20,6053.7700,6053.7700,6053.7700,6053.7700
1979-03-22,6074.7100,6074.7100,6074.7100,6074.7100
1979-03-23,6079.8599,6079.8599,6079.8599,6079.8599
1979-03-26,6101.6001,6101.6001,6101.6001,6101.6001
1979-03-27,6109.0200,6109.0200,6109.0200,6109.0200
1979-03-28,6108.2998,6108.2998,6108.2998,6108.2998
1979-03-29,6136.0200,6136.0200,6136.0200,6136.0200
1979-03-30,6133.9702,6133.9702,6133.9702,6133.9702
1979-04-02,6088.9902,6088.9902,6088.9902,6088.9902
1979-04-03,6035.0698,6035.0698,6035.0698,6035.0698
1979-04-04,6039.1802,6039.1802,6039.1802,6039.1802
1979-04-05,6049.0000,6049.0000,6049.0000,6049.0000
1979-04-06,6049.9902,6049.9902,6049.9902,6049.9902
1979-04-09,6010.9800,6010.9800,6010.9800,6010.9800
1979-04-10,5925.8701,5925.8701,5925.8701,5925.8701
1979-04-11,6043.0298,6043.0298,6043.0298,6043.0298
1979-04-12,6071.0098,6071.0098,6071.0098,6071.0098
1979-04-13,6115.6699,6115.6699,6115.6699,6115.6699
1979-04-16,6110.0200,6110.0200,6110.0200,6110.0200
1979-04-17,6078.6201,6078.6201,6078.6201,6078.6201
1979-04-18,6058.6299,6058.6299,6058.6299,6058.6299
1979-04-19,6064.8701,6064.8701,6064.8701,6064.8701
1979-04-20,6102.9702,6102.9702,6102.9702,6102.9702
1979-04-23,6120.5200,6120.5200,6120.5200,6120.5200
1979-04-24,6139.1699,6139.1699,6139.1699,6139.1699
1979-04-25,6178.7798,6178.7798,6178.7798,6178.7798
1979-04-26,6193.9600,6193.9600,6193.9600,6193.9600
1979-04-27,6223.1401,6223.1401,6223.1401,6223.1401
1979-05-01,6236.9199,6236.9199,6236.9199,6236.9199
1979-05-02,6277.6001,6277.6001,6277.6001,6277.6001
1979-05-04,6286.1001,6286.1001,6286.1001,6286.1001
1979-05-07,6253.5601,6253.5601,6253.5601,6253.5601
1979-05-08,6236.8198,6236.8198,6236.8198,6236.8198
1979-05-09,6248.8799,6248.8799,6248.8799,6248.8799
1979-05-10,6264.0400,6264.0400,6264.0400,6264.0400
1979-05-11,6274.1201,6274.1201,6274.1201,6274.1201
1979-05-14,6296.9199,6296.9199,6296.9199,6296.9199
1979-05-15,6308.8799,6308.8799,6308.8799,6308.8799
1979-05-16,6341.2598,6341.2598,6341.2598,6341.2598
1979-05-17,6287.0000,6287.0000,6287.0000,6287.0000
1979-05-18,6315.4800,6315.4800,6315.4800,6315.4800
1979-05-21,6306.7202,6306.7202,6306.7202,6306.7202
1979-05-22,6263.5801,6263.5801,6263.5801,6263.5801
1979-05-23,6233.5298,6233.5298,6233.5298,6233.5298
1979-05-24,6300.4502,6300.4502,6300.4502,6300.4502
1979-05-25,6313.8198,6313.8198,6313.8198,6313.8198
1979-05-28,6332.8799,6332.8799,6332.8799,6332.8799
1979-05-29,6293.0400,6293.0400,6293.0400,6293.0400
1979-05-30,6307.4502,6307.4502,6307.4502,6307.4502
1979-05-31,6252.5898,6252.5898,6252.5898,6252.5898
1979-06-01,6176.9302,6176.9302,6176.9302,6176.9302
1979-06-04,6198.7100,6198.7100,6198.7100,6198.7100
1979-06-05,6123.9600,6123.9600,6123.9600,6123.9600
1979-06-06,6175.6499,6175.6499,6175.6499,6175.6499
1979-06-07,6186.2598,6186.2598,6186.2598,6186.2598
1979-06-08,6176.5601,6176.5601,6176.5601,6176.5601
1979-06-11,6065.1899,6065.1899,6065.1899,6065.1899
1979-06-12,6097.1602,6097.1602,6097.1602,6097.1602
1979-06-13,6120.3101,6120.3101,6120.3101,6120.3101
1979-06-14,6100.5400,6100.5400,6100.5400,6100.5400
1979-06-15,6143.9399,6143.9399,6143.9399,6143.9399
1979-06-18,6188.2100,6188.2100,6188.2100,6188.2100
1979-06-19,6186.4502,6186.4502,6186.4502,6186.4502
1979-06-20,6200.7500,6200.7500,6200.7500,6200.7500
1979-06-21,6248.4702,6248.4702,6248.4702,6248.4702
1979-06-22,6247.5400,6247.5400,6247.5400,6247.5400
1979-06-25,6239.8398,6239.8398,6239.8398,6239.8398
1979-06-26,6240.5898,6240.5898,6240.5898,6240.5898
1979-06-27,6258.0400,6258.0400,6258.0400,6258.0400
1979-06-28,6250.0400,6250.0400,6250.0400,6250.0400
1979-06-29,6247.2598,6247.2598,6247.2598,6247.2598
1979-07-02,6283.1401,6283.1401,6283.1401,6283.1401
1979-07-03,6303.0801,6303.0801,6303.0801,6303.0801
1979-07-04,6310.0298,6310.0298,6310.0298,6310.0298
1979-07-05,6292.4199,6292.4199,6292.4199,6292.4199
1979-07-06,6280.1099,6280.1099,6280.1099,6280.1099
1979-07-09,6258.7100,6258.7100,6258.7100,6258.7100
1979-07-10,6177.2100,6177.2100,6177.2100,6177.2100
1979-07-11,6207.5698,6207.5698,6207.5698,6207.5698
1979-07-12,6154.8101,6154.8101,6154.8101,6154.8101
1979-07-13,6109.2998,6109.2998,6109.2998,6109.2998
1979-07-16,6188.7300,6188.7300,6188.7300,6188.7300
1979-07-17,6181.6602,6181.6602,6181.6602,6181.6602
1979-07-18,6181.2998,6181.2998,6181.2998,6181.2998
1979-07-19,6180.2998,6180.2998,6180.2998,6180.2998
1979-07-20,6179.8999,6179.8999,6179.8999,6179.8999
1979-07-23,6180.4102,6180.4102,6180.4102,6180.4102
1979-07-24,6210.9102,6210.9102,6210.9102,6210.9102
1979-07-25,6250.3101,6250.3101,6250.3101,6250.3101
1979-07-26,6243.9399,6243.9399,6243.9399,6243.9399
1979-07-27,6264.6602,6264.6602,6264.6602,6264.6602
1979-07-30,6275.3101,6275.3101,6275.3101,6275.3101
1979-07-31,6313.7700,6313.7700,6313.7700,6313.7700
1979-08-01,6322.6802,6322.6802,6322.6802,6322.6802
1979-08-02,6329.5898,6329.5898,6329.5898,6329.5898
1979-08-03,6355.7202,6355.7202,6355.7202,6355.7202
1979-08-06,6392.1802,6392.1802,6392.1802,6392.1802
1979-08-07,6364.7300,6364.7300,6364.7300,6364.7300
1979-08-08,6402.6699,6402.6699,6402.6699,6402.6699
1979-08-09,6392.1602,6392.1602,6392.1602,6392.1602
1979-08-10,6394.9902,6394.9902,6394.9902,6394.9902
1979-08-13,6394.6299,6394.6299,6394.6299,6394.6299
1979-08-14,6395.2202,6395.2202,6395.2202,6395.2202
1979-08-15,6424.1499,6424.1499,6424.1499,6424.1499
1979-08-16,6443.5601,6443.5601,6443.5601,6443.5601
1979-08-17,6452.5601,6452.5601,6452.5601,6452.5601
1979-08-20,6448.7202,6448.7202,6448.7202,6448.7202
1979-08-21,6403.2900,6403.2900,6403.2900,6403.2900
1979-08-22,6415.7998,6415.7998,6415.7998,6415.7998
1979-08-23,6396.8398,6396.8398,6396.8398,6396.8398
1979-08-24,6384.4902,6384.4902,6384.4902,6384.4902
1979-08-27,6408.1099,6408.1099,6408.1099,6408.1099
1979-08-28,6435.6299,6435.6299,6435.6299,6435.6299
1979-08-29,6445.4199,6445.4199,6445.4199,6445.4199
1979-08-30,6437.2500,6437.2500,6437.2500,6437.2500
1979-08-31,6436.1299,6436.1299,6436.1299,6436.1299
1979-09-03,6405.7900,6405.7900,6405.7900,6405.7900
1979-09-04,6401.6802,6401.6802,6401.6802,6401.6802
1979-09-05,6411.6401,6411.6401,6411.6401,6411.6401
1979-09-06,6425.5000,6425.5000,6425.5000,6425.5000
1979-09-07,6410.9600,6410.9600,6410.9600,6410.9600
1979-09-10,6410.4102,6410.4102,6410.4102,6410.4102
1979-09-11,6426.6099,6426.6099,6426.6099,6426.6099
1979-09-12,6451.7202,6451.7202,6451.7202,6451.7202
1979-09-13,6447.8701,6447.8701,6447.8701,6447.8701
1979-09-14,6455.0000,6455.0000,6455.0000,6455.0000
1979-09-17,6438.1201,6438.1201,6438.1201,6438.1201
1979-09-18,6459.8301,6459.8301,6459.8301,6459.8301
1979-09-19,6482.5601,6482.5601,6482.5601,6482.5601
1979-09-20,6465.6602,6465.6602,6465.6602,6465.6602
1979-09-21,6490.3398,6490.3398,6490.3398,6490.3398
1979-09-25,6491.0000,6491.0000,6491.0000,6491.0000
1979-09-26,6477.8599,6477.8599,6477.8599,6477.8599
1979-09-27,6539.7100,6539.7100,6539.7100,6539.7100
1979-09-28,6568.6099,6568.6099,6568.6099,6568.6099
1979-10-01,6577.8901,6577.8901,6577.8901,6577.8901
1979-10-02,6545.1201,6545.1201,6545.1201,6545.1201
1979-10-03,6542.7002,6542.7002,6542.7002,6542.7002
1979-10-04,6532.9399,6532.9399,6532.9399,6532.9399
1979-10-05,6568.8301,6568.8301,6568.8301,6568.8301
1979-10-08,6495.7002,6495.7002,6495.7002,6495.7002
1979-10-09,6512.8398,6512.8398,6512.8398,6512.8398
1979-10-11,6395.9502,6395.9502,6395.9502,6395.9502
1979-10-12,6439.7500,6439.7500,6439.7500,6439.7500
1979-10-15,6526.8301,6526.8301,6526.8301,6526.8301
1979-10-16,6516.6201,6516.6201,6516.6201,6516.6201
1979-10-17,6496.0898,6496.0898,6496.0898,6496.0898
1979-10-18,6427.5698,6427.5698,6427.5698,6427.5698
1979-10-19,6416.8398,6416.8398,6416.8398,6416.8398
1979-10-22,6341.7300,6341.7300,6341.7300,6341.7300
1979-10-23,6371.1299,6371.1299,6371.1299,6371.1299
1979-10-24,6225.7100,6225.7100,6225.7100,6225.7100
1979-10-25,6235.3198,6235.3198,6235.3198,6235.3198
1979-10-26,6207.8901,6207.8901,6207.8901,6207.8901
1979-10-29,6319.3501,6319.3501,6319.3501,6319.3501
1979-10-30,6405.5801,6405.5801,6405.5801,6405.5801
1979-10-31,6444.1299,6444.1299,6444.1299,6444.1299
1979-11-01,6444.1299,6444.1299,6444.1299,6444.1299
1979-11-02,6424.9702,6424.9702,6424.9702,6424.9702
1979-11-05,6423.2002,6423.2002,6423.2002,6423.2002
1979-11-06,6451.8301,6451.8301,6451.8301,6451.8301
1979-11-07,6368.1099,6368.1099,6368.1099,6368.1099
1979-11-08,6390.6201,6390.6201,6390.6201,6390.6201
1979-11-09,6403.4702,6403.4702,6403.4702,6403.4702
1979-11-12,6414.8198,6414.8198,6414.8198,6414.8198
1979-11-13,6401.7500,6401.7500,6401.7500,6401.7500
1979-11-14,6414.1099,6414.1099,6414.1099,6414.1099
1979-11-15,6372.5698,6372.5698,6372.5698,6372.5698
1979-11-16,6387.1099,6387.1099,6387.1099,6387.1099
1979-11-19,6374.9702,6374.9702,6374.9702,6374.9702
1979-11-20,6363.7100,6363.7100,6363.7100,6363.7100
1979-11-21,6303.6001,6303.6001,6303.6001,6303.6001
1979-11-22,6328.5601,6328.5601,6328.5601,6328.5601
1979-11-26,6387.5000,6387.5000,6387.5000,6387.5000
1979-11-27,6407.7998,6407.7998,6407.7998,6407.7998
1979-11-28,6420.2500,6420.2500,6420.2500,6420.2500
1979-11-29,6440.8398,6440.8398,6440.8398,6440.8398
1979-11-30,6450.1899,6450.1899,6450.1899,6450.1899
1979-12-03,6475.5498,6475.5498,6475.5498,6475.5498
1979-12-04,6487.6499,6487.6499,6487.6499,6487.6499
1979-12-05,6507.6499,6507.6499,6507.6499,6507.6499
1979-12-06,6502.9600,6502.9600,6502.9600,6502.9600
1979-12-07,6461.3398,6461.3398,6461.3398,6461.3398
1979-12-10,6452.1401,6452.1401,6452.1401,6452.1401
1979-12-11,6443.9800,6443.9800,6443.9800,6443.9800
1979-12-12,6501.2402,6501.2402,6501.2402,6501.2402
1979-12-13,6493.6299,6493.6299,6493.6299,6493.6299
1979-12-14,6509.7700,6509.7700,6509.7700,6509.7700
1979-12-17,6491.2500,6491.2500,6491.2500,6491.2500
1979-12-18,6478.3799,6478.3799,6478.3799,6478.3799
1979-12-19,6477.1099,6477.1099,6477.1099,6477.1099
1979-12-20,6526.1299,6526.1299,6526.1299,6526.1299
1979-12-21,6535.9399,6535.9399,6535.9399,6535.9399
1979-12-25,6546.4399,6546.4399,6546.4399,6546.4399
1979-12-26,6531.2300,6531.2300,6531.2300,6531.2300
1979-12-27,6528.8301,6528.8301,6528.8301,6528.8301
1979-12-28,6569.4702,6569.4702,6569.4702,6569.4702
1980-01-04,6560.1602,6560.1602,6560.1602,6560.1602
1980-01-07,6552.6499,6552.6499,6552.6499,6552.6499
1980-01-08,6563.2798,6563.2798,6563.2798,6563.2798
1980-01-09,6591.8301,6591.8301,6591.8301,6591.8301
1980-01-10,6594.0098,6594.0098,6594.0098,6594.0098
1980-01-11,6615.5098,6615.5098,6615.5098,6615.5098
1980-01-14,6659.5498,6659.5498,6659.5498,6659.5498
1980-01-16,6653.2598,6653.2598,6653.2598,6653.2598
1980-01-17,6656.2998,6656.2998,6656.2998,6656.2998
1980-01-18,6649.2998,6649.2998,6649.2998,6649.2998
1980-01-21,6666.2700,6666.2700,6666.2700,6666.2700
1980-01-22,6684.5898,6684.5898,6684.5898,6684.5898
1980-01-23,6694.1899,6694.1899,6694.1899,6694.1899
1980-01-24,6746.9302,6746.9302,6746.9302,6746.9302
1980-01-25,6767.7100,6767.7100,6767.7100,6767.7100
1980-01-28,6763.6099,6763.6099,6763.6099,6763.6099
1980-01-29,6770.8301,6770.8301,6770.8301,6770.8301
1980-01-30,6776.6001,6776.6001,6776.6001,6776.6001
1980-01-31,6768.1602,6768.1602,6768.1602,6768.1602
1980-02-01,6777.6401,6777.6401,6777.6401,6777.6401
1980-02-04,6794.2100,6794.2100,6794.2100,6794.2100
1980-02-05,6765.1201,6765.1201,6765.1201,6765.1201
1980-02-06,6800.3301,6800.3301,6800.3301,6800.3301
1980-02-07,6795.6201,6795.6201,6795.6201,6795.6201
1980-02-08,6816.0298,6816.0298,6816.0298,6816.0298
1980-02-12,6828.0498,6828.0498,6828.0498,6828.0498
1980-02-13,6835.9902,6835.9902,6835.9902,6835.9902
1980-02-14,6839.8599,6839.8599,6839.8599,6839.8599
1980-02-15,6827.7100,6827.7100,6827.7100,6827.7100
1980-02-18,6756.6001,6756.6001,6756.6001,6756.6001
1980-02-19,6763.0898,6763.0898,6763.0898,6763.0898
1980-02-20,6806.0098,6806.0098,6806.0098,6806.0098
1980-02-21,6776.5098,6776.5098,6776.5098,6776.5098
1980-02-22,6783.2202,6783.2202,6783.2202,6783.2202
1980-02-25,6751.2900,6751.2900,6751.2900,6751.2900
1980-02-26,6739.4302,6739.4302,6739.4302,6739.4302
1980-02-27,6777.3398,6777.3398,6777.3398,6777.3398
1980-02-28,6743.9902,6743.9902,6743.9902,6743.9902
1980-02-29,6764.8901,6764.8901,6764.8901,6764.8901
1980-03-03,6793.5601,6793.5601,6793.5601,6793.5601
1980-03-04,6778.2700,6778.2700,6778.2700,6778.2700
1980-03-05,6794.0400,6794.0400,6794.0400,6794.0400
1980-03-06,6736.0898,6736.0898,6736.0898,6736.0898
1980-03-07,6625.1802,6625.1802,6625.1802,6625.1802
1980-03-10,6507.1602,6507.1602,6507.1602,6507.1602
1980-03-11,6535.6699,6535.6699,6535.6699,6535.6699
1980-03-12,6609.4600,6609.4600,6609.4600,6609.4600
1980-03-13,6604.3901,6604.3901,6604.3901,6604.3901
1980-03-14,6593.3999,6593.3999,6593.3999,6593.3999
1980-03-17,6562.6602,6562.6602,6562.6602,6562.6602
1980-03-18,6578.2100,6578.2100,6578.2100,6578.2100
1980-03-19,6584.7598,6584.7598,6584.7598,6584.7598
1980-03-20,6584.7598,6584.7598,6584.7598,6584.7598
1980-03-21,6571.7700,6571.7700,6571.7700,6571.7700
1980-03-24,6567.2500,6567.2500,6567.2500,6567.2500
1980-03-25,6531.2598,6531.2598,6531.2598,6531.2598
1980-03-26,6535.8799,6535.8799,6535.8799,6535.8799
1980-03-27,6481.0200,6481.0200,6481.0200,6481.0200
1980-03-28,6475.9302,6475.9302,6475.9302,6475.9302
1980-03-31,6556.1899,6556.1899,6556.1899,6556.1899
1980-04-01,6502.7998,6502.7998,6502.7998,6502.7998
1980-04-02,6562.9902,6562.9902,6562.9902,6562.9902
1980-04-03,6614.2002,6614.2002,6614.2002,6614.2002
1980-04-04,6688.6401,6688.6401,6688.6401,6688.6401
1980-04-07,6737.0601,6737.0601,6737.0601,6737.0601
1980-04-08,6682.5400,6682.5400,6682.5400,6682.5400
1980-04-09,6708.2402,6708.2402,6708.2402,6708.2402
1980-04-10,6730.5098,6730.5098,6730.5098,6730.5098
1980-04-11,6751.9600,6751.9600,6751.9600,6751.9600
1980-04-14,6808.1699,6808.1699,6808.1699,6808.1699
1980-04-15,6805.7798,6805.7798,6805.7798,6805.7798
1980-04-16,6770.3701,6770.3701,6770.3701,6770.3701
1980-04-17,6798.7798,6798.7798,6798.7798,6798.7798
1980-04-18,6811.3901,6811.3901,6811.3901,6811.3901
1980-04-21,6810.6699,6810.6699,6810.6699,6810.6699
1980-04-22,6799.0098,6799.0098,6799.0098,6799.0098
1980-04-23,6843.8501,6843.8501,6843.8501,6843.8501
1980-04-24,6830.3101,6830.3101,6830.3101,6830.3101
1980-04-25,6904.8101,6904.8101,6904.8101,6904.8101
1980-04-28,6875.6602,6875.6602,6875.6602,6875.6602
1980-04-30,6865.5601,6865.5601,6865.5601,6865.5601
1980-05-01,6865.0801,6865.0801,6865.0801,6865.0801
1980-05-02,6882.6499,6882.6499,6882.6499,6882.6499
1980-05-06,6856.0801,6856.0801,6856.0801,6856.0801
1980-05-07,6834.8398,6834.8398,6834.8398,6834.8398
1980-05-08,6757.7002,6757.7002,6757.7002,6757.7002
1980-05-09,6808.3799,6808.3799,6808.3799,6808.3799
1980-05-12,6754.9399,6754.9399,6754.9399,6754.9399
1980-05-13,6766.9399,6766.9399,6766.9399,6766.9399
1980-05-14,6747.7402,6747.7402,6747.7402,6747.7402
1980-05-15,6746.5098,6746.5098,6746.5098,6746.5098
1980-05-16,6733.0000,6733.0000,6733.0000,6733.0000
1980-05-19,6634.3301,6634.3301,6634.3301,6634.3301
1980-05-20,6707.2998,6707.2998,6707.2998,6707.2998
1980-05-21,6822.1802,6822.1802,6822.1802,6822.1802
1980-05-22,6836.8901,6836.8901,6836.8901,6836.8901
1980-05-23,6839.8901,6839.8901,6839.8901,6839.8901
1980-05-26,6831.9199,6831.9199,6831.9199,6831.9199
1980-05-27,6826.5000,6826.5000,6826.5000,6826.5000
1980-05-28,6849.0498,6849.0498,6849.0498,6849.0498
1980-05-29,6841.3999,6841.3999,6841.3999,6841.3999
1980-05-30,6855.7002,6855.7002,6855.7002,6855.7002
1980-06-02,6862.7002,6862.7002,6862.7002,6862.7002
1980-06-03,6826.1802,6826.1802,6826.1802,6826.1802
1980-06-04,6795.6299,6795.6299,6795.6299,6795.6299
1980-06-05,6821.2402,6821.2402,6821.2402,6821.2402
1980-06-06,6814.5000,6814.5000,6814.5000,6814.5000
1980-06-09,6823.0400,6823.0400,6823.0400,6823.0400
1980-06-10,6783.2402,6783.2402,6783.2402,6783.2402
1980-06-11,6826.0098,6826.0098,6826.0098,6826.0098
1980-06-12,6814.7202,6814.7202,6814.7202,6814.7202
1980-06-13,6821.8101,6821.8101,6821.8101,6821.8101
1980-06-16,6852.6099,6852.6099,6852.6099,6852.6099
1980-06-17,6798.5000,6798.5000,6798.5000,6798.5000
1980-06-18,6824.9502,6824.9502,6824.9502,6824.9502
1980-06-19,6791.8799,6791.8799,6791.8799,6791.8799
1980-06-20,6813.8501,6813.8501,6813.8501,6813.8501
1980-06-23,6860.8901,6860.8901,6860.8901,6860.8901
1980-06-24,6806.3701,6806.3701,6806.3701,6806.3701
1980-06-25,6761.2500,6761.2500,6761.2500,6761.2500
1980-06-26,6800.5298,6800.5298,6800.5298,6800.5298
1980-06-27,6825.0298,6825.0298,6825.0298,6825.0298
1980-06-30,6870.7002,6870.7002,6870.7002,6870.7002
1980-07-01,6824.3501,6824.3501,6824.3501,6824.3501
1980-07-02,6819.4502,6819.4502,6819.4502,6819.4502
1980-07-03,6863.8398,6863.8398,6863.8398,6863.8398
1980-07-04,6846.0898,6846.0898,6846.0898,6846.0898
1980-07-07,6708.4902,6708.4902,6708.4902,6708.4902
1980-07-08,6755.5400,6755.5400,6755.5400,6755.5400
1980-07-09,6789.7100,6789.7100,6789.7100,6789.7100
1980-07-10,6794.2402,6794.2402,6794.2402,6794.2402
1980-07-11,6787.9600,6787.9600,6787.9600,6787.9600
1980-07-14,6779.3599,6779.3599,6779.3599,6779.3599
1980-07-15,6793.3701,6793.3701,6793.3701,6793.3701
1980-07-16,6816.1499,6816.1499,6816.1499,6816.1499
1980-07-17,6810.4102,6810.4102,6810.4102,6810.4102
1980-07-18,6819.7798,6819.7798,6819.7798,6819.7798
1980-07-21,6842.4902,6842.4902,6842.4902,6842.4902
1980-07-22,6836.1001,6836.1001,6836.1001,6836.1001
1980-07-23,6837.4702,6837.4702,6837.4702,6837.4702
1980-07-24,6795.9800,6795.9800,6795.9800,6795.9800
1980-07-25,6810.4902,6810.4902,6810.4902,6810.4902
1980-07-28,6816.7100,6816.7100,6816.7100,6816.7100
1980-07-29,6811.3799,6811.3799,6811.3799,6811.3799
1980-07-30,6821.1001,6821.1001,6821.1001,6821.1001
1980-07-31,6819.6299,6819.6299,6819.6299,6819.6299
1980-08-01,6788.2998,6788.2998,6788.2998,6788.2998
1980-08-04,6753.3999,6753.3999,6753.3999,6753.3999
1980-08-05,6760.8501,6760.8501,6760.8501,6760.8501
1980-08-06,6739.9702,6739.9702,6739.9702,6739.9702
1980-08-07,6739.8901,6739.8901,6739.8901,6739.8901
1980-08-08,6771.5200,6771.5200,6771.5200,6771.5200
1980-08-11,6778.5400,6778.5400,6778.5400,6778.5400
1980-08-12,6801.6802,6801.6802,6801.6802,6801.6802
1980-08-13,6834.3198,6834.3198,6834.3198,6834.3198
1980-08-14,6824.0000,6824.0000,6824.0000,6824.0000
1980-08-15,6836.8198,6836.8198,6836.8198,6836.8198
1980-08-18,6835.7798,6835.7798,6835.7798,6835.7798
1980-08-19,6864.5498,6864.5498,6864.5498,6864.5498
1980-08-20,6878.7598,6878.7598,6878.7598,6878.7598
1980-08-21,6853.6899,6853.6899,6853.6899,6853.6899
1980-08-22,6886.1602,6886.1602,6886.1602,6886.1602
1980-08-25,6922.9902,6922.9902,6922.9902,6922.9902
1980-08-26,6906.0498,6906.0498,6906.0498,6906.0498
1980-08-27,6930.6602,6930.6602,6930.6602,6930.6602
1980-08-28,6879.8301,6879.8301,6879.8301,6879.8301
1980-08-29,6914.0801,6914.0801,6914.0801,6914.0801
1980-09-01,6889.5400,6889.5400,6889.5400,6889.5400
1980-09-02,6915.3999,6915.3999,6915.3999,6915.3999
1980-09-03,6927.2700,6927.2700,6927.2700,6927.2700
1980-09-04,6917.5601,6917.5601,6917.5601,6917.5601
1980-09-05,6943.6899,6943.6899,6943.6899,6943.6899
1980-09-08,6938.4199,6938.4199,6938.4199,6938.4199
1980-09-09,6937.9800,6937.9800,6937.9800,6937.9800
1980-09-10,6956.2100,6956.2100,6956.2100,6956.2100
1980-09-11,6978.8901,6978.8901,6978.8901,6978.8901
1980-09-12,7000.0400,7000.0400,7000.0400,7000.0400
1980-09-16,7020.1602,7020.1602,7020.1602,7020.1602
1980-09-17,7031.5098,7031.5098,7031.5098,7031.5098
1980-09-18,7035.8398,7035.8398,7035.8398,7035.8398
1980-09-19,7041.6602,7041.6602,7041.6602,7041.6602
1980-09-22,7046.5098,7046.5098,7046.5098,7046.5098
1980-09-24,6972.6201,6972.6201,6972.6201,6972.6201
1980-09-25,6989.8398,6989.8398,6989.8398,6989.8398
1980-09-26,6998.5200,6998.5200,6998.5200,6998.5200
1980-09-29,7060.7500,7060.7500,7060.7500,7060.7500
1980-09-30,7076.4600,7076.4600,7076.4600,7076.4600
1980-10-01,7123.0801,7123.0801,7123.0801,7123.0801
1980-10-02,7119.3999,7119.3999,7119.3999,7119.3999
1980-10-03,7142.2402,7142.2402,7142.2402,7142.2402
1980-10-06,7155.9800,7155.9800,7155.9800,7155.9800
1980-10-07,7149.9102,7149.9102,7149.9102,7149.9102
1980-10-08,7115.3301,7115.3301,7115.3301,7115.3301
1980-10-09,7130.2998,7130.2998,7130.2998,7130.2998
1980-10-13,7160.2598,7160.2598,7160.2598,7160.2598
1980-10-14,7157.7998,7157.7998,7157.7998,7157.7998
1980-10-15,7174.2700,7174.2700,7174.2700,7174.2700
1980-10-16,7151.7798,7151.7798,7151.7798,7151.7798
1980-10-17,7169.2598,7169.2598,7169.2598,7169.2598
1980-10-20,7175.3301,7175.3301,7175.3301,7175.3301
1980-10-21,7165.3599,7165.3599,7165.3599,7165.3599
1980-10-22,7143.8599,7143.8599,7143.8599,7143.8599
1980-10-23,7130.8901,7130.8901,7130.8901,7130.8901
1980-10-24,7117.0698,7117.0698,7117.0698,7117.0698
1980-10-27,7089.1899,7089.1899,7089.1899,7089.1899
1980-10-28,7088.4399,7088.4399,7088.4399,7088.4399
1980-10-29,7113.5298,7113.5298,7113.5298,7113.5298
1980-10-30,7124.7798,7124.7798,7124.7798,7124.7798
1980-10-31,7150.7500,7150.7500,7150.7500,7150.7500
1980-11-04,7149.3701,7149.3701,7149.3701,7149.3701
1980-11-05,7176.3901,7176.3901,7176.3901,7176.3901
1980-11-06,7188.2798,7188.2798,7188.2798,7188.2798
1980-11-07,7150.3301,7150.3301,7150.3301,7150.3301
1980-11-10,7166.7700,7166.7700,7166.7700,7166.7700
1980-11-11,7134.5000,7134.5000,7134.5000,7134.5000
1980-11-12,7149.8501,7149.8501,7149.8501,7149.8501
1980-11-13,7154.4102,7154.4102,7154.4102,7154.4102
1980-11-14,7159.5601,7159.5601,7159.5601,7159.5601
1980-11-17,7126.1602,7126.1602,7126.1602,7126.1602
1980-11-18,7102.4800,7102.4800,7102.4800,7102.4800
1980-11-19,7135.9399,7135.9399,7135.9399,7135.9399
1980-11-20,7126.7300,7126.7300,7126.7300,7126.7300
1980-11-21,7117.8999,7117.8999,7117.8999,7117.8999
1980-11-25,7145.4302,7145.4302,7145.4302,7145.4302
1980-11-26,7186.2998,7186.2998,7186.2998,7186.2998
1980-11-27,7172.1699,7172.1699,7172.1699,7172.1699
1980-11-28,7123.6201,7123.6201,7123.6201,7123.6201
1980-12-01,7160.2900,7160.2900,7160.2900,7160.2900
1980-12-02,7143.0601,7143.0601,7143.0601,7143.0601
1980-12-03,7141.2002,7141.2002,7141.2002,7141.2002
1980-12-04,7149.4702,7149.4702,7149.4702,7149.4702
1980-12-05,7136.6001,7136.6001,7136.6001,7136.6001
1980-12-08,7125.1299,7125.1299,7125.1299,7125.1299
1980-12-09,7115.1001,7115.1001,7115.1001,7115.1001
1980-12-10,7098.8501,7098.8501,7098.8501,7098.8501
1980-12-11,7042.4102,7042.4102,7042.4102,7042.4102
1980-12-12,7033.7002,7033.7002,7033.7002,7033.7002
1980-12-15,7042.6699,7042.6699,7042.6699,7042.6699
1980-12-16,7036.7598,7036.7598,7036.7598,7036.7598
1980-12-17,7038.1001,7038.1001,7038.1001,7038.1001
1980-12-18,7063.5400,7063.5400,7063.5400,7063.5400
1980-12-19,7060.5200,7060.5200,7060.5200,7060.5200
1980-12-22,7050.7900,7050.7900,7050.7900,7050.7900
1980-12-23,7023.5698,7023.5698,7023.5698,7023.5698
1980-12-24,7042.0000,7042.0000,7042.0000,7042.0000
1980-12-25,7031.8701,7031.8701,7031.8701,7031.8701
1980-12-26,7063.1299,7063.1299,7063.1299,7063.1299
1980-12-29,7063.1299,7063.1299,7063.1299,7063.1299
1980-12-30,7063.1299,7063.1299,7063.1299,7063.1299
1981-01-05,7150.9502,7150.9502,7150.9502,7150.9502
1981-01-06,7137.5898,7137.5898,7137.5898,7137.5898
1981-01-07,7200.7700,7200.7700,7200.7700,7200.7700
1981-01-08,7222.1401,7222.1401,7222.1401,7222.1401
1981-01-09,7248.1299,7248.1299,7248.1299,7248.1299
1981-01-12,7251.8799,7251.8799,7251.8799,7251.8799
1981-01-13,7246.7998,7246.7998,7246.7998,7246.7998
1981-01-14,7244.7798,7244.7798,7244.7798,7244.7798
1981-01-16,7255.8501,7255.8501,7255.8501,7255.8501
1981-01-19,7296.0801,7296.0801,7296.0801,7296.0801
1981-01-20,7289.9800,7289.9800,7289.9800,7289.9800
1981-01-21,7315.3301,7315.3301,7315.3301,7315.3301
1981-01-22,7293.2798,7293.2798,7293.2798,7293.2798
1981-01-23,7267.5200,7267.5200,7267.5200,7267.5200
1981-01-26,7249.4199,7249.4199,7249.4199,7249.4199
1981-01-27,7285.0298,7285.0298,7285.0298,7285.0298
1981-01-28,7279.4102,7279.4102,7279.4102,7279.4102
1981-01-29,7215.1201,7215.1201,7215.1201,7215.1201
1981-01-30,7254.0098,7254.0098,7254.0098,7254.0098
1981-02-02,7322.0601,7322.0601,7322.0601,7322.0601
1981-02-03,7291.3101,7291.3101,7291.3101,7291.3101
1981-02-04,7288.4102,7288.4102,7288.4102,7288.4102
1981-02-05,7278.4399,7278.4399,7278.4399,7278.4399
1981-02-06,7264.1099,7264.1099,7264.1099,7264.1099
1981-02-09,7239.8999,7239.8999,7239.8999,7239.8999
1981-02-10,7261.5298,7261.5298,7261.5298,7261.5298
1981-02-12,7261.4902,7261.4902,7261.4902,7261.4902
1981-02-13,7207.2202,7207.2202,7207.2202,7207.2202
1981-02-16,7165.5200,7165.5200,7165.5200,7165.5200
1981-02-17,7135.9102,7135.9102,7135.9102,7135.9102
1981-02-18,7157.0000,7157.0000,7157.0000,7157.0000
1981-02-19,7121.6499,7121.6499,7121.6499,7121.6499
1981-02-20,7100.8101,7100.8101,7100.8101,7100.8101
1981-02-23,7095.2598,7095.2598,7095.2598,7095.2598
1981-02-24,7111.2300,7111.2300,7111.2300,7111.2300
1981-02-25,7121.6602,7121.6602,7121.6602,7121.6602
1981-02-26,7120.2402,7120.2402,7120.2402,7120.2402
1981-02-27,7146.5298,7146.5298,7146.5298,7146.5298
1981-03-02,7155.5801,7155.5801,7155.5801,7155.5801
1981-03-03,7137.1201,7137.1201,7137.1201,7137.1201
1981-03-04,7134.3901,7134.3901,7134.3901,7134.3901
1981-03-05,7094.0298,7094.0298,7094.0298,7094.0298
1981-03-06,7081.1899,7081.1899,7081.1899,7081.1899
1981-03-09,7068.7300,7068.7300,7068.7300,7068.7300
1981-03-10,7059.4102,7059.4102,7059.4102,7059.4102
1981-03-11,7044.8701,7044.8701,7044.8701,7044.8701
1981-03-12,6986.3901,6986.3901,6986.3901,6986.3901
1981-03-13,6956.5200,6956.5200,6956.5200,6956.5200
1981-03-16,7124.3301,7124.3301,7124.3301,7124.3301
1981-03-17,7120.3901,7120.3901,7120.3901,7120.3901
1981-03-18,7176.6699,7176.6699,7176.6699,7176.6699
1981-03-19,7196.7998,7196.7998,7196.7998,7196.7998
1981-03-20,7220.9399,7220.9399,7220.9399,7220.9399
1981-03-23,7293.5698,7293.5698,7293.5698,7293.5698
1981-03-24,7318.1899,7318.1899,7318.1899,7318.1899
1981-03-25,7325.9600,7325.9600,7325.9600,7325.9600
1981-03-26,7307.2700,7307.2700,7307.2700,7307.2700
1981-03-27,7303.0400,7303.0400,7303.0400,7303.0400
1981-03-30,7304.6899,7304.6899,7304.6899,7304.6899
1981-03-31,7334.3101,7334.3101,7334.3101,7334.3101
1981-04-01,7389.9902,7389.9902,7389.9902,7389.9902
1981-04-02,7416.9702,7416.9702,7416.9702,7416.9702
1981-04-03,7421.1899,7421.1899,7421.1899,7421.1899
1981-04-06,7447.7402,7447.7402,7447.7402,7447.7402
1981-04-07,7458.3599,7458.3599,7458.3599,7458.3599
1981-04-08,7508.5200,7508.5200,7508.5200,7508.5200
1981-04-09,7491.8198,7491.8198,7491.8198,7491.8198
1981-04-10,7517.3101,7517.3101,7517.3101,7517.3101
1981-04-13,7536.9600,7536.9600,7536.9600,7536.9600
1981-04-14,7514.8799,7514.8799,7514.8799,7514.8799
1981-04-15,7461.2002,7461.2002,7461.2002,7461.2002
1981-04-16,7418.7402,7418.7402,7418.7402,7418.7402
1981-04-17,7438.7998,7438.7998,7438.7998,7438.7998
1981-04-20,7484.7100,7484.7100,7484.7100,7484.7100
1981-04-21,7497.3599,7497.3599,7497.3599,7497.3599
1981-04-22,7533.2202,7533.2202,7533.2202,7533.2202
1981-04-23,7523.7202,7523.7202,7523.7202,7523.7202
1981-04-24,7534.4102,7534.4102,7534.4102,7534.4102
1981-04-27,7588.0298,7588.0298,7588.0298,7588.0298
1981-04-28,7623.8101,7623.8101,7623.8101,7623.8101
1981-04-30,7674.1899,7674.1899,7674.1899,7674.1899
1981-05-01,7575.6099,7575.6099,7575.6099,7575.6099
1981-05-06,7465.2998,7465.2998,7465.2998,7465.2998
1981-05-07,7440.5200,7440.5200,7440.5200,7440.5200
1981-05-08,7495.2500,7495.2500,7495.2500,7495.2500
1981-05-11,7551.1899,7551.1899,7551.1899,7551.1899
1981-05-12,7480.2402,7480.2402,7480.2402,7480.2402
1981-05-13,7390.6401,7390.6401,7390.6401,7390.6401
1981-05-14,7467.4502,7467.4502,7467.4502,7467.4502
1981-05-15,7486.8398,7486.8398,7486.8398,7486.8398
1981-05-18,7451.8901,7451.8901,7451.8901,7451.8901
1981-05-19,7264.0098,7264.0098,7264.0098,7264.0098
1981-05-20,7371.2700,7371.2700,7371.2700,7371.2700
1981-05-21,7487.4600,7487.4600,7487.4600,7487.4600
1981-05-22,7541.0200,7541.0200,7541.0200,7541.0200
1981-05-25,7560.7700,7560.7700,7560.7700,7560.7700
1981-05-26,7576.1802,7576.1802,7576.1802,7576.1802
1981-05-27,7529.2002,7529.2002,7529.2002,7529.2002
1981-05-28,7502.0298,7502.0298,7502.0298,7502.0298
1981-05-29,7539.6899,7539.6899,7539.6899,7539.6899
1981-06-01,7589.9502,7589.9502,7589.9502,7589.9502
1981-06-02,7504.4902,7504.4902,7504.4902,7504.4902
1981-06-03,7480.5801,7480.5801,7480.5801,7480.5801
1981-06-04,7413.2402,7413.2402,7413.2402,7413.2402
1981-06-05,7430.3701,7430.3701,7430.3701,7430.3701
1981-06-08,7334.9702,7334.9702,7334.9702,7334.9702
1981-06-09,7375.2700,7375.2700,7375.2700,7375.2700
1981-06-10,7484.5200,7484.5200,7484.5200,7484.5200
1981-06-11,7569.2998,7569.2998,7569.2998,7569.2998
1981-06-12,7634.8599,7634.8599,7634.8599,7634.8599
1981-06-15,7711.7300,7711.7300,7711.7300,7711.7300
1981-06-16,7696.5200,7696.5200,7696.5200,7696.5200
1981-06-17,7705.2998,7705.2998,7705.2998,7705.2998
1981-06-18,7712.0098,7712.0098,7712.0098,7712.0098
1981-06-19,7714.5698,7714.5698,7714.5698,7714.5698
1981-06-22,7668.8599,7668.8599,7668.8599,7668.8599
1981-06-23,7705.4102,7705.4102,7705.4102,7705.4102
1981-06-24,7706.6099,7706.6099,7706.6099,7706.6099
1981-06-25,7692.8398,7692.8398,7692.8398,7692.8398
1981-06-26,7726.0000,7726.0000,7726.0000,7726.0000
1981-06-29,7851.7300,7851.7300,7851.7300,7851.7300
1981-06-30,7867.4199,7867.4199,7867.4199,7867.4199
1981-07-01,7894.9302,7894.9302,7894.9302,7894.9302
1981-07-02,7904.5601,7904.5601,7904.5601,7904.5601
1981-07-03,7925.3398,7925.3398,7925.3398,7925.3398
1981-07-06,7927.3599,7927.3599,7927.3599,7927.3599
1981-07-07,7826.4702,7826.4702,7826.4702,7826.4702
1981-07-08,7916.3799,7916.3799,7916.3799,7916.3799
1981-07-09,7895.1602,7895.1602,7895.1602,7895.1602
1981-07-10,7912.9800,7912.9800,7912.9800,7912.9800
1981-07-13,7923.8599,7923.8599,7923.8599,7923.8599
1981-07-14,7878.9600,7878.9600,7878.9600,7878.9600
1981-07-15,7853.9502,7853.9502,7853.9502,7853.9502
1981-07-16,7887.3799,7887.3799,7887.3799,7887.3799
1981-07-17,7876.8901,7876.8901,7876.8901,7876.8901
1981-07-20,7840.1602,7840.1602,7840.1602,7840.1602
1981-07-21,7756.7598,7756.7598,7756.7598,7756.7598
1981-07-22,7760.8398,7760.8398,7760.8398,7760.8398
1981-07-23,7717.0698,7717.0698,7717.0698,7717.0698
1981-07-24,7743.0801,7743.0801,7743.0801,7743.0801
1981-07-27,7816.7598,7816.7598,7816.7598,7816.7598
1981-07-28,7784.8398,7784.8398,7784.8398,7784.8398
1981-07-29,7823.5601,7823.5601,7823.5601,7823.5601
1981-07-30,7831.3501,7831.3501,7831.3501,7831.3501
1981-07-31,7828.2598,7828.2598,7828.2598,7828.2598
1981-08-03,7815.9702,7815.9702,7815.9702,7815.9702
1981-08-04,7820.0601,7820.0601,7820.0601,7820.0601
1981-08-05,7888.5298,7888.5298,7888.5298,7888.5298
1981-08-06,7906.1001,7906.1001,7906.1001,7906.1001
1981-08-07,7968.9302,7968.9302,7968.9302,7968.9302
1981-08-10,7978.4702,7978.4702,7978.4702,7978.4702
1981-08-11,7985.6401,7985.6401,7985.6401,7985.6401
1981-08-12,7938.8901,7938.8901,7938.8901,7938.8901
1981-08-13,7953.5698,7953.5698,7953.5698,7953.5698
1981-08-14,7976.3999,7976.3999,7976.3999,7976.3999
1981-08-17,8019.1401,8019.1401,8019.1401,8019.1401
1981-08-18,7949.3799,7949.3799,7949.3799,7949.3799
1981-08-19,7961.5200,7961.5200,7961.5200,7961.5200
1981-08-20,7972.9600,7972.9600,7972.9600,7972.9600
1981-08-21,7995.2300,7995.2300,7995.2300,7995.2300
1981-08-24,7917.5298,7917.5298,7917.5298,7917.5298
1981-08-25,7817.2202,7817.2202,7817.2202,7817.2202
1981-08-26,7852.2900,7852.2900,7852.2900,7852.2900
1981-08-27,7796.3901,7796.3901,7796.3901,7796.3901
1981-08-28,7726.5898,7726.5898,7726.5898,7726.5898
1981-08-31,7815.7798,7815.7798,7815.7798,7815.7798
1981-09-01,7735.7100,7735.7100,7735.7100,7735.7100
1981-09-02,7678.1699,7678.1699,7678.1699,7678.1699
1981-09-03,7678.4600,7678.4600,7678.4600,7678.4600
1981-09-04,7662.5898,7662.5898,7662.5898,7662.5898
1981-09-07,7604.1699,7604.1699,7604.1699,7604.1699
1981-09-08,7594.7100,7594.7100,7594.7100,7594.7100
1981-09-09,7629.1699,7629.1699,7629.1699,7629.1699
1981-09-10,7583.2700,7583.2700,7583.2700,7583.2700
1981-09-11,7543.4502,7543.4502,7543.4502,7543.4502
1981-09-14,7542.8198,7542.8198,7542.8198,7542.8198
1981-09-16,7506.3301,7506.3301,7506.3301,7506.3301
1981-09-17,7539.2700,7539.2700,7539.2700,7539.2700
1981-09-18,7548.5698,7548.5698,7548.5698,7548.5698
1981-09-21,7522.6001,7522.6001,7522.6001,7522.6001
1981-09-22,7492.9600,7492.9600,7492.9600,7492.9600
1981-09-24,7364.0298,7364.0298,7364.0298,7364.0298
1981-09-25,7363.0601,7363.0601,7363.0601,7363.0601
1981-09-28,7037.1201,7037.1201,7037.1201,7037.1201
1981-09-29,7357.6802,7357.6802,7357.6802,7357.6802
1981-09-30,7455.5000,7455.5000,7455.5000,7455.5000
1981-10-01,7365.9102,7365.9102,7365.9102,7365.9102
1981-10-02,7377.1299,7377.1299,7377.1299,7377.1299
1981-10-05,7499.7500,7499.7500,7499.7500,7499.7500
1981-10-06,7506.0098,7506.0098,7506.0098,7506.0098
1981-10-07,7545.8799,7545.8799,7545.8799,7545.8799
1981-10-08,7522.5098,7522.5098,7522.5098,7522.5098
1981-10-09,7516.2202,7516.2202,7516.2202,7516.2202
1981-10-12,7587.7998,7587.7998,7587.7998,7587.7998
1981-10-13,7583.1699,7583.1699,7583.1699,7583.1699
1981-10-14,7494.1299,7494.1299,7494.1299,7494.1299
1981-10-15,7352.4902,7352.4902,7352.4902,7352.4902
1981-10-16,7231.4199,7231.4199,7231.4199,7231.4199
1981-10-19,7076.6499,7076.6499,7076.6499,7076.6499
1981-10-20,7109.9199,7109.9199,7109.9199,7109.9199
1981-10-21,7253.9902,7253.9902,7253.9902,7253.9902
1981-10-22,7216.2900,7216.2900,7216.2900,7216.2900
1981-10-23,7262.1899,7262.1899,7262.1899,7262.1899
1981-10-26,7261.7998,7261.7998,7261.7998,7261.7998
1981-10-27,7280.5801,7280.5801,7280.5801,7280.5801
1981-10-28,7321.9800,7321.9800,7321.9800,7321.9800
1981-10-29,7428.2500,7428.2500,7428.2500,7428.2500
1981-10-30,7449.4600,7449.4600,7449.4600,7449.4600
1981-11-02,7539.6299,7539.6299,7539.6299,7539.6299
1981-11-04,7572.1499,7572.1499,7572.1499,7572.1499
1981-11-05,7546.5000,7546.5000,7546.5000,7546.5000
1981-11-06,7536.5298,7536.5298,7536.5298,7536.5298
1981-11-09,7516.3501,7516.3501,7516.3501,7516.3501
1981-11-10,7528.2100,7528.2100,7528.2100,7528.2100
1981-11-11,7502.5801,7502.5801,7502.5801,7502.5801
1981-11-12,7505.0200,7505.0200,7505.0200,7505.0200
1981-11-13,7569.5098,7569.5098,7569.5098,7569.5098
1981-11-16,7674.9199,7674.9199,7674.9199,7674.9199
1981-11-17,7648.6001,7648.6001,7648.6001,7648.6001
1981-11-18,7667.3101,7667.3101,7667.3101,7667.3101
1981-11-19,7655.2598,7655.2598,7655.2598,7655.2598
1981-11-20,7647.4302,7647.4302,7647.4302,7647.4302
1981-11-24,7602.6899,7602.6899,7602.6899,7602.6899
1981-11-25,7650.7900,7650.7900,7650.7900,7650.7900
1981-11-26,7664.6899,7664.6899,7664.6899,7664.6899
1981-11-27,7555.2300,7555.2300,7555.2300,7555.2300
1981-11-30,7549.3301,7549.3301,7549.3301,7549.3301
1981-12-01,7521.7300,7521.7300,7521.7300,7521.7300
1981-12-02,7566.1699,7566.1699,7566.1699,7566.1699
1981-12-03,7624.9800,7624.9800,7624.9800,7624.9800
1981-12-04,7716.1299,7716.1299,7716.1299,7716.1299
1981-12-07,7789.1602,7789.1602,7789.1602,7789.1602
1981-12-08,7752.4302,7752.4302,7752.4302,7752.4302
1981-12-09,7743.1201,7743.1201,7743.1201,7743.1201
1981-12-10,7746.9102,7746.9102,7746.9102,7746.9102
1981-12-11,7730.8799,7730.8799,7730.8799,7730.8799
1981-12-14,7654.1699,7654.1699,7654.1699,7654.1699
1981-12-15,7680.8901,7680.8901,7680.8901,7680.8901
1981-12-16,7674.6499,7674.6499,7674.6499,7674.6499
1981-12-17,7682.5298,7682.5298,7682.5298,7682.5298
1981-12-18,7669.9302,7669.9302,7669.9302,7669.9302
1981-12-21,7668.8999,7668.8999,7668.8999,7668.8999
1981-12-22,7644.5698,7644.5698,7644.5698,7644.5698
1981-12-23,7681.9902,7681.9902,7681.9902,7681.9902
1981-12-24,7662.4800,7662.4800,7662.4800,7662.4800
1981-12-25,7665.0200,7665.0200,7665.0200,7665.0200
1981-12-28,7681.8398,7681.8398,7681.8398,7681.8398
1981-12-29,7681.8398,7681.8398,7681.8398,7681.8398
1981-12-30,7681.8398,7681.8398,7681.8398,7681.8398
1982-01-04,7718.8398,7718.8398,7718.8398,7718.8398
1982-01-05,7719.3398,7719.3398,7719.3398,7719.3398
1982-01-06,7697.6001,7697.6001,7697.6001,7697.6001
1982-01-07,7691.2202,7691.2202,7691.2202,7691.2202
1982-01-08,7662.2202,7662.2202,7662.2202,7662.2202
1982-01-11,7675.2598,7675.2598,7675.2598,7675.2598
1982-01-12,7631.7700,7631.7700,7631.7700,7631.7700
1982-01-13,7635.6602,7635.6602,7635.6602,7635.6602
1982-01-14,7667.0200,7667.0200,7667.0200,7667.0200
1982-01-18,7659.3398,7659.3398,7659.3398,7659.3398
1982-01-19,7677.0698,7677.0698,7677.0698,7677.0698
1982-01-20,7717.2300,7717.2300,7717.2300,7717.2300
1982-01-21,7737.5098,7737.5098,7737.5098,7737.5098
1982-01-22,7823.3599,7823.3599,7823.3599,7823.3599
1982-01-25,7906.2598,7906.2598,7906.2598,7906.2598
1982-01-26,7863.3999,7863.3999,7863.3999,7863.3999
1982-01-27,7926.5498,7926.5498,7926.5498,7926.5498
1982-01-28,7903.8501,7903.8501,7903.8501,7903.8501
1982-01-29,7918.8198,7918.8198,7918.8198,7918.8198
1982-02-01,7909.7900,7909.7900,7909.7900,7909.7900
1982-02-02,7828.0000,7828.0000,7828.0000,7828.0000
1982-02-03,7860.9399,7860.9399,7860.9399,7860.9399
1982-02-04,7834.7002,7834.7002,7834.7002,7834.7002
1982-02-05,7801.8799,7801.8799,7801.8799,7801.8799
1982-02-08,7784.8901,7784.8901,7784.8901,7784.8901
1982-02-09,7794.1899,7794.1899,7794.1899,7794.1899
1982-02-10,7761.1099,7761.1099,7761.1099,7761.1099
1982-02-12,7690.2900,7690.2900,7690.2900,7690.2900
1982-02-15,7694.1802,7694.1802,7694.1802,7694.1802
1982-02-16,7693.9199,7693.9199,7693.9199,7693.9199
1982-02-17,7644.3901,7644.3901,7644.3901,7644.3901
1982-02-18,7683.7598,7683.7598,7683.7598,7683.7598
1982-02-19,7713.3101,7713.3101,7713.3101,7713.3101
1982-02-22,7758.3599,7758.3599,7758.3599,7758.3599
1982-02-23,7714.5601,7714.5601,7714.5601,7714.5601
1982-02-24,7664.0200,7664.0200,7664.0200,7664.0200
1982-02-25,7580.4502,7580.4502,7580.4502,7580.4502
1982-02-26,7548.5098,7548.5098,7548.5098,7548.5098
1982-03-01,7327.4399,7327.4399,7327.4399,7327.4399
1982-03-02,7309.4102,7309.4102,7309.4102,7309.4102
1982-03-03,7474.4199,7474.4199,7474.4199,7474.4199
1982-03-04,7354.8198,7354.8198,7354.8198,7354.8198
1982-03-05,7285.5400,7285.5400,7285.5400,7285.5400
1982-03-08,7248.4702,7248.4702,7248.4702,7248.4702
1982-03-09,7195.7998,7195.7998,7195.7998,7195.7998
1982-03-10,7292.9102,7292.9102,7292.9102,7292.9102
1982-03-11,7257.3398,7257.3398,7257.3398,7257.3398
1982-03-12,7102.6099,7102.6099,7102.6099,7102.6099
1982-03-15,7078.6802,7078.6802,7078.6802,7078.6802
1982-03-16,6916.9902,6916.9902,6916.9902,6916.9902
1982-03-17,6889.5298,6889.5298,6889.5298,6889.5298
1982-03-18,7052.7998,7052.7998,7052.7998,7052.7998
1982-03-19,7065.3799,7065.3799,7065.3799,7065.3799
1982-03-23,7097.7998,7097.7998,7097.7998,7097.7998
1982-03-24,7194.3101,7194.3101,7194.3101,7194.3101
1982-03-25,7175.1602,7175.1602,7175.1602,7175.1602
1982-03-26,7203.8198,7203.8198,7203.8198,7203.8198
1982-03-29,7199.1602,7199.1602,7199.1602,7199.1602
1982-03-30,7193.8301,7193.8301,7193.8301,7193.8301
1982-03-31,7260.4800,7260.4800,7260.4800,7260.4800
1982-04-01,7293.6699,7293.6699,7293.6699,7293.6699
1982-04-02,7332.9600,7332.9600,7332.9600,7332.9600
1982-04-05,7344.3501,7344.3501,7344.3501,7344.3501
1982-04-06,7293.5898,7293.5898,7293.5898,7293.5898
1982-04-07,7230.5298,7230.5298,7230.5298,7230.5298
1982-04-08,7204.6499,7204.6499,7204.6499,7204.6499
1982-04-09,7209.2100,7209.2100,7209.2100,7209.2100
1982-04-12,7280.8198,7280.8198,7280.8198,7280.8198
1982-04-13,7252.9302,7252.9302,7252.9302,7252.9302
1982-04-14,7181.5298,7181.5298,7181.5298,7181.5298
1982-04-15,7120.8599,7120.8599,7120.8599,7120.8599
1982-04-16,7129.6899,7129.6899,7129.6899,7129.6899
1982-04-19,7135.2100,7135.2100,7135.2100,7135.2100
1982-04-20,7258.1499,7258.1499,7258.1499,7258.1499
1982-04-21,7260.5801,7260.5801,7260.5801,7260.5801
1982-04-22,7295.8701,7295.8701,7295.8701,7295.8701
1982-04-23,7333.9399,7333.9399,7333.9399,7333.9399
1982-04-26,7404.2100,7404.2100,7404.2100,7404.2100
1982-04-27,7417.1602,7417.1602,7417.1602,7417.1602
1982-04-28,7405.2798,7405.2798,7405.2798,7405.2798
1982-04-30,7390.7100,7390.7100,7390.7100,7390.7100
1982-05-04,7457.1099,7457.1099,7457.1099,7457.1099
1982-05-06,7517.7798,7517.7798,7517.7798,7517.7798
1982-05-07,7518.7798,7518.7798,7518.7798,7518.7798
1982-05-10,7564.5898,7564.5898,7564.5898,7564.5898
1982-05-11,7538.1201,7538.1201,7538.1201,7538.1201
1982-05-12,7539.7798,7539.7798,7539.7798,7539.7798
1982-05-13,7603.2100,7603.2100,7603.2100,7603.2100
1982-05-14,7575.8101,7575.8101,7575.8101,7575.8101
1982-05-17,7619.3901,7619.3901,7619.3901,7619.3901
1982-05-18,7567.0601,7567.0601,7567.0601,7567.0601
1982-05-19,7572.1499,7572.1499,7572.1499,7572.1499
1982-05-20,7531.5400,7531.5400,7531.5400,7531.5400
1982-05-21,7497.0498,7497.0498,7497.0498,7497.0498
1982-05-24,7468.2798,7468.2798,7468.2798,7468.2798
1982-05-25,7428.3999,7428.3999,7428.3999,7428.3999
1982-05-26,7449.9199,7449.9199,7449.9199,7449.9199
1982-05-27,7404.3599,7404.3599,7404.3599,7404.3599
1982-05-28,7325.0898,7325.0898,7325.0898,7325.0898
1982-05-31,7325.6499,7325.6499,7325.6499,7325.6499
1982-06-01,7368.6602,7368.6602,7368.6602,7368.6602
1982-06-02,7344.8999,7344.8999,7344.8999,7344.8999
1982-06-03,7301.9399,7301.9399,7301.9399,7301.9399
1982-06-04,7300.5400,7300.5400,7300.5400,7300.5400
1982-06-07,7242.3901,7242.3901,7242.3901,7242.3901
1982-06-08,7240.0298,7240.0298,7240.0298,7240.0298
1982-06-09,7233.0298,7233.0298,7233.0298,7233.0298
1982-06-10,7152.2798,7152.2798,7152.2798,7152.2798
1982-06-11,7195.4600,7195.4600,7195.4600,7195.4600
1982-06-14,7242.5801,7242.5801,7242.5801,7242.5801
1982-06-15,7191.0200,7191.0200,7191.0200,7191.0200
1982-06-16,7142.3901,7142.3901,7142.3901,7142.3901
1982-06-17,7130.2500,7130.2500,7130.2500,7130.2500
1982-06-18,7127.7002,7127.7002,7127.7002,7127.7002
1982-06-21,7091.1099,7091.1099,7091.1099,7091.1099
1982-06-22,7127.9600,7127.9600,7127.9600,7127.9600
1982-06-23,7154.6299,7154.6299,7154.6299,7154.6299
1982-06-24,7152.5801,7152.5801,7152.5801,7152.5801
1982-06-25,7202.4502,7202.4502,7202.4502,7202.4502
1982-06-28,7204.1899,7204.1899,7204.1899,7204.1899
1982-06-29,7180.7002,7180.7002,7180.7002,7180.7002
1982-06-30,7213.8701,7213.8701,7213.8701,7213.8701
1982-07-01,7179.3799,7179.3799,7179.3799,7179.3799
1982-07-02,7084.8701,7084.8701,7084.8701,7084.8701
1982-07-05,7081.1001,7081.1001,7081.1001,7081.1001
1982-07-06,7019.5601,7019.5601,7019.5601,7019.5601
1982-07-07,7035.1099,7035.1099,7035.1099,7035.1099
1982-07-08,6961.9102,6961.9102,6961.9102,6961.9102
1982-07-09,6991.5601,6991.5601,6991.5601,6991.5601
1982-07-12,7146.6899,7146.6899,7146.6899,7146.6899
1982-07-13,7189.0098,7189.0098,7189.0098,7189.0098
1982-07-14,7155.0000,7155.0000,7155.0000,7155.0000
1982-07-15,7197.7700,7197.7700,7197.7700,7197.7700
1982-07-16,7175.8901,7175.8901,7175.8901,7175.8901
1982-07-19,7237.7998,7237.7998,7237.7998,7237.7998
1982-07-20,7212.5000,7212.5000,7212.5000,7212.5000
1982-07-21,7210.5601,7210.5601,7210.5601,7210.5601
1982-07-22,7227.3701,7227.3701,7227.3701,7227.3701
1982-07-23,7220.5098,7220.5098,7220.5098,7220.5098
1982-07-26,7203.9399,7203.9399,7203.9399,7203.9399
1982-07-27,7198.0400,7198.0400,7198.0400,7198.0400
1982-07-28,7192.5898,7192.5898,7192.5898,7192.5898
1982-07-29,7145.8701,7145.8701,7145.8701,7145.8701
1982-07-30,7122.0801,7122.0801,7122.0801,7122.0801
1982-08-02,7208.2900,7208.2900,7208.2900,7208.2900
1982-08-03,7213.4102,7213.4102,7213.4102,7213.4102
1982-08-04,7166.2798,7166.2798,7166.2798,7166.2798
1982-08-05,7092.6699,7092.6699,7092.6699,7092.6699
1982-08-06,7068.2798,7068.2798,7068.2798,7068.2798
1982-08-09,6976.1699,6976.1699,6976.1699,6976.1699
1982-08-10,6928.2998,6928.2998,6928.2998,6928.2998
1982-08-11,6885.2100,6885.2100,6885.2100,6885.2100
1982-08-12,6880.2300,6880.2300,6880.2300,6880.2300
1982-08-13,6927.6899,6927.6899,6927.6899,6927.6899
1982-08-16,6939.4302,6939.4302,6939.4302,6939.4302
1982-08-17,6864.5601,6864.5601,6864.5601,6864.5601
1982-08-18,6990.8101,6990.8101,6990.8101,6990.8101
1982-08-19,6967.7798,6967.7798,6967.7798,6967.7798
1982-08-20,6968.4600,6968.4600,6968.4600,6968.4600
1982-08-23,7053.4902,7053.4902,7053.4902,7053.4902
1982-08-24,7088.9902,7088.9902,7088.9902,7088.9902
1982-08-25,7126.6001,7126.6001,7126.6001,7126.6001
1982-08-26,7153.3799,7153.3799,7153.3799,7153.3799
1982-08-27,7185.1001,7185.1001,7185.1001,7185.1001
1982-08-30,7118.8501,7118.8501,7118.8501,7118.8501
1982-08-31,7123.3799,7123.3799,7123.3799,7123.3799
1982-09-01,7152.5498,7152.5498,7152.5498,7152.5498
1982-09-02,7125.9102,7125.9102,7125.9102,7125.9102
1982-09-03,7175.5898,7175.5898,7175.5898,7175.5898
1982-09-06,7219.3301,7219.3301,7219.3301,7219.3301
1982-09-07,7209.4502,7209.4502,7209.4502,7209.4502
1982-09-08,7189.4902,7189.4902,7189.4902,7189.4902
1982-09-09,7124.0098,7124.0098,7124.0098,7124.0098
1982-09-10,7105.0298,7105.0298,7105.0298,7105.0298
1982-09-13,7073.9302,7073.9302,7073.9302,7073.9302
1982-09-14,7096.2998,7096.2998,7096.2998,7096.2998
1982-09-16,7087.8999,7087.8999,7087.8999,7087.8999
1982-09-17,7062.5098,7062.5098,7062.5098,7062.5098
1982-09-20,7042.6299,7042.6299,7042.6299,7042.6299
1982-09-21,7040.2798,7040.2798,7040.2798,7040.2798
1982-09-22,7071.1001,7071.1001,7071.1001,7071.1001
1982-09-24,7066.0400,7066.0400,7066.0400,7066.0400
1982-09-27,6975.5000,6975.5000,6975.5000,6975.5000
1982-09-28,6940.5098,6940.5098,6940.5098,6940.5098
1982-09-29,6979.0898,6979.0898,6979.0898,6979.0898
1982-09-30,6910.7300,6910.7300,6910.7300,6910.7300
1982-10-01,6849.7798,6849.7798,6849.7798,6849.7798
1982-10-04,6942.2202,6942.2202,6942.2202,6942.2202
1982-10-05,6932.1201,6932.1201,6932.1201,6932.1201
1982-10-06,6974.3501,6974.3501,6974.3501,6974.3501
1982-10-07,7114.6401,7114.6401,7114.6401,7114.6401
1982-10-08,7361.5698,7361.5698,7361.5698,7361.5698
1982-10-12,7413.2500,7413.2500,7413.2500,7413.2500
1982-10-13,7411.5801,7411.5801,7411.5801,7411.5801
1982-10-14,7414.7998,7414.7998,7414.7998,7414.7998
1982-10-15,7373.5098,7373.5098,7373.5098,7373.5098
1982-10-18,7370.2002,7370.2002,7370.2002,7370.2002
1982-10-19,7371.6499,7371.6499,7371.6499,7371.6499
1982-10-20,7378.0400,7378.0400,7378.0400,7378.0400
1982-10-21,7319.9600,7319.9600,7319.9600,7319.9600
1982-10-22,7324.0400,7324.0400,7324.0400,7324.0400
1982-10-25,7304.9199,7304.9199,7304.9199,7304.9199
1982-10-26,7199.6099,7199.6099,7199.6099,7199.6099
1982-10-27,7269.9600,7269.9600,7269.9600,7269.9600
1982-10-28,7291.4702,7291.4702,7291.4702,7291.4702
1982-10-29,7259.1499,7259.1499,7259.1499,7259.1499
1982-11-01,7334.6401,7334.6401,7334.6401,7334.6401
1982-11-02,7395.6201,7395.6201,7395.6201,7395.6201
1982-11-04,7515.8999,7515.8999,7515.8999,7515.8999
1982-11-05,7528.9600,7528.9600,7528.9600,7528.9600
1982-11-08,7551.6602,7551.6602,7551.6602,7551.6602
1982-11-09,7576.3999,7576.3999,7576.3999,7576.3999
1982-11-10,7688.1802,7688.1802,7688.1802,7688.1802
1982-11-11,7708.3198,7708.3198,7708.3198,7708.3198
1982-11-12,7689.4102,7689.4102,7689.4102,7689.4102
1982-11-15,7762.2300,7762.2300,7762.2300,7762.2300
1982-11-16,7698.2998,7698.2998,7698.2998,7698.2998
1982-11-17,7740.1001,7740.1001,7740.1001,7740.1001
1982-11-18,7785.4302,7785.4302,7785.4302,7785.4302
1982-11-19,7854.9199,7854.9199,7854.9199,7854.9199
1982-11-22,7901.5601,7901.5601,7901.5601,7901.5601
1982-11-24,7846.7700,7846.7700,7846.7700,7846.7700
1982-11-25,7837.2598,7837.2598,7837.2598,7837.2598
1982-11-26,7890.3799,7890.3799,7890.3799,7890.3799
1982-11-29,7936.1899,7936.1899,7936.1899,7936.1899
1982-11-30,7895.6201,7895.6201,7895.6201,7895.6201
1982-12-01,7966.7700,7966.7700,7966.7700,7966.7700
1982-12-02,8001.0698,8001.0698,8001.0698,8001.0698
1982-12-03,7991.6499,7991.6499,7991.6499,7991.6499
1982-12-06,8020.5298,8020.5298,8020.5298,8020.5298
1982-12-07,8026.9902,8026.9902,8026.9902,8026.9902
1982-12-08,8004.1099,8004.1099,8004.1099,8004.1099
1982-12-09,7945.2500,7945.2500,7945.2500,7945.2500
1982-12-10,7870.8501,7870.8501,7870.8501,7870.8501
1982-12-13,7885.5698,7885.5698,7885.5698,7885.5698
1982-12-14,7913.6201,7913.6201,7913.6201,7913.6201
1982-12-15,7882.9502,7882.9502,7882.9502,7882.9502
1982-12-16,7828.9199,7828.9199,7828.9199,7828.9199
1982-12-17,7865.8799,7865.8799,7865.8799,7865.8799
1982-12-20,7858.0400,7858.0400,7858.0400,7858.0400
1982-12-21,7810.1499,7810.1499,7810.1499,7810.1499
1982-12-22,7772.3198,7772.3198,7772.3198,7772.3198
1982-12-23,7830.8799,7830.8799,7830.8799,7830.8799
1982-12-24,7904.9800,7904.9800,7904.9800,7904.9800
1982-12-27,8015.0698,8015.0698,8015.0698,8015.0698
1982-12-28,8016.6699,8016.6699,8016.6699,8016.6699
1983-01-04,8021.3999,8021.3999,8021.3999,8021.3999
1983-01-05,8066.1499,8066.1499,8066.1499,8066.1499
1983-01-06,8120.5098,8120.5098,8120.5098,8120.5098
1983-01-07,8169.2900,8169.2900,8169.2900,8169.2900
1983-01-10,8172.6602,8172.6602,8172.6602,8172.6602
1983-01-11,8079.6299,8079.6299,8079.6299,8079.6299
1983-01-12,8039.8501,8039.8501,8039.8501,8039.8501
1983-01-13,8099.0601,8099.0601,8099.0601,8099.0601
1983-01-14,8088.5298,8088.5298,8088.5298,8088.5298
1983-01-17,8082.7300,8082.7300,8082.7300,8082.7300
1983-01-18,8028.2798,8028.2798,8028.2798,8028.2798
1983-01-19,7968.6802,7968.6802,7968.6802,7968.6802
1983-01-20,7923.3101,7923.3101,7923.3101,7923.3101
1983-01-21,7989.4102,7989.4102,7989.4102,7989.4102
1983-01-24,7833.9902,7833.9902,7833.9902,7833.9902
1983-01-25,7803.1802,7803.1802,7803.1802,7803.1802
1983-01-26,7962.5098,7962.5098,7962.5098,7962.5098
1983-01-27,7942.3198,7942.3198,7942.3198,7942.3198
1983-01-28,8014.6099,8014.6099,8014.6099,8014.6099
1983-01-31,8103.4702,8103.4702,8103.4702,8103.4702
1983-02-01,8105.5200,8105.5200,8105.5200,8105.5200
1983-02-02,8108.0498,8108.0498,8108.0498,8108.0498
1983-02-03,7991.2900,7991.2900,7991.2900,7991.2900
1983-02-04,8012.6401,8012.6401,8012.6401,8012.6401
1983-02-07,8010.9102,8010.9102,8010.9102,8010.9102
1983-02-08,8027.2002,8027.2002,8027.2002,8027.2002
1983-02-09,7995.9302,7995.9302,7995.9302,7995.9302
1983-02-10,8017.5601,8017.5601,8017.5601,8017.5601
1983-02-14,8132.0200,8132.0200,8132.0200,8132.0200
1983-02-15,8135.4199,8135.4199,8135.4199,8135.4199
1983-02-16,8145.4102,8145.4102,8145.4102,8145.4102
1983-02-17,8106.2700,8106.2700,8106.2700,8106.2700
1983-02-18,8048.3101,8048.3101,8048.3101,8048.3101
1983-02-21,7987.2700,7987.2700,7987.2700,7987.2700
1983-02-22,7918.1602,7918.1602,7918.1602,7918.1602
1983-02-23,7931.6499,7931.6499,7931.6499,7931.6499
1983-02-24,7984.2500,7984.2500,7984.2500,7984.2500
1983-02-25,8056.0400,8056.0400,8056.0400,8056.0400
1983-02-28,8085.5698,8085.5698,8085.5698,8085.5698
1983-03-01,7988.8501,7988.8501,7988.8501,7988.8501
1983-03-02,8013.2998,8013.2998,8013.2998,8013.2998
1983-03-03,8005.0200,8005.0200,8005.0200,8005.0200
1983-03-04,8014.7002,8014.7002,8014.7002,8014.7002
1983-03-07,8041.1602,8041.1602,8041.1602,8041.1602
1983-03-08,8026.9902,8026.9902,8026.9902,8026.9902
1983-03-09,8008.2500,8008.2500,8008.2500,8008.2500
1983-03-10,8027.6401,8027.6401,8027.6401,8027.6401
1983-03-11,8081.4399,8081.4399,8081.4399,8081.4399
1983-03-14,8089.0298,8089.0298,8089.0298,8089.0298
1983-03-15,8111.8301,8111.8301,8111.8301,8111.8301
1983-03-16,8170.1299,8170.1299,8170.1299,8170.1299
1983-03-17,8195.1396,8195.1396,8195.1396,8195.1396
1983-03-18,8234.9004,8234.9004,8234.9004,8234.9004
1983-03-22,8281.5898,8281.5898,8281.5898,8281.5898
1983-03-23,8311.1201,8311.1201,8311.1201,8311.1201
1983-03-24,8340.0801,8340.0801,8340.0801,8340.0801
1983-03-25,8302.7695,8302.7695,8302.7695,8302.7695
1983-03-28,8387.9102,8387.9102,8387.9102,8387.9102
1983-03-29,8424.1299,8424.1299,8424.1299,8424.1299
1983-03-30,8446.6104,8446.6104,8446.6104,8446.6104
1983-03-31,8478.7002,8478.7002,8478.7002,8478.7002
1983-04-01,8469.0000,8469.0000,8469.0000,8469.0000
1983-04-04,8485.8203,8485.8203,8485.8203,8485.8203
1983-04-05,8420.3398,8420.3398,8420.3398,8420.3398
1983-04-06,8479.4004,8479.4004,8479.4004,8479.4004
1983-04-07,8442.4502,8442.4502,8442.4502,8442.4502
1983-04-08,8435.3701,8435.3701,8435.3701,8435.3701
1983-04-11,8475.1904,8475.1904,8475.1904,8475.1904
1983-04-12,8468.6299,8468.6299,8468.6299,8468.6299
1983-04-13,8480.4404,8480.4404,8480.4404,8480.4404
1983-04-14,8554.2100,8554.2100,8554.2100,8554.2100
1983-04-15,8552.1602,8552.1602,8552.1602,8552.1602
1983-04-18,8582.5303,8582.5303,8582.5303,8582.5303
1983-04-19,8541.8604,8541.8604,8541.8604,8541.8604
1983-04-20,8564.4805,8564.4805,8564.4805,8564.4805
1983-04-21,8543.0596,8543.0596,8543.0596,8543.0596
1983-04-22,8563.1201,8563.1201,8563.1201,8563.1201
1983-04-25,8596.0898,8596.0898,8596.0898,8596.0898
1983-04-26,8607.4697,8607.4697,8607.4697,8607.4697
1983-04-27,8634.7900,8634.7900,8634.7900,8634.7900
1983-04-28,8636.5596,8636.5596,8636.5596,8636.5596
1983-05-02,8704.3896,8704.3896,8704.3896,8704.3896
1983-05-04,8663.0400,8663.0400,8663.0400,8663.0400
1983-05-06,8670.6396,8670.6396,8670.6396,8670.6396
1983-05-09,8719.8799,8719.8799,8719.8799,8719.8799
1983-05-10,8667.9902,8667.9902,8667.9902,8667.9902
1983-05-11,8691.5801,8691.5801,8691.5801,8691.5801
1983-05-12,8653.9004,8653.9004,8653.9004,8653.9004
1983-05-13,8629.5098,8629.5098,8629.5098,8629.5098
1983-05-16,8591.7900,8591.7900,8591.7900,8591.7900
1983-05-17,8572.2305,8572.2305,8572.2305,8572.2305
1983-05-18,8598.8398,8598.8398,8598.8398,8598.8398
1983-05-19,8584.4199,8584.4199,8584.4199,8584.4199
1983-05-20,8561.4502,8561.4502,8561.4502,8561.4502
1983-05-23,8528.6396,8528.6396,8528.6396,8528.6396
1983-05-24,8563.5098,8563.5098,8563.5098,8563.5098
1983-05-25,8582.3398,8582.3398,8582.3398,8582.3398
1983-05-26,8626.0000,8626.0000,8626.0000,8626.0000
1983-05-27,8617.9199,8617.9199,8617.9199,8617.9199
1983-05-30,8622.3496,8622.3496,8622.3496,8622.3496
1983-05-31,8617.5703,8617.5703,8617.5703,8617.5703
1983-06-01,8549.7002,8549.7002,8549.7002,8549.7002
1983-06-02,8517.8799,8517.8799,8517.8799,8517.8799
1983-06-03,8510.9805,8510.9805,8510.9805,8510.9805
1983-06-06,8505.9199,8505.9199,8505.9199,8505.9199
1983-06-07,8475.2998,8475.2998,8475.2998,8475.2998
1983-06-08,8445.4502,8445.4502,8445.4502,8445.4502
1983-06-09,8468.1201,8468.1201,8468.1201,8468.1201
1983-06-10,8500.4805,8500.4805,8500.4805,8500.4805
1983-06-13,8598.6504,8598.6504,8598.6504,8598.6504
1983-06-14,8618.3799,8618.3799,8618.3799,8618.3799
1983-06-15,8608.3301,8608.3301,8608.3301,8608.3301
1983-06-16,8645.3301,8645.3301,8645.3301,8645.3301
1983-06-17,8702.6797,8702.6797,8702.6797,8702.6797
1983-06-20,8711.7305,8711.7305,8711.7305,8711.7305
1983-06-21,8798.6201,8798.6201,8798.6201,8798.6201
1983-06-22,8826.8799,8826.8799,8826.8799,8826.8799
1983-06-23,8813.4805,8813.4805,8813.4805,8813.4805
1983-06-24,8845.3799,8845.3799,8845.3799,8845.3799
1983-06-27,8900.0400,8900.0400,8900.0400,8900.0400
1983-06-28,8838.2402,8838.2402,8838.2402,8838.2402
1983-06-29,8844.1904,8844.1904,8844.1904,8844.1904
1983-06-30,8870.9502,8870.9502,8870.9502,8870.9502
1983-07-01,8935.6602,8935.6602,8935.6602,8935.6602
1983-07-04,8971.5801,8971.5801,8971.5801,8971.5801
1983-07-05,8928.1299,8928.1299,8928.1299,8928.1299
1983-07-06,8984.8799,8984.8799,8984.8799,8984.8799
1983-07-07,9015.7598,9015.7598,9015.7598,9015.7598
1983-07-08,9012.4102,9012.4102,9012.4102,9012.4102
1983-07-11,8968.7695,8968.7695,8968.7695,8968.7695
1983-07-12,8937.2100,8937.2100,8937.2100,8937.2100
1983-07-13,8883.5996,8883.5996,8883.5996,8883.5996
1983-07-14,8884.9805,8884.9805,8884.9805,8884.9805
1983-07-15,8900.0195,8900.0195,8900.0195,8900.0195
1983-07-18,8885.0703,8885.0703,8885.0703,8885.0703
1983-07-19,8866.6602,8866.6602,8866.6602,8866.6602
1983-07-20,8927.3203,8927.3203,8927.3203,8927.3203
1983-07-21,9019.6904,9019.6904,9019.6904,9019.6904
1983-07-22,8993.4004,8993.4004,8993.4004,8993.4004
1983-07-25,8991.9297,8991.9297,8991.9297,8991.9297
1983-07-26,9005.4805,9005.4805,9005.4805,9005.4805
1983-07-27,9062.3701,9062.3701,9062.3701,9062.3701
1983-07-28,9112.0703,9112.0703,9112.0703,9112.0703
1983-07-29,9078.7500,9078.7500,9078.7500,9078.7500
1983-08-01,9015.5801,9015.5801,9015.5801,9015.5801
1983-08-02,9040.4297,9040.4297,9040.4297,9040.4297
1983-08-03,9016.2002,9016.2002,9016.2002,9016.2002
1983-08-04,9038.6104,9038.6104,9038.6104,9038.6104
1983-08-05,8946.6602,8946.6602,8946.6602,8946.6602
1983-08-08,8960.0000,8960.0000,8960.0000,8960.0000
1983-08-09,8874.2197,8874.2197,8874.2197,8874.2197
1983-08-10,8878.4805,8878.4805,8878.4805,8878.4805
1983-08-11,8908.6104,8908.6104,8908.6104,8908.6104
1983-08-12,8920.8203,8920.8203,8920.8203,8920.8203
1983-08-15,9020.2998,9020.2998,9020.2998,9020.2998
1983-08-16,9019.0703,9019.0703,9019.0703,9019.0703
1983-08-17,9010.0801,9010.0801,9010.0801,9010.0801
1983-08-18,9089.5801,9089.5801,9089.5801,9089.5801
1983-08-19,9139.7305,9139.7305,9139.7305,9139.7305
1983-08-22,9203.7500,9203.7500,9203.7500,9203.7500
1983-08-23,9169.1797,9169.1797,9169.1797,9169.1797
1983-08-24,9147.3398,9147.3398,9147.3398,9147.3398
1983-08-25,9143.0703,9143.0703,9143.0703,9143.0703
1983-08-26,9145.5400,9145.5400,9145.5400,9145.5400
1983-08-29,9172.5400,9172.5400,9172.5400,9172.5400
1983-08-30,9195.9199,9195.9199,9195.9199,9195.9199
1983-08-31,9189.4297,9189.4297,9189.4297,9189.4297
1983-09-01,9228.3496,9228.3496,9228.3496,9228.3496
1983-09-02,9183.1104,9183.1104,9183.1104,9183.1104
1983-09-05,9252.2100,9252.2100,9252.2100,9252.2100
1983-09-06,9255.1104,9255.1104,9255.1104,9255.1104
1983-09-07,9355.6602,9355.6602,9355.6602,9355.6602
1983-09-08,9332.4697,9332.4697,9332.4697,9332.4697
1983-09-09,9304.0098,9304.0098,9304.0098,9304.0098
1983-09-12,9355.1299,9355.1299,9355.1299,9355.1299
1983-09-13,9299.3301,9299.3301,9299.3301,9299.3301
1983-09-14,9274.1104,9274.1104,9274.1104,9274.1104
1983-09-16,9195.6602,9195.6602,9195.6602,9195.6602
1983-09-19,9141.2500,9141.2500,9141.2500,9141.2500
1983-09-20,9254.1504,9254.1504,9254.1504,9254.1504
1983-09-21,9272.5596,9272.5596,9272.5596,9272.5596
1983-09-22,9280.2998,9280.2998,9280.2998,9280.2998
1983-09-26,9345.7803,9345.7803,9345.7803,9345.7803
1983-09-27,9414.1504,9414.1504,9414.1504,9414.1504
1983-09-28,9445.3203,9445.3203,9445.3203,9445.3203
1983-09-29,9432.6104,9432.6104,9432.6104,9432.6104
1983-09-30,9402.5898,9402.5898,9402.5898,9402.5898
1983-10-03,9450.0996,9450.0996,9450.0996,9450.0996
1983-10-04,9424.3398,9424.3398,9424.3398,9424.3398
1983-10-05,9491.9297,9491.9297,9491.9297,9491.9297
1983-10-06,9529.9697,9529.9697,9529.9697,9529.9697
1983-10-07,9562.4805,9562.4805,9562.4805,9562.4805
1983-10-11,9493.0898,9493.0898,9493.0898,9493.0898
1983-10-12,9563.2500,9563.2500,9563.2500,9563.2500
1983-10-13,9472.3496,9472.3496,9472.3496,9472.3496
1983-10-14,9323.6299,9323.6299,9323.6299,9323.6299
1983-10-17,9420.9004,9420.9004,9420.9004,9420.9004
1983-10-18,9349.0596,9349.0596,9349.0596,9349.0596
1983-10-19,9280.7998,9280.7998,9280.7998,9280.7998
1983-10-20,9319.5498,9319.5498,9319.5498,9319.5498
1983-10-21,9370.2100,9370.2100,9370.2100,9370.2100
1983-10-24,9260.1602,9260.1602,9260.1602,9260.1602
1983-10-25,9232.7695,9232.7695,9232.7695,9232.7695
1983-10-26,9246.5498,9246.5498,9246.5498,9246.5498
1983-10-27,9323.0898,9323.0898,9323.0898,9323.0898
1983-10-28,9321.3701,9321.3701,9321.3701,9321.3701
1983-10-31,9356.7900,9356.7900,9356.7900,9356.7900
1983-11-01,9350.9102,9350.9102,9350.9102,9350.9102
1983-11-02,9344.1201,9344.1201,9344.1201,9344.1201
1983-11-04,9341.6797,9341.6797,9341.6797,9341.6797
1983-11-07,9316.2100,9316.2100,9316.2100,9316.2100
1983-11-08,9319.2598,9319.2598,9319.2598,9319.2598
1983-11-09,9297.0996,9297.0996,9297.0996,9297.0996
1983-11-10,9244.2402,9244.2402,9244.2402,9244.2402
1983-11-11,9305.6299,9305.6299,9305.6299,9305.6299
1983-11-14,9348.5195,9348.5195,9348.5195,9348.5195
1983-11-15,9379.2900,9379.2900,9379.2900,9379.2900
1983-11-16,9430.8096,9430.8096,9430.8096,9430.8096
1983-11-17,9416.9502,9416.9502,9416.9502,9416.9502
1983-11-18,9386.6797,9386.6797,9386.6797,9386.6797
1983-11-21,9409.7803,9409.7803,9409.7803,9409.7803
1983-11-22,9416.5596,9416.5596,9416.5596,9416.5596
1983-11-24,9373.5400,9373.5400,9373.5400,9373.5400
1983-11-25,9340.8496,9340.8496,9340.8496,9340.8496
1983-11-28,9294.7100,9294.7100,9294.7100,9294.7100
1983-11-29,9256.3496,9256.3496,9256.3496,9256.3496
1983-11-30,9320.2402,9320.2402,9320.2402,9320.2402
1983-12-01,9336.5996,9336.5996,9336.5996,9336.5996
1983-12-02,9379.8496,9379.8496,9379.8496,9379.8496
1983-12-05,9445.1299,9445.1299,9445.1299,9445.1299
1983-12-06,9438.7900,9438.7900,9438.7900,9438.7900
1983-12-07,9404.9902,9404.9902,9404.9902,9404.9902
1983-12-08,9461.0303,9461.0303,9461.0303,9461.0303
1983-12-09,9448.9004,9448.9004,9448.9004,9448.9004
1983-12-12,9442.0000,9442.0000,9442.0000,9442.0000
1983-12-13,9385.5596,9385.5596,9385.5596,9385.5596
1983-12-14,9401.1699,9401.1699,9401.1699,9401.1699
1983-12-15,9462.4297,9462.4297,9462.4297,9462.4297
1983-12-16,9530.6104,9530.6104,9530.6104,9530.6104
1983-12-19,9484.1699,9484.1699,9484.1699,9484.1699
1983-12-20,9627.9297,9627.9297,9627.9297,9627.9297
1983-12-21,9717.6504,9717.6504,9717.6504,9717.6504
1983-12-22,9709.4199,9709.4199,9709.4199,9709.4199
1983-12-23,9684.1699,9684.1699,9684.1699,9684.1699
1983-12-26,9846.5703,9846.5703,9846.5703,9846.5703
1983-12-27,9883.9404,9883.9404,9883.9404,9883.9404
1983-12-28,9893.8203,9893.8203,9893.8203,9893.8203
1984-01-04,9927.1104,9927.1104,9927.1104,9927.1104
1984-01-05,9946.8604,9946.8604,9946.8604,9946.8604
1984-01-06,9961.2500,9961.2500,9961.2500,9961.2500
1984-01-09,10053.8096,10053.8096,10053.8096,10053.8096
1984-01-10,10016.2100,10016.2100,10016.2100,10016.2100
1984-01-11,10072.5098,10072.5098,10072.5098,10072.5098
1984-01-12,10104.1602,10104.1602,10104.1602,10104.1602
1984-01-13,10150.9697,10150.9697,10150.9697,10150.9697
1984-01-17,10155.5703,10155.5703,10155.5703,10155.5703
1984-01-18,10100.2305,10100.2305,10100.2305,10100.2305
1984-01-19,10098.4102,10098.4102,10098.4102,10098.4102
1984-01-20,10104.0703,10104.0703,10104.0703,10104.0703
1984-01-23,10070.9805,10070.9805,10070.9805,10070.9805
1984-01-24,10022.9199,10022.9199,10022.9199,10022.9199
1984-01-25,10115.0996,10115.0996,10115.0996,10115.0996
1984-01-26,10179.6504,10179.6504,10179.6504,10179.6504
1984-01-27,10180.9502,10180.9502,10180.9502,10180.9502
1984-01-30,10235.7305,10235.7305,10235.7305,10235.7305
1984-01-31,10196.0996,10196.0996,10196.0996,10196.0996
1984-02-01,10200.8096,10200.8096,10200.8096,10200.8096
1984-02-02,10156.2900,10156.2900,10156.2900,10156.2900
1984-02-03,10134.1299,10134.1299,10134.1299,10134.1299
1984-02-06,10121.0801,10121.0801,10121.0801,10121.0801
1984-02-07,10060.9199,10060.9199,10060.9199,10060.9199
1984-02-08,10099.5898,10099.5898,10099.5898,10099.5898
1984-02-09,10001.5400,10001.5400,10001.5400,10001.5400
1984-02-10,9959.9004,9959.9004,9959.9004,9959.9004
1984-02-13,9963.1602,9963.1602,9963.1602,9963.1602
1984-02-14,9830.4697,9830.4697,9830.4697,9830.4697
1984-02-15,9892.1602,9892.1602,9892.1602,9892.1602
1984-02-16,9897.1504,9897.1504,9897.1504,9897.1504
1984-02-17,9925.0703,9925.0703,9925.0703,9925.0703
1984-02-20,9937.8301,9937.8301,9937.8301,9937.8301
1984-02-21,9970.6396,9970.6396,9970.6396,9970.6396
1984-02-22,9947.7100,9947.7100,9947.7100,9947.7100
1984-02-23,9939.5596,9939.5596,9939.5596,9939.5596
1984-02-24,9962.8701,9962.8701,9962.8701,9962.8701
1984-02-27,10071.4805,10071.4805,10071.4805,10071.4805
1984-02-28,10073.7803,10073.7803,10073.7803,10073.7803
1984-02-29,10030.7002,10030.7002,10030.7002,10030.7002
1984-03-01,9920.2695,9920.2695,9920.2695,9920.2695
1984-03-02,9948.4805,9948.4805,9948.4805,9948.4805
1984-03-05,10088.9404,10088.9404,10088.9404,10088.9404
1984-03-06,10058.7197,10058.7197,10058.7197,10058.7197
1984-03-07,10021.2002,10021.2002,10021.2002,10021.2002
1984-03-08,9959.3203,9959.3203,9959.3203,9959.3203
1984-03-09,9997.2197,9997.2197,9997.2197,9997.2197
1984-03-12,10086.5400,10086.5400,10086.5400,10086.5400
1984-03-13,10194.7598,10194.7598,10194.7598,10194.7598
1984-03-14,10324.0000,10324.0000,10324.0000,10324.0000
1984-03-15,10346.9902,10346.9902,10346.9902,10346.9902
1984-03-16,10458.3096,10458.3096,10458.3096,10458.3096
1984-03-19,10479.7998,10479.7998,10479.7998,10479.7998
1984-03-21,10413.8799,10413.8799,10413.8799,10413.8799
1984-03-22,10455.8096,10455.8096,10455.8096,10455.8096
1984-03-23,10506.2900,10506.2900,10506.2900,10506.2900
1984-03-26,10483.7305,10483.7305,10483.7305,10483.7305
1984-03-27,10528.3604,10528.3604,10528.3604,10528.3604
1984-03-28,10700.8701,10700.8701,10700.8701,10700.8701
1984-03-29,10801.5498,10801.5498,10801.5498,10801.5498
1984-03-30,10929.1699,10929.1699,10929.1699,10929.1699
1984-04-02,11050.1904,11050.1904,11050.1904,11050.1904
1984-04-03,10933.8203,10933.8203,10933.8203,10933.8203
1984-04-04,11002.0303,11002.0303,11002.0303,11002.0303
1984-04-05,10992.9297,10992.9297,10992.9297,10992.9297
1984-04-06,10914.7305,10914.7305,10914.7305,10914.7305
1984-04-09,10890.7002,10890.7002,10890.7002,10890.7002
1984-04-10,10915.1201,10915.1201,10915.1201,10915.1201
1984-04-11,10939.4404,10939.4404,10939.4404,10939.4404
1984-04-12,10967.1504,10967.1504,10967.1504,10967.1504
1984-04-13,11015.2100,11015.2100,11015.2100,11015.2100
1984-04-16,11019.6699,11019.6699,11019.6699,11019.6699
1984-04-17,10906.4004,10906.4004,10906.4004,10906.4004
1984-04-18,10932.8496,10932.8496,10932.8496,10932.8496
1984-04-19,10783.0400,10783.0400,10783.0400,10783.0400
1984-04-20,10803.8799,10803.8799,10803.8799,10803.8799
1984-04-23,10800.7803,10800.7803,10800.7803,10800.7803
1984-04-24,10761.8203,10761.8203,10761.8203,10761.8203
1984-04-25,10866.3398,10866.3398,10866.3398,10866.3398
1984-04-26,10901.5195,10901.5195,10901.5195,10901.5195
1984-04-27,10981.6797,10981.6797,10981.6797,10981.6797
1984-05-01,11019.0898,11019.0898,11019.0898,11019.0898
1984-05-02,11105.4600,11105.4600,11105.4600,11105.4600
1984-05-04,11190.1699,11190.1699,11190.1699,11190.1699
1984-05-07,11158.9600,11158.9600,11158.9600,11158.9600
1984-05-08,11052.4404,11052.4404,11052.4404,11052.4404
1984-05-09,11060.2900,11060.2900,11060.2900,11060.2900
1984-05-10,10879.7100,10879.7100,10879.7100,10879.7100
1984-05-11,10833.8701,10833.8701,10833.8701,10833.8701
1984-05-14,10563.3398,10563.3398,10563.3398,10563.3398
1984-05-15,10604.5400,10604.5400,10604.5400,10604.5400
1984-05-16,10619.8496,10619.8496,10619.8496,10619.8496
1984-05-17,10340.5098,10340.5098,10340.5098,10340.5098
1984-05-18,10126.8799,10126.8799,10126.8799,10126.8799
1984-05-21,10164.9697,10164.9697,10164.9697,10164.9697
1984-05-22,10061.9404,10061.9404,10061.9404,10061.9404
1984-05-23,10023.4600,10023.4600,10023.4600,10023.4600
1984-05-24,10251.7197,10251.7197,10251.7197,10251.7197
1984-05-25,10142.0996,10142.0996,10142.0996,10142.0996
1984-05-28,10116.0400,10116.0400,10116.0400,10116.0400
1984-05-29,10163.9697,10163.9697,10163.9697,10163.9697
1984-05-30,10140.9697,10140.9697,10140.9697,10140.9697
1984-05-31,9940.1396,9940.1396,9940.1396,9940.1396
1984-06-01,9913.1699,9913.1699,9913.1699,9913.1699
1984-06-04,10131.6602,10131.6602,10131.6602,10131.6602
1984-06-05,10258.7598,10258.7598,10258.7598,10258.7598
1984-06-06,10254.2002,10254.2002,10254.2002,10254.2002
1984-06-07,10316.0000,10316.0000,10316.0000,10316.0000
1984-06-08,10350.9297,10350.9297,10350.9297,10350.9297
1984-06-11,10376.8301,10376.8301,10376.8301,10376.8301
1984-06-12,10324.8301,10324.8301,10324.8301,10324.8301
1984-06-13,10275.9297,10275.9297,10275.9297,10275.9297
1984-06-14,10148.7305,10148.7305,10148.7305,10148.7305
1984-06-15,10057.0498,10057.0498,10057.0498,10057.0498
1984-06-18,10082.4697,10082.4697,10082.4697,10082.4697
1984-06-19,10197.3398,10197.3398,10197.3398,10197.3398
1984-06-20,10237.2197,10237.2197,10237.2197,10237.2197
1984-06-21,10170.7598,10170.7598,10170.7598,10170.7598
1984-06-22,10152.6104,10152.6104,10152.6104,10152.6104
1984-06-25,10172.5000,10172.5000,10172.5000,10172.5000
1984-06-26,10245.0801,10245.0801,10245.0801,10245.0801
1984-06-27,10311.0098,10311.0098,10311.0098,10311.0098
1984-06-28,10372.0498,10372.0498,10372.0498,10372.0498
1984-06-29,10377.9697,10377.9697,10377.9697,10377.9697
1984-07-02,10410.8701,10410.8701,10410.8701,10410.8701
1984-07-03,10349.2500,10349.2500,10349.2500,10349.2500
1984-07-04,10375.8398,10375.8398,10375.8398,10375.8398
1984-07-05,10420.5703,10420.5703,10420.5703,10420.5703
1984-07-06,10461.9102,10461.9102,10461.9102,10461.9102
1984-07-09,10373.2197,10373.2197,10373.2197,10373.2197
1984-07-10,10386.6104,10386.6104,10386.6104,10386.6104
1984-07-11,10354.8799,10354.8799,10354.8799,10354.8799
1984-07-12,10270.1602,10270.1602,10270.1602,10270.1602
1984-07-13,10154.0996,10154.0996,10154.0996,10154.0996
1984-07-16,10177.5801,10177.5801,10177.5801,10177.5801
1984-07-17,10242.0195,10242.0195,10242.0195,10242.0195
1984-07-18,10208.2500,10208.2500,10208.2500,10208.2500
1984-07-19,10088.7900,10088.7900,10088.7900,10088.7900
1984-07-20,9945.2695,9945.2695,9945.2695,9945.2695
1984-07-23,9703.3496,9703.3496,9703.3496,9703.3496
1984-07-24,9738.9600,9738.9600,9738.9600,9738.9600
1984-07-25,9800.1104,9800.1104,9800.1104,9800.1104
1984-07-26,9932.1797,9932.1797,9932.1797,9932.1797
1984-07-27,10036.2100,10036.2100,10036.2100,10036.2100
1984-07-30,10013.5996,10013.5996,10013.5996,10013.5996
1984-07-31,9998.5000,9998.5000,9998.5000,9998.5000
1984-08-01,9948.4004,9948.4004,9948.4004,9948.4004
1984-08-02,10086.8701,10086.8701,10086.8701,10086.8701
1984-08-03,10233.6104,10233.6104,10233.6104,10233.6104
1984-08-06,10431.0898,10431.0898,10431.0898,10431.0898
1984-08-07,10313.6299,10313.6299,10313.6299,10313.6299
1984-08-08,10247.1201,10247.1201,10247.1201,10247.1201
1984-08-09,10290.3604,10290.3604,10290.3604,10290.3604
1984-08-10,10375.9297,10375.9297,10375.9297,10375.9297
1984-08-13,10389.6201,10389.6201,10389.6201,10389.6201
1984-08-14,10360.9199,10360.9199,10360.9199,10360.9199
1984-08-15,10441.5000,10441.5000,10441.5000,10441.5000
1984-08-16,10418.2402,10418.2402,10418.2402,10418.2402
1984-08-17,10449.4805,10449.4805,10449.4805,10449.4805
1984-08-20,10533.3496,10533.3496,10533.3496,10533.3496
1984-08-21,10485.9697,10485.9697,10485.9697,10485.9697
1984-08-22,10538.3203,10538.3203,10538.3203,10538.3203
1984-08-23,10545.5498,10545.5498,10545.5498,10545.5498
1984-08-24,10554.0898,10554.0898,10554.0898,10554.0898
1984-08-27,10568.7197,10568.7197,10568.7197,10568.7197
1984-08-28,10575.1904,10575.1904,10575.1904,10575.1904
1984-08-29,10579.8896,10579.8896,10579.8896,10579.8896
1984-08-30,10586.2695,10586.2695,10586.2695,10586.2695
1984-08-31,10584.2002,10584.2002,10584.2002,10584.2002
1984-09-03,10630.0801,10630.0801,10630.0801,10630.0801
1984-09-04,10609.5303,10609.5303,10609.5303,10609.5303
1984-09-05,10545.5498,10545.5498,10545.5498,10545.5498
1984-09-06,10458.4902,10458.4902,10458.4902,10458.4902
1984-09-07,10500.7002,10500.7002,10500.7002,10500.7002
1984-09-10,10471.5303,10471.5303,10471.5303,10471.5303
1984-09-11,10493.0996,10493.0996,10493.0996,10493.0996
1984-09-12,10533.5400,10533.5400,10533.5400,10533.5400
1984-09-13,10578.7598,10578.7598,10578.7598,10578.7598
1984-09-14,10621.5400,10621.5400,10621.5400,10621.5400
1984-09-17,10636.3604,10636.3604,10636.3604,10636.3604
1984-09-18,10559.1504,10559.1504,10559.1504,10559.1504
1984-09-19,10552.2998,10552.2998,10552.2998,10552.2998
1984-09-20,10521.3398,10521.3398,10521.3398,10521.3398
1984-09-21,10505.1104,10505.1104,10505.1104,10505.1104
1984-09-25,10604.8398,10604.8398,10604.8398,10604.8398
1984-09-26,10620.0596,10620.0596,10620.0596,10620.0596
1984-09-27,10643.8701,10643.8701,10643.8701,10643.8701
1984-09-28,10649.2500,10649.2500,10649.2500,10649.2500
1984-10-01,10653.7900,10653.7900,10653.7900,10653.7900
1984-10-02,10540.0498,10540.0498,10540.0498,10540.0498
1984-10-03,10587.3799,10587.3799,10587.3799,10587.3799
1984-10-04,10642.0703,10642.0703,10642.0703,10642.0703
1984-10-05,10737.5801,10737.5801,10737.5801,10737.5801
1984-10-08,10676.9297,10676.9297,10676.9297,10676.9297
1984-10-09,10668.7100,10668.7100,10668.7100,10668.7100
1984-10-11,10696.8604,10696.8604,10696.8604,10696.8604
1984-10-12,10684.5801,10684.5801,10684.5801,10684.5801
1984-10-15,10780.1797,10780.1797,10780.1797,10780.1797
1984-10-16,10757.8896,10757.8896,10757.8896,10757.8896
1984-10-17,10742.8701,10742.8701,10742.8701,10742.8701
1984-10-18,10759.8701,10759.8701,10759.8701,10759.8701
1984-10-19,10845.1699,10845.1699,10845.1699,10845.1699
1984-10-22,11077.8398,11077.8398,11077.8398,11077.8398
1984-10-23,11029.9502,11029.9502,11029.9502,11029.9502
1984-10-24,11178.6299,11178.6299,11178.6299,11178.6299
1984-10-25,11151.5195,11151.5195,11151.5195,11151.5195
1984-10-26,11155.0195,11155.0195,11155.0195,11155.0195
1984-10-29,11176.9297,11176.9297,11176.9297,11176.9297
1984-10-30,11171.5498,11171.5498,11171.5498,11171.5498
1984-10-31,11252.9805,11252.9805,11252.9805,11252.9805
1984-11-01,11169.5596,11169.5596,11169.5596,11169.5596
1984-11-02,11249.9502,11249.9502,11249.9502,11249.9502
1984-11-05,11374.0801,11374.0801,11374.0801,11374.0801
1984-11-06,11297.6602,11297.6602,11297.6602,11297.6602
1984-11-07,11178.5400,11178.5400,11178.5400,11178.5400
1984-11-08,11166.9199,11166.9199,11166.9199,11166.9199
1984-11-09,11239.2803,11239.2803,11239.2803,11239.2803
1984-11-12,11235.1201,11235.1201,11235.1201,11235.1201
1984-11-13,11265.1602,11265.1602,11265.1602,11265.1602
1984-11-14,11320.9004,11320.9004,11320.9004,11320.9004
1984-11-15,11301.6201,11301.6201,11301.6201,11301.6201
1984-11-16,11271.4502,11271.4502,11271.4502,11271.4502
1984-11-19,11284.2100,11284.2100,11284.2100,11284.2100
1984-11-20,11256.9805,11256.9805,11256.9805,11256.9805
1984-11-21,11249.6904,11249.6904,11249.6904,11249.6904
1984-11-22,11207.7002,11207.7002,11207.7002,11207.7002
1984-11-26,11162.9600,11162.9600,11162.9600,11162.9600
1984-11-27,11184.1201,11184.1201,11184.1201,11184.1201
1984-11-28,11248.0801,11248.0801,11248.0801,11248.0801
1984-11-29,11366.6396,11366.6396,11366.6396,11366.6396
1984-11-30,11428.9004,11428.9004,11428.9004,11428.9004
1984-12-03,11513.5801,11513.5801,11513.5801,11513.5801
1984-12-04,11577.4404,11577.4404,11577.4404,11577.4404
1984-12-05,11543.1904,11543.1904,11543.1904,11543.1904
1984-12-06,11559.8398,11559.8398,11559.8398,11559.8398
1984-12-07,11466.9297,11466.9297,11466.9297,11466.9297
1984-12-10,11316.8701,11316.8701,11316.8701,11316.8701
1984-12-11,11250.8301,11250.8301,11250.8301,11250.8301
1984-12-12,11382.3398,11382.3398,11382.3398,11382.3398
1984-12-13,11340.0498,11340.0498,11340.0498,11340.0498
1984-12-14,11419.1504,11419.1504,11419.1504,11419.1504
1984-12-17,11455.6699,11455.6699,11455.6699,11455.6699
1984-12-18,11460.2100,11460.2100,11460.2100,11460.2100
1984-12-19,11558.4297,11558.4297,11558.4297,11558.4297
1984-12-20,11514.1504,11514.1504,11514.1504,11514.1504
1984-12-21,11474.3096,11474.3096,11474.3096,11474.3096
1984-12-24,11439.8701,11439.8701,11439.8701,11439.8701
1984-12-25,11492.2900,11492.2900,11492.2900,11492.2900
1984-12-26,11494.5898,11494.5898,11494.5898,11494.5898
1984-12-27,11513.5703,11513.5703,11513.5703,11513.5703
1984-12-28,11542.5996,11542.5996,11542.5996,11542.5996
1985-01-02,11543.0000,11543.0000,11543.0000,11543.0000
1985-01-04,11558.0596,11558.0596,11558.0596,11558.0596
1985-01-07,11575.5195,11575.5195,11575.5195,11575.5195
1985-01-08,11679.7900,11679.7900,11679.7900,11679.7900
1985-01-09,11763.5703,11763.5703,11763.5703,11763.5703
1985-01-10,11824.3799,11824.3799,11824.3799,11824.3799
1985-01-11,11812.2402,11812.2402,11812.2402,11812.2402
1985-01-14,11823.9102,11823.9102,11823.9102,11823.9102
1985-01-16,11933.0195,11933.0195,11933.0195,11933.0195
1985-01-17,11887.1904,11887.1904,11887.1904,11887.1904
1985-01-18,11910.0596,11910.0596,11910.0596,11910.0596
1985-01-21,11964.5195,11964.5195,11964.5195,11964.5195
1985-01-22,11868.1201,11868.1201,11868.1201,11868.1201
1985-01-23,11859.0098,11859.0098,11859.0098,11859.0098
1985-01-24,11856.3604,11856.3604,11856.3604,11856.3604
1985-01-25,11785.0996,11785.0996,11785.0996,11785.0996
1985-01-28,11798.8604,11798.8604,11798.8604,11798.8604
1985-01-29,11843.0703,11843.0703,11843.0703,11843.0703
1985-01-30,11960.6299,11960.6299,11960.6299,11960.6299
1985-01-31,11992.3096,11992.3096,11992.3096,11992.3096
1985-02-01,11946.9600,11946.9600,11946.9600,11946.9600
1985-02-04,11891.0801,11891.0801,11891.0801,11891.0801
1985-02-05,11823.4297,11823.4297,11823.4297,11823.4297
1985-02-06,11867.1699,11867.1699,11867.1699,11867.1699
1985-02-07,11940.7998,11940.7998,11940.7998,11940.7998
1985-02-08,12009.0098,12009.0098,12009.0098,12009.0098
1985-02-12,12027.8896,12027.8896,12027.8896,12027.8896
1985-02-13,12025.7100,12025.7100,12025.7100,12025.7100
1985-02-14,12081.6904,12081.6904,12081.6904,12081.6904
1985-02-15,12148.2900,12148.2900,12148.2900,12148.2900
1985-02-18,12149.1504,12149.1504,12149.1504,12149.1504
1985-02-19,12156.6396,12156.6396,12156.6396,12156.6396
1985-02-20,12152.3701,12152.3701,12152.3701,12152.3701
1985-02-21,12128.4600,12128.4600,12128.4600,12128.4600
1985-02-22,12147.0596,12147.0596,12147.0596,12147.0596
1985-02-25,12201.0400,12201.0400,12201.0400,12201.0400
1985-02-26,12194.9697,12194.9697,12194.9697,12194.9697
1985-02-27,12287.3799,12287.3799,12287.3799,12287.3799
1985-02-28,12321.9199,12321.9199,12321.9199,12321.9199
1985-03-01,12412.1396,12412.1396,12412.1396,12412.1396
1985-03-04,12509.0098,12509.0098,12509.0098,12509.0098
1985-03-05,12476.3799,12476.3799,12476.3799,12476.3799
1985-03-06,12498.6699,12498.6699,12498.6699,12498.6699
1985-03-07,12414.7998,12414.7998,12414.7998,12414.7998
1985-03-08,12347.5303,12347.5303,12347.5303,12347.5303
1985-03-11,12263.8496,12263.8496,12263.8496,12263.8496
1985-03-12,12296.8701,12296.8701,12296.8701,12296.8701
1985-03-13,12419.2598,12419.2598,12419.2598,12419.2598
1985-03-14,12405.0303,12405.0303,12405.0303,12405.0303
1985-03-15,12468.0303,12468.0303,12468.0303,12468.0303
1985-03-18,12506.6396,12506.6396,12506.6396,12506.6396
1985-03-19,12477.9902,12477.9902,12477.9902,12477.9902
1985-03-20,12541.3701,12541.3701,12541.3701,12541.3701
1985-03-22,12542.5996,12542.5996,12542.5996,12542.5996
1985-03-25,12493.2598,12493.2598,12493.2598,12493.2598
1985-03-26,12486.1504,12486.1504,12486.1504,12486.1504
1985-03-27,12550.8203,12550.8203,12550.8203,12550.8203
1985-03-28,12604.0195,12604.0195,12604.0195,12604.0195
1985-03-29,12580.7598,12580.7598,12580.7598,12580.7598
1985-04-01,12677.1504,12677.1504,12677.1504,12677.1504
1985-04-02,12629.8604,12629.8604,12629.8604,12629.8604
1985-04-03,12683.2598,12683.2598,12683.2598,12683.2598
1985-04-04,12627.0996,12627.0996,12627.0996,12627.0996
1985-04-05,12544.2402,12544.2402,12544.2402,12544.2402
1985-04-08,12635.9600,12635.9600,12635.9600,12635.9600
1985-04-09,12630.4297,12630.4297,12630.4297,12630.4297
1985-04-10,12601.9297,12601.9297,12601.9297,12601.9297
1985-04-11,12573.7998,12573.7998,12573.7998,12573.7998
1985-04-12,12588.0098,12588.0098,12588.0098,12588.0098
1985-04-15,12552.7305,12552.7305,12552.7305,12552.7305
1985-04-16,12207.2803,12207.2803,12207.2803,12207.2803
1985-04-17,12302.0596,12302.0596,12302.0596,12302.0596
1985-04-18,12052.8203,12052.8203,12052.8203,12052.8203
1985-04-19,12114.7998,12114.7998,12114.7998,12114.7998
1985-04-22,12179.9199,12179.9199,12179.9199,12179.9199
1985-04-23,12124.1396,12124.1396,12124.1396,12124.1396
1985-04-24,12217.7695,12217.7695,12217.7695,12217.7695
1985-04-25,12333.8701,12333.8701,12333.8701,12333.8701
1985-04-26,12405.0996,12405.0996,12405.0996,12405.0996
1985-04-30,12426.2900,12426.2900,12426.2900,12426.2900
1985-05-01,12456.6504,12456.6504,12456.6504,12456.6504
1985-05-02,12451.7900,12451.7900,12451.7900,12451.7900
1985-05-07,12506.2998,12506.2998,12506.2998,12506.2998
1985-05-08,12521.2002,12521.2002,12521.2002,12521.2002
1985-05-09,12474.5098,12474.5098,12474.5098,12474.5098
1985-05-10,12527.3096,12527.3096,12527.3096,12527.3096
1985-05-13,12541.5303,12541.5303,12541.5303,12541.5303
1985-05-14,12504.2002,12504.2002,12504.2002,12504.2002
1985-05-15,12358.0303,12358.0303,12358.0303,12358.0303
1985-05-16,12369.2998,12369.2998,12369.2998,12369.2998
1985-05-17,12419.9902,12419.9902,12419.9902,12419.9902
1985-05-20,12559.0996,12559.0996,12559.0996,12559.0996
1985-05-21,12650.3701,12650.3701,12650.3701,12650.3701
1985-05-22,12673.5703,12673.5703,12673.5703,12673.5703
1985-05-23,12649.1299,12649.1299,12649.1299,12649.1299
1985-05-24,12593.8496,12593.8496,12593.8496,12593.8496
1985-05-27,12642.7305,12642.7305,12642.7305,12642.7305
1985-05-28,12694.9297,12694.9297,12694.9297,12694.9297
1985-05-29,12767.1699,12767.1699,12767.1699,12767.1699
1985-05-30,12790.2695,12790.2695,12790.2695,12790.2695
1985-05-31,12758.4600,12758.4600,12758.4600,12758.4600
1985-06-03,12473.4102,12473.4102,12473.4102,12473.4102
1985-06-04,12583.3096,12583.3096,12583.3096,12583.3096
1985-06-05,12693.2100,12693.2100,12693.2100,12693.2100
1985-06-06,12716.1104,12716.1104,12716.1104,12716.1104
1985-06-07,12716.5898,12716.5898,12716.5898,12716.5898
1985-06-10,12683.3398,12683.3398,12683.3398,12683.3398
1985-06-11,12758.9297,12758.9297,12758.9297,12758.9297
1985-06-12,12748.0098,12748.0098,12748.0098,12748.0098
1985-06-13,12717.1602,12717.1602,12717.1602,12717.1602
1985-06-14,12685.2500,12685.2500,12685.2500,12685.2500
1985-06-17,12769.2803,12769.2803,12769.2803,12769.2803
1985-06-18,12741.1104,12741.1104,12741.1104,12741.1104
1985-06-19,12773.5898,12773.5898,12773.5898,12773.5898
1985-06-20,12677.9697,12677.9697,12677.9697,12677.9697
1985-06-21,12634.7598,12634.7598,12634.7598,12634.7598
1985-06-24,12765.9297,12765.9297,12765.9297,12765.9297
1985-06-25,12837.0195,12837.0195,12837.0195,12837.0195
1985-06-26,12910.2900,12910.2900,12910.2900,12910.2900
1985-06-27,12841.5996,12841.5996,12841.5996,12841.5996
1985-06-28,12882.0898,12882.0898,12882.0898,12882.0898
1985-07-01,12919.0303,12919.0303,12919.0303,12919.0303
1985-07-02,12913.7500,12913.7500,12913.7500,12913.7500
1985-07-03,12924.2998,12924.2998,12924.2998,12924.2998
1985-07-04,12969.5898,12969.5898,12969.5898,12969.5898
1985-07-05,12963.3496,12963.3496,12963.3496,12963.3496
1985-07-08,13029.6504,13029.6504,13029.6504,13029.6504
1985-07-09,13021.0098,13021.0098,13021.0098,13021.0098
1985-07-10,13012.0898,13012.0898,13012.0898,13012.0898
1985-07-11,12858.0996,12858.0996,12858.0996,12858.0996
1985-07-12,12839.4902,12839.4902,12839.4902,12839.4902
1985-07-15,12598.7695,12598.7695,12598.7695,12598.7695
1985-07-16,12698.2598,12698.2598,12698.2598,12698.2598
1985-07-17,12846.4902,12846.4902,12846.4902,12846.4902
1985-07-18,12852.5400,12852.5400,12852.5400,12852.5400
1985-07-19,12788.5400,12788.5400,12788.5400,12788.5400
1985-07-22,12771.6602,12771.6602,12771.6602,12771.6602
1985-07-23,12762.8301,12762.8301,12762.8301,12762.8301
1985-07-24,12777.0303,12777.0303,12777.0303,12777.0303
1985-07-25,12647.0303,12647.0303,12647.0303,12647.0303
1985-07-26,12648.0898,12648.0898,12648.0898,12648.0898
1985-07-29,12591.4199,12591.4199,12591.4199,12591.4199
1985-07-30,12269.8896,12269.8896,12269.8896,12269.8896
1985-07-31,12232.2695,12232.2695,12232.2695,12232.2695
1985-08-01,12538.3398,12538.3398,12538.3398,12538.3398
1985-08-02,12525.9600,12525.9600,12525.9600,12525.9600
1985-08-05,12450.6201,12450.6201,12450.6201,12450.6201
1985-08-06,12437.2803,12437.2803,12437.2803,12437.2803
1985-08-07,12421.1504,12421.1504,12421.1504,12421.1504
1985-08-08,12386.0303,12386.0303,12386.0303,12386.0303
1985-08-09,12401.1904,12401.1904,12401.1904,12401.1904
1985-08-12,12372.8799,12372.8799,12372.8799,12372.8799
1985-08-13,12326.7100,12326.7100,12326.7100,12326.7100
1985-08-14,12419.6396,12419.6396,12419.6396,12419.6396
1985-08-15,12484.0195,12484.0195,12484.0195,12484.0195
1985-08-16,12583.0801,12583.0801,12583.0801,12583.0801
1985-08-19,12640.0498,12640.0498,12640.0498,12640.0498
1985-08-20,12634.0498,12634.0498,12634.0498,12634.0498
1985-08-21,12704.8096,12704.8096,12704.8096,12704.8096
1985-08-22,12734.0498,12734.0498,12734.0498,12734.0498
1985-08-23,12691.4102,12691.4102,12691.4102,12691.4102
1985-08-26,12651.7695,12651.7695,12651.7695,12651.7695
1985-08-27,12691.4102,12691.4102,12691.4102,12691.4102
1985-08-28,12685.5000,12685.5000,12685.5000,12685.5000
1985-08-29,12728.7998,12728.7998,12728.7998,12728.7998
1985-08-30,12713.1504,12713.1504,12713.1504,12713.1504
1985-09-02,12726.6396,12726.6396,12726.6396,12726.6396
1985-09-03,12630.9600,12630.9600,12630.9600,12630.9600
1985-09-04,12529.4697,12529.4697,12529.4697,12529.4697
1985-09-05,12491.7998,12491.7998,12491.7998,12491.7998
1985-09-06,12453.8496,12453.8496,12453.8496,12453.8496
1985-09-09,12455.7197,12455.7197,12455.7197,12455.7197
1985-09-10,12519.5400,12519.5400,12519.5400,12519.5400
1985-09-11,12625.2500,12625.2500,12625.2500,12625.2500
1985-09-12,12603.0400,12603.0400,12603.0400,12603.0400
1985-09-13,12585.7002,12585.7002,12585.7002,12585.7002
1985-09-17,12591.5098,12591.5098,12591.5098,12591.5098
1985-09-18,12529.6602,12529.6602,12529.6602,12529.6602
1985-09-19,12564.9902,12564.9902,12564.9902,12564.9902
1985-09-20,12666.9502,12666.9502,12666.9502,12666.9502
1985-09-24,12755.5996,12755.5996,12755.5996,12755.5996
1985-09-25,12704.8096,12704.8096,12704.8096,12704.8096
1985-09-26,12689.5000,12689.5000,12689.5000,12689.5000
1985-09-27,12639.0000,12639.0000,12639.0000,12639.0000
1985-09-30,12700.1104,12700.1104,12700.1104,12700.1104
1985-10-01,12685.3604,12685.3604,12685.3604,12685.3604
1985-10-02,12720.5000,12720.5000,12720.5000,12720.5000
1985-10-03,12700.8604,12700.8604,12700.8604,12700.8604
1985-10-04,12713.8301,12713.8301,12713.8301,12713.8301
1985-10-07,12792.0000,12792.0000,12792.0000,12792.0000
1985-10-08,12835.2100,12835.2100,12835.2100,12835.2100
1985-10-09,12857.2002,12857.2002,12857.2002,12857.2002
1985-10-11,12949.9199,12949.9199,12949.9199,12949.9199
1985-10-14,13017.2900,13017.2900,13017.2900,13017.2900
1985-10-15,13055.5195,13055.5195,13055.5195,13055.5195
1985-10-16,13036.5596,13036.5596,13036.5596,13036.5596
1985-10-17,13021.1396,13021.1396,13021.1396,13021.1396
1985-10-18,12973.2197,12973.2197,12973.2197,12973.2197
1985-10-21,13023.2100,13023.2100,13023.2100,13023.2100
1985-10-22,13001.6904,13001.6904,13001.6904,13001.6904
1985-10-23,12946.5303,12946.5303,12946.5303,12946.5303
1985-10-24,12969.0801,12969.0801,12969.0801,12969.0801
1985-10-25,12854.9902,12854.9902,12854.9902,12854.9902
1985-10-28,12937.0400,12937.0400,12937.0400,12937.0400
1985-10-29,12913.9199,12913.9199,12913.9199,12913.9199
1985-10-30,12908.6602,12908.6602,12908.6602,12908.6602
1985-10-31,12936.4697,12936.4697,12936.4697,12936.4697
1985-11-01,12808.0996,12808.0996,12808.0996,12808.0996
1985-11-05,12820.6904,12820.6904,12820.6904,12820.6904
1985-11-06,12892.4004,12892.4004,12892.4004,12892.4004
1985-11-07,12851.2402,12851.2402,12851.2402,12851.2402
1985-11-08,12851.0498,12851.0498,12851.0498,12851.0498
1985-11-11,12821.2598,12821.2598,12821.2598,12821.2598
1985-11-12,12735.0801,12735.0801,12735.0801,12735.0801
1985-11-13,12716.2900,12716.2900,12716.2900,12716.2900
1985-11-14,12589.5098,12589.5098,12589.5098,12589.5098
1985-11-15,12637.4404,12637.4404,12637.4404,12637.4404
1985-11-18,12700.3096,12700.3096,12700.3096,12700.3096
1985-11-19,12607.2695,12607.2695,12607.2695,12607.2695
1985-11-20,12642.8896,12642.8896,12642.8896,12642.8896
1985-11-21,12697.0195,12697.0195,12697.0195,12697.0195
1985-11-22,12759.3301,12759.3301,12759.3301,12759.3301
1985-11-25,12783.3896,12783.3896,12783.3896,12783.3896
1985-11-26,12783.0996,12783.0996,12783.0996,12783.0996
1985-11-27,12777.8398,12777.8398,12777.8398,12777.8398
1985-11-28,12741.1904,12741.1904,12741.1904,12741.1904
1985-11-29,12763.2695,12763.2695,12763.2695,12763.2695
1985-12-02,12796.9199,12796.9199,12796.9199,12796.9199
1985-12-03,12774.5498,12774.5498,12774.5498,12774.5498
1985-12-04,12811.2002,12811.2002,12811.2002,12811.2002
1985-12-05,12864.1104,12864.1104,12864.1104,12864.1104
1985-12-06,12793.5303,12793.5303,12793.5303,12793.5303
1985-12-09,12798.2305,12798.2305,12798.2305,12798.2305
1985-12-10,12850.9502,12850.9502,12850.9502,12850.9502
1985-12-11,12972.0000,12972.0000,12972.0000,12972.0000
1985-12-12,13050.2803,13050.2803,13050.2803,13050.2803
1985-12-13,13107.9805,13107.9805,13107.9805,13107.9805
1985-12-16,13117.8496,13117.8496,13117.8496,13117.8496
1985-12-17,13128.9404,13128.9404,13128.9404,13128.9404
1985-12-18,13102.3398,13102.3398,13102.3398,13102.3398
1985-12-19,13115.0303,13115.0303,13115.0303,13115.0303
1985-12-20,13011.0898,13011.0898,13011.0898,13011.0898
1985-12-23,13043.0400,13043.0400,13043.0400,13043.0400
1985-12-24,13010.7100,13010.7100,13010.7100,13010.7100
1985-12-25,13097.8301,13097.8301,13097.8301,13097.8301
1985-12-26,13084.5898,13084.5898,13084.5898,13084.5898
1985-12-27,13083.1797,13083.1797,13083.1797,13083.1797
1986-01-06,13053.7900,13053.7900,13053.7900,13053.7900
1986-01-07,12991.2402,12991.2402,12991.2402,12991.2402
1986-01-08,13056.4199,13056.4199,13056.4199,13056.4199
1986-01-09,13034.1904,13034.1904,13034.1904,13034.1904
1986-01-10,12998.2100,12998.2100,12998.2100,12998.2100
1986-01-13,12977.0195,12977.0195,12977.0195,12977.0195
1986-01-14,12928.5996,12928.5996,12928.5996,12928.5996
1986-01-16,13027.1299,13027.1299,13027.1299,13027.1299
1986-01-17,13009.7002,13009.7002,13009.7002,13009.7002
1986-01-20,12952.0498,12952.0498,12952.0498,12952.0498
1986-01-21,12881.5000,12881.5000,12881.5000,12881.5000
1986-01-22,12923.3203,12923.3203,12923.3203,12923.3203
1986-01-23,12888.9404,12888.9404,12888.9404,12888.9404
1986-01-24,12904.2002,12904.2002,12904.2002,12904.2002
1986-01-27,12983.1396,12983.1396,12983.1396,12983.1396
1986-01-28,12993.6904,12993.6904,12993.6904,12993.6904
1986-01-29,12957.1396,12957.1396,12957.1396,12957.1396
1986-01-30,12949.0400,12949.0400,12949.0400,12949.0400
1986-01-31,13024.2998,13024.2998,13024.2998,13024.2998
1986-02-03,13086.4697,13086.4697,13086.4697,13086.4697
1986-02-04,13138.0898,13138.0898,13138.0898,13138.0898
1986-02-05,13185.6602,13185.6602,13185.6602,13185.6602
1986-02-06,13186.6104,13186.6104,13186.6104,13186.6104
1986-02-07,13212.1299,13212.1299,13212.1299,13212.1299
1986-02-10,13226.0703,13226.0703,13226.0703,13226.0703
1986-02-12,13300.5801,13300.5801,13300.5801,13300.5801
1986-02-13,13293.7998,13293.7998,13293.7998,13293.7998
1986-02-14,13342.7803,13342.7803,13342.7803,13342.7803
1986-02-17,13447.9102,13447.9102,13447.9102,13447.9102
1986-02-18,13436.2305,13436.2305,13436.2305,13436.2305
1986-02-19,13466.6504,13466.6504,13466.6504,13466.6504
1986-02-20,13355.4102,13355.4102,13355.4102,13355.4102
1986-02-21,13394.3096,13394.3096,13394.3096,13394.3096
1986-02-24,13503.4902,13503.4902,13503.4902,13503.4902
1986-02-25,13576.2998,13576.2998,13576.2998,13576.2998
1986-02-26,13621.7002,13621.7002,13621.7002,13621.7002
1986-02-27,13642.1396,13642.1396,13642.1396,13642.1396
1986-02-28,13640.8301,13640.8301,13640.8301,13640.8301
1986-03-03,13757.6299,13757.6299,13757.6299,13757.6299
1986-03-04,13784.2900,13784.2900,13784.2900,13784.2900
1986-03-05,13807.4600,13807.4600,13807.4600,13807.4600
1986-03-06,13901.5596,13901.5596,13901.5596,13901.5596
1986-03-07,13994.6299,13994.6299,13994.6299,13994.6299
1986-03-10,14056.5195,14056.5195,14056.5195,14056.5195
1986-03-11,14066.2197,14066.2197,14066.2197,14066.2197
1986-03-12,14238.1299,14238.1299,14238.1299,14238.1299
1986-03-13,14414.6602,14414.6602,14414.6602,14414.6602
1986-03-14,14516.7695,14516.7695,14516.7695,14516.7695
1986-03-17,14655.5195,14655.5195,14655.5195,14655.5195
1986-03-18,14639.3203,14639.3203,14639.3203,14639.3203
1986-03-19,14476.5400,14476.5400,14476.5400,14476.5400
1986-03-20,14753.2998,14753.2998,14753.2998,14753.2998
1986-03-21,15014.0000,15014.0000,15014.0000,15014.0000
1986-03-24,14975.2305,14975.2305,14975.2305,14975.2305
1986-03-25,14826.8701,14826.8701,14826.8701,14826.8701
1986-03-26,15059.7197,15059.7197,15059.7197,15059.7197
1986-03-27,15337.1797,15337.1797,15337.1797,15337.1797
1986-03-28,15364.3398,15364.3398,15364.3398,15364.3398
1986-03-31,15859.7500,15859.7500,15859.7500,15859.7500
1986-04-01,15745.8701,15745.8701,15745.8701,15745.8701
1986-04-02,15555.5098,15555.5098,15555.5098,15555.5098
1986-04-03,15272.2402,15272.2402,15272.2402,15272.2402
1986-04-04,15019.8096,15019.8096,15019.8096,15019.8096
1986-04-07,15061.9805,15061.9805,15061.9805,15061.9805
1986-04-08,15014.0596,15014.0596,15014.0596,15014.0596
1986-04-09,15110.1797,15110.1797,15110.1797,15110.1797
1986-04-10,15203.5703,15203.5703,15203.5703,15203.5703
1986-04-11,15326.3799,15326.3799,15326.3799,15326.3799
1986-04-14,15396.7598,15396.7598,15396.7598,15396.7598
1986-04-15,15352.3301,15352.3301,15352.3301,15352.3301
1986-04-16,15358.3604,15358.3604,15358.3604,15358.3604
1986-04-17,15486.8398,15486.8398,15486.8398,15486.8398
1986-04-18,15758.6104,15758.6104,15758.6104,15758.6104
1986-04-21,15827.2803,15827.2803,15827.2803,15827.2803
1986-04-22,15712.9102,15712.9102,15712.9102,15712.9102
1986-04-23,15748.0195,15748.0195,15748.0195,15748.0195
1986-04-24,15682.0498,15682.0498,15682.0498,15682.0498
1986-04-25,15689.8799,15689.8799,15689.8799,15689.8799
1986-04-28,15757.9297,15757.9297,15757.9297,15757.9297
1986-04-30,15825.5000,15825.5000,15825.5000,15825.5000
1986-05-01,15782.6504,15782.6504,15782.6504,15782.6504
1986-05-02,15868.4404,15868.4404,15868.4404,15868.4404
1986-05-06,15900.1504,15900.1504,15900.1504,15900.1504
1986-05-07,15953.8496,15953.8496,15953.8496,15953.8496
1986-05-08,16078.2402,16078.2402,16078.2402,16078.2402
1986-05-09,16194.9805,16194.9805,16194.9805,16194.9805
1986-05-12,16105.2305,16105.2305,16105.2305,16105.2305
1986-05-13,15982.2598,15982.2598,15982.2598,15982.2598
1986-05-14,15943.7500,15943.7500,15943.7500,15943.7500
1986-05-15,15924.6904,15924.6904,15924.6904,15924.6904
1986-05-16,15739.0498,15739.0498,15739.0498,15739.0498
1986-05-19,15697.5303,15697.5303,15697.5303,15697.5303
1986-05-20,15689.9805,15689.9805,15689.9805,15689.9805
1986-05-21,15808.1396,15808.1396,15808.1396,15808.1396
1986-05-22,15917.3301,15917.3301,15917.3301,15917.3301
1986-05-23,16204.9805,16204.9805,16204.9805,16204.9805
1986-05-26,16409.4902,16409.4902,16409.4902,16409.4902
1986-05-27,16467.3496,16467.3496,16467.3496,16467.3496
1986-05-28,16553.3906,16553.3906,16553.3906,16553.3906
1986-05-29,16610.6094,16610.6094,16610.6094,16610.6094
1986-05-30,16670.7695,16670.7695,16670.7695,16670.7695
1986-06-02,16739.2695,16739.2695,16739.2695,16739.2695
1986-06-03,16669.5391,16669.5391,16669.5391,16669.5391
1986-06-04,16802.7500,16802.7500,16802.7500,16802.7500
1986-06-05,16810.9902,16810.9902,16810.9902,16810.9902
1986-06-06,16817.9102,16817.9102,16817.9102,16817.9102
1986-06-09,17008.3398,17008.3398,17008.3398,17008.3398
1986-06-10,16967.6895,16967.6895,16967.6895,16967.6895
1986-06-11,17096.4492,17096.4492,17096.4492,17096.4492
1986-06-12,17131.2207,17131.2207,17131.2207,17131.2207
1986-06-13,17205.9707,17205.9707,17205.9707,17205.9707
1986-06-16,17185.5996,17185.5996,17185.5996,17185.5996
1986-06-17,17075.8906,17075.8906,17075.8906,17075.8906
1986-06-18,17177.0703,17177.0703,17177.0703,17177.0703
1986-06-19,17277.5898,17277.5898,17277.5898,17277.5898
1986-06-20,17403.1309,17403.1309,17403.1309,17403.1309
1986-06-23,17457.8906,17457.8906,17457.8906,17457.8906
1986-06-24,17342.4004,17342.4004,17342.4004,17342.4004
1986-06-25,17516.6309,17516.6309,17516.6309,17516.6309
1986-06-26,17600.9492,17600.9492,17600.9492,17600.9492
1986-06-27,17500.4297,17500.4297,17500.4297,17500.4297
1986-06-30,17654.1895,17654.1895,17654.1895,17654.1895
1986-07-01,17622.7402,17622.7402,17622.7402,17622.7402
1986-07-02,17669.9199,17669.9199,17669.9199,17669.9199
1986-07-03,17691.8008,17691.8008,17691.8008,17691.8008
1986-07-04,17597.7305,17597.7305,17597.7305,17597.7305
1986-07-07,17714.0703,17714.0703,17714.0703,17714.0703
1986-07-08,17734.1504,17734.1504,17734.1504,17734.1504
1986-07-09,17506.1094,17506.1094,17506.1094,17506.1094
1986-07-10,17469.8203,17469.8203,17469.8203,17469.8203
1986-07-11,17670.7695,17670.7695,17670.7695,17670.7695
1986-07-14,17820.5605,17820.5605,17820.5605,17820.5605
1986-07-15,17882.8008,17882.8008,17882.8008,17882.8008
1986-07-16,17700.9004,17700.9004,17700.9004,17700.9004
1986-07-17,17725.6309,17725.6309,17725.6309,17725.6309
1986-07-18,17838.8398,17838.8398,17838.8398,17838.8398
1986-07-21,17522.2207,17522.2207,17522.2207,17522.2207
1986-07-22,17639.3203,17639.3203,17639.3203,17639.3203
1986-07-23,17860.0703,17860.0703,17860.0703,17860.0703
1986-07-24,18026.2402,18026.2402,18026.2402,18026.2402
1986-07-25,18050.5898,18050.5898,18050.5898,18050.5898
1986-07-28,18038.9395,18038.9395,18038.9395,18038.9395
1986-07-29,17728.9395,17728.9395,17728.9395,17728.9395
1986-07-30,17799.0508,17799.0508,17799.0508,17799.0508
1986-07-31,17509.7109,17509.7109,17509.7109,17509.7109
1986-08-01,17321.9297,17321.9297,17321.9297,17321.9297
1986-08-04,17263.0996,17263.0996,17263.0996,17263.0996
1986-08-05,17414.7793,17414.7793,17414.7793,17414.7793
1986-08-06,17353.4805,17353.4805,17353.4805,17353.4805
1986-08-07,17422.3594,17422.3594,17422.3594,17422.3594
1986-08-08,17435.5293,17435.5293,17435.5293,17435.5293
1986-08-11,17479.1094,17479.1094,17479.1094,17479.1094
1986-08-12,17794.6895,17794.6895,17794.6895,17794.6895
1986-08-13,18000.7598,18000.7598,18000.7598,18000.7598
1986-08-14,18264.7109,18264.7109,18264.7109,18264.7109
1986-08-15,18376.4102,18376.4102,18376.4102,18376.4102
1986-08-18,18597.4395,18597.4395,18597.4395,18597.4395
1986-08-19,18792.6094,18792.6094,18792.6094,18792.6094
1986-08-20,18936.2402,18936.2402,18936.2402,18936.2402
1986-08-21,18675.5996,18675.5996,18675.5996,18675.5996
1986-08-22,18441.3105,18441.3105,18441.3105,18441.3105
1986-08-25,18565.6094,18565.6094,18565.6094,18565.6094
1986-08-26,18640.8301,18640.8301,18640.8301,18640.8301
1986-08-27,18503.2695,18503.2695,18503.2695,18503.2695
1986-08-28,18367.9805,18367.9805,18367.9805,18367.9805
1986-08-29,18533.6797,18533.6797,18533.6797,18533.6797
1986-09-01,18820.7500,18820.7500,18820.7500,18820.7500
1986-09-02,18694.9297,18694.9297,18694.9297,18694.9297
1986-09-03,18505.4492,18505.4492,18505.4492,18505.4492
1986-09-04,18559.6406,18559.6406,18559.6406,18559.6406
1986-09-05,18775.0801,18775.0801,18775.0801,18775.0801
1986-09-08,18552.2500,18552.2500,18552.2500,18552.2500
1986-09-09,18474.0898,18474.0898,18474.0898,18474.0898
1986-09-10,18619.3301,18619.3301,18619.3301,18619.3301
1986-09-11,18561.2500,18561.2500,18561.2500,18561.2500
1986-09-12,18100.5195,18100.5195,18100.5195,18100.5195
1986-09-15,18554.0000,18554.0000,18554.0000,18554.0000
1986-09-16,17463.1895,17463.1895,17463.1895,17463.1895
1986-09-17,17336.6191,17336.6191,17336.6191,17336.6191
1986-09-18,17478.3496,17478.3496,17478.3496,17478.3496
1986-09-19,17523.4492,17523.4492,17523.4492,17523.4492
1986-09-22,17706.3008,17706.3008,17706.3008,17706.3008
1986-09-23,17527.0000,17527.0000,17527.0000,17527.0000
1986-09-24,17955.7598,17955.7598,17955.7598,17955.7598
1986-09-25,17988.3496,17988.3496,17988.3496,17988.3496
1986-09-26,17960.9805,17960.9805,17960.9805,17960.9805
1986-09-29,18106.3105,18106.3105,18106.3105,18106.3105
1986-09-30,17852.8594,17852.8594,17852.8594,17852.8594
1986-10-01,17564.3906,17564.3906,17564.3906,17564.3906
1986-10-02,17019.1309,17019.1309,17019.1309,17019.1309
1986-10-03,17240.2207,17240.2207,17240.2207,17240.2207
1986-10-06,17435.3301,17435.3301,17435.3301,17435.3301
1986-10-07,17604.3594,17604.3594,17604.3594,17604.3594
1986-10-08,17514.8008,17514.8008,17514.8008,17514.8008
1986-10-09,17650.2305,17650.2305,17650.2305,17650.2305
1986-10-13,17338.7305,17338.7305,17338.7305,17338.7305
1986-10-14,17318.0703,17318.0703,17318.0703,17318.0703
1986-10-15,16970.1191,16970.1191,16970.1191,16970.1191
1986-10-16,16871.8906,16871.8906,16871.8906,16871.8906
1986-10-17,16701.3398,16701.3398,16701.3398,16701.3398
1986-10-20,16523.3691,16523.3691,16523.3691,16523.3691
1986-10-21,16205.7695,16205.7695,16205.7695,16205.7695
1986-10-22,15819.5498,15819.5498,15819.5498,15819.5498
1986-10-23,16308.2695,16308.2695,16308.2695,16308.2695
1986-10-24,16284.0000,16284.0000,16284.0000,16284.0000
1986-10-27,16157.7998,16157.7998,16157.7998,16157.7998
1986-10-28,16397.8301,16397.8301,16397.8301,16397.8301
1986-10-29,16505.3809,16505.3809,16505.3809,16505.3809
1986-10-30,17010.9492,17010.9492,17010.9492,17010.9492
1986-10-31,16910.6309,16910.6309,16910.6309,16910.6309
1986-11-04,16786.9004,16786.9004,16786.9004,16786.9004
1986-11-05,16713.7109,16713.7109,16713.7109,16713.7109
1986-11-06,16758.3496,16758.3496,16758.3496,16758.3496
1986-11-07,16973.6406,16973.6406,16973.6406,16973.6406
1986-11-10,17053.1992,17053.1992,17053.1992,17053.1992
1986-11-11,17300.5605,17300.5605,17300.5605,17300.5605
1986-11-12,17447.8906,17447.8906,17447.8906,17447.8906
1986-11-13,17438.4707,17438.4707,17438.4707,17438.4707
1986-11-14,17390.5000,17390.5000,17390.5000,17390.5000
1986-11-17,17208.1504,17208.1504,17208.1504,17208.1504
1986-11-18,17273.5293,17273.5293,17273.5293,17273.5293
1986-11-19,17283.8105,17283.8105,17283.8105,17283.8105
1986-11-20,17304.5605,17304.5605,17304.5605,17304.5605
1986-11-21,17489.5801,17489.5801,17489.5801,17489.5801
1986-11-25,17747.5000,17747.5000,17747.5000,17747.5000
1986-11-26,17727.9102,17727.9102,17727.9102,17727.9102
1986-11-27,17883.6602,17883.6602,17883.6602,17883.6602
1986-11-28,18083.0195,18083.0195,18083.0195,18083.0195
1986-12-01,18307.9805,18307.9805,18307.9805,18307.9805
1986-12-02,18190.9707,18190.9707,18190.9707,18190.9707
1986-12-03,18455.0605,18455.0605,18455.0605,18455.0605
1986-12-04,18623.9492,18623.9492,18623.9492,18623.9492
1986-12-05,18637.4707,18637.4707,18637.4707,18637.4707
1986-12-08,18710.6797,18710.6797,18710.6797,18710.6797
1986-12-09,18602.7207,18602.7207,18602.7207,18602.7207
1986-12-10,18776.1797,18776.1797,18776.1797,18776.1797
1986-12-11,18731.2500,18731.2500,18731.2500,18731.2500
1986-12-12,18830.6406,18830.6406,18830.6406,18830.6406
1986-12-15,18788.9395,18788.9395,18788.9395,18788.9395
1986-12-16,18933.0703,18933.0703,18933.0703,18933.0703
1986-12-17,18847.7695,18847.7695,18847.7695,18847.7695
1986-12-18,18723.7207,18723.7207,18723.7207,18723.7207
1986-12-19,18930.0293,18930.0293,18930.0293,18930.0293
1986-12-22,18825.4004,18825.4004,18825.4004,18825.4004
1986-12-23,18808.5508,18808.5508,18808.5508,18808.5508
1986-12-24,18902.8496,18902.8496,18902.8496,18902.8496
1986-12-25,18774.2598,18774.2598,18774.2598,18774.2598
1986-12-26,18820.6504,18820.6504,18820.6504,18820.6504
1987-01-05,18820.5508,18820.5508,18820.5508,18820.5508
1987-01-06,18936.7598,18936.7598,18936.7598,18936.7598
1987-01-07,18842.3691,18842.3691,18842.3691,18842.3691
1987-01-08,18778.7402,18778.7402,18778.7402,18778.7402
1987-01-09,18810.3594,18810.3594,18810.3594,18810.3594
1987-01-12,18669.0195,18669.0195,18669.0195,18669.0195
1987-01-13,18544.0508,18544.0508,18544.0508,18544.0508
1987-01-14,18784.2695,18784.2695,18784.2695,18784.2695
1987-01-16,19149.6309,19149.6309,19149.6309,19149.6309
1987-01-19,19188.6797,19188.6797,19188.6797,19188.6797
1987-01-20,19216.1191,19216.1191,19216.1191,19216.1191
1987-01-21,19429.1797,19429.1797,19429.1797,19429.1797
1987-01-22,19380.5098,19380.5098,19380.5098,19380.5098
1987-01-23,19456.6094,19456.6094,19456.6094,19456.6094
1987-01-26,19554.7207,19554.7207,19554.7207,19554.7207
1987-01-27,19686.8301,19686.8301,19686.8301,19686.8301
1987-01-28,19789.9297,19789.9297,19789.9297,19789.9297
1987-01-29,19921.0508,19921.0508,19921.0508,19921.0508
1987-01-30,20048.3496,20048.3496,20048.3496,20048.3496
1987-02-02,20072.0898,20072.0898,20072.0898,20072.0898
1987-02-03,19956.3301,19956.3301,19956.3301,19956.3301
1987-02-04,19973.8691,19973.8691,19973.8691,19973.8691
1987-02-05,19795.0801,19795.0801,19795.0801,19795.0801
1987-02-06,19668.8301,19668.8301,19668.8301,19668.8301
1987-02-09,19679.3203,19679.3203,19679.3203,19679.3203
1987-02-10,19813.9609,19813.9609,19813.9609,19813.9609
1987-02-12,19874.8906,19874.8906,19874.8906,19874.8906
1987-02-13,19628.8691,19628.8691,19628.8691,19628.8691
1987-02-16,19531.5195,19531.5195,19531.5195,19531.5195
1987-02-17,19637.9297,19637.9297,19637.9297,19637.9297
1987-02-18,19881.7598,19881.7598,19881.7598,19881.7598
1987-02-19,20228.0898,20228.0898,20228.0898,20228.0898
1987-02-20,20080.3906,20080.3906,20080.3906,20080.3906
1987-02-23,19940.5000,19940.5000,19940.5000,19940.5000
1987-02-24,20076.4805,20076.4805,20076.4805,20076.4805
1987-02-25,20186.3301,20186.3301,20186.3301,20186.3301
1987-02-26,20453.9004,20453.9004,20453.9004,20453.9004
1987-02-27,20421.6602,20421.6602,20421.6602,20421.6602
1987-03-02,20933.8203,20933.8203,20933.8203,20933.8203
1987-03-03,20971.3906,20971.3906,20971.3906,20971.3906
1987-03-04,21031.6602,21031.6602,21031.6602,21031.6602
1987-03-05,21176.0293,21176.0293,21176.0293,21176.0293
1987-03-06,21105.8496,21105.8496,21105.8496,21105.8496
1987-03-09,21166.4004,21166.4004,21166.4004,21166.4004
1987-03-10,21214.4609,21214.4609,21214.4609,21214.4609
1987-03-11,21312.9609,21312.9609,21312.9609,21312.9609
1987-03-12,21470.1992,21470.1992,21470.1992,21470.1992
1987-03-13,21497.9492,21497.9492,21497.9492,21497.9492
1987-03-16,21415.3691,21415.3691,21415.3691,21415.3691
1987-03-17,21514.7305,21514.7305,21514.7305,21514.7305
1987-03-18,21705.0605,21705.0605,21705.0605,21705.0605
1987-03-19,21644.3203,21644.3203,21644.3203,21644.3203
1987-03-20,21657.6699,21657.6699,21657.6699,21657.6699
1987-03-23,21588.2500,21588.2500,21588.2500,21588.2500
1987-03-24,21435.3008,21435.3008,21435.3008,21435.3008
1987-03-25,21472.9707,21472.9707,21472.9707,21472.9707
1987-03-26,21558.7891,21558.7891,21558.7891,21558.7891
1987-03-27,22026.6602,22026.6602,22026.6602,22026.6602
1987-03-30,21627.5703,21627.5703,21627.5703,21627.5703
1987-03-31,21566.6602,21566.6602,21566.6602,21566.6602
1987-04-01,22040.1797,22040.1797,22040.1797,22040.1797
1987-04-02,22367.7207,22367.7207,22367.7207,22367.7207
1987-04-03,22410.8496,22410.8496,22410.8496,22410.8496
1987-04-06,22586.1094,22586.1094,22586.1094,22586.1094
1987-04-07,22784.6504,22784.6504,22784.6504,22784.6504
1987-04-08,22912.9902,22912.9902,22912.9902,22912.9902
1987-04-09,22922.1992,22922.1992,22922.1992,22922.1992
1987-04-10,23216.5898,23216.5898,23216.5898,23216.5898
1987-04-13,22919.5391,22919.5391,22919.5391,22919.5391
1987-04-14,23524.0801,23524.0801,23524.0801,23524.0801
1987-04-15,23510.6895,23510.6895,23510.6895,23510.6895
1987-04-16,23868.4297,23868.4297,23868.4297,23868.4297
1987-04-17,23938.3496,23938.3496,23938.3496,23938.3496
1987-04-20,23895.2207,23895.2207,23895.2207,23895.2207
1987-04-21,23886.0996,23886.0996,23886.0996,23886.0996
1987-04-22,24097.7891,24097.7891,24097.7891,24097.7891
1987-04-23,24024.6094,24024.6094,24024.6094,24024.6094
1987-04-24,24006.3691,24006.3691,24006.3691,24006.3691
1987-04-27,23072.4102,23072.4102,23072.4102,23072.4102
1987-04-28,22889.8594,22889.8594,22889.8594,22889.8594
1987-04-30,23274.8301,23274.8301,23274.8301,23274.8301
1987-05-01,23680.8906,23680.8906,23680.8906,23680.8906
1987-05-06,23918.5605,23918.5605,23918.5605,23918.5605
1987-05-07,24207.5508,24207.5508,24207.5508,24207.5508
1987-05-08,24589.2305,24589.2305,24589.2305,24589.2305
1987-05-11,24608.2207,24608.2207,24608.2207,24608.2207
1987-05-12,24535.8496,24535.8496,24535.8496,24535.8496
1987-05-13,24363.1895,24363.1895,24363.1895,24363.1895
1987-05-14,24651.4395,24651.4395,24651.4395,24651.4395
1987-05-15,24729.0293,24729.0293,24729.0293,24729.0293
1987-05-18,24298.9805,24298.9805,24298.9805,24298.9805
1987-05-19,24077.8809,24077.8809,24077.8809,24077.8809
1987-05-20,23419.5996,23419.5996,23419.5996,23419.5996
1987-05-21,23754.0098,23754.0098,23754.0098,23754.0098
1987-05-22,24156.7109,24156.7109,24156.7109,24156.7109
1987-05-25,24582.7695,24582.7695,24582.7695,24582.7695
1987-05-26,24580.8691,24580.8691,24580.8691,24580.8691
1987-05-27,24539.7500,24539.7500,24539.7500,24539.7500
1987-05-28,24433.6504,24433.6504,24433.6504,24433.6504
1987-05-29,24772.3906,24772.3906,24772.3906,24772.3906
1987-06-01,24992.7793,24992.7793,24992.7793,24992.7793
1987-06-02,24902.6309,24902.6309,24902.6309,24902.6309
1987-06-03,25049.4004,25049.4004,25049.4004,25049.4004
1987-06-04,25366.1094,25366.1094,25366.1094,25366.1094
1987-06-05,25271.3008,25271.3008,25271.3008,25271.3008
1987-06-08,25523.8906,25523.8906,25523.8906,25523.8906
1987-06-09,25379.8809,25379.8809,25379.8809,25379.8809
1987-06-10,25738.9609,25738.9609,25738.9609,25738.9609
1987-06-11,25890.9492,25890.9492,25890.9492,25890.9492
1987-06-12,25894.2695,25894.2695,25894.2695,25894.2695
1987-06-15,25756.4395,25756.4395,25756.4395,25756.4395
1987-06-16,25738.8594,25738.8594,25738.8594,25738.8594
1987-06-17,25929.4199,25929.4199,25929.4199,25929.4199
1987-06-18,25750.5508,25750.5508,25750.5508,25750.5508
1987-06-19,25288.1191,25288.1191,25288.1191,25288.1191
1987-06-22,24640.3496,24640.3496,24640.3496,24640.3496
1987-06-23,24794.9102,24794.9102,24794.9102,24794.9102
1987-06-24,24892.7500,24892.7500,24892.7500,24892.7500
1987-06-25,25031.3496,25031.3496,25031.3496,25031.3496
1987-06-26,25049.8301,25049.8301,25049.8301,25049.8301
1987-06-29,24509.4102,24509.4102,24509.4102,24509.4102
1987-06-30,24176.4004,24176.4004,24176.4004,24176.4004
1987-07-01,24252.3809,24252.3809,24252.3809,24252.3809
1987-07-02,24636.4609,24636.4609,24636.4609,24636.4609
1987-07-03,24465.4805,24465.4805,24465.4805,24465.4805
1987-07-06,23870.8594,23870.8594,23870.8594,23870.8594
1987-07-07,23816.0898,23816.0898,23816.0898,23816.0898
1987-07-08,23472.4199,23472.4199,23472.4199,23472.4199
1987-07-09,23755.9004,23755.9004,23755.9004,23755.9004
1987-07-10,24102.9902,24102.9902,24102.9902,24102.9902
1987-07-13,24118.0098,24118.0098,24118.0098,24118.0098
1987-07-14,23931.5293,23931.5293,23931.5293,23931.5293
1987-07-15,23969.7598,23969.7598,23969.7598,23969.7598
1987-07-16,24003.6094,24003.6094,24003.6094,24003.6094
1987-07-17,23983.4492,23983.4492,23983.4492,23983.4492
1987-07-20,23328.6406,23328.6406,23328.6406,23328.6406
1987-07-21,23078.3594,23078.3594,23078.3594,23078.3594
1987-07-22,22702.7402,22702.7402,22702.7402,22702.7402
1987-07-23,23036.5195,23036.5195,23036.5195,23036.5195
1987-07-24,23942.9395,23942.9395,23942.9395,23942.9395
1987-07-27,24104.9805,24104.9805,24104.9805,24104.9805
1987-07-28,24385.8203,24385.8203,24385.8203,24385.8203
1987-07-29,24427.1191,24427.1191,24427.1191,24427.1191
1987-07-30,24510.3691,24510.3691,24510.3691,24510.3691
1987-07-31,24488.1094,24488.1094,24488.1094,24488.1094
1987-08-03,24483.8203,24483.8203,24483.8203,24483.8203
1987-08-04,24172.5996,24172.5996,24172.5996,24172.5996
1987-08-05,24297.1504,24297.1504,24297.1504,24297.1504
1987-08-06,24658.2305,24658.2305,24658.2305,24658.2305
1987-08-07,24800.9492,24800.9492,24800.9492,24800.9492
1987-08-10,25119.6992,25119.6992,25119.6992,25119.6992
1987-08-11,25282.9707,25282.9707,25282.9707,25282.9707
1987-08-12,25560.2305,25560.2305,25560.2305,25560.2305
1987-08-13,25575.7402,25575.7402,25575.7402,25575.7402
1987-08-14,25494.0098,25494.0098,25494.0098,25494.0098
1987-08-17,25378.8809,25378.8809,25378.8809,25378.8809
1987-08-18,25344.3398,25344.3398,25344.3398,25344.3398
1987-08-19,25231.5898,25231.5898,25231.5898,25231.5898
1987-08-20,25396.5703,25396.5703,25396.5703,25396.5703
1987-08-21,25559.1797,25559.1797,25559.1797,25559.1797
1987-08-24,25754.3301,25754.3301,25754.3301,25754.3301
1987-08-25,25643.3906,25643.3906,25643.3906,25643.3906
1987-08-26,25875.7402,25875.7402,25875.7402,25875.7402
1987-08-27,25968.7793,25968.7793,25968.7793,25968.7793
1987-08-28,25974.9609,25974.9609,25974.9609,25974.9609
1987-08-31,26029.2207,26029.2207,26029.2207,26029.2207
1987-09-01,26118.4199,26118.4199,26118.4199,26118.4199
1987-09-02,25946.5996,25946.5996,25946.5996,25946.5996
1987-09-03,25649.8809,25649.8809,25649.8809,25649.8809
1987-09-04,25744.0293,25744.0293,25744.0293,25744.0293
1987-09-07,25004.0898,25004.0898,25004.0898,25004.0898
1987-09-08,25204.0898,25204.0898,25204.0898,25204.0898
1987-09-09,24937.9297,24937.9297,24937.9297,24937.9297
1987-09-10,24795.2402,24795.2402,24795.2402,24795.2402
1987-09-11,24828.2695,24828.2695,24828.2695,24828.2695
1987-09-14,24954.0195,24954.0195,24954.0195,24954.0195
1987-09-16,24967.7305,24967.7305,24967.7305,24967.7305
1987-09-17,24855.3105,24855.3105,24855.3105,24855.3105
1987-09-18,24844.8398,24844.8398,24844.8398,24844.8398
1987-09-21,24912.4199,24912.4199,24912.4199,24912.4199
1987-09-22,24866.0605,24866.0605,24866.0605,24866.0605
1987-09-24,24944.8809,24944.8809,24944.8809,24944.8809
1987-09-25,25095.8594,25095.8594,25095.8594,25095.8594
1987-09-28,25837.3398,25837.3398,25837.3398,25837.3398
1987-09-29,25998.0000,25998.0000,25998.0000,25998.0000
1987-09-30,26010.8809,26010.8809,26010.8809,26010.8809
1987-10-01,25721.7402,25721.7402,25721.7402,25721.7402
1987-10-02,25862.4492,25862.4492,25862.4492,25862.4492
1987-10-05,26018.3301,26018.3301,26018.3301,26018.3301
1987-10-06,26088.9707,26088.9707,26088.9707,26088.9707
1987-10-07,25952.2695,25952.2695,25952.2695,25952.2695
1987-10-08,26286.7500,26286.7500,26286.7500,26286.7500
1987-10-09,26338.7695,26338.7695,26338.7695,26338.7695
1987-10-12,26284.6504,26284.6504,26284.6504,26284.6504
1987-10-13,26400.6309,26400.6309,26400.6309,26400.6309
1987-10-14,26646.4297,26646.4297,26646.4297,26646.4297
1987-10-15,26428.2207,26428.2207,26428.2207,26428.2207
1987-10-16,26366.7402,26366.7402,26366.7402,26366.7402
1987-10-19,25746.5605,25746.5605,25746.5605,25746.5605
1987-10-20,21910.0801,21910.0801,21910.0801,21910.0801
1987-10-21,23947.4004,23947.4004,23947.4004,23947.4004
1987-10-22,24404.4492,24404.4492,24404.4492,24404.4492
1987-10-23,23201.2207,23201.2207,23201.2207,23201.2207
1987-10-26,22202.5605,22202.5605,22202.5605,22202.5605
1987-10-27,22834.9609,22834.9609,22834.9609,22834.9609
1987-10-28,22577.5293,22577.5293,22577.5293,22577.5293
1987-10-29,22033.8906,22033.8906,22033.8906,22033.8906
1987-10-30,22765.0391,22765.0391,22765.0391,22765.0391
1987-11-02,23358.5996,23358.5996,23358.5996,23358.5996
1987-11-04,23060.5293,23060.5293,23060.5293,23060.5293
1987-11-05,22629.6504,22629.6504,22629.6504,22629.6504
1987-11-06,22795.0195,22795.0195,22795.0195,22795.0195
1987-11-09,22418.3691,22418.3691,22418.3691,22418.3691
1987-11-10,21686.4609,21686.4609,21686.4609,21686.4609
1987-11-11,21036.7598,21036.7598,21036.7598,21036.7598
1987-11-12,21546.5000,21546.5000,21546.5000,21546.5000
1987-11-13,22448.2500,22448.2500,22448.2500,22448.2500
1987-11-16,22615.4297,22615.4297,22615.4297,22615.4297
1987-11-17,22344.2793,22344.2793,22344.2793,22344.2793
1987-11-18,22734.4902,22734.4902,22734.4902,22734.4902
1987-11-19,22668.8008,22668.8008,22668.8008,22668.8008
1987-11-20,22705.5605,22705.5605,22705.5605,22705.5605
1987-11-24,22856.0195,22856.0195,22856.0195,22856.0195
1987-11-25,23219.6895,23219.6895,23219.6895,23219.6895
1987-11-26,23282.1797,23282.1797,23282.1797,23282.1797
1987-11-27,23268.6191,23268.6191,23268.6191,23268.6191
1987-11-30,22686.7793,22686.7793,22686.7793,22686.7793
1987-12-01,22832.8906,22832.8906,22832.8906,22832.8906
1987-12-02,22915.4902,22915.4902,22915.4902,22915.4902
1987-12-03,22808.1602,22808.1602,22808.1602,22808.1602
1987-12-04,22602.7500,22602.7500,22602.7500,22602.7500
1987-12-07,22586.5195,22586.5195,22586.5195,22586.5195
1987-12-08,22948.3398,22948.3398,22948.3398,22948.3398
1987-12-09,22885.6992,22885.6992,22885.6992,22885.6992
1987-12-10,23280.8398,23280.8398,23280.8398,23280.8398
1987-12-11,23035.8105,23035.8105,23035.8105,23035.8105
1987-12-14,22926.2793,22926.2793,22926.2793,22926.2793
1987-12-15,22846.7305,22846.7305,22846.7305,22846.7305
1987-12-16,22819.4199,22819.4199,22819.4199,22819.4199
1987-12-17,22899.8301,22899.8301,22899.8301,22899.8301
1987-12-18,22826.9707,22826.9707,22826.9707,22826.9707
1987-12-21,22956.8398,22956.8398,22956.8398,22956.8398
1987-12-22,22741.0195,22741.0195,22741.0195,22741.0195
1987-12-23,22693.8496,22693.8496,22693.8496,22693.8496
1987-12-24,22543.3691,22543.3691,22543.3691,22543.3691
1987-12-25,22120.9395,22120.9395,22120.9395,22120.9395
1987-12-28,21564.0000,21564.0000,21564.0000,21564.0000
1988-01-04,21217.0391,21217.0391,21217.0391,21217.0391
1988-01-05,21575.2793,21575.2793,21575.2793,21575.2793
1988-01-06,22790.5000,22790.5000,22790.5000,22790.5000
1988-01-07,22792.1309,22792.1309,22792.1309,22792.1309
1988-01-08,22872.5605,22872.5605,22872.5605,22872.5605
1988-01-11,22578.4297,22578.4297,22578.4297,22578.4297
1988-01-12,22625.0508,22625.0508,22625.0508,22625.0508
1988-01-13,22324.9902,22324.9902,22324.9902,22324.9902
1988-01-14,22603.6504,22603.6504,22603.6504,22603.6504
1988-01-18,22910.1992,22910.1992,22910.1992,22910.1992
1988-01-19,22898.1699,22898.1699,22898.1699,22898.1699
1988-01-20,22843.1406,22843.1406,22843.1406,22843.1406
1988-01-21,22710.2598,22710.2598,22710.2598,22710.2598
1988-01-22,22876.5801,22876.5801,22876.5801,22876.5801
1988-01-25,23318.4004,23318.4004,23318.4004,23318.4004
1988-01-26,23498.7598,23498.7598,23498.7598,23498.7598
1988-01-27,23335.9102,23335.9102,23335.9102,23335.9102
1988-01-28,23587.2500,23587.2500,23587.2500,23587.2500
1988-01-29,23622.3203,23622.3203,23622.3203,23622.3203
1988-02-01,23732.3203,23732.3203,23732.3203,23732.3203
1988-02-02,23672.2109,23672.2109,23672.2109,23672.2109
1988-02-03,23595.3691,23595.3691,23595.3691,23595.3691
1988-02-04,23709.0996,23709.0996,23709.0996,23709.0996
1988-02-05,23650.8008,23650.8008,23650.8008,23650.8008
1988-02-08,23771.5996,23771.5996,23771.5996,23771.5996
1988-02-09,23662.2695,23662.2695,23662.2695,23662.2695
1988-02-10,23771.8809,23771.8809,23771.8809,23771.8809
1988-02-12,23981.9395,23981.9395,23981.9395,23981.9395
1988-02-15,24207.4707,24207.4707,24207.4707,24207.4707
1988-02-16,24345.6602,24345.6602,24345.6602,24345.6602
1988-02-17,24429.9492,24429.9492,24429.9492,24429.9492
1988-02-18,24675.3594,24675.3594,24675.3594,24675.3594
1988-02-19,24773.4102,24773.4102,24773.4102,24773.4102
1988-02-22,24846.7109,24846.7109,24846.7109,24846.7109
1988-02-23,24949.4492,24949.4492,24949.4492,24949.4492
1988-02-24,24968.6504,24968.6504,24968.6504,24968.6504
1988-02-25,25100.6602,25100.6602,25100.6602,25100.6602
1988-02-26,25165.1797,25165.1797,25165.1797,25165.1797
1988-02-29,25242.8105,25242.8105,25242.8105,25242.8105
1988-03-01,25435.9004,25435.9004,25435.9004,25435.9004
1988-03-02,25682.8203,25682.8203,25682.8203,25682.8203
1988-03-03,25596.3105,25596.3105,25596.3105,25596.3105
1988-03-04,25615.6191,25615.6191,25615.6191,25615.6191
1988-03-07,25616.5801,25616.5801,25616.5801,25616.5801
1988-03-08,25465.7305,25465.7305,25465.7305,25465.7305
1988-03-09,25605.3906,25605.3906,25605.3906,25605.3906
1988-03-10,25617.8203,25617.8203,25617.8203,25617.8203
1988-03-11,25543.7305,25543.7305,25543.7305,25543.7305
1988-03-14,25433.5098,25433.5098,25433.5098,25433.5098
1988-03-15,25475.6699,25475.6699,25475.6699,25475.6699
1988-03-16,25704.4297,25704.4297,25704.4297,25704.4297
1988-03-17,25872.2891,25872.2891,25872.2891,25872.2891
1988-03-18,25966.2598,25966.2598,25966.2598,25966.2598
1988-03-22,25842.7500,25842.7500,25842.7500,25842.7500
1988-03-23,25895.2305,25895.2305,25895.2305,25895.2305
1988-03-24,25781.2793,25781.2793,25781.2793,25781.2793
1988-03-25,25626.7109,25626.7109,25626.7109,25626.7109
1988-03-28,25622.7109,25622.7109,25622.7109,25622.7109
1988-03-29,25953.0898,25953.0898,25953.0898,25953.0898
1988-03-30,26320.0703,26320.0703,26320.0703,26320.0703
1988-03-31,26260.2598,26260.2598,26260.2598,26260.2598
1988-04-01,26104.2207,26104.2207,26104.2207,26104.2207
1988-04-04,26335.2891,26335.2891,26335.2891,26335.2891
1988-04-05,26315.3496,26315.3496,26315.3496,26315.3496
1988-04-06,26511.1699,26511.1699,26511.1699,26511.1699
1988-04-07,26769.2207,26769.2207,26769.2207,26769.2207
1988-04-08,26767.2891,26926.4102,26700.9199,26748.8906
1988-04-11,26761.2207,26998.3594,26761.2207,26924.8691
1988-04-12,26939.1309,26985.7402,26845.0195,26930.8398
1988-04-13,26942.3008,26995.2793,26922.5605,26985.5508
1988-04-14,26969.3691,27123.1895,26969.3691,27111.3496
1988-04-15,27103.9297,27103.9297,26774.1309,26893.5703
1988-04-18,26883.8398,26984.1094,26671.4492,26671.4492
1988-04-19,26653.2500,26676.8398,26444.8105,26657.0000
1988-04-20,26662.7793,26894.2402,26662.7793,26864.0898
1988-04-21,26870.7402,26870.7402,26790.7891,26828.1602
1988-04-22,26836.4492,26909.9395,26827.7793,26837.1191
1988-04-25,27066.5605,27262.2793,27066.5605,27213.4492
1988-04-26,27208.2500,27339.1406,27190.5195,27246.7695
1988-04-27,27259.2891,27327.4902,27165.9609,27191.9707
1988-04-28,27206.5098,27434.3105,27206.5098,27434.1191
1988-05-02,27520.7109,27670.6797,27520.7109,27669.7207
1988-05-06,27671.1602,27671.1602,27518.9805,27534.3906
1988-05-09,27495.6699,27555.3809,27261.6094,27264.3008
1988-05-10,27239.6504,27412.8301,27166.9199,27412.2500
1988-05-11,27405.0293,27501.9297,27154.5898,27161.0508
1988-05-12,27136.6797,27275.3809,26928.8203,27212.5801
1988-05-13,27235.8906,27471.5898,27235.8906,27468.3105
1988-05-16,27473.8008,27764.3008,27473.8008,27759.8691
1988-05-17,27782.0293,27967.2500,27714.7891,27819.9805
1988-05-18,27811.6895,27814.7793,27754.3809,27767.5801
1988-05-19,27759.4902,27759.4902,27371.8906,27373.2402
1988-05-20,27392.5996,27529.5703,27305.1406,27393.8496
1988-05-23,27391.4492,27393.1797,27145.0605,27249.7598
1988-05-24,27237.4297,27348.5801,27179.1602,27312.6602
1988-05-25,27319.0098,27479.1895,27319.0098,27443.6504
1988-05-26,27463.3008,27641.4902,27403.8691,27428.2402
1988-05-27,27424.6992,27461.8203,27289.1406,27290.4902
1988-05-30,26961.8203,27238.6191,26961.8203,27223.0996
1988-05-31,27214.3301,27417.5703,27214.3301,27416.6992
1988-06-01,27427.7891,27795.9902,27427.7891,27703.9102
1988-06-02,27720.3008,27943.1191,27720.3008,27869.3594
1988-06-03,27859.0391,27904.8398,27803.2207,27821.5391
1988-06-06,27912.9395,28059.9707,27912.9395,27996.2402
1988-06-07,27978.0195,28056.9805,27919.4902,27967.3203
1988-06-08,27962.8809,28024.1992,27880.1602,27912.6504
1988-06-09,27927.5000,28173.5391,27927.5000,28072.0195
1988-06-10,28070.3809,28089.2793,27882.8594,27920.3594
1988-06-13,27916.1191,28047.7207,27916.1191,28036.5391
1988-06-14,28030.7598,28085.8105,27926.2402,28061.8008
1988-06-15,28081.7598,28294.0605,28081.7598,28093.5195
1988-06-16,28108.9492,28228.3105,28108.9492,28147.3203
1988-06-17,28175.1797,28394.7207,28175.1797,28342.4609
1988-06-20,28349.7891,28390.3809,28127.1699,28139.0293
1988-06-21,28109.1406,28109.1406,27915.1602,27925.5703
1988-06-22,27975.4102,28199.9609,27833.4902,27860.7793
1988-06-23,27884.4004,28008.5801,27692.6309,27732.9297
1988-06-24,27763.9805,27878.9004,27711.0508,27750.3906
1988-06-27,27562.3906,27598.1406,27385.6191,27435.0098
1988-06-28,27403.7891,27443.6992,27177.5391,27398.0898
1988-06-29,27422.7305,27692.1797,27422.7305,27607.3301
1988-06-30,27636.9004,27820.4297,27636.9004,27769.4004
1988-07-01,27779.1602,27828.2598,27478.5000,27503.5293
1988-07-04,27366.4805,27471.0508,27276.2207,27360.3906
1988-07-05,27362.3301,27585.0000,27362.3301,27577.1699
1988-07-06,27584.2305,27767.5703,27584.2305,27766.5996
1988-07-07,27774.1406,27817.3398,27634.5801,27728.1309
1988-07-08,27733.8398,27946.9395,27733.8398,27917.0801
1988-07-11,27925.8691,28044.1699,27880.9297,27985.9902
1988-07-12,27992.4609,28101.9609,27992.4609,28099.8398
1988-07-13,28113.5605,28178.8008,27909.1504,28020.0996
1988-07-14,28021.1699,28132.5996,27950.5195,28084.0801
1988-07-15,28101.0000,28206.9199,27895.9102,27913.7891
1988-07-18,27909.9297,27975.0703,27591.0898,27662.1191
1988-07-19,27645.8906,27645.8906,27109.3105,27149.0293
1988-07-20,27178.5098,27571.6602,27113.3691,27553.9805
1988-07-21,27562.3906,27676.1406,27416.7402,27676.1406
1988-07-22,27668.6992,27668.6992,27272.7402,27285.0098
1988-07-25,27321.9297,27390.6406,27179.6699,27183.5293
1988-07-26,27208.9492,27347.0605,27208.9492,27303.7598
1988-07-27,27322.3398,27750.5605,27322.3398,27738.5703
1988-07-28,27752.8809,27939.6699,27752.8809,27796.0898
1988-07-29,27817.8496,28042.4395,27817.8496,27911.6309
1988-08-01,28234.4609,28409.1699,28234.4609,28326.3105
1988-08-02,28341.0000,28381.0293,28244.6094,28366.3301
1988-08-03,28360.9199,28389.6406,28309.2891,28348.4492
1988-08-04,28370.3008,28475.6797,28246.2500,28292.6602
1988-08-05,28300.9805,28428.5996,28300.9805,28423.3809
1988-08-08,28351.7402,28393.8906,28217.7305,28253.1191
1988-08-09,28253.0195,28295.1797,28126.0801,28170.3594
1988-08-10,28155.7598,28155.7598,27469.9805,27554.8691
1988-08-11,27531.7598,27832.4492,27470.6602,27784.9805
1988-08-12,27811.3691,27956.9805,27787.9707,27833.5098
1988-08-15,27869.3809,27958.1406,27849.6602,27901.2891
1988-08-16,27887.8496,27903.2207,27780.6191,27896.5508
1988-08-17,27930.0996,28181.4805,27930.0996,28178.8594
1988-08-18,28206.9004,28323.0195,28120.7598,28129.3594
1988-08-19,28153.3398,28219.9609,28144.3496,28209.4199
1988-08-22,28219.6699,28281.5391,28000.0996,28079.1797
1988-08-23,28032.4902,28032.4902,27851.4902,27919.9492
1988-08-24,27925.2598,28004.1602,27772.9902,27799.6699
1988-08-25,27845.5000,27937.9297,27744.8496,27870.4395
1988-08-26,27822.1992,27822.1992,27523.5391,27565.4102
1988-08-29,27698.5391,27826.6504,27358.2109,27379.0996
1988-08-30,27409.4609,27514.5508,27265.7793,27511.6504
1988-08-31,27535.0508,27613.5605,27310.4492,27365.9492
1988-09-01,27329.4004,27329.4004,26701.4395,26934.2598
1988-09-02,26907.6699,27123.5605,26881.6602,27116.5000
1988-09-05,27530.8906,27644.4902,27336.5605,27341.5801
1988-09-06,27372.7207,27449.4805,27210.9609,27320.5098
1988-09-07,27349.4199,27516.3906,27349.4199,27504.0098
1988-09-08,27512.5195,27744.1699,27512.5195,27740.1094
1988-09-09,27777.8203,27873.5391,27628.6406,27647.0996
1988-09-12,27657.7402,27758.9707,27638.7891,27756.7402
1988-09-13,27793.0000,27914.2402,27711.1094,27794.1602
1988-09-14,27812.7207,27899.7402,27766.5098,27805.6699
1988-09-16,27813.9805,27878.4707,27794.7402,27866.3809
1988-09-19,27900.3203,28034.0293,27883.8809,27901.0000
1988-09-20,27878.4707,27878.4707,27532.4395,27548.5801
1988-09-21,27554.2891,27713.3301,27291.4004,27712.6602
1988-09-22,27718.8398,27804.5098,27375.5195,27428.3105
1988-09-26,27357.3398,27439.8105,27185.8301,27333.7500
1988-09-27,27331.0098,27499.5605,27331.0098,27499.5605
1988-09-28,27538.9395,27813.8906,27538.9395,27752.0098
1988-09-29,27764.7207,27853.3594,27638.7402,27700.1309
1988-09-30,27721.5605,27926.5801,27721.5605,27923.6699
1988-10-03,27693.2402,27775.5801,27495.6797,27545.5293
1988-10-04,27531.7598,27531.7598,27333.2402,27501.0195
1988-10-05,27513.5293,27582.7793,27246.3398,27405.4902
1988-10-06,27373.7793,27395.7891,27078.5605,27172.3398
1988-10-07,27150.5195,27260.5000,26962.5605,27258.2695
1988-10-11,27293.4707,27579.9609,27293.4707,27469.5996
1988-10-12,27456.7891,27456.7891,27218.8008,27409.3691
1988-10-13,27374.0703,27374.0703,27209.0996,27273.3008
1988-10-14,27277.7598,27371.5391,27215.8906,27306.5703
1988-10-17,27325.0898,27366.8906,27232.3691,27268.7402
1988-10-18,27262.5391,27265.1504,27090.0000,27141.9805
1988-10-19,27160.1191,27301.5195,27160.1191,27293.6699
1988-10-20,27306.1797,27428.5703,27306.1797,27390.5508
1988-10-21,27421.1992,27582.2891,27392.4902,27401.4199
1988-10-24,27319.8496,27377.8496,27258.0703,27281.5391
1988-10-25,27281.5391,27422.3594,27267.2891,27421.4902
1988-10-26,27425.8594,27706.6191,27425.8594,27620.5996
1988-10-27,27628.8398,27766.7500,27628.8398,27722.9199
1988-10-28,27723.0098,27757.6406,27602.4609,27741.3398
1988-10-31,27954.8105,28045.7793,27832.8008,27982.5391
1988-11-01,27976.4297,28095.2402,27964.7891,28013.6699
1988-11-02,28032.0000,28108.7207,27959.6504,27985.2598
1988-11-04,28000.8691,28063.2305,27798.1797,27953.2500
1988-11-07,28043.9297,28043.9297,27865.7695,27866.3594
1988-11-08,27856.2695,28008.1504,27767.4297,28007.2695
1988-11-09,28015.2305,28249.0508,28015.2305,28212.7793
1988-11-10,28224.3203,28317.9102,28164.7793,28166.4199
1988-11-11,28194.0605,28493.4492,28194.0605,28489.5703
1988-11-14,28481.2305,28531.4707,28402.4805,28520.9004
1988-11-15,28530.5996,28854.4297,28530.5996,28829.4102
1988-11-16,28833.6699,29013.3809,28827.7598,28996.1191
1988-11-17,28988.1699,29119.8691,28832.9902,29076.8105
1988-11-18,29086.1191,29224.7109,29086.1191,29180.1992
1988-11-21,29189.5098,29357.2891,29179.4199,29284.2598
1988-11-22,29289.3008,29433.1309,29221.2207,29430.1191
1988-11-24,29439.3398,29479.0996,29281.4492,29340.0293
1988-11-25,29348.7500,29438.2695,29274.4609,29406.6504
1988-11-28,29340.4102,29340.4102,28979.7305,28983.3203
1988-11-29,28962.9492,29318.3008,28930.2695,29318.3008
1988-11-30,29338.0898,29579.8691,29338.0898,29578.9004
1988-12-01,29614.1992,29683.7402,29531.7598,29541.4609
1988-12-02,29531.7598,29618.8496,29522.2598,29532.2500
1988-12-05,29654.0605,29655.9004,29438.6602,29614.6797
1988-12-06,29619.4395,29767.6309,29619.4395,29669.3809
1988-12-07,29675.4004,30050.8203,29675.4004,30050.8203
1988-12-08,30025.9902,30025.9902,29747.5508,29758.9004
1988-12-09,29754.4395,29802.2500,29728.9297,29793.4199
1988-12-12,29792.2598,29847.8301,29620.1094,29672.2891
1988-12-13,29656.3906,29689.7500,29542.8203,29597.8105
1988-12-14,29622.2500,29772.1895,29622.2500,29754.7305
1988-12-15,29758.4102,29794.6895,29678.5000,29705.7500
1988-12-16,29694.1094,29727.1797,29292.2109,29536.7109
1988-12-19,29534.4805,29630.0996,29384.1504,29470.0801
1988-12-20,29464.1602,29623.4102,29464.1602,29567.9395
1988-12-21,29578.6992,29698.1895,29519.1504,29698.1895
1988-12-22,29722.1406,29825.7207,29684.9004,29774.6094
1988-12-23,29826.5000,29957.8105,29635.5293,29686.2598
1988-12-26,29697.3496,29872.1895,29697.3496,29868.0098
1988-12-27,29891.9199,30084.7500,29891.9199,30050.9297
1988-12-28,30073.7695,30264.3594,30073.7695,30159.0000
1989-01-04,30165.5195,30272.7207,30165.5195,30243.6602
1989-01-05,30259.8906,30397.5098,30082.8105,30183.7891
1989-01-06,30225.6797,30312.5703,30099.1309,30209.5391
1989-01-09,30223.3496,30678.3906,30223.3496,30678.3906
1989-01-10,30683.1602,31006.5098,30680.3398,31006.5098
1989-01-11,31009.9102,31243.2695,30903.8809,31143.4492
1989-01-12,31141.0195,31155.0195,31047.4297,31143.4492
1989-01-13,31148.4102,31321.0195,31147.7305,31298.3809
1989-01-17,31298.5703,31317.2305,31150.8398,31227.5195
1989-01-18,31244.3398,31365.1504,31237.5391,31354.5508
1989-01-19,31367.2891,31463.6992,31110.4102,31311.4004
1989-01-20,31275.1504,31275.1504,31073.8691,31170.3809
1989-01-23,31199.1406,31332.8809,31199.1406,31332.8809
1989-01-24,31349.8906,31559.4297,31349.8906,31557.6797
1989-01-25,31566.6191,31663.9102,31487.4102,31567.7891
1989-01-26,31580.1309,31586.3496,31430.1699,31511.8105
1989-01-27,31531.1504,31683.4492,31531.1504,31646.1309
1989-01-30,31683.8398,31743.2207,31545.6309,31567.5000
1989-01-31,31548.4492,31581.8809,31487.0195,31581.3008
1989-02-01,31576.9297,31581.4902,31303.7207,31360.6797
1989-02-02,31361.9395,31515.1094,31361.9395,31498.3008
1989-02-03,31517.2500,31688.2109,31517.2500,31685.7793
1989-02-06,31686.3594,31856.2500,31686.1699,31828.7500
1989-02-07,31827.8691,31965.6895,31822.9199,31880.6504
1989-02-08,31892.5098,32066.0898,31892.5098,32065.1191
1989-02-09,32069.0996,32270.4805,32064.2402,32078.4297
1989-02-10,32075.8105,32131.9902,31963.5508,32131.9902
1989-02-13,32110.1191,32126.5391,31952.0801,31985.3203
1989-02-14,31977.3496,32076.7793,31936.3398,31982.8906
1989-02-15,31996.3105,32171.8301,31996.3105,32149.4805
1989-02-16,32157.5508,32354.7500,31996.5000,32083.5801
1989-02-17,32085.5293,32257.6504,32081.4492,32173.3906
1989-02-20,32187.9707,32302.6504,32092.0391,32177.0801
1989-02-21,32188.1602,32253.6699,31949.9492,31980.0801
1989-02-22,32006.9395,32312.6191,32006.9395,32311.9297
1989-02-23,32320.4004,32508.6094,32286.1602,32452.4902
1989-02-27,32423.7891,32597.9004,32281.3008,32285.7695
1989-02-28,32302.9902,32352.1992,31951.5605,31985.5996
1989-03-01,32006.9102,32281.4902,31780.8594,31964.3008
1989-03-02,31959.3398,32106.5996,31805.3691,32073.7305
1989-03-03,32101.4492,32317.8691,31901.8594,32000.0996
1989-03-06,31991.3398,32015.8496,31685.9297,31876.8594
1989-03-07,31875.9805,31993.3906,31736.5996,31937.9395
1989-03-08,31955.4492,32119.1504,31806.5391,31837.6602
1989-03-09,31859.0605,31891.1602,31590.8008,31656.4492
1989-03-10,31634.0801,31704.1094,31484.1895,31701.7793
1989-03-13,31689.4297,31693.5098,31427.0000,31552.9609
1989-03-14,31556.5605,31735.7305,31516.3906,31724.3496
1989-03-15,31757.4199,32102.6191,31757.4199,32100.4805
1989-03-16,32129.1699,32282.9492,32067.5000,32098.2402
1989-03-17,32120.7109,32223.8105,31946.8906,32021.0098
1989-03-20,31999.5098,31999.5098,31629.8008,31654.8008
1989-03-22,31666.2793,31788.3496,31343.5508,31443.2402
1989-03-23,31436.0508,31656.4492,31413.7695,31588.6602
1989-03-24,31608.3105,31699.8301,31477.9707,31568.5195
1989-03-27,31581.4609,31717.1504,31505.1992,31512.4004
1989-03-28,31521.5293,32308.3301,31521.5293,32306.3594
1989-03-29,32317.5391,32738.0605,32317.5391,32737.2793
1989-03-30,32744.9199,32912.8203,32656.7598,32826.1289
1989-03-31,32835.4414,32963.7109,32677.5508,32838.6797
1989-04-03,32862.5117,33077.0781,32847.3086,33042.0703
1989-04-04,33065.7109,33340.3008,33065.7109,33312.2500
1989-04-05,33337.6484,33412.9609,33239.5781,33360.7891
1989-04-06,33334.4102,33334.4102,32839.2695,32995.7812
1989-04-07,33026.8711,33218.1992,33025.3008,33185.0508
1989-04-10,33191.8203,33223.5000,32909.7812,32999.0195
1989-04-11,32998.3281,33307.2500,32939.5898,33249.5781
1989-04-12,33259.3906,33434.7383,33136.5117,33256.4492
1989-04-13,33267.5312,33336.1797,32951.0586,33063.9414
1989-04-14,33060.8008,33151.2188,32925.2695,33150.4414
1989-04-17,33189.2695,33402.4688,33189.2695,33308.3281
1989-04-18,33308.2305,33361.7695,33217.1211,33321.6602
1989-04-19,33320.0898,33414.4414,33286.4609,33363.8281
1989-04-20,33368.4414,33397.2695,33048.3516,33185.1484
1989-04-21,33153.3789,33153.3789,32780.5195,33029.8086
1989-04-24,33036.9688,33115.1289,32703.8301,32805.9219
1989-04-25,32854.2695,33318.0312,32854.2695,33244.7812
1989-04-26,33256.6406,33446.0117,33157.6914,33434.9297
1989-04-27,33457.5898,33565.0703,33425.3203,33500.8281
1989-04-28,33552.1211,33737.6719,33552.1211,33713.3516
1989-05-01,33721.5781,33880.7500,33721.5781,33793.1719
1989-05-02,33821.1211,33977.7383,33821.1211,33954.9883
1989-05-08,33979.8008,34170.5391,33979.8008,34135.2383
1989-05-09,34146.8086,34174.8594,33948.4219,34031.8711
1989-05-10,34046.8789,34153.5703,33988.2305,33992.3516
1989-05-11,34008.2383,34082.4805,33971.4609,34081.4883
1989-05-12,34077.6719,34093.8516,33839.3594,33866.3281
1989-05-15,33864.1797,33864.1797,33612.2383,33716.2891
1989-05-16,33795.8203,33931.3516,33740.2188,33926.4492
1989-05-17,33957.3398,34039.7188,33946.8516,33992.4492
1989-05-18,33982.8398,33999.2188,33768.2695,33856.3281
1989-05-19,33857.8984,34006.5703,33803.8594,34001.9609
1989-05-22,34007.0586,34124.0586,34002.7500,34067.8594
1989-05-23,34043.3516,34043.3516,33582.4297,33816.6094
1989-05-24,33808.5703,33933.8008,33706.8711,33851.8203
1989-05-25,33888.5000,34006.3711,33858.5898,34005.3906
1989-05-26,34053.5508,34191.6211,34023.9297,34191.6211
1989-05-29,34213.9805,34337.9414,34102.2812,34160.8281
1989-05-30,34141.8984,34162.0117,33990.1914,34076.8906
1989-05-31,34070.7109,34268.7109,34004.8984,34266.7500
1989-06-01,34294.3984,34327.8008,33932.0391,33981.3516
1989-06-02,33985.5508,34065.4219,33627.9688,33667.4219
1989-06-05,33649.5508,33809.0000,33408.0703,33457.0781
1989-06-06,33433.4492,33574.3594,33247.7305,33452.0117
1989-06-07,33497.4102,33676.8906,33398.5000,33626.8906
1989-06-08,33657.4609,33838.3008,33657.4609,33718.2891
1989-06-09,33755.6914,33812.2305,33581.4883,33639.9805
1989-06-12,33614.6914,33614.6914,33315.1992,33398.0117
1989-06-13,33463.5312,33555.5117,33135.0508,33213.5508
1989-06-14,33234.8398,33408.1602,33017.7695,33402.9883
1989-06-15,33466.9492,33524.5586,32913.0898,32913.0898
1989-06-16,32950.6914,33195.0000,32605.5996,33055.1719
1989-06-19,33038.5703,33051.3594,32858.3086,33013.1797
1989-06-20,33014.4492,33282.7812,33007.5195,33233.4688
1989-06-21,33241.4805,33376.5312,33177.4219,33345.2812
1989-06-22,33340.5898,33427.3984,33262.1797,33324.9688
1989-06-23,33398.3008,33702.2812,33398.3008,33530.7109
1989-06-26,33565.1797,33692.8984,33524.9492,33625.8203
1989-06-27,33622.0703,33646.3984,33445.1719,33469.2109
1989-06-28,33430.6094,33430.6094,32952.0117,33245.6016
1989-06-29,33198.3984,33223.0312,32922.5000,32956.3086
1989-06-30,32919.3711,32949.8594,32642.1992,32948.6914
1989-07-03,32894.6406,33236.4219,32696.5391,33236.4219
1989-07-04,33268.4688,33279.5195,33181.1016,33190.3789
1989-07-05,33221.2695,33358.2891,33221.2695,33309.7109
1989-07-06,33347.8281,33516.0312,33347.8281,33423.4805
1989-07-07,33480.2617,33713.8398,33480.2617,33703.9688
1989-07-10,33718.5312,33843.3281,33629.0117,33676.0195
1989-07-11,33689.3086,33799.1602,33664.9688,33746.7695
1989-07-12,33767.1992,33816.1602,33693.0195,33701.5195
1989-07-13,33732.8984,33778.3398,33627.8281,33631.1602
1989-07-14,33665.6602,33699.0781,33538.6992,33574.7695
1989-07-17,33585.4219,33593.6289,33414.6797,33456.2188
1989-07-18,33458.9492,33465.3008,33308.6406,33343.7305
1989-07-19,33343.5312,33558.0508,33343.5312,33557.1719
1989-07-20,33597.6289,33700.9414,33584.2500,33664.8711
1989-07-21,33688.7188,33971.4609,33619.3281,33899.4297
1989-07-24,33911.8516,34095.1914,33866.6914,34093.3281
1989-07-25,34155.7891,34542.5117,34155.7891,34538.8984
1989-07-26,34585.9102,34771.2109,34511.1406,34515.8281
1989-07-27,34538.6992,34788.0195,34538.6992,34785.2812
1989-07-28,34823.8906,34945.5586,34686.0781,34705.6289
1989-07-31,34722.9297,34954.7500,34722.9297,34953.8711
1989-08-01,34949.6719,34963.5508,34767.1016,34898.4609
1989-08-02,34893.5703,35015.9297,34851.2500,34899.3398
1989-08-03,34888.5781,34929.5312,34699.4688,34779.8086
1989-08-04,34746.6797,34746.6797,34660.2812,34741.9883
1989-08-07,34736.5117,34758.6992,34556.0000,34630.3789
1989-08-08,34615.9102,34761.3398,34530.7891,34759.4805
1989-08-09,34763.5781,34861.4219,34737.1016,34859.2695
1989-08-10,34842.5508,34911.1602,34708.5586,34719.8008
1989-08-11,34728.6914,34831.6992,34624.5117,34712.9609
1989-08-14,34692.9219,34724.8789,34590.3984,34671.6211
1989-08-15,34660.2812,34812.9414,34631.8398,34810.6914
1989-08-16,34819.2891,35086.1016,34819.2891,35084.1484
1989-08-17,35121.5781,35191.5586,34985.5391,35090.1094
1989-08-18,35103.5000,35126.0781,34951.3281,35063.1406
1989-08-21,35096.5586,35191.1602,35068.1211,35140.8281
1989-08-22,35114.7383,35157.7383,35011.0391,35114.3516
1989-08-23,35110.9297,35178.8516,34848.8086,34893.2812
1989-08-24,34903.1484,34957.5781,34662.5312,34786.5508
1989-08-25,34792.1211,34892.0117,34639.4609,34739.9297
1989-08-28,34740.3203,34749.3203,34492.5703,34607.4102
1989-08-29,34611.8984,34687.6484,34505.8594,34687.6484
1989-08-30,34699.9609,34758.9883,34423.2812,34471.6602
1989-08-31,34482.8008,34515.5391,34244.4297,34431.1992
1989-09-01,34439.0117,34491.1094,34220.0000,34348.2188
1989-09-04,34354.6719,34558.6406,34305.5117,34483.7812
1989-09-05,34513.1914,34635.0703,34338.4492,34441.9492
1989-09-06,34434.4219,34435.6914,34117.8711,34271.3086
1989-09-07,34228.0117,34299.7500,34110.5391,34152.5586
1989-09-08,34158.8203,34315.6797,34106.9219,34115.8086
1989-09-11,34128.8086,34165.1719,33955.1406,34113.6602
1989-09-12,34105.4492,34332.8789,34091.3789,34332.8789
1989-09-13,34345.4805,34345.4805,34185.5898,34286.9414
1989-09-14,34292.1211,34410.4805,34261.9219,34401.8789
1989-09-18,34393.5703,34525.4102,34385.1602,34472.5391
1989-09-19,34476.8398,34581.0195,34368.1602,34471.0703
1989-09-20,34498.8281,34559.8086,34448.1016,34470.5781
1989-09-21,34536.6484,34758.5000,34536.6484,34745.0195
1989-09-22,34783.1289,34865.2305,34732.5117,34771.7891
1989-09-25,34836.3984,34990.1289,34834.0508,34960.7109
1989-09-26,34977.6992,35444.8203,34974.9609,35444.8203
1989-09-27,35474.9609,35654.0781,35308.3516,35370.5703
1989-09-28,35398.3594,35689.9805,35398.3594,35689.9805
1989-09-29,35703.5781,35778.0312,35537.2695,35636.7617
1989-10-02,35671.6914,35771.1797,35612.6016,35622.9688
1989-10-03,35603.3984,35603.3984,35293.4805,35366.3711
1989-10-04,35389.7500,35418.8008,35337.8008,35382.8008
1989-10-05,35381.7305,35536.8789,35381.7305,35522.9883
1989-10-06,35507.9219,35507.9219,35051.0703,35209.3516
1989-10-09,35229.1094,35405.1992,35229.1094,35376.3516
1989-10-11,35380.8516,35399.0391,35005.7695,35240.0703
1989-10-12,35219.5312,35219.5312,34795.0508,34795.0508
1989-10-13,34844.1602,35118.9609,34844.1602,35116.0195
1989-10-16,35075.6211,35075.6211,34460.8711,34468.6914
1989-10-17,34508.4219,35183.5781,34508.4219,34996.0781
1989-10-18,35005.4883,35152.0391,34991.6719,35107.5586
1989-10-19,35129.3086,35392.1406,35129.3086,35374.2188
1989-10-20,35418.5898,35611.3789,35418.5898,35486.3789
1989-10-23,35513.6211,35670.0586,35513.6211,35585.5195
1989-10-24,35609.4219,35651.1602,35449.2617,35526.5508
1989-10-25,35535.9492,35645.4688,35442.3984,35442.3984
1989-10-26,35451.9414,35697.1094,35451.9414,35678.4883
1989-10-27,35694.1719,35742.9688,35374.7188,35527.2891
1989-10-30,35523.1719,35523.1719,35335.8203,35417.4414
1989-10-31,35413.1289,35583.3398,35413.1289,35549.4414
1989-11-01,35545.0312,35640.3711,35453.2109,35564.4297
1989-11-02,35545.8086,35555.7109,35360.8008,35494.8594
1989-11-06,35494.9492,35573.2500,35411.4609,35434.0000
1989-11-07,35371.0898,35371.0898,35098.7812,35270.4609
1989-11-08,35319.3516,35628.6094,35319.3516,35595.5898
1989-11-09,35626.4609,35690.2500,35466.6289,35657.4219
1989-11-10,35679.0781,35741.5000,35595.4883,35663.1992
1989-11-13,35713.7695,35799.7109,35677.6094,35750.1211
1989-11-14,35725.5312,35775.9883,35696.7188,35768.6406
1989-11-15,35806.1719,35976.7812,35805.3906,35852.2305
1989-11-16,35855.2695,35953.1602,35833.1211,35876.3398
1989-11-17,35903.1797,36025.4805,35900.2383,35963.7383
1989-11-20,35962.8594,35974.9102,35882.0195,35893.5781
1989-11-21,35920.2383,36059.8711,35920.2383,36059.8711
1989-11-22,36097.9883,36387.6484,36097.9883,36286.9219
1989-11-24,36304.7500,36486.4297,36304.7500,36484.4688
1989-11-27,36487.6992,36883.1914,36487.6992,36881.5312
1989-11-28,36892.8008,36987.1602,36825.5781,36985.3008
1989-11-29,36989.2188,37128.8594,36935.9102,37021.4609
1989-11-30,37034.3906,37268.7891,37019.2109,37268.7891
1989-12-01,37284.3711,37332.5781,37058.6016,37132.6797
1989-12-04,37134.9297,37312.5898,37124.4492,37303.8711
1989-12-05,37326.8984,37548.4609,37326.8984,37494.1719
1989-12-06,37453.0117,37654.2891,37299.3594,37654.2891
1989-12-07,37656.1484,37858.1094,37549.5312,37858.1094
1989-12-08,37864.3789,37880.1602,37624.7891,37724.0586
1989-12-11,37714.1602,37840.3711,37688.0000,37752.6719
1989-12-12,37763.9414,37899.9492,37676.0391,37803.5312
1989-12-13,37830.8711,38062.4219,37830.8711,38062.4219
1989-12-14,38058.0117,38201.5703,37993.7305,38180.6992
1989-12-15,38180.7891,38272.9102,38063.1094,38271.0391
1989-12-18,38304.4609,38586.1797,38304.4609,38586.1797
1989-12-19,38559.5312,38559.5312,38250.4688,38439.1016
1989-12-20,38441.6484,38571.7812,38310.5312,38512.0000
1989-12-21,38522.7812,38539.6406,38195.9805,38215.4805
1989-12-22,38267.8086,38428.4219,37862.6211,38040.3711
1989-12-25,38059.8711,38466.6289,37905.1406,38423.6211
1989-12-26,38470.2891,38786.1289,38470.2891,38681.3086
1989-12-27,38708.9609,38884.2891,38708.9609,38801.6289
1989-12-28,38835.4609,38920.3789,38678.1719,38876.9414
1989-12-29,38913.1211,38957.4414,38827.7109,38915.8711
1990-01-04,38921.6484,38950.7695,38705.1406,38712.8789
1990-01-05,38717.4883,38786.6211,38090.5117,38274.7617
1990-01-08,38331.6289,38564.2305,38121.1016,38294.9609
1990-01-09,38281.2305,38296.6289,37729.8516,37951.4609
1990-01-10,37927.6289,37927.6289,37460.2891,37696.5117
1990-01-11,37705.7305,38170.1289,37604.3281,38170.1289
1990-01-12,38129.5391,38129.5391,37516.7695,37516.7695
1990-01-16,37469.4102,37469.4102,36657.9688,36850.3594
1990-01-17,36894.1016,37285.4492,36821.1406,36821.1406
1990-01-18,36833.5000,37003.4297,36521.3789,36729.4609
1990-01-19,36703.5703,36839.6719,36365.1719,36836.5391
1990-01-22,36853.1094,37257.0117,36851.2500,37257.0117
1990-01-23,37212.8789,37379.4883,37018.0391,37378.0195
1990-01-24,37396.3516,37462.8398,36683.2695,36778.9805
1990-01-25,36822.0195,37081.7812,36766.1289,36969.1094
1990-01-26,36977.7383,37088.0703,36845.7188,36874.0703
1990-01-29,36912.5117,37224.7891,36912.5117,37173.6992
1990-01-30,37210.0781,37336.1094,37192.2305,37215.6719
1990-01-31,37200.9219,37208.0781,36957.2305,37188.9492
1990-02-01,37242.0312,37332.1914,37124.8906,37206.4219
1990-02-02,37256.0586,37665.0586,37256.0586,37650.1484
1990-02-05,37676.8398,37732.2695,37583.4414,37631.4102
1990-02-06,37679.7812,37886.6914,37642.8906,37666.8281
1990-02-07,37684.3906,37692.9297,37255.6719,37301.8711
1990-02-08,37346.1211,37516.2383,37180.8086,37516.2383
1990-02-09,37509.0703,37509.0703,37192.8789,37288.1406
1990-02-13,37319.5312,37350.9297,37093.9883,37107.0312
1990-02-14,37124.8906,37183.2617,37018.2500,37155.8906
1990-02-15,37186.3984,37585.3984,37186.3984,37471.9883
1990-02-16,37522.6094,37673.5000,37405.4688,37460.3203
1990-02-19,37496.0312,37610.5195,37097.4219,37222.6016
1990-02-20,37157.5586,37157.5586,36868.1406,36895.5195
1990-02-21,36865.9883,36865.9883,35694.8906,35734.3281
1990-02-22,35767.0000,36148.3398,35087.7109,35826.8398
1990-02-23,35803.2812,35803.2812,34840.9805,34890.9688
1990-02-26,34863.0781,34863.0781,32443.1797,33321.8711
1990-02-27,33345.5508,34000.6914,32793.2383,33897.9492
1990-02-28,33950.1992,34755.7188,33950.1992,34591.9883
1990-03-01,34587.2695,34587.8594,33829.5781,33829.5781
1990-03-02,33854.6289,34092.2305,33771.1406,34057.5586
1990-03-05,34072.4883,34118.0586,33751.6914,33845.1992
1990-03-06,33856.8906,33989.3906,33729.8906,33791.0781
1990-03-07,33797.6602,33807.3906,33180.0391,33362.3398
1990-03-08,33272.7617,33938.6094,32971.4219,33690.8906
1990-03-09,33724.0898,34319.8086,33724.0898,33993.1211
1990-03-12,33985.4609,34005.6992,33366.2695,33368.2305
1990-03-13,33317.8516,33317.8516,32620.5703,32620.5703
1990-03-14,32578.3301,32761.8105,32279.5391,32352.1309
1990-03-15,32364.5996,32720.1699,32364.5996,32671.6406
1990-03-16,32659.3691,32918.2812,32471.6602,32616.4395
1990-03-19,32609.2695,32721.4395,31198.2109,31263.2402
1990-03-20,31241.9199,31551.0293,30570.0801,30807.1895
1990-03-22,30775.8594,30775.8594,28830.3691,29843.3398
1990-03-23,29850.6992,30372.1602,29597.3906,30372.1602
1990-03-26,30378.1602,31840.4902,30378.1602,31840.4902
1990-03-27,31833.6406,32164.3594,31367.6191,31825.9609
1990-03-28,31799.6094,31799.6094,31107.2109,31263.5703
1990-03-29,31238.4004,31437.6094,30876.5996,31026.1602
1990-03-30,31002.0703,31002.0703,29827.6406,29980.4492
1990-04-02,29979.9609,29979.9609,28002.0703,28002.0703
1990-04-03,28005.2305,28791.2109,27678.1797,28759.7207
1990-04-04,28788.5508,29143.3398,28090.2305,28442.9395
1990-04-05,28423.4902,28423.4902,27251.0391,28249.0605
1990-04-06,28274.2305,29278.7793,28274.2305,29278.7793
1990-04-09,29297.7305,30524.1895,29297.7305,30397.9297
1990-04-10,30382.9199,30382.9199,29624.6797,29624.6797
1990-04-11,29654.4902,30003.0605,29340.1797,29440.2793
1990-04-12,29457.2598,29687.9609,29127.6406,29623.1992
1990-04-13,29586.2793,29586.2793,28953.5000,29213.9199
1990-04-16,29153.0098,29153.0098,28396.3496,28463.1797
1990-04-17,28406.5195,28861.3008,28335.9297,28461.5996
1990-04-18,28426.5508,29250.3496,28426.5508,29249.0605
1990-04-19,29296.2500,30034.4492,29296.2500,29945.4102
1990-04-20,29968.3105,30200.4902,29624.6797,29835.4395
1990-04-23,29834.4492,29953.4102,29520.6309,29679.0703
1990-04-24,29629.9102,29629.9102,29285.0898,29501.3809
1990-04-25,29507.4004,29710.8594,29433.2695,29564.3594
1990-04-26,29574.2305,29679.5703,29424.5801,29424.5801
1990-04-27,29437.0195,29636.7207,29437.0195,29584.8008
1990-05-01,29593.5801,29691.0195,29519.2500,29689.8301
1990-05-02,29736.0293,30173.6406,29736.0293,30173.6406
1990-05-07,30211.5508,30956.6602,30211.5508,30956.2695
1990-05-08,30949.5605,31039.8809,30729.5195,30970.5801
1990-05-09,30979.8594,31110.7598,30834.7500,30945.6094
1990-05-10,30957.1602,31260.8105,30957.1602,30980.2598
1990-05-11,31013.2305,31513.1309,31013.2305,31512.1406
1990-05-14,31541.9492,32071.0801,31541.9492,32042.6504
1990-05-15,32046.0000,32323.3008,31888.9395,31997.0391
1990-05-16,31982.6309,32083.1191,31905.6309,31967.6191
1990-05-17,31970.1895,32178.6797,31881.6406,32061.5996
1990-05-18,32093.3906,32203.1602,31870.4805,32013.7207
1990-05-21,31987.3594,31987.3594,31605.3301,31765.0508
1990-05-22,31721.3203,31938.3008,31599.6992,31938.3008
1990-05-23,31989.7305,32316.7793,31989.7305,32176.5098
1990-05-24,32184.4004,32328.9199,32069.5000,32311.7500
1990-05-25,32340.3809,32838.8906,32340.3809,32793.8789
1990-05-28,32838.8008,33224.1914,32838.8008,33191.6094
1990-05-29,33191.1211,33203.7500,32776.6016,32817.6719
1990-05-30,32804.7383,33002.3711,32465.3496,32926.2617
1990-05-31,32961.3984,33227.9414,32876.5117,33130.8008
1990-06-01,33110.3711,33110.3711,32831.3906,32891.1211
1990-06-04,32910.7617,33081.9297,32898.2188,32925.3711
1990-06-05,32944.7188,33054.1992,32855.6797,32921.6211
1990-06-06,32913.8203,33052.3203,32838.9883,32953.5000
1990-06-07,32938.6992,33217.3711,32937.0195,33192.5000
1990-06-08,33211.6484,33344.9219,32951.0391,32993.2891
1990-06-11,32963.9688,32963.9688,32487.9609,32540.1797
1990-06-12,32490.4199,32593.9805,32284.5996,32322.3105
1990-06-13,32349.2598,32466.0391,32190.5195,32371.7695
1990-06-14,32408.8809,32755.9707,32408.8809,32668.1094
1990-06-15,32659.0293,32714.3105,32536.9199,32538.4004
1990-06-18,32530.3105,32634.3496,32306.3203,32376.8008
1990-06-19,32324.1895,32324.1895,31913.8203,32040.3809
1990-06-20,32045.0098,32182.3301,32005.6309,32087.7598
1990-06-21,32100.4902,32316.8809,31922.5098,32087.2695
1990-06-22,32040.3809,32040.3809,31644.5195,31694.5703
1990-06-25,31637.7109,31637.7109,31124.1895,31124.1895
1990-06-26,31118.8398,31572.8496,31086.3398,31571.7695
1990-06-27,31600.0195,32312.7500,31600.0195,32312.7500
1990-06-28,32324.0098,32338.8301,31931.1504,32106.1895
1990-06-29,32144.5195,32342.9805,31934.1094,31940.2402
1990-07-02,31924.0293,32160.2305,31766.0801,32160.2305
1990-07-03,32179.8906,32414.5996,32133.9492,32414.5996
1990-07-04,32414.3008,32627.3809,32398.6992,32445.9199
1990-07-05,32449.4707,32590.6406,32351.6699,32351.6699
1990-07-06,32346.1406,32482.2695,32272.1504,32445.1191
1990-07-09,32457.5703,32608.7109,32417.9609,32538.2793
1990-07-10,32552.9004,32552.9004,32152.4297,32152.4297
1990-07-11,32151.2402,32456.7793,32144.1309,32294.1797
1990-07-12,32330.8301,32577.7891,32266.3203,32575.3203
1990-07-13,32616.9102,32767.8594,32524.0508,32644.3691
1990-07-16,32677.8594,33021.7305,32677.8594,33021.7305
1990-07-17,33065.1016,33177.7109,32968.7812,33172.2812
1990-07-18,33173.7617,33186.8008,32971.9492,33048.1094
1990-07-19,33051.1719,33077.5508,32847.8711,33055.6211
1990-07-20,33022.7188,33022.7188,32416.7695,32421.5195
1990-07-23,32421.1191,32421.1191,31781.5898,31894.7891
1990-07-24,31834.1406,31924.0293,31504.3008,31702.4609
1990-07-25,31739.0098,31845.9004,31650.6992,31701.2695
1990-07-26,31706.1094,31794.5293,31327.6699,31369.7500
1990-07-27,31341.4004,31341.4004,30377.9492,30863.4805
1990-07-30,30846.4902,30846.4902,30296.5508,30442.9492
1990-07-31,30504.4902,31040.6992,30504.4902,31035.6602
1990-08-01,31086.1406,31371.5293,30656.8203,30837.9902
1990-08-02,30799.9609,30799.9609,29929.2695,30245.1797
1990-08-03,30221.7695,30221.7695,29515.7598,29515.7598
1990-08-06,29486.1191,29486.1191,28272.6504,28599.5293
1990-08-07,28598.5391,28598.5391,27240.9395,27653.0703
1990-08-08,27657.1191,28521.5801,27572.5605,28509.1406
1990-08-09,28502.4199,28502.4199,27615.7305,27615.7305
1990-08-10,27645.5605,27919.1895,27168.2305,27329.5508
1990-08-13,27282.1309,27282.1309,25913.7598,26176.4297
1990-08-14,26193.6191,26788.8008,25949.2207,26672.5293
1990-08-15,26716.8809,28158.8496,26716.8809,28112.1191
1990-08-16,28097.1094,28097.1094,27436.3301,27549.4395
1990-08-17,27526.8203,27526.8203,26651.7793,26786.7207
1990-08-20,26759.6602,26923.5391,26456.0898,26490.4707
1990-08-21,26548.8496,26956.1406,26297.8398,26297.8398
1990-08-22,26254.3691,26254.3691,24844.5098,25210.9102
1990-08-23,25198.7598,25198.7598,23649.2109,23737.6309
1990-08-24,23731.0098,24484.5391,23547.2695,24165.7598
1990-08-27,24183.4395,25141.7598,24183.4395,25141.7598
1990-08-28,25145.7109,25913.6602,25145.7109,25710.7598
1990-08-29,25700.9805,25700.9805,24854.9805,24894.7891
1990-08-30,24915.6406,25673.3203,24750.7695,25669.9609
1990-08-31,25645.5605,26183.4395,25560.9004,25978.3691
1990-09-03,26014.1309,26163.4902,25417.8594,25420.4297
1990-09-04,25429.4199,25459.8398,24803.0195,24907.6406
1990-09-05,24888.2695,24888.2695,23640.5195,24078.3398
1990-09-06,24095.9199,24268.3008,23620.3691,23811.9102
1990-09-07,23786.8203,24045.1406,23405.7109,23962.0703
1990-09-10,23997.2305,25080.9004,23997.2305,25080.9004
1990-09-11,25064.0098,25064.0098,24470.7109,24604.6602
1990-09-12,24600.8105,25288.0605,24463.5996,25216.1406
1990-09-13,25253.6797,25487.8008,25012.3496,25075.0801
1990-09-14,25064.2109,25064.2109,24834.2402,24897.4609
1990-09-17,24888.6699,24888.6699,24286.4805,24365.5996
1990-09-18,24331.0293,24331.0293,23308.3105,23884.8203
1990-09-19,23879.3809,24131.2891,23726.1699,23726.1699
1990-09-20,23734.0703,23836.4102,23432.1797,23602.9805
1990-09-21,23570.0898,23782.0801,23049.9902,23777.8301
1990-09-25,23762.0293,23762.0293,23218.5000,23359.3203
1990-09-26,23371.0801,23518.4297,22250.6191,22250.6191
1990-09-27,22232.1406,22311.8906,21531.7695,21771.9102
1990-09-28,21756.1992,21756.1992,20671.0098,20983.5000
1990-10-01,20986.0703,21075.5000,19781.6992,20221.8594
1990-10-02,20221.8594,22899.4004,20221.8594,22898.4102
1990-10-03,22898.1094,23462.8906,22578.0195,22849.3906
1990-10-04,22829.0293,22829.0293,22260.0996,22278.1895
1990-10-05,22308.4297,23139.7402,22308.4297,22827.6504
1990-10-08,22857.5898,23630.0000,22857.5898,23630.0000
1990-10-09,23643.0508,23971.4395,23361.6992,23495.1094
1990-10-11,23479.6895,23479.6895,22521.1992,22585.6309
1990-10-12,22557.1699,22557.1699,22131.8301,22390.1602
1990-10-15,22404.0898,23109.1992,22404.0898,23109.1992
1990-10-16,23143.4102,23819.4805,23143.4102,23606.0996
1990-10-17,23615.4004,24053.9395,23551.4609,23859.3594
1990-10-18,23857.9805,24367.0801,23763.3594,24367.0801
1990-10-19,24363.9199,25003.1699,24363.9199,24481.4902
1990-10-22,24489.5098,25232.3809,24489.5098,25070.8594
1990-10-23,25099.0703,25432.9004,25083.5293,25298.3008
1990-10-24,25271.2793,25271.2793,24677.2598,24876.8809
1990-10-25,24907.5605,25485.8496,24907.5605,25352.6309
1990-10-26,25323.2695,25323.2695,24866.0801,25005.6406
1990-10-29,25004.3594,25393.2500,25004.2598,25329.3105
1990-10-30,25328.5195,25328.5195,24885.1797,25242.4004
1990-10-31,25253.4902,25444.9199,25144.7109,25194.0996
1990-11-01,25159.9492,25159.9492,24204.6895,24295.1602
1990-11-02,24244.2793,24385.0293,23671.9805,24194.9902
1990-11-05,24232.0098,24575.3691,24232.0098,24385.3301
1990-11-06,24416.4102,24645.2500,23867.6602,23965.7500
1990-11-07,23938.3398,23938.3398,23401.4609,23500.2500
1990-11-08,23444.0293,23444.0293,22833.7109,22969.8105
1990-11-09,22946.9492,22946.9492,22482.0391,22931.8008
1990-11-13,22938.7305,23974.0703,22938.7305,23973.6699
1990-11-14,23940.8105,24045.8301,23629.5195,23937.4395
1990-11-15,23931.0098,23959.7109,23453.2305,23487.4805
1990-11-16,23455.4102,23455.4102,22874.3906,23171.6309
1990-11-19,23192.6191,23518.1602,23176.6797,23518.1602
1990-11-20,23478.6699,23478.6699,23202.8105,23205.4805
1990-11-21,23158.1699,23158.1699,22615.2598,22816.9902
1990-11-22,22821.4395,23400.2793,22821.4395,23400.2793
1990-11-26,23416.7793,23766.0898,23416.7793,23762.8594
1990-11-27,23737.1406,23737.1406,23533.4395,23623.5098
1990-11-28,23609.5195,23767.0605,23046.2500,23053.8809
1990-11-29,23030.9004,23030.9004,22265.5996,22712.5996
1990-11-30,22684.0391,22684.0391,21933.9902,22454.6309
1990-12-03,22456.8691,23033.7402,22456.8691,22725.9902
1990-12-04,22679.0508,22679.0508,21862.4102,21862.6094
1990-12-05,21901.7207,22250.6406,21626.6406,22193.7207
1990-12-06,22238.8008,22609.1309,22238.8008,22553.0996
1990-12-07,22592.3105,23538.2402,22592.3105,23522.4902
1990-12-10,23564.6406,23862.4102,23350.8691,23784.6699
1990-12-11,23760.0195,24006.1602,23433.5000,23956.9707
1990-12-12,23956.4805,24325.8398,23893.2109,23999.4102
1990-12-13,24036.2793,24642.9707,24036.2793,24642.9707
1990-12-14,24637.4902,24637.4902,24173.6699,24349.5000
1990-12-17,24326.9102,24326.9102,24017.1094,24087.9102
1990-12-18,24093.8809,24424.0195,24093.8809,24424.0195
1990-12-19,24473.2109,25063.8594,24473.2109,24876.7793
1990-12-20,24853.4102,24853.4102,24515.9395,24524.9395
1990-12-21,24494.6191,24494.6191,23963.9199,24119.5996
1990-12-25,24089.9297,24089.9297,23767.8809,23767.8809
1990-12-26,23784.9102,23975.6309,23695.4707,23887.5605
1990-12-27,23938.2500,24263.6309,23865.8398,23940.6992
1990-12-28,23953.5195,24055.2891,23770.7207,23848.7109
1991-01-04,23827.4805,24109.8906,23796.3594,24069.1797
1991-01-07,24036.9902,24036.9902,23735.5898,23736.5703
1991-01-08,23707.6992,23707.6992,22859.2793,22897.8398
1991-01-09,22846.7598,23098.7402,22662.4902,22969.2695
1991-01-10,22924.7500,23184.7500,22711.9102,23047.3594
1991-01-11,23077.6992,23241.0195,22855.7598,23241.0195
1991-01-14,23197.9609,23238.8691,22911.1504,23213.2305
1991-01-16,23140.2305,23140.2305,22382.2305,22442.6992
1991-01-17,22403.0703,23446.8105,22099.5195,23446.8105
1991-01-18,23479.4004,24050.3008,23322.5391,23808.3008
1991-01-21,23755.2598,23755.2598,23352.1895,23352.1895
1991-01-22,23372.1504,23497.4102,23201.6797,23253.6504
1991-01-23,23173.2109,23173.2109,22951.5605,23050.0996
1991-01-24,23114.3906,23394.5605,23114.3906,23269.0098
1991-01-25,23342.9902,23607.9902,23342.9902,23573.2500
1991-01-28,23574.9199,23574.9199,23463.1504,23569.4395
1991-01-29,23562.6895,23608.5000,23422.2402,23460.1191
1991-01-30,23444.1602,23554.7598,23405.4004,23409.6094
1991-01-31,23477.4395,23654.6895,23222.3691,23293.1406
1991-02-01,23270.6309,23270.6309,22859.6504,23156.6992
1991-02-04,23178.8203,23294.0195,23134.6797,23287.3594
1991-02-05,23367.0391,23821.8691,23367.0391,23821.5703
1991-02-06,23877.0703,24310.8496,23877.0703,23952.0391
1991-02-07,24001.1699,24162.2793,23926.3008,24104.4297
1991-02-08,24114.4199,24384.0703,24091.6094,24296.0801
1991-02-12,24333.0703,25074.2891,24333.0703,24935.0098
1991-02-13,24932.9492,25225.8008,24881.4707,25139.4707
1991-02-14,25184.9902,25406.2793,25184.9902,25356.3691
1991-02-15,25321.9102,25344.5195,25010.4707,25343.7402
1991-02-18,25378.3906,26230.0098,25378.3906,26230.0098
1991-02-19,26243.9102,26481.7500,26051.7793,26166.9805
1991-02-20,26153.4707,26340.3203,25836.0605,26198.7891
1991-02-21,26137.0293,26217.1895,25954.2891,26024.3691
1991-02-22,26059.2207,26264.5605,25902.8105,25902.8105
1991-02-25,25908.1895,26466.7695,25852.1094,26462.7598
1991-02-26,26499.7598,26709.8008,26255.4609,26282.9609
1991-02-27,26229.1309,26229.1309,25986.6895,26094.2500
1991-02-28,26176.7598,26623.6699,26176.7598,26409.2207
1991-03-01,26389.2500,26389.2500,25856.7109,25881.5703
1991-03-04,25851.9102,26028.9707,25812.5703,25976.0195
1991-03-05,25980.5195,26148.8691,25896.7402,25913.4805
1991-03-06,25981.6992,26389.9395,25981.6992,26382.9902
1991-03-07,26364.6895,26478.1191,26244.3008,26397.9609
1991-03-08,26432.3203,26607.5195,26379.4707,26607.5195
1991-03-11,26630.0293,26753.8398,26610.1602,26669.3691
1991-03-12,26643.9297,26744.5391,26605.6602,26727.4199
1991-03-13,26692.0801,26692.0801,26389.0605,26418.3203
1991-03-14,26478.3203,26591.4707,26366.4492,26542.3301
1991-03-15,26560.6309,27003.4297,26521.8809,26843.0996
1991-03-18,26916.2207,27270.3301,26916.2207,27146.9102
1991-03-19,27065.9707,27193.3105,26926.8906,27006.6602
1991-03-20,26903.0996,26903.0996,26448.5703,26449.3496
1991-03-22,26513.7500,26782.7207,26513.7500,26613.1895
1991-03-25,26602.6191,26802.7793,26602.6191,26645.7891
1991-03-26,26673.6406,26708.0605,26323.4004,26339.3809
1991-03-27,26431.8008,26609.4297,26104.6504,26104.6504
1991-03-28,26026.9297,26316.3008,25785.9707,26206.9199
1991-03-29,26211.7598,26339.7793,26085.4102,26292.0391
1991-04-01,26237.7891,26237.7891,25914.2891,26007.4004
1991-04-02,25955.6191,26274.5801,25913.5996,26252.0000
1991-04-03,26322.7109,26803.4297,26322.7109,26780.0605
1991-04-04,26752.6406,26792.6797,26608.4395,26689.8105
1991-04-05,26708.0605,26787.2598,26598.1895,26767.3301
1991-04-08,26765.2598,26825.3301,26591.4805,26607.6504
1991-04-09,26559.6191,26586.7402,26317.3906,26317.3906
1991-04-10,26270.5391,26369.7598,26190.5508,26268.8594
1991-04-11,26308.4102,26444.1309,26211.0703,26425.1895
1991-04-12,26429.1406,26606.6699,26392.5391,26582.5000
1991-04-15,26620.0801,26896.1406,26620.0801,26695.5293
1991-04-16,26745.8301,26894.2695,26615.3496,26813.3008
1991-04-17,26859.3496,27092.0195,26859.3496,26980.3691
1991-04-18,26994.7695,27042.9004,26699.6699,26798.9004
1991-04-19,26753.1309,26753.1309,26516.8203,26541.9707
1991-04-22,26492.4492,26492.4492,26237.0098,26237.0098
1991-04-23,26188.9707,26568.8906,26078.3105,26491.5703
1991-04-24,26516.1309,26585.6602,26329.2207,26330.2109
1991-04-25,26316.1094,26341.8496,26037.8691,26038.8594
1991-04-26,26100.2109,26256.0391,25994.2793,26123.6797
1991-04-30,26147.3496,26258.6094,26094.0898,26111.2500
1991-05-01,26193.6094,26529.8398,26193.6094,26489.0000
1991-05-02,26518.4902,26648.5801,26414.4395,26477.8594
1991-05-07,26500.1504,26523.6191,26326.3594,26342.1406
1991-05-08,26312.6504,26367.9902,26178.2207,26309.7891
1991-05-09,26301.3105,26470.3594,26290.3594,26438.5000
1991-05-10,26440.4805,26449.0605,26212.6406,26274.2891
1991-05-13,26215.0098,26338.4902,26092.2207,26093.1992
1991-05-14,26083.5391,26283.4609,26030.0801,26030.0801
1991-05-15,26001.6797,26001.6797,25741.6895,25822.4707
1991-05-16,25762.3008,25771.3809,25497.4805,25520.2695
1991-05-17,25582.9004,25789.1309,25582.9004,25701.9395
1991-05-20,25731.0391,25738.7305,25330.6992,25523.0293
1991-05-21,25461.1895,25556.4707,25227.6406,25481.2109
1991-05-22,25515.0391,25768.5195,25398.6602,25398.6602
1991-05-23,25466.3203,25721.2695,25350.8203,25643.6504
1991-05-24,25677.8809,25741.0996,25451.3301,25529.1406
1991-05-27,25543.7402,25638.1309,25353.4902,25425.8809
1991-05-28,25406.2500,25517.4102,25340.9609,25390.6699
1991-05-29,25456.7500,25649.7695,25456.7500,25495.4102
1991-05-30,25555.7695,25719.9902,25555.7695,25647.4004
1991-05-31,25716.7402,25901.4707,25716.7402,25789.6191
1991-06-03,25840.9102,26017.1602,25745.3398,25912.6094
1991-06-04,25817.6309,25817.6309,25539.5000,25556.8594
1991-06-05,25544.8301,25625.4102,25271.4297,25289.5703
1991-06-06,25299.2402,25299.2402,24912.1191,24984.1191
1991-06-07,25031.0703,25212.5508,25027.3203,25035.1094
1991-06-10,25001.0801,25001.0801,24598.3809,24598.3809
1991-06-11,24571.9492,24721.2695,24460.3008,24662.5898
1991-06-12,24719.4004,24876.3203,24482.6895,24482.6895
1991-06-13,24454.6797,24808.1699,24334.3496,24808.1699
1991-06-14,24824.5391,25135.8105,24824.5391,25093.8906
1991-06-17,25089.7500,25100.3105,24892.4004,24943.0898
1991-06-18,24885.3906,24885.3906,24649.3691,24685.4707
1991-06-19,24657.4609,24657.4609,23894.9609,23996.7500
1991-06-20,23990.2402,24218.2695,23885.2891,24082.2598
1991-06-21,24095.1797,24427.7500,24048.4297,24275.0801
1991-06-24,24263.0391,24263.0391,23763.3906,23765.4609
1991-06-25,23695.2207,23907.4199,23435.5508,23907.4199
1991-06-26,23932.3906,24122.5801,23743.5801,23766.3809
1991-06-27,23700.0605,23834.7793,23391.1406,23543.0293
1991-06-28,23575.2109,23716.2500,23214.5703,23290.9609
1991-07-01,23376.5293,24180.4199,23376.5293,24108.7598
1991-07-02,24136.5000,24322.4395,23995.7598,23995.7598
1991-07-03,23924.3008,23924.3008,23343.5605,23373.4707
1991-07-04,23292.2402,23315.0391,22901.5000,23135.6094
1991-07-05,23191.0801,23364.0000,22898.3398,22898.3398
1991-07-08,22884.8203,22970.4902,22175.2891,22176.1699
1991-07-09,22213.5801,22668.4805,21731.1504,22608.9609
1991-07-10,22651.1094,23179.2305,22519.7402,23121.3008
1991-07-11,23089.8105,23089.8105,22877.7109,22937.9199
1991-07-12,22963.5801,23153.2793,22963.5801,23137.7793
1991-07-15,23193.9395,23522.8008,23193.9395,23459.0391
1991-07-16,23483.1191,23598.3008,23374.1602,23375.1504
1991-07-17,23307.6406,23307.6406,23047.3691,23060.6992
1991-07-18,23045.0996,23045.0996,22659.8906,22908.7109
1991-07-19,22922.6191,23063.7598,22840.5996,22866.3594
1991-07-22,22873.9609,23005.6309,22705.2891,22705.2891
1991-07-23,22688.8105,22841.7891,22540.5605,22758.9805
1991-07-24,22779.0195,23297.4707,22779.0195,23297.4707
1991-07-25,23305.2695,23441.1797,23211.7109,23332.7109
1991-07-26,23287.8496,23675.4004,23101.2793,23519.0703
1991-07-29,23545.7500,23664.9199,23418.0801,23443.5801
1991-07-30,23466.9004,23956.1309,23466.9004,23872.6309
1991-07-31,23905.4297,24156.5195,23905.4297,24120.7500
1991-08-01,24074.3105,24074.3105,23855.8301,24072.7305
1991-08-02,23971.3398,24047.8398,23821.9805,24027.9707
1991-08-05,24040.5293,24084.3105,23830.1895,23833.2500
1991-08-06,23789.2695,23789.2695,23463.3809,23464.9609
1991-08-07,23559.7500,23703.5703,23430.9609,23691.0195
1991-08-08,23717.3105,23839.1797,23475.0391,23482.4609
1991-08-09,23482.3594,23539.0898,23372.7402,23434.6191
1991-08-12,23414.5508,23414.5508,22985.6699,22985.6699
1991-08-13,22927.5508,23113.9707,22843.7305,22872.0000
1991-08-14,22903.6309,23393.3008,22903.6309,23393.3008
1991-08-15,23330.7305,23365.0293,23018.6797,23018.6797
1991-08-16,23020.9492,23138.8809,22797.5703,22814.3691
1991-08-19,22778.5898,22778.5898,21454.7793,21456.7598
1991-08-20,21485.6191,21872.0000,21309.4805,21687.0605
1991-08-21,21746.3691,22441.3398,21746.3691,22051.5996
1991-08-22,22110.8008,22683.4004,22110.8008,22515.7695
1991-08-23,22481.9609,22481.9609,22024.6094,22065.3398
1991-08-26,22064.4492,22064.5391,21533.5605,21592.2695
1991-08-27,21553.2305,21872.3906,21459.2305,21641.3008
1991-08-28,21665.4102,21802.3105,21572.2109,21621.6309
1991-08-29,21708.0195,22057.4297,21708.0195,22002.1699
1991-08-30,22059.1094,22350.0000,22059.1094,22335.8691
1991-09-02,22328.8496,22594.4395,22175.0508,22469.0098
1991-09-03,22516.8496,22597.2109,22419.0000,22469.8008
1991-09-04,22452.1094,22462.4902,22311.8496,22402.6895
1991-09-05,22391.0293,22620.6406,22369.6699,22499.6504
1991-09-06,22492.9297,22998.9102,22489.4707,22692.5996
1991-09-09,22726.5000,22954.2402,22573.9805,22573.9805
1991-09-10,22594.7402,22612.4297,22355.5391,22411.5801
1991-09-11,22354.8496,22573.8906,22270.1406,22504.7891
1991-09-12,22515.6699,22722.5508,22504.8906,22530.1992
1991-09-13,22557.7695,23134.4297,22557.7695,23134.4297
1991-09-17,23182.1699,23559.6504,23182.1699,23443.6094
1991-09-18,23439.9492,23499.0605,23258.5703,23317.7793
1991-09-19,23326.8809,23581.5996,23219.8301,23332.3105
1991-09-20,23381.8301,23554.9102,23179.4004,23192.7402
1991-09-24,23190.8691,23462.2891,23182.8594,23333.6992
1991-09-25,23403.6504,23623.9102,23403.6504,23577.4199
1991-09-26,23616.7695,23973.7305,23536.5801,23968.0801
1991-09-27,23982.2598,24157.6094,23927.3398,23969.4707
1991-09-30,23958.8594,24045.9004,23862.4102,23916.4395
1991-10-01,23909.7500,24441.6797,23861.6699,24377.0098
1991-10-02,24404.9004,24476.5605,24323.3398,24375.1094
1991-10-03,24371.8105,24746.2305,24261.7695,24711.4395
1991-10-04,24699.5508,24702.5508,24439.9805,24596.9004
1991-10-07,24559.5195,24559.5195,24311.7402,24330.8301
1991-10-08,24270.8594,24387.1094,24155.6191,24155.6191
1991-10-09,24139.9297,24485.2598,24114.6406,24485.2598
1991-10-11,24466.2695,24466.7695,24139.3301,24157.7207
1991-10-14,24126.2402,24234.7793,23860.6699,23860.6699
1991-10-15,23916.0293,24307.6504,23916.0293,24307.6504
1991-10-16,24317.8496,24423.5391,24221.3809,24334.6699
1991-10-17,24344.6797,24643.1094,24344.6797,24439.8496
1991-10-18,24486.3906,24897.9199,24486.3906,24894.8203
1991-10-21,24945.6602,25101.4805,24918.3301,25016.8105
1991-10-22,24943.0508,24994.0000,24755.0996,24954.6602
1991-10-23,24891.1094,24891.1094,24716.3691,24799.9395
1991-10-24,24837.5703,25087.8691,24837.5703,24949.2598
1991-10-25,24912.1309,24973.5801,24819.8594,24906.4297
1991-10-28,24911.6309,25023.5195,24864.0898,24901.7207
1991-10-29,25000.0996,25254.5000,25000.0996,25140.6094
1991-10-30,25156.9297,25254.8008,24981.1797,24981.1797
1991-10-31,24984.9902,25222.7793,24957.2695,25222.2793
1991-11-01,25167.1309,25167.1309,24948.2598,25044.2402
1991-11-05,25059.7500,25100.6797,24886.8105,24950.8594
1991-11-06,24910.5293,24910.5293,24721.6797,24750.1992
1991-11-07,24731.3906,24844.9805,24446.7598,24446.7598
1991-11-08,24544.4395,24678.3398,24389.1094,24486.4902
1991-11-11,24437.8496,24437.8496,24232.9902,24232.9902
1991-11-12,24259.1094,24689.1504,24259.1094,24667.7305
1991-11-13,24725.8809,24814.3496,24416.2305,24416.2305
1991-11-14,24413.2305,24549.6406,24089.1699,24176.5391
1991-11-15,24198.0605,24244.5000,23993.2891,24099.1797
1991-11-18,24010.9102,24010.9102,23309.9492,23400.1191
1991-11-19,23477.3809,23673.2402,23325.8594,23326.8594
1991-11-20,23271.7207,23334.8691,23018.3105,23199.8594
1991-11-21,23244.1992,23378.5000,22997.8008,23177.8398
1991-11-22,23193.7598,23209.7695,22925.0391,23117.3906
1991-11-25,23077.9609,23077.9609,22762.8105,22868.6895
1991-11-26,22895.0195,23162.9297,22895.0195,23112.0898
1991-11-27,23207.7695,23307.8496,22973.2793,22973.2793
1991-11-28,22938.6504,22938.6504,22634.9102,22780.4199
1991-11-29,22792.0293,22965.0703,22538.3301,22687.3496
1991-12-02,22645.5195,22645.5195,21992.2891,21992.2891
1991-12-03,22037.1309,22364.5898,21923.2402,22166.8301
1991-12-04,22181.5508,22737.3906,22181.5508,22669.4395
1991-12-05,22650.2207,22650.2207,22403.1191,22459.1699
1991-12-06,22472.9805,22494.9004,22336.1699,22445.0605
1991-12-09,22435.0508,22435.0508,22251.3008,22352.8809
1991-12-10,22344.8809,22349.5801,21832.7695,21953.0605
1991-12-11,21900.7207,21900.7207,21123.9004,21502.9004
1991-12-12,21552.4395,22034.5293,21552.4395,21712.5703
1991-12-13,21716.0703,22758.6094,21716.0703,22754.9004
1991-12-16,22767.4102,22893.8203,22546.8398,22836.6699
1991-12-17,22827.1602,22996.0996,22735.7891,22736.2891
1991-12-18,22670.1406,22670.1406,22402.3203,22629.9004
1991-12-19,22551.9395,22551.9395,21973.8809,21991.1895
1991-12-20,22009.4102,22200.9609,21768.0098,21777.1191
1991-12-24,21819.7598,22244.0996,21452.2598,21664.5293
1991-12-25,21705.6797,22464.4805,21705.6797,22461.1699
1991-12-26,22498.3496,22813.3105,22356.1504,22555.0703
1991-12-27,22625.5098,22809.6992,22388.6191,22437.3203
1991-12-30,22507.9707,23022.3496,22507.9707,22983.7695
1992-01-06,23030.6602,23801.7793,23030.6602,23801.1797
1992-01-07,23781.2402,23901.8906,23514.2793,23566.3906
1992-01-08,23539.5293,23539.5293,22704.6797,22715.0000
1992-01-09,22736.8496,23114.5391,22544.3398,23113.6406
1992-01-10,23018.2402,23018.2402,22203.0293,22381.9004
1992-01-13,22299.6309,22299.6309,21596.9492,21696.8594
1992-01-14,21668.4004,22019.9395,21662.9902,21775.1309
1992-01-16,21875.3398,22134.8809,21500.5508,21612.1895
1992-01-17,21543.5391,21660.2891,21145.7109,21321.3691
1992-01-20,21348.9297,21381.0000,20684.7402,20913.8203
1992-01-21,20967.4297,21241.3105,20638.0391,20858.3008
1992-01-22,20851.2891,21534.1191,20702.9805,21534.1191
1992-01-23,21588.8398,21794.1699,21440.5293,21580.7207
1992-01-24,21527.8105,21527.8105,21008.9199,21072.1504
1992-01-27,21061.4297,21078.8691,20859.6094,21007.1094
1992-01-28,21027.6602,21420.7793,21027.6602,21390.5195
1992-01-29,21449.6406,21581.0195,21218.0605,21362.2598
1992-01-30,21372.4805,21779.1406,21334.3008,21557.6699
1992-01-31,21620.4004,22343.2207,21620.4004,22023.0508
1992-02-03,22075.8594,22340.9199,21973.9492,22139.5898
1992-02-04,22098.6094,22116.5391,21836.1602,21999.5996
1992-02-05,21970.4395,22135.5801,21844.6699,21936.3691
1992-02-06,21975.0508,22284.8008,21975.0508,22104.9199
1992-02-07,22169.3594,22373.0801,22103.4199,22107.1191
1992-02-10,22054.1094,22054.1094,21819.5195,21819.5195
1992-02-12,21781.4395,21781.4395,21475.5996,21541.6406
1992-02-13,21496.5391,21596.6504,21349.3301,21391.0195
1992-02-14,21392.8203,21405.8496,20883.8594,20883.8594
1992-02-17,20850.8906,21325.6797,20574.0098,21324.9805
1992-02-18,21263.8496,21294.0195,20807.4004,20872.0293
1992-02-19,20793.7695,20793.7695,20485.7207,20618.3008
1992-02-20,20632.3301,20837.3594,20621.0000,20771.9199
1992-02-21,20849.9805,21291.8105,20849.9805,21291.8105
1992-02-24,21286.6992,21286.6992,20890.3691,20973.2402
1992-02-25,20921.7402,21093.9004,20743.5605,21025.5508
1992-02-26,21016.4297,21376.6895,20940.0703,21364.7695
1992-02-27,21398.1406,21547.6504,21302.7402,21333.6992
1992-02-28,21353.7402,21375.1895,21241.1094,21338.8105
1992-03-02,21348.1309,21550.8594,21342.6191,21487.8203
1992-03-03,21503.0605,21529.6094,21051.7109,21051.7109
1992-03-04,21014.8301,21112.2402,20862.7109,21105.4199
1992-03-05,21095.9004,21112.4395,20864.4199,20864.4199
1992-03-06,20847.5801,21113.5391,20841.4707,20992.9902
1992-03-09,20989.7793,20989.7793,20696.0605,20797.6797
1992-03-10,20770.1191,20854.5898,20627.0195,20854.5898
1992-03-11,20811.3008,20811.3008,20567.5898,20592.1406
1992-03-12,20535.2207,20713.9004,20331.5996,20561.8809
1992-03-13,20555.2695,20590.7402,20168.1504,20456.0605
1992-03-16,20442.5293,20442.5293,19790.1602,19837.1602
1992-03-17,19829.9395,19990.6797,19687.9395,19917.6309
1992-03-18,19878.1406,19878.1406,19490.5293,19764.3105
1992-03-19,19789.3594,20213.9492,19732.8398,20185.0898
1992-03-23,20235.0898,20434.7109,20160.2402,20239.5996
1992-03-24,20199.5195,20199.5195,19866.3203,19891.5703
1992-03-25,19883.6602,20230.1797,19813.8105,20226.7793
1992-03-26,20256.8203,20350.6602,19885.2891,19885.4902
1992-03-27,19886.1895,19942.7891,19587.1094,19636.9902
1992-03-30,19615.1094,19807.3105,19445.9102,19669.3105
1992-03-31,19741.7695,19914.6895,19343.3398,19345.9492
1992-04-01,19325.4707,19325.4707,18562.6309,18581.7891
1992-04-02,18595.4395,18804.4004,18023.5801,18286.0293
1992-04-03,18344.6406,18559.7109,17846.5508,18559.7109
1992-04-06,18597.0508,18670.8105,18376.8594,18436.3691
1992-04-07,18437.7793,18449.8203,17775.3906,17791.5508
1992-04-08,17742.6699,17742.6699,16892.3105,17175.5293
1992-04-09,17137.3906,17585.5098,16598.1504,16598.1504
1992-04-10,16622.2402,17850.6602,16622.2402,17850.6602
1992-04-13,17880.3691,17938.3809,17153.2500,17236.6504
1992-04-14,17237.9609,17607.6895,16879.9707,17439.5801
1992-04-15,17492.4707,18041.4492,17492.4707,17948.0098
1992-04-16,17999.6992,18192.8906,17769.2695,17959.7598
1992-04-17,17916.9004,17916.9004,17490.0605,17580.6895
1992-04-20,17548.0703,17548.0703,16935.6699,17071.3594
1992-04-21,17013.9492,17124.5508,16682.8594,16787.3301
1992-04-22,16824.0703,16930.7500,16572.4609,16839.1191
1992-04-23,16863.5098,17431.0508,16832.5000,17402.0508
1992-04-24,17441.2891,17563.0293,17120.6309,17542.4492
1992-04-27,17524.8906,17615.7207,17301.0801,17450.5195
1992-04-28,17473.5000,17606.7793,17379.1602,17527.4004
1992-04-30,17559.3105,17581.7891,17363.8105,17390.7109
1992-05-01,17374.9492,17453.7305,17273.3809,17303.3906
1992-05-06,17325.7695,17929.6504,17325.7695,17878.6602
1992-05-07,17875.3496,18410.8809,17653.7500,18410.8809
1992-05-08,18378.1602,18500.0000,18172.4199,18375.9492
1992-05-11,18407.8691,18666.6992,18407.8691,18608.0898
1992-05-12,18635.0898,18716.5801,18468.8906,18508.5293
1992-05-13,18514.4492,18803.7891,18425.8301,18768.5703
1992-05-14,18804.5000,19003.6094,18804.0898,18804.5996
1992-05-15,18762.7500,18762.7500,18034.0195,18074.2695
1992-05-18,18128.1602,18458.0508,18128.1602,18443.0996
1992-05-19,18479.5293,18775.7891,18479.5293,18754.1094
1992-05-20,18773.8906,18927.6406,18635.8906,18674.9297
1992-05-21,18638.6992,18760.7402,18552.9902,18691.2891
1992-05-22,18621.5391,18621.5391,18191.3906,18221.0000
1992-05-25,18221.6992,18555.0000,18221.6992,18555.0000
1992-05-26,18519.6699,18519.6699,18203.5293,18204.6406
1992-05-27,18167.0996,18167.0996,17648.0293,17822.5605
1992-05-28,17816.9395,17944.1992,17686.0703,17931.2500
1992-05-29,17968.0898,18363.5098,17968.0898,18347.7500
1992-06-01,18327.6797,18502.6094,18003.3105,18004.1094
1992-06-02,18057.3105,18308.1094,17953.3301,18125.5508
1992-06-03,18142.4102,18316.9395,18118.4297,18188.6797
1992-06-04,18182.2598,18182.2598,17892.6094,17964.0703
1992-06-05,17900.0391,17900.0391,17724.3105,17790.0391
1992-06-08,17795.5605,17795.5605,17390.3105,17655.0605
1992-06-09,17642.2109,17861.5000,17550.2793,17845.0391
1992-06-10,17827.0801,17972.1992,17576.0703,17742.8691
1992-06-11,17713.2695,17885.6895,17648.9395,17709.0508
1992-06-12,17722.1992,17784.9297,17331.4902,17383.6797
1992-06-15,17339.4199,17339.4199,16926.2305,16953.2305
1992-06-16,16986.8496,17132.5801,16864.9102,16953.5293
1992-06-17,16923.3203,16923.3203,16444.6992,16445.8008
1992-06-18,16392.6094,16403.6504,16030.9102,16045.5596
1992-06-19,16088.5195,16544.6602,16088.5195,16519.8691
1992-06-22,16569.5508,16649.6406,15885.7900,15921.2197
1992-06-23,15917.2002,16215.3799,15860.9004,16106.9902
1992-06-24,16147.9297,16313.3301,15816.0400,15853.6699
1992-06-25,15868.4297,16217.8799,15733.1396,16143.7197
1992-06-26,16192.2900,16227.2197,15759.7402,15812.7305
1992-06-29,15835.4102,15881.7695,15641.6104,15741.2695
1992-06-30,15785.1299,16060.9199,15785.1299,15951.7305
1992-07-01,15960.5596,16326.0703,15731.8301,16325.0703
1992-07-02,16328.3799,16802.7891,16239.7598,16757.6309
1992-07-03,16738.7598,16956.0391,16617.7207,16717.7793
1992-07-06,16716.0801,16852.1699,16624.7500,16657.0703
1992-07-07,16677.8398,16709.8594,16420.8105,16459.5508
1992-07-08,16435.1699,16600.2598,16271.6797,16600.2598
1992-07-09,16602.1699,16927.2402,16571.7598,16848.6602
1992-07-10,16877.6602,17023.8906,16715.5801,16783.7207
1992-07-13,16796.4707,17201.7305,16742.2695,17201.7305
1992-07-14,17165.5996,17258.7305,16961.7598,17064.6309
1992-07-15,17092.1309,17274.4902,17092.1309,17116.9199
1992-07-16,17097.6504,17097.6504,16917.6992,16987.6602
1992-07-17,16969.2891,16969.2891,16548.0703,16548.0703
1992-07-20,16489.8594,16489.8594,15854.3799,15884.4805
1992-07-21,15863.4102,16055.2998,15770.6699,16002.4102
1992-07-22,16033.7197,16059.6104,15432.3604,15541.9502
1992-07-23,15504.2197,16084.2998,15333.0000,16039.9404
1992-07-24,16014.5498,16014.5498,15490.5703,15497.7900
1992-07-27,15533.0195,15974.3096,15288.3398,15373.3398
1992-07-28,15344.8398,15510.5400,15200.8203,15426.6396
1992-07-29,15477.1201,15605.9805,15024.5898,15095.9502
1992-07-30,15152.3496,15586.3096,15152.3496,15555.5996
1992-07-31,15557.0098,15967.1797,15469.0898,15910.2803
1992-08-03,15902.7500,15954.4404,15665.4004,15709.4502
1992-08-04,15669.0098,15957.4502,15600.7598,15692.5898
1992-08-05,15718.0898,16074.4697,15718.0898,15983.6396
1992-08-06,15997.4902,16138.5000,15808.6104,15926.4404
1992-08-07,15882.0801,15882.0801,15451.3203,15518.2695
1992-08-10,15470.7900,15470.7900,14929.5498,15066.3398
1992-08-11,15098.8604,15172.7197,14777.9004,14822.5596
1992-08-12,14792.9502,14906.1602,14658.5703,14773.7900
1992-08-13,14802.4902,15018.0703,14717.3799,14768.1699
1992-08-14,14745.7803,14928.5400,14657.2695,14820.2500
1992-08-17,14854.5801,15122.8398,14854.5801,14929.5498
1992-08-18,14909.5703,14909.5703,14309.4102,14309.4102
1992-08-19,14337.5195,14807.0098,14194.4004,14650.7402
1992-08-20,14677.6396,15546.4697,14677.6396,15267.7598
1992-08-21,15294.5596,16216.8799,15294.5596,16216.8799
1992-08-24,16252.6104,17182.9609,16166.4004,16627.9609
1992-08-25,16609.8008,16823.6699,16322.2598,16380.7695
1992-08-26,16364.0098,16663.1895,16332.4004,16541.6504
1992-08-27,16617.3203,17596.4492,16617.3203,17555.0000
1992-08-28,17521.3809,18168.8105,17241.7695,17970.7891
1992-08-31,17935.3691,18119.6309,17711.1602,18061.1191
1992-09-01,18058.1094,18059.2109,17699.7207,17740.0605
1992-09-02,17674.0293,17688.3809,17477.9199,17587.7207
1992-09-03,17620.2305,18461.6602,17396.4297,18386.4902
1992-09-04,18450.6191,18833.5000,18425.7305,18555.3008
1992-09-07,18576.6797,18916.6992,18440.1797,18440.1797
1992-09-08,18415.6992,18756.3203,18279.4102,18282.4199
1992-09-09,18260.0391,18897.6309,18208.2500,18875.5508
1992-09-10,18894.2207,19284.1191,18894.2207,18908.4707
1992-09-11,18902.8496,18902.8496,18097.5508,18107.6895
1992-09-14,18149.3398,18552.7891,18149.3398,18471.4004
1992-09-16,18422.8203,18422.8203,17853.5703,17944.6992
1992-09-17,17921.6191,18204.7402,17804.5996,18116.5195
1992-09-18,18090.0195,18273.5801,17758.1309,18166.8008
1992-09-21,18215.6797,18414.0898,18050.4805,18066.2402
1992-09-22,18061.1191,18450.6191,17993.9805,18282.7207
1992-09-24,18325.6406,18701.9492,18325.6406,18609.9492
1992-09-25,18596.0098,18610.8496,18393.9609,18394.7598
1992-09-28,18383.8301,18397.4707,17972.6094,17972.6094
1992-09-29,17983.9492,18066.2109,17565.2109,17748.0898
1992-09-30,17759.7305,17909.7109,17398.9805,17399.0801
1992-10-01,17422.4707,17554.5605,17104.2109,17369.9102
1992-10-02,17402.9102,17573.9199,17324.0703,17324.0703
1992-10-05,17265.1992,17265.1992,16962.2891,17101.5000
1992-10-06,17071.1094,17318.6602,16901.5996,17268.0996
1992-10-07,17287.6602,17531.0898,17111.7402,17111.7402
1992-10-08,17106.3203,17335.5098,17049.7500,17335.5098
1992-10-09,17275.1309,17275.1309,16973.8203,17059.7793
1992-10-12,17094.3809,17307.0195,17086.6602,17302.0098
1992-10-13,17341.3203,17577.6309,17341.3203,17490.6699
1992-10-14,17572.1191,17714.0391,17344.0293,17344.0293
1992-10-15,17351.1504,17628.4902,17309.8301,17628.4902
1992-10-16,17600.9004,17617.1504,17300.5000,17369.8105
1992-10-19,17331.5898,17331.5898,16833.6992,16903.8105
1992-10-20,16933.0000,17050.2500,16821.3594,16987.6602
1992-10-21,17010.5293,17141.5195,16863.6895,17141.5195
1992-10-22,17092.2793,17178.5391,17013.0391,17013.0391
1992-10-23,17024.7695,17117.6504,16944.4297,17117.6504
1992-10-26,17124.5703,17153.7598,17011.3301,17011.3301
1992-10-27,17023.4707,17215.6504,16997.8906,17185.2598
1992-10-28,17211.2305,17306.0195,17068.3008,17068.4102
1992-10-29,17069.2109,17069.2109,16927.3809,16937.7109
1992-10-30,16926.4805,16926.4805,16675.2305,16767.4004
1992-11-02,16732.5000,16853.3594,16616.7500,16853.3594
1992-11-04,16827.0801,17065.1992,16771.7207,17065.1992
1992-11-05,16985.5605,17122.6699,16903.0098,17031.5898
1992-11-06,17006.4199,17022.5703,16818.4609,16869.8105
1992-11-09,16825.4805,16825.4805,16416.4492,16417.0508
1992-11-10,16423.3691,16518.4609,16347.3398,16437.1094
1992-11-11,16440.5195,16481.9492,16279.7402,16318.1504
1992-11-12,16306.5195,16449.4492,16089.3701,16376.9297
1992-11-13,16362.9902,16457.1699,16174.7197,16330.7900
1992-11-16,16314.9404,16314.9404,16122.9697,16162.9902
1992-11-17,16096.3896,16100.9004,15941.9297,15993.4805
1992-11-18,16011.3301,16851.4492,16011.3301,16778.8398
1992-11-19,16843.2305,17007.8203,16801.8105,16871.3105
1992-11-20,16810.5293,17188.3691,16679.6406,17033.5996
1992-11-24,17094.9805,17246.8398,17080.0391,17096.0898
1992-11-25,17130.1895,17303.0098,17025.9805,17302.0098
1992-11-26,17309.6309,17601.9102,17226.9805,17479.0391
1992-11-27,17448.5508,17569.2109,17368.6094,17470.6094
1992-11-30,17505.3203,17683.6504,17457.5703,17683.6504
1992-12-01,17675.0293,17704.0098,17307.7207,17313.0391
1992-12-02,17351.1504,17408.8301,17254.7598,17393.6797
1992-12-03,17391.5703,17508.3203,17205.3203,17260.0801
1992-12-04,17254.8594,17301.0996,17186.8594,17295.6895
1992-12-07,17304.9102,17326.3809,17175.1309,17207.1191
1992-12-08,17206.9199,17332.6992,17135.8105,17281.8496
1992-12-09,17325.8809,17498.4004,17325.8809,17406.2207
1992-12-10,17466.8008,17704.7109,17466.8008,17501.3008
1992-12-11,17538.9199,17635.3105,17424.6699,17441.0195
1992-12-14,17421.9707,17421.9707,17255.4707,17289.9707
1992-12-15,17274.3203,17554.8594,17220.5605,17480.7402
1992-12-16,17489.2695,17601.1992,17266.4004,17268.7109
1992-12-17,17243.3301,17544.1309,17209.5293,17437.9102
1992-12-18,17508.0195,17712.0391,17508.0195,17680.7402
1992-12-21,17718.3594,17787.5605,17597.5898,17645.4395
1992-12-22,17620.8594,17690.6699,17563.5898,17690.6699
1992-12-24,17690.9707,17734.9004,17587.7598,17648.8496
1992-12-25,17633.1895,17670.3105,17528.1406,17557.0391
1992-12-28,17538.8809,17538.8809,17162.7402,17188.6191
1992-12-29,17186.6191,17312.1309,17146.4805,17285.6406
1992-12-30,17254.0391,17254.0391,16891.9395,16924.9492
1993-01-04,16980.2305,17034.0098,16875.0898,16994.0801
1993-01-05,16980.4395,17013.3398,16688.4707,16842.5801
1993-01-06,16844.1895,16862.4492,16650.3496,16782.8809
1993-01-07,16806.6602,17058.1895,16724.1895,16780.9805
1993-01-08,16727.9004,16805.6602,16634.4902,16634.6895
1993-01-11,16644.8301,16698.3008,16532.0605,16589.5508
1993-01-12,16585.5293,16734.0195,16585.5293,16681.0508
1993-01-13,16688.9707,16688.9707,16440.0508,16517.9102
1993-01-14,16508.0801,16568.9805,16437.8398,16515.5996
1993-01-18,16525.6309,16625.2598,16502.2598,16617.2402
1993-01-19,16658.6699,16798.7402,16645.2305,16798.6406
1993-01-20,16821.0098,16841.7793,16507.3691,16510.1797
1993-01-21,16507.9805,16585.5293,16374.1299,16538.6797
1993-01-22,16539.7793,16540.8809,16335.8096,16336.8096
1993-01-25,16355.4697,16374.9404,16266.7803,16287.4502
1993-01-26,16291.3604,16535.4707,16216.1104,16492.6309
1993-01-27,16511.6895,16645.9297,16398.2109,16509.6797
1993-01-28,16525.0293,17086.7891,16471.7598,17063.4102
1993-01-29,17076.3496,17177.6895,16950.4395,17023.7793
1993-02-01,17037.5195,17133.6406,16957.5605,17133.6406
1993-02-02,17146.6797,17241.5996,17145.7793,17186.3105
1993-02-03,17226.5508,17419.1797,17214.2109,17222.0293
1993-02-04,17273.4004,17390.7891,17171.8691,17190.6309
1993-02-05,17223.6406,17413.6699,17223.6406,17332.9004
1993-02-08,17357.4805,17393.1992,17247.8203,17281.7305
1993-02-09,17261.5605,17261.5605,16976.7207,17022.2695
1993-02-10,16991.8691,17092.0000,16897.8594,17089.9004
1993-02-12,17118.6895,17120.4004,16851.5098,16851.5098
1993-02-15,16883.6191,17117.9902,16829.0391,17117.9902
1993-02-16,17100.7305,17172.3691,16916.3203,16916.3203
1993-02-17,16867.9609,17014.8496,16760.8105,17009.6309
1993-02-18,17000.5000,17156.7207,16974.6191,16982.1406
1993-02-19,17002.5098,17023.5801,16887.5293,17010.0293
1993-02-22,17006.6191,17058.5898,16820.6094,16820.6094
1993-02-23,16812.7793,16925.1504,16794.1191,16863.1504
1993-02-24,16849.8008,16930.2695,16750.8809,16798.9395
1993-02-25,16855.0195,16926.0605,16779.4707,16907.3906
1993-02-26,16920.7402,16985.5508,16884.8203,16953.3496
1993-03-01,16956.4609,16971.0000,16821.3105,16879.5996
1993-03-02,16848.0000,16922.7500,16796.5293,16864.2500
1993-03-03,16882.1094,16949.3301,16811.9805,16853.9199
1993-03-04,16820.9102,16840.6699,16721.4805,16759.6094
1993-03-05,16778.7695,16885.1191,16746.4609,16817.6992
1993-03-08,16855.6191,17727.3008,16855.6191,17686.4707
1993-03-09,17724.8906,18047.1602,17724.8906,17848.3008
1993-03-10,17868.3691,18036.7207,17824.1191,17858.6309
1993-03-11,17903.0801,18104.6504,17735.4297,17904.7891
1993-03-12,17905.3906,18043.9492,17823.5195,18037.5195
1993-03-15,18028.9004,18169.1602,17957.1602,18086.1797
1993-03-16,18104.3398,18117.0898,17945.2207,17968.3008
1993-03-17,17994.6797,18242.6992,17953.4492,18173.3691
1993-03-18,18234.3691,18788.3008,18234.3691,18727.9004
1993-03-19,18738.6406,18835.9609,18503.1602,18537.1699
1993-03-22,18559.8496,18784.3906,18559.8496,18784.3906
1993-03-23,18734.7207,18734.7207,18489.5195,18491.6191
1993-03-24,18468.9492,18643.6191,18423.4004,18450.6895
1993-03-25,18471.9609,18877.5000,18471.9609,18764.9199
1993-03-26,18785.3809,18897.6094,18676.6699,18788.6992
1993-03-29,18829.5508,19126.3809,18829.5508,19048.3809
1993-03-30,19054.2109,19089.1406,18853.2402,18963.1602
1993-03-31,18942.1797,19059.5293,18550.8906,18591.4492
1993-04-01,18595.5195,19135.8301,18526.6504,19099.0898
1993-04-02,19136.0293,19750.9297,19136.0293,19446.9395
1993-04-05,19457.6797,19820.5996,19357.9004,19759.4609
1993-04-06,19748.9199,19748.9199,19386.7109,19486.8008
1993-04-07,19506.5801,20054.5098,19506.5801,19829.2305
1993-04-08,19866.9805,20041.1602,19721.0098,19967.2695
1993-04-09,19951.5098,20126.0898,19728.3398,19892.1797
1993-04-12,19908.8398,19940.3691,19724.5293,19882.1406
1993-04-13,19902.4199,20753.7402,19902.4199,20740.2891
1993-04-14,20743.6992,20874.7109,20470.3301,20533.3809
1993-04-15,20545.8301,20675.8398,20394.1406,20675.8398
1993-04-16,20698.0195,20743.1992,20225.7793,20297.8594
1993-04-19,20254.0898,20254.0898,19890.4707,20112.3398
1993-04-20,20084.1309,20332.1992,19806.6504,19828.4297
1993-04-21,19854.6309,20008.1309,19672.0195,19773.0098
1993-04-22,19829.6406,20116.8594,19557.7793,19591.3105
1993-04-23,19591.1094,19785.0605,19554.8594,19704.1504
1993-04-26,19703.5391,19845.5996,19562.9004,19623.6309
1993-04-27,19642.6094,20267.8398,19642.6094,20206.7109
1993-04-28,20268.6504,20716.3906,20268.6504,20454.5703
1993-04-30,20502.0605,20919.1797,20502.0605,20919.1797
1993-05-06,20939.4609,20941.9707,20611.4805,20622.0293
1993-05-07,20626.0391,20811.3594,20491.9199,20811.3594
1993-05-10,20816.4805,21062.6406,20668.3105,21054.7109
1993-05-11,21116.5508,21224.7793,20932.3398,20940.3691
1993-05-12,20919.2891,20939.8691,20416.1191,20615.1992
1993-05-13,20626.3398,20780.1406,20457.3809,20532.7793
1993-05-14,20522.9395,20670.5195,20401.6699,20474.1504
1993-05-17,20528.0605,20689.4902,20520.0293,20565.5098
1993-05-18,20502.4609,20502.4609,20155.0996,20229.3906
1993-05-19,20209.9199,20380.7891,20128.6992,20380.7891
1993-05-20,20408.1895,20535.7891,20122.7793,20330.3906
1993-05-21,20312.1191,20653.8496,20297.7598,20557.4707
1993-05-24,20633.6699,20691.1992,20453.5703,20476.1602
1993-05-25,20497.9395,20730.7500,20482.5801,20631.7598
1993-05-26,20599.8398,20895.9902,20527.9609,20895.9902
1993-05-27,20944.2793,21105.9102,20786.4707,20852.6309
1993-05-28,20869.1895,20939.6602,20746.6094,20843.6895
1993-05-31,20829.5391,20829.5391,20516.8203,20552.3496
1993-06-01,20531.8691,20687.9805,20469.8301,20591.4102
1993-06-02,20590.5000,20823.9102,20561.5898,20691.6992
1993-06-03,20712.5801,21186.3301,20692.8008,21076.0000
1993-06-04,21052.0996,21222.7695,20841.6797,20882.2402
1993-06-07,20900.9102,21101.8008,20829.5391,20844.1895
1993-06-08,20842.4902,20842.4902,20575.2402,20575.2402
1993-06-10,20589.9004,20618.3105,20399.5605,20493.3203
1993-06-11,20532.8809,20760.0605,20451.5605,20500.9492
1993-06-14,20529.1602,20560.0801,20351.4707,20397.3496
1993-06-15,20340.1309,20393.2305,20045.8809,20045.8809
1993-06-16,20041.5605,20103.0000,19820.9004,19902.4199
1993-06-17,19904.0293,19950.0098,19647.4199,19925.5098
1993-06-18,19913.9609,19913.9609,19678.1406,19804.5391
1993-06-21,19742.4004,19742.4004,19039.5508,19212.4297
1993-06-22,19244.9609,19619.5195,19141.0508,19538.3008
1993-06-23,19553.5605,19617.5098,19368.1406,19492.5195
1993-06-24,19501.4609,19729.6504,19501.4609,19685.0703
1993-06-25,19755.4492,19845.0000,19485.7891,19659.5703
1993-06-28,19675.1309,19976.6094,19675.1309,19886.7598
1993-06-29,19854.9297,19854.9297,19543.4199,19543.4199
1993-06-30,19537.4004,19616.8105,19433.9902,19590.0000
1993-07-01,19638.7891,19924.6094,19638.7891,19924.6094
1993-07-02,19931.9902,19932.1895,19561.0605,19621.4609
1993-07-05,19651.8691,19676.0703,19545.4492,19623.0605
1993-07-06,19593.2598,19833.3809,19589.6602,19829.7793
1993-07-07,19828.8809,19828.8809,19634.2598,19720.6699
1993-07-08,19723.4707,19784.6797,19675.7695,19688.6699
1993-07-09,19699.9707,19946.7891,19699.9707,19877.3906
1993-07-12,19934.9902,20011.6992,19889.8906,19980.0000
1993-07-13,19983.9004,20243.0195,19967.5996,20180.4199
1993-07-14,20207.5195,20233.3203,20030.3008,20139.1094
1993-07-15,20191.6191,20394.6406,20144.2109,20158.0195
1993-07-16,20164.7207,20352.5391,20106.3105,20331.5293
1993-07-19,20347.3301,20350.3398,20089.7109,20150.9199
1993-07-20,20123.1094,20123.1094,19977.4004,20038.0000
1993-07-21,20037.5000,20117.7109,19972.5996,20080.9102
1993-07-22,20075.7109,20152.8203,20049.5996,20115.8105
1993-07-23,20049.8008,20049.8008,19733.7695,19734.5703
1993-07-26,19770.3809,19836.6797,19707.9707,19822.0801
1993-07-27,19845.4805,19952.0000,19777.4805,19891.3906
1993-07-28,19895.4902,19958.0000,19792.6797,19829.5801
1993-07-29,19842.6797,20473.7500,19842.6797,20456.8496
1993-07-30,20453.1504,20545.7500,20361.3398,20380.1406
1993-08-02,20392.7402,20412.6406,20231.3203,20343.5293
1993-08-03,20382.4395,20599.3594,20357.6406,20357.6406
1993-08-04,20380.0391,20667.8691,20298.9297,20497.5508
1993-08-05,20521.9492,20557.4609,20376.2402,20425.6406
1993-08-06,20379.7402,20379.7402,20244.8203,20357.9395
1993-08-09,20339.8301,20553.0605,20339.8301,20493.0508
1993-08-10,20525.0508,20655.2695,20476.3496,20493.7500
1993-08-11,20500.8496,20756.0801,20489.0508,20732.5703
1993-08-12,20820.7793,20939.3906,20708.4707,20765.2793
1993-08-13,20772.3809,20921.8906,20686.7695,20745.1699
1993-08-16,20692.7695,20904.6895,20548.8496,20901.4902
1993-08-17,20924.5898,21025.5996,20749.4707,20841.9805
1993-08-18,20805.9805,20964.1992,20732.6699,20773.1797
1993-08-19,20797.9805,20903.0898,20603.5605,20687.4707
1993-08-20,20751.3809,20859.4902,20586.5605,20607.2598
1993-08-23,20595.2598,20595.2598,20384.4395,20414.1406
1993-08-24,20380.9395,20469.8496,20344.8301,20431.8398
1993-08-25,20493.1504,20542.3496,20412.2402,20521.4492
1993-08-26,20529.8496,20594.5605,20482.9492,20591.7598
1993-08-27,20596.8594,20863.3906,20579.5605,20791.6797
1993-08-30,20816.7793,20924.0898,20747.6699,20912.6895
1993-08-31,20924.5898,21029.6992,20831.0801,21026.5996
1993-09-01,20964.0996,20968.0000,20837.4805,20953.3008
1993-09-02,20943.2891,21045.9004,20921.2891,20983.1992
1993-09-03,20984.5000,21281.0293,20984.5000,21116.2109
1993-09-06,21163.8203,21249.9199,21055.9102,21060.8105
1993-09-07,21065.8105,21065.8105,20880.1895,20962.0996
1993-09-08,20923.6895,20996.5000,20816.7793,20918.1895
1993-09-09,20905.1895,20943.7891,20756.2793,20825.5801
1993-09-10,20811.6797,20846.5801,20686.4707,20817.9805
1993-09-13,20850.0898,21164.1191,20850.0898,21148.1094
1993-09-14,21136.4102,21171.7207,20924.6895,20947.7891
1993-09-16,20938.6895,20938.6895,20501.9492,20502.1504
1993-09-17,20513.1504,20532.6504,20305.3301,20391.0391
1993-09-20,20395.6406,20407.5391,20211.5195,20266.0293
1993-09-21,20347.4297,20564.8594,20347.4297,20466.6504
1993-09-22,20380.7402,20380.7402,20112.1094,20174.6191
1993-09-24,20225.8203,20324.6309,20225.8203,20307.5293
1993-09-27,20315.6309,20384.4395,20000.0000,20094.1094
1993-09-28,20128.9102,20299.2305,20128.9102,20172.7207
1993-09-29,20156.7207,20156.7207,19927.6895,20077.4102
1993-09-30,20097.6094,20158.3203,20032.1992,20105.7109
1993-10-01,20096.6094,20328.1309,20056.3105,20283.1309
1993-10-04,20262.0293,20283.9297,20151.3203,20264.4297
1993-10-05,20311.9297,20410.0391,20237.8203,20321.9297
1993-10-06,20332.7305,20529.5508,20312.9297,20500.2500
1993-10-07,20489.6504,20494.4492,20262.8301,20265.6309
1993-10-08,20241.8203,20405.0391,20180.0195,20378.6406
1993-10-12,20376.3398,20376.3398,20116.7109,20137.3105
1993-10-13,20135.0098,20167.2207,19997.9004,20038.4004
1993-10-14,20016.3008,20096.9102,19911.8906,20082.8105
1993-10-15,20107.1094,20338.8301,20097.0098,20174.4199
1993-10-18,20208.6191,20265.5293,20071.5098,20072.2109
1993-10-19,20089.0098,20204.0195,20042.4004,20069.9102
1993-10-20,20054.2109,20221.7207,20054.2109,20173.4199
1993-10-21,20201.8203,20219.7207,20108.8105,20179.4199
1993-10-22,20223.8203,20377.8398,20223.8203,20264.8301
1993-10-25,20342.4297,20473.8496,20271.8301,20309.3301
1993-10-26,20300.4297,20344.5293,20019.9004,20023.5996
1993-10-27,20012.8008,20012.8008,19686.9707,19838.7793
1993-10-28,19837.3809,19863.0898,19443.5391,19479.4492
1993-10-29,19556.4609,19744.2695,19500.9492,19702.9707
1993-11-01,19656.9707,19656.9707,19375.2402,19438.2402
1993-11-02,19437.0391,19549.1504,19342.0293,19381.2402
1993-11-04,19373.6406,19433.2402,18949.7891,18949.7891
1993-11-05,18941.6895,18941.6895,18470.3496,18590.4609
1993-11-08,18603.5605,18671.6699,18380.8398,18625.1602
1993-11-09,18637.6602,18661.6699,18048.5000,18125.7109
1993-11-10,18149.0098,18227.9199,17818.2793,18121.7109
1993-11-11,18157.4199,18328.6309,18076.4102,18158.5195
1993-11-12,18135.9102,18592.2598,18104.2109,18493.5508
1993-11-15,18489.0508,18506.9492,17952.1992,18074.6094
1993-11-16,18031.1992,18467.2500,17877.6895,18246.1191
1993-11-17,18232.4199,18344.2305,18030.8008,18108.7109
1993-11-18,18154.9199,18336.6309,18117.7109,18166.3203
1993-11-19,18167.5195,18337.7305,17941.1895,17941.1895
1993-11-22,17905.5898,17905.5898,17254.5293,17384.8398
1993-11-24,17350.8398,17544.8496,16993.9004,17067.1094
1993-11-25,17119.7109,17410.0391,17003.3008,17222.9199
1993-11-26,17252.1309,17351.7402,16675.7695,16726.3691
1993-11-29,16688.5703,16688.5703,15671.9697,16078.7100
1993-11-30,16113.4102,16505.1504,16004.0000,16406.5391
1993-12-01,16449.9395,17168.2207,16429.9395,17125.3105
1993-12-02,17162.5195,17887.2891,17073.8105,17458.7500
1993-12-03,17408.5391,17468.8496,17177.3203,17459.3496
1993-12-06,17425.1406,17425.1406,16783.4805,16840.3809
1993-12-07,16829.9805,17128.8105,16791.2793,16903.4902
1993-12-08,16889.1895,16892.5898,16216.8203,16507.9492
1993-12-09,16545.1504,17089.0098,16545.1504,17061.9102
1993-12-10,17054.1094,17534.8496,16786.6797,17257.4297
1993-12-13,17246.9199,17563.3594,17123.8105,17327.3301
1993-12-14,17346.6309,17415.7402,17263.4297,17308.7305
1993-12-15,17250.3301,17536.1504,17169.5195,17489.1504
1993-12-16,17514.3496,17911.9902,17514.3496,17789.2793
1993-12-17,17843.0801,18052.2109,17724.0703,18051.9102
1993-12-20,18025.8008,18025.8008,17383.4395,17404.2402
1993-12-21,17418.5391,17484.3496,17158.3203,17315.4297
1993-12-22,17352.4395,17453.1504,17296.3301,17445.7402
1993-12-24,17430.0391,17434.5391,17037.0996,17141.1094
1993-12-27,17081.5098,17081.5098,16633.6602,16819.8809
1993-12-28,16853.9902,17147.6094,16853.9902,17131.2109
1993-12-29,17149.9102,17342.1309,17036.3008,17272.0293
1993-12-30,17309.2305,17417.2402,17309.2305,17417.2402
1994-01-04,17421.6406,17424.8398,17242.3203,17369.7402
1994-01-05,17376.5391,17793.1797,17376.5391,17783.4805
1994-01-06,17865.3906,18027.6992,17792.5801,17881.9902
1994-01-07,17842.9805,18131.4102,17787.4805,18124.0098
1994-01-10,18186.5195,18567.0605,18186.5195,18443.4395
1994-01-11,18481.8496,18671.6699,18373.0391,18485.2500
1994-01-12,18447.3398,18807.0801,18301.9297,18793.8809
1994-01-13,18770.3809,18823.3809,18548.7500,18577.2598
1994-01-14,18623.4609,19043.8008,18473.3496,18973.6992
1994-01-17,18911.8906,18911.8906,18646.0605,18725.3691
1994-01-18,18703.6699,18810.2793,18514.5508,18514.5508
1994-01-19,18516.0508,19118.8105,18515.6504,19039.4004
1994-01-20,19072.5098,19341.7305,19025.6992,19183.9199
1994-01-21,19186.7207,19337.9297,19065.8105,19307.4297
1994-01-24,19294.4297,19294.4297,18320.3301,18353.2402
1994-01-25,18427.4395,18662.2695,18427.4395,18648.3594
1994-01-26,18695.6699,19155.5195,18691.4707,19138.2109
1994-01-27,19130.0098,19324.7305,18811.7793,18891.7891
1994-01-28,18869.5898,18869.5898,18657.1699,18757.8809
1994-01-31,18790.7793,20229.1191,18790.7793,20229.1191
1994-02-01,20256.3301,20509.9492,20237.5195,20416.3398
1994-02-02,20393.4395,20399.2402,20099.4102,20250.0293
1994-02-03,20293.0293,20433.0391,19935.1895,20174.8203
1994-02-04,20151.3203,20301.4297,20034.8008,20301.4297
1994-02-07,20254.9297,20254.9297,20012.1992,20014.4004
1994-02-08,20080.5098,20526.4492,20080.5098,20251.2305
1994-02-09,20236.3203,20236.3203,19650.9707,19841.3809
1994-02-10,19879.6895,20007.0000,19787.2793,19990.6992
1994-02-14,19938.9902,19938.9902,19368.2402,19459.2500
1994-02-15,19406.4395,19406.4395,18768.9805,18974.5996
1994-02-16,19033.0000,19267.0293,19032.4004,19052.1094
1994-02-17,19026.5000,19026.5000,18809.9805,18931.3906
1994-02-18,18993.1992,19078.4102,18873.0898,18959.5996
1994-02-21,18908.7891,19415.1406,18826.6797,19393.9395
1994-02-22,19423.1406,19561.5605,19327.1309,19342.6309
1994-02-23,19401.1406,19466.9492,19323.9297,19341.8301
1994-02-24,19389.2402,19792.2793,19389.2402,19765.4805
1994-02-25,19679.6699,19890.8906,19579.1602,19803.3809
1994-02-28,19848.5801,20117.2109,19848.5801,19997.1992
1994-03-01,20052.6094,20240.9199,20052.6094,20216.6191
1994-03-02,20159.0195,20159.0195,19724.2695,19744.7695
1994-03-03,19759.5801,19771.6797,19531.6504,19605.8594
1994-03-04,19636.0605,20052.1094,19627.9609,19966.0000
1994-03-07,19979.0996,20279.1309,19768.6797,19811.8809
1994-03-08,19826.2793,20090.7109,19826.2793,19898.3906
1994-03-09,19869.2891,19894.2891,19665.6699,19839.1797
1994-03-10,19880.5898,20114.4102,19880.5898,20090.7109
1994-03-11,20109.9102,20256.2305,20017.0996,20115.3105
1994-03-14,20157.7207,20580.9609,20157.7207,20526.1504
1994-03-15,20550.8594,20654.1699,20458.8496,20508.8496
1994-03-16,20518.0508,20781.9805,20518.0508,20677.7695
1994-03-17,20692.9707,20692.9707,20449.4395,20592.1602
1994-03-18,20623.6602,20655.6699,20440.1406,20469.4492
1994-03-22,20458.5508,20458.5508,20202.4199,20253.5293
1994-03-23,20276.4297,20322.0293,19937.9902,19962.0996
1994-03-24,19970.1992,20075.8105,19870.0898,20037.9004
1994-03-25,19973.4004,19973.4004,19771.6797,19836.4805
1994-03-28,19819.9609,20062.9102,19725.5508,19941.7891
1994-03-29,19933.9902,19969.1895,19653.0293,19709.7402
1994-03-30,19640.5293,19640.5293,19288.8594,19559.9102
1994-03-31,19500.0000,19547.0098,19082.8203,19111.9199
1994-04-01,19161.6309,19378.0801,19161.6309,19277.1602
1994-04-04,19232.8496,19232.8496,18896.4805,19122.2207
1994-04-05,19184.0391,19580.3203,19184.0391,19563.2109
1994-04-06,19636.3301,19878.2793,19636.3301,19696.7402
1994-04-07,19676.3398,19946.0898,19587.7207,19890.9805
1994-04-08,19909.4805,19973.2891,19520.9004,19934.9902
1994-04-11,19948.8906,19999.3008,19867.4707,19898.0801
1994-04-12,19884.7793,19884.7793,19647.6309,19648.3301
1994-04-13,19681.7402,20103.4199,19672.2305,20060.4102
1994-04-14,20052.0098,20169.1309,19847.9707,19987.1992
1994-04-15,20050.2109,20282.1602,20050.2109,20164.6309
1994-04-18,20222.4395,20494.5996,20222.4395,20277.3594
1994-04-19,20243.2500,20300.6602,20119.4199,20192.3398
1994-04-20,20203.2402,20222.6406,19850.3691,19882.1797
1994-04-21,19905.2793,19934.8906,19793.5605,19799.3594
1994-04-22,19881.2793,20071.5098,19833.2695,19964.3906
1994-04-25,19921.4805,19921.4805,19628.3301,19709.1406
1994-04-26,19718.0391,19718.0391,19512.4004,19628.9297
1994-04-27,19633.6309,19813.8594,19612.8203,19729.1504
1994-04-28,19724.4395,19762.9492,19644.5293,19725.2500
1994-05-02,19648.5293,19648.5293,19488.9004,19570.2109
1994-05-06,19620.8203,19907.9805,19620.8203,19862.4707
1994-05-09,19820.8594,19820.8594,19721.0391,19786.9609
1994-05-10,19764.7500,19962.6895,19753.0508,19917.7793
1994-05-11,20001.0996,20219.8398,20001.0996,20150.1309
1994-05-12,20139.1309,20260.3496,20118.7207,20224.2402
1994-05-13,20251.4492,20360.3691,20221.0391,20270.7500
1994-05-16,20318.0605,20397.9805,20174.4297,20188.4395
1994-05-17,20158.7305,20174.9297,20067.4102,20133.5293
1994-05-18,20191.5391,20285.9609,19965.7891,20152.7305
1994-05-19,20130.5293,20302.4609,20034.2109,20221.3398
1994-05-20,20255.1504,20438.3906,20255.1504,20342.1699
1994-05-23,20385.7793,20574.9102,20328.0703,20568.7109
1994-05-24,20539.0098,20748.7500,20501.0000,20622.1191
1994-05-25,20633.0293,20700.9395,20509.9004,20663.6309
1994-05-26,20632.3301,20689.6406,20489.3008,20495.8008
1994-05-27,20518.5996,20824.5605,20510.0996,20777.1602
1994-05-30,20835.6699,20932.1895,20817.1602,20838.9707
1994-05-31,20857.0703,21048.6094,20857.0703,20973.5898
1994-06-01,20988.9004,21090.7207,20896.3809,21053.1094
1994-06-02,21073.7109,21198.7402,20965.6895,21009.0000
1994-06-03,20933.6895,20954.1895,20802.4609,20954.1895
1994-06-06,20954.7891,20954.7891,20707.5391,20726.6504
1994-06-07,20735.0508,21053.7109,20735.0508,21042.7109
1994-06-08,21002.3008,21273.7500,20930.2891,21261.9492
1994-06-09,21279.5605,21455.4902,21263.9492,21402.7793
1994-06-10,21401.4805,21559.8105,21355.3691,21395.1797
1994-06-13,21378.3809,21573.2109,21271.5508,21552.8105
1994-06-14,21495.6992,21495.6992,21304.1602,21353.9707
1994-06-15,21413.4805,21496.5996,21234.6504,21282.9609
1994-06-16,21275.3594,21389.9805,21273.9492,21367.4707
1994-06-17,21398.6797,21572.4102,21398.6797,21503.3008
1994-06-20,21515.5996,21515.5996,21125.6309,21152.0293
1994-06-21,21076.2207,21076.2207,20759.4492,20813.1602
1994-06-22,20742.6504,20742.6504,20371.3691,20581.3203
1994-06-23,20637.4297,21068.0098,20637.4297,21040.2109
1994-06-24,20998.3008,20998.3008,20755.4492,20766.7500
1994-06-27,20649.5293,20649.5293,20168.5293,20300.9609
1994-06-28,20356.2695,20732.5508,20356.2695,20639.2305
1994-06-29,20599.1191,20599.1191,20420.4805,20481.0000
1994-06-30,20417.5801,20684.1406,20246.4492,20643.9297
1994-07-01,20618.2207,20618.2207,20274.9492,20543.4102
1994-07-04,20598.9199,20703.1406,20573.2109,20631.9297
1994-07-05,20650.0293,20907.5801,20650.0293,20834.3691
1994-07-06,20846.7695,20878.7793,20627.4297,20629.0293
1994-07-07,20666.0293,20724.2402,20594.1191,20620.0195
1994-07-08,20641.5293,20691.8398,20440.0898,20526.5098
1994-07-11,20467.5898,20534.5098,20369.0703,20473.0898
1994-07-12,20412.4805,20419.4805,20294.0605,20400.4805
1994-07-13,20395.3809,20558.8105,20368.7695,20540.4102
1994-07-14,20565.4102,20780.2598,20565.4102,20718.0391
1994-07-15,20774.7500,20877.9805,20718.1406,20770.1504
1994-07-18,20743.1504,20816.4609,20688.3398,20717.6406
1994-07-19,20753.6504,20851.8691,20736.3496,20775.1602
1994-07-20,20817.4609,20872.3691,20736.9492,20780.7598
1994-07-21,20767.6504,20767.6504,20608.7207,20622.9199
1994-07-22,20649.3301,20673.5293,20427.2891,20462.8906
1994-07-25,20427.3906,20427.3906,20224.0391,20297.6602
1994-07-26,20291.8594,20390.8809,20241.7500,20345.3691
1994-07-27,20333.2695,20333.2695,20103.9199,20137.2305
1994-07-28,20150.3301,20262.5508,19993.6992,20247.8496
1994-07-29,20319.6602,20517.0996,20318.1602,20449.3906
1994-08-01,20422.1797,20423.7793,20271.3496,20271.3496
1994-08-02,20339.1699,20661.9297,20339.1699,20660.1309
1994-08-03,20664.5293,20729.2500,20592.2207,20632.7305
1994-08-04,20611.2207,20700.9395,20565.2109,20676.8398
1994-08-05,20655.3301,20680.9395,20467.4902,20521.6992
1994-08-08,20525.8105,20638.9297,20502.1992,20635.8301
1994-08-09,20706.1406,20774.7500,20583.2207,20590.2207
1994-08-10,20597.0195,20770.2500,20584.8203,20770.2500
1994-08-11,20770.0508,20845.2695,20690.2402,20821.3594
1994-08-12,20825.0703,20825.0703,20643.0293,20663.8301
1994-08-15,20648.0293,20747.4492,20626.3301,20626.3301
1994-08-16,20657.2305,20842.1699,20657.2305,20786.3594
1994-08-17,20829.2695,20875.7793,20791.9609,20824.5605
1994-08-18,20830.8691,20862.7695,20772.1504,20862.7695
1994-08-19,20803.3594,20803.3594,20501.1992,20512.6992
1994-08-22,20536.0098,20538.2109,20380.4805,20394.5801
1994-08-23,20368.6699,20503.0996,20316.5605,20380.7793
1994-08-24,20346.9707,20511.5996,20311.9609,20511.5996
1994-08-25,20537.3105,20603.6191,20443.2891,20443.2891
1994-08-26,20457.7891,20554.3105,20416.2793,20471.4902
1994-08-29,20518.8008,20722.8398,20518.8008,20600.4199
1994-08-30,20591.6191,20629.9297,20503.6992,20592.1191
1994-08-31,20595.4199,20628.5293,20533.5098,20628.5293
1994-09-01,20634.3301,20700.5391,20617.5195,20642.9297
1994-09-02,20644.8301,20675.5391,20615.5195,20653.8301
1994-09-05,20645.2305,20645.2305,20395.9805,20409.1797
1994-09-06,20408.2793,20529.7109,20331.3691,20393.9805
1994-09-07,20364.4707,20364.4707,20023.8008,20023.8008
1994-09-08,20043.2109,20108.4199,19917.7793,19917.7793
1994-09-09,19966.5898,20150.9297,19853.1699,19897.8809
1994-09-12,19918.1797,19973.3906,19882.5801,19917.2793
1994-09-13,19925.5898,20097.0195,19826.3691,20046.1094
1994-09-14,20024.0996,20040.7109,19906.0801,19919.3809
1994-09-16,19948.3906,19972.5898,19795.2598,19796.2598
1994-09-19,19794.3594,19794.3594,19543.4102,19554.1094
1994-09-20,19601.7207,19842.1699,19601.7207,19837.2695
1994-09-21,19788.8594,19961.5898,19691.4395,19885.3809
1994-09-22,19907.5801,19907.5801,19760.0508,19833.6699
1994-09-26,19826.7695,19922.3809,19780.4609,19814.3594
1994-09-27,19807.1602,19822.1602,19414.0801,19468.8906
1994-09-28,19501.5996,19614.2207,19443.6895,19507.5996
1994-09-29,19559.0098,19732.2500,19559.0098,19615.1191
1994-09-30,19647.5293,19719.0391,19519.6992,19563.8105
1994-10-03,19579.7207,19672.5293,19571.0098,19650.0293
1994-10-04,19649.5293,19651.8301,19525.7109,19568.6094
1994-10-05,19536.0098,19752.5508,19487.6992,19751.5508
1994-10-06,19727.3496,19748.4492,19645.4297,19655.2305
1994-10-07,19689.8398,19753.6504,19689.8398,19744.7500
1994-10-11,19790.4609,19894.8809,19790.4609,19821.4609
1994-10-12,19860.8691,20115.2207,19846.7695,20089.7207
1994-10-13,20084.8203,20176.6406,20042.8105,20148.8301
1994-10-14,20107.1191,20107.1191,19964.4902,19969.2891
1994-10-17,19973.9902,20055.4102,19907.6797,19958.2891
1994-10-18,19964.6895,20020.5996,19946.9902,19992.4004
1994-10-19,20012.5996,20023.4004,19863.2695,19868.8691
1994-10-20,19875.2793,19991.9004,19875.2793,19991.9004
1994-10-21,19933.7891,19933.7891,19784.8594,19899.0801
1994-10-24,19909.2793,19952.8906,19830.5703,19852.3691
1994-10-25,19831.8691,19831.8691,19732.1504,19732.1504
1994-10-26,19731.5508,19770.7500,19705.9395,19746.3496
1994-10-27,19742.3496,19919.8809,19724.4395,19796.3594
1994-10-28,19832.0703,19904.0801,19725.6504,19805.1602
1994-10-31,19855.4707,20000.6992,19855.4707,19989.5996
1994-11-01,19929.4902,19929.4902,19836.9707,19916.4805
1994-11-02,19891.7793,19891.7793,19713.9395,19750.6504
1994-11-04,19799.7598,19872.8691,19768.9492,19811.5605
1994-11-07,19755.1504,19755.1504,19593.9199,19619.2207
1994-11-08,19637.2305,19637.9297,19543.7109,19609.0195
1994-11-09,19570.3105,19654.3301,19331.3691,19423.8809
1994-11-10,19453.5898,19456.6895,19238.0508,19264.8496
1994-11-11,19285.9609,19288.1602,19132.2305,19284.3594
1994-11-14,19246.4492,19298.9609,19115.7207,19261.4492
1994-11-15,19314.7598,19432.5898,19314.7598,19391.6797
1994-11-16,19399.1797,19444.2891,19252.1504,19306.6602
1994-11-17,19298.8594,19372.6699,19277.4609,19336.5703
1994-11-18,19329.6699,19332.0703,19199.2402,19302.5605
1994-11-21,19310.1602,19315.1602,19121.7207,19121.7207
1994-11-22,19052.0098,19052.0098,18905.4805,18962.9902
1994-11-24,18877.0801,18877.0801,18688.7402,18701.2402
1994-11-25,18742.4492,18847.0703,18666.1309,18666.9297
1994-11-28,18727.7500,18811.3594,18727.7500,18811.3594
1994-11-29,18826.3691,18928.5898,18826.3691,18926.4902
1994-11-30,18943.7891,19134.0293,18943.7891,19075.6191
1994-12-01,19061.2109,19111.4199,18961.7891,19013.5996
1994-12-02,18982.3008,19080.2207,18946.9902,18998.3008
1994-12-05,19067.0098,19305.6602,19067.0098,19305.6602
1994-12-06,19316.2598,19342.2695,19242.8496,19340.4707
1994-12-07,19305.5605,19305.5605,19138.8301,19174.2305
1994-12-08,19173.7305,19288.3594,19135.3301,19180.0391
1994-12-09,19194.3398,19240.1504,18972.2891,18978.3008
1994-12-12,19008.1992,19071.6094,18959.0898,18975.0996
1994-12-13,18996.8008,19017.0996,18822.5605,18875.4805
1994-12-14,18887.6797,18957.5898,18887.6797,18931.4902
1994-12-15,18964.1895,19177.5391,18964.1895,19121.1191
1994-12-16,19131.1309,19163.4297,19012.0996,19163.4297
1994-12-19,19160.0293,19336.1699,19160.0293,19270.8496
1994-12-20,19263.2500,19417.8809,19193.6406,19406.9805
1994-12-21,19395.5801,19454.7891,19277.2598,19340.6699
1994-12-22,19400.5801,19633.5293,19400.5801,19633.5293
1994-12-26,19646.2305,19726.7500,19600.3203,19726.7500
1994-12-27,19703.3496,19801.3008,19628.4102,19711.3594
1994-12-28,19744.5703,19813.9102,19599.4004,19665.5293
1994-12-29,19609.6992,19763.7793,19509.1504,19752.9805
1994-12-30,19717.8594,19833.2207,19679.3398,19723.0605
1995-01-04,19724.7598,19724.7598,19641.2207,19684.0391
1995-01-05,19697.5508,19717.7598,19518.1602,19616.1094
1995-01-06,19586.4902,19586.4902,19417.2109,19519.4609
1995-01-09,19501.8496,19523.8594,19434.1191,19444.9199
1995-01-10,19415.1094,19543.6699,19369.2793,19501.4492
1995-01-11,19517.6602,19603.1992,19480.4395,19548.4707
1995-01-12,19536.3691,19546.8691,19344.1699,19410.0098
1995-01-13,19408.3008,19408.3008,19265.2305,19331.1699
1995-01-17,19322.4609,19361.9805,19087.9395,19241.3203
1995-01-18,19231.9199,19321.3594,19201.0996,19223.3105
1995-01-19,19218.6094,19297.7500,18977.9902,19075.7402
1995-01-20,19034.2207,19034.2207,18754.2793,18840.2207
1995-01-23,18807.0000,18817.9102,17778.7891,17785.4902
1995-01-24,17807.3008,18138.7695,17698.7500,18060.7305
1995-01-25,18095.7500,18412.6094,18095.7500,18159.4805
1995-01-26,18167.8809,18407.4004,18017.3105,18070.8398
1995-01-27,18091.4492,18257.1309,17937.7695,18104.3496
1995-01-30,18137.2695,18818.5098,18137.2695,18752.8809
1995-01-31,18789.9902,18854.8301,18582.8906,18649.8203
1995-02-01,18646.9199,18868.9297,18609.9004,18739.4707
1995-02-02,18719.8594,18719.8594,18521.1602,18604.3008
1995-02-03,18607.0000,18645.9199,18436.6191,18538.9707
1995-02-06,18584.6895,18672.1406,18573.2891,18667.2305
1995-02-07,18656.4297,18656.4297,18499.6504,18500.5508
1995-02-08,18477.2402,18477.2402,18137.0703,18290.2500
1995-02-09,18265.3301,18338.6699,18099.5508,18099.5508
1995-02-10,18117.7598,18299.9492,18010.8105,18291.3496
1995-02-13,18320.2598,18428.3105,18283.1406,18313.8594
1995-02-14,18277.4395,18277.4395,18065.1309,18138.4707
1995-02-15,18091.8496,18093.4492,17905.9492,17991.0000
1995-02-16,17970.6895,17970.6895,17742.3691,17780.5898
1995-02-17,17731.7695,18200.5996,17617.8105,18020.5098
1995-02-20,18036.7207,18108.8496,17920.7598,17956.4805
1995-02-21,17946.5703,18194.5000,17946.5703,18096.2500
1995-02-22,18118.0605,18270.5391,18106.5508,18106.6504
1995-02-23,18080.3398,18080.3398,17553.2793,17830.0195
1995-02-24,17842.7207,17849.6191,17472.9395,17472.9395
1995-02-27,17465.3301,17465.3301,16518.4609,16808.6992
1995-02-28,16847.9199,17164.7793,16847.9199,17053.4297
1995-03-01,17017.9102,17017.9102,16478.9395,16618.7109
1995-03-02,16655.7305,17161.8809,16655.7305,16963.1797
1995-03-03,16923.1602,17122.4609,16792.3008,17039.6191
1995-03-06,16987.4902,17134.4707,16849.9199,17040.7207
1995-03-07,17060.0293,17104.6504,16954.3809,16955.2793
1995-03-08,16889.5391,16889.5391,16538.3691,16621.3105
1995-03-09,16675.8398,16839.3203,16675.8398,16763.0801
1995-03-10,16742.0703,16799.5000,16258.1299,16358.3799
1995-03-13,16391.0000,16477.6406,16081.0400,16477.6406
1995-03-14,16456.1309,16456.1309,16199.2002,16245.8203
1995-03-15,16233.4199,16698.7500,16225.2100,16666.8301
1995-03-16,16632.8203,16632.8203,16308.5498,16355.6797
1995-03-17,16402.9004,16488.4395,16070.5400,16251.2305
1995-03-20,16217.4102,16217.4102,15980.3896,16129.9600
1995-03-22,16123.3604,16244.8203,15901.9502,15904.8496
1995-03-23,15896.1504,15926.8604,15681.1396,15813.4102
1995-03-24,15804.5996,15804.5996,15424.1104,15749.7695
1995-03-27,15812.6104,16232.2197,15812.6104,16096.2500
1995-03-28,16097.8799,16681.7305,16097.8799,16681.7305
1995-03-29,16704.2695,16704.2695,16365.8604,16460.7305
1995-03-30,16413.9492,16607.8906,16327.0898,16512.2207
1995-03-31,16567.5195,16848.1309,16095.2695,16139.9502
1995-04-03,16079.6396,16079.6396,15271.7900,15381.2900
1995-04-04,15434.3799,15755.4600,15256.0596,15630.5303
1995-04-05,15653.3799,15901.6201,15477.9600,15882.4902
1995-04-06,15852.2305,15949.1104,15698.0596,15815.8701
1995-04-07,15751.3496,15783.1104,15635.1396,15719.5000
1995-04-10,15739.4297,16212.2803,15583.6504,16163.0898
1995-04-11,16205.3701,16365.4600,16109.2002,16268.8799
1995-04-12,16270.1904,16434.4805,16233.9199,16344.9199
1995-04-13,16336.0000,16563.6094,16274.9902,16438.7891
1995-04-14,16405.7305,16530.4492,16047.7900,16047.8896
1995-04-17,16046.4805,16304.5498,15892.9102,16304.1504
1995-04-18,16274.0898,16322.6797,16153.2803,16225.1104
1995-04-19,16180.7305,16424.0605,15976.8604,16376.0801
1995-04-20,16430.3691,16665.3008,16430.3691,16643.0605
1995-04-21,16699.5605,16968.2402,16699.5605,16968.2402
1995-04-24,16944.1992,16981.0703,16779.0996,16804.0508
1995-04-25,16837.2109,17110.4004,16837.2109,16910.5391
1995-04-26,16859.0508,16932.0801,16712.9805,16826.4902
1995-04-27,16902.4199,16989.4805,16808.5605,16883.9902
1995-04-28,16867.4609,16869.4707,16740.4297,16806.7500
1995-05-01,16820.3809,16838.6094,16708.1699,16811.4609
1995-05-02,16819.5801,17116.0098,16733.7207,17088.6602
1995-05-08,17110.5000,17189.5391,17071.8301,17103.6895
1995-05-09,17121.1191,17166.5996,16936.9902,16958.2207
1995-05-10,16908.0293,16956.3203,16799.6406,16826.4902
1995-05-11,16842.9199,16872.8691,16461.7305,16461.7305
1995-05-12,16505.8105,16683.8301,16387.3008,16420.7598
1995-05-15,16456.7207,16636.3496,16363.4502,16609.6992
1995-05-16,16606.1895,16606.1895,16384.9902,16388.9004
1995-05-17,16403.0293,16516.3301,16359.4502,16471.3496
1995-05-18,16501.4004,16527.4492,16205.4697,16312.5596
1995-05-19,16267.1797,16267.1797,16043.1797,16140.8496
1995-05-22,16102.2803,16102.2803,15712.0801,15789.1201
1995-05-23,15792.7305,15916.1504,15743.5400,15916.1504
1995-05-24,15884.7900,16006.1104,15807.6504,15970.7500
1995-05-25,16008.6201,16033.1602,15559.3096,15579.4404
1995-05-26,15540.0703,15713.1797,15406.0303,15694.2500
1995-05-29,15607.9902,15607.9902,15419.9600,15574.0303
1995-05-30,15572.8301,15823.6797,15572.8301,15762.9697
1995-05-31,15745.9404,15745.9404,15292.4297,15436.7900
1995-06-01,15480.5703,15647.4697,15420.1602,15594.5703
1995-06-02,15626.4297,16015.9297,15626.4297,15849.1299
1995-06-05,15853.5400,15921.2598,15740.0303,15897.3203
1995-06-06,15875.1797,15923.3604,15607.5898,15660.9902
1995-06-07,15642.8604,15734.0195,15557.0996,15679.6201
1995-06-08,15630.0303,15630.0303,15356.4404,15442.2998
1995-06-09,15414.6504,15414.6504,14978.3604,15044.1797
1995-06-12,15030.1504,15030.1504,14741.9404,14813.4600
1995-06-13,14818.1699,14931.7803,14582.0498,14599.6797
1995-06-14,14624.2197,14801.4404,14624.2197,14660.4902
1995-06-15,14666.7002,14867.2598,14376.0801,14867.2598
1995-06-16,14931.3799,15021.0400,14656.1797,14703.1699
1995-06-19,14704.8701,14848.5303,14700.0596,14700.0596
1995-06-20,14769.6904,14865.8604,14527.5498,14665.7002
1995-06-21,14684.9297,14982.5703,14665.2002,14951.2100
1995-06-22,14939.7900,14953.8203,14792.9297,14926.3701
1995-06-23,14986.7803,15265.3799,14986.7803,15265.1797
1995-06-26,15319.9805,15378.4805,15145.3604,15145.3604
1995-06-27,15155.3203,15163.3398,14745.2100,14759.0498
1995-06-28,14708.2100,14755.2402,14536.7500,14618.0703
1995-06-29,14677.5303,14904.7402,14445.4004,14507.1699
1995-06-30,14511.4805,14624.0898,14451.8203,14517.4004
1995-07-03,14519.4004,14519.4004,14295.9004,14485.4102
1995-07-04,14498.2500,14768.9805,14471.8701,14755.7402
1995-07-05,14758.8496,14888.2002,14674.5195,14830.4404
1995-07-06,14871.8496,15256.8896,14759.8496,15256.8896
1995-07-07,15308.8301,16389.3496,15308.8301,16213.0801
1995-07-10,16284.7695,16703.3008,16242.6602,16242.6602
1995-07-11,16216.7900,16588.1895,15955.3799,16588.1895
1995-07-12,16603.2305,16833.9492,16511.9805,16605.7402
1995-07-13,16631.7109,16768.8809,16435.3809,16505.6699
1995-07-14,16533.5391,16591.3008,16425.0508,16517.6992
1995-07-17,16573.8496,16941.5391,16573.8496,16842.4707
1995-07-18,16890.0996,17018.3496,16574.3496,16574.3496
1995-07-19,16518.0996,16518.0996,16239.7500,16422.4395
1995-07-20,16365.0898,16453.4199,16182.1904,16453.4199
1995-07-21,16508.9707,16613.0605,16481.8008,16589.0898
1995-07-24,16611.0508,16643.7402,16374.4102,16591.5000
1995-07-25,16572.2500,16572.2500,16148.4004,16148.4004
1995-07-26,16165.2500,16387.2500,16157.9297,16387.2500
1995-07-27,16367.4902,16695.2793,16307.6299,16625.1895
1995-07-28,16611.6504,16726.3594,16434.0703,16649.4492
1995-07-31,16651.7598,16918.7793,16594.1992,16677.5293
1995-08-01,16644.7402,16644.7402,16324.8799,16358.5703
1995-08-02,16319.3604,16796.4492,16274.3398,16720.7500
1995-08-03,16799.1602,17160.0293,16799.1602,16893.7109
1995-08-04,16881.3809,16956.4805,16642.4297,16741.1992
1995-08-07,16804.5703,16873.3594,16507.0703,16615.4609
1995-08-08,16645.2402,16853.5000,16512.1797,16838.9707
1995-08-09,16833.0508,16931.4102,16713.7305,16789.3301
1995-08-10,16770.9805,16788.1309,16546.0703,16728.9707
1995-08-11,16756.5391,16855.9102,16700.5898,16792.3398
1995-08-14,16819.3105,17004.2109,16819.3105,16916.5703
1995-08-15,16915.2695,17452.7207,16869.1504,17452.7207
1995-08-16,17521.7109,18299.7109,17521.7109,18158.7305
1995-08-17,18116.4102,18266.7207,18020.2500,18149.6992
1995-08-18,18094.8594,18094.8594,17913.2695,18032.4902
1995-08-21,17999.9004,17999.9004,17722.5508,17871.0508
1995-08-22,17858.4199,18028.5801,17818.1094,17877.7695
1995-08-23,17873.9609,17933.4199,17665.8008,17731.9805
1995-08-24,17700.1895,17945.2500,17599.9199,17921.9902
1995-08-25,17919.9805,17919.9805,17688.3594,17770.6797
1995-08-28,17741.5000,17897.2207,17580.8691,17847.2891
1995-08-29,17892.2109,18185.0996,17825.3301,18135.1602
1995-08-30,18170.9609,18241.6504,17955.6797,17983.8594
1995-08-31,17971.9199,18159.8301,17894.0098,18117.2207
1995-09-01,18053.2402,18152.8105,17908.8496,18120.7305
1995-09-04,18115.5098,18115.5098,17637.6191,17748.5195
1995-09-05,17730.7695,17843.6797,17503.3594,17794.0391
1995-09-06,17806.8809,17898.8301,17620.3809,17620.3809
1995-09-07,17656.2695,17713.5293,17511.6797,17621.1797
1995-09-08,17642.8398,18501.3496,17642.8398,18279.5508
1995-09-11,18271.3301,18570.1406,18194.7305,18486.1094
1995-09-12,18526.6191,18673.9199,18442.1895,18472.1699
1995-09-13,18470.3691,18653.7695,18421.0391,18614.2598
1995-09-14,18680.0391,18790.7305,18604.2305,18758.5508
1995-09-18,18780.6094,18847.8906,18319.1602,18319.1602
1995-09-19,18274.9395,18481.4004,18230.3203,18474.3809
1995-09-20,18561.1191,18638.5195,18141.9805,18198.6406
1995-09-21,18142.9902,18142.9902,17948.6602,18034.7891
1995-09-22,17958.3906,17958.3906,17666.3008,17713.9297
1995-09-25,17733.7793,17854.5098,17566.4297,17566.4297
1995-09-26,17595.3203,17921.9805,17595.3203,17921.9805
1995-09-27,17928.0000,18262.4297,17764.9395,18262.4297
1995-09-28,18218.7109,18295.2305,18022.8594,18022.8594
1995-09-29,18045.6309,18139.0898,17883.0703,17913.0605
1995-10-02,17921.3809,17950.1797,17683.8398,17739.8398
1995-10-03,17769.8301,18159.7207,17737.2500,18142.9902
1995-10-04,18166.6992,18346.5508,18056.1992,18145.0801
1995-10-05,18143.3809,18267.0391,18100.6406,18220.4102
1995-10-06,18200.9805,18547.4297,18183.2402,18506.2793
1995-10-09,18504.3809,18504.3809,18168.6895,18176.2695
1995-10-11,18155.5391,18155.5391,17891.1895,17891.1895
1995-10-12,17909.1309,18051.6094,17840.9707,17971.4004
1995-10-13,17923.5801,17976.2891,17777.0996,17880.8301
1995-10-16,17914.9102,18140.9902,17914.9102,18016.4395
1995-10-17,18005.6797,18071.3398,17840.9707,17916.5996
1995-10-18,17910.6191,17917.5996,17746.4102,17895.9707
1995-10-19,17908.4297,18049.6191,17908.4297,17955.3594
1995-10-20,17984.7500,18218.6094,17973.4004,18157.3301
1995-10-23,18122.4609,18173.0801,18024.9102,18156.2402
1995-10-24,18122.4609,18261.4609,18014.0508,18014.2500
1995-10-25,18017.0391,18048.6191,17944.9004,17970.8105
1995-10-26,17971.0000,17976.0898,17681.7500,17726.6797
1995-10-27,17698.5898,17698.5898,17337.1895,17337.1895
1995-10-30,17379.9297,17515.6406,17364.9902,17509.1699
1995-10-31,17502.2891,17684.0391,17357.8105,17654.6406
1995-11-01,17622.6602,17622.6602,17408.9297,17474.4902
1995-11-02,17532.6797,18039.8594,17532.6797,18028.8008
1995-11-06,18006.1797,18252.3906,17970.7109,18036.9707
1995-11-07,18033.9805,18073.5391,17936.0293,18021.2207
1995-11-08,17983.6602,17983.6602,17851.2402,17863.2891
1995-11-09,17877.2402,18127.8398,17821.0391,17821.0391
1995-11-10,17831.1094,17893.1797,17737.2500,17843.5605
1995-11-13,17856.2207,17890.5898,17692.0098,17789.4609
1995-11-14,17829.1191,17888.6992,17766.0391,17802.5098
1995-11-15,17804.6992,17882.8203,17655.2402,17682.7402
1995-11-16,17696.6895,17942.1094,17685.9297,17939.5195
1995-11-17,18008.2695,18174.7695,17986.7500,18151.1602
1995-11-20,18189.0195,18445.0000,18189.0195,18383.8203
1995-11-21,18376.0508,18459.8398,18250.9004,18384.3203
1995-11-22,18372.1602,18372.1602,18213.3301,18239.8398
1995-11-24,18245.9102,18256.4805,18146.8691,18215.2305
1995-11-27,18230.5703,18689.5195,18230.5703,18543.1406
1995-11-28,18559.0898,18744.7207,18540.3496,18688.4199
1995-11-29,18675.2695,18738.0391,18470.1094,18533.9805
1995-11-30,18578.1191,18846.7500,18578.1191,18744.4199
1995-12-01,18752.1895,18985.8496,18695.8906,18833.0996
1995-12-04,18889.0000,19062.1797,18889.0000,18897.3691
1995-12-05,18913.9102,18977.5801,18822.8398,18879.5293
1995-12-06,18893.2793,19118.0703,18888.8008,19067.8594
1995-12-07,19084.0000,19443.8008,19084.0000,19412.3203
1995-12-08,19421.2793,19453.8691,19158.9297,19286.9707
1995-12-11,19315.2695,19377.9395,19162.0195,19226.7793
1995-12-12,19236.2500,19390.0000,19233.7598,19312.7695
1995-12-13,19356.5195,19438.7207,19275.5098,19283.4805
1995-12-14,19318.2500,19548.2305,19267.9395,19499.3008
1995-12-15,19492.5293,19499.5996,19293.3398,19346.5508
1995-12-18,19364.6895,19417.5996,19298.9199,19311.0801
1995-12-19,19242.0293,19242.0293,19077.1191,19140.4902
1995-12-20,19200.8809,19537.6602,19200.8809,19448.5898
1995-12-21,19441.2109,19658.4297,19432.8398,19653.2500
1995-12-22,19727.6797,19808.7891,19669.6895,19744.4199
1995-12-25,19772.3203,19831.3105,19724.4902,19775.4102
1995-12-26,19791.9102,19904.7207,19690.5508,19904.7207
1995-12-27,19930.8398,20011.7598,19924.5605,20011.7598
1995-12-28,19990.1309,20023.5195,19867.8496,19873.1309
1995-12-29,19882.0000,19940.0996,19821.7109,19868.1504
1996-01-04,19945.6797,20647.9004,19945.6797,20618.0000
1996-01-05,20577.6406,20669.8203,20455.7500,20669.0293
1996-01-08,20617.0996,20667.0293,20471.4004,20563.5801
1996-01-09,20564.9805,20652.5801,20454.1602,20652.0801
1996-01-10,20591.5898,20675.6992,20459.3398,20612.3203
1996-01-11,20547.6406,20547.6406,20260.4102,20377.9199
1996-01-12,20422.8594,20542.1602,20208.0898,20287.4199
1996-01-16,20304.0703,20567.0703,20303.4707,20567.0703
1996-01-17,20655.6699,20754.3398,20569.7598,20570.2598
1996-01-18,20537.1699,20537.1699,20297.8906,20370.0391
1996-01-19,20376.0195,20377.0195,20156.2695,20365.7598
1996-01-22,20380.5098,20391.8691,20088.5000,20196.5293
1996-01-23,20208.3906,20363.8594,20040.6602,20080.9199
1996-01-24,20070.6602,20312.8398,19984.8496,20312.7402
1996-01-25,20358.9805,20457.6406,20289.0195,20414.6895
1996-01-26,20397.5508,20693.2402,20257.8203,20663.8398
1996-01-29,20657.5605,20686.8594,20532.4902,20589.1992
1996-01-30,20602.2500,20796.6895,20602.2500,20722.4395
1996-01-31,20786.6309,21021.6309,20786.6309,20812.7402
1996-02-01,20806.3594,20942.6895,20761.2109,20935.1191
1996-02-02,20947.1797,21068.6699,20874.2305,20904.0293
1996-02-05,20882.1992,20882.1992,20623.8809,20653.3809
1996-02-06,20605.6406,20767.7891,20555.6094,20751.1504
1996-02-07,20742.4805,21039.2695,20642.1191,20943.4902
1996-02-08,20956.3496,21150.3906,20911.0000,21118.3008
1996-02-09,21136.4395,21156.7695,20892.3691,20934.8203
1996-02-13,20964.3203,21056.3105,20783.0391,20784.2305
1996-02-14,20800.0801,21041.5605,20800.0801,20943.5898
1996-02-15,20921.4707,21010.3594,20751.0508,20886.1895
1996-02-16,20834.7598,20834.7598,20580.6309,20802.7695
1996-02-19,20760.0195,20760.0195,20632.0508,20721.2500
1996-02-20,20648.9902,20668.0293,20409.9102,20655.6699
1996-02-21,20655.2695,20655.2695,20322.3008,20372.2305
1996-02-22,20389.6797,20436.6191,20310.7402,20340.9395
1996-02-23,20392.8594,20499.6992,20266.5898,20300.3809
1996-02-26,20294.3008,20480.2695,20294.3008,20480.2695
1996-02-27,20426.6504,20426.6504,19977.4805,20000.4004
1996-02-28,20053.2207,20211.3809,19878.9102,19919.9707
1996-02-29,19974.1895,20129.1602,19902.5293,20125.3691
1996-03-01,20093.7793,20249.5508,19936.2207,20168.6309
1996-03-04,20166.2305,20221.8496,20061.8906,20063.8809
1996-03-05,20069.7598,20303.8691,20069.7598,20183.8691
1996-03-06,20166.8301,20300.6797,19946.4805,20241.1797
1996-03-07,20200.5195,20200.5195,19916.9805,19957.1504
1996-03-08,19919.1699,20164.5391,19822.8008,20155.8691
1996-03-11,20056.4102,20056.4102,19747.7598,19796.2891
1996-03-12,19882.4004,20008.0703,19854.3008,19950.2695
1996-03-13,19932.0293,19932.0293,19627.5703,19734.6992
1996-03-14,19735.3008,19923.6602,19708.5898,19923.6602
1996-03-15,19960.1406,20247.2598,19960.1406,20190.8496
1996-03-18,20243.3691,20352.3008,20223.7402,20285.1309
1996-03-19,20333.3691,20614.9102,20333.3691,20442.5996
1996-03-21,20470.6992,20745.7598,20470.6992,20727.5293
1996-03-22,20762.6094,20810.6406,20599.6602,20700.9199
1996-03-25,20745.9102,20946.5293,20745.9102,20915.4395
1996-03-26,20943.4297,21290.3906,20942.7305,21014.7695
1996-03-27,21046.7207,21329.9805,20992.3594,21329.9805
1996-03-28,21321.8398,21432.9805,21199.4609,21295.8203
1996-03-29,21300.9395,21486.3301,21250.1992,21406.8496
1996-04-01,21451.0703,21757.8398,21451.0703,21560.3906
1996-04-02,21569.4297,21640.9805,21464.9297,21600.0801
1996-04-03,21636.1504,21754.5195,21349.6797,21464.7305
1996-04-04,21451.7695,21568.8301,21397.2109,21471.1602
1996-04-05,21504.7207,21728.1992,21497.3906,21695.8398
1996-04-08,21635.6504,21635.6504,21398.1094,21424.2402
1996-04-09,21508.3398,21818.1309,21508.3398,21744.1699
1996-04-10,21773.5098,21870.6797,21772.7109,21791.6992
1996-04-11,21760.4492,21782.3594,21649.4199,21694.4297
1996-04-12,21697.8496,21799.5391,21579.4805,21660.4707
1996-04-15,21704.8809,21922.9297,21704.8809,21883.0391
1996-04-16,21927.4492,22077.8691,21866.3594,21868.1699
1996-04-17,21906.2500,22007.8398,21801.8496,21816.2207
1996-04-18,21763.5703,21843.1504,21694.9395,21812.5000
1996-04-19,21814.6094,21931.3691,21679.6602,21883.8398
1996-04-22,21912.6797,22123.8906,21912.6797,22123.8906
1996-04-23,22154.2402,22216.5391,22104.8008,22119.8809
1996-04-24,22151.3301,22330.4902,22151.3301,22282.0508
1996-04-25,22301.5508,22345.0605,22209.1992,22230.0996
1996-04-26,22249.9004,22347.8691,22230.6094,22235.0293
1996-04-30,22140.6797,22162.8809,21953.4805,22041.3008
1996-05-01,22030.7500,22087.3203,21772.7109,21815.0098
1996-05-02,21775.0195,21783.3594,21516.7793,21662.3809
1996-05-07,21624.3008,21624.3008,21430.5703,21495.2793
1996-05-08,21479.5000,21728.5996,21432.4805,21728.5996
1996-05-09,21742.1602,21744.3691,21298.3301,21411.8809
1996-05-10,21406.1504,21476.9902,21320.8398,21420.1191
1996-05-13,21459.1992,21504.0195,21170.7207,21171.8203
1996-05-14,21208.1992,21311.3906,21174.2402,21301.0508
1996-05-15,21371.3809,22060.7891,21371.3809,22055.9707
1996-05-16,22082.1895,22251.4102,22082.1895,22147.2109
1996-05-17,22102.1895,22131.7305,21815.1094,21916.5996
1996-05-20,21977.3906,22311.2891,21977.3906,21979.0000
1996-05-21,22001.1094,22196.0391,21892.5801,22091.7402
1996-05-22,22093.2500,22195.7402,21839.9297,21958.0000
1996-05-23,21934.0801,22014.8691,21631.8301,21724.0801
1996-05-24,21691.7207,21808.4805,21620.8809,21798.4297
1996-05-27,21839.9297,21863.0391,21557.4805,21699.7598
1996-05-28,21753.5195,21992.5605,21753.5195,21944.5293
1996-05-29,21953.4805,22145.1992,21877.2109,22021.5000
1996-05-30,21991.1602,21991.1602,21836.2109,21886.3496
1996-05-31,21905.3496,22051.7500,21887.1602,21956.1895
1996-06-03,21970.5605,21971.6602,21588.5195,21588.5195
1996-06-04,21641.2793,21866.9609,21641.2793,21858.1191
1996-06-05,21886.5605,21985.9297,21784.3594,21881.4297
1996-06-06,21912.0801,22032.9609,21804.4609,21804.4609
1996-06-07,21800.4395,21800.4395,21672.4297,21751.8105
1996-06-10,21730.3105,21733.4199,21641.2793,21719.1504
1996-06-11,21677.4492,21862.8398,21593.6504,21817.6191
1996-06-12,21883.2402,22130.6309,21883.2402,22104.8008
1996-06-13,22103.9004,22205.2891,22042.4004,22082.4004
1996-06-14,22127.3105,22480.9102,22127.3105,22289.3906
1996-06-17,22339.4297,22519.3906,22245.3809,22245.3809
1996-06-18,22306.2695,22429.5605,22264.2695,22332.4004
1996-06-19,22273.5098,22504.1191,22224.7793,22367.3594
1996-06-20,22361.1309,22437.3008,22133.3398,22437.3008
1996-06-21,22495.9805,22598.9805,22404.2402,22530.6504
1996-06-24,22566.0195,22701.5703,22503.9199,22603.1992
1996-06-25,22598.5703,22659.1602,22516.8809,22597.1699
1996-06-26,22589.6309,22750.6992,22572.8496,22666.8008
1996-06-27,22651.5293,22657.3594,22439.4102,22501.6094
1996-06-28,22544.5098,22613.0391,22460.9102,22530.7500
1996-07-01,22568.4297,22600.0801,22416.0000,22455.4902
1996-07-02,22466.7402,22485.2305,22269.9004,22347.9707
1996-07-03,22334.0996,22389.5703,22247.5898,22379.0195
1996-07-04,22354.1992,22354.1992,22203.8809,22292.9102
1996-07-05,22267.2793,22374.4004,22217.5391,22232.4199
1996-07-08,22148.1094,22148.1094,21801.7500,21924.9395
1996-07-09,21917.4004,21976.9902,21843.7500,21919.8203
1996-07-10,21954.8809,22041.8008,21757.5391,21778.9395
1996-07-11,21768.4902,21900.0195,21716.8398,21892.5801
1996-07-12,21807.0703,21807.0703,21558.4805,21656.4492
1996-07-15,21621.9902,21753.4199,21549.2402,21753.4199
1996-07-16,21636.7598,21636.7598,21362.9395,21406.3496
1996-07-17,21468.4492,21567.0195,21281.9492,21412.8809
1996-07-18,21432.4805,21573.5508,21428.3594,21566.4199
1996-07-19,21612.1406,21702.0703,21464.7305,21476.2891
1996-07-22,21476.1895,21476.1895,21005.6309,21005.6309
1996-07-23,20956.7891,21164.1895,20832.9004,21163.6895
1996-07-24,21114.1504,21114.1504,20627.6094,20631.0293
1996-07-25,20707.8008,20978.8008,20638.1602,20883.8398
1996-07-26,20938.3008,21124.9004,20876.9102,21124.9004
1996-07-29,21188.0000,21284.8691,20963.8301,20967.5391
1996-07-30,20907.0508,20910.8691,20789.9902,20880.3301
1996-07-31,20862.7402,20862.7402,20653.2402,20692.8301
1996-08-01,20665.1895,21092.3398,20524.8203,20984.8301
1996-08-02,21041.3008,21148.8105,20940.4102,20940.4102
1996-08-05,21019.8008,21188.0996,21019.8008,21077.4707
1996-08-06,20992.6602,20992.6602,20741.9609,20744.8809
1996-08-07,20716.9395,20827.9707,20452.9707,20477.5898
1996-08-08,20531.4492,20772.1094,20531.4492,20731.3105
1996-08-09,20734.8301,20734.8301,20492.2598,20551.0508
1996-08-12,20516.2793,20666.9004,20448.6504,20666.5996
1996-08-13,20652.6309,20864.9492,20643.3906,20864.9492
1996-08-14,20804.4609,20981.1094,20728.8008,20981.1094
1996-08-15,21007.5391,21105.7109,20913.4805,20968.2500
1996-08-16,20966.8398,20966.8398,20824.2598,20834.0000
1996-08-19,20847.7695,21152.7305,20847.7695,21106.4102
1996-08-20,21140.5703,21163.1797,20971.3594,21127.0098
1996-08-21,21215.4297,21391.0801,21215.4297,21275.0195
1996-08-22,21251.7109,21386.4492,21239.8496,21363.2402
1996-08-23,21378.3203,21398.0098,21188.1992,21228.8008
1996-08-26,21212.7207,21212.7207,20879.7207,20883.7402
1996-08-27,20862.3398,21022.4102,20827.9707,20910.2695
1996-08-28,20904.1406,21039.7891,20660.7695,20709.8105
1996-08-29,20687.4004,20706.9902,20503.6191,20553.1602
1996-08-30,20481.4102,20481.4102,20092.2402,20166.9004
1996-09-02,20186.5996,20230.0996,20082.1895,20107.1094
1996-09-03,20082.3008,20289.9902,19920.0195,20198.1504
1996-09-04,20217.6406,20307.0703,20066.0195,20201.8691
1996-09-05,20214.9297,20487.2402,20214.9297,20379.8203
1996-09-06,20365.5508,20365.5508,20123.2891,20152.5293
1996-09-09,20232.2109,20372.9902,20159.3594,20202.2695
1996-09-10,20268.5898,20561.0898,20268.5898,20559.5898
1996-09-11,20540.9004,20579.9805,20425.4395,20571.0391
1996-09-12,20513.7695,20529.9395,20375.4004,20443.9297
1996-09-13,20473.2695,20924.1406,20473.2695,20842.6406
1996-09-17,20929.0605,21365.8594,20929.0605,21310.5898
1996-09-18,21304.1602,21311.8008,21094.9609,21156.7500
1996-09-19,21100.8809,21332.5996,21023.4102,21322.8496
1996-09-20,21310.0898,21310.0898,21112.2402,21112.2402
1996-09-24,21104.7109,21247.7500,21040.8301,21171.9902
1996-09-25,21159.0098,21350.6699,21150.2305,21350.6699
1996-09-26,21369.4395,21579.5605,21369.4395,21461.3691
1996-09-27,21437.0098,21603.9102,21422.9395,21547.0195
1996-09-30,21537.9297,21590.4395,21494.3105,21556.4004
1996-10-01,21532.5391,21563.6895,21430.2305,21462.9707
1996-10-02,21468.6602,21509.6797,21413.2598,21498.5996
1996-10-03,21523.1602,21548.2109,21297.9609,21331.5000
1996-10-04,21267.4199,21267.4199,21059.9902,21148.0293
1996-10-07,21156.9199,21161.0098,21031.9395,21161.0098
1996-10-08,21099.7207,21205.5293,20968.9609,21038.5293
1996-10-09,20979.8398,20983.2305,20813.6406,20870.8301
1996-10-11,20890.5996,21008.0898,20805.9492,20968.1602
1996-10-14,20997.4004,21058.0000,20905.3691,21029.2500
1996-10-15,21094.5293,21429.9297,21094.5293,21429.9297
1996-10-16,21458.4707,21478.0391,21364.2402,21397.1895
1996-10-17,21403.2695,21462.7695,21330.1094,21423.7402
1996-10-18,21464.7598,21788.5801,21457.9805,21612.3008
1996-10-21,21606.9102,21606.9102,21299.5605,21302.9492
1996-10-22,21245.7598,21245.7598,21022.7598,21123.6797
1996-10-23,21045.7207,21089.7402,20791.4805,21082.1504
1996-10-24,21050.2109,21114.6895,20855.5605,21003.4902
1996-10-25,20942.9004,20942.9004,20700.0391,20739.9707
1996-10-28,20739.6699,20907.3691,20738.1699,20885.4102
1996-10-29,20919.6406,21054.9004,20919.6406,20958.0801
1996-10-30,20979.8398,21000.9004,20632.9609,20681.6699
1996-10-31,20676.3809,20738.5703,20449.9902,20466.8594
1996-11-01,20498.0000,20695.4492,20388.0996,20633.0605
1996-11-05,20655.3203,20690.1602,20494.0098,20592.3301
1996-11-06,20644.9395,21095.3301,20644.9395,20991.5195
1996-11-07,21063.8906,21142.2402,20756.8398,20771.1094
1996-11-08,20770.4102,21226.6895,20770.4102,21201.0391
1996-11-11,21153.1191,21262.5293,21033.2402,21065.0801
1996-11-12,21098.0195,21251.4492,21098.0195,21206.4297
1996-11-13,21201.2402,21229.3906,20923.2402,20979.4395
1996-11-14,21020.4609,21084.0508,20935.9199,21031.0391
1996-11-15,21057.5000,21159.6094,20919.6406,20929.7305
1996-11-18,20932.1191,20940.2109,20773.3105,20796.3691
1996-11-19,20791.6699,20956.1797,20732.7793,20956.1797
1996-11-20,20997.0098,21217.5098,20997.0098,21189.9609
1996-11-21,21168.5000,21301.2598,21105.1094,21143.3398
1996-11-22,21117.6895,21216.1094,21021.4609,21216.1094
1996-11-25,21276.3008,21369.1406,21196.9492,21293.5703
1996-11-26,21358.9492,21459.7695,21254.4395,21418.2500
1996-11-27,21397.8809,21460.5703,21258.7305,21345.2793
1996-11-28,21289.8809,21289.8809,21035.5391,21035.5391
1996-11-29,21014.4707,21155.2207,20977.5391,21020.3594
1996-12-02,21034.9395,21067.6797,20674.6895,20674.6895
1996-12-03,20681.8691,20762.5293,20478.7402,20630.5605
1996-12-04,20577.0605,20677.0801,20524.9609,20659.9102
1996-12-05,20671.8906,20976.5391,20668.5000,20943.9004
1996-12-06,20979.4395,21001.9004,20171.6895,20276.6992
1996-12-09,20396.6895,20669.9902,20396.6895,20603.7109
1996-12-10,20675.6797,20853.5605,20675.6797,20822.1191
1996-12-11,20755.7402,20755.7402,20466.6602,20568.3809
1996-12-12,20475.4395,20504.4902,20321.3203,20501.1992
1996-12-13,20452.4902,20452.4902,19951.6895,20341.3906
1996-12-16,20409.7598,20472.0508,20291.0801,20422.0391
1996-12-17,20370.1309,20500.9004,20230.8809,20413.4609
1996-12-18,20415.9492,20415.9492,20093.0293,20093.0293
1996-12-19,20069.6699,20098.6191,19560.3906,19570.6699
1996-12-20,19642.1406,19822.6191,19555.9004,19690.4609
1996-12-24,19698.4395,19699.7402,19161.7109,19161.7109
1996-12-25,19211.7207,19555.5996,19211.7207,19549.4102
1996-12-26,19542.5195,19542.5195,18819.9199,19291.5801
1996-12-27,19332.1992,19423.6406,19161.1094,19369.0391
1996-12-30,19391.0000,19391.7891,19108.5000,19361.3496
1997-01-06,19364.2402,19500.9004,19203.5293,19446.0000
1997-01-07,19443.5000,19443.5000,18895.9902,18896.1895
1997-01-08,18911.1602,18998.3008,18555.8008,18680.3809
1997-01-09,18631.5605,18726.4902,18071.9707,18073.8691
1997-01-10,18056.3008,18057.6992,17123.5801,17303.6504
1997-01-13,17338.3906,18151.9297,17019.5605,18118.7891
1997-01-14,18061.1895,18182.2695,17545.5195,18093.1309
1997-01-16,18125.5703,18317.6309,17970.8496,18144.3398
1997-01-17,18097.4199,18446.5996,17969.5508,18090.0391
1997-01-20,18104.1094,18108.5996,17237.2695,17480.3398
1997-01-21,17441.2109,17572.4707,17282.6895,17358.1602
1997-01-22,17440.7109,18065.9805,17440.7109,18013.8809
1997-01-23,17982.1309,18128.5703,17878.0195,17909.4609
1997-01-24,17893.8906,17893.8906,17541.2305,17689.3594
1997-01-27,17657.9199,17664.5996,17280.1992,17334.9004
1997-01-28,17301.2598,17796.5703,17195.2500,17796.5703
1997-01-29,17843.3809,18335.3008,17664.5000,18335.3008
1997-01-30,18304.5508,18365.6406,17781.8906,17864.0391
1997-01-31,17948.8906,18610.1992,17948.8906,18330.0098
1997-02-03,18307.9492,18307.9492,18077.0605,18085.9492
1997-02-04,18158.3203,18629.2695,18158.3203,18314.3301
1997-02-05,18302.5605,18307.3496,17901.4805,18185.9707
1997-02-06,18199.6406,18257.0391,17875.2207,18038.4297
1997-02-07,18071.5703,18266.6191,17792.4707,17867.0391
1997-02-10,17881.9102,18268.3203,17843.3809,18181.1699
1997-02-11,18158.0000,18629.0000,18158.0000,18314.0000
1997-02-12,18240.1699,18520.7598,18240.1699,18409.9609
1997-02-13,18505.0898,18854.7598,18505.0898,18688.0605
1997-02-14,18729.0898,18880.6094,18608.5000,18722.0000
1997-02-17,18730.8809,18854.4609,18653.9199,18750.6504
1997-02-18,18707.6309,18727.5898,18470.7500,18470.7500
1997-02-19,18482.6309,18674.1895,18329.0098,18599.1191
1997-02-20,18686.8594,19101.2207,18686.8594,19051.7109
1997-02-21,19031.1406,19173.4902,18965.1602,19034.5391
1997-02-24,19065.9805,19229.4902,18859.8496,18896.9902
1997-02-25,18854.4609,19097.8203,18775.9004,19070.0703
1997-02-26,19127.5703,19216.5098,18894.8906,18990.9199
1997-02-27,18936.1094,19024.8594,18854.9609,19021.5605
1997-02-28,19006.8906,19006.8906,18540.4297,18557.0000
1997-03-03,18517.1699,18517.1699,18345.5801,18429.1309
1997-03-04,18500.0996,18688.8594,18497.1094,18564.7793
1997-03-05,18618.0898,18657.3203,18208.2305,18273.5098
1997-03-06,18341.9805,18435.0195,17977.1406,18041.3301
1997-03-07,18000.5996,18198.7402,17836.9902,18198.7402
1997-03-10,18195.9492,18195.9492,17935.6191,18113.8906
1997-03-11,18129.7695,18267.7207,18088.9395,18267.7207
1997-03-12,18281.2891,18326.2109,18010.2793,18183.2695
1997-03-13,18144.1406,18144.1406,17900.4805,17900.4805
1997-03-14,17854.1602,17940.3105,17616.7891,17923.6406
1997-03-17,17962.4707,18084.0508,17863.8496,18053.5000
1997-03-18,18072.8691,18445.1992,18072.8691,18445.1992
1997-03-19,18490.4199,18554.5996,18378.6191,18493.7109
1997-03-21,18499.5996,18633.6602,18423.1406,18633.1602
1997-03-24,18682.5703,18750.2500,18043.8203,18043.8203
1997-03-25,18116.9902,18548.6094,18116.9902,18439.6094
1997-03-26,18460.8496,18528.2500,18189.1191,18472.4492
1997-03-27,18520.1504,18594.2598,18002.5996,18210.4199
1997-03-28,18184.1191,18233.6191,18057.7109,18189.7207
1997-03-31,18158.1191,18204.8203,17793.1797,18003.4004
1997-04-01,17934.7891,17934.7891,17529.0508,17869.5898
1997-04-02,17874.9902,18047.9004,17707.0703,18037.3008
1997-04-03,18021.5000,18182.4199,17973.3008,18129.3105
1997-04-04,18136.2109,18136.2109,17765.8809,17860.5898
1997-04-07,17901.8906,17990.8008,17663.7695,17715.6699
1997-04-08,17745.1699,18035.0996,17626.2598,18021.6992
1997-04-09,18006.5000,18006.5000,17703.3691,17703.3691
1997-04-10,17756.2793,17933.5898,17479.0508,17485.7500
1997-04-11,17493.1504,17868.9902,17447.6406,17846.9805
1997-04-14,17761.4805,17826.8809,17547.3496,17692.4707
1997-04-15,17712.0703,18000.5996,17712.0703,17933.5898
1997-04-16,17985.1992,18093.9102,17959.1992,18031.1992
1997-04-17,18016.3008,18100.3105,17970.0996,18093.4102
1997-04-18,18128.7109,18370.0391,18073.0098,18352.1406
1997-04-21,18399.5391,18560.6602,18399.5391,18551.6602
1997-04-22,18527.7500,18731.6699,18489.8496,18544.4492
1997-04-23,18617.7598,18842.3809,18617.7598,18735.4707
1997-04-24,18737.0703,18982.6992,18664.8691,18698.0703
1997-04-25,18647.8594,18848.5801,18571.3594,18612.8594
1997-04-28,18617.3594,18684.0703,18545.0508,18670.3691
1997-04-30,18764.0801,19194.8203,18764.0801,19151.1191
1997-05-01,19232.3203,19588.3594,19222.4199,19275.3301
1997-05-02,19243.9199,19515.9492,19187.7207,19514.7500
1997-05-06,19616.7598,20222.5195,19616.7598,20180.9199
1997-05-07,20146.6094,20237.3203,19952.0996,20048.9004
1997-05-08,19973.5000,20107.2109,19925.3906,20061.8105
1997-05-09,20097.0098,20145.0098,19757.1797,19802.7793
1997-05-12,19730.5703,20148.2109,19560.0605,20143.5098
1997-05-13,20206.7207,20452.3496,20119.6094,20129.1094
1997-05-14,20131.6094,20209.7207,20030.0996,20209.7207
1997-05-15,20162.2207,20162.2207,19854.9902,20056.3105
1997-05-16,20080.6094,20347.5293,20080.6094,20324.7305
1997-05-19,20290.2305,20561.6602,20205.6191,20489.7500
1997-05-20,20511.0508,20612.2598,20245.2207,20332.8301
1997-05-21,20322.4297,20322.4297,19763.8809,19841.9805
1997-05-22,19849.4805,19938.8906,19687.3691,19877.3906
1997-05-23,19931.6895,20066.8105,19906.9902,20009.0000
1997-05-26,20037.0000,20154.5195,19989.0996,20043.5000
1997-05-27,20067.5098,20149.0098,19848.3809,19889.8906
1997-05-28,19928.4902,20351.6406,19928.4902,20351.3398
1997-05-29,20366.8398,20366.8398,20125.1094,20312.2305
1997-05-30,20331.8301,20390.4395,20029.0996,20068.8105
1997-06-02,20083.5098,20451.8496,20040.6992,20451.8496
1997-06-03,20444.2402,20671.9707,20432.1406,20563.1602
1997-06-04,20592.4609,20707.7695,20512.2500,20611.5605
1997-06-05,20596.4609,20605.9609,20423.0391,20488.1504
1997-06-06,20474.1504,20540.6504,20362.6406,20485.7500
1997-06-09,20481.4492,20526.5508,20223.8203,20223.8203
1997-06-10,20227.9199,20582.1602,20227.9199,20532.5508
1997-06-11,20527.3496,20633.8594,20282.4297,20289.9297
1997-06-12,20340.4297,20696.8691,20340.4297,20564.4609
1997-06-13,20667.8691,20815.4805,20451.7500,20528.3496
1997-06-16,20594.9609,20778.0801,20549.3496,20681.0703
1997-06-17,20691.6699,20720.6699,20558.7598,20593.6602
1997-06-18,20597.6602,20620.3594,20428.7402,20497.8496
1997-06-19,20491.3496,20591.4609,20400.1406,20507.8496
1997-06-20,20535.6504,20575.9609,20356.5391,20385.5391
1997-06-23,20428.5391,20461.5508,20380.0391,20436.1406
1997-06-24,20383.3398,20383.3398,20215.1191,20341.9297
1997-06-25,20419.2402,20736.1699,20419.2402,20679.2695
1997-06-26,20714.6699,20910.7891,20624.6602,20624.7598
1997-06-27,20628.5605,20742.6699,20523.7500,20523.7500
1997-06-30,20585.8594,20683.5703,20493.0508,20604.9609
1997-07-01,20561.5605,20561.5605,20142.5098,20175.5195
1997-07-02,20203.5195,20247.4199,19975.5000,20196.4199
1997-07-03,20238.7207,20252.1309,20079.9102,20121.4102
1997-07-04,20122.8105,20122.8105,19907.3906,19968.0000
1997-07-07,19931.8906,19931.8906,19678.2695,19705.1699
1997-07-08,19731.9707,19926.7891,19731.9707,19853.8906
1997-07-09,19920.6895,19963.5996,19495.8496,19697.1699
1997-07-10,19709.7695,19820.5801,19608.7598,19754.7793
1997-07-11,19788.2793,19892.5898,19642.8594,19875.4902
1997-07-14,19909.0898,20228.7207,19909.0898,20228.7207
1997-07-15,20236.8203,20242.6191,20037.4004,20069.4102
1997-07-16,20139.3105,20435.6406,20139.3105,20358.7402
1997-07-17,20412.2402,20584.9609,20308.7305,20519.2500
1997-07-18,20444.2402,20545.1504,20248.1191,20249.3203
1997-07-22,20246.8203,20280.3301,20055.6094,20157.0195
1997-07-23,20244.1191,20324.0293,19999.8008,20130.5098
1997-07-24,20164.3203,20290.2305,20164.3203,20286.2305
1997-07-25,20329.7305,20389.5391,20303.7305,20389.5391
1997-07-28,20420.2402,20600.6602,20420.2402,20575.2598
1997-07-29,20627.8594,20698.6699,20402.7402,20402.7402
1997-07-30,20413.8398,20418.8398,20170.8203,20212.8203
1997-07-31,20240.6191,20332.5293,20041.1992,20331.4297
1997-08-01,20344.6309,20399.1406,19797.5801,19804.3809
1997-08-04,19838.7793,19930.4902,19456.9492,19668.0703
1997-08-05,19645.3594,19767.5801,19362.4395,19514.4492
1997-08-06,19537.3496,19703.5703,19233.1191,19702.0703
1997-08-07,19719.0703,19772.1797,19366.1406,19475.8496
1997-08-08,19395.2402,19641.7598,19256.1309,19604.4609
1997-08-11,19462.3496,19462.3496,18824.1797,18824.1797
1997-08-12,18946.1895,19257.2305,18917.4902,19099.1094
1997-08-13,19041.0996,19154.0195,18801.6797,19008.5996
1997-08-14,19056.3105,19268.9297,18988.9004,19222.6191
1997-08-15,19313.4297,19466.3496,19312.7305,19326.0293
1997-08-18,19213.1191,19213.1191,18835.4805,19041.0996
1997-08-19,19122.3105,19246.0195,18803.1797,18961.0000
1997-08-20,18952.6992,19252.2305,18905.6895,19252.2305
1997-08-21,19320.3301,19394.1406,19124.5098,19157.1191
1997-08-22,19073.6094,19073.6094,18576.0605,18650.1699
1997-08-25,18683.4707,18740.5703,18550.3594,18656.1699
1997-08-26,18665.5703,18866.7891,18538.4492,18814.9805
1997-08-27,18755.3809,18755.3809,18432.3398,18441.9395
1997-08-28,18472.5508,18586.2598,18385.7402,18451.4492
1997-08-29,18328.7305,18328.7305,17973.9004,18229.4199
1997-09-01,18215.2207,18270.9297,17884.7891,17974.3008
1997-09-02,18026.5996,18244.8203,17967.8008,18232.5195
1997-09-03,18348.6309,18749.2695,18348.6309,18735.1699
1997-09-04,18706.0703,18713.4707,18572.6602,18615.0605
1997-09-05,18577.2598,18671.0703,18454.6504,18650.1699
1997-09-08,18661.3691,18775.0801,18633.8594,18633.8594
1997-09-09,18637.1602,18732.8691,18513.5508,18695.9707
1997-09-10,18649.0605,18723.5703,18574.6602,18704.7695
1997-09-11,18625.5605,18625.5605,18188.7207,18282.2305
1997-09-12,18215.6191,18215.6191,17803.4805,17965.8008
1997-09-16,18005.3008,18037.0996,17872.6895,17974.5000
1997-09-17,18032.0996,18176.1191,17563.6602,17683.2695
1997-09-18,17682.3691,17981.5000,17660.8691,17930.0898
1997-09-19,17936.5898,18075.9102,17762.6797,18058.2109
1997-09-22,18077.3105,18303.7305,17960.4004,18201.3203
1997-09-24,18251.2500,18420.0801,18139.1602,18420.0801
1997-09-25,18370.2305,18439.7598,18183.7207,18341.9609
1997-09-26,18307.6895,18353.6504,17933.3691,17994.7109
1997-09-29,17992.2109,17992.2109,17680.9199,17987.2109
1997-09-30,18022.5801,18053.5508,17850.0508,17887.7109
1997-10-01,17820.3809,17936.8594,17522.2793,17842.1602
1997-10-02,17875.5195,17875.5195,17415.1797,17455.0391
1997-10-03,17468.0293,17685.6094,17402.1992,17647.4492
1997-10-06,17645.7500,17854.4492,17635.8594,17824.7793
1997-10-07,17843.1602,17889.7109,17478.7207,17511.1895
1997-10-08,17531.0703,17718.3809,17531.0703,17619.1797
1997-10-09,17623.8809,17627.5703,17330.6699,17376.9199
1997-10-13,17318.3809,17318.3809,17151.7500,17204.6992
1997-10-14,17220.0801,17418.8809,16967.7305,17306.3906
1997-10-15,17341.5605,17426.9707,17186.3105,17331.3691
1997-10-16,17335.2598,17763.7402,17184.3203,17707.4902
1997-10-17,17591.1094,17591.1094,17383.8203,17478.4199
1997-10-20,17391.4102,17454.8496,17230.7695,17294.5098
1997-10-21,17368.7305,17554.5508,17209.5898,17210.0898
1997-10-22,17267.1309,17694.3105,17267.1309,17687.6094
1997-10-23,17646.5508,17646.5508,17151.5508,17151.5508
1997-10-24,17040.4609,17494.3105,16863.5391,17363.7402
1997-10-27,17262.2402,17262.2402,16905.6895,17038.3594
1997-10-28,17018.7793,17018.7793,16218.3799,16312.6904
1997-10-29,16385.8105,16920.0801,16385.8105,16857.0391
1997-10-30,16828.3691,16828.3691,16302.0000,16364.9404
1997-10-31,16253.6504,16635.2598,16082.3203,16458.9395
1997-11-04,16494.0098,16640.9609,16400.8008,16500.0996
1997-11-05,16519.4805,16525.1699,16289.8096,16448.0508
1997-11-06,16466.1309,16633.6699,16422.2793,16533.8691
1997-11-07,16464.2402,16464.2402,15823.5801,15836.3604
1997-11-10,15722.4805,15912.4902,15564.5400,15697.2002
1997-11-11,15719.5801,15867.2305,15647.6504,15867.2305
1997-11-12,15819.5801,15864.0400,15359.4404,15434.1699
1997-11-13,15354.6504,15603.2998,15083.2197,15427.2695
1997-11-14,15354.4502,15371.8301,14966.1299,15082.5195
1997-11-17,15153.8496,16283.3203,15153.8496,16283.3203
1997-11-18,16241.5596,17006.0898,16089.8096,16726.5703
1997-11-19,16600.1992,16600.1992,15745.6504,15842.4600
1997-11-20,15875.1201,16544.5605,15831.4697,16308.4902
1997-11-21,16419.9805,16808.9902,16419.9805,16721.5801
1997-11-25,16607.8906,16607.8906,15774.3301,15867.5303
1997-11-26,15926.4697,16378.6201,15926.4697,16045.5498
1997-11-27,16117.0801,16630.4707,16117.0801,16603.1992
1997-11-28,16647.8496,16785.4102,16590.7109,16636.2598
1997-12-01,16593.5098,17117.7793,16486.3105,17007.5898
1997-12-02,17009.5898,17074.1309,16847.6504,16910.2891
1997-12-03,16860.7402,16860.7402,16582.6191,16585.5098
1997-12-04,16566.6309,16588.9102,16248.7500,16306.7900
1997-12-05,16350.5498,16597.0000,16348.2500,16424.4805
1997-12-08,16438.7598,16515.6797,16110.2900,16131.5703
1997-12-09,16184.7197,16686.5098,16184.7197,16686.5098
1997-12-10,16676.1191,16676.1191,16408.8906,16478.1191
1997-12-11,16396.6992,16396.6992,16025.2695,16050.1504
1997-12-12,16049.7500,16153.3496,15738.3604,15904.2998
1997-12-15,15865.6299,15909.3896,15642.8604,15909.3896
1997-12-16,15954.4502,16130.3701,15802.5996,15985.2100
1997-12-17,16013.6904,16816.6797,15795.2002,16541.0605
1997-12-18,16455.6406,16455.6406,16100.7998,16161.6396
1997-12-19,16104.7998,16104.7998,15170.8301,15314.8896
1997-12-22,15280.2197,15280.2197,14569.4297,14799.4004
1997-12-24,14791.5098,15013.1904,14681.8203,14924.9805
1997-12-25,14940.0596,15729.5703,14940.0596,15300.0996
1997-12-26,15312.2900,15364.0400,14779.4199,14802.5996
1997-12-29,14830.0703,14852.9502,14488.2100,14775.2197
1997-12-30,14838.4600,15259.3398,14838.4600,15258.7402
1998-01-05,15268.9297,15307.1904,14956.8398,14956.8398
1998-01-06,15007.8896,15066.7305,14714.0898,14896.4004
1998-01-07,14898.2002,15038.1602,14847.6504,15028.1699
1998-01-08,15061.4404,15608.3896,15018.6797,15019.1797
1998-01-09,14941.4600,15065.5303,14724.2803,14995.0996
1998-01-12,14877.3203,14909.2900,14628.6699,14664.4404
1998-01-13,14757.8398,14900.9004,14546.2500,14755.9404
1998-01-14,14866.2305,15148.9502,14866.2305,15121.9805
1998-01-16,15193.1104,16062.5400,15193.1104,16046.4502
1998-01-19,16155.3398,16461.4395,16155.3398,16262.0400
1998-01-20,16220.1797,16430.2695,16077.2197,16366.5303
1998-01-21,16458.9395,16752.3496,16458.9395,16684.4199
1998-01-22,16624.4805,16712.2891,16397.3008,16405.6895
1998-01-23,16402.4004,16797.0996,16402.4004,16789.1094
1998-01-26,16835.1602,17352.9492,16835.1602,17073.3301
1998-01-27,17100.5996,17158.3398,16907.6895,16981.6191
1998-01-28,17061.1406,17258.9395,16973.8301,16973.8301
1998-01-29,17045.2500,17106.6895,16926.1699,17014.5898
1998-01-30,17011.0898,17011.0898,16627.5703,16628.4707
1998-02-02,16685.0098,16908.6895,16640.7598,16776.8203
1998-02-03,16903.5000,17144.0605,16903.5000,17022.9805
1998-02-04,17050.4492,17073.7305,16795.5000,16882.6191
1998-02-05,16803.0996,17051.1504,16770.9297,17003.3008
1998-02-06,17022.1797,17133.8691,16980.9199,17040.0605
1998-02-09,17102.0000,17223.7793,17053.0508,17205.0000
1998-02-10,17214.5898,17256.2402,17161.7402,17205.0898
1998-02-12,17247.4492,17252.4492,17069.2305,17174.9297
1998-02-13,17161.1406,17161.1406,16711.0898,16791.0098
1998-02-16,16750.3496,16775.7207,16589.4102,16775.5195
1998-02-17,16737.8594,16790.9102,16587.7109,16790.7109
1998-02-18,16787.3105,16853.8496,16592.5098,16613.8906
1998-02-19,16581.9199,16866.3301,16547.5508,16616.4805
1998-02-20,16628.0703,16799.1992,16501.5996,16756.2402
1998-02-23,16716.5801,16716.5801,16609.4902,16609.4902
1998-02-24,16633.8691,16633.8691,16167.3301,16198.0000
1998-02-25,16156.0400,16360.6396,15932.4697,16360.6396
1998-02-26,16369.1299,16548.8496,16277.6201,16501.6992
1998-02-27,16561.3398,16831.6699,16561.3398,16831.6699
1998-03-02,16901.0000,17276.1191,16901.0000,17264.3398
1998-03-03,17237.1602,17325.6699,17062.7402,17168.3301
1998-03-04,17123.9805,17212.6895,17025.5703,17095.5996
1998-03-05,17010.5898,17010.5898,16844.9609,16848.5508
1998-03-06,16864.3398,17190.9102,16864.3398,17131.9707
1998-03-09,17205.4902,17352.3496,16972.5293,16972.5293
1998-03-10,17000.1992,17062.7402,16901.0996,16982.8203
1998-03-11,16948.9492,16948.9492,16745.5508,16756.1406
1998-03-12,16749.8496,16749.8496,16575.2207,16575.2207
1998-03-13,16563.5391,17128.9707,16554.7500,17060.1406
1998-03-16,17062.5391,17062.5391,16792.0098,16861.1406
1998-03-17,16892.9102,17061.8398,16844.1602,16997.1992
1998-03-18,17011.8906,17022.2793,16500.0996,16619.6797
1998-03-19,16612.2891,16768.5293,16559.9395,16679.0195
1998-03-20,16614.8906,16878.9199,16470.0293,16830.4707
1998-03-23,16883.5195,17045.5508,16764.4395,16868.8301
1998-03-24,16768.5293,16768.5293,16550.7500,16606.3906
1998-03-25,16659.0391,16938.6602,16574.5293,16658.3398
1998-03-26,16668.5293,17111.5898,16668.5293,16980.6191
1998-03-27,16974.0293,17076.4199,16736.7598,16739.2598
1998-03-30,16840.3594,17009.8906,16238.5596,16263.0400
1998-03-31,16294.6104,16584.6191,16178.2197,16527.1699
1998-04-01,16433.3691,16440.7598,16147.7500,16241.6602
1998-04-02,16215.2803,16215.2803,15634.4697,15702.9004
1998-04-03,15747.1504,15955.3398,15465.1299,15517.7803
1998-04-06,15568.4297,15768.0303,15488.3096,15705.9902
1998-04-07,15667.4297,15978.7197,15602.2998,15978.7197
1998-04-08,15987.8096,16475.0195,15962.1396,16376.6201
1998-04-09,16433.0703,16623.7793,16271.2305,16536.6602
1998-04-10,16499.9004,16520.4805,16266.3301,16481.1191
1998-04-13,16374.1299,16400.9004,16277.0703,16317.5801
1998-04-14,16309.1396,16414.0898,16188.3604,16277.3203
1998-04-15,16322.1299,16404.0000,16292.1104,16299.2998
1998-04-16,16371.5303,16416.7305,15875.0703,15883.7695
1998-04-17,15839.4600,15853.9102,15464.7998,15703.7998
1998-04-20,15705.5898,15729.7695,15598.9502,15697.0996
1998-04-21,15784.2695,15927.2197,15582.6201,15825.6699
1998-04-22,15832.3701,15832.3701,15601.2500,15761.5400
1998-04-23,15752.9502,15906.4902,15650.8496,15761.6904
1998-04-24,15836.4102,16200.8496,15833.9697,16011.2402
1998-04-27,15968.7305,15968.7305,15645.2998,15649.9502
1998-04-28,15526.4697,15625.3701,15334.4697,15395.4297
1998-04-30,15493.4199,15647.6504,15483.1797,15641.2598
1998-05-01,15656.1396,15665.7803,15463.5996,15601.0996
1998-05-06,15536.9600,15536.9600,15129.0703,15243.8398
1998-05-07,15187.7900,15244.0996,15020.0498,15143.0303
1998-05-08,15105.7695,15209.8096,15096.7197,15149.0000
1998-05-11,15213.3398,15433.8701,15213.3398,15381.9004
1998-05-12,15441.7100,15446.2002,15306.9199,15322.4805
1998-05-13,15281.7695,15343.8096,15162.8896,15343.8096
1998-05-14,15322.8301,15448.4502,15294.5098,15307.6904
1998-05-15,15270.6299,15412.8398,15213.2900,15242.8604
1998-05-18,15277.1699,15405.0000,15069.6797,15384.4697
1998-05-19,15397.9502,15582.8701,15309.1904,15551.6504
1998-05-20,15578.8701,15788.0098,15578.8701,15652.9502
1998-05-21,15695.2500,15972.8799,15695.2500,15845.2500
1998-05-22,15892.6104,15915.2305,15736.1602,15801.6504
1998-05-25,15784.4199,15812.5400,15733.1201,15783.1201
1998-05-26,15792.3604,15942.1602,15788.9102,15884.8203
1998-05-27,15824.5303,15824.5303,15549.9004,15664.2900
1998-05-28,15639.0098,15891.7100,15639.0098,15796.5498
1998-05-29,15740.4102,15790.3096,15604.7002,15670.7803
1998-06-01,15670.7305,15702.0498,15321.0303,15321.0303
1998-06-02,15404.1504,15554.4502,15353.2002,15554.4502
1998-06-03,15525.6201,15525.6201,15256.0898,15347.0000
1998-06-04,15314.2402,15522.7803,15292.9102,15426.4697
1998-06-05,15436.4102,15440.8604,15276.0195,15323.4297
1998-06-08,15283.5195,15357.8896,15254.0000,15294.7100
1998-06-09,15320.3301,15530.1699,15316.4297,15530.1699
1998-06-10,15520.3799,15520.3799,15298.7998,15339.2598
1998-06-11,15285.0098,15285.0098,15002.5498,15014.0400
1998-06-12,14978.3203,15060.6904,14784.5195,15022.3301
1998-06-15,14964.3398,14964.3398,14789.3096,14825.1699
1998-06-16,14743.2100,14917.5801,14614.7402,14720.3799
1998-06-17,14790.8096,14899.8496,14673.2803,14715.3799
1998-06-18,14825.1699,15398.2002,14825.1699,15361.5400
1998-06-19,15312.2900,15351.4502,15194.0098,15267.9805
1998-06-22,15285.0098,15413.7900,15246.2500,15309.0898
1998-06-23,15320.4805,15320.4805,15054.5996,15054.5996
1998-06-24,15129.0195,15210.4902,15000.1504,15123.1797
1998-06-25,15161.0400,15205.0400,15075.3701,15132.2197
1998-06-26,15123.0303,15233.9697,14977.6699,15210.0400
1998-06-29,15254.7998,15424.5303,15230.7695,15365.7305
1998-06-30,15471.4297,15830.4697,15462.2402,15830.2695
1998-07-01,15852.0996,16362.8896,15739.7598,16362.8896
1998-07-02,16433.4707,16743.3594,16432.6191,16471.5801
1998-07-03,16354.5996,16625.4199,16289.6602,16511.2402
1998-07-06,16433.6699,16488.5098,16350.4502,16350.4502
1998-07-07,16354.3496,16531.2207,16354.3496,16416.2793
1998-07-08,16528.1191,16635.8594,16497.3008,16530.9707
1998-07-09,16492.5098,16492.5098,16370.0801,16446.9492
1998-07-10,16464.7891,16531.4707,16066.0303,16090.0596
1998-07-13,15993.1602,16360.3896,15804.3496,16360.3896
1998-07-14,16379.9199,16489.4102,16331.3701,16488.9102
1998-07-15,16599.5508,16614.1406,16435.4609,16614.1406
1998-07-16,16605.2402,16756.8906,16498.2500,16731.9199
1998-07-17,16732.0703,16732.0703,16569.7793,16570.7793
1998-07-21,16619.7793,16698.1504,16407.7402,16556.6895
1998-07-22,16460.6895,16460.6895,16286.5596,16293.0596
1998-07-23,16268.4805,16320.5303,16158.4404,16188.0098
1998-07-24,16120.8799,16418.3809,16091.4102,16361.8896
1998-07-27,16281.9697,16281.9697,15944.2598,15944.3604
1998-07-28,16018.8799,16180.2695,15958.1904,16114.5400
1998-07-29,16074.1797,16282.3203,16047.2500,16158.0898
1998-07-30,16190.7100,16311.5400,16190.7100,16201.5996
1998-07-31,16286.6104,16399.9004,16286.6104,16378.9697
1998-08-03,16303.5996,16303.5996,16104.5498,16165.0801
1998-08-04,16061.4404,16180.9199,16004.2500,16023.5801
1998-08-05,16015.1299,16019.3301,15817.0303,15992.1602
1998-08-06,16048.1504,16075.7197,15834.7695,15876.2197
1998-08-07,15924.5303,16037.2598,15797.2998,15829.1699
1998-08-10,15800.3496,15800.3496,15595.7002,15626.4199
1998-08-11,15571.2305,15630.0703,15310.5898,15406.9902
1998-08-12,15287.3096,15534.0703,15269.8301,15378.9697
1998-08-13,15412.9902,15476.3203,15239.7100,15382.0195
1998-08-14,15305.0898,15355.0898,15049.4502,15123.9297
1998-08-17,15130.7695,15137.6602,14655.6904,14794.6602
1998-08-18,14896.7002,15102.9004,14845.7500,15063.7900
1998-08-19,15164.2402,15416.4805,15161.8398,15406.3398
1998-08-20,15445.7500,15445.7500,15236.2598,15391.4102
1998-08-21,15277.1201,15416.8799,15226.6201,15298.2002
1998-08-24,15145.2500,15145.2500,14859.3398,14988.3604
1998-08-25,15070.2305,15226.9697,15070.2305,15072.9297
1998-08-26,15113.0400,15113.0400,14866.0303,14866.0303
1998-08-27,14794.4102,14794.4102,14378.6699,14413.7900
1998-08-28,14289.2100,14289.2100,13792.7598,13915.6299
1998-08-31,13955.7900,14224.1797,13845.1504,14107.8896
1998-09-01,13979.8203,14369.8301,13664.7402,14369.6299
1998-09-02,14361.0400,14589.4102,14287.1602,14376.6201
1998-09-03,14362.5400,14368.2803,14207.8398,14261.2402
1998-09-04,14158.3398,14185.8604,14042.9102,14042.9102
1998-09-07,13984.4697,14790.0596,13912.6904,14790.0596
1998-09-08,14766.9297,15294.2598,14766.9297,14913.4902
1998-09-09,14968.1797,15099.8496,14629.6201,14755.5400
1998-09-10,14805.2900,14902.0000,14530.9199,14666.0303
1998-09-11,14551.2500,14551.2500,13725.6201,13916.9805
1998-09-14,13979.3203,14329.9199,13844.3096,14227.3701
1998-09-16,14229.3203,14375.5703,14176.0195,14197.7002
1998-09-17,14213.4902,14279.7695,13784.0703,13859.1396
1998-09-18,13799.7500,14006.0898,13697.7500,13983.1201
1998-09-21,13875.7695,13875.7695,13580.7197,13597.2998
1998-09-22,13640.5596,13871.4805,13521.1299,13789.8096
1998-09-24,13896.7900,14297.5000,13896.7900,14205.7803
1998-09-25,14057.8496,14057.8496,13678.4697,13723.8398
1998-09-28,13760.7402,14121.4697,13687.0303,13909.3701
1998-09-29,13937.8203,13952.3496,13553.0195,13821.4297
1998-09-30,13878.6797,13966.7695,13406.3896,13406.3896
1998-10-01,13377.2402,13558.4502,13018.7500,13197.1201
1998-10-02,13141.5596,13320.2305,12973.2402,13223.6904
1998-10-05,13185.9805,13185.9805,12910.2695,12948.1201
1998-10-06,12936.3799,13216.2803,12927.7803,13021.6396
1998-10-07,13095.9004,13825.6104,13095.9004,13825.6104
1998-10-08,13749.0098,13749.0098,12987.9102,13026.0596
1998-10-09,12923.4502,13301.5303,12787.9004,12879.9697
1998-10-12,12977.8203,13572.8701,12977.8203,13555.0098
1998-10-13,13538.7998,13591.8203,13241.2002,13242.7900
1998-10-14,13264.6201,13454.0400,13057.0498,13070.7305
1998-10-15,13113.3604,13184.6396,12892.9600,12995.3701
1998-10-16,13109.3301,13309.9902,13109.3301,13280.5400
1998-10-19,13263.1797,13786.3604,13263.1797,13567.2002
1998-10-20,13569.1396,13808.8398,13483.2402,13808.0498
1998-10-21,13921.3604,14366.8896,13921.3604,14216.3301
1998-10-22,14287.7500,14742.4404,14245.7695,14295.5596
1998-10-23,14327.6504,14523.4805,14042.6299,14144.7002
1998-10-26,14054.8604,14054.8604,13806.3604,13843.4600
1998-10-27,13855.0498,14054.8604,13762.4404,13820.6797
1998-10-28,13804.3203,13920.8096,13516.0703,13516.0703
1998-10-29,13566.7998,13727.0195,13432.0996,13668.7197
1998-10-30,13732.1904,13835.5596,13454.6396,13564.5098
1998-11-02,13648.2803,13952.7500,13648.2803,13952.7500
1998-11-04,14095.6504,14527.8096,14095.6504,14527.8096
1998-11-05,14624.4502,14625.1504,14180.7100,14341.3701
1998-11-06,14308.9902,14308.9902,14121.9697,14121.9697
1998-11-09,14172.7998,14362.6602,14063.2695,14194.5400
1998-11-10,14154.0000,14270.0498,14099.2305,14108.0898
1998-11-11,14137.6299,14428.0195,14065.5098,14428.0195
1998-11-12,14364.8496,14418.0801,14075.0596,14075.0596
1998-11-13,14119.3799,14268.2100,13984.6797,14268.2100
1998-11-16,14339.4297,14450.5596,14205.1299,14428.2695
1998-11-17,14475.8799,14480.5000,14276.8096,14413.0000
1998-11-18,14396.0898,14701.4502,14383.3604,14599.2305
1998-11-19,14557.0996,14642.9600,14354.4102,14354.4600
1998-11-20,14461.2002,14779.9404,14461.2002,14779.9404
1998-11-24,14904.2002,15164.6396,14904.2002,15164.6396
1998-11-25,15108.0400,15124.5996,14942.0996,15073.4697
1998-11-26,15101.6201,15219.8096,15043.7197,15207.7695
1998-11-27,15188.7695,15320.2305,15069.3896,15069.3896
1998-11-30,15107.0898,15139.8701,14883.1104,14883.7002
1998-12-01,14821.5303,14931.1602,14763.8799,14835.4102
1998-12-02,14863.7100,15011.0898,14781.7803,14986.6201
1998-12-03,14875.5996,14875.5996,14589.6299,14697.0801
1998-12-04,14641.4102,14654.2002,14536.0098,14639.9697
1998-12-07,14703.6396,14748.9102,14650.4199,14723.4902
1998-12-08,14775.0195,14916.0898,14775.0195,14808.2002
1998-12-09,14751.7900,14931.9004,14700.6602,14931.9004
1998-12-10,14890.9199,15007.0098,14807.4004,14807.7998
1998-12-11,14729.9502,14729.9502,14382.0596,14405.6396
1998-12-14,14349.1797,14349.1797,14103.8604,14111.6201
1998-12-15,14084.9600,14192.5996,13965.2803,14011.1904
1998-12-16,14092.3203,14157.5303,14016.8096,14096.2998
1998-12-17,14064.2197,14169.3203,13917.3301,14126.9902
1998-12-18,14161.4600,14269.5000,14078.1396,14194.2900
1998-12-21,14158.8203,14158.8203,14038.7002,14152.9502
1998-12-22,14183.7402,14185.5400,13722.0996,13779.4502
1998-12-24,13810.5801,13815.2100,13657.0303,13706.7305
1998-12-25,13768.6504,13918.2305,13768.6504,13797.9502
1998-12-28,13876.5400,13894.5498,13703.2900,13709.0596
1998-12-29,13780.4404,13846.9004,13664.7900,13846.9004
1998-12-30,13832.3203,13913.5498,13812.8701,13842.1699
1999-01-04,13779.0498,13779.0498,13415.8896,13415.8896
1999-01-05,13437.0303,13437.0303,13122.6104,13232.7402
1999-01-06,13281.6904,13475.6299,13216.1797,13468.4600
1999-01-07,13576.0000,13854.1602,13516.4102,13536.5596
1999-01-08,13507.0596,13507.0596,13328.3398,13391.8096
1999-01-11,13354.4102,13452.8896,13224.6299,13368.4805
1999-01-12,13313.4697,13535.6602,13212.2998,13360.9697
1999-01-13,13353.8096,13444.3398,13313.7695,13403.5996
1999-01-14,13369.0801,13738.8604,13369.0801,13738.8604
1999-01-18,13762.3398,13964.1904,13754.5801,13805.0596
1999-01-19,13840.5801,13883.0098,13756.9600,13770.4404
1999-01-20,13794.9199,14028.0498,13738.9600,14028.0498
1999-01-21,14048.8496,14331.2305,14009.4502,14245.4199
1999-01-22,14235.6699,14407.2305,14154.4004,14154.4004
1999-01-25,14141.5596,14251.0898,14076.3496,14208.8096
1999-01-26,14251.2900,14501.4404,14251.2900,14382.0098
1999-01-27,14416.2402,14526.2100,14370.5195,14450.0596
1999-01-28,14472.0498,14522.3301,14331.7695,14342.3203
1999-01-29,14413.9004,14628.8799,14413.9004,14499.2500
1999-02-01,14544.1201,14641.4102,14356.2998,14465.1797
1999-02-02,14459.8096,14459.8096,14285.9600,14349.8301
1999-02-03,14250.5498,14250.5498,14089.0898,14161.3096
1999-02-04,14176.1299,14255.6699,13925.1396,14086.8496
1999-02-05,14049.6904,14049.6904,13769.2500,13898.0801
1999-02-08,13886.6396,14024.9199,13770.8896,13992.4902
1999-02-09,14008.5596,14015.5703,13885.7900,13902.6602
1999-02-10,13852.6201,13971.1504,13795.6104,13952.4004
1999-02-12,13925.2402,14062.9199,13925.2402,13973.6904
1999-02-15,14008.3604,14101.2197,14003.2305,14054.7197
1999-02-16,14095.2500,14358.6797,14095.2500,14232.6396
1999-02-17,14277.8096,14407.3301,14146.6396,14158.6699
1999-02-18,14155.8896,14168.5703,14041.9297,14146.7900
1999-02-19,14144.0000,14179.7695,14045.1699,14098.0400
1999-02-22,14149.6699,14314.3203,14096.7002,14256.6699
1999-02-23,14284.2695,14500.6504,14284.2695,14500.6504
1999-02-24,14483.5898,14534.8203,14326.1504,14355.4502
1999-02-25,14386.0898,14470.4502,14363.8096,14470.4502
1999-02-26,14456.3301,14494.5801,14363.3096,14367.5400
1999-03-01,14362.8604,14468.8604,14221.5996,14221.7500
1999-03-02,14260.5498,14306.0098,13921.0596,13921.0596
1999-03-03,13956.1797,14170.4600,13927.7305,14170.3604
1999-03-04,14202.2002,14224.7305,14121.0195,14183.4502
1999-03-05,14256.0195,14895.3896,14256.0195,14894.0000
1999-03-08,14925.5898,15116.0996,14779.0498,14779.0498
1999-03-09,14842.1699,15096.7002,14842.1699,15096.7002
1999-03-10,15134.0498,15484.6299,15134.0498,15480.0000
1999-03-11,15485.4297,15840.2305,15417.0303,15502.1396
1999-03-12,15588.8896,15709.0098,15408.3799,15488.8604
1999-03-15,15526.5098,15790.2402,15404.0996,15779.5996
1999-03-16,15749.5498,16082.0703,15591.6201,16072.8203
1999-03-17,16088.0898,16269.2002,15977.8701,16268.1104
1999-03-18,16238.9102,16303.1201,15717.9199,15717.9199
1999-03-19,15804.1699,16421.8105,15804.1699,16378.7803
1999-03-23,16401.9609,16437.2305,15988.4102,16019.0996
1999-03-24,15947.5703,15947.5703,15515.4697,15515.4697
1999-03-25,15591.4102,16061.0195,15591.4102,15986.0400
1999-03-26,16030.5303,16181.0898,15905.6602,16016.9902
1999-03-29,16031.3203,16185.7998,16002.2803,16008.8398
1999-03-30,16091.9199,16184.5400,15805.6904,15859.1201
1999-03-31,15865.7695,16027.2695,15651.3496,15836.5898
1999-04-01,15868.0498,16449.9707,15813.4102,16327.5596
1999-04-02,16351.7197,16453.5000,16243.4600,16290.1904
1999-04-05,16320.0703,16634.7891,16231.1299,16334.7803
1999-04-06,16360.9805,16484.2695,16084.7100,16479.7109
1999-04-07,16429.8594,16563.1992,16341.2500,16554.5000
1999-04-08,16552.5000,16866.6602,16483.5195,16846.6895
1999-04-09,16933.4004,17166.0605,16827.9297,16855.6309
1999-04-12,16797.0801,16797.0801,16507.4004,16507.4004
1999-04-13,16617.0508,16855.6699,16617.0508,16715.1602
1999-04-14,16698.1797,16799.1699,16436.1895,16764.6797
1999-04-15,16758.5898,16844.9707,16589.3594,16727.0801
1999-04-16,16754.3105,16979.0605,16754.3105,16851.5801
1999-04-19,16858.2793,16858.2793,16583.6406,16674.2109
1999-04-20,16587.1699,16749.0508,16526.5293,16697.1094
1999-04-21,16724.4297,16736.0605,16454.3398,16495.0195
1999-04-22,16563.7207,16665.8809,16484.0801,16665.8809
1999-04-23,16715.8594,16923.2500,16715.8594,16923.2500
1999-04-26,16919.7598,17143.4902,16915.1504,16918.5098
1999-04-27,16992.1309,17069.7207,16934.5195,16957.2695
1999-04-28,17013.8691,17149.9102,16881.5996,16942.2402
1999-04-30,16919.5801,16953.1309,16701.5293,16701.5293
1999-05-06,16762.7793,17300.6094,16762.7793,17300.6094
1999-05-07,17281.5293,17281.5293,16929.6797,16946.5195
1999-05-10,16983.2891,17078.9805,16931.6309,16977.0098
1999-05-11,17003.4395,17003.4395,16736.9004,16743.1797
1999-05-12,16782.5605,17104.4902,16782.5605,16947.3594
1999-05-13,16952.8496,16958.0195,16792.9805,16851.2500
1999-05-14,16899.8398,16960.7695,16750.6699,16810.3906
1999-05-17,16750.9102,16750.9102,16420.9707,16421.0195
1999-05-18,16440.3809,16582.1895,16291.1201,16378.6201
1999-05-19,16354.5996,16354.5996,16111.9805,16128.1797
1999-05-20,16150.4199,16297.3096,15946.6602,16199.9902
1999-05-21,16220.3799,16303.8301,16138.8799,16292.9805
1999-05-24,16261.1504,16409.7598,16157.2197,16390.4902
1999-05-25,16305.5000,16305.5000,16175.9805,16214.2305
1999-05-26,16172.7197,16334.8701,16070.8799,16230.5195
1999-05-27,16287.0195,16330.7695,16012.1904,16177.1904
1999-05-28,16118.2598,16118.2598,15886.6201,15972.6797
1999-05-31,15979.2002,16111.6504,15901.7998,16111.6504
1999-06-01,16090.1504,16408.5000,16026.9502,16408.5000
1999-06-02,16404.1191,16458.3398,16304.9902,16417.9902
1999-06-03,16418.9199,16418.9199,16127.9004,16227.5000
1999-06-04,16237.2695,16368.1504,16169.8799,16300.7500
1999-06-07,16318.4404,16576.5098,16318.4404,16475.8906
1999-06-08,16497.9492,16571.1191,16469.8398,16562.9199
1999-06-09,16499.1602,16713.2598,16450.7598,16622.5000
1999-06-10,16627.8008,17130.3594,16627.8008,17102.6191
1999-06-11,17084.5703,17483.3809,17070.5996,17198.5508
1999-06-14,17193.6094,17384.9004,17168.5703,17188.8203
1999-06-15,17216.2793,17339.5703,16990.5508,17282.0000
1999-06-16,17284.9805,17346.2305,17144.1895,17210.1797
1999-06-17,17268.4492,17550.1309,17268.4492,17470.4492
1999-06-18,17504.3301,17650.3809,17431.2598,17431.2598
1999-06-21,17485.9004,17747.0391,17485.9004,17738.8496
1999-06-22,17780.7402,17828.2109,17662.9395,17777.6191
1999-06-23,17742.5293,17843.5293,17580.0508,17586.7500
1999-06-24,17590.0098,17700.4609,17528.9004,17628.3203
1999-06-25,17597.7793,17673.5098,17430.4199,17436.5195
1999-06-28,17501.1191,17688.0293,17501.1191,17610.5801
1999-06-29,17675.8398,17825.7891,17649.3105,17782.7891
1999-06-30,17832.5898,17958.3398,17529.7402,17529.7402
1999-07-01,17607.5996,17972.0293,17607.5996,17860.7500
1999-07-02,17945.4492,18066.2793,17875.1699,17932.4707
1999-07-05,18001.1602,18243.1406,18001.1602,18135.0605
1999-07-06,18131.7598,18159.5508,17960.7207,18050.7305
1999-07-07,18075.2109,18158.3809,17949.7305,17958.9004
1999-07-08,17999.3008,18045.5605,17887.1797,17967.6504
1999-07-09,17965.6992,17989.1992,17813.4609,17937.7305
1999-07-12,17921.5801,18274.1797,17843.3906,18274.1797
1999-07-13,18231.8301,18343.2500,18172.2500,18181.0898
1999-07-14,18188.3594,18455.5996,18165.9199,18357.8594
1999-07-15,18402.6309,18459.5098,18269.5195,18431.8594
1999-07-16,18438.0508,18623.1504,18248.3008,18248.3008
1999-07-19,18288.3691,18532.5801,18288.3691,18532.5801
1999-07-21,18458.5801,18458.5801,18182.9102,18257.5195
1999-07-22,18221.0703,18221.0703,17665.0391,17730.3398
1999-07-23,17657.1699,17657.1699,17414.3594,17534.4395
1999-07-26,17568.3203,17663.2207,17491.3398,17491.3398
1999-07-27,17484.3594,17613.2402,17367.0801,17462.7207
1999-07-28,17508.6602,17729.6797,17508.6602,17579.9102
1999-07-29,17633.3398,17957.3691,17633.3398,17869.9199
1999-07-30,17857.9102,17959.2793,17677.1406,17861.8594
1999-08-02,17827.2402,17909.8906,17726.0508,17825.6992
1999-08-03,17824.6797,17969.9297,17597.7402,17969.9297
1999-08-04,17913.6191,17913.6191,17631.8105,17685.3809
1999-08-05,17638.9297,17638.9297,17210.0391,17358.1895
1999-08-06,17345.5293,17345.5293,17046.1191,17084.2402
1999-08-09,17105.9297,17313.9707,17095.5000,17190.4492
1999-08-10,17188.8691,17203.3906,17040.7207,17202.0898
1999-08-11,17185.6992,17361.8203,17097.4102,17211.1602
1999-08-12,17280.7891,17476.6797,17280.7891,17422.9707
1999-08-13,17430.0508,17493.9492,17284.6992,17435.1699
1999-08-16,17499.1191,17937.2109,17499.1191,17826.0293
1999-08-17,17842.9707,17916.0801,17766.6895,17860.0898
1999-08-18,17873.3105,18082.4707,17827.8906,17892.2598
1999-08-19,17843.1094,17923.3008,17665.9707,17879.7402
1999-08-20,17907.5195,18123.2891,17907.5195,18098.1094
1999-08-23,18133.1992,18384.8594,18133.1992,18233.5508
1999-08-24,18266.2207,18397.9297,18095.4102,18095.4102
1999-08-25,18099.2305,18164.9902,17795.0801,17855.1602
1999-08-26,17863.9102,17995.4902,17666.2891,17666.2891
1999-08-27,17710.9707,17816.6699,17567.8594,17599.3691
1999-08-30,17642.0508,17925.0703,17642.0508,17918.9707
1999-08-31,17886.1992,17886.1992,17425.4902,17436.5605
1999-09-01,17479.5703,17819.5996,17479.5703,17802.4805
1999-09-02,17795.4004,17800.8008,17630.3203,17631.2500
1999-09-03,17632.0996,17716.7402,17559.4004,17629.9902
1999-09-06,17664.0605,17839.7109,17664.0605,17756.5098
1999-09-07,17777.9199,17858.1309,17651.9395,17707.5000
1999-09-08,17710.0195,17710.0195,17509.7305,17641.3809
1999-09-09,17707.0898,17859.7109,17677.2793,17677.5605
1999-09-10,17648.8906,17831.5996,17589.0508,17711.0195
1999-09-13,17735.5996,17988.5898,17735.5996,17909.2891
1999-09-14,17880.9902,17880.9902,17610.3105,17777.2207
1999-09-16,17703.9707,17703.9707,17058.1309,17291.5898
1999-09-17,17273.9902,17391.1504,17118.3105,17342.2695
1999-09-20,17418.2305,17662.8203,17418.2305,17575.2598
1999-09-21,17585.7793,17932.7891,17558.7402,17932.7891
1999-09-22,17842.8691,17842.8691,17248.9199,17325.7598
1999-09-24,17290.0098,17290.0098,16652.0391,16871.7305
1999-09-27,16888.0195,17039.4199,16820.9297,16821.0605
1999-09-28,16892.4609,17388.6992,16892.4609,17325.6992
1999-09-29,17313.3203,17313.3203,17071.0195,17282.2793
1999-09-30,17307.2207,17771.2109,17307.2207,17605.4609
1999-10-01,17589.7305,17886.3906,17510.2891,17712.5605
1999-10-04,17747.5605,17888.8594,17675.2793,17763.7109
1999-10-05,17819.0000,17985.4707,17775.9492,17784.1504
1999-10-06,17822.6406,17926.1309,17734.3008,17896.4199
1999-10-07,17985.9609,18228.3906,17985.9609,18136.5508
1999-10-08,18164.6699,18164.6699,17915.1504,18062.1797
1999-10-12,18098.1992,18221.6895,18084.4902,18090.8105
1999-10-13,18030.4004,18030.9102,17754.4902,17754.4902
1999-10-14,17765.7500,17941.5098,17702.2402,17780.2598
1999-10-15,17779.7793,17808.4395,17511.1094,17601.5703
1999-10-18,17568.9199,17568.9199,17194.0293,17275.3301
1999-10-19,17325.0391,17377.2793,17178.4707,17254.1699
1999-10-20,17297.6602,17560.2500,17297.6602,17534.7109
1999-10-21,17543.8301,17605.4102,17325.7695,17448.2695
1999-10-22,17458.9805,17607.6602,17432.1895,17438.8008
1999-10-25,17494.9297,17787.7305,17494.9297,17648.7891
1999-10-26,17656.4297,17751.8301,17578.7305,17671.7891
1999-10-27,17655.7793,17655.7793,17360.8301,17382.3594
1999-10-28,17403.2695,17525.8809,17403.2695,17413.7109
1999-10-29,17467.8906,17947.5703,17467.8906,17942.0801
1999-11-01,17982.3906,18119.9395,17952.9609,17996.9199
1999-11-02,17976.9102,18058.4199,17857.1094,17991.9609
1999-11-04,18067.3594,18377.7305,18067.3594,18348.1309
1999-11-05,18340.1797,18491.3105,18173.9707,18354.9004
1999-11-08,18381.2402,18481.5195,18179.7793,18240.9805
1999-11-09,18259.4102,18498.0508,18259.4102,18292.1602
1999-11-10,18258.3691,18622.7793,18214.7891,18567.8691
1999-11-11,18551.8594,18659.5508,18310.2598,18327.2793
1999-11-12,18358.2793,18483.5000,18245.6992,18258.5508
1999-11-15,18295.5000,18519.5195,18198.0898,18198.0898
1999-11-16,18214.8906,18289.4102,18090.9199,18155.1406
1999-11-17,18218.7207,18509.6992,18071.2500,18274.8203
1999-11-18,18299.9492,18686.8691,18292.3008,18532.8105
1999-11-19,18576.4199,18837.0098,18570.8398,18570.8398
1999-11-22,18607.0508,18848.7305,18607.0508,18822.1191
1999-11-24,18796.0195,19036.0801,18664.0195,18896.2109
1999-11-25,18914.6406,19020.9004,18649.3105,18721.7793
1999-11-26,18776.9805,19002.2500,18675.0508,18914.5000
1999-11-29,18883.4102,18909.8906,18722.8906,18850.2695
1999-11-30,18853.4395,18864.8594,18477.7207,18558.2305
1999-12-01,18563.2598,18718.9199,18465.8203,18495.9492
1999-12-02,18535.8809,18684.1992,18339.8496,18514.4102
1999-12-03,18528.0898,18610.7695,18349.6094,18368.1406
1999-12-06,18380.6992,18664.4902,18380.6992,18507.1992
1999-12-07,18512.9805,18657.4395,18466.4004,18593.9609
1999-12-08,18556.6309,18604.9102,18383.8906,18401.1992
1999-12-09,18405.7598,18405.7598,18081.7793,18260.7207
1999-12-10,18264.5391,18416.0703,18212.9902,18271.8496
1999-12-13,18284.9805,18284.9805,18150.7109,18205.0801
1999-12-14,18204.5195,18210.1797,18039.6094,18165.5508
1999-12-15,18145.3496,18302.8301,18030.7207,18138.3594
1999-12-16,18126.5391,18187.5000,18006.3203,18111.3105
1999-12-17,18126.1094,18255.9199,18095.1191,18095.1191
1999-12-20,18137.9395,18272.2500,18060.3496,18175.4902
1999-12-21,18166.2793,18168.0996,18024.6406,18080.3809
1999-12-22,18164.3398,18461.9297,18164.3398,18461.9297
1999-12-24,18496.4609,18777.0391,18496.4609,18584.9492
1999-12-27,18596.4902,18666.6191,18472.5996,18546.9004
1999-12-28,18545.4102,18816.6992,18480.7891,18783.5195
1999-12-29,18777.8496,18886.0391,18729.0801,18810.5801
1999-12-30,18793.5508,18960.3301,18722.5098,18934.3398
2000-01-04,18937.4492,19187.6094,18937.4492,19002.8594
2000-01-05,19003.5098,19003.5098,18221.8203,18542.5508
2000-01-06,18574.0098,18582.7402,18168.2695,18168.2695
2000-01-07,18194.0508,18285.7305,18068.0996,18193.4102
2000-01-11,18246.0996,18887.5605,18246.0996,18850.9199
2000-01-12,18780.1699,18811.8691,18626.9199,18677.4199
2000-01-13,18667.1797,18845.0293,18667.1797,18833.2891
2000-01-14,18882.9902,19058.0195,18733.8301,18956.5508
2000-01-17,19025.6191,19442.5801,19025.6191,19437.2305
2000-01-18,19412.4707,19412.4707,19145.1699,19196.5703
2000-01-19,19181.8691,19181.8691,18897.7500,18897.7500
2000-01-20,18930.2598,19167.0293,18921.1094,19008.0098
2000-01-21,18994.8906,18994.8906,18713.1699,18878.0898
2000-01-24,18878.4609,19124.5703,18877.1309,19056.7109
2000-01-25,19004.3906,19131.1895,18815.3691,18895.5293
2000-01-26,18982.8398,19145.9004,18982.8398,19111.1895
2000-01-27,19125.6191,19238.0801,18971.6797,19209.7207
2000-01-28,19261.0098,19595.8301,19237.4902,19434.7793
2000-01-31,19375.1094,19539.6992,19224.4707,19539.6992
2000-02-01,19536.6797,19553.6797,19266.9609,19423.3809
2000-02-02,19522.3301,19860.2598,19522.3301,19578.9102
2000-02-03,19648.3496,19878.8301,19648.3496,19786.4199
2000-02-04,19866.1895,20011.9102,19752.1191,19763.1309
2000-02-07,19832.7598,19948.5996,19780.5605,19945.4297
2000-02-08,19955.3008,19983.4395,19834.8105,19868.8809
2000-02-09,19930.4102,20046.1406,19925.6406,20007.7695
2000-02-10,19915.5293,19915.5605,19710.0195,19710.0195
2000-02-14,19698.5703,19748.4199,19556.4609,19556.4609
2000-02-15,19587.8203,19689.1602,19331.0508,19367.8301
2000-02-16,19418.5605,19612.5996,19300.1406,19599.1797
2000-02-17,19646.3691,19803.6895,19518.0801,19791.4004
2000-02-18,19852.1797,19862.9395,19670.0508,19789.0293
2000-02-21,19736.1504,19763.5098,19543.7500,19543.7500
2000-02-22,19553.6191,19712.3691,19353.4004,19390.5801
2000-02-23,19439.1699,19527.7891,19373.0391,19519.5508
2000-02-24,19616.2598,19698.9492,19558.0391,19571.4395
2000-02-25,19623.3809,19817.8809,19539.0000,19817.8809
2000-02-28,19783.4395,19904.8594,19713.8594,19720.0996
2000-02-29,19761.5195,19978.7500,19747.0195,19959.5195
2000-03-01,20030.0801,20165.5098,20007.6406,20081.6699
2000-03-02,20097.5898,20202.9609,19903.2891,20065.1094
2000-03-03,20023.0391,20034.5996,19859.4199,19927.5391
2000-03-06,20041.4805,20160.0293,19742.5801,19796.3496
2000-03-07,19802.5391,19944.2402,19704.2305,19944.2402
2000-03-08,19856.3691,19856.3691,19692.0391,19766.8008
2000-03-09,19751.7207,19885.5391,19614.8203,19662.3301
2000-03-10,19734.8398,19982.4395,19686.5000,19750.4004
2000-03-13,19731.5000,19760.3496,19060.0801,19189.9297
2000-03-14,19139.5703,19335.2207,18956.2500,19141.8398
2000-03-15,19120.0605,19120.0605,18765.8809,19078.5996
2000-03-16,19095.6309,19313.1797,18892.2598,19253.2305
2000-03-17,19335.5996,19573.4805,19335.5996,19566.3203
2000-03-21,19598.5293,19602.3594,19455.1094,19602.3594
2000-03-22,19612.2305,19734.4297,19602.8809,19733.5898
2000-03-23,19749.5098,19762.3008,19568.7695,19704.5996
2000-03-24,19752.1602,20012.4102,19697.5703,19958.0801
2000-03-27,19976.1406,20295.6895,19880.1094,20281.0293
2000-03-28,20273.6797,20388.1797,20014.0801,20374.3398
2000-03-29,20406.5605,20809.1797,20406.5605,20706.6504
2000-03-30,20706.4492,20809.7891,20439.4395,20441.5000
2000-03-31,20371.0703,20550.0996,20259.3496,20337.3203
2000-04-03,20327.7891,20726.9902,20271.9199,20726.9902
2000-04-04,20747.8203,20747.8203,20536.3301,20594.9297
2000-04-05,20546.5996,20654.6309,20311.7891,20462.7695
2000-04-06,20476.2305,20556.9707,20171.6191,20223.6094
2000-04-07,20269.5898,20463.6699,20252.8105,20252.8105
2000-04-10,20368.8105,20640.1094,20368.8105,20619.0605
2000-04-11,20544.4004,20656.8691,20516.9395,20522.5195
2000-04-12,20475.9609,20833.2109,20436.7402,20833.2109
2000-04-13,20736.4004,20736.4004,20385.1602,20526.4199
2000-04-14,20456.4805,20604.3691,20330.8906,20434.6797
2000-04-17,20341.5000,20341.5000,18603.8691,19008.6406
2000-04-18,19089.0000,19330.4004,18547.3809,18969.5195
2000-04-19,18998.0605,19192.6309,18794.4805,19086.6191
2000-04-20,19041.5293,19382.4395,18959.3203,18959.3203
2000-04-21,19050.6797,19269.0605,18091.0996,18252.6797
2000-04-24,18247.4805,18987.3398,18247.4805,18480.1504
2000-04-25,18433.3008,18630.3008,18176.8301,18272.3301
2000-04-26,18326.9004,18439.1797,17948.3594,18134.3105
2000-04-27,18122.6992,18245.4395,18012.4102,18019.1699
2000-04-28,18035.5391,18137.0098,17926.4297,17973.6992
2000-05-01,17979.2500,18403.0801,17979.2500,18403.0801
2000-05-02,18497.5195,18586.1602,18428.9199,18439.3594
2000-05-08,18465.7109,18475.4492,18189.8008,18199.9609
2000-05-09,18152.3691,18152.3691,17804.0391,17844.5391
2000-05-10,17799.2109,17803.4395,17393.5898,17701.4707
2000-05-11,17605.6504,17605.6504,16779.4199,16882.4609
2000-05-12,16963.8691,17362.1992,16963.8691,17357.8594
2000-05-15,17396.4492,17396.4492,17192.7109,17313.6895
2000-05-16,17342.8398,17558.5098,17283.5195,17551.2500
2000-05-17,17588.8105,17691.3906,17348.8809,17404.0293
2000-05-18,17365.0898,17365.0898,16971.8203,17031.6309
2000-05-19,16960.2891,16960.2891,16572.0508,16858.1699
2000-05-22,16802.6602,16802.6602,16174.4004,16386.0098
2000-05-23,16345.2598,16493.6992,16169.9297,16318.7305
2000-05-24,16237.8799,16261.3301,15876.3398,16044.4404
2000-05-25,16090.3604,16374.0596,16090.3604,16247.8203
2000-05-26,16219.0195,16219.0195,15870.2500,16008.1396
2000-05-29,16028.7598,16245.4404,16028.7598,16245.4404
2000-05-30,16275.9600,16485.5391,16210.0400,16228.9004
2000-05-31,16274.1396,16538.6699,16224.0596,16332.4502
2000-06-01,16320.0801,16694.3008,16320.0801,16694.3008
2000-06-02,16682.2500,16941.4199,16682.2500,16800.0605
2000-06-05,16842.0391,17261.8691,16842.0391,17201.7891
2000-06-06,17163.3906,17207.1504,17064.9199,17170.0801
2000-06-07,17134.1406,17206.9805,17019.2500,17144.9609
2000-06-08,17177.4492,17250.8301,16979.3008,17004.3398
2000-06-09,17004.7207,17004.7207,16785.7695,16861.9102
2000-06-12,16876.6797,17018.6406,16791.8691,16980.6094
2000-06-13,16950.9297,16950.9297,16768.8594,16914.9492
2000-06-14,16920.2109,16920.2109,16477.9805,16654.4199
2000-06-15,16635.2402,16635.2402,16334.9600,16338.7002
2000-06-16,16358.7100,16480.0801,16289.9199,16318.3096
2000-06-19,16382.1104,16627.5391,16359.9600,16591.3496
2000-06-20,16645.9902,16907.5508,16645.9902,16907.5508
2000-06-21,16922.2500,17212.3809,16854.2109,17210.0801
2000-06-22,17228.8496,17364.2598,17092.4395,17106.0098
2000-06-23,17055.6699,17214.4707,16899.0000,16963.2109
2000-06-26,16927.2695,16975.0703,16761.5898,16925.4004
2000-06-27,16969.4805,17285.4707,16969.4805,17279.0605
2000-06-28,17289.3105,17421.0703,17230.0391,17370.1699
2000-06-29,17448.3496,17511.3203,17383.0098,17475.9004
2000-06-30,17482.0898,17510.0703,17305.8105,17411.0508
2000-07-03,17451.6504,17636.6699,17451.6504,17614.6602
2000-07-04,17655.5703,17661.1094,17434.0703,17470.1504
2000-07-05,17473.7598,17576.2793,17364.6992,17435.9492
2000-07-06,17402.7109,17402.7109,17154.5801,17282.3691
2000-07-07,17290.4609,17483.4707,17290.4609,17398.2402
2000-07-10,17421.5605,17594.6602,17421.5605,17572.6797
2000-07-11,17567.5000,17573.6895,17436.5801,17504.3594
2000-07-12,17519.0391,17541.9805,17210.1797,17342.1309
2000-07-13,17348.3398,17348.3398,17009.6504,17036.9004
2000-07-14,17136.6992,17176.1992,17019.5000,17142.9004
2000-07-17,17188.9805,17476.8594,17150.1699,17286.8301
2000-07-18,17261.0801,17349.5898,16834.0195,16945.0703
2000-07-19,16905.3398,17015.4707,16703.0098,16983.5703
2000-07-21,17025.6602,17098.7402,16800.5898,16811.4902
2000-07-24,16767.1992,16767.1992,16370.5000,16547.1191
2000-07-25,16506.1504,16573.5898,16341.5195,16573.5898
2000-07-26,16553.5703,16563.7109,16400.2207,16502.6094
2000-07-27,16457.6992,16457.6992,16027.3398,16182.0098
2000-07-28,16134.1904,16134.1904,15815.5303,15838.5703
2000-07-31,15821.3096,15854.6602,15394.7100,15727.4902
2000-08-01,15784.5996,16099.6699,15773.7197,16099.6699
2000-08-02,16118.7998,16211.5498,16054.6602,16206.1904
2000-08-03,16185.7197,16185.7197,15725.9805,15814.4404
2000-08-04,15799.9902,15897.2500,15557.3301,15667.3604
2000-08-07,15666.8096,16039.4004,15666.8096,16002.7100
2000-08-08,16044.8096,16073.2002,15755.2197,15820.1104
2000-08-09,15873.4199,16034.5996,15778.8604,16034.5996
2000-08-10,16050.8701,16053.6104,15946.5996,15975.6504
2000-08-11,16008.0596,16125.6602,15888.5596,16117.5000
2000-08-14,16109.9502,16227.3496,16055.0703,16153.9102
2000-08-15,16181.5000,16309.5000,16131.4805,16298.2900
2000-08-16,16300.4902,16409.1309,16249.9404,16356.0303
2000-08-17,16356.1396,16356.1396,16079.7402,16161.0303
2000-08-18,16156.6396,16280.4902,16118.8896,16280.4902
2000-08-21,16249.9404,16257.3398,15945.9199,16040.1797
2000-08-22,16075.5195,16454.7402,15985.2002,16454.7402
2000-08-23,16446.4707,16544.8008,16351.4199,16436.6504
2000-08-24,16433.3594,16778.0195,16433.3594,16670.8203
2000-08-25,16718.5391,16926.2207,16603.6895,16911.3301
2000-08-28,16895.5508,17209.1602,16840.5098,17181.1191
2000-08-29,17165.9102,17210.8008,17004.0098,17141.7500
2000-08-30,17131.3594,17131.3594,16895.3594,16901.6699
2000-08-31,16918.0293,17056.5391,16769.4902,16861.2598
2000-09-01,16915.0391,17018.5195,16700.3594,16739.7793
2000-09-04,16764.3301,16883.3105,16661.4805,16688.2109
2000-09-05,16677.7891,16712.3301,16401.2793,16452.2695
2000-09-06,16433.8496,16531.8105,16364.9502,16399.8691
2000-09-07,16394.3906,16397.0996,16243.1797,16300.4600
2000-09-08,16370.2305,16540.9199,16239.2598,16501.5508
2000-09-11,16467.6895,16477.5293,16089.0000,16130.9004
2000-09-12,16111.9697,16133.1904,15885.3203,16040.2305
2000-09-13,16080.5703,16306.4004,16080.5703,16190.5195
2000-09-14,16208.3301,16311.0400,16144.1104,16213.2803
2000-09-18,16174.9199,16174.9199,15965.7100,16061.1602
2000-09-19,16013.3301,16124.1904,15774.7197,16124.1904
2000-09-20,16146.0400,16523.2695,16146.0400,16458.3105
2000-09-21,16422.4902,16460.4902,16290.7900,16311.0498
2000-09-22,16268.9404,16270.4199,15785.6299,15818.2500
2000-09-25,15850.5596,16144.1904,15850.5596,15992.9004
2000-09-26,15992.8604,16038.0703,15905.3701,15928.6201
2000-09-27,15907.1904,15907.1904,15621.8799,15639.9502
2000-09-28,15642.8398,15888.3496,15625.8701,15626.9600
2000-09-29,15663.7100,15898.0703,15663.7100,15747.2598
2000-10-02,15735.7100,15902.5098,15514.0400,15902.5098
2000-10-03,15905.2500,15956.4502,15779.5400,15912.0898
2000-10-04,15906.1797,16153.6699,15808.6602,16149.0801
2000-10-05,16157.2002,16192.7803,16052.1201,16099.2598
2000-10-06,16084.0498,16084.0498,15884.6504,15994.2402
2000-10-10,15958.1201,15958.1201,15792.3604,15827.7197
2000-10-11,15795.1504,15795.1504,15424.7100,15513.5703
2000-10-12,15491.7998,15580.3203,15392.7402,15550.6396
2000-10-13,15516.1504,15516.1504,15101.6396,15330.3096
2000-10-16,15366.8096,15688.1699,15366.8096,15512.3203
2000-10-17,15526.9902,15545.0596,15340.2197,15340.2197
2000-10-18,15324.3496,15324.3496,14832.9697,14872.4805
2000-10-19,14901.1104,15027.1299,14707.8799,14811.0801
2000-10-20,14842.8096,15314.9697,14842.8096,15198.7305
2000-10-23,15197.9297,15224.8096,15035.2402,15097.9600
2000-10-24,15100.0801,15229.4600,15066.5996,15148.1904
2000-10-25,15108.4600,15108.4600,14840.4697,14840.4697
2000-10-26,14787.3799,14858.4297,14577.2002,14858.4297
2000-10-27,14852.7900,14989.4102,14582.2002,14582.2002
2000-10-30,14607.0195,14715.6602,14425.2197,14464.5596
2000-10-31,14475.9805,14566.0498,14333.1602,14539.5996
2000-11-01,14557.4502,14888.0303,14557.4502,14872.3896
2000-11-02,14857.3604,14961.6904,14767.9600,14837.7803
2000-11-06,14904.2900,15371.4404,14887.3604,15371.4404
2000-11-07,15356.9404,15422.1504,15259.7803,15340.3301
2000-11-08,15256.1602,15602.3896,15219.1104,15399.6396
2000-11-09,15270.1602,15270.1602,14997.9102,15060.0498
2000-11-10,14952.1797,15015.1904,14873.5195,14988.5400
2000-11-13,14824.7100,14824.7100,14461.1602,14664.6396
2000-11-14,14680.5400,14685.0195,14549.7305,14660.0400
2000-11-15,14812.3896,14958.3301,14769.2598,14799.1396
2000-11-16,14852.2402,14857.4805,14551.6602,14587.0303
2000-11-17,14510.2197,14601.1699,14420.3604,14544.2998
2000-11-20,14510.3896,14577.7305,14450.6299,14531.6504
2000-11-21,14413.1299,14414.5898,14211.0303,14408.4600
2000-11-22,14420.0400,14464.0000,14172.6396,14301.3096
2000-11-24,14247.3096,14430.1104,14229.6504,14315.3496
2000-11-27,14422.2500,14746.8799,14412.4297,14720.3896
2000-11-28,14664.8799,14788.4102,14573.2695,14658.8701
2000-11-29,14606.3604,14606.3604,14438.5596,14507.6396
2000-11-30,14449.7402,14683.5000,14385.1602,14648.5098
2000-12-01,14600.5303,14984.3701,14596.3896,14835.3301
2000-12-04,14922.6699,15067.1904,14899.0898,14954.7305
2000-12-05,15068.9697,15068.9697,14695.0498,14695.0498
2000-12-06,14842.9502,15109.6396,14842.9502,14889.3701
2000-12-07,14825.6201,14834.4199,14720.3604,14720.3604
2000-12-08,14663.8604,14769.4404,14622.8301,14696.5098
2000-12-11,14775.9297,15051.3398,14775.9297,15015.7002
2000-12-12,15097.2900,15270.8896,15071.7002,15114.6396
2000-12-13,15086.2500,15273.4004,14989.8496,15168.6797
2000-12-14,15097.0000,15117.6904,14883.3496,14927.1904
2000-12-15,14832.3896,14832.3896,14552.2900,14552.2900
2000-12-18,14462.3496,14566.2100,14384.5996,14483.9004
2000-12-19,14461.6396,14461.6396,14132.3701,14132.3701
2000-12-20,14052.6201,14082.6396,13801.9805,13914.4297
2000-12-21,13768.0303,13780.7100,13182.5098,13423.2100
2000-12-22,13469.9902,13517.2305,13338.1104,13427.0801
2000-12-25,13597.5703,13931.6104,13597.5703,13931.6104
2000-12-26,13878.5195,14019.7305,13794.4297,14007.8496
2000-12-27,13935.2598,13981.4902,13797.7402,13981.4902
2000-12-28,13966.9502,13990.2695,13866.1797,13946.9600
2000-12-29,13899.4902,13966.8203,13781.1201,13785.6904
2001-01-04,13898.0898,13990.5703,13667.6797,13691.4902
2001-01-05,13763.2197,13947.0596,13725.4600,13867.6104
2001-01-09,13732.8496,13732.8496,13460.8203,13610.5098
2001-01-10,13593.1602,13593.1602,13349.1504,13432.6504
2001-01-11,13433.0898,13436.6104,13123.8096,13201.0703
2001-01-12,13246.2002,13451.9502,13246.2002,13347.7402
2001-01-15,13450.2803,13573.5498,13441.5195,13506.2305
2001-01-16,13561.7305,13598.2002,13442.0898,13584.4502
2001-01-17,13593.8301,13688.9004,13476.5498,13667.6299
2001-01-18,13734.7900,13931.9102,13723.2100,13873.9199
2001-01-19,13956.3398,14186.6201,13947.9199,13989.1201
2001-01-22,14010.0703,14039.4004,13841.0303,14032.4199
2001-01-23,13966.6396,14060.2305,13913.0996,13984.6602
2001-01-24,14020.6104,14034.1104,13857.8301,13893.5801
2001-01-25,13879.8301,13879.8301,13730.1699,13803.3799
2001-01-26,13726.9805,13750.2305,13626.0498,13696.0596
2001-01-29,13724.2598,13908.4004,13721.8604,13845.2803
2001-01-30,13885.2695,13910.7100,13713.5498,13826.6504
2001-01-31,13855.7402,13855.7402,13726.5098,13843.5498
2001-02-01,13740.9199,13779.5498,13667.9297,13779.5498
2001-02-02,13764.6904,13862.2900,13703.6299,13703.6299
2001-02-05,13588.6396,13588.6396,13367.9102,13385.5195
2001-02-06,13316.2500,13379.4404,13240.3701,13269.8496
2001-02-07,13273.9297,13373.7803,13268.6104,13366.0098
2001-02-08,13336.3398,13336.3398,12966.8301,13138.2305
2001-02-09,13140.6104,13460.3896,13135.0195,13422.8301
2001-02-13,13431.7197,13461.1104,13247.9502,13274.7002
2001-02-14,13179.2695,13405.5195,13119.3398,13284.0596
2001-02-15,13273.9102,13416.5498,13273.6699,13327.3896
2001-02-16,13348.7197,13349.0801,13166.4600,13175.4902
2001-02-19,13060.2002,13137.0996,12950.7402,13119.5898
2001-02-20,13092.3604,13248.3604,13073.2402,13248.3604
2001-02-21,13181.5000,13185.2305,13084.5498,13100.0801
2001-02-22,13041.7197,13125.3398,12861.3301,13073.3604
2001-02-23,13054.4600,13272.8096,13048.5400,13246.0000
2001-02-26,13255.2900,13315.8604,13170.9902,13201.1396
2001-02-27,13232.8604,13262.2197,13041.3301,13059.8604
2001-02-28,12987.5000,13040.3096,12784.1699,12883.5400
2001-03-01,12811.5195,12844.3496,12528.5000,12681.6602
2001-03-02,12594.4600,12594.4600,12261.7998,12261.7998
2001-03-05,12285.4600,12389.0898,12133.9004,12322.1602
2001-03-06,12402.8896,12687.7402,12351.1396,12687.7402
2001-03-07,12748.5596,12824.1904,12539.7500,12723.8896
2001-03-08,12694.2197,12756.9697,12584.0996,12650.5596
2001-03-09,12549.1904,12667.2100,12500.5098,12627.9004
2001-03-12,12509.6699,12509.6699,12171.3701,12171.3701
2001-03-13,12044.7803,12044.7803,11710.3301,11819.7002
2001-03-14,11912.6104,12004.3799,11793.2695,11843.5898
2001-03-15,11685.6396,12152.8301,11433.8799,12152.8301
2001-03-16,12169.6504,12374.4502,12071.4902,12232.9805
2001-03-19,12183.9805,12544.6797,12143.6699,12190.9697
2001-03-21,12184.3203,13103.9404,12100.9697,13103.9404
2001-03-22,12982.5303,13237.3301,12853.9697,12853.9697
2001-03-23,12866.0195,13242.7197,12866.0195,13214.5400
2001-03-26,13309.7197,13862.3096,13296.9805,13862.3096
2001-03-27,13766.9004,13829.4697,13536.5303,13638.3301
2001-03-28,13726.4805,13867.5801,13567.7100,13765.5098
2001-03-29,13620.0703,13620.0703,13072.3604,13072.3604
2001-03-30,13203.0000,13457.9004,12992.4502,12999.7002
2001-04-02,13057.6504,13089.4697,12781.3398,12937.8604
2001-04-03,12970.6699,13357.9600,12970.6699,13124.4697
2001-04-04,13043.1797,13242.7803,12874.7598,13242.7803
2001-04-05,13344.2002,13555.4600,13323.1602,13381.3799
2001-04-06,13517.7002,13674.5801,13284.7900,13383.7598
2001-04-09,13304.3604,13304.3604,12841.7598,12841.7598
2001-04-10,12847.8896,12893.8496,12579.5596,12620.2695
2001-04-11,12784.6396,13208.6504,12724.4697,13174.9297
2001-04-12,13205.0596,13452.5996,13126.2100,13352.4404
2001-04-13,13454.8701,13578.6396,13291.2002,13385.7197
2001-04-16,13338.9199,13451.0195,13217.6396,13254.8896
2001-04-17,13179.3301,13203.6104,13019.5996,13067.0898
2001-04-18,13170.0898,13705.8604,13170.0898,13641.7900
2001-04-19,13789.4697,14099.4902,13789.4697,13868.2803
2001-04-20,13855.0303,13999.5801,13686.6602,13765.6699
2001-04-23,13837.1904,14051.9697,13639.1104,13715.5996
2001-04-24,13628.0996,13762.9502,13403.2695,13743.1797
2001-04-25,13799.2900,13920.6699,13769.5801,13827.5000
2001-04-26,13968.9297,14084.5498,13957.6299,13973.0303
2001-04-27,14036.2598,14065.4805,13795.0498,13934.3203
2001-05-01,14096.3203,14425.4600,14096.3203,14425.4600
2001-05-02,14441.3896,14444.8398,14296.5400,14421.6396
2001-05-07,14384.1396,14556.1104,14184.8496,14529.4102
2001-05-08,14420.1699,14420.1699,14227.3701,14289.0498
2001-05-09,14235.2998,14235.2998,13957.8096,14084.8496
2001-05-10,14035.5000,14197.0898,14015.7002,14017.7900
2001-05-11,14055.0898,14178.3203,14043.9199,14043.9199
2001-05-14,14041.7900,14041.7900,13828.7002,13873.0195
2001-05-15,13829.2998,14103.0596,13806.0498,14054.0303
2001-05-16,14050.6299,14050.6299,13694.2695,13694.2695
2001-05-17,13845.4902,13975.1201,13725.2500,13910.6699
2001-05-18,13931.6201,14067.7305,13877.7695,13877.7695
2001-05-21,13938.7803,14214.2100,13938.7803,14176.8301
2001-05-22,14271.7002,14345.4199,14091.1904,14091.1904
2001-05-23,14012.1904,14205.0898,13990.3203,14067.7002
2001-05-24,13914.3203,13941.4404,13801.4600,13895.7900
2001-05-25,13869.5303,13958.3496,13758.6602,13765.9199
2001-05-28,13732.0996,13820.4199,13701.8301,13737.7695
2001-05-29,13697.6104,13836.4004,13697.6104,13773.8896
2001-05-30,13680.7695,13680.7695,13468.7305,13493.3496
2001-05-31,13394.7500,13419.9404,13216.5703,13262.1396
2001-06-01,13365.0801,13394.4004,13244.9004,13261.8398
2001-06-04,13294.2100,13312.3496,13213.6504,13312.3496
2001-06-05,13232.5195,13256.4004,12984.0703,13182.0000
2001-06-06,13289.5898,13313.1396,13127.6201,13174.8398
2001-06-07,13122.5801,13300.5000,13050.1699,13277.5098
2001-06-08,13324.2500,13510.7002,13320.3701,13430.2197
2001-06-11,13413.0996,13447.3896,13224.9902,13226.4805
2001-06-12,13111.6396,13164.1904,12840.0996,12840.0996
2001-06-13,12883.5098,12970.1201,12803.4199,12823.4502
2001-06-14,12826.1797,12935.0703,12804.0303,12846.6602
2001-06-15,12722.3799,12797.8701,12578.7803,12790.3799
2001-06-18,12766.3799,12787.2305,12656.5801,12697.7900
2001-06-19,12734.1299,12912.9199,12511.6602,12574.2598
2001-06-20,12575.3496,12762.0898,12512.1299,12674.6396
2001-06-21,12776.7598,13005.4600,12727.5498,12962.4297
2001-06-22,13041.8896,13079.1104,12940.5801,13044.6104
2001-06-25,13052.9600,13073.4902,12823.4502,12896.4697
2001-06-26,12856.1504,13026.7998,12837.7998,12978.8203
2001-06-27,12936.5195,12987.8496,12828.9805,12828.9805
2001-06-28,12853.6504,12876.5596,12567.2598,12679.8799
2001-06-29,12843.9502,12985.2100,12819.4600,12969.0498
2001-07-02,12929.6602,12929.6602,12629.5098,12751.1797
2001-07-03,12855.5000,12922.1504,12747.0498,12817.4102
2001-07-04,12801.4600,12801.4600,12584.9902,12629.0195
2001-07-05,12563.4404,12676.8301,12515.5098,12607.2998
2001-07-06,12499.2998,12499.2998,12289.6104,12306.0801
2001-07-09,12191.3096,12239.6797,12029.2002,12239.6797
2001-07-10,12247.9404,12382.2900,12143.9404,12300.4102
2001-07-11,12178.2500,12178.2500,12005.1104,12005.1104
2001-07-12,12133.0498,12407.9502,12133.0498,12407.9502
2001-07-13,12417.5596,12444.5596,12294.0400,12355.1504
2001-07-16,12408.3896,12408.3896,12263.4502,12343.3701
2001-07-17,12215.4697,12224.7100,12102.9404,12128.5703
2001-07-18,12121.4102,12135.3096,11847.7305,11892.5801
2001-07-19,11898.1104,11980.2500,11863.1201,11908.3896
2001-07-23,11902.2305,11902.2305,11531.6797,11609.6299
2001-07-24,11608.8604,11883.2500,11562.3799,11883.2500
2001-07-25,11823.0996,12054.2998,11760.9697,11891.6104
2001-07-26,11914.3398,11962.7305,11822.7695,11858.5596
2001-07-27,11862.4102,11948.2002,11706.4697,11798.0801
2001-07-30,11846.0000,11868.1396,11539.1602,11579.2695
2001-07-31,11656.6504,11877.8398,11656.6504,11860.7695
2001-08-01,11920.6396,11972.2500,11817.7598,11959.3301
2001-08-02,12072.1104,12407.3701,12060.5000,12399.2002
2001-08-03,12336.5098,12365.8799,12241.2695,12241.9697
2001-08-06,12170.1104,12327.2305,12095.1104,12243.9004
2001-08-07,12154.7197,12388.6104,12079.5498,12319.4600
2001-08-08,12265.2402,12293.3896,12129.3701,12163.6699
2001-08-09,12036.9902,12043.0498,11754.5596,11754.5596
2001-08-10,11683.2197,11870.9102,11683.2197,11735.0596
2001-08-13,11697.1201,11697.1201,11417.7002,11477.5596
2001-08-14,11587.0400,11936.7500,11587.0400,11917.9502
2001-08-15,11812.0000,11823.9199,11648.8604,11755.4004
2001-08-16,11645.2998,11645.2998,11450.7695,11515.0195
2001-08-17,11537.6904,11581.2500,11412.3604,11445.5400
2001-08-20,11347.2402,11358.0898,11239.4502,11257.9404
2001-08-21,11317.1299,11370.6104,11159.2695,11280.3799
2001-08-22,11220.2500,11504.0596,11202.6699,11396.4297
2001-08-23,11414.9902,11414.9902,11104.1797,11126.9199
2001-08-24,11190.5400,11230.1396,11075.4199,11166.3096
2001-08-27,11273.9600,11366.1797,11273.9600,11275.0098
2001-08-28,11255.6797,11267.9502,11049.8604,11189.4004
2001-08-29,11087.1504,11142.3096,10973.2695,10979.7598
2001-08-30,10918.5400,10969.0596,10807.7500,10938.4502
2001-08-31,10811.3701,10860.7002,10684.1602,10713.5098
2001-09-03,10729.5996,10758.9004,10409.6797,10409.6797
2001-09-04,10413.7100,10772.5898,10325.8301,10772.5898
2001-09-05,10679.5303,10679.5303,10452.9805,10598.7900
2001-09-06,10575.2598,10812.8896,10509.6797,10650.3301
2001-09-07,10541.8604,10566.6504,10405.7998,10516.7900
2001-09-10,10395.0996,10457.0898,10195.6904,10195.6904
2001-09-11,10244.5498,10344.5801,10207.0303,10292.9502
2001-09-12,10140.4199,10140.4199,9600.8398,9610.0996
2001-09-13,9663.9297,9682.6299,9476.8701,9613.0898
2001-09-14,9625.2598,10009.4502,9580.3398,10008.8896
2001-09-17,9881.0596,9881.0596,9447.7598,9504.4102
2001-09-18,9623.9805,9945.7998,9623.9805,9679.8799
2001-09-19,9682.5195,10061.0996,9681.7900,9939.5996
2001-09-20,9837.1699,9842.1602,9688.1201,9785.1602
2001-09-21,9658.1904,9658.1904,9382.9502,9554.9902
2001-09-25,9637.5996,9867.8604,9593.0703,9693.9697
2001-09-26,9687.5098,9697.1201,9551.7305,9641.7002
2001-09-27,9601.0703,9727.2998,9585.8096,9696.5303
2001-09-28,9783.7998,9933.6904,9737.4199,9774.6797
2001-10-01,9766.7500,9972.2803,9604.0898,9972.2803
2001-10-02,9937.8096,10136.5596,9871.9404,10136.5596
2001-10-03,10194.7305,10221.8203,9924.2305,9924.2305
2001-10-04,10038.6104,10215.8896,10038.6104,10205.4805
2001-10-05,10165.4502,10261.8604,10039.5098,10205.8701
2001-10-09,10143.3896,10143.3896,10011.7695,10011.7695
2001-10-10,9995.4297,10030.2197,9934.0000,9964.8799
2001-10-11,10074.5098,10347.0098,10052.0801,10347.0098
2001-10-12,10474.3496,10632.3496,10421.5703,10632.3496
2001-10-15,10545.2500,10545.2500,10447.9902,10452.5400
2001-10-16,10433.9004,10694.0596,10412.2500,10637.8203
2001-10-17,10672.0000,10790.0303,10563.5195,10755.4502
2001-10-18,10654.5303,10668.6904,10474.8496,10474.8496
2001-10-19,10472.4404,10595.9697,10437.7998,10538.7900
2001-10-22,10529.2305,10581.5400,10516.5898,10565.4102
2001-10-23,10685.3496,10861.5596,10649.5898,10861.5596
2001-10-24,10811.6797,10960.9102,10771.6299,10802.1504
2001-10-25,10847.0996,11052.0098,10838.5996,10880.0996
2001-10-26,10951.8799,11020.5000,10774.2900,10795.1602
2001-10-29,10779.1904,10798.0801,10612.3096,10612.3096
2001-10-30,10522.8203,10538.7900,10416.4404,10512.8203
2001-10-31,10443.6504,10478.5098,10366.3398,10366.3398
2001-11-01,10430.5898,10498.3896,10318.1699,10347.2803
2001-11-02,10460.6104,10538.4502,10322.2803,10383.7803
2001-11-05,10427.3496,10447.5400,10345.2803,10447.5400
2001-11-06,10518.0195,10633.7197,10494.8896,10633.7197
2001-11-07,10607.3496,10632.4902,10284.9805,10284.9805
2001-11-08,10345.4902,10431.7900,10269.9697,10431.7900
2001-11-09,10412.6201,10412.6201,10213.0098,10215.7100
2001-11-12,10225.5898,10260.7002,10081.5596,10081.5596
2001-11-13,10035.6504,10057.7402,9955.0898,10030.5596
2001-11-14,10120.1602,10231.1602,10076.5898,10086.7598
2001-11-15,10159.3799,10489.8896,10142.4199,10489.8896
2001-11-16,10488.7002,10850.4805,10454.2002,10649.0898
2001-11-19,10643.3301,10849.1904,10618.6904,10727.9404
2001-11-20,10779.5801,10779.5801,10555.4404,10575.6201
2001-11-21,10530.2900,10789.1797,10490.5996,10661.0801
2001-11-22,10617.4404,10702.3398,10529.2100,10696.8203
2001-11-26,10797.1201,11067.9199,10797.1201,11064.2998
2001-11-27,11012.8496,11186.7500,10948.8896,10948.8896
2001-11-28,10862.2402,10900.3096,10624.8096,10624.8096
2001-11-29,10607.4502,10668.7305,10512.6602,10655.9600
2001-11-30,10659.8701,10697.9004,10550.6602,10697.4404
2001-12-03,10694.6504,10695.0400,10370.6201,10370.6201
2001-12-04,10414.9404,10478.4697,10326.5195,10452.6504
2001-12-05,10549.3896,10724.6396,10523.2197,10713.8096
2001-12-06,10830.8604,11052.5098,10813.7900,10857.2803
2001-12-07,10833.2998,10918.1904,10762.9697,10796.8896
2001-12-10,10736.1201,10738.3896,10571.0098,10571.0098
2001-12-11,10523.8604,10606.9199,10467.6104,10473.9102
2001-12-12,10490.0703,10821.1299,10490.0703,10801.5195
2001-12-13,10721.6104,10731.8096,10433.4502,10433.4502
2001-12-14,10465.2305,10603.7100,10379.5898,10511.6504
2001-12-17,10482.4004,10484.3799,10302.9697,10323.3496
2001-12-18,10422.1602,10582.0703,10330.5801,10432.1699
2001-12-19,10393.0400,10500.4404,10347.1797,10471.9297
2001-12-20,10485.7998,10501.9805,10346.4004,10434.5195
2001-12-21,10394.7305,10418.5898,10253.7197,10335.4502
2001-12-25,10359.2197,10359.2197,10178.8701,10254.8096
2001-12-26,10273.0498,10300.6299,10170.9004,10192.5703
2001-12-27,10213.3203,10457.6104,10176.3096,10457.6104
2001-12-28,10498.7998,10571.7500,10427.6201,10542.6201
2002-01-04,10631.0000,10871.4902,10617.0801,10871.4902
2002-01-07,10803.4502,10979.9199,10803.4502,10942.3604
2002-01-08,10841.9697,10843.2598,10662.2500,10695.5996
2002-01-09,10661.2500,10747.5996,10638.4297,10663.9805
2002-01-10,10652.1699,10710.4805,10494.3496,10538.4297
2002-01-11,10536.2500,10571.5000,10441.5898,10441.5898
2002-01-15,10359.4404,10359.4404,10208.0498,10208.0498
2002-01-16,10172.1602,10269.0303,10096.3398,10177.5801
2002-01-17,10184.9502,10257.4502,10074.4502,10128.1797
2002-01-18,10165.1602,10296.7900,10151.4297,10293.3203
2002-01-21,10252.4297,10393.5596,10169.7998,10280.2500
2002-01-22,10225.5195,10280.2998,10050.9805,10050.9805
2002-01-23,10063.9199,10154.8203,10040.9102,10040.9102
2002-01-24,10089.2500,10240.3896,10012.7998,10074.0498
2002-01-25,10133.5898,10149.8701,10017.4805,10144.1396
2002-01-28,10190.2803,10303.7402,10156.1904,10220.8496
2002-01-29,10191.7500,10191.7500,10026.0303,10026.0303
2002-01-30,9921.7305,9938.3301,9843.1201,9919.4805
2002-01-31,9962.3496,10012.1504,9896.8398,9997.7998
2002-02-01,10026.9600,10032.2500,9735.0498,9791.4297
2002-02-04,9808.8203,9808.8203,9623.9902,9631.9297
2002-02-05,9577.1699,9683.9297,9473.4600,9475.5996
2002-02-06,9494.6201,9602.5195,9420.8496,9420.8496
2002-02-07,9481.0898,9634.7900,9458.7002,9583.2695
2002-02-08,9564.7500,9753.7500,9538.4502,9686.0596
2002-02-12,9816.9600,9949.7305,9816.9600,9877.9902
2002-02-13,9901.8896,10039.2500,9865.7500,9968.3496
2002-02-14,10014.1797,10235.3799,10014.1797,10081.0898
2002-02-15,10098.2305,10152.0000,10025.5498,10048.0996
2002-02-18,10021.5498,10119.2100,9980.8896,10093.2500
2002-02-19,10113.6904,10129.3398,9847.1602,9847.1602
2002-02-20,9783.1602,9901.2402,9773.9502,9834.1299
2002-02-21,9913.8496,10295.4199,9895.4502,10295.4199
2002-02-22,10219.8496,10418.6396,10165.7197,10356.7803
2002-02-25,10394.7305,10446.2803,10289.8301,10296.4697
2002-02-26,10405.4600,10458.8701,10183.5195,10202.6299
2002-02-27,10268.8701,10573.0898,10268.8701,10573.0898
2002-02-28,10634.9297,10798.6699,10587.8301,10587.8301
2002-03-01,10641.3604,10813.4502,10540.3096,10812.0000
2002-03-04,10942.5000,11450.2197,10941.3604,11450.2197
2002-03-05,11529.2100,11602.7500,11348.4502,11348.4502
2002-03-06,11375.8701,11648.3799,11358.5303,11358.5303
2002-03-07,11473.6299,11690.3604,11472.8799,11648.3398
2002-03-08,11710.2002,12010.2500,11634.3096,11885.7900
2002-03-11,11941.9199,12034.0400,11772.8604,11919.2998
2002-03-12,11863.7100,11912.2900,11607.3301,11607.3301
2002-03-13,11548.2402,11774.1797,11415.3096,11415.3096
2002-03-14,11471.8301,11568.8203,11347.2500,11568.8203
2002-03-15,11594.8701,11709.4404,11537.8896,11648.0098
2002-03-18,11745.8096,11789.4600,11477.6797,11498.3799
2002-03-19,11597.8604,11792.8203,11597.8604,11792.8203
2002-03-20,11833.9697,11833.9697,11503.7900,11526.7803
2002-03-22,11460.9502,11519.6797,11326.2197,11345.0801
2002-03-25,11339.0596,11378.7803,11166.9199,11261.0898
2002-03-26,11214.2500,11524.2305,11165.0000,11207.9199
2002-03-27,11251.7002,11421.0098,11190.3896,11323.6797
2002-03-28,11313.5596,11348.2197,11240.9902,11333.1104
2002-03-29,11350.3496,11389.5996,11024.9404,11024.9404
2002-04-01,11106.0703,11148.5000,11007.6299,11028.7002
2002-04-02,11142.8301,11217.2402,11049.8496,11204.4902
2002-04-03,11103.7197,11476.9404,11042.2500,11400.7100
2002-04-04,11430.2500,11537.1299,11336.2002,11379.2002
2002-04-05,11366.4004,11412.9902,11301.9502,11335.4902
2002-04-08,11321.2803,11430.0303,11265.1797,11352.8896
2002-04-09,11337.4902,11363.2002,11113.0801,11114.4902
2002-04-10,11089.1299,11293.1699,11052.7002,11218.5801
2002-04-11,11291.3799,11320.6699,11147.2695,11147.2695
2002-04-12,11069.8398,11122.7695,10896.1201,10962.9805
2002-04-15,11013.6699,11138.7002,10941.8096,11137.2998
2002-04-16,11160.9102,11346.6602,11141.2695,11346.6602
2002-04-17,11422.7500,11544.8301,11403.7900,11543.7100
2002-04-18,11499.7803,11635.9805,11485.0898,11575.7305
2002-04-19,11488.5000,11525.8799,11386.7197,11512.0098
2002-04-22,11555.0801,11765.0498,11555.0801,11721.6396
2002-04-23,11633.1797,11812.9902,11576.7100,11736.8301
2002-04-24,11749.3203,11808.2500,11663.7100,11672.8799
2002-04-25,11691.7305,11708.0098,11583.0703,11648.7197
2002-04-26,11681.7998,11685.0801,11464.5898,11541.3896
2002-04-30,11532.5703,11548.7803,11440.6602,11492.5400
2002-05-01,11540.0898,11591.4902,11528.2900,11552.7900
2002-05-02,11609.6904,11609.6904,11518.5703,11551.0098
2002-05-07,11500.1299,11508.5801,11250.8604,11316.0400
2002-05-08,11356.5400,11581.4102,11356.5400,11520.7500
2002-05-09,11633.7998,11727.5195,11620.5195,11633.2998
2002-05-10,11534.7305,11587.4297,11523.8398,11531.1104
2002-05-13,11473.9297,11473.9297,11309.4805,11336.9502
2002-05-14,11451.5996,11507.6602,11336.8096,11356.1904
2002-05-15,11486.0596,11693.9102,11486.0596,11642.9697
2002-05-16,11671.4199,11747.3496,11579.1201,11738.6904
2002-05-17,11820.3301,11926.9004,11817.6504,11847.3203
2002-05-20,11887.7998,11942.9102,11836.2197,11856.5400
2002-05-21,11803.7402,11824.7305,11765.2100,11801.1602
2002-05-22,11767.5703,11963.2305,11767.0000,11961.9805
2002-05-23,12001.2803,12019.8604,11936.8701,11979.8496
2002-05-24,12013.3496,12023.4199,11842.7998,11976.2803
2002-05-27,11975.3301,12081.4297,11952.6797,11976.3496
2002-05-28,11941.9697,11950.2803,11889.5596,11936.0801
2002-05-29,11837.2695,11887.7305,11796.5898,11853.0000
2002-05-30,11804.4600,11812.5898,11680.5801,11770.0303
2002-05-31,11780.4902,11911.9102,11743.9902,11763.7002
2002-06-03,11804.0400,11905.1602,11796.4502,11901.3896
2002-06-04,11854.5098,11874.2998,11624.3896,11653.0703
2002-06-05,11703.8203,11769.4004,11654.1201,11663.8701
2002-06-06,11700.1299,11743.8896,11540.3203,11574.9404
2002-06-07,11467.0303,11467.0303,11365.6104,11438.5303
2002-06-10,11470.9199,11522.0400,11370.2100,11370.2100
2002-06-11,11390.4102,11514.5303,11390.4102,11449.4404
2002-06-12,11392.3203,11405.2900,11261.9297,11327.0596
2002-06-13,11366.0596,11396.2803,11132.5898,11144.8398
2002-06-14,11121.8896,11127.1602,10911.0703,10920.6299
2002-06-17,10858.0498,10888.0400,10577.8896,10664.1104
2002-06-18,10799.4297,10884.2598,10747.6797,10839.9297
2002-06-19,10757.0303,10771.5996,10448.7002,10476.1797
2002-06-20,10467.2197,10629.4404,10325.5498,10612.9805
2002-06-21,10489.7803,10489.7803,10327.9102,10354.3496
2002-06-24,10255.9902,10490.8701,10169.0703,10471.3203
2002-06-25,10463.9697,10580.4902,10404.2197,10496.6699
2002-06-26,10376.2900,10376.2900,10060.7197,10074.5596
2002-06-27,10182.1201,10335.9697,10176.1797,10261.5996
2002-06-28,10390.5303,10621.8398,10366.4697,10621.8398
2002-07-01,10655.0000,10677.0996,10541.2197,10595.4404
2002-07-02,10516.6602,10622.3203,10371.2598,10622.3203
2002-07-03,10521.6396,10862.6904,10495.6699,10812.2998
2002-07-04,10752.3398,10791.2197,10625.9199,10632.8096
2002-07-05,10701.3701,10885.8301,10701.3701,10826.0898
2002-07-08,10969.2100,11050.6904,10760.0996,10769.2002
2002-07-09,10836.1904,10960.2500,10770.9902,10960.2500
2002-07-10,10865.9297,10975.7197,10752.6602,10752.6602
2002-07-11,10647.5898,10647.5898,10457.0703,10485.7402
2002-07-12,10608.6299,10694.4102,10570.0000,10601.4502
2002-07-15,10548.2100,10548.2100,10373.2900,10375.1504
2002-07-16,10313.2100,10503.0400,10250.4199,10250.4199
2002-07-17,10256.3896,10328.0098,10113.6104,10296.0195
2002-07-18,10366.9502,10513.9902,10340.3096,10498.2598
2002-07-19,10421.5303,10421.5303,10174.6797,10202.3604
2002-07-22,10076.2998,10295.7100,9982.2402,10189.0098
2002-07-23,10102.4600,10268.0498,10003.8096,10215.6299
2002-07-24,10134.8799,10142.9004,9901.0898,9947.7197
2002-07-25,10079.9805,10166.6797,9911.1299,9929.9102
2002-07-26,9868.3301,9868.3301,9547.8496,9591.0303
2002-07-29,9654.1299,9852.7998,9636.6904,9666.6699
2002-07-30,9801.0898,10013.9902,9791.4502,10003.7197
2002-07-31,9964.7500,9965.0195,9831.5898,9877.9404
2002-08-01,9912.5898,9912.5898,9738.2305,9793.5098
2002-08-02,9716.7100,9791.9404,9633.8301,9709.6602
2002-08-05,9637.3096,9775.9297,9636.9199,9704.9297
2002-08-06,9622.5195,9623.1602,9439.4102,9501.0195
2002-08-07,9637.2402,9875.3301,9636.5400,9834.4004
2002-08-08,9844.7002,9941.0098,9740.4297,9799.5703
2002-08-09,9871.7695,10043.2998,9856.8604,9999.7900
2002-08-12,9931.8203,9931.8203,9747.8203,9747.8203
2002-08-13,9671.3301,9795.9502,9644.1396,9688.6104
2002-08-14,9642.0303,9681.8398,9618.8701,9638.4102
2002-08-15,9740.2002,9851.6797,9740.2002,9795.5703
2002-08-16,9859.1699,9883.6504,9727.8799,9788.1299
2002-08-19,9773.3799,9773.3799,9499.5098,9599.0996
2002-08-20,9696.4297,9743.0996,9585.6699,9620.6904
2002-08-21,9540.7100,9706.6904,9523.8604,9642.6104
2002-08-22,9650.5400,9851.8896,9551.1396,9814.0195
2002-08-23,9894.7998,9979.8799,9863.8398,9867.4502
2002-08-26,9811.8398,10162.2998,9797.0400,10067.7402
2002-08-27,10001.4404,10067.2500,9899.2402,9907.2998
2002-08-28,9921.0801,9953.4004,9745.3096,9766.7305
2002-08-29,9681.4102,9697.5498,9558.6797,9620.1396
2002-08-30,9646.7803,9677.5703,9524.7803,9619.2998
2002-09-02,9564.9004,9565.0801,9487.8896,9521.6299
2002-09-03,9449.2002,9472.5596,9217.0400,9217.0400
2002-09-04,9122.7002,9159.0596,8995.2002,9075.0898
2002-09-05,9147.6602,9290.4004,9075.7002,9222.1201
2002-09-06,9108.5996,9150.4502,8969.2598,9129.0703
2002-09-09,9221.5000,9353.4404,9221.5000,9306.2598
2002-09-10,9354.8896,9455.8496,9274.4600,9309.3096
2002-09-11,9384.1797,9432.4404,9353.1797,9400.0801
2002-09-12,9359.1299,9440.5400,9251.4600,9415.2305
2002-09-13,9298.9004,9305.6904,9156.7900,9241.9297
2002-09-17,9349.3799,9577.4199,9349.3799,9543.9404
2002-09-18,9431.8799,9521.5801,9257.8604,9472.0596
2002-09-19,9606.7803,9884.5996,9606.7803,9669.6201
2002-09-20,9566.1602,9672.8203,9448.3203,9481.0801
2002-09-24,9396.4199,9396.4199,9188.2900,9321.6396
2002-09-25,9212.6299,9349.2402,9106.4502,9165.4102
2002-09-26,9264.9697,9386.9600,9264.9697,9320.9199
2002-09-27,9415.7402,9572.3701,9415.7402,9530.4404
2002-09-30,9421.2500,9470.7100,9315.2500,9383.2900
2002-10-01,9289.5303,9289.5303,9143.2803,9162.2598
2002-10-02,9252.2900,9293.8604,9049.3301,9049.3301
2002-10-03,9057.9805,9087.9600,8927.5703,8936.4297
2002-10-04,8899.7695,9027.5498,8860.6504,9027.5498
2002-10-07,8920.7402,8920.7402,8650.3604,8688.0000
2002-10-08,8712.2197,8798.9404,8674.4805,8708.9004
2002-10-09,8649.0596,8651.6602,8498.4600,8539.3398
2002-10-10,8468.0303,8487.5898,8197.2197,8439.6201
2002-10-11,8512.5703,8611.4004,8483.4902,8529.6104
2002-10-15,8641.6602,8871.4404,8641.6602,8836.7305
2002-10-16,8934.0703,8974.7900,8826.4199,8884.8701
2002-10-17,8894.1299,9038.4297,8894.1299,8959.8799
2002-10-18,9055.9297,9134.7998,9055.9297,9086.1299
2002-10-21,9108.5098,9116.5195,8948.3301,8978.4102
2002-10-22,8969.5098,8969.5098,8689.3896,8689.3896
2002-10-23,8623.8701,8758.6699,8499.4902,8714.5195
2002-10-24,8724.7002,8735.6201,8549.4805,8614.2998
2002-10-25,8612.5703,8758.7500,8612.5703,8726.2900
2002-10-28,8680.0596,8757.5098,8557.9297,8757.5098
2002-10-29,8715.7402,8785.4404,8678.2500,8708.7598
2002-10-30,8631.4102,8842.7803,8615.2998,8756.5898
2002-10-31,8830.7100,8830.7100,8576.7002,8640.4805
2002-11-01,8651.6699,8698.1904,8571.4297,8685.7197
2002-11-05,8790.6602,8995.5098,8790.5703,8937.5596
2002-11-06,8955.8301,9100.6797,8914.0898,8953.2900
2002-11-07,8911.6699,8955.7002,8854.4404,8920.4404
2002-11-08,8824.4600,8824.4600,8657.1797,8690.7695
2002-11-11,8619.7402,8619.7402,8430.5000,8460.3701
2002-11-12,8402.5596,8526.8799,8380.4600,8464.7695
2002-11-13,8505.9297,8505.9297,8389.3604,8438.5195
2002-11-14,8428.5898,8501.3604,8303.3896,8303.3896
2002-11-15,8402.2598,8517.2500,8399.6797,8503.5898
2002-11-18,8477.6602,8479.7803,8292.3496,8346.0098
2002-11-19,8329.6299,8413.5898,8246.5303,8365.2598
2002-11-20,8383.5596,8533.0098,8355.4102,8459.6201
2002-11-21,8537.9697,8683.2998,8530.9297,8668.0596
2002-11-22,8758.2197,8819.5996,8715.9404,8772.5596
2002-11-25,8818.4004,8956.4805,8751.6201,8944.4404
2002-11-26,8943.5703,8983.2402,8749.8799,8823.9902
2002-11-27,8761.1699,8927.0400,8761.1699,8875.8799
2002-11-28,8968.4902,9185.6797,8967.6396,9176.7803
2002-11-29,9171.7598,9294.0996,9125.3496,9215.5596
2002-12-02,9208.6104,9251.8203,9112.4600,9174.4697
2002-12-03,9244.1699,9320.1104,9183.5801,9205.1104
2002-12-04,9126.6299,9126.6299,8960.6201,9006.7305
2002-12-05,8968.6299,9035.4199,8907.3496,8917.5703
2002-12-06,8897.6699,8907.1504,8805.0400,8863.2598
2002-12-09,8836.6797,8942.2100,8798.5596,8828.0498
2002-12-10,8756.0996,8869.2598,8753.5000,8804.5195
2002-12-11,8855.8701,8876.0303,8725.3203,8727.6602
2002-12-12,8742.6299,8754.8096,8682.9805,8708.6904
2002-12-13,8694.2305,8694.2305,8496.2900,8516.0703
2002-12-16,8499.0898,8570.4297,8416.2002,8450.9404
2002-12-17,8525.1504,8583.6797,8487.2002,8510.7305
2002-12-18,8468.4297,8489.5303,8310.4199,8344.0098
2002-12-19,8312.2998,8411.7598,8256.5195,8387.5703
2002-12-20,8408.3799,8421.9102,8305.7998,8406.8799
2002-12-24,8434.2598,8556.5801,8389.4902,8512.3701
2002-12-25,8502.1104,8527.7305,8455.6299,8501.1396
2002-12-26,8575.5801,8706.4805,8572.7197,8700.0996
2002-12-27,8686.5000,8714.0498,8630.8203,8714.0498
2002-12-30,8617.6504,8617.6504,8543.7002,8578.9502
2003-01-06,8669.8896,8761.7803,8669.8896,8713.3301
2003-01-07,8810.7402,8829.0596,8654.5195,8656.5000
2003-01-08,8614.4102,8614.4102,8491.4902,8517.7998
2003-01-09,8440.3203,8498.0303,8400.5898,8497.9297
2003-01-10,8563.3799,8569.8496,8378.1797,8470.4502
2003-01-14,8512.8203,8569.7998,8451.7002,8553.0596
2003-01-15,8564.1699,8612.1299,8475.0400,8611.7500
2003-01-16,8572.6602,8619.8398,8536.1104,8609.1699
2003-01-17,8566.8096,8732.8496,8562.1299,8690.2500
2003-01-20,8639.0400,8657.7900,8495.0000,8558.8203
2003-01-21,8562.1104,8755.3496,8528.8096,8708.5801
2003-01-22,8680.5703,8708.5400,8568.6602,8611.0400
2003-01-23,8648.5996,8794.9697,8562.1904,8790.9199
2003-01-24,8779.4404,8825.6699,8701.3203,8731.6504
2003-01-27,8656.5000,8690.1299,8588.6299,8609.4697
2003-01-28,8531.5303,8582.9297,8511.1396,8525.3896
2003-01-29,8529.6699,8529.6699,8304.0498,8331.0801
2003-01-30,8364.9004,8407.1504,8312.4102,8316.8096
2003-01-31,8291.9502,8348.0703,8237.0303,8339.9404
2003-02-03,8285.5498,8511.8701,8253.7598,8500.7900
2003-02-04,8555.7305,8579.4102,8484.9004,8484.9004
2003-02-05,8425.1904,8574.4199,8423.9297,8549.8496
2003-02-06,8562.2803,8595.2305,8451.2002,8484.1904
2003-02-07,8482.7402,8517.4502,8422.6699,8448.1602
2003-02-10,8427.2998,8502.3604,8427.2998,8484.9297
2003-02-12,8514.7803,8676.5303,8514.7803,8664.1699
2003-02-13,8644.8496,8672.9902,8550.4805,8599.6602
2003-02-14,8627.0000,8771.6299,8613.7305,8701.9199
2003-02-17,8765.6904,8821.3096,8731.9600,8771.8896
2003-02-18,8775.3799,8794.4004,8674.3799,8692.9697
2003-02-19,8756.6104,8772.9502,8667.1699,8678.4404
2003-02-20,8626.4404,8650.9199,8575.6602,8650.9199
2003-02-21,8652.6797,8685.4199,8506.8301,8513.5400
2003-02-24,8503.9805,8606.5801,8489.0303,8564.9502
2003-02-25,8475.5498,8481.2305,8324.7002,8360.4902
2003-02-26,8327.4600,8429.1699,8327.4600,8356.8096
2003-02-27,8344.0801,8377.6104,8266.9697,8359.3799
2003-02-28,8429.9805,8448.7803,8332.4102,8363.0400
2003-03-03,8397.1504,8490.4004,8357.4199,8490.4004
2003-03-04,8474.8398,8499.7695,8414.5098,8480.2197
2003-03-05,8401.7197,8493.6104,8370.5898,8472.6201
2003-03-06,8461.7100,8509.4297,8369.1504,8369.1504
2003-03-07,8296.5400,8336.2998,8144.1201,8144.1201
2003-03-10,8097.2700,8112.8701,7975.3599,8042.2598
2003-03-11,7970.8599,8062.1201,7862.4302,7862.4302
2003-03-12,7908.2300,7998.0098,7888.3101,7943.0400
2003-03-13,7968.7798,8003.1802,7868.5601,7868.5601
2003-03-14,7912.3398,8038.4600,7912.3398,8002.6899
2003-03-17,8010.3901,8018.3198,7870.7798,7871.6401
2003-03-18,7975.2500,8081.1699,7954.4600,7954.4600
2003-03-19,7956.4399,8051.0400,7824.8198,8051.0400
2003-03-20,8127.7700,8287.0898,8121.9102,8195.0498
2003-03-24,8300.3203,8451.0498,8299.6396,8435.0703
2003-03-25,8351.5400,8377.1699,8231.9502,8238.7598
2003-03-26,8257.3398,8375.7900,8257.3398,8351.9199
2003-03-27,8351.9404,8381.9297,8323.7402,8368.6699
2003-03-28,8360.7197,8360.7197,8247.9805,8280.1602
2003-03-31,8240.0996,8240.0996,7950.9600,7972.7100
2003-04-01,7907.1299,8019.4702,7866.6699,7986.7202
2003-04-02,8052.9502,8069.8501,7917.5400,8069.8501
2003-04-03,8160.6602,8178.2402,7999.1201,8017.7500
2003-04-04,7999.8999,8101.3701,7966.3901,8074.1201
2003-04-07,8123.9399,8249.9805,8077.4600,8249.9805
2003-04-08,8200.2500,8200.2500,8071.3901,8131.4102
2003-04-09,8091.2598,8159.5000,8024.8101,8057.6099
2003-04-10,8028.7998,8031.0000,7941.0498,7980.1201
2003-04-11,7960.8901,7974.2202,7807.9902,7816.4902
2003-04-14,7830.9399,7885.5200,7693.4600,7752.1001
2003-04-15,7805.1699,7906.1899,7805.1699,7838.8301
2003-04-16,7898.4102,7934.6899,7856.9399,7879.4902
2003-04-17,7828.6699,7851.0898,7807.9600,7821.8999
2003-04-18,7866.0698,7899.3501,7863.9199,7874.5098
2003-04-21,7889.4199,7996.5400,7852.9502,7969.0801
2003-04-22,7946.9502,7946.9502,7747.8599,7790.4600
2003-04-23,7829.0098,7895.6001,7756.7500,7793.3799
2003-04-24,7844.1401,7937.8599,7806.1299,7854.5698
2003-04-25,7806.2100,7806.2100,7660.6201,7699.5000
2003-04-28,7679.1099,7685.3599,7603.7598,7607.8799
2003-04-30,7694.9302,7831.4199,7694.9302,7831.4199
2003-05-01,7804.0298,7896.1602,7745.6899,7863.2900
2003-05-02,7862.6201,7907.1899,7792.2002,7907.1899
2003-05-06,7995.4902,8133.3398,7995.4902,8083.5601
2003-05-07,8126.8599,8156.0000,8061.8101,8109.7700
2003-05-08,8072.6699,8072.6699,8019.3301,8031.5498
2003-05-09,8083.6001,8152.1602,8009.3701,8152.1602
2003-05-12,8193.7305,8236.8301,8152.3799,8221.1201
2003-05-13,8253.6699,8339.0703,8190.2598,8190.2598
2003-05-14,8210.2998,8271.4697,8187.9399,8244.9102
2003-05-15,8217.6602,8217.6602,8080.5298,8123.3999
2003-05-16,8127.1299,8151.5000,8087.2402,8117.2900
2003-05-19,8091.3901,8098.7402,7974.1699,8039.1299
2003-05-20,7986.8101,8100.8398,7962.3701,8059.4800
2003-05-21,8060.8999,8120.9102,7983.0801,8018.5098
2003-05-22,8008.0098,8072.7598,7998.2700,8051.6602
2003-05-23,8120.4502,8219.8701,8110.2998,8184.7598
2003-05-26,8192.1201,8262.8096,8192.1201,8227.3203
2003-05-27,8195.8496,8205.5801,8106.8999,8120.2402
2003-05-28,8216.4805,8311.8398,8216.4805,8234.1797
2003-05-29,8275.0498,8383.9297,8264.3896,8375.3604
2003-05-30,8389.2500,8461.7305,8379.7598,8424.5098
2003-06-02,8490.2197,8602.2197,8488.8896,8547.1699
2003-06-03,8547.6504,8605.5400,8492.2402,8564.4902
2003-06-04,8617.7305,8671.5596,8557.8604,8557.8604
2003-06-05,8651.9697,8685.5498,8606.9502,8657.2305
2003-06-06,8685.4004,8814.0400,8633.2998,8785.8701
2003-06-09,8790.0303,8882.5098,8747.6699,8822.7305
2003-06-10,8752.6396,8807.2598,8716.6201,8789.0898
2003-06-11,8834.4600,9007.2900,8834.4600,8890.2998
2003-06-12,8979.8604,9002.2900,8893.3096,8918.5996
2003-06-13,8941.7900,9020.8896,8891.1797,8980.6396
2003-06-16,8923.7900,8924.4600,8809.4697,8839.8301
2003-06-17,8944.3496,9062.3799,8944.3496,9033.0000
2003-06-18,9089.7002,9188.9502,9081.3096,9092.9697
2003-06-19,9118.1797,9140.7598,9001.9502,9110.5098
2003-06-20,9034.1201,9122.9004,9032.2900,9120.3896
2003-06-23,9112.5596,9172.5303,9074.3701,9137.1396
2003-06-24,9060.4297,9074.6602,8895.8203,8919.2598
2003-06-25,8899.8096,8977.6904,8899.8096,8932.2598
2003-06-26,8931.4199,8941.4600,8846.7500,8923.4102
2003-06-27,9014.5898,9132.9502,9014.5898,9104.0596
2003-06-30,9119.5898,9140.7100,9076.6201,9083.1104
2003-07-01,9097.6104,9285.5303,9078.7402,9278.4902
2003-07-02,9353.7695,9592.2402,9353.7695,9592.2402
2003-07-03,9702.6904,9896.6396,9503.1396,9624.7998
2003-07-04,9530.5703,9637.6602,9483.0098,9547.7305
2003-07-07,9589.1904,9839.9004,9589.1904,9795.1602
2003-07-08,9899.8701,10027.5996,9856.0400,9898.7197
2003-07-09,9894.7900,9990.9502,9813.2900,9990.9502
2003-07-10,9959.4199,10070.1104,9926.0400,9955.6201
2003-07-11,9849.1504,9851.6797,9600.9600,9635.3496
2003-07-14,9713.9600,9798.4404,9660.5400,9755.6299
2003-07-15,9839.2100,9909.6504,9741.3896,9751.0000
2003-07-16,9806.5703,9823.5898,9639.3096,9735.9697
2003-07-17,9659.2998,9659.2998,9495.9902,9498.8604
2003-07-18,9468.1201,9591.6201,9460.2803,9527.7305
2003-07-22,9501.5898,9541.0498,9406.4902,9485.9697
2003-07-23,9574.5498,9631.2598,9565.6797,9615.3398
2003-07-24,9635.0596,9718.3799,9606.0996,9671.0000
2003-07-25,9652.4404,9692.4004,9569.8701,9648.0098
2003-07-28,9750.2002,9846.1904,9737.1504,9839.9102
2003-07-29,9895.7100,9932.1797,9822.7197,9834.3096
2003-07-30,9811.5996,9821.2803,9632.6602,9632.6602
2003-07-31,9616.3301,9646.2100,9507.3896,9563.2100
2003-08-01,9646.6602,9652.1904,9520.1396,9611.6699
2003-08-04,9538.9404,9538.9404,9452.7900,9452.7900
2003-08-05,9456.8203,9459.1602,9304.7100,9382.5801
2003-08-06,9296.6504,9375.4297,9287.3896,9323.9102
2003-08-07,9324.5801,9334.5596,9224.0498,9265.5596
2003-08-08,9256.6904,9367.6396,9251.7305,9327.5303
2003-08-11,9349.0498,9498.1504,9332.4697,9487.7998
2003-08-12,9547.5801,9620.2100,9517.1396,9564.8096
2003-08-13,9637.9297,9762.1602,9637.9297,9752.7500
2003-08-14,9730.6299,9924.6904,9678.9902,9913.4697
2003-08-15,9945.2998,10038.0898,9854.2695,9863.4697
2003-08-18,9933.5498,10048.9199,9933.5498,10032.9697
2003-08-19,10143.3096,10241.9404,10131.2100,10174.0996
2003-08-20,10201.2100,10334.2900,10164.4199,10292.0596
2003-08-21,10245.9600,10377.3896,10202.7197,10362.6904
2003-08-22,10374.2197,10378.1299,10262.2695,10281.1699
2003-08-25,10264.6104,10331.2695,10205.2500,10276.6396
2003-08-26,10208.5596,10356.7598,10171.1699,10332.5703
2003-08-27,10349.6396,10415.5303,10272.9600,10308.9902
2003-08-28,10326.5801,10356.4199,10189.7998,10225.2197
2003-08-29,10315.2598,10362.8496,10282.5098,10343.5498
2003-09-01,10399.5303,10670.1797,10381.9805,10670.1797
2003-09-02,10668.5801,10748.7598,10616.6104,10690.0801
2003-09-03,10782.0996,10813.5898,10601.4805,10715.6904
2003-09-04,10751.5303,10783.6797,10646.9502,10646.9502
2003-09-05,10700.8301,10707.7500,10592.9297,10650.7695
2003-09-08,10584.3604,10725.5400,10562.7803,10683.7598
2003-09-09,10766.4697,10927.6201,10765.0400,10922.0400
2003-09-10,10872.4297,10938.2998,10839.2100,10856.3203
2003-09-11,10742.4902,10749.0098,10540.2803,10546.3301
2003-09-12,10656.9297,10751.4297,10613.7002,10712.8096
2003-09-16,10786.3301,10887.0303,10758.3301,10887.0303
2003-09-17,11008.6299,11099.0596,10964.9902,10990.1104
2003-09-18,10936.5303,11067.6201,10869.6904,11033.3203
2003-09-19,11123.7305,11160.1904,10938.4199,10938.4199
2003-09-22,10858.0898,10858.0898,10412.2002,10475.0996
2003-09-24,10526.8896,10672.5400,10367.1699,10502.2900
2003-09-25,10350.0303,10371.6904,10225.4805,10310.0400
2003-09-26,10217.2305,10366.2100,10213.7500,10318.4404
2003-09-29,10303.2598,10309.1699,10148.3604,10229.5703
2003-09-30,10294.7500,10420.7598,10219.0498,10219.0498
2003-10-01,10232.5703,10361.2402,10173.5400,10361.2402
2003-10-02,10476.5801,10620.6201,10465.8896,10593.5303
2003-10-03,10618.0801,10726.9199,10583.5098,10709.2900
2003-10-06,10813.5596,10905.1904,10719.9102,10740.1396
2003-10-07,10761.7100,10820.3301,10697.8301,10820.3301
2003-10-08,10757.6201,10797.7998,10511.4199,10542.2002
2003-10-09,10550.4102,10598.9600,10485.5996,10531.4404
2003-10-10,10569.7197,10852.4199,10569.7197,10786.0400
2003-10-14,10873.2998,11031.7305,10863.0596,10966.4297
2003-10-15,10997.6104,10997.6104,10856.4199,10899.9502
2003-10-16,10917.4697,11025.1504,10831.7598,11025.1504
2003-10-17,11057.2197,11112.2900,10977.9004,11037.8896
2003-10-20,10988.4805,11210.9404,10875.2695,11161.7100
2003-10-21,11234.3096,11238.6299,10996.5400,11031.5195
2003-10-22,11060.5498,11060.8496,10883.7695,10889.6201
2003-10-23,10754.0098,10754.0098,10304.2900,10335.1602
2003-10-24,10402.6699,10480.5303,10186.7695,10335.7002
2003-10-27,10360.8604,10483.3398,10349.7598,10454.1201
2003-10-28,10490.2900,10592.0498,10456.8496,10561.0098
2003-10-29,10653.5400,10791.7500,10653.5400,10739.2197
2003-10-30,10702.9404,10761.6201,10638.8896,10695.5596
2003-10-31,10708.0400,10774.1104,10521.4004,10559.5898
2003-11-04,10693.6602,10869.3496,10693.6602,10847.9697
2003-11-05,10816.2305,10837.5400,10668.3896,10837.5400
2003-11-06,10825.1396,10825.1396,10537.1299,10552.2998
2003-11-07,10583.1201,10641.5000,10479.2500,10628.9805
2003-11-10,10592.3496,10617.9805,10481.0703,10504.5400
2003-11-11,10407.7998,10407.7998,10112.0996,10207.0400
2003-11-12,10252.5703,10328.9102,10155.6396,10226.2197
2003-11-13,10345.2100,10431.4102,10277.5400,10337.6699
2003-11-14,10338.2002,10354.8398,10164.1201,10167.0596
2003-11-17,10077.8799,10077.8799,9756.5000,9786.8301
2003-11-18,9790.9199,9906.8799,9678.7803,9897.0498
2003-11-19,9804.0898,9804.7002,9614.5996,9614.5996
2003-11-20,9722.0703,9883.8896,9653.7598,9865.7002
2003-11-21,9804.4404,9888.9297,9758.3398,9852.8301
2003-11-25,9976.1299,10064.4502,9959.5098,9960.2002
2003-11-26,9965.5400,10161.7900,9965.5400,10144.8301
2003-11-27,10155.2803,10173.5996,10075.2305,10163.3799
2003-11-28,10144.4297,10144.4297,10033.4697,10100.5703
2003-12-01,10006.1299,10439.0000,9911.9199,10403.2695
2003-12-02,10452.6396,10552.3496,10373.9502,10410.1504
2003-12-03,10412.2402,10485.4697,10326.3896,10326.3896
2003-12-04,10341.7100,10449.5400,10339.8896,10429.9902
2003-12-05,10406.4697,10456.7803,10333.6396,10373.4600
2003-12-08,10281.2500,10293.7402,10013.5898,10045.3398
2003-12-09,10107.2598,10158.6504,10004.7100,10124.2803
2003-12-10,10053.1699,10053.1699,9859.0000,9910.5596
2003-12-11,9972.5801,10088.1104,9951.3398,10075.1396
2003-12-12,10139.6904,10228.2197,10085.8496,10169.6602
2003-12-15,10308.3398,10490.7695,10308.3398,10490.7695
2003-12-16,10352.0400,10352.0400,10222.8799,10271.5996
2003-12-17,10276.1904,10280.0801,10058.3398,10092.6396
2003-12-18,10096.7998,10173.6797,10073.2598,10104.0000
2003-12-19,10215.7100,10305.8096,10213.2100,10284.5400
2003-12-22,10248.8096,10386.4404,10248.6201,10372.5098
2003-12-24,10397.8604,10400.2500,10326.1699,10371.2695
2003-12-25,10347.7500,10367.6797,10311.5996,10365.3496
2003-12-26,10367.1299,10417.4102,10336.0801,10417.4102
2003-12-29,10454.6904,10574.9404,10454.6904,10500.6201
2003-12-30,10617.6201,10681.2803,10609.5801,10676.6396
2004-01-05,10787.8301,10862.3496,10785.8701,10825.1699
2004-01-06,10918.4805,10945.2998,10790.5996,10813.9902
2004-01-07,10835.9004,10852.0596,10710.2998,10757.8203
2004-01-08,10760.9805,10888.6104,10727.7998,10837.6504
2004-01-09,10932.3398,11008.5596,10861.2803,10965.0498
2004-01-13,10965.6104,10965.6104,10790.4102,10849.6797
2004-01-14,10797.7002,10883.2402,10730.4502,10863.0000
2004-01-15,10855.2002,10881.7695,10665.1504,10665.1504
2004-01-16,10719.1904,10857.2002,10715.2500,10857.2002
2004-01-19,10937.4600,11044.3096,10916.9902,11036.3301
2004-01-20,11055.0098,11193.6396,10979.2500,11103.0996
2004-01-21,11056.1396,11163.6201,11002.3896,11002.3896
2004-01-22,11060.3096,11115.1299,10997.4502,11000.7002
2004-01-23,11001.8701,11139.3896,10937.4805,11069.0098
2004-01-26,11004.4404,11013.3701,10872.7900,10972.5996
2004-01-27,11049.1201,11075.2998,10916.5098,10928.0303
2004-01-28,10844.5801,10901.4502,10799.5400,10852.4697
2004-01-29,10755.3701,10786.2100,10666.5498,10779.4404
2004-01-30,10761.8301,10838.4004,10729.3799,10783.6104
2004-02-02,10784.9297,10861.9697,10765.3799,10776.7305
2004-02-03,10787.3203,10800.7803,10507.9297,10641.9199
2004-02-04,10614.7305,10627.2598,10418.7695,10447.2500
2004-02-05,10377.9004,10478.4102,10374.9004,10464.5996
2004-02-06,10484.4297,10502.3496,10399.4004,10460.9199
2004-02-09,10533.4004,10595.9404,10359.1699,10402.6104
2004-02-10,10418.1797,10460.4004,10299.4297,10365.4004
2004-02-12,10450.3701,10557.0098,10449.7002,10459.2598
2004-02-13,10436.6904,10572.6201,10413.0596,10557.6904
2004-02-16,10566.0195,10617.7002,10534.4102,10548.7197
2004-02-17,10556.1797,10721.3096,10529.2598,10701.1299
2004-02-18,10759.4805,10798.1504,10676.8096,10676.8096
2004-02-19,10745.4004,10813.0596,10723.4297,10753.7998
2004-02-20,10743.7998,10765.7900,10676.2100,10720.6904
2004-02-23,10745.0498,10893.4297,10736.4404,10868.9600
2004-02-24,10821.9697,10856.5596,10629.7197,10644.1299
2004-02-25,10626.6396,10727.4697,10617.8604,10658.7305
2004-02-26,10734.3301,10815.2900,10690.9502,10815.2900
2004-02-27,10852.7500,11069.2803,10851.7695,11041.9199
2004-03-01,11112.6797,11329.0000,11096.6797,11271.1201
2004-03-02,11344.8301,11386.4805,11282.4902,11361.5098
2004-03-03,11365.7197,11430.0098,11320.0000,11351.9199
2004-03-04,11341.9805,11480.8398,11336.9697,11401.7900
2004-03-05,11476.4902,11537.2900,11411.6602,11537.2900
2004-03-08,11578.0195,11643.3701,11502.8604,11502.8604
2004-03-09,11460.5996,11532.0400,11439.0400,11532.0400
2004-03-10,11490.2598,11492.5703,11353.9004,11433.2402
2004-03-11,11310.1504,11354.9600,11237.0400,11297.0400
2004-03-12,11163.5801,11191.4502,11045.9404,11162.7500
2004-03-15,11284.3496,11348.4004,11278.0498,11317.9004
2004-03-16,11253.4297,11311.0703,11236.3496,11242.2900
2004-03-17,11297.4600,11478.3496,11297.4600,11436.8604
2004-03-18,11571.3604,11647.7100,11452.3896,11484.2803
2004-03-19,11416.0400,11487.7305,11364.3604,11418.5098
2004-03-22,11332.2402,11351.7100,11284.8398,11318.5098
2004-03-23,11200.8301,11327.6201,11071.6602,11281.0898
2004-03-24,11295.9697,11384.6904,11234.7002,11364.9902
2004-03-25,11431.6104,11530.9102,11425.5801,11530.9102
2004-03-26,11619.4805,11782.1797,11611.5400,11770.6504
2004-03-29,11775.4600,11843.3398,11672.9199,11718.2402
2004-03-30,11824.8301,11869.0000,11677.2002,11693.6797
2004-03-31,11716.5498,11783.8301,11592.8301,11715.3896
2004-04-01,11756.1602,11813.7002,11648.4805,11683.4199
2004-04-02,11726.8701,11843.9297,11715.4102,11815.9502
2004-04-05,11949.3096,12003.9199,11934.5801,11958.3203
2004-04-06,12042.9902,12095.6396,11937.5195,12079.7002
2004-04-07,12017.3496,12097.7002,12001.0000,12019.6201
2004-04-08,12013.1602,12119.3096,11961.5596,12092.5898
2004-04-09,12012.6299,12012.6299,11862.3398,11897.5098
2004-04-12,11926.4805,12085.0703,11926.4805,12042.7002
2004-04-13,12140.1201,12170.9600,12096.9600,12127.8203
2004-04-14,12064.4902,12134.2695,12034.4600,12098.1797
2004-04-15,12118.0303,12189.9805,11770.4004,11800.4004
2004-04-16,11817.9697,11864.4102,11690.2402,11824.5596
2004-04-19,11854.6396,11861.1699,11623.6504,11764.2100
2004-04-20,11821.4600,12037.9502,11768.0801,11952.2598
2004-04-21,11943.9004,12001.2695,11881.4199,11944.2998
2004-04-22,12026.0898,12074.1396,11952.7803,11980.0996
2004-04-23,12050.7002,12120.6602,12015.2197,12120.6602
2004-04-26,12135.3096,12195.6602,12095.7002,12163.8896
2004-04-27,12115.0498,12115.0498,12025.2100,12044.8799
2004-04-28,12077.2100,12085.3896,11969.3301,12004.2900
2004-04-30,11862.3496,11862.3496,11652.1699,11761.7900
2004-05-06,11777.4404,11785.2598,11554.0195,11571.3398
2004-05-07,11497.4004,11582.0703,11438.8203,11438.8203
2004-05-10,11384.0303,11392.7900,10838.9297,10884.7002
2004-05-11,10850.4805,10970.4697,10790.1299,10907.1797
2004-05-12,11017.6504,11157.3398,10984.7900,11153.5801
2004-05-13,11081.7500,11081.7500,10825.0996,10825.0996
2004-05-14,10846.6104,10939.0898,10739.4902,10849.6299
2004-05-17,10790.7900,10790.7900,10489.8398,10505.0498
2004-05-18,10533.1699,10711.0898,10524.5000,10711.0898
2004-05-19,10777.3799,10993.0801,10716.2305,10967.7402
2004-05-20,10949.0703,11045.6602,10760.6904,10862.0400
2004-05-21,10889.8896,11076.4297,10872.0098,11070.2500
2004-05-24,11094.7100,11170.2695,11043.2197,11101.6396
2004-05-25,11071.5098,11071.5098,10927.4404,10962.9297
2004-05-26,11095.3701,11213.7900,11093.8301,11152.0898
2004-05-27,11163.8203,11219.4600,11119.1504,11166.0303
2004-05-28,11267.2305,11345.4004,11255.9902,11309.5703
2004-05-31,11288.7900,11297.1504,11100.8496,11236.3701
2004-06-01,11204.6904,11338.4697,11170.0898,11296.7598
2004-06-02,11283.2100,11283.2100,11184.7305,11242.3398
2004-06-03,11275.9502,11358.5098,10963.5596,11027.0498
2004-06-04,11057.1904,11128.0498,11017.2500,11128.0498
2004-06-07,11212.6396,11485.6299,11212.6396,11439.9199
2004-06-08,11533.9297,11542.5898,11452.9902,11521.9297
2004-06-09,11514.7197,11521.0596,11419.1299,11449.7402
2004-06-10,11378.4502,11624.7100,11367.4004,11575.9697
2004-06-11,11595.0000,11637.7305,11486.5498,11526.8203
2004-06-14,11495.7998,11622.7998,11475.3096,11491.6602
2004-06-15,11457.1104,11482.9199,11349.4297,11387.7002
2004-06-16,11492.4297,11673.4805,11492.4297,11641.7197
2004-06-17,11630.2100,11649.3301,11510.1797,11607.9004
2004-06-18,11552.7197,11555.2002,11310.1602,11382.0801
2004-06-21,11474.3896,11729.1299,11474.3896,11600.1602
2004-06-22,11546.9297,11581.2695,11472.0801,11581.2695
2004-06-23,11642.2305,11678.8398,11547.1299,11580.5596
2004-06-24,11652.5400,11744.1504,11649.2900,11744.1504
2004-06-25,11742.9404,11780.4004,11661.1104,11780.4004
2004-06-28,11801.8799,11884.0596,11774.6699,11884.0596
2004-06-29,11816.8896,11885.5000,11788.1504,11860.8096
2004-06-30,11869.8604,11887.9502,11808.1299,11858.8701
2004-07-01,11933.3301,11988.1201,11889.7002,11896.0098
2004-07-02,11781.5400,11781.5400,11693.0000,11721.4902
2004-07-05,11622.8496,11648.8496,11511.4902,11541.7100
2004-07-06,11536.4502,11606.5996,11475.2695,11475.2695
2004-07-07,11359.7100,11429.2402,11251.3496,11384.8604
2004-07-08,11372.6299,11411.3096,11279.5498,11322.2305
2004-07-09,11283.2803,11449.4502,11283.0801,11423.5303
2004-07-12,11532.6396,11598.9004,11474.0801,11582.2803
2004-07-13,11544.0195,11608.6201,11501.2197,11608.6201
2004-07-14,11663.4004,11664.0000,11356.6504,11356.6504
2004-07-15,11413.3301,11440.0195,11315.9697,11409.1396
2004-07-16,11327.7500,11475.1201,11243.2803,11436.0000
2004-07-20,11318.1396,11318.1396,11191.7598,11258.3701
2004-07-21,11335.2402,11433.8604,11326.6797,11433.8604
2004-07-22,11310.5703,11310.5703,11227.9502,11285.0400
2004-07-23,11263.5000,11264.2500,11170.5400,11187.3301
2004-07-26,11099.8701,11159.5498,11065.7197,11159.5498
2004-07-27,11126.2695,11180.7998,11028.3496,11031.5400
2004-07-28,11133.4805,11236.0303,11132.9199,11204.3701
2004-07-29,11187.3096,11189.2803,11018.7900,11116.8398
2004-07-30,11211.2002,11325.9902,11210.3203,11325.7803
2004-08-02,11274.4502,11279.7100,11161.8398,11222.2402
2004-08-03,11230.2900,11258.8799,11102.5000,11140.5703
2004-08-04,11077.5195,11084.9805,10888.7803,11010.0195
2004-08-05,11060.1797,11104.6904,10981.3203,11060.8896
2004-08-06,10944.6104,10974.4502,10894.6504,10972.5703
2004-08-09,10827.5996,10916.4600,10737.4199,10908.7002
2004-08-10,10849.7002,10972.0703,10849.7002,10953.5498
2004-08-11,11049.7998,11076.3799,10997.0703,11049.4600
2004-08-12,11005.1299,11091.6396,11005.1299,11028.0703
2004-08-13,10901.5596,10903.6104,10757.2002,10757.2002
2004-08-16,10728.9805,10730.5303,10545.8896,10687.8096
2004-08-17,10772.2402,10802.6396,10705.7402,10725.9697
2004-08-18,10724.8203,10774.2598,10659.2100,10774.2598
2004-08-19,10861.9199,10908.7402,10830.6504,10903.5303
2004-08-20,10859.0801,10938.9404,10837.0098,10889.1396
2004-08-23,10961.9102,11007.6396,10947.7500,10960.9697
2004-08-24,10978.6201,11016.1201,10897.1104,10985.3301
2004-08-25,10959.5195,11143.7500,10934.4502,11130.0195
2004-08-26,11196.2900,11225.9502,11101.6299,11129.3301
2004-08-27,11148.2100,11209.5898,11107.9404,11209.5898
2004-08-30,11181.2998,11226.2998,11128.7100,11184.5303
2004-08-31,11119.1504,11154.2803,11042.2900,11081.7900
2004-09-01,11104.8496,11169.4297,11102.4102,11127.3496
2004-09-02,11179.3203,11190.5098,11097.8096,11152.7500
2004-09-03,11182.0996,11186.8203,11013.3604,11022.4902
2004-09-06,11086.6904,11270.3604,11057.3203,11244.3701
2004-09-07,11275.2803,11312.0596,11226.7803,11298.9404
2004-09-08,11345.1201,11357.8496,11270.5303,11279.1904
2004-09-09,11276.4902,11330.3301,11145.7900,11170.9600
2004-09-10,11089.9004,11089.9600,10960.0303,11083.2305
2004-09-13,11139.9697,11257.8496,11131.0303,11253.1104
2004-09-14,11312.7197,11352.4199,11274.4297,11295.5801
2004-09-15,11278.6602,11285.7998,11158.5801,11158.5801
2004-09-16,11092.7002,11177.6602,11089.8203,11139.3604
2004-09-17,11132.0596,11145.4902,11046.0996,11082.4902
2004-09-21,11148.2100,11151.1104,11059.9502,11080.8701
2004-09-22,11111.2998,11135.4600,10963.8203,11019.4102
2004-09-24,10934.0195,10934.0195,10826.4004,10895.1602
2004-09-27,10863.3496,10888.0400,10782.5596,10859.3203
2004-09-28,10805.6602,10821.8398,10737.7803,10815.5703
2004-09-29,10873.8799,10873.8896,10770.2305,10786.0996
2004-09-30,10870.2100,10928.1904,10823.5703,10823.5703
2004-10-01,10893.1904,10987.1797,10893.1904,10985.1699
2004-10-04,11111.4502,11282.6504,11105.0000,11279.6299
2004-10-05,11257.2002,11304.7197,11242.1201,11281.8301
2004-10-06,11221.5400,11408.0996,11218.3799,11385.3799
2004-10-07,11399.4199,11410.4004,11337.1904,11354.5898
2004-10-08,11311.4102,11370.3398,11302.7500,11349.3496
2004-10-12,11295.0498,11320.7900,11182.5000,11201.8096
2004-10-13,11235.4600,11306.8701,11195.9902,11195.9902
2004-10-14,11150.5898,11150.5898,11033.3096,11034.2900
2004-10-15,10960.2500,11015.4502,10913.2100,10982.9502
2004-10-18,11022.1104,11022.1104,10914.4697,10965.6201
2004-10-19,11028.3799,11106.8203,11024.3799,11064.8604
2004-10-20,10992.5000,10992.5000,10853.8896,10882.1797
2004-10-21,10882.0498,10901.3398,10753.0703,10789.2305
2004-10-22,10848.7500,10892.2695,10811.1504,10857.1299
2004-10-25,10718.9297,10718.9297,10575.2305,10659.1504
2004-10-26,10652.3701,10683.9404,10626.5996,10672.4600
2004-10-27,10740.6504,10777.4297,10657.1504,10691.9502
2004-10-28,10809.0996,10895.0898,10798.1299,10853.1201
2004-10-29,10805.1201,10805.1201,10719.0996,10771.4199
2004-11-01,10731.0195,10735.1904,10690.9502,10734.7100
2004-11-02,10775.0000,10895.7002,10775.0000,10887.8096
2004-11-04,10990.7002,11005.2002,10946.2695,10946.2695
2004-11-05,11040.0596,11089.5996,11023.1602,11061.7695
2004-11-08,11095.5000,11096.4502,10974.3301,10983.8301
2004-11-09,10967.1699,11040.4404,10945.0996,10964.8701
2004-11-10,10972.6299,11030.2197,10965.9102,10994.9600
2004-11-11,11021.8799,11048.2900,10845.0703,10846.9199
2004-11-12,10841.4297,11026.9297,10841.4297,11019.9805
2004-11-15,11079.1699,11231.1396,11073.7695,11227.5703
2004-11-16,11234.7197,11268.8096,11143.5596,11161.7500
2004-11-17,11132.0498,11192.3301,11127.2002,11131.2900
2004-11-18,11182.0898,11235.3203,11062.7305,11082.4199
2004-11-19,11120.9404,11158.4502,11077.0898,11082.8398
2004-11-22,10956.4102,10956.4102,10769.5195,10849.3896
2004-11-24,10832.0195,10915.2002,10828.1104,10872.3301
2004-11-25,10853.0996,10900.3398,10818.2402,10900.3398
2004-11-26,10924.4502,10927.4404,10816.3799,10833.7500
2004-11-29,10844.3604,11013.2998,10844.3096,10977.8896
2004-11-30,10909.2500,10923.5596,10841.2695,10899.2500
2004-12-01,10790.4502,10800.3301,10721.5898,10784.2500
2004-12-02,10922.5703,10995.3799,10912.8701,10973.0703
2004-12-03,11064.2500,11107.0996,11059.5596,11074.8896
2004-12-06,11021.1602,11026.8604,10959.4902,10981.9600
2004-12-07,10971.2100,11001.6797,10863.8096,10873.6299
2004-12-08,10808.4404,10948.9697,10808.4404,10941.3701
2004-12-09,10930.8701,10930.8701,10742.7305,10776.6299
2004-12-10,10730.3799,10828.6699,10730.3799,10756.7998
2004-12-13,10825.0596,10854.7598,10785.5898,10789.2500
2004-12-14,10842.7998,10941.7002,10821.3604,10915.5801
2004-12-15,10952.7100,10999.9199,10921.6504,10956.4600
2004-12-16,10909.2900,10980.2100,10871.6904,10924.3701
2004-12-17,10939.2002,11130.8203,10921.8096,11078.3203
2004-12-20,11073.5498,11129.1299,11036.7998,11103.4199
2004-12-21,11125.2197,11186.7100,11125.2197,11125.9199
2004-12-22,11205.9199,11240.1797,11193.6699,11209.4404
2004-12-24,11302.4600,11369.9805,11302.4600,11365.4805
2004-12-27,11374.5195,11383.0996,11325.4600,11362.3496
2004-12-28,11314.4004,11424.1299,11314.4004,11424.1299
2004-12-29,11481.3203,11500.9502,11381.5596,11381.5596
2004-12-30,11462.3096,11489.2803,11454.9404,11488.7598
2005-01-04,11458.2695,11547.0195,11431.5703,11517.7500
2005-01-05,11458.9199,11461.0996,11416.9697,11437.5195
2005-01-06,11372.3496,11492.2598,11372.2100,11492.2598
2005-01-07,11528.6904,11528.6904,11432.1904,11433.2402
2005-01-11,11495.4600,11580.6904,11495.4600,11539.9902
2005-01-12,11537.5996,11548.8896,11449.4902,11453.3896
2005-01-13,11398.9404,11424.6797,11355.0498,11358.2197
2005-01-14,11341.7998,11491.1797,11320.4902,11438.3896
2005-01-17,11475.2002,11535.8604,11453.8604,11487.0996
2005-01-18,11504.1602,11509.4004,11401.3203,11423.2598
2005-01-19,11467.7402,11486.9297,11396.4297,11405.3398
2005-01-20,11335.1201,11335.1201,11259.2695,11284.7695
2005-01-21,11226.0703,11290.1396,11222.2402,11238.3701
2005-01-24,11213.0303,11303.2100,11212.6299,11289.4902
2005-01-25,11261.6201,11276.9102,11214.5996,11276.9102
2005-01-26,11346.8096,11379.5703,11329.4199,11376.5703
2005-01-27,11390.0898,11390.0898,11316.2998,11341.3096
2005-01-28,11334.4102,11340.2803,11218.8799,11320.5801
2005-01-31,11296.9902,11467.5000,11266.0898,11387.5898
2005-02-01,11422.0195,11422.0195,11330.0596,11384.4004
2005-02-02,11432.3398,11447.2803,11399.6201,11407.1396
2005-02-03,11430.9004,11444.1797,11344.4102,11389.3496
2005-02-04,11381.5000,11383.0498,11271.0400,11360.4004
2005-02-07,11393.0400,11531.2500,11381.7803,11499.8604
2005-02-08,11504.1201,11519.0303,11464.3398,11490.4297
2005-02-09,11519.9004,11538.1299,11457.9600,11473.3496
2005-02-10,11434.8896,11553.7305,11414.9902,11553.5596
2005-02-14,11644.4004,11677.5703,11626.4199,11632.2002
2005-02-15,11648.6797,11676.2598,11635.5703,11646.4902
2005-02-16,11629.6904,11684.9102,11585.4600,11601.6797
2005-02-17,11583.8398,11638.1797,11574.0596,11582.7197
2005-02-18,11562.9297,11660.1201,11562.9297,11660.1201
2005-02-21,11682.1904,11690.4902,11651.0195,11651.0195
2005-02-22,11636.4697,11651.5098,11592.0400,11597.7100
2005-02-23,11510.7598,11510.7598,11452.4199,11500.1797
2005-02-24,11513.8398,11557.8604,11507.2002,11531.1504
2005-02-25,11585.8398,11677.2002,11585.4600,11658.2500
2005-02-28,11742.0098,11754.9004,11704.3203,11740.5996
2005-03-01,11734.1396,11780.5303,11719.7695,11780.5303
2005-03-02,11804.8398,11831.6904,11780.6104,11813.7100
2005-03-03,11790.9102,11856.4600,11790.9102,11856.4600
2005-03-04,11815.7900,11881.9805,11769.6699,11873.0498
2005-03-07,11935.7998,11975.4600,11917.7695,11925.3604
2005-03-08,11936.8398,11936.8398,11878.8896,11886.9102
2005-03-09,11882.2500,11966.6904,11882.2500,11966.6904
2005-03-10,11892.3799,11959.1797,11863.5400,11864.9102
2005-03-11,11838.0195,11964.2100,11838.0195,11923.8896
2005-03-14,11947.2900,11955.2900,11850.2500,11850.2500
2005-03-15,11899.2002,11912.8096,11785.1602,11821.0898
2005-03-16,11822.1797,11873.1797,11793.0303,11873.1797
2005-03-17,11785.9502,11808.0400,11754.9805,11775.5000
2005-03-18,11792.2900,11922.5400,11790.9600,11879.8096
2005-03-22,11867.3398,11889.1299,11830.9600,11841.9697
2005-03-23,11823.9697,11823.9697,11681.1602,11739.1201
2005-03-24,11741.1699,11819.3701,11706.2695,11745.9697
2005-03-25,11788.6797,11802.7002,11732.7998,11761.0996
2005-03-28,11709.7900,11816.7197,11709.7900,11792.2998
2005-03-29,11809.6602,11809.6602,11563.1201,11599.8203
2005-03-30,11548.9297,11608.4502,11506.8496,11565.8799
2005-03-31,11623.0996,11668.9502,11590.7197,11668.9502
2005-04-01,11590.4502,11723.6299,11557.1299,11723.6299
2005-04-04,11666.3096,11701.1904,11652.6602,11667.5400
2005-04-05,11695.9697,11786.6504,11695.9697,11774.3096
2005-04-06,11783.7402,11841.2500,11760.7100,11827.1602
2005-04-07,11848.4902,11848.4902,11757.8701,11810.9902
2005-04-08,11867.1504,11911.9004,11839.6602,11874.7500
2005-04-11,11847.9199,11847.9199,11744.8604,11745.6396
2005-04-12,11739.0498,11764.0098,11657.6602,11670.2998
2005-04-13,11688.2197,11718.7803,11602.9404,11637.5195
2005-04-14,11578.7803,11580.5498,11474.8203,11563.1699
2005-04-15,11463.1504,11463.1504,11343.7305,11370.6904
2005-04-18,11223.6504,11223.6504,10920.6602,10938.4404
2005-04-19,11019.7598,11082.8398,10966.4600,11065.8604
2005-04-20,11173.8398,11199.3799,11052.3799,11088.5801
2005-04-21,10950.7305,11001.3096,10770.5801,10984.3896
2005-04-22,11116.6104,11134.9902,11045.9502,11045.9502
2005-04-25,11064.9502,11114.4502,11020.5898,11073.7695
2005-04-26,11085.7500,11085.7500,11019.9404,11035.8301
2005-04-27,10968.7695,11022.4404,10968.5801,11005.4199
2005-04-28,10979.0498,11008.9004,10892.7100,11008.9004
2005-05-02,10954.2100,11035.9502,10913.9697,11002.1104
2005-05-06,11119.7803,11192.1699,11109.3301,11192.1699
2005-05-09,11199.0996,11199.0996,11119.4805,11171.3203
2005-05-10,11193.2197,11211.3604,11125.0000,11159.4600
2005-05-11,11091.2598,11120.7002,11038.2598,11120.7002
2005-05-12,11118.1299,11135.5000,11069.6904,11077.9404
2005-05-13,11044.7100,11103.0801,11017.7900,11049.1104
2005-05-16,11045.2900,11048.8496,10935.5303,10947.2197
2005-05-17,11046.2998,11066.7598,10788.5898,10825.3896
2005-05-18,10848.6299,10891.6904,10821.4102,10835.4102
2005-05-19,10973.2803,11102.4297,10953.0801,11077.1602
2005-05-20,11104.3301,11110.4502,11034.8203,11037.2900
2005-05-23,11073.0098,11163.5400,11056.8604,11158.6504
2005-05-24,11184.6396,11199.2305,11101.9297,11133.6504
2005-05-25,11127.3096,11127.9004,10988.3701,11014.4297
2005-05-26,11024.3604,11047.3701,10978.8496,11027.9404
2005-05-27,11098.2598,11192.3301,11089.2305,11192.3301
2005-05-30,11201.3203,11302.5195,11197.7900,11266.3301
2005-05-31,11273.8096,11297.3301,11221.4600,11276.5898
2005-06-01,11220.9404,11329.6699,11220.5498,11329.6699
2005-06-02,11341.8896,11374.6904,11280.0498,11280.0498
2005-06-03,11302.9600,11317.9404,11233.6504,11300.0498
2005-06-06,11232.6504,11270.6201,11184.5996,11270.6201
2005-06-07,11233.0801,11258.2803,11179.1299,11217.4502
2005-06-08,11235.2695,11322.4297,11229.8604,11281.0303
2005-06-09,11289.0303,11294.4297,11148.3604,11160.8799
2005-06-10,11192.9902,11331.3701,11173.9297,11304.2305
2005-06-13,11308.6504,11371.8203,11299.7803,11311.5098
2005-06-14,11348.5303,11363.4805,11326.5098,11335.9199
2005-06-15,11365.6201,11429.9297,11355.8496,11415.8799
2005-06-16,11419.9404,11462.5195,11386.0098,11416.3799
2005-06-17,11472.3604,11514.0303,11463.3604,11514.0303
2005-06-20,11539.1797,11539.1797,11455.2305,11483.3496
2005-06-21,11474.2305,11511.2305,11464.2500,11488.7402
2005-06-22,11487.0596,11560.5996,11445.4297,11547.2803
2005-06-23,11539.4199,11576.7500,11530.7803,11576.7500
2005-06-24,11480.3301,11537.0303,11472.6104,11537.0303
2005-06-27,11445.6396,11445.6396,11378.9902,11414.2803
2005-06-28,11421.4805,11519.4805,11413.8398,11513.8301
2005-06-29,11567.8203,11594.5703,11547.1299,11577.4404
2005-06-30,11573.7803,11589.6299,11542.4502,11584.0098
2005-07-01,11573.3701,11663.6602,11540.9297,11630.1299
2005-07-04,11664.2197,11664.2197,11629.1602,11651.5498
2005-07-05,11645.2305,11658.2598,11606.7598,11616.7002
2005-07-06,11648.0400,11676.2002,11603.5303,11603.5303
2005-07-07,11586.1201,11602.8096,11567.5098,11590.1396
2005-07-08,11563.8398,11653.2598,11563.8398,11565.9902
2005-07-11,11676.9697,11713.1201,11668.7695,11674.7900
2005-07-12,11737.3203,11738.2998,11672.9404,11692.1396
2005-07-13,11705.8301,11707.9600,11659.6504,11659.8398
2005-07-14,11715.4600,11784.5098,11715.4600,11764.2598
2005-07-15,11825.6699,11828.3096,11758.6797,11758.6797
2005-07-19,11761.6104,11770.5596,11731.9902,11764.8398
2005-07-20,11780.7305,11816.9902,11761.2100,11789.3496
2005-07-21,11808.5303,11867.2305,11786.7305,11786.7305
2005-07-22,11751.9199,11753.0098,11650.3701,11695.0498
2005-07-25,11721.7002,11782.2100,11718.6602,11762.6504
2005-07-26,11762.6904,11772.6797,11719.0195,11737.9600
2005-07-27,11770.5703,11848.6602,11770.5703,11835.0801
2005-07-28,11881.8604,11889.8604,11853.6201,11858.3096
2005-07-29,11900.5596,11913.5000,11826.8604,11899.5996
2005-08-01,11907.4199,11972.8398,11906.0400,11946.9199
2005-08-02,11954.2305,11982.2002,11920.8799,11940.2002
2005-08-03,11987.9805,12009.5596,11950.3096,11981.7998
2005-08-04,11945.1396,11945.1396,11823.2002,11883.3096
2005-08-05,11842.1602,11863.3896,11724.6104,11766.4805
2005-08-08,11670.7100,11794.8398,11614.7100,11778.9805
2005-08-09,11797.3301,11958.0703,11797.3301,11900.3203
2005-08-10,11996.2900,12138.7100,11991.6904,12098.0801
2005-08-11,12178.0801,12284.7598,12167.4805,12263.3203
2005-08-12,12276.2402,12324.4297,12228.1299,12261.6797
2005-08-15,12254.5303,12308.6104,12236.6104,12256.5498
2005-08-16,12324.7598,12336.8496,12277.4102,12315.6699
2005-08-17,12286.8301,12369.7402,12270.8496,12273.1201
2005-08-18,12322.7998,12369.5303,12292.8203,12307.3701
2005-08-19,12276.7998,12291.7305,12219.5195,12291.7305
2005-08-22,12330.7002,12478.8203,12330.7002,12452.5098
2005-08-23,12511.8096,12612.1602,12472.9297,12472.9297
2005-08-24,12421.5303,12515.6602,12416.5098,12502.2598
2005-08-25,12443.2100,12466.8398,12401.3398,12405.1602
2005-08-26,12458.0801,12482.6299,12385.0303,12439.4805
2005-08-29,12386.7598,12386.7598,12274.8096,12309.8301
2005-08-30,12411.4102,12457.0400,12396.0996,12453.1396
2005-08-31,12428.5996,12443.9404,12393.6797,12413.5996
2005-09-01,12501.4297,12573.0098,12501.4297,12506.9697
2005-09-02,12571.8799,12600.0000,12544.3701,12600.0000
2005-09-05,12616.2998,12655.1504,12580.3701,12634.8799
2005-09-06,12686.6797,12730.2100,12581.2803,12599.4297
2005-09-07,12682.8496,12682.8496,12574.9004,12607.5898
2005-09-08,12601.0195,12601.0195,12498.4004,12533.8896
2005-09-09,12561.8398,12692.0400,12556.4297,12692.0400
2005-09-12,12841.0195,12926.5703,12813.9697,12896.4297
2005-09-13,12896.2197,12940.6797,12847.1904,12901.9502
2005-09-14,12847.6201,12871.5400,12830.8799,12834.2500
2005-09-15,12817.7803,12986.7803,12806.7100,12986.7803
2005-09-16,12992.1797,12992.9902,12888.7402,12958.6797
2005-09-20,12991.6299,13159.3896,12991.6299,13148.5703
2005-09-21,13181.7100,13235.4199,13108.6504,13196.5703
2005-09-22,13120.8896,13170.3604,13090.2803,13159.3604
2005-09-26,13229.2695,13392.6299,13229.2695,13392.6299
2005-09-27,13370.0898,13373.0000,13282.2998,13310.0400
2005-09-28,13307.5303,13487.8496,13306.5195,13435.9102
2005-09-29,13515.7305,13617.2402,13440.9004,13617.2402
2005-09-30,13677.4502,13678.4404,13539.1504,13574.2998
2005-10-03,13566.2002,13584.6104,13454.6699,13525.2803
2005-10-04,13597.3799,13738.8398,13593.0098,13738.8398
2005-10-05,13761.8096,13783.5996,13655.9404,13689.8896
2005-10-06,13554.5596,13554.5596,13285.8301,13359.5098
2005-10-07,13279.2998,13332.1201,13221.3301,13227.7402
2005-10-11,13280.3301,13556.7100,13241.8398,13556.7100
2005-10-12,13565.8701,13704.0898,13463.7402,13463.7402
2005-10-13,13388.0195,13475.8604,13266.9805,13449.2402
2005-10-14,13581.3203,13581.3203,13361.9600,13420.5400
2005-10-17,13486.1797,13510.6299,13341.6396,13400.2900
2005-10-18,13376.1904,13441.7803,13321.9697,13352.2402
2005-10-19,13297.6504,13304.9805,13073.4600,13129.4902
2005-10-20,13221.9102,13264.4004,13175.9297,13190.4600
2005-10-21,13065.9600,13243.0801,12996.2900,13199.9502
2005-10-24,13232.4102,13244.2402,13083.0400,13106.1797
2005-10-25,13227.9199,13336.6396,13219.0498,13280.6201
2005-10-26,13291.4600,13406.1904,13285.5996,13395.0195
2005-10-27,13440.7197,13501.2402,13387.6602,13417.0801
2005-10-28,13344.9297,13373.4297,13272.8398,13346.5400
2005-10-31,13459.9902,13606.5000,13456.0703,13606.5000
2005-11-01,13718.2100,13867.8604,13706.3301,13867.8604
2005-11-02,13865.0996,13927.5098,13807.8096,13894.7803
2005-11-04,14040.6299,14099.4902,13978.9600,14075.9600
2005-11-07,14084.1104,14097.5898,13982.7500,14061.5996
2005-11-08,14067.7803,14071.7402,13982.8496,14036.7305
2005-11-09,13989.3096,14136.1602,13951.4004,14072.2002
2005-11-10,14058.2900,14121.7100,13981.9902,14080.8799
2005-11-11,14170.3301,14206.1396,14133.8896,14155.0596
2005-11-14,14218.7197,14218.7197,14105.4502,14116.0400
2005-11-15,14069.8701,14142.2695,14043.4502,14091.7695
2005-11-16,14035.7402,14170.8701,14015.6201,14170.8701
2005-11-17,14192.7803,14448.7500,14169.4697,14411.7900
2005-11-18,14542.7803,14633.3496,14542.7803,14623.1201
2005-11-21,14719.2803,14808.2100,14590.5596,14680.4297
2005-11-22,14726.0400,14763.2598,14650.0596,14708.3203
2005-11-24,14816.7100,14866.9902,14721.5996,14742.5801
2005-11-25,14693.8701,14784.2900,14613.1797,14784.2900
2005-11-28,14847.5801,14986.9404,14821.7500,14986.9404
2005-11-29,14900.6396,14995.0801,14868.0303,14927.7002
2005-11-30,14981.3398,15013.2402,14872.1504,14872.1504
2005-12-01,14914.7500,15130.5000,14880.1797,15130.5000
2005-12-02,15272.6201,15421.5996,15245.3604,15421.5996
2005-12-05,15413.5195,15563.3896,15379.6396,15551.3096
2005-12-06,15518.6699,15572.7197,15423.3799,15423.3799
2005-12-07,15520.3398,15558.3203,15467.7500,15484.6602
2005-12-08,15470.6504,15523.1504,15183.3604,15183.3604
2005-12-09,15127.7998,15447.1299,15117.1504,15404.0498
2005-12-12,15549.6504,15764.9902,15548.4600,15738.7002
2005-12-13,15754.3096,15782.2998,15666.0898,15778.8604
2005-12-14,15817.9297,15885.5195,15447.1504,15464.5801
2005-12-15,15376.2695,15469.3496,15254.4404,15254.4404
2005-12-16,15222.0000,15365.4805,15095.5596,15173.0703
2005-12-19,15252.1504,15391.4805,15196.0000,15391.4805
2005-12-20,15388.7100,15647.6904,15365.3896,15641.2598
2005-12-21,15713.0703,16010.1699,15711.9102,15957.5703
2005-12-22,15975.9902,15991.2998,15759.7305,15941.3701
2005-12-26,16027.6602,16108.9404,16026.1797,16107.6699
2005-12-27,16033.9404,16079.1797,15962.7305,15969.4004
2005-12-28,15920.6699,16194.6104,15911.2305,16194.6104
2005-12-29,16247.5400,16445.5605,16246.6699,16344.2002
2005-12-30,16412.7500,16413.1797,16111.4297,16111.4297
2006-01-04,16294.6504,16361.5400,16250.7598,16361.5400
2006-01-05,16441.2695,16474.5195,16368.5098,16425.3691
2006-01-06,16408.3105,16479.5508,16320.4297,16428.2109
2006-01-10,16487.0508,16487.0508,16124.3496,16124.3496
2006-01-11,16164.9199,16363.5898,16005.2402,16363.5898
2006-01-12,16426.6895,16472.9902,16310.4502,16445.1895
2006-01-13,16454.3203,16490.2695,16383.2305,16454.9492
2006-01-16,16360.0400,16387.6309,16221.5898,16268.0303
2006-01-17,16152.0703,16324.1699,15805.9502,15805.9502
2006-01-18,15725.6396,15725.6396,15059.5195,15341.1797
2006-01-19,15396.5996,15740.8203,15396.5996,15696.2803
2006-01-20,15847.1699,15875.3896,15597.7695,15696.6904
2006-01-23,15497.6104,15564.9004,15312.7100,15360.6504
2006-01-24,15470.9102,15685.1396,15470.3896,15648.8896
2006-01-25,15725.7598,15849.5195,15651.0000,15651.0000
2006-01-26,15783.7002,15891.0195,15764.8896,15891.0195
2006-01-27,16079.9404,16460.6797,16079.9199,16460.6797
2006-01-30,16615.9102,16754.5996,16538.7207,16551.2305
2006-01-31,16603.9004,16718.7891,16561.3105,16649.8203
2006-02-01,16594.9004,16671.9102,16480.0898,16480.0898
2006-02-02,16632.5996,16736.1797,16611.5293,16710.5508
2006-02-03,16596.2109,16665.0996,16567.8691,16659.6406
2006-02-06,16736.2305,16777.3691,16578.1895,16747.7598
2006-02-07,16768.1602,16769.3691,16681.0391,16720.9902
2006-02-08,16609.9609,16682.9102,16272.6797,16272.6797
2006-02-09,16444.7402,16540.4902,16351.4297,16439.6699
2006-02-10,16525.5000,16525.5000,16090.9297,16257.8301
2006-02-13,16191.9297,16191.9297,15877.6602,15877.6602
2006-02-14,15845.1904,16184.8701,15691.8604,16184.8701
2006-02-15,16302.9404,16312.7402,15932.8301,15932.8301
2006-02-16,15901.3799,16109.2002,15842.0000,16043.6699
2006-02-17,16078.5098,16129.9404,15702.6699,15713.4502
2006-02-20,15620.5801,15661.8496,15389.5801,15437.9297
2006-02-21,15602.8301,15894.9404,15573.7100,15894.9404
2006-02-22,15882.6396,15923.0000,15679.9102,15781.7803
2006-02-23,15908.8701,16096.0996,15892.5098,16096.0996
2006-02-24,16034.6699,16118.1104,15947.0400,16101.9102
2006-02-27,16156.1504,16290.1504,16123.2900,16192.9502
2006-02-28,16218.6201,16229.6797,15953.3203,16205.4297
2006-03-01,16026.8203,16053.2998,15910.6504,15964.4600
2006-03-02,16068.7598,16106.2598,15879.7100,15909.7598
2006-03-03,15835.4297,15897.2900,15658.6396,15663.3398
2006-03-06,15668.6299,15901.1602,15609.7998,15901.1602
2006-03-07,15864.5703,15864.5703,15678.1201,15726.0195
2006-03-08,15657.7900,15720.6504,15553.1396,15627.4902
2006-03-09,15645.2998,16049.6104,15645.2998,16036.9102
2006-03-10,16007.4102,16264.8896,15982.0195,16115.6299
2006-03-13,16264.5898,16379.4697,16242.1602,16361.5098
2006-03-14,16401.1094,16410.2891,16238.3604,16238.3604
2006-03-15,16342.5195,16367.7598,16291.7695,16319.0400
2006-03-16,16354.7100,16356.4902,16032.5498,16096.2100
2006-03-17,16172.7402,16339.7305,16106.3799,16339.7305
2006-03-20,16299.3496,16667.1309,16299.3496,16624.8008
2006-03-22,16578.5000,16583.2500,16477.2598,16495.4805
2006-03-23,16605.4805,16661.1406,16464.4707,16489.3691
2006-03-24,16501.5000,16612.5195,16462.4707,16560.8691
2006-03-27,16599.9199,16711.1602,16599.9199,16650.0996
2006-03-28,16550.4707,16690.2402,16463.9492,16690.2402
2006-03-29,16670.3809,16976.2891,16613.7207,16938.4102
2006-03-30,17011.1309,17125.6406,16974.4707,17045.3398
2006-03-31,17088.7598,17094.6094,16995.7695,17059.6602
2006-04-03,17127.6094,17387.0801,17105.5000,17333.3105
2006-04-04,17295.5801,17410.3008,17266.3906,17292.9102
2006-04-05,17340.1406,17464.5391,17187.3496,17243.9805
2006-04-06,17365.5703,17489.3301,17347.0098,17489.3301
2006-04-07,17498.8809,17563.3691,17418.9395,17563.3691
2006-04-10,17455.0293,17489.6094,17385.2500,17456.5801
2006-04-11,17460.6797,17489.1602,17295.4199,17418.1309
2006-04-12,17297.1797,17325.2109,17162.0000,17162.5508
2006-04-13,17232.2793,17303.2695,17068.9609,17199.1504
2006-04-14,17319.3301,17319.3301,17149.0801,17233.8203
2006-04-17,17233.7305,17233.7305,17000.3594,17000.3594
2006-04-18,16971.7598,17268.0508,16945.3008,17232.8594
2006-04-19,17405.9199,17459.2402,17350.1191,17350.1191
2006-04-20,17391.9395,17412.5898,17283.9707,17317.5293
2006-04-21,17332.3496,17479.7305,17258.4902,17403.9609
2006-04-24,17245.6191,17245.6191,16892.1504,16914.4004
2006-04-25,16929.3594,17000.1992,16787.4395,16970.2891
2006-04-26,16993.2305,17107.9297,16944.5391,17055.9297
2006-04-27,17118.9199,17176.0605,17094.7207,17114.5391
2006-04-28,17039.3691,17043.6699,16750.5000,16906.2305
2006-05-01,16929.8301,16965.3301,16868.6895,16925.7109
2006-05-02,16920.1309,17188.5391,16900.3301,17153.7695
2006-05-08,17334.1895,17375.2500,17248.5898,17291.6699
2006-05-09,17253.8105,17294.5000,17178.9492,17190.9102
2006-05-10,17161.4707,17253.1094,16883.3906,16951.9297
2006-05-11,16887.3691,17087.0000,16840.8496,16862.1406
2006-05-12,16655.9805,16655.9805,16422.4902,16601.7793
2006-05-15,16395.8809,16486.9102,16317.2002,16486.9102
2006-05-16,16508.8906,16596.4805,16116.7305,16158.4199
2006-05-17,16259.0195,16319.2998,16033.6602,16307.6699
2006-05-18,16089.2500,16139.1396,15914.3896,16087.1797
2006-05-19,16041.1797,16166.3398,15925.6904,16155.4502
2006-05-22,16254.5596,16268.5098,15837.2598,15857.8701
2006-05-23,15722.0498,15776.2002,15582.8604,15599.2002
2006-05-24,15676.6396,15907.2002,15508.5098,15907.2002
2006-05-25,15809.3301,15849.2305,15644.6201,15693.7500
2006-05-26,15827.8701,15970.7598,15819.3203,15970.7598
2006-05-29,16111.5400,16111.5400,15885.0703,15915.6797
2006-05-30,15920.7900,15937.9102,15814.8301,15859.4502
2006-05-31,15660.8701,15660.8701,15442.5303,15467.3301
2006-06-01,15603.2500,15655.0000,15417.5098,15503.7402
2006-06-02,15600.2803,15789.3096,15266.9697,15789.3096
2006-06-05,15719.3096,15784.9502,15622.7500,15668.3096
2006-06-06,15500.9199,15507.7803,15340.9297,15384.8604
2006-06-07,15285.0498,15433.2900,15095.1504,15096.0098
2006-06-08,14990.0400,14990.0400,14496.9600,14633.0303
2006-06-09,14530.5000,14825.4805,14389.3096,14750.8398
2006-06-12,14685.4600,14845.0400,14580.8701,14833.0098
2006-06-13,14650.5898,14658.2305,14218.5996,14218.5996
2006-06-14,14084.5195,14458.8203,14045.5303,14309.5596
2006-06-15,14453.3301,14593.8496,14417.7002,14470.7598
2006-06-16,14679.3496,14976.6699,14679.3496,14879.3398
2006-06-19,14815.8604,14918.5996,14772.1396,14860.3496
2006-06-20,14811.1104,14845.7100,14621.8701,14648.4102
2006-06-21,14712.8604,14713.4297,14482.9600,14644.2598
2006-06-22,14812.1699,15138.4697,14812.1699,15135.6904
2006-06-23,15001.7695,15126.5195,14865.5703,15124.0400
2006-06-26,15080.2305,15216.7803,14987.7695,15152.4004
2006-06-27,15165.6299,15207.3799,15095.1104,15171.8096
2006-06-28,14998.0098,14998.0098,14824.7998,14886.1104
2006-06-29,14981.7002,15137.5801,14975.7803,15121.1504
2006-06-30,15333.0996,15521.2197,15333.0996,15505.1797
2006-07-03,15573.3496,15617.2197,15513.2900,15571.6201
2006-07-04,15677.0400,15710.3896,15617.8096,15638.5000
2006-07-05,15504.1699,15584.6201,15479.9297,15523.9404
2006-07-06,15455.1797,15460.8301,15278.1797,15321.4004
2006-07-07,15428.3203,15437.0400,15276.1504,15307.6104
2006-07-10,15149.9102,15555.4297,15079.7402,15552.8096
2006-07-11,15485.2598,15498.2002,15333.5898,15473.8203
2006-07-12,15405.4199,15463.7197,15169.1504,15249.3203
2006-07-13,15127.7402,15370.3496,15053.6104,15097.9502
2006-07-14,14914.0098,14997.4502,14815.9004,14845.2402
2006-07-18,14714.1797,14747.2002,14437.2402,14437.2402
2006-07-19,14503.8301,14625.6396,14456.4297,14500.2598
2006-07-20,14713.5596,14962.1299,14705.4297,14946.8398
2006-07-21,14825.1602,14867.8096,14784.2402,14821.2598
2006-07-24,14700.5801,14851.9102,14560.6699,14794.5000
2006-07-25,14970.5996,15078.3604,14948.3604,15005.2402
2006-07-26,15065.5703,15108.1396,14882.6699,14884.0703
2006-07-27,14883.5000,15220.3301,14839.4902,15179.7803
2006-07-28,15217.4404,15351.7900,15150.5303,15342.8701
2006-07-31,15462.3896,15536.3203,15433.2002,15456.8096
2006-08-01,15387.5195,15522.0303,15365.7100,15440.9102
2006-08-02,15341.5303,15466.0703,15287.8096,15464.2900
2006-08-03,15527.2695,15580.9102,15441.6699,15470.3701
2006-08-04,15502.5596,15555.9004,15435.3301,15499.1797
2006-08-07,15494.4697,15516.2402,15154.0596,15154.0596
2006-08-08,15234.3896,15476.9404,15189.0996,15464.6602
2006-08-09,15417.0195,15659.4102,15240.2998,15656.5898
2006-08-10,15585.0898,15690.8604,15536.1504,15630.9102
2006-08-11,15622.2402,15681.4004,15555.5996,15565.0195
2006-08-14,15550.9600,15873.2100,15549.6699,15857.1104
2006-08-15,15831.6904,15913.3398,15807.7197,15816.1904
2006-08-16,15970.5996,16085.0703,15962.9805,16071.3604
2006-08-17,16142.5596,16204.5996,16008.4404,16020.8398
2006-08-18,16052.5801,16169.8398,16022.1201,16105.9805
2006-08-21,16104.5000,16145.5000,15936.6104,15969.0400
2006-08-22,15994.9902,16244.8398,15994.9902,16181.1699
2006-08-23,16161.8203,16226.5898,16118.1201,16163.0303
2006-08-24,16088.5400,16089.1299,15910.6201,15960.6201
2006-08-25,15955.7598,16156.7803,15874.6299,15938.6602
2006-08-28,15953.0801,16005.0898,15745.0098,15762.5898
2006-08-29,15881.9199,15946.4199,15811.7305,15890.5596
2006-08-30,15929.9004,15962.9297,15769.1602,15872.0195
2006-08-31,15884.6104,16207.4102,15882.2598,16140.7598
2006-09-01,16072.8096,16158.4805,16029.5596,16134.2500
2006-09-04,16280.1797,16414.9395,16280.1797,16358.0703
2006-09-05,16357.2900,16403.9004,16280.6797,16385.9609
2006-09-06,16350.2695,16400.7109,16245.1602,16284.0898
2006-09-07,16141.9404,16141.9404,15944.0303,16012.4102
2006-09-08,15907.9697,16156.1797,15831.7500,16080.4600
2006-09-11,16053.1299,16053.1299,15772.0703,15794.3799
2006-09-12,15843.7998,15882.3799,15675.3701,15719.3398
2006-09-13,15889.5000,15965.3096,15730.6699,15750.0498
2006-09-14,15831.7197,15994.7900,15801.8799,15942.3896
2006-09-15,15872.2900,15907.0303,15763.9004,15866.9297
2006-09-19,15948.4697,16096.1797,15867.0498,15874.2803
2006-09-20,15757.9697,15763.6699,15622.2803,15718.6699
2006-09-21,15820.1104,15859.2100,15674.8398,15834.2305
2006-09-22,15706.8496,15735.2598,15580.1904,15634.6699
2006-09-25,15550.5596,15691.0596,15513.8701,15633.8096
2006-09-26,15594.4805,15666.9502,15517.9004,15557.4502
2006-09-27,15692.9805,15947.8701,15681.4404,15947.8701
2006-09-28,15970.3896,16032.9805,15911.2197,16024.8496
2006-09-29,16097.0801,16127.5801,16007.3701,16127.5801
2006-10-02,16169.0000,16329.2402,16157.9805,16254.2900
2006-10-03,16198.5498,16260.4697,16148.8896,16242.0898
2006-10-04,16288.9199,16363.1201,16028.3203,16082.5498
2006-10-05,16291.7900,16481.3105,16286.6396,16449.3301
2006-10-06,16444.7109,16457.9199,16360.6396,16436.0605
2006-10-10,16325.4805,16620.1504,16325.4805,16477.2500
2006-10-11,16497.2695,16595.9102,16399.7402,16400.5703
2006-10-12,16386.3691,16495.5391,16343.4902,16368.8096
2006-10-13,16494.4902,16586.3301,16493.6406,16536.5391
2006-10-16,16663.2207,16732.4395,16648.4297,16692.7598
2006-10-17,16704.8594,16704.8594,16561.2598,16611.5898
2006-10-18,16519.9102,16666.1992,16466.7402,16653.0000
2006-10-19,16673.2598,16688.9609,16506.2207,16551.3594
2006-10-20,16556.0898,16663.6094,16552.3594,16651.6309
2006-10-23,16641.3203,16797.7109,16598.5293,16788.8203
2006-10-24,16853.7305,16901.5293,16759.9805,16780.4707
2006-10-25,16837.8008,16849.0508,16697.0098,16699.3008
2006-10-26,16794.4102,16863.2402,16772.3105,16811.5996
2006-10-27,16879.3301,16879.3301,16643.9102,16669.0703
2006-10-30,16544.5000,16549.7109,16329.8896,16351.8496
2006-10-31,16389.4492,16477.0605,16314.2900,16399.3906
2006-11-01,16338.7197,16444.5098,16246.2402,16375.2598
2006-11-02,16281.9502,16350.0195,16209.1396,16350.0195
2006-11-06,16278.7803,16398.5098,16204.1299,16364.7598
2006-11-07,16509.7891,16512.5098,16378.7197,16393.4102
2006-11-08,16404.0508,16423.8301,16199.4297,16215.7402
2006-11-09,16218.8604,16286.2598,16094.4902,16198.5703
2006-11-10,16133.9102,16280.6602,16104.7402,16112.4297
2006-11-13,16016.4199,16067.4600,15913.8604,16022.4902
2006-11-14,16178.8096,16318.0498,16176.0195,16289.5498
2006-11-15,16348.7402,16373.4805,16243.4697,16243.4697
2006-11-16,16292.4805,16367.0996,16143.7002,16163.8701
2006-11-17,16182.3096,16238.2598,16067.2695,16091.7305
2006-11-20,16004.3398,16036.1797,15725.9404,15725.9404
2006-11-21,15766.4297,15817.7305,15696.2197,15734.1396
2006-11-22,15680.5303,15914.2305,15675.4805,15914.2305
2006-11-24,15784.2598,15789.8896,15639.1904,15734.5996
2006-11-27,15615.5596,15912.1104,15615.5596,15885.3799
2006-11-28,15711.7197,15855.2598,15653.6904,15855.2598
2006-11-29,15948.6904,16126.3496,15945.0703,16076.2002
2006-11-30,16183.2998,16274.3301,16152.8496,16274.3301
2006-12-01,16313.0195,16376.2998,16242.0098,16321.7803
2006-12-04,16263.9805,16362.0400,16185.9199,16303.5898
2006-12-05,16370.5596,16400.1406,16239.2803,16265.7598
2006-12-06,16309.7998,16401.3105,16254.4502,16371.2803
2006-12-07,16461.9102,16550.7305,16416.3008,16473.3594
2006-12-08,16429.8008,16493.0000,16387.8008,16417.8203
2006-12-11,16487.3008,16608.9707,16470.4004,16527.9902
2006-12-12,16621.6895,16682.6504,16583.7793,16637.7793
2006-12-13,16609.2500,16692.9297,16589.7305,16692.9297
2006-12-14,16714.3398,16829.1992,16714.3398,16829.1992
2006-12-15,16927.9395,16959.9102,16858.3496,16914.3105
2006-12-18,16962.6504,16993.8809,16930.5508,16962.1094
2006-12-19,16883.8594,16954.8301,16754.2109,16776.8809
2006-12-20,16829.5801,17050.7305,16829.5801,17011.0391
2006-12-21,17040.9297,17109.1699,17010.0391,17047.8301
2006-12-22,17011.4199,17104.9609,16992.7695,17104.9609
2006-12-25,17104.8008,17122.4805,17056.6895,17092.8906
2006-12-26,17070.3203,17185.7109,17056.5898,17169.1895
2006-12-27,17207.1191,17260.5703,17207.1191,17223.1504
2006-12-28,17290.1094,17301.6895,17163.7500,17224.8105
2006-12-29,17228.4902,17281.1895,17225.8301,17225.8301
2007-01-04,17322.5000,17379.4609,17315.7598,17353.6699
2007-01-05,17315.5391,17327.1309,17011.0996,17091.5898
2007-01-09,17018.8906,17261.0293,16983.9707,17237.7695
2007-01-10,17192.4199,17199.4199,16847.5703,16942.4004
2007-01-11,16958.5703,17057.4492,16758.4609,16838.1699
2007-01-12,16979.7305,17160.7695,16941.3906,17057.0098
2007-01-15,17160.2500,17273.5801,17144.4395,17209.9199
2007-01-16,17190.9004,17287.9609,17175.8496,17202.4609
2007-01-17,17153.2500,17335.0293,17002.6699,17261.3496
2007-01-18,17248.1406,17408.6191,17220.4199,17370.9297
2007-01-19,17340.3809,17378.2109,17242.7695,17310.4395
2007-01-22,17429.9004,17484.5898,17401.3203,17424.1797
2007-01-23,17350.3105,17442.0000,17321.2891,17408.5703
2007-01-24,17505.3105,17553.0293,17498.3594,17507.4004
2007-01-25,17604.5996,17617.6406,17427.5391,17458.3008
2007-01-26,17368.0508,17421.9297,17300.8398,17421.9297
2007-01-29,17393.1895,17489.5898,17319.3691,17470.4609
2007-01-30,17510.0000,17558.5293,17452.6309,17490.1895
2007-01-31,17493.8301,17497.8594,17275.8398,17383.4199
2007-02-01,17377.0293,17543.9609,17361.0098,17519.5000
2007-02-02,17569.1602,17633.6094,17532.6406,17547.1094
2007-02-05,17531.4102,17531.4102,17294.9805,17344.8008
2007-02-06,17384.5000,17433.2695,17345.0996,17406.8594
2007-02-07,17367.9102,17374.8203,17199.6602,17292.3203
2007-02-08,17368.3496,17400.3496,17212.7793,17292.4805
2007-02-09,17339.5605,17545.7109,17274.8906,17504.3301
2007-02-13,17481.7695,17628.0293,17440.4297,17621.4492
2007-02-14,17662.2891,17789.9199,17648.8105,17752.6406
2007-02-15,17891.2402,17911.5801,17815.1699,17897.2305
2007-02-16,17828.7793,17884.8906,17793.3496,17875.6504
2007-02-19,17835.1309,17974.0000,17810.0508,17940.0898
2007-02-20,17919.3301,17953.0293,17828.9492,17939.1191
2007-02-21,17896.5996,17968.2598,17850.0898,17913.2109
2007-02-22,18033.2305,18132.8398,18024.4805,18108.7891
2007-02-23,18113.5605,18239.1309,18046.4199,18188.4199
2007-02-26,18219.7500,18300.3906,18145.4199,18215.3496
2007-02-27,18239.3008,18272.6797,18073.2207,18119.9199
2007-02-28,17843.6094,17843.6094,17382.7891,17604.1191
2007-03-01,17542.2305,17557.4199,17261.5996,17453.5098
2007-03-02,17351.4004,17356.4492,17160.4297,17217.9297
2007-03-05,16992.4395,16992.4395,16532.9102,16642.2500
2007-03-06,16654.8496,16882.9199,16649.0996,16844.5000
2007-03-07,16982.3008,16988.0098,16731.7695,16764.6191
2007-03-08,16729.7891,17090.3105,16685.9492,17090.3105
2007-03-09,17224.6699,17246.2109,17100.7402,17164.0391
2007-03-12,17312.1406,17325.4492,17206.9395,17292.3906
2007-03-13,17268.7109,17299.4805,17153.1992,17178.8398
2007-03-14,16936.1895,16936.1895,16628.8496,16676.8906
2007-03-15,16803.9902,16942.3105,16760.6797,16860.3906
2007-03-16,16779.4805,16939.4297,16643.7598,16744.1504
2007-03-19,16713.9902,17026.4609,16713.9902,17009.5508
2007-03-20,17155.3496,17267.7402,17146.5293,17163.1992
2007-03-22,17383.6191,17489.1895,17379.4004,17419.1992
2007-03-23,17519.5098,17534.7695,17407.9707,17480.6094
2007-03-26,17517.9199,17558.0391,17425.0000,17521.9609
2007-03-27,17357.2598,17516.8906,17315.9102,17365.0508
2007-03-28,17328.1191,17442.6191,17141.6504,17254.7305
2007-03-29,17119.9492,17350.8809,17036.2207,17263.9395
2007-03-30,17318.8496,17380.8008,17267.0996,17287.6504
2007-04-02,17346.2500,17425.7402,16999.0508,17028.4102
2007-04-03,17154.7793,17279.7305,17095.9199,17244.0508
2007-04-04,17400.6797,17576.5098,17394.1406,17544.0898
2007-04-05,17507.4609,17531.3008,17430.3809,17491.4199
2007-04-06,17502.9004,17560.3008,17422.5508,17484.7793
2007-04-09,17606.0293,17747.8203,17606.0293,17743.7598
2007-04-10,17631.0195,17706.9199,17613.1504,17664.6895
2007-04-11,17699.3906,17723.3906,17618.1895,17670.0703
2007-04-12,17601.6504,17601.6504,17455.1797,17540.4199
2007-04-13,17629.0195,17662.8906,17327.3691,17363.9492
2007-04-16,17507.1797,17696.8691,17507.1797,17628.3008
2007-04-17,17750.6699,17782.0801,17452.1191,17527.4492
2007-04-18,17557.4004,17706.8496,17538.3398,17667.3301
2007-04-19,17530.0000,17530.0000,17219.7305,17371.9707
2007-04-20,17471.5605,17502.0195,17404.6191,17452.6191
2007-04-23,17589.6094,17656.5508,17413.6406,17455.3691
2007-04-24,17363.8398,17500.3398,17305.7793,17451.7695
2007-04-25,17379.5195,17379.5195,17221.5508,17236.1602
2007-04-26,17359.8398,17496.1094,17321.0508,17429.1699
2007-04-27,17377.0391,17542.2500,17299.3691,17400.4102
2007-05-01,17396.3008,17396.3008,17203.0293,17274.9805
2007-05-02,17310.7500,17441.0996,17227.0898,17394.9199
2007-05-07,17564.1699,17715.9902,17558.2402,17669.8301
2007-05-08,17651.4707,17711.6699,17587.9199,17656.8398
2007-05-09,17616.5801,17753.3301,17616.5801,17748.1191
2007-05-10,17793.4902,17827.4805,17712.8906,17736.9609
2007-05-11,17616.0195,17616.0195,17455.2793,17553.7207
2007-05-14,17682.7402,17786.6504,17673.8594,17677.9395
2007-05-15,17577.1406,17609.5508,17491.5898,17512.9805
2007-05-16,17487.0000,17539.9492,17430.6992,17529.0000
2007-05-17,17586.3301,17656.0703,17482.4395,17498.5996
2007-05-18,17563.5293,17563.5293,17320.8105,17399.5801
2007-05-21,17455.5508,17599.3496,17411.5098,17556.8691
2007-05-22,17578.3105,17730.8398,17545.2598,17680.0508
2007-05-23,17763.1504,17802.7109,17699.1191,17705.1191
2007-05-24,17680.4492,17760.5703,17606.5605,17696.9707
2007-05-25,17529.2695,17529.2695,17370.1797,17481.2109
2007-05-28,17544.9805,17630.3691,17544.6699,17587.5898
2007-05-29,17524.8203,17700.5195,17521.6406,17672.5605
2007-05-30,17664.3691,17727.1699,17484.3008,17588.2598
2007-05-31,17715.7695,17875.7500,17701.5703,17875.7500
2007-06-01,17949.9199,18017.7305,17943.6797,17958.8809
2007-06-04,18067.9004,18071.8008,17973.4199,17973.4199
2007-06-05,18019.7891,18071.7207,17950.4492,18053.8105
2007-06-06,18001.1992,18073.0508,17991.1895,18040.9297
2007-06-07,17879.0098,18053.3809,17866.5195,18053.3809
2007-06-08,17904.6797,17904.6797,17696.5098,17779.0898
2007-06-11,17899.0195,17932.0996,17801.6309,17834.4805
2007-06-12,17845.2207,17862.9902,17735.5605,17760.9102
2007-06-13,17631.8691,17781.4102,17591.9297,17732.7695
2007-06-14,17834.7793,17875.0195,17815.3008,17842.2891
2007-06-15,17945.8398,18007.9902,17930.3398,17971.4902
2007-06-18,18127.4102,18194.2598,18112.9297,18149.5195
2007-06-19,18131.5898,18163.6094,18103.5605,18163.6094
2007-06-20,18173.0703,18297.0000,18141.9492,18211.6797
2007-06-21,18117.3008,18287.7305,18107.8105,18240.3008
2007-06-22,18177.8906,18200.1094,18092.3594,18188.6309
2007-06-25,18107.6797,18203.5605,18079.8496,18087.4805
2007-06-26,18098.3301,18101.8906,18008.5996,18066.1094
2007-06-27,17981.7695,17983.3496,17848.0508,17849.2793
2007-06-28,17915.6309,17960.2207,17893.3691,17932.2695
2007-06-29,18010.5000,18144.6309,17973.5000,18138.3594
2007-07-02,18139.0391,18175.3008,18062.4902,18146.3008
2007-07-03,18206.4902,18230.8906,18146.7402,18149.9004
2007-07-04,18158.7695,18207.9707,18143.5801,18168.7207
2007-07-05,18191.8906,18295.2695,18191.8906,18221.4805
2007-07-06,18184.6406,18184.6406,18086.0098,18140.9395
2007-07-09,18226.0703,18282.1504,18213.5898,18261.9805
2007-07-10,18244.6895,18259.8105,18204.0391,18252.6699
2007-07-11,18116.6602,18116.6602,18028.8691,18049.5098
2007-07-12,18105.8906,18130.4395,17919.1699,17984.1406
2007-07-13,18161.0195,18268.6406,18150.9902,18238.9492
2007-07-17,18269.3594,18269.3594,18167.8203,18217.2695
2007-07-18,18136.0605,18136.0605,17964.2793,18015.5801
2007-07-19,18095.9492,18131.1191,18037.3301,18116.5703
2007-07-20,18148.5996,18223.0391,18124.7402,18157.9297
2007-07-23,17995.7109,18009.4707,17892.7500,17963.6406
2007-07-24,17998.7598,18018.9395,17906.1094,18002.0293
2007-07-25,17810.9707,17881.3105,17733.9609,17858.4199
2007-07-26,17807.2305,17861.4707,17678.9805,17702.0898
2007-07-27,17454.5898,17454.5898,17196.1602,17283.8105
2007-07-30,17138.5293,17289.3008,17042.6602,17289.3008
2007-07-31,17318.0098,17318.0098,17195.2891,17248.8906
2007-08-01,17169.1992,17169.1992,16845.5391,16870.9805
2007-08-02,16956.3301,16999.1602,16652.8008,16984.1094
2007-08-03,17019.8008,17102.0703,16913.2695,16979.8594
2007-08-06,16781.1406,16951.9805,16675.3906,16914.4609
2007-08-07,17009.6309,17049.4492,16863.4609,16921.7695
2007-08-08,16930.3906,17085.0996,16911.6797,17029.2793
2007-08-09,17170.3594,17274.3301,17148.9492,17170.5996
2007-08-10,16923.2109,16948.9609,16651.7109,16764.0898
2007-08-13,16791.8008,16948.4004,16725.5508,16800.0508
2007-08-14,16824.6309,16855.0508,16747.9395,16844.6094
2007-08-15,16659.0703,16667.3594,16433.3008,16475.6094
2007-08-16,16296.4004,16296.4004,15859.4600,16148.4902
2007-08-17,16035.3799,16062.5898,15262.0996,15273.6797
2007-08-20,15477.2598,15940.6104,15477.2598,15732.4805
2007-08-21,15773.8604,16101.6396,15754.5098,15901.3398
2007-08-22,15866.5996,15957.9600,15787.9600,15900.6396
2007-08-23,16093.8203,16333.3604,16093.8203,16316.3203
2007-08-24,16286.0098,16329.9600,16188.0801,16248.9697
2007-08-27,16429.0098,16504.7207,16263.9502,16301.3896
2007-08-28,16214.0898,16343.2803,16192.8398,16287.4902
2007-08-29,16068.0996,16068.0996,15830.2803,16012.8301
2007-08-30,16182.0898,16269.6602,16091.2803,16153.8203
2007-08-31,16270.9902,16569.0898,16266.2305,16569.0898
2007-09-03,16511.0703,16575.9707,16452.7402,16524.9297
2007-09-04,16445.7305,16511.6406,16392.2109,16420.4707
2007-09-05,16506.1094,16553.2207,16154.9004,16158.4502
2007-09-06,16003.8799,16257.0000,15840.0498,16257.0000
2007-09-07,16179.7803,16230.5801,16027.9297,16122.1602
2007-09-10,15906.5195,15906.5195,15651.8301,15764.9697
2007-09-11,15787.8604,15940.3799,15610.6504,15877.6699
2007-09-12,15978.7803,16032.2598,15731.3203,15797.5996
2007-09-13,15886.7598,15931.0898,15802.3604,15821.1904
2007-09-14,15895.0498,16142.0801,15877.0898,16127.4199
2007-09-18,16037.4902,16037.4902,15780.9004,15801.7998
2007-09-19,16038.1201,16386.1699,16038.1201,16381.5400
2007-09-20,16474.6602,16491.4492,16344.2803,16413.7891
2007-09-21,16284.4297,16353.9697,16245.9404,16312.6104
2007-09-25,16317.1904,16434.8008,16240.2598,16401.7305
2007-09-26,16388.5098,16457.7207,16388.5098,16435.7402
2007-09-27,16551.9395,16868.9395,16551.9395,16832.2207
2007-09-28,16903.6406,16929.2598,16755.2109,16785.6895
2007-10-01,16773.0996,16899.8398,16685.8008,16845.9609
2007-10-02,17027.9199,17072.6699,16986.3809,17046.7793
2007-10-03,17066.1406,17205.4199,17017.7695,17199.8906
2007-10-04,17085.3203,17160.4707,17043.7598,17092.4902
2007-10-05,17070.6094,17144.3496,17032.7500,17065.0391
2007-10-09,17166.1699,17237.4004,17133.5195,17159.9004
2007-10-10,17231.1406,17254.5195,17146.3906,17177.8906
2007-10-11,17188.8105,17488.9707,17154.7500,17458.9805
2007-10-12,17417.9395,17441.7500,17280.5996,17331.1699
2007-10-15,17399.6699,17430.0898,17292.1309,17358.1504
2007-10-16,17267.0703,17283.0508,17104.1992,17137.9199
2007-10-17,17114.1992,17114.1992,16795.7402,16955.3105
2007-10-18,16974.6895,17147.7305,16974.6895,17106.0898
2007-10-19,16965.0000,16965.0000,16711.5703,16814.3691
2007-10-22,16563.5703,16563.5703,16264.7002,16438.4707
2007-10-23,16486.7109,16554.9102,16416.9199,16450.5801
2007-10-24,16518.0000,16578.5898,16330.3301,16358.3896
2007-10-25,16368.0195,16438.5703,16199.0195,16284.1699
2007-10-26,16358.6104,16505.6309,16348.8604,16505.6309
2007-10-29,16613.3008,16774.1797,16613.3008,16698.0801
2007-10-30,16655.3105,16682.8691,16492.5605,16651.0098
2007-10-31,16620.5898,16738.9805,16552.5391,16737.6309
2007-11-01,16812.9004,16887.0391,16795.5508,16870.4004
2007-11-02,16647.4004,16654.7305,16484.5391,16517.4805
2007-11-05,16458.1406,16458.1406,16211.7900,16268.9199
2007-11-06,16152.5801,16353.9297,16144.4004,16249.6299
2007-11-07,16325.1797,16326.5801,16081.0303,16096.6797
2007-11-08,15889.0303,15891.2305,15626.0596,15771.5703
2007-11-09,15675.4805,15834.9697,15566.1201,15583.4199
2007-11-12,15377.3701,15386.7998,14998.5098,15197.0898
2007-11-13,15148.1602,15235.5596,14988.7695,15126.6299
2007-11-14,15311.3799,15504.9902,15287.2598,15499.5596
2007-11-15,15536.3496,15587.3096,15396.2998,15396.2998
2007-11-16,15238.7305,15238.7305,15030.0195,15154.6104
2007-11-19,15177.1699,15302.7598,15040.0996,15042.5596
2007-11-20,14868.9805,15222.2402,14751.2695,15211.5195
2007-11-21,15113.8301,15154.3096,14770.2197,14837.6602
2007-11-22,14726.6201,15000.1797,14669.8496,14888.7695
2007-11-26,14921.5703,15295.2100,14912.8301,15135.2100
2007-11-27,14953.9297,15312.5498,14801.8701,15222.8496
2007-11-28,15271.1396,15280.9102,15089.3496,15153.7803
2007-11-29,15339.6104,15555.0400,15339.6104,15513.7402
2007-11-30,15520.5303,15751.2002,15520.5303,15680.6699
2007-12-03,15747.4697,15799.6904,15577.6904,15628.9697
2007-12-04,15613.8896,15683.1797,15446.4697,15480.1904
2007-12-05,15418.9502,15621.5400,15365.3896,15608.8799
2007-12-06,15782.4004,15898.2598,15740.9404,15874.0801
2007-12-07,15992.2402,16107.6504,15948.5400,15956.3701
2007-12-10,16007.3301,16017.1396,15826.2500,15924.3896
2007-12-11,16003.0898,16075.6104,15972.4502,16044.7197
2007-12-12,15828.6504,15963.4297,15700.1504,15932.2598
2007-12-13,15818.4805,15833.0996,15532.5303,15536.5195
2007-12-14,15547.1904,15697.0498,15433.7695,15514.5098
2007-12-17,15433.2998,15508.5000,15219.0703,15249.7900
2007-12-18,15099.2002,15301.6904,15004.4102,15207.8604
2007-12-19,15165.0898,15267.7500,15030.5098,15030.5098
2007-12-20,15151.3701,15161.6602,15017.9697,15031.5996
2007-12-21,15044.3496,15275.6104,14998.0098,15257.0000
2007-12-25,15441.3301,15583.3896,15441.3301,15552.5898
2007-12-26,15613.9600,15653.5400,15559.4697,15653.5400
2007-12-27,15616.4102,15628.3096,15535.5098,15564.6904
2007-12-28,15413.3701,15413.3701,15240.9600,15307.7803
2008-01-04,15155.7305,15156.6602,14542.5801,14691.4102
2008-01-07,14549.3799,14667.8496,14438.6104,14500.5498
2008-01-08,14429.2998,14547.7998,14365.8604,14528.6699
2008-01-09,14364.7100,14602.6504,14271.5703,14599.1602
2008-01-10,14546.3203,14584.7305,14388.1104,14388.1104
2008-01-11,14419.4297,14447.4902,14096.5400,14110.7900
2008-01-15,14134.9102,14224.0000,13915.1504,13972.6299
2008-01-16,13796.7305,13841.9297,13500.5898,13504.5098
2008-01-17,13596.3799,13803.0801,13472.4502,13783.4502
2008-01-18,13577.5000,13902.6396,13365.3203,13861.2900
2008-01-21,13701.4297,13704.6504,13320.5098,13325.9404
2008-01-22,13125.2305,13125.2305,12572.6797,12573.0498
2008-01-23,12756.3096,13063.7803,12619.7803,12829.0596
2008-01-24,12952.5000,13134.7695,12952.5000,13092.7803
2008-01-25,13258.7695,13647.1602,13248.8896,13629.1602
2008-01-28,13482.8398,13501.8604,13087.9102,13087.9102
2008-01-29,13246.6904,13506.8096,13224.6602,13478.8604
2008-01-30,13500.5195,13514.1299,13271.1299,13345.0303
2008-01-31,13227.4805,13622.6797,13154.7695,13592.4697
2008-02-01,13517.7402,13648.3896,13444.0801,13497.1602
2008-02-04,13642.5996,13889.2402,13642.5996,13859.7002
2008-02-05,13806.1699,13821.9199,13665.6396,13745.5000
2008-02-06,13548.5303,13552.1904,13099.2402,13099.2402
2008-02-07,13077.2500,13244.1904,12972.5498,13207.1504
2008-02-08,13143.0801,13279.5195,12997.8799,13017.2402
2008-02-12,12998.8701,13138.2803,12923.4199,13021.9600
2008-02-13,13162.9502,13240.2598,13036.6201,13068.2998
2008-02-14,13254.5898,13626.4502,13251.8604,13626.4502
2008-02-15,13508.5303,13666.6797,13356.3896,13622.5596
2008-02-18,13627.3096,13822.4502,13627.3096,13635.4004
2008-02-19,13761.7598,13853.2100,13691.8799,13757.9102
2008-02-20,13729.7500,13729.7500,13310.3701,13310.3701
2008-02-21,13462.7197,13783.9697,13439.5898,13688.2803
2008-02-22,13530.1904,13540.6201,13378.7197,13500.4600
2008-02-25,13612.3096,13969.1797,13612.3096,13914.5703
2008-02-26,14036.8896,14053.8496,13803.4600,13824.7197
2008-02-27,14007.3203,14105.4697,13956.4404,14031.2998
2008-02-28,13877.8799,13962.2998,13794.7100,13925.5098
2008-02-29,13735.4404,13738.5596,13533.2500,13603.0195
2008-03-03,13412.8701,13413.6299,12992.1797,12992.1797
2008-03-04,13080.2900,13110.3896,12883.0703,12992.2803
2008-03-05,12973.0303,13044.0098,12919.8096,12972.0596
2008-03-06,13068.8896,13365.2197,13050.5498,13215.4199
2008-03-07,13024.6104,13024.6104,12744.5195,12782.7998
2008-03-10,12716.8398,12777.0703,12527.0703,12532.1299
2008-03-11,12392.3096,12674.8896,12352.7900,12658.2803
2008-03-12,12841.8799,13071.2197,12799.4199,12861.1299
2008-03-13,12741.2598,12772.3701,12351.7197,12433.4404
2008-03-14,12509.8096,12582.5703,12167.0898,12241.5996
2008-03-17,12089.0303,12132.6904,11691.0000,11787.5098
2008-03-18,11828.9902,11995.0596,11793.5996,11964.1602
2008-03-19,12142.3301,12374.7500,12142.3301,12260.4404
2008-03-21,12331.6396,12496.4102,12308.0303,12482.5703
2008-03-24,12473.0596,12582.4600,12438.2002,12480.0898
2008-03-25,12639.7402,12791.2402,12572.7695,12745.2197
2008-03-26,12648.9697,12711.7803,12591.0098,12706.6299
2008-03-27,12618.4199,12621.5596,12475.8799,12604.5801
2008-03-28,12594.3398,12874.4502,12507.6797,12820.4697
2008-03-31,12709.2803,12709.2803,12430.6299,12525.5400
2008-04-01,12539.7998,12779.1396,12521.8398,12656.4199
2008-04-02,12836.4102,13189.3604,12836.4102,13189.3604
2008-04-03,13190.1602,13389.9004,13137.0996,13389.9004
2008-04-04,13286.3496,13360.8096,13220.0000,13293.2197
2008-04-07,13240.5596,13485.9004,13228.8604,13450.2305
2008-04-08,13373.9600,13402.9102,13225.7598,13250.4297
2008-04-09,13295.1602,13348.3799,12998.5400,13111.8896
2008-04-10,13029.8096,13062.4600,12898.4902,12945.2998
2008-04-11,13061.7695,13329.4004,13040.3496,13323.7305
2008-04-14,13132.6699,13132.6699,12858.6299,12917.5098
2008-04-15,12952.6504,13052.8203,12875.9199,12990.5801
2008-04-16,13130.6602,13222.4297,13112.0703,13146.1299
2008-04-17,13315.8301,13495.9404,13313.0596,13398.2998
2008-04-18,13426.2598,13485.0400,13323.7402,13476.4502
2008-04-21,13639.8496,13739.4404,13639.7695,13696.5498
2008-04-22,13587.5098,13608.1699,13519.1201,13547.8203
2008-04-23,13455.5596,13717.0498,13449.0400,13579.1602
2008-04-24,13613.8301,13654.7803,13497.1602,13540.8701
2008-04-25,13614.5303,13886.3701,13614.5303,13863.4697
2008-04-28,13907.9697,14003.2803,13745.6104,13894.3701
2008-04-30,13802.9404,13976.0996,13766.2402,13849.9902
2008-05-01,13802.5898,13884.6299,13727.0703,13766.8604
2008-05-02,13944.2598,14072.9199,13944.2598,14049.2598
2008-05-07,14147.5703,14208.6699,14022.7900,14102.4805
2008-05-08,14008.1904,14036.3096,13930.2803,13943.2598
2008-05-09,13941.2998,13946.5098,13639.9902,13655.3398
2008-05-12,13565.9102,13793.4102,13540.6797,13743.3604
2008-05-13,13814.3896,13976.9199,13734.5000,13953.7305
2008-05-14,13961.9600,14121.9404,13877.4004,14118.5498
2008-05-15,14167.0195,14352.8398,14167.0195,14251.7402
2008-05-16,14363.6201,14392.5303,14194.9102,14219.4805
2008-05-19,14294.5195,14343.1904,14219.0801,14269.6104
2008-05-20,14220.1201,14286.6699,14121.9199,14160.0898
2008-05-21,14002.5195,14041.2402,13847.1797,13926.2998
2008-05-22,13772.6504,13984.8096,13658.0195,13978.4600
2008-05-23,13945.0996,14157.2402,13925.3799,14012.2002
2008-05-26,13875.9805,13883.5098,13670.9199,13690.1904
2008-05-27,13750.8203,13931.2305,13750.8203,13893.3096
2008-05-28,13937.1396,13979.3896,13665.5703,13709.4404
2008-05-29,13832.6504,14147.8896,13832.6504,14124.4697
2008-05-30,14195.6602,14366.6299,14192.1699,14338.5400
2008-06-02,14342.9600,14461.0303,14189.9697,14440.1396
2008-06-03,14275.6104,14289.4697,14127.7500,14209.1699
2008-06-04,14270.0703,14435.5703,14250.1104,14435.5703
2008-06-05,14392.5898,14392.5898,14262.0195,14341.1201
2008-06-06,14530.3604,14601.2695,14489.4404,14489.4404
2008-06-09,14275.3398,14278.8398,14117.7900,14181.3799
2008-06-10,14281.3604,14308.8896,13983.5596,14021.1699
2008-06-11,14137.5400,14194.4805,13993.5703,14183.4805
2008-06-12,14010.3203,14010.3203,13826.0703,13888.5996
2008-06-13,14011.1201,14041.3398,13810.3799,13973.7305
2008-06-16,14118.2305,14369.0898,14103.5000,14354.3701
2008-06-17,14387.0000,14387.0000,14299.6699,14348.3701
2008-06-18,14301.3604,14469.9902,14301.3604,14452.8203
2008-06-19,14324.7100,14324.7100,14069.1602,14130.1699
2008-06-20,14171.0195,14190.0000,13903.2100,13942.0801
2008-06-23,13769.4404,13920.7500,13667.8398,13857.4697
2008-06-24,13766.2803,13877.4902,13738.3896,13849.5596
2008-06-25,13820.7803,13833.2305,13635.6797,13829.9199
2008-06-26,13845.4102,13950.5596,13798.0498,13822.3203
2008-06-27,13605.2598,13605.5596,13453.3496,13544.3604
2008-06-30,13584.5098,13598.4805,13454.2803,13481.3799
2008-07-01,13514.8604,13576.4102,13448.3496,13463.2002
2008-07-02,13489.8701,13489.8701,13247.0498,13286.3701
2008-07-03,13161.7803,13326.9502,13118.8896,13265.4004
2008-07-04,13285.4902,13288.5498,13135.4600,13237.8896
2008-07-07,13212.7998,13409.2998,13169.5498,13360.0400
2008-07-08,13286.5000,13294.9697,12984.5400,13033.0996
2008-07-09,13169.8896,13284.6504,13038.7695,13052.1299
2008-07-10,12934.3096,13139.8496,12930.3203,13067.2100
2008-07-11,13063.5000,13164.0996,12918.2197,13039.6904
2008-07-14,13022.2900,13185.9004,12969.9297,13010.1602
2008-07-15,12902.1299,12902.1299,12715.8096,12754.5596
2008-07-16,12725.1201,12815.4004,12671.3398,12760.7998
2008-07-17,12889.7998,12929.7402,12852.9297,12887.9502
2008-07-18,12976.2197,12999.6396,12762.3301,12803.7002
2008-07-22,12944.5596,13184.9600,12921.0195,13184.9600
2008-07-23,13259.6504,13388.6299,13238.5498,13312.9297
2008-07-24,13411.2803,13603.3096,13393.5703,13603.3096
2008-07-25,13452.3701,13469.8301,13324.2197,13334.7598
2008-07-28,13407.3604,13468.9404,13327.1201,13353.7803
2008-07-29,13220.3301,13220.3301,13018.2197,13159.4502
2008-07-30,13267.3701,13372.2803,13264.0801,13367.7900
2008-07-31,13410.4004,13467.6699,13256.3799,13376.8096
2008-08-01,13276.5703,13294.1699,13039.2100,13094.5898
2008-08-04,13083.2803,13113.9404,12910.1699,12933.1797
2008-08-05,12957.0098,13049.5801,12893.3398,12914.6602
2008-08-06,13059.4297,13295.5098,13048.9697,13254.8896
2008-08-07,13257.9902,13257.9902,13034.1504,13124.9902
2008-08-08,13026.5303,13259.7305,12962.8203,13168.4102
2008-08-11,13259.4600,13468.8096,13259.4600,13430.9102
2008-08-12,13397.9902,13420.0996,13276.1504,13303.5996
2008-08-13,13205.6396,13205.6396,12953.3398,13023.0498
2008-08-14,12942.6104,13090.6797,12926.9805,12956.7998
2008-08-15,12991.9102,13029.5801,12952.2100,13019.4102
2008-08-18,12971.4902,13270.3701,12934.2197,13165.4502
2008-08-19,13016.5000,13016.5000,12782.0996,12865.0498
2008-08-20,12753.9805,12923.6602,12753.9805,12851.6904
2008-08-21,12885.3398,12885.3398,12723.8301,12752.2100
2008-08-22,12727.3701,12732.6904,12631.9404,12666.0400
2008-08-25,12797.5400,12949.3301,12797.5400,12878.6602
2008-08-26,12711.0303,12801.2100,12656.0898,12778.7100
2008-08-27,12734.3896,12783.6299,12681.9805,12752.9600
2008-08-28,12827.7197,12847.4600,12718.5303,12768.2500
2008-08-29,12925.4502,13079.3701,12918.4902,13072.8701
2008-09-01,12936.8096,12940.5498,12834.1797,12834.1797
2008-09-02,12779.8896,12920.5195,12491.0703,12609.4697
2008-09-03,12703.3604,12767.5000,12647.2900,12689.5898
2008-09-04,12627.6396,12660.5703,12514.2598,12557.6602
2008-09-05,12385.6504,12385.6504,12163.3301,12212.2305
2008-09-08,12359.9297,12671.7598,12352.3496,12624.4600
2008-09-09,12529.9600,12529.9600,12335.7402,12400.6504
2008-09-10,12249.1396,12404.6699,12159.9697,12346.6299
2008-09-11,12237.5195,12259.0195,12081.5098,12102.5000
2008-09-12,12256.7803,12277.5703,12059.0898,12214.7598
2008-09-16,12028.4502,12028.4502,11551.4004,11609.7197
2008-09-17,11737.6201,11880.0303,11708.7002,11749.7900
2008-09-18,11576.9404,11577.8799,11301.4600,11489.2998
2008-09-19,11631.5996,11920.8604,11615.2002,11920.8604
2008-09-22,12037.8896,12263.9502,12037.8896,12090.5898
2008-09-24,12031.9805,12115.0303,11904.5996,12115.0303
2008-09-25,11925.7100,12025.4102,11835.2803,12006.5303
2008-09-26,12026.3398,12082.6396,11788.7305,11893.1602
2008-09-29,11883.2500,12062.6699,11721.0498,11743.6104
2008-09-30,11565.7002,11565.7002,11160.8301,11259.8604
2008-10-01,11396.6104,11456.6396,11314.2803,11368.2598
2008-10-02,11423.1299,11452.3896,11143.7900,11154.7598
2008-10-03,11052.0996,11099.7305,10938.1396,10938.1396
2008-10-06,10817.2695,10839.5000,10374.3799,10473.0898
2008-10-07,10328.5400,10363.1396,9916.2100,10155.9004
2008-10-08,10011.6396,10011.6396,9159.8096,9203.3203
2008-10-09,9168.1602,9443.4502,9100.9297,9157.4902
2008-10-10,9016.3398,9016.3398,8115.4102,8276.4297
2008-10-14,8407.9404,9455.6201,8407.9404,9447.5703
2008-10-15,9390.5000,9601.2998,9269.4902,9547.4697
2008-10-16,9400.8496,9400.8496,8458.4502,8458.4502
2008-10-17,8579.5703,8763.7100,8539.5098,8693.8203
2008-10-20,8775.2402,9038.4502,8687.7002,9005.5898
2008-10-21,9139.2598,9358.5098,9135.4102,9306.2500
2008-10-22,9198.1396,9198.1396,8674.6904,8674.6904
2008-10-23,8547.7900,8547.7900,8016.6099,8460.9805
2008-10-24,8391.0400,8391.0400,7647.0698,7649.0801
2008-10-27,7568.3599,7878.9702,7141.2700,7162.8999
2008-10-28,7143.3398,7626.4199,6994.8999,7621.9199
2008-10-29,7741.5200,8211.9004,7741.5200,8211.9004
2008-10-30,8269.7100,9030.8496,8269.7100,9029.7598
2008-10-31,8958.2197,9012.3096,8576.9805,8576.9805
2008-11-04,8702.7695,9142.2900,8699.7695,9114.5996
2008-11-05,9224.0498,9521.2402,9216.2998,9521.2402
2008-11-06,9373.6504,9380.2998,8806.7100,8899.1396
2008-11-07,8774.4902,8868.0996,8266.0898,8583.0000
2008-11-10,8711.9902,9106.2900,8711.9902,9081.4297
2008-11-11,8965.2900,9056.3096,8704.5596,8809.2998
2008-11-12,8694.9102,8782.4805,8574.2002,8695.5098
2008-11-13,8564.4697,8564.4697,8148.2998,8238.6396
2008-11-14,8378.1299,8689.8496,8378.1299,8462.3896
2008-11-17,8366.8799,8767.9805,8218.8203,8522.5801
2008-11-18,8415.5996,8440.4102,8302.2402,8328.4102
2008-11-19,8309.3496,8370.0898,8115.7100,8273.2197
2008-11-20,8149.7700,8149.7900,7703.0400,7703.0400
2008-11-21,7600.3501,7994.6802,7406.1802,7910.7900
2008-11-25,8026.0601,8356.8301,8025.6899,8323.9297
2008-11-26,8229.7197,8317.8301,8149.5601,8213.2197
2008-11-27,8311.2402,8458.6797,8300.4902,8373.3896
2008-11-28,8400.0498,8518.1299,8336.5703,8512.2695
2008-12-01,8464.3604,8464.3604,8307.2803,8397.2197
2008-12-02,8266.3203,8266.3203,7863.6899,7863.6899
2008-12-03,7965.3101,8056.3799,7889.8198,8004.1001
2008-12-04,8030.2002,8107.6899,7849.8398,7924.2402
2008-12-05,7975.0498,8024.3301,7908.6499,7917.5098
2008-12-08,7970.6899,8358.2695,7959.0098,8329.0498
2008-12-09,8362.3701,8499.5996,8314.8496,8395.8701
2008-12-10,8376.0000,8704.9199,8376.0000,8660.2402
2008-12-11,8642.2598,8720.5498,8519.1104,8720.5498
2008-12-12,8599.1201,8610.7305,8087.9902,8235.8701
2008-12-15,8349.8496,8700.1699,8349.8496,8664.6602
2008-12-16,8608.4004,8634.2598,8471.2402,8568.0195
2008-12-17,8658.2197,8741.2402,8425.6602,8612.5195
2008-12-18,8565.1602,8728.3604,8534.8398,8667.2305
2008-12-19,8640.2197,8743.2197,8570.5596,8588.5195
2008-12-22,8602.5000,8751.1797,8593.7598,8723.7803
2008-12-24,8630.2500,8631.8301,8476.6904,8517.0996
2008-12-25,8531.5098,8599.5000,8531.1602,8599.5000
2008-12-26,8642.1396,8740.7598,8611.3604,8739.5195
2008-12-29,8726.3096,8763.6699,8638.5996,8747.1699
2008-12-30,8716.2803,8859.5596,8702.9502,8859.5596
2009-01-05,8991.2100,9127.3799,8987.3604,9043.1201
2009-01-06,9130.0098,9171.0303,9029.9404,9080.8398
2009-01-07,9133.7998,9325.3496,9106.0498,9239.2402
2009-01-08,9143.2100,9148.8301,8876.4199,8876.4199
2009-01-09,8932.7100,8956.8496,8773.2002,8836.7998
2009-01-13,8732.6299,8732.9297,8405.5000,8413.9102
2009-01-14,8425.7500,8516.0703,8359.1602,8438.4502
2009-01-15,8309.3799,8309.3799,7997.7300,8023.3101
2009-01-16,8125.2002,8283.9102,8067.4702,8230.1504
2009-01-19,8318.2598,8351.6797,8221.8398,8256.8496
2009-01-20,8187.1401,8190.4199,7962.4600,8065.7900
2009-01-21,7949.9600,8009.2202,7829.2998,7901.6401
2009-01-22,7988.2998,8051.7402,7809.8901,8051.7402
2009-01-23,7965.4102,7965.4102,7745.2500,7745.2500
2009-01-26,7714.2598,7807.1602,7671.0400,7682.1401
2009-01-27,7782.8999,8115.1499,7782.0698,8061.0698
2009-01-28,8052.2500,8171.6299,7936.5898,8106.2900
2009-01-29,8201.1602,8305.3799,8138.9902,8251.2402
2009-01-30,8142.8799,8142.8799,7922.3901,7994.0498
2009-02-02,7908.5098,7955.7500,7795.2700,7873.9800
2009-02-03,7862.9502,8084.4102,7800.7998,7825.5098
2009-02-04,7897.2402,8084.9702,7863.6499,8038.9399
2009-02-05,7985.5298,8093.9600,7901.0400,7949.6499
2009-02-06,8054.2700,8169.0400,8033.2402,8076.6201
2009-02-09,8178.0698,8257.7100,7969.0298,7969.0298
2009-02-10,8066.9399,8124.7900,7917.2700,7945.9399
2009-02-12,7842.5298,7862.5200,7685.6802,7705.3599
2009-02-13,7789.3501,7887.7402,7730.2700,7779.3999
2009-02-16,7732.6802,7804.2402,7694.7300,7750.1699
2009-02-17,7690.1299,7710.4302,7615.9399,7645.5098
2009-02-18,7539.9600,7565.7900,7479.1802,7534.4399
2009-02-19,7604.2202,7642.6899,7537.5601,7557.6499
2009-02-20,7544.0698,7554.7002,7382.3301,7416.3799
2009-02-23,7314.2998,7417.1802,7209.4302,7376.1602
2009-02-24,7266.6802,7270.8999,7155.1602,7268.5601
2009-02-25,7368.4399,7471.0298,7330.4399,7461.2202
2009-02-26,7470.6001,7599.8101,7433.0601,7457.9302
2009-02-27,7463.4199,7589.7700,7414.3999,7568.4199
2009-03-02,7454.2798,7454.2798,7234.9600,7280.1499
2009-03-03,7177.7900,7288.1401,7088.4702,7229.7202
2009-03-04,7146.7100,7320.6499,7104.6299,7290.9600
2009-03-05,7336.0200,7532.8701,7336.0200,7433.4902
2009-03-06,7328.2900,7328.2900,7167.0698,7173.1001
2009-03-09,7191.1299,7241.0200,7028.4902,7086.0298
2009-03-10,7059.7700,7100.7700,7021.2798,7054.9800
2009-03-11,7165.3901,7393.8101,7161.8501,7376.1201
2009-03-12,7320.4502,7345.0200,7198.2500,7198.2500
2009-03-13,7301.1201,7571.4502,7300.8701,7569.2798
2009-03-16,7630.2002,7754.7500,7630.2002,7704.1499
2009-03-17,7767.3398,7967.0298,7723.9399,7949.1299
2009-03-18,8006.8599,8054.3501,7895.2798,7972.1699
2009-03-19,8017.9302,8034.0898,7902.4902,7945.9600
2009-03-23,7943.1401,8229.1299,7922.5498,8215.5303
2009-03-24,8334.6797,8504.4102,8297.2695,8488.2998
2009-03-25,8499.6904,8553.0098,8392.5596,8479.9902
2009-03-26,8430.2197,8640.2803,8383.9902,8636.3301
2009-03-27,8711.7197,8843.1797,8626.9697,8626.9697
2009-03-30,8621.8496,8651.0596,8236.0801,8236.0801
2009-03-31,8199.4297,8383.7402,8088.4502,8109.5298
2009-04-01,8173.3599,8351.9102,8084.6201,8351.9102
2009-04-02,8453.7305,8741.6699,8449.8701,8719.7803
2009-04-03,8814.0996,8884.6299,8697.1699,8749.8398
2009-04-06,8856.8398,8992.0596,8812.3604,8857.9297
2009-04-07,8838.6602,8884.4502,8778.9199,8832.8496
2009-04-08,8746.7305,8765.6396,8556.7500,8595.0098
2009-04-09,8665.1602,8920.8604,8664.2598,8916.0596
2009-04-10,9041.2305,9068.7998,8856.6904,8964.1104
2009-04-13,8930.3496,9024.4502,8888.0996,8924.4297
2009-04-14,8955.9004,8961.7305,8749.9199,8842.6797
2009-04-15,8777.6797,8800.5195,8681.0303,8742.9600
2009-04-16,8848.4297,9030.0000,8720.6201,8755.2598
2009-04-17,8854.3301,8953.3398,8834.6299,8907.5801
2009-04-20,8899.5898,8933.7998,8813.7197,8924.7500
2009-04-21,8802.0898,8802.0898,8612.7598,8711.3301
2009-04-22,8777.5303,8802.9004,8683.2695,8727.2998
2009-04-23,8776.9404,8860.5498,8647.7998,8847.0098
2009-04-24,8832.0996,8852.8301,8694.9199,8707.9902
2009-04-27,8783.3398,8840.5303,8648.5098,8726.3398
2009-04-28,8678.2803,8808.6396,8493.7695,8493.7695
2009-04-30,8615.4502,8844.7695,8615.4502,8828.2598
2009-05-01,8848.8398,9017.3203,8827.1299,8977.3701
2009-05-07,9102.3496,9385.7002,9100.1104,9385.7002
2009-05-08,9351.4004,9464.4297,9349.5703,9432.8301
2009-05-11,9460.7197,9503.9102,9342.7500,9451.9805
2009-05-12,9358.2500,9389.6104,9298.6104,9298.6104
2009-05-13,9305.7900,9379.4697,9278.8896,9340.4902
2009-05-14,9212.2998,9223.7695,9052.4102,9093.7305
2009-05-15,9150.2100,9272.0801,9140.9004,9265.0195
2009-05-18,9167.0498,9167.8203,8997.7402,9038.6904
2009-05-19,9172.5596,9326.7500,9166.9697,9290.2900
2009-05-20,9372.7197,9399.4004,9311.6104,9344.6396
2009-05-21,9280.3496,9286.3496,9189.9199,9264.1504
2009-05-22,9156.1396,9267.8203,9126.6904,9225.8096
2009-05-25,9245.9502,9402.7598,9245.9502,9347.0000
2009-05-26,9364.2197,9379.7803,9231.9297,9310.8096
2009-05-27,9426.6201,9491.1299,9411.5400,9438.7695
2009-05-28,9353.3301,9492.6602,9353.3301,9451.3896
2009-05-29,9478.2100,9522.5000,9426.5195,9522.5000
2009-06-01,9517.4902,9691.7305,9491.2598,9677.7500
2009-06-02,9774.5498,9793.4697,9704.3096,9704.3096
2009-06-03,9723.8203,9774.5498,9718.7002,9741.6699
2009-06-04,9690.9297,9743.4600,9654.4502,9668.9600
2009-06-05,9752.5098,9774.9805,9719.1396,9768.0098
2009-06-08,9829.2803,9914.0703,9816.1699,9865.6299
2009-06-09,9824.1699,9855.8896,9755.8096,9786.8203
2009-06-10,9833.6396,9991.4902,9813.7695,9991.4902
2009-06-11,9992.9805,10022.2305,9958.9805,9981.3301
2009-06-12,10088.2100,10170.8203,10050.9600,10135.8203
2009-06-15,10126.5498,10126.5498,10029.5898,10039.6699
2009-06-16,9914.4004,9941.5000,9752.8799,9752.8799
2009-06-17,9705.7305,9845.5195,9705.7305,9840.8496
2009-06-18,9778.3496,9778.3496,9649.8301,9703.7197
2009-06-19,9757.8496,9822.8301,9703.8701,9786.2598
2009-06-22,9788.0703,9887.1299,9763.3701,9826.2695
2009-06-23,9695.7598,9712.0898,9511.4502,9549.6104
2009-06-24,9596.7803,9624.4102,9534.2402,9590.3203
2009-06-25,9628.1797,9871.1396,9619.0195,9796.0801
2009-06-26,9852.9199,9893.0000,9793.9502,9877.3896
2009-06-29,9866.2803,9943.8301,9748.7305,9783.4697
2009-06-30,9896.5596,10000.2998,9894.9502,9958.4404
2009-07-01,9889.3398,10086.1797,9874.0000,9939.9297
2009-07-02,9993.7695,9993.7695,9869.5400,9876.1504
2009-07-03,9751.6904,9816.0703,9691.1602,9816.0703
2009-07-06,9738.4902,9771.7598,9650.7500,9680.8701
2009-07-07,9713.6201,9734.4297,9619.6797,9647.7900
2009-07-08,9548.8096,9557.3896,9407.9805,9420.7500
2009-07-09,9342.3301,9384.2402,9291.0596,9291.0596
2009-07-10,9338.7598,9370.1504,9265.2402,9287.2803
2009-07-13,9242.1299,9343.8604,9050.3301,9050.3301
2009-07-14,9173.1396,9284.3799,9166.6299,9261.8096
2009-07-15,9307.4502,9333.6396,9250.7305,9269.2500
2009-07-16,9393.9805,9489.6699,9317.1104,9344.1602
2009-07-17,9413.8604,9420.6104,9360.5898,9395.3203
2009-07-21,9512.5195,9652.0195,9508.9199,9652.0195
2009-07-22,9642.7900,9750.6299,9608.7695,9723.1602
2009-07-23,9712.0996,9861.2900,9703.8398,9792.9404
2009-07-24,9909.4004,9950.0400,9863.8701,9944.5498
2009-07-27,10020.8701,10179.5898,10015.1104,10088.6602
2009-07-28,10116.8896,10116.8896,10049.6299,10087.2598
2009-07-29,10035.9102,10161.9502,10035.9102,10113.2402
2009-07-30,10155.7100,10169.6797,10067.5098,10165.2100
2009-07-31,10275.1396,10359.0703,10259.5703,10356.8301
2009-08-03,10355.2305,10380.5703,10322.0000,10352.4697
2009-08-04,10438.4004,10479.1904,10358.4805,10375.0098
2009-08-05,10405.0498,10406.0996,10252.5303,10252.5303
2009-08-06,10266.0098,10426.1396,10266.0098,10388.0898
2009-08-07,10365.7100,10412.0898,10249.0400,10412.0898
2009-08-10,10530.6201,10585.3701,10487.7002,10524.2598
2009-08-11,10514.7402,10587.3604,10512.2100,10585.4600
2009-08-12,10486.3604,10526.3496,10434.0898,10435.0000
2009-08-13,10508.0898,10556.2803,10489.1201,10517.1904
2009-08-14,10551.3301,10630.3799,10539.4297,10597.3301
2009-08-17,10521.0195,10521.0195,10268.6104,10268.6104
2009-08-18,10208.1201,10325.0596,10181.0996,10284.9600
2009-08-19,10269.9697,10327.1699,10195.1104,10204.0000
2009-08-20,10254.5303,10407.2998,10204.2598,10383.4102
2009-08-21,10375.2197,10375.2197,10142.2197,10238.2002
2009-08-24,10389.5703,10591.0000,10388.7803,10581.0498
2009-08-25,10515.5703,10566.3096,10469.6904,10497.3604
2009-08-26,10554.4404,10668.7402,10526.5098,10639.7100
2009-08-27,10570.7803,10575.7900,10400.8301,10473.9697
2009-08-28,10546.8799,10560.4404,10471.6299,10534.1396
2009-08-31,10608.1602,10767.0000,10423.9004,10492.5303
2009-09-02,10378.0801,10378.0801,10215.5996,10280.4600
2009-09-03,10240.0195,10290.8301,10185.3799,10214.6396
2009-09-04,10256.4902,10256.4902,10143.2598,10187.1104
2009-09-07,10288.5596,10326.4502,10274.3799,10320.9404
2009-09-08,10353.5098,10393.2305,10300.5000,10393.2305
2009-09-09,10343.7998,10390.2500,10249.1104,10312.1396
2009-09-10,10385.3496,10521.1396,10382.9902,10513.6699
2009-09-11,10519.3301,10522.2305,10407.9697,10444.3301
2009-09-14,10388.3203,10388.3203,10170.7402,10202.0596
2009-09-15,10255.7305,10292.4697,10183.2998,10217.6201
2009-09-16,10288.7197,10394.5596,10247.2402,10270.7695
2009-09-17,10373.2500,10443.7998,10340.1396,10443.7998
2009-09-18,10379.2100,10399.4199,10292.5000,10370.5400
2009-09-24,10405.5303,10566.9805,10386.8799,10544.2197
2009-09-25,10395.4502,10395.4502,10228.5996,10265.9805
2009-09-28,10136.2402,10151.5996,9971.0498,10009.5195
2009-09-29,10089.1104,10125.8799,10059.8701,10100.2002
2009-09-30,10105.1699,10138.0400,10063.6904,10133.2305
2009-10-01,10072.6396,10077.2197,9965.0596,9978.6396
2009-10-02,9848.0703,9852.1699,9714.1797,9731.8701
2009-10-05,9733.0703,9751.5596,9669.3096,9674.4902
2009-10-06,9744.4199,9744.4199,9628.6699,9691.7998
2009-10-07,9750.2402,9821.7402,9735.6797,9799.5996
2009-10-08,9806.0303,9863.3398,9746.1504,9832.4697
2009-10-09,9893.6299,10016.3896,9857.3896,10016.3896
2009-10-13,10066.8496,10116.7197,10039.6201,10076.5596
2009-10-14,10096.0098,10096.0098,10016.2402,10060.2100
2009-10-15,10194.9102,10272.6201,10184.8096,10238.6504
2009-10-16,10276.4004,10290.3096,10216.1396,10257.5596
2009-10-19,10179.4600,10264.4404,10125.3301,10236.5098
2009-10-20,10329.2998,10357.5898,10307.5898,10336.8398
2009-10-21,10292.3896,10350.4502,10292.3896,10333.3896
2009-10-22,10251.0898,10274.6104,10159.6602,10267.1699
2009-10-23,10335.3398,10364.1699,10271.7100,10282.9902
2009-10-26,10271.8398,10397.6904,10250.8398,10362.6201
2009-10-27,10283.4600,10290.9199,10201.9297,10212.4600
2009-10-28,10182.1396,10209.2002,10060.3896,10075.0498
2009-10-29,9941.5703,9945.4102,9850.1201,9891.0996
2009-10-30,10006.8398,10049.5898,9984.3301,10034.7402
2009-11-02,9903.7695,9904.6104,9736.1396,9802.9502
2009-11-04,9785.2803,9845.0000,9767.9102,9844.3096
2009-11-05,9803.5000,9825.8203,9691.6904,9717.4404
2009-11-06,9812.7305,9849.7197,9767.0000,9789.3496
2009-11-09,9777.6396,9845.9004,9731.5898,9808.9902
2009-11-10,9904.6797,9979.4600,9857.0996,9870.7305
2009-11-11,9890.1797,9949.7100,9849.9902,9871.6797
2009-11-12,9921.4502,9943.5703,9788.4902,9804.4902
2009-11-13,9793.1904,9805.2002,9719.3799,9770.3096
2009-11-16,9784.1396,9802.5303,9725.8096,9791.1797
2009-11-17,9834.5801,9847.6396,9715.2803,9729.9297
2009-11-18,9723.2305,9788.8096,9631.8301,9676.7998
2009-11-19,9691.8604,9691.8604,9496.0703,9549.4697
2009-11-20,9460.2100,9513.5996,9423.6602,9497.6797
2009-11-24,9511.0000,9511.0000,9397.7900,9401.5801
2009-11-25,9381.9004,9453.7002,9366.3301,9441.6396
2009-11-26,9354.7998,9457.2402,9324.9902,9383.2402
2009-11-27,9257.2002,9257.2002,9076.4102,9081.5195
2009-11-30,9189.1699,9353.7402,9162.1797,9345.5498
2009-12-01,9281.8203,9572.2002,9233.2002,9572.2002
2009-12-02,9551.7900,9643.3203,9514.1504,9608.9404
2009-12-03,9707.0195,9977.6699,9707.0195,9977.6699
2009-12-04,10019.2402,10022.5898,9902.8301,10022.5898
2009-12-07,10131.9004,10204.5801,10106.3096,10167.5996
2009-12-08,10079.8096,10149.3203,10079.8096,10140.4697
2009-12-09,10048.9404,10048.9404,9985.9697,10004.7197
2009-12-10,9964.0498,10035.9199,9834.2197,9862.8203
2009-12-11,9958.0000,10107.8701,9916.2100,10107.8701
2009-12-14,10126.6104,10126.6104,10009.5996,10105.6797
2009-12-15,10053.4502,10111.7598,10033.9004,10083.4805
2009-12-16,10179.3301,10222.2197,10117.1201,10177.4102
2009-12-17,10199.9199,10260.1201,10163.7998,10163.7998
2009-12-18,10110.6396,10157.2500,10027.8496,10142.0498
2009-12-21,10196.7100,10215.4902,10183.4697,10183.4697
2009-12-22,10256.0000,10378.0303,10235.2197,10378.0303
2009-12-24,10413.3701,10558.4102,10413.3701,10536.9199
2009-12-25,10546.9697,10546.9697,10476.6504,10494.7100
2009-12-28,10521.8096,10652.9902,10513.5498,10634.2305
2009-12-29,10611.8496,10683.1201,10597.4102,10638.0596
2009-12-30,10707.5098,10707.5098,10546.4404,10546.4404
2010-01-04,10609.3398,10694.4902,10608.1396,10654.7900
2010-01-05,10719.4404,10791.0400,10655.5703,10681.8301
2010-01-06,10709.5498,10768.6104,10661.1699,10731.4502
2010-01-07,10742.7500,10774.0000,10636.6699,10681.6602
2010-01-08,10743.2998,10816.4502,10677.5596,10798.3203
2010-01-12,10770.3496,10905.3896,10763.6797,10879.1396
2010-01-13,10795.4805,10866.6201,10729.8604,10735.0303
2010-01-14,10778.0703,10909.9404,10774.2500,10907.6797
2010-01-15,10917.4102,10982.0996,10878.8301,10982.0996
2010-01-18,10887.6104,10895.0996,10781.0303,10855.0801
2010-01-19,10866.8301,10866.8301,10749.4697,10764.9004
2010-01-20,10834.9102,10860.9297,10724.5703,10737.5195
2010-01-21,10704.7900,10886.6396,10649.8398,10868.4102
2010-01-22,10740.2100,10768.0703,10528.3301,10590.5498
2010-01-25,10478.3096,10557.6396,10414.5801,10512.6904
2010-01-26,10506.1504,10566.4902,10324.9805,10325.2803
2010-01-27,10344.0703,10373.8203,10252.0801,10252.0801
2010-01-28,10309.7305,10462.7002,10296.9805,10414.2900
2010-01-29,10308.0498,10324.3701,10198.0400,10198.0400
2010-02-01,10212.3604,10224.8301,10129.9102,10205.0195
2010-02-02,10310.9805,10396.4805,10287.7402,10371.0898
2010-02-03,10428.1201,10436.5195,10356.0303,10404.3301
2010-02-04,10434.5195,10438.4102,10279.5703,10355.9805
2010-02-05,10162.3398,10166.2998,10036.3301,10057.0898
2010-02-08,10007.4697,10063.5303,9942.0498,9951.8203
2010-02-09,9876.6104,9956.7900,9867.3896,9932.9004
2010-02-10,10024.2598,10049.8701,9963.9902,9963.9902
2010-02-12,10085.3496,10099.4600,10014.5000,10092.1904
2010-02-15,10097.8203,10119.4697,10012.5303,10013.2998
2010-02-16,10044.5303,10062.2695,10019.4297,10034.2500
2010-02-17,10161.7197,10306.8301,10150.2402,10306.8301
2010-02-18,10324.9805,10340.3799,10285.0498,10335.6904
2010-02-19,10334.4004,10354.4199,10123.5801,10123.5801
2010-02-22,10302.0703,10449.7500,10298.1504,10400.4697
2010-02-23,10327.6396,10375.5498,10280.3301,10352.0996
2010-02-24,10205.1504,10243.2002,10129.6504,10198.8301
2010-02-25,10256.0996,10267.4297,10087.2100,10101.9600
2010-02-26,10107.0801,10171.2197,10085.1299,10126.0303
2010-03-01,10128.7305,10215.1504,10116.8604,10172.0596
2010-03-02,10199.1904,10238.9600,10150.2998,10221.8398
2010-03-03,10193.9502,10274.0898,10186.6797,10253.1396
2010-03-04,10255.6904,10263.4805,10134.3701,10145.7197
2010-03-05,10254.6104,10376.4102,10254.6104,10368.9600
2010-03-08,10538.1201,10586.9697,10514.2803,10585.9199
2010-03-09,10567.3203,10593.2695,10542.8096,10567.6504
2010-03-10,10555.8496,10588.6904,10547.3398,10563.9199
2010-03-11,10627.9902,10664.9502,10588.8604,10664.9502
2010-03-12,10777.4902,10777.4902,10699.2998,10751.2598
2010-03-15,10802.1104,10808.8398,10708.9697,10751.9805
2010-03-16,10718.6299,10776.5195,10716.2002,10721.7100
2010-03-17,10789.2402,10864.2998,10761.8896,10846.9805
2010-03-18,10841.7100,10845.7305,10731.6602,10744.0303
2010-03-19,10785.8799,10826.7598,10775.5703,10824.7197
2010-03-23,10793.0498,10817.7803,10766.6504,10774.1504
2010-03-24,10829.3604,10880.6201,10769.1797,10815.0303
2010-03-25,10857.8096,10872.4502,10808.7100,10828.8496
2010-03-26,10895.2900,11001.5898,10889.3301,10996.3701
2010-03-29,10909.9805,10990.7500,10901.2002,10986.4697
2010-03-30,11022.2002,11108.8203,11003.3496,11097.1396
2010-03-31,11138.7197,11147.6201,11085.5498,11089.9404
2010-04-01,11178.9199,11272.7305,11118.1797,11244.4004
2010-04-02,11274.1797,11313.9805,11235.9805,11286.0898
2010-04-05,11380.6299,11408.1699,11306.6201,11339.2998
2010-04-06,11350.7002,11358.4502,11217.2500,11282.3203
2010-04-07,11296.3096,11350.5703,11260.4199,11292.8301
2010-04-08,11179.6699,11232.3604,11159.4502,11168.2002
2010-04-09,11174.6201,11204.8701,11148.7998,11204.3398
2010-04-12,11300.7900,11351.5498,11248.5703,11251.9004
2010-04-13,11202.9199,11212.6504,11088.4805,11161.2305
2010-04-14,11213.4600,11270.2002,11161.0098,11204.9004
2010-04-15,11310.0703,11316.6602,11255.7998,11273.7900
2010-04-16,11230.5303,11230.5303,11084.7197,11102.1797
2010-04-19,10929.6396,10953.9004,10878.9902,10908.7695
2010-04-20,10960.1104,10999.5703,10890.8203,10900.6797
2010-04-21,11031.7900,11093.2998,11023.8799,11090.0498
2010-04-22,10988.0098,10989.6201,10866.2305,10949.0898
2010-04-23,10930.9004,10967.1201,10865.9199,10914.4600
2010-04-26,11039.5898,11165.7900,11035.6602,11165.7900
2010-04-27,11109.2598,11213.4502,11108.7197,11212.6602
2010-04-28,11005.5098,11008.8799,10882.4004,10924.7900
2010-04-30,11062.1201,11092.5195,11035.2695,11057.4004
2010-05-06,10847.9004,10847.9004,10682.6104,10695.6904
2010-05-07,10472.7002,10472.7695,10257.3203,10364.5898
2010-05-10,10399.0498,10540.5195,10362.3398,10530.7002
2010-05-11,10643.2402,10643.2803,10392.4697,10411.0996
2010-05-12,10465.0303,10501.7197,10345.1904,10394.0303
2010-05-13,10542.7695,10638.2305,10535.9404,10620.5498
2010-05-14,10453.4004,10551.6904,10390.7695,10462.5098
2010-05-17,10329.3701,10331.8701,10158.2998,10235.7598
2010-05-18,10313.1396,10336.5303,10197.7402,10242.6396
2010-05-19,10087.3301,10186.8398,10041.9297,10186.8398
2010-05-20,10121.8496,10161.7002,9999.5898,10030.3096
2010-05-21,9823.8398,9829.3604,9696.6299,9784.5400
2010-05-24,9754.9902,9793.4600,9693.0703,9758.4004
2010-05-25,9632.1396,9642.5996,9432.0898,9459.8896
2010-05-26,9567.3496,9622.4004,9477.4502,9522.6602
2010-05-27,9419.2998,9642.1602,9395.2900,9639.7197
2010-05-28,9806.0596,9824.8496,9699.1396,9762.9805
2010-05-31,9735.4697,9831.7305,9728.4199,9768.7002
2010-06-01,9747.2598,9747.2598,9658.4404,9711.8301
2010-06-02,9604.4502,9763.4102,9560.1602,9603.2402
2010-06-03,9758.8203,9920.1797,9758.8203,9914.1904
2010-06-04,9909.2402,9962.4199,9868.0898,9901.1904
2010-06-07,9705.3604,9714.4199,9502.6201,9520.7998
2010-06-08,9448.7900,9587.6504,9434.8096,9537.9404
2010-06-09,9475.5703,9487.9102,9378.2305,9439.1299
2010-06-10,9476.7803,9544.0400,9437.4697,9542.6504
2010-06-11,9701.3203,9764.7305,9673.5996,9705.2500
2010-06-14,9824.9297,9882.0498,9819.9502,9879.8496
2010-06-15,9845.6504,9911.7305,9826.4404,9887.8896
2010-06-16,10043.0996,10109.8604,10033.2402,10067.1504
2010-06-17,10009.2500,10053.4502,9989.2100,9999.4004
2010-06-18,10027.9805,10029.1104,9965.1602,9995.0195
2010-06-21,10109.2695,10251.9004,10109.2695,10238.0098
2010-06-22,10131.9102,10183.8896,10105.4805,10112.8896
2010-06-23,9973.0000,9975.0098,9912.7998,9923.7002
2010-06-24,9902.6201,10009.3701,9893.7500,9928.3398
2010-06-25,9778.7002,9794.9805,9697.8701,9737.4805
2010-06-28,9758.9102,9762.2305,9679.1699,9693.9404
2010-06-29,9718.4004,9760.0195,9548.9805,9570.6699
2010-06-30,9396.4502,9420.1396,9347.0703,9382.6396
2010-07-01,9296.8604,9297.4502,9147.6797,9191.5996
2010-07-02,9234.5596,9259.1396,9160.4697,9203.7100
2010-07-05,9230.0000,9282.9004,9213.7900,9266.7803
2010-07-06,9158.2803,9351.1104,9091.7002,9338.0400
2010-07-07,9322.5596,9329.6396,9223.7998,9279.6504
2010-07-08,9462.8203,9545.9902,9456.1904,9535.7402
2010-07-09,9601.6201,9610.5898,9516.9697,9585.3203
2010-07-12,9540.4697,9632.8896,9533.5596,9548.1104
2010-07-13,9592.8701,9629.9805,9502.2402,9537.2305
2010-07-14,9707.5000,9807.3604,9693.3301,9795.2402
2010-07-15,9701.1396,9726.9404,9667.0000,9685.5303
2010-07-16,9600.8799,9636.8398,9392.2100,9408.3604
2010-07-21,9404.0703,9404.0703,9230.8398,9278.8301
2010-07-22,9216.2803,9254.1904,9176.1201,9220.8799
2010-07-23,9380.1201,9474.1104,9367.2998,9430.9600
2010-07-26,9520.7305,9561.8203,9493.6104,9503.6602
2010-07-27,9512.6699,9541.5898,9487.6504,9496.8496
2010-07-28,9614.4697,9760.3096,9614.4697,9753.2695
2010-07-29,9653.5098,9732.7598,9648.9697,9696.0195
2010-07-30,9658.6104,9658.6104,9505.6396,9537.2998
2010-08-02,9574.6396,9676.4102,9548.8604,9570.3096
2010-08-03,9716.5703,9750.8799,9632.8604,9694.0098
2010-08-04,9606.8203,9613.1299,9474.6699,9489.3398
2010-08-05,9640.3398,9688.8701,9578.3096,9653.9199
2010-08-06,9560.6504,9658.0400,9545.4102,9642.1201
2010-08-09,9535.5098,9572.8301,9523.6299,9572.4902
2010-08-10,9629.9697,9667.0400,9505.3398,9551.0498
2010-08-11,9423.0303,9445.0400,9283.5996,9292.8496
2010-08-12,9125.4902,9212.5898,9065.9404,9212.5898
2010-08-13,9214.8096,9278.4600,9163.2500,9253.4600
2010-08-16,9145.2197,9210.9697,9095.9404,9196.6699
2010-08-17,9089.8496,9188.4805,9084.2402,9161.6797
2010-08-18,9261.5000,9280.5898,9153.4199,9240.5400
2010-08-19,9242.8398,9362.6797,9242.8398,9362.6797
2010-08-20,9239.3604,9287.5000,9169.1699,9179.3799
2010-08-23,9147.2402,9171.4199,9090.9600,9116.6904
2010-08-24,9024.5996,9069.2197,8983.5195,8995.1396
2010-08-25,8904.4404,8949.4102,8807.4102,8845.3896
2010-08-26,8908.0195,8910.6201,8834.0898,8906.4805
2010-08-27,8811.4697,9021.7500,8810.4600,8991.0596
2010-08-30,9141.4502,9280.7002,9117.8701,9149.2598
2010-08-31,8998.7998,9008.3604,8819.2598,8824.0596
2010-09-01,8833.3203,8932.1504,8796.4502,8927.0195
2010-09-02,9069.6201,9083.3701,8958.8096,9062.8398
2010-09-03,9097.5898,9141.0898,9050.8301,9114.1299
2010-09-06,9199.9902,9303.0000,9173.3799,9301.3203
2010-09-07,9232.0195,9311.0195,9206.8096,9226.0000
2010-09-08,9098.8604,9105.8896,8997.6299,9024.5996
2010-09-09,9120.5400,9136.2598,9069.9297,9098.3896
2010-09-10,9132.2500,9291.5000,9132.2500,9239.1699
2010-09-13,9325.6396,9390.9004,9317.2998,9321.8203
2010-09-14,9319.5000,9330.0498,9258.1797,9299.3096
2010-09-16,9613.8896,9620.9004,9479.6299,9509.5000
2010-09-17,9581.6504,9643.2803,9554.3604,9626.0898
2010-09-21,9700.8799,9704.2500,9579.8301,9602.1104
2010-09-22,9563.2002,9625.4102,9546.8203,9566.3203
2010-09-24,9435.0400,9601.7695,9415.9600,9471.6699
2010-09-27,9557.3701,9613.4697,9539.1201,9603.1396
2010-09-28,9547.0303,9553.9102,9471.3496,9495.7598
2010-09-29,9530.0498,9600.9297,9502.3398,9559.3799
2010-09-30,9554.8301,9566.8398,9369.3496,9369.3496
2010-10-01,9440.5195,9470.3604,9358.6201,9404.2305
2010-10-04,9410.9199,9508.3604,9358.8203,9381.0596
2010-10-05,9337.4297,9538.3496,9332.1904,9518.7598
2010-10-06,9588.4697,9693.7402,9567.0000,9691.4297
2010-10-07,9661.0898,9716.9199,9649.1699,9684.8096
2010-10-08,9675.5898,9675.5898,9588.8799,9588.8799
2010-10-12,9648.5898,9650.2002,9387.7305,9388.6396
2010-10-13,9473.7803,9510.1904,9393.5195,9403.5098
2010-10-14,9515.1699,9614.4404,9481.5098,9583.5098
2010-10-15,9551.2100,9553.5703,9478.6396,9500.2500
2010-10-18,9517.6797,9564.8496,9471.4805,9498.4902
2010-10-19,9490.0898,9575.1396,9489.6797,9539.4502
2010-10-20,9399.6504,9402.0498,9316.9697,9381.5996
2010-10-21,9443.9502,9479.2500,9326.7803,9376.4805
2010-10-22,9404.0898,9457.6201,9390.1396,9426.7100
2010-10-25,9424.4404,9460.7002,9392.6797,9401.1602
2010-10-26,9386.5498,9455.0400,9362.1299,9377.3799
2010-10-27,9436.0098,9453.7900,9329.8604,9387.0303
2010-10-28,9368.6104,9413.6797,9350.4404,9366.0303
2010-10-29,9327.2500,9337.9199,9179.1504,9202.4502
2010-11-01,9166.8496,9258.3203,9134.4697,9154.7197
2010-11-02,9140.2803,9172.0303,9123.6201,9159.9805
2010-11-04,9282.7900,9377.7598,9276.7100,9358.7803
2010-11-05,9500.5996,9680.6797,9497.4502,9625.9902
2010-11-08,9699.7900,9737.0098,9677.8701,9732.9199
2010-11-09,9667.4404,9726.5996,9659.8604,9694.4902
2010-11-10,9748.6104,9842.9004,9747.0303,9830.5195
2010-11-11,9878.1104,9885.3701,9834.8203,9861.4600
2010-11-12,9810.2998,9851.4199,9724.8096,9724.8096
2010-11-15,9782.1104,9830.5898,9744.9902,9827.5098
2010-11-16,9892.8203,9908.2998,9774.1201,9797.0996
2010-11-17,9693.2100,9817.3701,9693.2100,9811.6602
2010-11-18,9820.5996,10013.6299,9798.5596,10013.6299
2010-11-19,10124.8398,10130.2305,10019.0801,10022.3896
2010-11-22,10133.4805,10157.9697,10091.9902,10115.1904
2010-11-24,9942.5400,10064.3096,9904.9199,10030.1104
2010-11-25,10117.8496,10123.2695,10038.7900,10079.7598
2010-11-26,10078.0898,10134.6396,10039.5596,10039.5596
2010-11-29,10075.6602,10149.9404,10044.0098,10125.9902
2010-11-30,10070.3096,10101.4199,9937.0400,9937.0400
2010-12-01,9939.7998,9988.0498,9918.5498,9988.0498
2010-12-02,10151.1504,10187.5898,10143.0801,10168.5195
2010-12-03,10231.7803,10254.0000,10154.9902,10178.3203
2010-12-06,10175.2305,10179.8203,10143.5801,10167.2305
2010-12-07,10152.9199,10167.0996,10094.4102,10141.0996
2010-12-08,10200.1602,10258.9004,10184.3203,10232.3301
2010-12-09,10277.8701,10298.2500,10240.1104,10285.8799
2010-12-10,10373.7002,10373.7002,10194.2695,10211.9502
2010-12-13,10212.5195,10293.8896,10199.7305,10293.8896
2010-12-14,10272.7002,10319.2402,10267.2197,10316.7695
2010-12-15,10338.1396,10340.6904,10282.8496,10309.7803
2010-12-16,10297.5498,10347.3896,10282.5400,10311.2900
2010-12-17,10307.1699,10327.4199,10280.7998,10303.8301
2010-12-20,10296.5498,10301.1504,10182.7402,10216.4102
2010-12-21,10277.1396,10372.5098,10266.2900,10370.5303
2010-12-22,10348.4805,10394.2197,10327.5996,10346.4805
2010-12-24,10275.9697,10290.8896,10264.0596,10279.1904
2010-12-27,10292.8398,10376.9102,10292.8398,10355.9902
2010-12-28,10330.0098,10340.8398,10292.6299,10292.6299
2010-12-29,10282.8398,10344.5400,10276.6104,10344.5400
2010-12-30,10303.1299,10315.4697,10209.9297,10228.9199
2011-01-04,10352.1904,10409.1699,10321.2803,10398.0996
2011-01-05,10387.9502,10413.4502,10358.0098,10380.7695
2011-01-06,10477.5195,10530.1104,10477.5195,10529.7598
2011-01-07,10506.7197,10550.7100,10503.0195,10541.0400
2011-01-11,10484.6201,10538.3896,10476.2900,10510.6797
2011-01-12,10562.2803,10576.5098,10502.9600,10512.7998
2011-01-13,10593.4600,10620.5703,10565.2803,10589.7598
2011-01-14,10502.7695,10579.9697,10497.2598,10499.0400
2011-01-17,10562.0898,10562.3896,10482.6904,10502.8604
2011-01-18,10461.0400,10548.2100,10456.7100,10518.9805
2011-01-19,10567.8799,10580.6797,10534.0195,10557.0996
2011-01-20,10492.3203,10505.6299,10421.8301,10437.3096
2011-01-21,10459.0400,10461.0703,10257.9902,10274.5195
2011-01-24,10318.5996,10347.9404,10278.8096,10345.1104
2011-01-25,10374.6396,10480.2402,10355.7998,10464.4199
2011-01-26,10410.2900,10440.3496,10392.4600,10401.9004
2011-01-27,10466.3398,10496.4004,10421.7500,10478.6602
2011-01-28,10460.2900,10480.0801,10332.6504,10360.3398
2011-01-31,10219.9805,10265.9600,10182.5703,10237.9199
2011-02-01,10281.5498,10299.3799,10245.7500,10274.5000
2011-02-02,10368.4805,10479.7500,10366.9600,10457.3604
2011-02-03,10424.6797,10450.4600,10409.8398,10431.3604
2011-02-04,10526.3896,10580.3604,10524.1299,10543.5195
2011-02-07,10641.2998,10644.2100,10572.7197,10592.0400
2011-02-08,10645.0303,10648.7998,10623.7002,10635.9805
2011-02-09,10686.7197,10701.9199,10599.5000,10617.8301
2011-02-10,10574.7998,10631.9404,10570.6201,10605.6504
2011-02-14,10689.6504,10725.5400,10674.4404,10725.5400
2011-02-15,10738.8096,10760.9902,10712.4902,10746.6699
2011-02-16,10758.8604,10842.3096,10752.6104,10808.2900
2011-02-17,10882.9102,10891.5996,10820.4805,10836.6396
2011-02-18,10829.1504,10862.4297,10810.1201,10842.7998
2011-02-21,10820.7803,10859.3896,10789.4102,10857.5303
2011-02-22,10745.5195,10761.2197,10639.7803,10664.7002
2011-02-23,10588.8203,10666.7197,10569.9297,10579.0996
2011-02-24,10533.2002,10542.7002,10428.3799,10452.7100
2011-02-25,10475.7803,10532.2100,10454.4600,10526.7598
2011-02-28,10504.5400,10628.7598,10448.8301,10624.0898
2011-03-01,10676.2402,10754.0303,10672.9102,10754.0303
2011-03-02,10609.2803,10629.5000,10492.3799,10492.3799
2011-03-03,10529.7695,10593.3398,10522.4004,10586.0195
2011-03-04,10730.9102,10768.4297,10664.3701,10693.6602
2011-03-07,10626.9697,10626.9697,10472.5098,10505.0195
2011-03-08,10513.0801,10565.0996,10509.2305,10525.1904
2011-03-09,10607.2305,10662.0703,10563.8203,10589.5000
2011-03-10,10544.1299,10549.1699,10410.0996,10434.3799
2011-03-11,10298.6396,10378.5498,10254.4297,10254.4297
2011-03-14,10044.1699,10049.9199,9578.6504,9620.4902
2011-03-15,9441.6602,9441.6602,8227.6299,8605.1504
2011-03-16,8767.2002,9168.5098,8763.9502,9093.7197
2011-03-17,8913.3496,9093.6104,8639.5596,8962.6699
2011-03-18,9083.9502,9275.5996,9073.2500,9206.7500
2011-03-22,9403.0498,9625.0303,9395.8496,9608.3203
2011-03-23,9590.3799,9592.4004,9387.9502,9449.4697
2011-03-24,9479.7695,9509.8496,9418.7100,9435.0098
2011-03-25,9565.4902,9569.7100,9469.3701,9536.1299
2011-03-28,9541.7598,9541.7598,9405.2002,9478.5303
2011-03-29,9348.5996,9502.2305,9317.3799,9459.0801
2011-03-30,9489.5098,9708.7900,9479.0303,9708.7900
2011-03-31,9765.2803,9765.8096,9658.6396,9755.0996
2011-04-01,9757.2803,9822.0596,9698.5996,9708.3896
2011-04-04,9773.9102,9808.5996,9718.8896,9718.8896
2011-04-05,9732.2598,9732.2598,9566.0498,9615.5498
2011-04-06,9668.1104,9671.4600,9562.1602,9584.3701
2011-04-07,9652.6504,9687.1797,9578.4697,9590.9297
2011-04-08,9586.1699,9804.2803,9536.6797,9768.0801
2011-04-11,9731.3203,9775.5996,9700.7500,9719.7002
2011-04-12,9603.5000,9603.6396,9513.2695,9555.2598
2011-04-13,9516.5000,9655.8301,9516.5000,9641.1797
2011-04-14,9579.7900,9676.9697,9553.7500,9653.9199
2011-04-15,9646.2197,9651.9600,9577.9600,9591.5195
2011-04-18,9593.4102,9608.9199,9539.0303,9556.6504
2011-04-19,9448.6504,9478.8701,9405.1904,9441.0303
2011-04-20,9536.7900,9631.0000,9519.3604,9606.8203
2011-04-21,9686.2695,9725.1201,9643.9199,9685.7695
2011-04-22,9623.0000,9732.6299,9611.3799,9682.2100
2011-04-25,9705.9004,9748.4004,9657.2402,9671.9600
2011-04-26,9627.4297,9627.4297,9536.5098,9558.6904
2011-04-27,9631.5303,9728.0303,9630.3701,9691.8398
2011-04-28,9749.3604,9849.7402,9712.5801,9849.7402
2011-05-02,9964.3896,10017.4697,9936.2695,10004.2002
2011-05-06,9851.1504,9876.0996,9782.6602,9859.2002
2011-05-09,9881.6699,9897.8799,9776.7402,9794.3799
2011-05-10,9804.2695,9853.1299,9755.9297,9818.7598
2011-05-11,9912.4805,9929.0400,9842.6699,9864.2598
2011-05-12,9770.7100,9836.7100,9716.6504,9716.6504
2011-05-13,9751.4502,9751.4502,9552.9297,9648.7695
2011-05-16,9571.1299,9598.3301,9552.8604,9558.2998
2011-05-17,9513.5000,9593.1299,9502.3896,9567.0195
2011-05-18,9602.8799,9693.5996,9590.4004,9662.0801
2011-05-19,9711.3203,9731.1201,9600.8096,9620.8203
2011-05-20,9612.8701,9670.9199,9600.4805,9607.0801
2011-05-23,9547.8604,9547.8604,9437.8701,9460.6299
2011-05-24,9406.0400,9490.3496,9406.0400,9477.1699
2011-05-25,9492.4297,9503.7695,9415.3301,9422.8799
2011-05-26,9499.4502,9567.4600,9489.1201,9562.0498
2011-05-27,9514.1602,9588.7002,9493.4404,9521.9404
2011-05-30,9489.7803,9540.0195,9448.0000,9504.9697
2011-05-31,9500.5996,9697.3496,9497.4004,9693.7305
2011-06-01,9708.0498,9720.7305,9659.3096,9719.6104
2011-06-02,9560.6299,9575.0098,9517.2803,9555.0400
2011-06-03,9550.5898,9603.0303,9490.6797,9492.2100
2011-06-06,9467.3701,9490.5498,9359.7803,9380.3496
2011-06-07,9371.2100,9454.6602,9358.3096,9442.9502
2011-06-08,9428.6201,9458.4297,9394.7402,9449.4600
2011-06-09,9411.7100,9472.4102,9383.1201,9467.1504
2011-06-10,9536.8398,9613.7500,9493.0498,9514.4404
2011-06-13,9405.1602,9466.5098,9391.2598,9448.2100
2011-06-14,9446.8398,9565.6504,9438.4102,9547.7900
2011-06-15,9589.5400,9599.9004,9520.9297,9574.3203
2011-06-16,9478.6299,9497.5898,9411.2803,9411.2803
2011-06-17,9443.3203,9447.4404,9318.6201,9351.4004
2011-06-20,9383.2402,9421.3799,9346.7598,9354.3203
2011-06-21,9420.4297,9459.6602,9378.3604,9459.6602
2011-06-22,9525.2500,9658.6201,9525.2500,9629.4297
2011-06-23,9557.7197,9652.4102,9553.2998,9596.7402
2011-06-24,9626.4297,9695.0898,9609.2402,9678.7100
2011-06-27,9633.9199,9638.4902,9570.5801,9578.3096
2011-06-28,9668.0098,9703.4102,9632.5400,9648.9805
2011-06-29,9767.9102,9797.2598,9734.6602,9797.2598
2011-06-30,9838.0898,9849.6904,9785.8896,9816.0898
2011-07-01,9878.6904,9900.5703,9849.6396,9868.0703
2011-07-04,9980.1602,10005.7500,9940.4697,9965.0898
2011-07-05,9959.3896,9995.1699,9948.3799,9972.4600
2011-07-06,9987.2500,10082.4805,9967.8701,10082.4805
2011-07-07,10047.1504,10102.1904,10029.3301,10071.1396
2011-07-08,10205.7100,10207.9102,10126.4697,10137.7305
2011-07-11,10069.0098,10109.2998,10057.7695,10069.5303
2011-07-12,9943.3203,9971.1396,9907.8096,9925.9199
2011-07-13,9891.1104,9979.6699,9887.3301,9963.1396
2011-07-14,9929.1797,9998.4902,9884.0000,9936.1201
2011-07-15,9919.5898,9985.3203,9919.0996,9974.4697
2011-07-19,9921.5000,9945.7197,9889.7197,9889.7197
2011-07-20,10008.0000,10042.7500,9986.3301,10005.9004
2011-07-21,10019.9404,10026.1797,9974.0000,10010.3896
2011-07-22,10096.8896,10149.1797,10076.5303,10132.1104
2011-07-25,10080.8203,10091.0195,10039.0996,10050.0098
2011-07-26,10078.4805,10130.2500,10043.9902,10097.7197
2011-07-27,10048.3398,10053.5000,10009.3701,10047.1904
2011-07-28,9936.9697,9945.9805,9853.8496,9901.3496
2011-07-29,9866.8203,9914.2197,9824.3398,9833.0303
2011-08-01,9907.0400,10040.1299,9906.1699,9965.0098
2011-08-02,9872.1699,9873.4600,9822.2998,9844.5898
2011-08-03,9705.0195,9705.0195,9610.3799,9637.1396
2011-08-04,9685.5000,9768.4004,9615.3496,9659.1797
2011-08-05,9469.1602,9469.1602,9264.0898,9299.8799
2011-08-08,9169.6699,9215.0898,9057.2900,9097.5596
2011-08-09,8911.7998,8949.9697,8656.7900,8944.4805
2011-08-10,9110.8096,9144.3301,9021.3604,9038.7402
2011-08-11,8876.5400,8983.3301,8832.4199,8981.9404
2011-08-12,9064.1699,9070.2695,8926.8896,8963.7197
2011-08-15,9082.5303,9117.1104,9032.8398,9086.4102
2011-08-16,9135.0596,9150.3096,9072.5303,9107.4297
2011-08-17,9047.8896,9081.7998,9003.7002,9057.2598
2011-08-18,9043.1797,9043.1797,8931.2500,8943.7598
2011-08-19,8771.7002,8796.4199,8707.4697,8719.2402
2011-08-22,8686.9102,8756.0996,8619.2100,8628.1299
2011-08-23,8703.3096,8747.4102,8630.4902,8733.0098
2011-08-24,8812.1602,8825.2695,8620.8896,8639.6104
2011-08-25,8748.0098,8849.9404,8741.7402,8772.3604
2011-08-26,8746.7695,8805.0996,8742.4600,8797.7803
2011-08-29,8802.2500,8926.2695,8751.2900,8851.3496
2011-08-30,8958.5000,8992.8604,8935.8496,8953.9004
2011-08-31,8938.3096,8967.7998,8905.5195,8955.2002
2011-09-01,9017.0098,9098.1504,8998.0098,9060.7998
2011-09-02,8980.5596,9014.2695,8914.6504,8950.7402
2011-09-05,8828.4600,8842.5596,8757.1797,8784.4600
2011-09-06,8687.1104,8709.9199,8588.3398,8590.5703
2011-09-07,8723.0498,8773.2598,8702.7803,8763.4102
2011-09-08,8863.2402,8876.4902,8757.5801,8793.1201
2011-09-09,8739.4902,8803.7500,8726.2500,8737.6602
2011-09-12,8578.7100,8584.0498,8520.9697,8535.6699
2011-09-13,8588.7402,8635.8799,8549.0596,8616.5498
2011-09-14,8623.5498,8671.2402,8499.3398,8518.5703
2011-09-15,8645.3799,8695.9502,8634.0195,8668.8604
2011-09-16,8785.2803,8864.1602,8774.1602,8864.1602
2011-09-20,8763.6104,8771.7197,8704.2305,8721.2402
2011-09-21,8717.0000,8771.6201,8707.1602,8741.1602
2011-09-22,8643.0195,8643.0195,8545.4600,8560.2598
2011-09-26,8547.6201,8556.6602,8359.7002,8374.1299
2011-09-27,8496.3301,8609.9502,8479.0498,8609.9502
2011-09-28,8607.9199,8665.5400,8595.8496,8615.6504
2011-09-29,8527.6396,8706.1396,8501.4199,8701.2305
2011-09-30,8713.9102,8756.0000,8653.6201,8700.2900
2011-10-03,8567.9805,8577.5195,8455.6699,8545.4805
2011-10-04,8426.3896,8470.7598,8359.2402,8456.1201
2011-10-05,8491.4297,8501.0303,8343.0098,8382.9805
2011-10-06,8463.8301,8545.7900,8463.8301,8522.0195
2011-10-07,8593.2197,8663.5703,8589.3604,8605.6201
2011-10-11,8733.5400,8806.4404,8725.6201,8773.6797
2011-10-12,8719.6699,8763.0195,8689.3799,8738.9004
2011-10-13,8832.8096,8854.1602,8808.7305,8823.2500
2011-10-14,8782.9102,8787.8896,8733.7100,8747.9600
2011-10-17,8881.4404,8911.7002,8856.5801,8879.5996
2011-10-18,8758.7402,8773.9902,8727.3896,8741.9102
2011-10-19,8808.2500,8831.5498,8745.3604,8772.5400
2011-10-20,8733.5996,8733.5996,8672.2100,8682.1504
2011-10-21,8679.0400,8700.4902,8652.2598,8678.8896
2011-10-24,8764.9199,8844.2803,8762.0195,8843.9805
2011-10-25,8866.4297,8870.3701,8755.3799,8762.3096
2011-10-26,8673.8496,8798.7998,8642.5596,8748.4697
2011-10-27,8779.4004,8926.5400,8731.7695,8926.5400
2011-10-28,9059.0400,9086.4297,9003.0898,9050.4697
2011-10-31,9011.1797,9152.3896,8988.3896,8988.3896
2011-11-01,8880.7500,8946.0000,8831.6904,8835.5195
2011-11-02,8719.9199,8719.9199,8640.4199,8640.4199
2011-11-04,8761.2695,8814.7100,8729.0801,8801.4004
2011-11-07,8771.8203,8779.5498,8741.2500,8767.0898
2011-11-08,8744.3604,8772.0400,8644.0000,8655.5098
2011-11-09,8724.5996,8762.9805,8678.7803,8755.4404
2011-11-10,8597.2803,8600.2100,8500.6699,8500.7998
2011-11-11,8545.9199,8566.4902,8485.7695,8514.4697
2011-11-14,8631.2803,8655.3096,8595.4297,8603.7002
2011-11-15,8546.9902,8584.2998,8527.6299,8541.9297
2011-11-16,8546.7500,8567.6396,8459.2998,8463.1602
2011-11-17,8421.8799,8491.8203,8400.2197,8479.6299
2011-11-18,8374.1602,8398.7998,8359.5996,8374.9102
2011-11-21,8349.0498,8375.5996,8343.9297,8348.2695
2011-11-22,8263.8604,8350.3496,8261.0098,8314.7402
2011-11-24,8189.4199,8212.9502,8157.3901,8165.1802
2011-11-25,8138.1899,8199.6699,8135.7900,8160.0098
2011-11-28,8269.9102,8322.0098,8259.7100,8287.4902
2011-11-29,8371.0098,8477.8203,8351.3799,8477.8203
2011-11-30,8407.6299,8435.3398,8361.6904,8434.6104
2011-12-01,8581.2002,8653.8799,8577.0898,8597.3799
2011-12-02,8603.2305,8643.7500,8591.9297,8643.7500
2011-12-05,8697.7803,8704.4805,8668.0400,8695.9805
2011-12-06,8644.9697,8671.5400,8571.0898,8575.1602
2011-12-07,8629.1904,8729.8096,8614.2100,8722.1699
2011-12-08,8664.3496,8688.8096,8625.1904,8664.5801
2011-12-09,8521.3301,8576.6797,8503.0303,8536.4600
2011-12-12,8652.9805,8682.4697,8633.3496,8653.8203
2011-12-13,8535.5195,8594.3203,8518.7998,8552.8096
2011-12-14,8513.7695,8540.5703,8486.3701,8519.1299
2011-12-15,8449.0498,8455.3203,8374.2500,8377.3701
2011-12-16,8416.2100,8433.1797,8390.9805,8401.7197
2011-12-19,8363.3896,8364.9297,8272.2598,8296.1201
2011-12-20,8318.0303,8354.9004,8317.7305,8336.4805
2011-12-21,8442.7402,8471.1104,8440.8896,8459.9805
2011-12-22,8429.5400,8436.5898,8383.9600,8395.1602
2011-12-26,8504.4600,8516.5303,8477.3701,8479.3398
2011-12-27,8443.0000,8458.2598,8428.5303,8440.5596
2011-12-28,8426.0898,8456.6602,8414.9004,8423.6201
2011-12-29,8367.7100,8404.8896,8330.8701,8398.8896
2011-12-30,8434.9004,8455.3496,8415.5596,8455.3496
2012-01-04,8549.5400,8581.4502,8547.7002,8560.1104
2012-01-05,8515.6602,8519.1602,8481.8301,8488.7100
2012-01-06,8488.9805,8488.9805,8349.3301,8390.3496
2012-01-10,8422.9902,8450.5898,8405.1797,8422.2598
2012-01-11,8440.9600,8463.7197,8426.0303,8447.8799
2012-01-12,8423.0996,8426.8301,8360.3301,8385.5898
2012-01-13,8471.0996,8509.7598,8458.6797,8500.0195
2012-01-16,8409.7900,8409.7900,8352.2305,8378.3604
2012-01-17,8420.1201,8475.6602,8413.2197,8466.4004
2012-01-18,8458.2900,8595.7803,8446.0898,8550.5801
2012-01-19,8596.6797,8668.9404,8596.6797,8639.6797
2012-01-20,8751.1797,8791.3896,8725.3203,8766.3604
2012-01-23,8753.9102,8795.2695,8744.5400,8765.9004
2012-01-24,8815.3604,8825.0898,8768.5098,8785.3301
2012-01-25,8842.0098,8911.6201,8816.0898,8883.6904
2012-01-26,8890.4902,8894.5996,8834.9297,8849.4697
2012-01-27,8851.0195,8886.0195,8810.8896,8841.2197
2012-01-30,8803.7900,8832.4805,8774.2305,8793.0498
2012-01-31,8781.4404,8836.6797,8776.6504,8802.5098
2012-02-01,8789.0596,8830.2803,8780.0996,8809.7900
2012-02-02,8865.2803,8893.2197,8849.2500,8876.8203
2012-02-03,8849.1699,8877.5703,8825.9805,8831.9297
2012-02-06,8939.9902,8949.3203,8916.9404,8929.2002
2012-02-07,8904.1602,8928.4404,8887.1904,8917.5195
2012-02-08,8971.8799,9015.5898,8956.7803,9015.5898
2012-02-09,8996.1299,9018.4902,8942.8701,9002.2402
2012-02-10,9010.5303,9016.9697,8947.1699,8947.1699
2012-02-13,8954.0303,9023.5000,8948.5400,8999.1797
2012-02-14,8978.7197,9072.0801,8972.7402,9052.0703
2012-02-15,9108.8398,9314.3701,9107.6797,9260.3398
2012-02-16,9232.3799,9308.9297,9214.2305,9238.0996
2012-02-17,9371.1201,9435.0303,9369.2500,9384.1699
2012-02-20,9534.0303,9549.3096,9462.6699,9485.0898
2012-02-21,9458.6797,9517.0400,9440.4102,9463.0195
2012-02-22,9459.7402,9564.0498,9442.5801,9554.0000
2012-02-23,9549.7695,9609.8398,9513.6504,9595.5703
2012-02-24,9594.8496,9647.3799,9576.2100,9647.3799
2012-02-27,9726.2002,9736.1104,9628.2500,9633.9297
2012-02-28,9567.1201,9722.5195,9528.7695,9722.5195
2012-02-29,9771.6201,9866.4102,9706.2197,9723.2402
2012-03-01,9771.3398,9865.7500,9666.0195,9707.3701
2012-03-02,9797.0498,9803.7500,9729.2402,9777.0303
2012-03-05,9756.9805,9792.1396,9673.7500,9698.5898
2012-03-06,9704.6104,9732.8896,9602.8398,9637.6299
2012-03-07,9509.0996,9603.1904,9509.0996,9576.0596
2012-03-08,9674.9404,9768.9600,9659.1504,9768.9600
2012-03-09,9911.0703,10007.6201,9853.1797,9929.7402
2012-03-12,10015.9199,10021.5098,9889.8604,9889.8604
2012-03-13,9921.2500,10011.8799,9888.2998,9899.0801
2012-03-14,10064.1201,10115.7900,10050.5195,10050.5195
2012-03-15,10115.4004,10158.7402,10077.5498,10123.2803
2012-03-16,10110.5703,10148.4697,10090.0898,10129.8301
2012-03-19,10150.8496,10172.6396,10134.4805,10141.9902
2012-03-21,10100.8701,10132.0195,10073.9004,10086.4902
2012-03-22,10055.1602,10136.8496,10052.5000,10127.0801
2012-03-23,10014.8701,10031.9600,9999.3701,10011.4697
2012-03-26,10040.0996,10056.2002,10016.0498,10018.2402
2012-03-27,10152.9004,10255.1504,10152.2500,10255.1504
2012-03-28,10153.5098,10197.7998,10124.2803,10182.5703
2012-03-29,10134.7803,10147.0400,10084.7695,10114.7900
2012-03-30,10089.0996,10111.0898,10033.1904,10083.5596
2012-04-02,10161.7197,10190.3496,10109.8701,10109.8701
2012-04-03,10082.2100,10084.0703,10040.9902,10050.3896
2012-04-04,10045.8799,10059.1904,9819.9902,9819.9902
2012-04-05,9737.5000,9806.4004,9692.7002,9767.6104
2012-04-06,9710.2500,9739.5898,9659.1602,9688.4502
2012-04-09,9565.3096,9618.0996,9535.3301,9546.2598
2012-04-10,9583.3604,9648.1201,9509.7197,9538.0195
2012-04-11,9398.5996,9487.8398,9388.1396,9458.7402
2012-04-12,9486.1904,9541.0400,9449.4902,9524.7900
2012-04-13,9613.1904,9690.2900,9603.9697,9637.9902
2012-04-16,9522.7002,9532.9102,9464.4902,9470.6396
2012-04-17,9476.1504,9519.7998,9455.3203,9464.7100
2012-04-18,9594.2998,9682.8799,9594.2998,9667.2598
2012-04-19,9578.6797,9617.9297,9565.8301,9588.3799
2012-04-20,9574.9902,9580.8701,9532.6797,9561.3604
2012-04-23,9599.2002,9643.2695,9520.9805,9542.1699
2012-04-24,9466.0801,9510.7002,9423.2998,9468.0400
2012-04-25,9578.4199,9582.7305,9530.0195,9561.0098
2012-04-26,9613.1602,9630.9697,9531.0303,9561.8301
2012-04-27,9564.4004,9691.7002,9463.5996,9520.8896
2012-05-01,9471.6602,9472.2500,9332.7900,9350.9502
2012-05-02,9397.8701,9417.9600,9344.5303,9380.2500
2012-05-07,9198.1699,9206.4502,9109.0098,9119.1396
2012-05-08,9190.5000,9207.5596,9159.4697,9181.6504
2012-05-09,9112.7197,9115.9404,9021.2002,9045.0596
2012-05-10,9013.2598,9075.6299,8985.9004,9009.6504
2012-05-11,9019.4004,9050.6104,8944.6299,8953.3096
2012-05-14,8986.2197,9031.0898,8947.8203,8973.8398
2012-05-15,8910.8496,8930.7803,8838.7803,8900.7402
2012-05-16,8865.7803,8883.7305,8756.0703,8801.1699
2012-05-17,8789.4697,8885.0801,8765.7100,8876.5898
2012-05-18,8727.5801,8735.5400,8588.1602,8611.3096
2012-05-21,8617.9199,8676.2002,8608.6201,8633.8896
2012-05-22,8721.5898,8740.4805,8690.4697,8729.2900
2012-05-23,8715.1396,8715.1396,8538.6904,8556.5996
2012-05-24,8537.9902,8597.8496,8496.6104,8563.3799
2012-05-25,8616.8496,8616.8496,8550.9297,8580.3896
2012-05-28,8604.9902,8624.5098,8568.8701,8593.1504
2012-05-29,8565.5596,8657.0801,8517.1797,8657.0801
2012-05-30,8637.9502,8656.7100,8568.9697,8633.1904
2012-05-31,8499.6797,8542.7305,8455.1299,8542.7305
2012-06-01,8465.4697,8487.4404,8422.5000,8440.2500
2012-06-04,8278.6504,8303.3496,8238.9600,8295.6299
2012-06-05,8331.0195,8388.1396,8306.9297,8382.0000
2012-06-06,8428.3604,8549.0000,8412.5498,8533.5303
2012-06-07,8639.2500,8647.7900,8599.6396,8639.7197
2012-06-08,8609.7803,8611.9297,8427.2002,8459.2598
2012-06-11,8612.1396,8665.7998,8594.5801,8624.9004
2012-06-12,8478.7803,8575.8701,8452.5000,8536.7197
2012-06-13,8557.5703,8615.8896,8554.1396,8587.8398
2012-06-14,8531.4004,8592.1699,8520.9902,8568.8896
2012-06-15,8608.4297,8625.1904,8552.7500,8569.3203
2012-06-18,8723.5498,8766.5596,8711.4902,8721.0195
2012-06-19,8692.8203,8712.8604,8630.6602,8655.8701
2012-06-20,8739.0996,8770.4102,8711.2197,8752.3096
2012-06-21,8794.0303,8859.0400,8790.8604,8824.0703
2012-06-22,8733.5000,8830.3398,8731.7900,8798.3496
2012-06-25,8837.8301,8837.8301,8726.4004,8734.6201
2012-06-26,8671.6104,8712.6797,8619.3604,8663.9902
2012-06-27,8677.7598,8730.4902,8641.5195,8730.4902
2012-06-28,8816.0703,8881.4404,8805.6504,8874.1104
2012-06-29,8811.4600,9044.0400,8803.3301,9006.7803
2012-07-02,9103.7900,9103.7900,9003.4805,9003.4805
2012-07-03,9013.6504,9082.3896,9012.8604,9066.5898
2012-07-04,9119.6904,9136.0195,9095.3096,9104.1699
2012-07-05,9078.4600,9130.5400,9069.0098,9079.7998
2012-07-06,9052.7002,9082.0400,8977.3496,9020.7500
2012-07-09,8922.9902,8954.4404,8892.1699,8896.8799
2012-07-10,8922.0303,8966.9902,8855.9297,8857.7305
2012-07-11,8819.0400,8851.0000,8797.7305,8851.0000
2012-07-12,8859.3896,8862.7998,8709.7500,8720.0098
2012-07-13,8701.3496,8759.0596,8695.4404,8724.1201
2012-07-17,8740.9805,8808.8701,8711.7305,8755.0000
2012-07-18,8796.1504,8802.0898,8715.1396,8726.7402
2012-07-19,8795.0000,8835.7998,8771.1904,8795.5498
2012-07-20,8785.8701,8792.1904,8662.7197,8669.8701
2012-07-23,8582.2803,8606.2305,8500.2695,8508.3203
2012-07-24,8497.9902,8517.5195,8446.1797,8488.0898
2012-07-25,8410.9805,8433.5801,8328.0195,8365.9004
2012-07-26,8408.2197,8448.5498,8358.5098,8443.0996
2012-07-27,8547.3398,8569.0898,8522.7402,8566.6396
2012-07-30,8658.8301,8663.2998,8589.1904,8635.4404
2012-07-31,8600.9199,8732.8398,8585.2598,8695.0596
2012-08-01,8622.0400,8654.6104,8578.1602,8641.8496
2012-08-02,8642.8896,8705.9102,8635.5098,8653.1797
2012-08-03,8539.7100,8565.0596,8513.2002,8555.1104
2012-08-06,8683.2002,8751.7998,8676.2500,8726.2900
2012-08-07,8714.1201,8812.4199,8711.9004,8803.3096
2012-08-08,8889.3799,8962.9502,8851.5898,8881.1602
2012-08-09,8870.8096,9004.8096,8862.1699,8978.5996
2012-08-10,8931.9199,8954.8496,8857.2305,8891.4404
2012-08-13,8871.6797,8906.2100,8867.6299,8885.1504
2012-08-14,8913.7002,8970.9902,8897.8701,8929.8799
2012-08-15,8960.2803,8960.2803,8866.0596,8925.0400
2012-08-16,8967.1104,9094.0898,8962.9697,9092.7598
2012-08-17,9120.2197,9181.5703,9097.0000,9162.5000
2012-08-20,9202.3604,9222.8701,9150.7900,9171.1602
2012-08-21,9165.1504,9196.6699,9146.0703,9156.9199
2012-08-22,9150.6904,9162.9697,9075.0801,9131.7402
2012-08-23,9080.6699,9194.4697,9062.5400,9178.1201
2012-08-24,9069.9502,9090.6699,9045.7900,9070.7598
2012-08-27,9140.4102,9150.4805,9084.8701,9085.3896
2012-08-28,9138.5098,9140.6201,8988.9902,9033.2900
2012-08-29,9045.7305,9073.9902,9033.8301,9069.8096
2012-08-30,9062.0703,9062.0703,8960.2402,8983.7803
2012-08-31,8891.7500,8933.9902,8839.9102,8839.9102
2012-09-03,8836.6104,8893.3896,8773.4004,8783.8896
2012-09-04,8787.9697,8804.4404,8729.2197,8775.5098
2012-09-05,8756.5898,8759.2598,8679.8203,8679.8203
2012-09-06,8690.3398,8697.0000,8646.0303,8680.5703
2012-09-07,8821.3701,8871.6504,8804.2695,8871.6504
2012-09-10,8853.1904,8874.5400,8838.1797,8869.3701
2012-09-11,8811.3301,8814.0303,8769.4697,8807.3799
2012-09-12,8827.2100,8959.9600,8821.7998,8959.9600
2012-09-13,8950.0098,9022.2002,8932.0996,8995.1504
2012-09-14,9097.9199,9193.2695,9081.7998,9159.3896
2012-09-18,9155.4902,9180.4404,9120.6104,9123.7695
2012-09-19,9166.5195,9288.5303,9140.7500,9232.2100
2012-09-20,9174.1904,9215.5703,9079.1904,9086.9805
2012-09-21,9113.2998,9159.3301,9103.9502,9110.0000
2012-09-24,9071.3203,9091.9697,9031.1299,9069.2900
2012-09-25,9031.3701,9112.5400,9023.6299,9091.5400
2012-09-26,8941.7500,8971.7500,8894.0195,8906.7002
2012-09-27,8856.3096,8959.2500,8844.0596,8949.8701
2012-09-28,8986.6299,8989.0801,8838.8496,8870.1602
2012-10-01,8815.0703,8829.3496,8759.0703,8796.5098
2012-10-02,8826.3604,8843.3301,8774.7500,8786.0498
2012-10-03,8778.2598,8806.7500,8729.5596,8746.8701
2012-10-04,8783.1299,8865.9199,8738.3096,8824.5898
2012-10-05,8850.2900,8880.2305,8805.7900,8863.2998
2012-10-09,8822.3896,8840.6904,8765.5498,8769.5898
2012-10-10,8650.5498,8660.6797,8578.2500,8596.2305
2012-10-11,8514.6299,8607.4199,8514.6299,8546.7803
2012-10-12,8607.7002,8620.1797,8516.1104,8534.1201
2012-10-15,8517.7695,8595.1104,8488.1396,8577.9297
2012-10-16,8638.6797,8707.9502,8633.6797,8701.3096
2012-10-17,8777.3896,8837.1904,8758.7002,8806.5498
2012-10-18,8886.5596,8992.3604,8877.1699,8982.8604
2012-10-19,8944.0303,9016.9004,8940.3799,9002.6797
2012-10-22,8874.5195,9031.5498,8867.7900,9010.7100
2012-10-23,9066.0303,9075.5801,8970.5000,9014.2500
2012-10-24,8896.4102,9043.7998,8896.4102,8954.2998
2012-10-25,8952.1299,9057.3096,8941.8496,9055.2002
2012-10-26,9058.9297,9075.5898,8933.0596,8933.0596
2012-10-29,8958.7900,8986.0498,8909.3701,8929.3398
2012-10-30,8941.8203,8995.8096,8841.9805,8841.9805
2012-10-31,8911.0801,8985.5801,8905.4404,8928.2900
2012-11-01,8931.7100,8976.0801,8871.4805,8946.8701
2012-11-02,9049.2197,9072.3896,9031.4297,9051.2197
2012-11-05,9000.8096,9040.1797,8984.6904,9007.4404
2012-11-06,8989.5801,8990.3496,8957.4902,8975.1504
2012-11-07,9030.5596,9032.3203,8924.4102,8972.8896
2012-11-08,8868.4199,8891.0801,8811.4102,8837.1504
2012-11-09,8742.6797,8779.2402,8729.4502,8757.5996
2012-11-12,8701.2803,8728.8496,8676.4404,8676.4404
2012-11-13,8710.5195,8723.4600,8619.4502,8661.0498
2012-11-14,8660.2695,8680.4004,8653.4902,8664.7305
2012-11-15,8703.8203,8829.7197,8684.2305,8829.7197
2012-11-16,8898.3301,9032.3496,8898.3301,9024.1602
2012-11-19,9141.2695,9183.4600,9135.2900,9153.2002
2012-11-20,9198.4199,9200.8496,9129.4297,9142.6396
2012-11-21,9213.7305,9248.9805,9161.2100,9222.5195
2012-11-22,9336.3203,9366.7998,9304.7197,9366.7998
2012-11-26,9466.0596,9487.9404,9388.9404,9388.9404
2012-11-27,9371.1299,9449.7197,9370.5898,9423.2998
2012-11-28,9375.4805,9407.6201,9308.3496,9308.3496
2012-11-29,9370.2900,9412.0801,9350.4004,9400.8799
2012-11-30,9446.7695,9492.9102,9380.2500,9446.0098
2012-12-03,9484.2002,9525.8203,9453.4805,9458.1797
2012-12-04,9419.1504,9457.1904,9406.0303,9432.4600
2012-12-05,9380.3701,9515.8604,9376.9697,9468.8398
2012-12-06,9535.6904,9565.4297,9503.3096,9545.1602
2012-12-07,9547.1396,9572.7500,9522.1299,9527.3896
2012-12-10,9584.4600,9584.4600,9517.4004,9533.7500
2012-12-11,9510.5996,9534.1797,9487.9502,9525.3203
2012-12-12,9606.2500,9606.2500,9565.9502,9581.4600
2012-12-13,9681.2002,9767.0498,9672.4697,9742.7305
2012-12-14,9703.5596,9775.7500,9687.7002,9737.5596
2012-12-17,9895.6797,9903.3496,9826.2998,9828.8799
2012-12-18,9848.8701,9967.2402,9848.8701,9923.0098
2012-12-19,10025.4004,10160.4004,10016.9805,10160.4004
2012-12-20,10093.1104,10147.6797,10028.6504,10039.3301
2012-12-21,10145.5801,10175.0596,9924.4199,9940.0596
2012-12-25,10092.3496,10119.3496,10030.4404,10080.1201
2012-12-26,10131.2197,10230.3604,10107.3398,10230.3604
2012-12-27,10295.2598,10376.3896,10288.8496,10322.9805
2012-12-28,10406.3604,10433.6299,10374.8496,10395.1797
2013-01-04,10604.5000,10734.2305,10602.2402,10688.1104
2013-01-07,10743.6904,10743.6904,10589.7002,10599.0098
2013-01-08,10544.2100,10602.1201,10463.4297,10508.0596
2013-01-09,10405.6699,10620.7002,10398.6104,10578.5703
2013-01-10,10635.1104,10686.1201,10619.6504,10652.6396
2013-01-11,10786.1396,10830.4297,10748.0596,10801.5703
2013-01-15,10914.6504,10952.3096,10851.6602,10879.0801
2013-01-16,10806.4102,10806.4102,10591.2998,10600.4404
2013-01-17,10660.9404,10694.8496,10432.9697,10609.6396
2013-01-18,10791.9697,10913.2998,10787.1201,10913.2998
2013-01-21,10941.4502,10941.4502,10747.7402,10747.7402
2013-01-22,10765.0996,10859.4199,10615.2002,10709.9297
2013-01-23,10575.5996,10663.0898,10486.9902,10486.9902
2013-01-24,10441.1104,10634.7402,10441.1104,10620.8701
2013-01-25,10797.2998,10926.6504,10790.9502,10926.6504
2013-01-28,11002.8604,11002.8604,10824.3096,10824.3096
2013-01-29,10751.0098,10937.6299,10751.0098,10866.7197
2013-01-30,10913.9697,11113.9502,10905.6396,11113.9502
2013-01-31,11057.5000,11145.3799,11007.7695,11138.6602
2013-02-01,11193.7197,11237.8398,11142.2598,11191.3398
2013-02-04,11254.1602,11285.4902,11194.7402,11260.3496
2013-02-05,11105.2402,11170.8496,11046.9199,11046.9199
2013-02-06,11236.7002,11498.4199,11232.0498,11463.7500
2013-02-07,11406.3203,11446.8096,11295.6201,11357.0703
2013-02-08,11179.9697,11299.7100,11135.8896,11153.1602
2013-02-12,11346.7197,11460.6396,11343.4404,11369.1201
2013-02-13,11333.7197,11365.2695,11196.6602,11251.4102
2013-02-14,11273.4004,11356.5400,11243.4902,11307.2803
2013-02-15,11239.2100,11261.5801,11065.0596,11173.8301
2013-02-18,11318.2197,11445.4600,11308.8301,11407.8701
2013-02-19,11336.4502,11412.8604,11336.4502,11372.3398
2013-02-20,11485.6504,11510.5195,11440.0996,11468.2803
2013-02-21,11404.7305,11442.1104,11301.7695,11309.1299
2013-02-22,11238.7500,11390.6504,11175.6699,11385.9404
2013-02-25,11564.5498,11662.5195,11562.0996,11662.5195
2013-02-26,11449.6602,11520.2402,11374.8301,11398.8096
2013-02-27,11418.5596,11419.6201,11253.9697,11253.9697
2013-02-28,11396.7305,11563.7500,11392.5596,11559.3604
2013-03-01,11464.7100,11648.6299,11464.7100,11606.3799
2013-03-04,11695.4502,11767.6797,11613.5898,11652.2900
2013-03-05,11732.5703,11779.4199,11666.3799,11683.4502
2013-03-06,11811.0596,11933.8203,11803.0898,11932.2695
2013-03-07,12037.2500,12069.5996,11946.0098,11968.0801
2013-03-08,12066.5000,12283.6201,12065.0898,12283.6201
2013-03-11,12363.0898,12403.9502,12300.8301,12349.0498
2013-03-12,12433.5996,12461.9697,12314.8096,12314.8096
2013-03-13,12252.2900,12339.4502,12234.4805,12239.6602
2013-03-14,12332.1602,12395.7305,12248.6504,12381.1904
2013-03-15,12437.6797,12560.9502,12434.4697,12560.9502
2013-03-18,12365.4404,12373.1699,12220.6299,12220.6299
2013-03-19,12405.6104,12491.1602,12401.1201,12468.2305
2013-03-21,12592.0000,12650.2598,12586.0596,12635.6904
2013-03-22,12498.5098,12522.0498,12338.5303,12338.5303
2013-03-25,12507.6104,12594.3604,12480.4199,12546.4600
2013-03-26,12461.7900,12540.1201,12456.0400,12471.6201
2013-03-27,12476.5801,12502.2598,12442.3896,12493.7900
2013-03-28,12457.1299,12462.8604,12286.3701,12335.9600
2013-03-29,12405.5303,12425.9600,12319.7500,12397.9102
2013-04-01,12371.3398,12384.8301,12133.0000,12135.0195
2013-04-02,12051.5703,12107.4004,11805.7803,12003.4297
2013-04-03,12112.0898,12362.2002,12102.0498,12362.2002
2013-04-04,12188.2197,12634.5400,12075.9697,12634.5400
2013-04-05,12880.8203,13225.6201,12831.0996,12833.6396
2013-04-08,13082.6104,13225.2197,13080.2900,13192.5898
2013-04-09,13309.1299,13331.3896,13151.7305,13192.3496
2013-04-10,13177.3096,13325.1504,13177.3096,13288.1299
2013-04-11,13444.9502,13549.1602,13384.1104,13549.1602
2013-04-12,13568.2500,13568.2500,13402.8604,13485.1396
2013-04-15,13345.8604,13408.2900,13257.8604,13275.6602
2013-04-16,13023.9102,13312.2305,13004.4600,13221.4404
2013-04-17,13330.5000,13397.5000,13318.6904,13382.8896
2013-04-18,13272.2197,13377.7402,13200.8496,13220.0703
2013-04-19,13268.4297,13338.7500,13186.8896,13316.4805
2013-04-22,13537.1699,13611.5801,13529.4404,13568.3701
2013-04-23,13545.5996,13585.3496,13505.5303,13529.6504
2013-04-24,13687.2803,13843.4600,13686.7803,13843.4600
2013-04-25,13887.5303,13974.2598,13827.9600,13926.0801
2013-04-26,13978.9805,13983.8701,13852.2002,13884.1299
2013-04-30,13854.8203,13897.0596,13778.7500,13860.8604
2013-05-01,13837.7197,13844.8203,13782.0000,13799.3496
2013-05-02,13727.2500,13780.4805,13637.9600,13694.0400
2013-05-07,13960.0400,14196.3799,13951.8096,14180.2402
2013-05-08,14196.2002,14421.3799,14186.8301,14285.6904
2013-05-09,14366.9502,14409.8203,14191.4805,14191.4805
2013-05-10,14449.2402,14636.8096,14426.7402,14607.5400
2013-05-13,14759.5000,14849.0098,14727.7002,14782.2100
2013-05-14,14822.5596,14839.7900,14755.0801,14758.4199
2013-05-15,14962.3398,15108.8301,14956.3799,15096.0303
2013-05-16,15146.0498,15155.7197,14879.5098,15037.2402
2013-05-17,14926.4199,15157.3203,14902.2998,15138.1201
2013-05-20,15260.6104,15381.7402,15245.7998,15360.8096
2013-05-21,15264.7900,15388.3701,15264.4199,15381.0195
2013-05-22,15440.6904,15706.6299,15432.6396,15627.2598
2013-05-23,15739.9805,15942.5996,14483.9805,14483.9805
2013-05-24,14731.7500,15007.5000,13981.5195,14612.4502
2013-05-27,14373.8203,14381.2803,14027.4199,14142.6504
2013-05-28,13943.6201,14399.7803,13943.6201,14311.9805
2013-05-29,14492.5498,14512.2803,14243.4902,14326.4600
2013-05-30,14072.9004,14098.1602,13555.6602,13589.0303
2013-05-31,13804.2305,13916.5596,13681.3896,13774.5400
2013-06-03,13551.3604,13562.8701,13261.8203,13261.8203
2013-06-04,13186.5996,13610.2500,13060.9404,13533.7598
2013-06-05,13566.7500,13711.4199,13011.1602,13014.8701
2013-06-06,12925.2900,13238.5303,12862.0195,12904.0195
2013-06-07,12706.4102,13106.2002,12548.2002,12877.5303
2013-06-10,13141.8496,13514.2002,13141.3701,13514.2002
2013-06-11,13504.7695,13584.3096,13296.3096,13317.6201
2013-06-12,13087.6602,13332.7197,12994.0801,13289.3203
2013-06-13,13038.0195,13050.1104,12415.8496,12445.3799
2013-06-14,12668.9004,12900.6504,12629.3096,12686.5195
2013-06-17,12584.3701,13033.1201,12549.8203,13033.1201
2013-06-18,13015.1504,13139.4805,12919.0303,13007.2803
2013-06-19,13233.0801,13296.6201,13107.6504,13245.2197
2013-06-20,13101.8496,13190.8203,12966.4102,13014.5801
2013-06-21,12787.8701,13330.3496,12702.6699,13230.1299
2013-06-24,13417.5400,13426.1299,13026.2305,13062.7803
2013-06-25,13081.6201,13234.8896,12758.2197,12969.3398
2013-06-26,13152.7500,13189.8398,12826.5098,12834.0098
2013-06-27,12968.7197,13213.5498,12873.5000,13213.5498
2013-06-28,13383.9199,13724.4404,13354.7002,13677.3203
2013-07-01,13746.7197,13862.7100,13562.7002,13852.5000
2013-07-02,13969.1504,14098.7402,13898.5400,14098.7402
2013-07-03,14149.9902,14164.7695,13984.0801,14055.5596
2013-07-04,13970.2695,14093.0195,13962.2998,14018.9297
2013-07-05,14150.8496,14309.9697,14149.5000,14309.9697
2013-07-08,14491.0703,14497.6504,14109.3398,14109.3398
2013-07-09,14295.4404,14472.9004,14186.0303,14472.9004
2013-07-10,14464.8203,14555.3301,14287.6904,14416.5996
2013-07-11,14275.2598,14496.6699,14275.2598,14472.5801
2013-07-12,14475.1699,14574.1699,14417.2998,14506.2500
2013-07-16,14594.8799,14638.7998,14550.8896,14599.1201
2013-07-17,14491.7998,14615.0400,14460.5596,14615.0400
2013-07-18,14645.2500,14827.7305,14645.2500,14808.5000
2013-07-19,14909.7598,14953.2900,14413.2803,14589.9102
2013-07-22,14770.0195,14770.0195,14514.2900,14658.0400
2013-07-23,14555.3604,14820.1797,14549.0596,14778.5098
2013-07-24,14719.6396,14751.8701,14630.6797,14731.2803
2013-07-25,14747.2100,14748.7695,14533.2100,14562.9297
2013-07-26,14339.3896,14376.0098,14114.5195,14129.9805
2013-07-29,13899.2695,13953.8496,13661.1299,13661.1299
2013-07-30,13634.2002,13909.4502,13613.7803,13869.8203
2013-07-31,13733.5498,13836.0303,13644.2100,13668.3203
2013-08-01,13674.5000,14005.7695,13645.6104,14005.7695
2013-08-02,14178.6602,14466.1602,14146.9199,14466.1602
2013-08-05,14318.2100,14370.9805,14225.5000,14258.0400
2013-08-06,14237.0996,14401.0596,14031.6104,14401.0596
2013-08-07,14155.9502,14164.7002,13824.9404,13824.9404
2013-08-08,13779.4697,14031.1396,13556.6504,13605.5596
2013-08-09,13673.4902,13754.9600,13527.8096,13615.1904
2013-08-12,13469.7002,13658.8604,13430.6396,13519.4297
2013-08-13,13696.3604,13867.0000,13689.4902,13867.0000
2013-08-14,13936.7402,14050.1602,13747.1797,14050.1602
2013-08-15,13845.6396,13981.1602,13711.1201,13752.9404
2013-08-16,13532.6104,13739.5195,13532.6104,13650.1104
2013-08-19,13669.7402,13758.1299,13589.7803,13758.1299
2013-08-20,13632.9600,13730.0898,13383.1797,13396.3799
2013-08-21,13431.2803,13499.9902,13250.3604,13424.3301
2013-08-22,13314.0498,13447.3301,13238.7305,13365.1699
2013-08-23,13583.7598,13774.6602,13575.4004,13660.5498
2013-08-26,13719.5596,13741.4902,13586.8398,13636.2803
2013-08-27,13551.7500,13678.7900,13517.0996,13542.3701
2013-08-28,13285.0303,13392.5703,13188.1396,13338.4600
2013-08-29,13382.9502,13463.1396,13364.8203,13459.7100
2013-08-30,13573.2402,13615.9805,13335.9102,13388.8604
2013-09-02,13438.0703,13613.4805,13407.5303,13572.9199
2013-09-03,13748.6797,13978.4404,13748.6797,13978.4404
2013-09-04,13875.1699,14056.8799,13843.6104,14053.8701
2013-09-05,14140.2002,14156.5000,13981.5195,14064.8203
2013-09-06,14088.4102,14099.1299,13834.5195,13860.8096
2013-09-09,14141.6699,14251.4600,14117.6797,14205.2305
2013-09-10,14318.7197,14441.8096,14296.7803,14423.3604
2013-09-11,14511.7402,14561.4600,14422.7197,14425.0703
2013-09-12,14397.9004,14455.3701,14321.5703,14387.2695
2013-09-13,14316.7002,14439.9297,14233.1201,14404.6699
2013-09-17,14456.9902,14474.5303,14311.6699,14311.6699
2013-09-18,14411.5498,14625.9697,14396.4102,14505.3604
2013-09-19,14680.4004,14766.1797,14581.7900,14766.1797
2013-09-20,14801.6396,14816.6504,14702.2500,14742.4199
2013-09-24,14626.0400,14767.7197,14607.2695,14732.6104
2013-09-25,14713.0303,14737.9805,14620.5303,14620.5303
2013-09-26,14553.0596,14799.1201,14410.5195,14799.1201
2013-09-27,14803.9902,14817.5000,14699.2100,14760.0703
2013-09-30,14530.6201,14619.2402,14425.8203,14455.7998
2013-10-01,14517.9805,14642.9697,14471.7002,14484.7197
2013-10-02,14492.4697,14569.2002,14114.5400,14170.4902
2013-10-03,14140.1104,14219.8896,14082.3096,14157.2500
2013-10-04,14029.7305,14149.7695,13944.2695,14024.3096
2013-10-07,14057.7900,14073.2305,13841.9297,13853.3203
2013-10-08,13794.7402,13929.6396,13748.9404,13894.6104
2013-10-09,13789.8896,14037.8398,13751.8496,14037.8398
2013-10-10,14097.6201,14200.3096,14077.0303,14194.7100
2013-10-11,14376.8896,14447.8701,14320.2998,14404.7402
2013-10-15,14510.2695,14510.3701,14415.7598,14441.5400
2013-10-16,14433.6396,14493.6699,14417.6104,14467.1396
2013-10-17,14640.0801,14664.2197,14492.6699,14586.5098
2013-10-18,14589.5996,14610.0898,14503.0898,14561.5400
2013-10-21,14624.0303,14727.8496,14624.0303,14693.5703
2013-10-22,14677.0801,14747.7695,14641.7803,14713.2500
2013-10-23,14784.4102,14799.2803,14426.0498,14426.0498
2013-10-24,14344.7402,14499.5195,14273.7100,14486.4102
2013-10-25,14439.1396,14442.1201,14088.1904,14088.1904
2013-10-28,14261.6504,14400.3203,14194.4199,14396.0400
2013-10-29,14288.7197,14395.9600,14224.5898,14325.9805
2013-10-30,14464.6699,14526.8799,14425.5801,14502.3496
2013-10-31,14474.0098,14516.0801,14324.1699,14327.9404
2013-11-01,14403.0703,14411.0498,14126.4102,14201.5703
2013-11-05,14319.7500,14323.2402,14141.8203,14225.3701
2013-11-06,14155.3398,14407.6904,14130.8604,14337.3096
2013-11-07,14355.5596,14371.5596,14222.0303,14228.4404
2013-11-08,14026.1699,14122.2803,14026.1699,14086.7998
2013-11-11,14271.4805,14304.2900,14208.1299,14269.8398
2013-11-12,14289.8701,14588.6797,14278.2100,14588.6797
2013-11-13,14527.9697,14599.5303,14490.9199,14567.1602
2013-11-14,14665.7500,14966.4297,14665.7500,14876.4102
2013-11-15,15034.3301,15203.1104,14994.7002,15165.9199
2013-11-18,15253.2402,15273.6104,15106.8203,15164.2998
2013-11-19,15096.6299,15163.0596,15020.3301,15126.5596
2013-11-20,15176.3496,15209.6699,15069.9805,15076.0801
2013-11-21,15176.6504,15377.0000,15168.4697,15365.5996
2013-11-22,15513.4502,15579.3896,15307.4404,15381.7197
2013-11-25,15504.7803,15619.1299,15469.8701,15619.1299
2013-11-26,15501.9502,15577.9697,15460.9697,15515.2402
2013-11-27,15414.5195,15512.7598,15414.5195,15449.6299
2013-11-28,15622.1904,15729.0898,15605.7305,15727.1201
2013-11-29,15661.4297,15727.9600,15507.1699,15661.8701
2013-12-02,15659.7402,15703.0195,15579.5400,15655.0703
2013-12-03,15747.5400,15794.1504,15661.9004,15749.6602
2013-12-04,15520.2002,15579.3604,15326.0596,15407.9404
2013-12-05,15354.5303,15430.2002,15139.1201,15177.4902
2013-12-06,15112.5400,15327.3701,15112.5400,15299.8604
2013-12-09,15556.5996,15650.2100,15547.2900,15650.2100
2013-12-10,15633.9697,15633.9697,15562.0596,15611.3096
2013-12-11,15509.9297,15562.2998,15386.1104,15515.0596
2013-12-12,15377.3203,15392.6602,15255.3604,15341.8203
2013-12-13,15316.8896,15532.9404,15251.4502,15403.1104
2013-12-16,15408.3496,15408.3496,15146.1299,15152.9102
2013-12-17,15290.2197,15322.1299,15248.4199,15278.6299
2013-12-18,15273.2402,15588.4199,15268.1797,15587.7998
2013-12-19,15809.4297,15891.8203,15798.8496,15859.2197
2013-12-20,15790.6904,15870.4199,15755.3604,15870.4199
2013-12-24,15955.9004,16029.6504,15849.0000,15889.3301
2013-12-25,15861.1299,16010.5400,15853.5098,16009.9902
2013-12-26,16087.0703,16186.0400,16082.2803,16174.4404
2013-12-27,16229.4297,16232.6904,16056.7305,16178.9404
2013-12-30,16269.2197,16320.2197,16182.7100,16291.3096
2014-01-06,16147.5400,16164.0098,15864.4404,15908.8799
2014-01-07,15835.4102,15935.3701,15784.2500,15814.3701
2014-01-08,15943.6797,16121.4502,15906.5703,16121.4502
2014-01-09,16002.8799,16004.5596,15838.4404,15880.3301
2014-01-10,15785.1504,15922.1396,15754.7002,15912.0596
2014-01-14,15657.2002,15661.7100,15383.6904,15422.4004
2014-01-15,15649.0703,15808.7305,15636.5703,15808.7305
2014-01-16,15845.1504,15941.0801,15710.1396,15747.2002
2014-01-17,15695.4600,15783.3701,15621.7998,15734.4600
2014-01-20,15724.1396,15727.2598,15574.2305,15641.6797
2014-01-21,15710.8896,15894.6797,15705.8398,15795.9600
2014-01-22,15749.0098,15870.5303,15631.4102,15820.9600
2014-01-23,15900.6299,15958.5801,15690.4502,15695.8896
2014-01-24,15473.5703,15485.0195,15288.3203,15391.5596
2014-01-27,15091.4502,15109.6797,14933.5498,15005.7305
2014-01-28,15038.6396,15088.1201,14952.8301,14980.1602
2014-01-29,15164.3398,15383.9102,15159.9199,15383.9102
2014-01-30,15112.7002,15112.7002,14853.8301,15007.0596
2014-01-31,15132.2305,15143.8799,14764.5703,14914.5303
2014-02-03,14788.5596,14846.9297,14615.0498,14619.1299
2014-02-04,14353.3301,14355.9199,14008.4697,14008.4697
2014-02-05,14213.0996,14245.0596,13995.8604,14180.3799
2014-02-06,14233.4199,14308.0703,14155.1201,14155.1201
2014-02-07,14387.1104,14471.9502,14356.5898,14462.4102
2014-02-10,14647.8301,14725.9199,14568.2998,14718.3398
2014-02-12,14821.7305,14874.7900,14769.0400,14800.0596
2014-02-13,14785.8398,14787.6201,14488.3203,14534.7402
2014-02-14,14538.2002,14678.7100,14243.1699,14313.0303
2014-02-17,14343.7305,14427.9502,14214.5996,14393.1104
2014-02-18,14514.4697,14900.2402,14469.4902,14843.2402
2014-02-19,14729.4805,14805.6602,14679.1904,14766.5303
2014-02-20,14701.1396,14731.4805,14428.7305,14449.1797
2014-02-21,14618.6104,14888.8096,14618.6104,14865.6699
2014-02-24,14803.6396,14982.5303,14658.1396,14837.6797
2014-02-25,15002.5098,15094.5400,14957.4902,15051.5996
2014-02-26,14896.4902,15084.5303,14896.4902,14970.9697
2014-02-27,14939.8701,15015.0098,14844.3701,14923.1104
2014-02-28,14929.5498,14943.6504,14735.5195,14841.0703
2014-03-03,14666.9297,14684.7002,14443.0996,14652.2305
2014-03-04,14553.9502,14750.0898,14546.3398,14721.4805
2014-03-05,14905.9502,14992.1904,14897.6299,14897.6299
2014-03-06,14933.7598,15203.1201,14871.5596,15134.7500
2014-03-07,15280.7598,15312.5996,15145.5898,15274.0703
2014-03-10,15197.5303,15266.1201,15088.1104,15120.1396
2014-03-11,15179.4697,15256.0303,15124.3604,15224.1104
2014-03-12,15003.7998,15020.1396,14828.1797,14830.3896
2014-03-13,14847.7197,14919.8398,14790.4805,14815.9805
2014-03-14,14526.2803,14539.5996,14280.7500,14327.6602
2014-03-17,14254.3203,14359.1602,14203.2100,14277.6699
2014-03-18,14491.4102,14533.2500,14399.7197,14411.2695
2014-03-19,14495.7305,14663.5400,14302.3701,14462.5195
2014-03-20,14548.7598,14548.7598,14207.8301,14224.2305
2014-03-24,14297.5801,14514.2803,14287.2803,14475.2998
2014-03-25,14401.6904,14531.7900,14312.0801,14423.1904
2014-03-26,14521.0000,14569.9004,14401.4199,14477.1602
2014-03-27,14305.6699,14659.8496,14227.8096,14622.8896
2014-03-28,14576.2500,14713.4502,14520.5703,14696.0303
2014-03-31,14839.5400,14843.6699,14718.0098,14827.8301
2014-04-01,14870.5098,14870.5098,14751.2900,14791.9902
2014-04-02,14897.8799,15069.6104,14893.1699,14946.3203
2014-04-03,15009.1797,15164.3896,14976.3604,15071.8799
2014-04-04,15005.5400,15098.3799,15000.6904,15063.7695
2014-04-07,14880.8203,14895.5801,14764.3701,14808.8496
2014-04-08,14715.7998,14740.0996,14605.3096,14606.8799
2014-04-09,14436.0498,14502.0195,14279.3398,14299.6904
2014-04-10,14484.5400,14513.1396,14234.4502,14300.1201
2014-04-11,14027.7998,14065.9697,13885.1104,13960.0498
2014-04-14,13887.2305,14008.2900,13885.2197,13910.1602
2014-04-15,14068.7500,14096.8604,13969.1699,13996.8096
2014-04-16,14126.8701,14420.2998,14125.5898,14417.6797
2014-04-17,14395.9502,14500.6602,14351.8496,14417.5303
2014-04-18,14489.3701,14536.6699,14442.7402,14516.2695
2014-04-21,14549.4502,14649.5000,14503.1699,14512.3799
2014-04-22,14586.2900,14604.2998,14388.7695,14388.7695
2014-04-23,14480.4102,14546.2695,14459.2900,14546.2695
2014-04-24,14563.2500,14563.2500,14367.1299,14404.9902
2014-04-25,14369.7197,14554.3203,14327.5996,14429.2598
2014-04-28,14289.8203,14324.0303,14224.4697,14288.2305
2014-04-30,14393.5098,14421.2197,14275.6904,14304.1104
2014-05-01,14341.0898,14493.0303,14341.0898,14485.1299
2014-05-02,14454.4404,14473.7500,14405.7695,14457.5098
2014-05-07,14296.2500,14299.1299,14033.4502,14033.4502
2014-05-08,14136.4102,14254.4404,14108.1602,14163.7803
2014-05-09,14101.9805,14266.2900,14091.2002,14199.5898
2014-05-12,14173.4902,14234.4902,14130.2998,14149.5195
2014-05-13,14367.9404,14464.0098,14359.7402,14425.4404
2014-05-14,14385.5996,14419.6504,14349.8701,14405.7598
2014-05-15,14280.5098,14306.3604,14190.2695,14298.2100
2014-05-16,14087.7598,14108.4404,14016.4902,14096.5898
2014-05-19,14130.0898,14150.5000,13991.7998,14006.4404
2014-05-20,14088.4502,14144.0400,14038.0596,14075.2500
2014-05-21,13969.7100,14054.2402,13964.4297,14042.1699
2014-05-22,14188.2803,14369.0195,14147.5498,14337.7900
2014-05-23,14411.0996,14528.0400,14404.7998,14462.1699
2014-05-26,14592.5996,14602.5195,14531.3203,14602.5195
2014-05-27,14589.7900,14744.1602,14588.6797,14636.5195
2014-05-28,14646.9297,14717.2900,14608.5400,14670.9502
2014-05-29,14585.6396,14714.9502,14574.0195,14681.7197
2014-05-30,14707.6602,14741.0996,14591.6201,14632.3799
2014-06-02,14777.5098,14963.9102,14777.5098,14935.9199
2014-06-03,15089.0400,15091.4902,15026.0098,15034.2500
2014-06-04,15067.4102,15071.7803,14985.2100,15067.9600
2014-06-05,15112.5898,15141.1396,15016.8096,15079.3701
2014-06-06,15138.7500,15144.3398,15042.5898,15077.2402
2014-06-09,15204.3096,15206.5703,15116.0303,15124.0000
2014-06-10,15130.7402,15184.7695,14966.7998,14994.7998
2014-06-11,15000.1299,15075.7197,14998.6299,15069.4805
2014-06-12,14942.1504,14992.9600,14862.0801,14973.5303
2014-06-13,14830.9902,15121.6396,14830.9902,15097.8398
2014-06-16,15049.6104,15056.7500,14867.1504,14933.2900
2014-06-17,14962.9902,15026.9600,14948.5400,14975.9697
2014-06-18,15009.8896,15139.9902,14995.4502,15115.7998
2014-06-19,15140.3496,15375.3799,15138.2803,15361.1602
2014-06-20,15359.5996,15422.0596,15305.4297,15349.4199
2014-06-23,15419.4697,15442.6699,15335.8799,15369.2803
2014-06-24,15300.5000,15424.5703,15252.2695,15376.2402
2014-06-25,15297.2402,15347.8799,15265.7100,15266.6104
2014-06-26,15320.1299,15345.1201,15278.2197,15308.4902
2014-06-27,15290.7500,15293.8203,15027.3096,15095.0000
2014-06-30,15159.4502,15177.8701,15052.3398,15162.0996
2014-07-01,15179.6396,15389.0801,15145.8701,15326.2002
2014-07-02,15406.2305,15444.6299,15354.9102,15369.9697
2014-07-03,15435.3398,15435.3398,15324.3203,15348.2900
2014-07-04,15490.3701,15490.3701,15420.0703,15437.1299
2014-07-07,15433.4902,15477.7695,15379.4404,15379.4404
2014-07-08,15304.2695,15389.8896,15225.1104,15314.4102
2014-07-09,15194.3203,15302.6504,15185.3203,15302.6504
2014-07-10,15318.2998,15326.7803,15215.4297,15216.4697
2014-07-11,15102.5898,15204.0098,15101.4902,15164.0400
2014-07-14,15199.1797,15324.9502,15179.4902,15296.8203
2014-07-15,15354.4297,15441.5400,15346.0898,15395.1602
2014-07-16,15369.6602,15423.9600,15355.0000,15379.2998
2014-07-17,15422.8701,15465.7402,15347.8496,15370.2598
2014-07-18,15174.0801,15220.5000,15110.4502,15215.7100
2014-07-22,15296.4199,15392.0195,15287.9297,15343.2803
2014-07-23,15367.1602,15376.2002,15317.3701,15328.5596
2014-07-24,15350.2803,15383.1104,15232.1396,15284.4199
2014-07-25,15342.4600,15457.8701,15341.6904,15457.8701
2014-07-28,15426.9805,15556.6201,15426.9805,15529.4004
2014-07-29,15564.7900,15632.7002,15556.0195,15618.0703
2014-07-30,15616.8896,15666.6201,15594.8896,15646.2305
2014-07-31,15732.7803,15759.6602,15618.8496,15620.7695
2014-08-01,15511.5400,15602.1299,15501.1504,15523.1104
2014-08-04,15474.6504,15535.6201,15440.2100,15474.5000
2014-08-05,15506.8701,15507.3203,15313.8398,15320.3096
2014-08-06,15260.0000,15271.1396,15121.4297,15159.7900
2014-08-07,15138.7197,15243.0596,15061.9902,15232.3701
2014-08-08,15063.7305,15074.3203,14753.8398,14778.3701
2014-08-11,15022.6396,15161.5400,14973.7100,15130.5195
2014-08-12,15164.7305,15235.9805,15125.9297,15161.3096
2014-08-13,15111.7598,15235.9004,15108.5303,15213.6299
2014-08-14,15284.3799,15338.8496,15272.9004,15314.5703
2014-08-15,15317.1504,15328.3398,15276.9902,15318.3398
2014-08-18,15318.5000,15365.3496,15303.3896,15322.5996
2014-08-19,15451.9404,15476.0498,15429.1104,15449.7900
2014-08-20,15485.9297,15492.8799,15433.7197,15454.4502
2014-08-21,15530.9805,15601.9902,15525.7803,15586.2002
2014-08-22,15618.0498,15628.7803,15524.4297,15539.1904
2014-08-25,15609.4297,15628.6104,15553.5098,15613.2500
2014-08-26,15609.6396,15613.3398,15519.4199,15521.2197
2014-08-27,15556.5596,15588.2197,15465.9902,15534.8203
2014-08-28,15482.2695,15487.9902,15423.9004,15459.8604
2014-08-29,15423.8799,15447.8096,15356.0000,15424.5898
2014-09-01,15454.5898,15478.7695,15440.9902,15476.5996
2014-09-02,15526.9404,15737.3604,15516.5000,15668.5996
2014-09-03,15797.7900,15829.3799,15723.5400,15728.3496
2014-09-04,15701.6104,15732.7598,15663.5898,15676.1797
2014-09-05,15792.6396,15792.6396,15641.3701,15668.6797
2014-09-08,15718.1299,15730.3301,15656.4004,15705.1104
2014-09-09,15795.8203,15795.8203,15736.1299,15749.1504
2014-09-10,15688.5498,15795.5996,15664.7900,15788.7803
2014-09-11,15880.9102,15925.5098,15854.2998,15909.2002
2014-09-12,15885.0400,15984.9004,15885.0400,15948.2900
2014-09-16,15896.0596,15938.3096,15871.1201,15911.5303
2014-09-17,15948.1504,15969.4102,15888.6699,15888.6699
2014-09-18,16036.4697,16106.1104,16003.4600,16067.5703
2014-09-19,16177.9404,16364.0801,16170.8604,16321.1699
2014-09-22,16281.3604,16299.1299,16170.1104,16205.9004
2014-09-24,16105.5596,16203.9404,16094.5898,16167.4502
2014-09-25,16327.1904,16374.1396,16303.9102,16374.1396
2014-09-26,16087.9502,16251.6699,16087.9502,16229.8604
2014-09-29,16339.0303,16344.3203,16262.0000,16310.6396
2014-09-30,16252.7197,16252.7197,16058.7197,16173.5195
2014-10-01,16173.3896,16225.9600,16081.0098,16082.2500
2014-10-02,15895.2002,15922.5098,15646.4004,15661.9902
2014-10-03,15616.4805,15708.6504,15559.0703,15708.6504
2014-10-06,15882.2803,15970.6504,15808.2197,15890.9502
2014-10-07,15841.1699,15913.5195,15755.5703,15783.8301
2014-10-08,15574.5996,15643.6299,15520.8096,15595.9805
2014-10-09,15681.5303,15732.3203,15461.0898,15478.9297
2014-10-10,15292.8799,15345.7803,15221.8301,15300.5498
2014-10-14,15036.8701,15089.9004,14919.7100,14936.5098
2014-10-15,15009.7500,15084.6104,14916.6504,15073.5195
2014-10-16,14805.1602,14807.0801,14672.5498,14738.3799
2014-10-17,14796.3203,14830.6699,14529.0303,14532.5098
2014-10-20,14822.8398,15111.2305,14819.6904,15111.2305
2014-10-21,15115.2900,15115.2900,14761.8398,14804.2803
2014-10-22,15038.1904,15195.7803,15001.4297,15195.7695
2014-10-23,15093.7803,15232.5098,15059.6396,15138.9600
2014-10-24,15354.3496,15377.0498,15232.0000,15291.6396
2014-10-27,15404.2803,15424.0498,15333.7100,15388.7197
2014-10-28,15363.2803,15374.4600,15263.3604,15329.9102
2014-10-29,15442.3896,15595.2900,15394.7900,15553.9102
2014-10-30,15596.5000,15701.0400,15584.8301,15658.2002
2014-10-31,15817.1396,16533.9102,15817.1396,16413.7598
2014-11-04,16732.8496,17127.6602,16720.9902,16862.4707
2014-11-05,16785.4395,16995.0195,16778.2793,16937.3203
2014-11-06,16993.4609,17045.9395,16725.4492,16792.4805
2014-11-07,16934.0391,16938.1992,16824.0801,16880.3809
2014-11-10,16758.2695,16818.0508,16713.3691,16780.5293
2014-11-11,16869.4902,17160.1191,16855.3008,17124.1094
2014-11-12,17253.1191,17443.7402,17170.0000,17197.0508
2014-11-13,17192.0000,17400.7695,17099.9492,17392.7891
2014-11-14,17520.5391,17520.5391,17300.1895,17490.8301
2014-11-17,17381.3809,17409.3203,16907.4297,16973.8008
2014-11-18,17188.8398,17356.7598,17186.5000,17344.0605
2014-11-19,17384.3105,17472.5703,17280.7598,17288.7500
2014-11-20,17407.6895,17407.6895,17270.6992,17300.8594
2014-11-21,17285.7207,17381.5898,17108.1992,17357.5098
2014-11-25,17490.3906,17490.3906,17372.7109,17407.6191
2014-11-26,17347.9707,17432.5703,17335.9902,17383.5801
2014-11-27,17310.4902,17346.8496,17212.4805,17248.5000
2014-11-28,17340.1602,17471.9004,17330.8398,17459.8496
2014-12-01,17475.0996,17649.0195,17474.2695,17590.0996
2014-12-02,17481.0605,17687.6992,17476.4199,17663.2207
2014-12-03,17772.1504,17881.7598,17696.3594,17720.4297
2014-12-04,17881.9102,17912.5898,17813.0098,17887.2109
2014-12-05,17821.8496,17922.2891,17759.3594,17920.4492
2014-12-08,18004.6602,18030.8301,17869.7402,17935.6406
2014-12-09,17820.2402,17892.1602,17773.3008,17813.3809
2014-12-10,17623.3496,17658.1406,17308.8203,17412.5801
2014-12-11,17180.4902,17289.7305,17043.6309,17257.4004
2014-12-12,17317.6895,17526.1895,17298.1895,17371.5801
2014-12-15,17111.4902,17258.3203,17037.2109,17099.4004
2014-12-16,16862.4199,16895.3906,16714.8301,16755.3203
2014-12-17,16689.3398,16891.0195,16672.9395,16819.7305
2014-12-18,17142.9492,17274.2305,17136.4102,17210.0508
2014-12-19,17511.0098,17621.4004,17471.5996,17621.4004
2014-12-22,17685.5293,17692.5801,17572.6191,17635.1406
2014-12-24,17842.0391,17875.4102,17800.4199,17854.2305
2014-12-25,17804.8398,17832.4707,17773.5898,17808.7500
2014-12-26,17778.9102,17843.7305,17769.0098,17818.9609
2014-12-29,17914.5508,17914.5508,17525.6602,17729.8398
2014-12-30,17702.1191,17713.7598,17450.7695,17450.7695
2015-01-05,17325.6797,17540.9199,17219.2207,17408.7109
2015-01-06,17101.5801,17111.3594,16881.7305,16883.1895
2015-01-07,16808.2598,16974.6094,16808.2598,16885.3301
2015-01-08,17067.4004,17243.7109,17016.0898,17167.0996
2015-01-09,17318.7402,17342.6504,17129.5293,17197.7305
2015-01-13,16970.8809,17087.7109,16828.2695,17087.7109
2015-01-14,16961.8203,17036.7207,16770.5605,16795.9609
2015-01-15,16872.9492,17141.9805,16856.2207,17108.6992
2015-01-16,16812.9609,16864.3398,16592.5703,16864.1602
2015-01-19,17000.7793,17039.8008,16911.5801,17014.2891
2015-01-20,17071.6504,17366.3008,17066.7695,17366.3008
2015-01-21,17308.7207,17329.0293,17181.5508,17280.4805
2015-01-22,17306.6406,17355.7402,17229.2109,17329.0195
2015-01-23,17520.6309,17532.0605,17460.7598,17511.7500
2015-01-26,17285.7109,17471.9395,17285.7109,17468.5195
2015-01-27,17649.4004,17768.4102,17633.4707,17768.3008
2015-01-28,17615.9297,17850.5898,17615.9297,17795.7305
2015-01-29,17666.9102,17778.8301,17575.0996,17606.2207
2015-01-30,17788.7402,17808.4707,17661.0996,17674.3906
2015-02-02,17536.6094,17628.4004,17459.4492,17558.0391
2015-02-03,17654.5996,17654.5996,17271.8691,17335.8496
2015-02-04,17549.3008,17743.1094,17535.0391,17678.7402
2015-02-05,17589.2109,17619.3398,17484.6699,17504.6191
2015-02-06,17696.1797,17700.6699,17603.0703,17648.5000
2015-02-09,17790.3105,17799.4902,17653.6094,17711.9297
2015-02-10,17662.6699,17673.2695,17550.0293,17652.6797
2015-02-12,17899.4004,18005.4492,17884.3398,17979.7207
2015-02-13,17892.0996,17962.1094,17864.5508,17913.3594
2015-02-16,18024.0098,18074.2598,17978.9004,18004.7695
2015-02-17,17949.6992,18009.4492,17901.2598,17987.0898
2015-02-18,18103.9805,18202.6094,18092.3203,18199.1699
2015-02-19,18237.3496,18322.5000,18237.3496,18264.7891
2015-02-20,18336.5000,18360.9199,18297.6699,18332.3008
2015-02-23,18499.5801,18509.0801,18402.0195,18466.9199
2015-02-24,18468.3906,18603.4805,18427.9805,18603.4805
2015-02-25,18636.3398,18648.7695,18552.8105,18585.1992
2015-02-26,18587.8691,18790.8301,18587.1309,18785.7891
2015-02-27,18844.2793,18865.3906,18714.6406,18797.9395
2015-03-02,18869.4004,18939.1699,18775.2305,18826.8809
2015-03-03,18910.5195,18910.5195,18730.5703,18815.1602
2015-03-04,18716.7793,18732.6602,18586.8398,18703.5996
2015-03-05,18658.1602,18767.5000,18655.3594,18751.8398
2015-03-06,18814.8496,18979.6406,18808.3008,18971.0000
2015-03-09,18872.9609,18878.1504,18733.8691,18790.5508
2015-03-10,18891.0098,18924.3809,18577.0605,18665.1094
2015-03-11,18604.8691,18836.9297,18583.5195,18723.5195
2015-03-12,18787.0996,19008.1309,18774.4199,18991.1094
2015-03-13,19119.5801,19335.8008,19042.2500,19254.2500
2015-03-16,19245.3809,19349.1992,19226.7109,19246.0605
2015-03-17,19425.8906,19479.8906,19373.3906,19437.0000
2015-03-18,19407.7598,19555.7207,19389.2402,19544.4805
2015-03-19,19514.6406,19557.1699,19312.6992,19476.5605
2015-03-20,19479.7109,19565.4395,19416.6309,19560.2207
2015-03-23,19607.9805,19778.5996,19584.7305,19754.3594
2015-03-24,19718.9902,19770.6406,19646.3496,19713.4492
2015-03-25,19745.7500,19775.4492,19542.2207,19746.1992
2015-03-26,19605.5996,19623.1094,19397.0098,19471.1191
2015-03-27,19374.7207,19590.0293,19099.8691,19285.6309
2015-03-30,19295.2109,19474.0703,19227.2891,19411.4004
2015-03-31,19592.4297,19607.2500,19206.9902,19206.9902
2015-04-01,19129.7500,19195.2305,18927.9492,19034.8398
2015-04-02,19141.9297,19433.8906,19115.1406,19312.7891
2015-04-03,19289.0391,19435.0801,19289.0391,19435.0801
2015-04-06,19295.0293,19424.0898,19241.2891,19397.9805
2015-04-07,19539.0293,19667.4805,19501.3105,19640.5391
2015-04-08,19729.6992,19845.5293,19693.6309,19789.8105
2015-04-09,19851.1191,19957.3203,19822.4902,19937.7207
2015-04-10,19989.5508,20006.0000,19845.3105,19907.6309
2015-04-13,19967.3809,19975.6602,19825.6895,19905.4609
2015-04-14,19828.6504,19922.5000,19828.6504,19908.6797
2015-04-15,19838.5293,19913.4199,19823.8594,19869.7598
2015-04-16,19862.4805,19894.3496,19742.1191,19885.7695
2015-04-17,19810.4004,19815.2500,19638.3691,19652.8809
2015-04-20,19501.0000,19725.8594,19474.2305,19634.4902
2015-04-21,19731.5703,19909.0898,19678.2207,19909.0898
2015-04-22,19999.8398,20144.6602,19983.0000,20133.9004
2015-04-23,20227.2793,20252.1191,20116.1895,20187.6504
2015-04-24,20142.4707,20142.4707,20013.7402,20020.0391
2015-04-27,20063.8008,20069.2402,19909.8594,19983.3203
2015-04-28,20068.6504,20133.7793,20031.7109,20058.9492
2015-04-30,19847.5000,19852.6602,19502.6094,19520.0098
2015-05-01,19510.8496,19549.3906,19399.1602,19531.6309
2015-05-07,19356.4609,19461.0801,19257.8496,19291.9902
2015-05-08,19315.6309,19458.7500,19302.7109,19379.1895
2015-05-11,19637.5801,19679.6309,19586.8105,19620.9102
2015-05-12,19608.2305,19626.7500,19467.6504,19624.8398
2015-05-13,19568.7598,19791.8809,19494.6992,19764.7207
2015-05-14,19661.5195,19717.8008,19546.8203,19570.2402
2015-05-15,19693.1699,19750.7598,19633.7500,19732.9199
2015-05-18,19766.1602,19890.2695,19741.2207,19890.2695
2015-05-19,19977.1406,20087.6992,19946.7500,20026.3809
2015-05-20,20175.5898,20278.8906,20148.5098,20196.5605
2015-05-21,20215.4609,20320.9004,20175.7793,20202.8691
2015-05-22,20208.8496,20278.3105,20130.8398,20264.4102
2015-05-25,20331.9199,20417.7695,20318.5391,20413.7695
2015-05-26,20431.2695,20473.8496,20378.7695,20437.4805
2015-05-27,20380.6406,20513.2207,20363.2109,20472.5801
2015-05-28,20590.2793,20655.3301,20473.2695,20551.4609
2015-05-29,20510.2695,20636.4102,20508.4004,20563.1504
2015-06-01,20444.5391,20595.4102,20410.2695,20569.8691
2015-06-02,20604.6699,20619.6094,20470.2598,20543.1895
2015-06-03,20443.1504,20506.3496,20397.7305,20473.5098
2015-06-04,20539.9395,20552.4609,20438.2109,20488.1895
2015-06-05,20398.7598,20480.2500,20363.1797,20460.9004
2015-06-08,20537.8496,20544.9395,20359.0605,20457.1895
2015-06-09,20293.0508,20332.4199,20095.4805,20096.3008
2015-06-10,20126.3594,20264.9199,20016.3203,20046.3594
2015-06-11,20183.6094,20382.9707,20178.0391,20382.9707
2015-06-12,20431.7793,20437.2598,20331.1895,20407.0801
2015-06-15,20205.0996,20401.4805,20205.0996,20387.7891
2015-06-16,20332.8301,20368.2109,20234.1602,20257.9395
2015-06-17,20306.0996,20323.0801,20126.5703,20219.2695
2015-06-18,20193.5898,20200.5098,19990.5508,19990.8203
2015-06-19,20152.4102,20194.4492,20075.9102,20174.2402
2015-06-22,20174.1406,20433.3008,20174.1406,20428.1895
2015-06-23,20547.7402,20809.4199,20531.1309,20809.4199
2015-06-24,20889.3203,20952.7109,20838.2207,20868.0293
2015-06-25,20777.6895,20866.5801,20758.5996,20771.4004
2015-06-26,20758.4297,20785.7598,20650.0000,20706.1504
2015-06-29,20305.9707,20361.5996,20093.1602,20109.9492
2015-06-30,20174.6094,20243.1797,20118.2598,20235.7305
2015-07-01,20291.0508,20346.7402,20225.2695,20329.3203
2015-07-02,20565.9395,20601.7305,20479.8496,20522.5000
2015-07-03,20476.6895,20557.5098,20431.2500,20539.7891
2015-07-06,20200.1504,20310.7207,20012.2305,20112.1191
2015-07-07,20354.2305,20428.0000,20337.1797,20376.5898
2015-07-08,20282.4902,20310.8906,19737.6406,19737.6406
2015-07-09,19422.7793,19855.5000,19115.1992,19855.5000
2015-07-10,19829.9297,19978.2402,19720.1504,19779.8301
2015-07-13,19929.9199,20120.1504,19911.3906,20089.7695
2015-07-14,20355.3301,20435.5293,20322.1992,20385.3301
2015-07-15,20478.8496,20496.5996,20401.0898,20463.3301
2015-07-16,20588.9805,20612.5000,20522.2500,20600.1191
2015-07-17,20646.6309,20658.9492,20611.2207,20650.9199
2015-07-21,20763.3105,20850.0000,20710.3398,20841.9707
2015-07-22,20657.8008,20677.8398,20576.1895,20593.6699
2015-07-23,20693.5703,20708.2305,20648.7598,20683.9492
2015-07-24,20603.6309,20631.5391,20527.7793,20544.5293
2015-07-27,20374.0508,20486.9297,20278.7305,20350.0996
2015-07-28,20188.5703,20423.5801,20070.6191,20328.8906
2015-07-29,20425.6895,20425.6895,20205.2109,20302.9102
2015-07-30,20450.6094,20583.5703,20443.8906,20522.8301
2015-07-31,20506.5508,20585.2402,20466.8008,20585.2402
2015-08-03,20540.2109,20562.1992,20396.5000,20548.1094
2015-08-04,20462.1797,20552.0391,20448.4902,20520.3594
2015-08-05,20490.1504,20715.4805,20469.8691,20614.0605
2015-08-06,20768.7695,20817.4805,20664.4395,20664.4395
2015-08-07,20601.5703,20754.0000,20567.5098,20724.5605
2015-08-10,20618.3105,20820.8594,20617.0508,20808.6895
2015-08-11,20920.5996,20946.9297,20582.0098,20720.7500
2015-08-12,20632.6797,20703.1992,20303.0195,20392.7695
2015-08-13,20392.5391,20633.9102,20306.9805,20595.5508
2015-08-14,20518.3594,20605.4609,20484.6699,20519.4492
2015-08-17,20600.1602,20668.8691,20541.0000,20620.2598
2015-08-18,20640.5898,20663.1797,20545.2500,20554.4707
2015-08-19,20467.4902,20521.9707,20218.0293,20222.6309
2015-08-20,20194.2598,20246.4707,20033.2891,20033.5195
2015-08-21,19711.3398,19737.5391,19435.8301,19435.8301
2015-08-24,19075.0508,19154.6504,18498.8008,18540.6797
2015-08-25,18171.6602,18835.3496,17747.5000,17806.6992
2015-08-26,17894.2891,18442.8398,17714.3008,18376.8301
2015-08-27,18680.4707,18810.0508,18486.4609,18574.4395
2015-08-28,18908.7305,19192.8203,18901.0898,19136.3203
2015-08-31,19006.9805,19019.6094,18749.7695,18890.4805
2015-09-01,18763.7207,18777.4707,18165.6895,18165.6895
2015-09-02,17861.8105,18467.4395,17857.3008,18095.4004
2015-09-03,18359.5293,18481.5703,18176.7500,18182.3906
2015-09-04,18312.1309,18312.1309,17608.1699,17792.1602
2015-09-07,17674.8203,18013.6406,17478.7207,17860.4707
2015-09-08,17941.9102,17962.5605,17415.6094,17427.0801
2015-09-09,17758.1309,18770.5098,17756.7598,18770.5098
2015-09-10,18418.6406,18420.5605,17956.1504,18299.6191
2015-09-11,18155.7109,18362.9902,18124.3496,18264.2207
2015-09-14,18341.0098,18344.0703,17925.0898,17965.6992
2015-09-15,18082.7207,18329.5703,17995.9805,18026.4805
2015-09-16,18238.1504,18291.9707,18094.9902,18171.5996
2015-09-17,18361.9902,18468.1992,18289.6309,18432.2695
2015-09-18,18275.4805,18295.9004,18069.5000,18070.2109
2015-09-24,17803.4102,17865.8398,17571.8301,17571.8301
2015-09-25,17618.3008,17880.5098,17483.6895,17880.5098
2015-09-28,17811.1191,17886.4902,17562.5996,17645.1094
2015-09-29,17359.3809,17366.9492,16901.4902,16930.8398
2015-09-30,17193.8398,17460.9707,17179.4004,17388.1504
2015-10-01,17479.9707,17831.5801,17389.5703,17722.4199
2015-10-02,17564.3906,17775.7695,17537.8496,17725.1309
2015-10-05,17921.0000,18079.4609,17869.7402,18005.4902
2015-10-06,18302.4102,18372.7207,18094.8496,18186.0996
2015-10-07,18168.1992,18379.2305,18043.0801,18322.9805
2015-10-08,18310.6191,18400.6895,18121.6797,18141.1699
2015-10-09,18281.5098,18438.6699,18184.9609,18438.6699
2015-10-13,18335.1504,18359.7109,18223.8008,18234.7402
2015-10-14,18106.6602,18126.3906,17831.5293,17891.0000
2015-10-15,17804.9102,18170.6699,17758.1191,18096.9004
2015-10-16,18300.8301,18397.5195,18238.7793,18291.8008
2015-10-19,18282.7793,18314.0898,18078.4297,18131.2305
2015-10-20,18245.5391,18253.1309,18147.9805,18207.1504
2015-10-21,18167.6406,18605.4102,18167.6406,18554.2793
2015-10-22,18443.6895,18579.1406,18376.0098,18435.8691
2015-10-23,18762.6504,18915.6406,18746.6094,18825.3008
2015-10-26,19036.1309,19088.7598,18937.4492,18947.1191
2015-10-27,18961.1602,18964.9902,18760.7891,18777.0391
2015-10-28,18826.9395,18925.5098,18815.1191,18903.0195
2015-10-29,19046.1602,19080.8906,18809.4805,18935.7109
2015-10-30,18924.3105,19202.3398,18784.6895,19083.0996
2015-11-02,18827.1094,18861.1094,18641.2207,18683.2402
2015-11-04,18941.3203,19151.8906,18926.9102,18926.9102
2015-11-05,19029.4395,19167.0898,18995.9609,19116.4102
2015-11-06,19194.3398,19294.1504,19164.8594,19265.5996
2015-11-09,19411.5098,19684.4102,19389.7402,19642.7402
2015-11-10,19457.0508,19674.0508,19457.0508,19671.2598
2015-11-11,19602.0098,19724.1191,19602.0098,19691.3906
2015-11-12,19644.6504,19725.8301,19597.9902,19697.7695
2015-11-13,19495.2598,19601.4902,19388.9102,19596.9102
2015-11-16,19263.9609,19451.0898,19252.0391,19393.6895
2015-11-17,19641.6699,19726.0098,19628.8398,19630.6309
2015-11-18,19771.8594,19840.0000,19643.9707,19649.1797
2015-11-19,19851.2402,19959.0605,19761.5605,19859.8105
2015-11-20,19800.1992,19879.8105,19715.7402,19879.8105
2015-11-24,19875.9902,19954.0000,19834.7598,19924.8906
2015-11-25,19856.8398,19871.7500,19786.5293,19847.5801
2015-11-26,19929.9707,19992.4395,19926.0996,19944.4102
2015-11-27,19994.0508,19994.0508,19831.2500,19883.9395
2015-11-30,19857.3809,19867.9492,19707.6699,19747.4707
2015-12-01,19799.0801,20012.4004,19797.5508,20012.4004
2015-12-02,19957.5000,20002.1191,19926.2207,19938.1309
2015-12-03,19894.6309,19967.8809,19862.7402,19939.9004
2015-12-04,19616.5195,19660.9004,19444.5391,19504.4805
2015-12-07,19710.3906,19811.5098,19677.2109,19698.1504
2015-12-08,19689.8691,19764.2109,19475.2793,19492.5996
2015-12-09,19391.5000,19475.4004,19260.1191,19301.0703
2015-12-10,19070.0195,19125.0605,19025.7793,19046.5508
2015-12-11,19020.7500,19282.2109,19020.7500,19230.4805
2015-12-14,18887.0898,18911.7793,18611.0898,18883.4199
2015-12-15,18869.0391,18897.8691,18562.5098,18565.9004
2015-12-16,18868.1992,19054.8906,18859.1094,19049.9102
2015-12-17,19364.5703,19507.1699,19325.1504,19353.5605
2015-12-18,19320.4609,19869.0801,18982.2500,18986.8008
2015-12-21,18845.5000,18979.8301,18651.1309,18916.0195
2015-12-22,18927.8594,18943.4609,18824.6504,18886.6992
2015-12-24,19071.4102,19071.4102,18780.9395,18789.6895
2015-12-25,18823.9102,18870.6992,18744.4395,18769.0605
2015-12-28,18838.9102,18922.9004,18764.5391,18873.3496
2015-12-29,18843.3906,18991.0098,18783.3594,18982.2305
2015-12-30,19070.8301,19113.1797,19017.2695,19033.7109
2016-01-04,18818.5801,18951.1191,18394.4297,18450.9805
2016-01-05,18398.7598,18547.3809,18327.5195,18374.0000
2016-01-06,18410.5703,18469.3809,18064.3008,18191.3203
2016-01-07,18139.7695,18172.0391,17767.3398,17767.3398
2016-01-08,17562.2305,17975.3105,17509.6406,17697.9609
2016-01-12,17470.9297,17546.5703,17184.7793,17218.9609
2016-01-13,17449.1191,17717.7500,17414.5508,17715.6309
2016-01-14,17384.9297,17393.8301,16944.4102,17240.9492
2016-01-15,17522.4609,17597.8691,17057.5996,17147.1094
2016-01-18,16826.9297,17037.2598,16665.0508,16955.5703
2016-01-19,16902.2891,17088.3105,16812.6504,17048.3691
2016-01-20,17030.2793,17031.3203,16387.6094,16416.1895
2016-01-21,16466.8594,16734.5801,16017.2598,16017.2598
2016-01-22,16336.7197,16993.9609,16332.4502,16958.5293
2016-01-25,17145.8105,17208.2402,16922.2109,17110.9102
2016-01-26,16833.1309,16839.5195,16652.2598,16708.9004
2016-01-27,16949.1895,17242.2695,16947.9492,17163.9199
2016-01-28,17059.8398,17235.4395,16942.1309,17041.4492
2016-01-29,17155.0605,17638.9297,16767.0898,17518.3008
2016-02-01,17699.5996,17905.3691,17666.4805,17865.2305
2016-02-02,17716.5195,17864.6992,17684.6602,17750.6797
2016-02-03,17497.4102,17515.6797,17080.5703,17191.2500
2016-02-04,17071.1094,17209.5605,16941.8809,17044.9902
2016-02-05,16790.5293,16893.1191,16627.8008,16819.5898
2016-02-08,16620.9102,17099.0098,16552.3008,17004.3008
2016-02-09,16666.7891,16668.6992,16025.9404,16085.4404
2016-02-10,16127.8604,16163.0303,15429.9902,15713.3896
2016-02-12,15426.2695,15437.2197,14865.7695,14952.6104
2016-02-15,15248.3799,16155.0996,15243.8799,16022.5801
2016-02-16,15849.4697,16341.5596,15809.5801,16054.4297
2016-02-17,16035.3496,16214.4600,15632.1201,15836.3604
2016-02-18,16138.0801,16337.5898,16118.7998,16196.7998
2016-02-19,16050.4004,16050.4600,15799.3496,15967.1699
2016-02-22,15851.3896,16187.4004,15816.8301,16111.0498
2016-02-23,16230.3799,16350.3799,16001.1904,16052.0498
2016-02-24,15851.1299,16006.4502,15753.7695,15915.7900
2016-02-25,15983.4697,16218.2900,15953.9297,16140.3398
2016-02-26,16311.5195,16472.5000,16188.4102,16188.4102
2016-02-29,16313.3096,16464.7500,16026.7598,16026.7598
2016-03-01,16013.0000,16099.4199,15857.3701,16085.5098
2016-03-02,16391.4805,16815.2500,16388.9199,16746.5508
2016-03-03,16695.7793,16962.9492,16691.9395,16960.1602
2016-03-04,16927.3594,17042.9199,16861.3809,17014.7793
2016-03-07,17024.6406,17026.2500,16894.5801,16911.3203
2016-03-08,16889.4805,16909.7891,16570.2207,16783.1504
2016-03-09,16625.5898,16706.2500,16494.8008,16642.1992
2016-03-10,16811.0000,16887.5996,16713.1309,16852.3496
2016-03-11,16610.1797,17015.3008,16575.7500,16938.8691
2016-03-14,17155.5195,17291.3496,17149.2109,17233.7500
2016-03-15,17219.8906,17279.3008,17042.5605,17117.0703
2016-03-16,16981.3594,17102.4492,16950.8398,16974.4492
2016-03-17,17107.5996,17253.0293,16814.8398,16936.3809
2016-03-18,16883.7500,16920.9102,16613.6895,16724.8105
2016-03-22,16937.3105,17107.8008,16851.2109,17048.5508
2016-03-23,17066.2695,17142.0801,16964.3105,17000.9805
2016-03-24,16979.3906,17041.1602,16843.9902,16892.3301
2016-03-25,16949.5293,17026.1406,16889.4004,17002.7500
2016-03-28,17129.2695,17167.8809,16961.4102,17134.3691
2016-03-29,16985.2793,17137.1992,16948.4297,17103.5293
2016-03-30,17078.0293,17078.0293,16875.9102,16878.9609
2016-03-31,16997.1406,17033.6504,16758.6699,16758.6699
2016-04-01,16719.5605,16719.5605,16113.0098,16164.1602
2016-04-04,16087.7598,16238.5098,16029.5000,16123.2695
2016-04-05,16044.2305,16066.1797,15698.5498,15732.8203
2016-04-06,15727.7002,15828.6104,15612.9102,15715.3604
2016-04-07,15739.2598,15871.0996,15636.2100,15749.8398
2016-04-08,15597.0400,16027.6299,15471.7998,15821.5195
2016-04-11,15761.5703,15778.7402,15525.4902,15751.1299
2016-04-12,15719.2402,15963.0303,15693.6104,15928.7900
2016-04-13,16142.7100,16405.5898,16132.2305,16381.2197
2016-04-14,16629.8301,16911.0508,16602.1699,16911.0508
2016-04-15,16720.3906,16928.6699,16720.3906,16848.0293
2016-04-18,16521.2500,16526.9004,16254.2002,16275.9502
2016-04-19,16582.6602,16900.3301,16570.5000,16874.4395
2016-04-20,17053.8301,17099.3594,16870.7305,16906.5391
2016-04-21,17187.2695,17381.6992,17144.5293,17363.6191
2016-04-22,17220.4707,17572.4902,17192.3906,17572.4902
2016-04-25,17613.5605,17613.5605,17403.8691,17439.3008
2016-04-26,17358.5605,17426.0195,17200.5000,17353.2793
2016-04-27,17369.6797,17417.5391,17230.2305,17290.4902
2016-04-28,17438.9902,17572.2695,16652.7402,16666.0508
2016-05-02,16357.0996,16357.0996,15975.4697,16147.3799
2016-05-06,16212.6699,16271.6104,15989.3496,16106.7197
2016-05-09,16226.5703,16292.8604,16159.3096,16216.0303
2016-05-10,16307.5000,16587.6309,16229.1504,16565.1895
2016-05-11,16736.7207,16814.6406,16536.6094,16579.0098
2016-05-12,16459.6895,16658.0703,16374.5898,16646.3398
2016-05-13,16804.1699,16804.1699,16400.8691,16412.2109
2016-05-16,16391.9199,16632.6191,16391.9199,16466.4004
2016-05-17,16618.9492,16655.8906,16509.3105,16652.8008
2016-05-18,16611.4004,16795.4707,16513.1699,16644.6895
2016-05-19,16807.4609,16841.0391,16590.1602,16646.6602
2016-05-20,16594.9902,16770.8691,16548.3398,16736.3496
2016-05-23,16671.2793,16691.5000,16417.8398,16654.5996
2016-05-24,16605.0391,16605.0391,16471.3691,16498.7598
2016-05-25,16764.3496,16806.0293,16731.1191,16757.3496
2016-05-26,16927.6895,16957.5605,16743.1699,16772.4609
2016-05-27,16830.5000,16901.0898,16792.7305,16834.8398
2016-05-30,16973.7207,17068.0195,16910.1895,17068.0195
2016-05-31,17029.4609,17251.3594,16988.6406,17234.9805
2016-06-01,17097.2207,17145.9492,16908.9199,16955.7305
2016-06-02,16817.2598,16819.8496,16525.4707,16562.5508
2016-06-03,16599.5098,16716.1406,16554.5996,16642.2305
2016-06-06,16373.3203,16581.3008,16322.6396,16580.0293
2016-06-07,16651.0508,16701.0098,16536.2305,16675.4492
2016-06-08,16722.4902,16830.9199,16581.7109,16830.9199
2016-06-09,16742.0293,16785.8301,16587.7695,16668.4102
2016-06-10,16637.5098,16643.3594,16496.1094,16601.3594
2016-06-13,16319.1104,16335.3799,16019.1797,16019.1797
2016-06-14,16001.1904,16082.5000,15762.0898,15859.0000
2016-06-15,15799.0703,15997.2998,15752.0098,15919.5801
2016-06-16,15871.2197,15913.0801,15395.9805,15434.1396
2016-06-17,15631.7900,15774.8701,15582.9404,15599.6602
2016-06-20,15839.0596,16035.4404,15835.8604,15965.2998
2016-06-21,15875.8096,16202.2998,15770.9600,16169.1104
2016-06-22,16095.8096,16160.9902,15980.6504,16065.7197
2016-06-23,16098.6104,16263.8701,16057.8604,16238.3496
2016-06-24,16333.8701,16389.1699,14864.0098,14952.0195
2016-06-27,15153.0801,15323.9502,15061.6602,15309.2100
2016-06-28,15094.7100,15443.8203,14987.7900,15323.1396
2016-06-29,15523.3496,15626.6602,15398.3096,15566.8301
2016-06-30,15752.7100,15781.6904,15575.9199,15575.9199
2016-07-01,15698.0195,15765.0000,15635.5703,15682.4805
2016-07-04,15554.0400,15805.3096,15553.9199,15775.7998
2016-07-05,15682.1602,15702.0400,15602.7305,15669.3301
2016-07-06,15434.4600,15434.4600,15167.9805,15378.9902
2016-07-07,15346.8096,15418.9004,15241.9102,15276.2402
2016-07-08,15326.8398,15399.7002,15106.5195,15106.9805
2016-07-11,15375.9404,15816.6699,15375.9404,15708.8203
2016-07-12,15961.2998,16237.6201,15956.9102,16095.6504
2016-07-13,16343.0000,16444.2500,16196.4404,16231.4297
2016-07-14,16242.2002,16398.7305,16229.2598,16385.8906
2016-07-15,16396.1191,16607.3203,16396.1191,16497.8496
2016-07-19,16612.0898,16726.7109,16514.6602,16723.3105
2016-07-20,16646.9199,16692.8398,16554.0293,16681.8906
2016-07-21,16855.1797,16938.9609,16740.0000,16810.2207
2016-07-22,16612.9004,16691.8105,16566.9805,16627.2500
2016-07-25,16655.8105,16778.6504,16612.3301,16620.2891
2016-07-26,16535.8105,16535.8105,16323.0996,16383.0400
2016-07-27,16526.0605,16821.4297,16526.0605,16664.8203
2016-07-28,16596.1504,16616.2793,16450.2793,16476.8398
2016-07-29,16359.6797,16679.1895,16174.3496,16569.2695
2016-08-01,16415.3105,16677.4902,16319.1504,16635.7695
2016-08-02,16469.6797,16541.8809,16391.4492,16391.4492
2016-08-03,16227.2803,16275.3398,16056.6699,16083.1104
2016-08-04,16168.3398,16270.1201,15921.0400,16254.8896
2016-08-05,16278.9902,16355.9805,16230.7002,16254.4502
2016-08-08,16462.2891,16652.0391,16455.5703,16650.5703
2016-08-09,16632.4102,16779.5898,16630.5605,16764.9707
2016-08-10,16699.0801,16822.8594,16657.5898,16735.1191
2016-08-12,16877.1797,16943.6699,16818.4297,16919.9199
2016-08-15,16866.8906,16932.1094,16844.5801,16869.5605
2016-08-16,16878.6602,16887.5703,16596.5098,16596.5098
2016-08-17,16596.2598,16772.1094,16596.2598,16745.6406
2016-08-18,16649.9102,16714.6094,16481.4102,16486.0098
2016-08-19,16558.3809,16613.0391,16452.6191,16545.8203
2016-08-22,16599.2598,16631.2305,16540.9395,16598.1895
2016-08-23,16549.8203,16663.6406,16452.0098,16497.3594
2016-08-24,16550.2109,16648.0703,16544.3906,16597.3008
2016-08-25,16580.1504,16628.7891,16520.8398,16555.9492
2016-08-26,16485.5508,16490.5293,16320.4297,16360.7100
2016-08-29,16631.0605,16764.6406,16616.6504,16737.4902
2016-08-30,16690.9805,16752.1602,16677.8496,16725.3594
2016-08-31,16857.8301,16917.8594,16836.9609,16887.4004
2016-09-01,16885.1602,16941.1797,16864.5605,16926.8398
2016-09-02,16903.7793,16946.4902,16848.1191,16925.6797
2016-09-05,17131.5195,17156.3594,17009.2109,17037.6309
2016-09-06,17035.0293,17097.5898,17022.6406,17081.9805
2016-09-07,16937.3809,17024.2598,16903.1992,17012.4395
2016-09-08,16984.0000,17001.8398,16836.6504,16958.7695
2016-09-09,16994.3691,17029.7793,16902.0898,16965.7598
2016-09-12,16748.3594,16802.0000,16601.5391,16672.9199
2016-09-13,16764.6504,16787.0605,16658.4004,16729.0391
2016-09-14,16632.0605,16706.6094,16585.8008,16614.2402
2016-09-15,16512.4199,16528.0195,16359.7803,16405.0098
2016-09-16,16458.7402,16532.8398,16415.8594,16519.2891
2016-09-20,16403.2207,16591.6992,16403.2207,16492.1504
2016-09-21,16471.8496,16823.6309,16399.6504,16807.6191
2016-09-23,16759.8398,16808.5898,16725.5293,16754.0195
2016-09-26,16707.4492,16707.4492,16514.9297,16544.5605
2016-09-27,16390.9102,16683.9297,16285.4102,16683.9297
2016-09-28,16504.9902,16515.8398,16385.0293,16465.4004
2016-09-29,16606.3008,16756.4297,16584.1406,16693.7109
2016-09-30,16474.4492,16497.5508,16407.7793,16449.8398
2016-10-03,16566.0293,16652.1602,16554.8301,16598.6699
2016-10-04,16661.5098,16747.1992,16637.8203,16735.6504
2016-10-05,16787.8906,16844.3496,16728.1895,16819.2402
2016-10-06,16913.5996,16971.2793,16888.7695,16899.0996
2016-10-07,16883.1191,16895.1309,16820.2109,16860.0898
2016-10-11,16936.3105,17074.4609,16931.1191,17024.7598
2016-10-12,16850.7305,16951.5391,16839.4102,16840.0000
2016-10-13,16923.8203,16974.2500,16739.7305,16774.2402
2016-10-14,16751.0391,16866.5605,16727.7793,16856.3691
2016-10-17,16871.8398,16954.4395,16821.4902,16900.1191
2016-10-18,16862.3105,16966.9004,16844.1699,16963.6094
2016-10-19,16952.9102,17016.6602,16938.4609,16998.9102
2016-10-20,16999.3594,17235.5000,16992.1406,17235.5000
2016-10-21,17283.7500,17288.8906,17151.9805,17184.5898
2016-10-24,17216.5605,17244.7402,17162.2109,17234.4199
2016-10-25,17298.6309,17381.8008,17298.6309,17365.2500
2016-10-26,17329.0293,17391.8398,17295.4609,17391.8398
2016-10-27,17346.3906,17414.2109,17278.1191,17336.4199
2016-10-28,17448.2500,17461.0293,17406.7207,17446.4102
2016-10-31,17360.8906,17433.1309,17327.6191,17425.0195
2016-11-01,17380.5391,17473.1191,17339.6406,17442.4004
2016-11-02,17238.0000,17283.5996,17080.5898,17134.6797
2016-11-04,16964.5000,16996.0898,16801.9805,16905.3594
2016-11-07,17126.0293,17186.8906,17056.8398,17177.2109
2016-11-08,17242.6992,17247.0391,17130.8301,17171.3809
2016-11-09,17281.9492,17427.7109,16111.8096,16251.5400
2016-11-10,16562.8594,17393.8203,16560.6602,17344.4199
2016-11-11,17526.6094,17621.7305,17333.4902,17374.7891
2016-11-14,17467.4902,17697.3301,17455.7793,17672.6191
2016-11-15,17690.2207,17727.5801,17605.7695,17668.1504
2016-11-16,17832.5098,17886.4395,17807.4707,17862.2109
2016-11-17,17766.6094,17884.0605,17764.0801,17862.6309
2016-11-18,18024.2109,18043.7207,17967.4102,17967.4102
2016-11-21,18038.0898,18129.0293,18007.7891,18106.0195
2016-11-22,18091.0508,18175.6309,18050.5508,18162.9395
2016-11-24,18329.7793,18382.7207,18310.3105,18333.4102
2016-11-25,18387.5898,18482.9395,18288.5000,18381.2207
2016-11-28,18302.5801,18374.9297,18222.8203,18356.8906
2016-11-29,18263.6309,18327.5098,18258.8203,18307.0391
2016-11-30,18356.0293,18370.3105,18280.6602,18308.4805
2016-12-01,18535.2402,18746.2793,18469.2695,18513.1191
2016-12-02,18435.5508,18469.6797,18315.3809,18426.0801
2016-12-05,18349.9199,18365.7402,18227.3906,18274.9902
2016-12-06,18457.1992,18484.8008,18318.9902,18360.5391
2016-12-07,18434.5391,18502.4707,18410.8809,18496.6895
2016-12-08,18674.1895,18765.4707,18614.0098,18765.4707
2016-12-09,18839.9805,19042.4805,18821.4102,18996.3691
2016-12-12,19183.8203,19280.9297,19054.0000,19155.0293
2016-12-13,19120.7598,19253.5098,19060.7207,19250.5195
2016-12-14,19270.0098,19284.2793,19184.7500,19253.6094
2016-12-15,19327.6992,19436.9004,19192.5996,19273.7891
2016-12-16,19438.3906,19439.9707,19360.3594,19401.1504
2016-12-19,19345.8398,19399.2598,19307.1406,19391.5996
2016-12-20,19367.8398,19511.1992,19356.8105,19494.5293
2016-12-21,19547.2793,19592.9004,19375.1895,19444.4902
2016-12-22,19396.8496,19427.6699,19327.5098,19427.6699
2016-12-26,19394.4102,19432.4805,19385.9395,19396.6406
2016-12-27,19353.4297,19478.5801,19352.0605,19403.0605
2016-12-28,19392.1094,19442.1309,19364.7305,19401.7207
2016-12-29,19301.0391,19301.0391,19092.2207,19145.1406
2016-12-30,18997.6797,19176.8105,18991.5898,19114.3691
2017-01-04,19298.6797,19594.1602,19277.9297,19594.1602
2017-01-05,19602.0996,19615.4004,19473.2793,19520.6895
2017-01-06,19393.5508,19472.3691,19354.4395,19454.3301
2017-01-10,19414.8301,19484.9004,19255.3496,19301.4395
2017-01-11,19358.6406,19402.1699,19325.4609,19364.6699
2017-01-12,19300.1895,19300.1895,19069.0195,19134.6992
2017-01-13,19174.9707,19299.3594,19156.9297,19287.2793
2017-01-16,19219.1309,19255.4102,19061.2695,19095.2402
2017-01-17,19038.4492,19043.9102,18812.8594,18813.5293
2017-01-18,18753.9609,18941.2402,18650.3301,18894.3691
2017-01-19,19082.8301,19122.3906,18982.1309,19072.2500
2017-01-20,19059.1504,19176.8594,19040.1992,19137.9102
2017-01-23,18938.4492,19024.2109,18879.6797,18891.0293
2017-01-24,18817.4199,18915.6992,18783.1602,18787.9902
2017-01-25,19091.2305,19133.1797,18987.4492,19057.5000
2017-01-26,19260.6699,19405.2305,19232.4609,19402.3906
2017-01-27,19453.5098,19486.6797,19404.1309,19467.4004
2017-01-30,19371.2793,19390.9707,19295.8008,19368.8496
2017-01-31,19145.3496,19199.7500,19041.3398,19041.3398
2017-02-01,18926.9707,19155.7891,18916.1797,19148.0801
2017-02-02,19152.7891,19170.6309,18866.8008,18914.5801
2017-02-03,18996.7402,19061.2598,18830.8906,18918.1992
2017-02-06,19069.7207,19075.5703,18899.4004,18976.7109
2017-02-07,18844.1191,18970.5801,18805.3203,18910.7793
2017-02-08,18951.1602,19009.2402,18875.5703,19007.5996
2017-02-09,18942.0391,18991.2305,18874.9102,18907.6699
2017-02-10,19216.7402,19395.9902,19193.5703,19378.9297
2017-02-13,19513.7793,19519.4395,19418.1797,19459.1504
2017-02-14,19478.8594,19501.0098,19232.8496,19238.9805
2017-02-15,19438.8105,19495.6191,19420.0000,19437.9805
2017-02-16,19431.6094,19431.6094,19260.2402,19347.5293
2017-02-17,19228.7402,19275.3906,19173.5293,19234.6191
2017-02-20,19161.3301,19274.7500,19115.1094,19251.0801
2017-02-21,19267.8691,19395.3496,19261.9805,19381.4395
2017-02-22,19419.2207,19419.2207,19329.2793,19379.8691
2017-02-23,19379.9199,19379.9199,19262.6309,19371.4609
2017-02-24,19232.1094,19381.0996,19219.5801,19283.5391
2017-02-27,19130.5098,19178.9902,18995.5508,19107.4707
2017-02-28,19194.6797,19267.9902,19118.9902,19118.9902
2017-03-01,19226.9395,19414.5508,19164.6191,19393.5391
2017-03-02,19624.8203,19668.0098,19564.8008,19564.8008
2017-03-03,19551.3398,19587.7891,19392.7500,19469.1699
2017-03-06,19409.1797,19411.5391,19340.3203,19379.1406
2017-03-07,19337.1895,19375.0898,19317.0996,19344.1504
2017-03-08,19308.5293,19326.4004,19198.7793,19254.0293
2017-03-09,19343.0605,19350.1992,19262.9805,19318.5801
2017-03-10,19444.7109,19623.7207,19427.8105,19604.6094
2017-03-13,19545.7402,19656.4805,19531.5098,19633.7500
2017-03-14,19634.2891,19637.5508,19599.6191,19609.5000
2017-03-15,19528.7500,19581.5293,19503.7402,19577.3809
2017-03-16,19458.6992,19618.9902,19454.1699,19590.1406
2017-03-17,19510.8906,19547.5098,19487.9199,19521.5898
2017-03-21,19416.5508,19485.1406,19337.2207,19455.8809
2017-03-22,19146.6191,19183.2695,19026.5293,19041.3809
2017-03-23,19048.8398,19105.1094,18973.7500,19085.3105
2017-03-24,19066.3496,19296.0508,19060.6406,19262.5293
2017-03-27,18985.5898,18985.5898,18985.5898,18985.5898
2017-03-28,19159.0703,19203.6406,19113.4395,19202.8691
2017-03-29,19216.7793,19251.3008,19164.6094,19217.4805
2017-03-30,19150.8203,19218.0801,19043.4805,19063.2207
2017-03-31,19170.4199,19210.9199,18909.2598,18909.2598
2017-04-03,18988.0000,19068.6191,18920.5195,18983.2305
2017-04-04,18933.8203,18947.3301,18703.6309,18810.2500
2017-04-05,18900.6992,18941.9395,18773.9395,18861.2695
2017-04-06,18754.3691,18797.4395,18532.6504,18597.0605
2017-04-07,18714.9805,18785.7305,18517.4297,18664.6309
2017-04-10,18800.2207,18850.8008,18762.6992,18797.8809
2017-04-11,18717.5508,18767.6992,18661.8594,18747.8691
2017-04-12,18592.0996,18602.5000,18460.5898,18552.6094
2017-04-13,18391.7207,18455.2500,18304.7207,18426.8398
2017-04-14,18531.9102,18531.9102,18285.7305,18335.6309
2017-04-17,18239.8398,18361.4395,18224.6797,18355.2598
2017-04-18,18497.3809,18547.4609,18362.7305,18418.5898
2017-04-19,18327.3301,18467.7305,18327.3301,18432.1992
2017-04-20,18446.3906,18523.4004,18420.8203,18430.4902
2017-04-21,18591.8203,18648.2793,18542.4199,18620.7500
2017-04-24,18890.3809,18910.3301,18840.1309,18875.8809
2017-04-25,18872.5605,19109.7598,18867.1895,19079.3301
2017-04-26,19184.9199,19289.4297,19170.8594,19289.4297
2017-04-27,19205.5898,19281.6992,19199.5898,19251.8691
2017-04-28,19240.6504,19264.5703,19164.6797,19196.7402
2017-05-01,19154.0293,19311.2109,19144.6191,19310.5195
2017-05-02,19335.7207,19464.3008,19335.0195,19445.6992
2017-05-08,19709.0098,19929.4805,19705.1309,19895.6992
2017-05-09,19915.6406,19917.4492,19838.7109,19843.0000
2017-05-10,19890.5605,19938.5293,19866.3008,19900.0898
2017-05-11,19943.9492,19989.9395,19906.3496,19961.5508
2017-05-12,19941.6406,19941.6406,19809.9102,19883.9004
2017-05-15,19753.4609,19869.8496,19740.6309,19869.8496
2017-05-16,19953.0605,19998.4902,19862.4102,19919.8203
2017-05-17,19806.7793,19842.7793,19764.6309,19814.8809
2017-05-18,19556.9902,19601.5293,19449.7305,19553.8594
2017-05-19,19591.4102,19628.6406,19497.2891,19590.7598
2017-05-22,19670.4805,19722.9297,19618.7305,19678.2793
2017-05-23,19647.7402,19693.0195,19585.5391,19613.2793
2017-05-24,19777.5605,19782.8105,19690.0996,19742.9805
2017-05-25,19737.2109,19850.9297,19720.1191,19813.1309
2017-05-26,19798.4902,19801.5898,19686.4902,19686.8398
2017-05-29,19697.1797,19736.6191,19627.1895,19682.5703
2017-05-30,19681.1094,19691.4395,19570.1309,19677.8496
2017-05-31,19630.3301,19673.5098,19589.2500,19650.5703
2017-06-01,19692.1602,19887.6602,19686.3203,19860.0293
2017-06-02,19970.2305,20239.8105,19967.0000,20177.2793
2017-06-05,20135.4199,20224.5391,20104.1309,20170.8203
2017-06-06,20122.2598,20152.9492,19948.0195,19979.9004
2017-06-07,19951.6797,20023.2402,19908.0703,19984.6191
2017-06-08,20048.2793,20061.2207,19896.3496,19909.2598
2017-06-09,19953.0605,20096.0098,19927.0703,20013.2598
2017-06-12,19920.7695,19949.0703,19837.6406,19908.5801
2017-06-13,19859.8105,19929.0293,19850.8594,19898.7500
2017-06-14,19974.5605,20009.9297,19879.5996,19883.5195
2017-06-15,19815.5391,19963.3594,19755.3398,19831.8203
2017-06-16,19931.1504,20015.1602,19884.8008,19943.2598
2017-06-19,19974.3008,20087.7109,19949.8809,20067.7500
2017-06-20,20234.1191,20318.1094,20227.2891,20230.4102
2017-06-21,20192.1602,20215.1094,20117.7891,20138.7891
2017-06-22,20154.3809,20191.4199,20107.8906,20110.5098
2017-06-23,20152.5801,20152.5801,20089.5391,20132.6699
2017-06-26,20132.8105,20196.3809,20119.0391,20153.3496
2017-06-27,20229.1191,20250.0996,20185.1895,20225.0898
2017-06-28,20149.1992,20224.3008,20110.4902,20130.4102
2017-06-29,20260.8691,20266.5898,20197.3809,20220.3008
2017-06-30,20025.6309,20044.0098,19946.5098,20033.4297
2017-07-03,20056.3203,20096.1406,20030.6094,20055.8008
2017-07-04,20192.2695,20197.1602,19971.5293,20032.3496
2017-07-05,20015.0703,20087.0098,19888.9004,20081.6309
2017-07-06,20061.6797,20078.8809,19947.6309,19994.0605
2017-07-07,19856.6504,19979.9297,19856.6504,19929.0898
2017-07-10,20070.4395,20127.7598,20023.0293,20080.9805
2017-07-11,20073.8594,20200.8809,20070.6699,20195.4805
2017-07-12,20137.2207,20153.0391,20061.1602,20098.3809
2017-07-13,20177.2793,20183.8008,20062.2695,20099.8105
2017-07-14,20157.9199,20163.6699,20101.7109,20118.8594
2017-07-18,20074.4102,20081.2891,19943.1406,19999.9102
2017-07-19,19970.7793,20032.4609,19947.2598,20020.8594
2017-07-20,20046.9004,20157.1094,20032.2305,20144.5898
2017-07-21,20089.8594,20135.3301,20081.9102,20099.7500
2017-07-24,19973.6699,20002.5391,19901.8809,19975.6699
2017-07-25,19979.5605,20036.3105,19941.6094,19955.1992
2017-07-26,20098.1406,20116.0000,20016.5801,20050.1602
2017-07-27,20026.5801,20176.3906,20005.1992,20079.6406
2017-07-28,20048.4609,20056.1602,19926.5996,19959.8398
2017-07-31,19933.4492,19983.9004,19891.9004,19925.1797
2017-08-01,19907.0801,20000.4609,19904.7207,19985.7891
2017-08-02,20057.0703,20113.7305,20022.0508,20080.0391
2017-08-03,20066.0000,20070.1602,19985.4004,20029.2598
2017-08-04,19949.7891,19984.5098,19933.5898,19952.3301
2017-08-07,20059.2891,20085.9004,20037.4004,20055.8906
2017-08-08,20062.6504,20076.8008,19970.5703,19996.0098
2017-08-09,19928.9609,19945.2793,19660.2207,19738.7109
2017-08-10,19792.4492,19829.8809,19685.8301,19729.7402
2017-08-14,19545.5801,19598.4102,19486.4805,19537.0996
2017-08-15,19689.3809,19824.1191,19656.9102,19753.3105
2017-08-16,19750.5508,19776.8594,19719.0801,19729.2793
2017-08-17,19707.7500,19739.0391,19679.3691,19702.6309
2017-08-18,19471.2695,19543.1309,19433.0898,19470.4102
2017-08-21,19509.5293,19509.5293,19365.6504,19393.1309
2017-08-22,19373.1094,19437.2500,19361.9492,19383.8398
2017-08-23,19547.0508,19561.3203,19408.4707,19434.6406
2017-08-24,19366.3594,19428.5508,19351.9199,19353.7695
2017-08-25,19401.1191,19485.9707,19384.3691,19452.6094
2017-08-28,19502.2305,19535.5000,19420.5000,19449.9004
2017-08-29,19319.1094,19371.9004,19280.0195,19362.5508
2017-08-30,19480.9805,19538.2305,19435.0996,19506.5391
2017-08-31,19591.3203,19687.9902,19583.1094,19646.2402
2017-09-01,19733.5703,19735.9609,19620.0703,19691.4707
2017-09-04,19615.9609,19628.4004,19479.4004,19508.2500
2017-09-05,19533.3809,19542.7793,19354.5898,19385.8105
2017-09-06,19286.0605,19371.3809,19254.6699,19357.9707
2017-09-07,19433.4395,19482.7207,19365.7500,19396.5195
2017-09-08,19297.9609,19357.4902,19239.5195,19274.8203
2017-09-11,19441.3906,19567.0293,19437.1406,19545.7695
2017-09-12,19736.1406,19792.0605,19718.8008,19776.6191
2017-09-13,19873.6895,19888.8398,19845.0195,19865.8203
2017-09-14,19860.3691,19918.3906,19793.8496,19807.4395
2017-09-15,19793.8008,19933.4004,19787.6504,19909.5000
2017-09-19,20128.1797,20320.7793,20122.0000,20299.3809
2017-09-20,20301.3301,20339.3691,20272.8203,20310.4609
2017-09-21,20456.5000,20481.2695,20332.6895,20347.4805
2017-09-22,20413.6094,20417.0703,20249.2402,20296.4492
2017-09-25,20439.4297,20454.2891,20367.0293,20397.5801
2017-09-26,20349.2598,20385.5000,20303.9805,20330.1895
2017-09-27,20269.8203,20278.0898,20213.6602,20267.0508
2017-09-28,20398.6309,20399.8691,20299.6797,20363.1094
2017-09-29,20315.3398,20370.3301,20285.0605,20356.2793
2017-10-02,20400.5098,20411.3301,20363.2793,20400.7793
2017-10-03,20475.2500,20628.3809,20438.1699,20614.0703
2017-10-04,20660.8105,20689.0801,20592.1797,20626.6602
2017-10-05,20650.7109,20667.4707,20602.2598,20628.5605
2017-10-06,20716.8496,20721.1504,20659.1504,20690.7109
2017-10-10,20680.5391,20823.6602,20663.0801,20823.5098
2017-10-11,20803.7109,20898.4102,20788.1191,20881.2695
2017-10-12,20958.1797,20994.4004,20917.0391,20954.7207
2017-10-13,20959.6602,21211.2891,20933.0000,21155.1797
2017-10-16,21221.2695,21347.0703,21187.9297,21255.5605
2017-10-17,21352.1699,21393.9609,21230.6699,21336.1191
2017-10-18,21374.6602,21402.7598,21317.6699,21363.0508
2017-10-19,21450.0391,21503.8496,21381.5195,21448.5195
2017-10-20,21390.9492,21489.2598,21363.0996,21457.6406
2017-10-23,21709.3008,21723.5996,21614.5098,21696.6504
2017-10-24,21670.0000,21805.1699,21646.5195,21805.1699
2017-10-25,21900.1309,21921.3594,21648.3496,21707.6191
2017-10-26,21698.9492,21793.6191,21688.5605,21739.7793
2017-10-27,21903.2695,22016.5000,21815.7207,22008.4492
2017-10-30,22047.9492,22086.8809,21921.2402,22011.6699
2017-10-31,21897.2891,22020.3809,21840.0703,22011.6094
2017-11-01,22144.9199,22455.9199,22130.0293,22420.0801
2017-11-02,22512.1797,22540.2500,22400.0098,22539.1191
2017-11-06,22612.9609,22644.6797,22435.3398,22548.3496
2017-11-07,22518.7500,22953.1797,22512.9102,22937.5996
2017-11-08,22849.9102,22922.8008,22759.0703,22913.8203
2017-11-09,22989.4395,23382.1504,22522.8301,22868.7109
2017-11-10,22580.6992,22724.3906,22511.9297,22681.4199
2017-11-13,22607.5605,22607.9199,22380.9902,22380.9902
2017-11-14,22342.9297,22532.3008,22323.2402,22380.0098
2017-11-15,22250.9805,22305.2402,22004.7891,22028.3203
2017-11-16,21975.2305,22392.1309,21972.3398,22351.1191
2017-11-17,22603.3008,22757.4004,22319.1191,22396.8008
2017-11-20,22279.9805,22410.2402,22215.0703,22261.7598
2017-11-21,22456.7891,22563.2500,22416.4805,22416.4805
2017-11-22,22601.5508,22677.3398,22513.4395,22523.1504
2017-11-24,22390.1406,22567.1992,22381.0098,22550.8496
2017-11-27,22657.0801,22659.3301,22423.4004,22495.9902
2017-11-28,22474.7402,22580.9902,22363.9395,22486.2402
2017-11-29,22613.9609,22643.9297,22537.1191,22597.1992
2017-11-30,22601.8301,22748.3203,22502.6797,22724.9609
2017-12-01,22916.9297,22994.3105,22675.0703,22819.0293
2017-12-04,22843.5293,22864.3301,22693.9902,22707.1602
2017-12-05,22595.3301,22682.7109,22522.2793,22622.3809
2017-12-06,22525.3809,22528.2109,22119.2109,22177.0391
2017-12-07,22317.1504,22515.2402,22317.1504,22498.0293
2017-12-08,22627.9492,22819.7109,22625.4102,22811.0801
2017-12-11,22894.3008,22938.7305,22787.4004,22938.7305
2017-12-12,22936.4102,22994.3301,22834.8906,22866.1699
2017-12-13,22879.2695,22879.3691,22697.3203,22758.0703
2017-12-14,22699.3008,22786.6094,22638.7598,22694.4492
2017-12-15,22621.3594,22745.0898,22478.3203,22553.2207
2017-12-18,22770.4395,22927.5000,22735.1992,22901.7695
2017-12-19,22961.4707,22990.4199,22862.8203,22868.0000
2017-12-20,22834.9297,22923.5000,22806.7305,22891.7207
2017-12-21,22852.0098,22894.9492,22728.0605,22866.0996
2017-12-22,22850.7305,22908.8398,22801.1602,22902.7598
2017-12-25,22909.4102,22948.8301,22870.1895,22939.1797
2017-12-26,22922.9492,22950.1504,22877.6309,22892.6895
2017-12-27,22854.3906,22936.1602,22854.3906,22911.2109
2017-12-28,22912.0508,22954.4492,22736.4297,22783.9805
2017-12-29,22831.4902,22881.2109,22753.1992,22764.9395
2018-01-04,23073.7305,23506.3301,23065.1992,23506.3301
2018-01-05,23643.0000,23730.4707,23520.5195,23714.5293
2018-01-09,23948.9707,23952.6094,23789.0293,23849.9902
2018-01-10,23832.8105,23864.7598,23755.4492,23788.1992
2018-01-11,23656.3906,23734.9707,23601.8398,23710.4297
2018-01-12,23719.6602,23743.0508,23588.0703,23653.8203
2018-01-15,23827.9805,23833.2695,23685.0195,23714.8809
2018-01-16,23721.1699,23962.0703,23701.8301,23951.8105
2018-01-17,23783.4199,23891.6309,23739.1699,23868.3398
2018-01-18,24078.9297,24084.4199,23699.4707,23763.3691
2018-01-19,23854.1094,23872.6895,23735.6094,23808.0605
2018-01-22,23797.8398,23816.3301,23697.8105,23816.3301
2018-01-23,23924.4004,24129.3398,23916.0195,24124.1504
2018-01-24,24026.4297,24072.7695,23917.1406,23940.7793
2018-01-25,23750.6504,23828.4004,23649.0293,23669.4902
2018-01-26,23757.3398,23797.9609,23592.2793,23631.8809
2018-01-29,23707.1406,23787.2305,23580.1699,23629.3398
2018-01-30,23559.3301,23581.9805,23233.3691,23291.9707
2018-01-31,23205.2305,23375.3809,23092.8496,23098.2891
2018-02-01,23276.0996,23492.7695,23211.1191,23486.1094
2018-02-02,23361.6699,23367.9609,23122.4492,23274.5293
2018-02-05,22921.1602,22967.6895,22659.4297,22682.0801
2018-02-06,22267.0000,22277.4492,21078.7109,21610.2402
2018-02-07,22001.2891,22353.8691,21627.1309,21645.3691
2018-02-08,21721.5703,21977.0293,21649.6992,21890.8594
2018-02-09,21507.7402,21510.3008,21119.0098,21382.6191
2018-02-13,21633.3398,21679.1992,21211.5293,21244.6797
2018-02-14,21251.2402,21371.0098,20950.1504,21154.1699
2018-02-15,21384.0996,21578.9902,21308.9199,21464.9805
2018-02-16,21555.9902,21866.3691,21499.8809,21720.2500
2018-02-19,21903.6602,22152.8496,21858.3301,22149.2109
2018-02-20,22054.3203,22063.8691,21831.4492,21925.0996
2018-02-21,21942.4199,22130.5801,21836.7305,21970.8105
2018-02-22,21789.8809,21799.4004,21626.8496,21736.4395
2018-02-23,21789.7207,21903.3906,21741.6309,21892.7793
2018-02-26,22134.6406,22226.5293,22040.8691,22153.6309
2018-02-27,22391.6699,22502.0508,22325.0703,22389.8594
2018-02-28,22292.5293,22380.2793,22068.2402,22068.2402
2018-03-01,21901.1309,21901.1309,21645.2207,21724.4707
2018-03-02,21339.9805,21366.0898,21088.9609,21181.6406
2018-03-05,21047.8105,21164.3809,20937.2598,21042.0898
2018-03-06,21390.1992,21551.1406,21381.4199,21417.7598
2018-03-07,21261.9609,21484.0801,21201.9395,21252.7207
2018-03-08,21488.1602,21488.1602,21299.4004,21368.0703
2018-03-09,21594.2207,21884.4492,21357.5508,21469.1992
2018-03-12,21826.0996,21971.1602,21689.9707,21824.0293
2018-03-13,21742.4492,21968.0996,21700.7793,21968.0996
2018-03-14,21764.9902,21881.0898,21684.0195,21777.2891
2018-03-15,21704.1406,21825.9707,21555.4902,21803.9492
2018-03-16,21876.5293,21879.2793,21632.8496,21676.5098
2018-03-19,21537.9004,21659.0391,21366.8809,21480.9004
2018-03-20,21297.9805,21384.8594,21223.9707,21380.9707
2018-03-22,21352.1602,21592.0000,21349.7109,21591.9902
2018-03-23,21188.8008,21188.8008,20559.6094,20617.8594
2018-03-26,20423.3691,20766.0996,20347.4902,20766.0996
2018-03-27,20958.9004,21317.3203,20943.3105,21317.3203
2018-03-28,20893.0508,21031.3105,20776.8203,21031.3105
2018-03-29,21250.9609,21298.5703,20996.2207,21159.0801
2018-03-30,21392.4199,21512.8008,21311.5000,21454.3008
2018-04-02,21441.5703,21597.4707,21388.5801,21388.5801
2018-04-03,21115.4805,21333.5000,21056.0195,21292.2891
2018-04-04,21415.8496,21415.8496,21238.1797,21319.5508
2018-04-05,21541.1797,21737.6602,21462.0996,21645.4199
2018-04-06,21633.7305,21742.8398,21550.4199,21567.5195
2018-04-09,21534.3301,21737.0898,21517.7695,21678.2598
2018-04-10,21599.6699,21933.9902,21542.3691,21794.3203
2018-04-11,21819.0898,21837.3594,21687.0996,21687.0996
2018-04-12,21657.8691,21719.4297,21591.3906,21660.2793
2018-04-13,21801.4102,21917.3496,21746.6895,21778.7402
2018-04-16,21843.5508,21879.6895,21775.6094,21835.5293
2018-04-17,21801.8301,21889.8906,21772.4199,21847.5898
2018-04-18,21929.0098,22194.1094,21914.9609,22158.1992
2018-04-19,22231.8594,22360.6504,22176.8594,22191.1797
2018-04-20,22148.2207,22261.3496,22076.6309,22162.2402
2018-04-23,22157.8809,22204.8594,22065.5195,22088.0391
2018-04-24,22228.8203,22304.6895,22149.5898,22278.1191
2018-04-25,22118.6191,22228.7793,22080.7598,22215.3203
2018-04-26,22278.7695,22381.6602,22265.1992,22319.6094
2018-04-27,22466.6602,22495.5605,22357.5293,22467.8691
2018-05-01,22453.4199,22519.4492,22411.4297,22508.0293
2018-05-02,22568.1895,22568.1895,22426.5508,22472.7793
2018-05-07,22513.2207,22513.4805,22350.9102,22467.1602
2018-05-08,22440.6504,22566.6797,22423.2305,22508.6895
2018-05-09,22463.0098,22478.6406,22364.7500,22408.8809
2018-05-10,22482.5098,22530.6406,22418.7500,22497.1797
2018-05-11,22573.9492,22769.1602,22545.4707,22758.4805
2018-05-14,22705.3008,22894.7598,22683.6406,22865.8594
2018-05-15,22889.4707,22912.0605,22805.7207,22818.0195
2018-05-16,22730.1191,22796.1406,22695.8398,22717.2305
2018-05-17,22820.6191,22887.0293,22799.1602,22838.3691
2018-05-18,22907.1992,22954.1895,22867.3008,22930.3594
2018-05-21,22937.5801,23050.3906,22935.3105,23002.3691
2018-05-22,23025.9492,23031.6699,22952.8691,22960.3398
2018-05-23,22868.7891,22949.7305,22649.8496,22689.7402
2018-05-24,22621.2891,22644.6895,22366.5996,22437.0098
2018-05-25,22380.2207,22509.3594,22318.1504,22450.7891
2018-05-28,22488.9492,22547.6699,22410.9102,22481.0898
2018-05-29,22431.9492,22439.0996,22240.3906,22358.4297
2018-05-30,22051.9707,22079.2305,21931.6504,22018.5195
2018-05-31,22163.4004,22254.4199,22098.0000,22201.8203
2018-06-01,22126.2500,22316.9102,22098.0391,22171.3496
2018-06-04,22365.0898,22515.7207,22355.8301,22475.9395
2018-06-05,22552.1699,22602.1309,22470.0391,22539.5391
2018-06-06,22520.3105,22662.8203,22498.5898,22625.7305
2018-06-07,22748.7207,22856.3691,22732.1797,22823.2598
2018-06-08,22799.3809,22879.0000,22694.5000,22694.5000
2018-06-11,22686.9492,22856.0801,22667.3008,22804.0391
2018-06-12,22977.2207,23011.5703,22797.7305,22878.3496
2018-06-13,22896.1699,22993.2598,22895.3105,22966.3809
2018-06-14,22842.9609,22898.3906,22738.6094,22738.6094
2018-06-15,22883.2402,22885.8398,22770.3809,22851.7500
2018-06-18,22806.5703,22806.8906,22601.1309,22680.3301
2018-06-19,22565.9199,22618.5195,22278.4805,22278.4805
2018-06-20,22338.5293,22581.4004,22167.1602,22555.4297
2018-06-21,22523.2793,22782.0098,22491.0801,22693.0391
2018-06-22,22456.4492,22535.6504,22414.1797,22516.8301
2018-06-25,22543.5605,22556.5508,22312.7891,22338.1504
2018-06-26,22160.3301,22368.7793,22104.1191,22342.0000
2018-06-27,22320.8809,22356.5391,22205.3398,22271.7695
2018-06-28,22195.1895,22299.3906,22038.4004,22270.3906
2018-06-29,22314.4707,22332.8203,22145.4805,22304.5098
2018-07-02,22233.8008,22312.2500,21784.4805,21811.9297
2018-07-03,21889.0605,21927.8105,21574.5605,21785.5391
2018-07-04,21679.0000,21784.0000,21604.1797,21717.0391
2018-07-05,21697.4395,21751.5000,21462.9492,21546.9902
2018-07-06,21647.6602,21866.1602,21642.9609,21788.1406
2018-07-09,21838.5293,22105.9492,21825.7598,22052.1797
2018-07-10,22215.3398,22321.5996,22196.8906,22196.8906
2018-07-11,22002.1406,22044.6191,21744.2500,21932.2109
2018-07-12,22036.8691,22233.5195,22019.1895,22187.9609
2018-07-13,22397.6191,22692.8594,22316.5195,22597.3496
2018-07-16,22397.6191,22692.8594,22316.5195,22597.3496
2018-07-17,22605.7305,22832.2207,22575.4199,22697.3594
2018-07-18,22917.5195,22949.3203,22794.1895,22794.1895
2018-07-19,22871.6191,22926.4707,22761.8691,22764.6797
2018-07-20,22734.5605,22869.9805,22541.3496,22697.8809
2018-07-23,22480.3301,22507.1699,22341.8691,22396.9902
2018-07-24,22555.0508,22555.0508,22416.2305,22510.4805
2018-07-25,22594.2793,22645.6602,22547.1406,22614.2500
2018-07-26,22711.5898,22717.1504,22549.7695,22586.8691
2018-07-27,22646.4805,22712.7500,22593.1992,22712.7500
2018-07-30,22613.3008,22631.3203,22518.9395,22544.8398
2018-07-31,22472.1191,22678.0605,22352.2109,22553.7207
2018-08-01,22642.1797,22775.4707,22615.9805,22746.6992
2018-08-02,22676.7305,22754.7305,22464.8105,22512.5293
2018-08-03,22585.5391,22613.5000,22490.5703,22525.1797
2018-08-06,22536.0508,22635.6797,22486.7402,22507.3203
2018-08-07,22514.3105,22666.6797,22499.0508,22662.7402
2018-08-08,22666.5605,22800.6094,22610.2891,22644.3105
2018-08-09,22591.5391,22648.8809,22497.9902,22598.3906
2018-08-10,22606.9102,22608.8594,22272.6895,22298.0801
2018-08-13,22117.5703,22124.5996,21851.3203,21857.4297
2018-08-14,22053.0703,22356.0801,22047.1895,22356.0801
2018-08-15,22368.1191,22380.2793,22110.2891,22204.2207
2018-08-16,21980.8203,22240.4199,21871.6992,22192.0391
2018-08-17,22313.1895,22340.9492,22244.0996,22270.3809
2018-08-20,22267.0703,22288.3105,22150.7500,22199.0000
2018-08-21,22110.5391,22306.8301,22053.1406,22219.7305
2018-08-22,22270.0391,22390.1992,22162.8105,22362.5508
2018-08-23,22420.6699,22463.0293,22377.8809,22410.8203
2018-08-24,22484.0098,22602.2402,22452.4199,22601.7695
2018-08-27,22693.6895,22838.0605,22682.3906,22799.6406
2018-08-28,22967.7402,23006.7695,22813.4707,22813.4707
2018-08-29,22820.8594,22968.1797,22819.9707,22848.2207
2018-08-30,23020.1797,23032.1699,22832.8301,22869.5000
2018-08-31,22733.2500,22890.6094,22678.0293,22865.1504
2018-09-03,22819.1699,22820.4805,22684.4297,22707.3809
2018-09-04,22740.0508,22753.1797,22612.1504,22696.9004
2018-09-05,22663.8008,22692.2500,22570.5195,22580.8301
2018-09-06,22458.9707,22535.3398,22416.6309,22487.9395
2018-09-07,22351.8398,22372.8906,22172.9004,22307.0605
2018-09-10,22253.6504,22396.8809,22249.6094,22373.0898
2018-09-11,22469.7793,22667.8496,22457.0996,22664.6895
2018-09-12,22702.7109,22709.3691,22522.1699,22604.6094
2018-09-13,22657.9492,22858.4102,22643.8809,22821.3203
2018-09-14,23035.7793,23105.2793,22965.4805,23094.6699
2018-09-18,23042.1895,23481.5293,23039.2598,23420.5391
2018-09-19,23754.9609,23842.0508,23672.5195,23672.5195
2018-09-20,23752.7891,23781.7500,23582.1504,23674.9297
2018-09-21,23848.6309,23971.4102,23764.0508,23869.9297
2018-09-25,23881.8496,23950.9805,23808.9492,23940.2598
2018-09-26,23846.5996,24033.7891,23833.9199,24033.7891
2018-09-27,23946.4297,24089.3203,23778.0391,23796.7402
2018-09-28,24080.0098,24286.0996,24021.2695,24120.0391
2018-10-01,24173.3691,24306.5391,24123.5000,24245.7598
2018-10-02,24376.1699,24448.0703,24217.2598,24270.6191
2018-10-03,24219.1895,24260.6309,24030.5898,24110.9609
2018-10-04,24242.0605,24247.8203,23923.2598,23975.6191
2018-10-05,23781.7598,23928.6191,23730.1895,23783.7207
2018-10-09,23550.4707,23587.0508,23442.4609,23469.3906
2018-10-10,23538.9199,23589.3809,23373.5391,23506.0391
2018-10-11,23043.3691,23051.1895,22459.0195,22590.8594
2018-10-12,22323.4297,22711.1309,22323.4297,22694.6602
2018-10-15,22501.3301,22520.5898,22261.9199,22271.3008
2018-10-16,22298.1992,22549.2402,22269.5293,22549.2402
2018-10-17,22806.5898,22959.4102,22765.5801,22841.1191
2018-10-18,22871.2793,22873.1309,22637.2891,22658.1602
2018-10-19,22342.0000,22551.6699,22212.5703,22532.0801
2018-10-22,22374.2109,22672.2500,22271.5898,22614.8203
2018-10-23,22404.1406,22410.1504,21993.0703,22010.7793
2018-10-24,22167.7598,22207.0898,21911.4199,22091.1797
2018-10-25,21676.8301,21703.2109,21204.4004,21268.7305
2018-10-26,21440.8398,21476.6602,20971.9297,21184.5996
2018-10-29,21323.6094,21465.9902,21109.9707,21149.8008
2018-10-30,21049.5195,21568.4004,21035.8809,21457.2891
2018-10-31,21569.5605,21920.4609,21530.3906,21920.4609
2018-11-01,21906.4102,21906.4102,21628.4492,21687.6504
2018-11-02,21761.5801,22308.4199,21751.3301,22243.6602
2018-11-05,22002.4707,22051.6504,21865.9805,21898.9902
2018-11-06,22018.8691,22160.8301,21994.2793,22147.7500
2018-11-07,22189.7402,22444.6504,21996.9395,22085.8008
2018-11-08,22446.0098,22583.4297,22421.0000,22486.9199
2018-11-09,22471.3105,22494.5801,22226.0098,22250.2500
2018-11-12,22121.6992,22324.0098,22046.2891,22269.8809
2018-11-13,21885.2402,21892.2891,21484.6504,21810.5195
2018-11-14,21851.1309,21990.4102,21764.8809,21846.4805
2018-11-15,21670.3496,21818.7305,21613.5293,21803.6191
2018-11-16,21804.9004,21873.7402,21663.9902,21680.3398
2018-11-19,21679.0293,21852.9199,21665.2891,21821.1602
2018-11-20,21582.6895,21687.1191,21526.9492,21583.1191
2018-11-21,21286.8105,21555.6094,21243.3809,21507.5391
2018-11-22,21582.4707,21684.6406,21484.9805,21646.5508
2018-11-26,21647.6895,21838.0996,21622.5996,21812.0000
2018-11-27,21967.9805,22006.8301,21816.0508,21952.4004
2018-11-28,22036.7207,22216.9805,22032.7207,22177.0195
2018-11-29,22360.9805,22437.9492,22241.1699,22262.5996
2018-11-30,22274.9707,22362.1992,22231.9609,22351.0605
2018-12-03,22629.3906,22698.7891,22550.2891,22574.7598
2018-12-04,22533.9707,22576.6191,22033.4102,22036.0508
2018-12-05,21755.1699,21979.1797,21708.8203,21919.3301
2018-12-06,21766.5000,21805.0195,21307.7207,21501.6191
2018-12-07,21643.7500,21734.9395,21506.4492,21678.6797
2018-12-10,21319.4707,21365.7793,21169.9609,21219.5000
2018-12-11,21273.0391,21279.0195,21062.3105,21148.0195
2018-12-12,21348.4004,21631.4707,21320.7207,21602.7500
2018-12-13,21755.1309,21871.3398,21675.6602,21816.1895
2018-12-14,21638.9609,21751.3105,21353.9395,21374.8301
2018-12-17,21391.7305,21563.2695,21363.6699,21506.8809
2018-12-18,21275.5098,21330.3594,21101.4395,21115.4492
2018-12-19,21107.1699,21168.6191,20880.7305,20987.9199
2018-12-20,20779.9297,20841.3398,20282.9297,20392.5801
2018-12-21,20310.5000,20334.7305,20006.6699,20166.1895
2018-12-25,19785.4297,19785.4297,19117.9609,19155.7402
2018-12-26,19302.5898,19530.3496,18948.5801,19327.0605
2018-12-27,19706.1895,20211.5703,19701.7598,20077.6191
2018-12-28,19957.8809,20084.3809,19900.0391,20014.7695
2019-01-04,19655.1309,19692.5801,19241.3691,19561.9609
2019-01-07,19944.6094,20266.2207,19920.8008,20038.9707
2019-01-08,20224.6699,20347.9199,20106.3594,20204.0391
2019-01-09,20366.3008,20494.3496,20331.1992,20427.0605
2019-01-10,20270.8809,20345.9199,20101.9297,20163.8008
2019-01-11,20296.4492,20389.8906,20294.7402,20359.6992
2019-01-15,20264.8203,20571.2793,20204.4297,20555.2891
2019-01-16,20575.7207,20580.2500,20323.3203,20442.7500
2019-01-17,20544.2305,20571.7500,20342.4609,20402.2695
2019-01-18,20472.8105,20682.1191,20454.1309,20666.0703
2019-01-21,20848.3809,20892.6797,20678.2598,20719.3301
2019-01-22,20770.0605,20805.9297,20558.3008,20622.9102
2019-01-23,20453.4395,20686.2891,20438.2207,20593.7207
2019-01-24,20506.2402,20620.7207,20467.5898,20574.6309
2019-01-25,20598.6406,20844.3105,20598.6406,20773.5605
2019-01-28,20746.2891,20759.4805,20624.5508,20649.0000
2019-01-29,20555.4395,20673.6602,20406.2207,20664.6406
2019-01-30,20701.6191,20706.2695,20527.5293,20556.5391
2019-01-31,20832.9102,20869.4199,20682.9102,20773.4902
2019-02-01,20797.0293,20929.6309,20741.9805,20788.3906
2019-02-04,20831.9004,20922.5801,20823.6797,20883.7695
2019-02-05,20960.4707,20981.2305,20823.1797,20844.4492
2019-02-06,20928.8691,20971.6602,20860.9902,20874.0605
2019-02-07,20812.2207,20844.7695,20665.5098,20751.2793
2019-02-08,20510.5000,20562.3906,20315.3105,20333.1699
2019-02-12,20442.5508,20885.8809,20428.5703,20864.2109
2019-02-13,21029.9297,21213.7402,20992.8809,21144.4805
2019-02-14,21147.8906,21235.6191,21102.1602,21139.7109
2019-02-15,21051.5098,21051.5098,20853.3301,20900.6309
2019-02-18,21217.3203,21306.3594,21189.9707,21281.8496
2019-02-19,21256.5801,21344.1699,21217.1602,21302.6504
2019-02-20,21346.0391,21494.8496,21315.3906,21431.4902
2019-02-21,21422.3105,21553.3496,21318.7402,21464.2305
2019-02-22,21376.3594,21451.2305,21348.6699,21425.5098
2019-02-25,21567.6602,21590.0293,21505.0703,21528.2305
2019-02-26,21556.0195,21610.8809,21405.8398,21449.3906
2019-02-27,21504.6094,21578.8105,21492.6504,21556.5098
2019-02-28,21536.5508,21536.5508,21364.0898,21385.1602
2019-03-01,21490.0195,21641.5801,21490.0195,21602.6895
2019-03-04,21812.8105,21860.3906,21740.9199,21822.0391
2019-03-05,21712.8008,21798.3809,21659.0391,21726.2793
2019-03-06,21659.0293,21684.5996,21550.4492,21596.8105
2019-03-07,21456.8809,21472.1602,21402.1191,21456.0098
2019-03-08,21339.1699,21359.3203,20993.0703,21025.5605
2019-03-11,21062.7500,21145.9395,20938.0000,21125.0898
2019-03-12,21361.6094,21568.4805,21348.8105,21503.6895
2019-03-13,21425.7695,21474.1699,21198.9902,21290.2402
2019-03-14,21474.5801,21522.7500,21287.0195,21287.0195
2019-03-15,21376.7305,21521.6797,21374.8496,21450.8496
2019-03-18,21576.3594,21612.6699,21500.3203,21584.5000
2019-03-19,21558.4297,21585.5508,21425.7891,21566.8496
2019-03-20,21548.6504,21614.1699,21499.1602,21608.9199
2019-03-22,21713.2598,21713.2598,21542.0293,21627.3398
2019-03-25,21267.4102,21275.4297,20911.5703,20977.1094
2019-03-26,21174.3398,21460.9902,21174.3398,21428.3906
2019-03-27,21353.6094,21388.5898,21242.5195,21378.7305
2019-03-28,21191.3203,21191.3203,20974.1895,21033.7598
2019-03-29,21228.5098,21267.2500,21149.4199,21205.8105
2019-04-01,21500.8906,21682.9395,21471.1191,21509.0293
2019-04-02,21744.6406,21744.6406,21490.5605,21505.3105
2019-04-03,21563.6406,21722.7207,21489.9492,21713.2109
2019-04-04,21724.6895,21787.5996,21662.9004,21724.9492
2019-04-05,21743.1406,21839.1797,21731.3398,21807.5000
2019-04-08,21900.5508,21900.5508,21740.5293,21761.6504
2019-04-09,21750.2891,21811.8809,21698.4199,21802.5898
2019-04-10,21579.6797,21687.5703,21571.6699,21687.5703
2019-04-11,21662.6504,21721.4199,21627.8691,21711.3809
2019-04-12,21782.3496,21878.7793,21698.7109,21870.5605
2019-04-15,22122.9707,22211.0293,22102.9297,22169.1094
2019-04-16,22108.1504,22261.3301,22095.3203,22221.6602
2019-04-17,22236.4102,22345.1895,22185.8691,22277.9707
2019-04-18,22274.1309,22305.6309,22058.3906,22090.1191
2019-04-19,22238.0703,22250.3691,22162.2305,22200.5605
2019-04-22,22188.6191,22280.1895,22099.3809,22217.9004
2019-04-23,22241.7402,22268.3691,22119.9395,22259.7402
2019-04-24,22356.8301,22362.9199,22125.4805,22200.0000
2019-04-25,22183.3203,22334.6895,22155.2305,22307.5801
2019-04-26,22167.4805,22270.2891,22073.0996,22258.7305
2019-05-07,22184.4004,22190.4902,21875.1094,21923.7207
2019-05-08,21628.0391,21639.1191,21514.8496,21602.5898
2019-05-09,21492.9102,21559.7598,21315.0703,21402.1309
2019-05-10,21431.8105,21584.0898,21175.3301,21344.9199
2019-05-13,21180.7402,21277.6602,21127.9297,21191.2793
2019-05-14,20870.7695,21077.4805,20751.4492,21067.2305
2019-05-15,21112.8496,21191.5293,20968.0801,21188.5605
2019-05-16,21153.1992,21153.1992,20951.6699,21062.9805
2019-05-17,21246.8594,21398.8496,21199.9805,21250.0898
2019-05-20,21305.9707,21430.0605,21282.6504,21301.7305
2019-05-21,21211.2598,21318.8008,21160.4297,21272.4492
2019-05-22,21373.5195,21404.5391,21266.9805,21283.3691
2019-05-23,21180.2402,21209.5605,21072.7207,21151.1406
2019-05-24,20980.7891,21117.2207,20922.0000,21117.2207
2019-05-27,21148.4609,21232.3809,21113.7598,21182.5801
2019-05-28,21187.1699,21297.6992,21177.2695,21260.1406
2019-05-29,21055.4199,21071.7305,20884.6094,21003.3691
2019-05-30,20881.5000,20942.5293,20809.2891,20942.5293
2019-05-31,20785.2109,20823.0996,20581.5801,20601.1895
2019-06-03,20327.8691,20438.0293,20305.7402,20410.8809
2019-06-04,20435.8594,20464.5703,20289.6406,20408.5391
2019-06-05,20667.8906,20800.6406,20646.1504,20776.0996
2019-06-06,20745.8398,20842.2793,20745.8398,20774.0391
2019-06-07,20859.7793,20907.7695,20816.5801,20884.7109
2019-06-10,21095.4004,21166.1191,21077.9492,21134.4199
2019-06-11,21099.5391,21227.1797,21066.6191,21204.2793
2019-06-12,21130.3906,21259.6992,21118.7500,21129.7207
2019-06-13,21040.9102,21111.2305,20932.1309,21032.0000
2019-06-14,21049.4102,21119.7305,20971.1797,21116.8906
2019-06-17,21094.9609,21185.2500,21044.6191,21124.0000
2019-06-18,21111.7695,21153.6504,20924.1895,20972.7109
2019-06-19,21223.1699,21358.7207,21213.4297,21333.8691
2019-06-20,21417.7402,21491.3906,21377.2695,21462.8594
2019-06-21,21487.6699,21497.8203,21221.6992,21258.6406
2019-06-24,21223.5605,21317.8594,21185.6699,21285.9902
2019-06-25,21238.0703,21313.7695,21114.4707,21193.8105
2019-06-26,21067.6797,21129.6406,21035.8398,21086.5898
2019-06-27,21156.8809,21338.1699,21123.9707,21338.1699
2019-06-28,21282.2207,21324.9297,21199.8496,21275.9199
2019-07-01,21566.2695,21758.3398,21559.1699,21729.9707
2019-07-02,21699.4297,21784.2207,21697.3105,21754.2695
2019-07-03,21684.0703,21708.7207,21566.6504,21638.1602
2019-07-04,21740.9297,21755.6309,21672.5000,21702.4492
2019-07-05,21703.6094,21746.3809,21647.7305,21746.3809
2019-07-08,21665.7891,21672.6504,21499.5703,21534.3496
2019-07-09,21598.1504,21687.2891,21508.2207,21565.1504
2019-07-10,21499.4609,21601.8594,21488.2207,21533.4805
2019-07-11,21547.1895,21649.9297,21532.5703,21643.5293
2019-07-12,21720.1406,21720.1406,21589.8301,21685.9004
2019-07-16,21644.3809,21655.5195,21514.8906,21535.2500
2019-07-17,21474.6309,21488.2695,21380.5508,21469.1797
2019-07-18,21336.8008,21347.8398,20993.4395,21046.2402
2019-07-19,21146.5000,21474.3008,21121.9004,21466.9902
2019-07-22,21394.7500,21445.0293,21317.8496,21416.7891
2019-07-23,21425.4395,21686.5293,21411.9297,21620.8809
2019-07-24,21726.9805,21744.8809,21677.7109,21709.5703
2019-07-25,21715.9492,21823.0703,21715.6895,21756.5508
2019-07-26,21700.1992,21709.7402,21590.6602,21658.1504
2019-07-29,21627.5508,21652.9492,21518.6992,21616.8008
2019-07-30,21681.8203,21792.9805,21665.8594,21709.3105
2019-07-31,21526.3809,21589.1094,21476.0703,21521.5293
2019-08-01,21361.5801,21556.6895,21288.9004,21540.9902
2019-08-02,21211.0605,21211.0605,20960.0898,21087.1602
2019-08-05,20909.9805,20941.8301,20514.1895,20720.2891
2019-08-06,20325.5195,20607.8301,20110.7598,20585.3105
2019-08-07,20548.0703,20570.1895,20406.5195,20516.5605
2019-08-08,20529.2891,20682.2402,20462.9805,20593.3496
2019-08-09,20758.1504,20782.0605,20676.9199,20684.8203
2019-08-13,20432.6797,20503.3809,20369.2695,20455.4395
2019-08-14,20669.9902,20697.4199,20581.1699,20655.1309
2019-08-15,20324.2500,20419.8809,20184.8496,20405.6504
2019-08-16,20323.9707,20465.7109,20300.3496,20418.8105
2019-08-19,20590.4707,20633.9004,20502.6602,20563.1602
2019-08-20,20605.3496,20684.0605,20582.0098,20677.2207
2019-08-21,20489.9707,20626.0508,20482.6191,20618.5703
2019-08-22,20706.0703,20731.1895,20584.2891,20628.0098
2019-08-23,20579.9805,20719.3105,20579.9805,20710.9102
2019-08-26,20325.4395,20329.0098,20173.7598,20261.0391
2019-08-27,20467.2207,20529.9395,20439.9199,20456.0801
2019-08-28,20474.3105,20511.2109,20433.3105,20479.4199
2019-08-29,20500.5000,20520.6797,20361.1191,20460.9297
2019-08-30,20641.4902,20748.3496,20633.3008,20704.3691
2019-09-02,20625.7500,20667.5605,20614.2891,20620.1895
2019-09-03,20581.5801,20662.2305,20578.0195,20625.1602
2019-09-04,20578.6699,20694.3496,20554.1602,20649.1406
2019-09-05,20800.2891,21164.6094,20787.9297,21085.9395
2019-09-06,21201.8301,21241.2891,21145.8105,21199.5703
2019-09-09,21214.5605,21333.5098,21182.2598,21318.4199
2019-09-10,21363.5703,21438.3496,21350.3496,21392.0996
2019-09-11,21466.6602,21619.2109,21437.8203,21597.7598
2019-09-12,21761.0898,21825.9199,21743.9609,21759.6094
2019-09-13,21907.8301,22019.6602,21820.9395,21988.2891
2019-09-17,21947.5898,22041.0801,21878.6309,22001.3203
2019-09-18,22014.6504,22027.8594,21942.0293,21960.7109
2019-09-19,22064.4609,22255.5605,22003.3008,22044.4492
2019-09-20,22130.7402,22204.7500,22047.9004,22079.0898
2019-09-24,22095.3496,22168.7402,22077.9395,22098.8398
2019-09-25,21961.8203,22036.4805,21906.0000,22020.1504
2019-09-26,22160.5195,22184.9102,21986.2402,22048.2402
2019-09-27,21934.9297,21955.7891,21733.6895,21878.9004
2019-09-30,21793.8301,21811.9805,21666.5996,21755.8398
2019-10-01,21831.4395,21938.7695,21811.9805,21885.2402
2019-10-02,21744.6191,21795.0098,21725.2305,21778.6094
2019-10-03,21422.2207,21437.7402,21277.3594,21341.7402
2019-10-04,21316.1797,21410.1992,21276.0098,21410.1992
2019-10-07,21445.7305,21475.2793,21328.2598,21375.2500
2019-10-08,21494.4805,21629.2402,21483.1797,21587.7793
2019-10-09,21359.8398,21467.7695,21359.8398,21456.3809
2019-10-10,21456.2695,21601.4609,21308.8809,21551.9805
2019-10-11,21749.9297,21820.7695,21658.2695,21798.8691
2019-10-15,22063.7109,22219.6309,22049.7109,22207.2109
2019-10-16,22479.5703,22615.4707,22434.3496,22472.9199
2019-10-17,22451.1504,22522.3906,22424.9199,22451.8594
2019-10-18,22528.5605,22649.8496,22466.2598,22492.6797
2019-10-21,22541.2207,22581.2793,22515.7305,22548.9004
2019-10-23,22619.7695,22648.8105,22457.8906,22625.3809
2019-10-24,22725.4395,22780.9902,22704.3301,22750.5996
2019-10-25,22753.2402,22819.9199,22715.1309,22799.8105
2019-10-28,22854.4395,22896.2207,22830.5703,22867.2695
2019-10-29,22950.7891,23008.4297,22935.3496,22974.1309
2019-10-30,22953.1699,22961.2305,22827.9297,22843.1191
2019-10-31,22910.0996,22988.8008,22875.5000,22927.0391
2019-11-01,22730.4902,22852.7207,22705.5996,22850.7695
2019-11-05,23118.7891,23328.5195,23090.9395,23251.9902
2019-11-06,23343.5098,23352.5605,23246.5703,23303.8203
2019-11-07,23283.1406,23336.0000,23253.3203,23330.3203
2019-11-08,23550.0391,23591.0898,23313.4102,23391.8691
2019-11-11,23422.1309,23471.8203,23323.0195,23331.8398
2019-11-12,23336.3691,23545.6992,23312.2500,23520.0098
2019-11-13,23439.2500,23452.6309,23270.9297,23319.8691
2019-11-14,23325.5000,23360.0605,23062.1602,23141.5508
2019-11-15,23160.5293,23340.7695,23121.5898,23303.3203
2019-11-18,23304.2500,23420.6191,23271.2891,23416.7598
2019-11-19,23366.3594,23389.5293,23244.9297,23292.6504
2019-11-20,23176.4902,23303.1699,23086.1191,23148.5703
2019-11-21,23071.4902,23108.0801,22726.7109,23038.5801
2019-11-22,23030.3301,23219.5098,23030.3301,23112.8809
2019-11-25,23292.8496,23347.1797,23255.3906,23292.8105
2019-11-26,23451.4004,23608.0605,23350.0996,23373.3203
2019-11-27,23452.8496,23507.8203,23418.2305,23437.7695
2019-11-28,23458.8809,23482.3203,23367.3301,23409.1406
2019-11-29,23497.4395,23498.7695,23273.3691,23293.9102
2019-12-02,23388.6309,23562.0508,23378.4004,23529.5000
2019-12-03,23231.1406,23388.1797,23186.8398,23379.8105
2019-12-04,23186.7402,23203.7695,23044.7793,23135.2305
2019-12-05,23292.6992,23363.4395,23259.8203,23300.0898
2019-12-06,23347.6699,23412.4805,23338.4004,23354.4004
2019-12-09,23544.3105,23544.3105,23360.0098,23430.6992
2019-12-10,23372.3906,23449.4707,23336.9297,23410.1895
2019-12-11,23421.1406,23438.4297,23333.6309,23391.8594
2019-12-12,23449.2793,23468.1504,23360.4297,23424.8105
2019-12-13,23810.5605,24050.0391,23775.7305,24023.0996
2019-12-16,23955.1992,24036.3008,23950.0508,23952.3496
2019-12-17,24091.1191,24091.1191,23996.5098,24066.1191
2019-12-18,24023.2695,24046.0898,23919.3594,23934.4297
2019-12-19,23911.4609,23945.5293,23835.2891,23864.8496
2019-12-20,23893.4492,23908.7695,23746.6309,23816.6309
2019-12-23,23921.2891,23923.0898,23810.8203,23821.1094
2019-12-24,23839.1797,23853.5605,23796.3496,23830.5801
2019-12-25,23813.5898,23824.8496,23782.8691,23782.8691
2019-12-26,23787.6992,23931.5098,23775.4004,23924.9199
2019-12-27,23953.7500,23967.1797,23837.7207,23837.7207
2019-12-30,23770.9297,23782.4902,23656.6191,23656.6191
2020-01-06,23319.7598,23365.3594,23148.5293,23204.8594
2020-01-07,23320.1191,23577.4395,23299.9199,23575.7207
2020-01-08,23217.4902,23303.2109,22951.1797,23204.7598
2020-01-09,23530.2891,23767.0898,23506.1504,23739.8691
2020-01-10,23813.2793,23903.2891,23761.0801,23850.5703
2020-01-14,23969.0391,24059.8594,23951.6602,24025.1699
2020-01-15,23923.4805,23997.3906,23875.8203,23916.5801
2020-01-16,23960.1992,23975.3809,23905.3809,23933.1309
2020-01-17,24103.4492,24115.9492,24013.7500,24041.2598
2020-01-20,24080.6797,24108.1094,24061.6699,24083.5098
2020-01-21,24072.8105,24081.7500,23843.4805,23864.5605
2020-01-22,23835.4902,24040.8691,23831.0996,24031.3496
2020-01-23,23843.5098,23910.0098,23779.2305,23795.4395
2020-01-24,23850.1191,23869.3809,23755.3203,23827.1797
2020-01-27,23427.9004,23463.8906,23317.3203,23343.5098
2020-01-28,23126.9297,23243.3594,23115.1504,23215.7109
2020-01-29,23309.3203,23392.6094,23214.2793,23379.4004
2020-01-30,23284.5801,23318.5703,22892.9492,22977.7500
2020-01-31,23148.9199,23421.5898,23139.9805,23205.1797
2020-02-03,22874.2695,23023.7305,22775.9199,22971.9395
2020-02-04,22881.1309,23118.1309,22854.4492,23084.5898
2020-02-05,23351.4707,23414.6895,23241.6406,23319.5605
2020-02-06,23641.0996,23995.3691,23625.1309,23873.5898
2020-02-07,23899.0098,23943.4492,23759.4199,23827.9805
2020-02-10,23631.7891,23788.2500,23621.7207,23685.9805
2020-02-12,23741.2109,23869.7305,23693.7207,23861.2109
2020-02-13,23849.7598,23908.8496,23784.3105,23827.7305
2020-02-14,23714.5195,23738.4199,23603.4805,23687.5898
2020-02-17,23489.7793,23561.9805,23335.9902,23523.2402
2020-02-18,23398.5703,23402.0098,23133.5996,23193.8008
2020-02-19,23329.3301,23468.5605,23234.9609,23400.6992
2020-02-20,23666.5801,23806.5605,23426.4199,23479.1504
2020-02-21,23427.7695,23588.5508,23378.3301,23386.7402
2020-02-25,22949.3691,22950.2305,22335.2109,22605.4102
2020-02-26,22374.1406,22456.5508,22127.4199,22426.1895
2020-02-27,22255.8301,22272.2598,21844.2891,21948.2305
2020-02-28,21518.0098,21528.1309,20916.4004,21142.9609
2020-03-02,20849.7891,21593.1094,20834.2891,21344.0801
2020-03-03,21651.9902,21719.7793,21082.7305,21082.7305
2020-03-04,20897.1992,21245.9297,20862.0508,21100.0605
2020-03-05,21399.8691,21399.8691,21220.7598,21329.1191
2020-03-06,21009.8008,21061.1992,20613.9102,20749.7500
2020-03-09,20343.3105,20347.1895,19472.2598,19698.7598
2020-03-10,19474.8906,19970.3496,18891.7695,19867.1191
2020-03-11,19758.2598,19974.8301,19392.2500,19416.0605
2020-03-12,19064.5098,19142.1797,18339.2695,18559.6309
2020-03-13,18183.4707,18184.4609,16690.5996,17431.0508
2020-03-16,17586.0801,17785.7598,16914.4492,17002.0391
2020-03-17,16726.9492,17557.0391,16378.9404,17011.5293
2020-03-18,17154.0801,17396.8398,16698.4609,16726.5508
2020-03-19,16995.7695,17160.9707,16358.1904,16552.8301
2020-03-23,16570.5703,17049.0293,16480.9492,16887.7793
2020-03-24,17206.8809,18100.3906,17197.1406,18092.3496
2020-03-25,18446.8008,19564.3809,18446.8008,19546.6309
2020-03-26,19234.7695,19240.2891,18512.8105,18664.5996
2020-03-27,19021.9707,19389.4297,18832.2109,19389.4297
2020-03-30,18884.0703,19084.9707,18578.1992,19084.9707
2020-03-31,19181.9004,19336.1895,18834.1602,18917.0098
2020-04-01,18686.1191,18784.2500,17871.6191,18065.4102
2020-04-02,17934.4199,18132.0391,17707.6602,17818.7207
2020-04-03,17951.4395,18059.1504,17646.5000,17820.1895
2020-04-06,17857.9902,18672.2598,17802.6191,18576.3008
2020-04-07,18878.8594,19162.5195,18553.1406,18950.1797
2020-04-08,19047.7598,19454.3398,18730.8008,19353.2402
2020-04-09,19376.0000,19406.9609,19158.5508,19345.7695
2020-04-10,19500.0703,19500.0703,19235.9609,19498.5000
2020-04-13,19312.0391,19355.0391,19014.3203,19043.4004
2020-04-14,19150.3008,19705.9902,19093.1191,19638.8105
2020-04-15,19589.2500,19660.6797,19465.9492,19550.0898
2020-04-16,19311.3008,19362.1699,19154.4102,19290.1992
2020-04-17,19575.8496,19922.0703,19554.6992,19897.2598
2020-04-20,19689.8496,19784.3809,19611.7891,19669.1191
2020-04-21,19479.8301,19529.0605,19193.2207,19280.7793
2020-04-22,19109.1797,19137.9492,18858.2500,19137.9492
2020-04-23,19313.0391,19429.4395,19221.5391,19429.4395
2020-04-24,19331.8594,19352.2402,19175.3809,19262.0000
2020-04-27,19410.8398,19819.0605,19410.1797,19783.2207
2020-04-28,19776.1797,19841.7793,19638.4805,19771.1895
2020-04-30,20105.6797,20365.8906,20084.8301,20193.6895
2020-05-01,19991.9707,20000.2500,19551.7305,19619.3496
2020-05-07,19468.5195,19720.8691,19448.9297,19674.7695
2020-05-08,19972.0898,20179.0898,19894.5801,20179.0898
2020-05-11,20333.7305,20534.8809,20285.0391,20390.6602
2020-05-12,20413.2305,20457.3691,20293.9707,20366.4805
2020-05-13,20140.9199,20329.8906,20056.4609,20267.0508
2020-05-14,20140.4902,20185.0000,19902.9297,19914.7793
2020-05-15,20149.7891,20198.2500,19832.8809,20037.4707
2020-05-18,20097.6191,20197.5898,19999.0996,20133.7305
2020-05-19,20469.5195,20659.4609,20433.4492,20433.4492
2020-05-20,20454.4902,20684.4609,20454.0293,20595.1504
2020-05-21,20692.5898,20734.9102,20503.8691,20552.3105
2020-05-22,20583.9492,20615.1191,20334.9902,20388.1602
2020-05-25,20653.4102,20741.6504,20584.0605,20741.6504
2020-05-26,20927.9609,21328.3398,20918.1094,21271.1699
2020-05-27,21249.3105,21475.6797,21142.7207,21419.2305
2020-05-28,21612.9004,21926.2891,21580.5000,21916.3105
2020-05-29,21807.6309,21955.4395,21710.8008,21877.8906
2020-06-01,21910.8906,22161.3906,21898.9902,22062.3906
2020-06-02,22175.5195,22401.7891,22118.4004,22325.6094
2020-06-03,22649.0098,22818.8691,22462.6797,22613.7598
2020-06-04,22885.1406,22907.9199,22501.8105,22695.7402
2020-06-05,22613.0801,22865.8809,22563.5605,22863.7305
2020-06-08,23121.9805,23178.0996,23028.6191,23178.0996
2020-06-09,23135.7891,23185.8496,22933.1406,23091.0293
2020-06-10,22939.0000,23175.8203,22900.3008,23124.9492
2020-06-11,22848.0195,22939.3906,22466.5391,22472.9102
2020-06-12,22082.1191,22350.3008,21786.9297,22305.4805
2020-06-15,22135.2695,22251.8301,21529.8301,21530.9492
2020-06-16,21912.2891,22624.1406,21899.4805,22582.2109
2020-06-17,22517.1406,22536.3809,22318.0703,22455.7598
2020-06-18,22363.8809,22432.2500,22125.3496,22355.4609
2020-06-19,22515.7500,22523.6602,22352.1602,22478.7891
2020-06-22,22353.6895,22575.7402,22311.9395,22437.2695
2020-06-23,22636.0605,22693.8906,22257.1406,22549.0508
2020-06-24,22541.0098,22663.2891,22479.8594,22534.3203
2020-06-25,22287.8691,22423.4102,22165.1406,22259.7891
2020-06-26,22424.3691,22589.1406,22408.2695,22512.0801
2020-06-29,22255.0508,22281.3809,21969.5898,21995.0391
2020-06-30,22335.0996,22448.3008,22273.3809,22288.1406
2020-07-01,22338.3008,22360.3105,22039.5605,22121.7305
2020-07-02,22182.6797,22267.5098,22072.1094,22145.9609
2020-07-03,22266.9102,22312.4395,22154.9707,22306.4805
2020-07-06,22341.2695,22734.1094,22325.7500,22714.4395
2020-07-07,22649.9004,22742.2793,22540.4395,22614.6895
2020-07-08,22481.6094,22667.9492,22438.6504,22438.6504
2020-07-09,22442.3008,22679.0801,22434.3809,22529.2891
2020-07-10,22534.9707,22563.6797,22285.0703,22290.8105
2020-07-13,22591.8105,22784.7402,22561.4707,22784.7402
2020-07-14,22631.8691,22677.0195,22538.7793,22587.0098
2020-07-15,22817.9102,22965.5605,22800.1094,22945.5000
2020-07-16,22907.9609,22925.9004,22739.4199,22770.3594
2020-07-17,22807.5703,22857.8203,22643.5195,22696.4199
2020-07-20,22772.0703,22788.5293,22580.1895,22717.4805
2020-07-21,22789.3809,22925.5801,22780.2207,22884.2207
2020-07-22,22791.7500,22855.3105,22732.9199,22751.6094
2020-07-27,22495.9492,22741.1309,22429.5703,22715.8496
2020-07-28,22735.0195,22842.1895,22646.2207,22657.3809
2020-07-29,22543.8906,22584.8691,22366.3398,22397.1094
2020-07-30,22489.2402,22506.5996,22334.7109,22339.2305
2020-07-31,22267.5898,22295.0508,21710.0000,21710.0000
2020-08-03,21947.5801,22214.5898,21919.8301,22195.3809
2020-08-04,22379.7402,22603.8203,22379.7402,22573.6602
2020-08-05,22479.7207,22554.1992,22356.2500,22514.8496
2020-08-06,22471.7109,22587.7500,22362.8906,22418.1504
2020-08-07,22433.7793,22436.1602,22204.6094,22329.9395
2020-08-11,22505.5098,22760.8691,22497.0703,22750.2402
2020-08-12,22747.4395,22874.3691,22670.7402,22843.9609
2020-08-13,23123.3594,23316.6895,23111.5000,23249.6094
2020-08-14,23323.9199,23338.7891,23222.8496,23289.3594
2020-08-17,23189.4805,23248.7500,23068.5293,23096.7500
2020-08-18,23097.8008,23128.1797,22948.8906,23051.0801
2020-08-19,22997.9297,23149.8496,22953.5996,23110.6094
2020-08-20,23003.5801,23078.3594,22851.8301,22880.6191
2020-08-21,23022.7598,23135.4297,22920.3008,22920.3008
2020-08-24,22913.1992,23012.7109,22862.5391,22985.5098
2020-08-25,23242.7402,23431.0391,23225.3906,23296.7695
2020-08-26,23257.0508,23348.8008,23203.0000,23290.8594
2020-08-27,23311.0391,23323.0703,23177.8496,23208.8594
2020-08-28,23232.3008,23376.1309,22594.7891,22882.6504
2020-08-31,23147.1406,23342.3203,23102.6094,23139.7598
2020-09-01,23089.6309,23206.6602,23047.7695,23138.0703
2020-09-02,23261.0898,23287.4004,23170.8203,23247.1504
2020-09-03,23524.4902,23580.5098,23426.1094,23465.5293
2020-09-04,23130.3203,23257.6895,23098.7695,23205.4297
2020-09-07,23145.4707,23218.2207,23086.8906,23089.9492
2020-09-08,23188.7891,23277.6602,23129.6602,23274.1309
2020-09-09,22966.8906,23059.0195,22878.7109,23032.5391
2020-09-10,23193.4707,23250.3105,23134.0195,23235.4707
2020-09-11,23114.6309,23412.9297,23114.6309,23406.4902
2020-09-14,23431.1602,23582.2109,23429.4199,23559.3008
2020-09-15,23438.8301,23477.8594,23351.3496,23454.8906
2020-09-16,23425.2305,23506.4492,23397.4297,23475.5293
2020-09-17,23416.6191,23446.3906,23272.2305,23319.3691
2020-09-18,23321.1895,23398.4609,23290.1895,23360.3008
2020-09-23,23245.8906,23370.1309,23154.4492,23346.4902
2020-09-24,23215.0000,23234.7207,23039.4805,23087.8203
2020-09-25,23217.3301,23272.6699,23154.6602,23204.6191
2020-09-28,23391.9609,23516.0391,23303.0293,23511.6191
2020-09-29,23410.5000,23622.7402,23347.6406,23539.0996
2020-09-30,23478.8496,23522.3809,23170.8906,23185.1191
2020-10-02,23294.8008,23365.5801,22951.4102,23029.9004
2020-10-05,23254.2793,23377.4297,23252.6895,23312.1406
2020-10-06,23420.0703,23441.1602,23331.4004,23433.7305
2020-10-07,23272.4492,23432.7305,23272.4492,23422.8203
2020-10-08,23506.3398,23701.7695,23477.7305,23647.0703
2020-10-09,23713.8594,23725.5801,23552.7305,23619.6895
2020-10-12,23588.7402,23597.9102,23501.2598,23558.6895
2020-10-13,23667.9004,23667.9004,23490.9492,23601.7793
2020-10-14,23545.6602,23656.6992,23518.8105,23626.7305
2020-10-15,23548.4492,23581.1602,23458.4297,23507.2305
2020-10-16,23478.4004,23538.7402,23382.6699,23410.6309
2020-10-19,23543.6895,23707.1602,23543.6895,23671.1309
2020-10-20,23587.8691,23674.8691,23518.2891,23567.0391
2020-10-21,23615.5195,23702.3008,23611.3301,23639.4609
2020-10-22,23525.5898,23555.7793,23436.1699,23474.2695
2020-10-23,23558.7109,23587.9004,23469.1309,23516.5898
2020-10-26,23520.7793,23572.5996,23475.5195,23494.3398
2020-10-27,23376.9609,23485.8008,23232.3105,23485.8008
2020-10-28,23372.6094,23451.0293,23334.2305,23418.5098
2020-10-29,23170.7598,23374.0996,23170.7598,23331.9395
2020-10-30,23320.7109,23320.7109,22948.4707,22977.1309
2020-11-02,23110.7402,23370.9102,23096.7891,23295.4805
2020-11-04,23619.5801,23801.8809,23505.7793,23695.2305
2020-11-05,23776.1992,24112.4199,23756.7793,24105.2793
2020-11-06,24076.2207,24389.0000,24039.1602,24325.2305
2020-11-09,24568.8398,24962.8008,24541.2793,24839.8398
2020-11-10,25087.3008,25279.9395,24833.1797,24905.5898
2020-11-11,25145.6602,25401.3008,25145.6602,25349.5996
2020-11-12,25439.3496,25587.9609,25316.5996,25520.8809
2020-11-13,25405.6406,25456.1797,25215.3105,25385.8691
2020-11-16,25652.6895,25928.1797,25640.2891,25906.9297
2020-11-17,26043.4492,26057.3008,25851.5391,26014.6191
2020-11-18,25860.5508,25882.1406,25656.6992,25728.1406
2020-11-19,25628.7305,25650.8594,25474.9395,25634.3398
2020-11-20,25486.8301,25555.3691,25425.5898,25527.3691
2020-11-24,25901.4492,26261.7793,25901.4492,26165.5898
2020-11-25,26468.5195,26706.4199,26258.3496,26296.8594
2020-11-26,26255.4707,26560.0293,26255.4707,26537.3105
2020-11-27,26530.2793,26672.4004,26419.0508,26644.7109
2020-11-30,26830.0996,26834.1992,26405.8301,26433.6191
2020-12-01,26624.1992,26852.1602,26618.3906,26787.5391
2020-12-02,26884.9902,26889.9004,26695.2793,26800.9805
2020-12-03,26740.3008,26868.0898,26719.2305,26809.3691
2020-12-04,26697.2598,26799.8301,26646.0801,26751.2402
2020-12-07,26894.2500,26894.2500,26500.3203,26547.4395
2020-12-08,26380.3203,26523.3008,26327.0801,26467.0801
2020-12-09,26526.3398,26826.7793,26520.5996,26817.9395
2020-12-10,26688.5000,26852.7695,26639.9805,26756.2402
2020-12-11,26732.8496,26819.4102,26553.0098,26652.5195
2020-12-14,26659.5293,26870.4707,26648.6895,26732.4395
2020-12-15,26683.1094,26736.8398,26605.5391,26687.8398
2020-12-16,26835.5898,26874.9805,26717.0293,26757.4004
2020-12-17,26744.5000,26843.0508,26676.2793,26806.6699
2020-12-18,26775.5293,26824.2891,26707.3008,26763.3906
2020-12-21,26834.0996,26905.6699,26533.6309,26714.4199
2020-12-22,26559.3301,26639.9902,26361.6602,26436.3906
2020-12-23,26580.4297,26585.2109,26414.7402,26524.7891
2020-12-24,26635.1094,26764.5293,26605.2598,26668.3496
2020-12-25,26708.0996,26716.6094,26638.2793,26656.6094
2020-12-28,26691.2891,26854.0293,26664.5996,26854.0293
2020-12-29,26936.3809,27602.5195,26921.1406,27568.1504
2020-12-30,27559.0996,27572.5703,27338.5605,27444.1699
2021-01-04,27575.5703,27602.1094,27042.3203,27258.3809
2021-01-05,27151.3809,27279.7793,27073.4609,27158.6309
2021-01-06,27102.8496,27196.4004,27002.1797,27055.9395
2021-01-07,27340.4609,27624.7305,27340.4609,27490.1309
2021-01-08,27720.1406,28139.0293,27667.7500,28139.0293
2021-01-12,28004.3691,28287.3691,27899.4492,28164.3398
2021-01-13,28140.0996,28503.4297,28133.5898,28456.5898
2021-01-14,28442.7305,28979.5293,28411.5801,28698.2598
2021-01-15,28777.4707,28820.5000,28477.0293,28519.1797
2021-01-18,28238.6797,28349.9707,28111.5391,28242.2109
2021-01-19,28405.4902,28720.9102,28373.3398,28633.4609
2021-01-20,28798.7402,28801.1895,28402.1094,28523.2598
2021-01-21,28710.4102,28846.1504,28677.6094,28756.8594
2021-01-22,28580.1992,28698.1797,28527.1602,28631.4492
2021-01-25,28698.8906,28822.2891,28566.8496,28822.2891
2021-01-26,28696.3008,28740.7109,28527.8105,28546.1797
2021-01-27,28665.3398,28754.9902,28542.0000,28635.2109
2021-01-28,28169.2695,28360.4805,27975.8496,28197.4199
2021-01-29,28320.7207,28320.7207,27629.8008,27663.3906
2021-02-01,27649.0703,28107.0996,27649.0703,28091.0508
2021-02-02,28207.4805,28379.3105,28089.1191,28362.1699
2021-02-03,28482.7109,28669.9492,28402.3008,28646.5000
2021-02-04,28557.4609,28600.2207,28325.8906,28341.9492
2021-02-05,28631.4609,28785.7109,28548.2695,28779.1895
2021-02-08,28831.5801,29400.5605,28817.5996,29388.5000
2021-02-09,29435.6094,29585.7500,29350.4805,29505.9297
2021-02-10,29412.5508,29562.9297,29368.1797,29562.9297
2021-02-12,29635.8809,29650.5098,29417.3203,29520.0703
2021-02-15,29662.4102,30092.3398,29662.4102,30084.1504
2021-02-16,30229.4609,30714.5195,30191.6504,30467.7500
2021-02-17,30366.8203,30398.1992,30191.0098,30292.1895
2021-02-18,30311.9805,30560.4902,30140.0098,30236.0898
2021-02-19,29970.5898,30169.5898,29847.3301,30017.9199
2021-02-22,30281.7793,30458.1309,30089.1797,30156.0293
2021-02-24,30020.1094,30089.5898,29671.6992,29671.6992
2021-02-25,30077.2695,30213.2793,30044.4297,30168.2695
2021-02-26,29753.7305,29760.3105,28966.0098,28966.0098
2021-03-01,29419.4492,29686.3906,29396.0391,29663.5000
2021-03-02,29939.7500,29996.3906,29314.8203,29408.1699
2021-03-03,29482.1191,29604.3691,29336.5996,29559.0996
2021-03-04,29198.4199,29277.1895,28711.0391,28930.1094
2021-03-05,28725.4805,28867.8301,28308.5703,28864.3203
2021-03-08,29208.1895,29255.9004,28644.2598,28743.2500
2021-03-09,28748.8691,29053.5605,28609.2109,29027.9395
2021-03-10,29118.2793,29233.4707,28960.0898,29036.5605
2021-03-11,29033.9199,29255.4199,28995.3301,29211.6406
2021-03-12,29287.7402,29744.3203,29210.4004,29717.8301
2021-03-15,29804.5000,29884.7305,29670.3105,29766.9707
2021-03-16,29770.3906,30026.4004,29755.4707,29921.0898
2021-03-17,29836.8301,29984.9707,29825.1602,29914.3301
2021-03-18,30148.4805,30485.0000,30041.5000,30216.7500
2021-03-19,29904.5703,30049.7695,29621.2207,29792.0508
2021-03-22,29444.0996,29472.9805,29107.6309,29174.1504
2021-03-23,29381.4902,29496.8301,28995.9199,28995.9199
2021-03-24,28765.5508,28867.6699,28379.0605,28405.5195
2021-03-25,28457.3301,28821.8301,28414.9199,28729.8809
2021-03-26,29068.5195,29240.7402,28953.2207,29176.6992
2021-03-29,29478.1191,29578.3691,29200.8809,29384.5195
2021-03-30,29365.0391,29478.1992,29283.8906,29432.6992
2021-03-31,29278.3301,29348.9902,29165.5195,29178.8008
2021-04-01,29441.9102,29585.4609,29318.8203,29388.8691
2021-04-02,29704.6602,29869.6699,29694.0898,29854.0000
2021-04-05,30084.6094,30195.0000,30024.2500,30089.2500
2021-04-06,30208.8906,30208.8906,29665.8594,29696.6309
2021-04-07,29743.4805,29867.9395,29523.5508,29730.7891
2021-04-08,29675.8809,29744.7891,29516.4199,29708.9805
2021-04-09,29865.5293,30064.3496,29768.0605,29768.0605
2021-04-12,29874.4297,29876.0391,29538.7305,29538.7305
2021-04-13,29605.6895,29897.1094,29573.7891,29751.6094
2021-04-14,29718.0605,29722.4004,29567.1797,29620.9902
2021-04-15,29573.9004,29787.6602,29558.5508,29642.6895
2021-04-16,29789.0801,29789.0801,29621.8301,29683.3691
2021-04-19,29688.3203,29808.0098,29530.8398,29685.3691
2021-04-20,29355.8691,29361.2793,29014.3594,29100.3809
2021-04-21,28660.3594,28778.9297,28419.8398,28508.5508
2021-04-22,28880.7793,29192.3906,28800.8594,29188.1699
2021-04-23,28939.1191,29035.3398,28770.6191,29020.6309
2021-04-26,29095.4902,29241.2793,28896.3691,29126.2305
2021-04-27,29174.5293,29187.1094,28990.1895,28991.8906
2021-04-28,28935.5098,29139.6992,28875.9102,29053.9707
2021-04-30,28996.6602,29046.4902,28760.2695,28812.6309
2021-05-06,29024.0098,29430.2207,28966.4707,29331.3691
2021-05-07,29330.4492,29449.8594,29237.3594,29357.8203
2021-05-10,29376.8906,29685.4102,29346.1406,29518.3398
2021-05-11,29238.5605,29289.1191,28535.3594,28608.5898
2021-05-12,28712.0996,28831.0293,27888.5898,28147.5098
2021-05-13,27929.0098,27961.9609,27385.0293,27448.0098
2021-05-14,27723.6992,28139.9609,27723.6992,28084.4707
2021-05-17,28310.4609,28312.7793,27632.5293,27824.8301
2021-05-18,27931.5703,28481.1699,27931.5703,28406.8398
2021-05-19,28031.2207,28216.6504,27842.9805,28044.4492
2021-05-20,27875.5000,28176.8691,27821.9609,28098.2500
2021-05-21,28269.6094,28411.5605,28193.0293,28317.8301
2021-05-24,28212.3203,28584.1797,28212.3203,28364.6094
2021-05-25,28516.9902,28576.9707,28443.7402,28553.9805
2021-05-26,28396.6191,28710.8301,28396.6191,28642.1895
2021-05-27,28543.3203,28587.2109,28360.5605,28549.0098
2021-05-28,28912.5391,29194.1094,28899.6602,29149.4102
2021-05-31,29019.4492,29147.7109,28791.5996,28860.0801
2021-06-01,28998.6504,29075.4707,28611.2500,28814.3398
2021-06-02,28730.8105,29003.5508,28565.8301,28946.1406
2021-06-03,28890.3906,29157.1602,28879.1504,29058.1094
2021-06-04,28901.4199,28991.2402,28764.6797,28941.5195
2021-06-07,29214.0000,29241.1992,28973.0508,29019.2402
2021-06-08,29046.0293,29140.6797,28897.6406,28963.5605
2021-06-09,28901.5605,28932.0293,28801.8301,28860.8008
2021-06-10,28799.7402,29007.5293,28799.7402,28958.5605
2021-06-11,29030.0391,29080.8906,28839.5391,28948.7305
2021-06-14,29153.1094,29208.3496,29026.2695,29161.8008
2021-06-15,29256.0293,29480.8496,29235.7109,29441.3008
2021-06-16,29306.1406,29434.0996,29263.7207,29291.0098
2021-06-17,29149.3398,29197.6797,28875.3906,29018.3301
2021-06-18,29136.7402,29136.7402,28957.9805,28964.0801
2021-06-21,28506.8398,28506.8398,27795.8594,28010.9297
2021-06-22,28513.0703,28895.2598,28494.4609,28884.1309
2021-06-23,28886.9199,29007.8301,28860.0605,28874.8906
2021-06-24,28811.8203,28935.3398,28758.3691,28875.2305
2021-06-25,29137.3008,29174.1699,28992.7402,29066.1797
2021-06-28,29112.6602,29121.2793,28984.9297,29048.0195
2021-06-29,28927.4395,28951.6797,28735.5508,28812.6094
2021-06-30,28896.3105,28998.9902,28779.7598,28791.5293
2021-07-01,28832.4102,28833.1699,28624.8008,28707.0391
2021-07-02,28719.2402,28849.3203,28688.6309,28783.2793
2021-07-05,28709.5703,28731.0703,28581.0801,28598.1895
2021-07-06,28677.9492,28748.2305,28587.6094,28643.2109
2021-07-07,28262.4004,28434.9902,28161.7500,28366.9492
2021-07-08,28332.6309,28366.7598,28118.0293,28118.0293
2021-07-09,27739.4199,28000.0195,27419.4004,27940.4199
2021-07-12,28412.6992,28595.1191,28405.5996,28569.0195
2021-07-13,28713.8203,28852.3105,28699.0391,28718.2402
2021-07-14,28517.3105,28696.8008,28482.8203,28608.4902
2021-07-15,28539.3203,28571.7207,28240.2109,28279.0898
2021-07-16,28039.2598,28201.3008,27847.3496,28003.0801
2021-07-19,27663.4004,27792.5195,27493.6309,27652.7402
2021-07-20,27351.8008,27564.5195,27330.1504,27388.1602
2021-07-21,27747.0605,27882.4297,27438.0703,27548.0000
2021-07-26,27990.4707,28036.4707,27786.4395,27833.2891
2021-07-27,27911.9297,28036.2305,27862.6895,27970.2207
2021-07-28,27674.9902,27809.8594,27466.9902,27581.6602
2021-07-29,27722.6094,27798.0508,27663.4102,27782.4199
2021-07-30,27677.8906,27699.3496,27272.4902,27283.5898
2021-08-02,27493.3203,27834.5996,27493.3203,27781.0195
2021-08-03,27580.0293,27724.4492,27492.4004,27641.8301
2021-08-04,27612.9004,27636.3398,27488.7402,27584.0801
2021-08-05,27526.6699,27741.5508,27526.6699,27728.1191
2021-08-06,27709.2207,27888.8691,27709.2207,27820.0391
2021-08-10,27887.0293,28128.6094,27808.5391,27888.1504
2021-08-11,28045.8398,28146.6797,27974.9902,28070.5098
2021-08-12,28177.1992,28279.8008,28006.3105,28015.0195
2021-08-13,28038.9609,28070.0000,27949.3301,27977.1504
2021-08-16,27806.1094,27833.2109,27427.3809,27523.1895
2021-08-17,27666.9395,27750.3906,27424.4707,27424.4707
2021-08-18,27418.0801,27671.5703,27347.7695,27585.9102
2021-08-19,27398.5801,27504.8008,27255.5801,27281.1699
2021-08-20,27238.4492,27316.7891,26954.8105,27013.2500
2021-08-23,27193.0996,27541.6309,27193.0996,27494.2402
2021-08-24,27653.2305,27817.8906,27653.2305,27732.0996
2021-08-25,27768.1309,27897.7207,27684.0508,27724.8008
2021-08-26,27793.6309,27828.2793,27684.5000,27742.2891
2021-08-27,27581.2402,27670.6602,27481.2305,27641.1406
2021-08-30,27867.5996,27921.5508,27656.6309,27789.2891
2021-08-31,27690.7695,28158.9492,27602.2109,28089.5391
2021-09-01,28179.0391,28457.6699,28179.0391,28451.0195
2021-09-02,28522.4609,28626.1992,28412.9102,28543.5098
2021-09-03,28626.4805,29149.6504,28607.8691,29128.1094
2021-09-06,29501.2207,29705.0391,29469.3496,29659.8906
2021-09-07,29883.9199,30048.2305,29838.4297,29916.1406
2021-09-08,29819.5508,30241.8691,29787.1309,30181.2109
2021-09-09,29959.2109,30097.5605,29909.9199,30008.1895
2021-09-10,30089.4492,30381.8398,30064.0195,30381.8398
2021-09-13,30372.0195,30447.3691,30229.0098,30447.3691
2021-09-14,30584.7695,30795.7793,30504.8105,30670.0996
2021-09-15,30464.1699,30573.4102,30347.3008,30511.7109
2021-09-16,30606.1504,30622.3906,30202.5098,30323.3398
2021-09-17,30387.5391,30541.9902,30358.9297,30500.0508
2021-09-21,30021.2500,30051.0000,29832.5195,29839.7109
2021-09-22,29744.7305,29868.0996,29573.8809,29639.4004
2021-09-24,30141.6094,30276.3809,30110.3008,30248.8105
2021-09-27,30277.8203,30414.6094,30197.4004,30240.0605
2021-09-28,30142.3809,30207.6309,30001.9902,30183.9609
2021-09-29,29611.9199,29679.2598,29329.1602,29544.2891
2021-09-30,29569.1895,29622.2695,29311.3398,29452.6602
2021-10-01,29235.1094,29393.6699,28680.7305,28771.0703
2021-10-04,29044.4707,29046.0605,28343.5801,28444.8906
2021-10-05,28050.3906,28058.6699,27460.2891,27822.1191
2021-10-06,28033.9102,28209.8203,27293.6191,27528.8691
2021-10-07,27665.9707,28015.1094,27607.9707,27678.2109
2021-10-08,28031.3691,28321.3496,28018.8906,28048.9395
2021-10-11,27977.5703,28581.3594,27893.3203,28498.1992
2021-10-12,28458.8809,28468.8809,28166.3809,28230.6094
2021-10-13,28085.4395,28364.9902,27993.4609,28140.2793
2021-10-14,28264.4102,28576.6797,28234.0098,28550.9297
2021-10-15,28787.2598,29082.3496,28726.2207,29068.6309
2021-10-18,29093.8203,29144.3301,28924.4004,29025.4609
2021-10-19,29117.2793,29272.4902,29075.3691,29215.5195
2021-10-20,29385.9492,29489.1094,29222.3203,29255.5508
2021-10-21,29152.7402,29220.8203,28688.7793,28708.5801
2021-10-22,28578.5293,28989.5000,28546.5703,28804.8496
2021-10-25,28527.1309,28668.6992,28472.5508,28600.4102
2021-10-26,28927.6094,29160.7598,28893.9492,29106.0098
2021-10-27,29056.0098,29139.2207,28870.2500,29098.2402
2021-10-28,28871.6094,28895.1094,28693.0605,28820.0898
2021-10-29,28819.1602,29000.6504,28475.0605,28892.6895
2021-11-01,29330.6797,29666.8301,29267.6309,29647.0801
2021-11-02,29462.4004,29599.5703,29457.1797,29520.9004
2021-11-04,29859.7402,29880.8105,29718.7793,29794.3691
2021-11-05,29840.7305,29840.7305,29504.0703,29611.5703
2021-11-08,29735.4492,29735.4492,29507.0508,29507.0508
2021-11-09,29557.5508,29750.4609,29240.3105,29285.4609
2021-11-10,29209.0605,29296.8809,29079.7695,29106.7793
2021-11-11,29046.1895,29336.0293,29040.0801,29277.8594
2021-11-12,29381.4492,29661.2207,29381.4492,29609.9707
2021-11-15,29807.3691,29861.8809,29718.2109,29776.8008
2021-11-16,29749.7109,29960.9297,29681.2500,29808.1191
2021-11-17,29906.6797,29909.9707,29623.7891,29688.3301
2021-11-18,29597.9297,29715.9492,29402.5703,29598.6602
2021-11-19,29641.0508,29768.5391,29589.1895,29745.8691
2021-11-22,29618.5508,29806.4902,29542.2891,29774.1094
2021-11-24,29663.4492,29758.0508,29212.9297,29302.6602
2021-11-25,29469.6504,29570.4199,29444.4492,29499.2793
2021-11-26,29324.4707,29332.9902,28605.6094,28751.6191
2021-11-29,28337.9609,28776.3398,28187.1191,28283.9199
2021-11-30,28611.7305,28718.6992,27819.1406,27821.7598
2021-12-01,27866.7305,28106.3008,27594.0098,27935.6191
2021-12-02,27716.1992,27938.5508,27644.9609,27753.3691
2021-12-03,27841.0508,28029.5703,27588.6094,28029.5703
2021-12-06,28069.9609,28081.0391,27693.9102,27927.3691
2021-12-07,28138.8203,28618.4609,27961.6602,28455.5996
2021-12-08,28792.8906,28897.4395,28621.4707,28860.6191
2021-12-09,28827.3203,28908.2891,28725.4707,28725.4707
2021-12-10,28542.5000,28699.0098,28392.8691,28437.7695
2021-12-13,28705.2598,28793.3203,28593.4492,28640.4902
2021-12-14,28554.8594,28672.9609,28309.6699,28432.6406
2021-12-15,28358.4707,28525.8301,28358.4707,28459.7207
2021-12-16,28868.3691,29070.0801,28782.1895,29066.3203
2021-12-17,28854.5996,28904.9395,28503.0801,28545.6797
2021-12-20,28325.4609,28441.5098,27893.1797,27937.8105
2021-12-21,28309.5996,28533.7402,28226.4297,28517.5898
2021-12-22,28614.0605,28673.7695,28473.8496,28562.2109
2021-12-23,28703.0098,28798.3691,28640.1504,28798.3691
2021-12-24,28836.0508,28870.1309,28773.5000,28782.5898
2021-12-27,28786.3301,28805.2793,28658.8203,28676.4609
2021-12-28,28953.3203,29121.0098,28879.6797,29069.1602
2021-12-29,28995.7305,29106.2793,28729.6094,28906.8809
2021-12-30,28794.2402,28904.4199,28579.4902,28791.7109
2022-01-04,29098.4102,29323.7891,28954.5605,29301.7891
2022-01-05,29288.8008,29388.1602,29204.4492,29332.1602
2022-01-06,29136.7500,29158.9492,28487.8691,28487.8691
2022-01-07,28711.5293,28813.0898,28293.6992,28478.5605
2022-01-11,28380.9004,28473.4707,28089.4902,28222.4805
2022-01-12,28449.5293,28814.3105,28427.5996,28765.6602
2022-01-13,28658.2207,28660.4492,28444.9609,28489.1309
2022-01-14,28246.9902,28252.9609,27889.2109,28124.2793
2022-01-17,28332.7207,28449.9902,28274.1797,28333.5195
2022-01-18,28451.3398,28690.3398,28129.6602,28257.2500
2022-01-19,27928.8906,27958.1699,27314.4102,27467.2305
2022-01-20,27401.4297,27882.5293,27217.5898,27772.9297
2022-01-21,27404.3594,27586.4199,27129.6094,27522.2598
2022-01-24,27258.4492,27627.5996,27203.3301,27588.3691
2022-01-25,27466.8203,27493.7500,26890.9395,27131.3398
2022-01-26,27105.9805,27184.5391,26858.6797,27011.3301
2022-01-27,27139.8809,27193.5898,26044.5195,26170.3008
2022-01-28,26429.8496,26764.8496,26289.6895,26717.3398
2022-01-31,26690.5996,27134.5703,26541.6504,27001.9805
2022-02-01,27167.1406,27410.7891,27016.7109,27078.4805
2022-02-02,27302.9902,27564.6191,27289.1602,27533.5996
2022-02-03,27330.9609,27357.3301,27165.9297,27241.3105
2022-02-04,27095.9004,27455.9805,27075.9902,27439.9902
2022-02-07,27327.6309,27369.6797,27085.3203,27248.8691
2022-02-08,27318.3008,27461.3301,27280.2500,27284.5195
2022-02-09,27488.6504,27633.0996,27405.8809,27579.8691
2022-02-10,27818.0996,27880.6992,27575.0703,27696.0801
2022-02-14,27305.9199,27325.5000,26947.6504,27079.5898
2022-02-15,27183.5605,27205.1992,26724.9102,26865.1895
2022-02-16,27269.0508,27486.0898,27227.2402,27460.4004
2022-02-17,27431.4199,27438.7402,27080.9199,27232.8691
2022-02-18,26895.1602,27216.1602,26792.5391,27122.0703
2022-02-21,26771.5801,26998.4707,26549.0000,26910.8691
2022-02-22,26515.4492,26550.1406,26243.7305,26449.6094
2022-02-24,26281.3496,26357.5801,25775.6406,25970.8203
2022-02-25,26213.1992,26481.5996,26160.1895,26476.5000
2022-02-28,26457.5195,26644.5605,26262.6309,26526.8203
2022-03-01,26836.7402,27013.2598,26821.7500,26844.7207
2022-03-02,26532.1992,26585.3008,26313.7207,26393.0293
2022-03-03,26628.8691,26704.8496,26496.7207,26577.2695
2022-03-04,26421.8496,26421.8496,25774.2793,25985.4707
2022-03-07,25634.0898,25640.4102,25006.2598,25221.4102
2022-03-08,24974.3496,25291.3301,24767.3301,24790.9492
2022-03-09,24876.4902,25084.0801,24681.7402,24717.5293
2022-03-10,25108.4707,25720.3105,25099.8496,25690.4004
2022-03-11,25495.0293,25503.6504,24966.5000,25162.7793
2022-03-14,25338.6406,25631.0098,25299.6406,25307.8496
2022-03-15,25228.5293,25441.6699,25219.1309,25346.4805
2022-03-16,25574.9004,25824.9395,25470.4609,25762.0098
2022-03-17,26170.3809,26702.9395,26152.8906,26652.8906
2022-03-18,26649.5000,26862.4297,26592.9805,26827.4297
2022-03-22,27091.3203,27284.4707,27076.3301,27224.1094
2022-03-23,27606.7891,28056.1992,27604.3691,28040.1602
2022-03-24,27693.7695,28110.3906,27624.6191,28110.3906
2022-03-25,28338.8105,28338.8105,27946.7891,28149.8398
2022-03-28,28084.0801,28084.0801,27812.6699,27943.8906
2022-03-29,28173.4297,28252.4199,28063.9199,28252.4199
2022-03-30,28250.8008,28281.4492,27736.2695,28027.2500
2022-03-31,27809.9707,28101.6797,27763.9609,27821.4297
2022-04-01,27624.1094,27738.3105,27399.4805,27665.9805
2022-04-04,27685.6504,27754.2402,27578.8105,27736.4707
2022-04-05,27965.9395,27965.9395,27662.2793,27787.9805
2022-04-06,27533.8809,27549.6699,27214.6094,27350.3008
2022-04-07,27032.4199,27042.4902,26801.7891,26888.5703
2022-04-08,27097.0508,27185.2305,26764.3594,26985.8008
2022-04-11,26877.5996,27004.5000,26720.4609,26821.5195
2022-04-12,26606.8691,26674.8594,26304.0801,26334.9805
2022-04-13,26436.0605,26885.8691,26429.4707,26843.4902
2022-04-14,26925.6406,27200.8906,26890.6797,27172.0000
2022-04-15,26932.4805,27203.7695,26784.9199,27093.1895
2022-04-18,26831.4492,26851.8008,26571.3809,26799.7109
2022-04-19,27096.4902,27100.5898,26777.7109,26985.0898
2022-04-20,27210.7891,27389.8398,27066.1797,27217.8496
2022-04-21,27259.1406,27580.6406,27252.8301,27553.0605
2022-04-22,27197.8008,27205.8301,26904.3809,27105.2598
2022-04-25,26692.4805,26764.4805,26487.8398,26590.7793
2022-04-26,26743.2109,26808.9902,26592.9902,26700.1094
2022-04-27,26313.1406,26406.6191,26051.0391,26386.6309
2022-04-28,26430.2793,26876.9492,26348.3594,26847.9004
2022-05-02,26851.0996,26964.5898,26610.8594,26818.5293
2022-05-06,26784.2891,27072.5898,26543.2891,27003.5605
2022-05-09,26705.3203,26732.6094,26309.2207,26319.3398
2022-05-10,26149.0605,26246.6309,25773.8301,26167.0996
2022-05-11,26045.3809,26290.6191,26003.2598,26213.6406
2022-05-12,25945.0391,26028.3594,25688.1094,25748.7207
2022-05-13,25918.8008,26479.9297,25904.4004,26427.6504
2022-05-16,26753.3691,26836.9609,26438.6094,26547.0508
2022-05-17,26555.2305,26709.2598,26440.6191,26659.7500
2022-05-18,26826.8203,27053.1797,26741.3398,26911.1992
2022-05-19,26435.3203,26458.8496,26150.0898,26402.8398
2022-05-20,26448.2305,26769.1992,26426.9902,26739.0293
2022-05-23,26991.4199,27047.4707,26832.6504,27001.5195
2022-05-24,27005.4297,27005.4297,26736.0098,26748.1406
2022-05-25,26711.5293,26795.8906,26578.0293,26677.8008
2022-05-26,26685.0195,26898.7500,26597.9707,26604.8398
2022-05-27,26947.8008,26996.6992,26731.5996,26781.6797
2022-05-30,27092.8203,27401.2402,27057.1992,27369.4297
2022-05-31,27318.0898,27463.3301,27250.6992,27279.8008
2022-06-01,27295.6309,27482.3105,27295.4199,27457.8906
2022-06-02,27340.5195,27450.4707,27251.2402,27413.8809
2022-06-03,27660.6191,27776.3301,27614.8594,27761.5703
2022-06-06,27549.6406,27979.5391,27523.9492,27915.8906
2022-06-07,27984.7891,28094.7305,27863.3809,27943.9492
2022-06-08,28100.2598,28234.2891,28089.7793,28234.2891
2022-06-09,28189.3496,28389.7500,28189.3496,28246.5293
2022-06-10,27996.3496,28044.4492,27795.1699,27824.2891
2022-06-13,27369.6602,27389.3008,26948.2207,26987.4395
2022-06-14,26555.7500,26657.9199,26357.9004,26629.8594
2022-06-15,26625.6797,26638.7598,26321.6797,26326.1602
2022-06-16,26715.5195,26947.6992,26431.1992,26431.1992
2022-06-17,25988.1992,26072.3496,25720.8008,25963.0000
2022-06-20,26156.6191,26156.6191,25520.2305,25771.2207
2022-06-21,26070.9199,26418.8398,25972.2793,26246.3105
2022-06-22,26441.7207,26462.8301,26149.1699,26149.5508
2022-06-23,26134.8906,26401.9707,26039.5703,26171.2500
2022-06-24,26228.4199,26519.1602,26148.5605,26491.9707
2022-06-27,26741.8008,26938.4297,26665.4395,26871.2695
2022-06-28,26795.6797,27062.3105,26789.5000,27049.4707
2022-06-29,26814.2305,26858.6797,26687.4707,26804.5996
2022-06-30,26753.2793,26753.2793,26324.3105,26393.0391
2022-07-01,26460.7109,26531.2402,25841.7500,25935.6191
2022-07-04,26086.7793,26258.8594,25945.8301,26153.8105
2022-07-05,26386.2305,26532.5098,26294.8398,26423.4707
2022-07-06,26190.4004,26298.9609,26051.1895,26107.6504
2022-07-07,26280.9395,26533.6504,26136.9902,26490.5293
2022-07-08,26623.8496,26881.7500,26510.5293,26517.1895
2022-07-11,26892.7305,27062.1699,26710.5898,26812.3008
2022-07-12,26701.0000,26718.6699,26278.2793,26336.6602
2022-07-13,26403.7891,26543.0703,26389.0996,26478.7695
2022-07-14,26357.3203,26713.0703,26312.7891,26643.3906
2022-07-15,26736.0801,26857.7695,26571.3809,26788.4707
2022-07-19,27003.8301,27043.5801,26791.7109,26961.6797
2022-07-20,27295.9492,27692.8496,27295.9492,27680.2598
2022-07-21,27627.8809,27803.0000,27549.5605,27803.0000
2022-07-22,27773.1406,27952.2500,27701.2500,27914.6602
2022-07-25,27697.7695,27848.5898,27663.1602,27699.2500
2022-07-26,27682.1992,27715.7793,27538.3906,27655.2109
2022-07-27,27575.1602,27772.9707,27525.0898,27715.7500
2022-07-28,27909.1504,28015.6797,27651.9902,27815.4805
2022-07-29,27915.2207,28001.8008,27725.2402,27801.6406
2022-08-01,27813.8203,27993.3496,27751.5898,27993.3496
2022-08-02,27812.4805,27830.5801,27530.5996,27594.7305
2022-08-03,27673.0000,27837.6309,27634.6504,27741.9004
2022-08-04,27930.9395,28005.5898,27870.0508,27932.1992
2022-08-05,27915.0605,28190.0391,27910.2207,28175.8691
2022-08-08,28050.0898,28279.1191,28047.0801,28249.2402
2022-08-09,28236.8398,28257.3398,27966.9102,27999.9609
2022-08-10,27955.1094,27964.9609,27729.4609,27819.3301
2022-08-12,28251.7402,28546.9805,28207.8594,28546.9805
2022-08-15,28623.7793,28897.0703,28623.7793,28871.7793
2022-08-16,28829.5293,28928.1602,28752.8809,28868.9102
2022-08-17,28952.6504,29222.7695,28944.7109,29222.7695
2022-08-18,28957.4004,28999.6406,28846.5195,28942.1406
2022-08-19,29095.7109,29150.8008,28913.0508,28930.3301
2022-08-22,28654.0703,28828.2109,28586.3594,28794.5000
2022-08-23,28580.1992,28580.1992,28395.3008,28452.7500
2022-08-24,28481.3398,28515.6094,28282.2109,28313.4707
2022-08-25,28415.1094,28534.7109,28357.0293,28479.0098
2022-08-26,28639.4707,28792.9297,28608.6992,28641.3809
2022-08-29,28161.0605,28179.0898,27788.1191,27878.9609
2022-08-30,28086.7207,28233.8008,27944.2500,28195.5801
2022-08-31,27928.0898,28104.8008,27906.1699,28091.5293
2022-09-01,27797.0000,27832.7793,27589.6992,27661.4707
2022-09-02,27755.5996,27772.3691,27570.7402,27650.8398
2022-09-05,27567.2891,27673.4395,27511.6797,27619.6094
2022-09-06,27650.1504,27813.7793,27557.9902,27626.5098
2022-09-07,27546.0098,27546.0098,27268.6992,27430.3008
2022-09-08,27732.6797,28083.7891,27718.3008,28065.2793
2022-09-09,28204.7109,28286.0195,28091.3809,28214.7500
2022-09-12,28483.5898,28612.8906,28438.3691,28542.1094
2022-09-13,28556.2109,28659.7598,28530.3594,28614.6309
2022-09-14,28132.6992,28141.9199,27795.6406,27818.6191
2022-09-15,27873.9609,27946.1992,27801.4395,27875.9102
2022-09-16,27631.3906,27654.9902,27525.6797,27567.6504
2022-09-20,27788.6797,27907.4492,27627.8594,27688.4199
2022-09-21,27440.8398,27467.3398,27297.5000,27313.1309
2022-09-22,27053.5801,27197.0703,26955.1797,27153.8301
2022-09-26,26779.4395,26779.4395,26424.5996,26431.5508
2022-09-27,26585.3809,26680.1992,26523.7695,26571.8691
2022-09-28,26422.8594,26516.3203,25938.3594,26173.9805
2022-09-29,26280.5000,26458.6699,26221.7793,26422.0508
2022-09-30,26240.0000,26273.6504,25805.5898,25937.2109
2022-10-03,25778.9492,26223.8398,25621.9609,26215.7891
2022-10-04,26653.4902,26994.4395,26633.5195,26992.2109
2022-10-05,27211.3203,27216.8008,27030.5508,27120.5293
2022-10-06,27137.9805,27399.1895,27137.9805,27311.3008
2022-10-07,26975.9199,27198.9102,26921.9004,27116.1094
2022-10-11,26757.1191,26759.6191,26369.5605,26401.2500
2022-10-12,26353.2207,26495.7500,26313.4102,26396.8301
2022-10-13,26398.2891,26408.3105,26237.4199,26237.4199
2022-10-14,26599.3203,27180.1602,26595.3496,27090.7598
2022-10-17,26785.0195,26814.9199,26649.1309,26775.7891
2022-10-18,27167.7305,27229.8809,26910.0996,27156.1406
2022-10-19,27225.1699,27371.3809,27192.7891,27257.3809
2022-10-20,26981.7500,27092.5508,26872.4492,27006.9609
2022-10-21,26903.5000,26985.3809,26869.3809,26890.5801
2022-10-24,27233.0000,27308.9707,26974.9004,26974.9004
2022-10-25,27113.1992,27337.8008,27073.1797,27250.2793
2022-10-26,27410.6406,27578.0508,27404.9004,27431.8398
2022-10-27,27407.2305,27450.2598,27330.7891,27345.2402
2022-10-28,27097.3809,27265.4609,26981.0801,27105.1992
2022-10-31,27404.3008,27602.9902,27392.9902,27587.4609
2022-11-01,27614.6406,27682.9707,27526.1797,27678.9199
2022-11-02,27562.3008,27692.5508,27546.8809,27663.3906
2022-11-04,27371.8906,27389.3008,27032.0195,27199.7402
2022-11-07,27406.7793,27578.0098,27357.5293,27527.6406
2022-11-08,27718.8398,27943.2695,27704.6406,27872.1094
2022-11-09,27884.5508,27926.5195,27688.8594,27716.4297
2022-11-10,27459.0801,27485.3809,27370.6191,27446.0996
2022-11-11,27868.6895,28329.5391,27837.0898,28263.5703
2022-11-14,28277.6406,28305.0391,27963.4707,27963.4707
2022-11-15,27940.2598,28038.6309,27903.2695,27990.1699
2022-11-16,28020.4902,28069.2500,27743.1504,28028.3008
2022-11-17,27952.2109,28029.6191,27910.0098,27930.5703
2022-11-18,28009.8203,28045.4395,27877.7793,27899.7695
2022-11-21,27982.0000,28007.0605,27846.3008,27944.7891
2022-11-22,28059.5098,28203.3496,28038.1602,28115.7402
2022-11-24,28373.7207,28502.2891,28363.6602,28383.0898
2022-11-25,28398.7695,28399.8809,28263.5996,28283.0293
2022-11-28,28220.5605,28238.5000,28046.3203,28162.8301
2022-11-29,27991.5000,28055.9102,27899.9805,28027.8398
2022-11-30,27886.6699,27972.8906,27802.7109,27968.9902
2022-12-01,28273.1309,28423.4609,28226.0801,28226.0801
2022-12-02,27983.1797,27983.1797,27662.1191,27777.9004
2022-12-05,27752.9902,27854.1094,27700.8594,27820.4004
2022-12-06,27704.0605,27934.0703,27698.3105,27885.8691
2022-12-07,27670.2891,27786.2500,27646.7793,27686.4004
2022-12-08,27622.3008,27643.6406,27415.6602,27574.4297
2022-12-09,27633.9609,27952.8008,27633.9609,27901.0098
2022-12-12,27741.0996,27865.7207,27734.6602,27842.3301
2022-12-13,28067.3691,28116.5605,27907.4902,27954.8496
2022-12-14,28005.0293,28195.6895,27993.7793,28156.2109
2022-12-15,27991.1406,28163.1699,27987.5391,28051.6992
2022-12-16,27706.6992,27713.0391,27488.8301,27527.1191
2022-12-19,27279.9199,27349.5801,27165.7793,27237.6406
2022-12-20,27257.3496,27339.4902,26416.9102,26568.0293
2022-12-21,26547.1699,26616.2793,26269.8008,26387.7207
2022-12-22,26552.4297,26585.2793,26399.3105,26507.8691
2022-12-23,26207.7695,26291.9805,26106.3809,26235.2500
2022-12-26,26299.5391,26438.6504,26294.8496,26405.8691
2022-12-27,26570.7793,26620.4902,26447.8691,26447.8691
2022-12-28,26309.3398,26354.2695,26199.6699,26340.5000
2022-12-29,26074.9004,26126.6992,25953.9199,26093.6699
2022-12-30,26288.0000,26321.3691,26067.9199,26094.5000
2023-01-04,25834.9297,25840.6797,25661.8906,25716.8594
2023-01-05,25825.5000,25947.0996,25750.4609,25820.8008
2023-01-06,25740.0801,26034.0605,25719.6094,25973.8496
2023-01-10,26176.6094,26316.6602,26132.8008,26175.5605
2023-01-11,26362.2109,26479.9902,26332.0508,26446.0000
2023-01-12,26524.9395,26547.6094,26381.9297,26449.8203
2023-01-13,26391.7793,26409.2109,26090.8398,26119.5195
2023-01-16,25836.6699,25938.0391,25748.0996,25822.3203
2023-01-17,25915.5098,26198.6895,25895.3008,26138.6797
2023-01-18,26251.3398,26816.6797,26211.8398,26791.1191
2023-01-19,26541.0801,26592.8691,26368.9707,26405.2305
2023-01-20,26346.6895,26553.5293,26320.9609,26553.5293
2023-01-23,26880.2109,26938.2793,26788.7598,26906.0391
2023-01-24,27150.4297,27381.0000,27150.4297,27299.1895
2023-01-25,27175.8809,27473.9004,27175.8809,27395.0098
2023-01-26,27444.6406,27502.1504,27284.0801,27362.7500
2023-01-27,27428.4102,27452.6699,27326.9102,27382.5605
2023-01-30,27384.7695,27486.4199,27337.2500,27433.4004
2023-01-31,27458.5605,27494.1699,27302.2207,27327.1094
2023-02-01,27483.4102,27547.6699,27322.7891,27346.8809
2023-02-02,27453.6699,27472.4395,27338.4297,27402.0508
2023-02-03,27455.0293,27612.5703,27445.6895,27509.4609
2023-02-06,27764.6602,27821.2207,27656.4707,27693.6504
2023-02-07,27744.9004,27814.9609,27662.1094,27685.4707
2023-02-08,27690.7402,27719.4492,27458.5293,27606.4609
2023-02-09,27453.4004,27635.3809,27424.6895,27584.3496
2023-02-10,27711.2500,27814.0195,27609.3301,27670.9805
2023-02-13,27550.3496,27570.3203,27266.9395,27427.3203
2023-02-14,27705.3691,27721.8203,27553.1797,27602.7695
2023-02-15,27686.0098,27720.2695,27444.1309,27501.8594
2023-02-16,27654.7207,27727.6602,27597.1191,27696.4395
2023-02-17,27484.5996,27608.5898,27466.6094,27513.1309
2023-02-20,27497.1309,27531.9395,27426.4805,27531.9395
2023-02-21,27486.0898,27538.2891,27359.1191,27473.0996
2023-02-22,27265.9902,27300.5293,27046.0801,27104.3203
2023-02-24,27144.7207,27465.9004,27128.3203,27453.4805
2023-02-27,27322.7305,27456.2207,27292.7402,27423.9609
2023-02-28,27515.3398,27585.1699,27400.3594,27445.5605
2023-03-01,27363.5703,27530.7598,27305.3691,27516.5293
2023-03-02,27564.8203,27617.8008,27408.5391,27498.8691
2023-03-03,27683.2598,27961.2109,27655.3398,27927.4707
2023-03-06,28182.3105,28288.6191,28153.8203,28237.7793
2023-03-07,28202.5898,28398.2695,28202.5898,28309.1602
2023-03-08,28237.2109,28469.4102,28232.6797,28444.1895
2023-03-09,28648.1094,28734.7891,28558.8809,28623.1504
2023-03-10,28385.2891,28424.2402,28118.7402,28143.9707
2023-03-13,27886.2109,27906.9707,27631.5293,27832.9609
2023-03-14,27455.9492,27455.9492,27104.7500,27222.0391
2023-03-15,27421.6602,27424.9395,27105.9902,27229.4805
2023-03-16,26796.6699,27057.5391,26632.9199,27010.6094
2023-03-17,27232.2305,27356.1504,27071.7109,27333.7891
2023-03-20,27253.7305,27367.1797,26945.6699,26945.6699
2023-03-22,27298.1504,27520.9707,27267.2598,27466.6094
2023-03-23,27232.9707,27461.9707,27175.6309,27419.6094
2023-03-24,27368.6191,27397.2891,27257.4395,27385.2500
2023-03-27,27482.3906,27543.4805,27359.7207,27476.8691
2023-03-28,27573.8203,27603.4492,27432.7598,27518.2500
2023-03-29,27549.3691,27897.7207,27505.4805,27883.7793
2023-03-30,27827.8906,27876.3809,27630.5508,27782.9297
2023-03-31,28009.2207,28124.6191,27986.6191,28041.4805
2023-04-03,28203.3496,28258.9102,28120.7109,28188.1504
2023-04-04,28213.9297,28287.4199,28139.1191,28287.4199
2023-04-05,28111.0391,28133.5703,27788.7695,27813.2598
2023-04-06,27589.1406,27609.8594,27427.6602,27472.6309
2023-04-07,27554.3691,27591.1504,27456.2500,27518.3105
2023-04-10,27658.5195,27737.4902,27597.1797,27633.6602
2023-04-11,27895.9004,28068.3906,27854.8203,27923.3691
2023-04-12,27985.9297,28121.4609,27983.9707,28082.6992
2023-04-13,27952.5801,28163.8691,27952.0098,28156.9707
2023-04-14,28321.5391,28515.5098,28282.8203,28493.4707
2023-04-17,28537.9902,28599.7500,28414.9805,28514.7793
2023-04-18,28567.5391,28698.2207,28520.7598,28658.8301
2023-04-19,28619.8398,28677.2207,28531.5391,28606.7598
2023-04-20,28472.0000,28694.2500,28442.4492,28657.5703
2023-04-21,28590.5508,28778.3691,28527.8008,28564.3691
2023-04-24,28631.7793,28680.6504,28567.2402,28593.5195
2023-04-25,28697.7305,28806.6895,28609.7695,28620.0703
2023-04-26,28478.5195,28551.6094,28319.7695,28416.4707
2023-04-27,28340.5898,28459.7305,28241.6699,28457.6797
2023-04-28,28705.9102,28879.2402,28499.5098,28856.4395
2023-05-01,29058.0508,29145.8906,29016.8301,29123.1797
2023-05-02,29278.8008,29278.8008,29083.1309,29157.9492
2023-05-08,29095.4609,29144.1191,28931.8105,28949.8809
2023-05-09,29020.6309,29262.3594,29020.6309,29242.8203
2023-05-10,29189.4102,29195.1602,29070.1094,29122.1797
2023-05-11,29110.7891,29165.5898,29028.7109,29126.7207
2023-05-12,29199.3008,29426.0605,29141.5195,29388.3008
2023-05-15,29547.0391,29629.4707,29475.9707,29626.3398
2023-05-16,29838.0098,29916.5605,29779.0703,29842.9902
2023-05-17,29912.4395,30115.3203,29912.4395,30093.5898
2023-05-18,30432.5391,30667.1309,30381.9004,30573.9297
2023-05-19,30847.3594,30924.5703,30679.1602,30808.3496
2023-05-22,30735.7109,31086.8203,30689.2695,31086.8203
2023-05-23,31245.7207,31352.5293,30828.7305,30957.7695
2023-05-24,30728.6895,30856.9199,30566.8301,30682.6797
2023-05-25,30599.2695,30889.9805,30558.1406,30801.1309
2023-05-26,30909.6094,31101.5996,30864.4902,30916.3105
2023-05-29,31388.0098,31560.4297,31164.0000,31233.5391
2023-05-30,31196.2402,31374.8301,31064.1895,31328.1602
2023-05-31,31057.0898,31142.7793,30785.9805,30887.8809
2023-06-01,30886.0098,31185.0508,30853.4395,31148.0098
2023-06-02,31300.7207,31555.5391,31257.0098,31524.2207
2023-06-05,31864.1191,32217.4297,31798.7207,32217.4297
2023-06-06,31988.3691,32534.4707,31933.8691,32506.7793
2023-06-07,32618.7793,32708.5293,31913.7402,31913.7402
2023-06-08,31877.7891,32035.9492,31420.4492,31641.2695
2023-06-09,31927.3809,32304.0391,31898.7500,32265.1699
2023-06-12,32412.1191,32517.6797,32280.5391,32434.0000
2023-06-13,32668.9492,33127.3594,32638.2109,33018.6484
2023-06-14,33331.4688,33665.5195,33203.9492,33502.4219
2023-06-15,33493.6914,33767.1289,33386.0117,33485.4883
2023-06-16,33399.1484,33772.7617,33186.9297,33706.0781
2023-06-19,33768.6914,33772.8906,33231.5586,33370.4219
2023-06-20,33269.5703,33474.7383,33089.0195,33388.9102
2023-06-21,33200.6289,33657.8711,33154.6797,33575.1406
2023-06-22,33438.0117,33641.4609,33232.1914,33264.8789
2023-06-23,33458.3516,33533.4688,32575.5605,32781.5391
2023-06-26,32647.0801,32884.7305,32392.7207,32698.8105
2023-06-27,32629.9609,32689.0996,32306.9902,32538.3301
2023-06-28,32807.8398,33193.9883,32642.8691,33193.9883
2023-06-29,33306.8398,33527.9805,33185.1992,33234.1406
2023-06-30,33068.3594,33232.8906,32918.7695,33189.0391
2023-07-03,33517.6016,33762.8086,33510.5508,33753.3281
2023-07-04,33512.2617,33576.4492,33338.7812,33422.5195
2023-07-05,33165.0586,33389.2188,33041.1406,33338.6992
2023-07-06,33058.3984,33079.4492,32637.7207,32773.0195
2023-07-07,32450.6406,32730.2500,32327.9004,32388.4199
2023-07-10,32393.4609,32558.9805,32065.6309,32189.7305
2023-07-11,32434.6699,32468.6992,32084.4199,32203.5703
2023-07-12,32280.0508,32312.0293,31791.7109,31943.9297
2023-07-13,32106.0508,32484.4004,31952.9805,32419.3301
2023-07-14,32587.9004,32780.6289,32225.3691,32391.2598
2023-07-18,32457.1797,32714.5898,32338.3008,32493.8906
2023-07-19,32812.3594,32896.0312,32671.0293,32896.0312
2023-07-20,32803.3516,32861.0195,32462.8594,32490.5195
2023-07-21,32336.8594,32462.4395,32080.9492,32304.2500
2023-07-24,32648.1406,32793.7695,32554.4609,32700.9395
2023-07-25,32705.3906,32715.5605,32509.9395,32682.5098
2023-07-26,32704.9609,32724.2500,32488.5195,32668.3398
2023-07-27,32523.6895,32938.5898,32503.6895,32891.1602
2023-07-28,32444.4199,32846.9688,32037.5508,32759.2305
2023-07-31,33128.8281,33402.0781,33025.9297,33172.2188
2023-08-01,33292.3086,33488.7695,33203.8789,33476.5781
2023-08-02,33123.1211,33158.5781,32628.2891,32707.6895
2023-08-03,32375.8496,32467.0605,32142.2500,32159.2793
2023-08-04,32019.0605,32294.6992,31934.3496,32192.7500
2023-08-07,31921.2793,32306.8691,31830.2305,32254.5605
2023-08-08,32430.6094,32539.8809,32238.5898,32377.2891
2023-08-09,32346.3203,32407.8496,32175.6406,32204.3301
2023-08-10,32015.9609,32504.8496,32015.9609,32473.6504
2023-08-14,32456.7207,32613.9902,32031.5391,32059.9102
2023-08-15,32372.5293,32403.9297,32217.5195,32238.8906
2023-08-16,31965.5801,31997.2793,31766.8203,31766.8203
2023-08-17,31621.9805,31704.0801,31309.6797,31626.0000
2023-08-18,31321.2598,31644.8906,31275.2500,31450.7598
2023-08-21,31552.8496,31758.6992,31409.8594,31565.6406
2023-08-22,31792.5996,31906.0996,31693.7598,31856.7109
2023-08-23,31717.9102,32039.5996,31717.9102,32010.2598
2023-08-24,32130.5195,32297.9102,32063.1406,32287.2109
2023-08-25,31840.9102,31885.5293,31572.0605,31624.2793
2023-08-28,31915.6797,32205.4805,31881.9297,32169.9902
2023-08-29,32280.5703,32389.1191,32186.5703,32226.9707
2023-08-30,32432.9492,32557.4492,32300.5605,32333.4609
2023-08-31,32361.0195,32692.7598,32359.1504,32619.3398
2023-09-01,32521.1504,32845.4609,32499.4395,32710.6191
2023-09-04,32797.3203,32939.1797,32714.9395,32939.1797
2023-09-05,32941.4102,33036.7617,32784.3203,33036.7617
2023-09-06,33115.0586,33282.1484,33088.2188,33241.0195
2023-09-07,33118.5508,33322.4492,32986.3516,32991.0781
2023-09-08,32916.2500,32920.4297,32512.8008,32606.8398
2023-09-11,32690.5391,32746.1406,32391.6895,32467.7598
2023-09-12,32629.1602,32799.6914,32486.4805,32776.3711
2023-09-13,32742.2891,32872.4414,32616.6504,32706.5195
2023-09-14,32925.5391,33244.4492,32851.2383,33168.1016
2023-09-15,33428.4414,33634.3086,33391.4609,33533.0898
2023-09-19,33296.2305,33337.2305,33128.8594,33242.5898
2023-09-20,33261.3516,33267.1406,32988.6484,33023.7812
2023-09-21,32865.5586,32939.8906,32550.6504,32571.0293
2023-09-22,32189.3203,32535.6699,32154.5293,32402.4102
2023-09-25,32517.2598,32722.2207,32388.2793,32678.6191
2023-09-26,32640.0508,32643.4102,32315.0508,32315.0508
2023-09-27,32023.3691,32371.9004,31960.3203,32371.9004
2023-09-28,32119.3691,32164.4492,31674.4199,31872.5195
2023-09-29,32018.6406,32027.4609,31717.7402,31857.6191
2023-10-02,32101.9707,32401.5801,31759.8809,31759.8809
2023-10-03,31607.9707,31607.9707,31157.4004,31237.9395
2023-10-04,30765.0293,30830.8496,30487.6699,30526.8809
2023-10-05,30733.6504,31083.9004,30565.3203,31075.3594
2023-10-06,31003.9492,31160.4492,30928.1602,30994.6699
2023-10-10,31314.6699,31818.2598,31314.6699,31746.5293
2023-10-11,31847.0996,32037.0703,31804.0898,31936.5098
2023-10-12,32120.9395,32494.6602,32120.9395,32494.6602
2023-10-13,32328.3906,32533.0801,32249.0293,32315.9902
2023-10-16,31983.0391,31999.7891,31564.3105,31659.0293
2023-10-17,32063.7891,32260.7695,31901.3906,32040.2891
2023-10-18,32033.8105,32101.4707,31866.9492,32042.2500
2023-10-19,31579.5391,31669.4199,31399.1699,31430.6191
2023-10-20,31164.8906,31428.9707,31093.9004,31259.3594
2023-10-23,31151.9805,31177.4102,30974.2598,30999.5508
2023-10-24,31157.0098,31210.2598,30551.6699,31062.3496
2023-10-25,31302.5098,31466.9199,31195.5801,31269.9199
2023-10-26,30902.9199,30943.3301,30567.6094,30601.7793
2023-10-27,30713.7891,31081.4805,30687.3301,30991.6895
2023-10-30,30663.4805,30762.5000,30538.2891,30696.9609
2023-10-31,30694.9609,30973.6602,30552.6504,30858.8496
2023-11-01,31311.2207,31601.6504,31301.5098,31601.6504
2023-11-02,31987.0195,32087.1309,31878.3594,31949.8906
2023-11-06,32450.8203,32766.5391,32395.5000,32708.4805
2023-11-07,32551.7695,32591.1094,32250.9297,32271.8203
2023-11-08,32457.2305,32512.1699,32049.3398,32166.4805
2023-11-09,32316.3906,32723.7109,32193.1992,32646.4609
2023-11-10,32491.2402,32598.9297,32248.2402,32568.1094
2023-11-13,32818.1484,32913.3086,32499.2793,32585.1094
2023-11-14,32760.5098,32836.2695,32667.4004,32695.9297
2023-11-15,33112.3086,33556.5195,33096.9297,33519.6992
2023-11-16,33399.5898,33614.1289,33233.8398,33424.4102
2023-11-17,33344.8516,33599.6289,33263.6719,33585.1992
2023-11-20,33559.6211,33853.4609,33352.6914,33388.0312
2023-11-21,33453.1484,33460.3203,33254.7305,33354.1406
2023-11-22,33182.9883,33593.5000,33182.9883,33451.8281
2023-11-24,33752.0508,33817.8594,33622.5703,33625.5312
2023-11-27,33710.0312,33811.4102,33397.0391,33447.6719
2023-11-28,33520.3906,33545.8516,33298.0391,33408.3906
2023-11-29,33244.4297,33516.2305,33179.0703,33321.2188
2023-11-30,33260.1406,33486.8906,33161.0703,33486.8906
2023-12-01,33537.4414,33551.5703,33397.4219,33431.5117
2023-12-04,33318.0703,33324.3789,33023.0391,33231.2695
2023-12-05,33022.3789,33089.8203,32726.6797,32775.8203
2023-12-06,32928.9219,33452.1289,32914.0898,33445.8984
2023-12-07,33165.7188,33195.8711,32814.6914,32858.3086
2023-12-08,32600.4707,32604.3496,32205.3809,32307.8594
2023-12-11,32665.0898,32933.0781,32650.0996,32791.8008
2023-12-12,33107.6484,33172.1289,32800.2383,32843.6992
2023-12-13,32973.4688,33104.4688,32864.3789,32926.3516
2023-12-14,33032.3008,33120.5508,32515.0391,32686.2500
2023-12-15,32760.5605,33122.3281,32732.6602,32970.5508
2023-12-18,32769.2305,32790.5781,32541.2305,32758.9805
2023-12-19,32774.2109,33219.3906,32654.4297,33219.3906
2023-12-20,33467.3203,33824.0586,33467.3203,33675.9414
2023-12-21,33276.8086,33337.8398,33097.7891,33140.4688
2023-12-22,33257.9492,33375.1914,33151.6992,33169.0508
2023-12-25,33414.5117,33414.5117,33221.5703,33254.0312
2023-12-26,33295.6797,33312.2617,33181.3594,33305.8516
2023-12-27,33532.9688,33755.7500,33521.5195,33681.2383
2023-12-28,33477.4688,33571.7305,33411.2383,33539.6211
2023-12-29,33458.6406,33652.7109,33305.1719,33464.1719
2024-01-04,33193.0508,33299.3906,32693.1797,33288.2891
2024-01-05,33397.5195,33568.0391,33257.4297,33377.4219
2024-01-09,33704.8281,33990.2812,33600.3203,33763.1797
2024-01-10,33896.3281,34539.0195,33885.7383,34441.7188
2024-01-11,34871.3281,35157.5586,34849.5703,35049.8594
2024-01-12,35601.6484,35839.6484,35362.2383,35577.1094
2024-01-15,35634.1211,36008.2305,35544.3203,35901.7891
2024-01-16,35909.1992,35955.6797,35587.5312,35619.1797
2024-01-17,35850.1797,36239.2188,35476.5195,35477.7500
2024-01-18,35371.2500,35728.0898,35371.2500,35466.1719
2024-01-19,35913.7188,36076.2305,35790.0703,35963.2695
2024-01-22,36294.1016,36571.8008,36225.9102,36546.9492
2024-01-23,36605.3008,36984.5117,36436.0703,36517.5703
2024-01-24,36415.6602,36471.3906,36104.8906,36226.4805
2024-01-25,36213.1406,36312.3594,35912.5391,36236.4688
2024-01-26,36003.0000,36060.3984,35687.5781,35751.0703
2024-01-29,35814.2891,36186.8711,35813.7695,36026.9414
2024-01-30,36196.6406,36249.0312,36039.3086,36065.8594
2024-01-31,35747.8906,36292.5312,35704.5781,36286.7109
2024-02-01,36008.5586,36146.3594,35924.6016,36011.4609
2024-02-02,36249.9883,36441.0898,36083.6094,36158.0195
2024-02-05,36419.3398,36452.6211,36213.0000,36354.1602
2024-02-06,36249.0781,36294.4805,36065.9805,36160.6602
2024-02-07,36002.9883,36195.5000,35854.6289,36119.9219
2024-02-08,36258.8398,36956.9688,36206.1992,36863.2812
2024-02-09,36915.4414,37287.2617,36807.0312,36897.4219
2024-02-13,37248.3594,38010.6914,37184.1016,37963.9688
2024-02-14,37712.8711,37825.8516,37594.4688,37703.3203
2024-02-15,38017.8281,38188.7383,37935.3594,38157.9414
2024-02-16,38517.3711,38865.0586,38361.5508,38487.2383
2024-02-19,38473.4102,38555.8398,38281.6992,38470.3789
2024-02-20,38510.3711,38742.3281,38288.0391,38363.6094
2024-02-21,38191.9688,38339.6992,38095.1484,38262.1602
2024-02-22,38508.0703,39156.9688,38508.0703,39098.6797
2024-02-26,39320.6406,39388.0781,39181.0312,39233.7109
2024-02-27,39260.7812,39426.2891,39113.0312,39239.5195
2024-02-28,39189.2188,39283.9492,39075.4688,39208.0312
2024-02-29,38935.5312,39250.1211,38876.8086,39166.1914
2024-03-01,39254.6914,39990.2305,39224.6406,39910.8203
2024-03-04,40201.7617,40314.6406,40001.5508,40109.2305
2024-03-05,39881.7305,40226.9883,39840.3398,40097.6289
2024-03-06,39792.3711,40147.7695,39769.0391,40090.7812
2024-03-07,40331.0586,40472.1094,39518.3984,39598.7109
2024-03-08,39809.5586,39989.3281,39551.6016,39688.9414
2024-03-11,39232.1406,39241.2812,38496.6602,38820.4883
2024-03-12,38470.3906,38841.8008,38271.3789,38797.5117
2024-03-13,39059.9492,39147.8008,38452.5703,38695.9688
2024-03-14,38591.7305,38840.3281,38400.1719,38807.3789
2024-03-15,38548.1602,38808.6797,38519.9414,38707.6406
2024-03-18,38960.9883,39769.1094,38935.4688,39740.4414
2024-03-19,39622.5781,40003.6016,39407.5000,40003.6016
2024-03-21,40511.5508,40823.3203,40452.1914,40815.6602
2024-03-22,40942.8789,41087.7500,40714.1406,40888.4297
2024-03-25,40798.9609,40837.1797,40414.1211,40414.1211
2024-03-26,40345.0391,40529.5312,40280.8516,40398.0312
2024-03-27,40517.1719,40979.3594,40452.2109,40762.7305
2024-03-28,40324.4219,40482.0195,40054.0586,40168.0703
2024-03-29,40277.4492,40521.7109,40268.1094,40369.4414
2024-04-01,40646.6992,40697.2188,39706.4492,39803.0898
2024-04-02,39892.5898,40151.0508,39707.8711,39838.9102
2024-04-03,39503.7188,39625.8984,39217.0391,39451.8516
2024-04-04,39928.3281,40243.0195,39773.1406,39773.1406
2024-04-05,39237.3906,39274.7617,38774.2383,38992.0781
2024-04-08,39391.9805,39617.3594,39197.0000,39347.0391
2024-04-09,39496.9492,39773.1289,39476.1289,39773.1289
2024-04-10,39582.3281,39708.6992,39510.4805,39581.8086
2024-04-11,39090.6797,39473.4805,39065.3086,39442.6289
2024-04-12,39722.0195,39774.8203,39457.7305,39523.5508
2024-04-15,39056.9297,39232.8008,38820.9492,39232.8008
2024-04-16,38750.6719,38764.8203,38322.3203,38471.1992
2024-04-17,38587.4688,38587.6094,37961.8008,37961.8008
2024-04-18,37745.0391,38216.7500,37644.9102,38079.6992
2024-04-19,37724.4688,37749.4805,36733.0586,37068.3516
2024-04-22,37240.9297,37511.8008,37052.6289,37438.6094
2024-04-23,37797.0586,37817.7812,37397.2695,37552.1602
2024-04-24,37871.9219,38460.0781,37857.4688,38460.0781
2024-04-25,38065.9102,38129.5312,37604.2305,37628.4805
2024-04-26,37725.6094,38097.5391,37550.6992,37934.7617
2024-04-30,38312.6602,38608.1719,38182.1094,38405.6602
2024-05-01,38107.3789,38433.3398,38036.2383,38274.0508
2024-05-02,38004.0117,38355.6016,37958.1914,38236.0703
2024-05-07,38636.2305,38863.1406,38541.9688,38835.1016
2024-05-08,38677.5703,38749.3516,38159.8516,38202.3711
2024-05-09,38242.9219,38429.8086,38072.2383,38073.9805
2024-05-10,38361.7891,38741.8789,38126.9102,38229.1094
2024-05-13,38211.6094,38273.3984,37969.5781,38179.4609
2024-05-14,38287.9883,38477.6797,38084.7109,38356.0586
2024-05-15,38533.0898,38816.6016,38335.6094,38385.7305
2024-05-16,38645.9609,38949.3789,38513.3281,38920.2617
2024-05-17,38561.0391,38842.4883,38539.5586,38787.3789
2024-05-20,38761.7109,39437.1602,38703.6992,39069.6797
2024-05-21,39232.1602,39346.1484,38942.2812,38946.9297
2024-05-22,38823.9102,38854.9883,38592.9414,38617.1016
2024-05-23,38803.1289,39129.4688,38617.4297,39103.2188
2024-05-24,38506.0312,38740.8203,38367.6992,38646.1094
2024-05-27,38766.2109,38900.0195,38667.9297,38900.0195
2024-05-28,38879.1484,38981.9688,38756.1289,38855.3711
2024-05-29,38880.5000,39141.9883,38524.2383,38556.8711
2024-05-30,38112.7695,38138.0312,37617.0000,38054.1289
2024-05-31,38173.2188,38526.9297,38087.6094,38487.8984
2024-06-03,38734.9492,39032.5000,38734.9492,38923.0312
2024-06-04,38702.5391,38895.0586,38591.7891,38837.4609
2024-06-05,38654.0898,38656.4102,38343.9805,38490.1719
2024-06-06,38841.6602,39011.9297,38693.5000,38703.5117
2024-06-07,38597.5508,38747.2695,38560.8516,38683.9297
2024-06-10,38689.7812,39081.5391,38689.7812,39038.1602
2024-06-11,39175.5898,39336.6602,39074.8789,39134.7891
2024-06-12,38865.1484,38945.9883,38809.3594,38876.7109
2024-06-13,39182.0586,39252.4414,38689.7891,38720.4688
2024-06-14,38587.5703,39025.6992,38554.7500,38814.5586
2024-06-17,38440.9805,38442.6992,37950.1992,38102.4414
2024-06-18,38433.4805,38519.0195,38332.8906,38482.1094
2024-06-19,38653.9102,38797.9688,38453.4102,38570.7617
2024-06-20,38410.3203,38637.6211,38263.0781,38633.0195
2024-06-21,38608.6602,38795.6797,38532.1289,38596.4688
2024-06-24,38497.4219,38905.4688,38416.0703,38804.6484
2024-06-25,38833.8984,39215.0703,38758.0703,39173.1484
2024-06-26,39364.7305,39788.6289,39233.5586,39667.0703
2024-06-27,39434.4688,39439.2383,39193.5117,39341.5391
2024-06-28,39593.0117,39783.6992,39485.7305,39583.0781
2024-07-01,39839.8203,39942.6914,39537.1016,39631.0586
2024-07-02,39543.6094,40113.4805,39457.6211,40074.6914
2024-07-03,40225.8281,40694.2109,40172.8516,40580.7617
2024-07-04,40747.5898,40971.2305,40604.1484,40913.6484
2024-07-05,41009.3594,41100.1289,40746.8906,40912.3711
2024-07-08,40863.1406,41112.2383,40780.6992,40780.6992
2024-07-09,40953.4102,41769.3516,40942.4414,41580.1719
2024-07-10,41444.3281,41889.1602,41430.3789,41831.9883
2024-07-11,42343.7188,42426.7695,42102.4609,42224.0195
2024-07-12,41668.8594,41754.7617,41188.2891,41190.6797
2024-07-16,41366.7891,41520.0703,41220.6484,41275.0781
2024-07-17,41416.1797,41466.4492,41054.7188,41097.6914
2024-07-18,40521.7109,40587.6289,40104.2188,40126.3516
2024-07-19,39965.9102,40212.8984,39824.5781,40063.7891
2024-07-22,39947.9492,39973.1992,39519.3906,39599.0000
2024-07-23,39864.0898,39927.8906,39519.9102,39594.3906
2024-07-24,39336.7383,39643.2695,39096.5000,39154.8516
2024-07-25,38524.1992,38557.7891,37825.5781,37869.5117
2024-07-26,37792.8711,38105.9609,37611.1914,37667.4102
2024-07-29,38139.1211,38719.6992,38010.0117,38468.6289
2024-07-30,38241.3516,38531.1602,38076.6992,38525.9492
2024-07-31,38140.7695,39188.3711,37954.3789,39101.8203
2024-08-01,38781.5586,38781.5586,37737.8789,38126.3281
2024-08-02,37444.1719,37471.5195,35880.1484,35909.6992
2024-08-05,35249.3594,35301.1797,31156.1191,31458.4199
2024-08-06,32077.3301,34911.8008,32077.3301,34675.4609
2024-08-07,34122.3516,35849.7695,33739.4609,35089.6211
2024-08-08,34645.7891,35379.6484,34207.1602,34831.1484
2024-08-09,35272.3398,35671.3086,34445.5703,35025.0000
2024-08-13,35490.5781,36232.5117,35476.7891,36232.5117
2024-08-14,36535.6016,36683.8906,36074.7109,36442.4297
2024-08-15,36381.3984,36885.1602,36381.3984,36726.6406
2024-08-16,37304.9297,38143.5508,37304.9297,38062.6719
2024-08-19,37863.7617,38125.2695,37318.0391,37388.6211
2024-08-20,37847.8516,38236.3906,37738.3008,38062.9219
2024-08-21,37653.3398,38026.0195,37605.8281,37951.8008
2024-08-22,38033.7812,38408.1914,37883.8594,38211.0117
2024-08-23,38278.1797,38424.2695,38053.4688,38364.2695
2024-08-26,38156.4102,38204.8086,37825.3086,38110.2188
2024-08-27,38066.3086,38365.6406,37911.3203,38288.6211
2024-08-28,38221.3789,38399.9102,38141.4883,38371.7617
2024-08-29,38119.9492,38401.1484,37970.1992,38362.5312
2024-08-30,38388.0391,38669.7891,38316.8711,38647.7500
2024-09-02,39025.3086,39080.6406,38476.5117,38700.8711
2024-09-03,38745.7617,38967.5586,38581.5508,38686.3086
2024-09-04,38039.9102,38080.0195,36879.3281,37047.6094
2024-09-05,36536.2500,37099.9609,36359.2305,36657.0898
2024-09-06,36815.0000,36898.2812,36235.6094,36391.4688
2024-09-09,35805.8203,36248.1211,35247.8711,36215.7500
2024-09-10,36386.1211,36537.0312,36001.5781,36159.1602
2024-09-11,36029.8984,36056.8711,35253.4297,35619.7695
2024-09-12,36185.6211,36902.2109,36172.2617,36833.2695
2024-09-13,36882.4102,36887.3984,36441.3398,36581.7617
2024-09-17,36601.9297,36663.1797,35828.5391,36203.2188
2024-09-18,36546.0391,36675.0703,36127.4492,36380.1719
2024-09-19,36958.9297,37394.5195,36958.9297,37155.3281
2024-09-20,37714.0703,37974.7188,37654.1094,37723.9102
2024-09-24,38171.3594,38427.1484,37902.9883,37940.5898
2024-09-25,37947.3516,38109.2383,37868.8398,37870.2617
2024-09-26,38266.7891,38925.6289,38240.6484,38925.6289
2024-09-27,39108.2695,39829.5586,38917.9805,39829.5586
2024-09-30,39117.8281,39126.3594,37797.9102,37919.5508
2024-10-01,38232.4688,38718.1289,38232.4688,38651.9688
2024-10-02,38136.1992,38213.5391,37651.0703,37808.7617
2024-10-03,38459.1289,38856.7500,38457.6211,38552.0586
2024-10-04,38594.7305,38735.2891,38501.8203,38635.6211
2024-10-07,39239.9219,39560.7812,39195.9297,39332.7383
2024-10-08,39021.1289,39117.0898,38817.5391,38937.5391
2024-10-09,39385.4883,39456.2812,39115.6289,39277.9609
2024-10-10,39575.8008,39616.5898,39282.1914,39380.8906
2024-10-11,39636.8711,39668.9297,39415.2617,39605.8008
2024-10-15,40047.1484,40257.3398,39910.5508,39910.5508
2024-10-16,39362.6289,39362.6289,39062.8516,39180.3008
2024-10-17,39263.8203,39299.7383,38911.1914,38911.1914
2024-10-18,39092.4688,39186.6406,38893.5195,38981.7500
2024-10-21,38960.1992,39119.6719,38775.5898,38954.6016
2024-10-22,38933.6016,38995.0312,38200.8203,38411.9609
2024-10-23,38397.2812,38514.3281,37987.6211,38104.8594
2024-10-24,37804.5195,38320.3906,37712.1914,38143.2891
2024-10-25,37954.7812,38028.1406,37713.0000,37913.9219
2024-10-28,37757.9492,38740.1719,37757.9492,38605.5312
2024-10-29,38524.3008,38903.6797,38416.8516,38903.6797
2024-10-30,39102.8906,39417.8789,39094.3008,39277.3906
2024-10-31,39179.7188,39249.2109,38832.2109,39081.2500
2024-11-01,38504.3516,38512.8281,37946.6602,38053.6719
2024-11-05,38274.2188,38620.1914,38159.7305,38474.8984
2024-11-06,38677.9492,39664.5312,38662.1719,39480.6719
2024-11-07,39745.2305,39884.0117,39020.2188,39381.4102
2024-11-08,39783.4492,39818.4102,39377.8711,39500.3711
2024-11-11,39417.2109,39598.7383,39315.6094,39533.3203
2024-11-12,39642.7812,39866.7188,39137.8906,39376.0898
2024-11-13,39317.1484,39377.2383,38600.2617,38721.6602
2024-11-14,38911.0391,39084.4414,38535.6992,38535.6992
2024-11-15,38749.5586,39101.6406,38642.9102,38642.9102
2024-11-18,38259.5898,38548.3008,38150.3906,38220.8516
2024-11-19,38396.7188,38560.1016,38246.3594,38414.4297
2024-11-20,38475.6992,38520.4492,38180.1484,38352.3398
2024-11-21,38352.8711,38374.6914,37945.2109,38026.1719
2024-11-22,38146.9805,38420.6289,38085.1289,38283.8516
2024-11-25,38679.9297,39053.6406,38672.1719,38780.1406
2024-11-26,38596.7617,38596.7617,38020.0781,38442.0000
2024-11-27,38327.8594,38332.4492,37988.9883,38134.9688
2024-11-28,37935.9414,38478.3203,37801.6211,38349.0586
2024-11-29,38205.0781,38270.0586,37986.9688,38208.0312
2024-12-02,38216.9492,38552.4102,37958.5508,38513.0195
2024-12-03,38748.6484,39427.3711,38746.0508,39248.8594
2024-12-04,39354.0000,39417.0781,39062.0312,39276.3906
2024-12-05,39610.4297,39632.3008,39323.0391,39395.6016
2024-12-06,39371.5586,39468.4688,38940.4414,39091.1719
2024-12-09,39332.5508,39332.5508,38972.7812,39160.5000
2024-12-10,39375.4883,39465.1406,39171.6914,39367.5781
2024-12-11,39357.7695,39401.9297,39112.8008,39372.2305
2024-12-12,39849.9688,40091.5508,39827.5898,39849.1406
2024-12-13,39624.0508,39734.9883,39247.4102,39470.4414
2024-12-16,39551.2188,39632.1719,39371.4219,39457.4883
2024-12-17,39589.6484,39796.2188,39364.6797,39364.6797
2024-12-18,39176.8789,39382.6914,39081.7109,39081.7109
2024-12-19,38522.2695,38913.0703,38355.5195,38813.5781
2024-12-20,38950.2812,39039.6797,38701.8984,38701.8984
2024-12-23,39040.7188,39210.1719,38847.1289,39161.3398
2024-12-24,39210.2305,39245.7500,38995.7617,39036.8516
2024-12-25,39168.5195,39180.5898,38927.1602,39130.4297
2024-12-26,39129.3086,39592.2812,39110.9219,39568.0586
2024-12-27,39672.1484,40398.2305,39669.3906,40281.1602
2024-12-30,40325.7812,40325.7812,39864.4609,39894.5391
2025-01-06,39945.4219,39993.5000,39232.7812,39307.0508
2025-01-07,39584.3594,40288.8008,39584.3594,40083.3008
2025-01-08,39879.3594,40105.7188,39705.8086,39981.0586
2025-01-09,39888.9102,39930.0703,39385.0508,39605.0898
2025-01-10,39550.2500,39591.4609,39166.0508,39190.3984
2025-01-14,39010.9609,39054.3516,38305.9102,38474.3008
2025-01-15,38721.6094,38774.9883,38316.0117,38444.5781
2025-01-16,38732.6484,38932.5391,38426.1992,38572.6016
2025-01-17,38454.1016,38503.9414,38055.6797,38451.4609
2025-01-20,38671.7695,39032.9297,38671.7695,38902.5000
2025-01-21,39163.5312,39238.2109,38643.8398,39027.9805
2025-01-22,39355.2188,39694.5703,39332.6289,39646.2500
2025-01-23,39810.0586,40036.0703,39677.2188,39958.8711
2025-01-24,40060.4883,40279.7891,39806.6914,39931.9805
2025-01-27,40127.7383,40255.6797,39520.7891,39565.8008
2025-01-28,39400.0195,39448.5508,38886.0508,39016.8711
2025-01-29,39273.8008,39448.2383,39129.1406,39414.7812
2025-01-30,39302.8516,39600.9297,39221.3594,39513.9688
2025-01-31,39574.3789,39681.8203,39458.9492,39572.4883
2025-02-03,38932.6602,38948.6094,38401.8203,38520.0898
2025-02-04,39078.6602,39192.5117,38590.9609,38798.3711
2025-02-05,38979.2109,39118.9492,38682.1797,38831.4805
2025-02-06,38977.5781,39190.1289,38851.5117,39066.5312
2025-02-07,38907.7617,39007.9414,38753.1992,38787.0195
2025-02-10,38736.3711,38895.7383,38606.3203,38801.1719
2025-02-12,39049.1211,39102.6484,38794.2383,38963.6992
2025-02-13,39225.5000,39581.4688,39112.1719,39461.4688
2025-02-14,39419.2500,39543.9297,39133.9414,39149.4297
2025-02-17,39094.0898,39238.7500,39021.2305,39174.2500
2025-02-18,39187.9883,39508.5508,39151.7109,39270.3984
2025-02-19,39230.6211,39298.0508,38994.6992,39164.6094
2025-02-20,38942.9102,38967.0117,38468.7188,38678.0391
2025-02-21,38523.0703,38808.8086,38456.5312,38776.9414
2025-02-25,38359.6719,38485.9492,38131.7891,38237.7891
2025-02-26,38143.6797,38175.2383,37742.7617,38142.3711
2025-02-27,38251.1094,38369.9609,38061.9414,38256.1719
2025-02-28,37853.4805,37925.2812,36840.1211,37155.5000
2025-03-03,37617.5000,37827.6211,37372.2617,37785.4688
2025-03-04,37532.0117,37587.4883,36816.1602,37331.1797
2025-03-05,37345.7383,37606.3398,37178.7188,37418.2383
2025-03-06,37654.9492,37874.3789,37580.8789,37704.9297
2025-03-07,37198.3008,37221.6484,36813.6211,36887.1719
2025-03-10,36972.5898,37113.4805,36705.0195,37028.2695
2025-03-11,36584.3711,36793.1094,35987.1289,36793.1094
2025-03-12,36763.1016,36956.3281,36658.8594,36819.0898
2025-03-13,37081.6406,37326.2695,36776.9414,36790.0312
2025-03-14,36606.7812,37154.3906,36594.0391,37053.1016
2025-03-17,37453.8281,37563.2695,37377.5508,37396.5195
2025-03-18,37868.5703,38004.1992,37822.8711,37845.4219
2025-03-19,37839.3906,38128.5781,37751.8789,37751.8789
2025-03-21,37619.3711,37968.0195,37619.3711,37677.0586
2025-03-24,37841.6797,37841.6797,37608.4883,37608.4883
2025-03-25,37953.1484,38115.6484,37686.2617,37780.5391
2025-03-26,38106.6602,38220.6914,37873.2812,38027.2891
2025-03-27,37750.6602,37859.0586,37556.7500,37799.9688
2025-03-28,37357.5195,37359.9492,36864.9297,37120.3281
2025-03-31,36440.1797,36440.1797,35541.7188,35617.5586
2025-04-01,35961.1914,36052.5391,35537.8594,35624.4805
2025-04-02,35751.0195,35778.8984,35426.3281,35725.8711
2025-04-03,35041.6719,35044.7305,34102.0000,34735.9297
2025-04-04,34304.6602,34320.1094,33259.7617,33780.5781
2025-04-07,33154.9688,33158.8711,30792.7402,31136.5801
2025-04-08,31729.1094,33257.1602,31703.6895,33012.5781
2025-04-09,32529.2305,32565.8398,31258.1797,31714.0293
2025-04-10,32321.2109,34639.3906,32320.6602,34609.0000
2025-04-11,33951.2500,33953.2891,32626.5801,33585.5781
2025-04-14,34006.3711,34325.5898,33887.6992,33982.3594
2025-04-15,34349.0117,34459.0000,34266.3086,34267.5391
2025-04-16,34249.8203,34329.2695,33658.4688,33920.3984
2025-04-17,33987.0117,34379.1289,33931.5312,34377.6016
2025-04-18,34353.8789,34758.9688,34224.5703,34730.2812
2025-04-21,34556.2305,34610.6016,34216.9805,34279.9219
2025-04-22,34111.1406,34340.5703,34109.8516,34220.6016
2025-04-23,34787.9297,35142.1211,34682.2812,34868.6289
2025-04-24,35194.7109,35287.9492,34960.6484,35039.1484
2025-04-25,35387.6719,35835.2812,35337.9805,35705.7383
2025-04-28,35962.8008,36075.2617,35773.4883,35839.9883
2025-04-30,35946.8789,36056.5195,35793.3281,36045.3789
2025-05-01,36197.0391,36544.1484,36040.0508,36452.3008
2025-05-02,36636.5508,36976.5117,36606.5781,36830.6914
2025-05-07,36903.6602,36942.3789,36731.3906,36779.6602
2025-05-08,36863.3789,36977.3516,36606.7109,36928.6289
2025-05-09,37332.5703,37557.4102,37219.0312,37503.3281
2025-05-12,37697.2812,37726.4414,37417.3906,37644.2617
2025-05-13,38149.5312,38494.0586,38124.1992,38183.2617
2025-05-14,38199.0312,38325.8789,37851.8008,38128.1289
2025-05-15,37832.3594,37876.8398,37633.3594,37755.5117
2025-05-16,37748.5781,37786.4297,37479.2109,37753.7188
2025-05-19,37572.3594,37656.2305,37445.9297,37498.6289
2025-05-20,37723.6016,37921.8086,37455.6992,37529.4883
2025-05-21,37590.1484,37659.9414,37298.9805,37298.9805
2025-05-22,36931.8906,37100.4492,36855.8281,36985.8711
2025-05-23,37161.7383,37373.9102,37111.6289,37160.4688
2025-05-26,37209.2617,37531.5312,37167.0117,37531.5312
2025-05-27,37523.3711,37769.0508,37411.6797,37724.1094
2025-05-28,38094.7891,38178.7305,37709.7109,37722.3984
2025-05-29,38046.9688,38454.0703,38035.3203,38432.9805
2025-05-30,37912.4883,38114.4688,37748.1719,37965.1016
2025-06-02,37651.1797,37651.1797,37320.7188,37470.6719
2025-06-03,37598.3086,37729.4492,37446.8086,37446.8086
2025-06-04,37686.6602,37868.4219,37672.4688,37747.4492
2025-06-05,37590.3906,37732.8789,37527.8789,37554.4883
2025-06-06,37590.4414,37756.1484,37590.4219,37741.6094
2025-06-09,38028.7109,38178.0117,38018.2188,38088.5703
2025-06-10,38278.1719,38495.6992,38139.1016,38211.5117
2025-06-11,38431.1016,38529.6406,38288.2812,38421.1914
2025-06-12,38324.9297,38407.5703,38102.0508,38173.0898
2025-06-13,38130.2500,38141.5898,37540.1992,37834.2500
2025-06-16,38056.8594,38342.5195,38055.5195,38311.3281
2025-06-17,38366.6797,38581.2500,38333.3516,38536.7383
2025-06-18,38364.1602,38885.1484,38364.1602,38885.1484
2025-06-19,38858.5195,38870.5508,38488.3398,38488.3398
2025-06-20,38472.2500,38646.1602,38362.5391,38403.2305
2025-06-23,38260.6914,38368.2188,38026.3203,38354.0898
2025-06-24,38779.1797,38990.1094,38665.6094,38790.5586
2025-06-25,38904.1797,38944.7695,38711.1094,38942.0703
2025-06-26,39072.1406,39615.5898,39056.1406,39584.5781
2025-06-27,39866.3594,40267.8398,39847.3086,40150.7891
2025-06-30,40550.7891,40852.5391,40322.5391,40487.3906
2025-07-01,40340.6406,40345.8711,39885.3789,39986.3281
2025-07-02,39631.1719,39943.6211,39444.6992,39762.4805
2025-07-03,39796.7500,39865.8906,39667.8203,39785.8984
2025-07-04,39994.6406,40012.6602,39693.3984,39810.8789
2025-07-07,39729.5586,39829.3789,39524.2500,39587.6797
2025-07-08,39542.0703,39816.2695,39510.4805,39688.8086
2025-07-09,39942.8008,39971.0586,39573.3398,39821.2812
2025-07-10,39795.7500,39795.7500,39530.9492,39646.3594
2025-07-11,39886.5391,39957.8008,39497.6992,39569.6797
2025-07-14,39416.1016,39608.0195,39288.8984,39459.6211
2025-07-15,39525.8281,39678.0195,39379.3203,39678.0195
2025-07-16,39734.7383,39923.6094,39520.9609,39663.3984
2025-07-17,39492.0195,39910.9609,39370.4297,39901.1914
2025-07-18,40072.3906,40087.5898,39745.4219,39819.1094
2025-07-22,39864.6289,40275.8906,39586.5312,39774.9219
2025-07-23,40189.1797,41342.5898,40087.8594,41171.3203
2025-07-24,41657.9805,42065.8281,41554.1797,41826.3398
2025-07-25,41760.5781,41773.6992,41389.7891,41456.2305
2025-07-28,41515.9102,41534.2109,40997.8711,40998.2695
2025-07-29,40767.7695,40792.8516,40563.5312,40674.5508
2025-07-30,40744.5312,40744.5312,40556.6094,40654.6992
2025-07-31,40693.0000,41151.2500,40639.3203,41069.8203
2025-08-01,41029.8398,41064.7305,40588.1719,40799.6016
2025-08-04,40118.8086,40332.2500,39850.5195,40290.6992
2025-08-05,40521.0000,40649.3789,40421.8789,40549.5391
2025-08-06,40430.4609,40850.8906,40423.1289,40794.8594
2025-08-07,40668.1914,41164.1094,40668.1914,41059.1484
2025-08-08,41283.6992,42033.9219,41248.0508,41820.4805
2025-08-12,42098.3203,42999.7109,42083.5781,42718.1719
2025-08-13,43090.9102,43451.4609,43008.1992,43274.6719
2025-08-14,43129.1797,43199.8281,42606.7305,42649.2617
2025-08-15,42866.3789,43405.4297,42736.8594,43378.3086
2025-08-18,43452.8984,43835.1211,43390.2188,43714.3086
2025-08-19,43846.5508,43876.4219,43411.9688,43546.2891
2025-08-20,43400.6602,43425.7812,42724.1484,42888.5508
2025-08-21,42783.2617,42926.1094,42564.3008,42610.1719
2025-08-22,42629.8086,42720.5703,42331.3906,42633.2891
2025-08-25,42977.2695,43201.4219,42681.3711,42807.8203
2025-08-26,42619.6602,42703.2695,42137.6211,42394.3984
2025-08-27,42476.0898,42628.0391,42270.1797,42520.2695
2025-08-28,42308.1406,42828.7891,42299.7891,42828.7891
2025-08-29,42774.2891,42807.0312,42611.3086,42718.4688
2025-09-01,42362.7109,42454.9883,41835.1719,42188.7891
2025-09-02,42299.6289,42473.6719,42084.7812,42310.4883
2025-09-03,42085.6602,42293.5391,41863.1992,41938.8906
2025-09-04,42093.6992,42608.8008,42066.5898,42580.2695
2025-09-05,42983.4688,43220.9414,42783.5391,43018.7500
2025-09-08,43451.0703,43838.6016,43343.5781,43643.8086
2025-09-09,43907.5508,44185.7305,43452.7383,43459.2891
2025-09-10,43513.1602,43848.7695,43509.0195,43837.6719
2025-09-11,43876.2188,44396.9492,43870.5391,44372.5000
2025-09-12,44803.3008,44888.0195,44548.5703,44768.1211
2025-09-16,44948.8516,45055.3789,44616.3203,44902.2695
2025-09-17,44751.8398,45033.3398,44612.0703,44790.3789
2025-09-18,44910.5000,45508.6719,44815.3984,45303.4297
2025-09-19,45634.2891,45852.7500,44495.4609,45045.8086
2025-09-22,45193.7695,45757.7383,45193.7695,45493.6602
2025-09-24,45484.4102,45693.2812,45205.4688,45630.3086
2025-09-25,45600.0703,45824.6914,45503.3086,45754.9297
2025-09-26,45634.1992,45766.7695,45354.9883,45354.9883
2025-09-29,45113.2891,45152.6992,44890.1992,45043.7500
2025-09-30,45054.9609,45126.2305,44733.6016,44932.6289
2025-10-01,44831.9492,44874.4219,44357.6484,44550.8516
2025-10-02,44736.0312,45125.9609,44659.2188,44936.7305
2025-10-03,45042.5391,45778.6602,45042.5391,45769.5000
2025-10-06,46636.0703,48150.0391,46592.9883,47944.7617
2025-10-07,48281.1211,48527.3281,47904.3789,47950.8789
2025-10-08,47925.2188,48181.1211,47728.2695,47734.9883
2025-10-09,48035.4219,48597.0781,47995.2188,48580.4414
2025-10-10,48510.7188,48510.7188,47962.6094,48088.8008
2025-10-14,47446.7305,47865.6484,46544.0508,46847.3203
2025-10-15,47002.3008,47774.8281,46910.8281,47672.6719
2025-10-16,48107.4414,48317.3398,47937.7188,48277.7383
2025-10-17,47820.9688,48140.8984,47494.3086,47582.1484
2025-10-20,48332.7109,49185.5000,48254.8281,49185.5000
2025-10-21,49675.4297,49945.9492,49127.1992,49316.0586
2025-10-22,49252.0312,49458.2812,48613.6992,49307.7891
2025-10-23,48866.5781,48866.5781,48399.0508,48641.6094
2025-10-24,49095.2695,49435.3086,48965.7812,49299.6484
2025-10-27,49905.8008,50549.6016,49838.9805,50512.3203
2025-10-28,50357.1484,50485.8008,50107.7695,50219.1797
2025-10-29,50453.6406,51412.9688,50365.6211,51307.6484
2025-10-30,51146.2695,51657.2812,50972.5586,51325.6094
2025-10-31,51629.8008,52411.3398,51613.0312,52411.3398
2025-11-04,52294.3086,52636.8711,51497.1992,51497.1992
2025-11-05,51291.3906,51422.4219,49073.5781,50212.2695
2025-11-06,50792.5508,51248.2812,50594.1914,50883.6797
2025-11-07,50524.3086,50642.7891,49640.5586,50276.3711
2025-11-10,50645.2695,50969.5000,50392.4414,50911.7617
2025-11-11,51314.0391,51513.1602,50581.1719,50842.9297
2025-11-12,50988.5312,51072.2617,50537.5000,51063.3086
2025-11-13,51013.1484,51338.8906,50954.2695,51281.8281
2025-11-14,50767.7383,50767.7383,50246.6016,50376.5312
2025-11-17,50282.3906,50398.1602,49845.8594,50323.9102
2025-11-18,49812.9492,49971.5508,48661.5195,48702.9805
2025-11-19,48822.8789,49087.1094,48235.3008,48537.6992
2025-11-20,49129.2891,50574.8203,49113.3906,49823.9414
2025-11-21,49251.2617,49459.5898,48490.0312,48625.8789
2025-11-25,49113.8203,49182.3203,48511.9492,48659.5195
2025-11-26,49012.2500,49749.5898,48964.1914,49559.0703
2025-11-27,49868.7891,50322.1406,49865.1719,50167.1016
2025-11-28,50218.9609,50258.2500,49989.5391,50253.9102
2025-12-01,50318.5898,50366.7383,49215.9609,49303.2812
2025-12-02,49494.5781,49636.7891,49243.5508,49303.4492
2025-12-03,49540.6406,50138.6016,49521.2305,49864.6797
2025-12-04,49942.9414,51028.4219,49910.0586,51028.4219
2025-12-05,50530.3398,50634.8516,50215.4102,50491.8711
2025-12-08,50643.0898,50678.0508,50224.6484,50581.9414
2025-12-09,50677.3594,50793.6914,50417.1094,50655.1016
2025-12-10,50878.6602,51107.7695,50329.2695,50602.8008
2025-12-11,50818.3906,50875.9805,49926.2695,50148.8203
2025-12-12,50480.2305,51127.6914,50457.4219,50836.5508
2025-12-15,50352.0898,50432.1016,49965.6797,50168.1094
2025-12-16,50051.2383,50051.2383,49355.8711,49383.2891
2025-12-17,49413.1914,49571.5000,49077.8086,49512.2812
2025-12-18,49058.3086,49169.7891,48643.7812,49001.5000
2025-12-19,49387.7109,49766.9609,49257.1484,49507.2109
2025-12-22,50084.5508,50590.8789,49982.1992,50402.3906
2025-12-23,50374.4805,50544.5586,50264.4219,50412.8711
2025-12-24,50475.4805,50636.9492,50323.9219,50344.1016
2025-12-25,50450.1797,50510.1094,50283.7617,50407.7891
2025-12-26,50527.1289,50941.8906,50527.1289,50750.3906
2025-12-29,50691.2188,50707.2305,50347.6484,50526.9219
2025-12-30,50312.8516,50534.6406,50198.9688,50339.4805
2026-01-05,51010.2812,52033.2383,50995.6719,51832.8008
2026-01-06,52157.2188,52523.7695,52024.6211,52518.0781
2026-01-07,52144.6406,52404.1094,51830.3984,51961.9805
2026-01-08,51769.8281,51866.1914,51052.8281,51117.2617
2026-01-09,51367.9805,51986.9102,51189.1406,51939.8906
2026-01-13,52808.2891,53814.7891,52741.6406,53549.1602
2026-01-14,53827.2383,54487.3203,53792.6797,54341.2305
2026-01-15,54039.3984,54153.6094,53709.8711,54110.5000
2026-01-16,54071.2812,54130.6016,53706.7891,53936.1719
2026-01-19,53390.0508,53583.5703,53091.4492,53583.5703
2026-01-20,53348.5898,53408.3516,52852.8984,52991.1016
2026-01-21,52228.0781,52848.7812,52194.8086,52774.6406
2026-01-22,53327.3906,53922.5312,53242.3789,53688.8906
2026-01-23,53898.4492,54050.8398,53603.6797,53846.8711
2026-01-26,53023.2812,53138.6719,52656.0000,52885.2500
2026-01-27,52847.5391,53334.0312,52637.6602,53333.5391
2026-01-28,53023.8789,53507.1797,52788.1016,53358.7109
2026-01-29,53301.2617,53742.6914,52990.4219,53375.6016
2026-01-30,53434.7305,53590.2383,52923.1211,53322.8516
2026-02-02,53575.3711,54247.1484,52655.1797,52655.1797
2026-02-03,53332.1797,54782.8281,53307.7383,54720.6602
2026-02-04,54250.4102,54459.4102,53965.5117,54293.3594
2026-02-05,54289.0508,54459.0781,53653.0586,53818.0391
2026-02-06,53435.3711,54253.6797,52950.1484,54253.6797
2026-02-09,55130.6289,57337.0703,55018.5703,56363.9414
2026-02-10,56812.0117,57960.1914,56812.0117,57650.5391
2026-02-12,57864.7383,58015.0781,57554.4883,57639.8398
2026-02-13,57197.3281,57407.2500,56652.4805,56941.9688
2026-02-16,57212.9688,57219.1992,56748.1797,56806.4102
2026-02-17,56819.3711,56926.2383,56135.1211,56566.4883
2026-02-18,56734.2695,57392.8906,56734.2695,57143.8398
2026-02-19,57472.0781,57709.8203,57362.0117,57467.8281
2026-02-20,56979.7383,56979.7383,56680.8789,56825.6992
2026-02-24,56764.1406,57421.6719,56732.9297,57321.0898
2026-02-25,57695.3984,58875.1719,57656.5000,58583.1211
2026-02-26,58995.3906,59332.4297,58577.8398,58753.3906
2026-02-27,58606.0312,58924.1719,58130.5703,58850.2695
2026-03-02,57976.1992,58365.2109,57285.7695,58057.2383
2026-03-03,57729.8008,57890.7617,56091.5391,56279.0508
2026-03-04,55470.8789,55701.2695,53618.1992,54245.5391
2026-03-05,55204.1602,56619.9805,54910.3281,55278.0586
2026-03-06,54674.6016,55686.5586,54513.4297,55620.8398
2026-03-09,54608.6289,54608.6289,51407.6602,52728.7188
2026-03-10,53524.0898,54694.8906,53487.1914,54248.3906
2026-03-11,54917.9297,55745.3789,54882.5781,55025.3711
2026-03-12,54387.8984,54733.0781,53796.0117,54452.9609
2026-03-13,53587.3008,54065.3086,53286.6914,53819.6094
2026-03-16,53627.8594,53983.5117,53113.9492,53751.1484
2026-03-17,54286.2617,54388.4297,53482.5898,53700.3906
2026-03-18,54148.8398,55239.3984,54148.8398,55239.3984
2026-03-19,54287.8008,54333.0195,53190.1797,53372.5312
2026-03-23,52468.7188,52479.8086,50688.7617,51515.4883
2026-03-24,52380.6016,52701.9883,51645.1484,52252.2812
2026-03-25,53015.8008,54022.8789,53015.8008,53749.6211
2026-03-26,53855.1289,54175.8008,53176.7695,53603.6484
2026-03-27,53239.5898,53714.8984,52516.9219,53373.0703
2026-03-30,52054.6797,52054.6797,50566.9883,51885.8516
2026-03-31,51382.5312,52169.0117,50558.9102,51063.7188
2026-04-01,51959.4688,53739.6797,51902.8398,53739.6797
2026-04-02,54066.8281,54258.4805,52273.0703,52463.2695
2026-04-03,53039.3984,53426.3086,52925.1016,53123.4883
2026-04-06,53205.9297,54039.3398,53205.9297,53413.6797
2026-04-07,53571.2812,53916.3516,53156.9414,53429.5586
2026-04-08,54386.6484,56424.6289,54380.0195,56308.4219
2026-04-09,56199.8594,56406.4883,55763.0508,55895.3203
2026-04-10,56265.7695,57012.7695,56251.1797,56924.1094
2026-04-13,56421.4609,56765.7188,56232.7812,56502.7695
2026-04-14,57085.6484,57979.8203,57010.1797,57877.3906
2026-04-15,58265.1797,58585.9492,58028.7500,58134.2383
2026-04-16,58479.8281,59688.1016,58428.1914,59518.3398
2026-04-17,59255.0898,59381.2500,58475.8984,58475.8984
2026-04-20,58821.1602,59169.1289,58687.9609,58824.8906
2026-04-21,59031.5117,59611.9102,59004.7617,59349.1719
2026-04-22,59104.1094,59708.2109,59005.4805,59585.8594
2026-04-23,59758.6406,60013.9805,58621.4805,59140.2305
2026-04-24,59407.4414,59763.6797,59225.3711,59716.1797
2026-04-27,59880.7109,60903.9492,59608.6289,60537.3594
2026-04-28,60531.7812,60634.6602,59701.8398,59917.4609
2026-04-30,59484.7109,59560.5703,58928.1992,59284.9219
2026-05-01,59379.1211,59706.6992,59263.5000,59513.1211
2026-05-07,60241.3086,63091.1406,60213.0195,62833.8398
2026-05-08,62654.0117,62724.3594,62137.9492,62713.6484
2026-05-11,63203.4414,63385.0391,62380.6211,62417.8789
2026-05-12,62618.7188,63218.5117,62158.4297,62742.5703
2026-05-13,62398.0195,63347.9102,62318.8711,63272.1094
2026-05-14,63263.4609,63799.3203,62654.0508,62654.0508
2026-05-15,62878.7109,63235.7695,60937.3008,61409.2891
2026-05-18,61299.8711,61478.5508,60376.9805,60815.9492
2026-05-19,61202.8398,61456.3086,60256.3281,60550.5898
2026-05-20,60567.2695,60567.2695,59292.2500,59804.4102
2026-05-21,60374.8398,62043.5312,60282.3516,61684.1406
2026-05-22,61913.3594,63432.4102,61842.5586,63339.0703
2026-05-25,63658.9492,65408.8711,63562.5117,65158.1914
2026-05-26,65247.2383,65317.6914,64605.6914,64996.0898
2026-05-27,65777.8672,66428.8125,64999.4102,64999.4102
2026-05-28,64770.7617,65165.7500,63875.0391,64693.1211
2026-05-29,65133.9688,66505.0234,65133.9688,66329.5000
2026-06-01,66363.4297,67231.2812,66244.8438,66934.3281
2026-06-02,66629.6016,66748.0625,65551.1328,66734.2422
2026-06-03,67238.5312,68786.4922,67238.5312,68402.1328
2026-06-04,67860.8438,68051.9375,66920.7969,67470.6875
2026-06-05,67115.0000,67115.0000,65862.2109,66588.1172
2026-06-08,65947.5625,66115.1797,63406.6602,64024.6016
2026-06-09,64625.2617,65485.1602,63918.9609,65416.6289
2026-06-10,64952.3789,65098.8594,63733.0391,64179.2695
2026-06-11,63329.1719,64395.5000,62335.7500,64217.2695
2026-06-12,65176.2305,67065.9375,64998.1094,66020.0391
2026-06-15,66783.2188,69682.2266,66783.2188,69317.5000
2026-06-16,69288.9062,70020.6797,69095.6719,69404.5000
2026-06-17,69005.8828,70125.7500,68985.6328,69902.2500
2026-06-18,70163.7109,71398.5781,70092.9375,71053.4922
2026-06-19,71551.0312,71952.9922,70517.9766,71250.0625
2026-06-22,71067.1484,72831.7266,71009.5234,72353.9609
2026-06-23,72404.3672,72618.4375,69788.3828,69788.3828
2026-06-24,69615.0781,70218.7109,68461.1016,69174.9688
2026-06-25,70114.0938,72594.2188,69982.6719,72366.3438
2026-06-26,71587.7109,71786.2812,68639.8438,69360.8828
2026-06-29,69609.8828,69609.8828,67997.5703,69468.1094
2026-06-30,70085.6016,70667.0000,69302.1875,70062.3203
2026-07-01,70774.2812,71962.3438,70126.1406,70474.9609
2026-07-02,70039.8906,70081.3906,68676.2578,68733.1484
2026-07-03,68676.0625,69788.0312,67609.4922,69744.0703
2026-07-06,69973.3438,70384.5938,68904.4062,69737.6875
2026-07-07,69460.0781,69957.5078,68003.9219,68256.9609
2026-07-08,67704.1562,68432.6797,66819.0469,66819.0469
2026-07-09,67046.3672,68447.8906,67008.8906,67743.8516
2026-07-10,68526.7188,69374.8594,68271.9062,68557.7266
2026-07-13,68410.6328,69078.2109,66653.1094,67242.7266
2026-07-14,67002.9375,67800.1797,66268.6016,67743.5000
2026-07-15,67989.7422,68798.2422,67833.1719,68751.5078
2026-07-16,67900.4297,68069.8203,66499.4922,66835.5391
2026-07-17,66339.8516,66441.7734,62704.6016,64141.1211
2026-07-21,64544.0508,66232.1875,64203.4688,66232.1875
2026-07-22,66449.2734,67592.2031,65955.6016,66115.6016
2026-07-23,66421.0078,67022.3672,66208.6562,66422.6016
2026-07-24,65584.2500,65720.8125,64201.0312,64611.1484
2026-07-27,65164.9805,65220.6914,64123.3984,64931.1914
2026-07-28,64539.9219,64573.1797,61923.6016,62364.9219
2026-07-29,62734.6797,63138.0391,60448.8984,61434.1914
2026-07-30,61258.3398,62924.8398,61049.6992,61867.4297
2026-07-31,61957.1016,65364.7305,61948.2305,64362.0195
2026-08-03,63834.9492,63905.1211,62703.4688,63754.8984
2026-08-04,63995.2812,64240.5000,62864.4297,63957.5312
2026-08-05,64565.2695,66302.5234,64555.5195,66300.4375
2026-08-06,65896.0000,65983.1328,64942.0703,65683.2578
2026-08-07,65746.1328,65990.7188,64651.4883,65606.7109
2026-08-10,65905.1016,67006.8438,65848.5781,66970.2188
2026-08-12,66994.0469,67569.3594,66735.7578,67524.0625
2026-08-13,68033.1719,68799.7109,68006.1719,68308.5938
