Date,Open,High,Low,Close
2001-07-13,19.7764,20.1292,19.3059,19.8721
2001-07-16,19.5165,19.5712,18.7205,18.7205
2001-07-17,18.5865,19.4892,18.5728,19.4892
2001-07-18,18.9011,19.0406,18.6822,18.6822
2001-07-19,19.8037,19.8858,19.4755,19.4755
2001-07-20,19.0789,19.3934,19.0789,19.3798
2001-07-23,19.4892,19.4892,18.7917,18.7917
2001-07-24,18.6822,18.6822,18.2719,18.2856
2001-07-25,18.2172,18.5592,17.9574,17.9574
2001-07-26,18.7506,19.8174,18.6822,19.6259
2001-07-27,19.8311,20.2961,19.8311,20.0800
2001-07-30,20.1839,20.3891,20.0472,20.2140
2001-07-31,20.6243,20.6243,20.2140,20.2140
2001-08-01,20.9936,21.5270,20.9936,21.2671
2001-08-02,21.8005,21.8689,21.6501,21.6774
2001-08-03,21.6774,21.6774,21.2671,21.4039
2001-08-06,20.9389,21.1030,20.8978,21.0209
2001-08-07,20.6790,20.6954,20.5149,20.6954
2001-08-08,20.6079,20.9389,20.4602,20.4602
2001-08-09,19.6943,19.8995,19.6943,19.8995
2001-08-10,19.8584,19.9678,19.8584,19.9405
2001-08-13,20.3781,20.4602,20.2687,20.4192
2001-08-14,20.5696,20.5696,20.5012,20.5012
2001-08-15,20.1730,20.1730,19.6998,19.6998
2001-08-16,19.1472,19.4481,18.9558,19.4481
2001-08-17,19.1472,19.1472,18.7643,18.7643
2001-08-20,18.8737,18.9968,18.7506,18.9695
2001-08-21,18.9558,18.9558,18.4908,18.4908
2001-08-22,18.6521,19.0652,18.4634,19.0652
2001-08-23,19.1773,19.4180,19.1281,19.1609
2001-08-24,19.4946,20.0909,19.4208,19.9870
2001-08-27,20.1046,20.6216,20.1046,20.4328
2001-08-28,20.0636,20.1456,19.9542,19.9542
2001-08-29,20.0499,20.0499,19.2567,19.2567
2001-08-30,18.5044,18.7369,18.4634,18.7369
2001-08-31,18.6002,19.0050,18.6002,18.8300
2001-09-04,18.7643,19.0023,18.3266,18.3266
2001-09-05,18.2555,18.2555,17.6702,17.6975
2001-09-06,17.5061,17.7796,16.7949,16.8769
2001-09-07,16.7265,17.4185,16.7265,17.0000
2001-09-10,16.9152,17.1614,16.9152,16.9836
2001-09-17,15.5913,16.0782,15.4272,15.4272
2001-09-18,15.3862,15.5147,15.1838,15.5147
2001-09-19,14.0513,14.2100,13.0475,14.2100
2001-09-20,13.5809,14.0048,13.2937,13.2937
2001-09-21,12.4184,13.2116,12.4184,12.6509
2001-09-24,13.4031,13.9091,13.4031,13.9091
2001-09-25,14.1416,14.1416,13.5398,13.5398
2001-09-26,13.8681,13.8681,13.1295,13.1569
2001-09-27,12.5825,12.7603,12.2789,12.7603
2001-09-28,13.0612,13.2663,12.8287,13.1159
2001-10-01,12.9107,12.9107,12.6782,12.6782
2001-10-02,12.9244,12.9244,12.4457,12.4457
2001-10-03,12.3089,13.7723,12.2816,13.6356
2001-10-04,13.9501,14.7543,13.6493,14.4288
2001-10-05,14.2237,14.6066,13.6492,14.5163
2001-10-08,14.2237,15.2357,14.1963,15.0990
2001-10-09,14.7434,14.7434,14.3741,14.4151
2001-10-10,14.3878,15.2357,14.2921,15.2357
2001-10-11,15.8074,16.6390,15.8074,16.5870
2001-10-12,16.1931,16.4256,15.8102,16.3025
2001-10-15,16.1794,16.1794,15.8539,15.9606
2001-10-16,16.2204,16.4529,16.0016,16.4529
2001-10-17,16.8633,16.9043,15.7828,15.7828
2001-10-18,15.3862,15.4956,15.0169,15.2084
2001-10-19,14.8938,15.3287,14.8938,15.3287
2001-10-22,15.1947,16.0837,15.1947,16.0837
2001-10-23,16.2478,16.4830,15.9770,16.0153
2001-10-24,16.4666,16.6554,16.3900,16.5186
2001-10-25,16.1657,17.2325,15.9606,17.2325
2001-10-26,17.3419,17.3830,17.0684,17.2982
2001-10-29,16.7538,16.7538,16.3435,16.3435
2001-10-30,15.7418,15.7418,15.3260,15.3588
2001-10-31,15.9497,16.4502,15.9250,15.9250
2001-11-01,16.2341,16.9426,16.2341,16.9043
2001-11-02,17.2188,17.2298,16.8249,17.0684
2001-11-05,17.6838,17.7495,17.5881,17.7495
2001-11-06,17.3966,18.2856,17.3966,18.2446
2001-11-07,18.1023,18.5756,18.0695,18.3759
2001-11-08,18.6002,19.0159,17.8616,17.8781
2001-11-09,18.0586,18.2172,17.8507,18.0230
2001-11-12,17.6702,18.4771,17.6428,18.3731
2001-11-13,19.0652,19.2567,18.8518,19.1883
2001-11-14,19.6943,19.6943,18.8464,19.2840
2001-11-15,19.1883,19.3524,18.9147,19.0925
2001-11-16,19.2156,19.2567,18.8737,19.0242
2001-11-19,19.2211,19.2375,18.6686,18.9448
2001-11-20,18.6959,18.7369,17.8699,17.8699
2001-11-21,17.7933,18.0941,17.6538,18.0941
2001-11-23,18.0941,18.4388,18.0941,18.3950
2001-11-26,18.6549,19.1472,18.6549,19.1363
2001-11-27,18.7096,19.6095,18.5920,19.1554
2001-11-28,18.8874,18.8874,18.3020,18.3020
2001-11-29,18.4087,18.8299,18.2309,18.8026
2001-11-30,18.5728,18.6357,18.3321,18.5564
2001-12-03,18.3540,18.5810,18.2309,18.3130
2001-12-04,18.6139,19.2156,18.6139,19.2156
2001-12-05,19.7627,20.8978,19.7627,20.7474
2001-12-06,20.6106,20.8732,20.3946,20.6106
2001-12-07,20.4602,20.4602,19.6943,19.8721
2001-12-10,19.8037,19.8037,19.4126,19.4481
2001-12-11,19.8037,20.0499,19.6423,19.6560
2001-12-12,19.8721,19.9487,19.4892,19.5986
2001-12-13,19.3524,19.3524,18.6713,18.6713
2001-12-14,18.8053,19.1910,18.6686,19.0542
2001-12-17,19.3196,19.5712,19.2813,19.4755
2001-12-18,19.6642,19.6642,19.4618,19.6259
2001-12-19,18.8737,19.1254,18.6139,18.6139
2001-12-20,18.3266,18.4087,17.6647,17.6729
2001-12-21,18.0531,18.1188,17.9437,18.1188
2001-12-24,18.0805,18.0805,17.9847,17.9847
2001-12-26,18.3513,18.4962,18.0859,18.2036
2001-12-27,18.3294,18.5263,18.3294,18.4853
2001-12-28,18.7096,18.8409,18.5181,18.6412
2001-12-31,18.6549,18.6549,18.1352,18.1899
2002-01-02,18.5728,18.9284,18.4361,18.9284
2002-01-03,19.2840,20.4383,19.2840,20.3781
2002-01-04,20.7611,20.7857,19.9405,20.3070
2002-01-07,20.5149,20.5149,19.8037,19.8612
2002-01-08,19.8201,20.2386,19.6806,19.9131
2002-01-09,20.2414,20.5450,19.8037,19.8037
2002-01-10,19.7244,19.8201,19.5493,19.5794
2002-01-11,19.9131,19.9131,19.4208,19.4755
2002-01-14,19.4208,19.4290,19.0816,19.0953
2002-01-15,19.3250,19.3250,18.8765,19.1472
2002-01-16,18.5865,18.7287,18.3376,18.3376
2002-01-17,18.6275,18.8053,18.3130,18.7780
2002-01-18,18.1899,18.5127,18.1899,18.2993
2002-01-22,18.4087,18.4087,17.4787,17.4787
2002-01-23,17.8480,18.0969,17.5334,17.9984
2002-01-24,18.1625,18.5236,18.1625,18.2774
2002-01-25,18.2637,18.6002,18.1899,18.4552
2002-01-28,18.7096,18.8464,18.4962,18.7807
2002-01-29,19.0789,19.0789,18.2938,18.3485
2002-01-30,18.2446,18.8190,18.2446,18.8190
2002-01-31,19.1472,19.1472,18.7178,18.9667
2002-02-01,18.8600,18.8600,18.7780,18.7780
2002-02-04,18.8053,18.8053,18.2993,18.4279
2002-02-05,18.3266,18.5291,18.1625,18.1625
2002-02-06,18.3266,18.3266,18.0121,18.1078
2002-02-07,17.8753,18.1352,17.5197,17.5197
2002-02-08,17.6702,17.9136,17.4021,17.9027
2002-02-11,18.0941,18.5947,18.0941,18.5947
2002-02-12,18.4361,18.8108,18.2665,18.4908
2002-02-13,18.8682,18.9147,18.8491,18.9011
2002-02-14,19.0953,19.1582,18.6877,18.7999
2002-02-15,18.6275,18.6275,18.3485,18.3485
2002-02-19,18.0531,18.0586,17.5443,17.5443
2002-02-20,17.7249,17.9027,17.1833,17.9027
2002-02-21,17.3255,17.4431,16.7538,16.7949
2002-02-22,16.8222,16.9207,16.5596,16.8660
2002-02-25,17.0000,17.8343,17.0000,17.7522
2002-02-26,17.8480,17.8890,17.3501,17.4924
2002-02-27,17.7522,17.9957,17.2927,17.4131
2002-02-28,17.5553,17.5553,16.8769,16.8769
2002-03-01,17.4377,18.4908,17.4377,18.4415
2002-03-04,18.7369,19.7353,18.5756,19.6533
2002-03-05,19.5986,20.1320,19.5986,19.9870
2002-03-06,19.8037,20.0226,19.4263,19.9460
2002-03-07,20.3781,20.4301,19.8174,20.1155
2002-03-08,20.5696,20.9307,20.5696,20.8432
2002-03-11,20.4329,20.6736,20.1183,20.4274
2002-03-12,19.5849,19.7818,19.4892,19.7025
2002-03-13,19.3524,19.4153,19.0105,19.1664
2002-03-14,19.3524,19.3524,19.0597,19.1144
2002-03-15,19.0925,19.4481,19.0925,19.3962
2002-03-18,19.8584,20.0499,19.5849,19.6259
2002-03-19,19.7326,19.9514,19.6806,19.7490
2002-03-20,19.2731,19.3524,19.0679,19.0679
2002-03-21,19.1472,19.5575,18.9777,19.5575
2002-03-22,19.5028,19.5986,19.3387,19.3387
2002-03-25,19.3934,19.5302,18.8108,18.8108
2002-03-26,18.8464,19.3360,18.7233,19.1062
2002-03-27,19.2019,19.2676,18.9749,19.1363
2002-03-28,19.5439,19.6943,19.4837,19.4837
2002-04-01,19.2567,20.1019,19.2567,19.9678
2002-04-02,19.7490,19.7490,19.3825,19.3825
2002-04-03,19.3250,19.3387,18.8135,18.9722
2002-04-04,19.1883,19.1883,18.8327,19.0378
2002-04-05,18.9558,18.9695,18.8190,18.8792
2002-04-08,18.2528,18.9011,18.1215,18.8190
2002-04-09,18.7506,18.7506,18.3403,18.3950
2002-04-10,18.4361,18.5181,17.9328,18.4634
2002-04-11,18.2172,18.4579,17.9820,18.0941
2002-04-12,18.2172,18.2446,17.8917,18.1899
2002-04-15,18.4634,18.6002,18.2172,18.5865
2002-04-16,19.4208,19.6834,19.3825,19.6013
2002-04-17,19.9405,20.2605,19.7682,20.0280
2002-04-18,19.6259,19.7627,19.1472,19.4290
2002-04-19,19.5575,19.6806,19.1199,19.1746
2002-04-22,18.9011,18.9011,18.6822,18.8327
2002-04-23,18.9147,19.1062,18.3923,18.4634
2002-04-24,18.6275,18.6822,17.8343,17.8617
2002-04-25,17.8343,18.0394,17.6018,18.0121
2002-04-26,18.1899,18.2172,17.2134,17.2325
2002-04-29,17.3556,17.7468,17.1176,17.2736
2002-04-30,17.3283,18.0121,17.3283,17.6428
2002-05-01,17.5881,17.9109,17.1149,17.7085
2002-05-02,17.6975,17.9847,16.9508,16.9863
2002-05-03,16.7538,16.7538,16.1247,16.2861
2002-05-06,16.4803,16.6307,15.9250,15.9606
2002-05-07,16.0153,16.1165,15.5503,15.8649
2002-05-08,17.0137,17.8152,16.9180,17.7249
2002-05-09,17.6702,17.7358,17.1505,17.4431
2002-05-10,17.2735,17.2735,16.3353,16.4612
2002-05-13,16.7265,17.3392,16.6855,17.3392
2002-05-14,18.3403,18.4908,18.0558,18.4525
2002-05-15,18.0531,18.9147,17.9054,18.3020
2002-05-16,18.3266,18.5701,18.0805,18.5701
2002-05-17,18.8190,18.8299,18.3266,18.5838
2002-05-20,18.4087,18.4361,18.1899,18.3513
2002-05-21,18.4087,18.4908,17.6948,17.8480
2002-05-22,17.6428,17.9164,17.3556,17.4076
2002-05-23,17.7796,17.7796,17.2325,17.7768
2002-05-24,17.1505,17.2571,17.0547,17.1505
2002-05-28,17.2325,17.2325,16.8769,17.0821
2002-05-29,16.6855,16.7511,16.5213,16.5651
2002-05-30,16.1931,16.5076,15.9606,16.3818
2002-05-31,16.5897,16.7949,16.3435,16.3572
2002-06-03,16.1657,16.1657,15.5229,15.5640
2002-06-04,15.5093,16.0837,15.4272,15.9032
2002-06-05,16.0563,16.0563,15.5913,15.9989
2002-06-06,15.5394,15.6050,15.2904,15.4245
2002-06-07,14.4425,14.9485,14.2237,14.9458
2002-06-10,14.9075,15.1099,14.7625,14.7926
2002-06-11,14.8418,14.8774,14.1553,14.1553
2002-06-12,14.3194,14.6203,13.9693,14.5902
2002-06-13,14.4726,14.8637,14.3167,14.3905
2002-06-14,13.6766,14.4972,13.6219,14.3604
2002-06-17,14.7297,15.2221,14.7297,15.0853
2002-06-18,15.0716,15.5093,14.9075,14.9075
2002-06-19,14.3741,14.5656,13.8818,13.9091
2002-06-20,14.1553,14.1553,13.1979,13.2937
2002-06-21,13.2690,13.4386,12.8697,12.9326
2002-06-24,12.9517,13.5809,12.7739,13.5125
2002-06-25,13.6082,13.6082,12.7056,12.7739
2002-06-26,12.1448,12.7739,12.1448,12.7220
2002-06-27,13.2663,13.4414,12.9244,13.3210
2002-06-28,13.3484,13.7067,13.0885,13.1049
2002-07-01,13.2116,13.3073,12.5141,12.5141
2002-07-02,12.3089,12.4047,11.9534,12.0600
2002-07-03,11.8303,12.4867,11.8303,12.4731
2002-07-05,13.1295,13.4988,13.0748,13.4988
2002-07-08,13.5262,13.5262,12.9928,12.9928
2002-07-09,12.8013,12.8150,12.5278,12.5278
2002-07-10,12.6782,12.6809,12.0600,12.1421
2002-07-11,11.9123,12.7521,11.8002,12.7521
2002-07-12,12.8560,13.1159,12.6591,13.0010
2002-07-15,12.6919,13.1295,12.5114,13.0338
2002-07-16,13.4578,13.8954,13.1295,13.3019
2002-07-17,14.1006,14.1006,13.0721,13.3620
2002-07-18,13.3128,13.4851,12.9955,13.0612
2002-07-19,12.7876,13.1733,12.6098,12.6919
2002-07-22,12.7192,12.9052,12.3089,12.4047
2002-07-23,12.3773,12.5305,11.7619,11.7619
2002-07-24,11.3789,12.2570,11.3789,12.2570
2002-07-25,11.8029,11.8029,10.6459,11.0999
2002-07-26,11.1328,11.1574,10.5994,10.8455
2002-07-29,11.2422,11.6333,11.0507,11.5978
2002-07-30,11.6361,12.0163,11.4391,11.9123
2002-07-31,11.6470,11.6661,11.2093,11.3242
2002-08-01,11.2422,11.4063,10.7006,10.7006
2002-08-02,10.6678,10.6678,10.1125,10.2602
2002-08-05,10.2575,10.2602,9.6037,9.6803
2002-08-06,10.0523,10.5200,10.0386,10.2575
2002-08-07,10.8455,10.8455,9.9839,10.4735
2002-08-08,10.2875,10.9413,10.1617,10.8620
2002-08-09,10.5583,10.8784,10.4790,10.8045
2002-08-12,10.4763,10.5857,10.4352,10.5447
2002-08-13,10.5583,10.8893,10.1645,10.1645
2002-08-14,10.1344,10.8182,10.0140,10.7854
2002-08-15,10.9823,11.1492,10.6951,11.0097
2002-08-16,10.9139,11.8576,10.9003,11.6935
2002-08-19,11.6935,12.3773,11.6771,12.2433
2002-08-20,12.0354,12.0354,11.6661,11.7208
2002-08-21,12.0764,12.3062,11.7810,12.2132
2002-08-22,12.2132,12.5332,12.0491,12.2816
2002-08-23,11.8713,11.9999,11.4883,11.5540
2002-08-26,11.4883,11.6579,11.2176,11.5677
2002-08-27,11.6114,11.6114,10.9686,11.0507
2002-08-28,10.6814,10.9057,10.4270,10.4790
2002-08-29,10.2575,10.6705,10.1453,10.5146
2002-08-30,10.2957,10.6267,10.2957,10.3942
2002-09-03,10.1863,10.1863,9.8198,9.8745
2002-09-04,9.8472,10.0250,9.5599,9.9292
2002-09-05,9.7377,9.7377,9.4861,9.5080
2002-09-06,10.0933,10.1344,9.9867,10.0687
2002-09-09,9.7925,10.0632,9.6967,10.0386
2002-09-10,10.0660,10.4462,10.0386,10.2684
2002-09-11,10.7225,10.7225,10.4243,10.4352
2002-09-12,10.0523,10.1043,9.7706,9.7706
2002-09-13,9.6557,9.8526,9.5463,9.6283
2002-09-16,9.4642,9.4642,9.1360,9.2044
2002-09-17,9.6010,9.6010,8.9609,9.0101
2002-09-18,8.8351,9.0266,8.7011,8.8488
2002-09-19,8.6655,8.8570,8.5451,8.6327
2002-09-20,8.7202,8.7722,8.4549,8.5041
2002-09-23,8.3701,8.3701,7.9762,8.1212
2002-09-24,8.0391,8.4111,8.0200,8.1485
2002-09-25,8.3838,8.8433,8.2552,8.7120
2002-09-26,8.7941,8.8980,8.3619,8.5342
2002-09-27,8.3865,8.7120,8.3236,8.3318
2002-09-30,8.0692,8.1212,7.9543,8.0774
2002-10-01,8.2607,8.5342,7.9762,8.5342
2002-10-02,8.4795,8.8351,8.3318,8.3728
2002-10-03,8.2224,8.2607,8.0473,8.1239
2002-10-04,8.0829,8.0829,7.6151,7.6999
2002-10-07,7.4838,7.6261,7.3553,7.3553
2002-10-08,7.4674,7.4674,7.0708,7.2760
2002-10-09,7.1802,7.4264,7.0982,7.0982
2002-10-10,7.1392,7.8148,7.1392,7.6671
2002-10-11,8.0418,8.5424,8.0418,8.3564
2002-10-14,8.2470,8.4385,8.1376,8.3838
2002-10-15,9.1496,9.2153,8.9773,9.2153
2002-10-16,8.4248,8.4795,8.2060,8.2060
2002-10-17,8.8296,8.9500,8.7147,8.8269
2002-10-18,8.6190,9.0430,8.5342,8.9801
2002-10-21,8.8624,9.5326,8.7421,9.5326
2002-10-22,8.8351,9.1934,8.7804,8.8898
2002-10-23,9.0184,9.5873,8.8789,9.5736
2002-10-24,9.6830,9.9292,9.2618,9.3001
2002-10-25,9.3575,9.7651,9.3575,9.7487
2002-10-28,10.0660,10.1344,9.7596,9.8171
2002-10-29,9.8089,9.9019,9.1004,9.4888
2002-10-30,9.5764,10.1316,9.5216,10.0167
2002-10-31,10.1754,10.2520,9.9019,9.9839
2002-11-01,9.8745,10.5720,9.8745,10.4708
2002-11-04,10.9413,11.4309,10.8893,11.0370
2002-11-05,10.8045,11.0644,10.5720,10.8319
2002-11-06,10.9960,11.2422,10.6869,11.1355
2002-11-07,10.8045,10.8291,10.3395,10.3532
2002-11-08,10.3942,10.4571,10.0249,10.1754
2002-11-11,9.9292,9.9292,9.5080,9.6283
2002-11-12,9.7788,10.2684,9.7268,9.9839
2002-11-13,9.9702,10.2137,9.7788,9.9347
2002-11-14,10.3942,10.7717,10.2711,10.7498
2002-11-15,10.4489,10.8155,10.3997,10.7498
2002-11-18,11.0097,11.1382,10.7908,10.7908
2002-11-19,10.7307,10.8155,10.4517,10.5173
2002-11-20,10.6924,11.2805,10.6896,11.1957
2002-11-21,11.5841,12.1722,11.5704,12.1722
2002-11-22,11.8439,12.2241,11.8439,12.0600
2002-11-25,12.2679,12.5196,12.1476,12.4621
2002-11-26,12.1995,12.3089,11.8740,11.9424
2002-11-27,12.3089,12.7165,12.2542,12.6755
2002-11-29,12.8013,12.8013,12.3636,12.3636
2002-12-02,13.0885,13.1295,12.3773,12.5278
2002-12-03,12.1722,12.2077,11.7892,11.8604
2002-12-04,11.0781,11.3981,10.9851,11.1656
2002-12-05,11.2832,11.3188,10.9413,11.1054
2002-12-06,10.7361,11.1847,10.7361,10.9850
2002-12-09,10.7361,10.7498,10.2328,10.3258
2002-12-10,10.4489,10.8045,10.2848,10.7908
2002-12-11,10.5310,10.9413,10.4900,10.7088
2002-12-12,10.7361,10.9276,10.5255,10.5994
2002-12-13,10.3395,10.3915,10.2301,10.2602
2002-12-16,10.3122,10.7635,10.2192,10.7361
2002-12-17,10.5994,10.8674,10.4489,10.5064
2002-12-18,10.1207,10.1207,9.7542,9.8389
2002-12-19,9.8472,10.0058,9.5791,9.7624
2002-12-20,9.8198,9.9566,9.7131,9.7842
2002-12-23,9.8198,10.0714,9.8198,9.9702
2002-12-24,9.9566,9.9839,9.8198,9.8335
2002-12-26,10.0632,10.1645,9.7651,9.7924
2002-12-27,9.8362,9.8608,9.6830,9.7241
2002-12-30,9.8745,9.8745,9.4423,9.5189
2002-12-31,9.4369,9.5791,9.3165,9.4861
2003-01-02,9.6557,10.1316,9.4861,10.1152
2003-01-03,10.1070,10.3231,10.0140,10.2684
2003-01-06,10.4763,10.8975,10.4352,10.7908
2003-01-07,10.8866,11.0890,10.6705,10.7361
2003-01-08,10.5994,10.6130,10.2821,10.3340
2003-01-09,10.6130,10.8838,10.6130,10.6513
2003-01-10,10.5310,10.9686,10.4517,10.8893
2003-01-13,11.1410,11.1410,10.6130,10.7197
2003-01-14,10.6951,10.9604,10.6404,10.7498
2003-01-15,10.7361,10.7361,10.4216,10.5310
2003-01-16,10.5310,10.5310,10.1398,10.1617
2003-01-17,9.7788,9.8581,9.5599,9.5736
2003-01-21,9.7104,9.7350,9.4423,9.5107
2003-01-22,9.5052,9.6803,9.4423,9.4451
2003-01-23,9.7104,9.8362,9.5490,9.7870
2003-01-24,9.6010,9.6010,9.3001,9.3822
2003-01-27,9.2454,9.3630,9.1360,9.2044
2003-01-28,9.3001,9.3821,9.1360,9.3028
2003-01-29,9.1387,9.6393,9.1360,9.5463
2003-01-30,9.5599,9.5599,9.0840,9.0867
2003-01-31,8.6983,9.1196,8.6737,9.0266
2003-02-03,9.0266,9.2290,9.0238,9.0266
2003-02-04,8.8624,8.9773,8.8624,8.8843
2003-02-05,9.0266,9.2809,8.9171,8.9445
2003-02-06,8.9171,8.9636,8.7667,8.7859
2003-02-07,8.8761,8.8761,8.6956,8.6983
2003-02-10,8.6983,8.8433,8.5944,8.8433
2003-02-11,8.9035,9.0649,8.8241,8.8460
2003-02-12,8.8980,9.0101,8.8077,8.8433
2003-02-13,8.7530,8.8023,8.6190,8.7448
2003-02-14,8.8898,9.2864,8.8898,9.2864
2003-02-18,9.4150,9.6529,9.4150,9.6365
2003-02-19,9.6557,9.6666,9.3822,9.4998
2003-02-20,9.6420,9.7295,9.5490,9.7104
2003-02-21,9.6830,9.7077,9.4423,9.6420
2003-02-24,9.5736,9.7295,9.5244,9.5326
2003-02-25,9.3138,9.5435,9.1907,9.4533
2003-02-26,9.3876,9.5709,9.2098,9.2098
2003-02-27,9.3493,9.5189,9.2755,9.5134
2003-02-28,9.5736,9.8061,9.5709,9.8061
2003-03-03,9.9292,9.9402,9.4396,9.4423
2003-03-04,9.4369,9.4916,9.3274,9.3274
2003-03-05,9.3548,9.5134,9.3138,9.4396
2003-03-06,9.3274,9.4861,9.3274,9.4095
2003-03-07,9.1086,9.3493,9.1086,9.2591
2003-03-10,9.1907,9.2399,9.0566,9.0813
2003-03-11,9.0539,9.1606,9.0402,9.0402
2003-03-12,9.1633,9.3001,9.0019,9.2974
2003-03-13,9.5736,9.9839,9.4341,9.9702
2003-03-14,9.9839,10.1207,9.7377,9.7952
2003-03-17,9.7377,10.4708,9.6885,10.3805
2003-03-18,10.4216,10.5665,10.2711,10.5419
2003-03-19,10.3942,10.5118,10.2192,10.4489
2003-03-20,10.3122,10.6541,10.2602,10.4900
2003-03-21,10.6814,10.7881,10.5748,10.7635
2003-03-24,10.3942,10.4134,10.1809,10.1809
2003-03-25,10.2027,10.4763,10.1617,10.4134
2003-03-26,10.3942,10.5009,10.2848,10.3614
2003-03-27,10.1344,10.2793,10.0715,10.2027
2003-03-28,10.0933,10.2274,9.9073,9.9566
2003-03-31,9.7377,9.7487,9.5244,9.5572
2003-04-01,9.5736,9.7596,9.5736,9.6174
2003-04-02,10.1207,10.3231,10.0249,10.2575
2003-04-03,10.3122,10.4435,10.1398,10.2711
2003-04-04,10.1480,10.1836,9.8800,9.9976
2003-04-07,10.5036,10.5036,10.1207,10.1480
2003-04-08,9.9566,9.9566,9.7104,9.7268
2003-04-09,9.7268,9.8554,9.5764,9.6283
2003-04-10,9.5736,9.7350,9.5052,9.6174
2003-04-11,9.7925,9.7925,9.4943,9.5080
2003-04-14,9.6147,9.8143,9.5271,9.8143
2003-04-15,9.6147,9.9702,9.6037,9.8034
2003-04-16,10.1754,10.3778,10.1371,10.2383
2003-04-17,10.2985,10.7197,10.2383,10.6678
2003-04-21,10.6130,10.7471,10.5994,10.7170
2003-04-22,10.5310,11.0644,10.5310,11.0589
2003-04-23,11.0233,11.1793,10.9714,11.1355
2003-04-24,10.9686,11.0726,10.8784,10.9905
2003-04-25,10.6677,10.6896,10.4216,10.4790
2003-04-28,10.4790,10.7990,10.4790,10.7717
2003-04-29,10.9276,11.0780,10.8510,10.9960
2003-04-30,10.8647,10.9085,10.7307,10.7772
2003-05-01,10.7772,10.8428,10.5994,10.7690
2003-05-02,10.9085,11.1847,10.9085,11.1109
2003-05-05,11.2969,11.5841,11.1902,11.3188
2003-05-06,11.2969,11.6114,11.2969,11.4254
2003-05-07,11.2969,11.4911,11.1628,11.2422
2003-05-08,11.0233,11.1300,10.9714,10.9768
2003-05-09,11.2367,11.4883,11.2148,11.4883
2003-05-12,11.4610,11.7318,11.3953,11.7263
2003-05-13,11.5567,11.6470,11.4883,11.5321
2003-05-14,11.6661,11.6689,11.3023,11.5294
2003-05-15,11.7345,11.7865,11.5704,11.6579
2003-05-16,11.5978,11.6114,11.4227,11.5075
2003-05-19,11.2969,11.3516,10.9823,10.9850
2003-05-20,11.0917,11.1273,10.8674,10.9960
2003-05-21,10.9413,11.0589,10.8455,11.0425
2003-05-22,10.9960,11.2805,10.9714,11.1656
2003-05-23,11.1464,11.3215,11.1464,11.2422
2003-05-27,11.1875,11.8932,11.1875,11.8303
2003-05-28,11.8986,12.1038,11.8357,11.8768
2003-05-29,12.0217,12.3855,12.0217,12.2433
2003-05-30,12.3910,12.4867,12.3773,12.4184
2003-06-02,12.6372,12.6372,12.1366,12.1667
2003-06-03,12.0628,12.3609,12.0628,12.3281
2003-06-04,12.3910,12.8095,12.3910,12.7822
2003-06-05,12.4457,12.9627,12.4266,12.9244
2003-06-06,13.4715,13.4961,12.6399,12.7083
2003-06-09,12.4457,12.5278,12.2241,12.3636
2003-06-10,12.3637,12.5250,12.1722,12.4731
2003-06-11,12.0901,12.4731,11.9971,12.4731
2003-06-12,12.5004,12.5004,12.1749,12.3089
2003-06-13,12.1722,12.1722,11.8029,11.9123
2003-06-16,11.9260,12.2269,11.8330,12.1202
2003-06-17,12.2105,12.2406,11.9944,12.1941
2003-06-18,12.1448,12.5114,12.0327,12.4539
2003-06-19,12.6372,12.6372,12.2843,12.3363
2003-06-20,12.3363,12.3363,12.1229,12.1585
2003-06-23,12.0956,12.2214,11.7920,11.8330
2003-06-24,11.6935,11.8986,11.5704,11.7345
2003-06-25,11.8986,12.0682,11.7099,11.8029
2003-06-26,11.8439,12.1147,11.8357,12.0846
2003-06-27,12.1858,12.2105,11.9041,12.0053
2003-06-30,12.1311,12.2132,11.9260,11.9260
2003-07-01,11.8850,12.1476,11.6935,12.1476
2003-07-02,12.2679,12.5524,12.2624,12.5524
2003-07-03,12.3636,12.5825,12.3636,12.4156
2003-07-07,12.7466,13.1706,12.6919,13.1651
2003-07-08,13.1569,13.3593,12.9873,13.3210
2003-07-09,13.3073,13.6356,13.1788,13.4550
2003-07-10,13.2116,13.2526,12.9353,13.0064
2003-07-11,13.0201,13.1706,13.0201,13.1295
2003-07-14,13.5125,13.6356,13.4031,13.4715
2003-07-15,13.6219,13.7313,13.4113,13.4933
2003-07-16,13.6766,13.6766,13.2389,13.4715
2003-07-17,13.0694,13.1022,12.7521,12.8888
2003-07-18,12.9162,13.0420,12.5962,12.9244
2003-07-21,12.8697,12.8697,12.5606,12.6892
2003-07-22,12.9107,13.1405,12.8888,13.1104
2003-07-23,13.1022,13.3593,13.0010,13.3593
2003-07-24,13.3894,13.4441,12.9955,12.9955
2003-07-25,13.0201,13.2608,12.7466,13.2608
2003-07-28,13.1979,13.4523,13.1870,13.4195
2003-07-29,13.3620,13.3620,13.0256,13.1022
2003-07-30,13.1432,13.1432,12.9900,13.0201
2003-07-31,13.3347,13.5152,13.2116,13.2116
2003-08-01,13.2663,13.3757,13.1323,13.3757
2003-08-04,13.3484,13.4851,13.1432,13.4250
2003-08-05,13.4167,13.4167,12.9928,12.9928
2003-08-06,12.9517,13.0995,12.7876,12.8834
2003-08-07,12.8560,12.8888,12.6946,12.7739
2003-08-08,12.7876,12.8560,12.2706,12.4430
2003-08-11,12.4977,12.7247,12.4977,12.6700
2003-08-12,12.6645,12.9107,12.6645,12.9107
2003-08-13,12.9709,13.2937,12.9134,13.1487
2003-08-14,13.1842,13.3101,13.0994,13.2991
2003-08-15,13.2608,13.3347,13.2608,13.3347
2003-08-18,13.3429,13.9501,13.3429,13.9501
2003-08-19,13.9912,14.2237,13.9474,14.2237
2003-08-20,14.0048,14.3276,13.9665,14.0869
2003-08-21,14.3604,14.6449,14.2921,14.5519
2003-08-22,15.2631,15.3588,14.7735,14.8254
2003-08-25,14.7707,14.7954,14.5492,14.6449
2003-08-26,14.4698,14.7024,14.2948,14.7024
2003-08-27,14.7434,15.1482,14.7406,15.1482
2003-08-28,15.2357,15.3068,14.9403,15.2795
2003-08-29,15.2494,15.4245,15.1947,15.3725
2003-09-02,15.4272,15.4299,15.1127,15.3999
2003-09-03,15.3998,15.4381,14.9895,15.0990
2003-09-04,15.0716,15.4381,15.0224,15.3205
2003-09-05,15.3451,15.8594,15.2904,15.5229
2003-09-08,15.7828,16.0946,15.7582,16.0481
2003-09-09,16.0153,16.0563,15.7883,15.8649
2003-09-10,15.3725,15.4409,14.9212,14.9485
2003-09-11,15.1263,15.3506,14.7024,15.1592
2003-09-12,15.0443,15.4354,14.9102,15.2385
2003-09-15,15.3736,15.3818,14.9906,14.9988
2003-09-16,15.1958,15.5842,15.1274,15.5788
2003-09-17,15.5651,15.6636,15.4092,15.4830
2003-09-18,15.2833,15.6198,15.1821,15.5815
2003-09-19,15.5377,15.6581,15.3763,15.5213
2003-09-22,15.2915,15.3189,15.0918,15.1602
2003-09-23,15.2232,15.4010,15.1137,15.3846
2003-09-24,15.4502,15.4502,14.7007,14.7007
2003-09-25,14.8402,15.1821,14.6624,14.7034
2003-09-26,14.5256,14.6979,14.3478,14.4326
2003-09-29,14.6350,14.7581,14.3751,14.6760
2003-09-30,14.6213,14.6213,14.2411,14.3341
2003-10-01,14.4435,14.5803,14.3341,14.5475
2003-10-02,14.5803,14.8539,14.5803,14.7390
2003-10-03,15.2368,15.5104,15.1548,15.3462
2003-10-06,15.4010,15.4967,15.3216,15.4611
2003-10-07,15.4092,15.7976,15.2915,15.7839
2003-10-08,15.8386,15.8660,15.5925,15.6964
2003-10-09,15.9344,16.1341,15.7046,15.8058
2003-10-10,16.0028,16.0575,15.8687,16.0028
2003-10-13,16.1669,16.3092,15.9645,16.1122
2003-10-14,15.9207,16.2490,15.8824,16.2490
2003-10-15,16.6730,16.6839,16.2435,16.2818
2003-10-16,16.2763,16.4377,16.1833,16.4322
2003-10-17,16.4541,16.4815,15.9344,16.0110
2003-10-20,16.0110,16.1888,15.8933,16.1888
2003-10-21,16.4131,16.6538,16.3857,16.6183
2003-10-22,16.3721,16.3721,16.1259,16.2298
2003-10-23,15.6198,15.9070,15.5924,15.8660
2003-10-24,15.7976,15.8934,15.5268,15.8441
2003-10-27,16.1396,16.1396,15.9070,15.9946
2003-10-28,16.3447,16.9082,16.2982,16.9082
2003-10-29,16.9055,17.1845,16.7988,17.0970
2003-10-30,17.3295,17.3924,17.1107,17.2338
2003-10-31,17.2338,17.2338,16.9356,17.0423
2003-11-03,17.2611,17.6714,17.2447,17.6167
2003-11-04,17.5620,17.8192,17.5073,17.6933
2003-11-05,17.6441,17.8110,17.3760,17.8055
2003-11-06,17.9450,18.0708,17.6632,17.9915
2003-11-07,18.1912,18.2459,18.0216,18.0271
2003-11-10,18.0134,18.0325,17.4061,17.5018
2003-11-11,17.4526,17.5183,17.2639,17.4471
2003-11-12,17.7125,18.0872,17.6988,18.0872
2003-11-13,17.9450,18.1064,17.6167,17.8493
2003-11-14,17.7863,17.9040,17.2392,17.3514
2003-11-17,17.0423,17.1927,16.8098,17.0942
2003-11-18,17.3569,17.4253,16.8234,16.8371
2003-11-19,16.8918,17.1790,16.7824,17.1408
2003-11-20,16.9602,17.2638,16.7988,16.8097
2003-11-21,16.9876,17.1243,16.8234,17.0094
2003-11-24,17.2337,17.6441,17.2337,17.5620
2003-11-25,17.6714,17.8383,17.6167,17.6632
2003-11-26,17.9040,17.9176,17.5073,17.7508
2003-11-28,17.7672,17.9669,17.7590,17.9423
2003-12-01,18.1912,18.2486,17.8930,18.1173
2003-12-02,18.0544,18.1775,17.9723,17.9778
2003-12-03,18.1502,18.1885,17.6441,17.6714
2003-12-04,17.7125,17.8219,17.1271,17.4690
2003-12-05,17.0423,17.3104,16.8699,16.9630
2003-12-08,17.0149,17.0806,16.7003,16.9219
2003-12-09,16.9602,17.1216,16.0985,16.2216
2003-12-10,16.2490,16.4432,16.0712,16.3201
2003-12-11,16.3639,16.9301,16.3338,16.8781
2003-12-12,16.9876,17.0368,16.6921,16.8891
2003-12-15,17.2338,17.2338,16.3666,16.3666
2003-12-16,16.4268,16.4268,15.9371,16.3064
2003-12-17,16.2435,16.3557,16.0356,16.1450
2003-12-18,16.3037,16.7687,16.2927,16.6867
2003-12-19,16.6867,16.7933,16.4952,16.5827
2003-12-22,16.5362,16.7250,16.4651,16.5690
2003-12-23,16.6183,16.9301,16.6183,16.8563
2003-12-24,16.9055,17.0012,16.8234,16.8563
2003-12-26,16.9055,16.9930,16.9055,16.9465
2003-12-29,17.0012,17.2611,17.0012,17.2119
2003-12-30,17.2611,17.3842,17.1298,17.2420
2003-12-31,17.3021,17.3842,17.0559,17.1654
2004-01-02,17.3295,17.4362,17.1681,17.2338
2004-01-05,17.5483,17.8602,17.4800,17.7945
2004-01-06,17.8492,18.0544,17.7043,17.9860
2004-01-07,18.0407,18.1638,17.8520,18.1474
2004-01-08,18.5605,18.7438,18.2596,18.6891
2004-01-09,18.6015,18.9544,18.4401,18.6973
2004-01-12,18.8067,19.1623,18.6289,19.1623
2004-01-13,19.2033,19.2061,18.5331,18.7191
2004-01-14,18.7793,18.7930,18.4812,18.6343
2004-01-15,18.6152,18.9927,18.4456,18.8477
2004-01-16,19.0666,19.2170,18.8505,19.1924
2004-01-20,19.2991,19.3319,19.0009,19.1951
2004-01-21,18.8751,18.8751,18.5085,18.7082
2004-01-22,19.0118,19.0118,18.3635,18.4264
2004-01-23,18.3963,18.4757,18.0271,18.1365
2004-01-26,18.1912,18.5769,18.1638,18.5687
2004-01-27,18.3964,18.4729,18.0106,18.0106
2004-01-28,18.3280,18.3827,17.7945,17.8657
2004-01-29,18.0544,18.0544,17.3705,17.6605
2004-01-30,17.7125,17.8629,17.6441,17.7809
2004-02-02,17.9723,17.9833,17.4608,17.5073
2004-02-03,17.4389,17.6796,17.4389,17.5784
2004-02-04,17.3021,17.3459,17.0395,17.0477
2004-02-05,17.3432,17.3596,17.1243,17.2748
2004-02-06,17.5757,17.9888,17.4471,17.9176
2004-02-09,18.1091,18.1091,17.8411,17.8629
2004-02-10,17.8766,18.0106,17.8027,17.9040
2004-02-11,18.0407,18.3252,18.0243,18.2897
2004-02-12,18.1638,18.3799,17.9860,17.9860
2004-02-13,18.1912,18.1912,17.5839,17.7809
2004-02-17,17.9997,18.0708,17.8410,18.0134
2004-02-18,18.2185,18.3033,18.0544,18.1365
2004-02-19,18.6015,18.6015,17.9122,17.9176
2004-02-20,17.9040,17.9040,17.5265,17.7644
2004-02-23,17.7809,17.8055,17.0614,17.2201
2004-02-24,17.0970,17.4143,17.0286,17.2392
2004-02-25,17.3979,17.6386,17.3979,17.5757
2004-02-26,17.5757,17.8793,17.4389,17.7617
2004-02-27,17.8219,17.8602,17.4526,17.6249
2004-03-01,17.5210,17.9724,17.5073,17.9313
2004-03-02,18.1091,18.1802,17.8082,17.8082
2004-03-03,17.7535,17.7590,17.4827,17.5948
2004-03-04,17.6441,17.8082,17.6003,17.8082
2004-03-05,17.4800,17.9122,17.4800,17.7152
2004-03-08,17.7262,17.7973,17.0149,17.0149
2004-03-09,17.0149,17.0231,16.7113,16.9328
2004-03-10,16.9328,17.0587,16.4733,16.5936
2004-03-11,16.4678,16.8645,16.3721,16.3857
2004-03-12,16.6867,16.8453,16.6101,16.8399
2004-03-15,16.6867,16.6867,16.2763,16.3119
2004-03-16,16.5088,16.5909,16.2025,16.4952
2004-03-17,16.6593,16.8727,16.6593,16.8617
2004-03-18,16.7550,16.8152,16.4815,16.6128
2004-03-19,16.4405,16.5526,16.0301,16.0794
2004-03-22,15.8113,15.9782,15.6280,15.8414
2004-03-23,16.0301,16.0848,15.7183,15.8660
2004-03-24,15.9289,16.3037,15.9070,16.1396
2004-03-25,16.4405,16.8015,16.3310,16.7468
2004-03-26,16.6867,16.8234,16.6210,16.6292
2004-03-29,16.9602,17.0587,16.8234,16.9465
2004-03-30,16.7961,16.9274,16.6347,16.9055
2004-03-31,16.8918,17.0368,16.7222,16.8672
2004-04-01,17.0970,17.3268,17.0040,17.2064
2004-04-02,17.7809,17.8055,17.5046,17.7809
2004-04-05,17.8219,17.9176,17.6769,17.9176
2004-04-06,17.5757,17.6167,17.3842,17.5347
2004-04-07,17.5073,17.6167,17.2365,17.5128
2004-04-08,17.7535,17.7562,17.4252,17.5921
2004-04-12,17.6714,17.6824,17.4991,17.6222
2004-04-13,17.7535,17.7535,17.2775,17.3787
2004-04-14,17.2064,17.4499,17.0915,17.2064
2004-04-15,17.1708,17.1791,16.5554,16.7523
2004-04-16,16.3392,16.5198,16.1423,16.3775
2004-04-19,16.4487,16.6183,16.3228,16.5772
2004-04-20,16.6265,16.6757,16.0082,16.0630
2004-04-21,16.4049,16.6046,16.2654,16.4952
2004-04-22,16.2298,16.7687,16.1888,16.7086
2004-04-23,16.7523,16.9657,16.7523,16.9137
2004-04-26,16.8508,16.9164,16.4569,16.5362
2004-04-27,16.4815,16.6347,16.2353,16.2791
2004-04-28,16.0848,16.3009,15.8988,15.9371
2004-04-29,15.9481,15.9481,15.2314,15.3873
2004-04-30,15.4830,15.5924,15.0891,15.1274
2004-05-03,15.1903,15.5213,14.8675,15.0864
2004-05-04,15.3189,15.6472,15.2122,15.3873
2004-05-05,15.4940,15.7183,15.3873,15.6335
2004-05-06,15.3599,15.5842,15.2888,15.5514
2004-05-07,15.6663,15.9371,15.6198,15.6827
2004-05-10,15.4393,15.8003,15.4393,15.6335
2004-05-11,15.9070,16.0630,15.8359,15.8934
2004-05-12,15.8933,15.8933,15.3298,15.8386
2004-05-13,15.7566,15.9016,15.6581,15.7675
2004-05-14,15.8003,15.8003,15.4310,15.4666
2004-05-17,15.0481,15.3900,15.0481,15.1849
2004-05-18,15.5049,15.6390,15.4529,15.5241
2004-05-19,15.8934,16.1177,15.7046,15.7292
2004-05-20,15.8496,15.8496,15.5377,15.6390
2004-05-21,15.8250,15.8250,15.5924,15.7019
2004-05-24,15.9481,15.9617,15.7757,15.8715
2004-05-25,15.7949,16.3174,15.6499,16.2544
2004-05-26,16.2900,16.4131,16.1724,16.3146
2004-05-27,16.5608,16.6566,16.4323,16.5772
2004-05-28,16.6237,16.7359,16.5362,16.6921
2004-06-01,16.6210,16.7304,16.4295,16.5499
2004-06-02,16.4842,16.4842,16.2052,16.3228
2004-06-03,16.1396,16.1396,15.8359,15.8660
2004-06-04,16.1943,16.3310,16.1067,16.1478
2004-06-07,16.3748,16.7496,16.3666,16.7140
2004-06-08,16.5718,16.7140,16.5116,16.7140
2004-06-09,16.5581,16.5882,16.1642,16.1642
2004-06-10,16.3693,16.3830,16.1149,16.2052
2004-06-14,16.0438,16.0520,15.7538,15.8003
2004-06-15,16.0766,16.0985,15.8797,15.9344
2004-06-16,15.9207,15.9262,15.7703,15.8742
2004-06-17,15.6061,15.6225,15.3380,15.3681
2004-06-18,15.2095,15.5241,15.2095,15.3025
2004-06-21,15.4283,15.5213,15.1602,15.1684
2004-06-22,15.2642,15.6636,15.2505,15.6307
2004-06-23,15.7566,16.0274,15.6773,15.9891
2004-06-24,15.9891,16.1122,15.8113,15.8633
2004-06-25,15.9125,16.0301,15.8906,15.9590
2004-06-28,16.1450,16.1450,15.7292,15.7730
2004-06-29,15.8222,16.0766,15.8222,16.0766
2004-06-30,16.1450,16.3037,16.0356,16.2079
2004-07-01,16.0028,16.0028,15.5268,15.6089
2004-07-02,15.4830,15.4830,15.2915,15.3162
2004-07-06,15.0453,15.0590,14.5994,14.6760
2004-07-07,14.8183,14.9852,14.8183,14.8812
2004-07-08,14.8156,14.9742,14.7335,14.7335
2004-07-09,14.9496,15.0864,14.8949,14.9523
2004-07-12,14.5666,14.6760,14.4435,14.5967
2004-07-13,14.7198,14.7718,14.5338,14.6213
2004-07-14,14.0195,14.2739,13.9238,14.0195
2004-07-15,14.0332,14.2001,13.9156,14.0250
2004-07-16,14.1153,14.1153,13.6530,13.6995
2004-07-19,13.7460,13.8609,13.5818,13.7897
2004-07-20,13.7596,14.1289,13.7596,14.1289
2004-07-21,14.3341,14.3505,13.5052,13.5052
2004-07-22,13.6201,13.9922,13.4861,13.8827
2004-07-23,13.7186,13.7596,13.4314,13.4341
2004-07-26,13.4861,13.5353,13.1961,13.3138
2004-07-27,13.3931,13.4670,13.0758,13.3849
2004-07-28,13.2645,13.3986,12.9992,13.3220
2004-07-29,13.5135,13.7925,13.4560,13.7049
2004-07-30,13.7049,13.9648,13.6366,13.8663
2004-08-02,13.6858,13.9511,13.6858,13.8745
2004-08-03,13.8335,13.8390,13.3904,13.3904
2004-08-04,13.3220,13.6256,13.2426,13.5189
2004-08-05,13.5846,13.6776,13.3220,13.3220
2004-08-06,13.3384,13.3384,12.7393,12.8460
2004-08-09,12.8706,12.9281,12.7584,12.8433
2004-08-10,12.9800,13.0347,12.8706,13.0265
2004-08-11,12.3126,12.4658,12.2004,12.4220
2004-08-12,12.2852,12.3645,12.0363,12.1019
2004-08-13,12.1566,12.1566,11.9542,12.1457
2004-08-16,12.2879,12.3810,12.2442,12.3071
2004-08-17,12.5779,12.6572,12.5068,12.5123
2004-08-18,12.4056,12.9937,12.4056,12.9937
2004-08-19,12.9390,13.0293,12.7612,12.8816
2004-08-20,12.8159,13.0539,12.7749,12.9691
2004-08-23,13.0375,13.2372,13.0320,13.1004
2004-08-24,13.1031,13.1442,12.7284,12.8159
2004-08-25,12.7202,13.0129,12.6354,12.9499
2004-08-26,12.9472,12.9472,12.7749,12.8268
2004-08-27,12.8952,13.0046,12.8515,12.9253
2004-08-30,12.8296,12.8651,12.6053,12.6463
2004-08-31,12.5834,12.5971,12.2825,12.5123
2004-09-01,12.5478,12.8214,12.5478,12.6737
2004-09-02,12.6053,12.7858,12.5533,12.7585
2004-09-03,12.3974,12.4466,12.1457,12.1594
2004-09-07,12.2961,12.3372,12.0007,12.0527
2004-09-08,12.0363,12.1758,11.9624,11.9980
2004-09-09,12.3071,12.7694,12.2004,12.6654
2004-09-10,12.6873,13.1879,12.6737,13.1387
2004-09-13,13.3767,13.6201,13.2153,13.4013
2004-09-14,13.3767,13.4587,13.2481,13.4369
2004-09-15,13.2344,13.2344,12.9691,13.0402
2004-09-16,13.1660,13.2125,13.0156,13.0539
2004-09-17,13.1879,13.2919,13.0594,13.2755
2004-09-20,13.1989,13.7979,13.1688,13.6612
2004-09-21,13.7733,13.8855,13.6940,13.8171
2004-09-22,13.6721,13.6831,13.4040,13.4204
2004-09-23,13.4587,13.5818,13.3138,13.4724
2004-09-24,13.5408,13.5764,13.0703,13.1442
2004-09-27,12.9007,13.1414,12.8569,12.9554
2004-09-28,12.9417,12.9691,12.7065,12.8104
2004-09-29,12.8350,13.1059,12.8350,12.9992
2004-09-30,13.0539,13.2645,13.0457,13.1360
2004-10-01,13.3904,13.7487,13.3575,13.7487
2004-10-04,13.9511,14.1289,13.8691,13.8992
2004-10-05,13.8828,13.9840,13.6940,13.8527
2004-10-06,13.8417,13.9156,13.6666,13.9156
2004-10-07,13.9238,14.0441,13.7979,13.8144
2004-10-08,13.6502,13.7022,13.2727,13.3630
2004-10-11,13.3165,13.4013,13.1578,13.3876
2004-10-12,13.1250,13.2399,13.0074,13.1934
2004-10-13,13.5244,13.6639,13.3356,13.3986
2004-10-14,13.2946,13.3767,12.9800,13.0074
2004-10-15,13.1168,13.1660,12.9499,13.0320
2004-10-18,12.9937,13.1223,12.8350,13.1223
2004-10-19,13.4478,13.5572,13.2673,13.2673
2004-10-20,13.1633,13.4861,13.0730,13.3794
2004-10-21,13.4423,13.8745,13.4423,13.8034
2004-10-22,13.8554,13.8554,13.3220,13.3356
2004-10-25,13.3904,13.5654,13.3056,13.4451
2004-10-26,13.4943,13.4943,13.2591,13.3493
2004-10-27,13.4724,13.8745,13.3931,13.8472
2004-10-28,13.8691,14.0742,13.8280,13.9375
2004-10-29,13.9429,14.0086,13.7870,13.9156
2004-11-01,13.8800,13.9922,13.8417,13.9675
2004-11-02,13.9101,14.0879,13.7925,13.9074
2004-11-03,14.3642,14.3642,13.7624,13.8034
2004-11-04,13.6694,13.9484,13.6283,13.8910
2004-11-05,14.1426,14.2739,14.0195,14.1125
2004-11-08,14.1125,14.2329,14.0524,14.1180
2004-11-09,14.1289,14.1372,13.9703,14.0141
2004-11-10,14.0058,14.0058,13.7706,13.8062
2004-11-11,13.9101,14.1153,13.8855,14.0879
2004-11-12,14.1973,14.3697,14.0332,14.3423
2004-11-15,14.3122,14.6432,14.2575,14.5666
2004-11-16,14.4381,14.6131,14.3697,14.4736
2004-11-17,14.7663,15.0645,14.7089,14.8593
2004-11-18,14.7691,15.0700,14.6815,15.0535
2004-11-19,15.0125,15.0125,14.6022,14.6049
2004-11-22,14.5092,14.6596,14.4517,14.6569
2004-11-23,14.6843,14.7609,14.4627,14.5530
2004-11-24,14.6870,14.7226,14.5940,14.6733
2004-11-26,14.7198,14.7198,14.5858,14.5885
2004-11-29,14.7663,14.8320,14.4928,14.5557
2004-11-30,14.6077,14.6077,14.3615,14.3615
2004-12-01,14.4572,14.9633,14.4572,14.9633
2004-12-02,14.8402,15.1384,14.7964,14.8374
2004-12-03,15.2943,15.3873,15.1165,15.1274
2004-12-06,15.1411,15.2997,15.0043,15.2232
2004-12-07,15.2450,15.4064,14.9195,14.9222
2004-12-08,14.8402,14.8402,14.6186,14.6678
2004-12-09,14.2931,14.5967,14.1207,14.4873
2004-12-10,14.6049,14.6049,14.3286,14.3286
2004-12-13,14.5311,14.5311,14.3943,14.4572
2004-12-14,14.5885,14.7663,14.5885,14.6952
2004-12-15,14.7226,14.8730,14.6870,14.7581
2004-12-16,14.7581,14.8703,14.4736,14.5584
2004-12-17,14.5639,14.5748,14.3834,14.4216
2004-12-20,14.4435,14.5584,14.2466,14.2575
2004-12-21,14.3204,14.4846,14.2739,14.4545
2004-12-22,14.5119,14.5803,14.4463,14.5256
2004-12-23,14.5256,14.5967,14.4928,14.5584
2004-12-27,14.5830,14.6624,14.4134,14.4764
2004-12-28,14.4326,14.5529,14.4025,14.5010
2004-12-29,14.5311,14.7089,14.4846,14.6377
2004-12-30,14.6432,14.7417,14.6432,14.6979
2004-12-31,14.6952,14.7827,14.6624,14.7171
2005-01-03,14.8757,14.8812,14.4326,14.4709
2005-01-04,14.4709,14.5119,13.8362,14.0332
2005-01-05,13.9046,14.0578,13.7487,13.8116
2005-01-06,13.8417,13.9539,13.7132,13.7460
2005-01-07,13.8335,13.9785,13.6721,13.8144
2005-01-10,13.8335,13.9730,13.7815,13.8144
2005-01-11,13.5873,13.6530,13.4259,13.4970
2005-01-12,13.6666,13.7679,13.4724,13.6831
2005-01-13,13.6311,13.7350,13.5271,13.5518
2005-01-14,13.6639,13.8116,13.6393,13.7049
2005-01-18,13.6776,13.8308,13.6229,13.8171
2005-01-19,13.8007,13.8007,13.4259,13.4478
2005-01-20,13.3493,13.5271,13.3110,13.3220
2005-01-21,13.4560,13.4560,13.1852,13.1852
2005-01-24,13.2290,13.2290,12.8925,12.8925
2005-01-25,13.0758,13.1852,13.0758,13.1086
2005-01-26,13.3247,13.4943,13.0484,13.4533
2005-01-27,13.4642,13.6119,13.4013,13.6010
2005-01-28,13.6502,13.6776,13.3876,13.4670
2005-01-31,13.6776,13.7131,13.5846,13.6338
2005-02-01,13.6448,13.8362,13.6448,13.8007
2005-02-02,13.8554,13.8828,13.7487,13.8007
2005-02-03,13.6803,13.6995,13.5189,13.6065
2005-02-04,13.7925,14.1946,13.7624,14.1809
2005-02-07,14.1536,14.3122,14.1153,14.1426
2005-02-08,14.1207,14.5147,14.1207,14.4271
2005-02-09,14.4299,14.4299,14.0660,14.0770
2005-02-10,14.3341,14.3341,14.0578,14.1645
2005-02-11,14.1700,14.7116,14.1153,14.6131
2005-02-14,14.6432,14.7007,14.5666,14.6569
2005-02-15,14.7253,14.9250,14.6131,14.7390
2005-02-16,14.6268,14.7335,14.5256,14.6295
2005-02-17,14.5995,14.7198,14.3888,14.4107
2005-02-18,14.3669,14.4955,14.3615,14.3998
2005-02-22,14.2685,14.7308,14.2685,14.3724
2005-02-23,14.4982,14.4982,14.1618,14.3150
2005-02-24,14.4189,14.6323,14.2630,14.6241
2005-02-25,14.6761,14.9031,14.6022,14.8840
2005-02-28,14.9496,15.0481,14.6159,14.7061
2005-03-01,14.8949,15.0399,14.8375,15.0317
2005-03-02,15.0317,15.0317,14.7280,14.8156
2005-03-03,14.8128,14.8128,14.4818,14.6159
2005-03-04,14.7116,14.7992,14.5530,14.6131
2005-03-07,14.7034,14.9906,14.7007,14.8566
2005-03-08,14.7991,14.9906,14.6077,14.6323
2005-03-09,14.6979,14.7992,14.5420,14.5420
2005-03-10,14.5666,14.7526,14.4654,14.7335
2005-03-11,14.7909,14.8374,14.3368,14.4052
2005-03-14,14.4162,14.4846,14.3642,14.4271
2005-03-15,14.4982,14.5037,14.1727,14.1755
2005-03-16,14.1372,14.3341,13.9976,14.0359
2005-03-17,14.0633,14.1508,14.0195,14.0660
2005-03-18,14.0414,14.0524,13.8554,13.8855
2005-03-21,13.9730,14.0277,13.7952,13.9293
2005-03-22,14.0961,14.1016,13.7980,13.7980
2005-03-23,13.8992,14.0496,13.8992,13.9566
2005-03-24,14.0551,14.0961,13.9676,13.9758
2005-03-28,14.0907,14.1700,13.9429,13.9429
2005-03-29,13.9074,13.9976,13.7131,13.7131
2005-03-30,13.8554,14.0606,13.7897,14.0606
2005-03-31,14.0606,14.0606,13.9238,13.9429
2005-04-01,14.0469,14.0961,13.7569,13.7624
2005-04-04,13.7159,13.7624,13.6147,13.7104
2005-04-05,13.7049,13.8499,13.6612,13.6995
2005-04-06,13.8144,13.8882,13.7049,13.7104
2005-04-07,13.7870,13.9539,13.7159,13.9429
2005-04-08,13.9922,14.0277,13.8910,13.9019
2005-04-11,13.9238,13.9593,13.7624,13.7870
2005-04-12,13.7596,13.7815,13.4478,13.7542
2005-04-13,13.7323,13.7323,13.3958,13.4314
2005-04-14,13.3986,13.4505,13.2290,13.2317
2005-04-15,13.0211,13.0375,12.7749,12.8159
2005-04-18,12.8214,13.0019,12.7721,12.8788
2005-04-19,13.1387,13.2180,13.0594,13.1633
2005-04-20,13.3630,13.3904,12.9581,12.9773
2005-04-21,13.2344,13.4587,13.1989,13.4478
2005-04-22,13.3904,13.4013,13.1305,13.2399
2005-04-25,13.3220,13.3630,13.1989,13.2891
2005-04-26,13.2399,13.4943,13.1907,13.2454
2005-04-27,13.0676,13.2454,13.0019,13.1524
2005-04-28,13.2344,13.2344,12.9937,12.9937
2005-04-29,13.0676,13.1743,12.8296,13.1387
2005-05-02,13.1387,13.2071,13.0621,13.1305
2005-05-03,13.1715,13.2481,13.0730,13.0977
2005-05-04,13.1578,13.4505,13.1551,13.3931
2005-05-05,13.4314,13.5654,13.3739,13.4259
2005-05-06,13.4943,13.5572,13.4204,13.5244
2005-05-09,13.5353,13.5818,13.4150,13.5764
2005-05-10,13.5271,13.5271,13.3931,13.4314
2005-05-11,13.5189,13.5189,13.2618,13.4533
2005-05-12,13.5381,13.6612,13.4615,13.5052
2005-05-13,13.5736,14.0058,13.5736,13.9347
2005-05-16,13.9511,14.0141,13.8472,13.9867
2005-05-17,13.9730,14.0961,13.9210,14.0961
2005-05-18,14.1837,14.3013,14.0141,14.2657
2005-05-19,14.3122,14.4299,14.2247,14.2931
2005-05-20,14.2876,14.4134,14.2028,14.3998
2005-05-23,14.4162,14.5147,14.3314,14.4326
2005-05-24,14.3970,14.6104,14.3615,14.6049
2005-05-25,14.5803,14.5803,14.3751,14.4818
2005-05-26,14.5940,14.7718,14.5940,14.7280
2005-05-27,14.7280,14.7280,14.5420,14.6651
2005-05-31,14.7253,14.7718,14.6022,14.6350
2005-06-01,14.6323,14.8402,14.5776,14.7444
2005-06-02,14.7444,14.9633,14.7444,14.9605
2005-06-03,14.9906,14.9906,14.8101,14.8320
2005-06-06,14.7855,14.7855,14.6296,14.7308
2005-06-07,14.7882,14.9496,14.5858,14.6131
2005-06-08,14.7991,14.8457,14.6815,14.7253
2005-06-09,14.7253,15.0098,14.6350,15.0043
2005-06-10,14.9414,14.9523,14.7143,14.7773
2005-06-13,14.7308,14.8922,14.6897,14.7526
2005-06-14,14.7472,14.8128,14.6241,14.6542
2005-06-15,14.7116,14.7609,14.4381,14.6870
2005-06-16,14.6870,14.8621,14.6870,14.7992
2005-06-17,14.8128,14.8922,14.7308,14.7992
2005-06-20,14.6733,14.7800,14.6241,14.7308
2005-06-21,14.7444,14.8539,14.7444,14.8265
2005-06-22,14.8949,14.9496,14.8183,14.9414
2005-06-23,14.9852,15.3080,14.9414,14.9469
2005-06-24,14.9578,14.9578,14.6542,14.6624
2005-06-27,14.6077,14.6241,14.3779,14.4326
2005-06-28,14.5666,14.6131,14.4846,14.6022
2005-06-29,14.6350,14.6350,14.5037,14.5393
2005-06-30,14.5830,14.6350,14.4134,14.4216
2005-07-01,14.4982,14.5283,14.4052,14.4599
2005-07-05,14.4189,14.6925,14.3970,14.6651
2005-07-06,14.6651,14.9086,14.6651,14.7937
2005-07-07,14.5584,14.8539,14.5584,14.8539
2005-07-08,14.8539,15.1903,14.8539,15.1712
2005-07-11,15.3189,15.5213,15.3189,15.5159
2005-07-12,15.5104,15.7019,15.4693,15.6472
2005-07-13,15.6472,15.7265,15.5459,15.6909
2005-07-14,16.0028,16.0028,15.7265,15.8523
2005-07-15,15.8523,15.8551,15.6389,15.8058
2005-07-18,15.7566,15.7839,15.6362,15.7238
2005-07-19,15.7757,16.0465,15.7757,16.0438
2005-07-20,15.7593,16.2626,15.7511,16.1997
2005-07-21,16.1833,16.3611,15.8715,15.9371
2005-07-22,16.1341,16.1806,15.9289,16.0411
2005-07-25,16.1067,16.2025,15.9672,16.0083
2005-07-26,16.1341,16.2490,16.0575,16.2353
2005-07-27,16.0985,16.1669,15.9098,16.1122
2005-07-28,16.1396,16.1943,16.0219,16.1943
2005-07-29,16.1204,16.1669,16.0028,16.0958
2005-08-01,16.1313,16.1806,16.0356,16.1231
2005-08-02,16.1669,16.4815,16.1669,16.4678
2005-08-03,16.4076,16.4514,16.3174,16.3885
2005-08-04,16.2572,16.2572,16.0356,16.0356
2005-08-05,15.9754,16.0739,15.8769,15.9535
2005-08-08,15.9727,16.0438,15.8496,15.8496
2005-08-09,15.9070,16.1149,15.9070,16.0630
2005-08-10,16.0712,16.1997,15.7976,15.8386
2005-08-11,15.8113,16.0247,15.7867,16.0137
2005-08-12,15.8551,15.8687,15.6718,15.7292
2005-08-15,15.7292,15.9782,15.7046,15.9344
2005-08-16,15.8879,15.8879,15.5979,15.6143
2005-08-17,15.7155,15.8797,15.7155,15.8332
2005-08-18,15.7155,16.0247,15.6718,15.6882
2005-08-19,15.7429,15.8277,15.6855,15.6909
2005-08-22,15.8386,15.9289,15.7648,15.9207
2005-08-23,15.8934,15.9754,15.8058,15.8715
2005-08-24,15.8085,16.0684,15.7456,15.7566
2005-08-25,15.8113,15.9070,15.7566,15.8550
2005-08-26,15.8496,15.8496,15.6608,15.7128
2005-08-29,15.6745,15.9344,15.6499,15.8961
2005-08-30,15.8140,15.9590,15.7155,15.9590
2005-08-31,15.9426,16.1395,15.8551,16.1259
2005-09-01,16.0247,16.1067,15.9317,15.9699
2005-09-02,15.9946,16.0219,15.8715,15.9125
2005-09-06,16.0192,16.1888,16.0137,16.1669
2005-09-07,16.1423,16.2681,16.0329,16.1778
2005-09-08,16.1669,16.4487,16.1669,16.4076
2005-09-09,16.4405,16.5280,16.3310,16.4705
2005-09-12,16.4897,16.5116,16.4022,16.4405
2005-09-13,16.4131,16.6648,16.4022,16.5882
2005-09-14,16.7414,16.7414,16.4186,16.4952
2005-09-15,16.4952,16.5116,16.2900,16.3310
2005-09-16,16.3994,16.4022,16.2271,16.3857
2005-09-19,16.3365,16.3857,16.0958,16.1505
2005-09-20,16.1861,16.3474,16.0438,16.0438
2005-09-21,15.9836,15.9836,15.7566,15.8222
2005-09-22,15.7237,15.8496,15.5678,15.7484
2005-09-23,15.7101,15.9563,15.6362,15.8769
2005-09-26,16.1148,16.1476,15.8384,15.9205
2005-09-27,15.9013,15.9533,15.6386,15.7426
2005-09-28,15.7453,15.9095,15.6386,15.7316
2005-09-29,15.7398,16.0299,15.6440,15.9779
2005-09-30,16.0190,16.3036,16.0108,16.2188
2005-10-03,16.3392,16.5280,16.3392,16.3720
2005-10-04,16.3721,16.4897,16.1531,16.1531
2005-10-05,16.1558,16.1640,15.8849,15.8849
2005-10-06,15.8958,15.9642,15.4935,15.6687
2005-10-07,15.7316,15.8192,15.6796,15.7562
2005-10-10,15.6276,15.6276,15.2800,15.2800
2005-10-11,15.3129,15.3539,14.9489,15.0091
2005-10-12,14.9434,15.0474,14.8093,14.9762
2005-10-13,15.0091,15.2581,14.8996,15.2335
2005-10-14,15.2718,15.3567,15.0693,15.2116
2005-10-17,15.2280,15.2828,15.1103,15.2390
2005-10-18,15.2308,15.2308,15.0638,15.1295
2005-10-19,14.8996,15.2007,14.7655,15.1897
2005-10-20,15.2308,15.4223,15.1514,15.2171
2005-10-21,15.3676,15.4607,15.3211,15.3649
2005-10-24,15.4141,15.5400,15.2773,15.5400
2005-10-25,15.4497,15.4497,15.2554,15.3047
2005-10-26,15.3484,15.4908,15.2581,15.2937
2005-10-27,15.2499,15.2746,14.9324,14.9653
2005-10-28,14.7655,14.9516,14.5794,14.9516
2005-10-31,15.1404,15.3484,15.1322,15.2718
2005-11-01,15.1897,15.2007,15.0611,15.1076
2005-11-02,15.1733,15.6604,15.1733,15.6386
2005-11-03,15.8739,16.0464,15.8329,15.9287
2005-11-04,15.7590,16.0436,15.7590,15.9889
2005-11-07,16.0381,16.1011,15.8876,16.0108
2005-11-08,16.0108,16.1093,15.8739,15.9916
2005-11-09,16.2516,16.2653,15.9341,16.2352
2005-11-10,16.2845,16.4049,16.0956,16.3556
2005-11-11,16.5007,16.5116,16.2954,16.3118
2005-11-14,16.3501,16.4076,16.2954,16.3666
2005-11-15,16.3529,16.4541,16.2160,16.2461
2005-11-16,16.2899,16.2954,16.1230,16.2379
2005-11-17,16.2024,16.4432,16.1531,16.4213
2005-11-18,16.5828,16.8017,16.5445,16.7114
2005-11-21,16.6731,16.7443,16.5773,16.6348
2005-11-22,16.6102,16.9605,16.6102,16.8647
2005-11-23,16.8921,17.0891,16.8866,16.9057
2005-11-25,16.9605,17.0645,16.9413,17.0152
2005-11-28,17.1110,17.1110,16.8072,16.8209
2005-11-29,16.8893,16.9879,16.7361,16.7361
2005-11-30,16.7990,17.0262,16.7963,16.9276
2005-12-01,17.1329,17.5380,17.1329,17.5024
2005-12-02,17.5133,17.6912,17.4777,17.4887
2005-12-05,17.4613,17.4613,17.1904,17.2533
2005-12-06,17.4449,17.6228,17.3546,17.4203
2005-12-07,17.4121,17.4121,17.1466,17.1959
2005-12-08,17.2506,17.3464,16.8318,16.9577
2005-12-09,16.9769,17.2314,16.8811,17.1904
2005-12-12,17.3382,17.3628,17.2095,17.3218
2005-12-13,17.3190,17.4942,17.2150,17.3382
2005-12-14,17.3409,17.3956,17.1986,17.2916
2005-12-15,17.3491,17.3655,17.1849,17.2205
2005-12-16,17.2232,17.2479,17.1274,17.1329
2005-12-19,17.1329,17.1329,16.7689,16.7880
2005-12-20,16.7771,16.9687,16.6676,16.8182
2005-12-21,16.8318,16.9988,16.7908,16.8619
2005-12-22,16.9441,17.0891,16.9139,17.0699
2005-12-23,17.1384,17.2259,17.0891,17.1219
2005-12-27,17.2478,17.2670,16.9167,16.9413
2005-12-28,16.9413,16.9988,16.7880,16.9523
2005-12-29,16.9961,17.0262,16.7881,16.8017
2005-12-30,16.6950,16.7415,16.5527,16.6868
2006-01-03,16.8756,17.2697,16.6211,17.1411
2006-01-04,17.3108,17.4148,17.2697,17.3902
2006-01-05,17.6420,17.8116,17.5598,17.7542
2006-01-06,18.0361,18.1975,17.8390,18.1592
2006-01-09,18.2413,18.4110,18.1592,18.3563
2006-01-10,18.1155,18.3837,18.1155,18.3782
2006-01-11,18.4192,18.6464,18.3508,18.5971
2006-01-12,18.6026,18.7093,18.3782,18.4001
2006-01-13,18.3234,18.3727,18.1182,18.2550
2006-01-17,18.0279,18.0470,17.8554,17.9704
2006-01-18,17.5243,17.8472,17.5051,17.8034
2006-01-19,18.2277,18.4493,18.2194,18.3015
2006-01-20,18.1182,18.1182,17.5817,17.6173
2006-01-23,17.6775,17.7898,17.5270,17.6912
2006-01-24,17.9266,18.0087,17.7597,17.8719
2006-01-25,17.9403,17.9403,17.6994,17.8883
2006-01-26,18.0306,18.3563,17.9375,18.2687
2006-01-27,18.3098,18.7641,18.3098,18.4356
2006-01-30,18.5150,18.5150,18.3453,18.4247
2006-01-31,18.3371,18.3645,18.1346,18.1811
2006-02-01,18.1373,18.3919,18.0388,18.3645
2006-02-02,18.3782,18.4822,18.0498,18.0908
2006-02-03,18.0224,18.1100,17.8746,17.8992
2006-02-06,17.9676,18.1538,17.8719,18.1182
2006-02-07,18.1319,18.2277,18.0005,18.1592
2006-02-08,18.3399,18.4849,18.2276,18.4767
2006-02-09,18.5287,18.7203,18.3618,18.4083
2006-02-10,18.3399,18.3481,17.9759,18.2824
2006-02-13,18.1455,18.1729,17.9567,18.0552
2006-02-14,18.0826,18.2496,17.9266,18.2359
2006-02-15,18.1839,18.3344,18.1072,18.2851
2006-02-16,18.4712,18.5013,18.3152,18.4740
2006-02-17,18.3508,18.3809,18.1647,18.1647
2006-02-21,18.0963,18.1592,17.7679,17.8171
2006-02-22,17.7569,18.0607,17.6091,17.9813
2006-02-23,17.9129,17.9895,17.7870,17.7870
2006-02-24,17.7761,17.8992,17.7131,17.8226
2006-02-27,17.7980,17.9676,17.7980,17.8992
2006-02-28,17.8719,18.0060,17.7159,17.7788
2006-03-01,17.9731,18.5260,17.9731,18.4658
2006-03-02,18.3973,18.6491,18.3371,18.4959
2006-03-03,18.4384,18.5616,18.2714,18.2742
2006-03-06,18.3399,18.3754,18.0333,18.1018
2006-03-07,17.8390,17.8855,17.5599,17.6173
2006-03-08,17.5571,17.6529,17.3108,17.5489
2006-03-09,17.5845,17.7679,17.3081,17.3108
2006-03-10,17.2643,17.4914,17.1575,17.2533
2006-03-13,17.3190,17.4203,17.1822,17.1822
2006-03-14,17.1822,17.6310,17.1822,17.5790
2006-03-15,17.7624,17.8144,17.6228,17.7815
2006-03-16,17.7897,17.7980,17.3135,17.3135
2006-03-17,17.2725,17.4203,17.1274,17.3190
2006-03-20,17.3409,17.4586,17.2779,17.3491
2006-03-21,17.3491,17.7761,17.3081,17.3519
2006-03-22,17.2998,17.4230,17.2259,17.3546
2006-03-23,17.3984,17.5845,17.3984,17.5079
2006-03-24,17.5407,17.7159,17.4832,17.7104
2006-03-27,17.7268,17.8281,17.6639,17.6858
2006-03-28,17.6529,17.7350,17.3546,17.3710
2006-03-29,17.2834,17.9157,17.2834,17.8527
2006-03-30,18.0908,18.1182,17.8582,17.9430
2006-03-31,18.0169,18.0525,17.7596,17.8417
2006-04-03,17.8226,18.2003,17.8226,17.9676
2006-04-04,18.0279,18.1483,17.9512,18.0251
2006-04-05,18.0881,18.4384,18.0634,18.3919
2006-04-06,18.3864,18.6902,18.3864,18.5889
2006-04-07,18.6573,18.7066,18.2194,18.2742
2006-04-10,18.2167,18.2359,17.9676,18.0470
2006-04-11,18.1154,18.1620,17.7432,17.8691
2006-04-12,17.8910,18.1018,17.8910,18.0251
2006-04-13,18.0361,18.2742,18.0361,18.1045
2006-04-17,18.1729,18.2550,17.7624,17.8636
2006-04-18,17.9321,18.4767,17.9321,18.4274
2006-04-19,18.4576,18.6519,18.3590,18.6355
2006-04-20,18.5917,18.9940,18.5780,18.7230
2006-04-21,18.6847,18.7121,18.1976,18.2988
2006-04-24,18.1264,18.2933,18.0498,18.2495
2006-04-25,18.2933,18.3864,18.1948,18.3125
2006-04-26,18.3645,18.4165,18.1319,18.2194
2006-04-27,17.9622,18.5643,17.9622,18.4411
2006-04-28,18.3891,18.5287,18.2441,18.2605
2006-05-01,18.2769,18.3371,18.0853,18.0908
2006-05-02,18.1948,18.3207,18.1592,18.2468
2006-05-03,18.2276,18.4192,18.1702,18.4110
2006-05-04,18.4822,18.6984,18.4822,18.6163
2006-05-05,18.7778,18.8024,18.6354,18.7531
2006-05-08,18.7942,18.8708,18.7121,18.7121
2006-05-09,18.6437,18.6519,18.4931,18.5342
2006-05-10,18.4548,18.5260,18.1018,18.1455
2006-05-11,18.0662,18.0908,17.6310,17.6721
2006-05-12,17.5161,17.7761,17.4641,17.5161
2006-05-15,17.5024,17.6255,17.1219,17.3546
2006-05-16,17.3573,17.5024,17.1384,17.2697
2006-05-17,17.1712,17.2752,16.8866,16.9824
2006-05-18,17.1083,17.1712,16.7114,16.7114
2006-05-19,16.9687,17.1219,16.7634,17.0316
2006-05-22,16.7990,16.8866,16.3912,16.6102
2006-05-23,16.8264,16.9358,16.3830,16.3857
2006-05-24,16.3830,16.6868,16.1668,16.4897
2006-05-25,16.5828,16.5965,16.4213,16.5390
2006-05-26,16.5582,16.7142,16.5253,16.6512
2006-05-30,16.5883,16.5883,16.2708,16.2708
2006-05-31,16.3693,16.6074,16.3310,16.5308
2006-06-01,16.5636,16.9194,16.5636,16.9139
2006-06-02,17.0918,17.0918,16.7388,16.8811
2006-06-05,16.8264,16.8264,16.3802,16.3802
2006-06-06,16.4022,16.4022,16.1969,16.3009
2006-06-07,16.2653,16.3693,15.9424,15.9424
2006-06-08,15.8110,15.9725,15.4579,15.8493
2006-06-09,16.0628,16.1777,15.6906,15.7645
2006-06-12,15.8000,15.8274,15.3129,15.3129
2006-06-13,15.4908,15.6112,15.2280,15.2718
2006-06-14,15.4826,15.6030,15.3183,15.5181
2006-06-15,15.7508,16.1777,15.7508,16.1175
2006-06-16,16.0354,16.0573,15.8192,15.9341
2006-06-19,16.0026,16.0162,15.7371,15.7946
2006-06-20,15.7864,15.9177,15.6249,15.6988
2006-06-21,15.7672,16.1887,15.7672,16.0464
2006-06-22,15.9944,15.9944,15.7179,15.7891
2006-06-23,15.6075,15.8458,15.6075,15.6952
2006-06-26,15.7472,15.8348,15.7088,15.7746
2006-06-27,15.7609,15.7609,15.3528,15.3912
2006-06-28,15.1693,15.3693,15.1228,15.3638
2006-06-29,15.4322,15.9115,15.3638,15.8759
2006-06-30,15.9444,15.9526,15.7335,15.8704
2006-07-03,15.9471,16.0210,15.9115,16.0019
2006-07-05,15.8266,15.8321,15.5582,15.5692
2006-07-06,15.6678,15.7472,15.5007,15.5555
2006-07-07,15.4049,15.4596,15.1995,15.3063
2006-07-10,15.3337,15.4459,14.8380,14.9174
2006-07-11,14.8161,15.3117,14.8161,15.2816
2006-07-12,15.2159,15.2816,14.8681,14.8900
2006-07-13,14.6654,15.0570,14.6380,14.6736
2006-07-14,14.6024,14.7668,14.4847,14.5942
2006-07-17,14.6709,14.7640,14.5148,14.5970
2006-07-18,14.6654,14.7092,14.1999,14.5531
2006-07-19,14.6216,15.0187,14.5860,14.9037
2006-07-20,15.0598,15.0817,14.5394,14.5449
2006-07-21,14.1615,14.2163,13.9096,13.9452
2006-07-24,14.1451,14.4409,14.1451,14.3532
2006-07-25,14.4929,14.7120,14.4107,14.5970
2006-07-26,14.3779,14.7941,14.3779,14.6435
2006-07-27,14.8325,14.9475,14.6791,14.7065
2006-07-28,14.8297,15.1803,14.8297,15.1447
2006-07-31,15.0844,15.2679,15.0625,15.1885
2006-08-01,15.0078,15.0078,14.7421,14.8763
2006-08-02,14.9119,15.1611,14.9119,15.0406
2006-08-03,14.9995,15.3720,14.9667,15.2926
2006-08-04,15.4925,15.5746,14.9913,15.1584
2006-08-07,15.0872,15.1748,15.0078,15.0762
2006-08-08,15.1200,15.2351,14.9009,14.9913
2006-08-09,15.3035,15.4432,15.0351,15.0570
2006-08-10,15.0351,15.3063,14.9886,15.2515
2006-08-11,15.1036,15.1036,14.8133,14.8544
2006-08-14,14.9968,15.2871,14.9694,15.0570
2006-08-15,15.3419,15.6294,15.3117,15.6157
2006-08-16,15.7061,16.2045,15.6267,16.1279
2006-08-17,16.1196,16.4099,16.1169,16.1635
2006-08-18,16.0484,16.1936,15.8923,16.1717
2006-08-21,15.9718,15.9718,15.7910,15.9033
2006-08-22,15.8841,16.0703,15.8129,15.8759
2006-08-23,16.0813,16.0840,15.6650,15.7691
2006-08-24,15.7883,15.8759,15.6623,15.8759
2006-08-25,15.8266,16.0430,15.7910,15.8841
2006-08-28,15.9006,16.1142,15.9006,16.1114
2006-08-29,16.1635,16.4045,16.0402,16.4045
2006-08-30,16.4866,16.7249,16.3634,16.7249
2006-08-31,16.6646,16.6646,16.4757,16.5551
2006-09-01,16.6920,16.6920,16.3333,16.4045
2006-09-05,16.3305,16.6126,16.2730,16.6016
2006-09-06,16.4045,16.4045,16.0676,16.0703
2006-09-07,15.9389,16.2319,15.8513,16.0156
2006-09-08,16.0621,16.2100,16.0183,16.1717
2006-09-11,16.1525,16.5797,16.1525,16.4592
2006-09-12,16.5825,17.0535,16.5688,17.0152
2006-09-13,16.9878,17.0891,16.8262,16.9330
2006-09-14,16.8645,17.0015,16.8235,16.9878
2006-09-15,17.0864,17.2781,16.8974,16.9686
2006-09-18,16.9905,17.3274,16.9905,17.1795
2006-09-19,17.1110,17.1110,16.7194,16.8974
2006-09-20,17.0480,17.1028,16.9631,17.0344
2006-09-21,17.0617,17.0754,16.6975,16.7057
2006-09-22,16.6345,16.6783,16.4839,16.5085
2006-09-25,16.5551,16.9412,16.4209,16.9111
2006-09-26,16.8289,16.9330,16.6975,16.9002
2006-09-27,16.9577,17.1112,16.7850,16.8453
2006-09-28,16.8755,17.0262,16.8152,17.0262
2006-09-29,17.0125,17.0125,16.8508,16.8508
2006-10-02,16.7878,16.9714,16.6919,16.6919
2006-10-03,16.5329,16.6864,16.4370,16.5904
2006-10-04,16.5850,16.9522,16.5630,16.9522
2006-10-05,16.9002,16.9385,16.8042,16.9139
2006-10-06,16.7549,16.8673,16.7165,16.7823
2006-10-09,16.7631,17.0811,16.7604,16.9468
2006-10-10,16.9385,16.9659,16.8261,16.8974
2006-10-11,16.8590,17.2565,16.8289,17.0673
2006-10-12,17.1770,17.3222,17.0536,17.2784
2006-10-13,17.3222,17.5854,17.2674,17.5114
2006-10-16,17.6429,17.7251,17.5881,17.6292
2006-10-17,17.4264,17.4264,17.0920,17.1825
2006-10-18,17.1468,17.1468,16.6946,16.7522
2006-10-19,16.7768,16.7878,16.5274,16.6644
2006-10-20,16.6507,16.6507,16.4095,16.4726
2006-10-23,16.4178,16.6754,16.3657,16.4890
2006-10-24,16.4315,16.5904,16.3355,16.3410
2006-10-25,16.3410,16.6864,16.3410,16.6562
2006-10-26,16.8289,16.8727,16.6206,16.8316
2006-10-27,16.8015,16.8015,16.4041,16.4561
2006-10-30,16.4424,16.6864,16.4424,16.5959
2006-10-31,16.6644,16.7494,16.5932,16.6864
2006-11-01,16.8563,16.8563,16.3438,16.3931
2006-11-02,16.3355,16.3986,16.2204,16.3081
2006-11-03,16.3766,16.4205,16.2478,16.3794
2006-11-06,16.4315,16.6781,16.3767,16.6453
2006-11-07,16.4726,16.9879,16.4726,16.7549
2006-11-08,16.6343,16.7823,16.5438,16.7439
2006-11-09,16.8124,16.8371,16.4315,16.4452
2006-11-10,16.3904,16.6233,16.3904,16.5822
2006-11-13,16.6014,16.8837,16.6014,16.8673
2006-11-14,16.9111,17.3524,16.7796,17.3140
2006-11-15,17.3606,17.5936,17.3195,17.4593
2006-11-16,17.4593,17.5717,17.3085,17.5059
2006-11-17,17.4182,17.4346,17.3085,17.4072
2006-11-20,17.3387,17.6484,17.2948,17.6374
2006-11-21,17.6676,17.6676,17.3222,17.3222
2006-11-22,17.4703,17.5909,17.3990,17.5717
2006-11-24,17.4346,17.5936,17.4072,17.5168
2006-11-27,17.4483,17.5717,17.0646,17.0646
2006-11-28,17.0290,17.0948,16.9111,17.0865
2006-11-29,17.2921,17.2948,16.9659,17.0728
2006-11-30,17.1276,17.3058,16.9824,17.2345
2006-12-01,17.2345,17.2345,16.7796,16.9906
2006-12-04,17.0262,17.4100,17.0180,17.3058
2006-12-05,17.2948,17.4867,17.2948,17.3634
2006-12-06,17.3359,17.5114,17.2537,17.4401
2006-12-07,17.5470,17.5635,17.1852,17.1907
2006-12-08,17.1633,17.2455,16.9632,17.1085
2006-12-11,17.1112,17.2208,17.0482,17.0728
2006-12-12,17.0619,17.1331,16.8399,16.9687
2006-12-13,17.1907,17.1907,16.8289,16.8399
2006-12-14,16.8618,17.1496,16.8618,17.0948
2006-12-15,17.2099,17.2154,17.0646,17.0920
2006-12-18,17.1605,17.2948,16.9933,17.0482
2006-12-19,16.7412,16.9358,16.7357,16.8536
2006-12-20,17.0482,17.0893,16.8892,16.9303
2006-12-21,16.9358,16.9605,16.6288,16.6946
2006-12-22,16.7220,16.7494,16.5931,16.5931
2006-12-26,16.5575,16.7439,16.5575,16.7220
2006-12-27,16.7494,16.9084,16.7494,16.8152
2006-12-28,16.8261,16.8645,16.7905,16.8207
2006-12-29,16.7905,16.9385,16.7247,16.7247
2007-01-03,16.9111,17.0564,16.5164,16.6754
2007-01-04,16.6754,17.0537,16.6480,17.0016
2007-01-05,16.7110,16.8453,16.5465,16.6781
2007-01-08,16.6863,16.8755,16.6205,16.7439
2007-01-09,16.8124,16.8892,16.6589,16.8042
2007-01-10,16.7220,17.1551,16.7220,17.0920
2007-01-11,17.1551,17.2976,17.1085,17.1441
2007-01-12,17.0783,17.1880,16.9961,17.1880
2007-01-16,17.1195,17.1195,16.9824,17.0482
2007-01-17,16.9467,17.0728,16.8864,16.9276
2007-01-18,16.7823,16.7823,16.2916,16.3108
2007-01-19,16.3053,16.5959,16.2861,16.4643
2007-01-22,16.4012,16.4012,16.2011,16.2861
2007-01-23,16.3354,16.4506,16.2697,16.2697
2007-01-24,16.3848,16.5520,16.3327,16.5191
2007-01-25,16.7000,16.8069,16.4149,16.4506
2007-01-26,16.5191,16.7357,16.4286,16.6726
2007-01-29,16.6397,16.7274,16.5301,16.5794
2007-01-30,16.6726,16.7137,16.6096,16.6534
2007-01-31,16.4780,16.7055,16.4369,16.6699
2007-02-01,16.7220,16.8673,16.6754,16.8097
2007-02-02,16.8755,16.9714,16.8042,16.9166
2007-02-05,16.9742,17.0701,16.9029,16.9796
2007-02-06,16.9605,17.0071,16.7412,16.9166
2007-02-07,17.1030,17.2428,16.9961,17.1441
2007-02-08,17.0756,17.1140,16.9742,17.0783
2007-02-09,17.2593,17.2757,16.7850,16.8234
2007-02-12,16.7768,16.7768,16.6068,16.6315
2007-02-13,16.7165,16.7466,16.6205,16.7192
2007-02-14,16.8481,17.1085,16.8371,17.0482
2007-02-15,17.0235,17.1606,17.0235,17.1386
2007-02-16,17.0783,17.1551,17.0427,17.1277
2007-02-20,16.9879,17.1469,16.9248,17.1277
2007-02-21,16.9988,17.1140,16.9742,17.1140
2007-02-22,17.3114,17.4978,17.3114,17.4758
2007-02-23,17.5307,17.6266,17.4950,17.5718
2007-02-26,17.6293,17.6348,17.4621,17.5471
2007-02-27,17.1332,17.3799,16.8782,16.9276
2007-02-28,16.9659,17.1112,16.8344,16.9632
2007-03-01,16.5575,16.9742,16.5575,16.8426
2007-03-02,16.7631,16.8206,16.5054,16.5054
2007-03-05,16.3601,16.6397,16.3272,16.3272
2007-03-06,16.6068,16.7521,16.5739,16.7165
2007-03-07,16.6123,16.7357,16.5602,16.6480
2007-03-08,16.8453,16.9193,16.7960,16.8152
2007-03-09,17.0838,17.0838,16.7960,16.9193
2007-03-12,16.9084,17.1249,16.9084,17.0537
2007-03-13,16.9111,17.0043,16.7055,16.7055
2007-03-14,16.7631,16.8069,16.5054,16.8069
2007-03-15,16.7494,16.8234,16.7247,16.7987
2007-03-16,16.7768,16.8179,16.6205,16.6891
2007-03-19,16.7905,16.8042,16.5959,16.6013
2007-03-20,16.6233,16.8289,16.6233,16.7686
2007-03-21,16.8097,17.1386,16.7631,17.0728
2007-03-22,16.9714,16.9714,16.8152,16.8371
2007-03-23,16.9413,17.0290,16.8810,16.9385
2007-03-26,16.9454,16.9756,16.7396,16.9262
2007-03-27,16.8878,16.9564,16.8603,16.8603
2007-03-28,16.7560,16.7670,16.6435,16.6518
2007-03-29,16.7506,16.7506,16.3609,16.4953
2007-03-30,16.5914,16.6271,16.4624,16.5475
2007-04-02,16.6545,16.6545,16.4158,16.5255
2007-04-03,16.6380,16.7011,16.5200,16.6380
2007-04-04,16.6380,16.8219,16.6380,16.7780
2007-04-05,16.8109,16.9289,16.8109,16.9125
2007-04-09,16.9344,16.9536,16.8054,16.8740
2007-04-10,16.8823,17.0195,16.8768,17.0195
2007-04-11,16.9975,16.9975,16.8356,16.8466
2007-04-12,16.8329,17.0414,16.8329,17.0195
2007-04-13,16.9454,16.9893,16.8191,16.9865
2007-04-16,17.0085,17.1265,16.9783,17.1073
2007-04-17,17.1238,17.1375,17.0414,17.0908
2007-04-18,17.2884,17.5683,17.2527,17.4476
2007-04-19,17.3186,17.6808,17.3159,17.5519
2007-04-20,17.7000,17.7302,17.5025,17.6177
2007-04-23,17.5738,17.5848,17.4668,17.4833
2007-04-24,17.7549,18.0211,17.7138,17.9168
2007-04-25,18.0348,18.0979,17.8647,18.0842
2007-04-26,18.0760,18.0842,17.8921,18.0787
2007-04-27,17.9580,17.9772,17.8016,17.8098
2007-04-30,17.7686,17.7796,17.5519,17.5546
2007-05-01,17.5903,17.6479,17.4339,17.5985
2007-05-02,17.6397,17.8400,17.6314,17.7439
2007-05-03,17.7824,17.9388,17.7824,17.8482
2007-05-04,17.9196,18.0623,17.9031,18.0156
2007-05-07,18.0540,18.0540,17.9415,17.9415
2007-05-08,17.8071,17.9196,17.7494,17.9004
2007-05-09,17.8372,18.2242,17.8372,18.2242
2007-05-10,18.0842,18.2461,17.8427,17.8894
2007-05-11,18.0211,18.1638,17.9827,18.1391
2007-05-14,18.2736,18.2763,18.0403,18.1144
2007-05-15,18.0870,18.1226,17.8729,17.8729
2007-05-16,17.8373,17.8949,17.7000,17.8757
2007-05-17,17.8372,17.9141,17.7000,17.7933
2007-05-18,17.9031,17.9031,17.6781,17.8208
2007-05-21,17.8372,18.0568,17.7741,17.8372
2007-05-22,17.9059,18.0266,17.7851,17.9196
2007-05-23,17.7961,17.8729,17.6397,17.6616
2007-05-24,17.6589,17.6726,17.2582,17.3515
2007-05-25,17.4201,17.5052,17.3680,17.4421
2007-05-29,17.4695,17.5793,17.4695,17.5519
2007-05-30,17.3186,17.4393,17.3076,17.4338
2007-05-31,17.6040,17.7138,17.5601,17.7028
2007-06-01,17.8208,17.9470,17.8180,17.8619
2007-06-04,17.7933,17.9607,17.7906,17.8180
2007-06-05,17.8153,17.8180,17.5930,17.7330
2007-06-06,17.6644,17.7302,17.5052,17.5052
2007-06-07,17.5271,17.5573,17.1814,17.1814
2007-06-08,17.3460,17.6726,17.2884,17.6616
2007-06-11,17.6150,17.7330,17.5766,17.5930
2007-06-12,17.4613,17.6260,17.4037,17.4531
2007-06-13,17.5189,17.7357,17.5189,17.7357
2007-06-14,17.7961,18.0321,17.7824,17.9662
2007-06-15,18.2187,18.2928,18.1528,18.2681
2007-06-18,18.2599,18.3038,18.1803,18.2626
2007-06-19,18.0980,18.1254,17.9745,18.1117
2007-06-20,18.0952,18.2187,17.9909,17.9909
2007-06-21,18.0376,18.5507,18.0293,18.5233
2007-06-22,18.4876,18.5370,18.2571,18.3038
2007-06-25,18.3202,18.3367,18.0321,18.0733
2007-06-26,18.1391,18.1391,17.8921,17.9772
2007-06-27,18.0293,18.3888,18.0129,18.3806
2007-06-28,18.3532,18.3614,18.2077,18.2077
2007-06-29,18.2797,18.3099,18.0159,18.0901
2007-07-02,18.2550,18.3429,18.1945,18.3292
2007-07-03,18.3896,18.4089,18.3237,18.3786
2007-07-05,18.3704,18.4941,18.3209,18.4941
2007-07-06,18.5243,18.6644,18.4913,18.6480
2007-07-09,18.6864,18.8101,18.6864,18.7826
2007-07-10,18.6315,18.7908,18.6315,18.6342
2007-07-11,18.6150,18.6699,18.4858,18.6177
2007-07-12,18.7029,19.1124,18.6672,19.1124
2007-07-13,19.1591,19.1975,19.0327,19.0766
2007-07-16,19.0986,19.2003,19.0574,19.1811
2007-07-17,19.2910,19.5795,19.2717,19.4778
2007-07-18,19.1289,19.1976,18.9557,19.1371
2007-07-19,19.2772,19.3349,19.1426,19.2690
2007-07-20,19.3185,19.3432,18.9942,19.0354
2007-07-23,19.0931,19.2278,19.0134,19.0327
2007-07-24,18.7908,18.9337,18.5902,18.6452
2007-07-25,18.8485,18.8485,18.5655,18.6892
2007-07-26,18.4968,18.6095,18.0379,18.3649
2007-07-27,18.3017,18.4776,18.0654,18.0681
2007-07-30,18.2632,18.4858,18.1506,18.3924
2007-07-31,18.5903,18.5903,18.0984,18.0984
2007-08-01,18.2220,18.2522,17.7933,18.1973
2007-08-02,18.2962,18.2962,17.9994,18.2055
2007-08-03,18.1368,18.1643,17.6642,17.6642
2007-08-06,17.6834,17.9060,17.5460,17.8977
2007-08-07,17.7851,17.9582,17.5955,17.8840
2007-08-08,18.0654,18.5325,18.0654,18.2852
2007-08-09,18.0269,18.4803,17.9994,18.1533
2007-08-10,17.8318,18.2357,17.7521,18.0489
2007-08-13,18.2330,18.2330,17.9857,17.9857
2007-08-14,18.0544,18.1258,17.7466,17.7576
2007-08-15,17.5680,17.7439,17.2575,17.2684
2007-08-16,17.1613,17.3811,16.7408,17.2547
2007-08-17,17.7796,18.1341,17.3839,17.5542
2007-08-20,17.6724,17.8428,17.5845,17.7603
2007-08-21,17.7631,17.9362,17.7631,17.8977
2007-08-22,18.0681,18.0846,17.9252,18.0214
2007-08-23,18.0764,18.0764,17.8098,17.8565
2007-08-24,17.9445,18.1231,17.8703,18.1121
2007-08-27,18.0489,18.0681,17.9335,17.9527
2007-08-28,17.8510,17.8758,17.4471,17.4883
2007-08-29,17.6532,18.0049,17.6532,17.9912
2007-08-30,17.8620,18.2055,17.8620,18.0104
2007-08-31,18.2055,18.3841,18.1698,18.3457
2007-09-04,18.3841,18.8266,18.3841,18.6617
2007-09-05,18.6040,18.6177,18.3759,18.4748
2007-09-06,18.6205,18.6644,18.4171,18.6342
2007-09-07,18.3347,18.3347,18.0104,18.1561
2007-09-10,18.3786,18.4281,18.0077,18.1918
2007-09-11,18.3429,18.5298,18.2138,18.4199
2007-09-12,18.3429,18.4776,18.1038,18.1341
2007-09-13,18.1368,18.2248,18.0516,18.0681
2007-09-14,17.9060,18.0461,17.8950,17.9555
2007-09-17,17.8730,17.9802,17.8016,17.9005
2007-09-18,18.0736,18.5325,17.9664,18.4309
2007-09-19,18.5490,18.7331,18.4226,18.5133
2007-09-20,18.4254,18.5875,18.4254,18.5270
2007-09-21,18.6260,18.7249,18.5957,18.6095
2007-09-24,18.6452,18.7359,18.4638,18.5545
2007-09-25,18.4171,18.6837,18.4171,18.6617
2007-09-26,18.8711,18.8766,18.5712,18.5932
2007-09-27,18.7472,18.8078,18.6565,18.6620
2007-09-28,18.6895,18.7610,18.5657,18.5657
2007-10-01,18.6757,19.0499,18.6757,18.9536
2007-10-02,18.9811,19.0279,18.8573,18.9894
2007-10-03,18.7583,19.0334,18.4474,18.5794
2007-10-04,18.5767,18.5767,18.4088,18.5464
2007-10-05,18.6840,18.9618,18.6399,18.8573
2007-10-08,18.9123,18.9481,18.7968,18.8848
2007-10-09,19.1214,19.1214,18.5161,18.7472
2007-10-10,18.7280,18.7418,18.5409,18.7032
2007-10-11,18.8243,18.8243,18.1530,18.3015
2007-10-12,18.3923,18.5657,18.3593,18.5244
2007-10-15,18.5987,18.6537,18.4474,18.5244
2007-10-16,18.5024,18.6812,18.4859,18.4941
2007-10-17,18.9839,18.9839,18.6510,18.8380
2007-10-18,18.7500,18.8821,18.6207,18.8463
2007-10-19,18.7803,18.7803,18.2768,18.2933
2007-10-22,18.1090,18.5161,18.0759,18.4529
2007-10-23,18.4941,18.4941,18.2438,18.4941
2007-10-24,18.0952,18.0952,17.5064,17.9274
2007-10-25,17.8091,17.8118,17.1708,17.3358
2007-10-26,17.5780,17.5945,17.2533,17.3936
2007-10-29,17.4376,17.6577,17.4376,17.5559
2007-10-30,17.4954,17.7375,17.4707,17.6220
2007-10-31,17.6577,17.8476,17.5449,17.7870
2007-11-01,17.7210,17.7210,17.4652,17.4927
2007-11-02,17.5532,17.6275,17.3633,17.6137
2007-11-05,17.4074,17.7265,17.4074,17.5284
2007-11-06,17.6220,17.7981,17.5284,17.7816
2007-11-07,17.6192,17.7210,17.3001,17.3056
2007-11-08,17.3909,17.4019,16.7773,17.0607
2007-11-09,16.9369,17.1598,16.8489,16.9121
2007-11-12,16.8103,16.9617,16.4692,16.4747
2007-11-13,16.7168,16.8956,16.6563,16.8489
2007-11-14,17.0305,17.0580,16.7168,16.7196
2007-11-15,16.6398,16.8324,16.4967,16.6205
2007-11-16,16.6508,16.7085,16.4224,16.5077
2007-11-19,16.4472,16.5627,16.1886,16.2078
2007-11-20,16.2518,16.3399,15.7263,16.0097
2007-11-21,15.7896,16.0372,15.5228,15.6933
2007-11-23,15.8226,16.0015,15.7401,15.9217
2007-11-26,16.0125,16.0510,15.5145,15.5145
2007-11-27,15.5282,15.8446,15.5117,15.8446
2007-11-28,16.1528,16.5820,16.0675,16.5187
2007-11-29,16.4169,16.5655,16.3784,16.5050
2007-11-30,16.7361,16.7361,16.2326,16.2711
2007-12-03,16.3069,16.4197,16.2353,16.2546
2007-12-04,16.1500,16.2546,16.0978,16.1280
2007-12-05,16.3977,16.7168,16.3977,16.5875
2007-12-06,16.5517,16.9066,16.5517,16.8681
2007-12-07,16.8681,16.9039,16.7608,16.8434
2007-12-10,16.8709,17.0387,16.7993,16.9892
2007-12-11,17.0965,17.1790,16.6535,16.6535
2007-12-12,17.1570,17.1570,16.6398,16.8599
2007-12-13,16.7691,16.9149,16.5132,16.7031
2007-12-14,16.5930,16.7031,16.4940,16.5270
2007-12-17,16.4334,16.4774,16.1610,16.1610
2007-12-18,16.2353,16.3096,16.0620,16.2353
2007-12-19,16.1555,16.3812,16.1555,16.2739
2007-12-20,16.4417,16.5985,16.3399,16.4940
2007-12-21,16.7828,16.8159,16.6370,16.7058
2007-12-24,16.7801,16.9011,16.7801,16.8791
2007-12-26,16.8929,16.9369,16.8241,16.9094
2007-12-27,16.8171,16.9438,16.5554,16.5609
2007-12-28,16.6381,16.6408,16.4287,16.5058
2007-12-31,16.4728,16.5334,16.3433,16.3654
2008-01-02,16.3461,16.4370,15.8089,15.9274
2008-01-03,15.9852,15.9852,15.6822,15.7373
2008-01-04,15.4976,15.4976,14.8420,14.9798
2008-01-07,15.0514,15.0514,14.4867,14.6217
2008-01-08,14.6823,14.8806,14.2333,14.2773
2008-01-09,14.2222,14.4894,13.9771,14.3682
2008-01-10,14.1782,14.4977,14.1341,14.4261
2008-01-11,14.3352,14.3352,13.8944,13.9771
2008-01-14,14.1864,14.4261,14.1671,14.4013
2008-01-15,14.2470,14.2470,13.8035,13.8614
2008-01-16,13.5363,13.9964,13.3077,13.6851
2008-01-17,13.8366,13.9771,13.4317,13.4317
2008-01-18,13.6190,13.8862,13.5446,13.7843
2008-01-22,13.2498,13.7209,13.0515,13.5253
2008-01-23,12.9138,13.8751,12.8091,13.8448
2008-01-24,13.8834,14.2388,13.8641,14.2388
2008-01-25,14.5445,14.6823,13.9385,13.9523
2008-01-28,13.8889,14.1341,13.7181,14.1341
2008-01-29,14.0955,14.2773,13.9550,14.1589
2008-01-30,14.1754,14.3434,14.0542,14.1479
2008-01-31,13.9661,14.2553,13.8889,14.1065
2008-02-01,14.2140,14.8751,14.2140,14.8586
2008-02-04,14.8723,14.8751,14.5693,14.5941
2008-02-05,14.2966,14.3462,13.9413,13.9578
2008-02-06,14.0019,14.1038,13.5914,13.6052
2008-02-07,13.4867,13.9661,13.3049,13.7319
2008-02-08,13.7512,14.0349,13.7319,13.8917
2008-02-11,13.9523,14.3269,13.9523,14.2140
2008-02-12,14.3214,14.4288,14.1148,14.1451
2008-02-13,14.3159,14.6712,14.3159,14.6685
2008-02-14,14.6823,14.6823,14.1727,14.1727
2008-02-15,14.1038,14.1892,13.8476,13.9137
2008-02-19,14.1038,14.1120,13.7567,13.8118
2008-02-20,13.6548,14.1809,13.6548,14.0818
2008-02-21,14.2966,14.4178,13.9991,14.0432
2008-02-22,14.0790,14.1010,13.8090,14.0900
2008-02-25,14.0377,14.2994,13.9440,14.2250
2008-02-26,14.1065,14.5914,14.1065,14.4536
2008-02-27,14.3379,14.6823,14.3379,14.5803
2008-02-28,14.4233,14.4784,14.1919,14.2360
2008-02-29,14.1038,14.1286,13.7870,13.8256
2008-03-03,13.8228,13.8559,13.6107,13.7429
2008-03-04,13.6355,13.8311,13.3931,13.8173
2008-03-05,13.7126,14.0735,13.7126,13.9550
2008-03-06,13.8228,13.8862,13.5363,13.5529
2008-03-07,13.4289,13.8779,13.2801,13.5694
2008-03-10,13.5363,13.6686,13.3573,13.3573
2008-03-11,13.5143,13.8256,13.4014,13.8256
2008-03-12,13.7842,13.9661,13.7236,13.7236
2008-03-13,13.4730,14.0377,13.4730,13.9661
2008-03-14,13.9936,14.0156,13.4537,13.5666
2008-03-17,12.9634,13.7071,12.9634,13.5143
2008-03-18,13.6438,14.0542,13.6024,14.0542
2008-03-19,14.0184,14.0294,13.4647,13.4785
2008-03-20,13.4454,13.7429,13.3738,13.7429
2008-03-24,13.7457,14.3462,13.7457,14.1782
2008-03-25,14.1864,14.3104,14.0900,14.2195
2008-03-26,14.1589,14.2195,13.8999,14.0680
2008-03-27,14.0101,14.0101,13.7044,13.7044
2008-03-28,13.8421,13.8696,13.5060,13.5060
2008-03-31,13.5253,13.7787,13.5253,13.6520
2008-04-01,13.7980,14.2525,13.7980,14.2222
2008-04-02,14.2195,14.5280,14.2195,14.3242
2008-04-03,14.2112,14.6106,14.1176,14.5280
2008-04-04,14.4646,14.6520,14.3434,14.5473
2008-04-07,14.6161,14.6823,14.3682,14.4371
2008-04-08,14.2939,14.2939,14.0845,14.1313
2008-04-09,14.1864,14.4206,14.0707,14.2746
2008-04-10,14.3104,14.7456,14.3049,14.6079
2008-04-11,14.4591,14.4591,14.0322,14.0735
2008-04-14,13.9661,14.0294,13.7870,13.8201
2008-04-15,13.8917,13.8917,13.5584,13.8559
2008-04-16,14.1396,14.4481,14.1258,14.4178
2008-04-17,14.3242,14.3407,14.1148,14.3186
2008-04-18,14.5748,14.7511,14.4619,14.6272
2008-04-21,14.5308,14.8007,14.5308,14.7869
2008-04-22,14.6547,14.6547,14.2470,14.3985
2008-04-23,14.4646,14.9660,14.4646,14.8172
2008-04-24,14.8090,15.2056,14.6409,15.0817
2008-04-25,15.1643,15.1643,14.7291,15.0266
2008-04-28,14.9384,15.0073,14.8448,14.9192
2008-04-29,14.8806,15.0652,14.8751,14.9908
2008-04-30,15.0101,15.0101,14.6217,14.7071
2008-05-01,14.6960,15.3158,14.6960,15.2580
2008-05-02,15.3985,15.4481,15.0679,15.2662
2008-05-05,15.2029,15.2662,15.0569,15.1561
2008-05-06,15.0211,15.4315,15.0211,15.4122
2008-05-07,15.4536,15.6078,15.2249,15.2249
2008-05-08,15.2773,15.4067,15.1092,15.2883
2008-05-09,15.1258,15.3902,15.1258,15.2855
2008-05-12,15.2084,15.4921,15.2084,15.4728
2008-05-13,15.5224,15.5693,15.4260,15.5390
2008-05-14,15.5307,16.0045,15.5307,15.7373
2008-05-15,15.7621,16.1092,15.7153,16.1037
2008-05-16,16.1147,16.1946,15.8585,16.1918
2008-05-19,16.2249,16.5113,16.0568,16.1147
2008-05-20,16.0513,16.0513,15.6106,15.7180
2008-05-21,15.6491,15.7814,15.4370,15.4673
2008-05-22,15.4839,15.7042,15.4756,15.5555
2008-05-23,15.5334,15.5334,15.2222,15.4370
2008-05-27,15.4122,15.7345,15.4122,15.7180
2008-05-28,15.7951,15.8365,15.6216,15.7786
2008-05-29,15.7290,15.8309,15.7125,15.7235
2008-05-30,15.7951,16.0348,15.7951,15.9549
2008-06-02,15.9191,15.9494,15.6023,15.7951
2008-06-03,15.8392,15.8392,15.4536,15.5720
2008-06-04,15.6905,15.9163,15.6326,15.8172
2008-06-05,15.9742,16.0926,15.8392,16.0210
2008-06-06,15.9907,16.0320,15.5996,15.8006
2008-06-09,15.7125,15.7125,15.1891,15.4728
2008-06-10,15.3544,15.3544,15.0679,15.1616
2008-06-11,15.2084,15.2084,14.6768,14.6768
2008-06-12,14.6134,15.0321,14.6134,14.7374
2008-06-13,14.8751,15.1946,14.8475,15.1175
2008-06-16,15.0486,15.5059,15.0486,15.4205
2008-06-17,15.4398,15.5582,15.2056,15.2111
2008-06-18,15.0679,15.1781,14.8117,14.8751
2008-06-19,14.9412,15.3709,14.7869,15.2635
2008-06-20,15.0734,15.0734,14.8586,14.9192
2008-06-23,15.1070,15.1070,14.7038,14.7203
2008-06-24,14.5988,15.0711,14.5988,14.7949
2008-06-25,14.9633,15.2478,14.9633,15.0545
2008-06-26,14.9136,14.9385,14.3033,14.3779
2008-06-27,14.3199,14.3972,14.0768,14.2840
2008-06-30,14.1873,14.4276,14.1403,14.1403
2008-07-01,14.0023,14.1127,13.7150,14.0906
2008-07-02,14.1238,14.2066,13.7150,13.7537
2008-07-03,13.8642,13.8642,13.1710,13.3588
2008-07-07,13.4278,13.7261,13.2428,13.4388
2008-07-08,13.3670,13.5659,13.2455,13.5162
2008-07-09,13.5327,13.5327,12.9693,12.9693
2008-07-10,12.9113,13.2096,12.8561,13.1599
2008-07-11,12.9997,13.3090,12.7871,13.1130
2008-07-14,13.1930,13.2621,12.8174,12.9528
2008-07-15,12.8451,13.3284,12.7484,13.0798
2008-07-16,13.2400,13.5410,13.0273,13.5024
2008-07-17,13.6128,13.8697,13.4029,13.7924
2008-07-18,13.7316,13.7785,13.3256,13.7261
2008-07-21,13.8089,13.8255,13.5410,13.6101
2008-07-22,13.3477,13.3505,12.9970,13.1903
2008-07-23,13.2317,13.4692,13.1102,13.3146
2008-07-24,13.2566,13.2566,12.6517,12.6794
2008-07-25,12.7097,12.8368,12.5799,12.8036
2008-07-28,12.6821,12.8257,12.5551,12.5965
2008-07-29,12.7042,12.9445,12.6158,12.9196
2008-07-30,13.0411,13.1599,12.8672,13.0246
2008-07-31,12.9113,13.2566,12.9113,12.9776
2008-08-01,12.9611,13.0080,12.6849,12.8616
2008-08-04,12.9224,13.0218,12.8340,12.8865
2008-08-05,13.0163,13.2124,12.9003,13.2041
2008-08-06,13.2649,13.4333,13.0052,13.3698
2008-08-07,13.3670,13.7675,13.2041,13.4996
2008-08-08,13.4886,13.8227,13.4278,13.7813
2008-08-11,13.8476,14.2480,13.7758,14.0713
2008-08-12,14.0851,14.1569,13.9857,14.0437
2008-08-13,14.1017,14.2619,13.9553,14.1127
2008-08-14,14.0271,14.3226,14.0023,14.2563
2008-08-15,14.3337,14.4441,14.2204,14.3226
2008-08-18,14.4248,14.4248,13.9802,14.1403
2008-08-19,14.0685,14.0989,13.8255,13.8752
2008-08-20,13.9995,14.0492,13.7647,13.8365
2008-08-21,13.8006,13.8227,13.6515,13.7592
2008-08-22,13.9194,13.9829,13.7951,13.9304
2008-08-25,13.8476,13.9387,13.7040,13.7123
2008-08-26,13.6543,13.6708,13.4886,13.5935
2008-08-27,13.5604,13.8255,13.5493,13.7288
2008-08-28,13.7896,13.8807,13.7509,13.8586
2008-08-29,13.6985,13.7205,13.4499,13.5493
2008-09-02,13.7592,13.8310,13.2704,13.3367
2008-09-03,13.2566,13.2566,12.6959,12.7318
2008-09-04,12.6352,12.6600,12.3010,12.3397
2008-09-05,12.1712,12.5716,12.1712,12.5026
2008-09-08,12.8313,12.8313,12.2071,12.4280
2008-09-09,12.2899,12.4225,11.8812,11.9447
2008-09-10,12.1104,12.1629,11.9364,12.0193
2008-09-11,11.8840,12.1021,11.7044,12.0220
2008-09-12,11.8646,12.0662,11.7321,12.0386
2008-09-15,11.5885,11.9779,11.5581,11.5691
2008-09-16,11.0913,11.8232,11.0471,11.6906
2008-09-17,11.3482,11.7818,11.2985,11.2985
2008-09-18,11.5056,11.9723,11.0913,11.8674
2008-09-19,12.7705,12.9390,11.0444,12.1546
2008-09-22,11.9309,12.0800,11.5967,11.6023
2008-09-23,11.6492,11.7735,11.3565,11.4255
2008-09-24,11.5608,11.7017,11.4890,11.5415
2008-09-25,11.2515,11.8481,11.2515,11.7072
2008-09-26,11.6630,11.7707,11.1410,11.7707
2008-09-29,11.7321,11.7321,10.6909,10.7710
2008-09-30,10.6053,11.2156,10.6053,11.1963
2008-10-01,11.3012,11.3012,10.9698,11.1355
2008-10-02,10.9422,10.9753,10.4395,10.4616
2008-10-03,10.6909,10.8787,10.3318,10.3429
2008-10-06,10.0639,10.1026,9.4536,9.9921
2008-10-07,10.0198,10.1137,9.3155,9.3404
2008-10-08,8.9565,9.7491,8.9565,9.3183
2008-10-09,9.5199,9.7215,9.0366,9.1581
2008-10-10,8.5974,9.4149,8.4759,9.0421
2008-10-13,9.2244,9.8706,9.2244,9.8706
2008-10-14,10.1937,10.2600,9.3404,9.4619
2008-10-15,9.4149,9.4232,8.5753,8.5864
2008-10-16,8.5643,9.0283,8.2025,9.0034
2008-10-17,8.8184,9.2437,8.7908,8.8626
2008-10-20,9.0642,9.1526,8.9454,9.1277
2008-10-21,8.7383,8.9786,8.6941,8.6941
2008-10-22,8.6831,8.7825,8.1887,8.3406
2008-10-23,8.3682,8.4290,7.8545,8.1666
2008-10-24,7.4789,8.4096,7.4789,8.1583
2008-10-27,7.9401,8.4953,7.9401,8.1417
2008-10-28,8.3931,8.8902,8.1196,8.8736
2008-10-29,8.7714,8.9896,8.6112,8.7272
2008-10-30,8.9758,9.1139,8.7190,9.1056
2008-10-31,8.9040,9.3901,8.9040,9.2216
2008-11-03,9.3238,9.3928,9.1581,9.1995
2008-11-04,9.3790,9.5696,9.2962,9.5420
2008-11-05,9.4011,9.4508,9.0448,9.0476
2008-11-06,8.8874,8.9592,8.3461,8.3599
2008-11-07,8.4428,8.6030,8.3903,8.5450
2008-11-10,8.6140,8.6444,8.2080,8.2964
2008-11-11,8.1169,8.2936,7.9981,8.1196
2008-11-12,7.9595,8.0727,7.6999,7.7109
2008-11-13,7.7717,8.2191,7.3242,8.2191
2008-11-14,7.9954,8.0202,7.6060,7.6474
2008-11-17,7.5314,7.6667,7.4402,7.4485
2008-11-18,7.3988,7.5038,7.0702,7.2801
2008-11-19,7.1862,7.3132,6.7360,6.7360
2008-11-20,6.6504,6.9846,6.4571,6.4571
2008-11-21,6.7084,6.7609,6.3245,6.7526
2008-11-24,6.7415,7.2221,6.7415,7.1696
2008-11-25,7.2138,7.2359,6.9210,7.0895
2008-11-26,6.9045,7.5811,6.9045,7.5673
2008-11-28,7.6004,7.6004,7.3905,7.4761
2008-12-01,7.2055,7.2635,6.9100,6.9100
2008-12-02,7.0646,7.0895,6.7774,7.0260
2008-12-03,6.8106,7.3795,6.8106,7.3657
2008-12-04,7.2331,7.3684,6.8824,6.9514
2008-12-05,6.8106,7.2027,6.6642,7.2027
2008-12-08,7.3850,7.4264,7.1862,7.3132
2008-12-09,7.2801,7.9015,7.1447,7.6446
2008-12-10,7.6446,8.0451,7.6060,7.7882
2008-12-11,7.7330,7.9318,7.5783,7.6087
2008-12-12,7.4209,8.0092,7.4209,7.9898
2008-12-15,8.0313,8.0313,7.6999,7.8683
2008-12-16,7.9843,8.3213,7.9429,8.2854
2008-12-17,8.1694,8.4566,8.0837,8.3682
2008-12-18,8.3489,8.3489,7.7468,7.8518
2008-12-19,7.9457,8.1362,7.9291,8.0313
2008-12-22,7.9781,7.9781,7.5686,7.7246
2008-12-23,7.7719,7.7719,7.4599,7.4962
2008-12-24,7.5184,7.5909,7.5101,7.5825
2008-12-26,7.5909,7.5909,7.4766,7.5324
2008-12-29,7.5268,7.5324,7.3792,7.4962
2008-12-30,7.5463,7.8555,7.5463,7.8304
2008-12-31,7.8221,7.9808,7.8165,7.9029
2009-01-02,7.9168,8.2984,7.8499,8.2706
2009-01-05,8.1981,8.3931,8.1424,8.2678
2009-01-06,8.3179,8.7887,8.3179,8.7135
2009-01-07,8.4962,8.4962,8.2093,8.3040
2009-01-08,8.2148,8.3207,8.0700,8.2956
2009-01-09,8.2733,8.2873,7.9864,8.0031
2009-01-12,7.9864,7.9864,7.6856,7.7580
2009-01-13,7.8471,7.9836,7.6299,7.7691
2009-01-14,7.6438,7.6661,7.4126,7.4572
2009-01-15,7.4683,7.6800,7.2817,7.5909
2009-01-16,7.7608,7.9363,7.5686,7.9029
2009-01-20,7.8889,7.8889,7.3569,7.3708
2009-01-21,7.4822,7.5714,7.2092,7.5519
2009-01-22,7.3652,7.5129,7.1786,7.3652
2009-01-23,7.3792,7.8026,7.2761,7.6800
2009-01-26,7.6939,7.9196,7.6410,7.7441
2009-01-27,7.7636,8.0644,7.7636,7.9920
2009-01-28,8.1814,8.3402,8.1146,8.2706
2009-01-29,8.1341,8.1341,7.8026,7.8555
2009-01-30,7.9001,7.9725,7.6299,7.6967
2009-02-02,7.5519,7.8527,7.5268,7.7859
2009-02-03,7.8137,7.9363,7.6577,7.9112
2009-02-04,7.9001,8.2901,7.8471,8.0115
2009-02-05,7.8722,8.4544,7.8722,8.3402
2009-02-06,8.3876,8.6995,8.3876,8.6494
2009-02-09,8.6215,8.6633,8.4962,8.6048
2009-02-10,8.5491,8.7023,8.1313,8.2093
2009-02-11,8.1953,8.1953,7.9001,8.0588
2009-02-12,7.9168,8.2009,7.8722,8.1619
2009-02-13,8.1341,8.3931,8.1341,8.2956
2009-02-17,7.9836,7.9864,7.7190,7.7301
2009-02-18,7.7747,7.9363,7.6633,7.7413
2009-02-19,7.8193,7.8304,7.3485,7.3764
2009-02-20,7.2427,7.5129,7.2427,7.4209
2009-02-23,7.4516,7.4516,7.0783,7.1089
2009-02-24,7.1702,7.5156,7.1702,7.4711
2009-02-25,7.4432,7.8834,7.3736,7.6828
2009-02-26,7.7524,8.0393,7.5825,7.6131
2009-02-27,7.5157,7.7357,7.5017,7.5714
2009-03-02,7.4209,7.5546,7.1396,7.1730
2009-03-03,7.2984,7.4098,7.1507,7.2761
2009-03-04,7.4182,7.7496,7.3792,7.5992
2009-03-05,7.5212,7.7496,7.4850,7.4962
2009-03-06,7.5936,7.6884,7.2232,7.4014
2009-03-09,7.3318,7.6299,7.2315,7.2594
2009-03-10,7.4599,7.8360,7.4154,7.8221
2009-03-11,7.8583,8.0923,7.8583,8.0199
2009-03-12,8.0756,8.3848,7.9502,8.3681
2009-03-13,8.3931,8.4823,8.2706,8.4516
2009-03-16,8.7135,8.7413,8.1591,8.1953
2009-03-17,8.2288,8.5296,8.1424,8.5157
2009-03-18,8.5045,8.8611,8.4628,8.7915
2009-03-19,8.9168,8.9168,8.6633,8.7720
2009-03-20,8.7274,8.8388,8.2928,8.4238
2009-03-23,8.6995,8.9642,8.5853,8.9642
2009-03-24,8.9670,8.9670,8.6745,8.6995
2009-03-25,8.8082,9.0812,8.4990,8.7636
2009-03-26,8.7943,9.1926,8.7943,9.1898
2009-03-27,9.1759,9.2065,8.9781,9.0338
2009-03-30,9.0199,9.0199,8.5352,8.6522
2009-03-31,8.8416,8.8472,8.6355,8.6745
2009-04-01,8.4962,8.8555,8.4739,8.8249
2009-04-02,9.0171,9.3458,8.9893,9.1842
2009-04-03,9.2929,9.4600,9.0840,9.4600
2009-04-06,9.3430,9.3848,9.0923,9.2901
2009-04-07,9.1647,9.1647,8.8890,8.9530
2009-04-08,8.9837,9.1870,8.9140,9.1564
2009-04-09,9.4127,9.6299,9.3319,9.5436
2009-04-13,9.5464,9.5603,9.2149,9.4405
2009-04-14,9.3737,9.6494,9.3040,9.4712
2009-04-15,9.3012,9.3124,9.1230,9.2957
2009-04-16,9.4712,9.6912,9.3486,9.6773
2009-04-17,9.7135,9.7497,9.4851,9.6884
2009-04-20,9.4823,9.5436,9.1703,9.2372
2009-04-21,9.1174,9.3402,8.9781,9.2177
2009-04-22,9.1146,9.7581,9.0310,9.4962
2009-04-23,9.6160,9.6160,9.1146,9.4294
2009-04-24,9.5603,9.6439,9.2511,9.5631
2009-04-27,9.3820,9.6773,9.3820,9.5046
2009-04-28,9.3904,9.4879,9.2678,9.3486
2009-04-29,9.4155,9.6857,9.3430,9.5130
2009-04-30,9.6912,10.0004,9.5714,9.7525
2009-05-01,9.7887,9.8695,9.5798,9.7804
2009-05-04,9.9642,10.2539,9.8890,10.2400
2009-05-05,10.2233,10.2233,9.9531,10.1425
2009-05-06,10.2790,10.2790,9.9614,10.2121
2009-05-07,10.3319,10.3319,9.5129,9.6634
2009-05-08,9.7469,9.7469,9.2232,9.3653
2009-05-11,9.2065,9.5547,9.0951,9.4043
2009-05-12,9.3514,9.4740,8.9976,9.1703
2009-05-13,9.0951,9.1675,8.8862,8.9196
2009-05-14,8.9335,9.2260,8.9335,9.1425
2009-05-15,9.1062,9.2316,8.9948,9.0338
2009-05-18,9.1146,9.3681,9.1146,9.3458
2009-05-19,9.3180,9.6884,9.2622,9.5547
2009-05-20,9.7024,10.0060,9.6327,9.6550
2009-05-21,9.5492,9.6411,9.3180,9.4628
2009-05-22,9.5046,9.5659,9.3263,9.4656
2009-05-26,9.3570,9.8222,9.3570,9.7859
2009-05-27,9.7748,10.1509,9.7748,9.9224
2009-05-28,10.0144,10.1147,9.7497,10.1035
2009-05-29,10.1119,10.2149,9.9447,10.1453
2009-06-01,10.3291,10.7498,10.3291,10.6829
2009-06-02,10.6662,10.6662,10.3319,10.3988
2009-06-03,10.2706,10.2706,10.1007,10.2177
2009-06-04,10.2790,10.4656,10.2651,10.4350
2009-06-05,10.5241,10.5241,10.1815,10.2679
2009-06-08,10.2233,10.3486,10.0701,10.2734
2009-06-09,10.4378,10.8250,10.4378,10.7386
2009-06-10,10.8501,10.8612,10.5548,10.7776
2009-06-11,10.8138,10.9030,10.6411,10.7136
2009-06-12,10.6551,10.6801,10.4155,10.5659
2009-06-15,10.4044,10.5019,10.2233,10.4517
2009-06-16,10.5186,10.5213,10.1899,10.2372
2009-06-17,10.2818,10.4573,10.0617,10.3737
2009-06-18,10.3403,10.4099,10.1425,10.1787
2009-06-19,10.3041,10.3932,10.2233,10.2929
2009-06-22,10.2222,10.3200,9.9231,9.9231
2009-06-23,9.9455,9.9595,9.6911,9.8393
2009-06-24,9.9008,10.1691,9.9008,10.0573
2009-06-25,10.0014,10.2697,9.9483,10.2613
2009-06-26,10.2390,10.3871,10.1663,10.2446
2009-06-29,10.2837,10.3480,10.1747,10.2418
2009-06-30,10.2390,10.4123,10.1272,10.2474
2009-07-01,10.3117,10.5660,10.3033,10.4123
2009-07-02,10.2949,10.3704,10.1915,10.3145
2009-07-06,10.2474,10.3340,10.0182,10.1579
2009-07-07,10.1998,10.3061,9.8756,9.8868
2009-07-08,9.9231,9.9371,9.6492,9.7973
2009-07-09,9.8560,10.1216,9.8476,10.0014
2009-07-10,9.9511,10.1495,9.8980,10.0573
2009-07-13,10.0657,10.3117,9.8952,10.3061
2009-07-14,10.3145,10.4906,10.3117,10.4710
2009-07-15,10.8232,10.9602,10.7896,10.9434
2009-07-16,10.8847,11.2005,10.8483,11.1614
2009-07-17,11.1670,11.3096,11.0133,11.2956
2009-07-20,11.3766,11.4381,11.2564,11.4158
2009-07-21,11.4381,11.4381,11.1474,11.3766
2009-07-22,11.3375,11.6841,11.3235,11.6506
2009-07-23,11.6114,11.9022,11.5164,11.8854
2009-07-24,11.6422,11.7652,11.4437,11.7484
2009-07-27,11.7652,11.8071,11.5695,11.7875
2009-07-28,11.7400,11.8826,11.6254,11.8099
2009-07-29,11.7792,11.7987,11.6478,11.7875
2009-07-30,11.9385,12.1202,11.7484,11.7540
2009-07-31,11.7680,11.9329,11.7261,11.8323
2009-08-03,11.9636,12.0531,11.8239,11.9972
2009-08-04,11.9049,12.0531,11.8742,11.9804
2009-08-05,12.0307,12.0587,11.7764,11.8714
2009-08-06,11.8854,12.0000,11.6450,11.6785
2009-08-07,11.8742,11.8882,11.6003,11.7009
2009-08-10,11.6282,11.7316,11.5136,11.6059
2009-08-11,11.5863,11.6757,11.4270,11.4773
2009-08-12,11.4857,11.7875,11.4857,11.7037
2009-08-13,11.8155,11.9748,11.6450,11.9525
2009-08-14,11.8882,11.8882,11.6114,11.7121
2009-08-17,11.5108,11.5108,11.3403,11.3766
2009-08-18,11.4046,11.6450,11.4046,11.6198
2009-08-19,11.4214,11.7037,11.4214,11.6757
2009-08-20,11.6422,11.7959,11.6422,11.7680
2009-08-21,11.8407,12.0000,11.7065,11.9888
2009-08-24,12.0335,12.1342,11.8407,11.8742
2009-08-25,11.9133,12.0084,11.8183,11.9301
2009-08-26,11.8966,12.0671,11.8966,12.0419
2009-08-27,12.0000,12.0671,11.8379,12.0671
2009-08-28,12.2935,12.5031,12.1956,12.3214
2009-08-31,12.2264,12.2320,12.0447,12.1425
2009-09-01,12.0615,12.3997,11.8071,11.8323
2009-09-02,11.7764,11.9497,11.7428,11.8043
2009-09-03,11.8518,12.0000,11.7903,11.9860
2009-09-04,12.0503,12.2963,12.0084,12.2963
2009-09-08,12.4305,12.5562,12.3103,12.5451
2009-09-09,12.5674,12.7072,12.4193,12.6848
2009-09-10,12.7072,12.8945,12.6569,12.8805
2009-09-11,12.8581,12.8693,12.5786,12.6429
2009-09-14,12.5451,12.6708,12.5423,12.6457
2009-09-15,12.6876,12.8106,12.6513,12.7491
2009-09-16,12.8162,12.8162,12.6177,12.7016
2009-09-17,12.6904,12.7351,12.4137,12.4528
2009-09-18,12.4892,12.6233,12.4472,12.5479
2009-09-21,12.4696,12.5982,12.4221,12.5339
2009-09-22,12.6373,12.7379,12.5395,12.6429
2009-09-23,12.7659,12.9280,12.6792,12.6904
2009-09-24,12.7631,12.7743,12.2907,12.3857
2009-09-25,12.3438,12.4472,12.2348,12.3522
2009-09-28,12.4472,12.7016,12.4277,12.5926
2009-09-29,12.6457,12.7156,12.4025,12.4165
2009-09-30,12.4780,12.6708,12.2767,12.5199
2009-10-01,12.5003,12.5283,11.9189,11.9217
2009-10-02,11.8071,12.0056,11.7540,11.7792
2009-10-05,11.8351,12.0447,11.7624,12.0084
2009-10-06,12.1118,12.3270,12.1118,12.2432
2009-10-07,12.2404,12.2739,12.1369,12.2180
2009-10-08,12.2767,12.2767,11.9916,12.1314
2009-10-09,12.1481,12.5618,12.1425,12.5479
2009-10-12,12.6066,12.8749,12.5898,12.7351
2009-10-13,12.7603,12.8134,12.6345,12.6876
2009-10-14,12.9895,13.0007,12.7379,12.8861
2009-10-15,12.7743,12.8190,12.6010,12.6597
2009-10-16,12.5255,12.5339,12.2460,12.3885
2009-10-19,12.4193,12.6093,12.3410,12.5758
2009-10-20,12.6401,12.7407,12.4947,12.5283
2009-10-21,12.5423,12.6848,12.2851,12.3131
2009-10-22,12.3047,12.4864,12.1174,12.4444
2009-10-23,12.4305,12.4528,12.0699,12.1174
2009-10-26,12.1034,12.3522,11.9692,12.0727
2009-10-27,12.0866,12.1929,11.7540,11.7931
2009-10-28,11.7680,11.8602,11.4325,11.4549
2009-10-29,11.5499,11.7596,11.5499,11.7372
2009-10-30,11.6813,11.6953,11.3040,11.3487
2009-11-02,11.3571,11.4717,11.1838,11.3515
2009-11-03,11.1838,11.2564,11.0244,11.2397
2009-11-04,11.3515,11.5332,11.3207,11.3291
2009-11-05,11.5052,11.7177,11.4661,11.6701
2009-11-06,11.6086,11.8490,11.6003,11.6953
2009-11-09,11.8462,12.0894,11.8267,12.0531
2009-11-10,12.0587,12.1957,11.9581,12.0755
2009-11-11,12.2152,12.3885,12.1845,12.2488
2009-11-12,12.3047,12.4472,12.1733,12.1901
2009-11-13,12.2376,12.3382,12.1481,12.2851
2009-11-16,12.4640,12.6121,12.4640,12.5758
2009-11-17,12.5143,12.6121,12.4528,12.6038
2009-11-18,12.5926,12.6177,12.4221,12.5031
2009-11-19,12.2879,12.2879,11.9273,12.0922
2009-11-20,11.9972,12.0196,11.9105,11.9972
2009-11-23,12.1342,12.2599,12.0838,12.1230
2009-11-24,12.1481,12.2376,12.1062,12.2208
2009-11-25,12.2264,12.2991,12.2264,12.2683
2009-11-27,11.8770,12.1761,11.8574,12.0978
2009-11-30,12.1174,12.1258,11.9469,12.1202
2009-12-01,12.2236,12.5451,12.2236,12.5115
2009-12-02,12.5702,12.7854,12.4975,12.6988
2009-12-03,12.7016,13.0007,12.7016,12.8553
2009-12-04,12.9811,13.1712,12.8106,13.0594
2009-12-07,13.0622,13.2886,13.0622,13.1656
2009-12-08,13.1293,13.1880,12.9699,13.0929
2009-12-09,13.1097,13.1712,12.9979,13.1544
2009-12-10,13.1908,13.2998,13.1125,13.1153
2009-12-11,13.1460,13.1712,12.9643,13.0175
2009-12-14,13.1349,13.2243,13.0594,13.2131
2009-12-15,13.1684,13.3026,13.1013,13.1488
2009-12-16,13.1740,13.4815,13.1740,13.3417
2009-12-17,13.2550,13.3361,13.1265,13.1432
2009-12-18,13.1880,13.3221,13.1293,13.2998
2009-12-21,13.4267,13.6149,13.4267,13.6149
2009-12-22,13.6654,13.7469,13.6486,13.6907
2009-12-23,13.7637,13.7806,13.6514,13.7104
2009-12-24,13.7525,13.8760,13.7525,13.8732
2009-12-28,13.9182,13.9350,13.6738,13.7384
2009-12-29,13.7469,13.7497,13.6233,13.7188
2009-12-30,13.6738,13.9154,13.6738,13.9126
2009-12-31,13.9575,13.9884,13.8255,13.8255
2010-01-04,13.9828,14.1176,13.9463,13.9940
2010-01-05,14.0165,14.0951,13.8845,13.9715
2010-01-06,13.9743,14.0445,13.9154,13.9294
2010-01-07,13.9182,13.9182,13.7244,13.8199
2010-01-08,13.7918,14.0333,13.7918,14.0277
2010-01-11,14.0839,14.1260,13.8704,13.9856
2010-01-12,13.8508,13.8508,13.4099,13.4969
2010-01-13,13.5756,13.6963,13.2919,13.6542
2010-01-14,13.6289,13.6458,13.4885,13.6289
2010-01-15,13.6205,13.6205,13.1515,13.1852
2010-01-19,13.1992,13.3677,13.1992,13.3368
2010-01-20,13.2779,13.3453,13.1627,13.3368
2010-01-21,13.3368,13.5503,13.1796,13.2526
2010-01-22,13.1796,13.1796,12.5926,12.6291
2010-01-25,12.7078,12.8931,12.6937,12.8033
2010-01-26,12.7387,12.8735,12.6741,12.6881
2010-01-27,12.6937,12.8959,12.5954,12.8650
2010-01-28,12.8679,12.8679,12.2865,12.4859
2010-01-29,12.5533,12.6909,11.9888,12.0703
2010-02-01,12.1264,12.4943,12.1264,12.4803
2010-02-02,12.4915,12.6713,12.4326,12.6095
2010-02-03,12.5786,12.6797,12.5000,12.6067
2010-02-04,12.4747,12.4747,12.0422,12.0619
2010-02-05,12.0759,12.3511,11.9804,12.3371
2010-02-08,12.3483,12.5000,12.1798,12.2865
2010-02-09,12.4522,12.5814,12.3286,12.4326
2010-02-10,12.4213,12.5421,12.3146,12.5084
2010-02-11,12.4859,12.7948,12.4073,12.7667
2010-02-12,12.6235,12.9998,12.5224,12.8819
2010-02-16,12.9998,13.1824,12.9296,13.1627
2010-02-17,13.2329,13.2554,12.9942,13.1515
2010-02-18,13.0925,13.2020,12.9886,13.1964
2010-02-19,13.1318,13.3031,13.0700,13.2329
2010-02-22,13.3031,13.3228,13.1627,13.2077
2010-02-23,13.1740,13.1740,12.7808,12.8679
2010-02-24,12.9268,13.1796,12.9268,13.1094
2010-02-25,12.8679,13.0841,12.7499,13.0560
2010-02-26,13.0644,13.0644,12.8903,13.0335
2010-03-01,13.0981,13.3705,13.0981,13.3425
2010-03-02,13.3846,13.5082,13.2975,13.3425
2010-03-03,13.4042,13.4913,13.2189,13.2779
2010-03-04,13.2835,13.3172,13.0981,13.2666
2010-03-05,13.3537,13.4857,13.2694,13.4155
2010-03-08,13.4660,13.4829,13.3874,13.4099
2010-03-09,13.3453,13.4829,13.3060,13.3734
2010-03-10,13.4267,13.6795,13.4071,13.6345
2010-03-11,13.5980,13.5980,13.4239,13.5475
2010-03-12,13.6205,13.6205,13.4857,13.5222
2010-03-15,13.4716,13.4716,13.2891,13.3762
2010-03-16,13.4127,13.7721,13.4014,13.7469
2010-03-17,13.7918,14.0333,13.7918,13.9687
2010-03-18,13.9771,13.9799,13.7440,13.8395
2010-03-19,13.8817,13.8817,13.5615,13.6486
2010-03-22,13.5587,13.9519,13.5053,13.9182
2010-03-23,13.9743,14.2159,13.9631,14.1990
2010-03-24,14.1035,14.1119,13.8395,13.8648
2010-03-25,14.0137,14.1007,13.8508,13.8564
2010-03-26,13.9406,14.0052,13.6851,13.8030
2010-03-29,13.8704,13.9631,13.8508,13.8929
2010-03-30,13.9069,14.0221,13.8086,13.9771
2010-03-31,13.9069,14.0417,13.8536,13.8789
2010-04-01,14.0052,14.1737,13.7665,13.8732
2010-04-05,13.9771,14.2889,13.9603,14.2720
2010-04-06,14.1934,14.2355,14.0951,14.1822
2010-04-07,14.1485,14.3394,14.0558,14.2355
2010-04-08,14.1681,14.1681,13.9547,14.0417
2010-04-09,14.0558,14.1962,14.0361,14.1962
2010-04-12,14.2524,14.4181,14.1962,14.3170
2010-04-13,14.3254,14.4658,14.2945,14.4518
2010-04-14,14.7438,15.0612,14.7129,15.0387
2010-04-15,15.0387,15.1651,14.9910,15.1033
2010-04-16,15.0162,15.0162,14.6848,14.8842
2010-04-19,14.8281,14.8899,14.4546,14.7523
2010-04-20,14.8871,14.9882,14.7719,14.9460
2010-04-21,15.0387,15.0724,14.5613,14.7523
2010-04-22,14.5781,14.9685,14.3422,14.9573
2010-04-23,14.9769,14.9769,14.7242,14.9657
2010-04-26,14.9460,15.1286,14.9460,15.0331
2010-04-27,14.9208,15.0050,14.5079,14.5472
2010-04-28,14.6343,14.7691,14.3956,14.6174
2010-04-29,14.6849,14.8028,14.5585,14.8028
2010-04-30,14.8140,14.8140,14.1597,14.1597
2010-05-03,14.2496,14.5276,14.2243,14.4546
2010-05-04,14.2327,14.2411,13.7328,13.9013
2010-05-05,13.7553,13.9715,13.5250,13.7609
2010-05-06,13.6542,13.8620,6.5322,13.2610
2010-05-07,13.1431,13.3902,12.6376,13.0925
2010-05-10,13.7890,13.7946,13.5447,13.7749
2010-05-11,13.6738,13.9238,13.4885,13.6963
2010-05-12,13.8002,14.1035,13.7497,14.0726
2010-05-13,14.0108,14.1372,13.6767,13.7384
2010-05-14,13.6064,13.6064,13.0729,13.3228
2010-05-17,13.3228,13.5138,13.0757,13.4941
2010-05-18,13.6036,13.6542,13.0532,13.1234
2010-05-19,13.0813,13.3312,12.9015,13.2020
2010-05-20,12.8735,13.0953,12.6011,12.8089
2010-05-21,12.5505,13.2217,12.5140,13.0027
2010-05-24,12.9886,13.1094,12.8061,12.8089
2010-05-25,12.4691,12.8650,12.3006,12.8482
2010-05-26,12.9858,13.2273,12.8145,12.8707
2010-05-27,13.0869,13.4492,13.0869,13.4492
2010-05-28,13.3958,13.4267,13.0729,13.2329
2010-06-01,13.1599,13.3565,12.9521,12.9521
2010-06-02,13.0139,13.3705,12.9577,13.3705
2010-06-03,13.4099,13.5475,13.2975,13.5306
2010-06-04,13.2498,13.4155,12.8763,12.9268
2010-06-07,12.9661,13.0729,12.4410,12.4522
2010-06-08,12.4719,12.5000,12.1264,12.4494
2010-06-09,12.5814,12.7976,12.2753,12.3062
2010-06-10,12.5000,12.7499,12.5000,12.7415
2010-06-11,12.5477,12.9437,12.5477,12.9240
2010-06-14,13.1262,13.2217,12.9465,12.9549
2010-06-15,13.0335,13.6430,13.0335,13.6008
2010-06-16,13.4773,13.7441,13.3958,13.6514
2010-06-17,13.7047,13.7693,13.4492,13.6682
2010-06-18,13.7047,13.7778,13.5868,13.6373
2010-06-21,13.8165,13.8785,13.4469,13.5344
2010-06-22,13.5541,13.7431,13.2608,13.2692
2010-06-23,13.3172,13.4892,13.1000,13.3228
2010-06-24,13.2636,13.2636,12.9307,12.9702
2010-06-25,13.0379,13.0605,12.7784,13.0069
2010-06-28,12.9928,13.2241,12.9223,13.0971
2010-06-29,12.8264,12.8292,12.4681,12.5414
2010-06-30,12.5696,12.6881,12.2932,12.3299
2010-07-01,12.3045,12.4399,11.9886,12.3073
2010-07-02,12.3130,12.3581,12.0901,12.2424
2010-07-06,12.4089,12.5217,12.1099,12.2086
2010-07-07,12.2312,12.8715,12.2312,12.8602
2010-07-08,13.0069,13.0069,12.6374,12.8433
2010-07-09,12.7981,13.0266,12.7953,13.0266
2010-07-12,12.9561,13.1874,12.9561,13.1056
2010-07-13,13.2579,13.4610,13.1959,13.3990
2010-07-14,13.5739,13.6641,13.3143,13.3764
2010-07-15,13.3933,13.3990,13.1141,13.3567
2010-07-16,13.2325,13.2833,12.9617,12.9617
2010-07-19,13.0069,13.3172,13.0069,13.3115
2010-07-20,12.9194,13.3115,12.8179,13.2946
2010-07-21,13.3144,13.3144,12.9928,13.0266
2010-07-22,13.1254,13.5090,13.1254,13.4639
2010-07-23,13.4046,13.5880,13.2833,13.5682
2010-07-26,13.5457,13.7854,13.4272,13.7854
2010-07-27,13.8306,13.8447,13.6416,13.6670
2010-07-28,13.6331,13.7206,13.3708,13.4413
2010-07-29,13.5118,13.5118,12.9758,13.1112
2010-07-30,12.8969,13.0605,12.7671,12.9702
2010-08-02,13.1282,13.2438,13.0097,13.1705
2010-08-03,13.0971,13.1056,12.9759,13.0520
2010-08-04,13.0915,13.1846,12.9476,13.1733
2010-08-05,13.1112,13.2354,13.0605,13.1395
2010-08-06,12.9900,13.2213,12.9759,13.1423
2010-08-09,13.2692,13.2805,13.0774,13.2269
2010-08-10,13.0943,13.0943,12.7840,12.9082
2010-08-11,12.6345,12.6345,12.3186,12.4004
2010-08-12,12.1409,12.2847,12.0083,12.2086
2010-08-13,12.1663,12.3412,12.1155,12.1268
2010-08-16,12.0732,12.2622,11.9970,12.1606
2010-08-17,12.2594,12.4484,12.2170,12.3299
2010-08-18,12.3440,12.5414,12.2847,12.4766
2010-08-19,12.4032,12.5019,12.2255,12.2960
2010-08-20,12.2565,12.3976,12.1945,12.2989
2010-08-23,12.3468,12.4201,12.1493,12.1663
2010-08-24,12.0055,12.0986,11.8475,11.9801
2010-08-25,11.8757,12.1042,11.7714,12.0788
2010-08-26,12.1352,12.1465,11.8475,11.8955
2010-08-27,11.9801,12.1888,11.6529,12.1578
2010-08-30,12.0986,12.1042,11.8306,11.8334
2010-08-31,11.7657,11.8955,11.5513,11.6134
2010-09-01,11.7967,12.0647,11.7939,11.9462
2010-09-02,11.9547,12.2001,11.9547,12.1888
2010-09-03,12.3609,12.4709,12.1917,12.4230
2010-09-07,12.3355,12.3807,12.1099,12.1324
2010-09-08,12.1550,12.1550,11.9660,12.0788
2010-09-09,12.2142,12.2424,12.0732,12.1014
2010-09-10,12.0901,12.1183,11.7798,11.9519
2010-09-13,12.0647,12.3553,12.0534,12.3327
2010-09-14,12.3186,12.6289,12.2001,12.5612
2010-09-15,12.4907,12.5668,12.3637,12.5414
2010-09-16,12.5189,12.6684,12.4512,12.6430
2010-09-17,12.7248,12.7304,12.5950,12.6515
2010-09-20,12.7051,12.7840,12.5612,12.7586
2010-09-21,12.7586,12.8884,12.7051,12.7869
2010-09-22,12.6938,12.7615,12.5048,12.5866
2010-09-23,12.4766,12.8856,12.4117,12.6627
2010-09-24,12.8405,13.2269,12.8405,13.2269
2010-09-27,13.1959,13.2579,13.0887,13.1592
2010-09-28,13.2213,13.4244,13.0210,13.3905
2010-09-29,13.3087,13.5372,13.3087,13.4244
2010-09-30,13.4921,13.5852,13.2128,13.3454
2010-10-01,13.4328,13.4723,13.2015,13.3313
2010-10-04,13.2551,13.3144,12.9984,13.1479
2010-10-05,13.2805,13.5175,13.2551,13.4836
2010-10-06,13.4498,13.4582,13.1705,13.2777
2010-10-07,13.3369,13.3679,13.1789,13.3285
2010-10-08,13.3285,13.4808,13.1423,13.4554
2010-10-11,13.4469,13.6613,13.4469,13.5598
2010-10-12,13.5118,13.7008,13.4187,13.6557
2010-10-13,13.6980,13.6980,13.5090,13.6303
2010-10-14,13.5964,13.7431,13.5344,13.5964
2010-10-15,12.7220,13.7939,12.7107,13.6529
2010-10-18,13.5823,13.6246,13.4554,13.5598
2010-10-19,13.3595,13.6105,13.2382,13.3708
2010-10-20,13.4074,13.5118,13.2890,13.4610
2010-10-21,13.4610,13.4808,13.2692,13.3821
2010-10-22,13.3849,13.6782,13.3849,13.6416
2010-10-25,13.7234,13.8842,13.7234,13.7995
2010-10-26,13.7290,13.8024,13.6105,13.7403
2010-10-27,13.7572,14.1803,13.7572,14.1747
2010-10-28,14.1945,14.2114,14.0055,14.1803
2010-10-29,14.1380,14.3045,14.1380,14.2678
2010-11-01,14.3609,14.3609,14.1098,14.2227
2010-11-02,14.3101,14.3834,14.2339,14.3186
2010-11-03,14.3468,14.4709,14.2537,14.4653
2010-11-04,14.6458,14.9307,14.6458,14.9166
2010-11-05,14.9053,15.0802,14.8968,15.0125
2010-11-08,14.9815,15.1197,14.9476,15.0097
2010-11-09,15.0294,15.0294,14.7840,14.8489
2010-11-10,14.8320,14.8489,14.6458,14.8348
2010-11-11,14.4229,14.7022,14.2904,14.6712
2010-11-12,14.6119,14.8856,14.5047,14.6655
2010-11-15,14.7502,14.7953,14.5471,14.5555
2010-11-16,14.4540,14.5640,14.2706,14.3468
2010-11-17,14.2819,14.4906,14.2819,14.3355
2010-11-18,14.4794,14.6514,14.4794,14.5950
2010-11-19,14.5668,14.8714,14.5668,14.8207
2010-11-22,14.8207,15.0153,14.7953,15.0097
2010-11-23,14.8517,14.9730,14.8263,14.8997
2010-11-24,14.9984,15.3030,14.9984,15.2748
2010-11-26,15.1958,15.2748,15.1451,15.1789
2010-11-29,15.0999,15.1846,14.9730,15.1564
2010-11-30,15.0040,15.0492,14.9250,14.9645
2010-12-01,15.2043,15.4666,15.2043,15.4159
2010-12-02,15.4920,15.7403,15.4920,15.7205
2010-12-03,15.6133,15.8418,15.6133,15.7995
2010-12-06,15.8305,15.8305,15.6697,15.7910
2010-12-07,15.9434,16.0167,15.7741,15.7741
2010-12-08,15.7600,15.9321,15.7403,15.9095
2010-12-09,16.0054,16.0083,15.9039,15.9575
2010-12-10,15.9885,16.0167,15.9095,15.9603
2010-12-13,16.0534,16.0647,15.8446,15.8531
2010-12-14,15.8841,15.8954,15.6951,15.7487
2010-12-15,15.7008,15.7854,15.5569,15.5795
2010-12-16,15.5851,15.7205,15.5795,15.6641
2010-12-17,15.6867,15.8108,15.6867,15.7657
2010-12-20,15.7374,15.7374,15.5738,15.6331
2010-12-21,15.6980,15.7798,15.6951,15.7318
2010-12-22,15.6641,15.7515,15.5823,15.7487
2010-12-23,15.7290,15.7403,15.6613,15.7036
2010-12-27,15.6697,15.7403,15.5090,15.7233
2010-12-28,15.7572,15.7572,15.5992,15.6585
2010-12-29,15.7177,15.7177,15.6415,15.6613
2010-12-30,15.6444,15.7431,15.6444,15.7092
2010-12-31,15.6415,15.7121,15.6162,15.7121
2011-01-03,15.7882,15.9857,15.7572,15.7967
2011-01-04,15.8729,15.9462,15.6839,15.8362
2011-01-05,15.7431,15.9039,15.7092,15.8870
2011-01-06,15.9744,16.2001,15.9462,16.1719
2011-01-07,16.2170,16.2875,15.9631,16.2170
2011-01-10,16.1690,16.4201,16.1436,16.3919
2011-01-11,16.4850,16.4850,16.3496,16.4342
2011-01-12,16.5442,16.7642,16.4483,16.7558
2011-01-13,16.7699,16.8235,16.6711,16.7671
2011-01-14,16.8122,17.2156,16.8122,17.2127
2011-01-18,17.1479,17.2127,17.0604,17.1648
2011-01-19,17.0125,17.0294,16.7078,16.7501
2011-01-20,16.6147,16.6147,16.3383,16.5781
2011-01-21,16.7078,16.7304,16.4286,16.4596
2011-01-24,16.5188,16.8489,16.5019,16.8404
2011-01-25,16.7981,16.8235,16.6147,16.7219
2011-01-26,16.7896,16.9109,16.6881,16.8573
2011-01-27,16.9786,17.2268,16.9786,17.1874
2011-01-28,17.2325,17.2607,16.6288,16.7163
2011-01-31,16.7219,16.8601,16.4116,16.7812
2011-02-01,16.9335,17.2861,16.9335,17.1986
2011-02-02,17.1394,17.3651,17.1027,17.2889
2011-02-03,17.3199,17.3425,17.1479,17.3030
2011-02-04,17.3538,17.6669,17.3397,17.6669
2011-02-07,17.7177,17.7713,17.5371,17.5964
2011-02-08,17.5936,17.5992,17.4469,17.5964
2011-02-09,17.5259,17.5879,17.4102,17.4723
2011-02-10,17.2692,17.5230,17.2156,17.4948
2011-02-11,17.3989,17.6979,17.3735,17.6359
2011-02-14,17.6641,17.9180,17.6641,17.7797
2011-02-15,17.7543,17.7543,17.5371,17.5992
2011-02-16,17.7346,17.8362,17.6754,17.7826
2011-02-17,17.7092,18.0900,17.7092,18.0505
2011-02-18,18.0731,18.1070,17.9264,18.0082
2011-02-22,17.6613,17.7064,17.2438,17.3030
2011-02-23,17.3369,17.3369,16.7417,16.9702
2011-02-24,16.9702,17.2776,16.9476,17.2353
2011-02-25,17.4610,17.7008,17.4300,17.6810
2011-02-28,17.7487,17.7938,17.3312,17.5118
2011-03-01,17.5400,17.5766,17.1507,17.1704
2011-03-02,17.1563,17.6133,17.1563,17.3876
2011-03-03,17.5653,17.7995,17.5653,17.7233
2011-03-04,17.7008,17.7064,17.4441,17.5766
2011-03-07,17.6387,17.6387,16.8996,17.0943
2011-03-08,17.0745,17.2579,16.9194,17.1112
2011-03-09,17.0238,17.0238,16.5611,16.5809
2011-03-10,16.3383,16.4060,16.1465,16.1606
2011-03-11,16.0534,16.3637,16.0534,16.3439
2011-03-14,16.2678,16.5104,16.1973,16.3073
2011-03-15,15.7910,16.2029,15.6049,16.0929
2011-03-16,16.0054,16.2762,15.6387,15.7544
2011-03-17,16.0506,16.1352,15.8870,15.9434
2011-03-18,16.1916,16.2029,15.9434,16.0111
2011-03-21,16.2396,16.3891,16.1972,16.2988
2011-03-22,16.2903,16.2903,16.1183,16.1437
2011-03-23,16.0844,16.3270,15.9829,16.2988
2011-03-24,16.4511,16.7332,16.4144,16.6965
2011-03-25,16.7527,16.8319,16.6426,16.6623
2011-03-28,16.7669,16.8121,16.6567,16.6652
2011-03-29,16.6595,16.8319,16.5098,16.8319
2011-03-30,16.9985,16.9985,16.7160,16.8516
2011-03-31,16.8234,16.8714,16.6454,16.6934
2011-04-01,16.7895,16.7895,16.4561,16.5098
2011-04-04,16.5720,16.5720,16.2697,16.3629
2011-04-05,16.6426,16.8657,16.6228,16.7301
2011-04-06,16.8997,17.0127,16.8347,16.9872
2011-04-07,16.9985,16.9985,16.7527,16.9307
2011-04-08,17.0127,17.0522,16.7019,16.7895
2011-04-11,16.7895,16.8121,16.5889,16.6482
2011-04-12,16.5324,16.5324,16.2075,16.2951
2011-04-13,16.3940,16.4448,16.2386,16.3346
2011-04-14,16.2019,16.3629,16.1143,16.3601
2011-04-15,16.3149,16.4985,16.2301,16.4448
2011-04-18,16.2442,16.2471,16.0324,16.1510
2011-04-19,16.1312,16.2358,16.0945,16.2188
2011-04-20,16.6821,16.9223,16.6708,16.9053
2011-04-21,17.0409,17.0409,16.8403,16.9223
2011-04-25,16.9364,16.9985,16.8714,16.9336
2011-04-26,16.9505,17.2387,16.9505,17.2104
2011-04-27,17.0918,17.2274,17.0098,17.1991
2011-04-28,17.1539,17.2076,16.9985,17.1115
2011-04-29,17.0833,17.1935,17.0833,17.1709
2011-05-02,17.2274,17.2274,16.9788,17.0155
2011-05-03,16.9364,16.9759,16.6906,16.8064
2011-05-04,16.8714,16.9420,16.6002,16.8008
2011-05-05,16.7160,17.0098,16.6906,16.8460
2011-05-06,17.0522,17.1567,16.9081,16.9788
2011-05-09,16.9957,16.9957,16.8064,16.9081
2011-05-10,16.9449,17.0437,16.9166,16.9901
2011-05-11,17.0353,17.0720,16.7669,16.8658
2011-05-12,16.7923,17.1539,16.7753,17.0861
2011-05-13,17.0635,17.1144,16.8658,16.8771
2011-05-16,16.8121,16.9844,16.6087,16.6398
2011-05-17,16.5493,16.5635,16.2725,16.4335
2011-05-18,16.4420,16.7697,16.4420,16.7330
2011-05-19,16.6962,16.6962,16.4476,16.5917
2011-05-20,16.5946,16.6426,16.4646,16.5578
2011-05-23,16.3572,16.3572,16.2075,16.2188
2011-05-24,16.3007,16.3036,16.0747,16.0776
2011-05-25,16.0182,16.2838,16.0098,16.2216
2011-05-26,16.2019,16.3996,16.1538,16.3742
2011-05-27,16.4957,16.6397,16.4957,16.5691
2011-05-31,16.7471,16.8375,16.6708,16.8206
2011-06-01,16.8036,16.8036,16.3120,16.3318
2011-06-02,16.3714,16.4844,16.2471,16.3120
2011-06-03,16.1228,16.2612,16.0069,16.0267
2011-06-06,15.9928,16.0663,15.8939,15.9109
2011-06-07,16.0041,16.1482,15.9759,15.9759
2011-06-08,15.8996,15.8996,15.6114,15.6651
2011-06-09,15.6708,15.7696,15.5917,15.6764
2011-06-10,15.6142,15.6227,15.3204,15.4250
2011-06-13,15.4504,15.5097,15.2272,15.2894
2011-06-14,15.5295,15.6510,15.5097,15.5577
2011-06-15,15.4165,15.5097,15.2442,15.2724
2011-06-16,15.2555,15.2894,14.9645,15.0973
2011-06-17,15.2442,15.2442,14.8232,14.8741
2011-06-20,14.8261,14.9475,14.8176,14.8939
2011-06-21,14.9927,15.2894,14.8938,15.2442
2011-06-22,15.2131,15.3402,15.1453,15.1848
2011-06-23,15.0424,15.4218,14.9292,15.4048
2011-06-24,15.3736,15.3736,15.0085,15.0509
2011-06-27,15.0849,15.1896,14.9094,15.1274
2011-06-28,15.1670,15.3368,15.1585,15.3312
2011-06-29,15.3765,15.4303,15.2349,15.3510
2011-06-30,15.3793,15.7643,15.3793,15.7105
2011-07-01,15.7218,16.0870,15.6907,16.0473
2011-07-05,16.0502,16.0870,15.8464,15.9200
2011-07-06,15.8266,15.8379,15.6567,15.7926
2011-07-07,15.9285,16.1861,15.9002,16.0926
2011-07-08,15.9228,15.9228,15.7077,15.8718
2011-07-11,15.6907,15.8832,15.5407,15.5973
2011-07-12,15.4529,15.4529,15.0651,15.1500
2011-07-13,15.2293,15.3283,15.0340,15.1019
2011-07-14,15.1160,15.2887,14.8415,14.8783
2011-07-15,14.9689,14.9689,14.7594,14.9377
2011-07-18,14.8613,14.9320,14.6178,14.7565
2011-07-19,14.8924,15.2547,14.8924,15.2179
2011-07-20,15.2717,15.3085,15.0708,15.1585
2011-07-21,15.1302,15.3255,14.9236,15.2717
2011-07-22,15.3368,15.6935,15.3368,15.6425
2011-07-25,15.4812,15.5407,15.3878,15.4586
2011-07-26,15.5293,15.7530,15.5293,15.5633
2011-07-27,15.4218,15.4218,14.9689,15.0085
2011-07-28,15.0000,15.2095,14.8217,14.9773
2011-07-29,14.7481,14.9802,14.6405,14.8528
2011-08-01,15.0594,15.1132,14.6320,14.8358
2011-08-02,14.7282,14.8018,14.3801,14.4055
2011-08-03,14.3914,14.5839,14.0998,14.5754
2011-08-04,14.3489,14.3772,13.7177,13.7347
2011-08-05,13.8422,14.0375,13.0496,13.4572
2011-08-08,13.0694,13.2506,12.6646,12.7382
2011-08-09,12.9222,13.3327,12.5514,13.3072
2011-08-10,13.0043,13.4629,12.8628,13.0525
2011-08-11,13.2421,13.8705,13.1968,13.6979
2011-08-12,13.9073,13.9356,13.5592,13.6412
2011-08-15,13.7063,13.9130,13.6780,13.9045
2011-08-16,13.8026,13.8875,13.4799,13.6554
2011-08-17,13.6016,13.8620,13.4346,13.5648
2011-08-18,13.1883,13.1883,12.6788,12.7807
2011-08-19,12.6420,13.0411,12.5033,12.5457
2011-08-22,12.7864,12.8939,12.5542,12.6222
2011-08-23,12.6873,13.2902,12.6731,13.2704
2011-08-24,13.2789,13.3978,13.0185,13.2817
2011-08-25,13.1883,13.3582,12.8968,12.9336
2011-08-26,12.9364,13.3412,12.7439,13.2931
2011-08-29,13.4827,13.7743,13.4657,13.7573
2011-08-30,13.6695,13.8479,13.5988,13.7545
2011-08-31,13.8422,13.9753,13.5761,13.6837
2011-09-01,13.6780,13.8620,13.4346,13.4601
2011-09-02,13.2336,13.2619,13.0638,13.1402
2011-09-06,12.6986,13.0638,12.6929,13.0525
2011-09-07,13.2761,13.6243,13.2761,13.6073
2011-09-08,13.5223,13.8649,13.4742,13.5478
2011-09-09,13.4742,13.7516,13.3129,13.4035
2011-09-12,13.2449,13.8083,13.2449,13.7913
2011-09-13,13.8960,14.1168,13.7800,14.0630
2011-09-14,14.1932,14.5924,14.0970,14.4254
2011-09-15,14.6377,14.6829,14.4650,14.6575
2011-09-16,14.3914,14.8301,14.3914,14.6773
2011-09-19,14.4084,14.5980,14.2753,14.5216
2011-09-20,14.5782,14.6263,14.3150,14.3348
2011-09-21,14.3885,14.4961,14.0432,14.0460
2011-09-22,13.6469,13.6894,13.3355,13.5733
2011-09-23,13.4742,13.8932,13.3978,13.8196
2011-09-26,13.9405,13.9405,13.4977,13.8099
2011-09-27,14.0739,14.3463,13.9916,14.0625
2011-09-28,14.0795,14.1306,13.6538,13.6709
2011-09-29,13.8667,13.8866,13.2253,13.4949
2011-09-30,13.2792,13.3956,13.0238,13.0323
2011-10-03,12.9358,13.0777,12.5413,12.5498
2011-10-04,12.3625,13.0777,12.3568,13.0493
2011-10-05,13.0493,13.5148,12.8932,13.4637
2011-10-06,13.4637,13.6510,13.3076,13.6283
2011-10-07,13.6737,13.8724,13.5687,13.6907
2011-10-10,13.9036,14.1590,13.9036,14.0767
2011-10-11,14.0512,14.1136,13.9660,14.0625
2011-10-12,14.2129,14.3236,14.1618,14.1675
2011-10-13,14.0994,14.5081,14.0994,14.4542
2011-10-14,14.6159,14.6415,14.3804,14.6188
2011-10-17,14.5620,14.5620,14.1817,14.2385
2011-10-18,14.2555,14.5734,14.0767,14.5251
2011-10-19,14.4485,14.4996,14.2016,14.2328
2011-10-20,14.1562,14.1562,13.7191,13.9859
2011-10-21,14.1845,14.4797,14.1845,14.2839
2011-10-24,14.3179,14.7862,14.3179,14.7607
2011-10-25,14.6244,14.7720,14.4825,14.5166
2011-10-26,14.6131,14.7295,14.2782,14.5649
2011-10-27,15.0161,15.2942,14.8969,15.1807
2011-10-28,15.1921,15.2431,15.0899,15.2403
2011-10-31,15.0388,15.0842,14.8487,14.8714
2011-11-01,14.4286,14.5393,14.2896,14.3974
2011-11-02,14.5109,14.5819,14.3378,14.4513
2011-11-03,14.5904,14.9054,14.3094,14.8827
2011-11-04,14.7976,15.1098,14.7692,15.0530
2011-11-07,15.0161,15.0729,14.7947,15.0445
2011-11-08,15.1580,15.1864,14.8827,15.1126
2011-11-09,14.7919,14.7919,14.4088,14.4456
2011-11-10,14.6103,14.6557,14.3378,14.5421
2011-11-11,14.7465,15.1239,14.7380,15.0530
2011-11-14,15.0360,15.1296,14.7947,14.8884
2011-11-15,14.8061,15.1665,14.8061,15.0757
2011-11-16,14.9593,15.2460,14.9593,15.0246
2011-11-17,14.9707,14.9707,14.2583,14.4428
2011-11-18,14.4797,14.4996,14.2271,14.3066
2011-11-21,14.0767,14.1108,13.8270,14.0398
2011-11-22,13.9802,14.0852,13.7730,13.8610
2011-11-23,13.7021,13.7134,13.4126,13.4240
2011-11-25,13.3530,13.5318,13.2593,13.2593
2011-11-28,13.6964,13.7759,13.5517,13.6623
2011-11-29,13.7248,13.7901,13.5460,13.5772
2011-11-30,13.9745,14.3832,13.9745,14.3406
2011-12-01,14.3350,14.4911,14.2669,14.4371
2011-12-02,14.6443,14.6812,14.4201,14.4400
2011-12-05,14.5932,14.7238,14.4967,14.5592
2011-12-06,14.5819,14.6046,14.4400,14.5223
2011-12-07,14.4598,14.7493,14.3719,14.7153
2011-12-08,14.6046,14.7295,14.2669,14.2810
2011-12-09,14.1363,14.5336,14.0568,14.4712
2011-12-12,14.2470,14.2470,13.9064,14.0852
2011-12-13,14.1987,14.2300,13.6879,13.7503
2011-12-14,13.7532,13.7815,13.4921,13.5346
2011-12-15,13.7390,13.8014,13.4495,13.5006
2011-12-16,13.6141,13.8014,13.5630,13.6311
2011-12-19,13.6368,13.6680,13.2281,13.2366
2011-12-20,13.5999,13.8724,13.5999,13.8241
2011-12-21,13.8553,13.8553,13.4949,13.6851
2011-12-22,13.7260,14.1867,13.7260,14.1412
2011-12-23,14.1668,14.2179,14.0814,14.2037
2011-12-27,14.1668,14.3032,14.1383,14.1867
2011-12-28,14.2037,14.2037,13.9620,13.9762
2011-12-29,14.0416,14.1213,13.9649,14.0985
2011-12-30,14.0701,14.1582,14.0473,14.0473
2012-01-03,14.3630,14.4483,14.2009,14.2236
2012-01-04,14.1611,14.2549,14.0473,14.2236
2012-01-05,14.1810,14.4397,14.1668,14.4170
2012-01-06,14.4113,14.4881,14.3203,14.4540
2012-01-09,14.5393,14.7724,14.5222,14.7469
2012-01-10,14.9402,14.9715,14.8350,14.8947
2012-01-11,14.8378,14.9886,14.7952,14.9459
2012-01-12,14.9942,15.1336,14.9032,15.1051
2012-01-13,14.9601,14.9743,14.7582,14.7980
2012-01-17,14.9374,15.0085,14.8322,14.8407
2012-01-18,15.0085,15.6255,15.0085,15.5942
2012-01-19,15.7393,15.9184,15.7023,15.9042
2012-01-20,15.8331,15.9980,15.8160,15.9810
2012-01-23,15.9667,16.0378,15.8132,15.9298
2012-01-24,15.8729,16.0378,15.8189,15.9867
2012-01-25,16.0293,16.0890,15.8104,16.0549
2012-01-26,16.1146,16.1914,15.8018,15.8871
2012-01-27,15.8388,15.9923,15.7933,15.9383
2012-01-30,15.8331,15.8331,15.5971,15.7734
2012-01-31,15.8814,15.9241,15.6739,15.7848
2012-02-01,15.9952,16.2539,15.9326,16.1374
2012-02-02,16.1885,16.3336,16.1374,16.2255
2012-02-03,16.4274,16.5468,16.3592,16.4786
2012-02-06,16.4274,16.4274,16.2028,16.2909
2012-02-07,16.2340,16.3449,16.1175,16.2994
2012-02-08,16.3250,16.6151,16.3250,16.4957
2012-02-09,16.5667,16.5895,16.4246,16.5497
2012-02-10,16.3592,16.4246,16.1544,16.2284
2012-02-13,16.3336,16.3990,16.0663,16.2767
2012-02-14,16.2312,16.3393,16.1885,16.3364
2012-02-15,16.4644,16.6122,16.4047,16.4217
2012-02-16,16.4615,16.8568,16.3990,16.8340
2012-02-17,16.9250,16.9592,16.6663,16.6776
2012-02-21,16.7374,16.7374,16.3990,16.4502
2012-02-22,16.4359,16.5383,16.3336,16.3904
2012-02-23,16.3791,16.4445,16.1800,16.4189
2012-02-24,16.4445,16.5269,16.3506,16.3677
2012-02-27,16.2795,16.5070,16.1715,16.3848
2012-02-28,16.4104,16.7374,16.4104,16.6492
2012-02-29,16.6833,16.6833,16.3705,16.4018
2012-03-01,16.4530,16.5696,16.3449,16.4132
2012-03-02,16.3904,16.4900,16.2255,16.2284
2012-03-05,16.1800,16.1942,15.7819,15.8416
2012-03-06,15.6028,15.7222,15.5061,15.6938
2012-03-07,15.7222,15.9895,15.7222,15.9241
2012-03-08,16.0720,16.1999,15.9952,16.1601
2012-03-09,16.1487,16.3478,16.1487,16.3364
2012-03-12,16.3279,16.3279,16.1260,16.1800
2012-03-13,16.3108,16.5326,16.2966,16.5326
2012-03-14,16.5724,16.7544,16.4587,16.4786
2012-03-15,16.5611,16.8198,16.5554,16.8056
2012-03-16,16.8625,16.8625,16.7402,16.8340
2012-03-19,16.8426,17.0160,16.7658,16.9535
2012-03-20,16.8426,16.8824,16.6890,16.8198
2012-03-21,16.8653,16.9677,16.7857,16.8881
2012-03-22,16.7487,16.8369,16.6634,16.7971
2012-03-23,16.7800,16.8369,16.6350,16.8312
2012-03-26,16.9637,17.0691,16.8725,17.0634
2012-03-27,17.0719,17.1858,17.0577,17.0577
2012-03-28,17.0805,17.0975,16.7443,16.8611
2012-03-29,16.7101,16.8981,16.6503,16.8640
2012-03-30,16.9836,17.0349,16.8070,16.9352
2012-04-02,16.8583,16.9893,16.6930,16.9494
2012-04-03,16.8611,16.8868,16.6104,16.6788
2012-04-04,16.4481,16.4708,16.1518,16.3113
2012-04-05,16.2287,16.3939,16.2287,16.3370
2012-04-09,16.0920,16.1603,16.0122,16.1205
2012-04-10,16.0806,16.2116,15.7872,15.8157
2012-04-11,16.0236,16.1974,15.9980,16.0806
2012-04-12,16.1404,16.4424,16.1205,16.3854
2012-04-13,16.3341,16.3740,16.0863,16.0948
2012-04-16,16.2344,16.2544,15.9495,16.0891
2012-04-17,16.2088,16.4196,16.2088,16.3398
2012-04-18,16.1717,16.2771,16.0493,16.2202
2012-04-19,16.1490,16.4053,15.9353,16.0208
2012-04-20,16.0379,16.0379,15.6419,15.6504
2012-04-23,15.4567,15.4767,15.3114,15.4596
2012-04-24,15.4938,15.5336,15.2944,15.3456
2012-04-25,15.6049,15.7245,15.5137,15.6875
2012-04-26,15.7444,16.0777,15.7444,16.0493
2012-04-27,16.0863,16.1005,15.8926,16.0521
2012-04-30,16.0635,16.0692,15.9666,15.9837
2012-05-01,15.9410,16.1518,15.9239,16.0322
2012-05-02,15.9040,16.1319,15.8897,16.1091
2012-05-03,16.0920,16.1888,15.6932,15.7074
2012-05-04,15.6419,15.7131,15.3570,15.3912
2012-05-07,15.3314,15.4539,15.3257,15.3456
2012-05-08,15.2260,15.2830,14.9354,15.2573
2012-05-09,15.0380,15.2744,14.8841,15.2032
2012-05-10,15.3143,15.3200,15.0294,15.1462
2012-05-11,15.1063,15.4311,15.1006,15.2516
2012-05-14,15.0978,15.2060,15.0351,15.1035
2012-05-15,15.0665,15.2174,14.9126,14.9440
2012-05-16,14.9839,15.0351,14.6933,14.7132
2012-05-17,14.7218,14.7702,14.3856,14.3885
2012-05-18,14.4739,14.4739,14.0780,14.1122
2012-05-21,14.1464,14.4796,14.1122,14.4654
2012-05-22,14.4626,14.4654,14.2660,14.3600
2012-05-23,14.1634,14.4341,14.0780,14.4170
2012-05-24,14.4597,14.4626,14.1321,14.2119
2012-05-25,14.2375,14.4626,14.2375,14.3543
2012-05-29,14.5480,14.7503,14.5366,14.6620
2012-05-30,14.5081,14.5480,14.3714,14.4569
2012-05-31,14.4227,14.4227,14.1122,14.3059
2012-06-01,14.0324,14.0324,13.6735,13.6934
2012-06-04,13.7162,13.8615,13.5168,13.6706
2012-06-05,13.6763,13.9925,13.6706,13.9327
2012-06-06,14.0637,14.4426,14.0637,14.3714
2012-06-07,14.5964,14.6420,14.2119,14.2432
2012-06-08,14.1919,14.4597,14.1350,14.3913
2012-06-11,14.6249,14.6534,14.1464,14.1891
2012-06-12,14.2290,14.4825,14.1919,14.4426
2012-06-13,14.4540,14.5338,14.2745,14.3287
2012-06-14,14.3315,14.3571,14.1378,14.2973
2012-06-15,14.2973,14.5366,14.2973,14.5224
2012-06-18,14.4312,14.8101,14.4312,14.7246
2012-06-19,14.8668,14.9725,14.7783,14.9182
2012-06-20,14.9296,15.1124,14.8925,15.0495
2012-06-21,15.0039,15.0039,14.4243,14.4357
2012-06-22,14.5442,14.6898,14.5042,14.6441
2012-06-25,14.5213,14.5213,14.1388,14.1702
2012-06-26,14.1930,14.2901,14.0645,14.2244
2012-06-27,14.2444,14.4443,14.2330,14.4071
2012-06-28,14.3243,14.3672,14.1216,14.3158
2012-06-29,14.6584,14.9382,14.6384,14.9382
2012-07-02,15.0124,15.0267,14.8040,14.9154
2012-07-03,14.9410,15.1124,14.8954,15.0981
2012-07-05,14.9867,15.0495,14.8440,14.9839
2012-07-06,14.8326,14.8383,14.4785,14.6070
2012-07-09,14.5784,14.6213,14.3672,14.4128
2012-07-10,14.3158,14.4956,14.0160,14.1159
2012-07-11,14.1302,14.1787,13.8903,13.9589
2012-07-12,13.8447,13.8447,13.6134,13.7390
2012-07-13,13.7819,13.8961,13.7504,13.8361
2012-07-16,13.8018,13.8018,13.6105,13.7076
2012-07-17,13.7761,13.7761,13.4250,13.6505
2012-07-18,13.6134,14.2016,13.5763,14.1159
2012-07-19,14.3129,14.5213,14.3101,14.3986
2012-07-20,14.3843,14.4328,14.1587,14.1587
2012-07-23,13.8903,14.1016,13.7048,14.0417
2012-07-24,14.1131,14.1131,13.8390,13.9760
2012-07-25,14.0874,14.4271,14.0874,14.2558
2012-07-26,14.5328,14.6784,14.4271,14.5699
2012-07-27,14.6099,14.9610,14.5784,14.9268
2012-07-30,14.8954,15.0181,14.7012,14.7926
2012-07-31,14.8468,15.0695,14.8440,14.9011
2012-08-01,14.9782,15.0353,14.7983,14.8982
2012-08-02,14.7383,15.0495,14.6869,14.8097
2012-08-03,15.0353,15.2294,14.9610,15.1409
2012-08-06,15.1752,15.3122,15.1752,15.1923
2012-08-07,15.3151,15.6606,15.3122,15.5435
2012-08-08,15.4835,15.6206,15.4550,15.5806
2012-08-09,15.5920,15.7262,15.5635,15.7034
2012-08-10,15.6434,15.7833,15.6434,15.7833
2012-08-13,15.7462,15.7462,15.4864,15.6463
2012-08-14,15.7662,15.7690,15.4607,15.5264
2012-08-15,15.4721,15.6862,15.4293,15.6149
2012-08-16,15.6034,15.8918,15.6034,15.8604
2012-08-17,15.8490,15.8490,15.6977,15.7462
2012-08-20,15.7034,15.7034,15.5349,15.6406
2012-08-21,15.6891,15.8547,15.5949,15.6491
2012-08-22,15.6320,15.6320,15.4407,15.5349
2012-08-23,15.4750,15.5064,15.3522,15.4464
2012-08-24,15.4607,15.5692,15.3436,15.5235
2012-08-27,15.5692,15.5949,15.4064,15.4635
2012-08-28,15.4436,15.5264,15.3922,15.4407
2012-08-29,15.4464,15.5235,15.3465,15.4578
2012-08-30,15.3579,15.3836,15.1952,15.2208
2012-08-31,15.3465,15.4807,15.2066,15.4036
2012-09-04,15.4293,15.4293,15.1238,15.2837
2012-09-05,15.2780,15.3693,15.1495,15.2009
2012-09-06,15.3179,15.7405,15.3094,15.6634
2012-09-07,15.6349,15.6463,15.5264,15.6206
2012-09-10,15.5206,15.5692,15.3322,15.3493
2012-09-11,15.3807,15.5092,15.3379,15.4493
2012-09-12,15.5092,15.5863,15.4093,15.4835
2012-09-13,15.4578,15.6805,15.3408,15.6206
2012-09-14,15.7262,15.9889,15.7034,15.8261
2012-09-17,15.7662,15.7947,15.6034,15.6634
2012-09-18,15.6092,15.6491,15.5606,15.5977
2012-09-19,15.5292,15.6034,15.4892,15.5035
2012-09-20,15.4207,15.4493,15.2751,15.3522
2012-09-21,15.4693,15.5321,15.3693,15.3693
2012-09-24,15.2465,15.2608,15.0838,15.1495
2012-09-25,15.2369,15.2398,14.7580,14.7724
2012-09-26,14.6462,14.6949,14.4712,14.6662
2012-09-27,14.7867,15.0305,14.6835,14.9989
2012-09-28,14.9157,14.9788,14.8498,14.8785
2012-10-01,14.9616,15.0276,14.7838,14.8211
2012-10-02,14.8985,14.9157,14.8010,14.8928
2012-10-03,14.9243,14.9330,14.7896,14.8469
2012-10-04,14.8842,14.9415,14.7695,14.9243
2012-10-05,14.9788,15.1566,14.8813,14.9071
2012-10-08,14.8039,14.8440,14.7093,14.7437
2012-10-09,14.7379,14.7408,14.4741,14.5171
2012-10-10,14.5142,14.5142,14.3020,14.3164
2012-10-11,14.4856,14.4856,14.3450,14.3594
2012-10-12,14.3479,14.3967,14.2590,14.2762
2012-10-15,14.3307,14.5028,14.3307,14.4684
2012-10-16,14.5085,14.8096,14.5085,14.7982
2012-10-17,14.6634,14.8498,14.6376,14.7695
2012-10-18,14.6835,14.7523,14.5601,14.6261
2012-10-19,14.6232,14.6232,14.1873,14.1873
2012-10-22,14.2762,14.3307,14.1328,14.2246
2012-10-23,14.0669,14.2819,14.0095,14.2590
2012-10-24,14.4139,14.4139,14.0181,14.0296
2012-10-25,14.1902,14.2447,14.0726,14.2361
2012-10-26,14.2332,14.3680,14.1930,14.2819
2012-10-31,14.2820,14.4081,14.2332,14.3078
2012-11-01,14.3192,14.7867,14.3078,14.7580
2012-11-02,14.7580,14.8039,14.4827,14.4827
2012-11-05,14.4856,14.7838,14.4512,14.7351
2012-11-06,14.7695,14.9846,14.7437,14.9559
2012-11-07,14.7551,14.7953,14.4827,14.5515
2012-11-08,14.6290,14.6347,14.3852,14.3852
2012-11-09,14.3565,14.5859,14.3479,14.4024
2012-11-12,14.4741,14.5056,14.3250,14.4110
2012-11-13,14.3221,14.4282,14.2848,14.3020
2012-11-14,14.3967,14.4425,14.0439,14.0697
2012-11-15,14.1127,14.1357,13.8546,13.8948
2012-11-16,13.9378,13.9751,13.6453,13.8977
2012-11-19,14.0955,14.1787,14.0124,14.1787
2012-11-20,14.1127,14.1472,13.9837,14.1156
2012-11-21,14.1357,14.1787,14.0927,14.1672
2012-11-23,14.2676,14.4827,14.2160,14.4024
2012-11-26,14.3881,14.4999,14.3565,14.4626
2012-11-27,14.4827,14.5687,14.4139,14.4311
2012-11-28,14.3594,14.6060,14.2217,14.5831
2012-11-29,14.6433,14.6978,14.5401,14.6261
2012-11-30,14.6462,14.6892,14.5687,14.6060
2012-12-03,14.7093,14.7351,14.5286,14.5372
2012-12-04,14.5315,14.6777,14.4856,14.6261
2012-12-05,14.6777,14.6806,14.5142,14.6290
2012-12-06,14.6031,14.7896,14.6031,14.7724
2012-12-07,14.8326,14.8440,14.7093,14.8039
2012-12-10,14.8010,14.9387,14.8010,14.9014
2012-12-11,14.9846,15.2283,14.9588,15.1853
2012-12-12,15.2226,15.2599,15.1050,15.1280
2012-12-13,15.0964,15.2484,14.9387,14.9846
2012-12-14,14.9674,15.0018,14.8182,14.8699
2012-12-17,14.8985,15.0104,14.8211,14.9330
2012-12-18,14.9960,15.2226,14.9444,15.2140
2012-12-19,15.1990,15.3544,15.1990,15.2336
2012-12-20,15.2393,15.2422,15.0897,15.2048
2012-12-21,14.8940,15.0724,14.7587,15.0638
2012-12-24,15.0408,15.0638,14.9458,14.9947
2012-12-26,15.0465,15.1357,14.8767,14.8968
2012-12-27,14.8824,14.8882,14.6522,14.8191
2012-12-28,14.7270,14.8738,14.7126,14.7242
2012-12-31,14.7241,15.0148,14.6925,14.9774
2013-01-02,15.3516,15.6307,15.3458,15.6307
2013-01-03,15.6163,15.6480,15.4724,15.5243
2013-01-04,15.5588,15.5617,15.4293,15.5156
2013-01-07,15.4724,15.5243,15.3631,15.4609
2013-01-08,15.4408,15.4753,15.2681,15.2825
2013-01-09,15.3631,15.4408,15.3343,15.4293
2013-01-10,15.6048,15.6739,15.5300,15.6538
2013-01-11,15.6279,15.7487,15.6279,15.7286
2013-01-14,15.6566,15.7401,15.5761,15.7027
2013-01-15,15.6538,15.6538,15.5444,15.6164
2013-01-16,15.5933,15.8322,15.5933,15.8034
2013-01-17,15.9070,16.1344,15.8610,16.1027
2013-01-18,16.0164,16.0884,15.9617,16.0337
2013-01-22,16.0423,16.0423,15.8984,15.9790
2013-01-23,16.0596,16.1747,16.0107,16.1574
2013-01-24,15.9416,16.1546,15.8984,16.0049
2013-01-25,16.1171,16.2898,16.1027,16.2092
2013-01-28,16.2208,16.3071,16.2006,16.2495
2013-01-29,16.2236,16.2236,16.0941,16.1459
2013-01-30,16.1258,16.2610,16.1143,16.1632
2013-01-31,16.1948,16.2610,16.0941,16.1229
2013-02-01,16.2035,16.4452,16.1977,16.4366
2013-02-04,16.3128,16.4683,16.1805,16.1833
2013-02-05,16.2725,16.4769,16.2610,16.4366
2013-02-06,16.3359,16.4942,16.3359,16.4769
2013-02-07,16.4596,16.4884,16.2495,16.3877
2013-02-08,16.4251,16.6208,16.4251,16.5891
2013-02-11,16.6179,16.6697,16.5402,16.6294
2013-02-12,16.6064,16.6870,16.5834,16.6582
2013-02-13,16.6927,16.7762,16.6179,16.6927
2013-02-14,16.6381,16.8741,16.6208,16.8654
2013-02-15,16.8712,16.9115,16.7014,16.7733
2013-02-19,16.7906,16.9777,16.7848,16.9662
2013-02-20,16.9806,16.9863,16.5920,16.6035
2013-02-21,16.5546,16.5546,16.1776,16.2927
2013-02-22,16.4452,16.6438,16.3992,16.6352
2013-02-25,16.7244,16.7820,16.3157,16.3186
2013-02-26,16.4193,16.4683,16.2956,16.4280
2013-02-27,16.5258,16.7791,16.4366,16.6985
2013-02-28,16.7100,16.8309,16.6726,16.7100
2013-03-01,16.5949,16.6985,16.4222,16.6409
2013-03-04,16.5920,16.6266,16.4769,16.5949
2013-03-05,16.7302,16.9604,16.7302,16.9201
2013-03-06,16.9748,17.0381,16.9000,16.9403
2013-03-07,16.9806,17.0986,16.9662,17.0180
2013-03-08,17.0813,17.1187,16.8942,17.0410
2013-03-11,17.0266,17.0813,16.8971,17.0583
2013-03-12,17.0381,17.1475,16.9949,17.1302
2013-03-13,17.1331,17.2338,17.0381,17.1820
2013-03-14,17.2885,17.3547,17.2482,17.2712
2013-03-15,17.2856,17.2856,16.9460,16.9892
2013-03-18,16.8136,16.9201,16.6899,16.7733
2013-03-19,16.8424,16.8741,16.5575,16.7043
2013-03-20,16.7992,16.9345,16.7791,16.9259
2013-03-21,16.8251,16.8280,16.6323,16.6525
2013-03-22,16.7877,16.9086,16.7330,16.8367
2013-03-25,16.8941,16.9548,16.7093,16.8190
2013-03-26,16.9057,16.9634,16.8306,16.9490
2013-03-27,16.8624,17.0067,16.7584,16.9836
2013-03-28,16.9605,17.1136,16.9143,17.0992
2013-04-01,17.1396,17.1396,16.7064,16.7497
2013-04-02,16.8450,16.8450,16.5389,16.6024
2013-04-03,16.6053,16.6486,16.2126,16.2674
2013-04-04,16.2790,16.4869,16.1924,16.4811
2013-04-05,16.1866,16.4176,16.0971,16.3945
2013-04-08,16.4205,16.5967,16.2646,16.5938
2013-04-09,16.5418,16.8710,16.5129,16.7526
2013-04-10,16.7959,17.1338,16.7959,17.1280
2013-04-11,17.0154,17.1569,16.9490,17.0472
2013-04-12,16.9317,17.0039,16.7844,16.9779
2013-04-15,16.8219,16.9086,16.5418,16.5649
2013-04-16,16.6977,16.9172,16.6429,16.9057
2013-04-17,16.7006,16.7006,16.2761,16.3397
2013-04-18,16.5216,16.6169,16.1519,16.2010
2013-04-19,16.2068,16.3685,16.0711,16.3223
2013-04-22,16.4292,16.5534,16.1635,16.4985
2013-04-23,16.6400,16.8739,16.6111,16.8392
2013-04-24,16.8277,17.1049,16.7930,17.0558
2013-04-25,17.1540,17.3244,17.1078,17.2233
2013-04-26,17.1280,17.1280,16.9981,17.0558
2013-04-29,17.0905,17.3071,17.0645,17.2667
2013-04-30,17.2926,17.4082,17.1742,17.3995
2013-05-01,17.3966,17.4226,17.2436,17.2638
2013-05-02,17.4024,17.5266,17.2782,17.4919
2013-05-03,17.6681,17.7807,17.6276,17.6276
2013-05-06,17.7518,17.8587,17.6941,17.7663
2013-05-07,17.8587,17.8587,17.6883,17.7807
2013-05-08,17.7980,18.0233,17.7980,17.9713
2013-05-09,17.9944,18.1850,17.9424,18.1041
2013-05-10,18.1244,18.2745,18.1215,18.2630
2013-05-13,18.1792,18.2399,18.0637,18.0868
2013-05-14,18.1417,18.2023,18.0608,18.1706
2013-05-15,18.1619,18.4103,18.1619,18.3467
2013-05-16,18.3756,18.4391,18.2023,18.2168
2013-05-17,18.3092,18.4651,18.2745,18.4507
2013-05-20,18.4565,18.5171,18.3814,18.4160
2013-05-21,18.4305,18.4709,18.3814,18.4132
2013-05-22,18.4796,18.5980,18.0377,18.1215
2013-05-23,17.8616,18.1475,17.8096,18.1243
2013-05-24,18.0753,18.1186,17.9395,18.1186
2013-05-28,18.3150,18.4247,18.2399,18.2832
2013-05-29,18.1879,18.4103,18.1677,18.3525
2013-05-30,18.4391,18.7048,18.4131,18.6355
2013-05-31,18.5489,18.6731,18.3900,18.3900
2013-06-03,18.4767,18.6182,18.2514,18.4565
2013-06-04,18.5344,18.7337,18.4796,18.5402
2013-06-05,18.4882,18.5113,18.2456,18.2572
2013-06-06,18.2745,18.3871,18.0724,18.2312
2013-06-07,18.3352,18.5258,18.2225,18.5027
2013-06-10,18.5402,18.6413,18.4651,18.6153
2013-06-11,18.4594,18.4709,18.1850,18.1966
2013-06-12,18.3641,18.4016,17.9684,17.9857
2013-06-13,17.9800,18.3785,17.9395,18.3525
2013-06-14,18.3958,18.4449,18.2485,18.2774
2013-06-17,18.4998,18.6615,18.4565,18.5431
2013-06-18,18.6269,18.8637,18.6269,18.8492
2013-06-19,18.8665,18.9301,18.6211,18.6268
2013-06-20,18.3929,18.4016,18.0060,18.0377
2013-06-21,18.2283,18.2283,17.8876,18.1157
2013-06-24,17.9857,17.9857,17.5959,17.7287
2013-06-25,17.9511,18.2023,17.8847,18.1619
2013-06-26,18.4024,18.4284,18.1477,18.2548
2013-06-27,18.3908,18.4718,18.3185,18.3185
2013-06-28,18.3416,18.5008,18.1796,18.3821
2013-07-01,18.4689,18.5644,18.3503,18.3590
2013-07-02,18.3416,18.5673,18.2664,18.3850
2013-07-03,18.3243,18.5500,18.3243,18.4690
2013-07-05,18.6310,18.7294,18.5095,18.7091
2013-07-08,18.7815,18.7902,18.2837,18.3358
2013-07-09,18.5152,18.5760,18.4603,18.5326
2013-07-10,18.5210,18.7612,18.5181,18.7236
2013-07-11,19.0275,19.1461,18.9349,19.1316
2013-07-12,19.1924,19.2735,19.1519,19.2358
2013-07-15,19.2821,19.2821,19.2040,19.2358
2013-07-16,19.2648,19.3805,19.2243,19.3111
2013-07-17,19.3111,19.3921,19.2648,19.3169
2013-07-18,19.2445,19.3198,19.0940,19.1548
2013-07-19,19.0709,19.1143,18.9580,19.1056
2013-07-22,19.1374,19.1374,19.0014,19.0680
2013-07-23,19.1432,19.2648,18.9754,19.0130
2013-07-24,19.0680,19.0911,18.6368,18.6571
2013-07-25,18.6513,18.7699,18.5413,18.7526
2013-07-26,18.6136,18.6136,18.5066,18.6050
2013-07-29,18.5413,18.6339,18.4487,18.4863
2013-07-30,18.5442,18.7497,18.5442,18.7091
2013-07-31,18.7178,18.9030,18.7178,18.8017
2013-08-01,18.9812,19.1403,18.9464,19.1288
2013-08-02,19.0825,19.0825,18.9001,19.0246
2013-08-05,18.9580,19.0101,18.9320,18.9841
2013-08-06,18.9291,18.9291,18.7815,18.8683
2013-08-07,18.8104,18.8104,18.5876,18.6628
2013-08-08,18.7468,18.7699,18.5702,18.6715
2013-08-09,18.6368,18.6715,18.5500,18.5760
2013-08-12,18.5124,18.7034,18.4689,18.6455
2013-08-13,18.7670,18.8915,18.5876,18.8654
2013-08-14,18.7062,18.7439,18.5558,18.5789
2013-08-15,18.3387,18.3850,18.1477,18.1593
2013-08-16,18.1911,18.3792,18.1159,18.2230
2013-08-19,18.1825,18.2722,18.0841,18.0927
2013-08-20,18.1014,18.2693,18.1014,18.2201
2013-08-21,18.1419,18.2288,18.0725,18.0812
2013-08-22,18.1390,18.3185,18.1390,18.2808
2013-08-23,18.3098,18.3706,18.1969,18.2808
2013-08-26,18.2751,18.3619,18.2403,18.2461
2013-08-27,18.0725,18.0725,17.7599,17.7976
2013-08-28,17.8468,18.0869,17.8468,18.0291
2013-08-29,18.0464,18.2519,18.0204,18.2172
2013-08-30,18.2259,18.2259,18.0001,18.0609
2013-09-03,18.2779,18.4429,18.1304,18.2114
2013-09-04,18.3243,18.7120,18.2924,18.6715
2013-09-05,18.7294,18.8509,18.7294,18.8133
2013-09-06,18.8683,18.8799,18.5934,18.7265
2013-09-09,18.7757,19.0304,18.7757,18.9754
2013-09-10,19.0796,19.3516,19.0796,19.3458
2013-09-11,19.2532,19.3400,19.1230,19.2937
2013-09-12,19.2879,19.3198,19.1548,19.1664
2013-09-13,19.1577,19.2590,19.0825,19.2561
2013-09-16,19.4037,19.4992,19.3111,19.3198
2013-09-17,19.4384,19.4963,19.3863,19.4529
2013-09-18,19.4789,19.6555,19.3805,19.6265
2013-09-19,19.6728,19.6873,19.5050,19.5686
2013-09-20,19.6149,19.6757,19.4413,19.4616
2013-09-23,19.5976,19.5976,19.3024,19.3805
2013-09-24,19.4477,19.5872,19.3692,19.5029
2013-09-25,19.5174,19.6279,19.4012,19.5233
2013-09-26,19.5669,19.6337,19.4448,19.5116
2013-09-27,19.4157,19.4331,19.3140,19.3547
2013-09-30,19.1919,19.4331,19.1163,19.3750
2013-10-01,19.4070,19.5959,19.3721,19.5611
2013-10-02,19.4244,19.5291,19.3983,19.5262
2013-10-03,19.5407,19.6308,19.2878,19.4768
2013-10-04,19.5233,19.6744,19.4971,19.6250
2013-10-07,19.4506,19.6512,19.4070,19.5262
2013-10-08,19.5523,19.5872,19.1424,19.2151
2013-10-09,19.2442,19.2442,18.9477,19.1454
2013-10-10,19.3314,19.6047,19.3314,19.5727
2013-10-11,19.4884,19.6715,19.4331,19.6105
2013-10-14,19.4942,19.7907,19.4767,19.7645
2013-10-15,19.7384,19.8023,19.5698,19.5872
2013-10-16,19.6163,19.7936,19.6105,19.7733
2013-10-17,19.6483,19.9186,19.5814,19.9186
2013-10-18,19.9390,19.9855,19.8081,19.9738
2013-10-21,19.9971,20.0465,19.9564,20.0233
2013-10-22,20.0582,20.0611,19.8837,19.9768
2013-10-23,19.6686,19.6744,19.2297,19.3169
2013-10-24,19.4884,19.5698,19.4419,19.4884
2013-10-25,19.5581,19.5872,19.4942,19.5494
2013-10-28,19.5959,19.7093,19.5465,19.6832
2013-10-29,19.7442,20.0000,19.7442,20.0000
2013-10-30,20.0087,20.0349,19.8285,19.8895
2013-10-31,19.9244,20.1221,19.9215,20.0204
2013-11-01,20.0756,20.0959,19.8634,19.9331
2013-11-04,19.9855,19.9855,19.8866,19.9186
2013-11-05,19.7907,19.9361,19.7006,19.8721
2013-11-06,19.9564,20.0000,19.8285,19.9128
2013-11-07,19.9273,19.9273,19.5320,19.5611
2013-11-08,19.5843,19.7791,19.5552,19.7733
2013-11-11,19.8314,19.8314,19.6831,19.7733
2013-11-12,19.6890,19.8954,19.6890,19.8954
2013-11-13,19.7820,20.0727,19.7791,20.0552
2013-11-14,20.0116,20.0378,19.9331,19.9709
2013-11-15,20.0145,20.1308,19.9070,20.0988
2013-11-18,20.1308,20.1308,19.8837,19.9186
2013-11-19,19.9477,19.9622,19.6744,19.6890
2013-11-20,19.6977,19.7413,19.5610,19.5843
2013-11-21,19.6512,19.9535,19.6512,19.9390
2013-11-22,19.9099,19.9797,19.8547,19.9651
2013-11-25,19.9709,19.9767,19.7965,19.9390
2013-11-26,19.9535,20.1424,19.9535,20.1076
2013-11-27,20.0436,20.1861,19.9855,20.1628
2013-11-29,20.1686,20.2616,20.1657,20.1948
2013-12-02,20.1919,20.2500,20.1221,20.1453
2013-12-03,20.0959,20.2820,20.0959,20.2151
2013-12-04,20.1744,20.2616,19.9913,20.1221
2013-12-05,20.1424,20.2558,20.1308,20.1628
2013-12-06,20.3750,20.4448,20.3634,20.3983
2013-12-09,20.4884,20.5291,20.4215,20.4448
2013-12-10,20.4302,20.4826,20.3576,20.3895
2013-12-11,20.4070,20.4390,20.1744,20.2122
2013-12-12,20.2035,20.2238,20.0058,20.0465
2013-12-13,20.1105,20.1134,19.9651,20.0058
2013-12-16,20.2471,20.3779,20.1395,20.2529
2013-12-17,20.2704,20.5145,20.2704,20.4651
2013-12-18,20.4767,20.6279,20.1686,20.5727
2013-12-19,20.5814,20.5814,20.4070,20.4884
2013-12-20,20.5029,20.7151,20.5029,20.6715
2013-12-23,20.7529,20.8491,20.7325,20.8258
2013-12-24,20.8550,20.9454,20.8520,20.8725
2013-12-26,20.9600,20.9979,20.9162,20.9541
2013-12-27,20.9716,21.0270,20.9629,20.9716
2013-12-30,20.9804,21.0649,20.9629,21.0066
2013-12-31,21.0883,21.2108,21.0883,21.2049
2014-01-02,21.0766,21.0766,20.8258,20.9133
2014-01-03,20.9104,20.9104,20.7704,20.8520
2014-01-06,20.8579,20.8579,20.7121,20.7500
2014-01-07,20.7908,20.9250,20.7646,20.8929
2014-01-08,21.0562,21.2253,20.9979,21.2049
2014-01-09,21.2516,21.2516,20.9687,21.0474
2014-01-10,21.0620,21.1757,21.0416,21.1437
2014-01-13,21.1087,21.1757,20.8375,20.9045
2014-01-14,20.9570,21.3945,20.9570,21.3536
2014-01-15,21.4703,21.6161,21.4382,21.5432
2014-01-16,21.4791,21.5461,21.3916,21.4324
2014-01-17,21.3245,21.4528,21.2662,21.3157
2014-01-21,21.3974,21.4441,21.2691,21.4324
2014-01-22,21.4295,21.6949,21.3887,21.6628
2014-01-23,21.5461,21.5578,21.3332,21.4470
2014-01-24,21.3187,21.3537,20.9337,20.9483
2014-01-27,20.9920,21.0329,20.6771,20.8025
2014-01-28,20.8025,20.9308,20.6946,20.8870
2014-01-29,20.7529,20.9920,20.7529,20.8083
2014-01-30,20.9920,21.1320,20.9249,21.0708
2014-01-31,20.8054,21.0533,20.7908,20.9745
2014-02-03,20.9570,20.9570,20.4613,20.5050
2014-02-04,20.5662,20.5750,20.4204,20.5400
2014-02-05,20.4525,20.6508,20.3300,20.5662
2014-02-06,20.6012,20.9250,20.6012,20.8929
2014-02-07,20.9745,21.2428,20.9045,21.2224
2014-02-10,21.2516,21.3566,21.2370,21.3303
2014-02-11,21.3653,21.6628,21.3653,21.6103
2014-02-12,21.6686,21.8232,21.6686,21.7999
2014-02-13,21.7007,22.0565,21.6599,22.0477
2014-02-14,22.0215,22.2169,21.9690,22.1907
2014-02-18,22.2198,22.2665,22.0827,22.2490
2014-02-19,22.1906,22.3277,22.1673,22.2286
2014-02-20,22.2373,22.4035,22.1965,22.3802
2014-02-21,22.4240,22.4648,22.2256,22.2840
2014-02-24,22.3948,22.5085,22.3686,22.3715
2014-02-25,22.3190,22.3890,22.1469,22.2519
2014-02-26,22.3277,22.5610,22.3073,22.4035
2014-02-27,22.3977,22.4385,22.2490,22.4006
2014-02-28,22.4035,22.4677,22.2286,22.3831
2014-03-03,22.2052,22.2869,22.0507,22.2431
2014-03-04,22.5319,22.6748,22.5319,22.6369
2014-03-05,22.6719,22.7419,22.5990,22.6806
2014-03-06,22.7477,22.8585,22.6660,22.8381
2014-03-07,22.9868,22.9868,22.7418,22.8118
2014-03-10,22.8206,22.8643,22.6689,22.7739
2014-03-11,22.8206,22.8818,22.5844,22.6485
2014-03-12,22.5464,22.8381,22.5027,22.8293
2014-03-13,22.8964,22.9314,22.3423,22.4590
2014-03-14,22.4327,22.5231,22.3277,22.3306
2014-03-17,22.4765,22.6864,22.4765,22.6077
2014-03-18,22.6952,22.9431,22.6106,22.9343
2014-03-19,22.9402,23.0685,22.7798,22.9139
2014-03-20,22.8585,23.3484,22.8177,23.3368
2014-03-21,23.4097,23.4359,23.0801,23.1326
2014-03-24,23.2464,23.2639,22.8527,23.0393
2014-03-25,23.1472,23.3402,23.0917,23.2115
2014-03-26,23.4601,23.4806,22.9484,22.9484
2014-03-27,22.9542,23.0273,22.7174,22.7788
2014-03-28,22.8490,23.1092,22.8343,22.9279
2014-03-31,23.1209,23.3753,23.0800,23.3022
2014-04-01,23.4104,23.6736,23.4045,23.6736
2014-04-02,23.7174,23.7203,23.5156,23.6385
2014-04-03,23.6765,23.8899,23.5771,23.6736
2014-04-04,23.8607,23.8607,22.9718,23.0039
2014-04-07,22.9455,23.1355,22.6677,22.7963
2014-04-08,22.8314,23.1092,22.8285,23.0946
2014-04-09,23.1999,23.3490,23.0858,23.3373
2014-04-10,23.3724,23.3724,22.5916,22.6150
2014-04-11,22.3606,22.6735,22.2027,22.2612
2014-04-14,22.4425,22.5595,22.2290,22.4396
2014-04-15,22.4805,22.6531,22.1940,22.5858
2014-04-16,22.6472,22.6618,22.2232,22.5478
2014-04-17,22.6881,23.0653,22.6618,22.9718
2014-04-21,23.1297,23.1852,22.8899,23.1794
2014-04-22,23.2320,23.4484,23.1823,23.3870
2014-04-23,23.4133,23.4689,23.3080,23.3665
2014-04-24,23.5478,23.5624,23.1999,23.4981
2014-04-25,23.2613,23.2613,22.6852,22.7291
2014-04-28,22.8577,22.9074,22.2758,22.6004
2014-04-29,22.7086,22.8080,22.6033,22.7554
2014-04-30,22.6911,22.8753,22.6618,22.8694
2014-05-01,22.8431,23.0858,22.7495,22.7963
2014-05-02,22.7992,22.9718,22.7612,22.8753
2014-05-05,22.7378,22.9571,22.6735,22.8957
2014-05-06,22.8987,23.0127,22.7846,22.8080
2014-05-07,22.9104,22.9104,22.6326,22.8168
2014-05-08,22.8168,23.2905,22.7349,22.9747
2014-05-09,22.9893,22.9893,22.7466,22.9016
2014-05-12,23.0303,23.3461,23.0244,23.3197
2014-05-13,23.4104,23.4104,23.1326,23.1355
2014-05-14,23.1385,23.1414,22.9338,22.9425
2014-05-15,22.9162,22.9513,22.5098,22.6735
2014-05-16,22.7671,22.9396,22.7115,22.9250
2014-05-19,22.9074,23.2115,22.9074,23.1560
2014-05-20,23.1472,23.2320,22.9221,23.0449
2014-05-21,23.1326,23.2174,23.0478,23.1560
2014-05-22,23.2086,23.3548,23.1969,23.2613
2014-05-23,23.2846,23.4952,23.2320,23.4835
2014-05-27,23.6414,23.7730,23.5829,23.7730
2014-05-28,23.8110,23.8636,23.6852,23.8081
2014-05-29,23.8812,23.9309,23.8081,23.8519
2014-05-30,23.8929,23.9163,23.7905,23.8812
2014-06-02,24.0361,24.0800,23.8315,24.0127
2014-06-03,24.0245,24.2555,23.9601,24.2379
2014-06-04,24.2028,24.3812,24.1619,24.3461
2014-06-05,24.3841,24.5215,24.2672,24.4660
2014-06-06,24.5566,24.6327,24.5274,24.6093
2014-06-09,24.6882,24.7759,24.6034,24.6327
2014-06-10,24.6531,24.7204,24.5479,24.7058
2014-06-11,24.6970,24.9280,24.6911,24.8344
2014-06-12,24.8169,24.9192,24.6619,24.7496
2014-06-13,24.9748,25.0625,24.8607,24.9923
2014-06-16,24.9660,25.1882,24.9602,25.1415
2014-06-17,25.0976,25.3608,25.0976,25.3257
2014-06-18,25.3608,25.3608,25.0362,25.2204
2014-06-19,25.2847,25.2847,25.0947,25.2555
2014-06-20,25.3111,25.3315,25.2146,25.3315
2014-06-23,25.3637,25.3637,25.2087,25.2380
2014-06-24,25.3031,25.4086,24.9834,25.0333
2014-06-25,24.9864,25.1652,24.8808,25.1388
2014-06-26,25.1564,25.1564,24.8427,25.0274
2014-06-27,24.9688,25.0743,24.9365,25.0597
2014-06-30,25.1212,25.3558,25.0831,25.3353
2014-07-01,25.4321,25.7810,25.4145,25.6813
2014-07-02,25.7634,25.7869,25.6696,25.7488
2014-07-03,25.8338,25.9540,25.8338,25.9100
2014-07-07,25.9276,25.9276,25.6989,25.7370
2014-07-08,25.7048,25.7341,25.3558,25.5992
2014-07-09,25.5816,25.7693,25.4790,25.7546
2014-07-10,25.3822,25.7312,25.2972,25.6373
2014-07-11,25.6403,25.6901,25.5318,25.6344
2014-07-14,25.7781,25.8514,25.6842,25.7605
2014-07-15,25.7722,25.8485,25.4467,25.6843
2014-07-16,25.8836,25.9980,25.8338,25.9833
2014-07-17,25.7136,25.7224,25.2737,25.3119
2014-07-18,25.4115,25.6667,25.3793,25.6432
2014-07-21,25.5875,25.7722,25.5494,25.7194
2014-07-22,25.8221,25.9306,25.7693,25.8866
2014-07-23,25.7605,25.7605,25.2796,25.2943
2014-07-24,25.2825,25.2855,25.0479,25.0597
2014-07-25,24.8749,24.9072,24.5084,24.5641
2014-07-28,24.5729,24.5846,24.2445,24.5407
2014-07-29,24.6198,24.7342,24.4937,24.4967
2014-07-30,24.7078,24.8104,24.5876,24.7342
2014-07-31,24.4556,24.5319,24.1272,24.2328
2014-08-01,24.1946,24.4439,24.1037,24.3119
2014-08-04,24.3764,24.4879,24.1829,24.4175
2014-08-05,24.3383,24.4292,24.0744,24.1594
2014-08-06,24.0685,24.4116,24.0304,24.2386
2014-08-07,24.3882,24.4028,23.8574,23.9131
2014-08-08,24.0040,24.2210,23.9688,24.2093
2014-08-11,24.3207,24.5641,24.3119,24.4292
2014-08-12,24.4116,24.4615,24.2034,24.4116
2014-08-13,24.4497,24.6433,24.4497,24.6433
2014-08-14,24.6433,24.7283,24.5993,24.6902
2014-08-15,24.8837,25.0362,24.6638,24.9512
2014-08-18,25.0391,25.0538,24.8661,25.0479
2014-08-19,25.1124,25.2649,25.0861,25.2268
2014-08-20,25.1916,25.4673,25.1916,25.4379
2014-08-21,25.4262,25.5494,25.3793,25.5347
2014-08-22,25.5200,25.6579,25.4467,25.5523
2014-08-25,25.7106,25.7106,25.4145,25.4614
2014-08-26,25.4878,25.5582,25.4379,25.4643
2014-08-27,25.4761,25.5318,25.3588,25.5112
2014-08-28,25.3793,25.6080,25.3441,25.5933
2014-08-29,25.7370,25.8631,25.6843,25.7869
2014-09-02,25.8250,25.8778,25.5552,25.6696
2014-09-03,25.7693,25.8455,25.6842,25.7400
2014-09-04,25.8074,25.9980,25.7458,25.8133
2014-09-05,25.8309,26.0303,25.7869,26.0273
2014-09-08,25.9980,26.2355,25.9921,26.0918
2014-09-09,26.0977,26.1182,25.8162,25.8514
2014-09-10,25.8250,25.8866,25.6843,25.8426
2014-09-11,25.7605,25.9100,25.6549,25.9100
2014-09-12,25.8778,25.8778,25.5347,25.5875
2014-09-15,25.6403,25.6491,25.2620,25.2737
2014-09-16,25.2327,25.7488,25.2209,25.7136
2014-09-17,25.7605,26.0420,25.7370,25.8983
2014-09-18,26.0068,26.2942,25.9834,26.2942
2014-09-19,26.4173,26.4232,25.9188,25.9658
2014-09-22,25.8719,25.9335,25.6021,25.6520
2014-09-23,25.5318,25.7664,25.4702,25.5699
2014-09-24,25.6169,25.8992,25.6169,25.8904
2014-09-25,25.8375,25.8551,25.3376,25.4170
2014-09-26,25.6140,25.7787,25.5287,25.7169
2014-09-29,25.4582,25.8316,25.4082,25.7493
2014-09-30,25.7875,25.7875,25.4435,25.5375
2014-10-01,25.4876,25.4876,24.8495,24.9142
2014-10-02,24.9083,24.9083,24.3173,24.7613
2014-10-03,24.9700,25.0847,24.7848,24.9171
2014-10-06,24.9612,25.0053,24.5378,24.6995
2014-10-07,24.6172,24.6701,24.2291,24.2291
2014-10-08,24.2820,24.8289,24.0291,24.7760
2014-10-09,24.7260,24.7289,24.0909,24.1056
2014-10-10,23.4351,23.4410,22.2413,22.4442
2014-10-13,22.4560,22.7353,21.9532,21.9679
2014-10-14,22.3619,22.7883,22.1796,22.3648
2014-10-15,21.9355,22.6412,21.8061,22.4707
2014-10-16,22.1619,22.9735,22.1561,22.8177
2014-10-17,23.2264,23.3763,22.9500,22.9853
2014-10-20,22.9941,23.3734,22.8324,23.3499
2014-10-21,23.6263,24.2232,23.6086,24.2114
2014-10-22,24.3967,24.4290,23.8527,23.8645
2014-10-23,24.1791,24.3379,24.1056,24.2085
2014-10-24,24.2144,24.5113,24.1967,24.4496
2014-10-27,24.4320,24.6025,24.2467,24.5643
2014-10-28,24.6936,24.9230,24.6113,24.9142
2014-10-29,24.8730,25.0289,24.6789,24.9642
2014-10-30,24.8465,24.8730,24.3526,24.6613
2014-10-31,25.3464,25.7493,25.3464,25.6258
2014-11-03,25.6640,25.9404,25.6258,25.8022
2014-11-04,25.7051,25.8610,25.5170,25.7081
2014-11-05,25.9022,25.9992,25.6787,25.9669
2014-11-06,25.8139,25.9051,25.5816,25.7434
2014-11-07,25.7140,25.7963,25.3053,25.5111
2014-11-10,25.5817,25.7404,25.4729,25.6993
2014-11-11,25.7404,25.7404,25.5405,25.6493
2014-11-12,25.5493,25.6316,25.4729,25.6111
2014-11-13,25.6934,25.8698,25.5228,25.6140
2014-11-14,25.5699,25.8551,25.4317,25.8375
2014-11-17,25.7169,25.7934,25.5111,25.7199
2014-11-18,25.7640,26.2932,25.7640,26.2227
2014-11-19,26.2668,26.2668,25.9227,26.0433
2014-11-20,25.9257,26.3109,25.8139,26.2815
2014-11-21,26.5608,26.6490,26.3609,26.5696
2014-11-24,26.6226,26.8402,26.5814,26.8255
2014-11-25,26.9048,26.9137,26.7725,26.8313
2014-11-26,26.8431,27.4047,26.8431,27.3988
2014-11-28,27.4547,27.5517,27.3077,27.4753
2014-12-01,27.3547,27.4988,27.0283,27.1283
2014-12-02,27.0666,27.3077,26.9548,27.2989
2014-12-03,27.4312,27.8987,27.4194,27.8722
2014-12-04,27.9546,28.0751,27.7399,27.8958
2014-12-05,27.9840,28.1810,27.9310,28.1751
2014-12-08,28.1251,28.2369,27.6076,27.7782
2014-12-09,27.3841,27.8340,27.3077,27.7752
2014-12-10,27.6311,27.7781,27.1959,27.2459
2014-12-11,27.3665,27.7046,27.3136,27.3753
2014-12-12,27.1342,27.3136,26.8960,26.9225
2014-12-15,27.0519,27.3194,26.5843,26.6726
2014-12-16,26.5579,27.0548,26.4520,26.4902
2014-12-17,26.5373,27.1283,26.3550,27.0607
2014-12-18,27.5076,27.5753,27.3194,27.5753
2014-12-19,27.7282,27.7282,27.3782,27.5782
2014-12-22,27.6429,27.9487,27.6076,27.9163
2014-12-23,28.0369,28.1457,27.8458,27.8546
2014-12-24,27.9527,28.0150,27.8875,27.8964
2014-12-26,27.9675,28.0505,27.8994,27.9320
2014-12-29,27.9171,27.9231,27.7571,27.8519
2014-12-30,27.6622,27.8075,27.6622,27.6770
2014-12-31,27.7185,27.9171,27.5170,27.5348
2015-01-02,27.6563,27.8134,27.2532,27.5110
2015-01-05,27.3954,27.4458,26.9834,26.9923
2015-01-06,27.0101,27.0368,26.3135,26.3906
2015-01-07,26.5417,26.7700,26.3846,26.6514
2015-01-08,26.9212,27.4873,26.9212,27.4429
2015-01-09,27.5526,27.5674,27.1287,27.4577
2015-01-12,27.3391,27.3391,26.7996,26.9301
2015-01-13,27.1257,27.4577,26.5299,26.6662
2015-01-14,26.4084,26.7789,26.2424,26.5151
2015-01-15,26.7226,26.8678,26.2839,26.3046
2015-01-16,26.2127,26.6277,26.1001,26.5921
2015-01-20,26.7285,26.9656,26.5240,26.8678
2015-01-21,26.8174,27.2917,26.7018,27.1731
2015-01-22,27.1494,27.3599,26.6455,27.3362
2015-01-23,27.2146,27.3895,27.1316,27.2650
2015-01-26,27.2057,27.3777,27.0042,27.3154
2015-01-27,26.9656,27.0812,26.6633,26.8293
2015-01-28,27.1998,27.4162,26.6840,26.7018
2015-01-29,26.6129,26.8026,26.2216,26.7196
2015-01-30,26.4173,26.7700,26.1564,26.1949
2015-02-02,26.2424,26.3461,25.7147,26.2631
2015-02-03,26.3757,26.7403,26.3372,26.7285
2015-02-04,26.6573,27.0190,26.6485,26.8293
2015-02-05,26.9390,27.1020,26.7937,27.0901
2015-02-06,27.1287,27.3539,26.8737,26.9419
2015-02-09,26.9034,26.9034,26.5892,26.6574
2015-02-10,26.9864,27.5674,26.9123,27.5585
2015-02-11,27.5614,27.7452,27.4695,27.6474
2015-02-12,27.7304,28.0980,27.7304,28.0891
2015-02-13,28.2165,28.3707,28.0446,28.2877
2015-02-17,28.2758,28.4092,28.1899,28.3766
2015-02-18,28.3440,28.3855,28.1899,28.3025
2015-02-19,28.2610,28.4626,28.2195,28.3796
2015-02-20,28.3025,28.5693,28.2343,28.5485
2015-02-23,28.5159,28.5159,28.2699,28.3707
2015-02-24,28.3707,28.7620,28.1780,28.7501
2015-02-25,28.6878,28.7560,28.5159,28.6019
2015-02-26,28.7382,28.8598,28.6463,28.7975
2015-02-27,28.7916,28.8538,28.6226,28.7116
2015-03-02,28.9546,29.5149,28.9517,29.5000
2015-03-03,29.3963,29.3963,28.9161,28.9546
2015-03-04,28.8746,28.9250,28.5900,28.9161
2015-03-05,29.0169,29.0999,28.8124,28.9339
2015-03-06,28.8390,28.8864,28.5545,28.6345
2015-03-09,28.6108,28.7916,28.5811,28.7234
2015-03-10,28.5367,28.6049,28.1869,28.1928
2015-03-11,28.3351,28.5456,28.2462,28.2551
2015-03-12,27.9586,28.2551,27.9379,28.2462
2015-03-13,28.3144,28.4863,28.1306,28.4359
2015-03-16,28.5900,28.8746,28.5515,28.8687
2015-03-17,28.6582,28.7086,28.4981,28.6582
2015-03-18,28.6493,29.0109,28.2847,28.8716
2015-03-19,28.8420,29.0080,28.8005,28.9368
2015-03-20,29.1473,29.4378,29.1088,29.3459
2015-03-23,29.3548,29.3874,29.0910,29.1028
2015-03-24,29.1236,29.1236,28.8361,28.8538
2015-03-25,28.8327,28.8654,27.4804,27.5131
2015-03-26,26.8741,27.3110,26.5353,27.1356
2015-03-27,27.1475,28.0095,27.0851,27.9054
2015-03-30,28.0867,28.3364,27.9233,28.2621
2015-03-31,28.1402,28.1967,27.8995,27.9441
2015-04-01,27.8668,27.8846,27.5458,27.7628
2015-04-02,27.8757,27.9530,27.6766,27.7004
2015-04-06,27.4388,27.8846,27.2902,27.8222
2015-04-07,27.8282,28.0719,27.7806,27.8341
2015-04-08,27.7776,28.0897,27.7628,27.9976
2015-04-09,27.8608,28.3988,27.8608,28.3631
2015-04-10,28.3839,28.4791,28.3423,28.4791
2015-04-13,28.5177,28.6217,28.2710,28.3096
2015-04-14,28.3126,28.3126,27.9352,28.0213
2015-04-15,28.2353,28.5712,28.1997,28.4880
2015-04-16,28.2145,28.4077,28.2145,28.3661
2015-04-17,28.1373,28.1373,27.8282,27.9619
2015-04-20,28.1046,28.3126,28.0986,28.1997
2015-04-21,28.5147,28.5920,28.2948,28.3929
2015-04-22,28.5682,28.8000,28.3453,28.7941
2015-04-23,28.2829,28.4464,28.1283,28.3483
2015-04-24,28.2948,28.3126,27.7063,27.8817
2015-04-27,27.9203,28.2442,27.8846,27.9530
2015-04-28,27.9678,28.0392,27.5904,27.9797
2015-04-29,27.7687,27.9084,27.5369,27.8252
2015-04-30,27.7747,27.8787,27.4121,27.5844
2015-05-01,27.8400,28.4166,27.8311,28.3513
2015-05-04,28.4166,28.4761,28.2205,28.2948
2015-05-05,28.0927,28.1640,27.6528,27.6796
2015-05-06,27.7836,27.9114,27.4448,27.6469
2015-05-07,27.7538,27.9916,27.7538,27.9500
2015-05-08,28.1789,28.3483,28.1521,28.2294
2015-05-11,28.2294,28.3513,28.1313,28.2472
2015-05-12,28.1254,28.1610,27.8638,27.9916
2015-05-13,28.1402,28.3661,28.0867,28.1640
2015-05-14,28.3602,28.6039,28.2561,28.4999
2015-05-15,28.5534,28.6544,28.4256,28.5474
2015-05-18,28.5861,28.8417,28.5058,28.8268
2015-05-19,28.8981,29.0378,28.6217,28.7228
2015-05-20,28.7584,28.9903,28.6574,28.7852
2015-05-21,28.7614,28.9754,28.6366,28.9308
2015-05-22,28.8952,29.0913,28.8952,28.9903
2015-05-26,28.9457,28.9724,28.6366,28.7674
2015-05-27,28.8565,29.9948,28.8416,29.8968
2015-05-28,29.9265,30.0692,29.7274,29.9265
2015-05-29,30.0216,30.1613,29.8997,30.0394
2015-06-01,30.1405,30.2564,29.8968,30.0573
2015-06-02,29.9651,29.9651,29.6768,29.7214
2015-06-03,29.8700,29.8968,29.4985,29.5193
2015-06-04,29.3945,29.4955,29.1626,29.2518
2015-06-05,29.2161,29.3410,28.9903,29.2548
2015-06-08,29.2815,29.2815,28.6277,28.7049
2015-06-09,28.7228,28.7614,28.3958,28.6871
2015-06-10,28.8208,29.1448,28.8060,29.0438
2015-06-11,29.1656,29.1805,29.0081,29.0348
2015-06-12,28.9130,28.9130,28.7347,28.7733
2015-06-15,28.4761,28.7376,28.3394,28.7139
2015-06-16,28.6604,28.8654,28.5920,28.7941
2015-06-17,28.8268,28.9308,28.7109,28.8179
2015-06-18,28.8952,29.3618,28.8952,29.2251
2015-06-19,29.2964,29.3796,28.9843,29.0794
2015-06-22,29.3202,29.4004,29.1805,29.3261
2015-06-23,29.3826,29.4242,29.0824,29.1805
2015-06-24,29.1373,29.2088,28.8661,28.8721
2015-06-25,28.9495,29.0449,28.7797,28.8512
2015-06-26,28.5920,28.5920,28.0198,28.1331
2015-06-29,27.7636,27.9602,27.3225,27.3434
2015-06-30,27.5937,27.6533,27.3195,27.4417
2015-07-01,27.8321,27.8738,27.4507,27.5073
2015-07-02,27.5609,27.7218,27.5192,27.6354
2015-07-06,27.3851,27.6354,27.1139,27.2331
2015-07-07,27.2450,27.2480,26.3243,27.1467
2015-07-08,26.7832,26.8577,26.3481,26.4137
2015-07-09,26.8934,26.9560,26.0680,26.0769
2015-07-10,26.3868,26.6520,26.3600,26.5597
2015-07-13,26.7921,26.8368,26.5925,26.7832
2015-07-14,26.9143,27.1288,26.8815,27.0633
2015-07-15,27.1229,27.1229,26.7802,26.9024
2015-07-16,27.1020,27.1020,26.7057,26.9530
2015-07-17,26.9381,26.9381,26.6848,26.8964
2015-07-20,26.9947,27.0394,26.6967,26.7116
2015-07-21,26.7236,26.9530,26.6789,26.7176
2015-07-22,26.0173,26.1246,25.7640,26.0531
2015-07-23,26.1991,26.7534,26.1991,26.4405
2015-07-24,26.5180,26.5716,25.8832,25.9101
2015-07-27,25.7521,25.8981,25.4482,25.7193
2015-07-28,25.8505,26.4137,25.6478,26.2557
2015-07-29,26.2349,26.3392,26.0024,26.2885
2015-07-30,26.1514,26.4792,26.0799,26.3928
2015-07-31,26.4315,26.4315,26.0382,26.0859
2015-08-03,26.0591,26.1097,25.8594,26.0024
2015-08-04,25.9190,25.9697,25.5495,25.7134
2015-08-05,25.8624,26.2200,25.8505,26.0382
2015-08-06,26.0859,26.0859,25.3767,25.5733
2015-08-07,25.4690,25.7462,25.4452,25.7193
2015-08-10,25.9458,26.4017,25.9130,26.3570
2015-08-11,26.0948,26.0978,25.6597,25.7640
2015-08-12,25.4512,26.0382,25.2485,25.9130
2015-08-13,25.9101,26.0144,25.6478,25.7044
2015-08-14,25.6091,25.6091,25.3379,25.4929
2015-08-17,25.3856,25.7581,25.2575,25.7104
2015-08-18,25.6717,25.6747,25.1860,25.2247
2015-08-19,25.2783,25.2843,24.8343,24.9982
2015-08-20,24.7270,24.7390,24.0506,24.0596
2015-08-21,23.7497,24.1162,23.4010,23.4010
2015-08-24,22.0452,23.8927,21.7114,22.8765
2015-08-25,23.7765,23.8271,22.6501,22.6501
2015-08-26,23.3563,23.8092,22.9093,23.7794
2015-08-27,24.1936,24.6972,24.1668,24.6645
2015-08-28,24.5751,24.8582,24.5751,24.8075
2015-08-31,24.6168,24.9893,24.4946,24.7390
2015-09-01,23.9970,24.4827,23.7496,23.8659
2015-09-02,24.2681,24.4350,24.0029,24.4350
2015-09-03,24.6198,24.9505,24.5453,24.6257
2015-09-04,24.2860,24.4946,24.1043,24.1996
2015-09-08,24.7330,25.2813,24.7300,25.2724
2015-09-09,25.4959,25.6717,24.7568,24.8075
2015-09-10,24.7956,25.1442,24.5632,24.9178
2015-09-11,24.7002,24.9476,24.5900,24.9327
2015-09-14,25.0548,25.1204,24.9178,24.9893
2015-09-15,25.1055,25.3767,25.0936,25.3081
2015-09-16,25.2485,25.3916,25.0995,25.3618
2015-09-17,25.3171,25.5674,25.1055,25.1591
2015-09-18,24.7837,25.0399,24.6257,24.7211
2015-09-21,24.8790,24.9595,24.5274,24.6466
2015-09-22,24.2264,24.2950,24.0059,24.1043
2015-09-23,24.1221,24.2413,23.8957,23.9255
2015-09-24,23.6990,24.0268,23.2460,23.8778
2015-09-25,24.2038,24.3626,23.7783,24.0090
2015-09-28,23.8562,23.9881,23.3408,23.3438
2015-09-29,23.4067,23.7214,23.2479,23.4996
2015-09-30,23.9131,24.4346,23.8772,24.4106
2015-10-01,24.3986,24.3986,23.7004,24.1199
2015-10-02,23.7993,24.6383,23.7873,24.6233
2015-10-05,24.8631,25.2227,24.7852,25.1028
2015-10-06,25.0489,25.2496,24.7342,25.1837
2015-10-07,25.3965,25.6752,25.0908,25.5163
2015-10-08,25.5014,25.7291,25.2796,25.6842
2015-10-09,25.7321,25.7651,25.3725,25.5253
2015-10-12,25.5014,25.5793,25.3905,25.5253
2015-10-13,25.3455,25.4864,25.1867,25.2107
2015-10-14,25.3365,26.3554,25.2676,26.1277
2015-10-15,26.3194,26.5742,26.1486,26.3734
2015-10-16,26.3884,26.4663,26.2176,26.4333
2015-10-19,26.3494,26.6041,26.2265,26.4243
2015-10-20,26.4153,26.4873,26.2505,26.4004
2015-10-21,26.6611,26.9397,26.4303,26.4393
2015-10-22,26.8708,27.4012,26.8199,27.3563
2015-10-23,27.5990,27.7638,27.3203,27.6889
2015-10-26,27.5630,27.5630,27.0566,27.1915
2015-10-27,26.9487,27.1435,26.8798,26.9547
2015-10-28,27.1465,27.4252,27.0326,27.3533
2015-10-29,26.8289,26.9008,26.5412,26.6191
2015-10-30,26.7210,26.9278,26.6730,26.8319
2015-11-02,26.9038,27.1046,26.8768,27.0686
2015-11-03,26.9817,27.3203,26.9817,27.2094
2015-11-04,27.2334,27.3503,27.0956,27.2874
2015-11-05,27.1645,27.2034,26.6760,26.7150
2015-11-06,26.9367,27.4342,26.8948,27.4222
2015-11-09,27.3533,27.3533,27.0147,27.1555
2015-11-10,26.8648,26.8648,26.5801,26.6611
2015-11-11,26.7240,26.9637,26.6581,26.6820
2015-11-12,26.5412,26.7030,26.3374,26.3374
2015-11-13,26.3284,26.4273,25.9988,26.1007
2015-11-16,26.0857,26.4393,26.0797,26.4213
2015-11-17,26.4573,26.8049,26.4213,26.5981
2015-11-18,26.6371,26.8888,26.4543,26.8618
2015-11-19,26.9248,27.1705,26.7809,26.9248
2015-11-20,27.0386,27.1585,26.9427,27.0117
2015-11-23,26.9637,26.9697,26.6521,26.6880
2015-11-24,26.6311,27.0566,26.5172,27.0027
2015-11-25,27.0237,27.1555,26.9218,27.0416
2015-11-27,27.0566,27.2604,27.0566,27.1585
2015-11-30,27.1975,27.5301,27.1885,27.4522
2015-12-01,27.6290,27.8807,27.5660,27.8777
2015-12-02,27.9796,28.0515,27.6919,27.7458
2015-12-03,28.1144,28.1444,27.4372,27.5780
2015-12-04,27.5481,28.1294,27.5031,28.0545
2015-12-07,28.0305,28.0305,27.7668,27.8267
2015-12-08,27.4552,27.6739,27.3293,27.5900
2015-12-09,27.5900,27.6200,27.0986,27.2304
2015-12-10,27.2065,27.5870,27.1885,27.3623
2015-12-11,27.0836,27.1795,26.8079,26.8498
2015-12-14,26.8379,26.9397,26.4063,26.6760
2015-12-15,26.8828,27.1825,26.7929,27.0776
2015-12-16,27.2424,27.3353,26.8528,27.2814
2015-12-17,27.4402,27.5091,26.8828,26.9068
2015-12-18,26.7420,26.8259,26.5352,26.5951
2015-12-21,26.7569,27.0746,26.7390,27.0506
2015-12-22,27.1375,27.1825,26.8798,27.0926
2015-12-23,27.1255,27.3053,27.0836,27.2814
2015-12-24,27.2552,27.4925,27.2372,27.3904
2015-12-28,27.2612,27.2823,27.0120,27.2823
2015-12-29,27.4504,27.7267,27.3693,27.6006
2015-12-30,27.5916,27.6486,27.3303,27.3513
2015-12-31,27.2432,27.2552,26.9639,26.9790
2016-01-04,26.4354,26.6666,26.2763,26.6666
2016-01-05,26.7177,26.7718,26.3573,26.4144
2016-01-06,25.8468,25.9609,25.4414,25.5015
2016-01-07,25.0090,25.3693,24.7327,24.7868
2016-01-08,24.9579,25.0510,24.3663,24.4294
2016-01-11,24.5856,24.7357,24.1832,24.5135
2016-01-12,24.7838,24.9519,24.3754,24.7177
2016-01-13,24.7237,24.9129,23.9249,23.9309
2016-01-14,24.0510,24.5525,23.7237,24.4234
2016-01-15,23.4594,23.6306,23.0090,23.3213
2016-01-19,23.6696,23.8678,23.1561,23.3603
2016-01-20,23.0660,23.7477,22.8648,23.5135
2016-01-21,23.7477,24.1531,23.5345,23.8618
2016-01-22,24.3153,24.4685,24.1501,24.2973
2016-01-25,24.2432,24.2943,23.9159,23.9609
2016-01-26,24.0270,24.3723,23.9519,24.1832
2016-01-27,24.1051,24.3633,23.8108,23.9069
2016-01-28,24.0060,24.1381,23.6576,23.8528
2016-01-29,24.0510,24.9369,24.0510,24.9339
2016-02-01,24.7387,25.1742,24.6757,25.0450
2016-02-02,24.7748,24.7748,24.1501,24.2192
2016-02-03,24.5375,24.5375,23.7868,24.2763
2016-02-04,24.2763,24.8498,24.2552,24.6967
2016-02-05,24.5886,24.5886,23.7507,23.8498
2016-02-08,23.4474,23.4564,22.8799,23.2492
2016-02-09,22.9669,23.5255,22.9159,23.1171
2016-02-10,23.3033,23.5075,22.9129,22.9369
2016-02-11,22.5736,22.8889,22.4625,22.7598
2016-02-12,23.0120,23.2853,22.6937,23.2582
2016-02-16,23.5675,24.1982,23.4925,24.0751
2016-02-17,24.2342,24.6967,24.1982,24.6486
2016-02-18,24.8348,24.8558,24.5075,24.5315
2016-02-19,24.5736,24.7838,24.4685,24.6396
2016-02-22,24.8859,25.1561,24.8859,25.0270
2016-02-23,24.9039,24.9489,24.5856,24.6336
2016-02-24,24.3393,25.0150,24.1892,24.9609
2016-02-25,25.0420,25.2883,24.7657,25.2642
2016-02-26,25.4865,25.5195,25.3183,25.4264
2016-02-29,25.4745,25.8108,25.3663,25.3663
2016-03-01,25.5525,26.0841,25.5405,26.0510
2016-03-02,26.0120,26.2282,26.0060,26.2132
2016-03-03,26.2222,26.3093,26.0510,26.2432
2016-03-04,26.4234,26.7327,26.2282,26.5135
2016-03-07,26.3513,26.7297,26.2582,26.6336
2016-03-08,26.4234,26.4414,25.9940,26.0300
2016-03-09,26.1021,26.2793,26.0180,26.2132
2016-03-10,26.3784,26.6006,25.9910,26.3453
2016-03-11,26.6306,26.8738,26.5766,26.8468
2016-03-14,26.7447,26.8708,26.6636,26.7838
2016-03-15,26.6937,26.7177,26.4985,26.7147
2016-03-16,26.5465,26.9880,26.5465,26.9549
2016-03-17,26.8738,27.2102,26.8318,27.1411
2016-03-18,27.1772,27.5315,27.1111,27.4985
2016-03-21,27.4084,27.5675,27.3003,27.5345
2016-03-22,27.3994,27.6336,27.3333,27.5285
2016-03-23,27.4881,27.5122,27.1628,27.1689
2016-03-24,27.0002,27.1659,26.8556,27.1508
2016-03-28,27.2080,27.2412,27.0213,27.1357
2016-03-29,27.0183,27.5303,26.8918,27.5092
2016-03-30,27.6538,27.9219,27.6387,27.7502
2016-03-31,27.7110,27.7351,27.5875,27.5966
2016-04-01,27.3586,27.7984,27.3285,27.7863
2016-04-04,27.7683,27.7894,27.4851,27.5394
2016-04-05,27.3737,27.5725,27.2653,27.3857
2016-04-06,27.3556,27.6719,27.1297,27.6478
2016-04-07,27.5424,27.5424,27.1237,27.2261
2016-04-08,27.5333,27.6056,27.2562,27.3526
2016-04-11,27.4821,27.7502,27.3375,27.3466
2016-04-12,27.3827,27.4128,26.9580,27.3074
2016-04-13,27.4942,27.9430,27.4791,27.9189
2016-04-14,27.6749,27.7472,27.4279,27.7050
2016-04-15,27.6448,27.6839,27.4369,27.4671
2016-04-18,27.3677,27.5363,27.3165,27.4701
2016-04-19,27.5303,27.5574,27.0213,27.1357
2016-04-20,27.0665,27.5183,27.0634,27.3948
2016-04-21,27.3857,27.3857,27.1026,27.2321
2016-04-22,27.2532,27.5213,27.0604,27.2803
2016-04-25,27.1960,27.3526,27.0363,27.1177
2016-04-26,27.3225,27.7291,27.3195,27.4791
2016-04-27,27.2080,27.8044,27.1809,27.7592
2016-04-28,27.6116,27.7622,26.9610,27.0333
2016-04-29,26.9279,26.9279,26.1177,26.3195
2016-05-02,26.3887,26.5544,26.1839,26.5183
2016-05-03,26.2532,26.3767,26.0966,26.2170
2016-05-04,26.0273,26.2110,25.8285,25.9189
2016-05-05,26.0695,26.2321,25.8887,25.9821
2016-05-06,25.8707,26.0363,25.6598,26.0183
2016-05-09,26.0664,26.2050,25.9098,25.9851
2016-05-10,26.0574,26.3044,25.9008,26.2924
2016-05-11,26.1930,26.4640,26.1930,26.2291
2016-05-12,26.2893,26.3375,25.5514,25.7592
2016-05-13,25.8315,26.0664,25.7773,25.8526
2016-05-16,25.8677,26.4460,25.7773,26.2683
2016-05-17,26.2291,26.3737,26.0183,26.0966
2016-05-18,25.9881,26.7321,25.9881,26.5032
2016-05-19,26.3315,26.5544,26.1267,26.3556
2016-05-20,26.6749,27.1809,26.6719,27.1538
2016-05-23,27.3345,27.5876,27.3345,27.3436
2016-05-24,27.5695,28.0363,27.5363,28.0032
2016-05-25,28.1749,28.2442,27.9520,28.1689
2016-05-26,28.2110,28.3285,28.1418,28.2622
2016-05-27,28.2381,28.4882,28.2381,28.4400
2016-05-31,28.4942,28.6327,28.4159,28.6056
2016-06-01,28.5815,28.7924,28.4701,28.7562
2016-06-02,28.7050,28.7623,28.5785,28.7623
2016-06-03,29.0123,29.0273,28.6779,28.8466
2016-06-06,28.8647,29.0183,28.7321,28.7803
2016-06-07,28.9038,29.1116,28.9008,29.0544
2016-06-08,29.0544,29.1177,28.9520,29.0424
2016-06-09,28.8556,29.0906,28.7562,29.0755
2016-06-10,28.7803,28.7803,28.4972,28.5996
2016-06-13,28.4159,28.7683,28.3918,28.4520
2016-06-14,28.3586,28.5183,28.1719,28.4430
2016-06-15,28.5876,28.6357,28.3918,28.4400
2016-06-16,28.1598,28.4550,27.9490,28.4369
2016-06-17,28.3918,28.3918,27.9912,28.1960
2016-06-20,28.6056,28.8496,28.4942,28.5092
2016-06-21,28.6298,28.6842,28.4969,28.5996
2016-06-22,28.6419,28.8746,28.5392,28.5724
2016-06-23,28.9471,29.3187,28.8594,29.2855
2016-06-24,28.0466,28.4968,27.5904,27.6961
2016-06-27,27.3184,27.3214,26.3908,26.5721
2016-06-28,26.9860,27.3214,26.9135,27.2670
2016-06-29,27.5873,27.8986,27.4876,27.8170
2016-06-30,27.8533,28.3246,27.7989,28.2944
2016-07-01,28.0799,28.1584,28.0043,28.0617
2016-07-05,27.8412,27.8412,27.3819,27.5481
2016-07-06,27.3486,27.6297,27.0827,27.5843
2016-07-07,27.6266,28.1252,27.6266,27.9197
2016-07-08,28.2068,28.7204,28.1917,28.6963
2016-07-11,28.9138,29.1435,28.8927,29.0196
2016-07-12,29.2855,29.4970,29.2311,29.3973
2016-07-13,29.5030,29.6118,29.3882,29.4335
2016-07-14,29.6995,29.7297,29.4607,29.6481
2016-07-15,29.6541,29.6904,29.5212,29.6390
2016-07-18,30.0137,30.1285,29.9291,30.0741
2016-07-19,30.0258,30.0530,29.8777,29.9714
2016-07-20,30.1406,30.5213,30.0439,30.4458
2016-07-21,30.4760,30.4941,30.1074,30.2313
2016-07-22,30.1285,30.4005,29.9442,30.3823
2016-07-25,30.3763,30.6150,30.3763,30.5576
2016-07-26,30.8507,31.8841,30.8507,31.7421
2016-07-27,32.0261,32.0382,31.5547,31.7390
2016-07-28,31.5970,31.7753,31.4248,31.5638
2016-07-29,31.5577,31.6605,31.2828,31.4248
2016-08-01,31.4943,31.5638,31.3402,31.4490
2016-08-02,31.3916,31.3916,30.7782,30.9655
2016-08-03,30.7993,31.0108,30.7933,31.0048
2016-08-04,31.0833,31.3069,31.0259,31.2949
2016-08-05,31.4792,31.7270,31.4339,31.6937
2016-08-08,31.8025,31.8780,31.6000,31.6575
2016-08-09,31.8327,32.0170,31.7783,31.9143
2016-08-10,31.9415,31.9778,31.5638,31.6967
2016-08-11,31.8327,31.8599,31.6514,31.8176
2016-08-12,31.8780,32.0352,31.8448,31.9657
2016-08-15,32.0321,32.4793,32.0321,32.4008
2016-08-16,32.3494,32.3494,32.1379,32.1742
2016-08-17,32.1862,32.1923,31.9959,32.1681
2016-08-18,32.1772,32.4038,32.1500,32.4008
2016-08-19,32.4310,32.7573,32.4310,32.6788
2016-08-22,32.6274,32.7724,32.5549,32.6939
2016-08-23,32.8389,32.9991,32.8389,32.8540
2016-08-24,32.8993,32.9265,32.4975,32.5821
2016-08-25,32.4823,32.8661,32.4823,32.7150
2016-08-26,32.7694,33.1078,32.6395,32.8601
2016-08-29,32.9991,33.1169,32.9507,32.9900
2016-08-30,32.9960,33.1773,32.8087,32.9265
2016-08-31,32.9175,32.9537,32.7211,32.9054
2016-09-01,32.9991,33.1894,32.7392,33.1652
2016-09-02,33.3133,33.3375,32.9809,33.1320
2016-09-06,33.1894,33.2347,32.8873,33.0565
2016-09-07,33.1048,33.1109,32.7452,32.8057
2016-09-08,32.6999,32.8359,32.5549,32.7482
2016-09-09,32.4914,32.4914,31.4882,31.5849
2016-09-12,31.3281,32.2104,31.2224,32.1742
2016-09-13,32.0140,32.2860,31.7300,31.8901
2016-09-14,31.8085,32.2497,31.7662,32.1711
2016-09-15,32.1560,32.9749,32.1137,32.9145
2016-09-16,33.1562,33.2589,32.6727,32.9235
2016-09-19,33.1290,33.4463,32.8540,32.9628
2016-09-20,33.1532,33.1743,32.7331,32.8147
2016-09-21,32.9779,33.3194,32.8359,33.2680
2016-09-22,33.4855,33.5853,33.2801,33.3768
2016-09-23,33.3284,33.3435,32.9930,33.0353
2016-09-26,32.8008,32.9100,32.5732,32.7097
2016-09-27,32.6339,33.2802,32.6157,33.2741
2016-09-28,33.3955,33.5108,33.1376,33.3409
2016-09-29,33.3560,33.9599,32.9919,33.7505
2016-09-30,33.9508,34.5060,33.9508,34.2845
2016-10-03,34.3665,34.5151,33.9872,34.0539
2016-10-04,34.1965,34.3027,33.8355,33.9659
2016-10-05,34.0752,34.4545,33.9932,34.2147
2016-10-06,34.1905,34.4423,33.9781,34.4150
2016-10-07,34.4696,34.4696,34.0539,34.3634
2016-10-10,34.5242,34.6547,34.1783,34.1905
2016-10-11,34.1480,34.1480,33.1801,33.4744
2016-10-12,33.4531,33.4622,33.0647,33.3621
2016-10-13,33.0648,33.0648,32.4367,32.9677
2016-10-14,33.2681,33.6049,33.1861,33.2165
2016-10-17,33.1831,33.3621,33.0253,33.0435
2016-10-18,33.4501,33.5624,33.3621,33.4258
2016-10-19,33.1345,33.3287,32.9707,33.2862
2016-10-20,33.2256,33.6413,33.0223,33.5199
2016-10-21,33.2529,33.4683,33.1194,33.4349
2016-10-24,33.6109,34.0691,33.6109,34.0479
2016-10-25,34.0661,34.1692,33.9538,34.0175
2016-10-26,33.7566,34.1692,33.7293,33.9690
2016-10-27,34.2997,34.3786,33.7657,33.8112
2016-10-28,33.9477,34.1510,33.5715,33.6079
2016-10-31,33.7262,33.9507,33.7262,33.7899
2016-11-01,33.7960,34.0630,33.1224,33.4895
2016-11-02,33.5108,33.6959,33.1588,33.2680
2016-11-03,33.2832,33.5017,33.0890,33.2104
2016-11-04,33.0162,33.2923,32.7704,33.0010
2016-11-07,33.6140,33.9508,33.4805,33.9295
2016-11-08,33.9204,34.2178,33.7293,33.9993
2016-11-09,33.2377,33.9477,33.0739,33.8385
2016-11-10,34.0357,34.2572,32.8008,33.1072
2016-11-11,33.4835,34.4302,33.4835,34.3756
2016-11-14,34.5455,34.5485,34.1055,34.1965
2016-11-15,34.3361,34.9278,34.2542,34.8368
2016-11-16,34.7761,35.2677,34.7670,35.2373
2016-11-17,35.3708,35.7926,35.1584,35.6166
2016-11-18,35.5104,35.9200,35.5104,35.8745
2016-11-21,35.9837,36.1688,35.8593,36.1142
2016-11-22,36.3054,36.5330,36.2720,36.4996
2016-11-23,36.5147,36.6209,36.3206,36.5451
2016-11-25,36.6118,36.6270,36.4510,36.6088
2016-11-28,36.5208,36.6665,36.4389,36.4996
2016-11-29,36.4723,36.6483,36.2599,36.4328
2016-11-30,36.4146,36.5087,36.2083,36.2235
2016-12-01,36.1961,36.1961,34.2481,34.4545
2016-12-02,34.4059,34.9399,34.2876,34.8793
2016-12-05,35.1827,35.4163,34.9521,35.3041
2016-12-06,35.4042,35.8320,35.4042,35.7926
2016-12-07,35.7713,36.6179,35.6530,36.5299
2016-12-08,36.6270,37.0640,36.5815,36.8485
2016-12-09,37.1459,37.2217,36.4662,36.7241
2016-12-12,36.5785,36.6422,36.1446,36.4359
2016-12-13,36.5633,37.1004,36.5147,36.8606
2016-12-14,36.8758,37.0640,36.6998,36.8273
2016-12-15,36.9790,37.6162,36.9153,37.4554
2016-12-16,37.6769,37.7527,36.9092,37.0761
2016-12-19,37.1732,37.5859,37.1277,37.4432
2016-12-20,37.8195,37.8741,37.6374,37.8013
2016-12-21,37.8804,37.9716,37.7405,37.8013
2016-12-22,38.2180,38.2271,37.8408,37.9838
2016-12-23,37.9473,38.1997,37.8834,38.1784
2016-12-27,38.2545,38.7076,38.2362,38.6498
2016-12-28,38.8718,38.9023,37.8956,37.9169
2016-12-29,37.7435,37.9108,37.5123,37.9108
2016-12-30,38.0476,38.2179,37.2021,37.3238
2017-01-03,37.4515,37.8591,37.0044,37.3238
2017-01-04,37.5093,37.6097,37.2538,37.4272
2017-01-05,37.4485,37.6462,37.0379,37.1078
2017-01-06,37.1991,37.5093,36.9649,37.4029
2017-01-09,37.5336,37.9503,37.5093,37.7982
2017-01-10,37.8256,38.0689,37.7739,37.9807
2017-01-11,38.0203,38.1176,37.8347,38.1115
2017-01-12,37.9047,38.0020,37.2204,37.7922
2017-01-13,37.8469,38.1297,37.8013,38.0385
2017-01-17,37.8986,37.9229,37.3025,37.4272
2017-01-18,37.4728,37.9655,37.4363,37.9382
2017-01-19,37.8804,38.1936,37.7435,37.7678
2017-01-20,38.1510,38.4886,38.1054,38.2545
2017-01-23,38.1115,38.1936,37.7253,38.0203
2017-01-24,38.1815,38.8293,38.1298,38.7563
2017-01-25,39.2794,39.4223,38.9692,39.3311
2017-01-26,39.4071,39.4071,38.9388,39.1091
2017-01-27,39.3098,39.6079,39.3098,39.5957
2017-01-30,39.4163,39.4163,38.9053,39.3980
2017-01-31,39.1730,39.1973,38.6468,38.8871
2017-02-01,39.3068,39.5227,39.1091,39.5045
2017-02-02,39.2338,39.6079,39.0452,39.4862
2017-02-03,39.7082,39.7630,39.5562,39.6900
2017-02-06,39.7690,39.8603,39.5197,39.8299
2017-02-07,40.0610,40.1249,39.7691,39.9759
2017-02-08,40.0945,40.2070,39.8421,40.0519
2017-02-09,40.0306,40.1614,39.6535,39.7021
2017-02-10,39.9698,39.9728,39.2916,39.6778
2017-02-13,39.7873,40.0245,39.6991,39.7599
2017-02-14,39.7752,39.7752,39.4041,39.6505
2017-02-15,39.7630,39.9972,39.5592,39.9576
2017-02-16,40.0002,40.0884,39.7660,40.0215
2017-02-17,39.8177,40.2344,39.6839,40.2283
2017-02-21,40.3652,40.8123,40.3652,40.7970
2017-02-22,40.7180,40.8579,40.6419,40.8062
2017-02-23,40.7575,40.7606,39.8786,40.1432
2017-02-24,39.5014,40.1219,39.3554,40.1158
2017-02-27,40.1371,40.5142,40.0489,40.4990
2017-02-28,40.5720,40.5720,39.8998,39.9820
2017-03-01,40.4625,40.6602,40.0732,40.6054
2017-03-02,40.6997,40.8001,40.1462,40.1888
2017-03-03,40.2344,40.2648,39.9333,40.1675
2017-03-06,40.0549,40.2587,39.7234,40.1888
2017-03-07,40.1188,40.5416,39.9972,40.2770
2017-03-08,40.4412,40.7058,40.2891,40.3713
2017-03-09,40.3469,40.5172,40.1279,40.4503
2017-03-10,40.6906,40.9978,40.6906,40.9126
2017-03-13,41.0373,41.2350,40.9582,41.2198
2017-03-14,41.1103,41.1407,40.7605,41.0981
2017-03-15,41.1498,41.4996,40.9521,41.4236
2017-03-16,41.5574,41.5665,41.3019,41.3810
2017-03-17,41.5239,41.5239,41.3354,41.4661
2017-03-20,41.5726,41.9163,41.4297,41.7733
2017-03-21,41.8798,41.9589,40.7149,40.7940
2017-03-22,40.8335,41.2715,40.6906,41.2259
2017-03-23,41.2198,41.3141,41.0160,41.1346
2017-03-24,41.6570,41.9497,41.2758,41.4344
2017-03-27,41.0380,41.5929,40.8672,41.4954
2017-03-28,41.5777,41.7881,41.3765,41.6265
2017-03-29,41.6448,41.6448,41.4008,41.5259
2017-03-30,41.5472,41.8308,41.4832,41.7393
2017-03-31,41.7820,41.9497,41.6082,41.7424
2017-04-03,41.7607,41.8613,41.2087,41.4771
2017-04-04,41.2179,41.5381,41.1508,41.2697
2017-04-05,41.3887,41.6692,40.9557,40.9831
2017-04-06,40.9556,41.1386,40.6294,41.0471
2017-04-07,41.0624,41.3490,40.9465,41.2240
2017-04-10,41.2270,41.2667,40.8093,40.9068
2017-04-11,40.7056,40.7178,39.9738,40.5775
2017-04-12,40.4647,40.5196,39.7847,39.8792
2017-04-13,39.6414,40.2147,39.5987,39.6139
2017-04-17,39.7694,40.1293,39.7694,40.1079
2017-04-18,39.8853,40.3183,39.8579,40.2939
2017-04-19,40.6233,40.8733,40.4434,40.5043
2017-04-20,40.8032,41.2179,40.6019,41.1447
2017-04-21,41.0105,41.0532,40.6263,40.9709
2017-04-24,41.5716,41.6936,41.4100,41.5594
2017-04-25,41.7607,42.0473,41.6600,41.9833
2017-04-26,41.9253,42.0046,41.4832,41.6387
2017-04-27,41.9375,42.2821,41.8552,42.2242
2017-04-28,42.1235,42.1235,41.3947,41.5045
2017-05-01,41.6052,41.9284,41.3978,41.9162
2017-05-02,41.8064,41.8064,41.2606,41.4740
2017-05-03,41.2545,41.6783,41.2423,41.6173
2017-05-04,41.7607,41.7607,41.4100,41.5869
2017-05-05,41.6966,41.7515,41.3612,41.7515
2017-05-08,41.7302,41.8064,41.5076,41.5869
2017-05-09,41.6448,42.1205,41.5869,41.9985
2017-05-10,42.5169,42.9682,42.5047,42.8889
2017-05-11,42.8554,43.2427,42.5078,43.0444
2017-05-12,43.1024,43.2182,42.9194,43.1664
2017-05-15,43.3494,43.8617,43.2243,43.8342
2017-05-16,44.0385,44.4807,43.8342,44.4624
2017-05-17,43.9410,44.0294,42.5078,42.5444
2017-05-18,42.5627,43.4592,42.4346,43.3372
2017-05-19,43.7427,43.9684,43.7031,43.8159
2017-05-22,44.0995,44.3130,43.9989,44.2947
2017-05-23,44.3343,44.3374,43.7793,44.1178
2017-05-24,44.4136,44.4868,44.2001,44.4044
2017-05-25,44.5386,44.7887,44.3435,44.6301
2017-05-26,44.5935,44.8557,44.3374,44.8344
2017-05-30,44.8314,45.2430,44.7795,45.1332
2017-05-31,45.4565,45.5479,44.9106,45.1271
2017-06-01,45.3009,45.3009,44.9167,45.1729
2017-06-02,45.4595,45.6882,45.1180,45.6333
2017-06-05,45.6181,45.9870,45.5998,45.7431
2017-06-06,45.5723,46.2066,45.5052,45.8925
2017-06-07,46.1212,46.4170,45.9992,46.2340
2017-06-08,46.6091,47.0970,46.2066,47.0787
2017-06-09,47.4233,47.5544,44.1879,45.0997
2017-06-12,44.5356,45.0052,43.5476,44.8405
2017-06-13,45.5235,45.5876,44.5935,45.1454
2017-06-14,45.3314,45.3314,44.1757,44.6728
2017-06-15,43.9257,44.4563,43.8678,44.3191
2017-06-16,44.4349,44.6514,44.0050,44.1422
2017-06-19,44.6301,45.0539,44.5935,44.9808
2017-06-20,45.2186,45.2735,44.4654,44.4746
2017-06-21,44.6819,45.0021,44.5020,44.9899
2017-06-22,44.9777,45.0875,44.6728,44.8862
2017-06-23,44.9625,45.2735,44.7521,45.0204
2017-06-26,45.2765,45.5205,44.3953,44.6331
2017-06-27,44.4742,44.4742,43.4226,43.4410
2017-06-28,43.6916,44.2419,43.2728,44.1930
2017-06-29,44.0156,44.0156,42.5025,43.0925
2017-06-30,43.2270,43.4532,42.6706,42.8571
2017-07-03,43.2025,43.2606,42.2549,42.2702
2017-07-05,42.4078,43.2025,42.4078,43.1353
2017-07-06,42.7348,43.3156,42.5331,42.9458
2017-07-07,43.1536,43.8445,43.1536,43.6702
2017-07-10,43.8384,44.2877,43.5632,44.1746
2017-07-11,44.0585,44.5598,44.0309,44.5414
2017-07-12,44.9877,45.3515,44.8288,45.2537
2017-07-13,45.3026,45.5960,44.9786,45.1131
2017-07-14,45.3607,45.7428,45.2537,45.7183
2017-07-17,45.8742,45.8895,45.3790,45.5319
2017-07-18,45.2598,45.6816,45.0917,45.6725
2017-07-19,45.9354,46.1065,45.7795,46.0943
2017-07-20,46.1127,46.2899,45.7305,46.2288
2017-07-21,45.9262,45.9262,45.6083,45.8345
2017-07-24,45.9017,45.9017,45.6052,45.6969
2017-07-25,45.6022,45.7672,45.1864,45.6572
2017-07-26,46.0637,46.3572,45.8987,46.1585
2017-07-27,46.2961,46.3572,44.9144,45.4554
2017-07-28,45.2476,45.4677,45.0580,45.2812
2017-07-31,45.2873,45.5227,44.8043,44.9296
2017-08-01,45.0642,45.2109,44.8441,45.2078
2017-08-02,45.4677,45.5655,44.5689,44.8807
2017-08-03,44.8532,44.9969,44.4925,44.7126
2017-08-04,44.7432,45.0917,44.5995,44.7310
2017-08-07,44.8471,45.5227,44.8471,45.5013
2017-08-08,45.5410,45.9017,45.2231,45.3698
2017-08-09,45.0122,45.2598,44.8104,45.2170
2017-08-10,44.9297,44.9449,43.9178,43.9545
2017-08-11,43.7497,44.2785,43.6458,44.2021
2017-08-14,44.7371,45.3790,44.7310,45.3270
2017-08-15,45.5257,45.5318,45.1192,45.4401
2017-08-16,45.5349,45.7061,45.2965,45.5135
2017-08-17,45.2965,45.4157,44.3397,44.3641
2017-08-18,44.6270,44.7615,44.2113,44.4314
2017-08-21,44.4956,44.5689,43.8261,44.1012
2017-08-22,44.4895,44.9174,44.4314,44.8288
2017-08-23,44.4069,45.1467,44.3611,45.0183
2017-08-24,45.2048,45.2690,44.7738,45.0244
2017-08-25,45.1926,45.2720,44.7371,44.8074
2017-08-28,44.8716,44.9541,44.6973,44.9419
2017-08-29,44.3764,45.1284,44.3611,45.0122
2017-08-30,45.2537,45.8528,45.0947,45.7825
2017-08-31,45.9384,46.2961,45.8681,46.2349
2017-09-01,46.3175,46.6782,46.3175,46.4367
2017-09-05,46.2716,46.3297,45.4096,45.8009
2017-09-06,46.0576,46.0852,45.6572,45.8742
2017-09-07,45.9629,46.1341,45.7550,45.9537
2017-09-08,45.9231,45.9568,45.2445,45.4126
2017-09-11,45.7642,46.3847,45.7642,46.2777
2017-09-12,46.3358,46.6201,46.2288,46.4856
2017-09-13,46.4642,46.6843,46.2319,46.5773
2017-09-14,46.3817,47.0358,46.3755,46.7607
2017-09-15,46.9808,47.6289,46.8860,47.5769
2017-09-18,47.8551,48.4939,47.8551,48.2005
2017-09-19,48.3136,48.5398,48.0538,48.3533
2017-09-20,48.4084,48.4084,47.0419,47.6869
2017-09-21,47.5983,47.6533,47.0695,47.4821
2017-09-22,47.3568,47.7848,47.3476,47.7236
2017-09-25,47.5524,47.5524,46.5834,46.8035
2017-09-26,47.2877,47.2877,46.5946,46.7296
2017-09-27,47.2939,48.0545,47.2326,47.8613
2017-09-28,47.8122,48.2415,47.6895,48.2139
2017-09-29,48.4071,48.6954,48.1618,48.6310
2017-10-02,48.8488,49.1493,48.5881,48.9561
2017-10-03,49.0144,49.2076,48.8519,49.0911
2017-10-04,49.0297,49.2045,48.7445,49.2045
2017-10-05,49.4131,49.4192,48.9623,49.2475
2017-10-06,49.0696,49.4560,49.0665,49.4407
2017-10-09,49.6339,49.8609,49.5787,49.8179
2017-10-10,50.2657,50.2657,49.5971,50.0970
2017-10-11,50.0663,50.4527,49.9989,50.4405
2017-10-12,50.4221,50.6122,50.2411,50.2810
2017-10-13,50.5172,50.7809,50.3853,50.6030
2017-10-16,50.7564,50.8514,50.5018,50.8422
2017-10-17,50.8668,50.8668,50.5540,50.7993
2017-10-18,50.9864,51.0631,50.3025,50.9710
2017-10-19,50.5785,50.8484,50.0602,50.8422
2017-10-20,51.2409,51.3544,51.0263,51.1029
2017-10-23,51.3513,51.6274,51.1091,51.3544
2017-10-24,51.4985,51.7623,51.3053,51.7132
2017-10-25,51.4280,51.5660,50.5141,51.0355
2017-10-26,51.1244,51.4433,51.0569,51.3360
2017-10-27,51.6795,52.4800,51.4556,52.4094
2017-10-30,52.2438,52.7713,52.2438,52.5505
2017-10-31,52.6824,53.1240,52.5382,52.9706
2017-11-01,53.4000,53.4368,52.3143,52.7774
2017-11-02,52.8786,53.1761,52.4707,53.0381
2017-11-03,53.2957,53.9796,52.8572,53.9766
2017-11-06,54.5010,54.7647,54.1115,54.7402
2017-11-07,54.6789,54.8200,54.3170,54.6911
2017-11-08,54.6390,54.9120,54.4243,54.8659
2017-11-09,54.3906,54.3906,53.1086,53.7680
2017-11-10,53.9551,54.1575,53.8018,54.1238
2017-11-13,53.9152,54.3415,53.8386,54.2802
2017-11-14,54.1790,54.3844,53.8324,54.2311
2017-11-15,53.8478,53.9704,53.3080,53.7435
2017-11-16,53.9674,54.7678,53.9674,54.5439
2017-11-17,54.8659,54.8721,54.2127,54.3047
2017-11-20,54.6114,55.0408,54.4703,54.9518
2017-11-21,55.3137,55.6511,55.2064,55.5805
2017-11-22,55.7768,55.7799,55.1604,55.2432
2017-11-24,55.4793,55.7768,55.4026,55.7400
2017-11-27,55.4027,55.4027,54.9488,55.0408
2017-11-28,55.2585,55.2585,54.7279,55.0653
2017-11-29,55.0039,55.0193,52.1058,52.6394
2017-11-30,53.2191,53.4705,52.5934,52.9216
2017-12-01,52.4217,52.6609,51.0661,52.3481
2017-12-04,52.9706,53.0350,50.7717,51.0906
2017-12-05,50.8330,52.0628,50.4620,51.1305
2017-12-06,50.6276,51.3881,50.4129,51.2961
2017-12-07,51.6734,51.9555,51.4618,51.7960
2017-12-08,52.3879,52.4125,51.4832,51.5292
2017-12-11,51.6120,51.9739,51.4679,51.8390
2017-12-12,51.7286,51.7286,51.2624,51.3329
2017-12-13,51.5108,51.7776,51.2931,51.3237
2017-12-14,51.3575,51.6120,51.1459,51.2716
2017-12-15,51.5384,52.2101,51.2563,52.0751
2017-12-18,52.7130,53.2191,52.4431,53.1914
2017-12-19,53.1844,53.3319,52.8618,53.1352
2017-12-20,53.6944,53.7589,53.0645,53.5223
2017-12-21,53.6975,53.6975,52.8802,52.9570
2017-12-22,52.7727,52.9540,52.5699,52.9263
2017-12-26,52.2596,52.4470,51.9585,52.3978
2017-12-27,52.4009,52.8341,52.3333,52.5668
2017-12-28,52.7327,52.8464,52.6221,52.7143
2017-12-29,52.8003,52.8003,52.1705,52.1735
2018-01-02,52.4562,53.6115,52.3917,53.5899
2018-01-03,53.8818,54.5424,53.7589,54.5270
2018-01-04,54.9296,55.0187,54.3949,54.8343
2018-01-05,55.0801,55.3750,54.7606,55.1477
2018-01-08,55.1846,55.7530,55.0125,55.5809
2018-01-09,55.7284,55.7284,54.9726,55.0340
2018-01-10,54.4103,54.6346,53.9371,54.3734
2018-01-11,54.5486,54.7268,54.3243,54.6991
2018-01-12,54.7575,55.1108,54.5547,54.9941
2018-01-16,55.4611,55.8236,54.8527,55.1754
2018-01-17,55.6915,56.8529,55.6331,56.7761
2018-01-18,56.7577,57.3107,56.6901,57.0311
2018-01-19,57.2892,57.3783,56.7515,57.0895
2018-01-22,57.1970,57.5289,56.9236,57.5135
2018-01-23,57.7869,57.9805,57.5749,57.9744
2018-01-24,57.3752,57.5719,56.2446,56.6471
2018-01-25,57.2646,57.4090,55.6639,55.6639
2018-01-26,56.4166,57.4520,56.3890,57.4428
2018-01-29,57.2339,57.7624,56.6808,57.3599
2018-01-30,56.5334,56.8621,56.1462,56.2200
2018-01-31,56.8806,57.0833,56.3644,56.6778
2018-02-01,56.2261,57.2308,56.1401,56.3982
2018-02-02,55.9342,55.9773,54.8527,54.8804
2018-02-05,54.0662,55.2798,52.1428,52.2964
2018-02-06,51.4945,54.2536,51.3747,54.1891
2018-02-07,53.8357,54.3181,53.0185,53.0277
2018-02-08,53.2766,53.4240,50.7571,50.8001
2018-02-09,51.9554,52.6313,50.1365,52.2626
2018-02-12,52.9570,53.6145,52.4654,53.2673
2018-02-13,52.9324,53.3165,52.7573,53.2059
2018-02-14,52.7911,54.5363,52.6866,54.4533
2018-02-15,54.9664,55.1108,53.8234,55.1016
2018-02-16,54.8282,55.5932,54.8282,54.9050
2018-02-20,54.7329,56.3797,54.6776,55.8759
2018-02-21,56.1831,56.2261,55.1968,55.2337
2018-02-22,55.5533,55.6854,54.9295,55.1108
2018-02-23,55.6977,56.2906,55.5195,56.2906
2018-02-26,56.6255,57.5166,56.6194,57.5043
2018-02-27,57.5288,58.2908,57.3138,57.3138
2018-02-28,57.7163,57.8299,56.7484,56.8037
2018-03-01,57.0035,57.0403,55.2552,55.9066
2018-03-02,55.2737,56.9604,55.1446,56.8560
2018-03-05,56.5518,57.6425,56.2968,57.3660
2018-03-06,57.9129,58.3891,57.6087,58.2294
2018-03-07,57.6241,58.4905,57.6241,58.4168
2018-03-08,58.7609,58.7947,58.1464,58.4690
2018-03-09,58.9391,59.7072,58.8008,59.6826
2018-03-12,60.1220,60.6228,59.9315,60.3156
2018-03-13,60.1220,60.6228,59.1265,59.3846
2018-03-14,59.7134,59.7134,58.8346,59.3785
2018-03-15,59.5352,59.7195,59.0251,59.3324
2018-03-16,59.4153,59.6611,59.2433,59.3078
2018-03-19,58.7732,59.0497,57.3537,58.1771
2018-03-20,58.3000,58.7947,58.2232,58.6042
2018-03-21,58.5366,59.4706,58.4629,58.7148
2018-03-22,57.8082,58.4085,57.1186,57.1679
2018-03-23,57.0663,57.1679,55.2438,55.2654
2018-03-26,56.5614,57.5865,55.8410,57.5712
2018-03-27,58.0145,58.1776,54.9821,55.4532
2018-03-28,55.0714,55.5763,54.0124,54.2525
2018-03-29,54.6189,55.9549,54.2217,55.4285
2018-04-02,54.9452,55.3515,52.7841,53.3105
2018-04-03,53.9754,54.4680,53.3905,54.3202
2018-04-04,52.7564,55.1638,52.7410,55.0191
2018-04-05,55.3639,55.4347,54.1017,54.4557
2018-04-06,53.7107,54.2987,52.5717,52.8087
2018-04-09,53.4306,54.6774,53.1104,53.1412
2018-04-10,54.3603,55.1607,54.0155,54.8405
2018-04-11,54.5357,55.3454,54.4372,54.8621
2018-04-12,55.2992,56.0473,55.2500,55.8964
2018-04-13,56.5491,56.6476,55.2838,55.4839
2018-04-16,55.8133,55.8810,55.1207,55.5824
2018-04-17,56.0227,56.7677,55.9088,56.6353
2018-04-18,56.2720,56.3982,55.5794,56.0781
2018-04-19,55.0006,55.0622,53.4644,53.6522
2018-04-20,53.6399,53.9139,52.7841,53.0180
2018-04-23,53.2181,53.3382,52.1807,52.3131
2018-04-24,52.7687,53.2520,51.4326,51.8913
2018-04-25,52.1222,52.1992,51.0078,51.8267
2018-04-26,52.6455,52.9380,52.3131,52.8857
2018-04-27,53.5568,53.6122,52.2546,52.5163
2018-04-30,52.4270,52.8241,51.7158,51.9406
2018-05-01,51.8113,52.8518,51.7497,52.7933
2018-05-02,52.8456,53.0119,52.3377,52.5593
2018-05-03,52.1468,53.1042,51.7497,52.8733
2018-05-04,52.5870,54.2094,52.3469,54.1140
2018-05-07,54.5573,54.8929,54.3603,54.6373
2018-05-08,54.6035,55.0375,54.3911,54.9606
2018-05-09,55.1638,55.8379,55.0406,55.7979
2018-05-10,56.1119,56.8385,56.0781,56.8138
2018-05-11,56.4906,56.9247,56.2966,56.3982
2018-05-14,57.1032,57.7743,56.9862,57.0878
2018-05-15,56.7123,56.8723,56.0627,56.4691
2018-05-16,56.9154,57.3187,56.4352,57.1956
2018-05-17,57.0632,57.4942,56.6014,57.0293
2018-05-18,56.5214,56.6014,56.0134,56.2135
2018-05-21,57.0417,57.3372,56.2782,56.7769
2018-05-22,57.2602,57.5280,56.9000,57.0940
2018-05-23,56.6507,57.4203,56.4136,57.4018
2018-05-24,57.4419,57.7559,56.9185,57.6327
2018-05-25,57.6296,58.1807,57.5373,58.0976
2018-05-29,57.8513,58.2330,57.3464,57.7466
2018-05-30,58.0606,58.5563,57.8359,58.1222
2018-05-31,58.0268,58.2915,57.6081,57.7004
2018-06-01,58.2176,59.0150,58.0114,59.0150
2018-06-04,59.1720,59.5506,58.9472,59.4829
2018-06-05,59.6399,59.9262,59.4152,59.7661
2018-06-06,59.8369,60.1448,59.5168,60.1448
2018-06-07,60.2033,60.2710,59.1812,59.6091
2018-06-08,58.9288,59.1904,58.6024,59.0765
2018-06-11,58.9873,59.2613,58.7687,58.9626
2018-06-12,59.1135,59.3074,58.7379,59.2674
2018-06-13,59.3044,59.8062,59.1135,59.1781
2018-06-14,59.5199,59.8185,59.1751,59.5322
2018-06-15,59.1474,59.5506,58.9380,59.4798
2018-06-18,59.1012,59.1012,58.3623,58.9072
2018-06-19,58.0268,58.3038,57.3741,58.2607
2018-06-20,58.5932,58.8395,58.2731,58.5409
2018-06-21,58.9349,58.9596,57.7282,57.8144
2018-06-22,58.0945,58.1314,57.2448,57.3557
2018-06-25,56.7400,56.7400,54.9544,55.6686
2018-06-26,55.8509,56.1444,55.5883,55.8663
2018-06-27,56.1629,56.2926,54.5040,54.5319
2018-06-28,54.3681,55.0693,54.2971,54.9458
2018-06-29,55.4493,55.7304,55.0601,55.0601
2018-07-02,54.5844,55.4184,54.1642,55.4061
2018-07-03,55.6408,55.7211,54.3434,54.3959
2018-07-05,54.8809,55.8602,54.8809,55.8509
2018-07-06,55.8478,56.6293,55.5482,56.5367
2018-07-09,57.1051,57.1205,56.2339,56.8981
2018-07-10,57.0031,57.6209,56.9166,57.5005
2018-07-11,56.5737,56.9105,55.9775,56.0239
2018-07-12,55.8787,56.4780,55.5296,56.4008
2018-07-13,56.5614,56.5614,56.1135,56.1969
2018-07-16,56.2772,56.4965,56.0733,56.1196
2018-07-17,55.7428,56.9444,55.6532,56.9259
2018-07-18,57.1823,57.4634,56.9939,57.3646
2018-07-19,57.2533,57.4696,56.8641,57.2379
2018-07-20,57.1792,57.2873,56.6788,56.9691
2018-07-23,56.6757,57.1421,55.9405,57.0464
2018-07-24,57.4016,57.6796,56.3451,56.4255
2018-07-25,56.4007,56.6880,55.6779,56.6386
2018-07-26,57.0155,57.7816,57.0155,57.7445
2018-07-27,57.7847,58.3036,57.0649,57.4881
2018-07-30,57.4634,57.6209,56.6448,56.9259
2018-07-31,57.3059,58.1028,57.2008,57.3028
2018-08-01,57.3584,57.8187,56.9722,57.2194
2018-08-02,56.7035,57.8557,56.4996,57.7816
2018-08-03,57.8186,57.9546,57.5468,57.9021
2018-08-06,57.7908,58.2604,57.4788,58.2511
2018-08-07,58.5322,58.7516,58.3067,58.7145
2018-08-08,58.7238,58.9709,58.4921,58.8504
2018-08-09,58.5878,58.6712,58.2573,58.2697
2018-08-10,57.0618,57.3120,56.5552,56.8240
2018-08-13,56.9259,57.4016,56.8394,56.9074
2018-08-14,57.2410,57.3306,56.7467,56.7931
2018-08-15,56.3050,56.5397,55.4277,56.0053
2018-08-16,56.3761,56.4533,55.7829,55.9343
2018-08-17,55.4370,55.6655,54.6894,55.5173
2018-08-20,55.5945,55.7953,54.8439,55.4678
2018-08-21,55.6439,56.6973,55.6316,56.5490
2018-08-22,56.4316,56.8888,56.0857,56.8147
2018-08-23,56.7869,57.2997,56.7869,56.8796
2018-08-24,57.1329,57.7352,57.1236,57.7044
2018-08-27,58.1739,59.0574,58.0472,58.6218
2018-08-28,58.9338,59.1006,58.2789,58.8473
2018-08-29,58.8473,59.1840,58.6404,59.0018
2018-08-30,58.8659,59.0883,58.3932,58.4736
2018-08-31,58.3901,58.8813,58.3901,58.7917
2018-09-04,58.5786,59.2891,58.4519,59.2643
2018-09-05,59.2087,59.3694,58.4797,58.9771
2018-09-06,58.7546,58.8041,57.3522,57.4140
2018-09-07,57.3059,58.0071,57.0402,57.1761
2018-09-10,57.5839,57.7970,57.2472,57.7816
2018-09-11,57.5499,57.6271,56.9166,57.2225
2018-09-12,56.4842,56.5861,55.3257,56.5614
2018-09-13,57.1854,57.9237,57.0000,57.2070
2018-09-14,57.5375,58.0781,57.3707,57.8495
2018-09-17,57.6364,57.7878,56.9722,57.0433
2018-09-18,57.2750,57.8835,57.2750,57.5345
2018-09-19,57.5561,57.8990,57.3831,57.6240
2018-09-20,58.0781,58.5446,57.9947,58.3222
2018-09-21,58.3778,58.5940,58.0133,58.1646
2018-09-24,57.6951,58.3932,57.5746,58.3654
2018-09-25,58.2233,58.2233,57.2812,57.4356
2018-09-26,57.1678,57.5122,56.7800,56.8420
2018-09-27,57.0251,57.2826,56.8576,57.0561
2018-09-28,56.9910,57.6177,56.8203,57.4160
2018-10-01,57.7108,58.0862,57.4781,57.6146
2018-10-02,57.4626,58.4089,57.4626,57.6146
2018-10-03,57.8660,58.0707,57.1523,57.6674
2018-10-04,57.2702,57.3664,56.1563,56.6466
2018-10-05,56.6621,56.7179,54.7911,55.3062
2018-10-08,54.8563,55.3527,54.2171,54.6888
2018-10-09,54.3878,54.9028,54.2885,54.6267
2018-10-10,53.9162,53.9503,52.1724,52.2159
2018-10-11,52.1197,53.2553,51.2913,51.6946
2018-10-12,53.0908,53.3887,51.8684,52.6347
2018-10-15,52.4082,52.7868,52.0142,52.2035
2018-10-16,52.7837,53.9782,52.7247,53.9038
2018-10-17,54.2978,54.4033,53.3173,53.6897
2018-10-18,53.4694,53.4725,52.1507,52.3462
2018-10-19,52.6689,52.9698,51.3409,51.5612
2018-10-22,51.8311,52.1817,51.3968,51.8777
2018-10-23,50.5218,51.8932,49.9602,51.6077
2018-10-24,50.7452,50.7452,48.1358,48.2227
2018-10-25,48.4988,49.6747,48.4243,49.2993
2018-10-26,48.2258,49.2962,47.6549,48.4429
2018-10-29,49.4234,49.6499,47.0312,47.9372
2018-10-30,47.7976,49.9788,47.7976,49.9292
2018-10-31,50.7048,50.9531,50.1153,50.5621
2018-11-01,50.9251,53.0567,50.8879,52.9357
2018-11-02,52.7030,52.9853,51.4929,52.1383
2018-11-05,52.0576,52.0638,50.7948,51.6636
2018-11-06,51.5519,52.4672,51.5519,52.2655
2018-11-07,52.9543,53.0319,52.2810,52.8581
2018-11-08,52.4424,53.0598,52.2035,52.7154
2018-11-09,52.1166,52.1662,51.2602,51.7101
2018-11-12,50.8290,50.9313,49.2435,49.4017
2018-11-13,49.8113,51.0772,49.8113,50.0812
2018-11-14,50.5497,51.0275,49.8206,50.3015
2018-11-15,50.0378,52.1849,50.0253,52.0018
2018-11-16,50.1153,51.6077,50.1091,51.3750
2018-11-19,51.1206,51.2695,49.3613,49.4110
2018-11-20,47.9993,50.1122,47.9434,49.4731
2018-11-21,50.0253,50.4101,49.6592,49.6778
2018-11-23,49.2993,50.0936,49.2683,49.7058
2018-11-26,50.3697,50.6087,49.8795,50.6056
2018-11-27,50.3325,51.1082,50.0812,50.6800
2018-11-28,51.2571,51.8870,50.2456,51.8653
2018-11-29,51.7380,51.9832,51.3564,51.4867
2018-11-30,51.4526,52.2097,50.9686,52.2035
2018-12-03,53.7765,53.9720,53.0505,53.5749
2018-12-04,53.1498,53.2739,50.9438,51.0120
2018-12-06,49.5848,50.7514,49.3303,50.7514
2018-12-07,50.6738,50.7514,48.5826,48.8587
2018-12-10,48.6881,49.7120,48.5639,49.4855
2018-12-11,50.3697,50.9686,49.5196,49.8019
2018-12-12,50.6149,51.2851,50.2053,50.5094
2018-12-13,50.8910,51.1361,50.1867,50.4039
2018-12-14,49.8206,50.6707,49.6468,49.6903
2018-12-17,49.6184,50.3460,48.7354,49.0463
2018-12-18,49.4599,50.4642,49.4505,49.6931
2018-12-19,49.4163,49.9791,47.3735,47.5787
2018-12-20,47.5569,48.3281,46.6179,47.2491
2018-12-21,47.5507,48.0917,46.3194,46.4469
2018-12-24,46.0427,46.5589,45.0850,45.0850
2018-12-26,45.8313,47.7901,45.0197,47.7901
2018-12-27,47.0564,48.1104,46.4905,48.1042
2018-12-28,48.3436,49.3261,48.0638,48.4493
2018-12-31,48.9530,49.1676,48.2814,48.7882
2019-01-02,47.7901,49.5407,47.7404,49.1023
2019-01-03,47.9829,48.2845,46.2168,46.2386
2019-01-04,47.1030,48.4929,46.9351,48.3250
2019-01-07,48.4680,49.6899,48.2659,49.2173
2019-01-08,49.7490,49.7490,48.3747,49.0028
2019-01-09,49.4474,50.4735,49.4474,50.2620
2019-01-10,49.7646,50.7906,49.7304,50.7067
2019-01-11,50.4859,51.6706,50.3211,51.2508
2019-01-14,50.6725,50.7595,50.1594,50.4175
2019-01-15,50.5512,51.1078,50.3553,50.5637
2019-01-16,50.6538,50.9554,50.1004,50.1004
2019-01-17,49.7521,50.9554,49.4754,50.5637
2019-01-18,51.0954,52.1898,50.9368,51.8789
2019-01-22,51.3783,51.3783,50.0133,50.3864
2019-01-23,50.6663,50.8715,49.5904,50.0320
2019-01-24,51.1700,53.1226,51.1513,52.9392
2019-01-25,53.1506,54.2606,52.7775,54.0368
2019-01-28,52.0717,53.3962,51.9038,52.9703
2019-01-29,52.9734,53.1444,52.1152,52.2054
2019-01-30,53.1382,53.9093,52.5350,53.7196
2019-01-31,53.6108,54.1767,53.2004,53.6947
2019-02-01,53.7569,54.5995,53.7320,54.3384
2019-02-04,54.3073,54.6182,53.9155,54.6120
2019-02-05,54.5653,55.1250,54.4689,54.8607
2019-02-06,55.5386,56.7854,55.5386,56.3376
2019-02-07,55.6474,55.9023,54.6306,55.1157
2019-02-08,54.3570,55.1344,54.0585,55.0193
2019-02-11,55.1468,55.4329,54.8514,55.2898
2019-02-12,55.9708,56.5988,55.8899,56.4589
2019-02-13,56.7388,57.0777,56.4714,56.6393
2019-02-14,56.4465,57.2114,56.3843,56.7916
2019-02-15,57.2425,57.3979,56.7761,57.0839
2019-02-19,56.8227,57.3731,56.7543,57.0062
2019-02-20,57.1430,57.8519,57.1430,57.4912
2019-02-21,57.4974,57.6249,56.9004,57.0652
2019-02-22,57.5130,57.7617,57.2891,57.6778
2019-02-25,58.5453,58.8375,58.1131,58.1535
2019-02-26,57.9949,58.2250,57.6094,57.7897
2019-02-27,57.5565,57.5565,56.4745,57.0963
2019-02-28,56.8538,57.2953,56.6672,57.1305
2019-03-01,57.6747,57.9172,57.0404,57.6373
2019-03-04,58.0353,58.2374,56.9284,57.6436
2019-03-05,57.4881,57.7493,57.1585,57.4228
2019-03-06,57.2642,57.4010,56.4340,56.4745
2019-03-07,56.2506,56.2506,55.4857,55.8650
2019-03-08,54.8980,55.8619,54.6959,55.8153
2019-03-11,56.0951,57.3886,56.0298,57.1150
2019-03-12,57.3233,57.6653,56.8320,57.3295
2019-03-13,57.7244,58.0478,57.5130,57.5596
2019-03-14,57.5907,57.8612,57.2425,57.2456
2019-03-15,57.9358,59.3661,57.9203,58.9059
2019-03-18,59.0396,59.3381,58.4364,58.8158
2019-03-19,59.2169,59.7579,59.2107,59.5776
2019-03-20,59.6119,59.9205,58.6578,59.0195
2019-03-21,59.0756,61.4638,59.0756,61.0585
2019-03-22,60.8028,60.8901,59.2876,59.3375
2019-03-25,58.9166,59.4653,58.1060,58.5955
2019-03-26,59.4186,59.6867,58.7139,59.1567
2019-03-27,59.2252,59.4217,57.8784,58.3273
2019-03-28,58.4240,58.9478,57.8191,58.2307
2019-03-29,58.9228,59.2346,58.7576,59.0943
2019-04-01,59.9641,60.6407,59.7521,60.5690
2019-04-02,60.6002,60.8028,60.2977,60.6594
2019-04-03,61.3921,62.5581,61.3765,62.0001
2019-04-04,61.9221,62.5207,61.7974,62.1341
2019-04-05,62.5052,62.6112,62.1341,62.5831
2019-04-08,62.3118,62.7982,62.1778,62.7296
2019-04-09,62.3711,62.3711,61.7538,62.0780
2019-04-10,62.0063,62.7577,61.9533,62.5581
2019-04-11,62.7203,62.9604,62.3462,62.5052
2019-04-12,63.0851,63.4155,62.8918,63.3719
2019-04-15,63.4748,63.4748,62.5675,62.9011
2019-04-16,63.3002,64.9713,63.3002,64.9152
2019-04-17,66.2465,66.7890,65.4733,65.9908
2019-04-18,66.0968,66.1872,65.6853,66.0002
2019-04-22,65.7944,66.1405,65.3953,65.9503
2019-04-23,66.3182,66.8763,66.1623,66.6300
2019-04-24,66.6736,67.9675,66.6455,67.2473
2019-04-25,67.0228,67.1194,65.5138,66.0656
2019-04-26,64.8092,65.5512,64.1700,65.5200
2019-04-29,65.5512,65.6853,65.1303,65.4421
2019-04-30,65.2924,66.0719,65.2924,65.9596
2019-05-01,66.5052,66.9012,65.3610,65.4327
2019-05-02,65.3953,66.7890,65.2426,66.0625
2019-05-03,66.4616,66.5956,65.7819,66.5800
2019-05-06,64.2604,65.5169,64.1201,65.4951
2019-05-07,64.6283,64.7780,63.1568,63.8832
2019-05-08,63.3563,64.3322,63.2160,63.3376
2019-05-09,62.3555,62.9198,61.2175,62.6392
2019-05-10,62.0655,63.0726,61.2175,62.7296
2019-05-13,60.6407,61.0117,59.5152,59.7958
2019-05-14,60.5441,61.4950,60.2541,61.1739
2019-05-15,60.5410,62.0656,60.4817,61.6447
2019-05-16,60.7841,61.3235,60.2884,60.6719
2019-05-17,59.6991,60.9026,59.2315,59.4903
2019-05-20,57.5541,58.0249,56.7123,57.1176
2019-05-21,58.2650,58.5955,57.8035,58.2868
2019-05-22,57.1706,57.6445,56.8807,57.0553
2019-05-23,56.0545,56.1979,55.2470,56.1667
2019-05-24,56.4411,56.8620,55.6273,55.6772
2019-05-28,55.9952,56.1885,55.0755,55.2002
2019-05-29,54.7419,55.6647,54.5829,55.3997
2019-05-30,55.5400,56.3164,55.4153,55.8674
2019-05-31,55.1690,55.9391,54.9975,55.0350
2019-06-03,55.6585,56.2509,54.8822,55.1659
2019-06-04,56.2135,57.5791,55.7333,57.5791
2019-06-05,58.0654,58.2120,56.4192,57.1644
2019-06-06,57.2486,58.1559,57.0428,57.9563
2019-06-07,58.2057,58.7326,58.0093,58.6111
2019-06-10,59.3344,60.7717,59.3344,60.0390
2019-06-11,61.1520,61.2736,59.8207,60.2791
2019-06-12,59.6368,59.7147,58.7981,58.8792
2019-06-13,59.3032,59.4248,58.7607,59.1629
2019-06-14,57.4325,57.9251,57.2798,57.6726
2019-06-17,57.6623,57.8720,57.2271,57.2459
2019-06-18,57.8564,60.1386,57.8564,59.7222
2019-06-19,60.1323,60.2262,59.4937,59.8412
2019-06-20,60.9870,61.2656,60.0666,60.3452
2019-06-21,60.1354,60.5925,59.8881,60.0008
2019-06-24,60.0760,60.3483,59.9163,60.0634
2019-06-25,60.2074,60.4266,59.1743,59.2338
2019-06-26,60.5581,61.4722,60.4516,61.1466
2019-06-27,61.4534,62.3456,61.4534,62.0357
2019-06-28,62.5366,62.6587,61.9762,62.1140
2019-07-01,64.8188,65.3573,63.2504,63.6793
2019-07-02,63.4914,63.5540,62.5961,62.8841
2019-07-03,62.8809,62.9216,62.1233,62.5961
2019-07-05,61.7790,62.2861,61.5317,62.2392
2019-07-08,61.6725,61.9355,61.3689,61.7571
2019-07-09,61.4033,62.2423,61.2468,62.1421
2019-07-10,62.8246,63.5196,62.5428,62.6430
2019-07-11,62.9248,63.0531,62.4427,62.8183
2019-07-12,62.9780,64.0267,62.9780,63.9610
2019-07-15,64.2553,64.7624,64.1520,64.5214
2019-07-16,64.2240,64.3523,63.4945,63.8358
2019-07-17,64.2052,64.3148,63.7982,64.0268
2019-07-18,64.0049,65.1037,64.0049,64.9534
2019-07-19,65.1976,65.4762,64.8125,64.8783
2019-07-22,65.1632,66.2119,65.1632,66.1180
2019-07-23,66.4999,66.9663,66.2119,66.9663
2019-07-24,67.4297,69.1296,67.4297,69.0075
2019-07-25,68.5160,68.5473,67.6488,67.8492
2019-07-26,68.3376,68.3376,67.7772,67.8304
2019-07-29,67.7146,68.0809,67.1417,68.0151
2019-07-30,67.3452,68.0026,67.0885,67.8617
2019-07-31,67.3483,67.4516,64.9565,65.6108
2019-08-01,65.3322,67.2074,63.7606,64.3148
2019-08-02,63.6636,64.2177,62.8027,63.3662
2019-08-05,61.5097,61.5630,60.0791,60.6301
2019-08-06,61.6381,62.1860,60.7208,61.4033
2019-08-07,60.4266,61.9856,60.4266,61.7915
2019-08-08,62.3675,63.5259,61.9574,63.5039
2019-08-09,62.8309,63.0907,61.9668,62.3957
2019-08-12,61.7477,62.2955,61.3063,61.5786
2019-08-13,61.5786,63.9391,61.1685,63.3975
2019-08-14,61.9324,62.4145,61.1310,61.4472
2019-08-15,61.7853,61.9543,60.8022,61.3344
2019-08-16,61.9794,63.1439,61.9794,62.9686
2019-08-19,64.4776,64.7092,63.8420,64.1269
2019-08-20,64.1050,64.2804,63.5478,63.8890
2019-08-21,64.4149,64.7374,64.1394,64.4118
2019-08-22,64.5496,64.7750,63.7419,64.4118
2019-08-23,63.6229,64.0674,61.4377,61.6131
2019-08-26,62.5460,62.6461,61.8948,62.1359
2019-08-27,62.5867,62.8966,61.6068,61.9042
2019-08-28,61.6757,62.4364,61.2374,62.2955
2019-08-29,63.3975,64.1708,63.2566,63.7920
2019-08-30,64.4118,64.6748,63.8108,64.0925
2019-09-03,63.3850,63.6448,62.6743,63.0375
2019-09-04,64.0017,64.7781,64.0017,64.7311
2019-09-05,66.1242,67.5048,65.9427,66.7222
2019-09-06,66.9006,67.0884,66.4561,66.9006
2019-09-09,67.1730,67.7052,66.8912,67.1448
2019-09-10,66.9382,67.4453,66.4091,67.4453
2019-09-11,67.8335,68.4941,67.4046,68.4565
2019-09-12,69.1421,69.2830,68.2155,68.6099
2019-09-13,68.6976,68.8072,68.1560,68.4722
2019-09-16,67.9556,68.3125,67.3890,68.0307
2019-09-17,67.9087,68.2687,67.4860,68.1810
2019-09-18,68.2593,68.3063,67.3013,68.3063
2019-09-19,68.3939,68.6068,67.8429,67.8586
2019-09-20,68.0464,68.0464,66.3684,66.6095
2019-09-23,66.6001,67.7177,66.5500,67.3953
2019-09-24,67.6657,67.8952,65.9267,66.2821
2019-09-25,65.9393,67.6091,65.3670,67.3921
2019-09-26,67.3890,67.6751,66.8072,67.4770
2019-09-27,67.1185,67.2569,65.3701,65.8984
2019-09-30,66.1909,66.5997,65.8984,66.4802
2019-10-01,66.9393,67.7946,65.6815,65.8575
2019-10-02,65.4959,65.5211,64.4676,64.8953
2019-10-03,64.9613,66.0525,64.1280,66.0368
2019-10-04,66.3733,67.2349,66.2318,67.1343
2019-10-07,67.0902,67.3984,66.7066,66.7412
2019-10-08,65.8827,66.0619,64.5997,64.6752
2019-10-09,65.5054,66.1783,65.3764,65.7318
2019-10-10,65.8009,67.0934,65.8009,66.3733
2019-10-11,67.6091,68.7223,67.5871,67.9393
2019-10-14,67.8921,68.0399,67.5525,67.9298
2019-10-15,68.3512,69.5619,68.2349,69.4235
2019-10-16,69.0304,69.3512,68.2412,68.4393
2019-10-17,69.2223,69.4015,68.1751,68.5556
2019-10-18,68.4330,68.6500,67.2255,67.8292
2019-10-21,68.4896,69.1720,68.3198,69.1657
2019-10-22,69.3701,69.4078,68.5619,68.5619
2019-10-23,67.3009,67.8890,66.8292,67.2412
2019-10-24,68.1468,68.9707,68.0651,68.9047
2019-10-25,69.1342,70.4141,69.0965,70.3449
2019-10-28,70.8701,71.6814,70.7663,71.6248
2019-10-29,71.6877,72.1719,70.8826,70.8826
2019-10-30,71.4235,71.4392,70.4392,70.9078
2019-10-31,70.7883,70.7883,69.6311,70.5493
2019-11-01,71.2160,72.1688,70.8858,72.1688
2019-11-04,73.0838,73.8511,73.0650,73.7757
2019-11-05,73.9989,74.4140,73.6059,73.8166
2019-11-06,73.6750,73.6970,72.5776,73.3228
2019-11-07,74.4172,74.5744,73.4612,73.7662
2019-11-08,73.4832,74.1845,73.0493,74.1373
2019-11-11,73.5115,73.9455,73.2317,73.8323
2019-11-12,74.0178,74.5555,73.6939,73.9832
2019-11-13,73.5776,74.2411,73.2191,74.0618
2019-11-14,73.6688,73.8826,73.2537,73.8166
2019-11-15,74.7945,75.1216,74.1467,74.4926
2019-11-18,74.4863,74.7788,73.9580,74.3228
2019-11-19,74.6687,74.7788,73.5430,73.9518
2019-11-20,73.6059,73.9738,72.5210,73.0807
2019-11-21,72.5713,72.9423,71.9832,72.3008
2019-11-22,72.5084,72.9078,72.0556,72.2254
2019-11-25,72.9141,74.0304,72.9141,73.9581
2019-11-26,73.8354,73.9486,73.3449,73.6813
2019-11-27,73.9801,74.2222,73.8826,74.2128
2019-11-29,73.9643,73.9643,73.3228,73.4172
2019-12-02,73.4926,73.5681,72.1342,72.2882
2019-12-03,70.7348,71.2411,70.3921,71.1688
2019-12-04,72.1499,72.6090,72.0839,72.2945
2019-12-05,72.7946,72.9549,72.3386,72.6562
2019-12-06,73.5555,73.9203,73.4235,73.7065
2019-12-09,73.8794,73.9455,73.3606,73.3700
2019-12-10,73.7568,74.1625,73.4046,73.6813
2019-12-11,73.8732,75.3040,73.8228,75.1907
2019-12-12,75.0775,77.3605,75.0775,77.2285
2019-12-13,77.2693,78.0649,76.5398,76.8888
2019-12-16,77.7352,78.2969,77.5648,77.6247
2019-12-17,78.0508,78.1265,77.5680,77.9750
2019-12-18,78.1297,78.1297,77.6500,77.9340
2019-12-19,78.2464,78.5620,77.8709,78.5620
2019-12-20,79.1080,79.4961,78.7387,79.3099
2019-12-23,79.9316,79.9726,79.4614,79.5624
2019-12-24,79.7391,79.7580,79.2878,79.6918
2019-12-26,80.0294,80.0294,79.4866,79.7833
2019-12-27,80.1115,80.1115,79.3572,79.6255
2019-12-30,79.6066,79.6066,78.4831,79.0259
2019-12-31,78.6157,79.2815,78.5778,79.2405
2020-01-02,80.2377,80.8783,79.8401,80.8783
2020-01-03,79.6318,80.0641,79.1963,79.3699
2020-01-06,78.3727,78.7955,78.0287,78.5431
2020-01-07,79.5214,80.3040,79.0512,79.9884
2020-01-08,80.1462,80.4554,79.5750,79.9158
2020-01-09,81.0266,81.0266,79.6634,80.4207
2020-01-10,80.9320,80.9320,79.7202,79.9537
2020-01-13,80.5123,81.0014,80.2661,80.8878
2020-01-14,81.1024,81.7461,80.6416,81.0645
2020-01-15,81.1781,81.2160,79.8748,80.2062
2020-01-16,80.8247,81.5063,80.7679,81.4747
2020-01-17,81.9702,82.0870,81.4432,82.0870
2020-01-21,81.7651,82.3236,81.6957,82.0396
2020-01-22,82.6424,83.5102,82.4025,82.5919
2020-01-23,82.9075,83.2925,82.1532,83.2167
2020-01-24,84.4317,84.5516,81.7588,82.3331
2020-01-27,79.9979,80.1588,79.0291,79.1900
2020-01-28,80.0862,81.3106,79.6413,81.0266
2020-01-29,80.7395,80.9414,79.4898,79.5371
2020-01-30,79.0985,79.7738,77.9782,79.5403
2020-01-31,78.8113,78.8744,76.3372,76.7033
2020-02-03,76.9368,77.7510,76.8863,77.5616
2020-02-04,79.6286,80.1052,79.2310,79.9852
2020-02-05,81.5094,81.9670,80.6195,81.8282
2020-02-06,81.7998,81.9165,80.8878,81.8755
2020-02-07,80.9130,81.0550,79.8464,79.9442
2020-02-10,79.1995,81.1087,79.1995,81.0645
2020-02-11,81.8503,83.1820,81.8503,82.7023
2020-02-12,83.6270,84.1003,83.5512,83.9772
2020-02-13,83.2830,84.6116,83.1820,84.0656
2020-02-14,84.7252,85.0029,83.3650,83.7847
2020-02-18,82.5130,82.8412,82.0775,82.7086
2020-02-19,83.7595,84.9524,83.7595,84.7946
2020-02-20,84.5295,84.7535,82.3331,83.5638
2020-02-21,82.9832,83.0558,80.7584,81.0803
2020-02-24,77.2745,78.3758,76.6843,77.1956
2020-02-25,78.2306,78.3474,74.4469,74.8950
2020-02-26,75.5104,76.6433,74.5384,74.9960
2020-02-27,72.7649,74.2576,71.4048,71.5342
2020-02-28,69.0412,73.6264,68.8329,73.1468
2020-03-02,74.4438,75.7376,72.0486,75.7376
2020-03-03,76.0753,77.0662,72.5819,73.0710
2020-03-04,74.6836,76.8043,73.5886,76.8043
2020-03-05,74.9014,76.4193,73.8694,74.4911
2020-03-06,72.2284,73.5507,71.1082,72.8627
2020-03-09,67.0499,70.3035,66.2704,66.6396
2020-03-10,69.4262,71.0766,66.9331,71.0135
2020-03-11,68.7666,69.7670,66.2988,67.0341
2020-03-12,62.3541,64.9071,59.5834,59.6844
2020-03-13,63.2441,66.3272,59.6939,66.0874
2020-03-16,59.3278,62.1269,55.4305,56.0237
2020-03-17,57.5164,61.5368,55.0108,60.9530
2020-03-18,56.9011,58.9460,52.9501,55.9449
2020-03-19,54.9192,59.1668,53.7674,57.3839
2020-03-20,59.4698,60.5175,55.4652,55.7492
2020-03-23,56.3646,58.6683,55.0076,57.7405
2020-03-24,61.3633,64.1719,61.1771,63.9857
2020-03-25,64.5544,66.6602,62.2396,63.1516
2020-03-26,64.8077,67.6735,64.2219,67.3980
2020-03-27,65.2700,66.2264,63.8356,64.0541
2020-03-30,64.7254,66.4797,64.2504,66.2834
2020-03-31,66.2929,67.4107,64.4151,64.9819
2020-04-01,62.8444,64.3486,60.7735,61.4258
2020-04-02,60.8970,63.4049,60.7671,63.2561
2020-04-03,63.1579,63.9591,61.2421,62.0591
2020-04-06,64.7539,68.6995,64.7539,68.3891
2020-04-07,70.7799,71.0523,68.0661,68.1453
2020-04-08,69.2916,70.6849,68.3227,70.4253
2020-04-09,71.4291,71.9801,68.2277,68.9021
2020-04-13,68.6393,69.8901,68.0851,69.6811
2020-04-14,71.3689,72.8952,71.1979,72.8952
2020-04-15,71.3658,71.3658,70.0611,70.7261
2020-04-16,72.0086,72.8667,71.0523,72.7116
2020-04-17,73.9909,74.1397,72.3728,73.2752
2020-04-20,72.1732,73.2467,71.5874,71.6824
2020-04-21,70.5646,70.9288,67.9490,68.1707
2020-04-22,70.3936,72.6387,70.0358,72.2967
2020-04-23,72.2999,73.0440,71.3214,71.5747
2020-04-24,71.5272,73.2245,70.9287,73.0630
2020-04-27,74.0067,74.7762,73.6964,74.0384
2020-04-28,75.4190,75.7958,73.5729,73.6552
2020-04-29,74.9630,77.4646,74.8237,77.1511
2020-04-30,76.8250,76.9200,74.3012,74.4279
2020-05-01,72.4709,72.8667,70.4569,70.7989
2020-05-04,70.1244,71.4766,69.8458,71.3879
2020-05-05,72.7179,73.9402,72.1542,72.5881
2020-05-06,73.3797,74.6084,73.2657,73.4779
2020-05-07,74.7762,75.0580,73.7692,74.1397
2020-05-08,74.9155,76.4070,74.7034,76.3278
2020-05-11,75.6122,76.9390,75.4729,76.2550
2020-05-12,76.7712,77.0277,74.1682,74.2315
2020-05-13,74.5925,74.9345,71.6983,72.8002
2020-05-14,72.1796,74.8205,70.9668,74.7477
2020-05-15,72.2429,73.4526,71.7996,73.2024
2020-05-18,74.9408,76.9738,74.9408,76.5653
2020-05-19,76.5811,78.0821,76.2866,76.3152
2020-05-20,77.8858,79.6432,77.8858,79.1271
2020-05-21,79.1524,79.2126,77.0086,77.1353
2020-05-22,77.2113,77.6071,76.2550,77.4773
2020-05-26,79.5514,79.9346,78.1866,78.2911
2020-05-27,78.5318,79.4976,76.3088,79.4976
2020-05-28,78.9149,79.9757,77.3348,77.7623
2020-05-29,78.0188,79.9663,77.7781,79.7541
2020-06-01,79.3424,79.6971,78.6173,79.3234
2020-06-02,79.5514,81.0967,79.1809,81.0366
2020-06-03,82.2399,83.7567,82.2177,83.3767
2020-06-04,83.0600,84.7605,82.7972,84.1367
2020-06-05,86.1475,87.4489,85.7421,86.1981
2020-06-08,86.7111,86.8473,85.1721,86.0208
2020-06-09,85.1531,86.3944,84.7763,86.0873
2020-06-10,86.6604,87.2114,86.0366,86.3913
2020-06-11,84.2000,84.4755,80.8149,80.9036
2020-06-12,82.9745,83.6522,80.1752,82.0055
2020-06-15,80.2008,83.2410,79.9215,83.1109
2020-06-16,85.5545,86.0972,83.2220,84.7326
2020-06-17,85.5386,86.1606,84.8817,85.3926
2020-06-18,85.2784,85.6909,84.8563,85.2339
2020-06-19,86.3034,86.5732,84.5897,84.8214
2020-06-22,84.7325,85.6465,83.9138,85.4466
2020-06-23,86.2780,86.6430,85.5989,85.7512
2020-06-24,85.2847,85.7354,83.2220,83.8694
2020-06-25,83.7678,84.6342,82.4889,84.4691
2020-06-26,84.5739,84.6564,82.6793,82.8856
2020-06-29,82.9078,83.8218,81.8637,83.7900
2020-06-30,84.1708,86.2812,84.1010,85.9607
2020-07-01,86.0400,86.0718,84.7802,84.8595
2020-07-02,86.1701,86.6969,85.6370,85.8972
2020-07-06,87.5855,88.5027,87.3126,88.1663
2020-07-07,87.9822,88.5217,86.9857,87.1254
2020-07-08,87.7886,88.3821,87.1000,88.3059
2020-07-09,88.7311,90.0196,87.3761,89.4769
2020-07-10,89.7149,89.8228,88.3122,89.1754
2020-07-13,90.4385,91.4128,87.5411,87.7093
2020-07-14,87.0904,89.3817,85.9543,89.1596
2020-07-15,89.8736,89.8768,87.6395,89.0041
2020-07-16,87.9695,88.9565,87.5823,88.6708
2020-07-17,88.9628,89.4801,88.6835,89.1183
2020-07-20,89.2675,91.1335,88.6804,90.8796
2020-07-21,91.5524,91.6730,90.0450,90.4163
2020-07-22,90.6638,91.4032,89.9783,90.7146
2020-07-23,90.7622,91.4699,88.5408,89.3278
2020-07-24,87.7474,89.1786,86.5636,87.9251
2020-07-27,89.0358,90.7019,88.9723,90.6638
2020-07-28,90.0006,90.1180,88.7343,88.9120
2020-07-29,89.7022,91.1144,89.6070,90.7431
2020-07-30,90.4798,92.6155,90.4576,92.5299
2020-07-31,92.7615,92.8059,90.7495,92.1554
2020-08-03,92.7171,94.0531,92.7044,93.8278
2020-08-04,93.8278,95.2876,93.7802,95.2051
2020-08-05,95.0559,95.5288,94.4434,95.1067
2020-08-06,95.0337,95.2114,94.0912,95.0559
2020-08-07,94.9481,95.3003,92.8567,93.9992
2020-08-10,94.2816,94.3959,92.6346,93.9960
2020-08-11,93.8881,94.8592,92.7298,93.0154
2020-08-12,93.8056,96.2746,93.5041,96.0207
2020-08-13,96.0207,96.1191,94.5926,95.0655
2020-08-14,95.3701,96.1191,94.6720,95.0083
2020-08-17,95.7922,96.5316,95.5732,96.0778
2020-08-18,96.6237,96.6935,95.2971,95.5701
2020-08-19,95.6875,95.8620,94.7386,95.0274
2020-08-20,93.9357,94.6180,93.4819,94.1833
2020-08-21,93.9992,94.8941,93.6405,94.8211
2020-08-24,95.9191,96.1508,95.0591,95.8081
2020-08-25,95.9985,96.8141,95.8049,96.7379
2020-08-26,96.9569,97.3948,96.5538,97.0489
2020-08-27,97.4741,97.4741,95.3352,95.9445
2020-08-28,96.0619,97.7534,95.8938,97.7153
2020-08-31,97.6487,98.3151,96.8712,97.4964
2020-09-01,98.2770,99.4988,97.7661,99.4322
2020-09-02,100.9999,102.9040,100.0352,102.3138
2020-09-03,100.6699,100.8952,95.9350,96.6078
2020-09-04,95.9636,97.2520,92.1966,95.6049
2020-09-08,92.1712,93.8627,91.0034,91.1367
2020-09-09,93.4470,94.3990,92.2188,93.6183
2020-09-10,94.8845,95.1638,91.8063,92.3489
2020-09-11,92.9932,93.9547,91.3175,92.3235
2020-09-14,94.1737,94.7608,93.4470,94.1705
2020-09-15,95.4590,96.4554,95.2939,95.7953
2020-09-16,96.4840,96.5983,94.7513,94.8973
2020-09-17,92.4791,95.0020,92.1554,94.8497
2020-09-18,95.2844,95.5256,92.1490,93.3644
2020-09-21,91.6064,93.1963,90.8193,93.1963
2020-09-22,93.7929,94.2879,92.1585,94.1578
2020-09-23,94.1830,94.6894,91.6446,91.9854
2020-09-24,91.2242,94.0524,91.1573,92.7625
2020-09-25,92.9249,94.3327,91.5331,94.0365
2020-09-28,95.3710,96.7215,94.7531,96.6259
2020-09-29,96.7087,97.7597,96.5622,96.8520
2020-09-30,96.7883,97.9731,96.4507,97.0176
2020-10-01,98.3362,99.2821,97.8839,99.0942
2020-10-02,96.5335,98.1260,95.9889,96.1227
2020-10-05,96.9985,99.2153,96.8679,99.1261
2020-10-06,99.2057,101.0307,98.2502,98.6547
2020-10-07,100.0593,100.8524,100.0434,100.5434
2020-10-08,101.4639,101.9958,101.1454,101.7887
2020-10-09,103.2602,103.8685,102.8685,103.5787
2020-10-12,104.9482,105.6553,104.4259,105.1170
2020-10-13,105.2954,105.8241,104.4546,104.9291
2020-10-14,105.3655,105.6871,103.9099,104.5055
2020-10-15,102.5563,104.4291,102.3429,104.2252
2020-10-16,104.9451,105.1362,103.6456,103.7284
2020-10-19,104.5788,105.1967,102.8111,103.2060
2020-10-20,103.6711,103.9513,102.7952,103.0373
2020-10-21,103.2825,103.4895,102.2633,102.3461
2020-10-22,102.4735,102.9194,101.1454,102.3875
2020-10-23,101.9957,102.0276,101.0625,102.0276
2020-10-26,101.1549,101.5180,98.5146,99.8172
2020-10-27,100.5084,100.7536,99.0815,99.4255
2020-10-28,97.8585,97.8585,96.0112,96.1704
2020-10-29,96.1864,99.6389,96.0526,98.6101
2020-10-30,97.5686,98.2056,96.0080,97.2947
2020-11-02,98.2056,98.6547,96.8042,97.6419
2020-11-03,98.5018,100.3268,98.4827,99.4828
2020-11-04,101.6040,103.4959,100.3905,102.9608
2020-11-05,105.9356,107.8529,105.8400,107.5854
2020-11-06,107.3306,109.7384,106.9834,109.3403
2020-11-09,112.2769,112.6750,108.0600,108.0663
2020-11-10,107.0981,107.5567,104.5533,104.8240
2020-11-11,106.4420,108.7925,106.4325,108.6014
2020-11-12,108.7734,109.0314,106.6904,107.2605
2020-11-13,108.5377,109.4805,107.7988,108.5759
2020-11-16,109.4645,111.2768,109.1652,111.2768
2020-11-17,110.8819,110.9137,109.5410,110.3595
2020-11-18,110.5538,111.3150,109.4677,109.5378
2020-11-19,109.1460,111.2609,108.6460,111.1558
2020-11-20,111.1940,112.1335,110.5060,110.6366
2020-11-23,111.1303,112.6049,110.7736,112.2132
2020-11-24,113.0190,113.0254,111.0857,112.8247
2020-11-25,112.9903,113.4426,112.1113,112.5763
2020-11-27,113.2897,114.5828,113.2897,113.9171
2020-11-30,114.1082,115.3695,112.6654,115.2357
2020-12-01,116.2517,117.8792,115.8727,117.1371
2020-12-02,116.8091,118.0608,116.6912,117.4811
2020-12-03,118.1627,118.8538,117.4748,117.6340
2020-12-04,118.1627,120.9146,117.9748,120.8413
2020-12-07,121.5261,121.5388,120.2967,121.4528
2020-12-08,121.3668,122.3191,120.7712,121.8445
2020-12-09,121.3827,122.1917,117.6913,118.4111
2020-12-10,117.3983,119.2615,117.0034,118.2455
2020-12-11,117.4079,117.9175,115.8090,117.0958
2020-12-14,118.1863,119.1182,117.9245,118.4033
2020-12-15,119.9990,120.4522,119.2107,120.0533
2020-12-16,120.6182,120.6182,119.1724,120.1235
2020-12-17,120.9118,120.9118,119.8171,120.3437
2020-12-18,120.5032,120.7266,119.0065,119.6288
2020-12-21,118.1161,119.1980,117.1171,119.0958
2020-12-22,119.1246,119.2012,117.9278,118.9203
2020-12-23,119.1182,119.3129,117.9246,118.0267
2020-12-24,118.6554,119.1342,118.2980,119.0799
2020-12-28,120.4777,120.5416,118.7735,118.9490
2020-12-29,119.5618,119.5618,117.3278,118.6426
2020-12-30,119.3001,120.8320,119.1884,120.6309
2020-12-31,120.7554,121.2022,119.8777,121.0139
2021-01-04,121.7990,124.3968,119.6352,120.5064
2021-01-05,120.4107,122.9703,120.3182,122.9703
2021-01-06,121.6267,124.9809,121.4575,122.5714
2021-01-07,124.3650,127.5086,124.3650,127.1958
2021-01-08,129.0181,129.6085,125.7692,127.2628
2021-01-11,126.1585,129.5702,126.0628,128.5521
2021-01-12,129.3787,130.5819,128.2043,129.3309
2021-01-13,130.5277,130.8117,129.0341,129.5415
2021-01-14,131.1500,133.8053,131.1500,132.2862
2021-01-15,132.1394,132.2862,128.8522,129.5958
2021-01-19,131.7276,134.1308,131.4181,134.0414
2021-01-20,135.4968,135.9531,133.2500,133.5627
2021-01-21,134.8298,136.0361,133.4415,135.4936
2021-01-22,134.3925,134.9733,133.1255,133.1957
2021-01-25,134.3095,134.6542,130.8181,133.3872
2021-01-26,133.4606,133.4606,131.2074,131.2202
2021-01-27,128.9351,128.9510,123.9022,124.4096
2021-01-28,126.9149,128.9638,125.9160,127.1383
2021-01-29,127.5660,128.0224,124.5054,124.9203
2021-02-01,127.0490,130.2500,126.6277,129.8542
2021-02-02,132.0213,132.1266,130.1798,131.9606
2021-02-03,132.4648,132.8446,128.9351,129.2798
2021-02-04,128.8713,130.4415,127.9649,130.3393
2021-02-05,131.3128,131.3128,129.2543,129.4490
2021-02-08,130.3202,133.4319,130.3138,133.3329
2021-02-09,132.9468,133.8787,132.2000,132.9404
2021-02-10,134.0414,134.7404,131.4915,133.2021
2021-02-11,134.3031,137.9127,134.3031,137.8138
2021-02-12,137.4084,139.7892,136.7063,139.5180
2021-02-16,141.1808,141.6914,139.6201,140.2202
2021-02-17,139.0170,139.5308,135.9276,137.8170
2021-02-18,136.1063,137.0318,134.6925,136.3999
2021-02-19,138.4680,140.5169,138.1840,139.6871
2021-02-22,137.8712,138.8414,134.1532,134.6255
2021-02-23,132.1521,134.6223,128.3224,133.6138
2021-02-24,132.7808,138.0946,131.5840,137.9478
2021-02-25,136.3393,137.2425,129.5511,130.0904
2021-02-26,132.2223,134.2840,129.5894,133.0553
2021-03-01,135.0723,137.4403,134.0478,137.2967
2021-03-02,137.8521,137.8521,133.0298,133.1798
2021-03-03,133.3202,133.6074,127.8947,129.1042
2021-03-04,128.6862,129.2925,121.0681,122.8905
2021-03-05,125.7181,127.0043,119.8554,126.5766
2021-03-08,126.4139,126.9277,119.6990,119.7469
2021-03-09,124.0841,128.0415,123.7171,127.1862
2021-03-10,129.3787,129.4202,124.7862,124.7862
2021-03-11,128.4979,130.7798,127.8213,130.0394
2021-03-12,127.6585,128.9032,126.7394,128.6670
2021-03-15,129.3564,131.5585,128.4181,131.3798
2021-03-16,132.9340,135.1904,132.3021,133.0776
2021-03-17,131.2394,135.8095,130.2436,134.7532
2021-03-18,132.8798,133.1415,129.0277,129.1777
2021-03-19,129.4362,131.9287,127.7862,130.7734
2021-03-22,132.3787,135.1042,131.8777,133.5404
2021-03-23,134.0574,134.2935,129.4297,130.0297
2021-03-24,132.1936,132.7298,128.1851,128.2458
2021-03-25,126.2652,129.0055,124.9638,128.3820
2021-03-26,128.4811,134.9655,128.3947,134.7193
2021-03-29,133.4596,133.9712,131.0647,132.6538
2021-03-30,131.6082,132.6154,130.7737,132.3372
2021-03-31,133.5874,136.5963,133.3252,135.5699
2021-04-01,137.9297,140.6347,137.8785,140.5548
2021-04-05,142.8665,143.8098,141.1559,143.3909
2021-04-06,142.5468,143.4261,140.3789,141.7890
2021-04-07,141.9361,142.4221,140.6219,141.6962
2021-04-08,143.2183,143.4741,142.0001,143.3110
2021-04-09,142.1503,143.0040,141.5524,142.8634
2021-04-12,142.1152,142.1152,140.1136,141.3286
2021-04-13,142.4061,142.6075,139.6978,141.1047
2021-04-14,140.8361,141.9041,138.7897,139.5540
2021-04-15,140.9864,142.1855,139.9025,141.8913
2021-04-16,141.8913,142.1823,140.9161,141.2263
2021-04-19,140.1871,140.6571,136.2510,137.5140
2021-04-20,137.0631,137.6322,134.7545,135.5539
2021-04-21,135.6594,139.1607,135.0999,139.1095
2021-04-22,138.8217,139.0071,135.2533,136.0815
2021-04-23,136.6379,139.1351,136.4716,138.5628
2021-04-26,138.7418,141.2774,138.4924,141.1015
2021-04-27,141.6547,141.7570,139.6179,140.0432
2021-04-28,139.2662,139.3333,137.7569,137.9168
2021-04-29,139.8769,139.9600,136.7977,138.8121
2021-04-30,136.7754,137.5811,134.6171,134.9432
2021-05-03,135.9025,136.0431,132.7945,133.5395
2021-05-04,131.8001,131.8512,128.8616,131.2885
2021-05-05,132.9351,133.7441,131.1190,132.1102
2021-05-06,131.8640,133.2261,130.3644,133.1942
2021-05-07,134.5499,135.9440,133.9136,135.0231
2021-05-10,133.8432,133.8432,128.7912,129.0182
2021-05-11,125.0822,129.5490,124.6345,129.1909
2021-05-12,126.4890,127.2373,123.4291,123.9279
2021-05-13,126.0766,127.4515,124.2508,125.5074
2021-05-14,127.3364,130.5627,126.0990,129.3924
2021-05-17,128.1934,128.3724,126.1214,128.2637
2021-05-18,129.4691,129.7153,127.1573,127.2309
2021-05-19,124.7656,129.8464,124.2381,129.7121
2021-05-20,130.6810,133.6738,130.5851,133.1239
2021-05-21,134.0639,134.1150,132.1678,132.3884
2021-05-24,133.7729,136.4652,133.6546,135.7329
2021-05-25,136.7306,137.1654,135.3685,136.1358
2021-05-26,136.2350,137.0919,135.2597,136.5004
2021-05-27,136.2478,137.7634,135.8929,137.0759
2021-05-28,137.5939,139.0136,137.3509,138.3485
2021-06-01,139.3941,140.4940,137.2486,137.9616
2021-06-02,137.8561,139.3653,137.4180,138.8026
2021-06-03,137.2454,137.8434,135.7778,136.4173
2021-06-04,137.5876,140.0080,137.5876,139.7299
2021-06-07,139.0679,139.3237,137.8369,138.6427
2021-06-08,139.7234,139.9664,136.8105,137.8497
2021-06-09,138.3070,138.7066,137.1718,137.1718
2021-06-10,137.3901,139.2885,137.1020,138.7475
2021-06-11,139.1637,139.4486,138.3794,139.4486
2021-06-14,139.8007,141.4302,138.9812,141.4302
2021-06-15,141.0525,141.9136,139.8103,140.2713
2021-06-16,140.7067,141.1133,137.8479,138.9524
2021-06-17,138.5714,141.4782,138.4658,140.4506
2021-06-18,139.4870,139.5894,136.3337,137.0892
2021-06-21,137.2461,137.8352,136.0808,137.5951
2021-06-22,137.7999,138.6418,137.0284,138.2449
2021-06-23,138.5907,139.6023,138.5458,138.8211
2021-06-24,140.1721,141.5550,140.0248,141.1805
2021-06-25,141.7792,142.0065,140.3994,140.7964
2021-06-28,141.6671,144.7563,141.6671,144.1577
2021-06-29,143.9881,145.4991,143.5143,145.2878
2021-06-30,145.1533,145.6879,144.4394,145.4094
2021-07-01,145.2621,145.2621,142.8387,143.3253
2021-07-02,144.2154,144.5483,143.0725,144.1994
2021-07-06,144.5899,145.0573,142.1185,143.9528
2021-07-07,144.8588,144.8716,141.1741,141.7728
2021-07-08,138.7859,140.6203,137.7231,139.9512
2021-07-09,140.4122,142.4994,139.4006,142.2337
2021-07-12,142.8420,144.0584,142.2977,144.0584
2021-07-13,143.4567,144.1033,142.7204,143.4823
2021-07-14,144.4618,145.6879,142.4098,142.8195
2021-07-15,142.1313,142.4386,138.5907,139.6503
2021-07-16,140.0857,140.7932,136.2889,136.6155
2021-07-19,134.7491,136.7019,133.9776,136.4778
2021-07-20,137.1341,139.3878,135.4150,138.3378
2021-07-21,138.8660,142.6531,138.8660,142.5859
2021-07-22,141.8720,142.5218,140.6939,141.7439
2021-07-23,142.4066,142.6083,140.7099,142.4674
2021-07-26,141.9200,142.8292,141.5679,142.5122
2021-07-27,142.1057,142.1057,136.9420,139.8968
2021-07-28,140.4058,142.7811,139.7303,142.1825
2021-07-29,142.7235,145.5278,142.6691,145.0829
2021-07-30,143.7704,146.5683,143.7704,146.2706
2021-08-02,147.6727,149.0205,146.8340,147.1957
2021-08-03,147.5223,148.3162,145.7968,148.3162
2021-08-04,148.6043,150.5475,148.3834,149.8272
2021-08-05,150.5475,150.9029,149.0013,149.8528
2021-08-06,148.9725,149.8560,148.7164,149.1069
2021-08-09,149.7087,149.7952,147.9736,148.6011
2021-08-10,148.8220,149.0781,145.8032,146.8756
2021-08-11,147.2758,147.4807,144.6539,146.3730
2021-08-12,145.8928,145.8928,143.6007,144.8012
2021-08-13,144.4683,145.7328,144.3434,145.7104
2021-08-16,145.1597,145.5439,143.9528,145.1693
2021-08-17,143.9624,143.9624,141.0269,142.3586
2021-08-18,142.1601,143.0309,140.2905,140.4762
2021-08-19,139.5959,142.4034,138.5138,141.6287
2021-08-20,142.0064,142.9444,140.9916,142.6915
2021-08-23,144.1737,146.9044,144.1737,146.7092
2021-08-24,147.1317,147.5799,146.4563,146.7092
2021-08-25,147.2886,148.9181,147.2054,147.8264
2021-08-26,147.6504,148.5403,146.7540,147.9641
2021-08-27,148.0473,150.9669,147.8392,150.7876
2021-08-30,151.4023,152.5515,150.5475,151.0885
2021-08-31,151.2519,151.4535,148.7132,149.8817
2021-09-01,150.6339,150.7844,149.0653,149.0653
2021-09-02,149.7728,150.0833,149.0429,149.6223
2021-09-03,149.6480,151.3286,149.3150,150.7428
2021-09-07,150.8196,150.8260,149.2990,150.1890
2021-09-08,149.5007,149.6543,146.9716,148.2650
2021-09-09,148.1658,149.6672,148.0761,148.7868
2021-09-10,150.0097,152.2474,149.9552,149.9680
2021-09-13,151.4791,151.7192,149.3566,151.4055
2021-09-14,151.7928,152.5611,150.7204,151.4118
2021-09-15,151.5303,152.2858,150.2466,152.2827
2021-09-16,151.1814,153.0829,150.5539,152.5739
2021-09-17,152.1706,152.1706,149.4623,150.1409
2021-09-20,146.9396,147.5095,144.2665,146.4242
2021-09-21,147.5191,147.9577,145.5215,146.8564
2021-09-22,148.0121,150.2498,147.4710,149.9040
2021-09-23,150.6147,152.3819,150.0737,151.9017
2021-09-24,150.7486,152.0515,150.5079,151.7274
2021-09-27,150.1036,151.9520,149.2147,151.3584
2021-09-28,148.4990,149.3623,145.4375,145.4375
2021-09-29,145.7616,146.1884,142.8638,143.1430
2021-09-30,144.5004,145.4439,143.0467,143.0852
2021-10-01,143.6532,143.9228,140.8260,143.1783
2021-10-04,142.4370,142.5236,139.0642,139.4910
2021-10-05,140.1585,142.5846,139.9242,141.6026
2021-10-06,140.0270,142.2637,139.5424,142.1546
2021-10-07,143.9902,145.7231,143.6340,143.8169
2021-10-08,144.3336,144.5197,142.2284,142.3439
2021-10-11,141.7791,143.7880,141.3395,141.3908
2021-10-12,142.2830,142.4916,139.0386,139.6258
2021-10-13,140.6367,141.3042,139.9724,140.4313
2021-10-14,143.0211,144.8021,142.6231,144.7893
2021-10-15,145.8515,146.1917,145.0172,145.7552
2021-10-18,144.8888,146.9779,144.0576,146.9298
2021-10-19,147.2667,148.7301,146.5960,148.7301
2021-10-20,148.1942,149.0029,147.7802,148.4220
2021-10-21,147.4689,150.1100,147.4015,149.9174
2021-10-22,149.1280,150.6684,147.9791,148.2358
2021-10-25,148.9932,150.1100,148.4541,149.2532
2021-10-26,150.4213,150.9572,148.8392,149.3655
2021-10-27,148.4573,150.0330,147.7673,148.2936
2021-10-28,150.2737,151.7595,150.0041,151.6375
2021-10-29,150.3571,152.3339,150.1870,152.3147
2021-11-01,152.4976,154.8338,152.1125,154.7985
2021-11-02,154.7151,156.7304,154.7151,156.7240
2021-11-03,156.9262,158.7233,156.3197,158.5307
2021-11-04,160.3214,164.5992,159.4485,163.8643
2021-11-05,164.8848,166.9547,164.0408,165.6839
2021-11-08,166.7108,169.0182,166.1075,167.9239
2021-11-09,169.5990,169.7916,166.1139,167.9239
2021-11-10,164.7725,167.0253,162.2630,162.9722
2021-11-11,165.6679,166.8167,164.3874,166.4188
2021-11-12,166.9964,168.8417,166.0754,168.0458
2021-11-15,169.3038,169.3038,166.1941,167.9207
2021-11-16,167.1633,170.7447,166.9611,170.4366
2021-11-17,170.5232,170.5232,168.4213,169.2492
2021-11-18,172.3268,172.9429,170.4366,172.0797
2021-11-19,172.1054,173.7260,171.2485,172.5579
2021-11-22,173.5494,175.8985,169.8268,170.0579
2021-11-23,169.8750,171.0175,166.5279,169.3744
2021-11-24,168.0458,171.3223,166.3642,171.2357
2021-11-26,168.0041,169.5252,165.2442,166.4701
2021-11-29,168.9379,173.2542,168.3025,172.8691
2021-11-30,172.1888,173.8029,168.3892,169.8397
2021-12-01,172.3300,175.3722,168.4726,168.4822
2021-12-02,166.7461,169.9007,165.4721,168.7261
2021-12-03,171.1137,172.8082,166.4092,168.2993
2021-12-06,167.9720,168.5978,162.8246,168.0843
2021-12-07,171.8422,176.9126,171.8422,176.5660
2021-12-08,175.6290,175.7830,173.6072,175.4172
2021-12-09,174.3806,176.1200,171.2325,171.3833
2021-12-10,174.5796,175.4107,170.8602,173.0007
2021-12-13,173.6831,173.7602,168.0966,168.3923
2021-12-14,166.3255,168.4662,165.3997,167.5823
2021-12-15,167.9230,173.8920,165.6665,173.7345
2021-12-16,174.4417,174.9335,165.1587,166.1552
2021-12-17,164.5190,168.4051,163.9694,165.7630
2021-12-20,163.3522,165.7469,162.6708,164.4644
2021-12-21,168.1705,170.4784,165.8722,170.3980
2021-12-22,169.5205,172.1691,168.6398,172.1691
2021-12-23,172.5131,174.9592,172.5099,173.8342
2021-12-27,174.4706,178.6364,174.4288,178.5978
2021-12-28,179.4239,179.4496,175.8110,176.6274
2021-12-29,176.5599,178.0031,175.8142,176.8974
2021-12-30,176.5196,177.2527,174.3525,174.8959
2021-12-31,175.0760,176.2399,174.3493,174.3686
2022-01-03,175.5422,178.0083,174.8509,177.8346
2022-01-04,178.6256,179.7381,173.0182,177.2881
2022-01-05,175.9312,177.4424,171.1116,171.2659
2022-01-06,171.2402,173.4040,169.3850,172.5970
2022-01-07,172.4299,173.0601,167.0669,167.5909
2022-01-10,165.5171,168.0153,162.0478,167.6520
2022-01-11,167.0894,171.0055,165.8547,170.8062
2022-01-12,172.4555,173.6452,170.3463,172.0601
2022-01-13,174.6902,176.1467,167.6166,168.0443
2022-01-14,166.7132,172.2273,166.6907,172.0665
2022-01-18,169.3175,169.3400,164.0156,164.3757
2022-01-19,165.7100,166.7292,159.4274,159.5399
2022-01-20,160.7714,162.0478,154.3313,154.5370
2022-01-21,153.4568,157.8198,151.6273,151.9649
2022-01-24,148.7882,153.9873,143.6985,153.7011
2022-01-25,149.7496,151.5919,147.1131,147.9651
2022-01-26,152.1192,156.5080,147.9651,150.2383
2022-01-27,151.7237,151.9070,143.0683,143.5506
2022-01-28,143.4348,146.3028,139.3097,146.3028
2022-01-31,147.0359,154.3956,146.2257,154.1609
2022-02-01,155.6688,155.9196,151.5630,155.4438
2022-02-02,158.5851,159.7715,156.3441,159.3696
2022-02-03,155.3602,157.9291,151.8491,152.4343
2022-02-04,151.7237,154.6207,149.6692,153.3089
2022-02-07,153.6882,155.7813,152.6433,153.2220
2022-02-08,152.5725,157.4147,152.3185,157.0964
2022-02-09,159.1670,162.2697,157.1736,162.2504
2022-02-10,158.2924,163.2953,156.2990,157.1928
2022-02-11,157.4565,158.6011,148.1227,149.1933
2022-02-14,149.7014,152.3507,147.3864,149.3348
2022-02-15,152.5661,157.9838,152.1610,157.5755
2022-02-16,155.6399,158.2121,154.2638,157.6269
2022-02-17,155.5338,155.7492,151.4729,151.7077
2022-02-18,151.7784,152.3379,147.9266,150.0132
2022-02-22,148.3927,152.6786,146.7337,149.1001
2022-02-23,150.8299,152.4021,145.0778,145.5473
2022-02-24,139.8885,151.1128,139.5508,150.8717
2022-02-25,150.8653,153.3860,148.7271,153.3860
2022-02-28,151.3893,153.8072,149.3830,152.4536
2022-03-01,151.8363,152.7204,145.3158,146.9266
2022-03-02,148.1484,152.6562,147.8044,151.5984
2022-03-03,152.5243,152.5693,147.5150,148.4184
2022-03-04,146.9716,148.2673,142.8529,144.4798
2022-03-07,144.9106,145.9427,137.2037,137.2327
2022-03-08,138.1683,144.9718,135.8630,139.8627
2022-03-09,144.5699,146.8237,142.9237,145.7241
2022-03-10,143.1455,143.2870,139.9271,142.7340
2022-03-11,144.8045,145.0714,139.3869,139.6698
2022-03-14,139.2518,139.9753,134.5126,135.1492
2022-03-15,136.5028,141.6954,135.6476,141.3610
2022-03-16,143.7596,148.6628,142.2002,148.6403
2022-03-17,146.9556,149.5567,145.8206,149.5567
2022-03-18,148.5149,153.0934,147.5954,152.4761
2022-03-21,151.8877,153.4213,149.4537,152.1738
2022-03-22,151.8973,154.8264,151.7462,153.0163
2022-03-23,151.6176,153.4728,149.1194,149.1612
2022-03-24,150.6994,156.8134,150.0809,156.6910
2022-03-25,156.5171,156.9423,153.7435,156.3367
2022-03-28,155.3993,157.5511,153.1605,157.5511
2022-03-29,160.0637,161.4167,157.9087,161.1622
2022-03-30,159.9156,160.4825,155.1802,156.0081
2022-03-31,155.8921,156.5847,152.0491,152.4582
2022-04-01,153.1025,153.4600,147.2719,149.5043
2022-04-04,149.8941,152.1458,149.3303,151.9332
2022-04-05,150.6897,150.8186,144.5531,144.9397
2022-04-06,141.7377,143.9024,140.1270,141.3350
2022-04-07,141.1417,142.9135,138.6807,141.6443
2022-04-08,140.4685,140.5200,137.9076,138.1298
2022-04-11,136.0875,137.2279,134.9794,135.2919
2022-04-12,138.1524,139.1736,134.1741,134.8795
2022-04-13,135.7525,138.7354,134.9149,137.7819
2022-04-14,138.6807,138.7129,133.7972,133.9711
2022-04-18,133.3011,137.4952,133.1368,136.2904
2022-04-19,135.7460,139.5697,135.0567,139.2766
2022-04-20,141.4800,142.7073,138.4777,138.9674
2022-04-21,140.6779,142.2434,134.5606,135.2596
2022-04-22,135.0470,135.7976,132.0286,132.2509
2022-04-25,131.1718,134.5219,130.7788,134.4865
2022-04-26,132.6697,132.9016,128.3725,128.5239
2022-04-27,127.1064,131.0171,126.8197,127.8216
2022-04-28,130.3890,136.3066,128.7462,134.8667
2022-04-29,132.9757,135.5560,128.7300,129.1037
2022-05-02,129.2229,133.5620,128.2114,133.4138
2022-05-03,133.0595,135.5753,132.1350,134.5187
2022-05-04,135.5173,139.9692,131.3328,139.7372
2022-05-05,137.2311,137.4372,130.9882,132.9693
2022-05-06,131.7516,134.7185,129.2970,131.7839
2022-05-09,128.9362,130.5082,124.3394,125.0739
2022-05-10,128.8492,130.2827,125.1254,127.9183
2022-05-11,126.8262,129.8124,123.7789,124.1397
2022-05-12,122.6063,125.9339,121.5497,124.8935
2022-05-13,127.0839,132.1865,126.4107,131.2684
2022-05-16,129.9348,131.3071,128.7816,129.2712
2022-05-17,132.6439,135.8975,132.1446,135.5496
2022-05-18,133.3107,135.1630,128.1695,128.7171
2022-05-19,128.0890,131.2233,126.8230,127.9376
2022-05-20,130.4567,130.4663,122.1425,127.8699
2022-05-23,126.8778,128.7622,125.8985,128.4208
2022-05-24,126.3591,126.7811,123.8659,125.2929
2022-05-25,124.4457,128.7461,124.3297,127.5478
2022-05-26,126.3527,133.1239,126.1498,132.5312
2022-05-27,134.6218,138.2103,134.6218,137.9816
2022-05-31,137.7433,138.4906,135.1662,137.2729
2022-06-01,137.9720,138.6678,133.2270,135.0953
2022-06-02,134.6250,139.9402,134.3641,139.8017
2022-06-03,136.7736,137.5468,134.9923,135.6204
2022-06-06,138.4713,138.9287,134.9536,135.8556
2022-06-07,134.2417,137.3277,133.2077,136.9412
2022-06-08,136.1906,136.7447,133.0144,134.0259
2022-06-09,132.8703,135.1867,130.2183,130.2216
2022-06-10,128.0794,129.1859,125.3339,125.5952
2022-06-13,120.9818,122.5723,117.8943,118.3492
2022-06-14,119.6494,120.1817,117.6104,119.0074
2022-06-15,120.4108,123.1820,118.3395,121.0528
2022-06-16,117.5169,117.6362,112.3259,113.7584
2022-06-17,114.0132,115.0456,111.6000,114.2197
2022-06-21,116.6297,118.9719,116.5458,117.2104
2022-06-22,115.1908,117.6459,115.0198,115.9876
2022-06-23,116.6748,116.7748,113.3873,115.2005
2022-06-24,117.0039,120.3043,116.7490,120.3043
2022-06-27,121.3915,121.6915,119.0525,119.9752
2022-06-28,120.6850,122.0916,116.8652,117.0491
2022-06-29,115.4456,115.5811,112.8679,114.2874
2022-06-30,112.6840,115.0391,111.0129,112.7905
2022-07-01,110.9128,111.5129,107.3931,108.7997
2022-07-05,106.0445,109.6579,105.3993,109.6579
2022-07-06,109.7644,111.4839,108.5642,110.1934
2022-07-07,112.7808,115.7038,112.7808,115.1263
2022-07-08,113.4583,116.4651,113.1163,115.6747
2022-07-11,113.9229,114.4907,112.2743,113.0099
2022-07-12,113.7455,114.5810,112.5002,113.3261
2022-07-13,111.0129,114.8746,110.7870,113.9648
2022-07-14,113.6616,116.8781,112.0033,116.3812
2022-07-15,118.1589,119.3493,116.3070,119.1590
2022-07-18,121.1334,122.0625,118.0234,118.7783
2022-07-19,120.6527,124.6854,120.3075,124.0144
2022-07-20,123.8273,127.7793,123.0627,127.1760
2022-07-21,127.8374,129.3375,126.0114,129.2537
2022-07-22,128.8375,128.8924,124.9274,126.0695
2022-07-25,125.1016,125.3694,123.1788,125.2726
2022-07-26,124.4402,125.0693,122.7271,123.1853
2022-07-27,125.3952,129.8602,125.0177,128.8214
2022-07-28,129.1053,130.6893,126.2921,130.4087
2022-07-29,128.5213,131.7798,128.0794,131.4120
2022-08-01,130.4796,133.0573,129.6215,131.9185
2022-08-02,130.4281,133.6672,129.8764,131.6669
2022-08-03,131.6475,135.5899,131.5636,135.3254
2022-08-04,135.0124,136.7126,134.6188,136.3029
2022-08-05,133.9123,136.4061,133.2993,135.2415
2022-08-08,133.3767,134.8576,131.1474,133.1961
2022-08-09,130.1183,130.2538,125.3435,127.0921
2022-08-10,130.4796,132.6121,128.7407,132.3669
2022-08-11,133.4897,136.0996,131.9056,132.1960
2022-08-12,133.0767,136.4319,132.5928,136.0641
2022-08-15,135.4576,136.9514,134.5317,136.5707
2022-08-16,135.8706,136.4675,133.6639,135.1738
2022-08-17,133.1025,133.1671,130.0635,131.9088
2022-08-18,132.2670,135.8157,131.7895,134.9156
2022-08-19,133.0574,133.7316,130.5990,131.2733
2022-08-22,128.6117,128.8537,125.7210,126.3340
2022-08-23,126.4243,128.8988,126.2791,126.9631
2022-08-24,126.8179,127.7212,125.8113,127.2825
2022-08-25,127.4051,132.1024,127.3341,131.9476
2022-08-26,131.6508,131.9572,124.2660,124.4628
2022-08-29,123.1401,124.5661,121.7496,121.9496
2022-08-30,123.2627,123.3111,119.0493,120.5301
2022-08-31,121.0624,121.0657,118.2266,119.2687
2022-09-01,116.2264,117.0717,113.4293,117.0555
2022-09-02,118.8589,119.6881,115.2650,115.7715
2022-09-06,115.7521,116.3877,113.5583,114.4359
2022-09-07,114.8972,117.3555,114.0293,116.3716
2022-09-08,115.2424,118.7750,114.5294,118.3331
2022-09-09,119.8913,121.7980,119.8913,121.1721
2022-09-12,121.6948,122.3658,120.3011,121.7625
2022-09-13,117.1329,118.1395,113.8551,114.2003
2022-09-14,115.0585,116.2974,113.7745,115.4973
2022-09-15,114.7198,116.0651,112.8099,113.5809
2022-09-16,112.3324,114.3842,111.4775,114.2616
2022-09-19,112.8034,115.4682,112.7518,114.8617
2022-09-20,113.7519,114.3036,112.4356,113.3357
2022-09-21,113.5454,117.2233,112.1904,112.1904
2022-09-22,111.5484,112.0194,108.4932,109.1385
2022-09-23,107.8480,108.1383,105.7252,107.6770
2022-09-26,107.3014,108.9524,105.8709,106.0623
2022-09-27,107.9890,108.7805,105.5109,107.0484
2022-09-28,106.1628,108.9913,105.7217,108.5664
2022-09-29,106.5813,106.7824,103.5095,105.1897
2022-09-30,103.8306,106.5099,103.2273,103.3862
2022-10-03,104.5637,108.1577,103.8144,106.9608
2022-10-04,110.4056,112.1118,110.1234,111.9788
2022-10-05,110.1234,114.0353,109.1438,112.8935
2022-10-06,112.7767,114.8527,112.0242,112.4426
2022-10-07,109.0919,109.4000,105.0632,105.6957
2022-10-10,105.2838,105.4103,100.6388,102.1017
2022-10-11,100.2820,101.2130,97.8363,99.2311
2022-10-12,99.1013,99.6268,97.9531,98.2677
2022-10-13,94.4239,102.9581,93.3600,101.0962
2022-10-14,102.5104,102.5104,96.5680,96.8826
2022-10-17,99.4614,100.2982,98.1542,98.9359
2022-10-18,102.0304,102.6986,97.5249,99.2765
2022-10-19,98.5694,100.8594,98.2645,99.9122
2022-10-20,100.4637,103.6003,99.9609,100.5318
2022-10-21,100.2691,104.5280,99.8312,104.2685
2022-10-24,104.6188,105.1735,102.2736,104.7194
2022-10-25,105.1605,107.8301,104.9919,107.1100
2022-10-26,104.8978,108.5729,104.3821,106.0558
2022-10-27,106.7499,107.7522,104.0382,104.1744
2022-10-28,104.3658,108.4172,104.0966,108.2583
2022-10-31,107.2819,107.5803,105.3584,105.9001
2022-11-01,108.0280,108.3815,106.1142,106.7532
2022-11-02,107.4279,109.3060,103.2468,103.3830
2022-11-03,101.4498,103.5809,100.3858,101.9979
2022-11-04,105.6763,106.9900,104.2101,106.7175
2022-11-07,107.7068,109.4422,106.2991,109.0238
2022-11-08,111.0641,112.7378,109.1665,111.4241
2022-11-09,109.5363,109.9709,107.6971,107.8625
2022-11-10,114.0320,119.3193,113.0816,119.0241
2022-11-11,119.6047,123.3869,118.2359,122.6668
2022-11-14,122.0018,123.7080,121.2817,121.3239
2022-11-15,126.3516,126.6954,123.1468,124.8400
2022-11-16,121.9953,122.2386,118.9300,119.6858
2022-11-17,117.2011,121.1617,116.9903,120.6232
2022-11-18,122.6408,122.6668,119.5853,120.8925
2022-11-21,119.5755,120.0037,118.5116,118.8878
2022-11-22,119.9064,122.5240,118.9008,122.4300
2022-11-23,122.3002,125.1028,122.2840,123.9091
2022-11-25,123.1533,123.5847,122.2580,122.2580
2022-11-28,120.7400,122.0180,118.3786,119.2025
2022-11-29,119.5593,120.2307,118.0153,118.7419
2022-11-30,119.1863,125.9526,118.0769,125.8650
2022-12-01,126.6111,126.7408,123.2182,124.9600
2022-12-02,121.8267,123.7437,121.2039,123.5490
2022-12-05,122.7089,123.8929,120.8827,121.9856
2022-12-06,121.9726,122.0991,118.2132,119.4198
2022-12-07,118.1451,120.0005,117.9212,119.1636
2022-12-08,119.8901,122.6959,119.0922,122.6084
2022-12-09,122.0667,123.6204,121.0384,121.4731
2022-12-12,120.8762,123.7566,120.2567,123.6236
2022-12-13,129.2028,129.7655,124.1740,125.7483
2022-12-14,125.4426,126.9454,122.4143,123.8617
2022-12-15,121.2596,121.7865,118.4589,118.6216
2022-12-16,117.9905,119.0151,116.5626,117.7238
2022-12-19,117.6002,117.8702,115.0663,116.2665
2022-12-20,114.8158,116.6179,114.5556,115.5575
2022-12-21,116.3641,118.5500,116.1397,118.1597
2022-12-22,115.8632,116.0486,110.9971,113.3846
2022-12-23,112.4023,113.4855,111.2573,113.4822
2022-12-27,112.5812,112.6853,110.9190,111.4330
2022-12-28,110.7141,112.0705,109.3414,109.7903
2022-12-29,111.5794,113.8205,111.1663,113.2936
2022-12-30,111.6737,113.3781,110.8670,113.1895
2023-01-03,115.1053,115.3102,111.4069,112.0868
2023-01-04,114.2206,115.6095,112.9032,114.9720
2023-01-05,113.8367,114.6467,112.8479,113.0333
2023-01-06,114.5621,118.9143,113.0138,118.2930
2023-01-09,120.4626,123.2112,119.6950,120.4724
2023-01-10,120.0593,122.1964,119.4348,122.0305
2023-01-11,122.1053,123.6568,121.0774,123.6048
2023-01-12,124.2716,125.8622,121.7052,125.1076
2023-01-13,123.4844,125.6377,123.3315,125.6247
2023-01-17,125.1954,127.0397,124.6066,125.7679
2023-01-18,127.1763,128.0708,125.0620,125.1076
2023-01-19,123.9951,124.0602,121.2042,121.5978
2023-01-20,122.9054,125.4816,121.6564,125.4036
2023-01-23,126.5745,132.1400,126.3729,131.7009
2023-01-24,130.0940,131.9318,129.9151,130.7056
2023-01-25,128.4059,131.2943,127.4203,131.0601
2023-01-26,132.5628,133.4378,130.3705,133.2687
2023-01-27,130.9658,133.5647,130.6275,132.4197
2023-01-30,130.6144,131.4048,128.7994,128.9035
2023-01-31,128.6563,131.3691,128.5327,131.3073
2023-02-01,131.9578,139.5498,131.8408,138.1543
2023-02-02,139.5693,142.5065,138.7756,141.3551
2023-02-03,138.2129,141.7812,137.8616,138.5967
2023-02-06,136.4304,138.4438,135.7343,136.3458
2023-02-07,136.8728,141.3551,136.5280,140.6817
2023-02-08,139.7450,140.8932,137.3347,137.6567
2023-02-09,140.1060,141.6771,136.9866,138.0080
2023-02-10,136.5963,136.9932,134.3356,135.8124
2023-02-13,136.4532,138.2064,135.2627,137.8096
2023-02-14,136.5930,140.7338,135.5684,140.3109
2023-02-15,138.8504,140.9550,137.8258,140.8834
2023-02-16,138.3463,139.7970,137.2046,137.4290
2023-02-17,136.6158,137.0159,134.0624,135.2887
2023-02-21,133.1842,134.7552,130.6535,130.9072
2023-02-22,131.2130,132.1953,129.4922,130.2794
2023-02-23,134.6641,135.2041,131.9221,134.5633
2023-02-24,132.1758,132.8491,131.1610,132.1530
2023-02-27,134.3616,134.3811,132.8035,132.8523
2023-02-28,132.5433,135.1098,132.2571,133.3077
2023-03-01,133.7989,134.9699,132.8166,133.3435
2023-03-02,131.2683,135.0512,130.2502,134.4104
2023-03-03,134.3812,136.6321,133.3695,136.4824
2023-03-06,136.8630,138.0405,134.5731,134.8951
2023-03-07,135.0383,135.6075,132.9370,133.4737
2023-03-08,134.0103,137.1720,134.0103,137.0224
2023-03-09,136.8468,138.9676,134.0949,134.2999
2023-03-10,135.0220,135.3700,131.0796,131.7041
2023-03-13,130.3282,133.3630,128.9653,131.7432
2023-03-14,134.0397,136.4337,133.4021,135.5945
2023-03-15,133.6558,134.3194,131.1804,134.0136
2023-03-16,133.4281,139.5530,132.8458,139.2473
2023-03-17,139.5140,140.5939,137.6307,138.3853
2023-03-20,138.6553,140.2979,137.5103,139.8490
2023-03-21,140.9875,142.4708,138.0470,140.1255
2023-03-22,140.1288,143.8532,138.6976,138.7334
2023-03-23,141.1438,144.4244,140.0253,142.5134
2023-03-24,141.3591,141.7439,138.6231,140.0416
2023-03-27,140.5471,140.9776,137.9122,138.3981
2023-03-28,138.0785,138.1927,135.2676,137.3611
2023-03-29,139.6536,142.7646,139.3927,141.7765
2023-03-30,143.5733,145.0537,143.0906,144.1113
2023-03-31,143.0156,145.2233,142.7841,145.0048
2023-04-03,144.1570,144.7048,141.9754,143.7526
2023-04-04,144.0135,144.0559,140.2830,141.0721
2023-04-05,139.5655,139.6829,137.1622,138.6264
2023-04-06,137.3611,138.9297,136.2981,137.9122
2023-04-10,136.7253,140.4460,136.5068,140.3482
2023-04-11,141.1243,141.2221,139.3438,139.6112
2023-04-12,140.9938,141.0362,136.9242,137.0579
2023-04-13,137.3677,138.9982,136.2687,138.1862
2023-04-14,138.0557,139.7253,136.4677,137.9710
2023-04-17,136.4872,138.0590,136.0763,137.9710
2023-04-18,139.0470,140.2471,137.5177,138.5677
2023-04-19,136.7285,137.3807,136.2133,137.0514
2023-04-20,135.6785,138.9786,135.5416,136.9242
2023-04-21,136.4514,136.4514,134.7231,135.9198
2023-04-24,135.6752,136.4481,134.3969,135.3100
2023-04-25,134.5013,134.5143,130.6795,130.7643
2023-04-26,132.1240,132.8088,130.7903,131.4621
2023-04-27,131.2925,132.1828,128.6740,132.0165
2023-04-28,132.6295,134.4295,132.0425,134.3969
2023-05-01,134.9350,136.0079,134.5828,135.6133
2023-05-02,135.6654,136.4383,133.3306,134.6448
2023-05-03,133.8882,135.5024,133.0012,133.0990
2023-05-04,132.0458,133.4904,131.1653,132.3523
2023-05-05,132.5154,135.8644,131.8469,135.2970
2023-05-08,135.1470,135.9622,134.0252,135.8676
2023-05-09,133.9371,134.1165,133.0110,133.5556
2023-05-10,135.0556,135.8709,133.6110,134.9154
2023-05-11,134.9545,135.2448,132.7599,134.0317
2023-05-12,134.5111,135.0687,132.6458,133.9078
2023-05-15,134.2893,137.5698,133.8947,137.5437
2023-05-16,137.0970,138.8481,137.0970,137.2861
2023-05-17,138.5416,141.2189,137.6742,140.6775
2023-05-18,141.3036,145.4744,141.1993,145.1222
2023-05-19,144.6983,145.0277,143.4722,144.3755
2023-05-22,143.0743,145.2559,143.0124,144.8744
2023-05-23,143.9026,144.8515,142.7678,143.0841
2023-05-24,140.2047,141.1112,139.0405,140.5243
2023-05-25,146.9842,150.4604,145.3896,149.8832
2023-05-26,152.1691,160.5009,152.1170,159.6791
2023-05-30,163.3738,164.0325,158.8965,159.5454
2023-05-31,156.8486,159.0074,155.3779,155.4496
2023-06-01,156.3986,159.4737,154.7975,158.1236
2023-06-02,159.3302,159.7867,156.6040,157.7519
2023-06-05,157.1747,157.2628,154.5138,155.3094
2023-06-06,154.2138,157.9476,153.9790,157.1845
2023-06-07,158.2232,160.4502,156.5970,156.9530
2023-06-08,157.4134,158.9514,156.6036,158.5596
2023-06-09,160.3555,161.4428,158.2297,158.9775
2023-06-12,160.8420,164.2544,160.6461,164.0976
2023-06-13,166.7360,167.3727,164.4045,166.2952
2023-06-14,165.6748,168.7377,164.7082,168.6560
2023-06-15,166.7132,168.4960,166.0634,167.2617
2023-06-16,168.9466,168.9630,165.4788,165.7172
2023-06-20,164.9563,166.4062,162.9286,164.3751
2023-06-21,163.3433,164.1596,160.1824,160.3686
2023-06-22,159.2779,161.7857,159.0591,161.1163
2023-06-23,158.5203,159.2844,157.5570,158.2787
2023-06-26,159.3889,161.8347,158.7848,158.7914
2023-06-27,159.3498,164.6168,158.7457,164.3392
2023-06-28,161.6878,164.4535,161.5114,163.0723
2023-06-29,163.7351,163.8494,161.7661,163.1180
2023-06-30,164.9139,166.3017,164.3261,165.6388
2023-07-03,166.3997,167.5132,165.2764,167.1115
2023-07-05,165.9948,166.3376,163.3661,163.4184
2023-07-06,160.6428,161.6290,159.3236,161.3580
2023-07-07,161.6617,163.9931,161.1653,161.4265
2023-07-10,161.9327,164.9303,161.7694,164.7866
2023-07-11,165.3580,165.6584,162.4159,164.7931
2023-07-12,167.1768,168.1662,166.2331,167.8626
2023-07-13,169.6422,171.7189,168.9891,171.3304
2023-07-14,171.3499,172.8847,168.4895,169.1883
2023-07-17,169.2503,174.0929,168.2087,173.2374
2023-07-18,172.4928,174.1288,171.1410,173.5573
2023-07-19,173.7826,173.9067,171.0691,171.4969
2023-07-20,168.4373,169.0218,164.5090,165.2601
2023-07-21,167.0593,168.3099,165.8184,166.7523
2023-07-24,166.7491,167.9311,165.8805,166.7458
2023-07-25,167.7091,170.5597,167.7091,169.5507
2023-07-26,167.4348,168.6234,165.3809,167.2095
2023-07-27,171.5589,173.9165,169.4005,170.3540
2023-07-28,173.5998,174.6643,171.9018,174.0733
2023-07-31,174.7100,175.3109,173.7141,174.7949
2023-08-01,173.1949,175.2749,172.6594,174.9059
2023-08-02,172.6855,172.7312,167.2095,168.2119
2023-08-03,166.1972,168.9924,165.5768,167.7809
2023-08-04,167.1736,169.8446,165.6715,167.5164
2023-08-07,168.7213,169.4952,167.6960,169.2797
2023-08-08,166.6348,166.7752,164.3523,166.5858
2023-08-09,166.4715,166.5368,163.1996,163.5294
2023-08-10,164.8355,166.5858,161.7628,162.8698
2023-08-11,160.8714,160.9824,158.6346,158.9220
2023-08-14,158.3113,163.5457,157.7660,163.5065
2023-08-15,162.6608,163.1833,160.5906,160.7767
2023-08-16,160.6037,160.7637,157.5407,157.6648
2023-08-17,157.9587,158.3146,155.6305,156.1236
2023-08-18,154.4223,157.5244,154.0991,156.9628
2023-08-21,157.7040,161.7106,157.4526,161.4722
2023-08-22,163.4478,163.6470,159.5032,160.0486
2023-08-23,159.1245,163.8952,158.9449,163.3205
2023-08-24,166.4029,166.4911,157.5636,157.9228
2023-08-25,157.8836,159.9604,155.4313,158.6020
2023-08-28,160.1628,161.0542,158.9742,160.6102
2023-08-29,159.8069,165.3711,159.5750,164.8290
2023-08-30,164.3360,166.2854,163.1604,165.6062
2023-08-31,165.0086,167.7123,165.0086,166.7523
2023-09-01,167.8658,168.2479,165.9784,167.1866
2023-09-05,166.5956,168.4405,165.7009,167.1311
2023-09-06,166.6642,167.7679,164.0584,165.9229
2023-09-07,162.1155,162.5890,160.0812,162.1253
2023-09-08,161.7824,162.9580,160.6134,161.2861
2023-09-11,163.3106,163.3400,159.0200,161.1947
2023-09-12,160.1302,162.5531,159.7122,159.8265
2023-09-13,159.7808,162.2690,159.6110,160.6461
2023-09-14,162.2037,162.4747,160.2641,161.7955
2023-09-15,160.8355,160.8355,156.3293,157.1260
2023-09-18,155.9211,158.2395,155.6044,157.6616
2023-09-19,157.1913,157.2762,155.4999,156.3326
2023-09-20,157.0444,157.7040,153.7137,153.7660
2023-09-21,151.9309,152.8974,150.8598,150.9284
2023-09-22,152.3651,153.7039,151.5880,152.1855
2023-09-25,151.4737,153.4394,150.7716,153.2990
2023-09-26,152.0525,152.4392,149.8471,150.5156
2023-09-27,151.7477,152.9864,149.5849,151.8427
2023-09-28,151.5281,156.2863,150.9022,154.6544
2023-09-29,156.8926,157.4595,154.7363,155.2148
2023-10-02,155.5523,157.2268,154.1072,155.9980
2023-10-03,154.5463,156.7156,151.6920,152.7701
2023-10-04,153.5140,155.2639,152.3933,154.7986
2023-10-05,154.8379,155.4343,152.6259,154.0482
2023-10-06,153.2551,158.1247,152.2425,157.3579
2023-10-09,155.7096,157.4071,154.5135,156.9647
2023-10-10,157.4530,160.3924,156.8041,158.9768
2023-10-11,159.5207,160.4973,158.2689,160.1729
2023-10-12,160.4383,162.8862,159.0357,160.5825
2023-10-13,160.9036,161.0904,155.9095,156.2110
2023-10-16,156.7386,159.0095,156.5845,158.4229
2023-10-17,155.2606,158.3869,153.4714,157.2661
2023-10-18,154.5790,155.7555,153.6156,154.4315
2023-10-19,155.8374,156.2568,151.5052,152.0525
2023-10-20,152.0426,153.1142,149.5816,149.8536
2023-10-23,148.9655,151.5675,147.3827,149.0016
2023-10-24,149.9093,151.3184,149.2047,151.0235
2023-10-25,149.0278,149.5292,144.1582,144.9185
2023-10-26,145.5608,147.2648,143.4045,144.0566
2023-10-27,146.1014,146.9830,144.9414,145.6066
2023-10-30,144.5678,145.4952,142.0970,143.6568
2023-10-31,143.7813,145.3445,141.9626,144.9709
2023-11-01,144.9872,148.5166,144.9872,148.3822
2023-11-02,151.3282,152.8389,149.7782,151.7543
2023-11-03,153.4354,156.8729,153.1503,155.7424
2023-11-06,155.9947,156.4273,153.9826,155.4540
2023-11-07,155.1132,157.1285,154.8739,156.4436
2023-11-08,156.5911,157.3350,155.5195,156.6009
2023-11-09,157.6233,159.4978,155.5359,155.8505
2023-11-10,157.8036,162.6404,157.1515,162.1358
2023-11-13,160.8610,161.1068,159.5109,160.5563
2023-11-14,164.6164,166.9890,164.3313,166.4942
2023-11-15,167.5297,168.9552,166.4384,167.7034
2023-11-16,166.9988,168.2834,166.4352,167.7853
2023-11-17,167.2642,169.2927,166.9890,168.9650
2023-11-20,168.7815,172.0421,168.7258,171.4555
2023-11-21,170.0497,170.0497,167.3855,168.2506
2023-11-22,169.3746,171.4555,168.3162,168.7880
2023-11-24,168.7782,169.0994,168.1851,168.9093
2023-11-27,168.2834,170.1054,167.8640,168.6734
2023-11-28,167.7067,168.5751,166.3402,167.6870
2023-11-29,170.0628,172.0519,169.2206,169.5057
2023-11-30,169.7712,169.9416,166.9661,168.3227
2023-12-01,167.4511,169.4271,166.1435,169.1125
2023-12-04,167.3888,167.5592,164.8065,167.2184
2023-12-05,165.6160,166.7105,164.8885,166.2681
2023-12-06,168.6832,168.7782,165.0490,165.2424
2023-12-07,166.7989,170.1972,166.1337,169.6728
2023-12-08,169.2731,171.7603,169.2010,171.0132
2023-12-11,172.6156,177.3967,172.4321,176.8462
2023-12-12,175.9548,178.1471,175.6435,178.1209
2023-12-13,178.1472,181.8960,177.4852,180.8638
2023-12-14,182.3253,186.4019,182.3253,185.8776
2023-12-15,186.4216,188.6663,186.1660,186.5690
2023-12-18,186.5657,186.8738,184.3571,186.0513
2023-12-19,186.3167,187.4210,186.0808,187.0442
2023-12-20,185.6464,186.7267,181.4994,181.4994
2023-12-21,185.4232,186.8646,184.5596,186.5231
2023-12-22,187.4129,188.2404,185.7876,187.1207
2023-12-26,187.9777,191.1823,187.9777,190.4271
2023-12-27,191.2973,191.6223,189.8624,190.9164
2023-12-28,191.3596,191.7241,190.3089,190.5585
2023-12-29,190.5979,190.9788,188.1419,189.1597
2024-01-02,185.9584,185.9584,180.7968,182.3466
2024-01-03,179.1222,180.1368,177.7234,178.4294
2024-01-04,175.6122,178.7282,175.2182,176.9289
2024-01-05,177.2605,179.4735,176.7023,177.9106
2024-01-08,179.1354,184.1853,179.0861,183.7059
2024-01-09,181.6340,185.1802,181.3615,183.7683
2024-01-10,184.1853,184.2247,180.8362,183.1510
2024-01-11,183.4104,185.0226,180.2353,183.8274
2024-01-12,184.0736,184.9668,182.1298,183.0164
2024-01-16,183.2429,186.8646,182.3006,185.6103
2024-01-17,183.7158,184.1262,180.7902,183.9095
2024-01-18,189.0152,190.2301,186.9696,189.9806
2024-01-19,192.3742,197.6671,191.3957,197.4110
2024-01-22,199.0462,200.6452,196.2421,198.0579
2024-01-23,198.1301,199.6076,196.2487,199.3712
2024-01-24,201.6729,204.9630,200.0936,202.2738
2024-01-25,205.9973,206.1319,200.6945,201.7124
2024-01-26,197.5850,198.9280,195.5953,196.2749
2024-01-29,196.6624,198.3173,195.2243,198.3173
2024-01-30,197.1319,198.3403,194.4395,195.2538
2024-01-31,192.2199,195.9466,190.7095,192.4268
2024-02-01,193.2049,193.8583,190.8474,193.3790
2024-02-02,193.3724,196.3012,192.8470,195.8481
2024-02-05,197.5194,199.5125,195.3425,198.5241
2024-02-06,199.0856,199.2399,194.0061,196.2093
2024-02-07,197.5982,199.3975,195.5428,199.2104
2024-02-08,199.8375,204.0994,199.7620,202.6350
2024-02-09,203.8696,206.9987,202.6711,206.6704
2024-02-12,206.6934,210.1147,205.4654,206.2961
2024-02-13,200.3136,204.2439,199.3384,202.0571
2024-02-14,204.6478,206.7262,203.7579,206.6211
2024-02-15,207.9640,208.2169,205.5080,206.4241
2024-02-16,207.9739,209.5663,204.6477,205.2552
2024-02-20,203.3311,204.0600,198.6916,201.8010
2024-02-21,199.5190,201.3873,198.4650,201.3380
2024-02-22,209.2643,212.4000,208.3384,211.2606
2024-02-23,212.3245,213.4179,207.8689,208.9819
2024-02-26,211.0899,211.9863,209.5762,211.0439
2024-02-27,212.0618,212.6035,210.2887,210.8338
2024-02-28,208.4992,209.5762,207.4847,208.4631
2024-02-29,211.0472,214.5408,210.3873,214.1107
2024-03-01,216.5864,224.1843,216.3402,223.2223
2024-03-04,225.6980,227.8815,224.1712,225.4156
2024-03-05,222.6903,224.2368,218.5729,220.9961
2024-03-06,225.5995,228.8074,223.9118,226.4269
2024-03-07,229.3065,235.1379,229.1686,234.1923
2024-03-08,234.9803,236.4184,224.5586,224.7162
2024-03-11,222.1256,223.3963,219.1902,221.7316
2024-03-12,224.5685,226.4499,220.6382,226.3317
2024-03-13,223.6524,223.9676,219.4758,220.8155
2024-03-14,220.2245,221.4754,214.8560,217.0428
2024-03-15,214.1468,218.0574,213.8513,215.4864
2024-03-18,219.1705,219.9979,215.1023,215.3190
2024-03-19,212.5215,214.4324,209.4679,213.5164
2024-03-20,214.0286,217.7225,212.3048,217.1511
2024-03-21,224.1964,226.0798,221.6229,222.0370
2024-03-22,221.0312,223.9302,220.3311,222.3032
2024-03-25,219.1479,223.4471,218.6154,221.4355
2024-03-26,223.0329,223.7132,219.7198,219.7691
2024-03-27,222.2441,222.6089,218.3098,222.5300
2024-03-28,222.2736,223.8316,221.7708,222.7666
2024-04-01,222.9047,228.2195,222.9047,225.1135
2024-04-02,221.4059,222.1159,219.2958,221.6426
2024-04-03,219.0690,223.8217,219.0394,222.2638
2024-04-04,225.3205,225.9713,215.5094,215.9728
2024-04-05,216.9293,219.8874,215.5291,218.5365
2024-04-08,219.8283,220.9819,218.2210,219.0986
2024-04-09,221.3073,222.1553,217.6787,221.4552
2024-04-10,217.7576,220.3114,216.1700,217.4125
2024-04-11,218.7830,222.7173,216.9884,222.3229
2024-04-12,218.3985,218.6647,214.6022,215.0262
2024-04-15,217.9646,218.7633,211.2497,212.3047
2024-04-16,212.3935,214.9572,211.5159,213.9120
2024-04-17,214.0698,214.4050,206.9703,207.4238
2024-04-18,205.9448,207.2957,203.0951,203.7459
2024-04-19,201.9414,203.2430,194.6743,195.6209
2024-04-22,197.6423,200.2750,195.2561,198.8453
2024-04-23,200.2159,203.9727,199.6735,202.9965
2024-04-24,208.4296,209.5340,203.8544,205.6292
2024-04-25,205.1362,210.8454,204.0417,209.4452
2024-04-26,209.1888,214.7797,208.7057,213.8725
2024-04-29,213.4979,215.7066,211.9695,215.4995
2024-04-30,214.5628,216.9293,210.9440,211.0032
2024-05-01,207.0787,210.8553,202.7204,203.8741
2024-05-02,207.3647,209.1987,203.6374,208.4592
2024-05-03,212.8372,214.3754,211.4863,213.1527
2024-05-06,214.9670,217.5998,214.1289,217.5801
2024-05-07,217.8956,218.4774,215.6573,215.6573
2024-05-08,213.5767,216.0714,213.3499,215.8643
2024-05-09,215.8742,216.2785,214.0303,215.0558
2024-05-10,217.4125,219.3155,216.2095,217.1660
2024-05-13,218.1125,218.9802,217.2547,217.6195
2024-05-14,217.4519,221.4256,217.2448,221.2383
2024-05-15,223.5851,227.5983,222.3525,227.4503
2024-05-16,227.4010,229.1956,226.2572,226.3361
2024-05-17,227.7757,228.1702,223.2597,225.0543
2024-05-20,226.0699,231.4438,225.6558,230.0042
2024-05-21,226.9672,229.6394,226.8587,229.2647
2024-05-22,231.3946,232.5581,229.5605,231.9566
2024-05-23,237.4686,237.5573,228.9196,230.6550
2024-05-24,232.7454,236.0092,231.7199,235.2302
2024-05-28,237.9813,240.2295,235.5162,239.2040
2024-05-29,234.8063,235.8416,233.9484,234.2639
2024-05-30,234.3329,235.0034,231.4142,232.6369
2024-05-31,233.4751,234.0470,224.3246,230.7437
2024-06-03,234.4809,234.6288,226.9869,231.1185
2024-06-04,230.7339,231.0888,227.5687,229.3140
2024-06-05,233.3962,239.4998,232.5680,239.3421
2024-06-06,239.5787,239.5787,235.6049,237.3798
2024-06-07,237.4784,238.1785,235.0232,236.6699
2024-06-10,234.8358,240.7619,234.5104,240.0815
2024-06-11,238.8277,240.6147,236.4582,240.2790
2024-06-12,244.5540,247.9701,244.0308,247.0519
2024-06-13,248.8587,250.8530,246.3410,249.7374
2024-06-14,247.6147,249.5695,246.5582,248.8389
2024-06-17,250.5074,253.2422,247.4369,252.7683
2024-06-18,253.7359,257.3395,253.2324,255.9869
2024-06-20,256.3621,256.8163,247.6344,249.0364
2024-06-21,246.9630,249.4806,243.8037,246.6076
2024-06-24,244.3862,245.8770,239.4398,239.5681
2024-06-25,241.4934,243.3890,238.7191,243.2508
2024-06-26,243.0830,244.5145,239.6274,242.3030
2024-06-27,241.8291,243.6161,239.6175,241.0590
2024-06-28,242.7275,248.2663,241.5625,243.4976
2024-07-01,243.3594,243.7741,238.8968,243.4877
2024-07-02,242.0858,246.9927,241.8883,246.9137
2024-07-03,247.5357,252.3339,246.2127,251.0307
2024-07-05,253.0251,253.5681,250.0632,251.5244
2024-07-08,253.4496,256.5991,253.4299,256.2930
2024-07-09,257.4383,258.7514,253.8643,256.1745
2024-07-10,258.5441,262.6216,257.2704,262.1181
2024-07-11,263.7570,263.8459,252.7190,253.4990
2024-07-12,254.5652,261.0617,253.3015,256.5892
2024-07-15,258.0307,260.2817,255.3057,256.8755
2024-07-16,258.2084,258.8106,254.3184,258.4651
2024-07-17,249.5399,250.4383,239.6965,240.0815
2024-07-18,244.2677,244.3763,236.6062,240.8023
2024-07-19,240.4666,240.6048,233.0421,233.4370
2024-07-22,238.4525,243.3100,236.4582,243.1126
2024-07-23,239.8051,241.9673,238.7684,239.4892
2024-07-24,236.2212,236.8432,226.4371,226.7530
2024-07-25,224.8179,229.1127,217.8278,221.6980
2024-07-26,226.7530,228.2735,224.0281,226.4568
2024-07-29,228.6585,231.8475,225.1338,225.9829
2024-07-30,227.0788,227.6317,217.0281,217.7785
2024-07-31,227.7897,232.6077,226.0619,232.3905
2024-08-01,228.4610,230.2481,212.8518,215.6459
2024-08-02,206.4048,208.7644,201.6164,204.1833
2024-08-05,190.6376,206.0296,190.4204,200.5797
2024-08-06,202.4556,207.8067,199.1777,202.3963
2024-08-07,208.8138,210.4725,196.3245,196.7589
2024-08-08,202.8604,210.5514,198.6841,210.3342
2024-08-09,208.8039,210.9661,206.0987,209.0902
2024-08-12,209.4062,212.8124,207.6290,210.2947
2024-08-13,213.2468,219.1607,211.9435,218.8349
2024-08-14,220.8095,221.6882,214.7277,218.2820
2024-08-15,223.1988,229.6656,222.1818,228.7770
2024-08-16,226.6740,229.2706,225.1338,228.2932
2024-08-19,227.4046,232.2128,224.7685,232.1733
2024-08-20,230.9787,232.5583,227.3454,229.1028
2024-08-21,230.2481,233.5062,229.6853,232.3510
2024-08-22,233.6937,234.4836,223.7418,224.4131
2024-08-23,227.9872,232.0153,226.7827,230.4258
2024-08-26,229.5175,230.2481,223.8208,224.6402
2024-08-27,223.0112,227.8785,220.9675,227.1282
2024-08-28,226.1804,227.7699,220.7799,223.0309
2024-08-29,224.2157,228.0859,221.3624,222.3891
2024-08-30,227.6317,228.8066,224.3934,228.2043
2024-09-03,223.9195,223.9491,209.5839,210.7884
2024-09-04,208.4287,214.7277,207.8462,211.4795
2024-09-05,208.5176,213.6318,208.1819,210.3441
2024-09-06,208.7644,208.9224,200.2835,201.3399
2024-09-09,204.6079,206.0296,201.9619,205.3188
2024-09-10,205.6939,207.7080,202.3569,207.4809
2024-09-11,208.9027,217.5416,204.5388,217.1170
2024-09-12,215.9224,218.1635,212.8914,216.1593
2024-09-13,218.0451,220.6120,217.5218,220.0197
2024-09-16,216.8800,218.1931,214.2834,217.0874
2024-09-17,219.8222,220.3356,215.4583,217.3539
2024-09-18,218.3708,221.3624,214.7376,214.9548
2024-09-19,223.1000,227.1381,221.3130,224.1071
2024-09-20,221.8560,222.7051,217.6403,220.8292
2024-09-23,221.8955,222.6854,220.1184,221.6882
2024-09-24,223.6727,225.7262,221.1254,224.3736
2024-09-25,223.6531,227.4041,223.5245,225.9196
2024-09-26,235.2722,235.9254,227.9187,233.9955
2024-09-27,234.7081,234.7378,229.0866,230.2841
2024-09-30,227.4239,229.7200,224.9595,228.2157
2024-10-01,228.1266,228.8194,220.0407,221.8222
2024-10-02,222.2576,227.2853,220.9611,224.8111
2024-10-03,223.0395,228.4532,222.8911,225.6128
2024-10-04,230.0961,230.4821,226.0383,228.7006
2024-10-07,227.2359,229.8685,226.4243,228.0771
2024-10-08,228.0771,231.1353,226.5827,230.3237
2024-10-09,230.0961,233.0553,228.5027,232.7287
2024-10-10,229.6013,232.3724,228.2750,231.0957
2024-10-11,229.4033,233.7580,229.2846,233.0355
2024-10-14,234.5201,237.8158,234.3716,237.3308
2024-10-15,236.7766,237.9939,223.3958,225.0189
2024-10-16,227.7505,227.7505,224.0787,225.0189
2024-10-17,230.8978,231.4619,226.7905,226.7905
2024-10-18,228.9183,228.9282,226.0680,226.9983
2024-10-21,226.0878,227.1765,223.6531,226.5728
2024-10-22,225.3356,226.4540,223.9500,225.7315
2024-10-23,225.3059,226.1571,220.5751,223.7125
2024-10-24,225.7216,225.8602,223.2573,224.9595
2024-10-25,227.0874,230.6701,227.0082,227.2161
2024-10-28,227.1369,228.9282,226.0185,227.3546
2024-10-29,227.5526,234.0252,226.5035,232.9464
2024-10-30,226.9290,228.3641,224.6428,224.7319
2024-10-31,222.5842,222.6733,214.3301,216.0126
2024-11-01,217.7545,220.4663,217.0518,218.3087
2024-11-04,217.6654,220.1694,216.2501,217.0518
2024-11-05,217.1508,219.7834,216.8835,219.5854
2024-11-06,224.0292,226.8103,222.0003,225.9888
2024-11-07,229.4429,231.0066,228.9382,230.6998
2024-11-08,229.4429,230.7889,227.7703,228.9777
2024-11-11,226.8202,226.8202,220.4861,223.2474
2024-11-12,222.4655,222.8317,217.8832,220.8127
2024-11-13,219.2192,219.8428,215.7256,216.1215
2024-11-14,218.2296,219.0906,215.5970,215.9928
2024-11-15,212.3606,213.4493,208.4216,209.0352
2024-11-18,208.9758,212.1231,208.0752,211.7371
2024-11-19,211.1334,212.5981,210.2822,212.1429
2024-11-20,210.8761,211.4798,207.4913,210.5198
2024-11-21,212.8357,215.0229,208.7284,213.8551
2024-11-22,213.3998,214.4687,212.3507,213.9441
2024-11-25,216.7153,218.0316,214.6468,216.0324
2024-11-26,217.7347,218.3186,211.5688,213.2315
2024-11-27,212.0439,212.2022,206.7391,210.3713
2024-11-29,211.9152,215.7751,211.8757,213.1821
2024-12-02,214.4687,220.1793,214.2906,218.7838
2024-12-03,217.3883,218.7838,216.7648,217.5467
2024-12-04,221.8419,222.0102,218.8629,220.4267
2024-12-05,220.0407,220.3673,215.6464,216.2600
2024-12-06,216.3491,218.1108,215.7553,217.5665
2024-12-09,216.2501,219.2588,215.1417,216.5173
2024-12-10,217.1706,217.3190,210.0051,211.3709
2024-12-11,214.4984,217.9623,213.1821,216.6856
2024-12-12,215.1516,215.9334,213.2415,215.0031
2024-12-13,220.0110,222.3467,217.7446,221.0007
2024-12-16,221.7034,226.2264,220.1001,225.0981
2024-12-17,222.8757,224.2040,220.6156,221.9141
2024-12-18,223.3812,225.1754,212.0808,213.7065
2024-12-19,214.2021,214.6680,209.6027,210.1181
2024-12-20,208.9682,215.8774,208.4627,212.9432
2024-12-23,214.5788,219.6640,214.5788,219.3864
2024-12-24,220.8337,221.7258,219.4162,221.6465
2024-12-26,220.0407,222.9847,219.7532,221.5771
2024-12-27,220.2488,220.7742,216.9380,219.7036
2024-12-30,215.9368,217.3940,213.7858,215.3817
2024-12-31,216.0260,216.9083,212.7648,213.6074
2025-01-02,215.7783,218.2961,213.0820,214.9258
2025-01-03,216.3433,221.0914,216.0558,220.5264
2025-01-06,225.2745,229.7749,225.2745,226.9101
2025-01-07,229.6757,229.8641,222.5981,223.8174
2025-01-08,223.0839,223.4903,219.1783,221.5870
2025-01-10,218.8115,218.9503,214.8861,216.2937
2025-01-13,211.9817,215.9369,211.7934,215.6296
2025-01-14,217.4337,218.8214,214.2319,217.0471
2025-01-15,220.5363,222.6874,219.7334,221.2599
2025-01-16,225.2646,225.7999,221.5771,221.5870
2025-01-17,226.5830,228.3078,225.3737,227.7329
2025-01-21,229.7848,232.5306,227.7923,230.4192
2025-01-22,232.7784,236.2577,232.2729,233.7498
2025-01-23,230.0029,233.3236,229.1603,233.3137
2025-01-24,233.4227,233.4227,227.7031,228.6250
2025-01-27,217.0867,217.6914,207.9076,210.6931
2025-01-28,211.7537,212.8936,207.1542,211.6347
2025-01-29,213.6768,214.2913,210.2966,212.5071
2025-01-30,215.1141,218.0681,213.8750,216.8290
2025-01-31,218.0681,222.3305,215.5701,216.2243
2025-02-03,210.5345,214.9555,209.1170,212.3286
2025-02-04,211.8529,215.3718,211.5654,214.5094
2025-02-05,213.9444,219.1089,212.6062,218.6628
2025-02-06,217.1363,218.7718,215.9765,218.3753
2025-02-07,218.8809,220.1398,213.5082,214.9753
2025-02-10,216.5415,218.3258,216.5118,217.7806
2025-02-11,215.9864,219.2377,215.9864,217.9788
2025-02-12,214.5490,218.2960,214.0633,218.2167
2025-02-13,218.0284,221.0418,217.9689,220.8931
2025-02-14,220.8733,221.8150,219.9812,221.1212
2025-02-18,222.7369,225.4827,221.5176,224.7789
2025-02-19,225.1655,229.5964,224.2833,228.5160
2025-02-20,229.9731,231.4005,226.7515,229.0512
2025-02-21,229.7352,229.8244,221.1806,222.0232
2025-02-24,223.0046,223.3713,216.6307,216.8092
2025-02-25,216.5415,217.3048,211.7140,212.3385
2025-02-26,215.0546,217.8797,213.6966,216.0360
2025-02-27,217.2651,217.5823,203.1297,203.4568
2025-02-28,203.5758,208.2149,201.3454,206.6983
2025-03-03,209.6621,209.8009,197.5786,199.3926
2025-03-04,199.0457,205.8061,194.9815,200.5028
2025-03-05,202.7530,205.4790,198.8177,204.8248
2025-03-06,197.8364,201.9402,195.6060,196.3098
2025-03-07,197.0632,202.7530,194.7635,202.0691
2025-03-10,197.0830,198.5302,189.8864,192.7214
2025-03-11,192.8206,194.5949,187.4578,190.4415
2025-03-12,194.9815,196.9541,192.6223,194.3669
2025-03-13,194.3570,197.4994,191.4923,193.3955
2025-03-14,196.7658,199.9478,196.5874,199.3629
2025-03-17,198.5600,204.4580,198.4609,202.6539
2025-03-18,200.6004,201.5333,198.6848,199.9651
2025-03-19,199.9949,204.8881,198.5061,201.5929
2025-03-20,199.0223,202.1984,198.8635,199.9850
2025-03-21,196.4615,198.6451,194.9032,197.8908
2025-03-24,202.0495,205.1164,201.8113,203.7665
2025-03-25,203.5184,204.1735,202.0395,202.6648
2025-03-26,201.7021,202.5358,194.9727,196.9875
2025-03-27,194.4070,195.5682,191.9356,193.1068
2025-03-28,191.8462,192.7892,186.0399,187.2707
2025-03-31,183.3204,186.8935,180.7597,186.7645
2025-04-01,186.0499,186.9332,182.4271,186.8637
2025-04-02,184.0053,190.5857,183.3502,188.0647
2025-04-03,178.4074,179.7870,168.7203,169.0875
2025-04-04,162.6956,164.5318,153.4552,156.4526
2025-04-07,150.8944,169.1471,147.2022,160.0654
2025-04-08,166.3878,168.5813,149.9813,153.7033
2025-04-09,154.9340,184.1740,153.7827,182.2485
2025-04-10,173.2561,174.3380,161.1770,167.3506
2025-04-11,165.7328,171.8170,163.1919,170.9733
2025-04-14,176.2238,176.2238,169.5143,172.1048
2025-04-15,173.0179,175.3107,171.9559,172.8095
2025-04-16,165.0876,168.3133,160.6212,166.1397
2025-04-17,167.3109,167.4895,163.5790,165.3060
2025-04-21,161.9214,162.6757,159.0629,162.4177
2025-04-22,163.9958,166.7650,163.3904,165.5740
2025-04-23,173.9410,175.8169,171.0627,171.7773
2025-04-24,176.4720,182.1889,175.2214,181.6629
2025-04-25,179.8465,184.7298,179.3106,183.4296
2025-04-28,182.5165,184.3725,179.0922,183.1021
2025-04-29,180.8788,183.1616,179.8962,181.1468
2025-04-30,176.6705,183.0028,175.4496,182.4668
2025-05-01,184.6107,185.9506,182.0996,182.2187
2025-05-02,186.5461,190.4368,186.4270,188.6106
2025-05-05,186.7843,189.0374,186.5263,187.1615
2025-05-06,183.8762,186.8439,182.8936,185.3749
2025-05-07,185.1864,189.1565,183.4296,188.6205
2025-05-08,191.0721,193.5832,189.0473,190.3078
2025-05-09,193.0274,194.1688,190.8438,192.4914
2025-05-12,205.2553,207.8260,203.4589,206.3173
2025-05-13,207.1411,213.2154,206.8533,212.1633
2025-05-14,213.6025,215.0814,211.6175,213.1856
2025-05-15,211.1013,213.3941,209.3346,211.8160
2025-05-16,211.9648,211.9648,209.1063,211.5381
2025-05-19,206.6647,210.8036,206.6151,210.2676
2025-05-20,208.4711,210.0393,207.8459,209.9599
2025-05-21,208.1833,212.3023,204.8087,206.1188
2025-05-22,205.9799,207.9054,204.0445,204.2132
2025-05-23,198.9726,202.1388,198.4366,201.0470
2025-05-27,205.4141,208.6597,203.7368,207.7267
2025-05-28,208.2726,208.8880,206.1982,206.6846
2025-05-29,211.4388,211.5777,206.1982,207.5282
2025-05-30,206.2677,206.3173,199.6178,203.4092
2025-06-02,202.8931,207.2702,202.7641,206.4762
2025-06-03,206.5952,212.5405,205.1660,212.0244
2025-06-04,213.7812,215.9945,211.9450,215.1806
2025-06-05,216.8382,218.6347,212.8085,214.2775
2025-06-06,216.3717,218.5850,215.5876,215.7166
2025-06-09,217.6917,222.7338,217.4932,220.7984
2025-06-10,221.8703,226.3764,221.3244,225.6221
2025-06-11,227.1903,228.0836,222.5949,224.8678
2025-06-12,223.2598,226.2970,222.9224,225.1754
2025-06-13,220.3319,222.9025,218.6545,219.3096
2025-06-16,222.4061,227.3697,222.0579,226.2357
2025-06-17,225.2509,228.4241,224.2861,224.4452
2025-06-18,225.6488,227.9764,223.9081,225.3604
2025-06-20,227.5785,227.8670,220.9837,223.9180
2025-06-23,223.8285,226.6833,220.6853,225.3106
2025-06-24,229.3491,234.1138,229.2397,233.8551
2025-06-25,235.4069,235.9838,233.5567,235.9540
2025-06-26,237.7743,238.3811,235.9241,237.8041
2025-06-27,238.0428,239.9527,235.1184,237.5952
2025-06-30,238.8983,238.8983,236.3021,237.4361
2025-07-01,235.4467,237.9135,232.8405,236.3618
2025-07-02,235.8346,241.8327,235.7451,240.8579
2025-07-03,241.8625,242.9069,241.4149,242.0515
2025-07-07,240.0124,240.8479,236.4911,237.5157
2025-07-08,239.7836,244.1006,238.8386,242.0515
2025-07-09,242.7180,245.2246,240.5992,242.8274
2025-07-10,245.1152,246.2094,242.9766,245.2445
2025-07-11,243.7127,245.7618,242.7677,244.8665
2025-07-14,242.8572,243.4441,239.0774,242.5389
2025-07-15,247.4726,248.6365,244.7969,244.9560
2025-07-16,242.9865,244.3692,237.9533,244.2896
2025-07-17,244.2399,245.8215,242.6185,245.2246
2025-07-18,246.6371,247.0549,243.5834,245.4236
2025-07-21,246.0502,248.8652,245.6424,245.6424
2025-07-22,244.7372,245.1948,239.4156,242.2505
2025-07-23,240.4401,241.1165,237.7942,240.7783
2025-07-24,240.3108,240.8081,238.1921,240.2809
2025-07-25,238.8287,240.3903,237.8340,240.2610
2025-07-28,242.9169,244.6974,242.6185,244.4487
2025-07-29,245.9806,248.2087,243.2054,244.8864
2025-07-30,247.0449,248.1789,244.5681,246.6371
2025-07-31,243.7425,243.9912,236.4016,238.7590
2025-08-01,234.2630,238.3413,231.0998,235.9838
2025-08-04,237.4958,239.5846,236.5110,239.1271
2025-08-05,240.4799,241.1662,234.6310,237.4659
2025-08-06,235.3074,236.2026,232.4327,235.6754
2025-08-07,240.7584,242.0814,237.6251,239.5648
2025-08-08,239.7338,241.8923,239.0176,241.5840
2025-08-11,242.4892,245.2047,240.6689,241.1264
2025-08-12,242.9468,249.0542,241.4249,248.8354
2025-08-13,250.7950,252.7545,249.7107,252.5357
2025-08-14,249.0344,253.7095,248.7260,252.7943
2025-08-15,250.8547,250.9342,246.3089,247.0052
2025-08-18,246.2293,248.0197,246.1696,247.7313
2025-08-19,247.7512,248.7160,243.4242,243.8519
2025-08-20,243.3446,243.3446,235.8445,242.4494
2025-08-21,241.1861,242.8274,239.7239,241.0767
2025-08-22,241.8327,250.6557,241.1563,247.7711
2025-08-25,247.5323,248.3082,245.9607,247.1941
2025-08-26,248.2485,250.2777,248.1888,249.5217
2025-08-27,248.5569,250.3275,247.5025,250.0091
2025-08-28,250.9840,252.9734,249.5715,251.2128
2025-08-29,247.6219,247.6219,242.8771,244.0210
2025-09-02,237.4062,241.6437,236.8890,241.5442
2025-09-03,241.9421,242.1311,237.9633,240.4003
2025-09-04,238.7889,243.2253,237.4858,242.8771
2025-09-05,246.5376,247.1842,242.8373,245.7419
2025-09-08,247.0947,248.5967,246.2492,247.5323
2025-09-09,247.7910,248.3579,245.9209,247.7412
2025-09-10,251.6902,252.8639,250.5264,252.1080
2025-09-11,253.4608,255.1518,253.2718,253.8388
2025-09-12,254.4555,255.0423,252.8142,254.2864
2025-09-15,253.8487,256.4748,253.1823,256.4350
2025-09-16,257.4626,258.2201,255.7581,257.7516
2025-09-17,257.1138,259.9048,254.0137,257.7019
2025-09-18,264.2110,268.1184,263.2939,266.7129
2025-09-19,266.4438,266.5434,262.7556,265.0084
2025-09-22,265.7958,269.7930,265.7260,268.9656
2025-09-23,269.9226,271.2583,267.0518,268.6467
2025-09-24,267.8792,268.8959,264.7592,268.2380
2025-09-25,263.7325,268.0785,260.9614,267.3807
2025-09-26,267.6698,268.5570,264.8887,267.9688
2025-09-29,270.8496,271.9261,268.0087,268.0685
2025-09-30,267.9888,270.5805,266.9023,270.2515
2025-10-01,268.5171,275.8137,268.0187,275.4548
2025-10-02,280.5983,281.6350,278.7143,280.7877
2025-10-03,282.0437,283.4292,277.5880,279.0632
2025-10-06,290.0579,291.5730,287.4263,287.4363
2025-10-07,290.0479,290.5463,280.6282,281.0070
2025-10-08,281.0967,290.9251,280.5784,290.6061
2025-10-09,290.1476,290.6759,286.5491,289.2604
2025-10-10,289.8885,290.6959,270.5905,271.1188
2025-10-13,281.8742,285.0340,279.4420,283.9575
2025-10-14,277.6079,283.8578,276.4715,278.1362
2025-10-15,285.3331,287.0974,280.9372,286.7187
2025-10-16,290.1476,291.3238,285.0241,288.0544
2025-10-17,285.9710,288.7122,282.8112,287.2469
2025-10-20,289.6791,294.0551,289.5695,292.0316
2025-10-21,291.5631,291.7624,288.2936,290.3968
2025-10-22,287.1871,288.9016,277.5680,283.2199
2025-10-23,281.5851,290.9251,281.3459,290.1277
2025-10-24,295.3808,297.2647,294.4937,294.9123
2025-10-27,300.4645,304.0330,299.4477,303.1060
2025-10-28,302.4879,304.9899,301.4114,303.4748
2025-10-29,308.8774,311.7881,305.9867,308.6083
2025-10-30,306.9536,310.1234,304.4018,304.4317
2025-10-31,307.7112,310.3228,303.2854,305.5680
2025-11-03,309.4057,310.7514,306.1462,307.3922
2025-11-04,299.3779,303.7738,294.6033,295.3110
2025-11-05,296.2580,308.1797,295.9390,304.4915
2025-11-06,304.0230,304.9102,294.4039,296.5470
2025-11-07,291.7026,293.5068,282.6816,293.4370
2025-11-10,301.4712,302.3883,297.5837,301.0327
2025-11-11,298.0821,299.0590,293.7461,294.2046
2025-11-12,299.2583,300.7236,296.5470,298.7101
2025-11-13,294.9920,296.1782,285.5324,288.4530
2025-11-14,279.7211,291.8621,278.5150,287.5958
2025-11-17,285.1537,290.5962,279.3423,282.6517
2025-11-18,278.6445,280.5085,273.2120,276.0927
2025-11-19,277.2491,284.2266,275.9333,280.7079
2025-11-20,287.9746,289.0611,266.1447,267.2412
2025-11-21,267.4107,273.8799,259.6058,269.9625
2025-11-24,272.9030,283.1401,272.7435,281.7944
2025-11-25,278.0664,283.4292,271.8863,282.6716
2025-11-26,285.8016,293.1380,285.6919,290.4566
2025-11-28,292.3107,296.0387,290.8952,295.7895
2025-12-01,291.9319,298.4609,291.5930,295.9689
2025-12-02,299.4876,303.8635,297.7332,301.8699
2025-12-03,303.5246,308.5784,300.5043,308.3690
2025-12-04,306.8539,307.2825,303.6143,305.2989
2025-12-05,308.3092,311.8279,307.9404,308.4089
2025-12-08,310.9308,313.0739,308.8774,311.7582
2025-12-09,309.7845,311.8479,308.4488,311.1800
2025-12-10,311.0105,316.3334,309.5652,315.3167
2025-12-11,311.7980,313.7717,304.8105,313.5125
2025-12-12,309.8044,310.6019,297.0055,298.5207
2025-12-15,301.6307,302.5278,296.2779,297.0554
2025-12-16,296.1929,298.3991,292.5692,295.6838
2025-12-17,296.8019,297.6604,283.9343,284.7329
2025-12-18,295.2046,296.4425,290.3331,291.5311
2025-12-19,294.1565,301.1642,293.9868,299.2875
2025-12-22,306.1955,306.4051,302.0227,303.3105
2025-12-23,301.6833,304.5883,300.8448,304.4285
2025-12-24,304.4685,305.9659,304.1790,305.6065
2025-12-26,306.8643,307.0040,304.7580,305.5067
2025-12-29,302.8413,305.9259,301.3639,304.7879
2025-12-30,305.5466,306.9442,304.1690,304.3886
2025-12-31,305.1073,305.5865,300.5852,300.6252
2026-01-02,308.0222,315.2596,308.0222,313.1433
2026-01-05,320.1411,322.0777,316.3278,317.5057
2026-01-06,321.5087,328.5764,321.4388,327.7778
2026-01-07,324.4835,325.3819,321.5486,324.3238
2026-01-08,323.6250,323.6250,315.8486,319.0230
2026-01-09,322.2374,330.0938,320.5504,328.2070
2026-01-12,325.1324,330.8025,324.9627,329.7743
2026-01-13,332.2699,335.8337,331.3116,332.7191
2026-01-14,330.4531,331.4114,326.6098,331.3216
2026-01-15,342.5021,343.9495,336.6323,336.6323
2026-01-16,342.9114,344.8080,339.6271,341.8732
2026-01-20,335.6141,342.5919,335.3745,336.7621
2026-01-21,341.2443,350.7177,339.7069,347.5333
2026-01-22,353.7424,353.9820,346.7646,348.0623
2026-01-23,345.7863,347.4235,341.5737,344.1093
2026-01-26,342.6917,344.8979,340.5355,342.4721
2026-01-27,347.5533,352.5845,346.0459,350.4682
2026-01-28,357.9052,361.4091,356.0983,359.8318
2026-01-29,360.5505,363.1660,347.1140,360.5006
2026-01-30,355.3796,359.5623,343.1110,345.6965
2026-02-02,341.7733,355.4894,341.3041,352.0753
2026-02-03,355.2897,356.4976,337.5008,345.0376
2026-02-04,341.5837,344.7881,322.7665,329.8043
2026-02-05,325.9709,334.8854,323.4753,330.2534
2026-02-06,336.8120,348.9508,335.2847,347.9026
2026-02-09,344.2390,354.1218,343.2807,352.1552
2026-02-10,352.9039,354.4213,347.5133,350.8175
2026-02-11,358.1947,361.6487,350.7876,359.5723
2026-02-12,362.8266,364.7432,350.4382,350.8874
2026-02-13,352.1852,356.9868,348.0723,354.0419
2026-02-17,349.2004,356.4777,344.7182,353.4829
2026-02-18,355.1999,361.0397,352.9838,357.2963
2026-02-19,353.5628,355.6991,351.1570,355.2199
2026-02-20,352.9738,360.7003,352.1851,358.8036
2026-02-23,356.9468,359.7519,352.2351,356.1982
2026-02-24,360.9698,364.1043,357.4160,361.4091
2026-02-25,365.5619,368.1773,364.8731,367.3587
2026-02-26,365.7415,365.8413,349.7993,356.1782
2026-02-27,348.9907,353.4130,347.7329,351.6761
2026-03-02,343.1909,351.7160,342.7417,351.4365
2026-03-03,337.5008,338.7187,330.3134,334.1966
2026-03-04,339.3675,343.2108,336.2031,340.9448
2026-03-05,338.3094,343.1210,329.9939,337.1714
2026-03-06,327.8277,334.4561,320.9297,322.9462
2026-03-09,317.7553,336.5824,315.6689,335.7838
2026-03-10,335.7239,344.9578,335.7239,338.2195
2026-03-11,339.9066,344.7981,339.8567,341.4938
2026-03-12,336.7521,336.9618,328.0673,329.6146
2026-03-13,333.2982,337.8103,329.2153,330.7426
2026-03-16,338.2994,341.4439,335.7339,337.2412
2026-03-17,340.1760,340.7753,336.4102,339.8663
2026-03-18,340.1460,343.0527,337.9085,337.9085
2026-03-19,328.3893,342.3835,326.3915,339.8164
2026-03-20,339.3269,340.8652,327.5702,332.1350
2026-03-23,339.7364,344.5410,334.7421,336.2104
2026-03-24,333.4136,342.8329,333.2438,340.6354
2026-03-25,343.7819,347.2879,341.7542,344.8607
2026-03-26,339.0672,339.5067,328.1495,328.4792
2026-03-27,326.4714,329.5779,321.7967,323.1152
2026-03-30,326.3815,327.2605,306.9135,309.4406
2026-03-31,315.2441,328.8088,314.5249,328.2894
2026-04-01,333.1139,342.2636,331.9752,338.1582
2026-04-02,324.7433,340.0061,324.6634,339.2270
2026-04-06,341.1348,345.3800,339.5367,343.7119
2026-04-07,342.6532,347.5476,338.0883,347.3678
2026-04-08,367.4751,370.7314,361.7216,369.9823
2026-04-09,370.8813,378.5226,370.8813,378.2030
2026-04-10,382.2385,389.1606,382.2385,386.1640
2026-04-13,384.4460,393.1262,383.9365,392.8964
2026-04-14,397.3913,400.9873,393.0662,400.7875
2026-04-15,399.8586,401.6366,391.9475,401.4068
2026-04-16,400.1482,407.0205,397.5412,405.4922
2026-04-17,412.9139,415.2612,409.1181,415.2412
2026-04-20,416.9592,418.3876,411.3256,417.0791
2026-04-21,419.9259,422.8726,416.2001,420.2256
2026-04-22,426.7782,431.6727,422.3432,431.2831
2026-04-23,434.8491,446.1363,433.5505,440.5027
2026-04-24,457.0740,463.3469,450.4615,461.0795
2026-04-27,461.2293,462.4779,448.4237,454.8964
2026-04-28,437.1365,445.6369,431.2531,438.2153
2026-04-29,444.7579,449.8621,441.9111,449.4825
2026-04-30,455.1861,461.6188,448.8333,460.9196
2026-05-01,457.9530,466.3835,454.5568,465.2248
2026-05-04,467.4023,469.0804,457.2937,461.5389
2026-05-05,470.6087,485.6317,469.6997,482.1856
2026-05-06,497.3984,506.3683,487.3098,506.2984
2026-05-07,502.3628,503.1120,487.5795,491.8047
2026-05-08,503.6714,519.8731,502.1831,519.7133
2026-05-11,523.4890,533.1381,521.0717,532.1592
2026-05-12,520.2626,524.5578,495.1510,515.4081
2026-05-13,527.0250,531.6498,515.3582,527.6942
2026-05-14,525.9063,532.5288,521.6211,529.4323
2026-05-15,511.0930,518.2049,505.6891,507.9465
2026-05-18,517.4358,519.3737,486.3709,495.3108
2026-05-19,483.8537,505.4693,477.4110,496.1798
2026-05-20,507.1575,519.9530,505.9788,519.7233
2026-05-21,517.5857,526.1860,514.4193,524.1183
2026-05-22,531.2803,541.2790,529.5722,536.7241
2026-05-26,556.3619,572.3039,554.7836,569.4471
2026-05-27,583.7210,583.8408,551.2676,563.3439
2026-05-28,563.6837,575.1507,554.2044,568.8278
2026-05-29,575.7900,581.5734,563.9633,568.4383
2026-06-01,563.0343,577.3381,556.7514,571.2850
2026-06-02,584.5101,604.7572,581.2737,604.3377
2026-06-03,615.5151,618.1421,597.3356,614.9857
2026-06-04,586.9773,610.5707,576.8887,602.0403
2026-06-05,577.2083,579.8454,538.9615,539.1613
2026-06-08,569.1274,580.7243,560.1575,570.8055
2026-06-09,584.7898,587.9163,521.6511,561.5061
2026-06-10,551.0379,571.8644,538.7718,540.8994
2026-06-11,554.7937,587.3369,554.1844,586.2681
2026-06-12,583.4513,602.0103,577.8776,595.5776
2026-06-15,622.2032,629.3085,618.0459,628.0394
2026-06-16,623.4324,629.2286,590.2441,590.8537
2026-06-17,611.1604,621.5836,598.5587,599.3381
2026-06-18,626.1107,644.0090,625.7409,639.0322
2026-06-22,653.5327,655.5214,643.5093,654.5820
2026-06-23,607.2430,619.5350,597.7992,602.9958
2026-06-24,605.7939,609.2916,586.2767,601.1070
2026-06-25,636.9136,638.0528,598.4387,624.7915
2026-06-26,601.0471,605.4942,588.1255,589.5546
2026-06-29,593.3221,614.9479,571.2265,613.9485
2026-06-30,615.7475,644.5186,615.7475,640.3414
2026-07-01,616.4170,622.4830,597.4893,599.3082
2026-07-02,600.8472,607.7127,554.5474,565.9500
2026-07-06,582.7690,597.6093,580.1007,581.1301
2026-07-07,551.5694,557.6954,535.7697,551.3295
2026-07-08,544.3041,564.1311,543.5146,561.6628
2026-07-09,589.1148,594.6012,578.7616,581.3199
2026-07-10,571.6163,585.4072,566.2997,580.9602
2026-07-13,563.2118,566.2798,549.9005,553.2483
2026-07-14,580.1307,580.2906,559.8739,567.5489
2026-07-15,574.7442,575.5037,538.1782,554.9072
2026-07-16,538.6978,545.1935,525.0867,530.1534
2026-07-17,508.2177,532.8416,498.2143,521.4691
2026-07-20,533.6511,539.1874,522.4984,523.7975
2026-07-21,548.7412,554.7972,539.7971,552.3289
2026-07-22,538.3980,560.8133,538.3680,555.1570
2026-07-23,545.1436,557.7254,543.4347,550.8798
2026-07-24,544.0043,547.6419,521.8688,526.6656
2026-07-27,532.2920,533.9609,499.6733,515.8927
2026-07-28,496.4154,498.1543,480.1861,491.1389
2026-07-29,488.3307,495.7359,463.7768,464.6962
2026-07-30,491.2488,509.6468,487.6912,504.2003
2026-07-31,526.7556,532.3219,500.9724,504.5601
2026-08-03,491.5986,510.6161,485.3926,507.3483
2026-08-04,528.9642,545.0337,526.2260,541.8558
2026-08-05,536.0496,547.2122,528.5345,530.3533
2026-08-06,522.3185,542.2055,516.0725,532.1721
2026-08-07,544.8438,547.5420,530.9229,542.9150
2026-08-10,545.4933,546.8624,529.0441,529.0441
2026-08-11,537.5585,538.6978,529.7536,533.8510
2026-08-12,553.0384,553.7479,546.1129,546.2528
2026-08-13,546.7825,561.8826,546.0430,550.3801
2026-08-14,549.2209,552.5288,542.5753,550.0604
2026-08-17,557.5555,565.6502,555.4769,558.7547
2026-08-18,537.0688,541.3460,522.6883,531.0428
2026-08-19,535.9096,537.6485,514.1538,519.3304
2026-08-20,518.0413,525.0867,514.9233,522.0087
2026-08-21,527.8049,528.6444,514.3237,519.7102
2026-08-24,511.6355,511.7754,498.6040,505.8493
2026-08-25,515.5729,519.7602,509.3270,513.7241
2026-08-26,511.7555,516.0526,508.9273,515.0633
2026-08-27,525.7163,527.4352,516.6622,525.0867
2026-08-28,520.8595,522.3085,506.4888,508.2877
2026-08-31,509.4869,513.9940,506.6987,510.7061
2026-09-01,501.1024,504.3902,494.7665,499.9831
2026-09-02,497.8545,503.6907,492.9877,501.1124
2026-09-03,496.3155,502.9912,488.8904,501.8719
2026-09-04,508.9772,520.2199,506.9186,519.5203
2026-09-08,530.1534,533.9309,525.1466,528.0547
2026-09-09,524.5071,535.1301,524.5071,531.6524
2026-09-10,517.9814,522.1586,513.9740,517.0919
2026-09-11,524.8968,530.6930,520.7895,526.7256
2026-09-14,496.8452,502.8512,494.8265,497.0750
2026-09-15,502.5500,504.7400,496.5800,498.8500
2026-09-16,506.7100,510.3700,496.8100,502.0600
